ISO-10303-21;
HEADER;
FILE_DESCRIPTION(('FreeCAD Model'),'2;1');
FILE_NAME('Open CASCADE Shape Model','2026-09-15T20:20:21',('FreeCAD'),(
    'FreeCAD'),'Open CASCADE STEP processor 7.8','FreeCAD','Unknown');
FILE_SCHEMA(('AUTOMOTIVE_DESIGN { 1 0 10303 214 1 1 1 1 }'));
ENDSEC;
DATA;
#1 = APPLICATION_PROTOCOL_DEFINITION('international standard',
  'automotive_design',2000,#2);
#2 = APPLICATION_CONTEXT(
  'core data for automotive mechanical design processes');
#3 = SHAPE_DEFINITION_REPRESENTATION(#4,#10);
#4 = PRODUCT_DEFINITION_SHAPE('','',#5);
#5 = PRODUCT_DEFINITION('design','',#6,#9);
#6 = PRODUCT_DEFINITION_FORMATION('','',#7);
#7 = PRODUCT('Open CASCADE STEP translator 7.8 2',
  'Open CASCADE STEP translator 7.8 2','',(#8));
#8 = PRODUCT_CONTEXT('',#2,'mechanical');
#9 = PRODUCT_DEFINITION_CONTEXT('part definition',#2,'design');
#10 = SHAPE_REPRESENTATION('',(#11,#15,#332,#649,#799,#949,#1165,#1381,
    #1531,#1817,#2072,#2327,#2582,#3027,#3282,#3432,#3582,#3732,#3882,
    #4168,#4454,#4703,#4853,#4861,#4869,#4877,#4885,#4893,#4901,#4909,
    #4917,#4925,#4933,#4941,#4949,#4957,#4965,#4973,#4981,#4989,#4997,
    #5005,#5013,#5021,#5029,#5037,#5045,#5053,#5061,#5069,#5077,#5085,
    #5093,#5101,#5109,#5117,#5125,#5133,#5141,#5149,#5157,#5165,#5173,
    #5181,#5189,#5197,#5205,#5213,#5221,#5229,#5237,#5245,#5253,#5261,
    #5269,#5277,#5285,#5293,#5301,#5309,#5317,#5325,#5333,#5341,#5349,
    #5357,#5365,#5373,#5381,#5389,#5397,#5405,#5413,#5421,#5429,#5437,
    #5445,#5453,#5461,#5469,#5477,#5485,#5493,#5501,#5509,#5517,#5525,
    #5533,#5541,#5549,#5557,#5565,#5573,#5581,#5589,#5597,#5605,#5613,
    #5621,#5629,#5637,#5645,#5653,#5661,#5669,#5677,#5685,#5693,#5701,
    #5709,#5717,#5725,#5733,#5741,#5749,#5757,#5765,#5773,#5781,#5789,
    #5797,#5805,#5813,#5821,#5829,#5837,#5845,#5853,#5861,#5869,#5877,
    #5885,#5893,#5901,#5909,#5917,#5925,#5933,#5941,#5949,#5957,#5965,
    #5973,#5981,#5989,#5997,#6005,#6013,#6021,#6029,#6037,#6045,#6053,
    #6061,#6069,#6077,#6085,#6093,#6101,#6109,#6117,#6125,#6133,#6141,
    #6149,#6157,#6165,#6173,#6181,#6189,#6197,#6205,#6213,#6221,#6229,
    #6237,#6245,#6253,#6261,#6269,#6277,#6285,#6293,#6301,#6309,#6317,
    #6325,#6333,#6341,#6349,#6357,#6365,#6373,#6381,#6389,#6397,#6405,
    #6413,#6421,#6429,#6437,#6445,#6453,#6461,#6469,#6477,#6485,#6493,
    #6501,#6509,#6517,#6525,#6533,#6541,#6549,#6557,#6565,#6573,#6581,
    #6589,#6597,#6605,#6613,#6621,#6629,#6637,#6645,#6653,#6661,#6669,
    #6677,#6685,#6693,#6701,#6709,#6717,#6725,#6733,#6741,#6749,#6757,
    #6765,#6773,#6781,#6789,#6797,#6805,#6813,#6821,#6829,#6837,#6845,
    #6853,#6861,#6869,#6877,#6885,#6893,#6901,#6909,#6917,#6925,#6933,
    #6941,#6949,#6957,#6965,#6973,#6981,#6989,#6997,#7005,#7013,#7021,
    #7029,#7037,#7045,#7053,#7061,#7069,#7077,#7085,#7093,#7101,#7109,
    #7117,#7125,#7133,#7141,#7149,#7157,#7165,#7173,#7181,#7189,#7197,
    #7205,#7213,#7221,#7229,#7237,#7245,#7253,#7261,#7269,#7277,#7285,
    #7293,#7301,#7309,#7317,#7325,#7333,#7341,#7349,#7357,#7365,#7373,
    #7381,#7389,#7397,#7405,#7413,#7421,#7429,#7437,#7445,#7453,#7461,
    #7469,#7477,#7485,#7493,#7501,#7509,#7517,#7525,#7533,#7541,#7549,
    #7557,#7565,#7573,#7581,#7589,#7597,#7605,#7613,#7621,#7629,#7637,
    #7645,#7653,#7661,#7669,#7677,#7685,#7693,#7701,#7709,#7717,#7725,
    #7733,#7741,#7749,#7757,#7765,#7773,#7781,#7789,#7797,#7805,#7813,
    #7821,#7829,#7837,#7845,#7853,#7861,#7869,#7877,#7885,#7893,#7901,
    #7909,#7917,#7925,#7933,#7941,#7949,#7957,#7965,#7973,#7981,#7989,
    #7997,#8005,#8013,#8021,#8029,#8037,#8045,#8053,#8061,#8069,#8077,
    #8085,#8093,#8101,#8109,#8117,#8125,#8133,#8141,#8149,#8157,#8165,
    #8173,#8181,#8189,#8197,#8205,#8213,#8221,#8229,#8237,#8245,#8253,
    #8261,#8269,#8277,#8285,#8293,#8301,#8309,#8317,#8325,#8333,#8341,
    #8349,#8357,#8365,#8373,#8381,#8389,#8397,#8405,#8413,#8421,#8429,
    #8437,#8445,#8453,#8461,#8469,#8477,#8485,#8493,#8501,#8509,#8517,
    #8525,#8533,#8541,#8549,#8557,#8565,#8573,#8581,#8589,#8597,#8605,
    #8613,#8621,#8629,#8637,#8645,#8653,#8661,#8669,#8677,#8685,#8693,
    #8701,#8709,#8717,#8725,#8733,#8741,#8749,#8757,#8765,#8773,#8781,
    #8789,#8797,#8805,#8813,#8821,#8829,#8837,#8845,#8853,#8861,#8869,
    #8877,#8885,#8893,#8901,#8909,#8917,#8925,#8933,#8941,#8949,#8957,
    #8965,#8973,#8981,#8989,#8997,#9005,#9013,#9021,#9029,#9037,#9045,
    #9053,#9061,#9069,#9077,#9085,#9093,#9101,#9109,#9117,#9125,#9133,
    #9141,#9149,#9157,#9165,#9173,#9181,#9189,#9197,#9205,#9213,#9221,
    #9229,#9237,#9245,#9253,#9261,#9269,#9277,#9285,#9293,#9301,#9309,
    #9317,#9325,#9333,#9341,#9349,#9357,#9365,#9373,#9381,#9389,#9397,
    #9405,#9413,#9421,#9429,#9437,#9445,#9453,#9461,#9469,#9477,#9485,
    #9493,#9501,#9509,#9517,#9525,#9533,#9541,#9549,#9557,#9565,#9573,
    #9581,#9589,#9597,#9605,#9613,#9621,#9629,#9637,#9645,#9653,#9661,
    #9669,#9677,#9685,#9693,#9701,#9709,#9717,#9725,#9733,#9741,#9749,
    #9757,#9765,#9773,#9781,#9789,#9797,#9805,#9813,#9821,#9829,#9837,
    #9845,#9853,#9861,#9869,#9877,#9885,#9893,#9901,#9909,#9917,#9925,
    #9933,#9941,#9949,#9957,#9965,#9973,#9981,#9989,#9997,#10005,#10013,
    #10021,#10029,#10037,#10045,#10053,#10061,#10069,#10077,#10085,
    #10093,#10101,#10109,#10117,#10125,#10133,#10141,#10149,#10157,
    #10165,#10173,#10181,#10189,#10197,#10205,#10213,#10221,#10229,
    #10237,#10245,#10253,#10261,#10269,#10277,#10285,#10293,#10301,
    #10309,#10317,#10325,#10333,#10341,#10349,#10357,#10365,#10373,
    #10381,#10389,#10397,#10405,#10413,#10421,#10429,#10437,#10445,
    #10453,#10461,#10469,#10477,#10485,#10493,#10501,#10509,#10517,
    #10525,#10533,#10541,#10549,#10557,#10565,#10573,#10581,#10589,
    #10597,#10605,#10613,#10621,#10629,#10637,#10645,#10653,#10661,
    #10669,#10677,#10685,#10693,#10701,#10709,#10717,#10725,#10733,
    #10741,#10749,#10757,#10765,#10773,#10781,#10789,#10797,#10805,
    #10813,#10821,#10829,#10837,#10845,#10853,#10861,#10869,#10877,
    #10885,#10893,#10901,#10909,#10917,#10925,#10933,#10941,#10949,
    #10957,#10965,#10973,#10981,#10989,#10997,#11005,#11013,#11021,
    #11029,#11037,#11045,#11053,#11061,#11069,#11077,#11085,#11093,
    #11101,#11109,#11117,#11125,#11133,#11141,#11149,#11157,#11165,
    #11173,#11181,#11189,#11197,#11205,#11213,#11221,#11229,#11237,
    #11245,#11253,#11261,#11269,#11277,#11285,#11293,#11301,#11309,
    #11317,#11325,#11333,#11341,#11349,#11357,#11365,#11373,#11381,
    #11389,#11397,#11405,#11413,#11421,#11429,#11437,#11445,#11453,
    #11461,#11469,#11477,#11485,#11493,#11501,#11509,#11517,#11525,
    #11533,#11541,#11549,#11557,#11565,#11573,#11581,#11589,#11597,
    #11605,#11613,#11621,#11629,#11637,#11645,#11653,#11661,#11669,
    #11677,#11685,#11693,#11701,#11709,#11717,#11725,#11733,#11741,
    #11749,#11757,#11765,#11773,#11781,#11789,#11797,#11805,#11813,
    #11821,#11829,#11837,#11845,#11853,#11861,#11869,#11877,#11885,
    #11893,#11901,#11909,#11917,#11925,#11933,#11941,#11949,#11957,
    #11965,#11973,#11981,#11989,#11997,#12005,#12013,#12021,#12029,
    #12037,#12045,#12053,#12061,#12069,#12077,#12085,#12093,#12101,
    #12109,#12117,#12125,#12133,#12141,#12149,#12157,#12165,#12173,
    #12181,#12189,#12197,#12205,#12213,#12221,#12229,#12237,#12245,
    #12253,#12261,#12269,#12277,#12285,#12293,#12301,#12309,#12317,
    #12325,#12333,#12341,#12349,#12357,#12365,#12373,#12381,#12389,
    #12397,#12405,#12413,#12421,#12429,#12437,#12445,#12453,#12461,
    #12469,#12477,#12485,#12493,#12501,#12509,#12517,#12525,#12533,
    #12541,#12549,#12557,#12566,#12574,#12583,#12591,#12599,#12608,
    #12617,#12626,#12635,#12643,#12651,#12659,#12668,#12676,#12685,
    #12693,#12701,#12709,#12717,#12725,#12733,#12741,#12750,#12758,
    #12767,#12775,#12783,#12791,#12800,#12809,#12817,#12825,#12833,
    #12842,#12850,#12859,#12867,#12875,#12883,#12891,#12899,#12908,
    #12917,#12926,#12935,#12943,#12951,#12959,#12967,#12976,#12984,
    #12993,#13001,#13009,#13018,#13027,#13036,#13045,#13053,#13061,
    #13069,#13078,#13086,#13095,#13103,#13111,#13119,#13127,#13135,
    #13143,#13151,#13160,#13168,#13177,#13185,#13193,#13201,#13210,
    #13219,#13227,#13235,#13243,#13252,#13260,#13269,#13277,#13285,
    #13293,#13302,#13311,#13320,#13329,#13337,#13345,#13353,#13361,
    #13369,#13377,#13385,#13393,#13401,#13409,#13417,#13425,#13433,
    #13441,#13450,#13459,#13468,#13477,#13485,#13493,#13502,#13511,
    #13519,#13527,#13536,#13545,#13553,#13562,#13571,#13580,#13589,
    #13597,#13605,#13613,#13622,#13631,#13639,#13647,#13656,#13665,
    #13674,#13683,#13691,#13699,#13708,#13717,#13725,#13734,#13743,
    #13752,#13761,#13769,#13777,#13785,#13793,#13801,#13809,#13817,
    #13825,#13833,#13841,#13849,#13857,#13865,#13873,#13881,#13889,
    #13897,#13905,#13913,#13922,#13931,#13939,#13948,#13956,#13965,
    #13974,#13983,#13991,#13999,#14007,#14015,#14023,#14031,#14039,
    #14048,#14056,#14065,#14073,#14081,#14089,#14097,#14105,#14113,
    #14121,#14129,#14137,#14145,#14153,#14161,#14170,#14179,#14187,
    #14196,#14204,#14213,#14222,#14231,#14239,#14247,#14255,#14263,
    #14271,#14279,#14287,#14296,#14304,#14313,#14321,#14329,#14337,
    #14345,#14353,#14361,#14369,#14377,#14385,#14393,#14401,#14410,
    #14418,#14426,#14434,#14443,#14451,#14459,#14467,#14476,#14484,
    #14492,#14500,#14509,#14517,#14525,#14533,#14542,#14550,#14558,
    #14566,#14575,#14583,#14591,#14599,#14607,#14615,#14624,#14632,
    #14640,#14648,#14657,#14665,#14673,#14681,#14690,#14698,#14706,
    #14714,#14723,#14731,#14739,#14747,#14756,#14764,#14772,#14780,
    #14789,#14797,#14805,#14814,#14823,#14832,#14841,#14850,#14859,
    #14868,#14876,#14884,#14892,#14900,#14909,#14917,#14925,#14933,
    #14941,#14949,#14957,#14965,#14974,#14982,#14990,#14998,#15006,
    #15014,#15022,#15030,#15039,#15047,#15055,#15063,#15071,#15079,
    #15087,#15095,#15104,#15112,#15120,#15128,#15136,#15144,#15152,
    #15160,#15169,#15177,#15185,#15193,#15201,#15209,#15217,#15225,
    #15234,#15242,#15250,#15258,#15266,#15274,#15282,#15290,#15298,
    #15306,#15314,#15322,#15331,#15339,#15347,#15355,#15363,#15371,
    #15379,#15387,#15396,#15404,#15412,#15420,#15428,#15436,#15444,
    #15452,#15461,#15469,#15477,#15485,#15493,#15501,#15509,#15517,
    #15526,#15534,#15542,#15550,#15558,#15566,#15574,#15582,#15591,
    #15599,#15607,#15615,#15623,#15631,#15639,#15648,#15656,#15665,
    #15673,#15682,#15690,#15699,#15707,#15716,#15724,#15733,#15741,
    #15750,#15758,#15767,#15775,#15783,#15791,#15799,#15808,#15817,
    #15826,#15834,#15843,#15852,#15861,#15870,#15879,#15887,#15895,
    #15904,#15913,#15922,#15931,#15940,#15949,#15958,#15967,#15975,
    #15984,#15992,#16001,#16010,#16019,#16027,#16036,#16044,#16053,
    #16062,#16071,#16080,#16088,#16097,#16105,#16113,#16121,#16129,
    #16138,#16147,#16155,#16163,#16171,#16179,#16187,#16195,#16204,
    #16212,#16220,#16228,#16237,#16245,#16253,#16261,#16270,#16278,
    #16286,#16294,#16303,#16311,#16319,#16327,#16336,#16344,#16352,
    #16360,#16369,#16377,#16385,#16393,#16401,#16409,#16418,#16426,
    #16434,#16442,#16451,#16459,#16467,#16475,#16484,#16492,#16500,
    #16508,#16517,#16525,#16533,#16541,#16550,#16558,#16566,#16574,
    #16583,#16591,#16599,#16608,#16617,#16626,#16635,#16644,#16653,
    #16662,#16670,#16678,#16686,#16694,#16703,#16711,#16719,#16727,
    #16735,#16743,#16751,#16759,#16768,#16776,#16784,#16792,#16800,
    #16808,#16816,#16824,#16833,#16841,#16849,#16857,#16865,#16873,
    #16881,#16889,#16898,#16906,#16914,#16922,#16930,#16938,#16946,
    #16954,#16963,#16971,#16979,#16987,#16995,#17003,#17011,#17019,
    #17028,#17036,#17044,#17052,#17060,#17068,#17076,#17084,#17092,
    #17100,#17108,#17116,#17125,#17133,#17141,#17149,#17157,#17165,
    #17173,#17181,#17190,#17198,#17206,#17214,#17222,#17230,#17238,
    #17246,#17255,#17263,#17271,#17279,#17287,#17295,#17303,#17311,
    #17320,#17328,#17336,#17344,#17352,#17360,#17368,#17376,#17385,
    #17393,#17401,#17409,#17417,#17425,#17433,#17442,#17450,#17459,
    #17467,#17476,#17484,#17493,#17501,#17510,#17518,#17527,#17535,
    #17544,#17552,#17561,#17569,#17577,#17585,#17593,#17602,#17611,
    #17620,#17628,#17637,#17646,#17655,#17664,#17673,#17681,#17689,
    #17698,#17707,#17716,#17725,#17734,#17743,#17752,#17761,#17769,
    #17778,#17786,#17795,#17804,#17813,#17821,#17830,#17838,#17847,
    #17856,#17865,#17874,#17882,#17891,#17899,#17907,#17915,#17923,
    #17932,#17941,#17950,#17958,#17967,#17976,#17984,#17993,#18002,
    #18010,#18019,#18028,#18036,#18045,#18054,#18062,#18071,#18080,
    #18088,#18097,#18106,#18114,#18123,#18132,#18140,#18149,#18157,
    #18166,#18175,#18183,#18192,#18200,#18209,#18218,#18226,#18235,
    #18243,#18252,#18261,#18269,#18278,#18286,#18295,#18304,#18313,
    #18321,#18330,#18338,#18347,#18356,#18365,#18373,#18382,#18390,
    #18399,#18408,#18417,#18425,#18434,#18442,#18451,#18460,#18469,
    #18477,#18486,#18494,#18503,#18512,#18521,#18529,#18538,#18546,
    #18555,#18564,#18573,#18581,#18590,#18598,#18607,#18616,#18625,
    #18633,#18642,#18650,#18659,#18668,#18677,#18685,#18694,#18702,
    #18711,#18720,#18729,#18737,#18746,#18754,#18763,#18772,#18781),
  #18789);
#11 = AXIS2_PLACEMENT_3D('',#12,#13,#14);
#12 = CARTESIAN_POINT('',(0.,0.,0.));
#13 = DIRECTION('',(0.,0.,1.));
#14 = DIRECTION('',(1.,0.,-0.));
#15 = MANIFOLD_SOLID_BREP('',#16);
#16 = CLOSED_SHELL('',(#17,#90,#121,#145,#169,#186,#211,#236,#261,#298,
    #315));
#17 = ADVANCED_FACE('',(#18,#52,#63,#74),#85,.F.);
#18 = FACE_BOUND('',#19,.F.);
#19 = EDGE_LOOP('',(#20,#30,#38,#46));
#20 = ORIENTED_EDGE('',*,*,#21,.F.);
#21 = EDGE_CURVE('',#22,#24,#26,.T.);
#22 = VERTEX_POINT('',#23);
#23 = CARTESIAN_POINT('',(26.,26.7,65.));
#24 = VERTEX_POINT('',#25);
#25 = CARTESIAN_POINT('',(26.,26.7,86.));
#26 = LINE('',#27,#28);
#27 = CARTESIAN_POINT('',(26.,26.7,65.));
#28 = VECTOR('',#29,1.);
#29 = DIRECTION('',(0.,0.,1.));
#30 = ORIENTED_EDGE('',*,*,#31,.T.);
#31 = EDGE_CURVE('',#22,#32,#34,.T.);
#32 = VERTEX_POINT('',#33);
#33 = CARTESIAN_POINT('',(26.,248.3,65.));
#34 = LINE('',#35,#36);
#35 = CARTESIAN_POINT('',(26.,26.7,65.));
#36 = VECTOR('',#37,1.);
#37 = DIRECTION('',(0.,1.,0.));
#38 = ORIENTED_EDGE('',*,*,#39,.T.);
#39 = EDGE_CURVE('',#32,#40,#42,.T.);
#40 = VERTEX_POINT('',#41);
#41 = CARTESIAN_POINT('',(26.,248.3,86.));
#42 = LINE('',#43,#44);
#43 = CARTESIAN_POINT('',(26.,248.3,65.));
#44 = VECTOR('',#45,1.);
#45 = DIRECTION('',(0.,0.,1.));
#46 = ORIENTED_EDGE('',*,*,#47,.F.);
#47 = EDGE_CURVE('',#24,#40,#48,.T.);
#48 = LINE('',#49,#50);
#49 = CARTESIAN_POINT('',(26.,26.7,86.));
#50 = VECTOR('',#51,1.);
#51 = DIRECTION('',(0.,1.,0.));
#52 = FACE_BOUND('',#53,.F.);
#53 = EDGE_LOOP('',(#54));
#54 = ORIENTED_EDGE('',*,*,#55,.F.);
#55 = EDGE_CURVE('',#56,#56,#58,.T.);
#56 = VERTEX_POINT('',#57);
#57 = CARTESIAN_POINT('',(26.,76.,72.05));
#58 = CIRCLE('',#59,2.05);
#59 = AXIS2_PLACEMENT_3D('',#60,#61,#62);
#60 = CARTESIAN_POINT('',(26.,76.,70.));
#61 = DIRECTION('',(1.,0.,-0.));
#62 = DIRECTION('',(0.,0.,1.));
#63 = FACE_BOUND('',#64,.F.);
#64 = EDGE_LOOP('',(#65));
#65 = ORIENTED_EDGE('',*,*,#66,.F.);
#66 = EDGE_CURVE('',#67,#67,#69,.T.);
#67 = VERTEX_POINT('',#68);
#68 = CARTESIAN_POINT('',(26.,70.,77.65));
#69 = CIRCLE('',#70,1.65);
#70 = AXIS2_PLACEMENT_3D('',#71,#72,#73);
#71 = CARTESIAN_POINT('',(26.,70.,76.));
#72 = DIRECTION('',(1.,0.,-0.));
#73 = DIRECTION('',(0.,0.,1.));
#74 = FACE_BOUND('',#75,.F.);
#75 = EDGE_LOOP('',(#76));
#76 = ORIENTED_EDGE('',*,*,#77,.F.);
#77 = EDGE_CURVE('',#78,#78,#80,.T.);
#78 = VERTEX_POINT('',#79);
#79 = CARTESIAN_POINT('',(26.,46.,77.65));
#80 = CIRCLE('',#81,1.65);
#81 = AXIS2_PLACEMENT_3D('',#82,#83,#84);
#82 = CARTESIAN_POINT('',(26.,46.,76.));
#83 = DIRECTION('',(1.,0.,-0.));
#84 = DIRECTION('',(0.,0.,1.));
#85 = PLANE('',#86);
#86 = AXIS2_PLACEMENT_3D('',#87,#88,#89);
#87 = CARTESIAN_POINT('',(26.,26.7,65.));
#88 = DIRECTION('',(1.,0.,0.));
#89 = DIRECTION('',(0.,0.,1.));
#90 = ADVANCED_FACE('',(#91),#116,.F.);
#91 = FACE_BOUND('',#92,.F.);
#92 = EDGE_LOOP('',(#93,#101,#102,#110));
#93 = ORIENTED_EDGE('',*,*,#94,.F.);
#94 = EDGE_CURVE('',#22,#95,#97,.T.);
#95 = VERTEX_POINT('',#96);
#96 = CARTESIAN_POINT('',(28.,26.7,65.));
#97 = LINE('',#98,#99);
#98 = CARTESIAN_POINT('',(26.,26.7,65.));
#99 = VECTOR('',#100,1.);
#100 = DIRECTION('',(1.,0.,0.));
#101 = ORIENTED_EDGE('',*,*,#21,.T.);
#102 = ORIENTED_EDGE('',*,*,#103,.T.);
#103 = EDGE_CURVE('',#24,#104,#106,.T.);
#104 = VERTEX_POINT('',#105);
#105 = CARTESIAN_POINT('',(28.,26.7,86.));
#106 = LINE('',#107,#108);
#107 = CARTESIAN_POINT('',(26.,26.7,86.));
#108 = VECTOR('',#109,1.);
#109 = DIRECTION('',(1.,0.,0.));
#110 = ORIENTED_EDGE('',*,*,#111,.F.);
#111 = EDGE_CURVE('',#95,#104,#112,.T.);
#112 = LINE('',#113,#114);
#113 = CARTESIAN_POINT('',(28.,26.7,65.));
#114 = VECTOR('',#115,1.);
#115 = DIRECTION('',(0.,0.,1.));
#116 = PLANE('',#117);
#117 = AXIS2_PLACEMENT_3D('',#118,#119,#120);
#118 = CARTESIAN_POINT('',(26.,26.7,65.));
#119 = DIRECTION('',(0.,1.,0.));
#120 = DIRECTION('',(0.,0.,1.));
#121 = ADVANCED_FACE('',(#122),#140,.T.);
#122 = FACE_BOUND('',#123,.T.);
#123 = EDGE_LOOP('',(#124,#125,#126,#134));
#124 = ORIENTED_EDGE('',*,*,#47,.F.);
#125 = ORIENTED_EDGE('',*,*,#103,.T.);
#126 = ORIENTED_EDGE('',*,*,#127,.T.);
#127 = EDGE_CURVE('',#104,#128,#130,.T.);
#128 = VERTEX_POINT('',#129);
#129 = CARTESIAN_POINT('',(28.,248.3,86.));
#130 = LINE('',#131,#132);
#131 = CARTESIAN_POINT('',(28.,26.7,86.));
#132 = VECTOR('',#133,1.);
#133 = DIRECTION('',(0.,1.,0.));
#134 = ORIENTED_EDGE('',*,*,#135,.F.);
#135 = EDGE_CURVE('',#40,#128,#136,.T.);
#136 = LINE('',#137,#138);
#137 = CARTESIAN_POINT('',(26.,248.3,86.));
#138 = VECTOR('',#139,1.);
#139 = DIRECTION('',(1.,0.,0.));
#140 = PLANE('',#141);
#141 = AXIS2_PLACEMENT_3D('',#142,#143,#144);
#142 = CARTESIAN_POINT('',(26.,26.7,86.));
#143 = DIRECTION('',(0.,0.,1.));
#144 = DIRECTION('',(1.,0.,0.));
#145 = ADVANCED_FACE('',(#146),#164,.F.);
#146 = FACE_BOUND('',#147,.F.);
#147 = EDGE_LOOP('',(#148,#149,#150,#158));
#148 = ORIENTED_EDGE('',*,*,#31,.F.);
#149 = ORIENTED_EDGE('',*,*,#94,.T.);
#150 = ORIENTED_EDGE('',*,*,#151,.T.);
#151 = EDGE_CURVE('',#95,#152,#154,.T.);
#152 = VERTEX_POINT('',#153);
#153 = CARTESIAN_POINT('',(28.,248.3,65.));
#154 = LINE('',#155,#156);
#155 = CARTESIAN_POINT('',(28.,26.7,65.));
#156 = VECTOR('',#157,1.);
#157 = DIRECTION('',(0.,1.,0.));
#158 = ORIENTED_EDGE('',*,*,#159,.F.);
#159 = EDGE_CURVE('',#32,#152,#160,.T.);
#160 = LINE('',#161,#162);
#161 = CARTESIAN_POINT('',(26.,248.3,65.));
#162 = VECTOR('',#163,1.);
#163 = DIRECTION('',(1.,0.,0.));
#164 = PLANE('',#165);
#165 = AXIS2_PLACEMENT_3D('',#166,#167,#168);
#166 = CARTESIAN_POINT('',(26.,26.7,65.));
#167 = DIRECTION('',(0.,0.,1.));
#168 = DIRECTION('',(1.,0.,0.));
#169 = ADVANCED_FACE('',(#170),#181,.T.);
#170 = FACE_BOUND('',#171,.T.);
#171 = EDGE_LOOP('',(#172,#173,#174,#175));
#172 = ORIENTED_EDGE('',*,*,#159,.F.);
#173 = ORIENTED_EDGE('',*,*,#39,.T.);
#174 = ORIENTED_EDGE('',*,*,#135,.T.);
#175 = ORIENTED_EDGE('',*,*,#176,.F.);
#176 = EDGE_CURVE('',#152,#128,#177,.T.);
#177 = LINE('',#178,#179);
#178 = CARTESIAN_POINT('',(28.,248.3,65.));
#179 = VECTOR('',#180,1.);
#180 = DIRECTION('',(0.,0.,1.));
#181 = PLANE('',#182);
#182 = AXIS2_PLACEMENT_3D('',#183,#184,#185);
#183 = CARTESIAN_POINT('',(26.,248.3,65.));
#184 = DIRECTION('',(0.,1.,0.));
#185 = DIRECTION('',(0.,0.,1.));
#186 = ADVANCED_FACE('',(#187),#206,.F.);
#187 = FACE_BOUND('',#188,.F.);
#188 = EDGE_LOOP('',(#189,#198,#204,#205));
#189 = ORIENTED_EDGE('',*,*,#190,.F.);
#190 = EDGE_CURVE('',#191,#191,#193,.T.);
#191 = VERTEX_POINT('',#192);
#192 = CARTESIAN_POINT('',(28.,76.,72.05));
#193 = CIRCLE('',#194,2.05);
#194 = AXIS2_PLACEMENT_3D('',#195,#196,#197);
#195 = CARTESIAN_POINT('',(28.,76.,70.));
#196 = DIRECTION('',(1.,0.,-0.));
#197 = DIRECTION('',(0.,0.,1.));
#198 = ORIENTED_EDGE('',*,*,#199,.F.);
#199 = EDGE_CURVE('',#56,#191,#200,.T.);
#200 = LINE('',#201,#202);
#201 = CARTESIAN_POINT('',(23.,76.,72.05));
#202 = VECTOR('',#203,1.);
#203 = DIRECTION('',(1.,0.,0.));
#204 = ORIENTED_EDGE('',*,*,#55,.T.);
#205 = ORIENTED_EDGE('',*,*,#199,.T.);
#206 = CYLINDRICAL_SURFACE('',#207,2.05);
#207 = AXIS2_PLACEMENT_3D('',#208,#209,#210);
#208 = CARTESIAN_POINT('',(23.,76.,70.));
#209 = DIRECTION('',(1.,0.,0.));
#210 = DIRECTION('',(0.,0.,1.));
#211 = ADVANCED_FACE('',(#212),#231,.F.);
#212 = FACE_BOUND('',#213,.F.);
#213 = EDGE_LOOP('',(#214,#222,#229,#230));
#214 = ORIENTED_EDGE('',*,*,#215,.T.);
#215 = EDGE_CURVE('',#67,#216,#218,.T.);
#216 = VERTEX_POINT('',#217);
#217 = CARTESIAN_POINT('',(26.55,70.,77.65));
#218 = LINE('',#219,#220);
#219 = CARTESIAN_POINT('',(23.,70.,77.65));
#220 = VECTOR('',#221,1.);
#221 = DIRECTION('',(1.,0.,0.));
#222 = ORIENTED_EDGE('',*,*,#223,.F.);
#223 = EDGE_CURVE('',#216,#216,#224,.T.);
#224 = CIRCLE('',#225,1.65);
#225 = AXIS2_PLACEMENT_3D('',#226,#227,#228);
#226 = CARTESIAN_POINT('',(26.55,70.,76.));
#227 = DIRECTION('',(1.,0.,-0.));
#228 = DIRECTION('',(0.,0.,1.));
#229 = ORIENTED_EDGE('',*,*,#215,.F.);
#230 = ORIENTED_EDGE('',*,*,#66,.T.);
#231 = CYLINDRICAL_SURFACE('',#232,1.65);
#232 = AXIS2_PLACEMENT_3D('',#233,#234,#235);
#233 = CARTESIAN_POINT('',(23.,70.,76.));
#234 = DIRECTION('',(1.,0.,0.));
#235 = DIRECTION('',(0.,0.,1.));
#236 = ADVANCED_FACE('',(#237),#256,.F.);
#237 = FACE_BOUND('',#238,.F.);
#238 = EDGE_LOOP('',(#239,#247,#254,#255));
#239 = ORIENTED_EDGE('',*,*,#240,.T.);
#240 = EDGE_CURVE('',#78,#241,#243,.T.);
#241 = VERTEX_POINT('',#242);
#242 = CARTESIAN_POINT('',(26.55,46.,77.65));
#243 = LINE('',#244,#245);
#244 = CARTESIAN_POINT('',(23.,46.,77.65));
#245 = VECTOR('',#246,1.);
#246 = DIRECTION('',(1.,0.,0.));
#247 = ORIENTED_EDGE('',*,*,#248,.F.);
#248 = EDGE_CURVE('',#241,#241,#249,.T.);
#249 = CIRCLE('',#250,1.65);
#250 = AXIS2_PLACEMENT_3D('',#251,#252,#253);
#251 = CARTESIAN_POINT('',(26.55,46.,76.));
#252 = DIRECTION('',(1.,0.,-0.));
#253 = DIRECTION('',(0.,0.,1.));
#254 = ORIENTED_EDGE('',*,*,#240,.F.);
#255 = ORIENTED_EDGE('',*,*,#77,.T.);
#256 = CYLINDRICAL_SURFACE('',#257,1.65);
#257 = AXIS2_PLACEMENT_3D('',#258,#259,#260);
#258 = CARTESIAN_POINT('',(23.,46.,76.));
#259 = DIRECTION('',(1.,0.,0.));
#260 = DIRECTION('',(0.,0.,1.));
#261 = ADVANCED_FACE('',(#262,#268,#271,#282),#293,.T.);
#262 = FACE_BOUND('',#263,.T.);
#263 = EDGE_LOOP('',(#264,#265,#266,#267));
#264 = ORIENTED_EDGE('',*,*,#111,.F.);
#265 = ORIENTED_EDGE('',*,*,#151,.T.);
#266 = ORIENTED_EDGE('',*,*,#176,.T.);
#267 = ORIENTED_EDGE('',*,*,#127,.F.);
#268 = FACE_BOUND('',#269,.T.);
#269 = EDGE_LOOP('',(#270));
#270 = ORIENTED_EDGE('',*,*,#190,.F.);
#271 = FACE_BOUND('',#272,.T.);
#272 = EDGE_LOOP('',(#273));
#273 = ORIENTED_EDGE('',*,*,#274,.F.);
#274 = EDGE_CURVE('',#275,#275,#277,.T.);
#275 = VERTEX_POINT('',#276);
#276 = CARTESIAN_POINT('',(28.,70.,79.1));
#277 = CIRCLE('',#278,3.1);
#278 = AXIS2_PLACEMENT_3D('',#279,#280,#281);
#279 = CARTESIAN_POINT('',(28.,70.,76.));
#280 = DIRECTION('',(1.,0.,-0.));
#281 = DIRECTION('',(0.,0.,1.));
#282 = FACE_BOUND('',#283,.T.);
#283 = EDGE_LOOP('',(#284));
#284 = ORIENTED_EDGE('',*,*,#285,.F.);
#285 = EDGE_CURVE('',#286,#286,#288,.T.);
#286 = VERTEX_POINT('',#287);
#287 = CARTESIAN_POINT('',(28.,46.,79.1));
#288 = CIRCLE('',#289,3.1);
#289 = AXIS2_PLACEMENT_3D('',#290,#291,#292);
#290 = CARTESIAN_POINT('',(28.,46.,76.));
#291 = DIRECTION('',(1.,0.,-0.));
#292 = DIRECTION('',(0.,0.,1.));
#293 = PLANE('',#294);
#294 = AXIS2_PLACEMENT_3D('',#295,#296,#297);
#295 = CARTESIAN_POINT('',(28.,26.7,65.));
#296 = DIRECTION('',(1.,0.,0.));
#297 = DIRECTION('',(0.,0.,1.));
#298 = ADVANCED_FACE('',(#299),#310,.F.);
#299 = FACE_BOUND('',#300,.F.);
#300 = EDGE_LOOP('',(#301,#307,#308,#309));
#301 = ORIENTED_EDGE('',*,*,#302,.T.);
#302 = EDGE_CURVE('',#216,#275,#303,.T.);
#303 = LINE('',#304,#305);
#304 = CARTESIAN_POINT('',(26.4,70.,77.5));
#305 = VECTOR('',#306,1.);
#306 = DIRECTION('',(0.707106781187,1.731912112471E-16,0.707106781187));
#307 = ORIENTED_EDGE('',*,*,#274,.F.);
#308 = ORIENTED_EDGE('',*,*,#302,.F.);
#309 = ORIENTED_EDGE('',*,*,#223,.T.);
#310 = CONICAL_SURFACE('',#311,1.5,0.785398163397);
#311 = AXIS2_PLACEMENT_3D('',#312,#313,#314);
#312 = CARTESIAN_POINT('',(26.4,70.,76.));
#313 = DIRECTION('',(1.,0.,0.));
#314 = DIRECTION('',(0.,0.,1.));
#315 = ADVANCED_FACE('',(#316),#327,.F.);
#316 = FACE_BOUND('',#317,.F.);
#317 = EDGE_LOOP('',(#318,#324,#325,#326));
#318 = ORIENTED_EDGE('',*,*,#319,.T.);
#319 = EDGE_CURVE('',#241,#286,#320,.T.);
#320 = LINE('',#321,#322);
#321 = CARTESIAN_POINT('',(26.4,46.,77.5));
#322 = VECTOR('',#323,1.);
#323 = DIRECTION('',(0.707106781187,1.731912112471E-16,0.707106781187));
#324 = ORIENTED_EDGE('',*,*,#285,.F.);
#325 = ORIENTED_EDGE('',*,*,#319,.F.);
#326 = ORIENTED_EDGE('',*,*,#248,.T.);
#327 = CONICAL_SURFACE('',#328,1.5,0.785398163397);
#328 = AXIS2_PLACEMENT_3D('',#329,#330,#331);
#329 = CARTESIAN_POINT('',(26.4,46.,76.));
#330 = DIRECTION('',(1.,0.,0.));
#331 = DIRECTION('',(0.,0.,1.));
#332 = MANIFOLD_SOLID_BREP('',#333);
#333 = CLOSED_SHELL('',(#334,#407,#438,#462,#486,#503,#528,#553,#578,
    #615,#632));
#334 = ADVANCED_FACE('',(#335,#369,#380,#391),#402,.F.);
#335 = FACE_BOUND('',#336,.F.);
#336 = EDGE_LOOP('',(#337,#347,#355,#363));
#337 = ORIENTED_EDGE('',*,*,#338,.F.);
#338 = EDGE_CURVE('',#339,#341,#343,.T.);
#339 = VERTEX_POINT('',#340);
#340 = CARTESIAN_POINT('',(247.,26.7,65.));
#341 = VERTEX_POINT('',#342);
#342 = CARTESIAN_POINT('',(247.,26.7,86.));
#343 = LINE('',#344,#345);
#344 = CARTESIAN_POINT('',(247.,26.7,65.));
#345 = VECTOR('',#346,1.);
#346 = DIRECTION('',(0.,0.,1.));
#347 = ORIENTED_EDGE('',*,*,#348,.T.);
#348 = EDGE_CURVE('',#339,#349,#351,.T.);
#349 = VERTEX_POINT('',#350);
#350 = CARTESIAN_POINT('',(247.,153.,65.));
#351 = LINE('',#352,#353);
#352 = CARTESIAN_POINT('',(247.,26.7,65.));
#353 = VECTOR('',#354,1.);
#354 = DIRECTION('',(0.,1.,0.));
#355 = ORIENTED_EDGE('',*,*,#356,.T.);
#356 = EDGE_CURVE('',#349,#357,#359,.T.);
#357 = VERTEX_POINT('',#358);
#358 = CARTESIAN_POINT('',(247.,153.,86.));
#359 = LINE('',#360,#361);
#360 = CARTESIAN_POINT('',(247.,153.,65.));
#361 = VECTOR('',#362,1.);
#362 = DIRECTION('',(0.,0.,1.));
#363 = ORIENTED_EDGE('',*,*,#364,.F.);
#364 = EDGE_CURVE('',#341,#357,#365,.T.);
#365 = LINE('',#366,#367);
#366 = CARTESIAN_POINT('',(247.,26.7,86.));
#367 = VECTOR('',#368,1.);
#368 = DIRECTION('',(0.,1.,0.));
#369 = FACE_BOUND('',#370,.F.);
#370 = EDGE_LOOP('',(#371));
#371 = ORIENTED_EDGE('',*,*,#372,.T.);
#372 = EDGE_CURVE('',#373,#373,#375,.T.);
#373 = VERTEX_POINT('',#374);
#374 = CARTESIAN_POINT('',(247.,76.,72.05));
#375 = CIRCLE('',#376,2.05);
#376 = AXIS2_PLACEMENT_3D('',#377,#378,#379);
#377 = CARTESIAN_POINT('',(247.,76.,70.));
#378 = DIRECTION('',(-1.,0.,0.));
#379 = DIRECTION('',(0.,0.,1.));
#380 = FACE_BOUND('',#381,.F.);
#381 = EDGE_LOOP('',(#382));
#382 = ORIENTED_EDGE('',*,*,#383,.F.);
#383 = EDGE_CURVE('',#384,#384,#386,.T.);
#384 = VERTEX_POINT('',#385);
#385 = CARTESIAN_POINT('',(247.,70.,79.1));
#386 = CIRCLE('',#387,3.1);
#387 = AXIS2_PLACEMENT_3D('',#388,#389,#390);
#388 = CARTESIAN_POINT('',(247.,70.,76.));
#389 = DIRECTION('',(1.,0.,0.));
#390 = DIRECTION('',(0.,0.,1.));
#391 = FACE_BOUND('',#392,.F.);
#392 = EDGE_LOOP('',(#393));
#393 = ORIENTED_EDGE('',*,*,#394,.F.);
#394 = EDGE_CURVE('',#395,#395,#397,.T.);
#395 = VERTEX_POINT('',#396);
#396 = CARTESIAN_POINT('',(247.,46.,79.1));
#397 = CIRCLE('',#398,3.1);
#398 = AXIS2_PLACEMENT_3D('',#399,#400,#401);
#399 = CARTESIAN_POINT('',(247.,46.,76.));
#400 = DIRECTION('',(1.,0.,0.));
#401 = DIRECTION('',(0.,0.,1.));
#402 = PLANE('',#403);
#403 = AXIS2_PLACEMENT_3D('',#404,#405,#406);
#404 = CARTESIAN_POINT('',(247.,26.7,65.));
#405 = DIRECTION('',(1.,0.,0.));
#406 = DIRECTION('',(0.,0.,1.));
#407 = ADVANCED_FACE('',(#408),#433,.F.);
#408 = FACE_BOUND('',#409,.F.);
#409 = EDGE_LOOP('',(#410,#418,#419,#427));
#410 = ORIENTED_EDGE('',*,*,#411,.F.);
#411 = EDGE_CURVE('',#339,#412,#414,.T.);
#412 = VERTEX_POINT('',#413);
#413 = CARTESIAN_POINT('',(249.,26.7,65.));
#414 = LINE('',#415,#416);
#415 = CARTESIAN_POINT('',(247.,26.7,65.));
#416 = VECTOR('',#417,1.);
#417 = DIRECTION('',(1.,0.,0.));
#418 = ORIENTED_EDGE('',*,*,#338,.T.);
#419 = ORIENTED_EDGE('',*,*,#420,.T.);
#420 = EDGE_CURVE('',#341,#421,#423,.T.);
#421 = VERTEX_POINT('',#422);
#422 = CARTESIAN_POINT('',(249.,26.7,86.));
#423 = LINE('',#424,#425);
#424 = CARTESIAN_POINT('',(247.,26.7,86.));
#425 = VECTOR('',#426,1.);
#426 = DIRECTION('',(1.,0.,0.));
#427 = ORIENTED_EDGE('',*,*,#428,.F.);
#428 = EDGE_CURVE('',#412,#421,#429,.T.);
#429 = LINE('',#430,#431);
#430 = CARTESIAN_POINT('',(249.,26.7,65.));
#431 = VECTOR('',#432,1.);
#432 = DIRECTION('',(0.,0.,1.));
#433 = PLANE('',#434);
#434 = AXIS2_PLACEMENT_3D('',#435,#436,#437);
#435 = CARTESIAN_POINT('',(247.,26.7,65.));
#436 = DIRECTION('',(0.,1.,0.));
#437 = DIRECTION('',(0.,0.,1.));
#438 = ADVANCED_FACE('',(#439),#457,.T.);
#439 = FACE_BOUND('',#440,.T.);
#440 = EDGE_LOOP('',(#441,#442,#443,#451));
#441 = ORIENTED_EDGE('',*,*,#364,.F.);
#442 = ORIENTED_EDGE('',*,*,#420,.T.);
#443 = ORIENTED_EDGE('',*,*,#444,.T.);
#444 = EDGE_CURVE('',#421,#445,#447,.T.);
#445 = VERTEX_POINT('',#446);
#446 = CARTESIAN_POINT('',(249.,153.,86.));
#447 = LINE('',#448,#449);
#448 = CARTESIAN_POINT('',(249.,26.7,86.));
#449 = VECTOR('',#450,1.);
#450 = DIRECTION('',(0.,1.,0.));
#451 = ORIENTED_EDGE('',*,*,#452,.F.);
#452 = EDGE_CURVE('',#357,#445,#453,.T.);
#453 = LINE('',#454,#455);
#454 = CARTESIAN_POINT('',(247.,153.,86.));
#455 = VECTOR('',#456,1.);
#456 = DIRECTION('',(1.,0.,0.));
#457 = PLANE('',#458);
#458 = AXIS2_PLACEMENT_3D('',#459,#460,#461);
#459 = CARTESIAN_POINT('',(247.,26.7,86.));
#460 = DIRECTION('',(0.,0.,1.));
#461 = DIRECTION('',(1.,0.,0.));
#462 = ADVANCED_FACE('',(#463),#481,.F.);
#463 = FACE_BOUND('',#464,.F.);
#464 = EDGE_LOOP('',(#465,#466,#467,#475));
#465 = ORIENTED_EDGE('',*,*,#348,.F.);
#466 = ORIENTED_EDGE('',*,*,#411,.T.);
#467 = ORIENTED_EDGE('',*,*,#468,.T.);
#468 = EDGE_CURVE('',#412,#469,#471,.T.);
#469 = VERTEX_POINT('',#470);
#470 = CARTESIAN_POINT('',(249.,153.,65.));
#471 = LINE('',#472,#473);
#472 = CARTESIAN_POINT('',(249.,26.7,65.));
#473 = VECTOR('',#474,1.);
#474 = DIRECTION('',(0.,1.,0.));
#475 = ORIENTED_EDGE('',*,*,#476,.F.);
#476 = EDGE_CURVE('',#349,#469,#477,.T.);
#477 = LINE('',#478,#479);
#478 = CARTESIAN_POINT('',(247.,153.,65.));
#479 = VECTOR('',#480,1.);
#480 = DIRECTION('',(1.,0.,0.));
#481 = PLANE('',#482);
#482 = AXIS2_PLACEMENT_3D('',#483,#484,#485);
#483 = CARTESIAN_POINT('',(247.,26.7,65.));
#484 = DIRECTION('',(0.,0.,1.));
#485 = DIRECTION('',(1.,0.,0.));
#486 = ADVANCED_FACE('',(#487),#498,.T.);
#487 = FACE_BOUND('',#488,.T.);
#488 = EDGE_LOOP('',(#489,#490,#491,#492));
#489 = ORIENTED_EDGE('',*,*,#476,.F.);
#490 = ORIENTED_EDGE('',*,*,#356,.T.);
#491 = ORIENTED_EDGE('',*,*,#452,.T.);
#492 = ORIENTED_EDGE('',*,*,#493,.F.);
#493 = EDGE_CURVE('',#469,#445,#494,.T.);
#494 = LINE('',#495,#496);
#495 = CARTESIAN_POINT('',(249.,153.,65.));
#496 = VECTOR('',#497,1.);
#497 = DIRECTION('',(0.,0.,1.));
#498 = PLANE('',#499);
#499 = AXIS2_PLACEMENT_3D('',#500,#501,#502);
#500 = CARTESIAN_POINT('',(247.,153.,65.));
#501 = DIRECTION('',(0.,1.,0.));
#502 = DIRECTION('',(0.,0.,1.));
#503 = ADVANCED_FACE('',(#504),#523,.F.);
#504 = FACE_BOUND('',#505,.T.);
#505 = EDGE_LOOP('',(#506,#507,#515,#522));
#506 = ORIENTED_EDGE('',*,*,#372,.T.);
#507 = ORIENTED_EDGE('',*,*,#508,.F.);
#508 = EDGE_CURVE('',#509,#373,#511,.T.);
#509 = VERTEX_POINT('',#510);
#510 = CARTESIAN_POINT('',(249.,76.,72.05));
#511 = LINE('',#512,#513);
#512 = CARTESIAN_POINT('',(252.,76.,72.05));
#513 = VECTOR('',#514,1.);
#514 = DIRECTION('',(-1.,-0.,-0.));
#515 = ORIENTED_EDGE('',*,*,#516,.F.);
#516 = EDGE_CURVE('',#509,#509,#517,.T.);
#517 = CIRCLE('',#518,2.05);
#518 = AXIS2_PLACEMENT_3D('',#519,#520,#521);
#519 = CARTESIAN_POINT('',(249.,76.,70.));
#520 = DIRECTION('',(-1.,0.,0.));
#521 = DIRECTION('',(0.,0.,1.));
#522 = ORIENTED_EDGE('',*,*,#508,.T.);
#523 = CYLINDRICAL_SURFACE('',#524,2.05);
#524 = AXIS2_PLACEMENT_3D('',#525,#526,#527);
#525 = CARTESIAN_POINT('',(252.,76.,70.));
#526 = DIRECTION('',(-1.,-0.,-0.));
#527 = DIRECTION('',(0.,0.,1.));
#528 = ADVANCED_FACE('',(#529),#548,.F.);
#529 = FACE_BOUND('',#530,.T.);
#530 = EDGE_LOOP('',(#531,#539,#540,#541));
#531 = ORIENTED_EDGE('',*,*,#532,.T.);
#532 = EDGE_CURVE('',#533,#384,#535,.T.);
#533 = VERTEX_POINT('',#534);
#534 = CARTESIAN_POINT('',(248.45,70.,77.65));
#535 = LINE('',#536,#537);
#536 = CARTESIAN_POINT('',(248.6,70.,77.5));
#537 = VECTOR('',#538,1.);
#538 = DIRECTION('',(-0.707106781187,1.731912112471E-16,0.707106781187)
  );
#539 = ORIENTED_EDGE('',*,*,#383,.F.);
#540 = ORIENTED_EDGE('',*,*,#532,.F.);
#541 = ORIENTED_EDGE('',*,*,#542,.T.);
#542 = EDGE_CURVE('',#533,#533,#543,.T.);
#543 = CIRCLE('',#544,1.65);
#544 = AXIS2_PLACEMENT_3D('',#545,#546,#547);
#545 = CARTESIAN_POINT('',(248.45,70.,76.));
#546 = DIRECTION('',(1.,0.,0.));
#547 = DIRECTION('',(0.,0.,1.));
#548 = CONICAL_SURFACE('',#549,1.5,0.785398163397);
#549 = AXIS2_PLACEMENT_3D('',#550,#551,#552);
#550 = CARTESIAN_POINT('',(248.6,70.,76.));
#551 = DIRECTION('',(-1.,-0.,-0.));
#552 = DIRECTION('',(0.,0.,1.));
#553 = ADVANCED_FACE('',(#554),#573,.F.);
#554 = FACE_BOUND('',#555,.T.);
#555 = EDGE_LOOP('',(#556,#564,#565,#566));
#556 = ORIENTED_EDGE('',*,*,#557,.T.);
#557 = EDGE_CURVE('',#558,#395,#560,.T.);
#558 = VERTEX_POINT('',#559);
#559 = CARTESIAN_POINT('',(248.45,46.,77.65));
#560 = LINE('',#561,#562);
#561 = CARTESIAN_POINT('',(248.6,46.,77.5));
#562 = VECTOR('',#563,1.);
#563 = DIRECTION('',(-0.707106781187,1.731912112471E-16,0.707106781187)
  );
#564 = ORIENTED_EDGE('',*,*,#394,.F.);
#565 = ORIENTED_EDGE('',*,*,#557,.F.);
#566 = ORIENTED_EDGE('',*,*,#567,.T.);
#567 = EDGE_CURVE('',#558,#558,#568,.T.);
#568 = CIRCLE('',#569,1.65);
#569 = AXIS2_PLACEMENT_3D('',#570,#571,#572);
#570 = CARTESIAN_POINT('',(248.45,46.,76.));
#571 = DIRECTION('',(1.,0.,0.));
#572 = DIRECTION('',(0.,0.,1.));
#573 = CONICAL_SURFACE('',#574,1.5,0.785398163397);
#574 = AXIS2_PLACEMENT_3D('',#575,#576,#577);
#575 = CARTESIAN_POINT('',(248.6,46.,76.));
#576 = DIRECTION('',(-1.,-0.,-0.));
#577 = DIRECTION('',(0.,0.,1.));
#578 = ADVANCED_FACE('',(#579,#585,#588,#599),#610,.T.);
#579 = FACE_BOUND('',#580,.T.);
#580 = EDGE_LOOP('',(#581,#582,#583,#584));
#581 = ORIENTED_EDGE('',*,*,#428,.F.);
#582 = ORIENTED_EDGE('',*,*,#468,.T.);
#583 = ORIENTED_EDGE('',*,*,#493,.T.);
#584 = ORIENTED_EDGE('',*,*,#444,.F.);
#585 = FACE_BOUND('',#586,.T.);
#586 = EDGE_LOOP('',(#587));
#587 = ORIENTED_EDGE('',*,*,#516,.T.);
#588 = FACE_BOUND('',#589,.T.);
#589 = EDGE_LOOP('',(#590));
#590 = ORIENTED_EDGE('',*,*,#591,.T.);
#591 = EDGE_CURVE('',#592,#592,#594,.T.);
#592 = VERTEX_POINT('',#593);
#593 = CARTESIAN_POINT('',(249.,70.,77.65));
#594 = CIRCLE('',#595,1.65);
#595 = AXIS2_PLACEMENT_3D('',#596,#597,#598);
#596 = CARTESIAN_POINT('',(249.,70.,76.));
#597 = DIRECTION('',(-1.,0.,0.));
#598 = DIRECTION('',(0.,0.,1.));
#599 = FACE_BOUND('',#600,.T.);
#600 = EDGE_LOOP('',(#601));
#601 = ORIENTED_EDGE('',*,*,#602,.T.);
#602 = EDGE_CURVE('',#603,#603,#605,.T.);
#603 = VERTEX_POINT('',#604);
#604 = CARTESIAN_POINT('',(249.,46.,77.65));
#605 = CIRCLE('',#606,1.65);
#606 = AXIS2_PLACEMENT_3D('',#607,#608,#609);
#607 = CARTESIAN_POINT('',(249.,46.,76.));
#608 = DIRECTION('',(-1.,0.,0.));
#609 = DIRECTION('',(0.,0.,1.));
#610 = PLANE('',#611);
#611 = AXIS2_PLACEMENT_3D('',#612,#613,#614);
#612 = CARTESIAN_POINT('',(249.,26.7,65.));
#613 = DIRECTION('',(1.,0.,0.));
#614 = DIRECTION('',(0.,0.,1.));
#615 = ADVANCED_FACE('',(#616),#627,.F.);
#616 = FACE_BOUND('',#617,.T.);
#617 = EDGE_LOOP('',(#618,#624,#625,#626));
#618 = ORIENTED_EDGE('',*,*,#619,.T.);
#619 = EDGE_CURVE('',#592,#533,#620,.T.);
#620 = LINE('',#621,#622);
#621 = CARTESIAN_POINT('',(252.,70.,77.65));
#622 = VECTOR('',#623,1.);
#623 = DIRECTION('',(-1.,-0.,-0.));
#624 = ORIENTED_EDGE('',*,*,#542,.F.);
#625 = ORIENTED_EDGE('',*,*,#619,.F.);
#626 = ORIENTED_EDGE('',*,*,#591,.F.);
#627 = CYLINDRICAL_SURFACE('',#628,1.65);
#628 = AXIS2_PLACEMENT_3D('',#629,#630,#631);
#629 = CARTESIAN_POINT('',(252.,70.,76.));
#630 = DIRECTION('',(-1.,-0.,-0.));
#631 = DIRECTION('',(0.,0.,1.));
#632 = ADVANCED_FACE('',(#633),#644,.F.);
#633 = FACE_BOUND('',#634,.T.);
#634 = EDGE_LOOP('',(#635,#641,#642,#643));
#635 = ORIENTED_EDGE('',*,*,#636,.T.);
#636 = EDGE_CURVE('',#603,#558,#637,.T.);
#637 = LINE('',#638,#639);
#638 = CARTESIAN_POINT('',(252.,46.,77.65));
#639 = VECTOR('',#640,1.);
#640 = DIRECTION('',(-1.,-0.,-0.));
#641 = ORIENTED_EDGE('',*,*,#567,.F.);
#642 = ORIENTED_EDGE('',*,*,#636,.F.);
#643 = ORIENTED_EDGE('',*,*,#602,.F.);
#644 = CYLINDRICAL_SURFACE('',#645,1.65);
#645 = AXIS2_PLACEMENT_3D('',#646,#647,#648);
#646 = CARTESIAN_POINT('',(252.,46.,76.));
#647 = DIRECTION('',(-1.,-0.,-0.));
#648 = DIRECTION('',(0.,0.,1.));
#649 = MANIFOLD_SOLID_BREP('',#650);
#650 = CLOSED_SHELL('',(#651,#691,#731,#753,#775,#787));
#651 = ADVANCED_FACE('',(#652),#686,.F.);
#652 = FACE_BOUND('',#653,.F.);
#653 = EDGE_LOOP('',(#654,#664,#672,#680));
#654 = ORIENTED_EDGE('',*,*,#655,.F.);
#655 = EDGE_CURVE('',#656,#658,#660,.T.);
#656 = VERTEX_POINT('',#657);
#657 = CARTESIAN_POINT('',(247.,153.,65.));
#658 = VERTEX_POINT('',#659);
#659 = CARTESIAN_POINT('',(247.,153.,86.));
#660 = LINE('',#661,#662);
#661 = CARTESIAN_POINT('',(247.,153.,65.));
#662 = VECTOR('',#663,1.);
#663 = DIRECTION('',(0.,0.,1.));
#664 = ORIENTED_EDGE('',*,*,#665,.T.);
#665 = EDGE_CURVE('',#656,#666,#668,.T.);
#666 = VERTEX_POINT('',#667);
#667 = CARTESIAN_POINT('',(247.,155.,65.));
#668 = LINE('',#669,#670);
#669 = CARTESIAN_POINT('',(247.,153.,65.));
#670 = VECTOR('',#671,1.);
#671 = DIRECTION('',(0.,1.,0.));
#672 = ORIENTED_EDGE('',*,*,#673,.T.);
#673 = EDGE_CURVE('',#666,#674,#676,.T.);
#674 = VERTEX_POINT('',#675);
#675 = CARTESIAN_POINT('',(247.,155.,86.));
#676 = LINE('',#677,#678);
#677 = CARTESIAN_POINT('',(247.,155.,65.));
#678 = VECTOR('',#679,1.);
#679 = DIRECTION('',(0.,0.,1.));
#680 = ORIENTED_EDGE('',*,*,#681,.F.);
#681 = EDGE_CURVE('',#658,#674,#682,.T.);
#682 = LINE('',#683,#684);
#683 = CARTESIAN_POINT('',(247.,153.,86.));
#684 = VECTOR('',#685,1.);
#685 = DIRECTION('',(0.,1.,0.));
#686 = PLANE('',#687);
#687 = AXIS2_PLACEMENT_3D('',#688,#689,#690);
#688 = CARTESIAN_POINT('',(247.,153.,65.));
#689 = DIRECTION('',(1.,0.,0.));
#690 = DIRECTION('',(0.,0.,1.));
#691 = ADVANCED_FACE('',(#692),#726,.T.);
#692 = FACE_BOUND('',#693,.T.);
#693 = EDGE_LOOP('',(#694,#704,#712,#720));
#694 = ORIENTED_EDGE('',*,*,#695,.F.);
#695 = EDGE_CURVE('',#696,#698,#700,.T.);
#696 = VERTEX_POINT('',#697);
#697 = CARTESIAN_POINT('',(265.,153.,65.));
#698 = VERTEX_POINT('',#699);
#699 = CARTESIAN_POINT('',(265.,153.,86.));
#700 = LINE('',#701,#702);
#701 = CARTESIAN_POINT('',(265.,153.,65.));
#702 = VECTOR('',#703,1.);
#703 = DIRECTION('',(0.,0.,1.));
#704 = ORIENTED_EDGE('',*,*,#705,.T.);
#705 = EDGE_CURVE('',#696,#706,#708,.T.);
#706 = VERTEX_POINT('',#707);
#707 = CARTESIAN_POINT('',(265.,155.,65.));
#708 = LINE('',#709,#710);
#709 = CARTESIAN_POINT('',(265.,153.,65.));
#710 = VECTOR('',#711,1.);
#711 = DIRECTION('',(0.,1.,0.));
#712 = ORIENTED_EDGE('',*,*,#713,.T.);
#713 = EDGE_CURVE('',#706,#714,#716,.T.);
#714 = VERTEX_POINT('',#715);
#715 = CARTESIAN_POINT('',(265.,155.,86.));
#716 = LINE('',#717,#718);
#717 = CARTESIAN_POINT('',(265.,155.,65.));
#718 = VECTOR('',#719,1.);
#719 = DIRECTION('',(0.,0.,1.));
#720 = ORIENTED_EDGE('',*,*,#721,.F.);
#721 = EDGE_CURVE('',#698,#714,#722,.T.);
#722 = LINE('',#723,#724);
#723 = CARTESIAN_POINT('',(265.,153.,86.));
#724 = VECTOR('',#725,1.);
#725 = DIRECTION('',(0.,1.,0.));
#726 = PLANE('',#727);
#727 = AXIS2_PLACEMENT_3D('',#728,#729,#730);
#728 = CARTESIAN_POINT('',(265.,153.,65.));
#729 = DIRECTION('',(1.,0.,0.));
#730 = DIRECTION('',(0.,0.,1.));
#731 = ADVANCED_FACE('',(#732),#748,.F.);
#732 = FACE_BOUND('',#733,.F.);
#733 = EDGE_LOOP('',(#734,#740,#741,#747));
#734 = ORIENTED_EDGE('',*,*,#735,.F.);
#735 = EDGE_CURVE('',#656,#696,#736,.T.);
#736 = LINE('',#737,#738);
#737 = CARTESIAN_POINT('',(247.,153.,65.));
#738 = VECTOR('',#739,1.);
#739 = DIRECTION('',(1.,0.,0.));
#740 = ORIENTED_EDGE('',*,*,#655,.T.);
#741 = ORIENTED_EDGE('',*,*,#742,.T.);
#742 = EDGE_CURVE('',#658,#698,#743,.T.);
#743 = LINE('',#744,#745);
#744 = CARTESIAN_POINT('',(247.,153.,86.));
#745 = VECTOR('',#746,1.);
#746 = DIRECTION('',(1.,0.,0.));
#747 = ORIENTED_EDGE('',*,*,#695,.F.);
#748 = PLANE('',#749);
#749 = AXIS2_PLACEMENT_3D('',#750,#751,#752);
#750 = CARTESIAN_POINT('',(247.,153.,65.));
#751 = DIRECTION('',(0.,1.,0.));
#752 = DIRECTION('',(0.,0.,1.));
#753 = ADVANCED_FACE('',(#754),#770,.T.);
#754 = FACE_BOUND('',#755,.T.);
#755 = EDGE_LOOP('',(#756,#762,#763,#769));
#756 = ORIENTED_EDGE('',*,*,#757,.F.);
#757 = EDGE_CURVE('',#666,#706,#758,.T.);
#758 = LINE('',#759,#760);
#759 = CARTESIAN_POINT('',(247.,155.,65.));
#760 = VECTOR('',#761,1.);
#761 = DIRECTION('',(1.,0.,0.));
#762 = ORIENTED_EDGE('',*,*,#673,.T.);
#763 = ORIENTED_EDGE('',*,*,#764,.T.);
#764 = EDGE_CURVE('',#674,#714,#765,.T.);
#765 = LINE('',#766,#767);
#766 = CARTESIAN_POINT('',(247.,155.,86.));
#767 = VECTOR('',#768,1.);
#768 = DIRECTION('',(1.,0.,0.));
#769 = ORIENTED_EDGE('',*,*,#713,.F.);
#770 = PLANE('',#771);
#771 = AXIS2_PLACEMENT_3D('',#772,#773,#774);
#772 = CARTESIAN_POINT('',(247.,155.,65.));
#773 = DIRECTION('',(0.,1.,0.));
#774 = DIRECTION('',(0.,0.,1.));
#775 = ADVANCED_FACE('',(#776),#782,.F.);
#776 = FACE_BOUND('',#777,.F.);
#777 = EDGE_LOOP('',(#778,#779,#780,#781));
#778 = ORIENTED_EDGE('',*,*,#665,.F.);
#779 = ORIENTED_EDGE('',*,*,#735,.T.);
#780 = ORIENTED_EDGE('',*,*,#705,.T.);
#781 = ORIENTED_EDGE('',*,*,#757,.F.);
#782 = PLANE('',#783);
#783 = AXIS2_PLACEMENT_3D('',#784,#785,#786);
#784 = CARTESIAN_POINT('',(247.,153.,65.));
#785 = DIRECTION('',(0.,0.,1.));
#786 = DIRECTION('',(1.,0.,0.));
#787 = ADVANCED_FACE('',(#788),#794,.T.);
#788 = FACE_BOUND('',#789,.T.);
#789 = EDGE_LOOP('',(#790,#791,#792,#793));
#790 = ORIENTED_EDGE('',*,*,#681,.F.);
#791 = ORIENTED_EDGE('',*,*,#742,.T.);
#792 = ORIENTED_EDGE('',*,*,#721,.T.);
#793 = ORIENTED_EDGE('',*,*,#764,.F.);
#794 = PLANE('',#795);
#795 = AXIS2_PLACEMENT_3D('',#796,#797,#798);
#796 = CARTESIAN_POINT('',(247.,153.,86.));
#797 = DIRECTION('',(0.,0.,1.));
#798 = DIRECTION('',(1.,0.,0.));
#799 = MANIFOLD_SOLID_BREP('',#800);
#800 = CLOSED_SHELL('',(#801,#841,#881,#903,#925,#937));
#801 = ADVANCED_FACE('',(#802),#836,.F.);
#802 = FACE_BOUND('',#803,.F.);
#803 = EDGE_LOOP('',(#804,#814,#822,#830));
#804 = ORIENTED_EDGE('',*,*,#805,.F.);
#805 = EDGE_CURVE('',#806,#808,#810,.T.);
#806 = VERTEX_POINT('',#807);
#807 = CARTESIAN_POINT('',(263.,155.,65.));
#808 = VERTEX_POINT('',#809);
#809 = CARTESIAN_POINT('',(263.,155.,86.));
#810 = LINE('',#811,#812);
#811 = CARTESIAN_POINT('',(263.,155.,65.));
#812 = VECTOR('',#813,1.);
#813 = DIRECTION('',(0.,0.,1.));
#814 = ORIENTED_EDGE('',*,*,#815,.T.);
#815 = EDGE_CURVE('',#806,#816,#818,.T.);
#816 = VERTEX_POINT('',#817);
#817 = CARTESIAN_POINT('',(263.,248.3,65.));
#818 = LINE('',#819,#820);
#819 = CARTESIAN_POINT('',(263.,155.,65.));
#820 = VECTOR('',#821,1.);
#821 = DIRECTION('',(0.,1.,0.));
#822 = ORIENTED_EDGE('',*,*,#823,.T.);
#823 = EDGE_CURVE('',#816,#824,#826,.T.);
#824 = VERTEX_POINT('',#825);
#825 = CARTESIAN_POINT('',(263.,248.3,86.));
#826 = LINE('',#827,#828);
#827 = CARTESIAN_POINT('',(263.,248.3,65.));
#828 = VECTOR('',#829,1.);
#829 = DIRECTION('',(0.,0.,1.));
#830 = ORIENTED_EDGE('',*,*,#831,.F.);
#831 = EDGE_CURVE('',#808,#824,#832,.T.);
#832 = LINE('',#833,#834);
#833 = CARTESIAN_POINT('',(263.,155.,86.));
#834 = VECTOR('',#835,1.);
#835 = DIRECTION('',(0.,1.,0.));
#836 = PLANE('',#837);
#837 = AXIS2_PLACEMENT_3D('',#838,#839,#840);
#838 = CARTESIAN_POINT('',(263.,155.,65.));
#839 = DIRECTION('',(1.,0.,0.));
#840 = DIRECTION('',(0.,0.,1.));
#841 = ADVANCED_FACE('',(#842),#876,.T.);
#842 = FACE_BOUND('',#843,.T.);
#843 = EDGE_LOOP('',(#844,#854,#862,#870));
#844 = ORIENTED_EDGE('',*,*,#845,.F.);
#845 = EDGE_CURVE('',#846,#848,#850,.T.);
#846 = VERTEX_POINT('',#847);
#847 = CARTESIAN_POINT('',(265.,155.,65.));
#848 = VERTEX_POINT('',#849);
#849 = CARTESIAN_POINT('',(265.,155.,86.));
#850 = LINE('',#851,#852);
#851 = CARTESIAN_POINT('',(265.,155.,65.));
#852 = VECTOR('',#853,1.);
#853 = DIRECTION('',(0.,0.,1.));
#854 = ORIENTED_EDGE('',*,*,#855,.T.);
#855 = EDGE_CURVE('',#846,#856,#858,.T.);
#856 = VERTEX_POINT('',#857);
#857 = CARTESIAN_POINT('',(265.,248.3,65.));
#858 = LINE('',#859,#860);
#859 = CARTESIAN_POINT('',(265.,155.,65.));
#860 = VECTOR('',#861,1.);
#861 = DIRECTION('',(0.,1.,0.));
#862 = ORIENTED_EDGE('',*,*,#863,.T.);
#863 = EDGE_CURVE('',#856,#864,#866,.T.);
#864 = VERTEX_POINT('',#865);
#865 = CARTESIAN_POINT('',(265.,248.3,86.));
#866 = LINE('',#867,#868);
#867 = CARTESIAN_POINT('',(265.,248.3,65.));
#868 = VECTOR('',#869,1.);
#869 = DIRECTION('',(0.,0.,1.));
#870 = ORIENTED_EDGE('',*,*,#871,.F.);
#871 = EDGE_CURVE('',#848,#864,#872,.T.);
#872 = LINE('',#873,#874);
#873 = CARTESIAN_POINT('',(265.,155.,86.));
#874 = VECTOR('',#875,1.);
#875 = DIRECTION('',(0.,1.,0.));
#876 = PLANE('',#877);
#877 = AXIS2_PLACEMENT_3D('',#878,#879,#880);
#878 = CARTESIAN_POINT('',(265.,155.,65.));
#879 = DIRECTION('',(1.,0.,0.));
#880 = DIRECTION('',(0.,0.,1.));
#881 = ADVANCED_FACE('',(#882),#898,.F.);
#882 = FACE_BOUND('',#883,.F.);
#883 = EDGE_LOOP('',(#884,#890,#891,#897));
#884 = ORIENTED_EDGE('',*,*,#885,.F.);
#885 = EDGE_CURVE('',#806,#846,#886,.T.);
#886 = LINE('',#887,#888);
#887 = CARTESIAN_POINT('',(263.,155.,65.));
#888 = VECTOR('',#889,1.);
#889 = DIRECTION('',(1.,0.,0.));
#890 = ORIENTED_EDGE('',*,*,#805,.T.);
#891 = ORIENTED_EDGE('',*,*,#892,.T.);
#892 = EDGE_CURVE('',#808,#848,#893,.T.);
#893 = LINE('',#894,#895);
#894 = CARTESIAN_POINT('',(263.,155.,86.));
#895 = VECTOR('',#896,1.);
#896 = DIRECTION('',(1.,0.,0.));
#897 = ORIENTED_EDGE('',*,*,#845,.F.);
#898 = PLANE('',#899);
#899 = AXIS2_PLACEMENT_3D('',#900,#901,#902);
#900 = CARTESIAN_POINT('',(263.,155.,65.));
#901 = DIRECTION('',(0.,1.,0.));
#902 = DIRECTION('',(0.,0.,1.));
#903 = ADVANCED_FACE('',(#904),#920,.T.);
#904 = FACE_BOUND('',#905,.T.);
#905 = EDGE_LOOP('',(#906,#912,#913,#919));
#906 = ORIENTED_EDGE('',*,*,#907,.F.);
#907 = EDGE_CURVE('',#816,#856,#908,.T.);
#908 = LINE('',#909,#910);
#909 = CARTESIAN_POINT('',(263.,248.3,65.));
#910 = VECTOR('',#911,1.);
#911 = DIRECTION('',(1.,0.,0.));
#912 = ORIENTED_EDGE('',*,*,#823,.T.);
#913 = ORIENTED_EDGE('',*,*,#914,.T.);
#914 = EDGE_CURVE('',#824,#864,#915,.T.);
#915 = LINE('',#916,#917);
#916 = CARTESIAN_POINT('',(263.,248.3,86.));
#917 = VECTOR('',#918,1.);
#918 = DIRECTION('',(1.,0.,0.));
#919 = ORIENTED_EDGE('',*,*,#863,.F.);
#920 = PLANE('',#921);
#921 = AXIS2_PLACEMENT_3D('',#922,#923,#924);
#922 = CARTESIAN_POINT('',(263.,248.3,65.));
#923 = DIRECTION('',(0.,1.,0.));
#924 = DIRECTION('',(0.,0.,1.));
#925 = ADVANCED_FACE('',(#926),#932,.F.);
#926 = FACE_BOUND('',#927,.F.);
#927 = EDGE_LOOP('',(#928,#929,#930,#931));
#928 = ORIENTED_EDGE('',*,*,#815,.F.);
#929 = ORIENTED_EDGE('',*,*,#885,.T.);
#930 = ORIENTED_EDGE('',*,*,#855,.T.);
#931 = ORIENTED_EDGE('',*,*,#907,.F.);
#932 = PLANE('',#933);
#933 = AXIS2_PLACEMENT_3D('',#934,#935,#936);
#934 = CARTESIAN_POINT('',(263.,155.,65.));
#935 = DIRECTION('',(0.,0.,1.));
#936 = DIRECTION('',(1.,0.,0.));
#937 = ADVANCED_FACE('',(#938),#944,.T.);
#938 = FACE_BOUND('',#939,.T.);
#939 = EDGE_LOOP('',(#940,#941,#942,#943));
#940 = ORIENTED_EDGE('',*,*,#831,.F.);
#941 = ORIENTED_EDGE('',*,*,#892,.T.);
#942 = ORIENTED_EDGE('',*,*,#871,.T.);
#943 = ORIENTED_EDGE('',*,*,#914,.F.);
#944 = PLANE('',#945);
#945 = AXIS2_PLACEMENT_3D('',#946,#947,#948);
#946 = CARTESIAN_POINT('',(263.,155.,86.));
#947 = DIRECTION('',(0.,0.,1.));
#948 = DIRECTION('',(1.,0.,0.));
#949 = MANIFOLD_SOLID_BREP('',#950);
#950 = CLOSED_SHELL('',(#951,#1007,#1038,#1062,#1086,#1110,#1134,#1151)
  );
#951 = ADVANCED_FACE('',(#952),#1002,.F.);
#952 = FACE_BOUND('',#953,.F.);
#953 = EDGE_LOOP('',(#954,#964,#972,#980,#988,#996));
#954 = ORIENTED_EDGE('',*,*,#955,.T.);
#955 = EDGE_CURVE('',#956,#958,#960,.T.);
#956 = VERTEX_POINT('',#957);
#957 = CARTESIAN_POINT('',(26.,273.7,65.));
#958 = VERTEX_POINT('',#959);
#959 = CARTESIAN_POINT('',(26.,262.3,65.));
#960 = LINE('',#961,#962);
#961 = CARTESIAN_POINT('',(26.,248.25,65.));
#962 = VECTOR('',#963,1.);
#963 = DIRECTION('',(0.,-1.,0.));
#964 = ORIENTED_EDGE('',*,*,#965,.F.);
#965 = EDGE_CURVE('',#966,#958,#968,.T.);
#966 = VERTEX_POINT('',#967);
#967 = CARTESIAN_POINT('',(26.,262.3,52.3));
#968 = LINE('',#969,#970);
#969 = CARTESIAN_POINT('',(26.,262.3,52.25));
#970 = VECTOR('',#971,1.);
#971 = DIRECTION('',(0.,0.,1.));
#972 = ORIENTED_EDGE('',*,*,#973,.T.);
#973 = EDGE_CURVE('',#966,#974,#976,.T.);
#974 = VERTEX_POINT('',#975);
#975 = CARTESIAN_POINT('',(26.,275.,52.3));
#976 = LINE('',#977,#978);
#977 = CARTESIAN_POINT('',(26.,248.3,52.3));
#978 = VECTOR('',#979,1.);
#979 = DIRECTION('',(0.,1.,0.));
#980 = ORIENTED_EDGE('',*,*,#981,.T.);
#981 = EDGE_CURVE('',#974,#982,#984,.T.);
#982 = VERTEX_POINT('',#983);
#983 = CARTESIAN_POINT('',(26.,275.,86.));
#984 = LINE('',#985,#986);
#985 = CARTESIAN_POINT('',(26.,275.,52.3));
#986 = VECTOR('',#987,1.);
#987 = DIRECTION('',(0.,0.,1.));
#988 = ORIENTED_EDGE('',*,*,#989,.F.);
#989 = EDGE_CURVE('',#990,#982,#992,.T.);
#990 = VERTEX_POINT('',#991);
#991 = CARTESIAN_POINT('',(26.,273.7,86.));
#992 = LINE('',#993,#994);
#993 = CARTESIAN_POINT('',(26.,248.3,86.));
#994 = VECTOR('',#995,1.);
#995 = DIRECTION('',(0.,1.,0.));
#996 = ORIENTED_EDGE('',*,*,#997,.F.);
#997 = EDGE_CURVE('',#956,#990,#998,.T.);
#998 = LINE('',#999,#1000);
#999 = CARTESIAN_POINT('',(26.,273.7,58.65));
#1000 = VECTOR('',#1001,1.);
#1001 = DIRECTION('',(0.,0.,1.));
#1002 = PLANE('',#1003);
#1003 = AXIS2_PLACEMENT_3D('',#1004,#1005,#1006);
#1004 = CARTESIAN_POINT('',(26.,248.3,52.3));
#1005 = DIRECTION('',(1.,0.,0.));
#1006 = DIRECTION('',(0.,0.,1.));
#1007 = ADVANCED_FACE('',(#1008),#1033,.T.);
#1008 = FACE_BOUND('',#1009,.T.);
#1009 = EDGE_LOOP('',(#1010,#1018,#1019,#1027));
#1010 = ORIENTED_EDGE('',*,*,#1011,.F.);
#1011 = EDGE_CURVE('',#956,#1012,#1014,.T.);
#1012 = VERTEX_POINT('',#1013);
#1013 = CARTESIAN_POINT('',(28.,273.7,65.));
#1014 = LINE('',#1015,#1016);
#1015 = CARTESIAN_POINT('',(25.9,273.7,65.));
#1016 = VECTOR('',#1017,1.);
#1017 = DIRECTION('',(1.,0.,0.));
#1018 = ORIENTED_EDGE('',*,*,#955,.T.);
#1019 = ORIENTED_EDGE('',*,*,#1020,.T.);
#1020 = EDGE_CURVE('',#958,#1021,#1023,.T.);
#1021 = VERTEX_POINT('',#1022);
#1022 = CARTESIAN_POINT('',(28.,262.3,65.));
#1023 = LINE('',#1024,#1025);
#1024 = CARTESIAN_POINT('',(25.9,262.3,65.));
#1025 = VECTOR('',#1026,1.);
#1026 = DIRECTION('',(1.,0.,0.));
#1027 = ORIENTED_EDGE('',*,*,#1028,.F.);
#1028 = EDGE_CURVE('',#1012,#1021,#1029,.T.);
#1029 = LINE('',#1030,#1031);
#1030 = CARTESIAN_POINT('',(28.,248.25,65.));
#1031 = VECTOR('',#1032,1.);
#1032 = DIRECTION('',(0.,-1.,0.));
#1033 = PLANE('',#1034);
#1034 = AXIS2_PLACEMENT_3D('',#1035,#1036,#1037);
#1035 = CARTESIAN_POINT('',(25.9,248.2,65.));
#1036 = DIRECTION('',(0.,0.,1.));
#1037 = DIRECTION('',(1.,0.,0.));
#1038 = ADVANCED_FACE('',(#1039),#1057,.F.);
#1039 = FACE_BOUND('',#1040,.F.);
#1040 = EDGE_LOOP('',(#1041,#1042,#1043,#1051));
#1041 = ORIENTED_EDGE('',*,*,#1011,.F.);
#1042 = ORIENTED_EDGE('',*,*,#997,.T.);
#1043 = ORIENTED_EDGE('',*,*,#1044,.F.);
#1044 = EDGE_CURVE('',#1045,#990,#1047,.T.);
#1045 = VERTEX_POINT('',#1046);
#1046 = CARTESIAN_POINT('',(28.,273.7,86.));
#1047 = LINE('',#1048,#1049);
#1048 = CARTESIAN_POINT('',(25.95,273.7,86.));
#1049 = VECTOR('',#1050,1.);
#1050 = DIRECTION('',(-1.,0.,0.));
#1051 = ORIENTED_EDGE('',*,*,#1052,.F.);
#1052 = EDGE_CURVE('',#1012,#1045,#1053,.T.);
#1053 = LINE('',#1054,#1055);
#1054 = CARTESIAN_POINT('',(28.,273.7,58.65));
#1055 = VECTOR('',#1056,1.);
#1056 = DIRECTION('',(0.,0.,1.));
#1057 = PLANE('',#1058);
#1058 = AXIS2_PLACEMENT_3D('',#1059,#1060,#1061);
#1059 = CARTESIAN_POINT('',(25.9,273.7,65.));
#1060 = DIRECTION('',(0.,1.,0.));
#1061 = DIRECTION('',(0.,0.,1.));
#1062 = ADVANCED_FACE('',(#1063),#1081,.T.);
#1063 = FACE_BOUND('',#1064,.T.);
#1064 = EDGE_LOOP('',(#1065,#1066,#1067,#1075));
#1065 = ORIENTED_EDGE('',*,*,#989,.F.);
#1066 = ORIENTED_EDGE('',*,*,#1044,.F.);
#1067 = ORIENTED_EDGE('',*,*,#1068,.T.);
#1068 = EDGE_CURVE('',#1045,#1069,#1071,.T.);
#1069 = VERTEX_POINT('',#1070);
#1070 = CARTESIAN_POINT('',(28.,275.,86.));
#1071 = LINE('',#1072,#1073);
#1072 = CARTESIAN_POINT('',(28.,248.3,86.));
#1073 = VECTOR('',#1074,1.);
#1074 = DIRECTION('',(0.,1.,0.));
#1075 = ORIENTED_EDGE('',*,*,#1076,.F.);
#1076 = EDGE_CURVE('',#982,#1069,#1077,.T.);
#1077 = LINE('',#1078,#1079);
#1078 = CARTESIAN_POINT('',(26.,275.,86.));
#1079 = VECTOR('',#1080,1.);
#1080 = DIRECTION('',(1.,0.,0.));
#1081 = PLANE('',#1082);
#1082 = AXIS2_PLACEMENT_3D('',#1083,#1084,#1085);
#1083 = CARTESIAN_POINT('',(26.,248.3,86.));
#1084 = DIRECTION('',(0.,0.,1.));
#1085 = DIRECTION('',(1.,0.,0.));
#1086 = ADVANCED_FACE('',(#1087),#1105,.T.);
#1087 = FACE_BOUND('',#1088,.T.);
#1088 = EDGE_LOOP('',(#1089,#1097,#1098,#1099));
#1089 = ORIENTED_EDGE('',*,*,#1090,.F.);
#1090 = EDGE_CURVE('',#974,#1091,#1093,.T.);
#1091 = VERTEX_POINT('',#1092);
#1092 = CARTESIAN_POINT('',(28.,275.,52.3));
#1093 = LINE('',#1094,#1095);
#1094 = CARTESIAN_POINT('',(26.,275.,52.3));
#1095 = VECTOR('',#1096,1.);
#1096 = DIRECTION('',(1.,0.,0.));
#1097 = ORIENTED_EDGE('',*,*,#981,.T.);
#1098 = ORIENTED_EDGE('',*,*,#1076,.T.);
#1099 = ORIENTED_EDGE('',*,*,#1100,.F.);
#1100 = EDGE_CURVE('',#1091,#1069,#1101,.T.);
#1101 = LINE('',#1102,#1103);
#1102 = CARTESIAN_POINT('',(28.,275.,52.3));
#1103 = VECTOR('',#1104,1.);
#1104 = DIRECTION('',(0.,0.,1.));
#1105 = PLANE('',#1106);
#1106 = AXIS2_PLACEMENT_3D('',#1107,#1108,#1109);
#1107 = CARTESIAN_POINT('',(26.,275.,52.3));
#1108 = DIRECTION('',(0.,1.,0.));
#1109 = DIRECTION('',(0.,0.,1.));
#1110 = ADVANCED_FACE('',(#1111),#1129,.F.);
#1111 = FACE_BOUND('',#1112,.F.);
#1112 = EDGE_LOOP('',(#1113,#1114,#1122,#1128));
#1113 = ORIENTED_EDGE('',*,*,#973,.F.);
#1114 = ORIENTED_EDGE('',*,*,#1115,.F.);
#1115 = EDGE_CURVE('',#1116,#966,#1118,.T.);
#1116 = VERTEX_POINT('',#1117);
#1117 = CARTESIAN_POINT('',(28.,262.3,52.3));
#1118 = LINE('',#1119,#1120);
#1119 = CARTESIAN_POINT('',(25.95,262.3,52.3));
#1120 = VECTOR('',#1121,1.);
#1121 = DIRECTION('',(-1.,0.,0.));
#1122 = ORIENTED_EDGE('',*,*,#1123,.T.);
#1123 = EDGE_CURVE('',#1116,#1091,#1124,.T.);
#1124 = LINE('',#1125,#1126);
#1125 = CARTESIAN_POINT('',(28.,248.3,52.3));
#1126 = VECTOR('',#1127,1.);
#1127 = DIRECTION('',(0.,1.,0.));
#1128 = ORIENTED_EDGE('',*,*,#1090,.F.);
#1129 = PLANE('',#1130);
#1130 = AXIS2_PLACEMENT_3D('',#1131,#1132,#1133);
#1131 = CARTESIAN_POINT('',(26.,248.3,52.3));
#1132 = DIRECTION('',(0.,0.,1.));
#1133 = DIRECTION('',(1.,0.,0.));
#1134 = ADVANCED_FACE('',(#1135),#1146,.F.);
#1135 = FACE_BOUND('',#1136,.F.);
#1136 = EDGE_LOOP('',(#1137,#1138,#1144,#1145));
#1137 = ORIENTED_EDGE('',*,*,#1020,.T.);
#1138 = ORIENTED_EDGE('',*,*,#1139,.F.);
#1139 = EDGE_CURVE('',#1116,#1021,#1140,.T.);
#1140 = LINE('',#1141,#1142);
#1141 = CARTESIAN_POINT('',(28.,262.3,52.25));
#1142 = VECTOR('',#1143,1.);
#1143 = DIRECTION('',(0.,0.,1.));
#1144 = ORIENTED_EDGE('',*,*,#1115,.T.);
#1145 = ORIENTED_EDGE('',*,*,#965,.T.);
#1146 = PLANE('',#1147);
#1147 = AXIS2_PLACEMENT_3D('',#1148,#1149,#1150);
#1148 = CARTESIAN_POINT('',(25.9,262.3,52.2));
#1149 = DIRECTION('',(0.,1.,0.));
#1150 = DIRECTION('',(0.,0.,1.));
#1151 = ADVANCED_FACE('',(#1152),#1160,.T.);
#1152 = FACE_BOUND('',#1153,.T.);
#1153 = EDGE_LOOP('',(#1154,#1155,#1156,#1157,#1158,#1159));
#1154 = ORIENTED_EDGE('',*,*,#1028,.T.);
#1155 = ORIENTED_EDGE('',*,*,#1139,.F.);
#1156 = ORIENTED_EDGE('',*,*,#1123,.T.);
#1157 = ORIENTED_EDGE('',*,*,#1100,.T.);
#1158 = ORIENTED_EDGE('',*,*,#1068,.F.);
#1159 = ORIENTED_EDGE('',*,*,#1052,.F.);
#1160 = PLANE('',#1161);
#1161 = AXIS2_PLACEMENT_3D('',#1162,#1163,#1164);
#1162 = CARTESIAN_POINT('',(28.,248.3,52.3));
#1163 = DIRECTION('',(1.,0.,0.));
#1164 = DIRECTION('',(0.,0.,1.));
#1165 = MANIFOLD_SOLID_BREP('',#1166);
#1166 = CLOSED_SHELL('',(#1167,#1207,#1238,#1269,#1300,#1331,#1350,#1367
    ));
#1167 = ADVANCED_FACE('',(#1168),#1202,.F.);
#1168 = FACE_BOUND('',#1169,.F.);
#1169 = EDGE_LOOP('',(#1170,#1180,#1188,#1196));
#1170 = ORIENTED_EDGE('',*,*,#1171,.F.);
#1171 = EDGE_CURVE('',#1172,#1174,#1176,.T.);
#1172 = VERTEX_POINT('',#1173);
#1173 = CARTESIAN_POINT('',(263.,248.3,62.));
#1174 = VERTEX_POINT('',#1175);
#1175 = CARTESIAN_POINT('',(265.,248.3,62.));
#1176 = LINE('',#1177,#1178);
#1177 = CARTESIAN_POINT('',(263.,248.3,62.));
#1178 = VECTOR('',#1179,1.);
#1179 = DIRECTION('',(1.,0.,0.));
#1180 = ORIENTED_EDGE('',*,*,#1181,.T.);
#1181 = EDGE_CURVE('',#1172,#1182,#1184,.T.);
#1182 = VERTEX_POINT('',#1183);
#1183 = CARTESIAN_POINT('',(263.,248.3,65.));
#1184 = LINE('',#1185,#1186);
#1185 = CARTESIAN_POINT('',(263.,248.3,62.));
#1186 = VECTOR('',#1187,1.);
#1187 = DIRECTION('',(0.,0.,1.));
#1188 = ORIENTED_EDGE('',*,*,#1189,.T.);
#1189 = EDGE_CURVE('',#1182,#1190,#1192,.T.);
#1190 = VERTEX_POINT('',#1191);
#1191 = CARTESIAN_POINT('',(265.,248.3,65.));
#1192 = LINE('',#1193,#1194);
#1193 = CARTESIAN_POINT('',(263.,248.3,65.));
#1194 = VECTOR('',#1195,1.);
#1195 = DIRECTION('',(1.,0.,0.));
#1196 = ORIENTED_EDGE('',*,*,#1197,.F.);
#1197 = EDGE_CURVE('',#1174,#1190,#1198,.T.);
#1198 = LINE('',#1199,#1200);
#1199 = CARTESIAN_POINT('',(265.,248.3,62.));
#1200 = VECTOR('',#1201,1.);
#1201 = DIRECTION('',(0.,0.,1.));
#1202 = PLANE('',#1203);
#1203 = AXIS2_PLACEMENT_3D('',#1204,#1205,#1206);
#1204 = CARTESIAN_POINT('',(263.,248.3,62.));
#1205 = DIRECTION('',(0.,1.,0.));
#1206 = DIRECTION('',(0.,0.,1.));
#1207 = ADVANCED_FACE('',(#1208),#1233,.T.);
#1208 = FACE_BOUND('',#1209,.T.);
#1209 = EDGE_LOOP('',(#1210,#1218,#1219,#1227));
#1210 = ORIENTED_EDGE('',*,*,#1211,.F.);
#1211 = EDGE_CURVE('',#1182,#1212,#1214,.T.);
#1212 = VERTEX_POINT('',#1213);
#1213 = CARTESIAN_POINT('',(263.,275.,65.));
#1214 = LINE('',#1215,#1216);
#1215 = CARTESIAN_POINT('',(263.,248.3,65.));
#1216 = VECTOR('',#1217,1.);
#1217 = DIRECTION('',(0.,1.,0.));
#1218 = ORIENTED_EDGE('',*,*,#1189,.T.);
#1219 = ORIENTED_EDGE('',*,*,#1220,.T.);
#1220 = EDGE_CURVE('',#1190,#1221,#1223,.T.);
#1221 = VERTEX_POINT('',#1222);
#1222 = CARTESIAN_POINT('',(265.,275.,65.));
#1223 = LINE('',#1224,#1225);
#1224 = CARTESIAN_POINT('',(265.,248.3,65.));
#1225 = VECTOR('',#1226,1.);
#1226 = DIRECTION('',(0.,1.,0.));
#1227 = ORIENTED_EDGE('',*,*,#1228,.F.);
#1228 = EDGE_CURVE('',#1212,#1221,#1229,.T.);
#1229 = LINE('',#1230,#1231);
#1230 = CARTESIAN_POINT('',(263.,275.,65.));
#1231 = VECTOR('',#1232,1.);
#1232 = DIRECTION('',(1.,0.,0.));
#1233 = PLANE('',#1234);
#1234 = AXIS2_PLACEMENT_3D('',#1235,#1236,#1237);
#1235 = CARTESIAN_POINT('',(263.,248.3,65.));
#1236 = DIRECTION('',(0.,0.,1.));
#1237 = DIRECTION('',(1.,0.,0.));
#1238 = ADVANCED_FACE('',(#1239),#1264,.F.);
#1239 = FACE_BOUND('',#1240,.F.);
#1240 = EDGE_LOOP('',(#1241,#1249,#1250,#1258));
#1241 = ORIENTED_EDGE('',*,*,#1242,.F.);
#1242 = EDGE_CURVE('',#1172,#1243,#1245,.T.);
#1243 = VERTEX_POINT('',#1244);
#1244 = CARTESIAN_POINT('',(263.,262.3,62.));
#1245 = LINE('',#1246,#1247);
#1246 = CARTESIAN_POINT('',(263.,248.3,62.));
#1247 = VECTOR('',#1248,1.);
#1248 = DIRECTION('',(0.,1.,0.));
#1249 = ORIENTED_EDGE('',*,*,#1171,.T.);
#1250 = ORIENTED_EDGE('',*,*,#1251,.T.);
#1251 = EDGE_CURVE('',#1174,#1252,#1254,.T.);
#1252 = VERTEX_POINT('',#1253);
#1253 = CARTESIAN_POINT('',(265.,262.3,62.));
#1254 = LINE('',#1255,#1256);
#1255 = CARTESIAN_POINT('',(265.,248.3,62.));
#1256 = VECTOR('',#1257,1.);
#1257 = DIRECTION('',(0.,1.,0.));
#1258 = ORIENTED_EDGE('',*,*,#1259,.F.);
#1259 = EDGE_CURVE('',#1243,#1252,#1260,.T.);
#1260 = LINE('',#1261,#1262);
#1261 = CARTESIAN_POINT('',(263.,262.3,62.));
#1262 = VECTOR('',#1263,1.);
#1263 = DIRECTION('',(1.,0.,0.));
#1264 = PLANE('',#1265);
#1265 = AXIS2_PLACEMENT_3D('',#1266,#1267,#1268);
#1266 = CARTESIAN_POINT('',(263.,248.3,62.));
#1267 = DIRECTION('',(0.,0.,1.));
#1268 = DIRECTION('',(1.,0.,0.));
#1269 = ADVANCED_FACE('',(#1270),#1295,.F.);
#1270 = FACE_BOUND('',#1271,.F.);
#1271 = EDGE_LOOP('',(#1272,#1282,#1288,#1289));
#1272 = ORIENTED_EDGE('',*,*,#1273,.F.);
#1273 = EDGE_CURVE('',#1274,#1276,#1278,.T.);
#1274 = VERTEX_POINT('',#1275);
#1275 = CARTESIAN_POINT('',(263.,262.3,52.3));
#1276 = VERTEX_POINT('',#1277);
#1277 = CARTESIAN_POINT('',(265.,262.3,52.3));
#1278 = LINE('',#1279,#1280);
#1279 = CARTESIAN_POINT('',(263.,262.3,52.3));
#1280 = VECTOR('',#1281,1.);
#1281 = DIRECTION('',(1.,0.,0.));
#1282 = ORIENTED_EDGE('',*,*,#1283,.T.);
#1283 = EDGE_CURVE('',#1274,#1243,#1284,.T.);
#1284 = LINE('',#1285,#1286);
#1285 = CARTESIAN_POINT('',(263.,262.3,52.3));
#1286 = VECTOR('',#1287,1.);
#1287 = DIRECTION('',(0.,0.,1.));
#1288 = ORIENTED_EDGE('',*,*,#1259,.T.);
#1289 = ORIENTED_EDGE('',*,*,#1290,.F.);
#1290 = EDGE_CURVE('',#1276,#1252,#1291,.T.);
#1291 = LINE('',#1292,#1293);
#1292 = CARTESIAN_POINT('',(265.,262.3,52.3));
#1293 = VECTOR('',#1294,1.);
#1294 = DIRECTION('',(0.,0.,1.));
#1295 = PLANE('',#1296);
#1296 = AXIS2_PLACEMENT_3D('',#1297,#1298,#1299);
#1297 = CARTESIAN_POINT('',(263.,262.3,52.3));
#1298 = DIRECTION('',(0.,1.,0.));
#1299 = DIRECTION('',(0.,0.,1.));
#1300 = ADVANCED_FACE('',(#1301),#1326,.F.);
#1301 = FACE_BOUND('',#1302,.F.);
#1302 = EDGE_LOOP('',(#1303,#1311,#1312,#1320));
#1303 = ORIENTED_EDGE('',*,*,#1304,.F.);
#1304 = EDGE_CURVE('',#1274,#1305,#1307,.T.);
#1305 = VERTEX_POINT('',#1306);
#1306 = CARTESIAN_POINT('',(263.,275.,52.3));
#1307 = LINE('',#1308,#1309);
#1308 = CARTESIAN_POINT('',(263.,262.3,52.3));
#1309 = VECTOR('',#1310,1.);
#1310 = DIRECTION('',(0.,1.,0.));
#1311 = ORIENTED_EDGE('',*,*,#1273,.T.);
#1312 = ORIENTED_EDGE('',*,*,#1313,.T.);
#1313 = EDGE_CURVE('',#1276,#1314,#1316,.T.);
#1314 = VERTEX_POINT('',#1315);
#1315 = CARTESIAN_POINT('',(265.,275.,52.3));
#1316 = LINE('',#1317,#1318);
#1317 = CARTESIAN_POINT('',(265.,262.3,52.3));
#1318 = VECTOR('',#1319,1.);
#1319 = DIRECTION('',(0.,1.,0.));
#1320 = ORIENTED_EDGE('',*,*,#1321,.F.);
#1321 = EDGE_CURVE('',#1305,#1314,#1322,.T.);
#1322 = LINE('',#1323,#1324);
#1323 = CARTESIAN_POINT('',(263.,275.,52.3));
#1324 = VECTOR('',#1325,1.);
#1325 = DIRECTION('',(1.,0.,0.));
#1326 = PLANE('',#1327);
#1327 = AXIS2_PLACEMENT_3D('',#1328,#1329,#1330);
#1328 = CARTESIAN_POINT('',(263.,262.3,52.3));
#1329 = DIRECTION('',(0.,0.,1.));
#1330 = DIRECTION('',(1.,0.,0.));
#1331 = ADVANCED_FACE('',(#1332),#1345,.T.);
#1332 = FACE_BOUND('',#1333,.T.);
#1333 = EDGE_LOOP('',(#1334,#1335,#1336,#1342,#1343,#1344));
#1334 = ORIENTED_EDGE('',*,*,#1181,.T.);
#1335 = ORIENTED_EDGE('',*,*,#1211,.T.);
#1336 = ORIENTED_EDGE('',*,*,#1337,.F.);
#1337 = EDGE_CURVE('',#1305,#1212,#1338,.T.);
#1338 = LINE('',#1339,#1340);
#1339 = CARTESIAN_POINT('',(263.,275.,62.));
#1340 = VECTOR('',#1341,1.);
#1341 = DIRECTION('',(0.,0.,1.));
#1342 = ORIENTED_EDGE('',*,*,#1304,.F.);
#1343 = ORIENTED_EDGE('',*,*,#1283,.T.);
#1344 = ORIENTED_EDGE('',*,*,#1242,.F.);
#1345 = PLANE('',#1346);
#1346 = AXIS2_PLACEMENT_3D('',#1347,#1348,#1349);
#1347 = CARTESIAN_POINT('',(263.,263.3733502538,60.373350253807));
#1348 = DIRECTION('',(-1.,-0.,-0.));
#1349 = DIRECTION('',(0.,0.,-1.));
#1350 = ADVANCED_FACE('',(#1351),#1362,.T.);
#1351 = FACE_BOUND('',#1352,.T.);
#1352 = EDGE_LOOP('',(#1353,#1359,#1360,#1361));
#1353 = ORIENTED_EDGE('',*,*,#1354,.F.);
#1354 = EDGE_CURVE('',#1314,#1221,#1355,.T.);
#1355 = LINE('',#1356,#1357);
#1356 = CARTESIAN_POINT('',(265.,275.,62.));
#1357 = VECTOR('',#1358,1.);
#1358 = DIRECTION('',(0.,0.,1.));
#1359 = ORIENTED_EDGE('',*,*,#1321,.F.);
#1360 = ORIENTED_EDGE('',*,*,#1337,.T.);
#1361 = ORIENTED_EDGE('',*,*,#1228,.T.);
#1362 = PLANE('',#1363);
#1363 = AXIS2_PLACEMENT_3D('',#1364,#1365,#1366);
#1364 = CARTESIAN_POINT('',(264.,275.,58.65));
#1365 = DIRECTION('',(0.,1.,0.));
#1366 = DIRECTION('',(0.,0.,1.));
#1367 = ADVANCED_FACE('',(#1368),#1376,.T.);
#1368 = FACE_BOUND('',#1369,.T.);
#1369 = EDGE_LOOP('',(#1370,#1371,#1372,#1373,#1374,#1375));
#1370 = ORIENTED_EDGE('',*,*,#1197,.F.);
#1371 = ORIENTED_EDGE('',*,*,#1251,.T.);
#1372 = ORIENTED_EDGE('',*,*,#1290,.F.);
#1373 = ORIENTED_EDGE('',*,*,#1313,.T.);
#1374 = ORIENTED_EDGE('',*,*,#1354,.T.);
#1375 = ORIENTED_EDGE('',*,*,#1220,.F.);
#1376 = PLANE('',#1377);
#1377 = AXIS2_PLACEMENT_3D('',#1378,#1379,#1380);
#1378 = CARTESIAN_POINT('',(265.,263.3733502538,60.373350253807));
#1379 = DIRECTION('',(1.,0.,0.));
#1380 = DIRECTION('',(0.,0.,1.));
#1381 = MANIFOLD_SOLID_BREP('',#1382);
#1382 = CLOSED_SHELL('',(#1383,#1423,#1463,#1485,#1507,#1519));
#1383 = ADVANCED_FACE('',(#1384),#1418,.F.);
#1384 = FACE_BOUND('',#1385,.F.);
#1385 = EDGE_LOOP('',(#1386,#1396,#1404,#1412));
#1386 = ORIENTED_EDGE('',*,*,#1387,.F.);
#1387 = EDGE_CURVE('',#1388,#1390,#1392,.T.);
#1388 = VERTEX_POINT('',#1389);
#1389 = CARTESIAN_POINT('',(28.,83.5,66.5));
#1390 = VERTEX_POINT('',#1391);
#1391 = CARTESIAN_POINT('',(28.,83.5,86.5));
#1392 = LINE('',#1393,#1394);
#1393 = CARTESIAN_POINT('',(28.,83.5,66.5));
#1394 = VECTOR('',#1395,1.);
#1395 = DIRECTION('',(0.,0.,1.));
#1396 = ORIENTED_EDGE('',*,*,#1397,.T.);
#1397 = EDGE_CURVE('',#1388,#1398,#1400,.T.);
#1398 = VERTEX_POINT('',#1399);
#1399 = CARTESIAN_POINT('',(28.,85.,66.5));
#1400 = LINE('',#1401,#1402);
#1401 = CARTESIAN_POINT('',(28.,83.5,66.5));
#1402 = VECTOR('',#1403,1.);
#1403 = DIRECTION('',(0.,1.,0.));
#1404 = ORIENTED_EDGE('',*,*,#1405,.T.);
#1405 = EDGE_CURVE('',#1398,#1406,#1408,.T.);
#1406 = VERTEX_POINT('',#1407);
#1407 = CARTESIAN_POINT('',(28.,85.,86.5));
#1408 = LINE('',#1409,#1410);
#1409 = CARTESIAN_POINT('',(28.,85.,66.5));
#1410 = VECTOR('',#1411,1.);
#1411 = DIRECTION('',(0.,0.,1.));
#1412 = ORIENTED_EDGE('',*,*,#1413,.F.);
#1413 = EDGE_CURVE('',#1390,#1406,#1414,.T.);
#1414 = LINE('',#1415,#1416);
#1415 = CARTESIAN_POINT('',(28.,83.5,86.5));
#1416 = VECTOR('',#1417,1.);
#1417 = DIRECTION('',(0.,1.,0.));
#1418 = PLANE('',#1419);
#1419 = AXIS2_PLACEMENT_3D('',#1420,#1421,#1422);
#1420 = CARTESIAN_POINT('',(28.,83.5,66.5));
#1421 = DIRECTION('',(1.,0.,0.));
#1422 = DIRECTION('',(0.,0.,1.));
#1423 = ADVANCED_FACE('',(#1424),#1458,.T.);
#1424 = FACE_BOUND('',#1425,.T.);
#1425 = EDGE_LOOP('',(#1426,#1436,#1444,#1452));
#1426 = ORIENTED_EDGE('',*,*,#1427,.F.);
#1427 = EDGE_CURVE('',#1428,#1430,#1432,.T.);
#1428 = VERTEX_POINT('',#1429);
#1429 = CARTESIAN_POINT('',(247.,83.5,66.5));
#1430 = VERTEX_POINT('',#1431);
#1431 = CARTESIAN_POINT('',(247.,83.5,86.5));
#1432 = LINE('',#1433,#1434);
#1433 = CARTESIAN_POINT('',(247.,83.5,66.5));
#1434 = VECTOR('',#1435,1.);
#1435 = DIRECTION('',(0.,0.,1.));
#1436 = ORIENTED_EDGE('',*,*,#1437,.T.);
#1437 = EDGE_CURVE('',#1428,#1438,#1440,.T.);
#1438 = VERTEX_POINT('',#1439);
#1439 = CARTESIAN_POINT('',(247.,85.,66.5));
#1440 = LINE('',#1441,#1442);
#1441 = CARTESIAN_POINT('',(247.,83.5,66.5));
#1442 = VECTOR('',#1443,1.);
#1443 = DIRECTION('',(0.,1.,0.));
#1444 = ORIENTED_EDGE('',*,*,#1445,.T.);
#1445 = EDGE_CURVE('',#1438,#1446,#1448,.T.);
#1446 = VERTEX_POINT('',#1447);
#1447 = CARTESIAN_POINT('',(247.,85.,86.5));
#1448 = LINE('',#1449,#1450);
#1449 = CARTESIAN_POINT('',(247.,85.,66.5));
#1450 = VECTOR('',#1451,1.);
#1451 = DIRECTION('',(0.,0.,1.));
#1452 = ORIENTED_EDGE('',*,*,#1453,.F.);
#1453 = EDGE_CURVE('',#1430,#1446,#1454,.T.);
#1454 = LINE('',#1455,#1456);
#1455 = CARTESIAN_POINT('',(247.,83.5,86.5));
#1456 = VECTOR('',#1457,1.);
#1457 = DIRECTION('',(0.,1.,0.));
#1458 = PLANE('',#1459);
#1459 = AXIS2_PLACEMENT_3D('',#1460,#1461,#1462);
#1460 = CARTESIAN_POINT('',(247.,83.5,66.5));
#1461 = DIRECTION('',(1.,0.,0.));
#1462 = DIRECTION('',(0.,0.,1.));
#1463 = ADVANCED_FACE('',(#1464),#1480,.F.);
#1464 = FACE_BOUND('',#1465,.F.);
#1465 = EDGE_LOOP('',(#1466,#1472,#1473,#1479));
#1466 = ORIENTED_EDGE('',*,*,#1467,.F.);
#1467 = EDGE_CURVE('',#1388,#1428,#1468,.T.);
#1468 = LINE('',#1469,#1470);
#1469 = CARTESIAN_POINT('',(28.,83.5,66.5));
#1470 = VECTOR('',#1471,1.);
#1471 = DIRECTION('',(1.,0.,0.));
#1472 = ORIENTED_EDGE('',*,*,#1387,.T.);
#1473 = ORIENTED_EDGE('',*,*,#1474,.T.);
#1474 = EDGE_CURVE('',#1390,#1430,#1475,.T.);
#1475 = LINE('',#1476,#1477);
#1476 = CARTESIAN_POINT('',(28.,83.5,86.5));
#1477 = VECTOR('',#1478,1.);
#1478 = DIRECTION('',(1.,0.,0.));
#1479 = ORIENTED_EDGE('',*,*,#1427,.F.);
#1480 = PLANE('',#1481);
#1481 = AXIS2_PLACEMENT_3D('',#1482,#1483,#1484);
#1482 = CARTESIAN_POINT('',(28.,83.5,66.5));
#1483 = DIRECTION('',(0.,1.,0.));
#1484 = DIRECTION('',(0.,0.,1.));
#1485 = ADVANCED_FACE('',(#1486),#1502,.T.);
#1486 = FACE_BOUND('',#1487,.T.);
#1487 = EDGE_LOOP('',(#1488,#1494,#1495,#1501));
#1488 = ORIENTED_EDGE('',*,*,#1489,.F.);
#1489 = EDGE_CURVE('',#1398,#1438,#1490,.T.);
#1490 = LINE('',#1491,#1492);
#1491 = CARTESIAN_POINT('',(28.,85.,66.5));
#1492 = VECTOR('',#1493,1.);
#1493 = DIRECTION('',(1.,0.,0.));
#1494 = ORIENTED_EDGE('',*,*,#1405,.T.);
#1495 = ORIENTED_EDGE('',*,*,#1496,.T.);
#1496 = EDGE_CURVE('',#1406,#1446,#1497,.T.);
#1497 = LINE('',#1498,#1499);
#1498 = CARTESIAN_POINT('',(28.,85.,86.5));
#1499 = VECTOR('',#1500,1.);
#1500 = DIRECTION('',(1.,0.,0.));
#1501 = ORIENTED_EDGE('',*,*,#1445,.F.);
#1502 = PLANE('',#1503);
#1503 = AXIS2_PLACEMENT_3D('',#1504,#1505,#1506);
#1504 = CARTESIAN_POINT('',(28.,85.,66.5));
#1505 = DIRECTION('',(0.,1.,0.));
#1506 = DIRECTION('',(0.,0.,1.));
#1507 = ADVANCED_FACE('',(#1508),#1514,.F.);
#1508 = FACE_BOUND('',#1509,.F.);
#1509 = EDGE_LOOP('',(#1510,#1511,#1512,#1513));
#1510 = ORIENTED_EDGE('',*,*,#1397,.F.);
#1511 = ORIENTED_EDGE('',*,*,#1467,.T.);
#1512 = ORIENTED_EDGE('',*,*,#1437,.T.);
#1513 = ORIENTED_EDGE('',*,*,#1489,.F.);
#1514 = PLANE('',#1515);
#1515 = AXIS2_PLACEMENT_3D('',#1516,#1517,#1518);
#1516 = CARTESIAN_POINT('',(28.,83.5,66.5));
#1517 = DIRECTION('',(0.,0.,1.));
#1518 = DIRECTION('',(1.,0.,0.));
#1519 = ADVANCED_FACE('',(#1520),#1526,.T.);
#1520 = FACE_BOUND('',#1521,.T.);
#1521 = EDGE_LOOP('',(#1522,#1523,#1524,#1525));
#1522 = ORIENTED_EDGE('',*,*,#1413,.F.);
#1523 = ORIENTED_EDGE('',*,*,#1474,.T.);
#1524 = ORIENTED_EDGE('',*,*,#1453,.T.);
#1525 = ORIENTED_EDGE('',*,*,#1496,.F.);
#1526 = PLANE('',#1527);
#1527 = AXIS2_PLACEMENT_3D('',#1528,#1529,#1530);
#1528 = CARTESIAN_POINT('',(28.,83.5,86.5));
#1529 = DIRECTION('',(0.,0.,1.));
#1530 = DIRECTION('',(1.,0.,0.));
#1531 = MANIFOLD_SOLID_BREP('',#1532);
#1532 = CLOSED_SHELL('',(#1533,#1607,#1638,#1662,#1686,#1703,#1734,#1758
    ,#1782,#1799));
#1533 = ADVANCED_FACE('',(#1534,#1568),#1602,.F.);
#1534 = FACE_BOUND('',#1535,.F.);
#1535 = EDGE_LOOP('',(#1536,#1546,#1554,#1562));
#1536 = ORIENTED_EDGE('',*,*,#1537,.F.);
#1537 = EDGE_CURVE('',#1538,#1540,#1542,.T.);
#1538 = VERTEX_POINT('',#1539);
#1539 = CARTESIAN_POINT('',(28.,262.3,52.3));
#1540 = VERTEX_POINT('',#1541);
#1541 = CARTESIAN_POINT('',(28.,262.3,65.));
#1542 = LINE('',#1543,#1544);
#1543 = CARTESIAN_POINT('',(28.,262.3,52.3));
#1544 = VECTOR('',#1545,1.);
#1545 = DIRECTION('',(0.,0.,1.));
#1546 = ORIENTED_EDGE('',*,*,#1547,.T.);
#1547 = EDGE_CURVE('',#1538,#1548,#1550,.T.);
#1548 = VERTEX_POINT('',#1549);
#1549 = CARTESIAN_POINT('',(28.,275.,52.3));
#1550 = LINE('',#1551,#1552);
#1551 = CARTESIAN_POINT('',(28.,262.3,52.3));
#1552 = VECTOR('',#1553,1.);
#1553 = DIRECTION('',(0.,1.,0.));
#1554 = ORIENTED_EDGE('',*,*,#1555,.T.);
#1555 = EDGE_CURVE('',#1548,#1556,#1558,.T.);
#1556 = VERTEX_POINT('',#1557);
#1557 = CARTESIAN_POINT('',(28.,275.,65.));
#1558 = LINE('',#1559,#1560);
#1559 = CARTESIAN_POINT('',(28.,275.,52.3));
#1560 = VECTOR('',#1561,1.);
#1561 = DIRECTION('',(0.,0.,1.));
#1562 = ORIENTED_EDGE('',*,*,#1563,.F.);
#1563 = EDGE_CURVE('',#1540,#1556,#1564,.T.);
#1564 = LINE('',#1565,#1566);
#1565 = CARTESIAN_POINT('',(28.,262.3,65.));
#1566 = VECTOR('',#1567,1.);
#1567 = DIRECTION('',(0.,1.,0.));
#1568 = FACE_BOUND('',#1569,.F.);
#1569 = EDGE_LOOP('',(#1570,#1580,#1588,#1596));
#1570 = ORIENTED_EDGE('',*,*,#1571,.T.);
#1571 = EDGE_CURVE('',#1572,#1574,#1576,.T.);
#1572 = VERTEX_POINT('',#1573);
#1573 = CARTESIAN_POINT('',(28.,273.3998,53.9002));
#1574 = VERTEX_POINT('',#1575);
#1575 = CARTESIAN_POINT('',(28.,263.9002,53.9002));
#1576 = LINE('',#1577,#1578);
#1577 = CARTESIAN_POINT('',(28.,263.1001,53.9002));
#1578 = VECTOR('',#1579,1.);
#1579 = DIRECTION('',(0.,-1.,0.));
#1580 = ORIENTED_EDGE('',*,*,#1581,.T.);
#1581 = EDGE_CURVE('',#1574,#1582,#1584,.T.);
#1582 = VERTEX_POINT('',#1583);
#1583 = CARTESIAN_POINT('',(28.,263.9002,63.3998));
#1584 = LINE('',#1585,#1586);
#1585 = CARTESIAN_POINT('',(28.,263.9002,53.1001));
#1586 = VECTOR('',#1587,1.);
#1587 = DIRECTION('',(0.,0.,1.));
#1588 = ORIENTED_EDGE('',*,*,#1589,.F.);
#1589 = EDGE_CURVE('',#1590,#1582,#1592,.T.);
#1590 = VERTEX_POINT('',#1591);
#1591 = CARTESIAN_POINT('',(28.,273.3998,63.3998));
#1592 = LINE('',#1593,#1594);
#1593 = CARTESIAN_POINT('',(28.,263.1001,63.3998));
#1594 = VECTOR('',#1595,1.);
#1595 = DIRECTION('',(0.,-1.,0.));
#1596 = ORIENTED_EDGE('',*,*,#1597,.F.);
#1597 = EDGE_CURVE('',#1572,#1590,#1598,.T.);
#1598 = LINE('',#1599,#1600);
#1599 = CARTESIAN_POINT('',(28.,273.3998,53.1001));
#1600 = VECTOR('',#1601,1.);
#1601 = DIRECTION('',(0.,0.,1.));
#1602 = PLANE('',#1603);
#1603 = AXIS2_PLACEMENT_3D('',#1604,#1605,#1606);
#1604 = CARTESIAN_POINT('',(28.,262.3,52.3));
#1605 = DIRECTION('',(1.,0.,0.));
#1606 = DIRECTION('',(0.,0.,1.));
#1607 = ADVANCED_FACE('',(#1608),#1633,.F.);
#1608 = FACE_BOUND('',#1609,.F.);
#1609 = EDGE_LOOP('',(#1610,#1618,#1619,#1627));
#1610 = ORIENTED_EDGE('',*,*,#1611,.F.);
#1611 = EDGE_CURVE('',#1538,#1612,#1614,.T.);
#1612 = VERTEX_POINT('',#1613);
#1613 = CARTESIAN_POINT('',(263.,262.3,52.3));
#1614 = LINE('',#1615,#1616);
#1615 = CARTESIAN_POINT('',(28.,262.3,52.3));
#1616 = VECTOR('',#1617,1.);
#1617 = DIRECTION('',(1.,0.,0.));
#1618 = ORIENTED_EDGE('',*,*,#1537,.T.);
#1619 = ORIENTED_EDGE('',*,*,#1620,.T.);
#1620 = EDGE_CURVE('',#1540,#1621,#1623,.T.);
#1621 = VERTEX_POINT('',#1622);
#1622 = CARTESIAN_POINT('',(263.,262.3,65.));
#1623 = LINE('',#1624,#1625);
#1624 = CARTESIAN_POINT('',(28.,262.3,65.));
#1625 = VECTOR('',#1626,1.);
#1626 = DIRECTION('',(1.,0.,0.));
#1627 = ORIENTED_EDGE('',*,*,#1628,.F.);
#1628 = EDGE_CURVE('',#1612,#1621,#1629,.T.);
#1629 = LINE('',#1630,#1631);
#1630 = CARTESIAN_POINT('',(263.,262.3,52.3));
#1631 = VECTOR('',#1632,1.);
#1632 = DIRECTION('',(0.,0.,1.));
#1633 = PLANE('',#1634);
#1634 = AXIS2_PLACEMENT_3D('',#1635,#1636,#1637);
#1635 = CARTESIAN_POINT('',(28.,262.3,52.3));
#1636 = DIRECTION('',(0.,1.,0.));
#1637 = DIRECTION('',(0.,0.,1.));
#1638 = ADVANCED_FACE('',(#1639),#1657,.T.);
#1639 = FACE_BOUND('',#1640,.T.);
#1640 = EDGE_LOOP('',(#1641,#1642,#1643,#1651));
#1641 = ORIENTED_EDGE('',*,*,#1563,.F.);
#1642 = ORIENTED_EDGE('',*,*,#1620,.T.);
#1643 = ORIENTED_EDGE('',*,*,#1644,.T.);
#1644 = EDGE_CURVE('',#1621,#1645,#1647,.T.);
#1645 = VERTEX_POINT('',#1646);
#1646 = CARTESIAN_POINT('',(263.,275.,65.));
#1647 = LINE('',#1648,#1649);
#1648 = CARTESIAN_POINT('',(263.,262.3,65.));
#1649 = VECTOR('',#1650,1.);
#1650 = DIRECTION('',(0.,1.,0.));
#1651 = ORIENTED_EDGE('',*,*,#1652,.F.);
#1652 = EDGE_CURVE('',#1556,#1645,#1653,.T.);
#1653 = LINE('',#1654,#1655);
#1654 = CARTESIAN_POINT('',(28.,275.,65.));
#1655 = VECTOR('',#1656,1.);
#1656 = DIRECTION('',(1.,0.,0.));
#1657 = PLANE('',#1658);
#1658 = AXIS2_PLACEMENT_3D('',#1659,#1660,#1661);
#1659 = CARTESIAN_POINT('',(28.,262.3,65.));
#1660 = DIRECTION('',(0.,0.,1.));
#1661 = DIRECTION('',(1.,0.,0.));
#1662 = ADVANCED_FACE('',(#1663),#1681,.F.);
#1663 = FACE_BOUND('',#1664,.F.);
#1664 = EDGE_LOOP('',(#1665,#1666,#1667,#1675));
#1665 = ORIENTED_EDGE('',*,*,#1547,.F.);
#1666 = ORIENTED_EDGE('',*,*,#1611,.T.);
#1667 = ORIENTED_EDGE('',*,*,#1668,.T.);
#1668 = EDGE_CURVE('',#1612,#1669,#1671,.T.);
#1669 = VERTEX_POINT('',#1670);
#1670 = CARTESIAN_POINT('',(263.,275.,52.3));
#1671 = LINE('',#1672,#1673);
#1672 = CARTESIAN_POINT('',(263.,262.3,52.3));
#1673 = VECTOR('',#1674,1.);
#1674 = DIRECTION('',(0.,1.,0.));
#1675 = ORIENTED_EDGE('',*,*,#1676,.F.);
#1676 = EDGE_CURVE('',#1548,#1669,#1677,.T.);
#1677 = LINE('',#1678,#1679);
#1678 = CARTESIAN_POINT('',(28.,275.,52.3));
#1679 = VECTOR('',#1680,1.);
#1680 = DIRECTION('',(1.,0.,0.));
#1681 = PLANE('',#1682);
#1682 = AXIS2_PLACEMENT_3D('',#1683,#1684,#1685);
#1683 = CARTESIAN_POINT('',(28.,262.3,52.3));
#1684 = DIRECTION('',(0.,0.,1.));
#1685 = DIRECTION('',(1.,0.,0.));
#1686 = ADVANCED_FACE('',(#1687),#1698,.T.);
#1687 = FACE_BOUND('',#1688,.T.);
#1688 = EDGE_LOOP('',(#1689,#1690,#1691,#1692));
#1689 = ORIENTED_EDGE('',*,*,#1676,.F.);
#1690 = ORIENTED_EDGE('',*,*,#1555,.T.);
#1691 = ORIENTED_EDGE('',*,*,#1652,.T.);
#1692 = ORIENTED_EDGE('',*,*,#1693,.F.);
#1693 = EDGE_CURVE('',#1669,#1645,#1694,.T.);
#1694 = LINE('',#1695,#1696);
#1695 = CARTESIAN_POINT('',(263.,275.,52.3));
#1696 = VECTOR('',#1697,1.);
#1697 = DIRECTION('',(0.,0.,1.));
#1698 = PLANE('',#1699);
#1699 = AXIS2_PLACEMENT_3D('',#1700,#1701,#1702);
#1700 = CARTESIAN_POINT('',(28.,275.,52.3));
#1701 = DIRECTION('',(0.,1.,0.));
#1702 = DIRECTION('',(0.,0.,1.));
#1703 = ADVANCED_FACE('',(#1704),#1729,.T.);
#1704 = FACE_BOUND('',#1705,.T.);
#1705 = EDGE_LOOP('',(#1706,#1714,#1715,#1723));
#1706 = ORIENTED_EDGE('',*,*,#1707,.F.);
#1707 = EDGE_CURVE('',#1572,#1708,#1710,.T.);
#1708 = VERTEX_POINT('',#1709);
#1709 = CARTESIAN_POINT('',(263.,273.3998,53.9002));
#1710 = LINE('',#1711,#1712);
#1711 = CARTESIAN_POINT('',(27.9,273.3998,53.9002));
#1712 = VECTOR('',#1713,1.);
#1713 = DIRECTION('',(1.,0.,0.));
#1714 = ORIENTED_EDGE('',*,*,#1571,.T.);
#1715 = ORIENTED_EDGE('',*,*,#1716,.T.);
#1716 = EDGE_CURVE('',#1574,#1717,#1719,.T.);
#1717 = VERTEX_POINT('',#1718);
#1718 = CARTESIAN_POINT('',(263.,263.9002,53.9002));
#1719 = LINE('',#1720,#1721);
#1720 = CARTESIAN_POINT('',(27.9,263.9002,53.9002));
#1721 = VECTOR('',#1722,1.);
#1722 = DIRECTION('',(1.,0.,0.));
#1723 = ORIENTED_EDGE('',*,*,#1724,.F.);
#1724 = EDGE_CURVE('',#1708,#1717,#1725,.T.);
#1725 = LINE('',#1726,#1727);
#1726 = CARTESIAN_POINT('',(263.,263.1001,53.9002));
#1727 = VECTOR('',#1728,1.);
#1728 = DIRECTION('',(0.,-1.,0.));
#1729 = PLANE('',#1730);
#1730 = AXIS2_PLACEMENT_3D('',#1731,#1732,#1733);
#1731 = CARTESIAN_POINT('',(27.9,263.9002,53.9002));
#1732 = DIRECTION('',(0.,0.,1.));
#1733 = DIRECTION('',(1.,0.,0.));
#1734 = ADVANCED_FACE('',(#1735),#1753,.F.);
#1735 = FACE_BOUND('',#1736,.F.);
#1736 = EDGE_LOOP('',(#1737,#1738,#1739,#1747));
#1737 = ORIENTED_EDGE('',*,*,#1707,.F.);
#1738 = ORIENTED_EDGE('',*,*,#1597,.T.);
#1739 = ORIENTED_EDGE('',*,*,#1740,.T.);
#1740 = EDGE_CURVE('',#1590,#1741,#1743,.T.);
#1741 = VERTEX_POINT('',#1742);
#1742 = CARTESIAN_POINT('',(263.,273.3998,63.3998));
#1743 = LINE('',#1744,#1745);
#1744 = CARTESIAN_POINT('',(27.9,273.3998,63.3998));
#1745 = VECTOR('',#1746,1.);
#1746 = DIRECTION('',(1.,0.,0.));
#1747 = ORIENTED_EDGE('',*,*,#1748,.F.);
#1748 = EDGE_CURVE('',#1708,#1741,#1749,.T.);
#1749 = LINE('',#1750,#1751);
#1750 = CARTESIAN_POINT('',(263.,273.3998,53.1001));
#1751 = VECTOR('',#1752,1.);
#1752 = DIRECTION('',(0.,0.,1.));
#1753 = PLANE('',#1754);
#1754 = AXIS2_PLACEMENT_3D('',#1755,#1756,#1757);
#1755 = CARTESIAN_POINT('',(27.9,273.3998,53.9002));
#1756 = DIRECTION('',(0.,1.,0.));
#1757 = DIRECTION('',(0.,0.,1.));
#1758 = ADVANCED_FACE('',(#1759),#1777,.F.);
#1759 = FACE_BOUND('',#1760,.F.);
#1760 = EDGE_LOOP('',(#1761,#1762,#1763,#1771));
#1761 = ORIENTED_EDGE('',*,*,#1740,.F.);
#1762 = ORIENTED_EDGE('',*,*,#1589,.T.);
#1763 = ORIENTED_EDGE('',*,*,#1764,.T.);
#1764 = EDGE_CURVE('',#1582,#1765,#1767,.T.);
#1765 = VERTEX_POINT('',#1766);
#1766 = CARTESIAN_POINT('',(263.,263.9002,63.3998));
#1767 = LINE('',#1768,#1769);
#1768 = CARTESIAN_POINT('',(27.9,263.9002,63.3998));
#1769 = VECTOR('',#1770,1.);
#1770 = DIRECTION('',(1.,0.,0.));
#1771 = ORIENTED_EDGE('',*,*,#1772,.F.);
#1772 = EDGE_CURVE('',#1741,#1765,#1773,.T.);
#1773 = LINE('',#1774,#1775);
#1774 = CARTESIAN_POINT('',(263.,263.1001,63.3998));
#1775 = VECTOR('',#1776,1.);
#1776 = DIRECTION('',(0.,-1.,0.));
#1777 = PLANE('',#1778);
#1778 = AXIS2_PLACEMENT_3D('',#1779,#1780,#1781);
#1779 = CARTESIAN_POINT('',(27.9,263.9002,63.3998));
#1780 = DIRECTION('',(0.,0.,1.));
#1781 = DIRECTION('',(1.,0.,0.));
#1782 = ADVANCED_FACE('',(#1783),#1794,.T.);
#1783 = FACE_BOUND('',#1784,.T.);
#1784 = EDGE_LOOP('',(#1785,#1786,#1787,#1788));
#1785 = ORIENTED_EDGE('',*,*,#1716,.F.);
#1786 = ORIENTED_EDGE('',*,*,#1581,.T.);
#1787 = ORIENTED_EDGE('',*,*,#1764,.T.);
#1788 = ORIENTED_EDGE('',*,*,#1789,.F.);
#1789 = EDGE_CURVE('',#1717,#1765,#1790,.T.);
#1790 = LINE('',#1791,#1792);
#1791 = CARTESIAN_POINT('',(263.,263.9002,53.1001));
#1792 = VECTOR('',#1793,1.);
#1793 = DIRECTION('',(0.,0.,1.));
#1794 = PLANE('',#1795);
#1795 = AXIS2_PLACEMENT_3D('',#1796,#1797,#1798);
#1796 = CARTESIAN_POINT('',(27.9,263.9002,53.9002));
#1797 = DIRECTION('',(0.,1.,0.));
#1798 = DIRECTION('',(0.,0.,1.));
#1799 = ADVANCED_FACE('',(#1800,#1806),#1812,.T.);
#1800 = FACE_BOUND('',#1801,.T.);
#1801 = EDGE_LOOP('',(#1802,#1803,#1804,#1805));
#1802 = ORIENTED_EDGE('',*,*,#1628,.F.);
#1803 = ORIENTED_EDGE('',*,*,#1668,.T.);
#1804 = ORIENTED_EDGE('',*,*,#1693,.T.);
#1805 = ORIENTED_EDGE('',*,*,#1644,.F.);
#1806 = FACE_BOUND('',#1807,.T.);
#1807 = EDGE_LOOP('',(#1808,#1809,#1810,#1811));
#1808 = ORIENTED_EDGE('',*,*,#1724,.T.);
#1809 = ORIENTED_EDGE('',*,*,#1789,.T.);
#1810 = ORIENTED_EDGE('',*,*,#1772,.F.);
#1811 = ORIENTED_EDGE('',*,*,#1748,.F.);
#1812 = PLANE('',#1813);
#1813 = AXIS2_PLACEMENT_3D('',#1814,#1815,#1816);
#1814 = CARTESIAN_POINT('',(263.,262.3,52.3));
#1815 = DIRECTION('',(1.,0.,0.));
#1816 = DIRECTION('',(0.,0.,1.));
#1817 = MANIFOLD_SOLID_BREP('',#1818);
#1818 = CLOSED_SHELL('',(#1819,#1859,#1906,#1941,#1981,#2009,#2026,#2043
    ,#2055));
#1819 = ADVANCED_FACE('',(#1820),#1854,.F.);
#1820 = FACE_BOUND('',#1821,.F.);
#1821 = EDGE_LOOP('',(#1822,#1832,#1840,#1848));
#1822 = ORIENTED_EDGE('',*,*,#1823,.F.);
#1823 = EDGE_CURVE('',#1824,#1826,#1828,.T.);
#1824 = VERTEX_POINT('',#1825);
#1825 = CARTESIAN_POINT('',(5.,1.3,82.825));
#1826 = VERTEX_POINT('',#1827);
#1827 = CARTESIAN_POINT('',(5.,1.3,86.));
#1828 = LINE('',#1829,#1830);
#1829 = CARTESIAN_POINT('',(5.,1.3,82.825));
#1830 = VECTOR('',#1831,1.);
#1831 = DIRECTION('',(0.,0.,1.));
#1832 = ORIENTED_EDGE('',*,*,#1833,.T.);
#1833 = EDGE_CURVE('',#1824,#1834,#1836,.T.);
#1834 = VERTEX_POINT('',#1835);
#1835 = CARTESIAN_POINT('',(5.,26.7,82.825));
#1836 = LINE('',#1837,#1838);
#1837 = CARTESIAN_POINT('',(5.,1.3,82.825));
#1838 = VECTOR('',#1839,1.);
#1839 = DIRECTION('',(0.,1.,0.));
#1840 = ORIENTED_EDGE('',*,*,#1841,.T.);
#1841 = EDGE_CURVE('',#1834,#1842,#1844,.T.);
#1842 = VERTEX_POINT('',#1843);
#1843 = CARTESIAN_POINT('',(5.,26.7,86.));
#1844 = LINE('',#1845,#1846);
#1845 = CARTESIAN_POINT('',(5.,26.7,82.825));
#1846 = VECTOR('',#1847,1.);
#1847 = DIRECTION('',(0.,0.,1.));
#1848 = ORIENTED_EDGE('',*,*,#1849,.F.);
#1849 = EDGE_CURVE('',#1826,#1842,#1850,.T.);
#1850 = LINE('',#1851,#1852);
#1851 = CARTESIAN_POINT('',(5.,1.3,86.));
#1852 = VECTOR('',#1853,1.);
#1853 = DIRECTION('',(0.,1.,0.));
#1854 = PLANE('',#1855);
#1855 = AXIS2_PLACEMENT_3D('',#1856,#1857,#1858);
#1856 = CARTESIAN_POINT('',(5.,1.3,82.825));
#1857 = DIRECTION('',(1.,0.,0.));
#1858 = DIRECTION('',(0.,0.,1.));
#1859 = ADVANCED_FACE('',(#1860),#1901,.T.);
#1860 = FACE_BOUND('',#1861,.T.);
#1861 = EDGE_LOOP('',(#1862,#1870,#1878,#1886,#1894,#1900));
#1862 = ORIENTED_EDGE('',*,*,#1863,.T.);
#1863 = EDGE_CURVE('',#1824,#1864,#1866,.T.);
#1864 = VERTEX_POINT('',#1865);
#1865 = CARTESIAN_POINT('',(24.825,1.3,82.825));
#1866 = LINE('',#1867,#1868);
#1867 = CARTESIAN_POINT('',(5.,1.3,82.825));
#1868 = VECTOR('',#1869,1.);
#1869 = DIRECTION('',(1.,0.,0.));
#1870 = ORIENTED_EDGE('',*,*,#1871,.F.);
#1871 = EDGE_CURVE('',#1872,#1864,#1874,.T.);
#1872 = VERTEX_POINT('',#1873);
#1873 = CARTESIAN_POINT('',(24.825,1.3,65.));
#1874 = LINE('',#1875,#1876);
#1875 = CARTESIAN_POINT('',(24.825,1.3,65.));
#1876 = VECTOR('',#1877,1.);
#1877 = DIRECTION('',(0.,0.,1.));
#1878 = ORIENTED_EDGE('',*,*,#1879,.T.);
#1879 = EDGE_CURVE('',#1872,#1880,#1882,.T.);
#1880 = VERTEX_POINT('',#1881);
#1881 = CARTESIAN_POINT('',(28.,1.3,65.));
#1882 = LINE('',#1883,#1884);
#1883 = CARTESIAN_POINT('',(24.825,1.3,65.));
#1884 = VECTOR('',#1885,1.);
#1885 = DIRECTION('',(1.,0.,0.));
#1886 = ORIENTED_EDGE('',*,*,#1887,.T.);
#1887 = EDGE_CURVE('',#1880,#1888,#1890,.T.);
#1888 = VERTEX_POINT('',#1889);
#1889 = CARTESIAN_POINT('',(28.,1.3,86.));
#1890 = LINE('',#1891,#1892);
#1891 = CARTESIAN_POINT('',(28.,1.3,65.));
#1892 = VECTOR('',#1893,1.);
#1893 = DIRECTION('',(0.,0.,1.));
#1894 = ORIENTED_EDGE('',*,*,#1895,.F.);
#1895 = EDGE_CURVE('',#1826,#1888,#1896,.T.);
#1896 = LINE('',#1897,#1898);
#1897 = CARTESIAN_POINT('',(5.,1.3,86.));
#1898 = VECTOR('',#1899,1.);
#1899 = DIRECTION('',(1.,0.,0.));
#1900 = ORIENTED_EDGE('',*,*,#1823,.F.);
#1901 = PLANE('',#1902);
#1902 = AXIS2_PLACEMENT_3D('',#1903,#1904,#1905);
#1903 = CARTESIAN_POINT('',(20.515688920455,1.3,79.515688920455));
#1904 = DIRECTION('',(-0.,-1.,-0.));
#1905 = DIRECTION('',(0.,0.,-1.));
#1906 = ADVANCED_FACE('',(#1907,#1925),#1936,.T.);
#1907 = FACE_BOUND('',#1908,.T.);
#1908 = EDGE_LOOP('',(#1909,#1910,#1911,#1919));
#1909 = ORIENTED_EDGE('',*,*,#1849,.F.);
#1910 = ORIENTED_EDGE('',*,*,#1895,.T.);
#1911 = ORIENTED_EDGE('',*,*,#1912,.T.);
#1912 = EDGE_CURVE('',#1888,#1913,#1915,.T.);
#1913 = VERTEX_POINT('',#1914);
#1914 = CARTESIAN_POINT('',(28.,26.7,86.));
#1915 = LINE('',#1916,#1917);
#1916 = CARTESIAN_POINT('',(28.,1.3,86.));
#1917 = VECTOR('',#1918,1.);
#1918 = DIRECTION('',(0.,1.,0.));
#1919 = ORIENTED_EDGE('',*,*,#1920,.F.);
#1920 = EDGE_CURVE('',#1842,#1913,#1921,.T.);
#1921 = LINE('',#1922,#1923);
#1922 = CARTESIAN_POINT('',(5.,26.7,86.));
#1923 = VECTOR('',#1924,1.);
#1924 = DIRECTION('',(1.,0.,0.));
#1925 = FACE_BOUND('',#1926,.T.);
#1926 = EDGE_LOOP('',(#1927));
#1927 = ORIENTED_EDGE('',*,*,#1928,.F.);
#1928 = EDGE_CURVE('',#1929,#1929,#1931,.T.);
#1929 = VERTEX_POINT('',#1930);
#1930 = CARTESIAN_POINT('',(16.15,14.,86.));
#1931 = CIRCLE('',#1932,2.15);
#1932 = AXIS2_PLACEMENT_3D('',#1933,#1934,#1935);
#1933 = CARTESIAN_POINT('',(14.,14.,86.));
#1934 = DIRECTION('',(0.,0.,1.));
#1935 = DIRECTION('',(1.,0.,0.));
#1936 = PLANE('',#1937);
#1937 = AXIS2_PLACEMENT_3D('',#1938,#1939,#1940);
#1938 = CARTESIAN_POINT('',(5.,1.3,86.));
#1939 = DIRECTION('',(0.,0.,1.));
#1940 = DIRECTION('',(1.,0.,0.));
#1941 = ADVANCED_FACE('',(#1942),#1976,.T.);
#1942 = FACE_BOUND('',#1943,.T.);
#1943 = EDGE_LOOP('',(#1944,#1952,#1953,#1954,#1962,#1970));
#1944 = ORIENTED_EDGE('',*,*,#1945,.F.);
#1945 = EDGE_CURVE('',#1834,#1946,#1948,.T.);
#1946 = VERTEX_POINT('',#1947);
#1947 = CARTESIAN_POINT('',(24.825,26.7,82.825));
#1948 = LINE('',#1949,#1950);
#1949 = CARTESIAN_POINT('',(5.,26.7,82.825));
#1950 = VECTOR('',#1951,1.);
#1951 = DIRECTION('',(1.,0.,0.));
#1952 = ORIENTED_EDGE('',*,*,#1841,.T.);
#1953 = ORIENTED_EDGE('',*,*,#1920,.T.);
#1954 = ORIENTED_EDGE('',*,*,#1955,.F.);
#1955 = EDGE_CURVE('',#1956,#1913,#1958,.T.);
#1956 = VERTEX_POINT('',#1957);
#1957 = CARTESIAN_POINT('',(28.,26.7,65.));
#1958 = LINE('',#1959,#1960);
#1959 = CARTESIAN_POINT('',(28.,26.7,82.825));
#1960 = VECTOR('',#1961,1.);
#1961 = DIRECTION('',(0.,0.,1.));
#1962 = ORIENTED_EDGE('',*,*,#1963,.F.);
#1963 = EDGE_CURVE('',#1964,#1956,#1966,.T.);
#1964 = VERTEX_POINT('',#1965);
#1965 = CARTESIAN_POINT('',(24.825,26.7,65.));
#1966 = LINE('',#1967,#1968);
#1967 = CARTESIAN_POINT('',(24.825,26.7,65.));
#1968 = VECTOR('',#1969,1.);
#1969 = DIRECTION('',(1.,0.,0.));
#1970 = ORIENTED_EDGE('',*,*,#1971,.T.);
#1971 = EDGE_CURVE('',#1964,#1946,#1972,.T.);
#1972 = LINE('',#1973,#1974);
#1973 = CARTESIAN_POINT('',(24.825,26.7,65.));
#1974 = VECTOR('',#1975,1.);
#1975 = DIRECTION('',(0.,0.,1.));
#1976 = PLANE('',#1977);
#1977 = AXIS2_PLACEMENT_3D('',#1978,#1979,#1980);
#1978 = CARTESIAN_POINT('',(20.515688920455,26.7,79.515688920455));
#1979 = DIRECTION('',(0.,1.,0.));
#1980 = DIRECTION('',(0.,0.,1.));
#1981 = ADVANCED_FACE('',(#1982,#1993),#2004,.F.);
#1982 = FACE_BOUND('',#1983,.F.);
#1983 = EDGE_LOOP('',(#1984,#1985,#1986,#1987));
#1984 = ORIENTED_EDGE('',*,*,#1945,.F.);
#1985 = ORIENTED_EDGE('',*,*,#1833,.F.);
#1986 = ORIENTED_EDGE('',*,*,#1863,.T.);
#1987 = ORIENTED_EDGE('',*,*,#1988,.T.);
#1988 = EDGE_CURVE('',#1864,#1946,#1989,.T.);
#1989 = LINE('',#1990,#1991);
#1990 = CARTESIAN_POINT('',(24.825,1.3,82.825));
#1991 = VECTOR('',#1992,1.);
#1992 = DIRECTION('',(0.,1.,0.));
#1993 = FACE_BOUND('',#1994,.F.);
#1994 = EDGE_LOOP('',(#1995));
#1995 = ORIENTED_EDGE('',*,*,#1996,.F.);
#1996 = EDGE_CURVE('',#1997,#1997,#1999,.T.);
#1997 = VERTEX_POINT('',#1998);
#1998 = CARTESIAN_POINT('',(16.15,14.,82.825));
#1999 = CIRCLE('',#2000,2.15);
#2000 = AXIS2_PLACEMENT_3D('',#2001,#2002,#2003);
#2001 = CARTESIAN_POINT('',(14.,14.,82.825));
#2002 = DIRECTION('',(0.,0.,1.));
#2003 = DIRECTION('',(1.,0.,0.));
#2004 = PLANE('',#2005);
#2005 = AXIS2_PLACEMENT_3D('',#2006,#2007,#2008);
#2006 = CARTESIAN_POINT('',(5.,1.3,82.825));
#2007 = DIRECTION('',(0.,0.,1.));
#2008 = DIRECTION('',(1.,0.,0.));
#2009 = ADVANCED_FACE('',(#2010),#2021,.F.);
#2010 = FACE_BOUND('',#2011,.F.);
#2011 = EDGE_LOOP('',(#2012,#2013,#2019,#2020));
#2012 = ORIENTED_EDGE('',*,*,#1871,.F.);
#2013 = ORIENTED_EDGE('',*,*,#2014,.T.);
#2014 = EDGE_CURVE('',#1872,#1964,#2015,.T.);
#2015 = LINE('',#2016,#2017);
#2016 = CARTESIAN_POINT('',(24.825,1.3,65.));
#2017 = VECTOR('',#2018,1.);
#2018 = DIRECTION('',(0.,1.,0.));
#2019 = ORIENTED_EDGE('',*,*,#1971,.T.);
#2020 = ORIENTED_EDGE('',*,*,#1988,.F.);
#2021 = PLANE('',#2022);
#2022 = AXIS2_PLACEMENT_3D('',#2023,#2024,#2025);
#2023 = CARTESIAN_POINT('',(24.825,1.3,65.));
#2024 = DIRECTION('',(1.,0.,0.));
#2025 = DIRECTION('',(0.,0.,1.));
#2026 = ADVANCED_FACE('',(#2027),#2038,.F.);
#2027 = FACE_BOUND('',#2028,.F.);
#2028 = EDGE_LOOP('',(#2029,#2030,#2031,#2037));
#2029 = ORIENTED_EDGE('',*,*,#2014,.F.);
#2030 = ORIENTED_EDGE('',*,*,#1879,.T.);
#2031 = ORIENTED_EDGE('',*,*,#2032,.T.);
#2032 = EDGE_CURVE('',#1880,#1956,#2033,.T.);
#2033 = LINE('',#2034,#2035);
#2034 = CARTESIAN_POINT('',(28.,1.3,65.));
#2035 = VECTOR('',#2036,1.);
#2036 = DIRECTION('',(0.,1.,0.));
#2037 = ORIENTED_EDGE('',*,*,#1963,.F.);
#2038 = PLANE('',#2039);
#2039 = AXIS2_PLACEMENT_3D('',#2040,#2041,#2042);
#2040 = CARTESIAN_POINT('',(24.825,1.3,65.));
#2041 = DIRECTION('',(0.,0.,1.));
#2042 = DIRECTION('',(1.,0.,0.));
#2043 = ADVANCED_FACE('',(#2044),#2050,.T.);
#2044 = FACE_BOUND('',#2045,.T.);
#2045 = EDGE_LOOP('',(#2046,#2047,#2048,#2049));
#2046 = ORIENTED_EDGE('',*,*,#1887,.F.);
#2047 = ORIENTED_EDGE('',*,*,#2032,.T.);
#2048 = ORIENTED_EDGE('',*,*,#1955,.T.);
#2049 = ORIENTED_EDGE('',*,*,#1912,.F.);
#2050 = PLANE('',#2051);
#2051 = AXIS2_PLACEMENT_3D('',#2052,#2053,#2054);
#2052 = CARTESIAN_POINT('',(28.,14.,75.5));
#2053 = DIRECTION('',(1.,0.,0.));
#2054 = DIRECTION('',(0.,0.,1.));
#2055 = ADVANCED_FACE('',(#2056),#2067,.F.);
#2056 = FACE_BOUND('',#2057,.F.);
#2057 = EDGE_LOOP('',(#2058,#2059,#2065,#2066));
#2058 = ORIENTED_EDGE('',*,*,#1928,.F.);
#2059 = ORIENTED_EDGE('',*,*,#2060,.F.);
#2060 = EDGE_CURVE('',#1997,#1929,#2061,.T.);
#2061 = LINE('',#2062,#2063);
#2062 = CARTESIAN_POINT('',(16.15,14.,81.8));
#2063 = VECTOR('',#2064,1.);
#2064 = DIRECTION('',(0.,0.,1.));
#2065 = ORIENTED_EDGE('',*,*,#1996,.T.);
#2066 = ORIENTED_EDGE('',*,*,#2060,.T.);
#2067 = CYLINDRICAL_SURFACE('',#2068,2.15);
#2068 = AXIS2_PLACEMENT_3D('',#2069,#2070,#2071);
#2069 = CARTESIAN_POINT('',(14.,14.,81.8));
#2070 = DIRECTION('',(0.,0.,1.));
#2071 = DIRECTION('',(1.,0.,0.));
#2072 = MANIFOLD_SOLID_BREP('',#2073);
#2073 = CLOSED_SHELL('',(#2074,#2114,#2161,#2196,#2236,#2264,#2281,#2298
    ,#2310));
#2074 = ADVANCED_FACE('',(#2075),#2109,.F.);
#2075 = FACE_BOUND('',#2076,.F.);
#2076 = EDGE_LOOP('',(#2077,#2087,#2095,#2103));
#2077 = ORIENTED_EDGE('',*,*,#2078,.F.);
#2078 = EDGE_CURVE('',#2079,#2081,#2083,.T.);
#2079 = VERTEX_POINT('',#2080);
#2080 = CARTESIAN_POINT('',(5.,248.3,82.825));
#2081 = VERTEX_POINT('',#2082);
#2082 = CARTESIAN_POINT('',(5.,248.3,86.));
#2083 = LINE('',#2084,#2085);
#2084 = CARTESIAN_POINT('',(5.,248.3,82.825));
#2085 = VECTOR('',#2086,1.);
#2086 = DIRECTION('',(0.,0.,1.));
#2087 = ORIENTED_EDGE('',*,*,#2088,.T.);
#2088 = EDGE_CURVE('',#2079,#2089,#2091,.T.);
#2089 = VERTEX_POINT('',#2090);
#2090 = CARTESIAN_POINT('',(5.,273.7,82.825));
#2091 = LINE('',#2092,#2093);
#2092 = CARTESIAN_POINT('',(5.,248.3,82.825));
#2093 = VECTOR('',#2094,1.);
#2094 = DIRECTION('',(0.,1.,0.));
#2095 = ORIENTED_EDGE('',*,*,#2096,.T.);
#2096 = EDGE_CURVE('',#2089,#2097,#2099,.T.);
#2097 = VERTEX_POINT('',#2098);
#2098 = CARTESIAN_POINT('',(5.,273.7,86.));
#2099 = LINE('',#2100,#2101);
#2100 = CARTESIAN_POINT('',(5.,273.7,82.825));
#2101 = VECTOR('',#2102,1.);
#2102 = DIRECTION('',(0.,0.,1.));
#2103 = ORIENTED_EDGE('',*,*,#2104,.F.);
#2104 = EDGE_CURVE('',#2081,#2097,#2105,.T.);
#2105 = LINE('',#2106,#2107);
#2106 = CARTESIAN_POINT('',(5.,248.3,86.));
#2107 = VECTOR('',#2108,1.);
#2108 = DIRECTION('',(0.,1.,0.));
#2109 = PLANE('',#2110);
#2110 = AXIS2_PLACEMENT_3D('',#2111,#2112,#2113);
#2111 = CARTESIAN_POINT('',(5.,248.3,82.825));
#2112 = DIRECTION('',(1.,0.,0.));
#2113 = DIRECTION('',(0.,0.,1.));
#2114 = ADVANCED_FACE('',(#2115),#2156,.T.);
#2115 = FACE_BOUND('',#2116,.T.);
#2116 = EDGE_LOOP('',(#2117,#2125,#2133,#2141,#2149,#2155));
#2117 = ORIENTED_EDGE('',*,*,#2118,.T.);
#2118 = EDGE_CURVE('',#2079,#2119,#2121,.T.);
#2119 = VERTEX_POINT('',#2120);
#2120 = CARTESIAN_POINT('',(24.825,248.3,82.825));
#2121 = LINE('',#2122,#2123);
#2122 = CARTESIAN_POINT('',(5.,248.3,82.825));
#2123 = VECTOR('',#2124,1.);
#2124 = DIRECTION('',(1.,0.,0.));
#2125 = ORIENTED_EDGE('',*,*,#2126,.F.);
#2126 = EDGE_CURVE('',#2127,#2119,#2129,.T.);
#2127 = VERTEX_POINT('',#2128);
#2128 = CARTESIAN_POINT('',(24.825,248.3,65.));
#2129 = LINE('',#2130,#2131);
#2130 = CARTESIAN_POINT('',(24.825,248.3,65.));
#2131 = VECTOR('',#2132,1.);
#2132 = DIRECTION('',(0.,0.,1.));
#2133 = ORIENTED_EDGE('',*,*,#2134,.T.);
#2134 = EDGE_CURVE('',#2127,#2135,#2137,.T.);
#2135 = VERTEX_POINT('',#2136);
#2136 = CARTESIAN_POINT('',(28.,248.3,65.));
#2137 = LINE('',#2138,#2139);
#2138 = CARTESIAN_POINT('',(24.825,248.3,65.));
#2139 = VECTOR('',#2140,1.);
#2140 = DIRECTION('',(1.,0.,0.));
#2141 = ORIENTED_EDGE('',*,*,#2142,.T.);
#2142 = EDGE_CURVE('',#2135,#2143,#2145,.T.);
#2143 = VERTEX_POINT('',#2144);
#2144 = CARTESIAN_POINT('',(28.,248.3,86.));
#2145 = LINE('',#2146,#2147);
#2146 = CARTESIAN_POINT('',(28.,248.3,65.));
#2147 = VECTOR('',#2148,1.);
#2148 = DIRECTION('',(0.,0.,1.));
#2149 = ORIENTED_EDGE('',*,*,#2150,.F.);
#2150 = EDGE_CURVE('',#2081,#2143,#2151,.T.);
#2151 = LINE('',#2152,#2153);
#2152 = CARTESIAN_POINT('',(5.,248.3,86.));
#2153 = VECTOR('',#2154,1.);
#2154 = DIRECTION('',(1.,0.,0.));
#2155 = ORIENTED_EDGE('',*,*,#2078,.F.);
#2156 = PLANE('',#2157);
#2157 = AXIS2_PLACEMENT_3D('',#2158,#2159,#2160);
#2158 = CARTESIAN_POINT('',(20.515688920455,248.3,79.515688920455));
#2159 = DIRECTION('',(-0.,-1.,-0.));
#2160 = DIRECTION('',(0.,0.,-1.));
#2161 = ADVANCED_FACE('',(#2162,#2180),#2191,.T.);
#2162 = FACE_BOUND('',#2163,.T.);
#2163 = EDGE_LOOP('',(#2164,#2165,#2166,#2174));
#2164 = ORIENTED_EDGE('',*,*,#2104,.F.);
#2165 = ORIENTED_EDGE('',*,*,#2150,.T.);
#2166 = ORIENTED_EDGE('',*,*,#2167,.T.);
#2167 = EDGE_CURVE('',#2143,#2168,#2170,.T.);
#2168 = VERTEX_POINT('',#2169);
#2169 = CARTESIAN_POINT('',(28.,273.7,86.));
#2170 = LINE('',#2171,#2172);
#2171 = CARTESIAN_POINT('',(28.,248.3,86.));
#2172 = VECTOR('',#2173,1.);
#2173 = DIRECTION('',(0.,1.,0.));
#2174 = ORIENTED_EDGE('',*,*,#2175,.F.);
#2175 = EDGE_CURVE('',#2097,#2168,#2176,.T.);
#2176 = LINE('',#2177,#2178);
#2177 = CARTESIAN_POINT('',(5.,273.7,86.));
#2178 = VECTOR('',#2179,1.);
#2179 = DIRECTION('',(1.,0.,0.));
#2180 = FACE_BOUND('',#2181,.T.);
#2181 = EDGE_LOOP('',(#2182));
#2182 = ORIENTED_EDGE('',*,*,#2183,.F.);
#2183 = EDGE_CURVE('',#2184,#2184,#2186,.T.);
#2184 = VERTEX_POINT('',#2185);
#2185 = CARTESIAN_POINT('',(16.15,261.,86.));
#2186 = CIRCLE('',#2187,2.15);
#2187 = AXIS2_PLACEMENT_3D('',#2188,#2189,#2190);
#2188 = CARTESIAN_POINT('',(14.,261.,86.));
#2189 = DIRECTION('',(0.,0.,1.));
#2190 = DIRECTION('',(1.,0.,0.));
#2191 = PLANE('',#2192);
#2192 = AXIS2_PLACEMENT_3D('',#2193,#2194,#2195);
#2193 = CARTESIAN_POINT('',(5.,248.3,86.));
#2194 = DIRECTION('',(0.,0.,1.));
#2195 = DIRECTION('',(1.,0.,0.));
#2196 = ADVANCED_FACE('',(#2197),#2231,.T.);
#2197 = FACE_BOUND('',#2198,.T.);
#2198 = EDGE_LOOP('',(#2199,#2207,#2208,#2209,#2217,#2225));
#2199 = ORIENTED_EDGE('',*,*,#2200,.F.);
#2200 = EDGE_CURVE('',#2089,#2201,#2203,.T.);
#2201 = VERTEX_POINT('',#2202);
#2202 = CARTESIAN_POINT('',(24.825,273.7,82.825));
#2203 = LINE('',#2204,#2205);
#2204 = CARTESIAN_POINT('',(5.,273.7,82.825));
#2205 = VECTOR('',#2206,1.);
#2206 = DIRECTION('',(1.,0.,0.));
#2207 = ORIENTED_EDGE('',*,*,#2096,.T.);
#2208 = ORIENTED_EDGE('',*,*,#2175,.T.);
#2209 = ORIENTED_EDGE('',*,*,#2210,.F.);
#2210 = EDGE_CURVE('',#2211,#2168,#2213,.T.);
#2211 = VERTEX_POINT('',#2212);
#2212 = CARTESIAN_POINT('',(28.,273.7,65.));
#2213 = LINE('',#2214,#2215);
#2214 = CARTESIAN_POINT('',(28.,273.7,82.825));
#2215 = VECTOR('',#2216,1.);
#2216 = DIRECTION('',(0.,0.,1.));
#2217 = ORIENTED_EDGE('',*,*,#2218,.F.);
#2218 = EDGE_CURVE('',#2219,#2211,#2221,.T.);
#2219 = VERTEX_POINT('',#2220);
#2220 = CARTESIAN_POINT('',(24.825,273.7,65.));
#2221 = LINE('',#2222,#2223);
#2222 = CARTESIAN_POINT('',(24.825,273.7,65.));
#2223 = VECTOR('',#2224,1.);
#2224 = DIRECTION('',(1.,0.,0.));
#2225 = ORIENTED_EDGE('',*,*,#2226,.T.);
#2226 = EDGE_CURVE('',#2219,#2201,#2227,.T.);
#2227 = LINE('',#2228,#2229);
#2228 = CARTESIAN_POINT('',(24.825,273.7,65.));
#2229 = VECTOR('',#2230,1.);
#2230 = DIRECTION('',(0.,0.,1.));
#2231 = PLANE('',#2232);
#2232 = AXIS2_PLACEMENT_3D('',#2233,#2234,#2235);
#2233 = CARTESIAN_POINT('',(20.515688920455,273.7,79.515688920455));
#2234 = DIRECTION('',(0.,1.,0.));
#2235 = DIRECTION('',(0.,0.,1.));
#2236 = ADVANCED_FACE('',(#2237,#2248),#2259,.F.);
#2237 = FACE_BOUND('',#2238,.F.);
#2238 = EDGE_LOOP('',(#2239,#2240,#2241,#2242));
#2239 = ORIENTED_EDGE('',*,*,#2200,.F.);
#2240 = ORIENTED_EDGE('',*,*,#2088,.F.);
#2241 = ORIENTED_EDGE('',*,*,#2118,.T.);
#2242 = ORIENTED_EDGE('',*,*,#2243,.T.);
#2243 = EDGE_CURVE('',#2119,#2201,#2244,.T.);
#2244 = LINE('',#2245,#2246);
#2245 = CARTESIAN_POINT('',(24.825,248.3,82.825));
#2246 = VECTOR('',#2247,1.);
#2247 = DIRECTION('',(0.,1.,0.));
#2248 = FACE_BOUND('',#2249,.F.);
#2249 = EDGE_LOOP('',(#2250));
#2250 = ORIENTED_EDGE('',*,*,#2251,.F.);
#2251 = EDGE_CURVE('',#2252,#2252,#2254,.T.);
#2252 = VERTEX_POINT('',#2253);
#2253 = CARTESIAN_POINT('',(16.15,261.,82.825));
#2254 = CIRCLE('',#2255,2.15);
#2255 = AXIS2_PLACEMENT_3D('',#2256,#2257,#2258);
#2256 = CARTESIAN_POINT('',(14.,261.,82.825));
#2257 = DIRECTION('',(0.,0.,1.));
#2258 = DIRECTION('',(1.,0.,0.));
#2259 = PLANE('',#2260);
#2260 = AXIS2_PLACEMENT_3D('',#2261,#2262,#2263);
#2261 = CARTESIAN_POINT('',(5.,248.3,82.825));
#2262 = DIRECTION('',(0.,0.,1.));
#2263 = DIRECTION('',(1.,0.,0.));
#2264 = ADVANCED_FACE('',(#2265),#2276,.F.);
#2265 = FACE_BOUND('',#2266,.F.);
#2266 = EDGE_LOOP('',(#2267,#2268,#2274,#2275));
#2267 = ORIENTED_EDGE('',*,*,#2126,.F.);
#2268 = ORIENTED_EDGE('',*,*,#2269,.T.);
#2269 = EDGE_CURVE('',#2127,#2219,#2270,.T.);
#2270 = LINE('',#2271,#2272);
#2271 = CARTESIAN_POINT('',(24.825,248.3,65.));
#2272 = VECTOR('',#2273,1.);
#2273 = DIRECTION('',(0.,1.,0.));
#2274 = ORIENTED_EDGE('',*,*,#2226,.T.);
#2275 = ORIENTED_EDGE('',*,*,#2243,.F.);
#2276 = PLANE('',#2277);
#2277 = AXIS2_PLACEMENT_3D('',#2278,#2279,#2280);
#2278 = CARTESIAN_POINT('',(24.825,248.3,65.));
#2279 = DIRECTION('',(1.,0.,0.));
#2280 = DIRECTION('',(0.,0.,1.));
#2281 = ADVANCED_FACE('',(#2282),#2293,.F.);
#2282 = FACE_BOUND('',#2283,.F.);
#2283 = EDGE_LOOP('',(#2284,#2285,#2286,#2292));
#2284 = ORIENTED_EDGE('',*,*,#2269,.F.);
#2285 = ORIENTED_EDGE('',*,*,#2134,.T.);
#2286 = ORIENTED_EDGE('',*,*,#2287,.T.);
#2287 = EDGE_CURVE('',#2135,#2211,#2288,.T.);
#2288 = LINE('',#2289,#2290);
#2289 = CARTESIAN_POINT('',(28.,248.3,65.));
#2290 = VECTOR('',#2291,1.);
#2291 = DIRECTION('',(0.,1.,0.));
#2292 = ORIENTED_EDGE('',*,*,#2218,.F.);
#2293 = PLANE('',#2294);
#2294 = AXIS2_PLACEMENT_3D('',#2295,#2296,#2297);
#2295 = CARTESIAN_POINT('',(24.825,248.3,65.));
#2296 = DIRECTION('',(0.,0.,1.));
#2297 = DIRECTION('',(1.,0.,0.));
#2298 = ADVANCED_FACE('',(#2299),#2305,.T.);
#2299 = FACE_BOUND('',#2300,.T.);
#2300 = EDGE_LOOP('',(#2301,#2302,#2303,#2304));
#2301 = ORIENTED_EDGE('',*,*,#2142,.F.);
#2302 = ORIENTED_EDGE('',*,*,#2287,.T.);
#2303 = ORIENTED_EDGE('',*,*,#2210,.T.);
#2304 = ORIENTED_EDGE('',*,*,#2167,.F.);
#2305 = PLANE('',#2306);
#2306 = AXIS2_PLACEMENT_3D('',#2307,#2308,#2309);
#2307 = CARTESIAN_POINT('',(28.,261.,75.5));
#2308 = DIRECTION('',(1.,0.,0.));
#2309 = DIRECTION('',(0.,0.,1.));
#2310 = ADVANCED_FACE('',(#2311),#2322,.F.);
#2311 = FACE_BOUND('',#2312,.F.);
#2312 = EDGE_LOOP('',(#2313,#2314,#2320,#2321));
#2313 = ORIENTED_EDGE('',*,*,#2183,.F.);
#2314 = ORIENTED_EDGE('',*,*,#2315,.F.);
#2315 = EDGE_CURVE('',#2252,#2184,#2316,.T.);
#2316 = LINE('',#2317,#2318);
#2317 = CARTESIAN_POINT('',(16.15,261.,81.8));
#2318 = VECTOR('',#2319,1.);
#2319 = DIRECTION('',(0.,0.,1.));
#2320 = ORIENTED_EDGE('',*,*,#2251,.T.);
#2321 = ORIENTED_EDGE('',*,*,#2315,.T.);
#2322 = CYLINDRICAL_SURFACE('',#2323,2.15);
#2323 = AXIS2_PLACEMENT_3D('',#2324,#2325,#2326);
#2324 = CARTESIAN_POINT('',(14.,261.,81.8));
#2325 = DIRECTION('',(0.,0.,1.));
#2326 = DIRECTION('',(1.,0.,0.));
#2327 = MANIFOLD_SOLID_BREP('',#2328);
#2328 = CLOSED_SHELL('',(#2329,#2380,#2411,#2451,#2491,#2508,#2533,#2550
    ,#2570));
#2329 = ADVANCED_FACE('',(#2330,#2364),#2375,.T.);
#2330 = FACE_BOUND('',#2331,.T.);
#2331 = EDGE_LOOP('',(#2332,#2342,#2350,#2358));
#2332 = ORIENTED_EDGE('',*,*,#2333,.F.);
#2333 = EDGE_CURVE('',#2334,#2336,#2338,.T.);
#2334 = VERTEX_POINT('',#2335);
#2335 = CARTESIAN_POINT('',(247.,1.3,86.));
#2336 = VERTEX_POINT('',#2337);
#2337 = CARTESIAN_POINT('',(247.,26.7,86.));
#2338 = LINE('',#2339,#2340);
#2339 = CARTESIAN_POINT('',(247.,1.3,86.));
#2340 = VECTOR('',#2341,1.);
#2341 = DIRECTION('',(0.,1.,0.));
#2342 = ORIENTED_EDGE('',*,*,#2343,.T.);
#2343 = EDGE_CURVE('',#2334,#2344,#2346,.T.);
#2344 = VERTEX_POINT('',#2345);
#2345 = CARTESIAN_POINT('',(270.,1.3,86.));
#2346 = LINE('',#2347,#2348);
#2347 = CARTESIAN_POINT('',(247.,1.3,86.));
#2348 = VECTOR('',#2349,1.);
#2349 = DIRECTION('',(1.,0.,0.));
#2350 = ORIENTED_EDGE('',*,*,#2351,.T.);
#2351 = EDGE_CURVE('',#2344,#2352,#2354,.T.);
#2352 = VERTEX_POINT('',#2353);
#2353 = CARTESIAN_POINT('',(270.,26.7,86.));
#2354 = LINE('',#2355,#2356);
#2355 = CARTESIAN_POINT('',(270.,1.3,86.));
#2356 = VECTOR('',#2357,1.);
#2357 = DIRECTION('',(0.,1.,0.));
#2358 = ORIENTED_EDGE('',*,*,#2359,.F.);
#2359 = EDGE_CURVE('',#2336,#2352,#2360,.T.);
#2360 = LINE('',#2361,#2362);
#2361 = CARTESIAN_POINT('',(247.,26.7,86.));
#2362 = VECTOR('',#2363,1.);
#2363 = DIRECTION('',(1.,0.,0.));
#2364 = FACE_BOUND('',#2365,.T.);
#2365 = EDGE_LOOP('',(#2366));
#2366 = ORIENTED_EDGE('',*,*,#2367,.F.);
#2367 = EDGE_CURVE('',#2368,#2368,#2370,.T.);
#2368 = VERTEX_POINT('',#2369);
#2369 = CARTESIAN_POINT('',(263.15,14.,86.));
#2370 = CIRCLE('',#2371,2.15);
#2371 = AXIS2_PLACEMENT_3D('',#2372,#2373,#2374);
#2372 = CARTESIAN_POINT('',(261.,14.,86.));
#2373 = DIRECTION('',(0.,0.,1.));
#2374 = DIRECTION('',(1.,0.,0.));
#2375 = PLANE('',#2376);
#2376 = AXIS2_PLACEMENT_3D('',#2377,#2378,#2379);
#2377 = CARTESIAN_POINT('',(247.,1.3,86.));
#2378 = DIRECTION('',(0.,0.,1.));
#2379 = DIRECTION('',(1.,0.,0.));
#2380 = ADVANCED_FACE('',(#2381),#2406,.T.);
#2381 = FACE_BOUND('',#2382,.T.);
#2382 = EDGE_LOOP('',(#2383,#2384,#2392,#2400));
#2383 = ORIENTED_EDGE('',*,*,#2333,.T.);
#2384 = ORIENTED_EDGE('',*,*,#2385,.F.);
#2385 = EDGE_CURVE('',#2386,#2336,#2388,.T.);
#2386 = VERTEX_POINT('',#2387);
#2387 = CARTESIAN_POINT('',(247.,26.7,65.));
#2388 = LINE('',#2389,#2390);
#2389 = CARTESIAN_POINT('',(247.,26.7,82.825));
#2390 = VECTOR('',#2391,1.);
#2391 = DIRECTION('',(0.,0.,1.));
#2392 = ORIENTED_EDGE('',*,*,#2393,.F.);
#2393 = EDGE_CURVE('',#2394,#2386,#2396,.T.);
#2394 = VERTEX_POINT('',#2395);
#2395 = CARTESIAN_POINT('',(247.,1.3,65.));
#2396 = LINE('',#2397,#2398);
#2397 = CARTESIAN_POINT('',(247.,1.3,65.));
#2398 = VECTOR('',#2399,1.);
#2399 = DIRECTION('',(0.,1.,0.));
#2400 = ORIENTED_EDGE('',*,*,#2401,.T.);
#2401 = EDGE_CURVE('',#2394,#2334,#2402,.T.);
#2402 = LINE('',#2403,#2404);
#2403 = CARTESIAN_POINT('',(247.,1.3,65.));
#2404 = VECTOR('',#2405,1.);
#2405 = DIRECTION('',(0.,0.,1.));
#2406 = PLANE('',#2407);
#2407 = AXIS2_PLACEMENT_3D('',#2408,#2409,#2410);
#2408 = CARTESIAN_POINT('',(247.,14.,75.5));
#2409 = DIRECTION('',(-1.,-0.,-0.));
#2410 = DIRECTION('',(0.,0.,-1.));
#2411 = ADVANCED_FACE('',(#2412),#2446,.T.);
#2412 = FACE_BOUND('',#2413,.T.);
#2413 = EDGE_LOOP('',(#2414,#2424,#2432,#2438,#2439,#2440));
#2414 = ORIENTED_EDGE('',*,*,#2415,.F.);
#2415 = EDGE_CURVE('',#2416,#2418,#2420,.T.);
#2416 = VERTEX_POINT('',#2417);
#2417 = CARTESIAN_POINT('',(250.175,26.7,82.825));
#2418 = VERTEX_POINT('',#2419);
#2419 = CARTESIAN_POINT('',(270.,26.7,82.825));
#2420 = LINE('',#2421,#2422);
#2421 = CARTESIAN_POINT('',(247.,26.7,82.825));
#2422 = VECTOR('',#2423,1.);
#2423 = DIRECTION('',(1.,0.,0.));
#2424 = ORIENTED_EDGE('',*,*,#2425,.F.);
#2425 = EDGE_CURVE('',#2426,#2416,#2428,.T.);
#2426 = VERTEX_POINT('',#2427);
#2427 = CARTESIAN_POINT('',(250.175,26.7,65.));
#2428 = LINE('',#2429,#2430);
#2429 = CARTESIAN_POINT('',(250.175,26.7,65.));
#2430 = VECTOR('',#2431,1.);
#2431 = DIRECTION('',(0.,0.,1.));
#2432 = ORIENTED_EDGE('',*,*,#2433,.F.);
#2433 = EDGE_CURVE('',#2386,#2426,#2434,.T.);
#2434 = LINE('',#2435,#2436);
#2435 = CARTESIAN_POINT('',(247.,26.7,65.));
#2436 = VECTOR('',#2437,1.);
#2437 = DIRECTION('',(1.,0.,0.));
#2438 = ORIENTED_EDGE('',*,*,#2385,.T.);
#2439 = ORIENTED_EDGE('',*,*,#2359,.T.);
#2440 = ORIENTED_EDGE('',*,*,#2441,.F.);
#2441 = EDGE_CURVE('',#2418,#2352,#2442,.T.);
#2442 = LINE('',#2443,#2444);
#2443 = CARTESIAN_POINT('',(270.,26.7,82.825));
#2444 = VECTOR('',#2445,1.);
#2445 = DIRECTION('',(0.,0.,1.));
#2446 = PLANE('',#2447);
#2447 = AXIS2_PLACEMENT_3D('',#2448,#2449,#2450);
#2448 = CARTESIAN_POINT('',(254.48431107954,26.7,79.515688920455));
#2449 = DIRECTION('',(0.,1.,0.));
#2450 = DIRECTION('',(0.,0.,1.));
#2451 = ADVANCED_FACE('',(#2452),#2486,.T.);
#2452 = FACE_BOUND('',#2453,.T.);
#2453 = EDGE_LOOP('',(#2454,#2464,#2470,#2471,#2472,#2480));
#2454 = ORIENTED_EDGE('',*,*,#2455,.T.);
#2455 = EDGE_CURVE('',#2456,#2458,#2460,.T.);
#2456 = VERTEX_POINT('',#2457);
#2457 = CARTESIAN_POINT('',(250.175,1.3,82.825));
#2458 = VERTEX_POINT('',#2459);
#2459 = CARTESIAN_POINT('',(270.,1.3,82.825));
#2460 = LINE('',#2461,#2462);
#2461 = CARTESIAN_POINT('',(247.,1.3,82.825));
#2462 = VECTOR('',#2463,1.);
#2463 = DIRECTION('',(1.,0.,0.));
#2464 = ORIENTED_EDGE('',*,*,#2465,.T.);
#2465 = EDGE_CURVE('',#2458,#2344,#2466,.T.);
#2466 = LINE('',#2467,#2468);
#2467 = CARTESIAN_POINT('',(270.,1.3,82.825));
#2468 = VECTOR('',#2469,1.);
#2469 = DIRECTION('',(0.,0.,1.));
#2470 = ORIENTED_EDGE('',*,*,#2343,.F.);
#2471 = ORIENTED_EDGE('',*,*,#2401,.F.);
#2472 = ORIENTED_EDGE('',*,*,#2473,.T.);
#2473 = EDGE_CURVE('',#2394,#2474,#2476,.T.);
#2474 = VERTEX_POINT('',#2475);
#2475 = CARTESIAN_POINT('',(250.175,1.3,65.));
#2476 = LINE('',#2477,#2478);
#2477 = CARTESIAN_POINT('',(247.,1.3,65.));
#2478 = VECTOR('',#2479,1.);
#2479 = DIRECTION('',(1.,0.,0.));
#2480 = ORIENTED_EDGE('',*,*,#2481,.T.);
#2481 = EDGE_CURVE('',#2474,#2456,#2482,.T.);
#2482 = LINE('',#2483,#2484);
#2483 = CARTESIAN_POINT('',(250.175,1.3,65.));
#2484 = VECTOR('',#2485,1.);
#2485 = DIRECTION('',(0.,0.,1.));
#2486 = PLANE('',#2487);
#2487 = AXIS2_PLACEMENT_3D('',#2488,#2489,#2490);
#2488 = CARTESIAN_POINT('',(254.48431107954,1.3,79.515688920455));
#2489 = DIRECTION('',(-0.,-1.,-0.));
#2490 = DIRECTION('',(0.,0.,-1.));
#2491 = ADVANCED_FACE('',(#2492),#2503,.T.);
#2492 = FACE_BOUND('',#2493,.T.);
#2493 = EDGE_LOOP('',(#2494,#2495,#2501,#2502));
#2494 = ORIENTED_EDGE('',*,*,#2465,.F.);
#2495 = ORIENTED_EDGE('',*,*,#2496,.T.);
#2496 = EDGE_CURVE('',#2458,#2418,#2497,.T.);
#2497 = LINE('',#2498,#2499);
#2498 = CARTESIAN_POINT('',(270.,1.3,82.825));
#2499 = VECTOR('',#2500,1.);
#2500 = DIRECTION('',(0.,1.,0.));
#2501 = ORIENTED_EDGE('',*,*,#2441,.T.);
#2502 = ORIENTED_EDGE('',*,*,#2351,.F.);
#2503 = PLANE('',#2504);
#2504 = AXIS2_PLACEMENT_3D('',#2505,#2506,#2507);
#2505 = CARTESIAN_POINT('',(270.,1.3,82.825));
#2506 = DIRECTION('',(1.,0.,0.));
#2507 = DIRECTION('',(0.,0.,1.));
#2508 = ADVANCED_FACE('',(#2509),#2528,.F.);
#2509 = FACE_BOUND('',#2510,.F.);
#2510 = EDGE_LOOP('',(#2511,#2512,#2520,#2527));
#2511 = ORIENTED_EDGE('',*,*,#2367,.F.);
#2512 = ORIENTED_EDGE('',*,*,#2513,.F.);
#2513 = EDGE_CURVE('',#2514,#2368,#2516,.T.);
#2514 = VERTEX_POINT('',#2515);
#2515 = CARTESIAN_POINT('',(263.15,14.,82.825));
#2516 = LINE('',#2517,#2518);
#2517 = CARTESIAN_POINT('',(263.15,14.,81.8));
#2518 = VECTOR('',#2519,1.);
#2519 = DIRECTION('',(0.,0.,1.));
#2520 = ORIENTED_EDGE('',*,*,#2521,.T.);
#2521 = EDGE_CURVE('',#2514,#2514,#2522,.T.);
#2522 = CIRCLE('',#2523,2.15);
#2523 = AXIS2_PLACEMENT_3D('',#2524,#2525,#2526);
#2524 = CARTESIAN_POINT('',(261.,14.,82.825));
#2525 = DIRECTION('',(0.,0.,1.));
#2526 = DIRECTION('',(1.,0.,0.));
#2527 = ORIENTED_EDGE('',*,*,#2513,.T.);
#2528 = CYLINDRICAL_SURFACE('',#2529,2.15);
#2529 = AXIS2_PLACEMENT_3D('',#2530,#2531,#2532);
#2530 = CARTESIAN_POINT('',(261.,14.,81.8));
#2531 = DIRECTION('',(0.,0.,1.));
#2532 = DIRECTION('',(1.,0.,0.));
#2533 = ADVANCED_FACE('',(#2534),#2545,.F.);
#2534 = FACE_BOUND('',#2535,.F.);
#2535 = EDGE_LOOP('',(#2536,#2537,#2538,#2544));
#2536 = ORIENTED_EDGE('',*,*,#2393,.F.);
#2537 = ORIENTED_EDGE('',*,*,#2473,.T.);
#2538 = ORIENTED_EDGE('',*,*,#2539,.T.);
#2539 = EDGE_CURVE('',#2474,#2426,#2540,.T.);
#2540 = LINE('',#2541,#2542);
#2541 = CARTESIAN_POINT('',(250.175,1.3,65.));
#2542 = VECTOR('',#2543,1.);
#2543 = DIRECTION('',(0.,1.,0.));
#2544 = ORIENTED_EDGE('',*,*,#2433,.F.);
#2545 = PLANE('',#2546);
#2546 = AXIS2_PLACEMENT_3D('',#2547,#2548,#2549);
#2547 = CARTESIAN_POINT('',(247.,1.3,65.));
#2548 = DIRECTION('',(0.,0.,1.));
#2549 = DIRECTION('',(1.,0.,0.));
#2550 = ADVANCED_FACE('',(#2551,#2562),#2565,.F.);
#2551 = FACE_BOUND('',#2552,.F.);
#2552 = EDGE_LOOP('',(#2553,#2559,#2560,#2561));
#2553 = ORIENTED_EDGE('',*,*,#2554,.F.);
#2554 = EDGE_CURVE('',#2456,#2416,#2555,.T.);
#2555 = LINE('',#2556,#2557);
#2556 = CARTESIAN_POINT('',(250.175,1.3,82.825));
#2557 = VECTOR('',#2558,1.);
#2558 = DIRECTION('',(0.,1.,0.));
#2559 = ORIENTED_EDGE('',*,*,#2455,.T.);
#2560 = ORIENTED_EDGE('',*,*,#2496,.T.);
#2561 = ORIENTED_EDGE('',*,*,#2415,.F.);
#2562 = FACE_BOUND('',#2563,.F.);
#2563 = EDGE_LOOP('',(#2564));
#2564 = ORIENTED_EDGE('',*,*,#2521,.F.);
#2565 = PLANE('',#2566);
#2566 = AXIS2_PLACEMENT_3D('',#2567,#2568,#2569);
#2567 = CARTESIAN_POINT('',(247.,1.3,82.825));
#2568 = DIRECTION('',(0.,0.,1.));
#2569 = DIRECTION('',(1.,0.,0.));
#2570 = ADVANCED_FACE('',(#2571),#2577,.T.);
#2571 = FACE_BOUND('',#2572,.T.);
#2572 = EDGE_LOOP('',(#2573,#2574,#2575,#2576));
#2573 = ORIENTED_EDGE('',*,*,#2481,.F.);
#2574 = ORIENTED_EDGE('',*,*,#2539,.T.);
#2575 = ORIENTED_EDGE('',*,*,#2425,.T.);
#2576 = ORIENTED_EDGE('',*,*,#2554,.F.);
#2577 = PLANE('',#2578);
#2578 = AXIS2_PLACEMENT_3D('',#2579,#2580,#2581);
#2579 = CARTESIAN_POINT('',(250.175,1.3,65.));
#2580 = DIRECTION('',(1.,0.,0.));
#2581 = DIRECTION('',(0.,0.,1.));
#2582 = MANIFOLD_SOLID_BREP('',#2583);
#2583 = CLOSED_SHELL('',(#2584,#2624,#2687,#2722,#2778,#2812,#2868,#2892
    ,#2923,#2940,#2952,#2987,#3004,#3015));
#2584 = ADVANCED_FACE('',(#2585),#2619,.F.);
#2585 = FACE_BOUND('',#2586,.F.);
#2586 = EDGE_LOOP('',(#2587,#2597,#2605,#2613));
#2587 = ORIENTED_EDGE('',*,*,#2588,.F.);
#2588 = EDGE_CURVE('',#2589,#2591,#2593,.T.);
#2589 = VERTEX_POINT('',#2590);
#2590 = CARTESIAN_POINT('',(247.,248.3,82.825));
#2591 = VERTEX_POINT('',#2592);
#2592 = CARTESIAN_POINT('',(247.,248.3,86.));
#2593 = LINE('',#2594,#2595);
#2594 = CARTESIAN_POINT('',(247.,248.3,82.825));
#2595 = VECTOR('',#2596,1.);
#2596 = DIRECTION('',(0.,0.,1.));
#2597 = ORIENTED_EDGE('',*,*,#2598,.T.);
#2598 = EDGE_CURVE('',#2589,#2599,#2601,.T.);
#2599 = VERTEX_POINT('',#2600);
#2600 = CARTESIAN_POINT('',(247.,273.7,82.825));
#2601 = LINE('',#2602,#2603);
#2602 = CARTESIAN_POINT('',(247.,248.3,82.825));
#2603 = VECTOR('',#2604,1.);
#2604 = DIRECTION('',(0.,1.,0.));
#2605 = ORIENTED_EDGE('',*,*,#2606,.T.);
#2606 = EDGE_CURVE('',#2599,#2607,#2609,.T.);
#2607 = VERTEX_POINT('',#2608);
#2608 = CARTESIAN_POINT('',(247.,273.7,86.));
#2609 = LINE('',#2610,#2611);
#2610 = CARTESIAN_POINT('',(247.,273.7,82.825));
#2611 = VECTOR('',#2612,1.);
#2612 = DIRECTION('',(0.,0.,1.));
#2613 = ORIENTED_EDGE('',*,*,#2614,.F.);
#2614 = EDGE_CURVE('',#2591,#2607,#2615,.T.);
#2615 = LINE('',#2616,#2617);
#2616 = CARTESIAN_POINT('',(247.,248.3,86.));
#2617 = VECTOR('',#2618,1.);
#2618 = DIRECTION('',(0.,1.,0.));
#2619 = PLANE('',#2620);
#2620 = AXIS2_PLACEMENT_3D('',#2621,#2622,#2623);
#2621 = CARTESIAN_POINT('',(247.,248.3,82.825));
#2622 = DIRECTION('',(1.,0.,0.));
#2623 = DIRECTION('',(0.,0.,1.));
#2624 = ADVANCED_FACE('',(#2625),#2682,.T.);
#2625 = FACE_BOUND('',#2626,.T.);
#2626 = EDGE_LOOP('',(#2627,#2635,#2643,#2651,#2659,#2667,#2675,#2681));
#2627 = ORIENTED_EDGE('',*,*,#2628,.T.);
#2628 = EDGE_CURVE('',#2589,#2629,#2631,.T.);
#2629 = VERTEX_POINT('',#2630);
#2630 = CARTESIAN_POINT('',(263.,248.3,82.825));
#2631 = LINE('',#2632,#2633);
#2632 = CARTESIAN_POINT('',(247.,248.3,82.825));
#2633 = VECTOR('',#2634,1.);
#2634 = DIRECTION('',(1.,0.,0.));
#2635 = ORIENTED_EDGE('',*,*,#2636,.F.);
#2636 = EDGE_CURVE('',#2637,#2629,#2639,.T.);
#2637 = VERTEX_POINT('',#2638);
#2638 = CARTESIAN_POINT('',(263.,248.3,65.));
#2639 = LINE('',#2640,#2641);
#2640 = CARTESIAN_POINT('',(263.,248.3,65.));
#2641 = VECTOR('',#2642,1.);
#2642 = DIRECTION('',(0.,0.,1.));
#2643 = ORIENTED_EDGE('',*,*,#2644,.T.);
#2644 = EDGE_CURVE('',#2637,#2645,#2647,.T.);
#2645 = VERTEX_POINT('',#2646);
#2646 = CARTESIAN_POINT('',(266.175,248.3,65.));
#2647 = LINE('',#2648,#2649);
#2648 = CARTESIAN_POINT('',(263.,248.3,65.));
#2649 = VECTOR('',#2650,1.);
#2650 = DIRECTION('',(1.,0.,0.));
#2651 = ORIENTED_EDGE('',*,*,#2652,.T.);
#2652 = EDGE_CURVE('',#2645,#2653,#2655,.T.);
#2653 = VERTEX_POINT('',#2654);
#2654 = CARTESIAN_POINT('',(266.175,248.3,82.825));
#2655 = LINE('',#2656,#2657);
#2656 = CARTESIAN_POINT('',(266.175,248.3,65.));
#2657 = VECTOR('',#2658,1.);
#2658 = DIRECTION('',(0.,0.,1.));
#2659 = ORIENTED_EDGE('',*,*,#2660,.T.);
#2660 = EDGE_CURVE('',#2653,#2661,#2663,.T.);
#2661 = VERTEX_POINT('',#2662);
#2662 = CARTESIAN_POINT('',(270.,248.3,82.825));
#2663 = LINE('',#2664,#2665);
#2664 = CARTESIAN_POINT('',(247.,248.3,82.825));
#2665 = VECTOR('',#2666,1.);
#2666 = DIRECTION('',(1.,0.,0.));
#2667 = ORIENTED_EDGE('',*,*,#2668,.T.);
#2668 = EDGE_CURVE('',#2661,#2669,#2671,.T.);
#2669 = VERTEX_POINT('',#2670);
#2670 = CARTESIAN_POINT('',(270.,248.3,86.));
#2671 = LINE('',#2672,#2673);
#2672 = CARTESIAN_POINT('',(270.,248.3,82.825));
#2673 = VECTOR('',#2674,1.);
#2674 = DIRECTION('',(0.,0.,1.));
#2675 = ORIENTED_EDGE('',*,*,#2676,.F.);
#2676 = EDGE_CURVE('',#2591,#2669,#2677,.T.);
#2677 = LINE('',#2678,#2679);
#2678 = CARTESIAN_POINT('',(247.,248.3,86.));
#2679 = VECTOR('',#2680,1.);
#2680 = DIRECTION('',(1.,0.,0.));
#2681 = ORIENTED_EDGE('',*,*,#2588,.F.);
#2682 = PLANE('',#2683);
#2683 = AXIS2_PLACEMENT_3D('',#2684,#2685,#2686);
#2684 = CARTESIAN_POINT('',(260.96612926136,248.3,79.515688920455));
#2685 = DIRECTION('',(-0.,-1.,-0.));
#2686 = DIRECTION('',(0.,0.,-1.));
#2687 = ADVANCED_FACE('',(#2688,#2706),#2717,.T.);
#2688 = FACE_BOUND('',#2689,.T.);
#2689 = EDGE_LOOP('',(#2690,#2691,#2692,#2700));
#2690 = ORIENTED_EDGE('',*,*,#2614,.F.);
#2691 = ORIENTED_EDGE('',*,*,#2676,.T.);
#2692 = ORIENTED_EDGE('',*,*,#2693,.T.);
#2693 = EDGE_CURVE('',#2669,#2694,#2696,.T.);
#2694 = VERTEX_POINT('',#2695);
#2695 = CARTESIAN_POINT('',(270.,273.7,86.));
#2696 = LINE('',#2697,#2698);
#2697 = CARTESIAN_POINT('',(270.,248.3,86.));
#2698 = VECTOR('',#2699,1.);
#2699 = DIRECTION('',(0.,1.,0.));
#2700 = ORIENTED_EDGE('',*,*,#2701,.F.);
#2701 = EDGE_CURVE('',#2607,#2694,#2702,.T.);
#2702 = LINE('',#2703,#2704);
#2703 = CARTESIAN_POINT('',(247.,273.7,86.));
#2704 = VECTOR('',#2705,1.);
#2705 = DIRECTION('',(1.,0.,0.));
#2706 = FACE_BOUND('',#2707,.T.);
#2707 = EDGE_LOOP('',(#2708));
#2708 = ORIENTED_EDGE('',*,*,#2709,.F.);
#2709 = EDGE_CURVE('',#2710,#2710,#2712,.T.);
#2710 = VERTEX_POINT('',#2711);
#2711 = CARTESIAN_POINT('',(263.15,261.,86.));
#2712 = CIRCLE('',#2713,2.15);
#2713 = AXIS2_PLACEMENT_3D('',#2714,#2715,#2716);
#2714 = CARTESIAN_POINT('',(261.,261.,86.));
#2715 = DIRECTION('',(0.,0.,1.));
#2716 = DIRECTION('',(1.,0.,0.));
#2717 = PLANE('',#2718);
#2718 = AXIS2_PLACEMENT_3D('',#2719,#2720,#2721);
#2719 = CARTESIAN_POINT('',(247.,248.3,86.));
#2720 = DIRECTION('',(0.,0.,1.));
#2721 = DIRECTION('',(1.,0.,0.));
#2722 = ADVANCED_FACE('',(#2723),#2773,.T.);
#2723 = FACE_BOUND('',#2724,.T.);
#2724 = EDGE_LOOP('',(#2725,#2733,#2734,#2735,#2743,#2751,#2759,#2767));
#2725 = ORIENTED_EDGE('',*,*,#2726,.F.);
#2726 = EDGE_CURVE('',#2599,#2727,#2729,.T.);
#2727 = VERTEX_POINT('',#2728);
#2728 = CARTESIAN_POINT('',(263.,273.7,82.825));
#2729 = LINE('',#2730,#2731);
#2730 = CARTESIAN_POINT('',(247.,273.7,82.825));
#2731 = VECTOR('',#2732,1.);
#2732 = DIRECTION('',(1.,0.,0.));
#2733 = ORIENTED_EDGE('',*,*,#2606,.T.);
#2734 = ORIENTED_EDGE('',*,*,#2701,.T.);
#2735 = ORIENTED_EDGE('',*,*,#2736,.F.);
#2736 = EDGE_CURVE('',#2737,#2694,#2739,.T.);
#2737 = VERTEX_POINT('',#2738);
#2738 = CARTESIAN_POINT('',(270.,273.7,82.825));
#2739 = LINE('',#2740,#2741);
#2740 = CARTESIAN_POINT('',(270.,273.7,82.825));
#2741 = VECTOR('',#2742,1.);
#2742 = DIRECTION('',(0.,0.,1.));
#2743 = ORIENTED_EDGE('',*,*,#2744,.F.);
#2744 = EDGE_CURVE('',#2745,#2737,#2747,.T.);
#2745 = VERTEX_POINT('',#2746);
#2746 = CARTESIAN_POINT('',(266.175,273.7,82.825));
#2747 = LINE('',#2748,#2749);
#2748 = CARTESIAN_POINT('',(247.,273.7,82.825));
#2749 = VECTOR('',#2750,1.);
#2750 = DIRECTION('',(1.,0.,0.));
#2751 = ORIENTED_EDGE('',*,*,#2752,.F.);
#2752 = EDGE_CURVE('',#2753,#2745,#2755,.T.);
#2753 = VERTEX_POINT('',#2754);
#2754 = CARTESIAN_POINT('',(266.175,273.7,79.));
#2755 = LINE('',#2756,#2757);
#2756 = CARTESIAN_POINT('',(266.175,273.7,65.));
#2757 = VECTOR('',#2758,1.);
#2758 = DIRECTION('',(0.,0.,1.));
#2759 = ORIENTED_EDGE('',*,*,#2760,.F.);
#2760 = EDGE_CURVE('',#2761,#2753,#2763,.T.);
#2761 = VERTEX_POINT('',#2762);
#2762 = CARTESIAN_POINT('',(263.,273.7,79.));
#2763 = LINE('',#2764,#2765);
#2764 = CARTESIAN_POINT('',(262.95,273.7,79.));
#2765 = VECTOR('',#2766,1.);
#2766 = DIRECTION('',(1.,0.,0.));
#2767 = ORIENTED_EDGE('',*,*,#2768,.T.);
#2768 = EDGE_CURVE('',#2761,#2727,#2769,.T.);
#2769 = LINE('',#2770,#2771);
#2770 = CARTESIAN_POINT('',(263.,273.7,65.));
#2771 = VECTOR('',#2772,1.);
#2772 = DIRECTION('',(0.,0.,1.));
#2773 = PLANE('',#2774);
#2774 = AXIS2_PLACEMENT_3D('',#2775,#2776,#2777);
#2775 = CARTESIAN_POINT('',(259.27615625,273.7,83.76384375));
#2776 = DIRECTION('',(0.,1.,0.));
#2777 = DIRECTION('',(0.,0.,1.));
#2778 = ADVANCED_FACE('',(#2779),#2807,.F.);
#2779 = FACE_BOUND('',#2780,.F.);
#2780 = EDGE_LOOP('',(#2781,#2782,#2783,#2784,#2792,#2801));
#2781 = ORIENTED_EDGE('',*,*,#2726,.F.);
#2782 = ORIENTED_EDGE('',*,*,#2598,.F.);
#2783 = ORIENTED_EDGE('',*,*,#2628,.T.);
#2784 = ORIENTED_EDGE('',*,*,#2785,.T.);
#2785 = EDGE_CURVE('',#2629,#2786,#2788,.T.);
#2786 = VERTEX_POINT('',#2787);
#2787 = CARTESIAN_POINT('',(263.,260.21101330812,82.825));
#2788 = LINE('',#2789,#2790);
#2789 = CARTESIAN_POINT('',(263.,248.3,82.825));
#2790 = VECTOR('',#2791,1.);
#2791 = DIRECTION('',(0.,1.,0.));
#2792 = ORIENTED_EDGE('',*,*,#2793,.F.);
#2793 = EDGE_CURVE('',#2794,#2786,#2796,.T.);
#2794 = VERTEX_POINT('',#2795);
#2795 = CARTESIAN_POINT('',(263.,261.78898669187,82.825));
#2796 = CIRCLE('',#2797,2.15);
#2797 = AXIS2_PLACEMENT_3D('',#2798,#2799,#2800);
#2798 = CARTESIAN_POINT('',(261.,261.,82.825));
#2799 = DIRECTION('',(0.,0.,1.));
#2800 = DIRECTION('',(1.,0.,0.));
#2801 = ORIENTED_EDGE('',*,*,#2802,.T.);
#2802 = EDGE_CURVE('',#2794,#2727,#2803,.T.);
#2803 = LINE('',#2804,#2805);
#2804 = CARTESIAN_POINT('',(263.,248.3,82.825));
#2805 = VECTOR('',#2806,1.);
#2806 = DIRECTION('',(0.,1.,0.));
#2807 = PLANE('',#2808);
#2808 = AXIS2_PLACEMENT_3D('',#2809,#2810,#2811);
#2809 = CARTESIAN_POINT('',(247.,248.3,82.825));
#2810 = DIRECTION('',(0.,0.,1.));
#2811 = DIRECTION('',(1.,0.,0.));
#2812 = ADVANCED_FACE('',(#2813),#2863,.F.);
#2813 = FACE_BOUND('',#2814,.F.);
#2814 = EDGE_LOOP('',(#2815,#2816,#2824,#2832,#2838,#2839,#2840,#2848,
    #2856,#2862));
#2815 = ORIENTED_EDGE('',*,*,#2636,.F.);
#2816 = ORIENTED_EDGE('',*,*,#2817,.T.);
#2817 = EDGE_CURVE('',#2637,#2818,#2820,.T.);
#2818 = VERTEX_POINT('',#2819);
#2819 = CARTESIAN_POINT('',(263.,258.3,65.));
#2820 = LINE('',#2821,#2822);
#2821 = CARTESIAN_POINT('',(263.,248.3,65.));
#2822 = VECTOR('',#2823,1.);
#2823 = DIRECTION('',(0.,1.,0.));
#2824 = ORIENTED_EDGE('',*,*,#2825,.T.);
#2825 = EDGE_CURVE('',#2818,#2826,#2828,.T.);
#2826 = VERTEX_POINT('',#2827);
#2827 = CARTESIAN_POINT('',(263.,258.3,79.));
#2828 = LINE('',#2829,#2830);
#2829 = CARTESIAN_POINT('',(263.,258.3,64.95));
#2830 = VECTOR('',#2831,1.);
#2831 = DIRECTION('',(0.,0.,1.));
#2832 = ORIENTED_EDGE('',*,*,#2833,.F.);
#2833 = EDGE_CURVE('',#2761,#2826,#2834,.T.);
#2834 = LINE('',#2835,#2836);
#2835 = CARTESIAN_POINT('',(263.,253.3,79.));
#2836 = VECTOR('',#2837,1.);
#2837 = DIRECTION('',(0.,-1.,0.));
#2838 = ORIENTED_EDGE('',*,*,#2768,.T.);
#2839 = ORIENTED_EDGE('',*,*,#2802,.F.);
#2840 = ORIENTED_EDGE('',*,*,#2841,.F.);
#2841 = EDGE_CURVE('',#2842,#2794,#2844,.T.);
#2842 = VERTEX_POINT('',#2843);
#2843 = CARTESIAN_POINT('',(263.,261.7889866919,81.8));
#2844 = LINE('',#2845,#2846);
#2845 = CARTESIAN_POINT('',(263.,261.7889866919,81.8));
#2846 = VECTOR('',#2847,1.);
#2847 = DIRECTION('',(0.,0.,1.));
#2848 = ORIENTED_EDGE('',*,*,#2849,.T.);
#2849 = EDGE_CURVE('',#2842,#2850,#2852,.T.);
#2850 = VERTEX_POINT('',#2851);
#2851 = CARTESIAN_POINT('',(263.,260.21101330809,81.8));
#2852 = LINE('',#2853,#2854);
#2853 = CARTESIAN_POINT('',(263.,254.65,81.8));
#2854 = VECTOR('',#2855,1.);
#2855 = DIRECTION('',(0.,-1.,0.));
#2856 = ORIENTED_EDGE('',*,*,#2857,.T.);
#2857 = EDGE_CURVE('',#2850,#2786,#2858,.T.);
#2858 = LINE('',#2859,#2860);
#2859 = CARTESIAN_POINT('',(263.,260.21101330809,81.8));
#2860 = VECTOR('',#2861,1.);
#2861 = DIRECTION('',(0.,0.,1.));
#2862 = ORIENTED_EDGE('',*,*,#2785,.F.);
#2863 = PLANE('',#2864);
#2864 = AXIS2_PLACEMENT_3D('',#2865,#2866,#2867);
#2865 = CARTESIAN_POINT('',(263.,248.3,65.));
#2866 = DIRECTION('',(1.,0.,0.));
#2867 = DIRECTION('',(0.,0.,1.));
#2868 = ADVANCED_FACE('',(#2869),#2887,.F.);
#2869 = FACE_BOUND('',#2870,.F.);
#2870 = EDGE_LOOP('',(#2871,#2872,#2873,#2881));
#2871 = ORIENTED_EDGE('',*,*,#2817,.F.);
#2872 = ORIENTED_EDGE('',*,*,#2644,.T.);
#2873 = ORIENTED_EDGE('',*,*,#2874,.T.);
#2874 = EDGE_CURVE('',#2645,#2875,#2877,.T.);
#2875 = VERTEX_POINT('',#2876);
#2876 = CARTESIAN_POINT('',(266.175,258.3,65.));
#2877 = LINE('',#2878,#2879);
#2878 = CARTESIAN_POINT('',(266.175,248.3,65.));
#2879 = VECTOR('',#2880,1.);
#2880 = DIRECTION('',(0.,1.,0.));
#2881 = ORIENTED_EDGE('',*,*,#2882,.T.);
#2882 = EDGE_CURVE('',#2875,#2818,#2883,.T.);
#2883 = LINE('',#2884,#2885);
#2884 = CARTESIAN_POINT('',(262.95,258.3,65.));
#2885 = VECTOR('',#2886,1.);
#2886 = DIRECTION('',(-1.,0.,0.));
#2887 = PLANE('',#2888);
#2888 = AXIS2_PLACEMENT_3D('',#2889,#2890,#2891);
#2889 = CARTESIAN_POINT('',(263.,248.3,65.));
#2890 = DIRECTION('',(0.,0.,1.));
#2891 = DIRECTION('',(1.,0.,0.));
#2892 = ADVANCED_FACE('',(#2893),#2918,.T.);
#2893 = FACE_BOUND('',#2894,.T.);
#2894 = EDGE_LOOP('',(#2895,#2896,#2897,#2905,#2911,#2912));
#2895 = ORIENTED_EDGE('',*,*,#2652,.F.);
#2896 = ORIENTED_EDGE('',*,*,#2874,.T.);
#2897 = ORIENTED_EDGE('',*,*,#2898,.T.);
#2898 = EDGE_CURVE('',#2875,#2899,#2901,.T.);
#2899 = VERTEX_POINT('',#2900);
#2900 = CARTESIAN_POINT('',(266.175,258.3,79.));
#2901 = LINE('',#2902,#2903);
#2902 = CARTESIAN_POINT('',(266.175,258.3,64.95));
#2903 = VECTOR('',#2904,1.);
#2904 = DIRECTION('',(0.,0.,1.));
#2905 = ORIENTED_EDGE('',*,*,#2906,.F.);
#2906 = EDGE_CURVE('',#2753,#2899,#2907,.T.);
#2907 = LINE('',#2908,#2909);
#2908 = CARTESIAN_POINT('',(266.175,253.3,79.));
#2909 = VECTOR('',#2910,1.);
#2910 = DIRECTION('',(0.,-1.,0.));
#2911 = ORIENTED_EDGE('',*,*,#2752,.T.);
#2912 = ORIENTED_EDGE('',*,*,#2913,.F.);
#2913 = EDGE_CURVE('',#2653,#2745,#2914,.T.);
#2914 = LINE('',#2915,#2916);
#2915 = CARTESIAN_POINT('',(266.175,248.3,82.825));
#2916 = VECTOR('',#2917,1.);
#2917 = DIRECTION('',(0.,1.,0.));
#2918 = PLANE('',#2919);
#2919 = AXIS2_PLACEMENT_3D('',#2920,#2921,#2922);
#2920 = CARTESIAN_POINT('',(266.175,248.3,65.));
#2921 = DIRECTION('',(1.,0.,0.));
#2922 = DIRECTION('',(0.,0.,1.));
#2923 = ADVANCED_FACE('',(#2924),#2935,.F.);
#2924 = FACE_BOUND('',#2925,.F.);
#2925 = EDGE_LOOP('',(#2926,#2927,#2928,#2929));
#2926 = ORIENTED_EDGE('',*,*,#2744,.F.);
#2927 = ORIENTED_EDGE('',*,*,#2913,.F.);
#2928 = ORIENTED_EDGE('',*,*,#2660,.T.);
#2929 = ORIENTED_EDGE('',*,*,#2930,.T.);
#2930 = EDGE_CURVE('',#2661,#2737,#2931,.T.);
#2931 = LINE('',#2932,#2933);
#2932 = CARTESIAN_POINT('',(270.,248.3,82.825));
#2933 = VECTOR('',#2934,1.);
#2934 = DIRECTION('',(0.,1.,0.));
#2935 = PLANE('',#2936);
#2936 = AXIS2_PLACEMENT_3D('',#2937,#2938,#2939);
#2937 = CARTESIAN_POINT('',(247.,248.3,82.825));
#2938 = DIRECTION('',(0.,0.,1.));
#2939 = DIRECTION('',(1.,0.,0.));
#2940 = ADVANCED_FACE('',(#2941),#2947,.T.);
#2941 = FACE_BOUND('',#2942,.T.);
#2942 = EDGE_LOOP('',(#2943,#2944,#2945,#2946));
#2943 = ORIENTED_EDGE('',*,*,#2668,.F.);
#2944 = ORIENTED_EDGE('',*,*,#2930,.T.);
#2945 = ORIENTED_EDGE('',*,*,#2736,.T.);
#2946 = ORIENTED_EDGE('',*,*,#2693,.F.);
#2947 = PLANE('',#2948);
#2948 = AXIS2_PLACEMENT_3D('',#2949,#2950,#2951);
#2949 = CARTESIAN_POINT('',(270.,248.3,82.825));
#2950 = DIRECTION('',(1.,0.,0.));
#2951 = DIRECTION('',(0.,0.,1.));
#2952 = ADVANCED_FACE('',(#2953),#2982,.F.);
#2953 = FACE_BOUND('',#2954,.F.);
#2954 = EDGE_LOOP('',(#2955,#2956,#2964,#2971,#2972,#2973,#2974,#2981));
#2955 = ORIENTED_EDGE('',*,*,#2709,.F.);
#2956 = ORIENTED_EDGE('',*,*,#2957,.F.);
#2957 = EDGE_CURVE('',#2958,#2710,#2960,.T.);
#2958 = VERTEX_POINT('',#2959);
#2959 = CARTESIAN_POINT('',(263.15,261.,81.8));
#2960 = LINE('',#2961,#2962);
#2961 = CARTESIAN_POINT('',(263.15,261.,81.8));
#2962 = VECTOR('',#2963,1.);
#2963 = DIRECTION('',(0.,0.,1.));
#2964 = ORIENTED_EDGE('',*,*,#2965,.T.);
#2965 = EDGE_CURVE('',#2958,#2842,#2966,.T.);
#2966 = CIRCLE('',#2967,2.15);
#2967 = AXIS2_PLACEMENT_3D('',#2968,#2969,#2970);
#2968 = CARTESIAN_POINT('',(261.,261.,81.8));
#2969 = DIRECTION('',(0.,0.,1.));
#2970 = DIRECTION('',(1.,0.,0.));
#2971 = ORIENTED_EDGE('',*,*,#2841,.T.);
#2972 = ORIENTED_EDGE('',*,*,#2793,.T.);
#2973 = ORIENTED_EDGE('',*,*,#2857,.F.);
#2974 = ORIENTED_EDGE('',*,*,#2975,.T.);
#2975 = EDGE_CURVE('',#2850,#2958,#2976,.T.);
#2976 = CIRCLE('',#2977,2.15);
#2977 = AXIS2_PLACEMENT_3D('',#2978,#2979,#2980);
#2978 = CARTESIAN_POINT('',(261.,261.,81.8));
#2979 = DIRECTION('',(0.,0.,1.));
#2980 = DIRECTION('',(1.,0.,0.));
#2981 = ORIENTED_EDGE('',*,*,#2957,.T.);
#2982 = CYLINDRICAL_SURFACE('',#2983,2.15);
#2983 = AXIS2_PLACEMENT_3D('',#2984,#2985,#2986);
#2984 = CARTESIAN_POINT('',(261.,261.,81.8));
#2985 = DIRECTION('',(0.,0.,1.));
#2986 = DIRECTION('',(1.,0.,0.));
#2987 = ADVANCED_FACE('',(#2988),#2999,.F.);
#2988 = FACE_BOUND('',#2989,.F.);
#2989 = EDGE_LOOP('',(#2990,#2991,#2997,#2998));
#2990 = ORIENTED_EDGE('',*,*,#2833,.T.);
#2991 = ORIENTED_EDGE('',*,*,#2992,.T.);
#2992 = EDGE_CURVE('',#2826,#2899,#2993,.T.);
#2993 = LINE('',#2994,#2995);
#2994 = CARTESIAN_POINT('',(262.9,258.3,79.));
#2995 = VECTOR('',#2996,1.);
#2996 = DIRECTION('',(1.,0.,0.));
#2997 = ORIENTED_EDGE('',*,*,#2906,.F.);
#2998 = ORIENTED_EDGE('',*,*,#2760,.F.);
#2999 = PLANE('',#3000);
#3000 = AXIS2_PLACEMENT_3D('',#3001,#3002,#3003);
#3001 = CARTESIAN_POINT('',(262.9,258.3,79.));
#3002 = DIRECTION('',(0.,0.,1.));
#3003 = DIRECTION('',(1.,0.,0.));
#3004 = ADVANCED_FACE('',(#3005),#3010,.T.);
#3005 = FACE_BOUND('',#3006,.T.);
#3006 = EDGE_LOOP('',(#3007,#3008,#3009));
#3007 = ORIENTED_EDGE('',*,*,#2975,.T.);
#3008 = ORIENTED_EDGE('',*,*,#2965,.T.);
#3009 = ORIENTED_EDGE('',*,*,#2849,.T.);
#3010 = PLANE('',#3011);
#3011 = AXIS2_PLACEMENT_3D('',#3012,#3013,#3014);
#3012 = CARTESIAN_POINT('',(261.,261.,81.8));
#3013 = DIRECTION('',(0.,0.,1.));
#3014 = DIRECTION('',(1.,0.,0.));
#3015 = ADVANCED_FACE('',(#3016),#3022,.T.);
#3016 = FACE_BOUND('',#3017,.T.);
#3017 = EDGE_LOOP('',(#3018,#3019,#3020,#3021));
#3018 = ORIENTED_EDGE('',*,*,#2992,.T.);
#3019 = ORIENTED_EDGE('',*,*,#2898,.F.);
#3020 = ORIENTED_EDGE('',*,*,#2882,.T.);
#3021 = ORIENTED_EDGE('',*,*,#2825,.T.);
#3022 = PLANE('',#3023);
#3023 = AXIS2_PLACEMENT_3D('',#3024,#3025,#3026);
#3024 = CARTESIAN_POINT('',(262.9,258.3,64.9));
#3025 = DIRECTION('',(0.,1.,0.));
#3026 = DIRECTION('',(0.,0.,1.));
#3027 = MANIFOLD_SOLID_BREP('',#3028);
#3028 = CLOSED_SHELL('',(#3029,#3069,#3111,#3151,#3186,#3219,#3236,#3253
    ,#3270));
#3029 = ADVANCED_FACE('',(#3030),#3064,.F.);
#3030 = FACE_BOUND('',#3031,.F.);
#3031 = EDGE_LOOP('',(#3032,#3042,#3050,#3058));
#3032 = ORIENTED_EDGE('',*,*,#3033,.F.);
#3033 = EDGE_CURVE('',#3034,#3036,#3038,.T.);
#3034 = VERTEX_POINT('',#3035);
#3035 = CARTESIAN_POINT('',(117.5,222.,56.5));
#3036 = VERTEX_POINT('',#3037);
#3037 = CARTESIAN_POINT('',(157.5,222.,56.5));
#3038 = LINE('',#3039,#3040);
#3039 = CARTESIAN_POINT('',(117.5,222.,56.5));
#3040 = VECTOR('',#3041,1.);
#3041 = DIRECTION('',(1.,0.,0.));
#3042 = ORIENTED_EDGE('',*,*,#3043,.T.);
#3043 = EDGE_CURVE('',#3034,#3044,#3046,.T.);
#3044 = VERTEX_POINT('',#3045);
#3045 = CARTESIAN_POINT('',(117.5,222.,59.5));
#3046 = LINE('',#3047,#3048);
#3047 = CARTESIAN_POINT('',(117.5,222.,56.5));
#3048 = VECTOR('',#3049,1.);
#3049 = DIRECTION('',(0.,0.,1.));
#3050 = ORIENTED_EDGE('',*,*,#3051,.T.);
#3051 = EDGE_CURVE('',#3044,#3052,#3054,.T.);
#3052 = VERTEX_POINT('',#3053);
#3053 = CARTESIAN_POINT('',(157.5,222.,59.5));
#3054 = LINE('',#3055,#3056);
#3055 = CARTESIAN_POINT('',(117.5,222.,59.5));
#3056 = VECTOR('',#3057,1.);
#3057 = DIRECTION('',(1.,0.,0.));
#3058 = ORIENTED_EDGE('',*,*,#3059,.F.);
#3059 = EDGE_CURVE('',#3036,#3052,#3060,.T.);
#3060 = LINE('',#3061,#3062);
#3061 = CARTESIAN_POINT('',(157.5,222.,56.5));
#3062 = VECTOR('',#3063,1.);
#3063 = DIRECTION('',(0.,0.,1.));
#3064 = PLANE('',#3065);
#3065 = AXIS2_PLACEMENT_3D('',#3066,#3067,#3068);
#3066 = CARTESIAN_POINT('',(117.5,222.,56.5));
#3067 = DIRECTION('',(0.,1.,0.));
#3068 = DIRECTION('',(0.,0.,1.));
#3069 = ADVANCED_FACE('',(#3070,#3095),#3106,.F.);
#3070 = FACE_BOUND('',#3071,.F.);
#3071 = EDGE_LOOP('',(#3072,#3080,#3081,#3089));
#3072 = ORIENTED_EDGE('',*,*,#3073,.F.);
#3073 = EDGE_CURVE('',#3034,#3074,#3076,.T.);
#3074 = VERTEX_POINT('',#3075);
#3075 = CARTESIAN_POINT('',(117.5,262.3,56.5));
#3076 = LINE('',#3077,#3078);
#3077 = CARTESIAN_POINT('',(117.5,222.,56.5));
#3078 = VECTOR('',#3079,1.);
#3079 = DIRECTION('',(0.,1.,0.));
#3080 = ORIENTED_EDGE('',*,*,#3033,.T.);
#3081 = ORIENTED_EDGE('',*,*,#3082,.T.);
#3082 = EDGE_CURVE('',#3036,#3083,#3085,.T.);
#3083 = VERTEX_POINT('',#3084);
#3084 = CARTESIAN_POINT('',(157.5,262.3,56.5));
#3085 = LINE('',#3086,#3087);
#3086 = CARTESIAN_POINT('',(157.5,222.,56.5));
#3087 = VECTOR('',#3088,1.);
#3088 = DIRECTION('',(0.,1.,0.));
#3089 = ORIENTED_EDGE('',*,*,#3090,.F.);
#3090 = EDGE_CURVE('',#3074,#3083,#3091,.T.);
#3091 = LINE('',#3092,#3093);
#3092 = CARTESIAN_POINT('',(117.5,262.3,56.5));
#3093 = VECTOR('',#3094,1.);
#3094 = DIRECTION('',(1.,0.,0.));
#3095 = FACE_BOUND('',#3096,.F.);
#3096 = EDGE_LOOP('',(#3097));
#3097 = ORIENTED_EDGE('',*,*,#3098,.F.);
#3098 = EDGE_CURVE('',#3099,#3099,#3101,.T.);
#3099 = VERTEX_POINT('',#3100);
#3100 = CARTESIAN_POINT('',(141.75,232.,56.5));
#3101 = CIRCLE('',#3102,4.25);
#3102 = AXIS2_PLACEMENT_3D('',#3103,#3104,#3105);
#3103 = CARTESIAN_POINT('',(137.5,232.,56.5));
#3104 = DIRECTION('',(0.,0.,1.));
#3105 = DIRECTION('',(1.,0.,0.));
#3106 = PLANE('',#3107);
#3107 = AXIS2_PLACEMENT_3D('',#3108,#3109,#3110);
#3108 = CARTESIAN_POINT('',(117.5,222.,56.5));
#3109 = DIRECTION('',(0.,0.,1.));
#3110 = DIRECTION('',(1.,0.,0.));
#3111 = ADVANCED_FACE('',(#3112),#3146,.T.);
#3112 = FACE_BOUND('',#3113,.T.);
#3113 = EDGE_LOOP('',(#3114,#3115,#3116,#3124,#3132,#3140));
#3114 = ORIENTED_EDGE('',*,*,#3059,.F.);
#3115 = ORIENTED_EDGE('',*,*,#3082,.T.);
#3116 = ORIENTED_EDGE('',*,*,#3117,.T.);
#3117 = EDGE_CURVE('',#3083,#3118,#3120,.T.);
#3118 = VERTEX_POINT('',#3119);
#3119 = CARTESIAN_POINT('',(157.5,262.3,65.));
#3120 = LINE('',#3121,#3122);
#3121 = CARTESIAN_POINT('',(157.5,262.3,59.5));
#3122 = VECTOR('',#3123,1.);
#3123 = DIRECTION('',(0.,0.,1.));
#3124 = ORIENTED_EDGE('',*,*,#3125,.F.);
#3125 = EDGE_CURVE('',#3126,#3118,#3128,.T.);
#3126 = VERTEX_POINT('',#3127);
#3127 = CARTESIAN_POINT('',(157.5,259.3,65.));
#3128 = LINE('',#3129,#3130);
#3129 = CARTESIAN_POINT('',(157.5,259.3,65.));
#3130 = VECTOR('',#3131,1.);
#3131 = DIRECTION('',(0.,1.,0.));
#3132 = ORIENTED_EDGE('',*,*,#3133,.F.);
#3133 = EDGE_CURVE('',#3134,#3126,#3136,.T.);
#3134 = VERTEX_POINT('',#3135);
#3135 = CARTESIAN_POINT('',(157.5,259.3,59.5));
#3136 = LINE('',#3137,#3138);
#3137 = CARTESIAN_POINT('',(157.5,259.3,59.5));
#3138 = VECTOR('',#3139,1.);
#3139 = DIRECTION('',(0.,0.,1.));
#3140 = ORIENTED_EDGE('',*,*,#3141,.F.);
#3141 = EDGE_CURVE('',#3052,#3134,#3142,.T.);
#3142 = LINE('',#3143,#3144);
#3143 = CARTESIAN_POINT('',(157.5,222.,59.5));
#3144 = VECTOR('',#3145,1.);
#3145 = DIRECTION('',(0.,1.,0.));
#3146 = PLANE('',#3147);
#3147 = AXIS2_PLACEMENT_3D('',#3148,#3149,#3150);
#3148 = CARTESIAN_POINT('',(157.5,244.25194672131,58.648053278689));
#3149 = DIRECTION('',(1.,0.,0.));
#3150 = DIRECTION('',(0.,0.,1.));
#3151 = ADVANCED_FACE('',(#3152,#3170),#3181,.T.);
#3152 = FACE_BOUND('',#3153,.T.);
#3153 = EDGE_LOOP('',(#3154,#3162,#3163,#3164));
#3154 = ORIENTED_EDGE('',*,*,#3155,.F.);
#3155 = EDGE_CURVE('',#3044,#3156,#3158,.T.);
#3156 = VERTEX_POINT('',#3157);
#3157 = CARTESIAN_POINT('',(117.5,259.3,59.5));
#3158 = LINE('',#3159,#3160);
#3159 = CARTESIAN_POINT('',(117.5,222.,59.5));
#3160 = VECTOR('',#3161,1.);
#3161 = DIRECTION('',(0.,1.,0.));
#3162 = ORIENTED_EDGE('',*,*,#3051,.T.);
#3163 = ORIENTED_EDGE('',*,*,#3141,.T.);
#3164 = ORIENTED_EDGE('',*,*,#3165,.F.);
#3165 = EDGE_CURVE('',#3156,#3134,#3166,.T.);
#3166 = LINE('',#3167,#3168);
#3167 = CARTESIAN_POINT('',(117.5,259.3,59.5));
#3168 = VECTOR('',#3169,1.);
#3169 = DIRECTION('',(1.,0.,0.));
#3170 = FACE_BOUND('',#3171,.T.);
#3171 = EDGE_LOOP('',(#3172));
#3172 = ORIENTED_EDGE('',*,*,#3173,.F.);
#3173 = EDGE_CURVE('',#3174,#3174,#3176,.T.);
#3174 = VERTEX_POINT('',#3175);
#3175 = CARTESIAN_POINT('',(141.75,232.,59.5));
#3176 = CIRCLE('',#3177,4.25);
#3177 = AXIS2_PLACEMENT_3D('',#3178,#3179,#3180);
#3178 = CARTESIAN_POINT('',(137.5,232.,59.5));
#3179 = DIRECTION('',(0.,0.,1.));
#3180 = DIRECTION('',(1.,0.,0.));
#3181 = PLANE('',#3182);
#3182 = AXIS2_PLACEMENT_3D('',#3183,#3184,#3185);
#3183 = CARTESIAN_POINT('',(117.5,222.,59.5));
#3184 = DIRECTION('',(0.,0.,1.));
#3185 = DIRECTION('',(1.,0.,0.));
#3186 = ADVANCED_FACE('',(#3187),#3214,.T.);
#3187 = FACE_BOUND('',#3188,.T.);
#3188 = EDGE_LOOP('',(#3189,#3190,#3191,#3199,#3207,#3213));
#3189 = ORIENTED_EDGE('',*,*,#3043,.T.);
#3190 = ORIENTED_EDGE('',*,*,#3155,.T.);
#3191 = ORIENTED_EDGE('',*,*,#3192,.T.);
#3192 = EDGE_CURVE('',#3156,#3193,#3195,.T.);
#3193 = VERTEX_POINT('',#3194);
#3194 = CARTESIAN_POINT('',(117.5,259.3,65.));
#3195 = LINE('',#3196,#3197);
#3196 = CARTESIAN_POINT('',(117.5,259.3,59.5));
#3197 = VECTOR('',#3198,1.);
#3198 = DIRECTION('',(0.,0.,1.));
#3199 = ORIENTED_EDGE('',*,*,#3200,.T.);
#3200 = EDGE_CURVE('',#3193,#3201,#3203,.T.);
#3201 = VERTEX_POINT('',#3202);
#3202 = CARTESIAN_POINT('',(117.5,262.3,65.));
#3203 = LINE('',#3204,#3205);
#3204 = CARTESIAN_POINT('',(117.5,259.3,65.));
#3205 = VECTOR('',#3206,1.);
#3206 = DIRECTION('',(0.,1.,0.));
#3207 = ORIENTED_EDGE('',*,*,#3208,.F.);
#3208 = EDGE_CURVE('',#3074,#3201,#3209,.T.);
#3209 = LINE('',#3210,#3211);
#3210 = CARTESIAN_POINT('',(117.5,262.3,59.5));
#3211 = VECTOR('',#3212,1.);
#3212 = DIRECTION('',(0.,0.,1.));
#3213 = ORIENTED_EDGE('',*,*,#3073,.F.);
#3214 = PLANE('',#3215);
#3215 = AXIS2_PLACEMENT_3D('',#3216,#3217,#3218);
#3216 = CARTESIAN_POINT('',(117.5,244.25194672131,58.648053278689));
#3217 = DIRECTION('',(-1.,-0.,-0.));
#3218 = DIRECTION('',(0.,0.,-1.));
#3219 = ADVANCED_FACE('',(#3220),#3231,.T.);
#3220 = FACE_BOUND('',#3221,.T.);
#3221 = EDGE_LOOP('',(#3222,#3223,#3224,#3230));
#3222 = ORIENTED_EDGE('',*,*,#3090,.F.);
#3223 = ORIENTED_EDGE('',*,*,#3208,.T.);
#3224 = ORIENTED_EDGE('',*,*,#3225,.T.);
#3225 = EDGE_CURVE('',#3201,#3118,#3226,.T.);
#3226 = LINE('',#3227,#3228);
#3227 = CARTESIAN_POINT('',(117.5,262.3,65.));
#3228 = VECTOR('',#3229,1.);
#3229 = DIRECTION('',(1.,0.,0.));
#3230 = ORIENTED_EDGE('',*,*,#3117,.F.);
#3231 = PLANE('',#3232);
#3232 = AXIS2_PLACEMENT_3D('',#3233,#3234,#3235);
#3233 = CARTESIAN_POINT('',(137.5,262.3,60.75));
#3234 = DIRECTION('',(0.,1.,0.));
#3235 = DIRECTION('',(0.,0.,1.));
#3236 = ADVANCED_FACE('',(#3237),#3248,.F.);
#3237 = FACE_BOUND('',#3238,.F.);
#3238 = EDGE_LOOP('',(#3239,#3240,#3246,#3247));
#3239 = ORIENTED_EDGE('',*,*,#3173,.F.);
#3240 = ORIENTED_EDGE('',*,*,#3241,.F.);
#3241 = EDGE_CURVE('',#3099,#3174,#3242,.T.);
#3242 = LINE('',#3243,#3244);
#3243 = CARTESIAN_POINT('',(141.75,232.,55.5));
#3244 = VECTOR('',#3245,1.);
#3245 = DIRECTION('',(0.,0.,1.));
#3246 = ORIENTED_EDGE('',*,*,#3098,.T.);
#3247 = ORIENTED_EDGE('',*,*,#3241,.T.);
#3248 = CYLINDRICAL_SURFACE('',#3249,4.25);
#3249 = AXIS2_PLACEMENT_3D('',#3250,#3251,#3252);
#3250 = CARTESIAN_POINT('',(137.5,232.,55.5));
#3251 = DIRECTION('',(0.,0.,1.));
#3252 = DIRECTION('',(1.,0.,0.));
#3253 = ADVANCED_FACE('',(#3254),#3265,.T.);
#3254 = FACE_BOUND('',#3255,.T.);
#3255 = EDGE_LOOP('',(#3256,#3257,#3263,#3264));
#3256 = ORIENTED_EDGE('',*,*,#3200,.F.);
#3257 = ORIENTED_EDGE('',*,*,#3258,.T.);
#3258 = EDGE_CURVE('',#3193,#3126,#3259,.T.);
#3259 = LINE('',#3260,#3261);
#3260 = CARTESIAN_POINT('',(117.5,259.3,65.));
#3261 = VECTOR('',#3262,1.);
#3262 = DIRECTION('',(1.,0.,0.));
#3263 = ORIENTED_EDGE('',*,*,#3125,.T.);
#3264 = ORIENTED_EDGE('',*,*,#3225,.F.);
#3265 = PLANE('',#3266);
#3266 = AXIS2_PLACEMENT_3D('',#3267,#3268,#3269);
#3267 = CARTESIAN_POINT('',(117.5,259.3,65.));
#3268 = DIRECTION('',(0.,0.,1.));
#3269 = DIRECTION('',(1.,0.,0.));
#3270 = ADVANCED_FACE('',(#3271),#3277,.F.);
#3271 = FACE_BOUND('',#3272,.F.);
#3272 = EDGE_LOOP('',(#3273,#3274,#3275,#3276));
#3273 = ORIENTED_EDGE('',*,*,#3165,.F.);
#3274 = ORIENTED_EDGE('',*,*,#3192,.T.);
#3275 = ORIENTED_EDGE('',*,*,#3258,.T.);
#3276 = ORIENTED_EDGE('',*,*,#3133,.F.);
#3277 = PLANE('',#3278);
#3278 = AXIS2_PLACEMENT_3D('',#3279,#3280,#3281);
#3279 = CARTESIAN_POINT('',(117.5,259.3,59.5));
#3280 = DIRECTION('',(0.,1.,0.));
#3281 = DIRECTION('',(0.,0.,1.));
#3282 = MANIFOLD_SOLID_BREP('',#3283);
#3283 = CLOSED_SHELL('',(#3284,#3324,#3364,#3386,#3408,#3420));
#3284 = ADVANCED_FACE('',(#3285),#3319,.F.);
#3285 = FACE_BOUND('',#3286,.F.);
#3286 = EDGE_LOOP('',(#3287,#3297,#3305,#3313));
#3287 = ORIENTED_EDGE('',*,*,#3288,.F.);
#3288 = EDGE_CURVE('',#3289,#3291,#3293,.T.);
#3289 = VERTEX_POINT('',#3290);
#3290 = CARTESIAN_POINT('',(26.,13.,86.));
#3291 = VERTEX_POINT('',#3292);
#3292 = CARTESIAN_POINT('',(26.,13.,87.));
#3293 = LINE('',#3294,#3295);
#3294 = CARTESIAN_POINT('',(26.,13.,86.));
#3295 = VECTOR('',#3296,1.);
#3296 = DIRECTION('',(0.,0.,1.));
#3297 = ORIENTED_EDGE('',*,*,#3298,.T.);
#3298 = EDGE_CURVE('',#3289,#3299,#3301,.T.);
#3299 = VERTEX_POINT('',#3300);
#3300 = CARTESIAN_POINT('',(26.,83.,86.));
#3301 = LINE('',#3302,#3303);
#3302 = CARTESIAN_POINT('',(26.,13.,86.));
#3303 = VECTOR('',#3304,1.);
#3304 = DIRECTION('',(0.,1.,0.));
#3305 = ORIENTED_EDGE('',*,*,#3306,.T.);
#3306 = EDGE_CURVE('',#3299,#3307,#3309,.T.);
#3307 = VERTEX_POINT('',#3308);
#3308 = CARTESIAN_POINT('',(26.,83.,87.));
#3309 = LINE('',#3310,#3311);
#3310 = CARTESIAN_POINT('',(26.,83.,86.));
#3311 = VECTOR('',#3312,1.);
#3312 = DIRECTION('',(0.,0.,1.));
#3313 = ORIENTED_EDGE('',*,*,#3314,.F.);
#3314 = EDGE_CURVE('',#3291,#3307,#3315,.T.);
#3315 = LINE('',#3316,#3317);
#3316 = CARTESIAN_POINT('',(26.,13.,87.));
#3317 = VECTOR('',#3318,1.);
#3318 = DIRECTION('',(0.,1.,0.));
#3319 = PLANE('',#3320);
#3320 = AXIS2_PLACEMENT_3D('',#3321,#3322,#3323);
#3321 = CARTESIAN_POINT('',(26.,13.,86.));
#3322 = DIRECTION('',(1.,0.,0.));
#3323 = DIRECTION('',(0.,0.,1.));
#3324 = ADVANCED_FACE('',(#3325),#3359,.T.);
#3325 = FACE_BOUND('',#3326,.T.);
#3326 = EDGE_LOOP('',(#3327,#3337,#3345,#3353));
#3327 = ORIENTED_EDGE('',*,*,#3328,.F.);
#3328 = EDGE_CURVE('',#3329,#3331,#3333,.T.);
#3329 = VERTEX_POINT('',#3330);
#3330 = CARTESIAN_POINT('',(107.,13.,86.));
#3331 = VERTEX_POINT('',#3332);
#3332 = CARTESIAN_POINT('',(107.,13.,87.));
#3333 = LINE('',#3334,#3335);
#3334 = CARTESIAN_POINT('',(107.,13.,86.));
#3335 = VECTOR('',#3336,1.);
#3336 = DIRECTION('',(0.,0.,1.));
#3337 = ORIENTED_EDGE('',*,*,#3338,.T.);
#3338 = EDGE_CURVE('',#3329,#3339,#3341,.T.);
#3339 = VERTEX_POINT('',#3340);
#3340 = CARTESIAN_POINT('',(107.,83.,86.));
#3341 = LINE('',#3342,#3343);
#3342 = CARTESIAN_POINT('',(107.,13.,86.));
#3343 = VECTOR('',#3344,1.);
#3344 = DIRECTION('',(0.,1.,0.));
#3345 = ORIENTED_EDGE('',*,*,#3346,.T.);
#3346 = EDGE_CURVE('',#3339,#3347,#3349,.T.);
#3347 = VERTEX_POINT('',#3348);
#3348 = CARTESIAN_POINT('',(107.,83.,87.));
#3349 = LINE('',#3350,#3351);
#3350 = CARTESIAN_POINT('',(107.,83.,86.));
#3351 = VECTOR('',#3352,1.);
#3352 = DIRECTION('',(0.,0.,1.));
#3353 = ORIENTED_EDGE('',*,*,#3354,.F.);
#3354 = EDGE_CURVE('',#3331,#3347,#3355,.T.);
#3355 = LINE('',#3356,#3357);
#3356 = CARTESIAN_POINT('',(107.,13.,87.));
#3357 = VECTOR('',#3358,1.);
#3358 = DIRECTION('',(0.,1.,0.));
#3359 = PLANE('',#3360);
#3360 = AXIS2_PLACEMENT_3D('',#3361,#3362,#3363);
#3361 = CARTESIAN_POINT('',(107.,13.,86.));
#3362 = DIRECTION('',(1.,0.,0.));
#3363 = DIRECTION('',(0.,0.,1.));
#3364 = ADVANCED_FACE('',(#3365),#3381,.F.);
#3365 = FACE_BOUND('',#3366,.F.);
#3366 = EDGE_LOOP('',(#3367,#3373,#3374,#3380));
#3367 = ORIENTED_EDGE('',*,*,#3368,.F.);
#3368 = EDGE_CURVE('',#3289,#3329,#3369,.T.);
#3369 = LINE('',#3370,#3371);
#3370 = CARTESIAN_POINT('',(26.,13.,86.));
#3371 = VECTOR('',#3372,1.);
#3372 = DIRECTION('',(1.,0.,0.));
#3373 = ORIENTED_EDGE('',*,*,#3288,.T.);
#3374 = ORIENTED_EDGE('',*,*,#3375,.T.);
#3375 = EDGE_CURVE('',#3291,#3331,#3376,.T.);
#3376 = LINE('',#3377,#3378);
#3377 = CARTESIAN_POINT('',(26.,13.,87.));
#3378 = VECTOR('',#3379,1.);
#3379 = DIRECTION('',(1.,0.,0.));
#3380 = ORIENTED_EDGE('',*,*,#3328,.F.);
#3381 = PLANE('',#3382);
#3382 = AXIS2_PLACEMENT_3D('',#3383,#3384,#3385);
#3383 = CARTESIAN_POINT('',(26.,13.,86.));
#3384 = DIRECTION('',(0.,1.,0.));
#3385 = DIRECTION('',(0.,0.,1.));
#3386 = ADVANCED_FACE('',(#3387),#3403,.T.);
#3387 = FACE_BOUND('',#3388,.T.);
#3388 = EDGE_LOOP('',(#3389,#3395,#3396,#3402));
#3389 = ORIENTED_EDGE('',*,*,#3390,.F.);
#3390 = EDGE_CURVE('',#3299,#3339,#3391,.T.);
#3391 = LINE('',#3392,#3393);
#3392 = CARTESIAN_POINT('',(26.,83.,86.));
#3393 = VECTOR('',#3394,1.);
#3394 = DIRECTION('',(1.,0.,0.));
#3395 = ORIENTED_EDGE('',*,*,#3306,.T.);
#3396 = ORIENTED_EDGE('',*,*,#3397,.T.);
#3397 = EDGE_CURVE('',#3307,#3347,#3398,.T.);
#3398 = LINE('',#3399,#3400);
#3399 = CARTESIAN_POINT('',(26.,83.,87.));
#3400 = VECTOR('',#3401,1.);
#3401 = DIRECTION('',(1.,0.,0.));
#3402 = ORIENTED_EDGE('',*,*,#3346,.F.);
#3403 = PLANE('',#3404);
#3404 = AXIS2_PLACEMENT_3D('',#3405,#3406,#3407);
#3405 = CARTESIAN_POINT('',(26.,83.,86.));
#3406 = DIRECTION('',(0.,1.,0.));
#3407 = DIRECTION('',(0.,0.,1.));
#3408 = ADVANCED_FACE('',(#3409),#3415,.F.);
#3409 = FACE_BOUND('',#3410,.F.);
#3410 = EDGE_LOOP('',(#3411,#3412,#3413,#3414));
#3411 = ORIENTED_EDGE('',*,*,#3298,.F.);
#3412 = ORIENTED_EDGE('',*,*,#3368,.T.);
#3413 = ORIENTED_EDGE('',*,*,#3338,.T.);
#3414 = ORIENTED_EDGE('',*,*,#3390,.F.);
#3415 = PLANE('',#3416);
#3416 = AXIS2_PLACEMENT_3D('',#3417,#3418,#3419);
#3417 = CARTESIAN_POINT('',(26.,13.,86.));
#3418 = DIRECTION('',(0.,0.,1.));
#3419 = DIRECTION('',(1.,0.,0.));
#3420 = ADVANCED_FACE('',(#3421),#3427,.T.);
#3421 = FACE_BOUND('',#3422,.T.);
#3422 = EDGE_LOOP('',(#3423,#3424,#3425,#3426));
#3423 = ORIENTED_EDGE('',*,*,#3314,.F.);
#3424 = ORIENTED_EDGE('',*,*,#3375,.T.);
#3425 = ORIENTED_EDGE('',*,*,#3354,.T.);
#3426 = ORIENTED_EDGE('',*,*,#3397,.F.);
#3427 = PLANE('',#3428);
#3428 = AXIS2_PLACEMENT_3D('',#3429,#3430,#3431);
#3429 = CARTESIAN_POINT('',(26.,13.,87.));
#3430 = DIRECTION('',(0.,0.,1.));
#3431 = DIRECTION('',(1.,0.,0.));
#3432 = MANIFOLD_SOLID_BREP('',#3433);
#3433 = CLOSED_SHELL('',(#3434,#3474,#3514,#3536,#3558,#3570));
#3434 = ADVANCED_FACE('',(#3435),#3469,.F.);
#3435 = FACE_BOUND('',#3436,.F.);
#3436 = EDGE_LOOP('',(#3437,#3447,#3455,#3463));
#3437 = ORIENTED_EDGE('',*,*,#3438,.F.);
#3438 = EDGE_CURVE('',#3439,#3441,#3443,.T.);
#3439 = VERTEX_POINT('',#3440);
#3440 = CARTESIAN_POINT('',(107.,30.,86.));
#3441 = VERTEX_POINT('',#3442);
#3442 = CARTESIAN_POINT('',(107.,30.,87.));
#3443 = LINE('',#3444,#3445);
#3444 = CARTESIAN_POINT('',(107.,30.,86.));
#3445 = VECTOR('',#3446,1.);
#3446 = DIRECTION('',(0.,0.,1.));
#3447 = ORIENTED_EDGE('',*,*,#3448,.T.);
#3448 = EDGE_CURVE('',#3439,#3449,#3451,.T.);
#3449 = VERTEX_POINT('',#3450);
#3450 = CARTESIAN_POINT('',(107.,83.,86.));
#3451 = LINE('',#3452,#3453);
#3452 = CARTESIAN_POINT('',(107.,30.,86.));
#3453 = VECTOR('',#3454,1.);
#3454 = DIRECTION('',(0.,1.,0.));
#3455 = ORIENTED_EDGE('',*,*,#3456,.T.);
#3456 = EDGE_CURVE('',#3449,#3457,#3459,.T.);
#3457 = VERTEX_POINT('',#3458);
#3458 = CARTESIAN_POINT('',(107.,83.,87.));
#3459 = LINE('',#3460,#3461);
#3460 = CARTESIAN_POINT('',(107.,83.,86.));
#3461 = VECTOR('',#3462,1.);
#3462 = DIRECTION('',(0.,0.,1.));
#3463 = ORIENTED_EDGE('',*,*,#3464,.F.);
#3464 = EDGE_CURVE('',#3441,#3457,#3465,.T.);
#3465 = LINE('',#3466,#3467);
#3466 = CARTESIAN_POINT('',(107.,30.,87.));
#3467 = VECTOR('',#3468,1.);
#3468 = DIRECTION('',(0.,1.,0.));
#3469 = PLANE('',#3470);
#3470 = AXIS2_PLACEMENT_3D('',#3471,#3472,#3473);
#3471 = CARTESIAN_POINT('',(107.,30.,86.));
#3472 = DIRECTION('',(1.,0.,0.));
#3473 = DIRECTION('',(0.,0.,1.));
#3474 = ADVANCED_FACE('',(#3475),#3509,.T.);
#3475 = FACE_BOUND('',#3476,.T.);
#3476 = EDGE_LOOP('',(#3477,#3487,#3495,#3503));
#3477 = ORIENTED_EDGE('',*,*,#3478,.F.);
#3478 = EDGE_CURVE('',#3479,#3481,#3483,.T.);
#3479 = VERTEX_POINT('',#3480);
#3480 = CARTESIAN_POINT('',(141.,30.,86.));
#3481 = VERTEX_POINT('',#3482);
#3482 = CARTESIAN_POINT('',(141.,30.,87.));
#3483 = LINE('',#3484,#3485);
#3484 = CARTESIAN_POINT('',(141.,30.,86.));
#3485 = VECTOR('',#3486,1.);
#3486 = DIRECTION('',(0.,0.,1.));
#3487 = ORIENTED_EDGE('',*,*,#3488,.T.);
#3488 = EDGE_CURVE('',#3479,#3489,#3491,.T.);
#3489 = VERTEX_POINT('',#3490);
#3490 = CARTESIAN_POINT('',(141.,83.,86.));
#3491 = LINE('',#3492,#3493);
#3492 = CARTESIAN_POINT('',(141.,30.,86.));
#3493 = VECTOR('',#3494,1.);
#3494 = DIRECTION('',(0.,1.,0.));
#3495 = ORIENTED_EDGE('',*,*,#3496,.T.);
#3496 = EDGE_CURVE('',#3489,#3497,#3499,.T.);
#3497 = VERTEX_POINT('',#3498);
#3498 = CARTESIAN_POINT('',(141.,83.,87.));
#3499 = LINE('',#3500,#3501);
#3500 = CARTESIAN_POINT('',(141.,83.,86.));
#3501 = VECTOR('',#3502,1.);
#3502 = DIRECTION('',(0.,0.,1.));
#3503 = ORIENTED_EDGE('',*,*,#3504,.F.);
#3504 = EDGE_CURVE('',#3481,#3497,#3505,.T.);
#3505 = LINE('',#3506,#3507);
#3506 = CARTESIAN_POINT('',(141.,30.,87.));
#3507 = VECTOR('',#3508,1.);
#3508 = DIRECTION('',(0.,1.,0.));
#3509 = PLANE('',#3510);
#3510 = AXIS2_PLACEMENT_3D('',#3511,#3512,#3513);
#3511 = CARTESIAN_POINT('',(141.,30.,86.));
#3512 = DIRECTION('',(1.,0.,0.));
#3513 = DIRECTION('',(0.,0.,1.));
#3514 = ADVANCED_FACE('',(#3515),#3531,.F.);
#3515 = FACE_BOUND('',#3516,.F.);
#3516 = EDGE_LOOP('',(#3517,#3523,#3524,#3530));
#3517 = ORIENTED_EDGE('',*,*,#3518,.F.);
#3518 = EDGE_CURVE('',#3439,#3479,#3519,.T.);
#3519 = LINE('',#3520,#3521);
#3520 = CARTESIAN_POINT('',(107.,30.,86.));
#3521 = VECTOR('',#3522,1.);
#3522 = DIRECTION('',(1.,0.,0.));
#3523 = ORIENTED_EDGE('',*,*,#3438,.T.);
#3524 = ORIENTED_EDGE('',*,*,#3525,.T.);
#3525 = EDGE_CURVE('',#3441,#3481,#3526,.T.);
#3526 = LINE('',#3527,#3528);
#3527 = CARTESIAN_POINT('',(107.,30.,87.));
#3528 = VECTOR('',#3529,1.);
#3529 = DIRECTION('',(1.,0.,0.));
#3530 = ORIENTED_EDGE('',*,*,#3478,.F.);
#3531 = PLANE('',#3532);
#3532 = AXIS2_PLACEMENT_3D('',#3533,#3534,#3535);
#3533 = CARTESIAN_POINT('',(107.,30.,86.));
#3534 = DIRECTION('',(0.,1.,0.));
#3535 = DIRECTION('',(0.,0.,1.));
#3536 = ADVANCED_FACE('',(#3537),#3553,.T.);
#3537 = FACE_BOUND('',#3538,.T.);
#3538 = EDGE_LOOP('',(#3539,#3545,#3546,#3552));
#3539 = ORIENTED_EDGE('',*,*,#3540,.F.);
#3540 = EDGE_CURVE('',#3449,#3489,#3541,.T.);
#3541 = LINE('',#3542,#3543);
#3542 = CARTESIAN_POINT('',(107.,83.,86.));
#3543 = VECTOR('',#3544,1.);
#3544 = DIRECTION('',(1.,0.,0.));
#3545 = ORIENTED_EDGE('',*,*,#3456,.T.);
#3546 = ORIENTED_EDGE('',*,*,#3547,.T.);
#3547 = EDGE_CURVE('',#3457,#3497,#3548,.T.);
#3548 = LINE('',#3549,#3550);
#3549 = CARTESIAN_POINT('',(107.,83.,87.));
#3550 = VECTOR('',#3551,1.);
#3551 = DIRECTION('',(1.,0.,0.));
#3552 = ORIENTED_EDGE('',*,*,#3496,.F.);
#3553 = PLANE('',#3554);
#3554 = AXIS2_PLACEMENT_3D('',#3555,#3556,#3557);
#3555 = CARTESIAN_POINT('',(107.,83.,86.));
#3556 = DIRECTION('',(0.,1.,0.));
#3557 = DIRECTION('',(0.,0.,1.));
#3558 = ADVANCED_FACE('',(#3559),#3565,.F.);
#3559 = FACE_BOUND('',#3560,.F.);
#3560 = EDGE_LOOP('',(#3561,#3562,#3563,#3564));
#3561 = ORIENTED_EDGE('',*,*,#3448,.F.);
#3562 = ORIENTED_EDGE('',*,*,#3518,.T.);
#3563 = ORIENTED_EDGE('',*,*,#3488,.T.);
#3564 = ORIENTED_EDGE('',*,*,#3540,.F.);
#3565 = PLANE('',#3566);
#3566 = AXIS2_PLACEMENT_3D('',#3567,#3568,#3569);
#3567 = CARTESIAN_POINT('',(107.,30.,86.));
#3568 = DIRECTION('',(0.,0.,1.));
#3569 = DIRECTION('',(1.,0.,0.));
#3570 = ADVANCED_FACE('',(#3571),#3577,.T.);
#3571 = FACE_BOUND('',#3572,.T.);
#3572 = EDGE_LOOP('',(#3573,#3574,#3575,#3576));
#3573 = ORIENTED_EDGE('',*,*,#3464,.F.);
#3574 = ORIENTED_EDGE('',*,*,#3525,.T.);
#3575 = ORIENTED_EDGE('',*,*,#3504,.T.);
#3576 = ORIENTED_EDGE('',*,*,#3547,.F.);
#3577 = PLANE('',#3578);
#3578 = AXIS2_PLACEMENT_3D('',#3579,#3580,#3581);
#3579 = CARTESIAN_POINT('',(107.,30.,87.));
#3580 = DIRECTION('',(0.,0.,1.));
#3581 = DIRECTION('',(1.,0.,0.));
#3582 = MANIFOLD_SOLID_BREP('',#3583);
#3583 = CLOSED_SHELL('',(#3584,#3624,#3664,#3686,#3708,#3720));
#3584 = ADVANCED_FACE('',(#3585),#3619,.F.);
#3585 = FACE_BOUND('',#3586,.F.);
#3586 = EDGE_LOOP('',(#3587,#3597,#3605,#3613));
#3587 = ORIENTED_EDGE('',*,*,#3588,.F.);
#3588 = EDGE_CURVE('',#3589,#3591,#3593,.T.);
#3589 = VERTEX_POINT('',#3590);
#3590 = CARTESIAN_POINT('',(26.,80.,87.));
#3591 = VERTEX_POINT('',#3592);
#3592 = CARTESIAN_POINT('',(26.,80.,95.));
#3593 = LINE('',#3594,#3595);
#3594 = CARTESIAN_POINT('',(26.,80.,87.));
#3595 = VECTOR('',#3596,1.);
#3596 = DIRECTION('',(0.,0.,1.));
#3597 = ORIENTED_EDGE('',*,*,#3598,.T.);
#3598 = EDGE_CURVE('',#3589,#3599,#3601,.T.);
#3599 = VERTEX_POINT('',#3600);
#3600 = CARTESIAN_POINT('',(26.,82.,87.));
#3601 = LINE('',#3602,#3603);
#3602 = CARTESIAN_POINT('',(26.,80.,87.));
#3603 = VECTOR('',#3604,1.);
#3604 = DIRECTION('',(0.,1.,0.));
#3605 = ORIENTED_EDGE('',*,*,#3606,.T.);
#3606 = EDGE_CURVE('',#3599,#3607,#3609,.T.);
#3607 = VERTEX_POINT('',#3608);
#3608 = CARTESIAN_POINT('',(26.,82.,95.));
#3609 = LINE('',#3610,#3611);
#3610 = CARTESIAN_POINT('',(26.,82.,87.));
#3611 = VECTOR('',#3612,1.);
#3612 = DIRECTION('',(0.,0.,1.));
#3613 = ORIENTED_EDGE('',*,*,#3614,.F.);
#3614 = EDGE_CURVE('',#3591,#3607,#3615,.T.);
#3615 = LINE('',#3616,#3617);
#3616 = CARTESIAN_POINT('',(26.,80.,95.));
#3617 = VECTOR('',#3618,1.);
#3618 = DIRECTION('',(0.,1.,0.));
#3619 = PLANE('',#3620);
#3620 = AXIS2_PLACEMENT_3D('',#3621,#3622,#3623);
#3621 = CARTESIAN_POINT('',(26.,80.,87.));
#3622 = DIRECTION('',(1.,0.,0.));
#3623 = DIRECTION('',(0.,0.,1.));
#3624 = ADVANCED_FACE('',(#3625),#3659,.T.);
#3625 = FACE_BOUND('',#3626,.T.);
#3626 = EDGE_LOOP('',(#3627,#3637,#3645,#3653));
#3627 = ORIENTED_EDGE('',*,*,#3628,.F.);
#3628 = EDGE_CURVE('',#3629,#3631,#3633,.T.);
#3629 = VERTEX_POINT('',#3630);
#3630 = CARTESIAN_POINT('',(141.,80.,87.));
#3631 = VERTEX_POINT('',#3632);
#3632 = CARTESIAN_POINT('',(141.,80.,95.));
#3633 = LINE('',#3634,#3635);
#3634 = CARTESIAN_POINT('',(141.,80.,87.));
#3635 = VECTOR('',#3636,1.);
#3636 = DIRECTION('',(0.,0.,1.));
#3637 = ORIENTED_EDGE('',*,*,#3638,.T.);
#3638 = EDGE_CURVE('',#3629,#3639,#3641,.T.);
#3639 = VERTEX_POINT('',#3640);
#3640 = CARTESIAN_POINT('',(141.,82.,87.));
#3641 = LINE('',#3642,#3643);
#3642 = CARTESIAN_POINT('',(141.,80.,87.));
#3643 = VECTOR('',#3644,1.);
#3644 = DIRECTION('',(0.,1.,0.));
#3645 = ORIENTED_EDGE('',*,*,#3646,.T.);
#3646 = EDGE_CURVE('',#3639,#3647,#3649,.T.);
#3647 = VERTEX_POINT('',#3648);
#3648 = CARTESIAN_POINT('',(141.,82.,95.));
#3649 = LINE('',#3650,#3651);
#3650 = CARTESIAN_POINT('',(141.,82.,87.));
#3651 = VECTOR('',#3652,1.);
#3652 = DIRECTION('',(0.,0.,1.));
#3653 = ORIENTED_EDGE('',*,*,#3654,.F.);
#3654 = EDGE_CURVE('',#3631,#3647,#3655,.T.);
#3655 = LINE('',#3656,#3657);
#3656 = CARTESIAN_POINT('',(141.,80.,95.));
#3657 = VECTOR('',#3658,1.);
#3658 = DIRECTION('',(0.,1.,0.));
#3659 = PLANE('',#3660);
#3660 = AXIS2_PLACEMENT_3D('',#3661,#3662,#3663);
#3661 = CARTESIAN_POINT('',(141.,80.,87.));
#3662 = DIRECTION('',(1.,0.,0.));
#3663 = DIRECTION('',(0.,0.,1.));
#3664 = ADVANCED_FACE('',(#3665),#3681,.F.);
#3665 = FACE_BOUND('',#3666,.F.);
#3666 = EDGE_LOOP('',(#3667,#3673,#3674,#3680));
#3667 = ORIENTED_EDGE('',*,*,#3668,.F.);
#3668 = EDGE_CURVE('',#3589,#3629,#3669,.T.);
#3669 = LINE('',#3670,#3671);
#3670 = CARTESIAN_POINT('',(26.,80.,87.));
#3671 = VECTOR('',#3672,1.);
#3672 = DIRECTION('',(1.,0.,0.));
#3673 = ORIENTED_EDGE('',*,*,#3588,.T.);
#3674 = ORIENTED_EDGE('',*,*,#3675,.T.);
#3675 = EDGE_CURVE('',#3591,#3631,#3676,.T.);
#3676 = LINE('',#3677,#3678);
#3677 = CARTESIAN_POINT('',(26.,80.,95.));
#3678 = VECTOR('',#3679,1.);
#3679 = DIRECTION('',(1.,0.,0.));
#3680 = ORIENTED_EDGE('',*,*,#3628,.F.);
#3681 = PLANE('',#3682);
#3682 = AXIS2_PLACEMENT_3D('',#3683,#3684,#3685);
#3683 = CARTESIAN_POINT('',(26.,80.,87.));
#3684 = DIRECTION('',(0.,1.,0.));
#3685 = DIRECTION('',(0.,0.,1.));
#3686 = ADVANCED_FACE('',(#3687),#3703,.T.);
#3687 = FACE_BOUND('',#3688,.T.);
#3688 = EDGE_LOOP('',(#3689,#3695,#3696,#3702));
#3689 = ORIENTED_EDGE('',*,*,#3690,.F.);
#3690 = EDGE_CURVE('',#3599,#3639,#3691,.T.);
#3691 = LINE('',#3692,#3693);
#3692 = CARTESIAN_POINT('',(26.,82.,87.));
#3693 = VECTOR('',#3694,1.);
#3694 = DIRECTION('',(1.,0.,0.));
#3695 = ORIENTED_EDGE('',*,*,#3606,.T.);
#3696 = ORIENTED_EDGE('',*,*,#3697,.T.);
#3697 = EDGE_CURVE('',#3607,#3647,#3698,.T.);
#3698 = LINE('',#3699,#3700);
#3699 = CARTESIAN_POINT('',(26.,82.,95.));
#3700 = VECTOR('',#3701,1.);
#3701 = DIRECTION('',(1.,0.,0.));
#3702 = ORIENTED_EDGE('',*,*,#3646,.F.);
#3703 = PLANE('',#3704);
#3704 = AXIS2_PLACEMENT_3D('',#3705,#3706,#3707);
#3705 = CARTESIAN_POINT('',(26.,82.,87.));
#3706 = DIRECTION('',(0.,1.,0.));
#3707 = DIRECTION('',(0.,0.,1.));
#3708 = ADVANCED_FACE('',(#3709),#3715,.F.);
#3709 = FACE_BOUND('',#3710,.F.);
#3710 = EDGE_LOOP('',(#3711,#3712,#3713,#3714));
#3711 = ORIENTED_EDGE('',*,*,#3598,.F.);
#3712 = ORIENTED_EDGE('',*,*,#3668,.T.);
#3713 = ORIENTED_EDGE('',*,*,#3638,.T.);
#3714 = ORIENTED_EDGE('',*,*,#3690,.F.);
#3715 = PLANE('',#3716);
#3716 = AXIS2_PLACEMENT_3D('',#3717,#3718,#3719);
#3717 = CARTESIAN_POINT('',(26.,80.,87.));
#3718 = DIRECTION('',(0.,0.,1.));
#3719 = DIRECTION('',(1.,0.,0.));
#3720 = ADVANCED_FACE('',(#3721),#3727,.T.);
#3721 = FACE_BOUND('',#3722,.T.);
#3722 = EDGE_LOOP('',(#3723,#3724,#3725,#3726));
#3723 = ORIENTED_EDGE('',*,*,#3614,.F.);
#3724 = ORIENTED_EDGE('',*,*,#3675,.T.);
#3725 = ORIENTED_EDGE('',*,*,#3654,.T.);
#3726 = ORIENTED_EDGE('',*,*,#3697,.F.);
#3727 = PLANE('',#3728);
#3728 = AXIS2_PLACEMENT_3D('',#3729,#3730,#3731);
#3729 = CARTESIAN_POINT('',(26.,80.,95.));
#3730 = DIRECTION('',(0.,0.,1.));
#3731 = DIRECTION('',(1.,0.,0.));
#3732 = MANIFOLD_SOLID_BREP('',#3733);
#3733 = CLOSED_SHELL('',(#3734,#3774,#3814,#3836,#3858,#3870));
#3734 = ADVANCED_FACE('',(#3735),#3769,.F.);
#3735 = FACE_BOUND('',#3736,.F.);
#3736 = EDGE_LOOP('',(#3737,#3747,#3755,#3763));
#3737 = ORIENTED_EDGE('',*,*,#3738,.F.);
#3738 = EDGE_CURVE('',#3739,#3741,#3743,.T.);
#3739 = VERTEX_POINT('',#3740);
#3740 = CARTESIAN_POINT('',(29.,13.,87.));
#3741 = VERTEX_POINT('',#3742);
#3742 = CARTESIAN_POINT('',(29.,13.,95.));
#3743 = LINE('',#3744,#3745);
#3744 = CARTESIAN_POINT('',(29.,13.,87.));
#3745 = VECTOR('',#3746,1.);
#3746 = DIRECTION('',(0.,0.,1.));
#3747 = ORIENTED_EDGE('',*,*,#3748,.T.);
#3748 = EDGE_CURVE('',#3739,#3749,#3751,.T.);
#3749 = VERTEX_POINT('',#3750);
#3750 = CARTESIAN_POINT('',(29.,15.,87.));
#3751 = LINE('',#3752,#3753);
#3752 = CARTESIAN_POINT('',(29.,13.,87.));
#3753 = VECTOR('',#3754,1.);
#3754 = DIRECTION('',(0.,1.,0.));
#3755 = ORIENTED_EDGE('',*,*,#3756,.T.);
#3756 = EDGE_CURVE('',#3749,#3757,#3759,.T.);
#3757 = VERTEX_POINT('',#3758);
#3758 = CARTESIAN_POINT('',(29.,15.,95.));
#3759 = LINE('',#3760,#3761);
#3760 = CARTESIAN_POINT('',(29.,15.,87.));
#3761 = VECTOR('',#3762,1.);
#3762 = DIRECTION('',(0.,0.,1.));
#3763 = ORIENTED_EDGE('',*,*,#3764,.F.);
#3764 = EDGE_CURVE('',#3741,#3757,#3765,.T.);
#3765 = LINE('',#3766,#3767);
#3766 = CARTESIAN_POINT('',(29.,13.,95.));
#3767 = VECTOR('',#3768,1.);
#3768 = DIRECTION('',(0.,1.,0.));
#3769 = PLANE('',#3770);
#3770 = AXIS2_PLACEMENT_3D('',#3771,#3772,#3773);
#3771 = CARTESIAN_POINT('',(29.,13.,87.));
#3772 = DIRECTION('',(1.,0.,0.));
#3773 = DIRECTION('',(0.,0.,1.));
#3774 = ADVANCED_FACE('',(#3775),#3809,.T.);
#3775 = FACE_BOUND('',#3776,.T.);
#3776 = EDGE_LOOP('',(#3777,#3787,#3795,#3803));
#3777 = ORIENTED_EDGE('',*,*,#3778,.F.);
#3778 = EDGE_CURVE('',#3779,#3781,#3783,.T.);
#3779 = VERTEX_POINT('',#3780);
#3780 = CARTESIAN_POINT('',(106.,13.,87.));
#3781 = VERTEX_POINT('',#3782);
#3782 = CARTESIAN_POINT('',(106.,13.,95.));
#3783 = LINE('',#3784,#3785);
#3784 = CARTESIAN_POINT('',(106.,13.,87.));
#3785 = VECTOR('',#3786,1.);
#3786 = DIRECTION('',(0.,0.,1.));
#3787 = ORIENTED_EDGE('',*,*,#3788,.T.);
#3788 = EDGE_CURVE('',#3779,#3789,#3791,.T.);
#3789 = VERTEX_POINT('',#3790);
#3790 = CARTESIAN_POINT('',(106.,15.,87.));
#3791 = LINE('',#3792,#3793);
#3792 = CARTESIAN_POINT('',(106.,13.,87.));
#3793 = VECTOR('',#3794,1.);
#3794 = DIRECTION('',(0.,1.,0.));
#3795 = ORIENTED_EDGE('',*,*,#3796,.T.);
#3796 = EDGE_CURVE('',#3789,#3797,#3799,.T.);
#3797 = VERTEX_POINT('',#3798);
#3798 = CARTESIAN_POINT('',(106.,15.,95.));
#3799 = LINE('',#3800,#3801);
#3800 = CARTESIAN_POINT('',(106.,15.,87.));
#3801 = VECTOR('',#3802,1.);
#3802 = DIRECTION('',(0.,0.,1.));
#3803 = ORIENTED_EDGE('',*,*,#3804,.F.);
#3804 = EDGE_CURVE('',#3781,#3797,#3805,.T.);
#3805 = LINE('',#3806,#3807);
#3806 = CARTESIAN_POINT('',(106.,13.,95.));
#3807 = VECTOR('',#3808,1.);
#3808 = DIRECTION('',(0.,1.,0.));
#3809 = PLANE('',#3810);
#3810 = AXIS2_PLACEMENT_3D('',#3811,#3812,#3813);
#3811 = CARTESIAN_POINT('',(106.,13.,87.));
#3812 = DIRECTION('',(1.,0.,0.));
#3813 = DIRECTION('',(0.,0.,1.));
#3814 = ADVANCED_FACE('',(#3815),#3831,.F.);
#3815 = FACE_BOUND('',#3816,.F.);
#3816 = EDGE_LOOP('',(#3817,#3823,#3824,#3830));
#3817 = ORIENTED_EDGE('',*,*,#3818,.F.);
#3818 = EDGE_CURVE('',#3739,#3779,#3819,.T.);
#3819 = LINE('',#3820,#3821);
#3820 = CARTESIAN_POINT('',(29.,13.,87.));
#3821 = VECTOR('',#3822,1.);
#3822 = DIRECTION('',(1.,0.,0.));
#3823 = ORIENTED_EDGE('',*,*,#3738,.T.);
#3824 = ORIENTED_EDGE('',*,*,#3825,.T.);
#3825 = EDGE_CURVE('',#3741,#3781,#3826,.T.);
#3826 = LINE('',#3827,#3828);
#3827 = CARTESIAN_POINT('',(29.,13.,95.));
#3828 = VECTOR('',#3829,1.);
#3829 = DIRECTION('',(1.,0.,0.));
#3830 = ORIENTED_EDGE('',*,*,#3778,.F.);
#3831 = PLANE('',#3832);
#3832 = AXIS2_PLACEMENT_3D('',#3833,#3834,#3835);
#3833 = CARTESIAN_POINT('',(29.,13.,87.));
#3834 = DIRECTION('',(0.,1.,0.));
#3835 = DIRECTION('',(0.,0.,1.));
#3836 = ADVANCED_FACE('',(#3837),#3853,.T.);
#3837 = FACE_BOUND('',#3838,.T.);
#3838 = EDGE_LOOP('',(#3839,#3845,#3846,#3852));
#3839 = ORIENTED_EDGE('',*,*,#3840,.F.);
#3840 = EDGE_CURVE('',#3749,#3789,#3841,.T.);
#3841 = LINE('',#3842,#3843);
#3842 = CARTESIAN_POINT('',(29.,15.,87.));
#3843 = VECTOR('',#3844,1.);
#3844 = DIRECTION('',(1.,0.,0.));
#3845 = ORIENTED_EDGE('',*,*,#3756,.T.);
#3846 = ORIENTED_EDGE('',*,*,#3847,.T.);
#3847 = EDGE_CURVE('',#3757,#3797,#3848,.T.);
#3848 = LINE('',#3849,#3850);
#3849 = CARTESIAN_POINT('',(29.,15.,95.));
#3850 = VECTOR('',#3851,1.);
#3851 = DIRECTION('',(1.,0.,0.));
#3852 = ORIENTED_EDGE('',*,*,#3796,.F.);
#3853 = PLANE('',#3854);
#3854 = AXIS2_PLACEMENT_3D('',#3855,#3856,#3857);
#3855 = CARTESIAN_POINT('',(29.,15.,87.));
#3856 = DIRECTION('',(0.,1.,0.));
#3857 = DIRECTION('',(0.,0.,1.));
#3858 = ADVANCED_FACE('',(#3859),#3865,.F.);
#3859 = FACE_BOUND('',#3860,.F.);
#3860 = EDGE_LOOP('',(#3861,#3862,#3863,#3864));
#3861 = ORIENTED_EDGE('',*,*,#3748,.F.);
#3862 = ORIENTED_EDGE('',*,*,#3818,.T.);
#3863 = ORIENTED_EDGE('',*,*,#3788,.T.);
#3864 = ORIENTED_EDGE('',*,*,#3840,.F.);
#3865 = PLANE('',#3866);
#3866 = AXIS2_PLACEMENT_3D('',#3867,#3868,#3869);
#3867 = CARTESIAN_POINT('',(29.,13.,87.));
#3868 = DIRECTION('',(0.,0.,1.));
#3869 = DIRECTION('',(1.,0.,0.));
#3870 = ADVANCED_FACE('',(#3871),#3877,.T.);
#3871 = FACE_BOUND('',#3872,.T.);
#3872 = EDGE_LOOP('',(#3873,#3874,#3875,#3876));
#3873 = ORIENTED_EDGE('',*,*,#3764,.F.);
#3874 = ORIENTED_EDGE('',*,*,#3825,.T.);
#3875 = ORIENTED_EDGE('',*,*,#3804,.T.);
#3876 = ORIENTED_EDGE('',*,*,#3847,.F.);
#3877 = PLANE('',#3878);
#3878 = AXIS2_PLACEMENT_3D('',#3879,#3880,#3881);
#3879 = CARTESIAN_POINT('',(29.,13.,95.));
#3880 = DIRECTION('',(0.,0.,1.));
#3881 = DIRECTION('',(1.,0.,0.));
#3882 = MANIFOLD_SOLID_BREP('',#3883);
#3883 = CLOSED_SHELL('',(#3884,#3958,#3989,#4013,#4037,#4054,#4085,#4109
    ,#4133,#4150));
#3884 = ADVANCED_FACE('',(#3885,#3919),#3953,.F.);
#3885 = FACE_BOUND('',#3886,.F.);
#3886 = EDGE_LOOP('',(#3887,#3897,#3905,#3913));
#3887 = ORIENTED_EDGE('',*,*,#3888,.F.);
#3888 = EDGE_CURVE('',#3889,#3891,#3893,.T.);
#3889 = VERTEX_POINT('',#3890);
#3890 = CARTESIAN_POINT('',(105.,26.7,65.));
#3891 = VERTEX_POINT('',#3892);
#3892 = CARTESIAN_POINT('',(105.,26.7,86.));
#3893 = LINE('',#3894,#3895);
#3894 = CARTESIAN_POINT('',(105.,26.7,65.));
#3895 = VECTOR('',#3896,1.);
#3896 = DIRECTION('',(0.,0.,1.));
#3897 = ORIENTED_EDGE('',*,*,#3898,.T.);
#3898 = EDGE_CURVE('',#3889,#3899,#3901,.T.);
#3899 = VERTEX_POINT('',#3900);
#3900 = CARTESIAN_POINT('',(105.,83.,65.));
#3901 = LINE('',#3902,#3903);
#3902 = CARTESIAN_POINT('',(105.,26.7,65.));
#3903 = VECTOR('',#3904,1.);
#3904 = DIRECTION('',(0.,1.,0.));
#3905 = ORIENTED_EDGE('',*,*,#3906,.T.);
#3906 = EDGE_CURVE('',#3899,#3907,#3909,.T.);
#3907 = VERTEX_POINT('',#3908);
#3908 = CARTESIAN_POINT('',(105.,83.,86.));
#3909 = LINE('',#3910,#3911);
#3910 = CARTESIAN_POINT('',(105.,83.,65.));
#3911 = VECTOR('',#3912,1.);
#3912 = DIRECTION('',(0.,0.,1.));
#3913 = ORIENTED_EDGE('',*,*,#3914,.F.);
#3914 = EDGE_CURVE('',#3891,#3907,#3915,.T.);
#3915 = LINE('',#3916,#3917);
#3916 = CARTESIAN_POINT('',(105.,26.7,86.));
#3917 = VECTOR('',#3918,1.);
#3918 = DIRECTION('',(0.,1.,0.));
#3919 = FACE_BOUND('',#3920,.F.);
#3920 = EDGE_LOOP('',(#3921,#3931,#3939,#3947));
#3921 = ORIENTED_EDGE('',*,*,#3922,.T.);
#3922 = EDGE_CURVE('',#3923,#3925,#3927,.T.);
#3923 = VERTEX_POINT('',#3924);
#3924 = CARTESIAN_POINT('',(105.,77.,70.));
#3925 = VERTEX_POINT('',#3926);
#3926 = CARTESIAN_POINT('',(105.,32.7,70.));
#3927 = LINE('',#3928,#3929);
#3928 = CARTESIAN_POINT('',(105.,29.7,70.));
#3929 = VECTOR('',#3930,1.);
#3930 = DIRECTION('',(0.,-1.,0.));
#3931 = ORIENTED_EDGE('',*,*,#3932,.T.);
#3932 = EDGE_CURVE('',#3925,#3933,#3935,.T.);
#3933 = VERTEX_POINT('',#3934);
#3934 = CARTESIAN_POINT('',(105.,32.7,81.));
#3935 = LINE('',#3936,#3937);
#3936 = CARTESIAN_POINT('',(105.,32.7,67.5));
#3937 = VECTOR('',#3938,1.);
#3938 = DIRECTION('',(0.,0.,1.));
#3939 = ORIENTED_EDGE('',*,*,#3940,.F.);
#3940 = EDGE_CURVE('',#3941,#3933,#3943,.T.);
#3941 = VERTEX_POINT('',#3942);
#3942 = CARTESIAN_POINT('',(105.,77.,81.));
#3943 = LINE('',#3944,#3945);
#3944 = CARTESIAN_POINT('',(105.,29.7,81.));
#3945 = VECTOR('',#3946,1.);
#3946 = DIRECTION('',(0.,-1.,0.));
#3947 = ORIENTED_EDGE('',*,*,#3948,.F.);
#3948 = EDGE_CURVE('',#3923,#3941,#3949,.T.);
#3949 = LINE('',#3950,#3951);
#3950 = CARTESIAN_POINT('',(105.,77.,67.5));
#3951 = VECTOR('',#3952,1.);
#3952 = DIRECTION('',(0.,0.,1.));
#3953 = PLANE('',#3954);
#3954 = AXIS2_PLACEMENT_3D('',#3955,#3956,#3957);
#3955 = CARTESIAN_POINT('',(105.,26.7,65.));
#3956 = DIRECTION('',(1.,0.,0.));
#3957 = DIRECTION('',(0.,0.,1.));
#3958 = ADVANCED_FACE('',(#3959),#3984,.F.);
#3959 = FACE_BOUND('',#3960,.F.);
#3960 = EDGE_LOOP('',(#3961,#3969,#3970,#3978));
#3961 = ORIENTED_EDGE('',*,*,#3962,.F.);
#3962 = EDGE_CURVE('',#3889,#3963,#3965,.T.);
#3963 = VERTEX_POINT('',#3964);
#3964 = CARTESIAN_POINT('',(107.,26.7,65.));
#3965 = LINE('',#3966,#3967);
#3966 = CARTESIAN_POINT('',(105.,26.7,65.));
#3967 = VECTOR('',#3968,1.);
#3968 = DIRECTION('',(1.,0.,0.));
#3969 = ORIENTED_EDGE('',*,*,#3888,.T.);
#3970 = ORIENTED_EDGE('',*,*,#3971,.T.);
#3971 = EDGE_CURVE('',#3891,#3972,#3974,.T.);
#3972 = VERTEX_POINT('',#3973);
#3973 = CARTESIAN_POINT('',(107.,26.7,86.));
#3974 = LINE('',#3975,#3976);
#3975 = CARTESIAN_POINT('',(105.,26.7,86.));
#3976 = VECTOR('',#3977,1.);
#3977 = DIRECTION('',(1.,0.,0.));
#3978 = ORIENTED_EDGE('',*,*,#3979,.F.);
#3979 = EDGE_CURVE('',#3963,#3972,#3980,.T.);
#3980 = LINE('',#3981,#3982);
#3981 = CARTESIAN_POINT('',(107.,26.7,65.));
#3982 = VECTOR('',#3983,1.);
#3983 = DIRECTION('',(0.,0.,1.));
#3984 = PLANE('',#3985);
#3985 = AXIS2_PLACEMENT_3D('',#3986,#3987,#3988);
#3986 = CARTESIAN_POINT('',(105.,26.7,65.));
#3987 = DIRECTION('',(0.,1.,0.));
#3988 = DIRECTION('',(0.,0.,1.));
#3989 = ADVANCED_FACE('',(#3990),#4008,.T.);
#3990 = FACE_BOUND('',#3991,.T.);
#3991 = EDGE_LOOP('',(#3992,#3993,#3994,#4002));
#3992 = ORIENTED_EDGE('',*,*,#3914,.F.);
#3993 = ORIENTED_EDGE('',*,*,#3971,.T.);
#3994 = ORIENTED_EDGE('',*,*,#3995,.T.);
#3995 = EDGE_CURVE('',#3972,#3996,#3998,.T.);
#3996 = VERTEX_POINT('',#3997);
#3997 = CARTESIAN_POINT('',(107.,83.,86.));
#3998 = LINE('',#3999,#4000);
#3999 = CARTESIAN_POINT('',(107.,26.7,86.));
#4000 = VECTOR('',#4001,1.);
#4001 = DIRECTION('',(0.,1.,0.));
#4002 = ORIENTED_EDGE('',*,*,#4003,.F.);
#4003 = EDGE_CURVE('',#3907,#3996,#4004,.T.);
#4004 = LINE('',#4005,#4006);
#4005 = CARTESIAN_POINT('',(105.,83.,86.));
#4006 = VECTOR('',#4007,1.);
#4007 = DIRECTION('',(1.,0.,0.));
#4008 = PLANE('',#4009);
#4009 = AXIS2_PLACEMENT_3D('',#4010,#4011,#4012);
#4010 = CARTESIAN_POINT('',(105.,26.7,86.));
#4011 = DIRECTION('',(0.,0.,1.));
#4012 = DIRECTION('',(1.,0.,0.));
#4013 = ADVANCED_FACE('',(#4014),#4032,.F.);
#4014 = FACE_BOUND('',#4015,.F.);
#4015 = EDGE_LOOP('',(#4016,#4017,#4018,#4026));
#4016 = ORIENTED_EDGE('',*,*,#3898,.F.);
#4017 = ORIENTED_EDGE('',*,*,#3962,.T.);
#4018 = ORIENTED_EDGE('',*,*,#4019,.T.);
#4019 = EDGE_CURVE('',#3963,#4020,#4022,.T.);
#4020 = VERTEX_POINT('',#4021);
#4021 = CARTESIAN_POINT('',(107.,83.,65.));
#4022 = LINE('',#4023,#4024);
#4023 = CARTESIAN_POINT('',(107.,26.7,65.));
#4024 = VECTOR('',#4025,1.);
#4025 = DIRECTION('',(0.,1.,0.));
#4026 = ORIENTED_EDGE('',*,*,#4027,.F.);
#4027 = EDGE_CURVE('',#3899,#4020,#4028,.T.);
#4028 = LINE('',#4029,#4030);
#4029 = CARTESIAN_POINT('',(105.,83.,65.));
#4030 = VECTOR('',#4031,1.);
#4031 = DIRECTION('',(1.,0.,0.));
#4032 = PLANE('',#4033);
#4033 = AXIS2_PLACEMENT_3D('',#4034,#4035,#4036);
#4034 = CARTESIAN_POINT('',(105.,26.7,65.));
#4035 = DIRECTION('',(0.,0.,1.));
#4036 = DIRECTION('',(1.,0.,0.));
#4037 = ADVANCED_FACE('',(#4038),#4049,.T.);
#4038 = FACE_BOUND('',#4039,.T.);
#4039 = EDGE_LOOP('',(#4040,#4041,#4042,#4043));
#4040 = ORIENTED_EDGE('',*,*,#4027,.F.);
#4041 = ORIENTED_EDGE('',*,*,#3906,.T.);
#4042 = ORIENTED_EDGE('',*,*,#4003,.T.);
#4043 = ORIENTED_EDGE('',*,*,#4044,.F.);
#4044 = EDGE_CURVE('',#4020,#3996,#4045,.T.);
#4045 = LINE('',#4046,#4047);
#4046 = CARTESIAN_POINT('',(107.,83.,65.));
#4047 = VECTOR('',#4048,1.);
#4048 = DIRECTION('',(0.,0.,1.));
#4049 = PLANE('',#4050);
#4050 = AXIS2_PLACEMENT_3D('',#4051,#4052,#4053);
#4051 = CARTESIAN_POINT('',(105.,83.,65.));
#4052 = DIRECTION('',(0.,1.,0.));
#4053 = DIRECTION('',(0.,0.,1.));
#4054 = ADVANCED_FACE('',(#4055),#4080,.T.);
#4055 = FACE_BOUND('',#4056,.T.);
#4056 = EDGE_LOOP('',(#4057,#4065,#4066,#4074));
#4057 = ORIENTED_EDGE('',*,*,#4058,.F.);
#4058 = EDGE_CURVE('',#3923,#4059,#4061,.T.);
#4059 = VERTEX_POINT('',#4060);
#4060 = CARTESIAN_POINT('',(107.,77.,70.));
#4061 = LINE('',#4062,#4063);
#4062 = CARTESIAN_POINT('',(104.9,77.,70.));
#4063 = VECTOR('',#4064,1.);
#4064 = DIRECTION('',(1.,0.,0.));
#4065 = ORIENTED_EDGE('',*,*,#3922,.T.);
#4066 = ORIENTED_EDGE('',*,*,#4067,.T.);
#4067 = EDGE_CURVE('',#3925,#4068,#4070,.T.);
#4068 = VERTEX_POINT('',#4069);
#4069 = CARTESIAN_POINT('',(107.,32.7,70.));
#4070 = LINE('',#4071,#4072);
#4071 = CARTESIAN_POINT('',(104.9,32.7,70.));
#4072 = VECTOR('',#4073,1.);
#4073 = DIRECTION('',(1.,0.,0.));
#4074 = ORIENTED_EDGE('',*,*,#4075,.F.);
#4075 = EDGE_CURVE('',#4059,#4068,#4076,.T.);
#4076 = LINE('',#4077,#4078);
#4077 = CARTESIAN_POINT('',(107.,29.7,70.));
#4078 = VECTOR('',#4079,1.);
#4079 = DIRECTION('',(0.,-1.,0.));
#4080 = PLANE('',#4081);
#4081 = AXIS2_PLACEMENT_3D('',#4082,#4083,#4084);
#4082 = CARTESIAN_POINT('',(104.9,32.7,70.));
#4083 = DIRECTION('',(0.,0.,1.));
#4084 = DIRECTION('',(1.,0.,0.));
#4085 = ADVANCED_FACE('',(#4086),#4104,.F.);
#4086 = FACE_BOUND('',#4087,.F.);
#4087 = EDGE_LOOP('',(#4088,#4089,#4090,#4098));
#4088 = ORIENTED_EDGE('',*,*,#4058,.F.);
#4089 = ORIENTED_EDGE('',*,*,#3948,.T.);
#4090 = ORIENTED_EDGE('',*,*,#4091,.T.);
#4091 = EDGE_CURVE('',#3941,#4092,#4094,.T.);
#4092 = VERTEX_POINT('',#4093);
#4093 = CARTESIAN_POINT('',(107.,77.,81.));
#4094 = LINE('',#4095,#4096);
#4095 = CARTESIAN_POINT('',(104.9,77.,81.));
#4096 = VECTOR('',#4097,1.);
#4097 = DIRECTION('',(1.,0.,0.));
#4098 = ORIENTED_EDGE('',*,*,#4099,.F.);
#4099 = EDGE_CURVE('',#4059,#4092,#4100,.T.);
#4100 = LINE('',#4101,#4102);
#4101 = CARTESIAN_POINT('',(107.,77.,67.5));
#4102 = VECTOR('',#4103,1.);
#4103 = DIRECTION('',(0.,0.,1.));
#4104 = PLANE('',#4105);
#4105 = AXIS2_PLACEMENT_3D('',#4106,#4107,#4108);
#4106 = CARTESIAN_POINT('',(104.9,77.,70.));
#4107 = DIRECTION('',(0.,1.,0.));
#4108 = DIRECTION('',(0.,0.,1.));
#4109 = ADVANCED_FACE('',(#4110),#4128,.F.);
#4110 = FACE_BOUND('',#4111,.F.);
#4111 = EDGE_LOOP('',(#4112,#4113,#4114,#4122));
#4112 = ORIENTED_EDGE('',*,*,#4091,.F.);
#4113 = ORIENTED_EDGE('',*,*,#3940,.T.);
#4114 = ORIENTED_EDGE('',*,*,#4115,.T.);
#4115 = EDGE_CURVE('',#3933,#4116,#4118,.T.);
#4116 = VERTEX_POINT('',#4117);
#4117 = CARTESIAN_POINT('',(107.,32.7,81.));
#4118 = LINE('',#4119,#4120);
#4119 = CARTESIAN_POINT('',(104.9,32.7,81.));
#4120 = VECTOR('',#4121,1.);
#4121 = DIRECTION('',(1.,0.,0.));
#4122 = ORIENTED_EDGE('',*,*,#4123,.F.);
#4123 = EDGE_CURVE('',#4092,#4116,#4124,.T.);
#4124 = LINE('',#4125,#4126);
#4125 = CARTESIAN_POINT('',(107.,29.7,81.));
#4126 = VECTOR('',#4127,1.);
#4127 = DIRECTION('',(0.,-1.,0.));
#4128 = PLANE('',#4129);
#4129 = AXIS2_PLACEMENT_3D('',#4130,#4131,#4132);
#4130 = CARTESIAN_POINT('',(104.9,32.7,81.));
#4131 = DIRECTION('',(0.,0.,1.));
#4132 = DIRECTION('',(1.,0.,0.));
#4133 = ADVANCED_FACE('',(#4134),#4145,.T.);
#4134 = FACE_BOUND('',#4135,.T.);
#4135 = EDGE_LOOP('',(#4136,#4137,#4138,#4139));
#4136 = ORIENTED_EDGE('',*,*,#4067,.F.);
#4137 = ORIENTED_EDGE('',*,*,#3932,.T.);
#4138 = ORIENTED_EDGE('',*,*,#4115,.T.);
#4139 = ORIENTED_EDGE('',*,*,#4140,.F.);
#4140 = EDGE_CURVE('',#4068,#4116,#4141,.T.);
#4141 = LINE('',#4142,#4143);
#4142 = CARTESIAN_POINT('',(107.,32.7,67.5));
#4143 = VECTOR('',#4144,1.);
#4144 = DIRECTION('',(0.,0.,1.));
#4145 = PLANE('',#4146);
#4146 = AXIS2_PLACEMENT_3D('',#4147,#4148,#4149);
#4147 = CARTESIAN_POINT('',(104.9,32.7,70.));
#4148 = DIRECTION('',(0.,1.,0.));
#4149 = DIRECTION('',(0.,0.,1.));
#4150 = ADVANCED_FACE('',(#4151,#4157),#4163,.T.);
#4151 = FACE_BOUND('',#4152,.T.);
#4152 = EDGE_LOOP('',(#4153,#4154,#4155,#4156));
#4153 = ORIENTED_EDGE('',*,*,#3979,.F.);
#4154 = ORIENTED_EDGE('',*,*,#4019,.T.);
#4155 = ORIENTED_EDGE('',*,*,#4044,.T.);
#4156 = ORIENTED_EDGE('',*,*,#3995,.F.);
#4157 = FACE_BOUND('',#4158,.T.);
#4158 = EDGE_LOOP('',(#4159,#4160,#4161,#4162));
#4159 = ORIENTED_EDGE('',*,*,#4075,.T.);
#4160 = ORIENTED_EDGE('',*,*,#4140,.T.);
#4161 = ORIENTED_EDGE('',*,*,#4123,.F.);
#4162 = ORIENTED_EDGE('',*,*,#4099,.F.);
#4163 = PLANE('',#4164);
#4164 = AXIS2_PLACEMENT_3D('',#4165,#4166,#4167);
#4165 = CARTESIAN_POINT('',(107.,26.7,65.));
#4166 = DIRECTION('',(1.,0.,0.));
#4167 = DIRECTION('',(0.,0.,1.));
#4168 = MANIFOLD_SOLID_BREP('',#4169);
#4169 = CLOSED_SHELL('',(#4170,#4210,#4241,#4299,#4323,#4374,#4386,#4408
    ,#4425,#4442));
#4170 = ADVANCED_FACE('',(#4171),#4205,.F.);
#4171 = FACE_BOUND('',#4172,.F.);
#4172 = EDGE_LOOP('',(#4173,#4183,#4191,#4199));
#4173 = ORIENTED_EDGE('',*,*,#4174,.F.);
#4174 = EDGE_CURVE('',#4175,#4177,#4179,.T.);
#4175 = VERTEX_POINT('',#4176);
#4176 = CARTESIAN_POINT('',(108.,29.,54.5));
#4177 = VERTEX_POINT('',#4178);
#4178 = CARTESIAN_POINT('',(108.,29.,56.));
#4179 = LINE('',#4180,#4181);
#4180 = CARTESIAN_POINT('',(108.,29.,54.5));
#4181 = VECTOR('',#4182,1.);
#4182 = DIRECTION('',(0.,0.,1.));
#4183 = ORIENTED_EDGE('',*,*,#4184,.T.);
#4184 = EDGE_CURVE('',#4175,#4185,#4187,.T.);
#4185 = VERTEX_POINT('',#4186);
#4186 = CARTESIAN_POINT('',(108.,83.,54.5));
#4187 = LINE('',#4188,#4189);
#4188 = CARTESIAN_POINT('',(108.,29.,54.5));
#4189 = VECTOR('',#4190,1.);
#4190 = DIRECTION('',(0.,1.,0.));
#4191 = ORIENTED_EDGE('',*,*,#4192,.T.);
#4192 = EDGE_CURVE('',#4185,#4193,#4195,.T.);
#4193 = VERTEX_POINT('',#4194);
#4194 = CARTESIAN_POINT('',(108.,83.,56.));
#4195 = LINE('',#4196,#4197);
#4196 = CARTESIAN_POINT('',(108.,83.,54.5));
#4197 = VECTOR('',#4198,1.);
#4198 = DIRECTION('',(0.,0.,1.));
#4199 = ORIENTED_EDGE('',*,*,#4200,.F.);
#4200 = EDGE_CURVE('',#4177,#4193,#4201,.T.);
#4201 = LINE('',#4202,#4203);
#4202 = CARTESIAN_POINT('',(108.,29.,56.));
#4203 = VECTOR('',#4204,1.);
#4204 = DIRECTION('',(0.,1.,0.));
#4205 = PLANE('',#4206);
#4206 = AXIS2_PLACEMENT_3D('',#4207,#4208,#4209);
#4207 = CARTESIAN_POINT('',(108.,29.,54.5));
#4208 = DIRECTION('',(1.,0.,0.));
#4209 = DIRECTION('',(0.,0.,1.));
#4210 = ADVANCED_FACE('',(#4211),#4236,.F.);
#4211 = FACE_BOUND('',#4212,.F.);
#4212 = EDGE_LOOP('',(#4213,#4221,#4222,#4230));
#4213 = ORIENTED_EDGE('',*,*,#4214,.F.);
#4214 = EDGE_CURVE('',#4175,#4215,#4217,.T.);
#4215 = VERTEX_POINT('',#4216);
#4216 = CARTESIAN_POINT('',(247.,29.,54.5));
#4217 = LINE('',#4218,#4219);
#4218 = CARTESIAN_POINT('',(108.,29.,54.5));
#4219 = VECTOR('',#4220,1.);
#4220 = DIRECTION('',(1.,0.,0.));
#4221 = ORIENTED_EDGE('',*,*,#4174,.T.);
#4222 = ORIENTED_EDGE('',*,*,#4223,.T.);
#4223 = EDGE_CURVE('',#4177,#4224,#4226,.T.);
#4224 = VERTEX_POINT('',#4225);
#4225 = CARTESIAN_POINT('',(247.,29.,56.));
#4226 = LINE('',#4227,#4228);
#4227 = CARTESIAN_POINT('',(108.,29.,56.));
#4228 = VECTOR('',#4229,1.);
#4229 = DIRECTION('',(1.,0.,0.));
#4230 = ORIENTED_EDGE('',*,*,#4231,.F.);
#4231 = EDGE_CURVE('',#4215,#4224,#4232,.T.);
#4232 = LINE('',#4233,#4234);
#4233 = CARTESIAN_POINT('',(247.,29.,54.5));
#4234 = VECTOR('',#4235,1.);
#4235 = DIRECTION('',(0.,0.,1.));
#4236 = PLANE('',#4237);
#4237 = AXIS2_PLACEMENT_3D('',#4238,#4239,#4240);
#4238 = CARTESIAN_POINT('',(108.,29.,54.5));
#4239 = DIRECTION('',(0.,1.,0.));
#4240 = DIRECTION('',(0.,0.,1.));
#4241 = ADVANCED_FACE('',(#4242,#4260),#4294,.T.);
#4242 = FACE_BOUND('',#4243,.T.);
#4243 = EDGE_LOOP('',(#4244,#4245,#4246,#4254));
#4244 = ORIENTED_EDGE('',*,*,#4200,.F.);
#4245 = ORIENTED_EDGE('',*,*,#4223,.T.);
#4246 = ORIENTED_EDGE('',*,*,#4247,.T.);
#4247 = EDGE_CURVE('',#4224,#4248,#4250,.T.);
#4248 = VERTEX_POINT('',#4249);
#4249 = CARTESIAN_POINT('',(247.,83.,56.));
#4250 = LINE('',#4251,#4252);
#4251 = CARTESIAN_POINT('',(247.,29.,56.));
#4252 = VECTOR('',#4253,1.);
#4253 = DIRECTION('',(0.,1.,0.));
#4254 = ORIENTED_EDGE('',*,*,#4255,.F.);
#4255 = EDGE_CURVE('',#4193,#4248,#4256,.T.);
#4256 = LINE('',#4257,#4258);
#4257 = CARTESIAN_POINT('',(108.,83.,56.));
#4258 = VECTOR('',#4259,1.);
#4259 = DIRECTION('',(1.,0.,0.));
#4260 = FACE_BOUND('',#4261,.T.);
#4261 = EDGE_LOOP('',(#4262,#4272,#4280,#4288));
#4262 = ORIENTED_EDGE('',*,*,#4263,.T.);
#4263 = EDGE_CURVE('',#4264,#4266,#4268,.T.);
#4264 = VERTEX_POINT('',#4265);
#4265 = CARTESIAN_POINT('',(243.,33.,56.));
#4266 = VERTEX_POINT('',#4267);
#4267 = CARTESIAN_POINT('',(112.,33.,56.));
#4268 = LINE('',#4269,#4270);
#4269 = CARTESIAN_POINT('',(110.,33.,56.));
#4270 = VECTOR('',#4271,1.);
#4271 = DIRECTION('',(-1.,0.,0.));
#4272 = ORIENTED_EDGE('',*,*,#4273,.T.);
#4273 = EDGE_CURVE('',#4266,#4274,#4276,.T.);
#4274 = VERTEX_POINT('',#4275);
#4275 = CARTESIAN_POINT('',(112.,79.,56.));
#4276 = LINE('',#4277,#4278);
#4277 = CARTESIAN_POINT('',(112.,31.,56.));
#4278 = VECTOR('',#4279,1.);
#4279 = DIRECTION('',(0.,1.,0.));
#4280 = ORIENTED_EDGE('',*,*,#4281,.F.);
#4281 = EDGE_CURVE('',#4282,#4274,#4284,.T.);
#4282 = VERTEX_POINT('',#4283);
#4283 = CARTESIAN_POINT('',(243.,79.,56.));
#4284 = LINE('',#4285,#4286);
#4285 = CARTESIAN_POINT('',(110.,79.,56.));
#4286 = VECTOR('',#4287,1.);
#4287 = DIRECTION('',(-1.,0.,0.));
#4288 = ORIENTED_EDGE('',*,*,#4289,.F.);
#4289 = EDGE_CURVE('',#4264,#4282,#4290,.T.);
#4290 = LINE('',#4291,#4292);
#4291 = CARTESIAN_POINT('',(243.,31.,56.));
#4292 = VECTOR('',#4293,1.);
#4293 = DIRECTION('',(0.,1.,0.));
#4294 = PLANE('',#4295);
#4295 = AXIS2_PLACEMENT_3D('',#4296,#4297,#4298);
#4296 = CARTESIAN_POINT('',(108.,29.,56.));
#4297 = DIRECTION('',(0.,0.,1.));
#4298 = DIRECTION('',(1.,0.,0.));
#4299 = ADVANCED_FACE('',(#4300),#4318,.T.);
#4300 = FACE_BOUND('',#4301,.T.);
#4301 = EDGE_LOOP('',(#4302,#4310,#4311,#4312));
#4302 = ORIENTED_EDGE('',*,*,#4303,.F.);
#4303 = EDGE_CURVE('',#4185,#4304,#4306,.T.);
#4304 = VERTEX_POINT('',#4305);
#4305 = CARTESIAN_POINT('',(247.,83.,54.5));
#4306 = LINE('',#4307,#4308);
#4307 = CARTESIAN_POINT('',(108.,83.,54.5));
#4308 = VECTOR('',#4309,1.);
#4309 = DIRECTION('',(1.,0.,0.));
#4310 = ORIENTED_EDGE('',*,*,#4192,.T.);
#4311 = ORIENTED_EDGE('',*,*,#4255,.T.);
#4312 = ORIENTED_EDGE('',*,*,#4313,.F.);
#4313 = EDGE_CURVE('',#4304,#4248,#4314,.T.);
#4314 = LINE('',#4315,#4316);
#4315 = CARTESIAN_POINT('',(247.,83.,54.5));
#4316 = VECTOR('',#4317,1.);
#4317 = DIRECTION('',(0.,0.,1.));
#4318 = PLANE('',#4319);
#4319 = AXIS2_PLACEMENT_3D('',#4320,#4321,#4322);
#4320 = CARTESIAN_POINT('',(108.,83.,54.5));
#4321 = DIRECTION('',(0.,1.,0.));
#4322 = DIRECTION('',(0.,0.,1.));
#4323 = ADVANCED_FACE('',(#4324,#4335),#4369,.F.);
#4324 = FACE_BOUND('',#4325,.F.);
#4325 = EDGE_LOOP('',(#4326,#4327,#4328,#4334));
#4326 = ORIENTED_EDGE('',*,*,#4184,.F.);
#4327 = ORIENTED_EDGE('',*,*,#4214,.T.);
#4328 = ORIENTED_EDGE('',*,*,#4329,.T.);
#4329 = EDGE_CURVE('',#4215,#4304,#4330,.T.);
#4330 = LINE('',#4331,#4332);
#4331 = CARTESIAN_POINT('',(247.,29.,54.5));
#4332 = VECTOR('',#4333,1.);
#4333 = DIRECTION('',(0.,1.,0.));
#4334 = ORIENTED_EDGE('',*,*,#4303,.F.);
#4335 = FACE_BOUND('',#4336,.F.);
#4336 = EDGE_LOOP('',(#4337,#4347,#4355,#4363));
#4337 = ORIENTED_EDGE('',*,*,#4338,.T.);
#4338 = EDGE_CURVE('',#4339,#4341,#4343,.T.);
#4339 = VERTEX_POINT('',#4340);
#4340 = CARTESIAN_POINT('',(243.,33.,54.5));
#4341 = VERTEX_POINT('',#4342);
#4342 = CARTESIAN_POINT('',(112.,33.,54.5));
#4343 = LINE('',#4344,#4345);
#4344 = CARTESIAN_POINT('',(110.,33.,54.5));
#4345 = VECTOR('',#4346,1.);
#4346 = DIRECTION('',(-1.,0.,0.));
#4347 = ORIENTED_EDGE('',*,*,#4348,.T.);
#4348 = EDGE_CURVE('',#4341,#4349,#4351,.T.);
#4349 = VERTEX_POINT('',#4350);
#4350 = CARTESIAN_POINT('',(112.,79.,54.5));
#4351 = LINE('',#4352,#4353);
#4352 = CARTESIAN_POINT('',(112.,31.,54.5));
#4353 = VECTOR('',#4354,1.);
#4354 = DIRECTION('',(0.,1.,0.));
#4355 = ORIENTED_EDGE('',*,*,#4356,.F.);
#4356 = EDGE_CURVE('',#4357,#4349,#4359,.T.);
#4357 = VERTEX_POINT('',#4358);
#4358 = CARTESIAN_POINT('',(243.,79.,54.5));
#4359 = LINE('',#4360,#4361);
#4360 = CARTESIAN_POINT('',(110.,79.,54.5));
#4361 = VECTOR('',#4362,1.);
#4362 = DIRECTION('',(-1.,0.,0.));
#4363 = ORIENTED_EDGE('',*,*,#4364,.F.);
#4364 = EDGE_CURVE('',#4339,#4357,#4365,.T.);
#4365 = LINE('',#4366,#4367);
#4366 = CARTESIAN_POINT('',(243.,31.,54.5));
#4367 = VECTOR('',#4368,1.);
#4368 = DIRECTION('',(0.,1.,0.));
#4369 = PLANE('',#4370);
#4370 = AXIS2_PLACEMENT_3D('',#4371,#4372,#4373);
#4371 = CARTESIAN_POINT('',(108.,29.,54.5));
#4372 = DIRECTION('',(0.,0.,1.));
#4373 = DIRECTION('',(1.,0.,0.));
#4374 = ADVANCED_FACE('',(#4375),#4381,.T.);
#4375 = FACE_BOUND('',#4376,.T.);
#4376 = EDGE_LOOP('',(#4377,#4378,#4379,#4380));
#4377 = ORIENTED_EDGE('',*,*,#4231,.F.);
#4378 = ORIENTED_EDGE('',*,*,#4329,.T.);
#4379 = ORIENTED_EDGE('',*,*,#4313,.T.);
#4380 = ORIENTED_EDGE('',*,*,#4247,.F.);
#4381 = PLANE('',#4382);
#4382 = AXIS2_PLACEMENT_3D('',#4383,#4384,#4385);
#4383 = CARTESIAN_POINT('',(247.,29.,54.5));
#4384 = DIRECTION('',(1.,0.,0.));
#4385 = DIRECTION('',(0.,0.,1.));
#4386 = ADVANCED_FACE('',(#4387),#4403,.T.);
#4387 = FACE_BOUND('',#4388,.T.);
#4388 = EDGE_LOOP('',(#4389,#4395,#4396,#4402));
#4389 = ORIENTED_EDGE('',*,*,#4390,.F.);
#4390 = EDGE_CURVE('',#4339,#4264,#4391,.T.);
#4391 = LINE('',#4392,#4393);
#4392 = CARTESIAN_POINT('',(243.,33.,54.4));
#4393 = VECTOR('',#4394,1.);
#4394 = DIRECTION('',(0.,0.,1.));
#4395 = ORIENTED_EDGE('',*,*,#4338,.T.);
#4396 = ORIENTED_EDGE('',*,*,#4397,.T.);
#4397 = EDGE_CURVE('',#4341,#4266,#4398,.T.);
#4398 = LINE('',#4399,#4400);
#4399 = CARTESIAN_POINT('',(112.,33.,54.4));
#4400 = VECTOR('',#4401,1.);
#4401 = DIRECTION('',(0.,0.,1.));
#4402 = ORIENTED_EDGE('',*,*,#4263,.F.);
#4403 = PLANE('',#4404);
#4404 = AXIS2_PLACEMENT_3D('',#4405,#4406,#4407);
#4405 = CARTESIAN_POINT('',(112.,33.,54.4));
#4406 = DIRECTION('',(0.,1.,0.));
#4407 = DIRECTION('',(0.,0.,1.));
#4408 = ADVANCED_FACE('',(#4409),#4420,.F.);
#4409 = FACE_BOUND('',#4410,.F.);
#4410 = EDGE_LOOP('',(#4411,#4412,#4413,#4419));
#4411 = ORIENTED_EDGE('',*,*,#4390,.F.);
#4412 = ORIENTED_EDGE('',*,*,#4364,.T.);
#4413 = ORIENTED_EDGE('',*,*,#4414,.T.);
#4414 = EDGE_CURVE('',#4357,#4282,#4415,.T.);
#4415 = LINE('',#4416,#4417);
#4416 = CARTESIAN_POINT('',(243.,79.,54.4));
#4417 = VECTOR('',#4418,1.);
#4418 = DIRECTION('',(0.,0.,1.));
#4419 = ORIENTED_EDGE('',*,*,#4289,.F.);
#4420 = PLANE('',#4421);
#4421 = AXIS2_PLACEMENT_3D('',#4422,#4423,#4424);
#4422 = CARTESIAN_POINT('',(243.,33.,54.4));
#4423 = DIRECTION('',(1.,0.,0.));
#4424 = DIRECTION('',(0.,0.,1.));
#4425 = ADVANCED_FACE('',(#4426),#4437,.F.);
#4426 = FACE_BOUND('',#4427,.F.);
#4427 = EDGE_LOOP('',(#4428,#4429,#4430,#4436));
#4428 = ORIENTED_EDGE('',*,*,#4414,.F.);
#4429 = ORIENTED_EDGE('',*,*,#4356,.T.);
#4430 = ORIENTED_EDGE('',*,*,#4431,.T.);
#4431 = EDGE_CURVE('',#4349,#4274,#4432,.T.);
#4432 = LINE('',#4433,#4434);
#4433 = CARTESIAN_POINT('',(112.,79.,54.4));
#4434 = VECTOR('',#4435,1.);
#4435 = DIRECTION('',(0.,0.,1.));
#4436 = ORIENTED_EDGE('',*,*,#4281,.F.);
#4437 = PLANE('',#4438);
#4438 = AXIS2_PLACEMENT_3D('',#4439,#4440,#4441);
#4439 = CARTESIAN_POINT('',(112.,79.,54.4));
#4440 = DIRECTION('',(0.,1.,0.));
#4441 = DIRECTION('',(0.,0.,1.));
#4442 = ADVANCED_FACE('',(#4443),#4449,.T.);
#4443 = FACE_BOUND('',#4444,.T.);
#4444 = EDGE_LOOP('',(#4445,#4446,#4447,#4448));
#4445 = ORIENTED_EDGE('',*,*,#4397,.F.);
#4446 = ORIENTED_EDGE('',*,*,#4348,.T.);
#4447 = ORIENTED_EDGE('',*,*,#4431,.T.);
#4448 = ORIENTED_EDGE('',*,*,#4273,.F.);
#4449 = PLANE('',#4450);
#4450 = AXIS2_PLACEMENT_3D('',#4451,#4452,#4453);
#4451 = CARTESIAN_POINT('',(112.,33.,54.4));
#4452 = DIRECTION('',(1.,0.,0.));
#4453 = DIRECTION('',(0.,0.,1.));
#4454 = MANIFOLD_SOLID_BREP('',#4455);
#4455 = CLOSED_SHELL('',(#4456,#4496,#4527,#4574,#4591,#4622,#4646,#4670
    ,#4689));
#4456 = ADVANCED_FACE('',(#4457),#4491,.F.);
#4457 = FACE_BOUND('',#4458,.F.);
#4458 = EDGE_LOOP('',(#4459,#4469,#4477,#4485));
#4459 = ORIENTED_EDGE('',*,*,#4460,.F.);
#4460 = EDGE_CURVE('',#4461,#4463,#4465,.T.);
#4461 = VERTEX_POINT('',#4462);
#4462 = CARTESIAN_POINT('',(107.,28.,47.5));
#4463 = VERTEX_POINT('',#4464);
#4464 = CARTESIAN_POINT('',(107.,28.,54.5));
#4465 = LINE('',#4466,#4467);
#4466 = CARTESIAN_POINT('',(107.,28.,47.5));
#4467 = VECTOR('',#4468,1.);
#4468 = DIRECTION('',(0.,0.,1.));
#4469 = ORIENTED_EDGE('',*,*,#4470,.T.);
#4470 = EDGE_CURVE('',#4461,#4471,#4473,.T.);
#4471 = VERTEX_POINT('',#4472);
#4472 = CARTESIAN_POINT('',(107.,29.,47.5));
#4473 = LINE('',#4474,#4475);
#4474 = CARTESIAN_POINT('',(107.,28.,47.5));
#4475 = VECTOR('',#4476,1.);
#4476 = DIRECTION('',(0.,1.,0.));
#4477 = ORIENTED_EDGE('',*,*,#4478,.T.);
#4478 = EDGE_CURVE('',#4471,#4479,#4481,.T.);
#4479 = VERTEX_POINT('',#4480);
#4480 = CARTESIAN_POINT('',(107.,29.,54.5));
#4481 = LINE('',#4482,#4483);
#4482 = CARTESIAN_POINT('',(107.,29.,47.5));
#4483 = VECTOR('',#4484,1.);
#4484 = DIRECTION('',(0.,0.,1.));
#4485 = ORIENTED_EDGE('',*,*,#4486,.F.);
#4486 = EDGE_CURVE('',#4463,#4479,#4487,.T.);
#4487 = LINE('',#4488,#4489);
#4488 = CARTESIAN_POINT('',(107.,28.,54.5));
#4489 = VECTOR('',#4490,1.);
#4490 = DIRECTION('',(0.,1.,0.));
#4491 = PLANE('',#4492);
#4492 = AXIS2_PLACEMENT_3D('',#4493,#4494,#4495);
#4493 = CARTESIAN_POINT('',(107.,28.,47.5));
#4494 = DIRECTION('',(1.,0.,0.));
#4495 = DIRECTION('',(0.,0.,1.));
#4496 = ADVANCED_FACE('',(#4497),#4522,.F.);
#4497 = FACE_BOUND('',#4498,.F.);
#4498 = EDGE_LOOP('',(#4499,#4507,#4508,#4516));
#4499 = ORIENTED_EDGE('',*,*,#4500,.F.);
#4500 = EDGE_CURVE('',#4461,#4501,#4503,.T.);
#4501 = VERTEX_POINT('',#4502);
#4502 = CARTESIAN_POINT('',(247.,28.,47.5));
#4503 = LINE('',#4504,#4505);
#4504 = CARTESIAN_POINT('',(107.,28.,47.5));
#4505 = VECTOR('',#4506,1.);
#4506 = DIRECTION('',(1.,0.,0.));
#4507 = ORIENTED_EDGE('',*,*,#4460,.T.);
#4508 = ORIENTED_EDGE('',*,*,#4509,.T.);
#4509 = EDGE_CURVE('',#4463,#4510,#4512,.T.);
#4510 = VERTEX_POINT('',#4511);
#4511 = CARTESIAN_POINT('',(247.,28.,54.5));
#4512 = LINE('',#4513,#4514);
#4513 = CARTESIAN_POINT('',(107.,28.,54.5));
#4514 = VECTOR('',#4515,1.);
#4515 = DIRECTION('',(1.,0.,0.));
#4516 = ORIENTED_EDGE('',*,*,#4517,.F.);
#4517 = EDGE_CURVE('',#4501,#4510,#4518,.T.);
#4518 = LINE('',#4519,#4520);
#4519 = CARTESIAN_POINT('',(247.,28.,47.5));
#4520 = VECTOR('',#4521,1.);
#4521 = DIRECTION('',(0.,0.,1.));
#4522 = PLANE('',#4523);
#4523 = AXIS2_PLACEMENT_3D('',#4524,#4525,#4526);
#4524 = CARTESIAN_POINT('',(107.,28.,47.5));
#4525 = DIRECTION('',(0.,1.,0.));
#4526 = DIRECTION('',(0.,0.,1.));
#4527 = ADVANCED_FACE('',(#4528),#4569,.T.);
#4528 = FACE_BOUND('',#4529,.T.);
#4529 = EDGE_LOOP('',(#4530,#4540,#4546,#4547,#4555,#4563));
#4530 = ORIENTED_EDGE('',*,*,#4531,.F.);
#4531 = EDGE_CURVE('',#4532,#4534,#4536,.T.);
#4532 = VERTEX_POINT('',#4533);
#4533 = CARTESIAN_POINT('',(247.,29.,47.5));
#4534 = VERTEX_POINT('',#4535);
#4535 = CARTESIAN_POINT('',(247.,29.,53.));
#4536 = LINE('',#4537,#4538);
#4537 = CARTESIAN_POINT('',(247.,29.,47.5));
#4538 = VECTOR('',#4539,1.);
#4539 = DIRECTION('',(0.,0.,1.));
#4540 = ORIENTED_EDGE('',*,*,#4541,.F.);
#4541 = EDGE_CURVE('',#4471,#4532,#4542,.T.);
#4542 = LINE('',#4543,#4544);
#4543 = CARTESIAN_POINT('',(107.,29.,47.5));
#4544 = VECTOR('',#4545,1.);
#4545 = DIRECTION('',(1.,0.,0.));
#4546 = ORIENTED_EDGE('',*,*,#4478,.T.);
#4547 = ORIENTED_EDGE('',*,*,#4548,.T.);
#4548 = EDGE_CURVE('',#4479,#4549,#4551,.T.);
#4549 = VERTEX_POINT('',#4550);
#4550 = CARTESIAN_POINT('',(108.,29.,54.5));
#4551 = LINE('',#4552,#4553);
#4552 = CARTESIAN_POINT('',(107.,29.,54.5));
#4553 = VECTOR('',#4554,1.);
#4554 = DIRECTION('',(1.,0.,0.));
#4555 = ORIENTED_EDGE('',*,*,#4556,.F.);
#4556 = EDGE_CURVE('',#4557,#4549,#4559,.T.);
#4557 = VERTEX_POINT('',#4558);
#4558 = CARTESIAN_POINT('',(108.,29.,53.));
#4559 = LINE('',#4560,#4561);
#4560 = CARTESIAN_POINT('',(108.,29.,53.));
#4561 = VECTOR('',#4562,1.);
#4562 = DIRECTION('',(0.,0.,1.));
#4563 = ORIENTED_EDGE('',*,*,#4564,.T.);
#4564 = EDGE_CURVE('',#4557,#4534,#4565,.T.);
#4565 = LINE('',#4566,#4567);
#4566 = CARTESIAN_POINT('',(108.,29.,53.));
#4567 = VECTOR('',#4568,1.);
#4568 = DIRECTION('',(1.,0.,0.));
#4569 = PLANE('',#4570);
#4570 = AXIS2_PLACEMENT_3D('',#4571,#4572,#4573);
#4571 = CARTESIAN_POINT('',(107.,29.,47.5));
#4572 = DIRECTION('',(0.,1.,0.));
#4573 = DIRECTION('',(0.,0.,1.));
#4574 = ADVANCED_FACE('',(#4575),#4586,.F.);
#4575 = FACE_BOUND('',#4576,.F.);
#4576 = EDGE_LOOP('',(#4577,#4578,#4579,#4585));
#4577 = ORIENTED_EDGE('',*,*,#4470,.F.);
#4578 = ORIENTED_EDGE('',*,*,#4500,.T.);
#4579 = ORIENTED_EDGE('',*,*,#4580,.T.);
#4580 = EDGE_CURVE('',#4501,#4532,#4581,.T.);
#4581 = LINE('',#4582,#4583);
#4582 = CARTESIAN_POINT('',(247.,28.,47.5));
#4583 = VECTOR('',#4584,1.);
#4584 = DIRECTION('',(0.,1.,0.));
#4585 = ORIENTED_EDGE('',*,*,#4541,.F.);
#4586 = PLANE('',#4587);
#4587 = AXIS2_PLACEMENT_3D('',#4588,#4589,#4590);
#4588 = CARTESIAN_POINT('',(107.,28.,47.5));
#4589 = DIRECTION('',(0.,0.,1.));
#4590 = DIRECTION('',(1.,0.,0.));
#4591 = ADVANCED_FACE('',(#4592),#4617,.F.);
#4592 = FACE_BOUND('',#4593,.F.);
#4593 = EDGE_LOOP('',(#4594,#4602,#4603,#4611));
#4594 = ORIENTED_EDGE('',*,*,#4595,.F.);
#4595 = EDGE_CURVE('',#4557,#4596,#4598,.T.);
#4596 = VERTEX_POINT('',#4597);
#4597 = CARTESIAN_POINT('',(108.,33.,53.));
#4598 = LINE('',#4599,#4600);
#4599 = CARTESIAN_POINT('',(108.,29.,53.));
#4600 = VECTOR('',#4601,1.);
#4601 = DIRECTION('',(0.,1.,0.));
#4602 = ORIENTED_EDGE('',*,*,#4564,.T.);
#4603 = ORIENTED_EDGE('',*,*,#4604,.T.);
#4604 = EDGE_CURVE('',#4534,#4605,#4607,.T.);
#4605 = VERTEX_POINT('',#4606);
#4606 = CARTESIAN_POINT('',(247.,33.,53.));
#4607 = LINE('',#4608,#4609);
#4608 = CARTESIAN_POINT('',(247.,29.,53.));
#4609 = VECTOR('',#4610,1.);
#4610 = DIRECTION('',(0.,1.,0.));
#4611 = ORIENTED_EDGE('',*,*,#4612,.F.);
#4612 = EDGE_CURVE('',#4596,#4605,#4613,.T.);
#4613 = LINE('',#4614,#4615);
#4614 = CARTESIAN_POINT('',(108.,33.,53.));
#4615 = VECTOR('',#4616,1.);
#4616 = DIRECTION('',(1.,0.,0.));
#4617 = PLANE('',#4618);
#4618 = AXIS2_PLACEMENT_3D('',#4619,#4620,#4621);
#4619 = CARTESIAN_POINT('',(108.,29.,53.));
#4620 = DIRECTION('',(0.,0.,1.));
#4621 = DIRECTION('',(1.,0.,0.));
#4622 = ADVANCED_FACE('',(#4623),#4641,.F.);
#4623 = FACE_BOUND('',#4624,.F.);
#4624 = EDGE_LOOP('',(#4625,#4626,#4627,#4635));
#4625 = ORIENTED_EDGE('',*,*,#4556,.F.);
#4626 = ORIENTED_EDGE('',*,*,#4595,.T.);
#4627 = ORIENTED_EDGE('',*,*,#4628,.T.);
#4628 = EDGE_CURVE('',#4596,#4629,#4631,.T.);
#4629 = VERTEX_POINT('',#4630);
#4630 = CARTESIAN_POINT('',(108.,33.,54.5));
#4631 = LINE('',#4632,#4633);
#4632 = CARTESIAN_POINT('',(108.,33.,53.));
#4633 = VECTOR('',#4634,1.);
#4634 = DIRECTION('',(0.,0.,1.));
#4635 = ORIENTED_EDGE('',*,*,#4636,.F.);
#4636 = EDGE_CURVE('',#4549,#4629,#4637,.T.);
#4637 = LINE('',#4638,#4639);
#4638 = CARTESIAN_POINT('',(108.,29.,54.5));
#4639 = VECTOR('',#4640,1.);
#4640 = DIRECTION('',(0.,1.,0.));
#4641 = PLANE('',#4642);
#4642 = AXIS2_PLACEMENT_3D('',#4643,#4644,#4645);
#4643 = CARTESIAN_POINT('',(108.,29.,53.));
#4644 = DIRECTION('',(1.,0.,0.));
#4645 = DIRECTION('',(0.,0.,1.));
#4646 = ADVANCED_FACE('',(#4647),#4665,.T.);
#4647 = FACE_BOUND('',#4648,.T.);
#4648 = EDGE_LOOP('',(#4649,#4650,#4651,#4659));
#4649 = ORIENTED_EDGE('',*,*,#4612,.F.);
#4650 = ORIENTED_EDGE('',*,*,#4628,.T.);
#4651 = ORIENTED_EDGE('',*,*,#4652,.T.);
#4652 = EDGE_CURVE('',#4629,#4653,#4655,.T.);
#4653 = VERTEX_POINT('',#4654);
#4654 = CARTESIAN_POINT('',(247.,33.,54.5));
#4655 = LINE('',#4656,#4657);
#4656 = CARTESIAN_POINT('',(108.,33.,54.5));
#4657 = VECTOR('',#4658,1.);
#4658 = DIRECTION('',(1.,0.,0.));
#4659 = ORIENTED_EDGE('',*,*,#4660,.F.);
#4660 = EDGE_CURVE('',#4605,#4653,#4661,.T.);
#4661 = LINE('',#4662,#4663);
#4662 = CARTESIAN_POINT('',(247.,33.,53.));
#4663 = VECTOR('',#4664,1.);
#4664 = DIRECTION('',(0.,0.,1.));
#4665 = PLANE('',#4666);
#4666 = AXIS2_PLACEMENT_3D('',#4667,#4668,#4669);
#4667 = CARTESIAN_POINT('',(108.,33.,53.));
#4668 = DIRECTION('',(0.,1.,0.));
#4669 = DIRECTION('',(0.,0.,1.));
#4670 = ADVANCED_FACE('',(#4671),#4684,.T.);
#4671 = FACE_BOUND('',#4672,.T.);
#4672 = EDGE_LOOP('',(#4673,#4674,#4675,#4681,#4682,#4683));
#4673 = ORIENTED_EDGE('',*,*,#4486,.F.);
#4674 = ORIENTED_EDGE('',*,*,#4509,.T.);
#4675 = ORIENTED_EDGE('',*,*,#4676,.T.);
#4676 = EDGE_CURVE('',#4510,#4653,#4677,.T.);
#4677 = LINE('',#4678,#4679);
#4678 = CARTESIAN_POINT('',(247.,28.,54.5));
#4679 = VECTOR('',#4680,1.);
#4680 = DIRECTION('',(0.,1.,0.));
#4681 = ORIENTED_EDGE('',*,*,#4652,.F.);
#4682 = ORIENTED_EDGE('',*,*,#4636,.F.);
#4683 = ORIENTED_EDGE('',*,*,#4548,.F.);
#4684 = PLANE('',#4685);
#4685 = AXIS2_PLACEMENT_3D('',#4686,#4687,#4688);
#4686 = CARTESIAN_POINT('',(177.01379310344,30.486206896552,54.5));
#4687 = DIRECTION('',(0.,0.,1.));
#4688 = DIRECTION('',(1.,0.,0.));
#4689 = ADVANCED_FACE('',(#4690),#4698,.T.);
#4690 = FACE_BOUND('',#4691,.T.);
#4691 = EDGE_LOOP('',(#4692,#4693,#4694,#4695,#4696,#4697));
#4692 = ORIENTED_EDGE('',*,*,#4517,.F.);
#4693 = ORIENTED_EDGE('',*,*,#4580,.T.);
#4694 = ORIENTED_EDGE('',*,*,#4531,.T.);
#4695 = ORIENTED_EDGE('',*,*,#4604,.T.);
#4696 = ORIENTED_EDGE('',*,*,#4660,.T.);
#4697 = ORIENTED_EDGE('',*,*,#4676,.F.);
#4698 = PLANE('',#4699);
#4699 = AXIS2_PLACEMENT_3D('',#4700,#4701,#4702);
#4700 = CARTESIAN_POINT('',(247.,29.583333333333,51.916666666667));
#4701 = DIRECTION('',(1.,0.,0.));
#4702 = DIRECTION('',(0.,0.,1.));
#4703 = MANIFOLD_SOLID_BREP('',#4704);
#4704 = CLOSED_SHELL('',(#4705,#4745,#4785,#4807,#4829,#4841));
#4705 = ADVANCED_FACE('',(#4706),#4740,.F.);
#4706 = FACE_BOUND('',#4707,.F.);
#4707 = EDGE_LOOP('',(#4708,#4718,#4726,#4734));
#4708 = ORIENTED_EDGE('',*,*,#4709,.F.);
#4709 = EDGE_CURVE('',#4710,#4712,#4714,.T.);
#4710 = VERTEX_POINT('',#4711);
#4711 = CARTESIAN_POINT('',(108.,82.5,56.));
#4712 = VERTEX_POINT('',#4713);
#4713 = CARTESIAN_POINT('',(108.,82.5,66.5));
#4714 = LINE('',#4715,#4716);
#4715 = CARTESIAN_POINT('',(108.,82.5,56.));
#4716 = VECTOR('',#4717,1.);
#4717 = DIRECTION('',(0.,0.,1.));
#4718 = ORIENTED_EDGE('',*,*,#4719,.T.);
#4719 = EDGE_CURVE('',#4710,#4720,#4722,.T.);
#4720 = VERTEX_POINT('',#4721);
#4721 = CARTESIAN_POINT('',(108.,83.5,56.));
#4722 = LINE('',#4723,#4724);
#4723 = CARTESIAN_POINT('',(108.,82.5,56.));
#4724 = VECTOR('',#4725,1.);
#4725 = DIRECTION('',(0.,1.,0.));
#4726 = ORIENTED_EDGE('',*,*,#4727,.T.);
#4727 = EDGE_CURVE('',#4720,#4728,#4730,.T.);
#4728 = VERTEX_POINT('',#4729);
#4729 = CARTESIAN_POINT('',(108.,83.5,66.5));
#4730 = LINE('',#4731,#4732);
#4731 = CARTESIAN_POINT('',(108.,83.5,56.));
#4732 = VECTOR('',#4733,1.);
#4733 = DIRECTION('',(0.,0.,1.));
#4734 = ORIENTED_EDGE('',*,*,#4735,.F.);
#4735 = EDGE_CURVE('',#4712,#4728,#4736,.T.);
#4736 = LINE('',#4737,#4738);
#4737 = CARTESIAN_POINT('',(108.,82.5,66.5));
#4738 = VECTOR('',#4739,1.);
#4739 = DIRECTION('',(0.,1.,0.));
#4740 = PLANE('',#4741);
#4741 = AXIS2_PLACEMENT_3D('',#4742,#4743,#4744);
#4742 = CARTESIAN_POINT('',(108.,82.5,56.));
#4743 = DIRECTION('',(1.,0.,0.));
#4744 = DIRECTION('',(0.,0.,1.));
#4745 = ADVANCED_FACE('',(#4746),#4780,.T.);
#4746 = FACE_BOUND('',#4747,.T.);
#4747 = EDGE_LOOP('',(#4748,#4758,#4766,#4774));
#4748 = ORIENTED_EDGE('',*,*,#4749,.F.);
#4749 = EDGE_CURVE('',#4750,#4752,#4754,.T.);
#4750 = VERTEX_POINT('',#4751);
#4751 = CARTESIAN_POINT('',(247.,82.5,56.));
#4752 = VERTEX_POINT('',#4753);
#4753 = CARTESIAN_POINT('',(247.,82.5,66.5));
#4754 = LINE('',#4755,#4756);
#4755 = CARTESIAN_POINT('',(247.,82.5,56.));
#4756 = VECTOR('',#4757,1.);
#4757 = DIRECTION('',(0.,0.,1.));
#4758 = ORIENTED_EDGE('',*,*,#4759,.T.);
#4759 = EDGE_CURVE('',#4750,#4760,#4762,.T.);
#4760 = VERTEX_POINT('',#4761);
#4761 = CARTESIAN_POINT('',(247.,83.5,56.));
#4762 = LINE('',#4763,#4764);
#4763 = CARTESIAN_POINT('',(247.,82.5,56.));
#4764 = VECTOR('',#4765,1.);
#4765 = DIRECTION('',(0.,1.,0.));
#4766 = ORIENTED_EDGE('',*,*,#4767,.T.);
#4767 = EDGE_CURVE('',#4760,#4768,#4770,.T.);
#4768 = VERTEX_POINT('',#4769);
#4769 = CARTESIAN_POINT('',(247.,83.5,66.5));
#4770 = LINE('',#4771,#4772);
#4771 = CARTESIAN_POINT('',(247.,83.5,56.));
#4772 = VECTOR('',#4773,1.);
#4773 = DIRECTION('',(0.,0.,1.));
#4774 = ORIENTED_EDGE('',*,*,#4775,.F.);
#4775 = EDGE_CURVE('',#4752,#4768,#4776,.T.);
#4776 = LINE('',#4777,#4778);
#4777 = CARTESIAN_POINT('',(247.,82.5,66.5));
#4778 = VECTOR('',#4779,1.);
#4779 = DIRECTION('',(0.,1.,0.));
#4780 = PLANE('',#4781);
#4781 = AXIS2_PLACEMENT_3D('',#4782,#4783,#4784);
#4782 = CARTESIAN_POINT('',(247.,82.5,56.));
#4783 = DIRECTION('',(1.,0.,0.));
#4784 = DIRECTION('',(0.,0.,1.));
#4785 = ADVANCED_FACE('',(#4786),#4802,.F.);
#4786 = FACE_BOUND('',#4787,.F.);
#4787 = EDGE_LOOP('',(#4788,#4794,#4795,#4801));
#4788 = ORIENTED_EDGE('',*,*,#4789,.F.);
#4789 = EDGE_CURVE('',#4710,#4750,#4790,.T.);
#4790 = LINE('',#4791,#4792);
#4791 = CARTESIAN_POINT('',(108.,82.5,56.));
#4792 = VECTOR('',#4793,1.);
#4793 = DIRECTION('',(1.,0.,0.));
#4794 = ORIENTED_EDGE('',*,*,#4709,.T.);
#4795 = ORIENTED_EDGE('',*,*,#4796,.T.);
#4796 = EDGE_CURVE('',#4712,#4752,#4797,.T.);
#4797 = LINE('',#4798,#4799);
#4798 = CARTESIAN_POINT('',(108.,82.5,66.5));
#4799 = VECTOR('',#4800,1.);
#4800 = DIRECTION('',(1.,0.,0.));
#4801 = ORIENTED_EDGE('',*,*,#4749,.F.);
#4802 = PLANE('',#4803);
#4803 = AXIS2_PLACEMENT_3D('',#4804,#4805,#4806);
#4804 = CARTESIAN_POINT('',(108.,82.5,56.));
#4805 = DIRECTION('',(0.,1.,0.));
#4806 = DIRECTION('',(0.,0.,1.));
#4807 = ADVANCED_FACE('',(#4808),#4824,.T.);
#4808 = FACE_BOUND('',#4809,.T.);
#4809 = EDGE_LOOP('',(#4810,#4816,#4817,#4823));
#4810 = ORIENTED_EDGE('',*,*,#4811,.F.);
#4811 = EDGE_CURVE('',#4720,#4760,#4812,.T.);
#4812 = LINE('',#4813,#4814);
#4813 = CARTESIAN_POINT('',(108.,83.5,56.));
#4814 = VECTOR('',#4815,1.);
#4815 = DIRECTION('',(1.,0.,0.));
#4816 = ORIENTED_EDGE('',*,*,#4727,.T.);
#4817 = ORIENTED_EDGE('',*,*,#4818,.T.);
#4818 = EDGE_CURVE('',#4728,#4768,#4819,.T.);
#4819 = LINE('',#4820,#4821);
#4820 = CARTESIAN_POINT('',(108.,83.5,66.5));
#4821 = VECTOR('',#4822,1.);
#4822 = DIRECTION('',(1.,0.,0.));
#4823 = ORIENTED_EDGE('',*,*,#4767,.F.);
#4824 = PLANE('',#4825);
#4825 = AXIS2_PLACEMENT_3D('',#4826,#4827,#4828);
#4826 = CARTESIAN_POINT('',(108.,83.5,56.));
#4827 = DIRECTION('',(0.,1.,0.));
#4828 = DIRECTION('',(0.,0.,1.));
#4829 = ADVANCED_FACE('',(#4830),#4836,.F.);
#4830 = FACE_BOUND('',#4831,.F.);
#4831 = EDGE_LOOP('',(#4832,#4833,#4834,#4835));
#4832 = ORIENTED_EDGE('',*,*,#4719,.F.);
#4833 = ORIENTED_EDGE('',*,*,#4789,.T.);
#4834 = ORIENTED_EDGE('',*,*,#4759,.T.);
#4835 = ORIENTED_EDGE('',*,*,#4811,.F.);
#4836 = PLANE('',#4837);
#4837 = AXIS2_PLACEMENT_3D('',#4838,#4839,#4840);
#4838 = CARTESIAN_POINT('',(108.,82.5,56.));
#4839 = DIRECTION('',(0.,0.,1.));
#4840 = DIRECTION('',(1.,0.,0.));
#4841 = ADVANCED_FACE('',(#4842),#4848,.T.);
#4842 = FACE_BOUND('',#4843,.T.);
#4843 = EDGE_LOOP('',(#4844,#4845,#4846,#4847));
#4844 = ORIENTED_EDGE('',*,*,#4735,.F.);
#4845 = ORIENTED_EDGE('',*,*,#4796,.T.);
#4846 = ORIENTED_EDGE('',*,*,#4775,.T.);
#4847 = ORIENTED_EDGE('',*,*,#4818,.F.);
#4848 = PLANE('',#4849);
#4849 = AXIS2_PLACEMENT_3D('',#4850,#4851,#4852);
#4850 = CARTESIAN_POINT('',(108.,82.5,66.5));
#4851 = DIRECTION('',(0.,0.,1.));
#4852 = DIRECTION('',(1.,0.,0.));
#4853 = GEOMETRIC_CURVE_SET('',(#4854));
#4854 = TRIMMED_CURVE('',#4855,(#4859,PARAMETER_VALUE(0.)),(#4860,
    PARAMETER_VALUE(34.)),.T.,.PARAMETER.);
#4855 = LINE('',#4856,#4857);
#4856 = CARTESIAN_POINT('',(142.,13.,107.));
#4857 = VECTOR('',#4858,1.);
#4858 = DIRECTION('',(0.,0.,1.));
#4859 = CARTESIAN_POINT('',(142.,13.,107.));
#4860 = CARTESIAN_POINT('',(142.,13.,141.));
#4861 = GEOMETRIC_CURVE_SET('',(#4862));
#4862 = TRIMMED_CURVE('',#4863,(#4867,PARAMETER_VALUE(0.)),(#4868,
    PARAMETER_VALUE(70.)),.T.,.PARAMETER.);
#4863 = LINE('',#4864,#4865);
#4864 = CARTESIAN_POINT('',(142.,13.,141.));
#4865 = VECTOR('',#4866,1.);
#4866 = DIRECTION('',(0.,1.,0.));
#4867 = CARTESIAN_POINT('',(142.,13.,141.));
#4868 = CARTESIAN_POINT('',(142.,83.,141.));
#4869 = GEOMETRIC_CURVE_SET('',(#4870));
#4870 = TRIMMED_CURVE('',#4871,(#4875,PARAMETER_VALUE(0.)),(#4876,
    PARAMETER_VALUE(34.)),.T.,.PARAMETER.);
#4871 = LINE('',#4872,#4873);
#4872 = CARTESIAN_POINT('',(142.,83.,107.));
#4873 = VECTOR('',#4874,1.);
#4874 = DIRECTION('',(0.,0.,1.));
#4875 = CARTESIAN_POINT('',(142.,83.,107.));
#4876 = CARTESIAN_POINT('',(142.,83.,141.));
#4877 = GEOMETRIC_CURVE_SET('',(#4878));
#4878 = TRIMMED_CURVE('',#4879,(#4883,PARAMETER_VALUE(0.)),(#4884,
    PARAMETER_VALUE(70.)),.T.,.PARAMETER.);
#4879 = LINE('',#4880,#4881);
#4880 = CARTESIAN_POINT('',(142.,13.,107.));
#4881 = VECTOR('',#4882,1.);
#4882 = DIRECTION('',(0.,1.,0.));
#4883 = CARTESIAN_POINT('',(142.,13.,107.));
#4884 = CARTESIAN_POINT('',(142.,83.,107.));
#4885 = GEOMETRIC_CURVE_SET('',(#4886));
#4886 = TRIMMED_CURVE('',#4887,(#4891,PARAMETER_VALUE(0.)),(#4892,
    PARAMETER_VALUE(34.)),.T.,.PARAMETER.);
#4887 = LINE('',#4888,#4889);
#4888 = CARTESIAN_POINT('',(246.,13.,107.));
#4889 = VECTOR('',#4890,1.);
#4890 = DIRECTION('',(0.,0.,1.));
#4891 = CARTESIAN_POINT('',(246.,13.,107.));
#4892 = CARTESIAN_POINT('',(246.,13.,141.));
#4893 = GEOMETRIC_CURVE_SET('',(#4894));
#4894 = TRIMMED_CURVE('',#4895,(#4899,PARAMETER_VALUE(0.)),(#4900,
    PARAMETER_VALUE(70.)),.T.,.PARAMETER.);
#4895 = LINE('',#4896,#4897);
#4896 = CARTESIAN_POINT('',(246.,13.,141.));
#4897 = VECTOR('',#4898,1.);
#4898 = DIRECTION('',(0.,1.,0.));
#4899 = CARTESIAN_POINT('',(246.,13.,141.));
#4900 = CARTESIAN_POINT('',(246.,83.,141.));
#4901 = GEOMETRIC_CURVE_SET('',(#4902));
#4902 = TRIMMED_CURVE('',#4903,(#4907,PARAMETER_VALUE(0.)),(#4908,
    PARAMETER_VALUE(34.)),.T.,.PARAMETER.);
#4903 = LINE('',#4904,#4905);
#4904 = CARTESIAN_POINT('',(246.,83.,107.));
#4905 = VECTOR('',#4906,1.);
#4906 = DIRECTION('',(0.,0.,1.));
#4907 = CARTESIAN_POINT('',(246.,83.,107.));
#4908 = CARTESIAN_POINT('',(246.,83.,141.));
#4909 = GEOMETRIC_CURVE_SET('',(#4910));
#4910 = TRIMMED_CURVE('',#4911,(#4915,PARAMETER_VALUE(0.)),(#4916,
    PARAMETER_VALUE(70.)),.T.,.PARAMETER.);
#4911 = LINE('',#4912,#4913);
#4912 = CARTESIAN_POINT('',(246.,13.,107.));
#4913 = VECTOR('',#4914,1.);
#4914 = DIRECTION('',(0.,1.,0.));
#4915 = CARTESIAN_POINT('',(246.,13.,107.));
#4916 = CARTESIAN_POINT('',(246.,83.,107.));
#4917 = GEOMETRIC_CURVE_SET('',(#4918));
#4918 = TRIMMED_CURVE('',#4919,(#4923,PARAMETER_VALUE(0.)),(#4924,
    PARAMETER_VALUE(104.)),.T.,.PARAMETER.);
#4919 = LINE('',#4920,#4921);
#4920 = CARTESIAN_POINT('',(142.,13.,107.));
#4921 = VECTOR('',#4922,1.);
#4922 = DIRECTION('',(1.,0.,0.));
#4923 = CARTESIAN_POINT('',(142.,13.,107.));
#4924 = CARTESIAN_POINT('',(246.,13.,107.));
#4925 = GEOMETRIC_CURVE_SET('',(#4926));
#4926 = TRIMMED_CURVE('',#4927,(#4931,PARAMETER_VALUE(0.)),(#4932,
    PARAMETER_VALUE(104.)),.T.,.PARAMETER.);
#4927 = LINE('',#4928,#4929);
#4928 = CARTESIAN_POINT('',(142.,13.,141.));
#4929 = VECTOR('',#4930,1.);
#4930 = DIRECTION('',(1.,0.,0.));
#4931 = CARTESIAN_POINT('',(142.,13.,141.));
#4932 = CARTESIAN_POINT('',(246.,13.,141.));
#4933 = GEOMETRIC_CURVE_SET('',(#4934));
#4934 = TRIMMED_CURVE('',#4935,(#4939,PARAMETER_VALUE(0.)),(#4940,
    PARAMETER_VALUE(104.)),.T.,.PARAMETER.);
#4935 = LINE('',#4936,#4937);
#4936 = CARTESIAN_POINT('',(142.,83.,107.));
#4937 = VECTOR('',#4938,1.);
#4938 = DIRECTION('',(1.,0.,0.));
#4939 = CARTESIAN_POINT('',(142.,83.,107.));
#4940 = CARTESIAN_POINT('',(246.,83.,107.));
#4941 = GEOMETRIC_CURVE_SET('',(#4942));
#4942 = TRIMMED_CURVE('',#4943,(#4947,PARAMETER_VALUE(0.)),(#4948,
    PARAMETER_VALUE(104.)),.T.,.PARAMETER.);
#4943 = LINE('',#4944,#4945);
#4944 = CARTESIAN_POINT('',(142.,83.,141.));
#4945 = VECTOR('',#4946,1.);
#4946 = DIRECTION('',(1.,0.,0.));
#4947 = CARTESIAN_POINT('',(142.,83.,141.));
#4948 = CARTESIAN_POINT('',(246.,83.,141.));
#4949 = GEOMETRIC_CURVE_SET('',(#4950));
#4950 = TRIMMED_CURVE('',#4951,(#4955,PARAMETER_VALUE(0.)),(#4956,
    PARAMETER_VALUE(31.)),.T.,.PARAMETER.);
#4951 = LINE('',#4952,#4953);
#4952 = CARTESIAN_POINT('',(109.,2.,70.));
#4953 = VECTOR('',#4954,1.);
#4954 = DIRECTION('',(0.,0.,1.));
#4955 = CARTESIAN_POINT('',(109.,2.,70.));
#4956 = CARTESIAN_POINT('',(109.,2.,101.));
#4957 = GEOMETRIC_CURVE_SET('',(#4958));
#4958 = TRIMMED_CURVE('',#4959,(#4963,PARAMETER_VALUE(0.)),(#4964,
    PARAMETER_VALUE(26.)),.T.,.PARAMETER.);
#4959 = LINE('',#4960,#4961);
#4960 = CARTESIAN_POINT('',(109.,2.,101.));
#4961 = VECTOR('',#4962,1.);
#4962 = DIRECTION('',(0.,1.,0.));
#4963 = CARTESIAN_POINT('',(109.,2.,101.));
#4964 = CARTESIAN_POINT('',(109.,28.,101.));
#4965 = GEOMETRIC_CURVE_SET('',(#4966));
#4966 = TRIMMED_CURVE('',#4967,(#4971,PARAMETER_VALUE(0.)),(#4972,
    PARAMETER_VALUE(31.)),.T.,.PARAMETER.);
#4967 = LINE('',#4968,#4969);
#4968 = CARTESIAN_POINT('',(109.,28.,70.));
#4969 = VECTOR('',#4970,1.);
#4970 = DIRECTION('',(0.,0.,1.));
#4971 = CARTESIAN_POINT('',(109.,28.,70.));
#4972 = CARTESIAN_POINT('',(109.,28.,101.));
#4973 = GEOMETRIC_CURVE_SET('',(#4974));
#4974 = TRIMMED_CURVE('',#4975,(#4979,PARAMETER_VALUE(0.)),(#4980,
    PARAMETER_VALUE(26.)),.T.,.PARAMETER.);
#4975 = LINE('',#4976,#4977);
#4976 = CARTESIAN_POINT('',(109.,2.,70.));
#4977 = VECTOR('',#4978,1.);
#4978 = DIRECTION('',(0.,1.,0.));
#4979 = CARTESIAN_POINT('',(109.,2.,70.));
#4980 = CARTESIAN_POINT('',(109.,28.,70.));
#4981 = GEOMETRIC_CURVE_SET('',(#4982));
#4982 = TRIMMED_CURVE('',#4983,(#4987,PARAMETER_VALUE(0.)),(#4988,
    PARAMETER_VALUE(31.)),.T.,.PARAMETER.);
#4983 = LINE('',#4984,#4985);
#4984 = CARTESIAN_POINT('',(213.,2.,70.));
#4985 = VECTOR('',#4986,1.);
#4986 = DIRECTION('',(0.,0.,1.));
#4987 = CARTESIAN_POINT('',(213.,2.,70.));
#4988 = CARTESIAN_POINT('',(213.,2.,101.));
#4989 = GEOMETRIC_CURVE_SET('',(#4990));
#4990 = TRIMMED_CURVE('',#4991,(#4995,PARAMETER_VALUE(0.)),(#4996,
    PARAMETER_VALUE(26.)),.T.,.PARAMETER.);
#4991 = LINE('',#4992,#4993);
#4992 = CARTESIAN_POINT('',(213.,2.,101.));
#4993 = VECTOR('',#4994,1.);
#4994 = DIRECTION('',(0.,1.,0.));
#4995 = CARTESIAN_POINT('',(213.,2.,101.));
#4996 = CARTESIAN_POINT('',(213.,28.,101.));
#4997 = GEOMETRIC_CURVE_SET('',(#4998));
#4998 = TRIMMED_CURVE('',#4999,(#5003,PARAMETER_VALUE(0.)),(#5004,
    PARAMETER_VALUE(31.)),.T.,.PARAMETER.);
#4999 = LINE('',#5000,#5001);
#5000 = CARTESIAN_POINT('',(213.,28.,70.));
#5001 = VECTOR('',#5002,1.);
#5002 = DIRECTION('',(0.,0.,1.));
#5003 = CARTESIAN_POINT('',(213.,28.,70.));
#5004 = CARTESIAN_POINT('',(213.,28.,101.));
#5005 = GEOMETRIC_CURVE_SET('',(#5006));
#5006 = TRIMMED_CURVE('',#5007,(#5011,PARAMETER_VALUE(0.)),(#5012,
    PARAMETER_VALUE(26.)),.T.,.PARAMETER.);
#5007 = LINE('',#5008,#5009);
#5008 = CARTESIAN_POINT('',(213.,2.,70.));
#5009 = VECTOR('',#5010,1.);
#5010 = DIRECTION('',(0.,1.,0.));
#5011 = CARTESIAN_POINT('',(213.,2.,70.));
#5012 = CARTESIAN_POINT('',(213.,28.,70.));
#5013 = GEOMETRIC_CURVE_SET('',(#5014));
#5014 = TRIMMED_CURVE('',#5015,(#5019,PARAMETER_VALUE(0.)),(#5020,
    PARAMETER_VALUE(104.)),.T.,.PARAMETER.);
#5015 = LINE('',#5016,#5017);
#5016 = CARTESIAN_POINT('',(109.,2.,70.));
#5017 = VECTOR('',#5018,1.);
#5018 = DIRECTION('',(1.,0.,0.));
#5019 = CARTESIAN_POINT('',(109.,2.,70.));
#5020 = CARTESIAN_POINT('',(213.,2.,70.));
#5021 = GEOMETRIC_CURVE_SET('',(#5022));
#5022 = TRIMMED_CURVE('',#5023,(#5027,PARAMETER_VALUE(0.)),(#5028,
    PARAMETER_VALUE(104.)),.T.,.PARAMETER.);
#5023 = LINE('',#5024,#5025);
#5024 = CARTESIAN_POINT('',(109.,2.,101.));
#5025 = VECTOR('',#5026,1.);
#5026 = DIRECTION('',(1.,0.,0.));
#5027 = CARTESIAN_POINT('',(109.,2.,101.));
#5028 = CARTESIAN_POINT('',(213.,2.,101.));
#5029 = GEOMETRIC_CURVE_SET('',(#5030));
#5030 = TRIMMED_CURVE('',#5031,(#5035,PARAMETER_VALUE(0.)),(#5036,
    PARAMETER_VALUE(104.)),.T.,.PARAMETER.);
#5031 = LINE('',#5032,#5033);
#5032 = CARTESIAN_POINT('',(109.,28.,70.));
#5033 = VECTOR('',#5034,1.);
#5034 = DIRECTION('',(1.,0.,0.));
#5035 = CARTESIAN_POINT('',(109.,28.,70.));
#5036 = CARTESIAN_POINT('',(213.,28.,70.));
#5037 = GEOMETRIC_CURVE_SET('',(#5038));
#5038 = TRIMMED_CURVE('',#5039,(#5043,PARAMETER_VALUE(0.)),(#5044,
    PARAMETER_VALUE(104.)),.T.,.PARAMETER.);
#5039 = LINE('',#5040,#5041);
#5040 = CARTESIAN_POINT('',(109.,28.,101.));
#5041 = VECTOR('',#5042,1.);
#5042 = DIRECTION('',(1.,0.,0.));
#5043 = CARTESIAN_POINT('',(109.,28.,101.));
#5044 = CARTESIAN_POINT('',(213.,28.,101.));
#5045 = GEOMETRIC_CURVE_SET('',(#5046));
#5046 = TRIMMED_CURVE('',#5047,(#5051,PARAMETER_VALUE(0.)),(#5052,
    PARAMETER_VALUE(32.)),.T.,.PARAMETER.);
#5047 = LINE('',#5048,#5049);
#5048 = CARTESIAN_POINT('',(13.,96.,89.));
#5049 = VECTOR('',#5050,1.);
#5050 = DIRECTION('',(0.,0.,1.));
#5051 = CARTESIAN_POINT('',(13.,96.,89.));
#5052 = CARTESIAN_POINT('',(13.,96.,121.));
#5053 = GEOMETRIC_CURVE_SET('',(#5054));
#5054 = TRIMMED_CURVE('',#5055,(#5059,PARAMETER_VALUE(0.)),(#5060,
    PARAMETER_VALUE(58.)),.T.,.PARAMETER.);
#5055 = LINE('',#5056,#5057);
#5056 = CARTESIAN_POINT('',(13.,96.,121.));
#5057 = VECTOR('',#5058,1.);
#5058 = DIRECTION('',(0.,1.,0.));
#5059 = CARTESIAN_POINT('',(13.,96.,121.));
#5060 = CARTESIAN_POINT('',(13.,154.,121.));
#5061 = GEOMETRIC_CURVE_SET('',(#5062));
#5062 = TRIMMED_CURVE('',#5063,(#5067,PARAMETER_VALUE(0.)),(#5068,
    PARAMETER_VALUE(32.)),.T.,.PARAMETER.);
#5063 = LINE('',#5064,#5065);
#5064 = CARTESIAN_POINT('',(13.,154.,89.));
#5065 = VECTOR('',#5066,1.);
#5066 = DIRECTION('',(0.,0.,1.));
#5067 = CARTESIAN_POINT('',(13.,154.,89.));
#5068 = CARTESIAN_POINT('',(13.,154.,121.));
#5069 = GEOMETRIC_CURVE_SET('',(#5070));
#5070 = TRIMMED_CURVE('',#5071,(#5075,PARAMETER_VALUE(0.)),(#5076,
    PARAMETER_VALUE(58.)),.T.,.PARAMETER.);
#5071 = LINE('',#5072,#5073);
#5072 = CARTESIAN_POINT('',(13.,96.,89.));
#5073 = VECTOR('',#5074,1.);
#5074 = DIRECTION('',(0.,1.,0.));
#5075 = CARTESIAN_POINT('',(13.,96.,89.));
#5076 = CARTESIAN_POINT('',(13.,154.,89.));
#5077 = GEOMETRIC_CURVE_SET('',(#5078));
#5078 = TRIMMED_CURVE('',#5079,(#5083,PARAMETER_VALUE(0.)),(#5084,
    PARAMETER_VALUE(32.)),.T.,.PARAMETER.);
#5079 = LINE('',#5080,#5081);
#5080 = CARTESIAN_POINT('',(41.,96.,89.));
#5081 = VECTOR('',#5082,1.);
#5082 = DIRECTION('',(0.,0.,1.));
#5083 = CARTESIAN_POINT('',(41.,96.,89.));
#5084 = CARTESIAN_POINT('',(41.,96.,121.));
#5085 = GEOMETRIC_CURVE_SET('',(#5086));
#5086 = TRIMMED_CURVE('',#5087,(#5091,PARAMETER_VALUE(0.)),(#5092,
    PARAMETER_VALUE(58.)),.T.,.PARAMETER.);
#5087 = LINE('',#5088,#5089);
#5088 = CARTESIAN_POINT('',(41.,96.,121.));
#5089 = VECTOR('',#5090,1.);
#5090 = DIRECTION('',(0.,1.,0.));
#5091 = CARTESIAN_POINT('',(41.,96.,121.));
#5092 = CARTESIAN_POINT('',(41.,154.,121.));
#5093 = GEOMETRIC_CURVE_SET('',(#5094));
#5094 = TRIMMED_CURVE('',#5095,(#5099,PARAMETER_VALUE(0.)),(#5100,
    PARAMETER_VALUE(32.)),.T.,.PARAMETER.);
#5095 = LINE('',#5096,#5097);
#5096 = CARTESIAN_POINT('',(41.,154.,89.));
#5097 = VECTOR('',#5098,1.);
#5098 = DIRECTION('',(0.,0.,1.));
#5099 = CARTESIAN_POINT('',(41.,154.,89.));
#5100 = CARTESIAN_POINT('',(41.,154.,121.));
#5101 = GEOMETRIC_CURVE_SET('',(#5102));
#5102 = TRIMMED_CURVE('',#5103,(#5107,PARAMETER_VALUE(0.)),(#5108,
    PARAMETER_VALUE(58.)),.T.,.PARAMETER.);
#5103 = LINE('',#5104,#5105);
#5104 = CARTESIAN_POINT('',(41.,96.,89.));
#5105 = VECTOR('',#5106,1.);
#5106 = DIRECTION('',(0.,1.,0.));
#5107 = CARTESIAN_POINT('',(41.,96.,89.));
#5108 = CARTESIAN_POINT('',(41.,154.,89.));
#5109 = GEOMETRIC_CURVE_SET('',(#5110));
#5110 = TRIMMED_CURVE('',#5111,(#5115,PARAMETER_VALUE(0.)),(#5116,
    PARAMETER_VALUE(28.)),.T.,.PARAMETER.);
#5111 = LINE('',#5112,#5113);
#5112 = CARTESIAN_POINT('',(13.,96.,89.));
#5113 = VECTOR('',#5114,1.);
#5114 = DIRECTION('',(1.,0.,0.));
#5115 = CARTESIAN_POINT('',(13.,96.,89.));
#5116 = CARTESIAN_POINT('',(41.,96.,89.));
#5117 = GEOMETRIC_CURVE_SET('',(#5118));
#5118 = TRIMMED_CURVE('',#5119,(#5123,PARAMETER_VALUE(0.)),(#5124,
    PARAMETER_VALUE(28.)),.T.,.PARAMETER.);
#5119 = LINE('',#5120,#5121);
#5120 = CARTESIAN_POINT('',(13.,96.,121.));
#5121 = VECTOR('',#5122,1.);
#5122 = DIRECTION('',(1.,0.,0.));
#5123 = CARTESIAN_POINT('',(13.,96.,121.));
#5124 = CARTESIAN_POINT('',(41.,96.,121.));
#5125 = GEOMETRIC_CURVE_SET('',(#5126));
#5126 = TRIMMED_CURVE('',#5127,(#5131,PARAMETER_VALUE(0.)),(#5132,
    PARAMETER_VALUE(28.)),.T.,.PARAMETER.);
#5127 = LINE('',#5128,#5129);
#5128 = CARTESIAN_POINT('',(13.,154.,89.));
#5129 = VECTOR('',#5130,1.);
#5130 = DIRECTION('',(1.,0.,0.));
#5131 = CARTESIAN_POINT('',(13.,154.,89.));
#5132 = CARTESIAN_POINT('',(41.,154.,89.));
#5133 = GEOMETRIC_CURVE_SET('',(#5134));
#5134 = TRIMMED_CURVE('',#5135,(#5139,PARAMETER_VALUE(0.)),(#5140,
    PARAMETER_VALUE(28.)),.T.,.PARAMETER.);
#5135 = LINE('',#5136,#5137);
#5136 = CARTESIAN_POINT('',(13.,154.,121.));
#5137 = VECTOR('',#5138,1.);
#5138 = DIRECTION('',(1.,0.,0.));
#5139 = CARTESIAN_POINT('',(13.,154.,121.));
#5140 = CARTESIAN_POINT('',(41.,154.,121.));
#5141 = GEOMETRIC_CURVE_SET('',(#5142));
#5142 = TRIMMED_CURVE('',#5143,(#5147,PARAMETER_VALUE(0.)),(#5148,
    PARAMETER_VALUE(55.)),.T.,.PARAMETER.);
#5143 = LINE('',#5144,#5145);
#5144 = CARTESIAN_POINT('',(44.,86.,66.));
#5145 = VECTOR('',#5146,1.);
#5146 = DIRECTION('',(0.,0.,1.));
#5147 = CARTESIAN_POINT('',(44.,86.,66.));
#5148 = CARTESIAN_POINT('',(44.,86.,121.));
#5149 = GEOMETRIC_CURVE_SET('',(#5150));
#5150 = TRIMMED_CURVE('',#5151,(#5155,PARAMETER_VALUE(0.)),(#5156,
    PARAMETER_VALUE(66.)),.T.,.PARAMETER.);
#5151 = LINE('',#5152,#5153);
#5152 = CARTESIAN_POINT('',(44.,86.,121.));
#5153 = VECTOR('',#5154,1.);
#5154 = DIRECTION('',(0.,1.,0.));
#5155 = CARTESIAN_POINT('',(44.,86.,121.));
#5156 = CARTESIAN_POINT('',(44.,152.,121.));
#5157 = GEOMETRIC_CURVE_SET('',(#5158));
#5158 = TRIMMED_CURVE('',#5159,(#5163,PARAMETER_VALUE(0.)),(#5164,
    PARAMETER_VALUE(55.)),.T.,.PARAMETER.);
#5159 = LINE('',#5160,#5161);
#5160 = CARTESIAN_POINT('',(44.,152.,66.));
#5161 = VECTOR('',#5162,1.);
#5162 = DIRECTION('',(0.,0.,1.));
#5163 = CARTESIAN_POINT('',(44.,152.,66.));
#5164 = CARTESIAN_POINT('',(44.,152.,121.));
#5165 = GEOMETRIC_CURVE_SET('',(#5166));
#5166 = TRIMMED_CURVE('',#5167,(#5171,PARAMETER_VALUE(0.)),(#5172,
    PARAMETER_VALUE(66.)),.T.,.PARAMETER.);
#5167 = LINE('',#5168,#5169);
#5168 = CARTESIAN_POINT('',(44.,86.,66.));
#5169 = VECTOR('',#5170,1.);
#5170 = DIRECTION('',(0.,1.,0.));
#5171 = CARTESIAN_POINT('',(44.,86.,66.));
#5172 = CARTESIAN_POINT('',(44.,152.,66.));
#5173 = GEOMETRIC_CURVE_SET('',(#5174));
#5174 = TRIMMED_CURVE('',#5175,(#5179,PARAMETER_VALUE(0.)),(#5180,
    PARAMETER_VALUE(55.)),.T.,.PARAMETER.);
#5175 = LINE('',#5176,#5177);
#5176 = CARTESIAN_POINT('',(224.,86.,66.));
#5177 = VECTOR('',#5178,1.);
#5178 = DIRECTION('',(0.,0.,1.));
#5179 = CARTESIAN_POINT('',(224.,86.,66.));
#5180 = CARTESIAN_POINT('',(224.,86.,121.));
#5181 = GEOMETRIC_CURVE_SET('',(#5182));
#5182 = TRIMMED_CURVE('',#5183,(#5187,PARAMETER_VALUE(0.)),(#5188,
    PARAMETER_VALUE(66.)),.T.,.PARAMETER.);
#5183 = LINE('',#5184,#5185);
#5184 = CARTESIAN_POINT('',(224.,86.,121.));
#5185 = VECTOR('',#5186,1.);
#5186 = DIRECTION('',(0.,1.,0.));
#5187 = CARTESIAN_POINT('',(224.,86.,121.));
#5188 = CARTESIAN_POINT('',(224.,152.,121.));
#5189 = GEOMETRIC_CURVE_SET('',(#5190));
#5190 = TRIMMED_CURVE('',#5191,(#5195,PARAMETER_VALUE(0.)),(#5196,
    PARAMETER_VALUE(55.)),.T.,.PARAMETER.);
#5191 = LINE('',#5192,#5193);
#5192 = CARTESIAN_POINT('',(224.,152.,66.));
#5193 = VECTOR('',#5194,1.);
#5194 = DIRECTION('',(0.,0.,1.));
#5195 = CARTESIAN_POINT('',(224.,152.,66.));
#5196 = CARTESIAN_POINT('',(224.,152.,121.));
#5197 = GEOMETRIC_CURVE_SET('',(#5198));
#5198 = TRIMMED_CURVE('',#5199,(#5203,PARAMETER_VALUE(0.)),(#5204,
    PARAMETER_VALUE(66.)),.T.,.PARAMETER.);
#5199 = LINE('',#5200,#5201);
#5200 = CARTESIAN_POINT('',(224.,86.,66.));
#5201 = VECTOR('',#5202,1.);
#5202 = DIRECTION('',(0.,1.,0.));
#5203 = CARTESIAN_POINT('',(224.,86.,66.));
#5204 = CARTESIAN_POINT('',(224.,152.,66.));
#5205 = GEOMETRIC_CURVE_SET('',(#5206));
#5206 = TRIMMED_CURVE('',#5207,(#5211,PARAMETER_VALUE(0.)),(#5212,
    PARAMETER_VALUE(180.)),.T.,.PARAMETER.);
#5207 = LINE('',#5208,#5209);
#5208 = CARTESIAN_POINT('',(44.,86.,66.));
#5209 = VECTOR('',#5210,1.);
#5210 = DIRECTION('',(1.,0.,0.));
#5211 = CARTESIAN_POINT('',(44.,86.,66.));
#5212 = CARTESIAN_POINT('',(224.,86.,66.));
#5213 = GEOMETRIC_CURVE_SET('',(#5214));
#5214 = TRIMMED_CURVE('',#5215,(#5219,PARAMETER_VALUE(0.)),(#5220,
    PARAMETER_VALUE(180.)),.T.,.PARAMETER.);
#5215 = LINE('',#5216,#5217);
#5216 = CARTESIAN_POINT('',(44.,86.,121.));
#5217 = VECTOR('',#5218,1.);
#5218 = DIRECTION('',(1.,0.,0.));
#5219 = CARTESIAN_POINT('',(44.,86.,121.));
#5220 = CARTESIAN_POINT('',(224.,86.,121.));
#5221 = GEOMETRIC_CURVE_SET('',(#5222));
#5222 = TRIMMED_CURVE('',#5223,(#5227,PARAMETER_VALUE(0.)),(#5228,
    PARAMETER_VALUE(180.)),.T.,.PARAMETER.);
#5223 = LINE('',#5224,#5225);
#5224 = CARTESIAN_POINT('',(44.,152.,66.));
#5225 = VECTOR('',#5226,1.);
#5226 = DIRECTION('',(1.,0.,0.));
#5227 = CARTESIAN_POINT('',(44.,152.,66.));
#5228 = CARTESIAN_POINT('',(224.,152.,66.));
#5229 = GEOMETRIC_CURVE_SET('',(#5230));
#5230 = TRIMMED_CURVE('',#5231,(#5235,PARAMETER_VALUE(0.)),(#5236,
    PARAMETER_VALUE(180.)),.T.,.PARAMETER.);
#5231 = LINE('',#5232,#5233);
#5232 = CARTESIAN_POINT('',(44.,152.,121.));
#5233 = VECTOR('',#5234,1.);
#5234 = DIRECTION('',(1.,0.,0.));
#5235 = CARTESIAN_POINT('',(44.,152.,121.));
#5236 = CARTESIAN_POINT('',(224.,152.,121.));
#5237 = GEOMETRIC_CURVE_SET('',(#5238));
#5238 = TRIMMED_CURVE('',#5239,(#5243,PARAMETER_VALUE(0.)),(#5244,
    PARAMETER_VALUE(32.)),.T.,.PARAMETER.);
#5239 = LINE('',#5240,#5241);
#5240 = CARTESIAN_POINT('',(227.,86.,89.));
#5241 = VECTOR('',#5242,1.);
#5242 = DIRECTION('',(0.,0.,1.));
#5243 = CARTESIAN_POINT('',(227.,86.,89.));
#5244 = CARTESIAN_POINT('',(227.,86.,121.));
#5245 = GEOMETRIC_CURVE_SET('',(#5246));
#5246 = TRIMMED_CURVE('',#5247,(#5251,PARAMETER_VALUE(0.)),(#5252,
    PARAMETER_VALUE(68.)),.T.,.PARAMETER.);
#5247 = LINE('',#5248,#5249);
#5248 = CARTESIAN_POINT('',(227.,86.,121.));
#5249 = VECTOR('',#5250,1.);
#5250 = DIRECTION('',(0.,1.,0.));
#5251 = CARTESIAN_POINT('',(227.,86.,121.));
#5252 = CARTESIAN_POINT('',(227.,154.,121.));
#5253 = GEOMETRIC_CURVE_SET('',(#5254));
#5254 = TRIMMED_CURVE('',#5255,(#5259,PARAMETER_VALUE(0.)),(#5260,
    PARAMETER_VALUE(32.)),.T.,.PARAMETER.);
#5255 = LINE('',#5256,#5257);
#5256 = CARTESIAN_POINT('',(227.,154.,89.));
#5257 = VECTOR('',#5258,1.);
#5258 = DIRECTION('',(0.,0.,1.));
#5259 = CARTESIAN_POINT('',(227.,154.,89.));
#5260 = CARTESIAN_POINT('',(227.,154.,121.));
#5261 = GEOMETRIC_CURVE_SET('',(#5262));
#5262 = TRIMMED_CURVE('',#5263,(#5267,PARAMETER_VALUE(0.)),(#5268,
    PARAMETER_VALUE(68.)),.T.,.PARAMETER.);
#5263 = LINE('',#5264,#5265);
#5264 = CARTESIAN_POINT('',(227.,86.,89.));
#5265 = VECTOR('',#5266,1.);
#5266 = DIRECTION('',(0.,1.,0.));
#5267 = CARTESIAN_POINT('',(227.,86.,89.));
#5268 = CARTESIAN_POINT('',(227.,154.,89.));
#5269 = GEOMETRIC_CURVE_SET('',(#5270));
#5270 = TRIMMED_CURVE('',#5271,(#5275,PARAMETER_VALUE(0.)),(#5276,
    PARAMETER_VALUE(32.)),.T.,.PARAMETER.);
#5271 = LINE('',#5272,#5273);
#5272 = CARTESIAN_POINT('',(270.,86.,89.));
#5273 = VECTOR('',#5274,1.);
#5274 = DIRECTION('',(0.,0.,1.));
#5275 = CARTESIAN_POINT('',(270.,86.,89.));
#5276 = CARTESIAN_POINT('',(270.,86.,121.));
#5277 = GEOMETRIC_CURVE_SET('',(#5278));
#5278 = TRIMMED_CURVE('',#5279,(#5283,PARAMETER_VALUE(0.)),(#5284,
    PARAMETER_VALUE(68.)),.T.,.PARAMETER.);
#5279 = LINE('',#5280,#5281);
#5280 = CARTESIAN_POINT('',(270.,86.,121.));
#5281 = VECTOR('',#5282,1.);
#5282 = DIRECTION('',(0.,1.,0.));
#5283 = CARTESIAN_POINT('',(270.,86.,121.));
#5284 = CARTESIAN_POINT('',(270.,154.,121.));
#5285 = GEOMETRIC_CURVE_SET('',(#5286));
#5286 = TRIMMED_CURVE('',#5287,(#5291,PARAMETER_VALUE(0.)),(#5292,
    PARAMETER_VALUE(32.)),.T.,.PARAMETER.);
#5287 = LINE('',#5288,#5289);
#5288 = CARTESIAN_POINT('',(270.,154.,89.));
#5289 = VECTOR('',#5290,1.);
#5290 = DIRECTION('',(0.,0.,1.));
#5291 = CARTESIAN_POINT('',(270.,154.,89.));
#5292 = CARTESIAN_POINT('',(270.,154.,121.));
#5293 = GEOMETRIC_CURVE_SET('',(#5294));
#5294 = TRIMMED_CURVE('',#5295,(#5299,PARAMETER_VALUE(0.)),(#5300,
    PARAMETER_VALUE(68.)),.T.,.PARAMETER.);
#5295 = LINE('',#5296,#5297);
#5296 = CARTESIAN_POINT('',(270.,86.,89.));
#5297 = VECTOR('',#5298,1.);
#5298 = DIRECTION('',(0.,1.,0.));
#5299 = CARTESIAN_POINT('',(270.,86.,89.));
#5300 = CARTESIAN_POINT('',(270.,154.,89.));
#5301 = GEOMETRIC_CURVE_SET('',(#5302));
#5302 = TRIMMED_CURVE('',#5303,(#5307,PARAMETER_VALUE(0.)),(#5308,
    PARAMETER_VALUE(43.)),.T.,.PARAMETER.);
#5303 = LINE('',#5304,#5305);
#5304 = CARTESIAN_POINT('',(227.,86.,89.));
#5305 = VECTOR('',#5306,1.);
#5306 = DIRECTION('',(1.,0.,0.));
#5307 = CARTESIAN_POINT('',(227.,86.,89.));
#5308 = CARTESIAN_POINT('',(270.,86.,89.));
#5309 = GEOMETRIC_CURVE_SET('',(#5310));
#5310 = TRIMMED_CURVE('',#5311,(#5315,PARAMETER_VALUE(0.)),(#5316,
    PARAMETER_VALUE(43.)),.T.,.PARAMETER.);
#5311 = LINE('',#5312,#5313);
#5312 = CARTESIAN_POINT('',(227.,86.,121.));
#5313 = VECTOR('',#5314,1.);
#5314 = DIRECTION('',(1.,0.,0.));
#5315 = CARTESIAN_POINT('',(227.,86.,121.));
#5316 = CARTESIAN_POINT('',(270.,86.,121.));
#5317 = GEOMETRIC_CURVE_SET('',(#5318));
#5318 = TRIMMED_CURVE('',#5319,(#5323,PARAMETER_VALUE(0.)),(#5324,
    PARAMETER_VALUE(43.)),.T.,.PARAMETER.);
#5319 = LINE('',#5320,#5321);
#5320 = CARTESIAN_POINT('',(227.,154.,89.));
#5321 = VECTOR('',#5322,1.);
#5322 = DIRECTION('',(1.,0.,0.));
#5323 = CARTESIAN_POINT('',(227.,154.,89.));
#5324 = CARTESIAN_POINT('',(270.,154.,89.));
#5325 = GEOMETRIC_CURVE_SET('',(#5326));
#5326 = TRIMMED_CURVE('',#5327,(#5331,PARAMETER_VALUE(0.)),(#5332,
    PARAMETER_VALUE(43.)),.T.,.PARAMETER.);
#5327 = LINE('',#5328,#5329);
#5328 = CARTESIAN_POINT('',(227.,154.,121.));
#5329 = VECTOR('',#5330,1.);
#5330 = DIRECTION('',(1.,0.,0.));
#5331 = CARTESIAN_POINT('',(227.,154.,121.));
#5332 = CARTESIAN_POINT('',(270.,154.,121.));
#5333 = GEOMETRIC_CURVE_SET('',(#5334));
#5334 = TRIMMED_CURVE('',#5335,(#5339,PARAMETER_VALUE(0.)),(#5340,
    PARAMETER_VALUE(41.3)),.T.,.PARAMETER.);
#5335 = LINE('',#5336,#5337);
#5336 = CARTESIAN_POINT('',(106.6,101.35,133.5));
#5337 = VECTOR('',#5338,1.);
#5338 = DIRECTION('',(0.,0.,1.));
#5339 = CARTESIAN_POINT('',(106.6,101.35,133.5));
#5340 = CARTESIAN_POINT('',(106.6,101.35,174.8));
#5341 = GEOMETRIC_CURVE_SET('',(#5342));
#5342 = TRIMMED_CURVE('',#5343,(#5347,PARAMETER_VALUE(0.)),(#5348,
    PARAMETER_VALUE(55.6)),.T.,.PARAMETER.);
#5343 = LINE('',#5344,#5345);
#5344 = CARTESIAN_POINT('',(106.6,101.35,174.8));
#5345 = VECTOR('',#5346,1.);
#5346 = DIRECTION('',(0.,1.,0.));
#5347 = CARTESIAN_POINT('',(106.6,101.35,174.8));
#5348 = CARTESIAN_POINT('',(106.6,156.95,174.8));
#5349 = GEOMETRIC_CURVE_SET('',(#5350));
#5350 = TRIMMED_CURVE('',#5351,(#5355,PARAMETER_VALUE(0.)),(#5356,
    PARAMETER_VALUE(41.3)),.T.,.PARAMETER.);
#5351 = LINE('',#5352,#5353);
#5352 = CARTESIAN_POINT('',(106.6,156.95,133.5));
#5353 = VECTOR('',#5354,1.);
#5354 = DIRECTION('',(0.,0.,1.));
#5355 = CARTESIAN_POINT('',(106.6,156.95,133.5));
#5356 = CARTESIAN_POINT('',(106.6,156.95,174.8));
#5357 = GEOMETRIC_CURVE_SET('',(#5358));
#5358 = TRIMMED_CURVE('',#5359,(#5363,PARAMETER_VALUE(0.)),(#5364,
    PARAMETER_VALUE(55.6)),.T.,.PARAMETER.);
#5359 = LINE('',#5360,#5361);
#5360 = CARTESIAN_POINT('',(106.6,101.35,133.5));
#5361 = VECTOR('',#5362,1.);
#5362 = DIRECTION('',(0.,1.,0.));
#5363 = CARTESIAN_POINT('',(106.6,101.35,133.5));
#5364 = CARTESIAN_POINT('',(106.6,156.95,133.5));
#5365 = GEOMETRIC_CURVE_SET('',(#5366));
#5366 = TRIMMED_CURVE('',#5367,(#5371,PARAMETER_VALUE(0.)),(#5372,
    PARAMETER_VALUE(41.3)),.T.,.PARAMETER.);
#5367 = LINE('',#5368,#5369);
#5368 = CARTESIAN_POINT('',(162.2,101.35,133.5));
#5369 = VECTOR('',#5370,1.);
#5370 = DIRECTION('',(0.,0.,1.));
#5371 = CARTESIAN_POINT('',(162.2,101.35,133.5));
#5372 = CARTESIAN_POINT('',(162.2,101.35,174.8));
#5373 = GEOMETRIC_CURVE_SET('',(#5374));
#5374 = TRIMMED_CURVE('',#5375,(#5379,PARAMETER_VALUE(0.)),(#5380,
    PARAMETER_VALUE(55.6)),.T.,.PARAMETER.);
#5375 = LINE('',#5376,#5377);
#5376 = CARTESIAN_POINT('',(162.2,101.35,174.8));
#5377 = VECTOR('',#5378,1.);
#5378 = DIRECTION('',(0.,1.,0.));
#5379 = CARTESIAN_POINT('',(162.2,101.35,174.8));
#5380 = CARTESIAN_POINT('',(162.2,156.95,174.8));
#5381 = GEOMETRIC_CURVE_SET('',(#5382));
#5382 = TRIMMED_CURVE('',#5383,(#5387,PARAMETER_VALUE(0.)),(#5388,
    PARAMETER_VALUE(41.3)),.T.,.PARAMETER.);
#5383 = LINE('',#5384,#5385);
#5384 = CARTESIAN_POINT('',(162.2,156.95,133.5));
#5385 = VECTOR('',#5386,1.);
#5386 = DIRECTION('',(0.,0.,1.));
#5387 = CARTESIAN_POINT('',(162.2,156.95,133.5));
#5388 = CARTESIAN_POINT('',(162.2,156.95,174.8));
#5389 = GEOMETRIC_CURVE_SET('',(#5390));
#5390 = TRIMMED_CURVE('',#5391,(#5395,PARAMETER_VALUE(0.)),(#5396,
    PARAMETER_VALUE(55.6)),.T.,.PARAMETER.);
#5391 = LINE('',#5392,#5393);
#5392 = CARTESIAN_POINT('',(162.2,101.35,133.5));
#5393 = VECTOR('',#5394,1.);
#5394 = DIRECTION('',(0.,1.,0.));
#5395 = CARTESIAN_POINT('',(162.2,101.35,133.5));
#5396 = CARTESIAN_POINT('',(162.2,156.95,133.5));
#5397 = GEOMETRIC_CURVE_SET('',(#5398));
#5398 = TRIMMED_CURVE('',#5399,(#5403,PARAMETER_VALUE(0.)),(#5404,
    PARAMETER_VALUE(55.6)),.T.,.PARAMETER.);
#5399 = LINE('',#5400,#5401);
#5400 = CARTESIAN_POINT('',(106.6,101.35,133.5));
#5401 = VECTOR('',#5402,1.);
#5402 = DIRECTION('',(1.,0.,0.));
#5403 = CARTESIAN_POINT('',(106.6,101.35,133.5));
#5404 = CARTESIAN_POINT('',(162.2,101.35,133.5));
#5405 = GEOMETRIC_CURVE_SET('',(#5406));
#5406 = TRIMMED_CURVE('',#5407,(#5411,PARAMETER_VALUE(0.)),(#5412,
    PARAMETER_VALUE(55.6)),.T.,.PARAMETER.);
#5407 = LINE('',#5408,#5409);
#5408 = CARTESIAN_POINT('',(106.6,101.35,174.8));
#5409 = VECTOR('',#5410,1.);
#5410 = DIRECTION('',(1.,0.,0.));
#5411 = CARTESIAN_POINT('',(106.6,101.35,174.8));
#5412 = CARTESIAN_POINT('',(162.2,101.35,174.8));
#5413 = GEOMETRIC_CURVE_SET('',(#5414));
#5414 = TRIMMED_CURVE('',#5415,(#5419,PARAMETER_VALUE(0.)),(#5420,
    PARAMETER_VALUE(55.6)),.T.,.PARAMETER.);
#5415 = LINE('',#5416,#5417);
#5416 = CARTESIAN_POINT('',(106.6,156.95,133.5));
#5417 = VECTOR('',#5418,1.);
#5418 = DIRECTION('',(1.,0.,0.));
#5419 = CARTESIAN_POINT('',(106.6,156.95,133.5));
#5420 = CARTESIAN_POINT('',(162.2,156.95,133.5));
#5421 = GEOMETRIC_CURVE_SET('',(#5422));
#5422 = TRIMMED_CURVE('',#5423,(#5427,PARAMETER_VALUE(0.)),(#5428,
    PARAMETER_VALUE(55.6)),.T.,.PARAMETER.);
#5423 = LINE('',#5424,#5425);
#5424 = CARTESIAN_POINT('',(106.6,156.95,174.8));
#5425 = VECTOR('',#5426,1.);
#5426 = DIRECTION('',(1.,0.,0.));
#5427 = CARTESIAN_POINT('',(106.6,156.95,174.8));
#5428 = CARTESIAN_POINT('',(162.2,156.95,174.8));
#5429 = GEOMETRIC_CURVE_SET('',(#5430));
#5430 = TRIMMED_CURVE('',#5431,(#5435,PARAMETER_VALUE(0.)),(#5436,
    PARAMETER_VALUE(30.)),.T.,.PARAMETER.);
#5431 = LINE('',#5432,#5433);
#5432 = CARTESIAN_POINT('',(153.,29.,56.));
#5433 = VECTOR('',#5434,1.);
#5434 = DIRECTION('',(0.,0.,1.));
#5435 = CARTESIAN_POINT('',(153.,29.,56.));
#5436 = CARTESIAN_POINT('',(153.,29.,86.));
#5437 = GEOMETRIC_CURVE_SET('',(#5438));
#5438 = TRIMMED_CURVE('',#5439,(#5443,PARAMETER_VALUE(0.)),(#5444,
    PARAMETER_VALUE(53.)),.T.,.PARAMETER.);
#5439 = LINE('',#5440,#5441);
#5440 = CARTESIAN_POINT('',(153.,29.,86.));
#5441 = VECTOR('',#5442,1.);
#5442 = DIRECTION('',(0.,1.,0.));
#5443 = CARTESIAN_POINT('',(153.,29.,86.));
#5444 = CARTESIAN_POINT('',(153.,82.,86.));
#5445 = GEOMETRIC_CURVE_SET('',(#5446));
#5446 = TRIMMED_CURVE('',#5447,(#5451,PARAMETER_VALUE(0.)),(#5452,
    PARAMETER_VALUE(30.)),.T.,.PARAMETER.);
#5447 = LINE('',#5448,#5449);
#5448 = CARTESIAN_POINT('',(153.,82.,56.));
#5449 = VECTOR('',#5450,1.);
#5450 = DIRECTION('',(0.,0.,1.));
#5451 = CARTESIAN_POINT('',(153.,82.,56.));
#5452 = CARTESIAN_POINT('',(153.,82.,86.));
#5453 = GEOMETRIC_CURVE_SET('',(#5454));
#5454 = TRIMMED_CURVE('',#5455,(#5459,PARAMETER_VALUE(0.)),(#5460,
    PARAMETER_VALUE(53.)),.T.,.PARAMETER.);
#5455 = LINE('',#5456,#5457);
#5456 = CARTESIAN_POINT('',(153.,29.,56.));
#5457 = VECTOR('',#5458,1.);
#5458 = DIRECTION('',(0.,1.,0.));
#5459 = CARTESIAN_POINT('',(153.,29.,56.));
#5460 = CARTESIAN_POINT('',(153.,82.,56.));
#5461 = GEOMETRIC_CURVE_SET('',(#5462));
#5462 = TRIMMED_CURVE('',#5463,(#5467,PARAMETER_VALUE(0.)),(#5468,
    PARAMETER_VALUE(30.)),.T.,.PARAMETER.);
#5463 = LINE('',#5464,#5465);
#5464 = CARTESIAN_POINT('',(211.,29.,56.));
#5465 = VECTOR('',#5466,1.);
#5466 = DIRECTION('',(0.,0.,1.));
#5467 = CARTESIAN_POINT('',(211.,29.,56.));
#5468 = CARTESIAN_POINT('',(211.,29.,86.));
#5469 = GEOMETRIC_CURVE_SET('',(#5470));
#5470 = TRIMMED_CURVE('',#5471,(#5475,PARAMETER_VALUE(0.)),(#5476,
    PARAMETER_VALUE(53.)),.T.,.PARAMETER.);
#5471 = LINE('',#5472,#5473);
#5472 = CARTESIAN_POINT('',(211.,29.,86.));
#5473 = VECTOR('',#5474,1.);
#5474 = DIRECTION('',(0.,1.,0.));
#5475 = CARTESIAN_POINT('',(211.,29.,86.));
#5476 = CARTESIAN_POINT('',(211.,82.,86.));
#5477 = GEOMETRIC_CURVE_SET('',(#5478));
#5478 = TRIMMED_CURVE('',#5479,(#5483,PARAMETER_VALUE(0.)),(#5484,
    PARAMETER_VALUE(30.)),.T.,.PARAMETER.);
#5479 = LINE('',#5480,#5481);
#5480 = CARTESIAN_POINT('',(211.,82.,56.));
#5481 = VECTOR('',#5482,1.);
#5482 = DIRECTION('',(0.,0.,1.));
#5483 = CARTESIAN_POINT('',(211.,82.,56.));
#5484 = CARTESIAN_POINT('',(211.,82.,86.));
#5485 = GEOMETRIC_CURVE_SET('',(#5486));
#5486 = TRIMMED_CURVE('',#5487,(#5491,PARAMETER_VALUE(0.)),(#5492,
    PARAMETER_VALUE(53.)),.T.,.PARAMETER.);
#5487 = LINE('',#5488,#5489);
#5488 = CARTESIAN_POINT('',(211.,29.,56.));
#5489 = VECTOR('',#5490,1.);
#5490 = DIRECTION('',(0.,1.,0.));
#5491 = CARTESIAN_POINT('',(211.,29.,56.));
#5492 = CARTESIAN_POINT('',(211.,82.,56.));
#5493 = GEOMETRIC_CURVE_SET('',(#5494));
#5494 = TRIMMED_CURVE('',#5495,(#5499,PARAMETER_VALUE(0.)),(#5500,
    PARAMETER_VALUE(58.)),.T.,.PARAMETER.);
#5495 = LINE('',#5496,#5497);
#5496 = CARTESIAN_POINT('',(153.,29.,56.));
#5497 = VECTOR('',#5498,1.);
#5498 = DIRECTION('',(1.,0.,0.));
#5499 = CARTESIAN_POINT('',(153.,29.,56.));
#5500 = CARTESIAN_POINT('',(211.,29.,56.));
#5501 = GEOMETRIC_CURVE_SET('',(#5502));
#5502 = TRIMMED_CURVE('',#5503,(#5507,PARAMETER_VALUE(0.)),(#5508,
    PARAMETER_VALUE(58.)),.T.,.PARAMETER.);
#5503 = LINE('',#5504,#5505);
#5504 = CARTESIAN_POINT('',(153.,29.,86.));
#5505 = VECTOR('',#5506,1.);
#5506 = DIRECTION('',(1.,0.,0.));
#5507 = CARTESIAN_POINT('',(153.,29.,86.));
#5508 = CARTESIAN_POINT('',(211.,29.,86.));
#5509 = GEOMETRIC_CURVE_SET('',(#5510));
#5510 = TRIMMED_CURVE('',#5511,(#5515,PARAMETER_VALUE(0.)),(#5516,
    PARAMETER_VALUE(58.)),.T.,.PARAMETER.);
#5511 = LINE('',#5512,#5513);
#5512 = CARTESIAN_POINT('',(153.,82.,56.));
#5513 = VECTOR('',#5514,1.);
#5514 = DIRECTION('',(1.,0.,0.));
#5515 = CARTESIAN_POINT('',(153.,82.,56.));
#5516 = CARTESIAN_POINT('',(211.,82.,56.));
#5517 = GEOMETRIC_CURVE_SET('',(#5518));
#5518 = TRIMMED_CURVE('',#5519,(#5523,PARAMETER_VALUE(0.)),(#5524,
    PARAMETER_VALUE(58.)),.T.,.PARAMETER.);
#5519 = LINE('',#5520,#5521);
#5520 = CARTESIAN_POINT('',(153.,82.,86.));
#5521 = VECTOR('',#5522,1.);
#5522 = DIRECTION('',(1.,0.,0.));
#5523 = CARTESIAN_POINT('',(153.,82.,86.));
#5524 = CARTESIAN_POINT('',(211.,82.,86.));
#5525 = GEOMETRIC_CURVE_SET('',(#5526));
#5526 = TRIMMED_CURVE('',#5527,(#5531,PARAMETER_VALUE(0.)),(#5532,
    PARAMETER_VALUE(29.)),.T.,.PARAMETER.);
#5527 = LINE('',#5528,#5529);
#5528 = CARTESIAN_POINT('',(180.,156.,42.));
#5529 = VECTOR('',#5530,1.);
#5530 = DIRECTION('',(0.,0.,1.));
#5531 = CARTESIAN_POINT('',(180.,156.,42.));
#5532 = CARTESIAN_POINT('',(180.,156.,71.));
#5533 = GEOMETRIC_CURVE_SET('',(#5534));
#5534 = TRIMMED_CURVE('',#5535,(#5539,PARAMETER_VALUE(0.)),(#5540,
    PARAMETER_VALUE(29.)),.T.,.PARAMETER.);
#5535 = LINE('',#5536,#5537);
#5536 = CARTESIAN_POINT('',(180.,156.,71.));
#5537 = VECTOR('',#5538,1.);
#5538 = DIRECTION('',(0.,1.,0.));
#5539 = CARTESIAN_POINT('',(180.,156.,71.));
#5540 = CARTESIAN_POINT('',(180.,185.,71.));
#5541 = GEOMETRIC_CURVE_SET('',(#5542));
#5542 = TRIMMED_CURVE('',#5543,(#5547,PARAMETER_VALUE(0.)),(#5548,
    PARAMETER_VALUE(29.)),.T.,.PARAMETER.);
#5543 = LINE('',#5544,#5545);
#5544 = CARTESIAN_POINT('',(180.,185.,42.));
#5545 = VECTOR('',#5546,1.);
#5546 = DIRECTION('',(0.,0.,1.));
#5547 = CARTESIAN_POINT('',(180.,185.,42.));
#5548 = CARTESIAN_POINT('',(180.,185.,71.));
#5549 = GEOMETRIC_CURVE_SET('',(#5550));
#5550 = TRIMMED_CURVE('',#5551,(#5555,PARAMETER_VALUE(0.)),(#5556,
    PARAMETER_VALUE(29.)),.T.,.PARAMETER.);
#5551 = LINE('',#5552,#5553);
#5552 = CARTESIAN_POINT('',(180.,156.,42.));
#5553 = VECTOR('',#5554,1.);
#5554 = DIRECTION('',(0.,1.,0.));
#5555 = CARTESIAN_POINT('',(180.,156.,42.));
#5556 = CARTESIAN_POINT('',(180.,185.,42.));
#5557 = GEOMETRIC_CURVE_SET('',(#5558));
#5558 = TRIMMED_CURVE('',#5559,(#5563,PARAMETER_VALUE(0.)),(#5564,
    PARAMETER_VALUE(29.)),.T.,.PARAMETER.);
#5559 = LINE('',#5560,#5561);
#5560 = CARTESIAN_POINT('',(246.,156.,42.));
#5561 = VECTOR('',#5562,1.);
#5562 = DIRECTION('',(0.,0.,1.));
#5563 = CARTESIAN_POINT('',(246.,156.,42.));
#5564 = CARTESIAN_POINT('',(246.,156.,71.));
#5565 = GEOMETRIC_CURVE_SET('',(#5566));
#5566 = TRIMMED_CURVE('',#5567,(#5571,PARAMETER_VALUE(0.)),(#5572,
    PARAMETER_VALUE(29.)),.T.,.PARAMETER.);
#5567 = LINE('',#5568,#5569);
#5568 = CARTESIAN_POINT('',(246.,156.,71.));
#5569 = VECTOR('',#5570,1.);
#5570 = DIRECTION('',(0.,1.,0.));
#5571 = CARTESIAN_POINT('',(246.,156.,71.));
#5572 = CARTESIAN_POINT('',(246.,185.,71.));
#5573 = GEOMETRIC_CURVE_SET('',(#5574));
#5574 = TRIMMED_CURVE('',#5575,(#5579,PARAMETER_VALUE(0.)),(#5580,
    PARAMETER_VALUE(29.)),.T.,.PARAMETER.);
#5575 = LINE('',#5576,#5577);
#5576 = CARTESIAN_POINT('',(246.,185.,42.));
#5577 = VECTOR('',#5578,1.);
#5578 = DIRECTION('',(0.,0.,1.));
#5579 = CARTESIAN_POINT('',(246.,185.,42.));
#5580 = CARTESIAN_POINT('',(246.,185.,71.));
#5581 = GEOMETRIC_CURVE_SET('',(#5582));
#5582 = TRIMMED_CURVE('',#5583,(#5587,PARAMETER_VALUE(0.)),(#5588,
    PARAMETER_VALUE(29.)),.T.,.PARAMETER.);
#5583 = LINE('',#5584,#5585);
#5584 = CARTESIAN_POINT('',(246.,156.,42.));
#5585 = VECTOR('',#5586,1.);
#5586 = DIRECTION('',(0.,1.,0.));
#5587 = CARTESIAN_POINT('',(246.,156.,42.));
#5588 = CARTESIAN_POINT('',(246.,185.,42.));
#5589 = GEOMETRIC_CURVE_SET('',(#5590));
#5590 = TRIMMED_CURVE('',#5591,(#5595,PARAMETER_VALUE(0.)),(#5596,
    PARAMETER_VALUE(66.)),.T.,.PARAMETER.);
#5591 = LINE('',#5592,#5593);
#5592 = CARTESIAN_POINT('',(180.,156.,42.));
#5593 = VECTOR('',#5594,1.);
#5594 = DIRECTION('',(1.,0.,0.));
#5595 = CARTESIAN_POINT('',(180.,156.,42.));
#5596 = CARTESIAN_POINT('',(246.,156.,42.));
#5597 = GEOMETRIC_CURVE_SET('',(#5598));
#5598 = TRIMMED_CURVE('',#5599,(#5603,PARAMETER_VALUE(0.)),(#5604,
    PARAMETER_VALUE(66.)),.T.,.PARAMETER.);
#5599 = LINE('',#5600,#5601);
#5600 = CARTESIAN_POINT('',(180.,156.,71.));
#5601 = VECTOR('',#5602,1.);
#5602 = DIRECTION('',(1.,0.,0.));
#5603 = CARTESIAN_POINT('',(180.,156.,71.));
#5604 = CARTESIAN_POINT('',(246.,156.,71.));
#5605 = GEOMETRIC_CURVE_SET('',(#5606));
#5606 = TRIMMED_CURVE('',#5607,(#5611,PARAMETER_VALUE(0.)),(#5612,
    PARAMETER_VALUE(66.)),.T.,.PARAMETER.);
#5607 = LINE('',#5608,#5609);
#5608 = CARTESIAN_POINT('',(180.,185.,42.));
#5609 = VECTOR('',#5610,1.);
#5610 = DIRECTION('',(1.,0.,0.));
#5611 = CARTESIAN_POINT('',(180.,185.,42.));
#5612 = CARTESIAN_POINT('',(246.,185.,42.));
#5613 = GEOMETRIC_CURVE_SET('',(#5614));
#5614 = TRIMMED_CURVE('',#5615,(#5619,PARAMETER_VALUE(0.)),(#5620,
    PARAMETER_VALUE(66.)),.T.,.PARAMETER.);
#5615 = LINE('',#5616,#5617);
#5616 = CARTESIAN_POINT('',(180.,185.,71.));
#5617 = VECTOR('',#5618,1.);
#5618 = DIRECTION('',(1.,0.,0.));
#5619 = CARTESIAN_POINT('',(180.,185.,71.));
#5620 = CARTESIAN_POINT('',(246.,185.,71.));
#5621 = GEOMETRIC_CURVE_SET('',(#5622));
#5622 = TRIMMED_CURVE('',#5623,(#5627,PARAMETER_VALUE(0.)),(#5628,
    PARAMETER_VALUE(80.)),.T.,.PARAMETER.);
#5623 = LINE('',#5624,#5625);
#5624 = CARTESIAN_POINT('',(29.,157.,41.));
#5625 = VECTOR('',#5626,1.);
#5626 = DIRECTION('',(0.,0.,1.));
#5627 = CARTESIAN_POINT('',(29.,157.,41.));
#5628 = CARTESIAN_POINT('',(29.,157.,121.));
#5629 = GEOMETRIC_CURVE_SET('',(#5630));
#5630 = TRIMMED_CURVE('',#5631,(#5635,PARAMETER_VALUE(0.)),(#5636,
    PARAMETER_VALUE(105.)),.T.,.PARAMETER.);
#5631 = LINE('',#5632,#5633);
#5632 = CARTESIAN_POINT('',(29.,157.,121.));
#5633 = VECTOR('',#5634,1.);
#5634 = DIRECTION('',(0.,1.,0.));
#5635 = CARTESIAN_POINT('',(29.,157.,121.));
#5636 = CARTESIAN_POINT('',(29.,262.,121.));
#5637 = GEOMETRIC_CURVE_SET('',(#5638));
#5638 = TRIMMED_CURVE('',#5639,(#5643,PARAMETER_VALUE(0.)),(#5644,
    PARAMETER_VALUE(80.)),.T.,.PARAMETER.);
#5639 = LINE('',#5640,#5641);
#5640 = CARTESIAN_POINT('',(29.,262.,41.));
#5641 = VECTOR('',#5642,1.);
#5642 = DIRECTION('',(0.,0.,1.));
#5643 = CARTESIAN_POINT('',(29.,262.,41.));
#5644 = CARTESIAN_POINT('',(29.,262.,121.));
#5645 = GEOMETRIC_CURVE_SET('',(#5646));
#5646 = TRIMMED_CURVE('',#5647,(#5651,PARAMETER_VALUE(0.)),(#5652,
    PARAMETER_VALUE(105.)),.T.,.PARAMETER.);
#5647 = LINE('',#5648,#5649);
#5648 = CARTESIAN_POINT('',(29.,157.,41.));
#5649 = VECTOR('',#5650,1.);
#5650 = DIRECTION('',(0.,1.,0.));
#5651 = CARTESIAN_POINT('',(29.,157.,41.));
#5652 = CARTESIAN_POINT('',(29.,262.,41.));
#5653 = GEOMETRIC_CURVE_SET('',(#5654));
#5654 = TRIMMED_CURVE('',#5655,(#5659,PARAMETER_VALUE(0.)),(#5660,
    PARAMETER_VALUE(80.)),.T.,.PARAMETER.);
#5655 = LINE('',#5656,#5657);
#5656 = CARTESIAN_POINT('',(92.,157.,41.));
#5657 = VECTOR('',#5658,1.);
#5658 = DIRECTION('',(0.,0.,1.));
#5659 = CARTESIAN_POINT('',(92.,157.,41.));
#5660 = CARTESIAN_POINT('',(92.,157.,121.));
#5661 = GEOMETRIC_CURVE_SET('',(#5662));
#5662 = TRIMMED_CURVE('',#5663,(#5667,PARAMETER_VALUE(0.)),(#5668,
    PARAMETER_VALUE(105.)),.T.,.PARAMETER.);
#5663 = LINE('',#5664,#5665);
#5664 = CARTESIAN_POINT('',(92.,157.,121.));
#5665 = VECTOR('',#5666,1.);
#5666 = DIRECTION('',(0.,1.,0.));
#5667 = CARTESIAN_POINT('',(92.,157.,121.));
#5668 = CARTESIAN_POINT('',(92.,262.,121.));
#5669 = GEOMETRIC_CURVE_SET('',(#5670));
#5670 = TRIMMED_CURVE('',#5671,(#5675,PARAMETER_VALUE(0.)),(#5676,
    PARAMETER_VALUE(80.)),.T.,.PARAMETER.);
#5671 = LINE('',#5672,#5673);
#5672 = CARTESIAN_POINT('',(92.,262.,41.));
#5673 = VECTOR('',#5674,1.);
#5674 = DIRECTION('',(0.,0.,1.));
#5675 = CARTESIAN_POINT('',(92.,262.,41.));
#5676 = CARTESIAN_POINT('',(92.,262.,121.));
#5677 = GEOMETRIC_CURVE_SET('',(#5678));
#5678 = TRIMMED_CURVE('',#5679,(#5683,PARAMETER_VALUE(0.)),(#5684,
    PARAMETER_VALUE(105.)),.T.,.PARAMETER.);
#5679 = LINE('',#5680,#5681);
#5680 = CARTESIAN_POINT('',(92.,157.,41.));
#5681 = VECTOR('',#5682,1.);
#5682 = DIRECTION('',(0.,1.,0.));
#5683 = CARTESIAN_POINT('',(92.,157.,41.));
#5684 = CARTESIAN_POINT('',(92.,262.,41.));
#5685 = GEOMETRIC_CURVE_SET('',(#5686));
#5686 = TRIMMED_CURVE('',#5687,(#5691,PARAMETER_VALUE(0.)),(#5692,
    PARAMETER_VALUE(63.)),.T.,.PARAMETER.);
#5687 = LINE('',#5688,#5689);
#5688 = CARTESIAN_POINT('',(29.,157.,41.));
#5689 = VECTOR('',#5690,1.);
#5690 = DIRECTION('',(1.,0.,0.));
#5691 = CARTESIAN_POINT('',(29.,157.,41.));
#5692 = CARTESIAN_POINT('',(92.,157.,41.));
#5693 = GEOMETRIC_CURVE_SET('',(#5694));
#5694 = TRIMMED_CURVE('',#5695,(#5699,PARAMETER_VALUE(0.)),(#5700,
    PARAMETER_VALUE(63.)),.T.,.PARAMETER.);
#5695 = LINE('',#5696,#5697);
#5696 = CARTESIAN_POINT('',(29.,157.,121.));
#5697 = VECTOR('',#5698,1.);
#5698 = DIRECTION('',(1.,0.,0.));
#5699 = CARTESIAN_POINT('',(29.,157.,121.));
#5700 = CARTESIAN_POINT('',(92.,157.,121.));
#5701 = GEOMETRIC_CURVE_SET('',(#5702));
#5702 = TRIMMED_CURVE('',#5703,(#5707,PARAMETER_VALUE(0.)),(#5708,
    PARAMETER_VALUE(63.)),.T.,.PARAMETER.);
#5703 = LINE('',#5704,#5705);
#5704 = CARTESIAN_POINT('',(29.,262.,41.));
#5705 = VECTOR('',#5706,1.);
#5706 = DIRECTION('',(1.,0.,0.));
#5707 = CARTESIAN_POINT('',(29.,262.,41.));
#5708 = CARTESIAN_POINT('',(92.,262.,41.));
#5709 = GEOMETRIC_CURVE_SET('',(#5710));
#5710 = TRIMMED_CURVE('',#5711,(#5715,PARAMETER_VALUE(0.)),(#5716,
    PARAMETER_VALUE(63.)),.T.,.PARAMETER.);
#5711 = LINE('',#5712,#5713);
#5712 = CARTESIAN_POINT('',(29.,262.,121.));
#5713 = VECTOR('',#5714,1.);
#5714 = DIRECTION('',(1.,0.,0.));
#5715 = CARTESIAN_POINT('',(29.,262.,121.));
#5716 = CARTESIAN_POINT('',(92.,262.,121.));
#5717 = GEOMETRIC_CURVE_SET('',(#5718));
#5718 = TRIMMED_CURVE('',#5719,(#5723,PARAMETER_VALUE(0.)),(#5724,
    PARAMETER_VALUE(47.)),.T.,.PARAMETER.);
#5719 = LINE('',#5720,#5721);
#5720 = CARTESIAN_POINT('',(102.,194.,74.));
#5721 = VECTOR('',#5722,1.);
#5722 = DIRECTION('',(0.,0.,1.));
#5723 = CARTESIAN_POINT('',(102.,194.,74.));
#5724 = CARTESIAN_POINT('',(102.,194.,121.));
#5725 = GEOMETRIC_CURVE_SET('',(#5726));
#5726 = TRIMMED_CURVE('',#5727,(#5731,PARAMETER_VALUE(0.)),(#5732,
    PARAMETER_VALUE(56.)),.T.,.PARAMETER.);
#5727 = LINE('',#5728,#5729);
#5728 = CARTESIAN_POINT('',(102.,194.,121.));
#5729 = VECTOR('',#5730,1.);
#5730 = DIRECTION('',(0.,1.,0.));
#5731 = CARTESIAN_POINT('',(102.,194.,121.));
#5732 = CARTESIAN_POINT('',(102.,250.,121.));
#5733 = GEOMETRIC_CURVE_SET('',(#5734));
#5734 = TRIMMED_CURVE('',#5735,(#5739,PARAMETER_VALUE(0.)),(#5740,
    PARAMETER_VALUE(47.)),.T.,.PARAMETER.);
#5735 = LINE('',#5736,#5737);
#5736 = CARTESIAN_POINT('',(102.,250.,74.));
#5737 = VECTOR('',#5738,1.);
#5738 = DIRECTION('',(0.,0.,1.));
#5739 = CARTESIAN_POINT('',(102.,250.,74.));
#5740 = CARTESIAN_POINT('',(102.,250.,121.));
#5741 = GEOMETRIC_CURVE_SET('',(#5742));
#5742 = TRIMMED_CURVE('',#5743,(#5747,PARAMETER_VALUE(0.)),(#5748,
    PARAMETER_VALUE(56.)),.T.,.PARAMETER.);
#5743 = LINE('',#5744,#5745);
#5744 = CARTESIAN_POINT('',(102.,194.,74.));
#5745 = VECTOR('',#5746,1.);
#5746 = DIRECTION('',(0.,1.,0.));
#5747 = CARTESIAN_POINT('',(102.,194.,74.));
#5748 = CARTESIAN_POINT('',(102.,250.,74.));
#5749 = GEOMETRIC_CURVE_SET('',(#5750));
#5750 = TRIMMED_CURVE('',#5751,(#5755,PARAMETER_VALUE(0.)),(#5756,
    PARAMETER_VALUE(47.)),.T.,.PARAMETER.);
#5751 = LINE('',#5752,#5753);
#5752 = CARTESIAN_POINT('',(178.,194.,74.));
#5753 = VECTOR('',#5754,1.);
#5754 = DIRECTION('',(0.,0.,1.));
#5755 = CARTESIAN_POINT('',(178.,194.,74.));
#5756 = CARTESIAN_POINT('',(178.,194.,121.));
#5757 = GEOMETRIC_CURVE_SET('',(#5758));
#5758 = TRIMMED_CURVE('',#5759,(#5763,PARAMETER_VALUE(0.)),(#5764,
    PARAMETER_VALUE(56.)),.T.,.PARAMETER.);
#5759 = LINE('',#5760,#5761);
#5760 = CARTESIAN_POINT('',(178.,194.,121.));
#5761 = VECTOR('',#5762,1.);
#5762 = DIRECTION('',(0.,1.,0.));
#5763 = CARTESIAN_POINT('',(178.,194.,121.));
#5764 = CARTESIAN_POINT('',(178.,250.,121.));
#5765 = GEOMETRIC_CURVE_SET('',(#5766));
#5766 = TRIMMED_CURVE('',#5767,(#5771,PARAMETER_VALUE(0.)),(#5772,
    PARAMETER_VALUE(47.)),.T.,.PARAMETER.);
#5767 = LINE('',#5768,#5769);
#5768 = CARTESIAN_POINT('',(178.,250.,74.));
#5769 = VECTOR('',#5770,1.);
#5770 = DIRECTION('',(0.,0.,1.));
#5771 = CARTESIAN_POINT('',(178.,250.,74.));
#5772 = CARTESIAN_POINT('',(178.,250.,121.));
#5773 = GEOMETRIC_CURVE_SET('',(#5774));
#5774 = TRIMMED_CURVE('',#5775,(#5779,PARAMETER_VALUE(0.)),(#5780,
    PARAMETER_VALUE(56.)),.T.,.PARAMETER.);
#5775 = LINE('',#5776,#5777);
#5776 = CARTESIAN_POINT('',(178.,194.,74.));
#5777 = VECTOR('',#5778,1.);
#5778 = DIRECTION('',(0.,1.,0.));
#5779 = CARTESIAN_POINT('',(178.,194.,74.));
#5780 = CARTESIAN_POINT('',(178.,250.,74.));
#5781 = GEOMETRIC_CURVE_SET('',(#5782));
#5782 = TRIMMED_CURVE('',#5783,(#5787,PARAMETER_VALUE(0.)),(#5788,
    PARAMETER_VALUE(76.)),.T.,.PARAMETER.);
#5783 = LINE('',#5784,#5785);
#5784 = CARTESIAN_POINT('',(102.,194.,74.));
#5785 = VECTOR('',#5786,1.);
#5786 = DIRECTION('',(1.,0.,0.));
#5787 = CARTESIAN_POINT('',(102.,194.,74.));
#5788 = CARTESIAN_POINT('',(178.,194.,74.));
#5789 = GEOMETRIC_CURVE_SET('',(#5790));
#5790 = TRIMMED_CURVE('',#5791,(#5795,PARAMETER_VALUE(0.)),(#5796,
    PARAMETER_VALUE(76.)),.T.,.PARAMETER.);
#5791 = LINE('',#5792,#5793);
#5792 = CARTESIAN_POINT('',(102.,194.,121.));
#5793 = VECTOR('',#5794,1.);
#5794 = DIRECTION('',(1.,0.,0.));
#5795 = CARTESIAN_POINT('',(102.,194.,121.));
#5796 = CARTESIAN_POINT('',(178.,194.,121.));
#5797 = GEOMETRIC_CURVE_SET('',(#5798));
#5798 = TRIMMED_CURVE('',#5799,(#5803,PARAMETER_VALUE(0.)),(#5804,
    PARAMETER_VALUE(76.)),.T.,.PARAMETER.);
#5799 = LINE('',#5800,#5801);
#5800 = CARTESIAN_POINT('',(102.,250.,74.));
#5801 = VECTOR('',#5802,1.);
#5802 = DIRECTION('',(1.,0.,0.));
#5803 = CARTESIAN_POINT('',(102.,250.,74.));
#5804 = CARTESIAN_POINT('',(178.,250.,74.));
#5805 = GEOMETRIC_CURVE_SET('',(#5806));
#5806 = TRIMMED_CURVE('',#5807,(#5811,PARAMETER_VALUE(0.)),(#5812,
    PARAMETER_VALUE(76.)),.T.,.PARAMETER.);
#5807 = LINE('',#5808,#5809);
#5808 = CARTESIAN_POINT('',(102.,250.,121.));
#5809 = VECTOR('',#5810,1.);
#5810 = DIRECTION('',(1.,0.,0.));
#5811 = CARTESIAN_POINT('',(102.,250.,121.));
#5812 = CARTESIAN_POINT('',(178.,250.,121.));
#5813 = GEOMETRIC_CURVE_SET('',(#5814));
#5814 = TRIMMED_CURVE('',#5815,(#5819,PARAMETER_VALUE(0.)),(#5820,
    PARAMETER_VALUE(49.)),.T.,.PARAMETER.);
#5815 = LINE('',#5816,#5817);
#5816 = CARTESIAN_POINT('',(191.,194.,66.));
#5817 = VECTOR('',#5818,1.);
#5818 = DIRECTION('',(0.,0.,1.));
#5819 = CARTESIAN_POINT('',(191.,194.,66.));
#5820 = CARTESIAN_POINT('',(191.,194.,115.));
#5821 = GEOMETRIC_CURVE_SET('',(#5822));
#5822 = TRIMMED_CURVE('',#5823,(#5827,PARAMETER_VALUE(0.)),(#5828,
    PARAMETER_VALUE(46.)),.T.,.PARAMETER.);
#5823 = LINE('',#5824,#5825);
#5824 = CARTESIAN_POINT('',(191.,194.,115.));
#5825 = VECTOR('',#5826,1.);
#5826 = DIRECTION('',(0.,1.,0.));
#5827 = CARTESIAN_POINT('',(191.,194.,115.));
#5828 = CARTESIAN_POINT('',(191.,240.,115.));
#5829 = GEOMETRIC_CURVE_SET('',(#5830));
#5830 = TRIMMED_CURVE('',#5831,(#5835,PARAMETER_VALUE(0.)),(#5836,
    PARAMETER_VALUE(49.)),.T.,.PARAMETER.);
#5831 = LINE('',#5832,#5833);
#5832 = CARTESIAN_POINT('',(191.,240.,66.));
#5833 = VECTOR('',#5834,1.);
#5834 = DIRECTION('',(0.,0.,1.));
#5835 = CARTESIAN_POINT('',(191.,240.,66.));
#5836 = CARTESIAN_POINT('',(191.,240.,115.));
#5837 = GEOMETRIC_CURVE_SET('',(#5838));
#5838 = TRIMMED_CURVE('',#5839,(#5843,PARAMETER_VALUE(0.)),(#5844,
    PARAMETER_VALUE(46.)),.T.,.PARAMETER.);
#5839 = LINE('',#5840,#5841);
#5840 = CARTESIAN_POINT('',(191.,194.,66.));
#5841 = VECTOR('',#5842,1.);
#5842 = DIRECTION('',(0.,1.,0.));
#5843 = CARTESIAN_POINT('',(191.,194.,66.));
#5844 = CARTESIAN_POINT('',(191.,240.,66.));
#5845 = GEOMETRIC_CURVE_SET('',(#5846));
#5846 = TRIMMED_CURVE('',#5847,(#5851,PARAMETER_VALUE(0.)),(#5852,
    PARAMETER_VALUE(49.)),.T.,.PARAMETER.);
#5847 = LINE('',#5848,#5849);
#5848 = CARTESIAN_POINT('',(262.,194.,66.));
#5849 = VECTOR('',#5850,1.);
#5850 = DIRECTION('',(0.,0.,1.));
#5851 = CARTESIAN_POINT('',(262.,194.,66.));
#5852 = CARTESIAN_POINT('',(262.,194.,115.));
#5853 = GEOMETRIC_CURVE_SET('',(#5854));
#5854 = TRIMMED_CURVE('',#5855,(#5859,PARAMETER_VALUE(0.)),(#5860,
    PARAMETER_VALUE(46.)),.T.,.PARAMETER.);
#5855 = LINE('',#5856,#5857);
#5856 = CARTESIAN_POINT('',(262.,194.,115.));
#5857 = VECTOR('',#5858,1.);
#5858 = DIRECTION('',(0.,1.,0.));
#5859 = CARTESIAN_POINT('',(262.,194.,115.));
#5860 = CARTESIAN_POINT('',(262.,240.,115.));
#5861 = GEOMETRIC_CURVE_SET('',(#5862));
#5862 = TRIMMED_CURVE('',#5863,(#5867,PARAMETER_VALUE(0.)),(#5868,
    PARAMETER_VALUE(49.)),.T.,.PARAMETER.);
#5863 = LINE('',#5864,#5865);
#5864 = CARTESIAN_POINT('',(262.,240.,66.));
#5865 = VECTOR('',#5866,1.);
#5866 = DIRECTION('',(0.,0.,1.));
#5867 = CARTESIAN_POINT('',(262.,240.,66.));
#5868 = CARTESIAN_POINT('',(262.,240.,115.));
#5869 = GEOMETRIC_CURVE_SET('',(#5870));
#5870 = TRIMMED_CURVE('',#5871,(#5875,PARAMETER_VALUE(0.)),(#5876,
    PARAMETER_VALUE(46.)),.T.,.PARAMETER.);
#5871 = LINE('',#5872,#5873);
#5872 = CARTESIAN_POINT('',(262.,194.,66.));
#5873 = VECTOR('',#5874,1.);
#5874 = DIRECTION('',(0.,1.,0.));
#5875 = CARTESIAN_POINT('',(262.,194.,66.));
#5876 = CARTESIAN_POINT('',(262.,240.,66.));
#5877 = GEOMETRIC_CURVE_SET('',(#5878));
#5878 = TRIMMED_CURVE('',#5879,(#5883,PARAMETER_VALUE(0.)),(#5884,
    PARAMETER_VALUE(71.)),.T.,.PARAMETER.);
#5879 = LINE('',#5880,#5881);
#5880 = CARTESIAN_POINT('',(191.,194.,66.));
#5881 = VECTOR('',#5882,1.);
#5882 = DIRECTION('',(1.,0.,0.));
#5883 = CARTESIAN_POINT('',(191.,194.,66.));
#5884 = CARTESIAN_POINT('',(262.,194.,66.));
#5885 = GEOMETRIC_CURVE_SET('',(#5886));
#5886 = TRIMMED_CURVE('',#5887,(#5891,PARAMETER_VALUE(0.)),(#5892,
    PARAMETER_VALUE(71.)),.T.,.PARAMETER.);
#5887 = LINE('',#5888,#5889);
#5888 = CARTESIAN_POINT('',(191.,194.,115.));
#5889 = VECTOR('',#5890,1.);
#5890 = DIRECTION('',(1.,0.,0.));
#5891 = CARTESIAN_POINT('',(191.,194.,115.));
#5892 = CARTESIAN_POINT('',(262.,194.,115.));
#5893 = GEOMETRIC_CURVE_SET('',(#5894));
#5894 = TRIMMED_CURVE('',#5895,(#5899,PARAMETER_VALUE(0.)),(#5900,
    PARAMETER_VALUE(71.)),.T.,.PARAMETER.);
#5895 = LINE('',#5896,#5897);
#5896 = CARTESIAN_POINT('',(191.,240.,66.));
#5897 = VECTOR('',#5898,1.);
#5898 = DIRECTION('',(1.,0.,0.));
#5899 = CARTESIAN_POINT('',(191.,240.,66.));
#5900 = CARTESIAN_POINT('',(262.,240.,66.));
#5901 = GEOMETRIC_CURVE_SET('',(#5902));
#5902 = TRIMMED_CURVE('',#5903,(#5907,PARAMETER_VALUE(0.)),(#5908,
    PARAMETER_VALUE(71.)),.T.,.PARAMETER.);
#5903 = LINE('',#5904,#5905);
#5904 = CARTESIAN_POINT('',(191.,240.,115.));
#5905 = VECTOR('',#5906,1.);
#5906 = DIRECTION('',(1.,0.,0.));
#5907 = CARTESIAN_POINT('',(191.,240.,115.));
#5908 = CARTESIAN_POINT('',(262.,240.,115.));
#5909 = GEOMETRIC_CURVE_SET('',(#5910));
#5910 = TRIMMED_CURVE('',#5911,(#5915,PARAMETER_VALUE(0.)),(#5916,
    PARAMETER_VALUE(24.)),.T.,.PARAMETER.);
#5911 = LINE('',#5912,#5913);
#5912 = CARTESIAN_POINT('',(2.,2.,12.));
#5913 = VECTOR('',#5914,1.);
#5914 = DIRECTION('',(0.,0.,1.));
#5915 = CARTESIAN_POINT('',(2.,2.,12.));
#5916 = CARTESIAN_POINT('',(2.,2.,36.));
#5917 = GEOMETRIC_CURVE_SET('',(#5918));
#5918 = TRIMMED_CURVE('',#5919,(#5923,PARAMETER_VALUE(0.)),(#5924,
    PARAMETER_VALUE(24.)),.T.,.PARAMETER.);
#5919 = LINE('',#5920,#5921);
#5920 = CARTESIAN_POINT('',(2.,2.,36.));
#5921 = VECTOR('',#5922,1.);
#5922 = DIRECTION('',(0.,1.,0.));
#5923 = CARTESIAN_POINT('',(2.,2.,36.));
#5924 = CARTESIAN_POINT('',(2.,26.,36.));
#5925 = GEOMETRIC_CURVE_SET('',(#5926));
#5926 = TRIMMED_CURVE('',#5927,(#5931,PARAMETER_VALUE(0.)),(#5932,
    PARAMETER_VALUE(24.)),.T.,.PARAMETER.);
#5927 = LINE('',#5928,#5929);
#5928 = CARTESIAN_POINT('',(2.,26.,12.));
#5929 = VECTOR('',#5930,1.);
#5930 = DIRECTION('',(0.,0.,1.));
#5931 = CARTESIAN_POINT('',(2.,26.,12.));
#5932 = CARTESIAN_POINT('',(2.,26.,36.));
#5933 = GEOMETRIC_CURVE_SET('',(#5934));
#5934 = TRIMMED_CURVE('',#5935,(#5939,PARAMETER_VALUE(0.)),(#5940,
    PARAMETER_VALUE(24.)),.T.,.PARAMETER.);
#5935 = LINE('',#5936,#5937);
#5936 = CARTESIAN_POINT('',(2.,2.,12.));
#5937 = VECTOR('',#5938,1.);
#5938 = DIRECTION('',(0.,1.,0.));
#5939 = CARTESIAN_POINT('',(2.,2.,12.));
#5940 = CARTESIAN_POINT('',(2.,26.,12.));
#5941 = GEOMETRIC_CURVE_SET('',(#5942));
#5942 = TRIMMED_CURVE('',#5943,(#5947,PARAMETER_VALUE(0.)),(#5948,
    PARAMETER_VALUE(24.)),.T.,.PARAMETER.);
#5943 = LINE('',#5944,#5945);
#5944 = CARTESIAN_POINT('',(18.,2.,12.));
#5945 = VECTOR('',#5946,1.);
#5946 = DIRECTION('',(0.,0.,1.));
#5947 = CARTESIAN_POINT('',(18.,2.,12.));
#5948 = CARTESIAN_POINT('',(18.,2.,36.));
#5949 = GEOMETRIC_CURVE_SET('',(#5950));
#5950 = TRIMMED_CURVE('',#5951,(#5955,PARAMETER_VALUE(0.)),(#5956,
    PARAMETER_VALUE(24.)),.T.,.PARAMETER.);
#5951 = LINE('',#5952,#5953);
#5952 = CARTESIAN_POINT('',(18.,2.,36.));
#5953 = VECTOR('',#5954,1.);
#5954 = DIRECTION('',(0.,1.,0.));
#5955 = CARTESIAN_POINT('',(18.,2.,36.));
#5956 = CARTESIAN_POINT('',(18.,26.,36.));
#5957 = GEOMETRIC_CURVE_SET('',(#5958));
#5958 = TRIMMED_CURVE('',#5959,(#5963,PARAMETER_VALUE(0.)),(#5964,
    PARAMETER_VALUE(24.)),.T.,.PARAMETER.);
#5959 = LINE('',#5960,#5961);
#5960 = CARTESIAN_POINT('',(18.,26.,12.));
#5961 = VECTOR('',#5962,1.);
#5962 = DIRECTION('',(0.,0.,1.));
#5963 = CARTESIAN_POINT('',(18.,26.,12.));
#5964 = CARTESIAN_POINT('',(18.,26.,36.));
#5965 = GEOMETRIC_CURVE_SET('',(#5966));
#5966 = TRIMMED_CURVE('',#5967,(#5971,PARAMETER_VALUE(0.)),(#5972,
    PARAMETER_VALUE(24.)),.T.,.PARAMETER.);
#5967 = LINE('',#5968,#5969);
#5968 = CARTESIAN_POINT('',(18.,2.,12.));
#5969 = VECTOR('',#5970,1.);
#5970 = DIRECTION('',(0.,1.,0.));
#5971 = CARTESIAN_POINT('',(18.,2.,12.));
#5972 = CARTESIAN_POINT('',(18.,26.,12.));
#5973 = GEOMETRIC_CURVE_SET('',(#5974));
#5974 = TRIMMED_CURVE('',#5975,(#5979,PARAMETER_VALUE(0.)),(#5980,
    PARAMETER_VALUE(16.)),.T.,.PARAMETER.);
#5975 = LINE('',#5976,#5977);
#5976 = CARTESIAN_POINT('',(2.,2.,12.));
#5977 = VECTOR('',#5978,1.);
#5978 = DIRECTION('',(1.,0.,0.));
#5979 = CARTESIAN_POINT('',(2.,2.,12.));
#5980 = CARTESIAN_POINT('',(18.,2.,12.));
#5981 = GEOMETRIC_CURVE_SET('',(#5982));
#5982 = TRIMMED_CURVE('',#5983,(#5987,PARAMETER_VALUE(0.)),(#5988,
    PARAMETER_VALUE(16.)),.T.,.PARAMETER.);
#5983 = LINE('',#5984,#5985);
#5984 = CARTESIAN_POINT('',(2.,2.,36.));
#5985 = VECTOR('',#5986,1.);
#5986 = DIRECTION('',(1.,0.,0.));
#5987 = CARTESIAN_POINT('',(2.,2.,36.));
#5988 = CARTESIAN_POINT('',(18.,2.,36.));
#5989 = GEOMETRIC_CURVE_SET('',(#5990));
#5990 = TRIMMED_CURVE('',#5991,(#5995,PARAMETER_VALUE(0.)),(#5996,
    PARAMETER_VALUE(16.)),.T.,.PARAMETER.);
#5991 = LINE('',#5992,#5993);
#5992 = CARTESIAN_POINT('',(2.,26.,12.));
#5993 = VECTOR('',#5994,1.);
#5994 = DIRECTION('',(1.,0.,0.));
#5995 = CARTESIAN_POINT('',(2.,26.,12.));
#5996 = CARTESIAN_POINT('',(18.,26.,12.));
#5997 = GEOMETRIC_CURVE_SET('',(#5998));
#5998 = TRIMMED_CURVE('',#5999,(#6003,PARAMETER_VALUE(0.)),(#6004,
    PARAMETER_VALUE(16.)),.T.,.PARAMETER.);
#5999 = LINE('',#6000,#6001);
#6000 = CARTESIAN_POINT('',(2.,26.,36.));
#6001 = VECTOR('',#6002,1.);
#6002 = DIRECTION('',(1.,0.,0.));
#6003 = CARTESIAN_POINT('',(2.,26.,36.));
#6004 = CARTESIAN_POINT('',(18.,26.,36.));
#6005 = GEOMETRIC_CURVE_SET('',(#6006));
#6006 = TRIMMED_CURVE('',#6007,(#6011,PARAMETER_VALUE(0.)),(#6012,
    PARAMETER_VALUE(24.)),.T.,.PARAMETER.);
#6007 = LINE('',#6008,#6009);
#6008 = CARTESIAN_POINT('',(257.,2.,12.));
#6009 = VECTOR('',#6010,1.);
#6010 = DIRECTION('',(0.,0.,1.));
#6011 = CARTESIAN_POINT('',(257.,2.,12.));
#6012 = CARTESIAN_POINT('',(257.,2.,36.));
#6013 = GEOMETRIC_CURVE_SET('',(#6014));
#6014 = TRIMMED_CURVE('',#6015,(#6019,PARAMETER_VALUE(0.)),(#6020,
    PARAMETER_VALUE(24.)),.T.,.PARAMETER.);
#6015 = LINE('',#6016,#6017);
#6016 = CARTESIAN_POINT('',(257.,2.,36.));
#6017 = VECTOR('',#6018,1.);
#6018 = DIRECTION('',(0.,1.,0.));
#6019 = CARTESIAN_POINT('',(257.,2.,36.));
#6020 = CARTESIAN_POINT('',(257.,26.,36.));
#6021 = GEOMETRIC_CURVE_SET('',(#6022));
#6022 = TRIMMED_CURVE('',#6023,(#6027,PARAMETER_VALUE(0.)),(#6028,
    PARAMETER_VALUE(24.)),.T.,.PARAMETER.);
#6023 = LINE('',#6024,#6025);
#6024 = CARTESIAN_POINT('',(257.,26.,12.));
#6025 = VECTOR('',#6026,1.);
#6026 = DIRECTION('',(0.,0.,1.));
#6027 = CARTESIAN_POINT('',(257.,26.,12.));
#6028 = CARTESIAN_POINT('',(257.,26.,36.));
#6029 = GEOMETRIC_CURVE_SET('',(#6030));
#6030 = TRIMMED_CURVE('',#6031,(#6035,PARAMETER_VALUE(0.)),(#6036,
    PARAMETER_VALUE(24.)),.T.,.PARAMETER.);
#6031 = LINE('',#6032,#6033);
#6032 = CARTESIAN_POINT('',(257.,2.,12.));
#6033 = VECTOR('',#6034,1.);
#6034 = DIRECTION('',(0.,1.,0.));
#6035 = CARTESIAN_POINT('',(257.,2.,12.));
#6036 = CARTESIAN_POINT('',(257.,26.,12.));
#6037 = GEOMETRIC_CURVE_SET('',(#6038));
#6038 = TRIMMED_CURVE('',#6039,(#6043,PARAMETER_VALUE(0.)),(#6044,
    PARAMETER_VALUE(24.)),.T.,.PARAMETER.);
#6039 = LINE('',#6040,#6041);
#6040 = CARTESIAN_POINT('',(273.,2.,12.));
#6041 = VECTOR('',#6042,1.);
#6042 = DIRECTION('',(0.,0.,1.));
#6043 = CARTESIAN_POINT('',(273.,2.,12.));
#6044 = CARTESIAN_POINT('',(273.,2.,36.));
#6045 = GEOMETRIC_CURVE_SET('',(#6046));
#6046 = TRIMMED_CURVE('',#6047,(#6051,PARAMETER_VALUE(0.)),(#6052,
    PARAMETER_VALUE(24.)),.T.,.PARAMETER.);
#6047 = LINE('',#6048,#6049);
#6048 = CARTESIAN_POINT('',(273.,2.,36.));
#6049 = VECTOR('',#6050,1.);
#6050 = DIRECTION('',(0.,1.,0.));
#6051 = CARTESIAN_POINT('',(273.,2.,36.));
#6052 = CARTESIAN_POINT('',(273.,26.,36.));
#6053 = GEOMETRIC_CURVE_SET('',(#6054));
#6054 = TRIMMED_CURVE('',#6055,(#6059,PARAMETER_VALUE(0.)),(#6060,
    PARAMETER_VALUE(24.)),.T.,.PARAMETER.);
#6055 = LINE('',#6056,#6057);
#6056 = CARTESIAN_POINT('',(273.,26.,12.));
#6057 = VECTOR('',#6058,1.);
#6058 = DIRECTION('',(0.,0.,1.));
#6059 = CARTESIAN_POINT('',(273.,26.,12.));
#6060 = CARTESIAN_POINT('',(273.,26.,36.));
#6061 = GEOMETRIC_CURVE_SET('',(#6062));
#6062 = TRIMMED_CURVE('',#6063,(#6067,PARAMETER_VALUE(0.)),(#6068,
    PARAMETER_VALUE(24.)),.T.,.PARAMETER.);
#6063 = LINE('',#6064,#6065);
#6064 = CARTESIAN_POINT('',(273.,2.,12.));
#6065 = VECTOR('',#6066,1.);
#6066 = DIRECTION('',(0.,1.,0.));
#6067 = CARTESIAN_POINT('',(273.,2.,12.));
#6068 = CARTESIAN_POINT('',(273.,26.,12.));
#6069 = GEOMETRIC_CURVE_SET('',(#6070));
#6070 = TRIMMED_CURVE('',#6071,(#6075,PARAMETER_VALUE(0.)),(#6076,
    PARAMETER_VALUE(16.)),.T.,.PARAMETER.);
#6071 = LINE('',#6072,#6073);
#6072 = CARTESIAN_POINT('',(257.,2.,12.));
#6073 = VECTOR('',#6074,1.);
#6074 = DIRECTION('',(1.,0.,0.));
#6075 = CARTESIAN_POINT('',(257.,2.,12.));
#6076 = CARTESIAN_POINT('',(273.,2.,12.));
#6077 = GEOMETRIC_CURVE_SET('',(#6078));
#6078 = TRIMMED_CURVE('',#6079,(#6083,PARAMETER_VALUE(0.)),(#6084,
    PARAMETER_VALUE(16.)),.T.,.PARAMETER.);
#6079 = LINE('',#6080,#6081);
#6080 = CARTESIAN_POINT('',(257.,2.,36.));
#6081 = VECTOR('',#6082,1.);
#6082 = DIRECTION('',(1.,0.,0.));
#6083 = CARTESIAN_POINT('',(257.,2.,36.));
#6084 = CARTESIAN_POINT('',(273.,2.,36.));
#6085 = GEOMETRIC_CURVE_SET('',(#6086));
#6086 = TRIMMED_CURVE('',#6087,(#6091,PARAMETER_VALUE(0.)),(#6092,
    PARAMETER_VALUE(16.)),.T.,.PARAMETER.);
#6087 = LINE('',#6088,#6089);
#6088 = CARTESIAN_POINT('',(257.,26.,12.));
#6089 = VECTOR('',#6090,1.);
#6090 = DIRECTION('',(1.,0.,0.));
#6091 = CARTESIAN_POINT('',(257.,26.,12.));
#6092 = CARTESIAN_POINT('',(273.,26.,12.));
#6093 = GEOMETRIC_CURVE_SET('',(#6094));
#6094 = TRIMMED_CURVE('',#6095,(#6099,PARAMETER_VALUE(0.)),(#6100,
    PARAMETER_VALUE(16.)),.T.,.PARAMETER.);
#6095 = LINE('',#6096,#6097);
#6096 = CARTESIAN_POINT('',(257.,26.,36.));
#6097 = VECTOR('',#6098,1.);
#6098 = DIRECTION('',(1.,0.,0.));
#6099 = CARTESIAN_POINT('',(257.,26.,36.));
#6100 = CARTESIAN_POINT('',(273.,26.,36.));
#6101 = GEOMETRIC_CURVE_SET('',(#6102));
#6102 = TRIMMED_CURVE('',#6103,(#6107,PARAMETER_VALUE(0.)),(#6108,
    PARAMETER_VALUE(27.)),.T.,.PARAMETER.);
#6103 = LINE('',#6104,#6105);
#6104 = CARTESIAN_POINT('',(4.,160.,58.));
#6105 = VECTOR('',#6106,1.);
#6106 = DIRECTION('',(0.,0.,1.));
#6107 = CARTESIAN_POINT('',(4.,160.,58.));
#6108 = CARTESIAN_POINT('',(4.,160.,85.));
#6109 = GEOMETRIC_CURVE_SET('',(#6110));
#6110 = TRIMMED_CURVE('',#6111,(#6115,PARAMETER_VALUE(0.)),(#6116,
    PARAMETER_VALUE(50.)),.T.,.PARAMETER.);
#6111 = LINE('',#6112,#6113);
#6112 = CARTESIAN_POINT('',(4.,160.,85.));
#6113 = VECTOR('',#6114,1.);
#6114 = DIRECTION('',(0.,1.,0.));
#6115 = CARTESIAN_POINT('',(4.,160.,85.));
#6116 = CARTESIAN_POINT('',(4.,210.,85.));
#6117 = GEOMETRIC_CURVE_SET('',(#6118));
#6118 = TRIMMED_CURVE('',#6119,(#6123,PARAMETER_VALUE(0.)),(#6124,
    PARAMETER_VALUE(27.)),.T.,.PARAMETER.);
#6119 = LINE('',#6120,#6121);
#6120 = CARTESIAN_POINT('',(4.,210.,58.));
#6121 = VECTOR('',#6122,1.);
#6122 = DIRECTION('',(0.,0.,1.));
#6123 = CARTESIAN_POINT('',(4.,210.,58.));
#6124 = CARTESIAN_POINT('',(4.,210.,85.));
#6125 = GEOMETRIC_CURVE_SET('',(#6126));
#6126 = TRIMMED_CURVE('',#6127,(#6131,PARAMETER_VALUE(0.)),(#6132,
    PARAMETER_VALUE(50.)),.T.,.PARAMETER.);
#6127 = LINE('',#6128,#6129);
#6128 = CARTESIAN_POINT('',(4.,160.,58.));
#6129 = VECTOR('',#6130,1.);
#6130 = DIRECTION('',(0.,1.,0.));
#6131 = CARTESIAN_POINT('',(4.,160.,58.));
#6132 = CARTESIAN_POINT('',(4.,210.,58.));
#6133 = GEOMETRIC_CURVE_SET('',(#6134));
#6134 = TRIMMED_CURVE('',#6135,(#6139,PARAMETER_VALUE(0.)),(#6140,
    PARAMETER_VALUE(27.)),.T.,.PARAMETER.);
#6135 = LINE('',#6136,#6137);
#6136 = CARTESIAN_POINT('',(22.,160.,58.));
#6137 = VECTOR('',#6138,1.);
#6138 = DIRECTION('',(0.,0.,1.));
#6139 = CARTESIAN_POINT('',(22.,160.,58.));
#6140 = CARTESIAN_POINT('',(22.,160.,85.));
#6141 = GEOMETRIC_CURVE_SET('',(#6142));
#6142 = TRIMMED_CURVE('',#6143,(#6147,PARAMETER_VALUE(0.)),(#6148,
    PARAMETER_VALUE(50.)),.T.,.PARAMETER.);
#6143 = LINE('',#6144,#6145);
#6144 = CARTESIAN_POINT('',(22.,160.,85.));
#6145 = VECTOR('',#6146,1.);
#6146 = DIRECTION('',(0.,1.,0.));
#6147 = CARTESIAN_POINT('',(22.,160.,85.));
#6148 = CARTESIAN_POINT('',(22.,210.,85.));
#6149 = GEOMETRIC_CURVE_SET('',(#6150));
#6150 = TRIMMED_CURVE('',#6151,(#6155,PARAMETER_VALUE(0.)),(#6156,
    PARAMETER_VALUE(27.)),.T.,.PARAMETER.);
#6151 = LINE('',#6152,#6153);
#6152 = CARTESIAN_POINT('',(22.,210.,58.));
#6153 = VECTOR('',#6154,1.);
#6154 = DIRECTION('',(0.,0.,1.));
#6155 = CARTESIAN_POINT('',(22.,210.,58.));
#6156 = CARTESIAN_POINT('',(22.,210.,85.));
#6157 = GEOMETRIC_CURVE_SET('',(#6158));
#6158 = TRIMMED_CURVE('',#6159,(#6163,PARAMETER_VALUE(0.)),(#6164,
    PARAMETER_VALUE(50.)),.T.,.PARAMETER.);
#6159 = LINE('',#6160,#6161);
#6160 = CARTESIAN_POINT('',(22.,160.,58.));
#6161 = VECTOR('',#6162,1.);
#6162 = DIRECTION('',(0.,1.,0.));
#6163 = CARTESIAN_POINT('',(22.,160.,58.));
#6164 = CARTESIAN_POINT('',(22.,210.,58.));
#6165 = GEOMETRIC_CURVE_SET('',(#6166));
#6166 = TRIMMED_CURVE('',#6167,(#6171,PARAMETER_VALUE(0.)),(#6172,
    PARAMETER_VALUE(18.)),.T.,.PARAMETER.);
#6167 = LINE('',#6168,#6169);
#6168 = CARTESIAN_POINT('',(4.,160.,58.));
#6169 = VECTOR('',#6170,1.);
#6170 = DIRECTION('',(1.,0.,0.));
#6171 = CARTESIAN_POINT('',(4.,160.,58.));
#6172 = CARTESIAN_POINT('',(22.,160.,58.));
#6173 = GEOMETRIC_CURVE_SET('',(#6174));
#6174 = TRIMMED_CURVE('',#6175,(#6179,PARAMETER_VALUE(0.)),(#6180,
    PARAMETER_VALUE(18.)),.T.,.PARAMETER.);
#6175 = LINE('',#6176,#6177);
#6176 = CARTESIAN_POINT('',(4.,160.,85.));
#6177 = VECTOR('',#6178,1.);
#6178 = DIRECTION('',(1.,0.,0.));
#6179 = CARTESIAN_POINT('',(4.,160.,85.));
#6180 = CARTESIAN_POINT('',(22.,160.,85.));
#6181 = GEOMETRIC_CURVE_SET('',(#6182));
#6182 = TRIMMED_CURVE('',#6183,(#6187,PARAMETER_VALUE(0.)),(#6188,
    PARAMETER_VALUE(18.)),.T.,.PARAMETER.);
#6183 = LINE('',#6184,#6185);
#6184 = CARTESIAN_POINT('',(4.,210.,58.));
#6185 = VECTOR('',#6186,1.);
#6186 = DIRECTION('',(1.,0.,0.));
#6187 = CARTESIAN_POINT('',(4.,210.,58.));
#6188 = CARTESIAN_POINT('',(22.,210.,58.));
#6189 = GEOMETRIC_CURVE_SET('',(#6190));
#6190 = TRIMMED_CURVE('',#6191,(#6195,PARAMETER_VALUE(0.)),(#6196,
    PARAMETER_VALUE(18.)),.T.,.PARAMETER.);
#6191 = LINE('',#6192,#6193);
#6192 = CARTESIAN_POINT('',(4.,210.,85.));
#6193 = VECTOR('',#6194,1.);
#6194 = DIRECTION('',(1.,0.,0.));
#6195 = CARTESIAN_POINT('',(4.,210.,85.));
#6196 = CARTESIAN_POINT('',(22.,210.,85.));
#6197 = GEOMETRIC_CURVE_SET('',(#6198));
#6198 = TRIMMED_CURVE('',#6199,(#6203,PARAMETER_VALUE(0.)),(#6204,
    PARAMETER_VALUE(32.)),.T.,.PARAMETER.);
#6199 = LINE('',#6200,#6201);
#6200 = CARTESIAN_POINT('',(193.,88.,122.5));
#6201 = VECTOR('',#6202,1.);
#6202 = DIRECTION('',(0.,0.,1.));
#6203 = CARTESIAN_POINT('',(193.,88.,122.5));
#6204 = CARTESIAN_POINT('',(193.,88.,154.5));
#6205 = GEOMETRIC_CURVE_SET('',(#6206));
#6206 = TRIMMED_CURVE('',#6207,(#6211,PARAMETER_VALUE(0.)),(#6212,
    PARAMETER_VALUE(35.)),.T.,.PARAMETER.);
#6207 = LINE('',#6208,#6209);
#6208 = CARTESIAN_POINT('',(193.,88.,154.5));
#6209 = VECTOR('',#6210,1.);
#6210 = DIRECTION('',(0.,1.,0.));
#6211 = CARTESIAN_POINT('',(193.,88.,154.5));
#6212 = CARTESIAN_POINT('',(193.,123.,154.5));
#6213 = GEOMETRIC_CURVE_SET('',(#6214));
#6214 = TRIMMED_CURVE('',#6215,(#6219,PARAMETER_VALUE(0.)),(#6220,
    PARAMETER_VALUE(32.)),.T.,.PARAMETER.);
#6215 = LINE('',#6216,#6217);
#6216 = CARTESIAN_POINT('',(193.,123.,122.5));
#6217 = VECTOR('',#6218,1.);
#6218 = DIRECTION('',(0.,0.,1.));
#6219 = CARTESIAN_POINT('',(193.,123.,122.5));
#6220 = CARTESIAN_POINT('',(193.,123.,154.5));
#6221 = GEOMETRIC_CURVE_SET('',(#6222));
#6222 = TRIMMED_CURVE('',#6223,(#6227,PARAMETER_VALUE(0.)),(#6228,
    PARAMETER_VALUE(35.)),.T.,.PARAMETER.);
#6223 = LINE('',#6224,#6225);
#6224 = CARTESIAN_POINT('',(193.,88.,122.5));
#6225 = VECTOR('',#6226,1.);
#6226 = DIRECTION('',(0.,1.,0.));
#6227 = CARTESIAN_POINT('',(193.,88.,122.5));
#6228 = CARTESIAN_POINT('',(193.,123.,122.5));
#6229 = GEOMETRIC_CURVE_SET('',(#6230));
#6230 = TRIMMED_CURVE('',#6231,(#6235,PARAMETER_VALUE(0.)),(#6236,
    PARAMETER_VALUE(32.)),.T.,.PARAMETER.);
#6231 = LINE('',#6232,#6233);
#6232 = CARTESIAN_POINT('',(271.,88.,122.5));
#6233 = VECTOR('',#6234,1.);
#6234 = DIRECTION('',(0.,0.,1.));
#6235 = CARTESIAN_POINT('',(271.,88.,122.5));
#6236 = CARTESIAN_POINT('',(271.,88.,154.5));
#6237 = GEOMETRIC_CURVE_SET('',(#6238));
#6238 = TRIMMED_CURVE('',#6239,(#6243,PARAMETER_VALUE(0.)),(#6244,
    PARAMETER_VALUE(35.)),.T.,.PARAMETER.);
#6239 = LINE('',#6240,#6241);
#6240 = CARTESIAN_POINT('',(271.,88.,154.5));
#6241 = VECTOR('',#6242,1.);
#6242 = DIRECTION('',(0.,1.,0.));
#6243 = CARTESIAN_POINT('',(271.,88.,154.5));
#6244 = CARTESIAN_POINT('',(271.,123.,154.5));
#6245 = GEOMETRIC_CURVE_SET('',(#6246));
#6246 = TRIMMED_CURVE('',#6247,(#6251,PARAMETER_VALUE(0.)),(#6252,
    PARAMETER_VALUE(32.)),.T.,.PARAMETER.);
#6247 = LINE('',#6248,#6249);
#6248 = CARTESIAN_POINT('',(271.,123.,122.5));
#6249 = VECTOR('',#6250,1.);
#6250 = DIRECTION('',(0.,0.,1.));
#6251 = CARTESIAN_POINT('',(271.,123.,122.5));
#6252 = CARTESIAN_POINT('',(271.,123.,154.5));
#6253 = GEOMETRIC_CURVE_SET('',(#6254));
#6254 = TRIMMED_CURVE('',#6255,(#6259,PARAMETER_VALUE(0.)),(#6260,
    PARAMETER_VALUE(35.)),.T.,.PARAMETER.);
#6255 = LINE('',#6256,#6257);
#6256 = CARTESIAN_POINT('',(271.,88.,122.5));
#6257 = VECTOR('',#6258,1.);
#6258 = DIRECTION('',(0.,1.,0.));
#6259 = CARTESIAN_POINT('',(271.,88.,122.5));
#6260 = CARTESIAN_POINT('',(271.,123.,122.5));
#6261 = GEOMETRIC_CURVE_SET('',(#6262));
#6262 = TRIMMED_CURVE('',#6263,(#6267,PARAMETER_VALUE(0.)),(#6268,
    PARAMETER_VALUE(78.)),.T.,.PARAMETER.);
#6263 = LINE('',#6264,#6265);
#6264 = CARTESIAN_POINT('',(193.,88.,122.5));
#6265 = VECTOR('',#6266,1.);
#6266 = DIRECTION('',(1.,0.,0.));
#6267 = CARTESIAN_POINT('',(193.,88.,122.5));
#6268 = CARTESIAN_POINT('',(271.,88.,122.5));
#6269 = GEOMETRIC_CURVE_SET('',(#6270));
#6270 = TRIMMED_CURVE('',#6271,(#6275,PARAMETER_VALUE(0.)),(#6276,
    PARAMETER_VALUE(78.)),.T.,.PARAMETER.);
#6271 = LINE('',#6272,#6273);
#6272 = CARTESIAN_POINT('',(193.,88.,154.5));
#6273 = VECTOR('',#6274,1.);
#6274 = DIRECTION('',(1.,0.,0.));
#6275 = CARTESIAN_POINT('',(193.,88.,154.5));
#6276 = CARTESIAN_POINT('',(271.,88.,154.5));
#6277 = GEOMETRIC_CURVE_SET('',(#6278));
#6278 = TRIMMED_CURVE('',#6279,(#6283,PARAMETER_VALUE(0.)),(#6284,
    PARAMETER_VALUE(78.)),.T.,.PARAMETER.);
#6279 = LINE('',#6280,#6281);
#6280 = CARTESIAN_POINT('',(193.,123.,122.5));
#6281 = VECTOR('',#6282,1.);
#6282 = DIRECTION('',(1.,0.,0.));
#6283 = CARTESIAN_POINT('',(193.,123.,122.5));
#6284 = CARTESIAN_POINT('',(271.,123.,122.5));
#6285 = GEOMETRIC_CURVE_SET('',(#6286));
#6286 = TRIMMED_CURVE('',#6287,(#6291,PARAMETER_VALUE(0.)),(#6292,
    PARAMETER_VALUE(78.)),.T.,.PARAMETER.);
#6287 = LINE('',#6288,#6289);
#6288 = CARTESIAN_POINT('',(193.,123.,154.5));
#6289 = VECTOR('',#6290,1.);
#6290 = DIRECTION('',(1.,0.,0.));
#6291 = CARTESIAN_POINT('',(193.,123.,154.5));
#6292 = CARTESIAN_POINT('',(271.,123.,154.5));
#6293 = GEOMETRIC_CURVE_SET('',(#6294));
#6294 = TRIMMED_CURVE('',#6295,(#6299,PARAMETER_VALUE(0.)),(#6300,
    PARAMETER_VALUE(12.)),.T.,.PARAMETER.);
#6295 = LINE('',#6296,#6297);
#6296 = CARTESIAN_POINT('',(2.,6.,66.));
#6297 = VECTOR('',#6298,1.);
#6298 = DIRECTION('',(0.,0.,1.));
#6299 = CARTESIAN_POINT('',(2.,6.,66.));
#6300 = CARTESIAN_POINT('',(2.,6.,78.));
#6301 = GEOMETRIC_CURVE_SET('',(#6302));
#6302 = TRIMMED_CURVE('',#6303,(#6307,PARAMETER_VALUE(0.)),(#6308,
    PARAMETER_VALUE(18.)),.T.,.PARAMETER.);
#6303 = LINE('',#6304,#6305);
#6304 = CARTESIAN_POINT('',(2.,6.,78.));
#6305 = VECTOR('',#6306,1.);
#6306 = DIRECTION('',(0.,1.,0.));
#6307 = CARTESIAN_POINT('',(2.,6.,78.));
#6308 = CARTESIAN_POINT('',(2.,24.,78.));
#6309 = GEOMETRIC_CURVE_SET('',(#6310));
#6310 = TRIMMED_CURVE('',#6311,(#6315,PARAMETER_VALUE(0.)),(#6316,
    PARAMETER_VALUE(12.)),.T.,.PARAMETER.);
#6311 = LINE('',#6312,#6313);
#6312 = CARTESIAN_POINT('',(2.,24.,66.));
#6313 = VECTOR('',#6314,1.);
#6314 = DIRECTION('',(0.,0.,1.));
#6315 = CARTESIAN_POINT('',(2.,24.,66.));
#6316 = CARTESIAN_POINT('',(2.,24.,78.));
#6317 = GEOMETRIC_CURVE_SET('',(#6318));
#6318 = TRIMMED_CURVE('',#6319,(#6323,PARAMETER_VALUE(0.)),(#6324,
    PARAMETER_VALUE(18.)),.T.,.PARAMETER.);
#6319 = LINE('',#6320,#6321);
#6320 = CARTESIAN_POINT('',(2.,6.,66.));
#6321 = VECTOR('',#6322,1.);
#6322 = DIRECTION('',(0.,1.,0.));
#6323 = CARTESIAN_POINT('',(2.,6.,66.));
#6324 = CARTESIAN_POINT('',(2.,24.,66.));
#6325 = GEOMETRIC_CURVE_SET('',(#6326));
#6326 = TRIMMED_CURVE('',#6327,(#6331,PARAMETER_VALUE(0.)),(#6332,
    PARAMETER_VALUE(12.)),.T.,.PARAMETER.);
#6327 = LINE('',#6328,#6329);
#6328 = CARTESIAN_POINT('',(15.,6.,66.));
#6329 = VECTOR('',#6330,1.);
#6330 = DIRECTION('',(0.,0.,1.));
#6331 = CARTESIAN_POINT('',(15.,6.,66.));
#6332 = CARTESIAN_POINT('',(15.,6.,78.));
#6333 = GEOMETRIC_CURVE_SET('',(#6334));
#6334 = TRIMMED_CURVE('',#6335,(#6339,PARAMETER_VALUE(0.)),(#6340,
    PARAMETER_VALUE(18.)),.T.,.PARAMETER.);
#6335 = LINE('',#6336,#6337);
#6336 = CARTESIAN_POINT('',(15.,6.,78.));
#6337 = VECTOR('',#6338,1.);
#6338 = DIRECTION('',(0.,1.,0.));
#6339 = CARTESIAN_POINT('',(15.,6.,78.));
#6340 = CARTESIAN_POINT('',(15.,24.,78.));
#6341 = GEOMETRIC_CURVE_SET('',(#6342));
#6342 = TRIMMED_CURVE('',#6343,(#6347,PARAMETER_VALUE(0.)),(#6348,
    PARAMETER_VALUE(12.)),.T.,.PARAMETER.);
#6343 = LINE('',#6344,#6345);
#6344 = CARTESIAN_POINT('',(15.,24.,66.));
#6345 = VECTOR('',#6346,1.);
#6346 = DIRECTION('',(0.,0.,1.));
#6347 = CARTESIAN_POINT('',(15.,24.,66.));
#6348 = CARTESIAN_POINT('',(15.,24.,78.));
#6349 = GEOMETRIC_CURVE_SET('',(#6350));
#6350 = TRIMMED_CURVE('',#6351,(#6355,PARAMETER_VALUE(0.)),(#6356,
    PARAMETER_VALUE(18.)),.T.,.PARAMETER.);
#6351 = LINE('',#6352,#6353);
#6352 = CARTESIAN_POINT('',(15.,6.,66.));
#6353 = VECTOR('',#6354,1.);
#6354 = DIRECTION('',(0.,1.,0.));
#6355 = CARTESIAN_POINT('',(15.,6.,66.));
#6356 = CARTESIAN_POINT('',(15.,24.,66.));
#6357 = GEOMETRIC_CURVE_SET('',(#6358));
#6358 = TRIMMED_CURVE('',#6359,(#6363,PARAMETER_VALUE(0.)),(#6364,
    PARAMETER_VALUE(13.)),.T.,.PARAMETER.);
#6359 = LINE('',#6360,#6361);
#6360 = CARTESIAN_POINT('',(2.,6.,66.));
#6361 = VECTOR('',#6362,1.);
#6362 = DIRECTION('',(1.,0.,0.));
#6363 = CARTESIAN_POINT('',(2.,6.,66.));
#6364 = CARTESIAN_POINT('',(15.,6.,66.));
#6365 = GEOMETRIC_CURVE_SET('',(#6366));
#6366 = TRIMMED_CURVE('',#6367,(#6371,PARAMETER_VALUE(0.)),(#6372,
    PARAMETER_VALUE(13.)),.T.,.PARAMETER.);
#6367 = LINE('',#6368,#6369);
#6368 = CARTESIAN_POINT('',(2.,6.,78.));
#6369 = VECTOR('',#6370,1.);
#6370 = DIRECTION('',(1.,0.,0.));
#6371 = CARTESIAN_POINT('',(2.,6.,78.));
#6372 = CARTESIAN_POINT('',(15.,6.,78.));
#6373 = GEOMETRIC_CURVE_SET('',(#6374));
#6374 = TRIMMED_CURVE('',#6375,(#6379,PARAMETER_VALUE(0.)),(#6380,
    PARAMETER_VALUE(13.)),.T.,.PARAMETER.);
#6375 = LINE('',#6376,#6377);
#6376 = CARTESIAN_POINT('',(2.,24.,66.));
#6377 = VECTOR('',#6378,1.);
#6378 = DIRECTION('',(1.,0.,0.));
#6379 = CARTESIAN_POINT('',(2.,24.,66.));
#6380 = CARTESIAN_POINT('',(15.,24.,66.));
#6381 = GEOMETRIC_CURVE_SET('',(#6382));
#6382 = TRIMMED_CURVE('',#6383,(#6387,PARAMETER_VALUE(0.)),(#6388,
    PARAMETER_VALUE(13.)),.T.,.PARAMETER.);
#6383 = LINE('',#6384,#6385);
#6384 = CARTESIAN_POINT('',(2.,24.,78.));
#6385 = VECTOR('',#6386,1.);
#6386 = DIRECTION('',(1.,0.,0.));
#6387 = CARTESIAN_POINT('',(2.,24.,78.));
#6388 = CARTESIAN_POINT('',(15.,24.,78.));
#6389 = GEOMETRIC_CURVE_SET('',(#6390));
#6390 = TRIMMED_CURVE('',#6391,(#6395,PARAMETER_VALUE(0.)),(#6396,
    PARAMETER_VALUE(12.)),.T.,.PARAMETER.);
#6391 = LINE('',#6392,#6393);
#6392 = CARTESIAN_POINT('',(257.,6.,66.));
#6393 = VECTOR('',#6394,1.);
#6394 = DIRECTION('',(0.,0.,1.));
#6395 = CARTESIAN_POINT('',(257.,6.,66.));
#6396 = CARTESIAN_POINT('',(257.,6.,78.));
#6397 = GEOMETRIC_CURVE_SET('',(#6398));
#6398 = TRIMMED_CURVE('',#6399,(#6403,PARAMETER_VALUE(0.)),(#6404,
    PARAMETER_VALUE(18.)),.T.,.PARAMETER.);
#6399 = LINE('',#6400,#6401);
#6400 = CARTESIAN_POINT('',(257.,6.,78.));
#6401 = VECTOR('',#6402,1.);
#6402 = DIRECTION('',(0.,1.,0.));
#6403 = CARTESIAN_POINT('',(257.,6.,78.));
#6404 = CARTESIAN_POINT('',(257.,24.,78.));
#6405 = GEOMETRIC_CURVE_SET('',(#6406));
#6406 = TRIMMED_CURVE('',#6407,(#6411,PARAMETER_VALUE(0.)),(#6412,
    PARAMETER_VALUE(12.)),.T.,.PARAMETER.);
#6407 = LINE('',#6408,#6409);
#6408 = CARTESIAN_POINT('',(257.,24.,66.));
#6409 = VECTOR('',#6410,1.);
#6410 = DIRECTION('',(0.,0.,1.));
#6411 = CARTESIAN_POINT('',(257.,24.,66.));
#6412 = CARTESIAN_POINT('',(257.,24.,78.));
#6413 = GEOMETRIC_CURVE_SET('',(#6414));
#6414 = TRIMMED_CURVE('',#6415,(#6419,PARAMETER_VALUE(0.)),(#6420,
    PARAMETER_VALUE(18.)),.T.,.PARAMETER.);
#6415 = LINE('',#6416,#6417);
#6416 = CARTESIAN_POINT('',(257.,6.,66.));
#6417 = VECTOR('',#6418,1.);
#6418 = DIRECTION('',(0.,1.,0.));
#6419 = CARTESIAN_POINT('',(257.,6.,66.));
#6420 = CARTESIAN_POINT('',(257.,24.,66.));
#6421 = GEOMETRIC_CURVE_SET('',(#6422));
#6422 = TRIMMED_CURVE('',#6423,(#6427,PARAMETER_VALUE(0.)),(#6428,
    PARAMETER_VALUE(12.)),.T.,.PARAMETER.);
#6423 = LINE('',#6424,#6425);
#6424 = CARTESIAN_POINT('',(270.,6.,66.));
#6425 = VECTOR('',#6426,1.);
#6426 = DIRECTION('',(0.,0.,1.));
#6427 = CARTESIAN_POINT('',(270.,6.,66.));
#6428 = CARTESIAN_POINT('',(270.,6.,78.));
#6429 = GEOMETRIC_CURVE_SET('',(#6430));
#6430 = TRIMMED_CURVE('',#6431,(#6435,PARAMETER_VALUE(0.)),(#6436,
    PARAMETER_VALUE(18.)),.T.,.PARAMETER.);
#6431 = LINE('',#6432,#6433);
#6432 = CARTESIAN_POINT('',(270.,6.,78.));
#6433 = VECTOR('',#6434,1.);
#6434 = DIRECTION('',(0.,1.,0.));
#6435 = CARTESIAN_POINT('',(270.,6.,78.));
#6436 = CARTESIAN_POINT('',(270.,24.,78.));
#6437 = GEOMETRIC_CURVE_SET('',(#6438));
#6438 = TRIMMED_CURVE('',#6439,(#6443,PARAMETER_VALUE(0.)),(#6444,
    PARAMETER_VALUE(12.)),.T.,.PARAMETER.);
#6439 = LINE('',#6440,#6441);
#6440 = CARTESIAN_POINT('',(270.,24.,66.));
#6441 = VECTOR('',#6442,1.);
#6442 = DIRECTION('',(0.,0.,1.));
#6443 = CARTESIAN_POINT('',(270.,24.,66.));
#6444 = CARTESIAN_POINT('',(270.,24.,78.));
#6445 = GEOMETRIC_CURVE_SET('',(#6446));
#6446 = TRIMMED_CURVE('',#6447,(#6451,PARAMETER_VALUE(0.)),(#6452,
    PARAMETER_VALUE(18.)),.T.,.PARAMETER.);
#6447 = LINE('',#6448,#6449);
#6448 = CARTESIAN_POINT('',(270.,6.,66.));
#6449 = VECTOR('',#6450,1.);
#6450 = DIRECTION('',(0.,1.,0.));
#6451 = CARTESIAN_POINT('',(270.,6.,66.));
#6452 = CARTESIAN_POINT('',(270.,24.,66.));
#6453 = GEOMETRIC_CURVE_SET('',(#6454));
#6454 = TRIMMED_CURVE('',#6455,(#6459,PARAMETER_VALUE(0.)),(#6460,
    PARAMETER_VALUE(13.)),.T.,.PARAMETER.);
#6455 = LINE('',#6456,#6457);
#6456 = CARTESIAN_POINT('',(257.,6.,66.));
#6457 = VECTOR('',#6458,1.);
#6458 = DIRECTION('',(1.,0.,0.));
#6459 = CARTESIAN_POINT('',(257.,6.,66.));
#6460 = CARTESIAN_POINT('',(270.,6.,66.));
#6461 = GEOMETRIC_CURVE_SET('',(#6462));
#6462 = TRIMMED_CURVE('',#6463,(#6467,PARAMETER_VALUE(0.)),(#6468,
    PARAMETER_VALUE(13.)),.T.,.PARAMETER.);
#6463 = LINE('',#6464,#6465);
#6464 = CARTESIAN_POINT('',(257.,6.,78.));
#6465 = VECTOR('',#6466,1.);
#6466 = DIRECTION('',(1.,0.,0.));
#6467 = CARTESIAN_POINT('',(257.,6.,78.));
#6468 = CARTESIAN_POINT('',(270.,6.,78.));
#6469 = GEOMETRIC_CURVE_SET('',(#6470));
#6470 = TRIMMED_CURVE('',#6471,(#6475,PARAMETER_VALUE(0.)),(#6476,
    PARAMETER_VALUE(13.)),.T.,.PARAMETER.);
#6471 = LINE('',#6472,#6473);
#6472 = CARTESIAN_POINT('',(257.,24.,66.));
#6473 = VECTOR('',#6474,1.);
#6474 = DIRECTION('',(1.,0.,0.));
#6475 = CARTESIAN_POINT('',(257.,24.,66.));
#6476 = CARTESIAN_POINT('',(270.,24.,66.));
#6477 = GEOMETRIC_CURVE_SET('',(#6478));
#6478 = TRIMMED_CURVE('',#6479,(#6483,PARAMETER_VALUE(0.)),(#6484,
    PARAMETER_VALUE(13.)),.T.,.PARAMETER.);
#6479 = LINE('',#6480,#6481);
#6480 = CARTESIAN_POINT('',(257.,24.,78.));
#6481 = VECTOR('',#6482,1.);
#6482 = DIRECTION('',(1.,0.,0.));
#6483 = CARTESIAN_POINT('',(257.,24.,78.));
#6484 = CARTESIAN_POINT('',(270.,24.,78.));
#6485 = GEOMETRIC_CURVE_SET('',(#6486));
#6486 = TRIMMED_CURVE('',#6487,(#6491,PARAMETER_VALUE(0.)),(#6492,
    PARAMETER_VALUE(12.)),.T.,.PARAMETER.);
#6487 = LINE('',#6488,#6489);
#6488 = CARTESIAN_POINT('',(2.,59.,90.));
#6489 = VECTOR('',#6490,1.);
#6490 = DIRECTION('',(0.,0.,1.));
#6491 = CARTESIAN_POINT('',(2.,59.,90.));
#6492 = CARTESIAN_POINT('',(2.,59.,102.));
#6493 = GEOMETRIC_CURVE_SET('',(#6494));
#6494 = TRIMMED_CURVE('',#6495,(#6499,PARAMETER_VALUE(0.)),(#6500,
    PARAMETER_VALUE(18.)),.T.,.PARAMETER.);
#6495 = LINE('',#6496,#6497);
#6496 = CARTESIAN_POINT('',(2.,59.,102.));
#6497 = VECTOR('',#6498,1.);
#6498 = DIRECTION('',(0.,1.,0.));
#6499 = CARTESIAN_POINT('',(2.,59.,102.));
#6500 = CARTESIAN_POINT('',(2.,77.,102.));
#6501 = GEOMETRIC_CURVE_SET('',(#6502));
#6502 = TRIMMED_CURVE('',#6503,(#6507,PARAMETER_VALUE(0.)),(#6508,
    PARAMETER_VALUE(12.)),.T.,.PARAMETER.);
#6503 = LINE('',#6504,#6505);
#6504 = CARTESIAN_POINT('',(2.,77.,90.));
#6505 = VECTOR('',#6506,1.);
#6506 = DIRECTION('',(0.,0.,1.));
#6507 = CARTESIAN_POINT('',(2.,77.,90.));
#6508 = CARTESIAN_POINT('',(2.,77.,102.));
#6509 = GEOMETRIC_CURVE_SET('',(#6510));
#6510 = TRIMMED_CURVE('',#6511,(#6515,PARAMETER_VALUE(0.)),(#6516,
    PARAMETER_VALUE(18.)),.T.,.PARAMETER.);
#6511 = LINE('',#6512,#6513);
#6512 = CARTESIAN_POINT('',(2.,59.,90.));
#6513 = VECTOR('',#6514,1.);
#6514 = DIRECTION('',(0.,1.,0.));
#6515 = CARTESIAN_POINT('',(2.,59.,90.));
#6516 = CARTESIAN_POINT('',(2.,77.,90.));
#6517 = GEOMETRIC_CURVE_SET('',(#6518));
#6518 = TRIMMED_CURVE('',#6519,(#6523,PARAMETER_VALUE(0.)),(#6524,
    PARAMETER_VALUE(12.)),.T.,.PARAMETER.);
#6519 = LINE('',#6520,#6521);
#6520 = CARTESIAN_POINT('',(15.,59.,90.));
#6521 = VECTOR('',#6522,1.);
#6522 = DIRECTION('',(0.,0.,1.));
#6523 = CARTESIAN_POINT('',(15.,59.,90.));
#6524 = CARTESIAN_POINT('',(15.,59.,102.));
#6525 = GEOMETRIC_CURVE_SET('',(#6526));
#6526 = TRIMMED_CURVE('',#6527,(#6531,PARAMETER_VALUE(0.)),(#6532,
    PARAMETER_VALUE(18.)),.T.,.PARAMETER.);
#6527 = LINE('',#6528,#6529);
#6528 = CARTESIAN_POINT('',(15.,59.,102.));
#6529 = VECTOR('',#6530,1.);
#6530 = DIRECTION('',(0.,1.,0.));
#6531 = CARTESIAN_POINT('',(15.,59.,102.));
#6532 = CARTESIAN_POINT('',(15.,77.,102.));
#6533 = GEOMETRIC_CURVE_SET('',(#6534));
#6534 = TRIMMED_CURVE('',#6535,(#6539,PARAMETER_VALUE(0.)),(#6540,
    PARAMETER_VALUE(12.)),.T.,.PARAMETER.);
#6535 = LINE('',#6536,#6537);
#6536 = CARTESIAN_POINT('',(15.,77.,90.));
#6537 = VECTOR('',#6538,1.);
#6538 = DIRECTION('',(0.,0.,1.));
#6539 = CARTESIAN_POINT('',(15.,77.,90.));
#6540 = CARTESIAN_POINT('',(15.,77.,102.));
#6541 = GEOMETRIC_CURVE_SET('',(#6542));
#6542 = TRIMMED_CURVE('',#6543,(#6547,PARAMETER_VALUE(0.)),(#6548,
    PARAMETER_VALUE(18.)),.T.,.PARAMETER.);
#6543 = LINE('',#6544,#6545);
#6544 = CARTESIAN_POINT('',(15.,59.,90.));
#6545 = VECTOR('',#6546,1.);
#6546 = DIRECTION('',(0.,1.,0.));
#6547 = CARTESIAN_POINT('',(15.,59.,90.));
#6548 = CARTESIAN_POINT('',(15.,77.,90.));
#6549 = GEOMETRIC_CURVE_SET('',(#6550));
#6550 = TRIMMED_CURVE('',#6551,(#6555,PARAMETER_VALUE(0.)),(#6556,
    PARAMETER_VALUE(13.)),.T.,.PARAMETER.);
#6551 = LINE('',#6552,#6553);
#6552 = CARTESIAN_POINT('',(2.,59.,90.));
#6553 = VECTOR('',#6554,1.);
#6554 = DIRECTION('',(1.,0.,0.));
#6555 = CARTESIAN_POINT('',(2.,59.,90.));
#6556 = CARTESIAN_POINT('',(15.,59.,90.));
#6557 = GEOMETRIC_CURVE_SET('',(#6558));
#6558 = TRIMMED_CURVE('',#6559,(#6563,PARAMETER_VALUE(0.)),(#6564,
    PARAMETER_VALUE(13.)),.T.,.PARAMETER.);
#6559 = LINE('',#6560,#6561);
#6560 = CARTESIAN_POINT('',(2.,59.,102.));
#6561 = VECTOR('',#6562,1.);
#6562 = DIRECTION('',(1.,0.,0.));
#6563 = CARTESIAN_POINT('',(2.,59.,102.));
#6564 = CARTESIAN_POINT('',(15.,59.,102.));
#6565 = GEOMETRIC_CURVE_SET('',(#6566));
#6566 = TRIMMED_CURVE('',#6567,(#6571,PARAMETER_VALUE(0.)),(#6572,
    PARAMETER_VALUE(13.)),.T.,.PARAMETER.);
#6567 = LINE('',#6568,#6569);
#6568 = CARTESIAN_POINT('',(2.,77.,90.));
#6569 = VECTOR('',#6570,1.);
#6570 = DIRECTION('',(1.,0.,0.));
#6571 = CARTESIAN_POINT('',(2.,77.,90.));
#6572 = CARTESIAN_POINT('',(15.,77.,90.));
#6573 = GEOMETRIC_CURVE_SET('',(#6574));
#6574 = TRIMMED_CURVE('',#6575,(#6579,PARAMETER_VALUE(0.)),(#6580,
    PARAMETER_VALUE(13.)),.T.,.PARAMETER.);
#6575 = LINE('',#6576,#6577);
#6576 = CARTESIAN_POINT('',(2.,77.,102.));
#6577 = VECTOR('',#6578,1.);
#6578 = DIRECTION('',(1.,0.,0.));
#6579 = CARTESIAN_POINT('',(2.,77.,102.));
#6580 = CARTESIAN_POINT('',(15.,77.,102.));
#6581 = GEOMETRIC_CURVE_SET('',(#6582));
#6582 = TRIMMED_CURVE('',#6583,(#6587,PARAMETER_VALUE(0.)),(#6588,
    PARAMETER_VALUE(12.)),.T.,.PARAMETER.);
#6583 = LINE('',#6584,#6585);
#6584 = CARTESIAN_POINT('',(261.,59.,90.));
#6585 = VECTOR('',#6586,1.);
#6586 = DIRECTION('',(0.,0.,1.));
#6587 = CARTESIAN_POINT('',(261.,59.,90.));
#6588 = CARTESIAN_POINT('',(261.,59.,102.));
#6589 = GEOMETRIC_CURVE_SET('',(#6590));
#6590 = TRIMMED_CURVE('',#6591,(#6595,PARAMETER_VALUE(0.)),(#6596,
    PARAMETER_VALUE(18.)),.T.,.PARAMETER.);
#6591 = LINE('',#6592,#6593);
#6592 = CARTESIAN_POINT('',(261.,59.,102.));
#6593 = VECTOR('',#6594,1.);
#6594 = DIRECTION('',(0.,1.,0.));
#6595 = CARTESIAN_POINT('',(261.,59.,102.));
#6596 = CARTESIAN_POINT('',(261.,77.,102.));
#6597 = GEOMETRIC_CURVE_SET('',(#6598));
#6598 = TRIMMED_CURVE('',#6599,(#6603,PARAMETER_VALUE(0.)),(#6604,
    PARAMETER_VALUE(12.)),.T.,.PARAMETER.);
#6599 = LINE('',#6600,#6601);
#6600 = CARTESIAN_POINT('',(261.,77.,90.));
#6601 = VECTOR('',#6602,1.);
#6602 = DIRECTION('',(0.,0.,1.));
#6603 = CARTESIAN_POINT('',(261.,77.,90.));
#6604 = CARTESIAN_POINT('',(261.,77.,102.));
#6605 = GEOMETRIC_CURVE_SET('',(#6606));
#6606 = TRIMMED_CURVE('',#6607,(#6611,PARAMETER_VALUE(0.)),(#6612,
    PARAMETER_VALUE(18.)),.T.,.PARAMETER.);
#6607 = LINE('',#6608,#6609);
#6608 = CARTESIAN_POINT('',(261.,59.,90.));
#6609 = VECTOR('',#6610,1.);
#6610 = DIRECTION('',(0.,1.,0.));
#6611 = CARTESIAN_POINT('',(261.,59.,90.));
#6612 = CARTESIAN_POINT('',(261.,77.,90.));
#6613 = GEOMETRIC_CURVE_SET('',(#6614));
#6614 = TRIMMED_CURVE('',#6615,(#6619,PARAMETER_VALUE(0.)),(#6620,
    PARAMETER_VALUE(12.)),.T.,.PARAMETER.);
#6615 = LINE('',#6616,#6617);
#6616 = CARTESIAN_POINT('',(274.,59.,90.));
#6617 = VECTOR('',#6618,1.);
#6618 = DIRECTION('',(0.,0.,1.));
#6619 = CARTESIAN_POINT('',(274.,59.,90.));
#6620 = CARTESIAN_POINT('',(274.,59.,102.));
#6621 = GEOMETRIC_CURVE_SET('',(#6622));
#6622 = TRIMMED_CURVE('',#6623,(#6627,PARAMETER_VALUE(0.)),(#6628,
    PARAMETER_VALUE(18.)),.T.,.PARAMETER.);
#6623 = LINE('',#6624,#6625);
#6624 = CARTESIAN_POINT('',(274.,59.,102.));
#6625 = VECTOR('',#6626,1.);
#6626 = DIRECTION('',(0.,1.,0.));
#6627 = CARTESIAN_POINT('',(274.,59.,102.));
#6628 = CARTESIAN_POINT('',(274.,77.,102.));
#6629 = GEOMETRIC_CURVE_SET('',(#6630));
#6630 = TRIMMED_CURVE('',#6631,(#6635,PARAMETER_VALUE(0.)),(#6636,
    PARAMETER_VALUE(12.)),.T.,.PARAMETER.);
#6631 = LINE('',#6632,#6633);
#6632 = CARTESIAN_POINT('',(274.,77.,90.));
#6633 = VECTOR('',#6634,1.);
#6634 = DIRECTION('',(0.,0.,1.));
#6635 = CARTESIAN_POINT('',(274.,77.,90.));
#6636 = CARTESIAN_POINT('',(274.,77.,102.));
#6637 = GEOMETRIC_CURVE_SET('',(#6638));
#6638 = TRIMMED_CURVE('',#6639,(#6643,PARAMETER_VALUE(0.)),(#6644,
    PARAMETER_VALUE(18.)),.T.,.PARAMETER.);
#6639 = LINE('',#6640,#6641);
#6640 = CARTESIAN_POINT('',(274.,59.,90.));
#6641 = VECTOR('',#6642,1.);
#6642 = DIRECTION('',(0.,1.,0.));
#6643 = CARTESIAN_POINT('',(274.,59.,90.));
#6644 = CARTESIAN_POINT('',(274.,77.,90.));
#6645 = GEOMETRIC_CURVE_SET('',(#6646));
#6646 = TRIMMED_CURVE('',#6647,(#6651,PARAMETER_VALUE(0.)),(#6652,
    PARAMETER_VALUE(13.)),.T.,.PARAMETER.);
#6647 = LINE('',#6648,#6649);
#6648 = CARTESIAN_POINT('',(261.,59.,90.));
#6649 = VECTOR('',#6650,1.);
#6650 = DIRECTION('',(1.,0.,0.));
#6651 = CARTESIAN_POINT('',(261.,59.,90.));
#6652 = CARTESIAN_POINT('',(274.,59.,90.));
#6653 = GEOMETRIC_CURVE_SET('',(#6654));
#6654 = TRIMMED_CURVE('',#6655,(#6659,PARAMETER_VALUE(0.)),(#6660,
    PARAMETER_VALUE(13.)),.T.,.PARAMETER.);
#6655 = LINE('',#6656,#6657);
#6656 = CARTESIAN_POINT('',(261.,59.,102.));
#6657 = VECTOR('',#6658,1.);
#6658 = DIRECTION('',(1.,0.,0.));
#6659 = CARTESIAN_POINT('',(261.,59.,102.));
#6660 = CARTESIAN_POINT('',(274.,59.,102.));
#6661 = GEOMETRIC_CURVE_SET('',(#6662));
#6662 = TRIMMED_CURVE('',#6663,(#6667,PARAMETER_VALUE(0.)),(#6668,
    PARAMETER_VALUE(13.)),.T.,.PARAMETER.);
#6663 = LINE('',#6664,#6665);
#6664 = CARTESIAN_POINT('',(261.,77.,90.));
#6665 = VECTOR('',#6666,1.);
#6666 = DIRECTION('',(1.,0.,0.));
#6667 = CARTESIAN_POINT('',(261.,77.,90.));
#6668 = CARTESIAN_POINT('',(274.,77.,90.));
#6669 = GEOMETRIC_CURVE_SET('',(#6670));
#6670 = TRIMMED_CURVE('',#6671,(#6675,PARAMETER_VALUE(0.)),(#6676,
    PARAMETER_VALUE(13.)),.T.,.PARAMETER.);
#6671 = LINE('',#6672,#6673);
#6672 = CARTESIAN_POINT('',(261.,77.,102.));
#6673 = VECTOR('',#6674,1.);
#6674 = DIRECTION('',(1.,0.,0.));
#6675 = CARTESIAN_POINT('',(261.,77.,102.));
#6676 = CARTESIAN_POINT('',(274.,77.,102.));
#6677 = GEOMETRIC_CURVE_SET('',(#6678));
#6678 = TRIMMED_CURVE('',#6679,(#6683,PARAMETER_VALUE(0.)),(#6684,
    PARAMETER_VALUE(8.)),.T.,.PARAMETER.);
#6679 = LINE('',#6680,#6681);
#6680 = CARTESIAN_POINT('',(4.,259.,70.));
#6681 = VECTOR('',#6682,1.);
#6682 = DIRECTION('',(0.,0.,1.));
#6683 = CARTESIAN_POINT('',(4.,259.,70.));
#6684 = CARTESIAN_POINT('',(4.,259.,78.));
#6685 = GEOMETRIC_CURVE_SET('',(#6686));
#6686 = TRIMMED_CURVE('',#6687,(#6691,PARAMETER_VALUE(0.)),(#6692,
    PARAMETER_VALUE(13.)),.T.,.PARAMETER.);
#6687 = LINE('',#6688,#6689);
#6688 = CARTESIAN_POINT('',(4.,259.,78.));
#6689 = VECTOR('',#6690,1.);
#6690 = DIRECTION('',(0.,1.,0.));
#6691 = CARTESIAN_POINT('',(4.,259.,78.));
#6692 = CARTESIAN_POINT('',(4.,272.,78.));
#6693 = GEOMETRIC_CURVE_SET('',(#6694));
#6694 = TRIMMED_CURVE('',#6695,(#6699,PARAMETER_VALUE(0.)),(#6700,
    PARAMETER_VALUE(8.)),.T.,.PARAMETER.);
#6695 = LINE('',#6696,#6697);
#6696 = CARTESIAN_POINT('',(4.,272.,70.));
#6697 = VECTOR('',#6698,1.);
#6698 = DIRECTION('',(0.,0.,1.));
#6699 = CARTESIAN_POINT('',(4.,272.,70.));
#6700 = CARTESIAN_POINT('',(4.,272.,78.));
#6701 = GEOMETRIC_CURVE_SET('',(#6702));
#6702 = TRIMMED_CURVE('',#6703,(#6707,PARAMETER_VALUE(0.)),(#6708,
    PARAMETER_VALUE(13.)),.T.,.PARAMETER.);
#6703 = LINE('',#6704,#6705);
#6704 = CARTESIAN_POINT('',(4.,259.,70.));
#6705 = VECTOR('',#6706,1.);
#6706 = DIRECTION('',(0.,1.,0.));
#6707 = CARTESIAN_POINT('',(4.,259.,70.));
#6708 = CARTESIAN_POINT('',(4.,272.,70.));
#6709 = GEOMETRIC_CURVE_SET('',(#6710));
#6710 = TRIMMED_CURVE('',#6711,(#6715,PARAMETER_VALUE(0.)),(#6716,
    PARAMETER_VALUE(8.)),.T.,.PARAMETER.);
#6711 = LINE('',#6712,#6713);
#6712 = CARTESIAN_POINT('',(22.,259.,70.));
#6713 = VECTOR('',#6714,1.);
#6714 = DIRECTION('',(0.,0.,1.));
#6715 = CARTESIAN_POINT('',(22.,259.,70.));
#6716 = CARTESIAN_POINT('',(22.,259.,78.));
#6717 = GEOMETRIC_CURVE_SET('',(#6718));
#6718 = TRIMMED_CURVE('',#6719,(#6723,PARAMETER_VALUE(0.)),(#6724,
    PARAMETER_VALUE(13.)),.T.,.PARAMETER.);
#6719 = LINE('',#6720,#6721);
#6720 = CARTESIAN_POINT('',(22.,259.,78.));
#6721 = VECTOR('',#6722,1.);
#6722 = DIRECTION('',(0.,1.,0.));
#6723 = CARTESIAN_POINT('',(22.,259.,78.));
#6724 = CARTESIAN_POINT('',(22.,272.,78.));
#6725 = GEOMETRIC_CURVE_SET('',(#6726));
#6726 = TRIMMED_CURVE('',#6727,(#6731,PARAMETER_VALUE(0.)),(#6732,
    PARAMETER_VALUE(8.)),.T.,.PARAMETER.);
#6727 = LINE('',#6728,#6729);
#6728 = CARTESIAN_POINT('',(22.,272.,70.));
#6729 = VECTOR('',#6730,1.);
#6730 = DIRECTION('',(0.,0.,1.));
#6731 = CARTESIAN_POINT('',(22.,272.,70.));
#6732 = CARTESIAN_POINT('',(22.,272.,78.));
#6733 = GEOMETRIC_CURVE_SET('',(#6734));
#6734 = TRIMMED_CURVE('',#6735,(#6739,PARAMETER_VALUE(0.)),(#6740,
    PARAMETER_VALUE(13.)),.T.,.PARAMETER.);
#6735 = LINE('',#6736,#6737);
#6736 = CARTESIAN_POINT('',(22.,259.,70.));
#6737 = VECTOR('',#6738,1.);
#6738 = DIRECTION('',(0.,1.,0.));
#6739 = CARTESIAN_POINT('',(22.,259.,70.));
#6740 = CARTESIAN_POINT('',(22.,272.,70.));
#6741 = GEOMETRIC_CURVE_SET('',(#6742));
#6742 = TRIMMED_CURVE('',#6743,(#6747,PARAMETER_VALUE(0.)),(#6748,
    PARAMETER_VALUE(18.)),.T.,.PARAMETER.);
#6743 = LINE('',#6744,#6745);
#6744 = CARTESIAN_POINT('',(4.,259.,70.));
#6745 = VECTOR('',#6746,1.);
#6746 = DIRECTION('',(1.,0.,0.));
#6747 = CARTESIAN_POINT('',(4.,259.,70.));
#6748 = CARTESIAN_POINT('',(22.,259.,70.));
#6749 = GEOMETRIC_CURVE_SET('',(#6750));
#6750 = TRIMMED_CURVE('',#6751,(#6755,PARAMETER_VALUE(0.)),(#6756,
    PARAMETER_VALUE(18.)),.T.,.PARAMETER.);
#6751 = LINE('',#6752,#6753);
#6752 = CARTESIAN_POINT('',(4.,259.,78.));
#6753 = VECTOR('',#6754,1.);
#6754 = DIRECTION('',(1.,0.,0.));
#6755 = CARTESIAN_POINT('',(4.,259.,78.));
#6756 = CARTESIAN_POINT('',(22.,259.,78.));
#6757 = GEOMETRIC_CURVE_SET('',(#6758));
#6758 = TRIMMED_CURVE('',#6759,(#6763,PARAMETER_VALUE(0.)),(#6764,
    PARAMETER_VALUE(18.)),.T.,.PARAMETER.);
#6759 = LINE('',#6760,#6761);
#6760 = CARTESIAN_POINT('',(4.,272.,70.));
#6761 = VECTOR('',#6762,1.);
#6762 = DIRECTION('',(1.,0.,0.));
#6763 = CARTESIAN_POINT('',(4.,272.,70.));
#6764 = CARTESIAN_POINT('',(22.,272.,70.));
#6765 = GEOMETRIC_CURVE_SET('',(#6766));
#6766 = TRIMMED_CURVE('',#6767,(#6771,PARAMETER_VALUE(0.)),(#6772,
    PARAMETER_VALUE(18.)),.T.,.PARAMETER.);
#6767 = LINE('',#6768,#6769);
#6768 = CARTESIAN_POINT('',(4.,272.,78.));
#6769 = VECTOR('',#6770,1.);
#6770 = DIRECTION('',(1.,0.,0.));
#6771 = CARTESIAN_POINT('',(4.,272.,78.));
#6772 = CARTESIAN_POINT('',(22.,272.,78.));
#6773 = GEOMETRIC_CURVE_SET('',(#6774));
#6774 = TRIMMED_CURVE('',#6775,(#6779,PARAMETER_VALUE(0.)),(#6780,
    PARAMETER_VALUE(8.)),.T.,.PARAMETER.);
#6775 = LINE('',#6776,#6777);
#6776 = CARTESIAN_POINT('',(253.,259.,70.));
#6777 = VECTOR('',#6778,1.);
#6778 = DIRECTION('',(0.,0.,1.));
#6779 = CARTESIAN_POINT('',(253.,259.,70.));
#6780 = CARTESIAN_POINT('',(253.,259.,78.));
#6781 = GEOMETRIC_CURVE_SET('',(#6782));
#6782 = TRIMMED_CURVE('',#6783,(#6787,PARAMETER_VALUE(0.)),(#6788,
    PARAMETER_VALUE(13.)),.T.,.PARAMETER.);
#6783 = LINE('',#6784,#6785);
#6784 = CARTESIAN_POINT('',(253.,259.,78.));
#6785 = VECTOR('',#6786,1.);
#6786 = DIRECTION('',(0.,1.,0.));
#6787 = CARTESIAN_POINT('',(253.,259.,78.));
#6788 = CARTESIAN_POINT('',(253.,272.,78.));
#6789 = GEOMETRIC_CURVE_SET('',(#6790));
#6790 = TRIMMED_CURVE('',#6791,(#6795,PARAMETER_VALUE(0.)),(#6796,
    PARAMETER_VALUE(8.)),.T.,.PARAMETER.);
#6791 = LINE('',#6792,#6793);
#6792 = CARTESIAN_POINT('',(253.,272.,70.));
#6793 = VECTOR('',#6794,1.);
#6794 = DIRECTION('',(0.,0.,1.));
#6795 = CARTESIAN_POINT('',(253.,272.,70.));
#6796 = CARTESIAN_POINT('',(253.,272.,78.));
#6797 = GEOMETRIC_CURVE_SET('',(#6798));
#6798 = TRIMMED_CURVE('',#6799,(#6803,PARAMETER_VALUE(0.)),(#6804,
    PARAMETER_VALUE(13.)),.T.,.PARAMETER.);
#6799 = LINE('',#6800,#6801);
#6800 = CARTESIAN_POINT('',(253.,259.,70.));
#6801 = VECTOR('',#6802,1.);
#6802 = DIRECTION('',(0.,1.,0.));
#6803 = CARTESIAN_POINT('',(253.,259.,70.));
#6804 = CARTESIAN_POINT('',(253.,272.,70.));
#6805 = GEOMETRIC_CURVE_SET('',(#6806));
#6806 = TRIMMED_CURVE('',#6807,(#6811,PARAMETER_VALUE(0.)),(#6812,
    PARAMETER_VALUE(8.)),.T.,.PARAMETER.);
#6807 = LINE('',#6808,#6809);
#6808 = CARTESIAN_POINT('',(271.,259.,70.));
#6809 = VECTOR('',#6810,1.);
#6810 = DIRECTION('',(0.,0.,1.));
#6811 = CARTESIAN_POINT('',(271.,259.,70.));
#6812 = CARTESIAN_POINT('',(271.,259.,78.));
#6813 = GEOMETRIC_CURVE_SET('',(#6814));
#6814 = TRIMMED_CURVE('',#6815,(#6819,PARAMETER_VALUE(0.)),(#6820,
    PARAMETER_VALUE(13.)),.T.,.PARAMETER.);
#6815 = LINE('',#6816,#6817);
#6816 = CARTESIAN_POINT('',(271.,259.,78.));
#6817 = VECTOR('',#6818,1.);
#6818 = DIRECTION('',(0.,1.,0.));
#6819 = CARTESIAN_POINT('',(271.,259.,78.));
#6820 = CARTESIAN_POINT('',(271.,272.,78.));
#6821 = GEOMETRIC_CURVE_SET('',(#6822));
#6822 = TRIMMED_CURVE('',#6823,(#6827,PARAMETER_VALUE(0.)),(#6828,
    PARAMETER_VALUE(8.)),.T.,.PARAMETER.);
#6823 = LINE('',#6824,#6825);
#6824 = CARTESIAN_POINT('',(271.,272.,70.));
#6825 = VECTOR('',#6826,1.);
#6826 = DIRECTION('',(0.,0.,1.));
#6827 = CARTESIAN_POINT('',(271.,272.,70.));
#6828 = CARTESIAN_POINT('',(271.,272.,78.));
#6829 = GEOMETRIC_CURVE_SET('',(#6830));
#6830 = TRIMMED_CURVE('',#6831,(#6835,PARAMETER_VALUE(0.)),(#6836,
    PARAMETER_VALUE(13.)),.T.,.PARAMETER.);
#6831 = LINE('',#6832,#6833);
#6832 = CARTESIAN_POINT('',(271.,259.,70.));
#6833 = VECTOR('',#6834,1.);
#6834 = DIRECTION('',(0.,1.,0.));
#6835 = CARTESIAN_POINT('',(271.,259.,70.));
#6836 = CARTESIAN_POINT('',(271.,272.,70.));
#6837 = GEOMETRIC_CURVE_SET('',(#6838));
#6838 = TRIMMED_CURVE('',#6839,(#6843,PARAMETER_VALUE(0.)),(#6844,
    PARAMETER_VALUE(18.)),.T.,.PARAMETER.);
#6839 = LINE('',#6840,#6841);
#6840 = CARTESIAN_POINT('',(253.,259.,70.));
#6841 = VECTOR('',#6842,1.);
#6842 = DIRECTION('',(1.,0.,0.));
#6843 = CARTESIAN_POINT('',(253.,259.,70.));
#6844 = CARTESIAN_POINT('',(271.,259.,70.));
#6845 = GEOMETRIC_CURVE_SET('',(#6846));
#6846 = TRIMMED_CURVE('',#6847,(#6851,PARAMETER_VALUE(0.)),(#6852,
    PARAMETER_VALUE(18.)),.T.,.PARAMETER.);
#6847 = LINE('',#6848,#6849);
#6848 = CARTESIAN_POINT('',(253.,259.,78.));
#6849 = VECTOR('',#6850,1.);
#6850 = DIRECTION('',(1.,0.,0.));
#6851 = CARTESIAN_POINT('',(253.,259.,78.));
#6852 = CARTESIAN_POINT('',(271.,259.,78.));
#6853 = GEOMETRIC_CURVE_SET('',(#6854));
#6854 = TRIMMED_CURVE('',#6855,(#6859,PARAMETER_VALUE(0.)),(#6860,
    PARAMETER_VALUE(18.)),.T.,.PARAMETER.);
#6855 = LINE('',#6856,#6857);
#6856 = CARTESIAN_POINT('',(253.,272.,70.));
#6857 = VECTOR('',#6858,1.);
#6858 = DIRECTION('',(1.,0.,0.));
#6859 = CARTESIAN_POINT('',(253.,272.,70.));
#6860 = CARTESIAN_POINT('',(271.,272.,70.));
#6861 = GEOMETRIC_CURVE_SET('',(#6862));
#6862 = TRIMMED_CURVE('',#6863,(#6867,PARAMETER_VALUE(0.)),(#6868,
    PARAMETER_VALUE(18.)),.T.,.PARAMETER.);
#6863 = LINE('',#6864,#6865);
#6864 = CARTESIAN_POINT('',(253.,272.,78.));
#6865 = VECTOR('',#6866,1.);
#6866 = DIRECTION('',(1.,0.,0.));
#6867 = CARTESIAN_POINT('',(253.,272.,78.));
#6868 = CARTESIAN_POINT('',(271.,272.,78.));
#6869 = GEOMETRIC_CURVE_SET('',(#6870));
#6870 = TRIMMED_CURVE('',#6871,(#6875,PARAMETER_VALUE(0.)),(#6876,
    PARAMETER_VALUE(8.)),.T.,.PARAMETER.);
#6871 = LINE('',#6872,#6873);
#6872 = CARTESIAN_POINT('',(40.,2.,137.1));
#6873 = VECTOR('',#6874,1.);
#6874 = DIRECTION('',(0.,0.,1.));
#6875 = CARTESIAN_POINT('',(40.,2.,137.1));
#6876 = CARTESIAN_POINT('',(40.,2.,145.1));
#6877 = GEOMETRIC_CURVE_SET('',(#6878));
#6878 = TRIMMED_CURVE('',#6879,(#6883,PARAMETER_VALUE(0.)),(#6884,
    PARAMETER_VALUE(18.)),.T.,.PARAMETER.);
#6879 = LINE('',#6880,#6881);
#6880 = CARTESIAN_POINT('',(40.,2.,145.1));
#6881 = VECTOR('',#6882,1.);
#6882 = DIRECTION('',(0.,1.,0.));
#6883 = CARTESIAN_POINT('',(40.,2.,145.1));
#6884 = CARTESIAN_POINT('',(40.,20.,145.1));
#6885 = GEOMETRIC_CURVE_SET('',(#6886));
#6886 = TRIMMED_CURVE('',#6887,(#6891,PARAMETER_VALUE(0.)),(#6892,
    PARAMETER_VALUE(8.)),.T.,.PARAMETER.);
#6887 = LINE('',#6888,#6889);
#6888 = CARTESIAN_POINT('',(40.,20.,137.1));
#6889 = VECTOR('',#6890,1.);
#6890 = DIRECTION('',(0.,0.,1.));
#6891 = CARTESIAN_POINT('',(40.,20.,137.1));
#6892 = CARTESIAN_POINT('',(40.,20.,145.1));
#6893 = GEOMETRIC_CURVE_SET('',(#6894));
#6894 = TRIMMED_CURVE('',#6895,(#6899,PARAMETER_VALUE(0.)),(#6900,
    PARAMETER_VALUE(18.)),.T.,.PARAMETER.);
#6895 = LINE('',#6896,#6897);
#6896 = CARTESIAN_POINT('',(40.,2.,137.1));
#6897 = VECTOR('',#6898,1.);
#6898 = DIRECTION('',(0.,1.,0.));
#6899 = CARTESIAN_POINT('',(40.,2.,137.1));
#6900 = CARTESIAN_POINT('',(40.,20.,137.1));
#6901 = GEOMETRIC_CURVE_SET('',(#6902));
#6902 = TRIMMED_CURVE('',#6903,(#6907,PARAMETER_VALUE(0.)),(#6908,
    PARAMETER_VALUE(8.)),.T.,.PARAMETER.);
#6903 = LINE('',#6904,#6905);
#6904 = CARTESIAN_POINT('',(53.,2.,137.1));
#6905 = VECTOR('',#6906,1.);
#6906 = DIRECTION('',(0.,0.,1.));
#6907 = CARTESIAN_POINT('',(53.,2.,137.1));
#6908 = CARTESIAN_POINT('',(53.,2.,145.1));
#6909 = GEOMETRIC_CURVE_SET('',(#6910));
#6910 = TRIMMED_CURVE('',#6911,(#6915,PARAMETER_VALUE(0.)),(#6916,
    PARAMETER_VALUE(18.)),.T.,.PARAMETER.);
#6911 = LINE('',#6912,#6913);
#6912 = CARTESIAN_POINT('',(53.,2.,145.1));
#6913 = VECTOR('',#6914,1.);
#6914 = DIRECTION('',(0.,1.,0.));
#6915 = CARTESIAN_POINT('',(53.,2.,145.1));
#6916 = CARTESIAN_POINT('',(53.,20.,145.1));
#6917 = GEOMETRIC_CURVE_SET('',(#6918));
#6918 = TRIMMED_CURVE('',#6919,(#6923,PARAMETER_VALUE(0.)),(#6924,
    PARAMETER_VALUE(8.)),.T.,.PARAMETER.);
#6919 = LINE('',#6920,#6921);
#6920 = CARTESIAN_POINT('',(53.,20.,137.1));
#6921 = VECTOR('',#6922,1.);
#6922 = DIRECTION('',(0.,0.,1.));
#6923 = CARTESIAN_POINT('',(53.,20.,137.1));
#6924 = CARTESIAN_POINT('',(53.,20.,145.1));
#6925 = GEOMETRIC_CURVE_SET('',(#6926));
#6926 = TRIMMED_CURVE('',#6927,(#6931,PARAMETER_VALUE(0.)),(#6932,
    PARAMETER_VALUE(18.)),.T.,.PARAMETER.);
#6927 = LINE('',#6928,#6929);
#6928 = CARTESIAN_POINT('',(53.,2.,137.1));
#6929 = VECTOR('',#6930,1.);
#6930 = DIRECTION('',(0.,1.,0.));
#6931 = CARTESIAN_POINT('',(53.,2.,137.1));
#6932 = CARTESIAN_POINT('',(53.,20.,137.1));
#6933 = GEOMETRIC_CURVE_SET('',(#6934));
#6934 = TRIMMED_CURVE('',#6935,(#6939,PARAMETER_VALUE(0.)),(#6940,
    PARAMETER_VALUE(13.)),.T.,.PARAMETER.);
#6935 = LINE('',#6936,#6937);
#6936 = CARTESIAN_POINT('',(40.,2.,137.1));
#6937 = VECTOR('',#6938,1.);
#6938 = DIRECTION('',(1.,0.,0.));
#6939 = CARTESIAN_POINT('',(40.,2.,137.1));
#6940 = CARTESIAN_POINT('',(53.,2.,137.1));
#6941 = GEOMETRIC_CURVE_SET('',(#6942));
#6942 = TRIMMED_CURVE('',#6943,(#6947,PARAMETER_VALUE(0.)),(#6948,
    PARAMETER_VALUE(13.)),.T.,.PARAMETER.);
#6943 = LINE('',#6944,#6945);
#6944 = CARTESIAN_POINT('',(40.,2.,145.1));
#6945 = VECTOR('',#6946,1.);
#6946 = DIRECTION('',(1.,0.,0.));
#6947 = CARTESIAN_POINT('',(40.,2.,145.1));
#6948 = CARTESIAN_POINT('',(53.,2.,145.1));
#6949 = GEOMETRIC_CURVE_SET('',(#6950));
#6950 = TRIMMED_CURVE('',#6951,(#6955,PARAMETER_VALUE(0.)),(#6956,
    PARAMETER_VALUE(13.)),.T.,.PARAMETER.);
#6951 = LINE('',#6952,#6953);
#6952 = CARTESIAN_POINT('',(40.,20.,137.1));
#6953 = VECTOR('',#6954,1.);
#6954 = DIRECTION('',(1.,0.,0.));
#6955 = CARTESIAN_POINT('',(40.,20.,137.1));
#6956 = CARTESIAN_POINT('',(53.,20.,137.1));
#6957 = GEOMETRIC_CURVE_SET('',(#6958));
#6958 = TRIMMED_CURVE('',#6959,(#6963,PARAMETER_VALUE(0.)),(#6964,
    PARAMETER_VALUE(13.)),.T.,.PARAMETER.);
#6959 = LINE('',#6960,#6961);
#6960 = CARTESIAN_POINT('',(40.,20.,145.1));
#6961 = VECTOR('',#6962,1.);
#6962 = DIRECTION('',(1.,0.,0.));
#6963 = CARTESIAN_POINT('',(40.,20.,145.1));
#6964 = CARTESIAN_POINT('',(53.,20.,145.1));
#6965 = GEOMETRIC_CURVE_SET('',(#6966));
#6966 = TRIMMED_CURVE('',#6967,(#6971,PARAMETER_VALUE(0.)),(#6972,
    PARAMETER_VALUE(8.)),.T.,.PARAMETER.);
#6967 = LINE('',#6968,#6969);
#6968 = CARTESIAN_POINT('',(250.,2.,137.1));
#6969 = VECTOR('',#6970,1.);
#6970 = DIRECTION('',(0.,0.,1.));
#6971 = CARTESIAN_POINT('',(250.,2.,137.1));
#6972 = CARTESIAN_POINT('',(250.,2.,145.1));
#6973 = GEOMETRIC_CURVE_SET('',(#6974));
#6974 = TRIMMED_CURVE('',#6975,(#6979,PARAMETER_VALUE(0.)),(#6980,
    PARAMETER_VALUE(18.)),.T.,.PARAMETER.);
#6975 = LINE('',#6976,#6977);
#6976 = CARTESIAN_POINT('',(250.,2.,145.1));
#6977 = VECTOR('',#6978,1.);
#6978 = DIRECTION('',(0.,1.,0.));
#6979 = CARTESIAN_POINT('',(250.,2.,145.1));
#6980 = CARTESIAN_POINT('',(250.,20.,145.1));
#6981 = GEOMETRIC_CURVE_SET('',(#6982));
#6982 = TRIMMED_CURVE('',#6983,(#6987,PARAMETER_VALUE(0.)),(#6988,
    PARAMETER_VALUE(8.)),.T.,.PARAMETER.);
#6983 = LINE('',#6984,#6985);
#6984 = CARTESIAN_POINT('',(250.,20.,137.1));
#6985 = VECTOR('',#6986,1.);
#6986 = DIRECTION('',(0.,0.,1.));
#6987 = CARTESIAN_POINT('',(250.,20.,137.1));
#6988 = CARTESIAN_POINT('',(250.,20.,145.1));
#6989 = GEOMETRIC_CURVE_SET('',(#6990));
#6990 = TRIMMED_CURVE('',#6991,(#6995,PARAMETER_VALUE(0.)),(#6996,
    PARAMETER_VALUE(18.)),.T.,.PARAMETER.);
#6991 = LINE('',#6992,#6993);
#6992 = CARTESIAN_POINT('',(250.,2.,137.1));
#6993 = VECTOR('',#6994,1.);
#6994 = DIRECTION('',(0.,1.,0.));
#6995 = CARTESIAN_POINT('',(250.,2.,137.1));
#6996 = CARTESIAN_POINT('',(250.,20.,137.1));
#6997 = GEOMETRIC_CURVE_SET('',(#6998));
#6998 = TRIMMED_CURVE('',#6999,(#7003,PARAMETER_VALUE(0.)),(#7004,
    PARAMETER_VALUE(8.)),.T.,.PARAMETER.);
#6999 = LINE('',#7000,#7001);
#7000 = CARTESIAN_POINT('',(263.,2.,137.1));
#7001 = VECTOR('',#7002,1.);
#7002 = DIRECTION('',(0.,0.,1.));
#7003 = CARTESIAN_POINT('',(263.,2.,137.1));
#7004 = CARTESIAN_POINT('',(263.,2.,145.1));
#7005 = GEOMETRIC_CURVE_SET('',(#7006));
#7006 = TRIMMED_CURVE('',#7007,(#7011,PARAMETER_VALUE(0.)),(#7012,
    PARAMETER_VALUE(18.)),.T.,.PARAMETER.);
#7007 = LINE('',#7008,#7009);
#7008 = CARTESIAN_POINT('',(263.,2.,145.1));
#7009 = VECTOR('',#7010,1.);
#7010 = DIRECTION('',(0.,1.,0.));
#7011 = CARTESIAN_POINT('',(263.,2.,145.1));
#7012 = CARTESIAN_POINT('',(263.,20.,145.1));
#7013 = GEOMETRIC_CURVE_SET('',(#7014));
#7014 = TRIMMED_CURVE('',#7015,(#7019,PARAMETER_VALUE(0.)),(#7020,
    PARAMETER_VALUE(8.)),.T.,.PARAMETER.);
#7015 = LINE('',#7016,#7017);
#7016 = CARTESIAN_POINT('',(263.,20.,137.1));
#7017 = VECTOR('',#7018,1.);
#7018 = DIRECTION('',(0.,0.,1.));
#7019 = CARTESIAN_POINT('',(263.,20.,137.1));
#7020 = CARTESIAN_POINT('',(263.,20.,145.1));
#7021 = GEOMETRIC_CURVE_SET('',(#7022));
#7022 = TRIMMED_CURVE('',#7023,(#7027,PARAMETER_VALUE(0.)),(#7028,
    PARAMETER_VALUE(18.)),.T.,.PARAMETER.);
#7023 = LINE('',#7024,#7025);
#7024 = CARTESIAN_POINT('',(263.,2.,137.1));
#7025 = VECTOR('',#7026,1.);
#7026 = DIRECTION('',(0.,1.,0.));
#7027 = CARTESIAN_POINT('',(263.,2.,137.1));
#7028 = CARTESIAN_POINT('',(263.,20.,137.1));
#7029 = GEOMETRIC_CURVE_SET('',(#7030));
#7030 = TRIMMED_CURVE('',#7031,(#7035,PARAMETER_VALUE(0.)),(#7036,
    PARAMETER_VALUE(13.)),.T.,.PARAMETER.);
#7031 = LINE('',#7032,#7033);
#7032 = CARTESIAN_POINT('',(250.,2.,137.1));
#7033 = VECTOR('',#7034,1.);
#7034 = DIRECTION('',(1.,0.,0.));
#7035 = CARTESIAN_POINT('',(250.,2.,137.1));
#7036 = CARTESIAN_POINT('',(263.,2.,137.1));
#7037 = GEOMETRIC_CURVE_SET('',(#7038));
#7038 = TRIMMED_CURVE('',#7039,(#7043,PARAMETER_VALUE(0.)),(#7044,
    PARAMETER_VALUE(13.)),.T.,.PARAMETER.);
#7039 = LINE('',#7040,#7041);
#7040 = CARTESIAN_POINT('',(250.,2.,145.1));
#7041 = VECTOR('',#7042,1.);
#7042 = DIRECTION('',(1.,0.,0.));
#7043 = CARTESIAN_POINT('',(250.,2.,145.1));
#7044 = CARTESIAN_POINT('',(263.,2.,145.1));
#7045 = GEOMETRIC_CURVE_SET('',(#7046));
#7046 = TRIMMED_CURVE('',#7047,(#7051,PARAMETER_VALUE(0.)),(#7052,
    PARAMETER_VALUE(13.)),.T.,.PARAMETER.);
#7047 = LINE('',#7048,#7049);
#7048 = CARTESIAN_POINT('',(250.,20.,137.1));
#7049 = VECTOR('',#7050,1.);
#7050 = DIRECTION('',(1.,0.,0.));
#7051 = CARTESIAN_POINT('',(250.,20.,137.1));
#7052 = CARTESIAN_POINT('',(263.,20.,137.1));
#7053 = GEOMETRIC_CURVE_SET('',(#7054));
#7054 = TRIMMED_CURVE('',#7055,(#7059,PARAMETER_VALUE(0.)),(#7060,
    PARAMETER_VALUE(13.)),.T.,.PARAMETER.);
#7055 = LINE('',#7056,#7057);
#7056 = CARTESIAN_POINT('',(250.,20.,145.1));
#7057 = VECTOR('',#7058,1.);
#7058 = DIRECTION('',(1.,0.,0.));
#7059 = CARTESIAN_POINT('',(250.,20.,145.1));
#7060 = CARTESIAN_POINT('',(263.,20.,145.1));
#7061 = GEOMETRIC_CURVE_SET('',(#7062));
#7062 = TRIMMED_CURVE('',#7063,(#7067,PARAMETER_VALUE(0.)),(#7068,
    PARAMETER_VALUE(8.)),.T.,.PARAMETER.);
#7063 = LINE('',#7064,#7065);
#7064 = CARTESIAN_POINT('',(2.,140.,125.1));
#7065 = VECTOR('',#7066,1.);
#7066 = DIRECTION('',(0.,0.,1.));
#7067 = CARTESIAN_POINT('',(2.,140.,125.1));
#7068 = CARTESIAN_POINT('',(2.,140.,133.1));
#7069 = GEOMETRIC_CURVE_SET('',(#7070));
#7070 = TRIMMED_CURVE('',#7071,(#7075,PARAMETER_VALUE(0.)),(#7076,
    PARAMETER_VALUE(18.)),.T.,.PARAMETER.);
#7071 = LINE('',#7072,#7073);
#7072 = CARTESIAN_POINT('',(2.,140.,133.1));
#7073 = VECTOR('',#7074,1.);
#7074 = DIRECTION('',(0.,1.,0.));
#7075 = CARTESIAN_POINT('',(2.,140.,133.1));
#7076 = CARTESIAN_POINT('',(2.,158.,133.1));
#7077 = GEOMETRIC_CURVE_SET('',(#7078));
#7078 = TRIMMED_CURVE('',#7079,(#7083,PARAMETER_VALUE(0.)),(#7084,
    PARAMETER_VALUE(8.)),.T.,.PARAMETER.);
#7079 = LINE('',#7080,#7081);
#7080 = CARTESIAN_POINT('',(2.,158.,125.1));
#7081 = VECTOR('',#7082,1.);
#7082 = DIRECTION('',(0.,0.,1.));
#7083 = CARTESIAN_POINT('',(2.,158.,125.1));
#7084 = CARTESIAN_POINT('',(2.,158.,133.1));
#7085 = GEOMETRIC_CURVE_SET('',(#7086));
#7086 = TRIMMED_CURVE('',#7087,(#7091,PARAMETER_VALUE(0.)),(#7092,
    PARAMETER_VALUE(18.)),.T.,.PARAMETER.);
#7087 = LINE('',#7088,#7089);
#7088 = CARTESIAN_POINT('',(2.,140.,125.1));
#7089 = VECTOR('',#7090,1.);
#7090 = DIRECTION('',(0.,1.,0.));
#7091 = CARTESIAN_POINT('',(2.,140.,125.1));
#7092 = CARTESIAN_POINT('',(2.,158.,125.1));
#7093 = GEOMETRIC_CURVE_SET('',(#7094));
#7094 = TRIMMED_CURVE('',#7095,(#7099,PARAMETER_VALUE(0.)),(#7100,
    PARAMETER_VALUE(8.)),.T.,.PARAMETER.);
#7095 = LINE('',#7096,#7097);
#7096 = CARTESIAN_POINT('',(15.,140.,125.1));
#7097 = VECTOR('',#7098,1.);
#7098 = DIRECTION('',(0.,0.,1.));
#7099 = CARTESIAN_POINT('',(15.,140.,125.1));
#7100 = CARTESIAN_POINT('',(15.,140.,133.1));
#7101 = GEOMETRIC_CURVE_SET('',(#7102));
#7102 = TRIMMED_CURVE('',#7103,(#7107,PARAMETER_VALUE(0.)),(#7108,
    PARAMETER_VALUE(18.)),.T.,.PARAMETER.);
#7103 = LINE('',#7104,#7105);
#7104 = CARTESIAN_POINT('',(15.,140.,133.1));
#7105 = VECTOR('',#7106,1.);
#7106 = DIRECTION('',(0.,1.,0.));
#7107 = CARTESIAN_POINT('',(15.,140.,133.1));
#7108 = CARTESIAN_POINT('',(15.,158.,133.1));
#7109 = GEOMETRIC_CURVE_SET('',(#7110));
#7110 = TRIMMED_CURVE('',#7111,(#7115,PARAMETER_VALUE(0.)),(#7116,
    PARAMETER_VALUE(8.)),.T.,.PARAMETER.);
#7111 = LINE('',#7112,#7113);
#7112 = CARTESIAN_POINT('',(15.,158.,125.1));
#7113 = VECTOR('',#7114,1.);
#7114 = DIRECTION('',(0.,0.,1.));
#7115 = CARTESIAN_POINT('',(15.,158.,125.1));
#7116 = CARTESIAN_POINT('',(15.,158.,133.1));
#7117 = GEOMETRIC_CURVE_SET('',(#7118));
#7118 = TRIMMED_CURVE('',#7119,(#7123,PARAMETER_VALUE(0.)),(#7124,
    PARAMETER_VALUE(18.)),.T.,.PARAMETER.);
#7119 = LINE('',#7120,#7121);
#7120 = CARTESIAN_POINT('',(15.,140.,125.1));
#7121 = VECTOR('',#7122,1.);
#7122 = DIRECTION('',(0.,1.,0.));
#7123 = CARTESIAN_POINT('',(15.,140.,125.1));
#7124 = CARTESIAN_POINT('',(15.,158.,125.1));
#7125 = GEOMETRIC_CURVE_SET('',(#7126));
#7126 = TRIMMED_CURVE('',#7127,(#7131,PARAMETER_VALUE(0.)),(#7132,
    PARAMETER_VALUE(13.)),.T.,.PARAMETER.);
#7127 = LINE('',#7128,#7129);
#7128 = CARTESIAN_POINT('',(2.,140.,125.1));
#7129 = VECTOR('',#7130,1.);
#7130 = DIRECTION('',(1.,0.,0.));
#7131 = CARTESIAN_POINT('',(2.,140.,125.1));
#7132 = CARTESIAN_POINT('',(15.,140.,125.1));
#7133 = GEOMETRIC_CURVE_SET('',(#7134));
#7134 = TRIMMED_CURVE('',#7135,(#7139,PARAMETER_VALUE(0.)),(#7140,
    PARAMETER_VALUE(13.)),.T.,.PARAMETER.);
#7135 = LINE('',#7136,#7137);
#7136 = CARTESIAN_POINT('',(2.,140.,133.1));
#7137 = VECTOR('',#7138,1.);
#7138 = DIRECTION('',(1.,0.,0.));
#7139 = CARTESIAN_POINT('',(2.,140.,133.1));
#7140 = CARTESIAN_POINT('',(15.,140.,133.1));
#7141 = GEOMETRIC_CURVE_SET('',(#7142));
#7142 = TRIMMED_CURVE('',#7143,(#7147,PARAMETER_VALUE(0.)),(#7148,
    PARAMETER_VALUE(13.)),.T.,.PARAMETER.);
#7143 = LINE('',#7144,#7145);
#7144 = CARTESIAN_POINT('',(2.,158.,125.1));
#7145 = VECTOR('',#7146,1.);
#7146 = DIRECTION('',(1.,0.,0.));
#7147 = CARTESIAN_POINT('',(2.,158.,125.1));
#7148 = CARTESIAN_POINT('',(15.,158.,125.1));
#7149 = GEOMETRIC_CURVE_SET('',(#7150));
#7150 = TRIMMED_CURVE('',#7151,(#7155,PARAMETER_VALUE(0.)),(#7156,
    PARAMETER_VALUE(13.)),.T.,.PARAMETER.);
#7151 = LINE('',#7152,#7153);
#7152 = CARTESIAN_POINT('',(2.,158.,133.1));
#7153 = VECTOR('',#7154,1.);
#7154 = DIRECTION('',(1.,0.,0.));
#7155 = CARTESIAN_POINT('',(2.,158.,133.1));
#7156 = CARTESIAN_POINT('',(15.,158.,133.1));
#7157 = GEOMETRIC_CURVE_SET('',(#7158));
#7158 = TRIMMED_CURVE('',#7159,(#7163,PARAMETER_VALUE(0.)),(#7164,
    PARAMETER_VALUE(8.)),.T.,.PARAMETER.);
#7159 = LINE('',#7160,#7161);
#7160 = CARTESIAN_POINT('',(261.,140.,125.1));
#7161 = VECTOR('',#7162,1.);
#7162 = DIRECTION('',(0.,0.,1.));
#7163 = CARTESIAN_POINT('',(261.,140.,125.1));
#7164 = CARTESIAN_POINT('',(261.,140.,133.1));
#7165 = GEOMETRIC_CURVE_SET('',(#7166));
#7166 = TRIMMED_CURVE('',#7167,(#7171,PARAMETER_VALUE(0.)),(#7172,
    PARAMETER_VALUE(18.)),.T.,.PARAMETER.);
#7167 = LINE('',#7168,#7169);
#7168 = CARTESIAN_POINT('',(261.,140.,133.1));
#7169 = VECTOR('',#7170,1.);
#7170 = DIRECTION('',(0.,1.,0.));
#7171 = CARTESIAN_POINT('',(261.,140.,133.1));
#7172 = CARTESIAN_POINT('',(261.,158.,133.1));
#7173 = GEOMETRIC_CURVE_SET('',(#7174));
#7174 = TRIMMED_CURVE('',#7175,(#7179,PARAMETER_VALUE(0.)),(#7180,
    PARAMETER_VALUE(8.)),.T.,.PARAMETER.);
#7175 = LINE('',#7176,#7177);
#7176 = CARTESIAN_POINT('',(261.,158.,125.1));
#7177 = VECTOR('',#7178,1.);
#7178 = DIRECTION('',(0.,0.,1.));
#7179 = CARTESIAN_POINT('',(261.,158.,125.1));
#7180 = CARTESIAN_POINT('',(261.,158.,133.1));
#7181 = GEOMETRIC_CURVE_SET('',(#7182));
#7182 = TRIMMED_CURVE('',#7183,(#7187,PARAMETER_VALUE(0.)),(#7188,
    PARAMETER_VALUE(18.)),.T.,.PARAMETER.);
#7183 = LINE('',#7184,#7185);
#7184 = CARTESIAN_POINT('',(261.,140.,125.1));
#7185 = VECTOR('',#7186,1.);
#7186 = DIRECTION('',(0.,1.,0.));
#7187 = CARTESIAN_POINT('',(261.,140.,125.1));
#7188 = CARTESIAN_POINT('',(261.,158.,125.1));
#7189 = GEOMETRIC_CURVE_SET('',(#7190));
#7190 = TRIMMED_CURVE('',#7191,(#7195,PARAMETER_VALUE(0.)),(#7196,
    PARAMETER_VALUE(8.)),.T.,.PARAMETER.);
#7191 = LINE('',#7192,#7193);
#7192 = CARTESIAN_POINT('',(274.,140.,125.1));
#7193 = VECTOR('',#7194,1.);
#7194 = DIRECTION('',(0.,0.,1.));
#7195 = CARTESIAN_POINT('',(274.,140.,125.1));
#7196 = CARTESIAN_POINT('',(274.,140.,133.1));
#7197 = GEOMETRIC_CURVE_SET('',(#7198));
#7198 = TRIMMED_CURVE('',#7199,(#7203,PARAMETER_VALUE(0.)),(#7204,
    PARAMETER_VALUE(18.)),.T.,.PARAMETER.);
#7199 = LINE('',#7200,#7201);
#7200 = CARTESIAN_POINT('',(274.,140.,133.1));
#7201 = VECTOR('',#7202,1.);
#7202 = DIRECTION('',(0.,1.,0.));
#7203 = CARTESIAN_POINT('',(274.,140.,133.1));
#7204 = CARTESIAN_POINT('',(274.,158.,133.1));
#7205 = GEOMETRIC_CURVE_SET('',(#7206));
#7206 = TRIMMED_CURVE('',#7207,(#7211,PARAMETER_VALUE(0.)),(#7212,
    PARAMETER_VALUE(8.)),.T.,.PARAMETER.);
#7207 = LINE('',#7208,#7209);
#7208 = CARTESIAN_POINT('',(274.,158.,125.1));
#7209 = VECTOR('',#7210,1.);
#7210 = DIRECTION('',(0.,0.,1.));
#7211 = CARTESIAN_POINT('',(274.,158.,125.1));
#7212 = CARTESIAN_POINT('',(274.,158.,133.1));
#7213 = GEOMETRIC_CURVE_SET('',(#7214));
#7214 = TRIMMED_CURVE('',#7215,(#7219,PARAMETER_VALUE(0.)),(#7220,
    PARAMETER_VALUE(18.)),.T.,.PARAMETER.);
#7215 = LINE('',#7216,#7217);
#7216 = CARTESIAN_POINT('',(274.,140.,125.1));
#7217 = VECTOR('',#7218,1.);
#7218 = DIRECTION('',(0.,1.,0.));
#7219 = CARTESIAN_POINT('',(274.,140.,125.1));
#7220 = CARTESIAN_POINT('',(274.,158.,125.1));
#7221 = GEOMETRIC_CURVE_SET('',(#7222));
#7222 = TRIMMED_CURVE('',#7223,(#7227,PARAMETER_VALUE(0.)),(#7228,
    PARAMETER_VALUE(13.)),.T.,.PARAMETER.);
#7223 = LINE('',#7224,#7225);
#7224 = CARTESIAN_POINT('',(261.,140.,125.1));
#7225 = VECTOR('',#7226,1.);
#7226 = DIRECTION('',(1.,0.,0.));
#7227 = CARTESIAN_POINT('',(261.,140.,125.1));
#7228 = CARTESIAN_POINT('',(274.,140.,125.1));
#7229 = GEOMETRIC_CURVE_SET('',(#7230));
#7230 = TRIMMED_CURVE('',#7231,(#7235,PARAMETER_VALUE(0.)),(#7236,
    PARAMETER_VALUE(13.)),.T.,.PARAMETER.);
#7231 = LINE('',#7232,#7233);
#7232 = CARTESIAN_POINT('',(261.,140.,133.1));
#7233 = VECTOR('',#7234,1.);
#7234 = DIRECTION('',(1.,0.,0.));
#7235 = CARTESIAN_POINT('',(261.,140.,133.1));
#7236 = CARTESIAN_POINT('',(274.,140.,133.1));
#7237 = GEOMETRIC_CURVE_SET('',(#7238));
#7238 = TRIMMED_CURVE('',#7239,(#7243,PARAMETER_VALUE(0.)),(#7244,
    PARAMETER_VALUE(13.)),.T.,.PARAMETER.);
#7239 = LINE('',#7240,#7241);
#7240 = CARTESIAN_POINT('',(261.,158.,125.1));
#7241 = VECTOR('',#7242,1.);
#7242 = DIRECTION('',(1.,0.,0.));
#7243 = CARTESIAN_POINT('',(261.,158.,125.1));
#7244 = CARTESIAN_POINT('',(274.,158.,125.1));
#7245 = GEOMETRIC_CURVE_SET('',(#7246));
#7246 = TRIMMED_CURVE('',#7247,(#7251,PARAMETER_VALUE(0.)),(#7252,
    PARAMETER_VALUE(13.)),.T.,.PARAMETER.);
#7247 = LINE('',#7248,#7249);
#7248 = CARTESIAN_POINT('',(261.,158.,133.1));
#7249 = VECTOR('',#7250,1.);
#7250 = DIRECTION('',(1.,0.,0.));
#7251 = CARTESIAN_POINT('',(261.,158.,133.1));
#7252 = CARTESIAN_POINT('',(274.,158.,133.1));
#7253 = GEOMETRIC_CURVE_SET('',(#7254));
#7254 = TRIMMED_CURVE('',#7255,(#7259,PARAMETER_VALUE(0.)),(#7260,
    PARAMETER_VALUE(8.)),.T.,.PARAMETER.);
#7255 = LINE('',#7256,#7257);
#7256 = CARTESIAN_POINT('',(45.,253.,137.1));
#7257 = VECTOR('',#7258,1.);
#7258 = DIRECTION('',(0.,0.,1.));
#7259 = CARTESIAN_POINT('',(45.,253.,137.1));
#7260 = CARTESIAN_POINT('',(45.,253.,145.1));
#7261 = GEOMETRIC_CURVE_SET('',(#7262));
#7262 = TRIMMED_CURVE('',#7263,(#7267,PARAMETER_VALUE(0.)),(#7268,
    PARAMETER_VALUE(18.)),.T.,.PARAMETER.);
#7263 = LINE('',#7264,#7265);
#7264 = CARTESIAN_POINT('',(45.,253.,145.1));
#7265 = VECTOR('',#7266,1.);
#7266 = DIRECTION('',(0.,1.,0.));
#7267 = CARTESIAN_POINT('',(45.,253.,145.1));
#7268 = CARTESIAN_POINT('',(45.,271.,145.1));
#7269 = GEOMETRIC_CURVE_SET('',(#7270));
#7270 = TRIMMED_CURVE('',#7271,(#7275,PARAMETER_VALUE(0.)),(#7276,
    PARAMETER_VALUE(8.)),.T.,.PARAMETER.);
#7271 = LINE('',#7272,#7273);
#7272 = CARTESIAN_POINT('',(45.,271.,137.1));
#7273 = VECTOR('',#7274,1.);
#7274 = DIRECTION('',(0.,0.,1.));
#7275 = CARTESIAN_POINT('',(45.,271.,137.1));
#7276 = CARTESIAN_POINT('',(45.,271.,145.1));
#7277 = GEOMETRIC_CURVE_SET('',(#7278));
#7278 = TRIMMED_CURVE('',#7279,(#7283,PARAMETER_VALUE(0.)),(#7284,
    PARAMETER_VALUE(18.)),.T.,.PARAMETER.);
#7279 = LINE('',#7280,#7281);
#7280 = CARTESIAN_POINT('',(45.,253.,137.1));
#7281 = VECTOR('',#7282,1.);
#7282 = DIRECTION('',(0.,1.,0.));
#7283 = CARTESIAN_POINT('',(45.,253.,137.1));
#7284 = CARTESIAN_POINT('',(45.,271.,137.1));
#7285 = GEOMETRIC_CURVE_SET('',(#7286));
#7286 = TRIMMED_CURVE('',#7287,(#7291,PARAMETER_VALUE(0.)),(#7292,
    PARAMETER_VALUE(8.)),.T.,.PARAMETER.);
#7287 = LINE('',#7288,#7289);
#7288 = CARTESIAN_POINT('',(58.,253.,137.1));
#7289 = VECTOR('',#7290,1.);
#7290 = DIRECTION('',(0.,0.,1.));
#7291 = CARTESIAN_POINT('',(58.,253.,137.1));
#7292 = CARTESIAN_POINT('',(58.,253.,145.1));
#7293 = GEOMETRIC_CURVE_SET('',(#7294));
#7294 = TRIMMED_CURVE('',#7295,(#7299,PARAMETER_VALUE(0.)),(#7300,
    PARAMETER_VALUE(18.)),.T.,.PARAMETER.);
#7295 = LINE('',#7296,#7297);
#7296 = CARTESIAN_POINT('',(58.,253.,145.1));
#7297 = VECTOR('',#7298,1.);
#7298 = DIRECTION('',(0.,1.,0.));
#7299 = CARTESIAN_POINT('',(58.,253.,145.1));
#7300 = CARTESIAN_POINT('',(58.,271.,145.1));
#7301 = GEOMETRIC_CURVE_SET('',(#7302));
#7302 = TRIMMED_CURVE('',#7303,(#7307,PARAMETER_VALUE(0.)),(#7308,
    PARAMETER_VALUE(8.)),.T.,.PARAMETER.);
#7303 = LINE('',#7304,#7305);
#7304 = CARTESIAN_POINT('',(58.,271.,137.1));
#7305 = VECTOR('',#7306,1.);
#7306 = DIRECTION('',(0.,0.,1.));
#7307 = CARTESIAN_POINT('',(58.,271.,137.1));
#7308 = CARTESIAN_POINT('',(58.,271.,145.1));
#7309 = GEOMETRIC_CURVE_SET('',(#7310));
#7310 = TRIMMED_CURVE('',#7311,(#7315,PARAMETER_VALUE(0.)),(#7316,
    PARAMETER_VALUE(18.)),.T.,.PARAMETER.);
#7311 = LINE('',#7312,#7313);
#7312 = CARTESIAN_POINT('',(58.,253.,137.1));
#7313 = VECTOR('',#7314,1.);
#7314 = DIRECTION('',(0.,1.,0.));
#7315 = CARTESIAN_POINT('',(58.,253.,137.1));
#7316 = CARTESIAN_POINT('',(58.,271.,137.1));
#7317 = GEOMETRIC_CURVE_SET('',(#7318));
#7318 = TRIMMED_CURVE('',#7319,(#7323,PARAMETER_VALUE(0.)),(#7324,
    PARAMETER_VALUE(13.)),.T.,.PARAMETER.);
#7319 = LINE('',#7320,#7321);
#7320 = CARTESIAN_POINT('',(45.,253.,137.1));
#7321 = VECTOR('',#7322,1.);
#7322 = DIRECTION('',(1.,0.,0.));
#7323 = CARTESIAN_POINT('',(45.,253.,137.1));
#7324 = CARTESIAN_POINT('',(58.,253.,137.1));
#7325 = GEOMETRIC_CURVE_SET('',(#7326));
#7326 = TRIMMED_CURVE('',#7327,(#7331,PARAMETER_VALUE(0.)),(#7332,
    PARAMETER_VALUE(13.)),.T.,.PARAMETER.);
#7327 = LINE('',#7328,#7329);
#7328 = CARTESIAN_POINT('',(45.,253.,145.1));
#7329 = VECTOR('',#7330,1.);
#7330 = DIRECTION('',(1.,0.,0.));
#7331 = CARTESIAN_POINT('',(45.,253.,145.1));
#7332 = CARTESIAN_POINT('',(58.,253.,145.1));
#7333 = GEOMETRIC_CURVE_SET('',(#7334));
#7334 = TRIMMED_CURVE('',#7335,(#7339,PARAMETER_VALUE(0.)),(#7340,
    PARAMETER_VALUE(13.)),.T.,.PARAMETER.);
#7335 = LINE('',#7336,#7337);
#7336 = CARTESIAN_POINT('',(45.,271.,137.1));
#7337 = VECTOR('',#7338,1.);
#7338 = DIRECTION('',(1.,0.,0.));
#7339 = CARTESIAN_POINT('',(45.,271.,137.1));
#7340 = CARTESIAN_POINT('',(58.,271.,137.1));
#7341 = GEOMETRIC_CURVE_SET('',(#7342));
#7342 = TRIMMED_CURVE('',#7343,(#7347,PARAMETER_VALUE(0.)),(#7348,
    PARAMETER_VALUE(13.)),.T.,.PARAMETER.);
#7343 = LINE('',#7344,#7345);
#7344 = CARTESIAN_POINT('',(45.,271.,145.1));
#7345 = VECTOR('',#7346,1.);
#7346 = DIRECTION('',(1.,0.,0.));
#7347 = CARTESIAN_POINT('',(45.,271.,145.1));
#7348 = CARTESIAN_POINT('',(58.,271.,145.1));
#7349 = GEOMETRIC_CURVE_SET('',(#7350));
#7350 = TRIMMED_CURVE('',#7351,(#7355,PARAMETER_VALUE(0.)),(#7356,
    PARAMETER_VALUE(8.)),.T.,.PARAMETER.);
#7351 = LINE('',#7352,#7353);
#7352 = CARTESIAN_POINT('',(230.,253.,137.1));
#7353 = VECTOR('',#7354,1.);
#7354 = DIRECTION('',(0.,0.,1.));
#7355 = CARTESIAN_POINT('',(230.,253.,137.1));
#7356 = CARTESIAN_POINT('',(230.,253.,145.1));
#7357 = GEOMETRIC_CURVE_SET('',(#7358));
#7358 = TRIMMED_CURVE('',#7359,(#7363,PARAMETER_VALUE(0.)),(#7364,
    PARAMETER_VALUE(18.)),.T.,.PARAMETER.);
#7359 = LINE('',#7360,#7361);
#7360 = CARTESIAN_POINT('',(230.,253.,145.1));
#7361 = VECTOR('',#7362,1.);
#7362 = DIRECTION('',(0.,1.,0.));
#7363 = CARTESIAN_POINT('',(230.,253.,145.1));
#7364 = CARTESIAN_POINT('',(230.,271.,145.1));
#7365 = GEOMETRIC_CURVE_SET('',(#7366));
#7366 = TRIMMED_CURVE('',#7367,(#7371,PARAMETER_VALUE(0.)),(#7372,
    PARAMETER_VALUE(8.)),.T.,.PARAMETER.);
#7367 = LINE('',#7368,#7369);
#7368 = CARTESIAN_POINT('',(230.,271.,137.1));
#7369 = VECTOR('',#7370,1.);
#7370 = DIRECTION('',(0.,0.,1.));
#7371 = CARTESIAN_POINT('',(230.,271.,137.1));
#7372 = CARTESIAN_POINT('',(230.,271.,145.1));
#7373 = GEOMETRIC_CURVE_SET('',(#7374));
#7374 = TRIMMED_CURVE('',#7375,(#7379,PARAMETER_VALUE(0.)),(#7380,
    PARAMETER_VALUE(18.)),.T.,.PARAMETER.);
#7375 = LINE('',#7376,#7377);
#7376 = CARTESIAN_POINT('',(230.,253.,137.1));
#7377 = VECTOR('',#7378,1.);
#7378 = DIRECTION('',(0.,1.,0.));
#7379 = CARTESIAN_POINT('',(230.,253.,137.1));
#7380 = CARTESIAN_POINT('',(230.,271.,137.1));
#7381 = GEOMETRIC_CURVE_SET('',(#7382));
#7382 = TRIMMED_CURVE('',#7383,(#7387,PARAMETER_VALUE(0.)),(#7388,
    PARAMETER_VALUE(8.)),.T.,.PARAMETER.);
#7383 = LINE('',#7384,#7385);
#7384 = CARTESIAN_POINT('',(243.,253.,137.1));
#7385 = VECTOR('',#7386,1.);
#7386 = DIRECTION('',(0.,0.,1.));
#7387 = CARTESIAN_POINT('',(243.,253.,137.1));
#7388 = CARTESIAN_POINT('',(243.,253.,145.1));
#7389 = GEOMETRIC_CURVE_SET('',(#7390));
#7390 = TRIMMED_CURVE('',#7391,(#7395,PARAMETER_VALUE(0.)),(#7396,
    PARAMETER_VALUE(18.)),.T.,.PARAMETER.);
#7391 = LINE('',#7392,#7393);
#7392 = CARTESIAN_POINT('',(243.,253.,145.1));
#7393 = VECTOR('',#7394,1.);
#7394 = DIRECTION('',(0.,1.,0.));
#7395 = CARTESIAN_POINT('',(243.,253.,145.1));
#7396 = CARTESIAN_POINT('',(243.,271.,145.1));
#7397 = GEOMETRIC_CURVE_SET('',(#7398));
#7398 = TRIMMED_CURVE('',#7399,(#7403,PARAMETER_VALUE(0.)),(#7404,
    PARAMETER_VALUE(8.)),.T.,.PARAMETER.);
#7399 = LINE('',#7400,#7401);
#7400 = CARTESIAN_POINT('',(243.,271.,137.1));
#7401 = VECTOR('',#7402,1.);
#7402 = DIRECTION('',(0.,0.,1.));
#7403 = CARTESIAN_POINT('',(243.,271.,137.1));
#7404 = CARTESIAN_POINT('',(243.,271.,145.1));
#7405 = GEOMETRIC_CURVE_SET('',(#7406));
#7406 = TRIMMED_CURVE('',#7407,(#7411,PARAMETER_VALUE(0.)),(#7412,
    PARAMETER_VALUE(18.)),.T.,.PARAMETER.);
#7407 = LINE('',#7408,#7409);
#7408 = CARTESIAN_POINT('',(243.,253.,137.1));
#7409 = VECTOR('',#7410,1.);
#7410 = DIRECTION('',(0.,1.,0.));
#7411 = CARTESIAN_POINT('',(243.,253.,137.1));
#7412 = CARTESIAN_POINT('',(243.,271.,137.1));
#7413 = GEOMETRIC_CURVE_SET('',(#7414));
#7414 = TRIMMED_CURVE('',#7415,(#7419,PARAMETER_VALUE(0.)),(#7420,
    PARAMETER_VALUE(13.)),.T.,.PARAMETER.);
#7415 = LINE('',#7416,#7417);
#7416 = CARTESIAN_POINT('',(230.,253.,137.1));
#7417 = VECTOR('',#7418,1.);
#7418 = DIRECTION('',(1.,0.,0.));
#7419 = CARTESIAN_POINT('',(230.,253.,137.1));
#7420 = CARTESIAN_POINT('',(243.,253.,137.1));
#7421 = GEOMETRIC_CURVE_SET('',(#7422));
#7422 = TRIMMED_CURVE('',#7423,(#7427,PARAMETER_VALUE(0.)),(#7428,
    PARAMETER_VALUE(13.)),.T.,.PARAMETER.);
#7423 = LINE('',#7424,#7425);
#7424 = CARTESIAN_POINT('',(230.,253.,145.1));
#7425 = VECTOR('',#7426,1.);
#7426 = DIRECTION('',(1.,0.,0.));
#7427 = CARTESIAN_POINT('',(230.,253.,145.1));
#7428 = CARTESIAN_POINT('',(243.,253.,145.1));
#7429 = GEOMETRIC_CURVE_SET('',(#7430));
#7430 = TRIMMED_CURVE('',#7431,(#7435,PARAMETER_VALUE(0.)),(#7436,
    PARAMETER_VALUE(13.)),.T.,.PARAMETER.);
#7431 = LINE('',#7432,#7433);
#7432 = CARTESIAN_POINT('',(230.,271.,137.1));
#7433 = VECTOR('',#7434,1.);
#7434 = DIRECTION('',(1.,0.,0.));
#7435 = CARTESIAN_POINT('',(230.,271.,137.1));
#7436 = CARTESIAN_POINT('',(243.,271.,137.1));
#7437 = GEOMETRIC_CURVE_SET('',(#7438));
#7438 = TRIMMED_CURVE('',#7439,(#7443,PARAMETER_VALUE(0.)),(#7444,
    PARAMETER_VALUE(13.)),.T.,.PARAMETER.);
#7439 = LINE('',#7440,#7441);
#7440 = CARTESIAN_POINT('',(230.,271.,145.1));
#7441 = VECTOR('',#7442,1.);
#7442 = DIRECTION('',(1.,0.,0.));
#7443 = CARTESIAN_POINT('',(230.,271.,145.1));
#7444 = CARTESIAN_POINT('',(243.,271.,145.1));
#7445 = GEOMETRIC_CURVE_SET('',(#7446));
#7446 = TRIMMED_CURVE('',#7447,(#7451,PARAMETER_VALUE(0.)),(#7452,
    PARAMETER_VALUE(20.)),.T.,.PARAMETER.);
#7447 = LINE('',#7448,#7449);
#7448 = CARTESIAN_POINT('',(45.,90.,125.1));
#7449 = VECTOR('',#7450,1.);
#7450 = DIRECTION('',(0.,0.,1.));
#7451 = CARTESIAN_POINT('',(45.,90.,125.1));
#7452 = CARTESIAN_POINT('',(45.,90.,145.1));
#7453 = GEOMETRIC_CURVE_SET('',(#7454));
#7454 = TRIMMED_CURVE('',#7455,(#7459,PARAMETER_VALUE(0.)),(#7460,
    PARAMETER_VALUE(60.)),.T.,.PARAMETER.);
#7455 = LINE('',#7456,#7457);
#7456 = CARTESIAN_POINT('',(45.,90.,145.1));
#7457 = VECTOR('',#7458,1.);
#7458 = DIRECTION('',(0.,1.,0.));
#7459 = CARTESIAN_POINT('',(45.,90.,145.1));
#7460 = CARTESIAN_POINT('',(45.,150.,145.1));
#7461 = GEOMETRIC_CURVE_SET('',(#7462));
#7462 = TRIMMED_CURVE('',#7463,(#7467,PARAMETER_VALUE(0.)),(#7468,
    PARAMETER_VALUE(20.)),.T.,.PARAMETER.);
#7463 = LINE('',#7464,#7465);
#7464 = CARTESIAN_POINT('',(45.,150.,125.1));
#7465 = VECTOR('',#7466,1.);
#7466 = DIRECTION('',(0.,0.,1.));
#7467 = CARTESIAN_POINT('',(45.,150.,125.1));
#7468 = CARTESIAN_POINT('',(45.,150.,145.1));
#7469 = GEOMETRIC_CURVE_SET('',(#7470));
#7470 = TRIMMED_CURVE('',#7471,(#7475,PARAMETER_VALUE(0.)),(#7476,
    PARAMETER_VALUE(60.)),.T.,.PARAMETER.);
#7471 = LINE('',#7472,#7473);
#7472 = CARTESIAN_POINT('',(45.,90.,125.1));
#7473 = VECTOR('',#7474,1.);
#7474 = DIRECTION('',(0.,1.,0.));
#7475 = CARTESIAN_POINT('',(45.,90.,125.1));
#7476 = CARTESIAN_POINT('',(45.,150.,125.1));
#7477 = GEOMETRIC_CURVE_SET('',(#7478));
#7478 = TRIMMED_CURVE('',#7479,(#7483,PARAMETER_VALUE(0.)),(#7484,
    PARAMETER_VALUE(20.)),.T.,.PARAMETER.);
#7479 = LINE('',#7480,#7481);
#7480 = CARTESIAN_POINT('',(80.,90.,125.1));
#7481 = VECTOR('',#7482,1.);
#7482 = DIRECTION('',(0.,0.,1.));
#7483 = CARTESIAN_POINT('',(80.,90.,125.1));
#7484 = CARTESIAN_POINT('',(80.,90.,145.1));
#7485 = GEOMETRIC_CURVE_SET('',(#7486));
#7486 = TRIMMED_CURVE('',#7487,(#7491,PARAMETER_VALUE(0.)),(#7492,
    PARAMETER_VALUE(60.)),.T.,.PARAMETER.);
#7487 = LINE('',#7488,#7489);
#7488 = CARTESIAN_POINT('',(80.,90.,145.1));
#7489 = VECTOR('',#7490,1.);
#7490 = DIRECTION('',(0.,1.,0.));
#7491 = CARTESIAN_POINT('',(80.,90.,145.1));
#7492 = CARTESIAN_POINT('',(80.,150.,145.1));
#7493 = GEOMETRIC_CURVE_SET('',(#7494));
#7494 = TRIMMED_CURVE('',#7495,(#7499,PARAMETER_VALUE(0.)),(#7500,
    PARAMETER_VALUE(20.)),.T.,.PARAMETER.);
#7495 = LINE('',#7496,#7497);
#7496 = CARTESIAN_POINT('',(80.,150.,125.1));
#7497 = VECTOR('',#7498,1.);
#7498 = DIRECTION('',(0.,0.,1.));
#7499 = CARTESIAN_POINT('',(80.,150.,125.1));
#7500 = CARTESIAN_POINT('',(80.,150.,145.1));
#7501 = GEOMETRIC_CURVE_SET('',(#7502));
#7502 = TRIMMED_CURVE('',#7503,(#7507,PARAMETER_VALUE(0.)),(#7508,
    PARAMETER_VALUE(60.)),.T.,.PARAMETER.);
#7503 = LINE('',#7504,#7505);
#7504 = CARTESIAN_POINT('',(80.,90.,125.1));
#7505 = VECTOR('',#7506,1.);
#7506 = DIRECTION('',(0.,1.,0.));
#7507 = CARTESIAN_POINT('',(80.,90.,125.1));
#7508 = CARTESIAN_POINT('',(80.,150.,125.1));
#7509 = GEOMETRIC_CURVE_SET('',(#7510));
#7510 = TRIMMED_CURVE('',#7511,(#7515,PARAMETER_VALUE(0.)),(#7516,
    PARAMETER_VALUE(35.)),.T.,.PARAMETER.);
#7511 = LINE('',#7512,#7513);
#7512 = CARTESIAN_POINT('',(45.,90.,125.1));
#7513 = VECTOR('',#7514,1.);
#7514 = DIRECTION('',(1.,0.,0.));
#7515 = CARTESIAN_POINT('',(45.,90.,125.1));
#7516 = CARTESIAN_POINT('',(80.,90.,125.1));
#7517 = GEOMETRIC_CURVE_SET('',(#7518));
#7518 = TRIMMED_CURVE('',#7519,(#7523,PARAMETER_VALUE(0.)),(#7524,
    PARAMETER_VALUE(35.)),.T.,.PARAMETER.);
#7519 = LINE('',#7520,#7521);
#7520 = CARTESIAN_POINT('',(45.,90.,145.1));
#7521 = VECTOR('',#7522,1.);
#7522 = DIRECTION('',(1.,0.,0.));
#7523 = CARTESIAN_POINT('',(45.,90.,145.1));
#7524 = CARTESIAN_POINT('',(80.,90.,145.1));
#7525 = GEOMETRIC_CURVE_SET('',(#7526));
#7526 = TRIMMED_CURVE('',#7527,(#7531,PARAMETER_VALUE(0.)),(#7532,
    PARAMETER_VALUE(35.)),.T.,.PARAMETER.);
#7527 = LINE('',#7528,#7529);
#7528 = CARTESIAN_POINT('',(45.,150.,125.1));
#7529 = VECTOR('',#7530,1.);
#7530 = DIRECTION('',(1.,0.,0.));
#7531 = CARTESIAN_POINT('',(45.,150.,125.1));
#7532 = CARTESIAN_POINT('',(80.,150.,125.1));
#7533 = GEOMETRIC_CURVE_SET('',(#7534));
#7534 = TRIMMED_CURVE('',#7535,(#7539,PARAMETER_VALUE(0.)),(#7540,
    PARAMETER_VALUE(35.)),.T.,.PARAMETER.);
#7535 = LINE('',#7536,#7537);
#7536 = CARTESIAN_POINT('',(45.,150.,145.1));
#7537 = VECTOR('',#7538,1.);
#7538 = DIRECTION('',(1.,0.,0.));
#7539 = CARTESIAN_POINT('',(45.,150.,145.1));
#7540 = CARTESIAN_POINT('',(80.,150.,145.1));
#7541 = GEOMETRIC_CURVE_SET('',(#7542));
#7542 = TRIMMED_CURVE('',#7543,(#7547,PARAMETER_VALUE(0.)),(#7548,
    PARAMETER_VALUE(14.)),.T.,.PARAMETER.);
#7543 = LINE('',#7544,#7545);
#7544 = CARTESIAN_POINT('',(10.,91.,125.1));
#7545 = VECTOR('',#7546,1.);
#7546 = DIRECTION('',(0.,0.,1.));
#7547 = CARTESIAN_POINT('',(10.,91.,125.1));
#7548 = CARTESIAN_POINT('',(10.,91.,139.1));
#7549 = GEOMETRIC_CURVE_SET('',(#7550));
#7550 = TRIMMED_CURVE('',#7551,(#7555,PARAMETER_VALUE(0.)),(#7556,
    PARAMETER_VALUE(47.)),.T.,.PARAMETER.);
#7551 = LINE('',#7552,#7553);
#7552 = CARTESIAN_POINT('',(10.,91.,139.1));
#7553 = VECTOR('',#7554,1.);
#7554 = DIRECTION('',(0.,1.,0.));
#7555 = CARTESIAN_POINT('',(10.,91.,139.1));
#7556 = CARTESIAN_POINT('',(10.,138.,139.1));
#7557 = GEOMETRIC_CURVE_SET('',(#7558));
#7558 = TRIMMED_CURVE('',#7559,(#7563,PARAMETER_VALUE(0.)),(#7564,
    PARAMETER_VALUE(14.)),.T.,.PARAMETER.);
#7559 = LINE('',#7560,#7561);
#7560 = CARTESIAN_POINT('',(10.,138.,125.1));
#7561 = VECTOR('',#7562,1.);
#7562 = DIRECTION('',(0.,0.,1.));
#7563 = CARTESIAN_POINT('',(10.,138.,125.1));
#7564 = CARTESIAN_POINT('',(10.,138.,139.1));
#7565 = GEOMETRIC_CURVE_SET('',(#7566));
#7566 = TRIMMED_CURVE('',#7567,(#7571,PARAMETER_VALUE(0.)),(#7572,
    PARAMETER_VALUE(47.)),.T.,.PARAMETER.);
#7567 = LINE('',#7568,#7569);
#7568 = CARTESIAN_POINT('',(10.,91.,125.1));
#7569 = VECTOR('',#7570,1.);
#7570 = DIRECTION('',(0.,1.,0.));
#7571 = CARTESIAN_POINT('',(10.,91.,125.1));
#7572 = CARTESIAN_POINT('',(10.,138.,125.1));
#7573 = GEOMETRIC_CURVE_SET('',(#7574));
#7574 = TRIMMED_CURVE('',#7575,(#7579,PARAMETER_VALUE(0.)),(#7580,
    PARAMETER_VALUE(14.)),.T.,.PARAMETER.);
#7575 = LINE('',#7576,#7577);
#7576 = CARTESIAN_POINT('',(44.,91.,125.1));
#7577 = VECTOR('',#7578,1.);
#7578 = DIRECTION('',(0.,0.,1.));
#7579 = CARTESIAN_POINT('',(44.,91.,125.1));
#7580 = CARTESIAN_POINT('',(44.,91.,139.1));
#7581 = GEOMETRIC_CURVE_SET('',(#7582));
#7582 = TRIMMED_CURVE('',#7583,(#7587,PARAMETER_VALUE(0.)),(#7588,
    PARAMETER_VALUE(47.)),.T.,.PARAMETER.);
#7583 = LINE('',#7584,#7585);
#7584 = CARTESIAN_POINT('',(44.,91.,139.1));
#7585 = VECTOR('',#7586,1.);
#7586 = DIRECTION('',(0.,1.,0.));
#7587 = CARTESIAN_POINT('',(44.,91.,139.1));
#7588 = CARTESIAN_POINT('',(44.,138.,139.1));
#7589 = GEOMETRIC_CURVE_SET('',(#7590));
#7590 = TRIMMED_CURVE('',#7591,(#7595,PARAMETER_VALUE(0.)),(#7596,
    PARAMETER_VALUE(14.)),.T.,.PARAMETER.);
#7591 = LINE('',#7592,#7593);
#7592 = CARTESIAN_POINT('',(44.,138.,125.1));
#7593 = VECTOR('',#7594,1.);
#7594 = DIRECTION('',(0.,0.,1.));
#7595 = CARTESIAN_POINT('',(44.,138.,125.1));
#7596 = CARTESIAN_POINT('',(44.,138.,139.1));
#7597 = GEOMETRIC_CURVE_SET('',(#7598));
#7598 = TRIMMED_CURVE('',#7599,(#7603,PARAMETER_VALUE(0.)),(#7604,
    PARAMETER_VALUE(47.)),.T.,.PARAMETER.);
#7599 = LINE('',#7600,#7601);
#7600 = CARTESIAN_POINT('',(44.,91.,125.1));
#7601 = VECTOR('',#7602,1.);
#7602 = DIRECTION('',(0.,1.,0.));
#7603 = CARTESIAN_POINT('',(44.,91.,125.1));
#7604 = CARTESIAN_POINT('',(44.,138.,125.1));
#7605 = GEOMETRIC_CURVE_SET('',(#7606));
#7606 = TRIMMED_CURVE('',#7607,(#7611,PARAMETER_VALUE(0.)),(#7612,
    PARAMETER_VALUE(34.)),.T.,.PARAMETER.);
#7607 = LINE('',#7608,#7609);
#7608 = CARTESIAN_POINT('',(10.,91.,125.1));
#7609 = VECTOR('',#7610,1.);
#7610 = DIRECTION('',(1.,0.,0.));
#7611 = CARTESIAN_POINT('',(10.,91.,125.1));
#7612 = CARTESIAN_POINT('',(44.,91.,125.1));
#7613 = GEOMETRIC_CURVE_SET('',(#7614));
#7614 = TRIMMED_CURVE('',#7615,(#7619,PARAMETER_VALUE(0.)),(#7620,
    PARAMETER_VALUE(34.)),.T.,.PARAMETER.);
#7615 = LINE('',#7616,#7617);
#7616 = CARTESIAN_POINT('',(10.,91.,139.1));
#7617 = VECTOR('',#7618,1.);
#7618 = DIRECTION('',(1.,0.,0.));
#7619 = CARTESIAN_POINT('',(10.,91.,139.1));
#7620 = CARTESIAN_POINT('',(44.,91.,139.1));
#7621 = GEOMETRIC_CURVE_SET('',(#7622));
#7622 = TRIMMED_CURVE('',#7623,(#7627,PARAMETER_VALUE(0.)),(#7628,
    PARAMETER_VALUE(34.)),.T.,.PARAMETER.);
#7623 = LINE('',#7624,#7625);
#7624 = CARTESIAN_POINT('',(10.,138.,125.1));
#7625 = VECTOR('',#7626,1.);
#7626 = DIRECTION('',(1.,0.,0.));
#7627 = CARTESIAN_POINT('',(10.,138.,125.1));
#7628 = CARTESIAN_POINT('',(44.,138.,125.1));
#7629 = GEOMETRIC_CURVE_SET('',(#7630));
#7630 = TRIMMED_CURVE('',#7631,(#7635,PARAMETER_VALUE(0.)),(#7636,
    PARAMETER_VALUE(34.)),.T.,.PARAMETER.);
#7631 = LINE('',#7632,#7633);
#7632 = CARTESIAN_POINT('',(10.,138.,139.1));
#7633 = VECTOR('',#7634,1.);
#7634 = DIRECTION('',(1.,0.,0.));
#7635 = CARTESIAN_POINT('',(10.,138.,139.1));
#7636 = CARTESIAN_POINT('',(44.,138.,139.1));
#7637 = GEOMETRIC_CURVE_SET('',(#7638));
#7638 = TRIMMED_CURVE('',#7639,(#7643,PARAMETER_VALUE(0.)),(#7644,
    PARAMETER_VALUE(9.02)),.T.,.PARAMETER.);
#7639 = LINE('',#7640,#7641);
#7640 = CARTESIAN_POINT('',(108.,36.,90.));
#7641 = VECTOR('',#7642,1.);
#7642 = DIRECTION('',(0.,0.,1.));
#7643 = CARTESIAN_POINT('',(108.,36.,90.));
#7644 = CARTESIAN_POINT('',(108.,36.,99.02));
#7645 = GEOMETRIC_CURVE_SET('',(#7646));
#7646 = TRIMMED_CURVE('',#7647,(#7651,PARAMETER_VALUE(0.)),(#7652,
    PARAMETER_VALUE(43.18)),.T.,.PARAMETER.);
#7647 = LINE('',#7648,#7649);
#7648 = CARTESIAN_POINT('',(108.,36.,99.02));
#7649 = VECTOR('',#7650,1.);
#7650 = DIRECTION('',(0.,1.,0.));
#7651 = CARTESIAN_POINT('',(108.,36.,99.02));
#7652 = CARTESIAN_POINT('',(108.,79.18,99.02));
#7653 = GEOMETRIC_CURVE_SET('',(#7654));
#7654 = TRIMMED_CURVE('',#7655,(#7659,PARAMETER_VALUE(0.)),(#7660,
    PARAMETER_VALUE(9.02)),.T.,.PARAMETER.);
#7655 = LINE('',#7656,#7657);
#7656 = CARTESIAN_POINT('',(108.,79.18,90.));
#7657 = VECTOR('',#7658,1.);
#7658 = DIRECTION('',(0.,0.,1.));
#7659 = CARTESIAN_POINT('',(108.,79.18,90.));
#7660 = CARTESIAN_POINT('',(108.,79.18,99.02));
#7661 = GEOMETRIC_CURVE_SET('',(#7662));
#7662 = TRIMMED_CURVE('',#7663,(#7667,PARAMETER_VALUE(0.)),(#7668,
    PARAMETER_VALUE(43.18)),.T.,.PARAMETER.);
#7663 = LINE('',#7664,#7665);
#7664 = CARTESIAN_POINT('',(108.,36.,90.));
#7665 = VECTOR('',#7666,1.);
#7666 = DIRECTION('',(0.,1.,0.));
#7667 = CARTESIAN_POINT('',(108.,36.,90.));
#7668 = CARTESIAN_POINT('',(108.,79.18,90.));
#7669 = GEOMETRIC_CURVE_SET('',(#7670));
#7670 = TRIMMED_CURVE('',#7671,(#7675,PARAMETER_VALUE(0.)),(#7676,
    PARAMETER_VALUE(9.02)),.T.,.PARAMETER.);
#7671 = LINE('',#7672,#7673);
#7672 = CARTESIAN_POINT('',(139.75,36.,90.));
#7673 = VECTOR('',#7674,1.);
#7674 = DIRECTION('',(0.,0.,1.));
#7675 = CARTESIAN_POINT('',(139.75,36.,90.));
#7676 = CARTESIAN_POINT('',(139.75,36.,99.02));
#7677 = GEOMETRIC_CURVE_SET('',(#7678));
#7678 = TRIMMED_CURVE('',#7679,(#7683,PARAMETER_VALUE(0.)),(#7684,
    PARAMETER_VALUE(43.18)),.T.,.PARAMETER.);
#7679 = LINE('',#7680,#7681);
#7680 = CARTESIAN_POINT('',(139.75,36.,99.02));
#7681 = VECTOR('',#7682,1.);
#7682 = DIRECTION('',(0.,1.,0.));
#7683 = CARTESIAN_POINT('',(139.75,36.,99.02));
#7684 = CARTESIAN_POINT('',(139.75,79.18,99.02));
#7685 = GEOMETRIC_CURVE_SET('',(#7686));
#7686 = TRIMMED_CURVE('',#7687,(#7691,PARAMETER_VALUE(0.)),(#7692,
    PARAMETER_VALUE(9.02)),.T.,.PARAMETER.);
#7687 = LINE('',#7688,#7689);
#7688 = CARTESIAN_POINT('',(139.75,79.18,90.));
#7689 = VECTOR('',#7690,1.);
#7690 = DIRECTION('',(0.,0.,1.));
#7691 = CARTESIAN_POINT('',(139.75,79.18,90.));
#7692 = CARTESIAN_POINT('',(139.75,79.18,99.02));
#7693 = GEOMETRIC_CURVE_SET('',(#7694));
#7694 = TRIMMED_CURVE('',#7695,(#7699,PARAMETER_VALUE(0.)),(#7700,
    PARAMETER_VALUE(43.18)),.T.,.PARAMETER.);
#7695 = LINE('',#7696,#7697);
#7696 = CARTESIAN_POINT('',(139.75,36.,90.));
#7697 = VECTOR('',#7698,1.);
#7698 = DIRECTION('',(0.,1.,0.));
#7699 = CARTESIAN_POINT('',(139.75,36.,90.));
#7700 = CARTESIAN_POINT('',(139.75,79.18,90.));
#7701 = GEOMETRIC_CURVE_SET('',(#7702));
#7702 = TRIMMED_CURVE('',#7703,(#7707,PARAMETER_VALUE(0.)),(#7708,
    PARAMETER_VALUE(31.75)),.T.,.PARAMETER.);
#7703 = LINE('',#7704,#7705);
#7704 = CARTESIAN_POINT('',(108.,36.,90.));
#7705 = VECTOR('',#7706,1.);
#7706 = DIRECTION('',(1.,0.,0.));
#7707 = CARTESIAN_POINT('',(108.,36.,90.));
#7708 = CARTESIAN_POINT('',(139.75,36.,90.));
#7709 = GEOMETRIC_CURVE_SET('',(#7710));
#7710 = TRIMMED_CURVE('',#7711,(#7715,PARAMETER_VALUE(0.)),(#7716,
    PARAMETER_VALUE(31.75)),.T.,.PARAMETER.);
#7711 = LINE('',#7712,#7713);
#7712 = CARTESIAN_POINT('',(108.,36.,99.02));
#7713 = VECTOR('',#7714,1.);
#7714 = DIRECTION('',(1.,0.,0.));
#7715 = CARTESIAN_POINT('',(108.,36.,99.02));
#7716 = CARTESIAN_POINT('',(139.75,36.,99.02));
#7717 = GEOMETRIC_CURVE_SET('',(#7718));
#7718 = TRIMMED_CURVE('',#7719,(#7723,PARAMETER_VALUE(0.)),(#7724,
    PARAMETER_VALUE(31.75)),.T.,.PARAMETER.);
#7719 = LINE('',#7720,#7721);
#7720 = CARTESIAN_POINT('',(108.,79.18,90.));
#7721 = VECTOR('',#7722,1.);
#7722 = DIRECTION('',(1.,0.,0.));
#7723 = CARTESIAN_POINT('',(108.,79.18,90.));
#7724 = CARTESIAN_POINT('',(139.75,79.18,90.));
#7725 = GEOMETRIC_CURVE_SET('',(#7726));
#7726 = TRIMMED_CURVE('',#7727,(#7731,PARAMETER_VALUE(0.)),(#7732,
    PARAMETER_VALUE(31.75)),.T.,.PARAMETER.);
#7727 = LINE('',#7728,#7729);
#7728 = CARTESIAN_POINT('',(108.,79.18,99.02));
#7729 = VECTOR('',#7730,1.);
#7730 = DIRECTION('',(1.,0.,0.));
#7731 = CARTESIAN_POINT('',(108.,79.18,99.02));
#7732 = CARTESIAN_POINT('',(139.75,79.18,99.02));
#7733 = GEOMETRIC_CURVE_SET('',(#7734));
#7734 = TRIMMED_CURVE('',#7735,(#7739,PARAMETER_VALUE(0.)),(#7740,
    PARAMETER_VALUE(14.)),.T.,.PARAMETER.);
#7735 = LINE('',#7736,#7737);
#7736 = CARTESIAN_POINT('',(93.,31.,90.));
#7737 = VECTOR('',#7738,1.);
#7738 = DIRECTION('',(0.,0.,1.));
#7739 = CARTESIAN_POINT('',(93.,31.,90.));
#7740 = CARTESIAN_POINT('',(93.,31.,104.));
#7741 = GEOMETRIC_CURVE_SET('',(#7742));
#7742 = TRIMMED_CURVE('',#7743,(#7747,PARAMETER_VALUE(0.)),(#7748,
    PARAMETER_VALUE(48.)),.T.,.PARAMETER.);
#7743 = LINE('',#7744,#7745);
#7744 = CARTESIAN_POINT('',(93.,31.,104.));
#7745 = VECTOR('',#7746,1.);
#7746 = DIRECTION('',(0.,1.,0.));
#7747 = CARTESIAN_POINT('',(93.,31.,104.));
#7748 = CARTESIAN_POINT('',(93.,79.,104.));
#7749 = GEOMETRIC_CURVE_SET('',(#7750));
#7750 = TRIMMED_CURVE('',#7751,(#7755,PARAMETER_VALUE(0.)),(#7756,
    PARAMETER_VALUE(14.)),.T.,.PARAMETER.);
#7751 = LINE('',#7752,#7753);
#7752 = CARTESIAN_POINT('',(93.,79.,90.));
#7753 = VECTOR('',#7754,1.);
#7754 = DIRECTION('',(0.,0.,1.));
#7755 = CARTESIAN_POINT('',(93.,79.,90.));
#7756 = CARTESIAN_POINT('',(93.,79.,104.));
#7757 = GEOMETRIC_CURVE_SET('',(#7758));
#7758 = TRIMMED_CURVE('',#7759,(#7763,PARAMETER_VALUE(0.)),(#7764,
    PARAMETER_VALUE(48.)),.T.,.PARAMETER.);
#7759 = LINE('',#7760,#7761);
#7760 = CARTESIAN_POINT('',(93.,31.,90.));
#7761 = VECTOR('',#7762,1.);
#7762 = DIRECTION('',(0.,1.,0.));
#7763 = CARTESIAN_POINT('',(93.,31.,90.));
#7764 = CARTESIAN_POINT('',(93.,79.,90.));
#7765 = GEOMETRIC_CURVE_SET('',(#7766));
#7766 = TRIMMED_CURVE('',#7767,(#7771,PARAMETER_VALUE(0.)),(#7772,
    PARAMETER_VALUE(14.)),.T.,.PARAMETER.);
#7767 = LINE('',#7768,#7769);
#7768 = CARTESIAN_POINT('',(108.,31.,90.));
#7769 = VECTOR('',#7770,1.);
#7770 = DIRECTION('',(0.,0.,1.));
#7771 = CARTESIAN_POINT('',(108.,31.,90.));
#7772 = CARTESIAN_POINT('',(108.,31.,104.));
#7773 = GEOMETRIC_CURVE_SET('',(#7774));
#7774 = TRIMMED_CURVE('',#7775,(#7779,PARAMETER_VALUE(0.)),(#7780,
    PARAMETER_VALUE(48.)),.T.,.PARAMETER.);
#7775 = LINE('',#7776,#7777);
#7776 = CARTESIAN_POINT('',(108.,31.,104.));
#7777 = VECTOR('',#7778,1.);
#7778 = DIRECTION('',(0.,1.,0.));
#7779 = CARTESIAN_POINT('',(108.,31.,104.));
#7780 = CARTESIAN_POINT('',(108.,79.,104.));
#7781 = GEOMETRIC_CURVE_SET('',(#7782));
#7782 = TRIMMED_CURVE('',#7783,(#7787,PARAMETER_VALUE(0.)),(#7788,
    PARAMETER_VALUE(14.)),.T.,.PARAMETER.);
#7783 = LINE('',#7784,#7785);
#7784 = CARTESIAN_POINT('',(108.,79.,90.));
#7785 = VECTOR('',#7786,1.);
#7786 = DIRECTION('',(0.,0.,1.));
#7787 = CARTESIAN_POINT('',(108.,79.,90.));
#7788 = CARTESIAN_POINT('',(108.,79.,104.));
#7789 = GEOMETRIC_CURVE_SET('',(#7790));
#7790 = TRIMMED_CURVE('',#7791,(#7795,PARAMETER_VALUE(0.)),(#7796,
    PARAMETER_VALUE(48.)),.T.,.PARAMETER.);
#7791 = LINE('',#7792,#7793);
#7792 = CARTESIAN_POINT('',(108.,31.,90.));
#7793 = VECTOR('',#7794,1.);
#7794 = DIRECTION('',(0.,1.,0.));
#7795 = CARTESIAN_POINT('',(108.,31.,90.));
#7796 = CARTESIAN_POINT('',(108.,79.,90.));
#7797 = GEOMETRIC_CURVE_SET('',(#7798));
#7798 = TRIMMED_CURVE('',#7799,(#7803,PARAMETER_VALUE(0.)),(#7804,
    PARAMETER_VALUE(15.)),.T.,.PARAMETER.);
#7799 = LINE('',#7800,#7801);
#7800 = CARTESIAN_POINT('',(93.,31.,90.));
#7801 = VECTOR('',#7802,1.);
#7802 = DIRECTION('',(1.,0.,0.));
#7803 = CARTESIAN_POINT('',(93.,31.,90.));
#7804 = CARTESIAN_POINT('',(108.,31.,90.));
#7805 = GEOMETRIC_CURVE_SET('',(#7806));
#7806 = TRIMMED_CURVE('',#7807,(#7811,PARAMETER_VALUE(0.)),(#7812,
    PARAMETER_VALUE(15.)),.T.,.PARAMETER.);
#7807 = LINE('',#7808,#7809);
#7808 = CARTESIAN_POINT('',(93.,31.,104.));
#7809 = VECTOR('',#7810,1.);
#7810 = DIRECTION('',(1.,0.,0.));
#7811 = CARTESIAN_POINT('',(93.,31.,104.));
#7812 = CARTESIAN_POINT('',(108.,31.,104.));
#7813 = GEOMETRIC_CURVE_SET('',(#7814));
#7814 = TRIMMED_CURVE('',#7815,(#7819,PARAMETER_VALUE(0.)),(#7820,
    PARAMETER_VALUE(15.)),.T.,.PARAMETER.);
#7815 = LINE('',#7816,#7817);
#7816 = CARTESIAN_POINT('',(93.,79.,90.));
#7817 = VECTOR('',#7818,1.);
#7818 = DIRECTION('',(1.,0.,0.));
#7819 = CARTESIAN_POINT('',(93.,79.,90.));
#7820 = CARTESIAN_POINT('',(108.,79.,90.));
#7821 = GEOMETRIC_CURVE_SET('',(#7822));
#7822 = TRIMMED_CURVE('',#7823,(#7827,PARAMETER_VALUE(0.)),(#7828,
    PARAMETER_VALUE(15.)),.T.,.PARAMETER.);
#7823 = LINE('',#7824,#7825);
#7824 = CARTESIAN_POINT('',(93.,79.,104.));
#7825 = VECTOR('',#7826,1.);
#7826 = DIRECTION('',(1.,0.,0.));
#7827 = CARTESIAN_POINT('',(93.,79.,104.));
#7828 = CARTESIAN_POINT('',(108.,79.,104.));
#7829 = GEOMETRIC_CURVE_SET('',(#7830));
#7830 = TRIMMED_CURVE('',#7831,(#7835,PARAMETER_VALUE(0.)),(#7836,
    PARAMETER_VALUE(25.)),.T.,.PARAMETER.);
#7831 = LINE('',#7832,#7833);
#7832 = CARTESIAN_POINT('',(111.,60.,106.));
#7833 = VECTOR('',#7834,1.);
#7834 = DIRECTION('',(0.,0.,1.));
#7835 = CARTESIAN_POINT('',(111.,60.,106.));
#7836 = CARTESIAN_POINT('',(111.,60.,131.));
#7837 = GEOMETRIC_CURVE_SET('',(#7838));
#7838 = TRIMMED_CURVE('',#7839,(#7843,PARAMETER_VALUE(0.)),(#7844,
    PARAMETER_VALUE(16.)),.T.,.PARAMETER.);
#7839 = LINE('',#7840,#7841);
#7840 = CARTESIAN_POINT('',(111.,60.,131.));
#7841 = VECTOR('',#7842,1.);
#7842 = DIRECTION('',(0.,1.,0.));
#7843 = CARTESIAN_POINT('',(111.,60.,131.));
#7844 = CARTESIAN_POINT('',(111.,76.,131.));
#7845 = GEOMETRIC_CURVE_SET('',(#7846));
#7846 = TRIMMED_CURVE('',#7847,(#7851,PARAMETER_VALUE(0.)),(#7852,
    PARAMETER_VALUE(25.)),.T.,.PARAMETER.);
#7847 = LINE('',#7848,#7849);
#7848 = CARTESIAN_POINT('',(111.,76.,106.));
#7849 = VECTOR('',#7850,1.);
#7850 = DIRECTION('',(0.,0.,1.));
#7851 = CARTESIAN_POINT('',(111.,76.,106.));
#7852 = CARTESIAN_POINT('',(111.,76.,131.));
#7853 = GEOMETRIC_CURVE_SET('',(#7854));
#7854 = TRIMMED_CURVE('',#7855,(#7859,PARAMETER_VALUE(0.)),(#7860,
    PARAMETER_VALUE(16.)),.T.,.PARAMETER.);
#7855 = LINE('',#7856,#7857);
#7856 = CARTESIAN_POINT('',(111.,60.,106.));
#7857 = VECTOR('',#7858,1.);
#7858 = DIRECTION('',(0.,1.,0.));
#7859 = CARTESIAN_POINT('',(111.,60.,106.));
#7860 = CARTESIAN_POINT('',(111.,76.,106.));
#7861 = GEOMETRIC_CURVE_SET('',(#7862));
#7862 = TRIMMED_CURVE('',#7863,(#7867,PARAMETER_VALUE(0.)),(#7868,
    PARAMETER_VALUE(25.)),.T.,.PARAMETER.);
#7863 = LINE('',#7864,#7865);
#7864 = CARTESIAN_POINT('',(127.,60.,106.));
#7865 = VECTOR('',#7866,1.);
#7866 = DIRECTION('',(0.,0.,1.));
#7867 = CARTESIAN_POINT('',(127.,60.,106.));
#7868 = CARTESIAN_POINT('',(127.,60.,131.));
#7869 = GEOMETRIC_CURVE_SET('',(#7870));
#7870 = TRIMMED_CURVE('',#7871,(#7875,PARAMETER_VALUE(0.)),(#7876,
    PARAMETER_VALUE(16.)),.T.,.PARAMETER.);
#7871 = LINE('',#7872,#7873);
#7872 = CARTESIAN_POINT('',(127.,60.,131.));
#7873 = VECTOR('',#7874,1.);
#7874 = DIRECTION('',(0.,1.,0.));
#7875 = CARTESIAN_POINT('',(127.,60.,131.));
#7876 = CARTESIAN_POINT('',(127.,76.,131.));
#7877 = GEOMETRIC_CURVE_SET('',(#7878));
#7878 = TRIMMED_CURVE('',#7879,(#7883,PARAMETER_VALUE(0.)),(#7884,
    PARAMETER_VALUE(25.)),.T.,.PARAMETER.);
#7879 = LINE('',#7880,#7881);
#7880 = CARTESIAN_POINT('',(127.,76.,106.));
#7881 = VECTOR('',#7882,1.);
#7882 = DIRECTION('',(0.,0.,1.));
#7883 = CARTESIAN_POINT('',(127.,76.,106.));
#7884 = CARTESIAN_POINT('',(127.,76.,131.));
#7885 = GEOMETRIC_CURVE_SET('',(#7886));
#7886 = TRIMMED_CURVE('',#7887,(#7891,PARAMETER_VALUE(0.)),(#7892,
    PARAMETER_VALUE(16.)),.T.,.PARAMETER.);
#7887 = LINE('',#7888,#7889);
#7888 = CARTESIAN_POINT('',(127.,60.,106.));
#7889 = VECTOR('',#7890,1.);
#7890 = DIRECTION('',(0.,1.,0.));
#7891 = CARTESIAN_POINT('',(127.,60.,106.));
#7892 = CARTESIAN_POINT('',(127.,76.,106.));
#7893 = GEOMETRIC_CURVE_SET('',(#7894));
#7894 = TRIMMED_CURVE('',#7895,(#7899,PARAMETER_VALUE(0.)),(#7900,
    PARAMETER_VALUE(16.)),.T.,.PARAMETER.);
#7895 = LINE('',#7896,#7897);
#7896 = CARTESIAN_POINT('',(111.,60.,106.));
#7897 = VECTOR('',#7898,1.);
#7898 = DIRECTION('',(1.,0.,0.));
#7899 = CARTESIAN_POINT('',(111.,60.,106.));
#7900 = CARTESIAN_POINT('',(127.,60.,106.));
#7901 = GEOMETRIC_CURVE_SET('',(#7902));
#7902 = TRIMMED_CURVE('',#7903,(#7907,PARAMETER_VALUE(0.)),(#7908,
    PARAMETER_VALUE(16.)),.T.,.PARAMETER.);
#7903 = LINE('',#7904,#7905);
#7904 = CARTESIAN_POINT('',(111.,60.,131.));
#7905 = VECTOR('',#7906,1.);
#7906 = DIRECTION('',(1.,0.,0.));
#7907 = CARTESIAN_POINT('',(111.,60.,131.));
#7908 = CARTESIAN_POINT('',(127.,60.,131.));
#7909 = GEOMETRIC_CURVE_SET('',(#7910));
#7910 = TRIMMED_CURVE('',#7911,(#7915,PARAMETER_VALUE(0.)),(#7916,
    PARAMETER_VALUE(16.)),.T.,.PARAMETER.);
#7911 = LINE('',#7912,#7913);
#7912 = CARTESIAN_POINT('',(111.,76.,106.));
#7913 = VECTOR('',#7914,1.);
#7914 = DIRECTION('',(1.,0.,0.));
#7915 = CARTESIAN_POINT('',(111.,76.,106.));
#7916 = CARTESIAN_POINT('',(127.,76.,106.));
#7917 = GEOMETRIC_CURVE_SET('',(#7918));
#7918 = TRIMMED_CURVE('',#7919,(#7923,PARAMETER_VALUE(0.)),(#7924,
    PARAMETER_VALUE(16.)),.T.,.PARAMETER.);
#7919 = LINE('',#7920,#7921);
#7920 = CARTESIAN_POINT('',(111.,76.,131.));
#7921 = VECTOR('',#7922,1.);
#7922 = DIRECTION('',(1.,0.,0.));
#7923 = CARTESIAN_POINT('',(111.,76.,131.));
#7924 = CARTESIAN_POINT('',(127.,76.,131.));
#7925 = GEOMETRIC_CURVE_SET('',(#7926));
#7926 = TRIMMED_CURVE('',#7927,(#7931,PARAMETER_VALUE(0.)),(#7932,
    PARAMETER_VALUE(12.)),.T.,.PARAMETER.);
#7927 = LINE('',#7928,#7929);
#7928 = CARTESIAN_POINT('',(108.,35.,117.));
#7929 = VECTOR('',#7930,1.);
#7930 = DIRECTION('',(0.,0.,1.));
#7931 = CARTESIAN_POINT('',(108.,35.,117.));
#7932 = CARTESIAN_POINT('',(108.,35.,129.));
#7933 = GEOMETRIC_CURVE_SET('',(#7934));
#7934 = TRIMMED_CURVE('',#7935,(#7939,PARAMETER_VALUE(0.)),(#7940,
    PARAMETER_VALUE(20.)),.T.,.PARAMETER.);
#7935 = LINE('',#7936,#7937);
#7936 = CARTESIAN_POINT('',(108.,35.,129.));
#7937 = VECTOR('',#7938,1.);
#7938 = DIRECTION('',(0.,1.,0.));
#7939 = CARTESIAN_POINT('',(108.,35.,129.));
#7940 = CARTESIAN_POINT('',(108.,55.,129.));
#7941 = GEOMETRIC_CURVE_SET('',(#7942));
#7942 = TRIMMED_CURVE('',#7943,(#7947,PARAMETER_VALUE(0.)),(#7948,
    PARAMETER_VALUE(12.)),.T.,.PARAMETER.);
#7943 = LINE('',#7944,#7945);
#7944 = CARTESIAN_POINT('',(108.,55.,117.));
#7945 = VECTOR('',#7946,1.);
#7946 = DIRECTION('',(0.,0.,1.));
#7947 = CARTESIAN_POINT('',(108.,55.,117.));
#7948 = CARTESIAN_POINT('',(108.,55.,129.));
#7949 = GEOMETRIC_CURVE_SET('',(#7950));
#7950 = TRIMMED_CURVE('',#7951,(#7955,PARAMETER_VALUE(0.)),(#7956,
    PARAMETER_VALUE(20.)),.T.,.PARAMETER.);
#7951 = LINE('',#7952,#7953);
#7952 = CARTESIAN_POINT('',(108.,35.,117.));
#7953 = VECTOR('',#7954,1.);
#7954 = DIRECTION('',(0.,1.,0.));
#7955 = CARTESIAN_POINT('',(108.,35.,117.));
#7956 = CARTESIAN_POINT('',(108.,55.,117.));
#7957 = GEOMETRIC_CURVE_SET('',(#7958));
#7958 = TRIMMED_CURVE('',#7959,(#7963,PARAMETER_VALUE(0.)),(#7964,
    PARAMETER_VALUE(12.)),.T.,.PARAMETER.);
#7959 = LINE('',#7960,#7961);
#7960 = CARTESIAN_POINT('',(138.,35.,117.));
#7961 = VECTOR('',#7962,1.);
#7962 = DIRECTION('',(0.,0.,1.));
#7963 = CARTESIAN_POINT('',(138.,35.,117.));
#7964 = CARTESIAN_POINT('',(138.,35.,129.));
#7965 = GEOMETRIC_CURVE_SET('',(#7966));
#7966 = TRIMMED_CURVE('',#7967,(#7971,PARAMETER_VALUE(0.)),(#7972,
    PARAMETER_VALUE(20.)),.T.,.PARAMETER.);
#7967 = LINE('',#7968,#7969);
#7968 = CARTESIAN_POINT('',(138.,35.,129.));
#7969 = VECTOR('',#7970,1.);
#7970 = DIRECTION('',(0.,1.,0.));
#7971 = CARTESIAN_POINT('',(138.,35.,129.));
#7972 = CARTESIAN_POINT('',(138.,55.,129.));
#7973 = GEOMETRIC_CURVE_SET('',(#7974));
#7974 = TRIMMED_CURVE('',#7975,(#7979,PARAMETER_VALUE(0.)),(#7980,
    PARAMETER_VALUE(12.)),.T.,.PARAMETER.);
#7975 = LINE('',#7976,#7977);
#7976 = CARTESIAN_POINT('',(138.,55.,117.));
#7977 = VECTOR('',#7978,1.);
#7978 = DIRECTION('',(0.,0.,1.));
#7979 = CARTESIAN_POINT('',(138.,55.,117.));
#7980 = CARTESIAN_POINT('',(138.,55.,129.));
#7981 = GEOMETRIC_CURVE_SET('',(#7982));
#7982 = TRIMMED_CURVE('',#7983,(#7987,PARAMETER_VALUE(0.)),(#7988,
    PARAMETER_VALUE(20.)),.T.,.PARAMETER.);
#7983 = LINE('',#7984,#7985);
#7984 = CARTESIAN_POINT('',(138.,35.,117.));
#7985 = VECTOR('',#7986,1.);
#7986 = DIRECTION('',(0.,1.,0.));
#7987 = CARTESIAN_POINT('',(138.,35.,117.));
#7988 = CARTESIAN_POINT('',(138.,55.,117.));
#7989 = GEOMETRIC_CURVE_SET('',(#7990));
#7990 = TRIMMED_CURVE('',#7991,(#7995,PARAMETER_VALUE(0.)),(#7996,
    PARAMETER_VALUE(30.)),.T.,.PARAMETER.);
#7991 = LINE('',#7992,#7993);
#7992 = CARTESIAN_POINT('',(108.,35.,117.));
#7993 = VECTOR('',#7994,1.);
#7994 = DIRECTION('',(1.,0.,0.));
#7995 = CARTESIAN_POINT('',(108.,35.,117.));
#7996 = CARTESIAN_POINT('',(138.,35.,117.));
#7997 = GEOMETRIC_CURVE_SET('',(#7998));
#7998 = TRIMMED_CURVE('',#7999,(#8003,PARAMETER_VALUE(0.)),(#8004,
    PARAMETER_VALUE(30.)),.T.,.PARAMETER.);
#7999 = LINE('',#8000,#8001);
#8000 = CARTESIAN_POINT('',(108.,35.,129.));
#8001 = VECTOR('',#8002,1.);
#8002 = DIRECTION('',(1.,0.,0.));
#8003 = CARTESIAN_POINT('',(108.,35.,129.));
#8004 = CARTESIAN_POINT('',(138.,35.,129.));
#8005 = GEOMETRIC_CURVE_SET('',(#8006));
#8006 = TRIMMED_CURVE('',#8007,(#8011,PARAMETER_VALUE(0.)),(#8012,
    PARAMETER_VALUE(30.)),.T.,.PARAMETER.);
#8007 = LINE('',#8008,#8009);
#8008 = CARTESIAN_POINT('',(108.,55.,117.));
#8009 = VECTOR('',#8010,1.);
#8010 = DIRECTION('',(1.,0.,0.));
#8011 = CARTESIAN_POINT('',(108.,55.,117.));
#8012 = CARTESIAN_POINT('',(138.,55.,117.));
#8013 = GEOMETRIC_CURVE_SET('',(#8014));
#8014 = TRIMMED_CURVE('',#8015,(#8019,PARAMETER_VALUE(0.)),(#8020,
    PARAMETER_VALUE(30.)),.T.,.PARAMETER.);
#8015 = LINE('',#8016,#8017);
#8016 = CARTESIAN_POINT('',(108.,55.,129.));
#8017 = VECTOR('',#8018,1.);
#8018 = DIRECTION('',(1.,0.,0.));
#8019 = CARTESIAN_POINT('',(108.,55.,129.));
#8020 = CARTESIAN_POINT('',(138.,55.,129.));
#8021 = GEOMETRIC_CURVE_SET('',(#8022));
#8022 = TRIMMED_CURVE('',#8023,(#8027,PARAMETER_VALUE(0.)),(#8028,
    PARAMETER_VALUE(30.)),.T.,.PARAMETER.);
#8023 = LINE('',#8024,#8025);
#8024 = CARTESIAN_POINT('',(215.,25.,56.));
#8025 = VECTOR('',#8026,1.);
#8026 = DIRECTION('',(0.,0.,1.));
#8027 = CARTESIAN_POINT('',(215.,25.,56.));
#8028 = CARTESIAN_POINT('',(215.,25.,86.));
#8029 = GEOMETRIC_CURVE_SET('',(#8030));
#8030 = TRIMMED_CURVE('',#8031,(#8035,PARAMETER_VALUE(0.)),(#8036,
    PARAMETER_VALUE(57.)),.T.,.PARAMETER.);
#8031 = LINE('',#8032,#8033);
#8032 = CARTESIAN_POINT('',(215.,25.,86.));
#8033 = VECTOR('',#8034,1.);
#8034 = DIRECTION('',(0.,1.,0.));
#8035 = CARTESIAN_POINT('',(215.,25.,86.));
#8036 = CARTESIAN_POINT('',(215.,82.,86.));
#8037 = GEOMETRIC_CURVE_SET('',(#8038));
#8038 = TRIMMED_CURVE('',#8039,(#8043,PARAMETER_VALUE(0.)),(#8044,
    PARAMETER_VALUE(30.)),.T.,.PARAMETER.);
#8039 = LINE('',#8040,#8041);
#8040 = CARTESIAN_POINT('',(215.,82.,56.));
#8041 = VECTOR('',#8042,1.);
#8042 = DIRECTION('',(0.,0.,1.));
#8043 = CARTESIAN_POINT('',(215.,82.,56.));
#8044 = CARTESIAN_POINT('',(215.,82.,86.));
#8045 = GEOMETRIC_CURVE_SET('',(#8046));
#8046 = TRIMMED_CURVE('',#8047,(#8051,PARAMETER_VALUE(0.)),(#8052,
    PARAMETER_VALUE(57.)),.T.,.PARAMETER.);
#8047 = LINE('',#8048,#8049);
#8048 = CARTESIAN_POINT('',(215.,25.,56.));
#8049 = VECTOR('',#8050,1.);
#8050 = DIRECTION('',(0.,1.,0.));
#8051 = CARTESIAN_POINT('',(215.,25.,56.));
#8052 = CARTESIAN_POINT('',(215.,82.,56.));
#8053 = GEOMETRIC_CURVE_SET('',(#8054));
#8054 = TRIMMED_CURVE('',#8055,(#8059,PARAMETER_VALUE(0.)),(#8060,
    PARAMETER_VALUE(30.)),.T.,.PARAMETER.);
#8055 = LINE('',#8056,#8057);
#8056 = CARTESIAN_POINT('',(247.,25.,56.));
#8057 = VECTOR('',#8058,1.);
#8058 = DIRECTION('',(0.,0.,1.));
#8059 = CARTESIAN_POINT('',(247.,25.,56.));
#8060 = CARTESIAN_POINT('',(247.,25.,86.));
#8061 = GEOMETRIC_CURVE_SET('',(#8062));
#8062 = TRIMMED_CURVE('',#8063,(#8067,PARAMETER_VALUE(0.)),(#8068,
    PARAMETER_VALUE(57.)),.T.,.PARAMETER.);
#8063 = LINE('',#8064,#8065);
#8064 = CARTESIAN_POINT('',(247.,25.,86.));
#8065 = VECTOR('',#8066,1.);
#8066 = DIRECTION('',(0.,1.,0.));
#8067 = CARTESIAN_POINT('',(247.,25.,86.));
#8068 = CARTESIAN_POINT('',(247.,82.,86.));
#8069 = GEOMETRIC_CURVE_SET('',(#8070));
#8070 = TRIMMED_CURVE('',#8071,(#8075,PARAMETER_VALUE(0.)),(#8076,
    PARAMETER_VALUE(30.)),.T.,.PARAMETER.);
#8071 = LINE('',#8072,#8073);
#8072 = CARTESIAN_POINT('',(247.,82.,56.));
#8073 = VECTOR('',#8074,1.);
#8074 = DIRECTION('',(0.,0.,1.));
#8075 = CARTESIAN_POINT('',(247.,82.,56.));
#8076 = CARTESIAN_POINT('',(247.,82.,86.));
#8077 = GEOMETRIC_CURVE_SET('',(#8078));
#8078 = TRIMMED_CURVE('',#8079,(#8083,PARAMETER_VALUE(0.)),(#8084,
    PARAMETER_VALUE(57.)),.T.,.PARAMETER.);
#8079 = LINE('',#8080,#8081);
#8080 = CARTESIAN_POINT('',(247.,25.,56.));
#8081 = VECTOR('',#8082,1.);
#8082 = DIRECTION('',(0.,1.,0.));
#8083 = CARTESIAN_POINT('',(247.,25.,56.));
#8084 = CARTESIAN_POINT('',(247.,82.,56.));
#8085 = GEOMETRIC_CURVE_SET('',(#8086));
#8086 = TRIMMED_CURVE('',#8087,(#8091,PARAMETER_VALUE(0.)),(#8092,
    PARAMETER_VALUE(32.)),.T.,.PARAMETER.);
#8087 = LINE('',#8088,#8089);
#8088 = CARTESIAN_POINT('',(215.,25.,56.));
#8089 = VECTOR('',#8090,1.);
#8090 = DIRECTION('',(1.,0.,0.));
#8091 = CARTESIAN_POINT('',(215.,25.,56.));
#8092 = CARTESIAN_POINT('',(247.,25.,56.));
#8093 = GEOMETRIC_CURVE_SET('',(#8094));
#8094 = TRIMMED_CURVE('',#8095,(#8099,PARAMETER_VALUE(0.)),(#8100,
    PARAMETER_VALUE(32.)),.T.,.PARAMETER.);
#8095 = LINE('',#8096,#8097);
#8096 = CARTESIAN_POINT('',(215.,25.,86.));
#8097 = VECTOR('',#8098,1.);
#8098 = DIRECTION('',(1.,0.,0.));
#8099 = CARTESIAN_POINT('',(215.,25.,86.));
#8100 = CARTESIAN_POINT('',(247.,25.,86.));
#8101 = GEOMETRIC_CURVE_SET('',(#8102));
#8102 = TRIMMED_CURVE('',#8103,(#8107,PARAMETER_VALUE(0.)),(#8108,
    PARAMETER_VALUE(32.)),.T.,.PARAMETER.);
#8103 = LINE('',#8104,#8105);
#8104 = CARTESIAN_POINT('',(215.,82.,56.));
#8105 = VECTOR('',#8106,1.);
#8106 = DIRECTION('',(1.,0.,0.));
#8107 = CARTESIAN_POINT('',(215.,82.,56.));
#8108 = CARTESIAN_POINT('',(247.,82.,56.));
#8109 = GEOMETRIC_CURVE_SET('',(#8110));
#8110 = TRIMMED_CURVE('',#8111,(#8115,PARAMETER_VALUE(0.)),(#8116,
    PARAMETER_VALUE(32.)),.T.,.PARAMETER.);
#8111 = LINE('',#8112,#8113);
#8112 = CARTESIAN_POINT('',(215.,82.,86.));
#8113 = VECTOR('',#8114,1.);
#8114 = DIRECTION('',(1.,0.,0.));
#8115 = CARTESIAN_POINT('',(215.,82.,86.));
#8116 = CARTESIAN_POINT('',(247.,82.,86.));
#8117 = GEOMETRIC_CURVE_SET('',(#8118));
#8118 = TRIMMED_CURVE('',#8119,(#8123,PARAMETER_VALUE(0.)),(#8124,
    PARAMETER_VALUE(3.175)),.T.,.PARAMETER.);
#8119 = LINE('',#8120,#8121);
#8120 = CARTESIAN_POINT('',(5.,1.3,86.));
#8121 = VECTOR('',#8122,1.);
#8122 = DIRECTION('',(0.,0.,1.));
#8123 = CARTESIAN_POINT('',(5.,1.3,86.));
#8124 = CARTESIAN_POINT('',(5.,1.3,89.175));
#8125 = GEOMETRIC_CURVE_SET('',(#8126));
#8126 = TRIMMED_CURVE('',#8127,(#8131,PARAMETER_VALUE(0.)),(#8132,
    PARAMETER_VALUE(25.4)),.T.,.PARAMETER.);
#8127 = LINE('',#8128,#8129);
#8128 = CARTESIAN_POINT('',(5.,1.3,89.175));
#8129 = VECTOR('',#8130,1.);
#8130 = DIRECTION('',(0.,1.,0.));
#8131 = CARTESIAN_POINT('',(5.,1.3,89.175));
#8132 = CARTESIAN_POINT('',(5.,26.7,89.175));
#8133 = GEOMETRIC_CURVE_SET('',(#8134));
#8134 = TRIMMED_CURVE('',#8135,(#8139,PARAMETER_VALUE(0.)),(#8140,
    PARAMETER_VALUE(3.175)),.T.,.PARAMETER.);
#8135 = LINE('',#8136,#8137);
#8136 = CARTESIAN_POINT('',(5.,26.7,86.));
#8137 = VECTOR('',#8138,1.);
#8138 = DIRECTION('',(0.,0.,1.));
#8139 = CARTESIAN_POINT('',(5.,26.7,86.));
#8140 = CARTESIAN_POINT('',(5.,26.7,89.175));
#8141 = GEOMETRIC_CURVE_SET('',(#8142));
#8142 = TRIMMED_CURVE('',#8143,(#8147,PARAMETER_VALUE(0.)),(#8148,
    PARAMETER_VALUE(25.4)),.T.,.PARAMETER.);
#8143 = LINE('',#8144,#8145);
#8144 = CARTESIAN_POINT('',(5.,1.3,86.));
#8145 = VECTOR('',#8146,1.);
#8146 = DIRECTION('',(0.,1.,0.));
#8147 = CARTESIAN_POINT('',(5.,1.3,86.));
#8148 = CARTESIAN_POINT('',(5.,26.7,86.));
#8149 = GEOMETRIC_CURVE_SET('',(#8150));
#8150 = TRIMMED_CURVE('',#8151,(#8155,PARAMETER_VALUE(0.)),(#8156,
    PARAMETER_VALUE(3.175)),.T.,.PARAMETER.);
#8151 = LINE('',#8152,#8153);
#8152 = CARTESIAN_POINT('',(23.,1.3,86.));
#8153 = VECTOR('',#8154,1.);
#8154 = DIRECTION('',(0.,0.,1.));
#8155 = CARTESIAN_POINT('',(23.,1.3,86.));
#8156 = CARTESIAN_POINT('',(23.,1.3,89.175));
#8157 = GEOMETRIC_CURVE_SET('',(#8158));
#8158 = TRIMMED_CURVE('',#8159,(#8163,PARAMETER_VALUE(0.)),(#8164,
    PARAMETER_VALUE(25.4)),.T.,.PARAMETER.);
#8159 = LINE('',#8160,#8161);
#8160 = CARTESIAN_POINT('',(23.,1.3,89.175));
#8161 = VECTOR('',#8162,1.);
#8162 = DIRECTION('',(0.,1.,0.));
#8163 = CARTESIAN_POINT('',(23.,1.3,89.175));
#8164 = CARTESIAN_POINT('',(23.,26.7,89.175));
#8165 = GEOMETRIC_CURVE_SET('',(#8166));
#8166 = TRIMMED_CURVE('',#8167,(#8171,PARAMETER_VALUE(0.)),(#8172,
    PARAMETER_VALUE(3.175)),.T.,.PARAMETER.);
#8167 = LINE('',#8168,#8169);
#8168 = CARTESIAN_POINT('',(23.,26.7,86.));
#8169 = VECTOR('',#8170,1.);
#8170 = DIRECTION('',(0.,0.,1.));
#8171 = CARTESIAN_POINT('',(23.,26.7,86.));
#8172 = CARTESIAN_POINT('',(23.,26.7,89.175));
#8173 = GEOMETRIC_CURVE_SET('',(#8174));
#8174 = TRIMMED_CURVE('',#8175,(#8179,PARAMETER_VALUE(0.)),(#8180,
    PARAMETER_VALUE(25.4)),.T.,.PARAMETER.);
#8175 = LINE('',#8176,#8177);
#8176 = CARTESIAN_POINT('',(23.,1.3,86.));
#8177 = VECTOR('',#8178,1.);
#8178 = DIRECTION('',(0.,1.,0.));
#8179 = CARTESIAN_POINT('',(23.,1.3,86.));
#8180 = CARTESIAN_POINT('',(23.,26.7,86.));
#8181 = GEOMETRIC_CURVE_SET('',(#8182));
#8182 = TRIMMED_CURVE('',#8183,(#8187,PARAMETER_VALUE(0.)),(#8188,
    PARAMETER_VALUE(18.)),.T.,.PARAMETER.);
#8183 = LINE('',#8184,#8185);
#8184 = CARTESIAN_POINT('',(5.,1.3,86.));
#8185 = VECTOR('',#8186,1.);
#8186 = DIRECTION('',(1.,0.,0.));
#8187 = CARTESIAN_POINT('',(5.,1.3,86.));
#8188 = CARTESIAN_POINT('',(23.,1.3,86.));
#8189 = GEOMETRIC_CURVE_SET('',(#8190));
#8190 = TRIMMED_CURVE('',#8191,(#8195,PARAMETER_VALUE(0.)),(#8196,
    PARAMETER_VALUE(18.)),.T.,.PARAMETER.);
#8191 = LINE('',#8192,#8193);
#8192 = CARTESIAN_POINT('',(5.,1.3,89.175));
#8193 = VECTOR('',#8194,1.);
#8194 = DIRECTION('',(1.,0.,0.));
#8195 = CARTESIAN_POINT('',(5.,1.3,89.175));
#8196 = CARTESIAN_POINT('',(23.,1.3,89.175));
#8197 = GEOMETRIC_CURVE_SET('',(#8198));
#8198 = TRIMMED_CURVE('',#8199,(#8203,PARAMETER_VALUE(0.)),(#8204,
    PARAMETER_VALUE(18.)),.T.,.PARAMETER.);
#8199 = LINE('',#8200,#8201);
#8200 = CARTESIAN_POINT('',(5.,26.7,86.));
#8201 = VECTOR('',#8202,1.);
#8202 = DIRECTION('',(1.,0.,0.));
#8203 = CARTESIAN_POINT('',(5.,26.7,86.));
#8204 = CARTESIAN_POINT('',(23.,26.7,86.));
#8205 = GEOMETRIC_CURVE_SET('',(#8206));
#8206 = TRIMMED_CURVE('',#8207,(#8211,PARAMETER_VALUE(0.)),(#8212,
    PARAMETER_VALUE(18.)),.T.,.PARAMETER.);
#8207 = LINE('',#8208,#8209);
#8208 = CARTESIAN_POINT('',(5.,26.7,89.175));
#8209 = VECTOR('',#8210,1.);
#8210 = DIRECTION('',(1.,0.,0.));
#8211 = CARTESIAN_POINT('',(5.,26.7,89.175));
#8212 = CARTESIAN_POINT('',(23.,26.7,89.175));
#8213 = GEOMETRIC_CURVE_SET('',(#8214));
#8214 = TRIMMED_CURVE('',#8215,(#8219,PARAMETER_VALUE(0.)),(#8220,
    PARAMETER_VALUE(3.175)),.T.,.PARAMETER.);
#8215 = LINE('',#8216,#8217);
#8216 = CARTESIAN_POINT('',(5.,1.3,120.925));
#8217 = VECTOR('',#8218,1.);
#8218 = DIRECTION('',(0.,0.,1.));
#8219 = CARTESIAN_POINT('',(5.,1.3,120.925));
#8220 = CARTESIAN_POINT('',(5.,1.3,124.1));
#8221 = GEOMETRIC_CURVE_SET('',(#8222));
#8222 = TRIMMED_CURVE('',#8223,(#8227,PARAMETER_VALUE(0.)),(#8228,
    PARAMETER_VALUE(25.4)),.T.,.PARAMETER.);
#8223 = LINE('',#8224,#8225);
#8224 = CARTESIAN_POINT('',(5.,1.3,124.1));
#8225 = VECTOR('',#8226,1.);
#8226 = DIRECTION('',(0.,1.,0.));
#8227 = CARTESIAN_POINT('',(5.,1.3,124.1));
#8228 = CARTESIAN_POINT('',(5.,26.7,124.1));
#8229 = GEOMETRIC_CURVE_SET('',(#8230));
#8230 = TRIMMED_CURVE('',#8231,(#8235,PARAMETER_VALUE(0.)),(#8236,
    PARAMETER_VALUE(3.175)),.T.,.PARAMETER.);
#8231 = LINE('',#8232,#8233);
#8232 = CARTESIAN_POINT('',(5.,26.7,120.925));
#8233 = VECTOR('',#8234,1.);
#8234 = DIRECTION('',(0.,0.,1.));
#8235 = CARTESIAN_POINT('',(5.,26.7,120.925));
#8236 = CARTESIAN_POINT('',(5.,26.7,124.1));
#8237 = GEOMETRIC_CURVE_SET('',(#8238));
#8238 = TRIMMED_CURVE('',#8239,(#8243,PARAMETER_VALUE(0.)),(#8244,
    PARAMETER_VALUE(25.4)),.T.,.PARAMETER.);
#8239 = LINE('',#8240,#8241);
#8240 = CARTESIAN_POINT('',(5.,1.3,120.925));
#8241 = VECTOR('',#8242,1.);
#8242 = DIRECTION('',(0.,1.,0.));
#8243 = CARTESIAN_POINT('',(5.,1.3,120.925));
#8244 = CARTESIAN_POINT('',(5.,26.7,120.925));
#8245 = GEOMETRIC_CURVE_SET('',(#8246));
#8246 = TRIMMED_CURVE('',#8247,(#8251,PARAMETER_VALUE(0.)),(#8252,
    PARAMETER_VALUE(3.175)),.T.,.PARAMETER.);
#8247 = LINE('',#8248,#8249);
#8248 = CARTESIAN_POINT('',(23.,1.3,120.925));
#8249 = VECTOR('',#8250,1.);
#8250 = DIRECTION('',(0.,0.,1.));
#8251 = CARTESIAN_POINT('',(23.,1.3,120.925));
#8252 = CARTESIAN_POINT('',(23.,1.3,124.1));
#8253 = GEOMETRIC_CURVE_SET('',(#8254));
#8254 = TRIMMED_CURVE('',#8255,(#8259,PARAMETER_VALUE(0.)),(#8260,
    PARAMETER_VALUE(25.4)),.T.,.PARAMETER.);
#8255 = LINE('',#8256,#8257);
#8256 = CARTESIAN_POINT('',(23.,1.3,124.1));
#8257 = VECTOR('',#8258,1.);
#8258 = DIRECTION('',(0.,1.,0.));
#8259 = CARTESIAN_POINT('',(23.,1.3,124.1));
#8260 = CARTESIAN_POINT('',(23.,26.7,124.1));
#8261 = GEOMETRIC_CURVE_SET('',(#8262));
#8262 = TRIMMED_CURVE('',#8263,(#8267,PARAMETER_VALUE(0.)),(#8268,
    PARAMETER_VALUE(3.175)),.T.,.PARAMETER.);
#8263 = LINE('',#8264,#8265);
#8264 = CARTESIAN_POINT('',(23.,26.7,120.925));
#8265 = VECTOR('',#8266,1.);
#8266 = DIRECTION('',(0.,0.,1.));
#8267 = CARTESIAN_POINT('',(23.,26.7,120.925));
#8268 = CARTESIAN_POINT('',(23.,26.7,124.1));
#8269 = GEOMETRIC_CURVE_SET('',(#8270));
#8270 = TRIMMED_CURVE('',#8271,(#8275,PARAMETER_VALUE(0.)),(#8276,
    PARAMETER_VALUE(25.4)),.T.,.PARAMETER.);
#8271 = LINE('',#8272,#8273);
#8272 = CARTESIAN_POINT('',(23.,1.3,120.925));
#8273 = VECTOR('',#8274,1.);
#8274 = DIRECTION('',(0.,1.,0.));
#8275 = CARTESIAN_POINT('',(23.,1.3,120.925));
#8276 = CARTESIAN_POINT('',(23.,26.7,120.925));
#8277 = GEOMETRIC_CURVE_SET('',(#8278));
#8278 = TRIMMED_CURVE('',#8279,(#8283,PARAMETER_VALUE(0.)),(#8284,
    PARAMETER_VALUE(18.)),.T.,.PARAMETER.);
#8279 = LINE('',#8280,#8281);
#8280 = CARTESIAN_POINT('',(5.,1.3,120.925));
#8281 = VECTOR('',#8282,1.);
#8282 = DIRECTION('',(1.,0.,0.));
#8283 = CARTESIAN_POINT('',(5.,1.3,120.925));
#8284 = CARTESIAN_POINT('',(23.,1.3,120.925));
#8285 = GEOMETRIC_CURVE_SET('',(#8286));
#8286 = TRIMMED_CURVE('',#8287,(#8291,PARAMETER_VALUE(0.)),(#8292,
    PARAMETER_VALUE(18.)),.T.,.PARAMETER.);
#8287 = LINE('',#8288,#8289);
#8288 = CARTESIAN_POINT('',(5.,1.3,124.1));
#8289 = VECTOR('',#8290,1.);
#8290 = DIRECTION('',(1.,0.,0.));
#8291 = CARTESIAN_POINT('',(5.,1.3,124.1));
#8292 = CARTESIAN_POINT('',(23.,1.3,124.1));
#8293 = GEOMETRIC_CURVE_SET('',(#8294));
#8294 = TRIMMED_CURVE('',#8295,(#8299,PARAMETER_VALUE(0.)),(#8300,
    PARAMETER_VALUE(18.)),.T.,.PARAMETER.);
#8295 = LINE('',#8296,#8297);
#8296 = CARTESIAN_POINT('',(5.,26.7,120.925));
#8297 = VECTOR('',#8298,1.);
#8298 = DIRECTION('',(1.,0.,0.));
#8299 = CARTESIAN_POINT('',(5.,26.7,120.925));
#8300 = CARTESIAN_POINT('',(23.,26.7,120.925));
#8301 = GEOMETRIC_CURVE_SET('',(#8302));
#8302 = TRIMMED_CURVE('',#8303,(#8307,PARAMETER_VALUE(0.)),(#8308,
    PARAMETER_VALUE(18.)),.T.,.PARAMETER.);
#8303 = LINE('',#8304,#8305);
#8304 = CARTESIAN_POINT('',(5.,26.7,124.1));
#8305 = VECTOR('',#8306,1.);
#8306 = DIRECTION('',(1.,0.,0.));
#8307 = CARTESIAN_POINT('',(5.,26.7,124.1));
#8308 = CARTESIAN_POINT('',(23.,26.7,124.1));
#8309 = GEOMETRIC_CURVE_SET('',(#8310));
#8310 = TRIMMED_CURVE('',#8311,(#8315,PARAMETER_VALUE(0.)),(#8316,
    PARAMETER_VALUE(31.75)),.T.,.PARAMETER.);
#8311 = LINE('',#8312,#8313);
#8312 = CARTESIAN_POINT('',(5.,1.3,89.175));
#8313 = VECTOR('',#8314,1.);
#8314 = DIRECTION('',(0.,0.,1.));
#8315 = CARTESIAN_POINT('',(5.,1.3,89.175));
#8316 = CARTESIAN_POINT('',(5.,1.3,120.925));
#8317 = GEOMETRIC_CURVE_SET('',(#8318));
#8318 = TRIMMED_CURVE('',#8319,(#8323,PARAMETER_VALUE(0.)),(#8324,
    PARAMETER_VALUE(3.175)),.T.,.PARAMETER.);
#8319 = LINE('',#8320,#8321);
#8320 = CARTESIAN_POINT('',(5.,1.3,120.925));
#8321 = VECTOR('',#8322,1.);
#8322 = DIRECTION('',(0.,1.,0.));
#8323 = CARTESIAN_POINT('',(5.,1.3,120.925));
#8324 = CARTESIAN_POINT('',(5.,4.475,120.925));
#8325 = GEOMETRIC_CURVE_SET('',(#8326));
#8326 = TRIMMED_CURVE('',#8327,(#8331,PARAMETER_VALUE(0.)),(#8332,
    PARAMETER_VALUE(31.75)),.T.,.PARAMETER.);
#8327 = LINE('',#8328,#8329);
#8328 = CARTESIAN_POINT('',(5.,4.475,89.175));
#8329 = VECTOR('',#8330,1.);
#8330 = DIRECTION('',(0.,0.,1.));
#8331 = CARTESIAN_POINT('',(5.,4.475,89.175));
#8332 = CARTESIAN_POINT('',(5.,4.475,120.925));
#8333 = GEOMETRIC_CURVE_SET('',(#8334));
#8334 = TRIMMED_CURVE('',#8335,(#8339,PARAMETER_VALUE(0.)),(#8340,
    PARAMETER_VALUE(3.175)),.T.,.PARAMETER.);
#8335 = LINE('',#8336,#8337);
#8336 = CARTESIAN_POINT('',(5.,1.3,89.175));
#8337 = VECTOR('',#8338,1.);
#8338 = DIRECTION('',(0.,1.,0.));
#8339 = CARTESIAN_POINT('',(5.,1.3,89.175));
#8340 = CARTESIAN_POINT('',(5.,4.475,89.175));
#8341 = GEOMETRIC_CURVE_SET('',(#8342));
#8342 = TRIMMED_CURVE('',#8343,(#8347,PARAMETER_VALUE(0.)),(#8348,
    PARAMETER_VALUE(31.75)),.T.,.PARAMETER.);
#8343 = LINE('',#8344,#8345);
#8344 = CARTESIAN_POINT('',(23.,1.3,89.175));
#8345 = VECTOR('',#8346,1.);
#8346 = DIRECTION('',(0.,0.,1.));
#8347 = CARTESIAN_POINT('',(23.,1.3,89.175));
#8348 = CARTESIAN_POINT('',(23.,1.3,120.925));
#8349 = GEOMETRIC_CURVE_SET('',(#8350));
#8350 = TRIMMED_CURVE('',#8351,(#8355,PARAMETER_VALUE(0.)),(#8356,
    PARAMETER_VALUE(3.175)),.T.,.PARAMETER.);
#8351 = LINE('',#8352,#8353);
#8352 = CARTESIAN_POINT('',(23.,1.3,120.925));
#8353 = VECTOR('',#8354,1.);
#8354 = DIRECTION('',(0.,1.,0.));
#8355 = CARTESIAN_POINT('',(23.,1.3,120.925));
#8356 = CARTESIAN_POINT('',(23.,4.475,120.925));
#8357 = GEOMETRIC_CURVE_SET('',(#8358));
#8358 = TRIMMED_CURVE('',#8359,(#8363,PARAMETER_VALUE(0.)),(#8364,
    PARAMETER_VALUE(31.75)),.T.,.PARAMETER.);
#8359 = LINE('',#8360,#8361);
#8360 = CARTESIAN_POINT('',(23.,4.475,89.175));
#8361 = VECTOR('',#8362,1.);
#8362 = DIRECTION('',(0.,0.,1.));
#8363 = CARTESIAN_POINT('',(23.,4.475,89.175));
#8364 = CARTESIAN_POINT('',(23.,4.475,120.925));
#8365 = GEOMETRIC_CURVE_SET('',(#8366));
#8366 = TRIMMED_CURVE('',#8367,(#8371,PARAMETER_VALUE(0.)),(#8372,
    PARAMETER_VALUE(3.175)),.T.,.PARAMETER.);
#8367 = LINE('',#8368,#8369);
#8368 = CARTESIAN_POINT('',(23.,1.3,89.175));
#8369 = VECTOR('',#8370,1.);
#8370 = DIRECTION('',(0.,1.,0.));
#8371 = CARTESIAN_POINT('',(23.,1.3,89.175));
#8372 = CARTESIAN_POINT('',(23.,4.475,89.175));
#8373 = GEOMETRIC_CURVE_SET('',(#8374));
#8374 = TRIMMED_CURVE('',#8375,(#8379,PARAMETER_VALUE(0.)),(#8380,
    PARAMETER_VALUE(18.)),.T.,.PARAMETER.);
#8375 = LINE('',#8376,#8377);
#8376 = CARTESIAN_POINT('',(5.,1.3,89.175));
#8377 = VECTOR('',#8378,1.);
#8378 = DIRECTION('',(1.,0.,0.));
#8379 = CARTESIAN_POINT('',(5.,1.3,89.175));
#8380 = CARTESIAN_POINT('',(23.,1.3,89.175));
#8381 = GEOMETRIC_CURVE_SET('',(#8382));
#8382 = TRIMMED_CURVE('',#8383,(#8387,PARAMETER_VALUE(0.)),(#8388,
    PARAMETER_VALUE(18.)),.T.,.PARAMETER.);
#8383 = LINE('',#8384,#8385);
#8384 = CARTESIAN_POINT('',(5.,1.3,120.925));
#8385 = VECTOR('',#8386,1.);
#8386 = DIRECTION('',(1.,0.,0.));
#8387 = CARTESIAN_POINT('',(5.,1.3,120.925));
#8388 = CARTESIAN_POINT('',(23.,1.3,120.925));
#8389 = GEOMETRIC_CURVE_SET('',(#8390));
#8390 = TRIMMED_CURVE('',#8391,(#8395,PARAMETER_VALUE(0.)),(#8396,
    PARAMETER_VALUE(18.)),.T.,.PARAMETER.);
#8391 = LINE('',#8392,#8393);
#8392 = CARTESIAN_POINT('',(5.,4.475,89.175));
#8393 = VECTOR('',#8394,1.);
#8394 = DIRECTION('',(1.,0.,0.));
#8395 = CARTESIAN_POINT('',(5.,4.475,89.175));
#8396 = CARTESIAN_POINT('',(23.,4.475,89.175));
#8397 = GEOMETRIC_CURVE_SET('',(#8398));
#8398 = TRIMMED_CURVE('',#8399,(#8403,PARAMETER_VALUE(0.)),(#8404,
    PARAMETER_VALUE(18.)),.T.,.PARAMETER.);
#8399 = LINE('',#8400,#8401);
#8400 = CARTESIAN_POINT('',(5.,4.475,120.925));
#8401 = VECTOR('',#8402,1.);
#8402 = DIRECTION('',(1.,0.,0.));
#8403 = CARTESIAN_POINT('',(5.,4.475,120.925));
#8404 = CARTESIAN_POINT('',(23.,4.475,120.925));
#8405 = GEOMETRIC_CURVE_SET('',(#8406));
#8406 = TRIMMED_CURVE('',#8407,(#8411,PARAMETER_VALUE(0.)),(#8412,
    PARAMETER_VALUE(31.75)),.T.,.PARAMETER.);
#8407 = LINE('',#8408,#8409);
#8408 = CARTESIAN_POINT('',(5.,23.525,89.175));
#8409 = VECTOR('',#8410,1.);
#8410 = DIRECTION('',(0.,0.,1.));
#8411 = CARTESIAN_POINT('',(5.,23.525,89.175));
#8412 = CARTESIAN_POINT('',(5.,23.525,120.925));
#8413 = GEOMETRIC_CURVE_SET('',(#8414));
#8414 = TRIMMED_CURVE('',#8415,(#8419,PARAMETER_VALUE(0.)),(#8420,
    PARAMETER_VALUE(3.175)),.T.,.PARAMETER.);
#8415 = LINE('',#8416,#8417);
#8416 = CARTESIAN_POINT('',(5.,23.525,120.925));
#8417 = VECTOR('',#8418,1.);
#8418 = DIRECTION('',(0.,1.,0.));
#8419 = CARTESIAN_POINT('',(5.,23.525,120.925));
#8420 = CARTESIAN_POINT('',(5.,26.7,120.925));
#8421 = GEOMETRIC_CURVE_SET('',(#8422));
#8422 = TRIMMED_CURVE('',#8423,(#8427,PARAMETER_VALUE(0.)),(#8428,
    PARAMETER_VALUE(31.75)),.T.,.PARAMETER.);
#8423 = LINE('',#8424,#8425);
#8424 = CARTESIAN_POINT('',(5.,26.7,89.175));
#8425 = VECTOR('',#8426,1.);
#8426 = DIRECTION('',(0.,0.,1.));
#8427 = CARTESIAN_POINT('',(5.,26.7,89.175));
#8428 = CARTESIAN_POINT('',(5.,26.7,120.925));
#8429 = GEOMETRIC_CURVE_SET('',(#8430));
#8430 = TRIMMED_CURVE('',#8431,(#8435,PARAMETER_VALUE(0.)),(#8436,
    PARAMETER_VALUE(3.175)),.T.,.PARAMETER.);
#8431 = LINE('',#8432,#8433);
#8432 = CARTESIAN_POINT('',(5.,23.525,89.175));
#8433 = VECTOR('',#8434,1.);
#8434 = DIRECTION('',(0.,1.,0.));
#8435 = CARTESIAN_POINT('',(5.,23.525,89.175));
#8436 = CARTESIAN_POINT('',(5.,26.7,89.175));
#8437 = GEOMETRIC_CURVE_SET('',(#8438));
#8438 = TRIMMED_CURVE('',#8439,(#8443,PARAMETER_VALUE(0.)),(#8444,
    PARAMETER_VALUE(31.75)),.T.,.PARAMETER.);
#8439 = LINE('',#8440,#8441);
#8440 = CARTESIAN_POINT('',(23.,23.525,89.175));
#8441 = VECTOR('',#8442,1.);
#8442 = DIRECTION('',(0.,0.,1.));
#8443 = CARTESIAN_POINT('',(23.,23.525,89.175));
#8444 = CARTESIAN_POINT('',(23.,23.525,120.925));
#8445 = GEOMETRIC_CURVE_SET('',(#8446));
#8446 = TRIMMED_CURVE('',#8447,(#8451,PARAMETER_VALUE(0.)),(#8452,
    PARAMETER_VALUE(3.175)),.T.,.PARAMETER.);
#8447 = LINE('',#8448,#8449);
#8448 = CARTESIAN_POINT('',(23.,23.525,120.925));
#8449 = VECTOR('',#8450,1.);
#8450 = DIRECTION('',(0.,1.,0.));
#8451 = CARTESIAN_POINT('',(23.,23.525,120.925));
#8452 = CARTESIAN_POINT('',(23.,26.7,120.925));
#8453 = GEOMETRIC_CURVE_SET('',(#8454));
#8454 = TRIMMED_CURVE('',#8455,(#8459,PARAMETER_VALUE(0.)),(#8460,
    PARAMETER_VALUE(31.75)),.T.,.PARAMETER.);
#8455 = LINE('',#8456,#8457);
#8456 = CARTESIAN_POINT('',(23.,26.7,89.175));
#8457 = VECTOR('',#8458,1.);
#8458 = DIRECTION('',(0.,0.,1.));
#8459 = CARTESIAN_POINT('',(23.,26.7,89.175));
#8460 = CARTESIAN_POINT('',(23.,26.7,120.925));
#8461 = GEOMETRIC_CURVE_SET('',(#8462));
#8462 = TRIMMED_CURVE('',#8463,(#8467,PARAMETER_VALUE(0.)),(#8468,
    PARAMETER_VALUE(3.175)),.T.,.PARAMETER.);
#8463 = LINE('',#8464,#8465);
#8464 = CARTESIAN_POINT('',(23.,23.525,89.175));
#8465 = VECTOR('',#8466,1.);
#8466 = DIRECTION('',(0.,1.,0.));
#8467 = CARTESIAN_POINT('',(23.,23.525,89.175));
#8468 = CARTESIAN_POINT('',(23.,26.7,89.175));
#8469 = GEOMETRIC_CURVE_SET('',(#8470));
#8470 = TRIMMED_CURVE('',#8471,(#8475,PARAMETER_VALUE(0.)),(#8476,
    PARAMETER_VALUE(18.)),.T.,.PARAMETER.);
#8471 = LINE('',#8472,#8473);
#8472 = CARTESIAN_POINT('',(5.,23.525,89.175));
#8473 = VECTOR('',#8474,1.);
#8474 = DIRECTION('',(1.,0.,0.));
#8475 = CARTESIAN_POINT('',(5.,23.525,89.175));
#8476 = CARTESIAN_POINT('',(23.,23.525,89.175));
#8477 = GEOMETRIC_CURVE_SET('',(#8478));
#8478 = TRIMMED_CURVE('',#8479,(#8483,PARAMETER_VALUE(0.)),(#8484,
    PARAMETER_VALUE(18.)),.T.,.PARAMETER.);
#8479 = LINE('',#8480,#8481);
#8480 = CARTESIAN_POINT('',(5.,23.525,120.925));
#8481 = VECTOR('',#8482,1.);
#8482 = DIRECTION('',(1.,0.,0.));
#8483 = CARTESIAN_POINT('',(5.,23.525,120.925));
#8484 = CARTESIAN_POINT('',(23.,23.525,120.925));
#8485 = GEOMETRIC_CURVE_SET('',(#8486));
#8486 = TRIMMED_CURVE('',#8487,(#8491,PARAMETER_VALUE(0.)),(#8492,
    PARAMETER_VALUE(18.)),.T.,.PARAMETER.);
#8487 = LINE('',#8488,#8489);
#8488 = CARTESIAN_POINT('',(5.,26.7,89.175));
#8489 = VECTOR('',#8490,1.);
#8490 = DIRECTION('',(1.,0.,0.));
#8491 = CARTESIAN_POINT('',(5.,26.7,89.175));
#8492 = CARTESIAN_POINT('',(23.,26.7,89.175));
#8493 = GEOMETRIC_CURVE_SET('',(#8494));
#8494 = TRIMMED_CURVE('',#8495,(#8499,PARAMETER_VALUE(0.)),(#8500,
    PARAMETER_VALUE(18.)),.T.,.PARAMETER.);
#8495 = LINE('',#8496,#8497);
#8496 = CARTESIAN_POINT('',(5.,26.7,120.925));
#8497 = VECTOR('',#8498,1.);
#8498 = DIRECTION('',(1.,0.,0.));
#8499 = CARTESIAN_POINT('',(5.,26.7,120.925));
#8500 = CARTESIAN_POINT('',(23.,26.7,120.925));
#8501 = GEOMETRIC_CURVE_SET('',(#8502));
#8502 = TRIMMED_CURVE('',#8503,(#8507,PARAMETER_VALUE(0.)),(#8508,
    PARAMETER_VALUE(2.)),.T.,.PARAMETER.);
#8503 = LINE('',#8504,#8505);
#8504 = CARTESIAN_POINT('',(5.,8.,89.175));
#8505 = VECTOR('',#8506,1.);
#8506 = DIRECTION('',(0.,0.,1.));
#8507 = CARTESIAN_POINT('',(5.,8.,89.175));
#8508 = CARTESIAN_POINT('',(5.,8.,91.175));
#8509 = GEOMETRIC_CURVE_SET('',(#8510));
#8510 = TRIMMED_CURVE('',#8511,(#8515,PARAMETER_VALUE(0.)),(#8516,
    PARAMETER_VALUE(12.)),.T.,.PARAMETER.);
#8511 = LINE('',#8512,#8513);
#8512 = CARTESIAN_POINT('',(5.,8.,91.175));
#8513 = VECTOR('',#8514,1.);
#8514 = DIRECTION('',(0.,1.,0.));
#8515 = CARTESIAN_POINT('',(5.,8.,91.175));
#8516 = CARTESIAN_POINT('',(5.,20.,91.175));
#8517 = GEOMETRIC_CURVE_SET('',(#8518));
#8518 = TRIMMED_CURVE('',#8519,(#8523,PARAMETER_VALUE(0.)),(#8524,
    PARAMETER_VALUE(2.)),.T.,.PARAMETER.);
#8519 = LINE('',#8520,#8521);
#8520 = CARTESIAN_POINT('',(5.,20.,89.175));
#8521 = VECTOR('',#8522,1.);
#8522 = DIRECTION('',(0.,0.,1.));
#8523 = CARTESIAN_POINT('',(5.,20.,89.175));
#8524 = CARTESIAN_POINT('',(5.,20.,91.175));
#8525 = GEOMETRIC_CURVE_SET('',(#8526));
#8526 = TRIMMED_CURVE('',#8527,(#8531,PARAMETER_VALUE(0.)),(#8532,
    PARAMETER_VALUE(12.)),.T.,.PARAMETER.);
#8527 = LINE('',#8528,#8529);
#8528 = CARTESIAN_POINT('',(5.,8.,89.175));
#8529 = VECTOR('',#8530,1.);
#8530 = DIRECTION('',(0.,1.,0.));
#8531 = CARTESIAN_POINT('',(5.,8.,89.175));
#8532 = CARTESIAN_POINT('',(5.,20.,89.175));
#8533 = GEOMETRIC_CURVE_SET('',(#8534));
#8534 = TRIMMED_CURVE('',#8535,(#8539,PARAMETER_VALUE(0.)),(#8540,
    PARAMETER_VALUE(2.)),.T.,.PARAMETER.);
#8535 = LINE('',#8536,#8537);
#8536 = CARTESIAN_POINT('',(23.,8.,89.175));
#8537 = VECTOR('',#8538,1.);
#8538 = DIRECTION('',(0.,0.,1.));
#8539 = CARTESIAN_POINT('',(23.,8.,89.175));
#8540 = CARTESIAN_POINT('',(23.,8.,91.175));
#8541 = GEOMETRIC_CURVE_SET('',(#8542));
#8542 = TRIMMED_CURVE('',#8543,(#8547,PARAMETER_VALUE(0.)),(#8548,
    PARAMETER_VALUE(12.)),.T.,.PARAMETER.);
#8543 = LINE('',#8544,#8545);
#8544 = CARTESIAN_POINT('',(23.,8.,91.175));
#8545 = VECTOR('',#8546,1.);
#8546 = DIRECTION('',(0.,1.,0.));
#8547 = CARTESIAN_POINT('',(23.,8.,91.175));
#8548 = CARTESIAN_POINT('',(23.,20.,91.175));
#8549 = GEOMETRIC_CURVE_SET('',(#8550));
#8550 = TRIMMED_CURVE('',#8551,(#8555,PARAMETER_VALUE(0.)),(#8556,
    PARAMETER_VALUE(2.)),.T.,.PARAMETER.);
#8551 = LINE('',#8552,#8553);
#8552 = CARTESIAN_POINT('',(23.,20.,89.175));
#8553 = VECTOR('',#8554,1.);
#8554 = DIRECTION('',(0.,0.,1.));
#8555 = CARTESIAN_POINT('',(23.,20.,89.175));
#8556 = CARTESIAN_POINT('',(23.,20.,91.175));
#8557 = GEOMETRIC_CURVE_SET('',(#8558));
#8558 = TRIMMED_CURVE('',#8559,(#8563,PARAMETER_VALUE(0.)),(#8564,
    PARAMETER_VALUE(12.)),.T.,.PARAMETER.);
#8559 = LINE('',#8560,#8561);
#8560 = CARTESIAN_POINT('',(23.,8.,89.175));
#8561 = VECTOR('',#8562,1.);
#8562 = DIRECTION('',(0.,1.,0.));
#8563 = CARTESIAN_POINT('',(23.,8.,89.175));
#8564 = CARTESIAN_POINT('',(23.,20.,89.175));
#8565 = GEOMETRIC_CURVE_SET('',(#8566));
#8566 = TRIMMED_CURVE('',#8567,(#8571,PARAMETER_VALUE(0.)),(#8572,
    PARAMETER_VALUE(18.)),.T.,.PARAMETER.);
#8567 = LINE('',#8568,#8569);
#8568 = CARTESIAN_POINT('',(5.,8.,89.175));
#8569 = VECTOR('',#8570,1.);
#8570 = DIRECTION('',(1.,0.,0.));
#8571 = CARTESIAN_POINT('',(5.,8.,89.175));
#8572 = CARTESIAN_POINT('',(23.,8.,89.175));
#8573 = GEOMETRIC_CURVE_SET('',(#8574));
#8574 = TRIMMED_CURVE('',#8575,(#8579,PARAMETER_VALUE(0.)),(#8580,
    PARAMETER_VALUE(18.)),.T.,.PARAMETER.);
#8575 = LINE('',#8576,#8577);
#8576 = CARTESIAN_POINT('',(5.,8.,91.175));
#8577 = VECTOR('',#8578,1.);
#8578 = DIRECTION('',(1.,0.,0.));
#8579 = CARTESIAN_POINT('',(5.,8.,91.175));
#8580 = CARTESIAN_POINT('',(23.,8.,91.175));
#8581 = GEOMETRIC_CURVE_SET('',(#8582));
#8582 = TRIMMED_CURVE('',#8583,(#8587,PARAMETER_VALUE(0.)),(#8588,
    PARAMETER_VALUE(18.)),.T.,.PARAMETER.);
#8583 = LINE('',#8584,#8585);
#8584 = CARTESIAN_POINT('',(5.,20.,89.175));
#8585 = VECTOR('',#8586,1.);
#8586 = DIRECTION('',(1.,0.,0.));
#8587 = CARTESIAN_POINT('',(5.,20.,89.175));
#8588 = CARTESIAN_POINT('',(23.,20.,89.175));
#8589 = GEOMETRIC_CURVE_SET('',(#8590));
#8590 = TRIMMED_CURVE('',#8591,(#8595,PARAMETER_VALUE(0.)),(#8596,
    PARAMETER_VALUE(18.)),.T.,.PARAMETER.);
#8591 = LINE('',#8592,#8593);
#8592 = CARTESIAN_POINT('',(5.,20.,91.175));
#8593 = VECTOR('',#8594,1.);
#8594 = DIRECTION('',(1.,0.,0.));
#8595 = CARTESIAN_POINT('',(5.,20.,91.175));
#8596 = CARTESIAN_POINT('',(23.,20.,91.175));
#8597 = GEOMETRIC_CURVE_SET('',(#8598));
#8598 = TRIMMED_CURVE('',#8599,(#8603,PARAMETER_VALUE(0.)),(#8604,
    PARAMETER_VALUE(2.)),.T.,.PARAMETER.);
#8599 = LINE('',#8600,#8601);
#8600 = CARTESIAN_POINT('',(5.,8.,118.925));
#8601 = VECTOR('',#8602,1.);
#8602 = DIRECTION('',(0.,0.,1.));
#8603 = CARTESIAN_POINT('',(5.,8.,118.925));
#8604 = CARTESIAN_POINT('',(5.,8.,120.925));
#8605 = GEOMETRIC_CURVE_SET('',(#8606));
#8606 = TRIMMED_CURVE('',#8607,(#8611,PARAMETER_VALUE(0.)),(#8612,
    PARAMETER_VALUE(12.)),.T.,.PARAMETER.);
#8607 = LINE('',#8608,#8609);
#8608 = CARTESIAN_POINT('',(5.,8.,120.925));
#8609 = VECTOR('',#8610,1.);
#8610 = DIRECTION('',(0.,1.,0.));
#8611 = CARTESIAN_POINT('',(5.,8.,120.925));
#8612 = CARTESIAN_POINT('',(5.,20.,120.925));
#8613 = GEOMETRIC_CURVE_SET('',(#8614));
#8614 = TRIMMED_CURVE('',#8615,(#8619,PARAMETER_VALUE(0.)),(#8620,
    PARAMETER_VALUE(2.)),.T.,.PARAMETER.);
#8615 = LINE('',#8616,#8617);
#8616 = CARTESIAN_POINT('',(5.,20.,118.925));
#8617 = VECTOR('',#8618,1.);
#8618 = DIRECTION('',(0.,0.,1.));
#8619 = CARTESIAN_POINT('',(5.,20.,118.925));
#8620 = CARTESIAN_POINT('',(5.,20.,120.925));
#8621 = GEOMETRIC_CURVE_SET('',(#8622));
#8622 = TRIMMED_CURVE('',#8623,(#8627,PARAMETER_VALUE(0.)),(#8628,
    PARAMETER_VALUE(12.)),.T.,.PARAMETER.);
#8623 = LINE('',#8624,#8625);
#8624 = CARTESIAN_POINT('',(5.,8.,118.925));
#8625 = VECTOR('',#8626,1.);
#8626 = DIRECTION('',(0.,1.,0.));
#8627 = CARTESIAN_POINT('',(5.,8.,118.925));
#8628 = CARTESIAN_POINT('',(5.,20.,118.925));
#8629 = GEOMETRIC_CURVE_SET('',(#8630));
#8630 = TRIMMED_CURVE('',#8631,(#8635,PARAMETER_VALUE(0.)),(#8636,
    PARAMETER_VALUE(2.)),.T.,.PARAMETER.);
#8631 = LINE('',#8632,#8633);
#8632 = CARTESIAN_POINT('',(23.,8.,118.925));
#8633 = VECTOR('',#8634,1.);
#8634 = DIRECTION('',(0.,0.,1.));
#8635 = CARTESIAN_POINT('',(23.,8.,118.925));
#8636 = CARTESIAN_POINT('',(23.,8.,120.925));
#8637 = GEOMETRIC_CURVE_SET('',(#8638));
#8638 = TRIMMED_CURVE('',#8639,(#8643,PARAMETER_VALUE(0.)),(#8644,
    PARAMETER_VALUE(12.)),.T.,.PARAMETER.);
#8639 = LINE('',#8640,#8641);
#8640 = CARTESIAN_POINT('',(23.,8.,120.925));
#8641 = VECTOR('',#8642,1.);
#8642 = DIRECTION('',(0.,1.,0.));
#8643 = CARTESIAN_POINT('',(23.,8.,120.925));
#8644 = CARTESIAN_POINT('',(23.,20.,120.925));
#8645 = GEOMETRIC_CURVE_SET('',(#8646));
#8646 = TRIMMED_CURVE('',#8647,(#8651,PARAMETER_VALUE(0.)),(#8652,
    PARAMETER_VALUE(2.)),.T.,.PARAMETER.);
#8647 = LINE('',#8648,#8649);
#8648 = CARTESIAN_POINT('',(23.,20.,118.925));
#8649 = VECTOR('',#8650,1.);
#8650 = DIRECTION('',(0.,0.,1.));
#8651 = CARTESIAN_POINT('',(23.,20.,118.925));
#8652 = CARTESIAN_POINT('',(23.,20.,120.925));
#8653 = GEOMETRIC_CURVE_SET('',(#8654));
#8654 = TRIMMED_CURVE('',#8655,(#8659,PARAMETER_VALUE(0.)),(#8660,
    PARAMETER_VALUE(12.)),.T.,.PARAMETER.);
#8655 = LINE('',#8656,#8657);
#8656 = CARTESIAN_POINT('',(23.,8.,118.925));
#8657 = VECTOR('',#8658,1.);
#8658 = DIRECTION('',(0.,1.,0.));
#8659 = CARTESIAN_POINT('',(23.,8.,118.925));
#8660 = CARTESIAN_POINT('',(23.,20.,118.925));
#8661 = GEOMETRIC_CURVE_SET('',(#8662));
#8662 = TRIMMED_CURVE('',#8663,(#8667,PARAMETER_VALUE(0.)),(#8668,
    PARAMETER_VALUE(18.)),.T.,.PARAMETER.);
#8663 = LINE('',#8664,#8665);
#8664 = CARTESIAN_POINT('',(5.,8.,118.925));
#8665 = VECTOR('',#8666,1.);
#8666 = DIRECTION('',(1.,0.,0.));
#8667 = CARTESIAN_POINT('',(5.,8.,118.925));
#8668 = CARTESIAN_POINT('',(23.,8.,118.925));
#8669 = GEOMETRIC_CURVE_SET('',(#8670));
#8670 = TRIMMED_CURVE('',#8671,(#8675,PARAMETER_VALUE(0.)),(#8676,
    PARAMETER_VALUE(18.)),.T.,.PARAMETER.);
#8671 = LINE('',#8672,#8673);
#8672 = CARTESIAN_POINT('',(5.,8.,120.925));
#8673 = VECTOR('',#8674,1.);
#8674 = DIRECTION('',(1.,0.,0.));
#8675 = CARTESIAN_POINT('',(5.,8.,120.925));
#8676 = CARTESIAN_POINT('',(23.,8.,120.925));
#8677 = GEOMETRIC_CURVE_SET('',(#8678));
#8678 = TRIMMED_CURVE('',#8679,(#8683,PARAMETER_VALUE(0.)),(#8684,
    PARAMETER_VALUE(18.)),.T.,.PARAMETER.);
#8679 = LINE('',#8680,#8681);
#8680 = CARTESIAN_POINT('',(5.,20.,118.925));
#8681 = VECTOR('',#8682,1.);
#8682 = DIRECTION('',(1.,0.,0.));
#8683 = CARTESIAN_POINT('',(5.,20.,118.925));
#8684 = CARTESIAN_POINT('',(23.,20.,118.925));
#8685 = GEOMETRIC_CURVE_SET('',(#8686));
#8686 = TRIMMED_CURVE('',#8687,(#8691,PARAMETER_VALUE(0.)),(#8692,
    PARAMETER_VALUE(18.)),.T.,.PARAMETER.);
#8687 = LINE('',#8688,#8689);
#8688 = CARTESIAN_POINT('',(5.,20.,120.925));
#8689 = VECTOR('',#8690,1.);
#8690 = DIRECTION('',(1.,0.,0.));
#8691 = CARTESIAN_POINT('',(5.,20.,120.925));
#8692 = CARTESIAN_POINT('',(23.,20.,120.925));
#8693 = GEOMETRIC_CURVE_SET('',(#8694));
#8694 = TRIMMED_CURVE('',#8695,(#8699,PARAMETER_VALUE(0.)),(#8700,
    PARAMETER_VALUE(2.)),.T.,.PARAMETER.);
#8695 = LINE('',#8696,#8697);
#8696 = CARTESIAN_POINT('',(8.,5.,91.675));
#8697 = VECTOR('',#8698,1.);
#8698 = DIRECTION('',(0.,0.,1.));
#8699 = CARTESIAN_POINT('',(8.,5.,91.675));
#8700 = CARTESIAN_POINT('',(8.,5.,93.675));
#8701 = GEOMETRIC_CURVE_SET('',(#8702));
#8702 = TRIMMED_CURVE('',#8703,(#8707,PARAMETER_VALUE(0.)),(#8708,
    PARAMETER_VALUE(18.)),.T.,.PARAMETER.);
#8703 = LINE('',#8704,#8705);
#8704 = CARTESIAN_POINT('',(8.,5.,93.675));
#8705 = VECTOR('',#8706,1.);
#8706 = DIRECTION('',(0.,1.,0.));
#8707 = CARTESIAN_POINT('',(8.,5.,93.675));
#8708 = CARTESIAN_POINT('',(8.,23.,93.675));
#8709 = GEOMETRIC_CURVE_SET('',(#8710));
#8710 = TRIMMED_CURVE('',#8711,(#8715,PARAMETER_VALUE(0.)),(#8716,
    PARAMETER_VALUE(2.)),.T.,.PARAMETER.);
#8711 = LINE('',#8712,#8713);
#8712 = CARTESIAN_POINT('',(8.,23.,91.675));
#8713 = VECTOR('',#8714,1.);
#8714 = DIRECTION('',(0.,0.,1.));
#8715 = CARTESIAN_POINT('',(8.,23.,91.675));
#8716 = CARTESIAN_POINT('',(8.,23.,93.675));
#8717 = GEOMETRIC_CURVE_SET('',(#8718));
#8718 = TRIMMED_CURVE('',#8719,(#8723,PARAMETER_VALUE(0.)),(#8724,
    PARAMETER_VALUE(18.)),.T.,.PARAMETER.);
#8719 = LINE('',#8720,#8721);
#8720 = CARTESIAN_POINT('',(8.,5.,91.675));
#8721 = VECTOR('',#8722,1.);
#8722 = DIRECTION('',(0.,1.,0.));
#8723 = CARTESIAN_POINT('',(8.,5.,91.675));
#8724 = CARTESIAN_POINT('',(8.,23.,91.675));
#8725 = GEOMETRIC_CURVE_SET('',(#8726));
#8726 = TRIMMED_CURVE('',#8727,(#8731,PARAMETER_VALUE(0.)),(#8732,
    PARAMETER_VALUE(2.)),.T.,.PARAMETER.);
#8727 = LINE('',#8728,#8729);
#8728 = CARTESIAN_POINT('',(28.,5.,91.675));
#8729 = VECTOR('',#8730,1.);
#8730 = DIRECTION('',(0.,0.,1.));
#8731 = CARTESIAN_POINT('',(28.,5.,91.675));
#8732 = CARTESIAN_POINT('',(28.,5.,93.675));
#8733 = GEOMETRIC_CURVE_SET('',(#8734));
#8734 = TRIMMED_CURVE('',#8735,(#8739,PARAMETER_VALUE(0.)),(#8740,
    PARAMETER_VALUE(18.)),.T.,.PARAMETER.);
#8735 = LINE('',#8736,#8737);
#8736 = CARTESIAN_POINT('',(28.,5.,93.675));
#8737 = VECTOR('',#8738,1.);
#8738 = DIRECTION('',(0.,1.,0.));
#8739 = CARTESIAN_POINT('',(28.,5.,93.675));
#8740 = CARTESIAN_POINT('',(28.,23.,93.675));
#8741 = GEOMETRIC_CURVE_SET('',(#8742));
#8742 = TRIMMED_CURVE('',#8743,(#8747,PARAMETER_VALUE(0.)),(#8748,
    PARAMETER_VALUE(2.)),.T.,.PARAMETER.);
#8743 = LINE('',#8744,#8745);
#8744 = CARTESIAN_POINT('',(28.,23.,91.675));
#8745 = VECTOR('',#8746,1.);
#8746 = DIRECTION('',(0.,0.,1.));
#8747 = CARTESIAN_POINT('',(28.,23.,91.675));
#8748 = CARTESIAN_POINT('',(28.,23.,93.675));
#8749 = GEOMETRIC_CURVE_SET('',(#8750));
#8750 = TRIMMED_CURVE('',#8751,(#8755,PARAMETER_VALUE(0.)),(#8756,
    PARAMETER_VALUE(18.)),.T.,.PARAMETER.);
#8751 = LINE('',#8752,#8753);
#8752 = CARTESIAN_POINT('',(28.,5.,91.675));
#8753 = VECTOR('',#8754,1.);
#8754 = DIRECTION('',(0.,1.,0.));
#8755 = CARTESIAN_POINT('',(28.,5.,91.675));
#8756 = CARTESIAN_POINT('',(28.,23.,91.675));
#8757 = GEOMETRIC_CURVE_SET('',(#8758));
#8758 = TRIMMED_CURVE('',#8759,(#8763,PARAMETER_VALUE(0.)),(#8764,
    PARAMETER_VALUE(20.)),.T.,.PARAMETER.);
#8759 = LINE('',#8760,#8761);
#8760 = CARTESIAN_POINT('',(8.,5.,91.675));
#8761 = VECTOR('',#8762,1.);
#8762 = DIRECTION('',(1.,0.,0.));
#8763 = CARTESIAN_POINT('',(8.,5.,91.675));
#8764 = CARTESIAN_POINT('',(28.,5.,91.675));
#8765 = GEOMETRIC_CURVE_SET('',(#8766));
#8766 = TRIMMED_CURVE('',#8767,(#8771,PARAMETER_VALUE(0.)),(#8772,
    PARAMETER_VALUE(20.)),.T.,.PARAMETER.);
#8767 = LINE('',#8768,#8769);
#8768 = CARTESIAN_POINT('',(8.,5.,93.675));
#8769 = VECTOR('',#8770,1.);
#8770 = DIRECTION('',(1.,0.,0.));
#8771 = CARTESIAN_POINT('',(8.,5.,93.675));
#8772 = CARTESIAN_POINT('',(28.,5.,93.675));
#8773 = GEOMETRIC_CURVE_SET('',(#8774));
#8774 = TRIMMED_CURVE('',#8775,(#8779,PARAMETER_VALUE(0.)),(#8780,
    PARAMETER_VALUE(20.)),.T.,.PARAMETER.);
#8775 = LINE('',#8776,#8777);
#8776 = CARTESIAN_POINT('',(8.,23.,91.675));
#8777 = VECTOR('',#8778,1.);
#8778 = DIRECTION('',(1.,0.,0.));
#8779 = CARTESIAN_POINT('',(8.,23.,91.675));
#8780 = CARTESIAN_POINT('',(28.,23.,91.675));
#8781 = GEOMETRIC_CURVE_SET('',(#8782));
#8782 = TRIMMED_CURVE('',#8783,(#8787,PARAMETER_VALUE(0.)),(#8788,
    PARAMETER_VALUE(20.)),.T.,.PARAMETER.);
#8783 = LINE('',#8784,#8785);
#8784 = CARTESIAN_POINT('',(8.,23.,93.675));
#8785 = VECTOR('',#8786,1.);
#8786 = DIRECTION('',(1.,0.,0.));
#8787 = CARTESIAN_POINT('',(8.,23.,93.675));
#8788 = CARTESIAN_POINT('',(28.,23.,93.675));
#8789 = GEOMETRIC_CURVE_SET('',(#8790));
#8790 = TRIMMED_CURVE('',#8791,(#8795,PARAMETER_VALUE(0.)),(#8796,
    PARAMETER_VALUE(2.)),.T.,.PARAMETER.);
#8791 = LINE('',#8792,#8793);
#8792 = CARTESIAN_POINT('',(8.,5.,116.425));
#8793 = VECTOR('',#8794,1.);
#8794 = DIRECTION('',(0.,0.,1.));
#8795 = CARTESIAN_POINT('',(8.,5.,116.425));
#8796 = CARTESIAN_POINT('',(8.,5.,118.425));
#8797 = GEOMETRIC_CURVE_SET('',(#8798));
#8798 = TRIMMED_CURVE('',#8799,(#8803,PARAMETER_VALUE(0.)),(#8804,
    PARAMETER_VALUE(18.)),.T.,.PARAMETER.);
#8799 = LINE('',#8800,#8801);
#8800 = CARTESIAN_POINT('',(8.,5.,118.425));
#8801 = VECTOR('',#8802,1.);
#8802 = DIRECTION('',(0.,1.,0.));
#8803 = CARTESIAN_POINT('',(8.,5.,118.425));
#8804 = CARTESIAN_POINT('',(8.,23.,118.425));
#8805 = GEOMETRIC_CURVE_SET('',(#8806));
#8806 = TRIMMED_CURVE('',#8807,(#8811,PARAMETER_VALUE(0.)),(#8812,
    PARAMETER_VALUE(2.)),.T.,.PARAMETER.);
#8807 = LINE('',#8808,#8809);
#8808 = CARTESIAN_POINT('',(8.,23.,116.425));
#8809 = VECTOR('',#8810,1.);
#8810 = DIRECTION('',(0.,0.,1.));
#8811 = CARTESIAN_POINT('',(8.,23.,116.425));
#8812 = CARTESIAN_POINT('',(8.,23.,118.425));
#8813 = GEOMETRIC_CURVE_SET('',(#8814));
#8814 = TRIMMED_CURVE('',#8815,(#8819,PARAMETER_VALUE(0.)),(#8820,
    PARAMETER_VALUE(18.)),.T.,.PARAMETER.);
#8815 = LINE('',#8816,#8817);
#8816 = CARTESIAN_POINT('',(8.,5.,116.425));
#8817 = VECTOR('',#8818,1.);
#8818 = DIRECTION('',(0.,1.,0.));
#8819 = CARTESIAN_POINT('',(8.,5.,116.425));
#8820 = CARTESIAN_POINT('',(8.,23.,116.425));
#8821 = GEOMETRIC_CURVE_SET('',(#8822));
#8822 = TRIMMED_CURVE('',#8823,(#8827,PARAMETER_VALUE(0.)),(#8828,
    PARAMETER_VALUE(2.)),.T.,.PARAMETER.);
#8823 = LINE('',#8824,#8825);
#8824 = CARTESIAN_POINT('',(28.,5.,116.425));
#8825 = VECTOR('',#8826,1.);
#8826 = DIRECTION('',(0.,0.,1.));
#8827 = CARTESIAN_POINT('',(28.,5.,116.425));
#8828 = CARTESIAN_POINT('',(28.,5.,118.425));
#8829 = GEOMETRIC_CURVE_SET('',(#8830));
#8830 = TRIMMED_CURVE('',#8831,(#8835,PARAMETER_VALUE(0.)),(#8836,
    PARAMETER_VALUE(18.)),.T.,.PARAMETER.);
#8831 = LINE('',#8832,#8833);
#8832 = CARTESIAN_POINT('',(28.,5.,118.425));
#8833 = VECTOR('',#8834,1.);
#8834 = DIRECTION('',(0.,1.,0.));
#8835 = CARTESIAN_POINT('',(28.,5.,118.425));
#8836 = CARTESIAN_POINT('',(28.,23.,118.425));
#8837 = GEOMETRIC_CURVE_SET('',(#8838));
#8838 = TRIMMED_CURVE('',#8839,(#8843,PARAMETER_VALUE(0.)),(#8844,
    PARAMETER_VALUE(2.)),.T.,.PARAMETER.);
#8839 = LINE('',#8840,#8841);
#8840 = CARTESIAN_POINT('',(28.,23.,116.425));
#8841 = VECTOR('',#8842,1.);
#8842 = DIRECTION('',(0.,0.,1.));
#8843 = CARTESIAN_POINT('',(28.,23.,116.425));
#8844 = CARTESIAN_POINT('',(28.,23.,118.425));
#8845 = GEOMETRIC_CURVE_SET('',(#8846));
#8846 = TRIMMED_CURVE('',#8847,(#8851,PARAMETER_VALUE(0.)),(#8852,
    PARAMETER_VALUE(18.)),.T.,.PARAMETER.);
#8847 = LINE('',#8848,#8849);
#8848 = CARTESIAN_POINT('',(28.,5.,116.425));
#8849 = VECTOR('',#8850,1.);
#8850 = DIRECTION('',(0.,1.,0.));
#8851 = CARTESIAN_POINT('',(28.,5.,116.425));
#8852 = CARTESIAN_POINT('',(28.,23.,116.425));
#8853 = GEOMETRIC_CURVE_SET('',(#8854));
#8854 = TRIMMED_CURVE('',#8855,(#8859,PARAMETER_VALUE(0.)),(#8860,
    PARAMETER_VALUE(20.)),.T.,.PARAMETER.);
#8855 = LINE('',#8856,#8857);
#8856 = CARTESIAN_POINT('',(8.,5.,116.425));
#8857 = VECTOR('',#8858,1.);
#8858 = DIRECTION('',(1.,0.,0.));
#8859 = CARTESIAN_POINT('',(8.,5.,116.425));
#8860 = CARTESIAN_POINT('',(28.,5.,116.425));
#8861 = GEOMETRIC_CURVE_SET('',(#8862));
#8862 = TRIMMED_CURVE('',#8863,(#8867,PARAMETER_VALUE(0.)),(#8868,
    PARAMETER_VALUE(20.)),.T.,.PARAMETER.);
#8863 = LINE('',#8864,#8865);
#8864 = CARTESIAN_POINT('',(8.,5.,118.425));
#8865 = VECTOR('',#8866,1.);
#8866 = DIRECTION('',(1.,0.,0.));
#8867 = CARTESIAN_POINT('',(8.,5.,118.425));
#8868 = CARTESIAN_POINT('',(28.,5.,118.425));
#8869 = GEOMETRIC_CURVE_SET('',(#8870));
#8870 = TRIMMED_CURVE('',#8871,(#8875,PARAMETER_VALUE(0.)),(#8876,
    PARAMETER_VALUE(20.)),.T.,.PARAMETER.);
#8871 = LINE('',#8872,#8873);
#8872 = CARTESIAN_POINT('',(8.,23.,116.425));
#8873 = VECTOR('',#8874,1.);
#8874 = DIRECTION('',(1.,0.,0.));
#8875 = CARTESIAN_POINT('',(8.,23.,116.425));
#8876 = CARTESIAN_POINT('',(28.,23.,116.425));
#8877 = GEOMETRIC_CURVE_SET('',(#8878));
#8878 = TRIMMED_CURVE('',#8879,(#8883,PARAMETER_VALUE(0.)),(#8884,
    PARAMETER_VALUE(20.)),.T.,.PARAMETER.);
#8879 = LINE('',#8880,#8881);
#8880 = CARTESIAN_POINT('',(8.,23.,118.425));
#8881 = VECTOR('',#8882,1.);
#8882 = DIRECTION('',(1.,0.,0.));
#8883 = CARTESIAN_POINT('',(8.,23.,118.425));
#8884 = CARTESIAN_POINT('',(28.,23.,118.425));
#8885 = GEOMETRIC_CURVE_SET('',(#8886));
#8886 = TRIMMED_CURVE('',#8887,(#8891,PARAMETER_VALUE(0.)),(#8892,
    PARAMETER_VALUE(3.175)),.T.,.PARAMETER.);
#8887 = LINE('',#8888,#8889);
#8888 = CARTESIAN_POINT('',(252.,1.3,86.));
#8889 = VECTOR('',#8890,1.);
#8890 = DIRECTION('',(0.,0.,1.));
#8891 = CARTESIAN_POINT('',(252.,1.3,86.));
#8892 = CARTESIAN_POINT('',(252.,1.3,89.175));
#8893 = GEOMETRIC_CURVE_SET('',(#8894));
#8894 = TRIMMED_CURVE('',#8895,(#8899,PARAMETER_VALUE(0.)),(#8900,
    PARAMETER_VALUE(25.4)),.T.,.PARAMETER.);
#8895 = LINE('',#8896,#8897);
#8896 = CARTESIAN_POINT('',(252.,1.3,89.175));
#8897 = VECTOR('',#8898,1.);
#8898 = DIRECTION('',(0.,1.,0.));
#8899 = CARTESIAN_POINT('',(252.,1.3,89.175));
#8900 = CARTESIAN_POINT('',(252.,26.7,89.175));
#8901 = GEOMETRIC_CURVE_SET('',(#8902));
#8902 = TRIMMED_CURVE('',#8903,(#8907,PARAMETER_VALUE(0.)),(#8908,
    PARAMETER_VALUE(3.175)),.T.,.PARAMETER.);
#8903 = LINE('',#8904,#8905);
#8904 = CARTESIAN_POINT('',(252.,26.7,86.));
#8905 = VECTOR('',#8906,1.);
#8906 = DIRECTION('',(0.,0.,1.));
#8907 = CARTESIAN_POINT('',(252.,26.7,86.));
#8908 = CARTESIAN_POINT('',(252.,26.7,89.175));
#8909 = GEOMETRIC_CURVE_SET('',(#8910));
#8910 = TRIMMED_CURVE('',#8911,(#8915,PARAMETER_VALUE(0.)),(#8916,
    PARAMETER_VALUE(25.4)),.T.,.PARAMETER.);
#8911 = LINE('',#8912,#8913);
#8912 = CARTESIAN_POINT('',(252.,1.3,86.));
#8913 = VECTOR('',#8914,1.);
#8914 = DIRECTION('',(0.,1.,0.));
#8915 = CARTESIAN_POINT('',(252.,1.3,86.));
#8916 = CARTESIAN_POINT('',(252.,26.7,86.));
#8917 = GEOMETRIC_CURVE_SET('',(#8918));
#8918 = TRIMMED_CURVE('',#8919,(#8923,PARAMETER_VALUE(0.)),(#8924,
    PARAMETER_VALUE(3.175)),.T.,.PARAMETER.);
#8919 = LINE('',#8920,#8921);
#8920 = CARTESIAN_POINT('',(270.,1.3,86.));
#8921 = VECTOR('',#8922,1.);
#8922 = DIRECTION('',(0.,0.,1.));
#8923 = CARTESIAN_POINT('',(270.,1.3,86.));
#8924 = CARTESIAN_POINT('',(270.,1.3,89.175));
#8925 = GEOMETRIC_CURVE_SET('',(#8926));
#8926 = TRIMMED_CURVE('',#8927,(#8931,PARAMETER_VALUE(0.)),(#8932,
    PARAMETER_VALUE(25.4)),.T.,.PARAMETER.);
#8927 = LINE('',#8928,#8929);
#8928 = CARTESIAN_POINT('',(270.,1.3,89.175));
#8929 = VECTOR('',#8930,1.);
#8930 = DIRECTION('',(0.,1.,0.));
#8931 = CARTESIAN_POINT('',(270.,1.3,89.175));
#8932 = CARTESIAN_POINT('',(270.,26.7,89.175));
#8933 = GEOMETRIC_CURVE_SET('',(#8934));
#8934 = TRIMMED_CURVE('',#8935,(#8939,PARAMETER_VALUE(0.)),(#8940,
    PARAMETER_VALUE(3.175)),.T.,.PARAMETER.);
#8935 = LINE('',#8936,#8937);
#8936 = CARTESIAN_POINT('',(270.,26.7,86.));
#8937 = VECTOR('',#8938,1.);
#8938 = DIRECTION('',(0.,0.,1.));
#8939 = CARTESIAN_POINT('',(270.,26.7,86.));
#8940 = CARTESIAN_POINT('',(270.,26.7,89.175));
#8941 = GEOMETRIC_CURVE_SET('',(#8942));
#8942 = TRIMMED_CURVE('',#8943,(#8947,PARAMETER_VALUE(0.)),(#8948,
    PARAMETER_VALUE(25.4)),.T.,.PARAMETER.);
#8943 = LINE('',#8944,#8945);
#8944 = CARTESIAN_POINT('',(270.,1.3,86.));
#8945 = VECTOR('',#8946,1.);
#8946 = DIRECTION('',(0.,1.,0.));
#8947 = CARTESIAN_POINT('',(270.,1.3,86.));
#8948 = CARTESIAN_POINT('',(270.,26.7,86.));
#8949 = GEOMETRIC_CURVE_SET('',(#8950));
#8950 = TRIMMED_CURVE('',#8951,(#8955,PARAMETER_VALUE(0.)),(#8956,
    PARAMETER_VALUE(18.)),.T.,.PARAMETER.);
#8951 = LINE('',#8952,#8953);
#8952 = CARTESIAN_POINT('',(252.,1.3,86.));
#8953 = VECTOR('',#8954,1.);
#8954 = DIRECTION('',(1.,0.,0.));
#8955 = CARTESIAN_POINT('',(252.,1.3,86.));
#8956 = CARTESIAN_POINT('',(270.,1.3,86.));
#8957 = GEOMETRIC_CURVE_SET('',(#8958));
#8958 = TRIMMED_CURVE('',#8959,(#8963,PARAMETER_VALUE(0.)),(#8964,
    PARAMETER_VALUE(18.)),.T.,.PARAMETER.);
#8959 = LINE('',#8960,#8961);
#8960 = CARTESIAN_POINT('',(252.,1.3,89.175));
#8961 = VECTOR('',#8962,1.);
#8962 = DIRECTION('',(1.,0.,0.));
#8963 = CARTESIAN_POINT('',(252.,1.3,89.175));
#8964 = CARTESIAN_POINT('',(270.,1.3,89.175));
#8965 = GEOMETRIC_CURVE_SET('',(#8966));
#8966 = TRIMMED_CURVE('',#8967,(#8971,PARAMETER_VALUE(0.)),(#8972,
    PARAMETER_VALUE(18.)),.T.,.PARAMETER.);
#8967 = LINE('',#8968,#8969);
#8968 = CARTESIAN_POINT('',(252.,26.7,86.));
#8969 = VECTOR('',#8970,1.);
#8970 = DIRECTION('',(1.,0.,0.));
#8971 = CARTESIAN_POINT('',(252.,26.7,86.));
#8972 = CARTESIAN_POINT('',(270.,26.7,86.));
#8973 = GEOMETRIC_CURVE_SET('',(#8974));
#8974 = TRIMMED_CURVE('',#8975,(#8979,PARAMETER_VALUE(0.)),(#8980,
    PARAMETER_VALUE(18.)),.T.,.PARAMETER.);
#8975 = LINE('',#8976,#8977);
#8976 = CARTESIAN_POINT('',(252.,26.7,89.175));
#8977 = VECTOR('',#8978,1.);
#8978 = DIRECTION('',(1.,0.,0.));
#8979 = CARTESIAN_POINT('',(252.,26.7,89.175));
#8980 = CARTESIAN_POINT('',(270.,26.7,89.175));
#8981 = GEOMETRIC_CURVE_SET('',(#8982));
#8982 = TRIMMED_CURVE('',#8983,(#8987,PARAMETER_VALUE(0.)),(#8988,
    PARAMETER_VALUE(3.175)),.T.,.PARAMETER.);
#8983 = LINE('',#8984,#8985);
#8984 = CARTESIAN_POINT('',(252.,1.3,120.925));
#8985 = VECTOR('',#8986,1.);
#8986 = DIRECTION('',(0.,0.,1.));
#8987 = CARTESIAN_POINT('',(252.,1.3,120.925));
#8988 = CARTESIAN_POINT('',(252.,1.3,124.1));
#8989 = GEOMETRIC_CURVE_SET('',(#8990));
#8990 = TRIMMED_CURVE('',#8991,(#8995,PARAMETER_VALUE(0.)),(#8996,
    PARAMETER_VALUE(25.4)),.T.,.PARAMETER.);
#8991 = LINE('',#8992,#8993);
#8992 = CARTESIAN_POINT('',(252.,1.3,124.1));
#8993 = VECTOR('',#8994,1.);
#8994 = DIRECTION('',(0.,1.,0.));
#8995 = CARTESIAN_POINT('',(252.,1.3,124.1));
#8996 = CARTESIAN_POINT('',(252.,26.7,124.1));
#8997 = GEOMETRIC_CURVE_SET('',(#8998));
#8998 = TRIMMED_CURVE('',#8999,(#9003,PARAMETER_VALUE(0.)),(#9004,
    PARAMETER_VALUE(3.175)),.T.,.PARAMETER.);
#8999 = LINE('',#9000,#9001);
#9000 = CARTESIAN_POINT('',(252.,26.7,120.925));
#9001 = VECTOR('',#9002,1.);
#9002 = DIRECTION('',(0.,0.,1.));
#9003 = CARTESIAN_POINT('',(252.,26.7,120.925));
#9004 = CARTESIAN_POINT('',(252.,26.7,124.1));
#9005 = GEOMETRIC_CURVE_SET('',(#9006));
#9006 = TRIMMED_CURVE('',#9007,(#9011,PARAMETER_VALUE(0.)),(#9012,
    PARAMETER_VALUE(25.4)),.T.,.PARAMETER.);
#9007 = LINE('',#9008,#9009);
#9008 = CARTESIAN_POINT('',(252.,1.3,120.925));
#9009 = VECTOR('',#9010,1.);
#9010 = DIRECTION('',(0.,1.,0.));
#9011 = CARTESIAN_POINT('',(252.,1.3,120.925));
#9012 = CARTESIAN_POINT('',(252.,26.7,120.925));
#9013 = GEOMETRIC_CURVE_SET('',(#9014));
#9014 = TRIMMED_CURVE('',#9015,(#9019,PARAMETER_VALUE(0.)),(#9020,
    PARAMETER_VALUE(3.175)),.T.,.PARAMETER.);
#9015 = LINE('',#9016,#9017);
#9016 = CARTESIAN_POINT('',(270.,1.3,120.925));
#9017 = VECTOR('',#9018,1.);
#9018 = DIRECTION('',(0.,0.,1.));
#9019 = CARTESIAN_POINT('',(270.,1.3,120.925));
#9020 = CARTESIAN_POINT('',(270.,1.3,124.1));
#9021 = GEOMETRIC_CURVE_SET('',(#9022));
#9022 = TRIMMED_CURVE('',#9023,(#9027,PARAMETER_VALUE(0.)),(#9028,
    PARAMETER_VALUE(25.4)),.T.,.PARAMETER.);
#9023 = LINE('',#9024,#9025);
#9024 = CARTESIAN_POINT('',(270.,1.3,124.1));
#9025 = VECTOR('',#9026,1.);
#9026 = DIRECTION('',(0.,1.,0.));
#9027 = CARTESIAN_POINT('',(270.,1.3,124.1));
#9028 = CARTESIAN_POINT('',(270.,26.7,124.1));
#9029 = GEOMETRIC_CURVE_SET('',(#9030));
#9030 = TRIMMED_CURVE('',#9031,(#9035,PARAMETER_VALUE(0.)),(#9036,
    PARAMETER_VALUE(3.175)),.T.,.PARAMETER.);
#9031 = LINE('',#9032,#9033);
#9032 = CARTESIAN_POINT('',(270.,26.7,120.925));
#9033 = VECTOR('',#9034,1.);
#9034 = DIRECTION('',(0.,0.,1.));
#9035 = CARTESIAN_POINT('',(270.,26.7,120.925));
#9036 = CARTESIAN_POINT('',(270.,26.7,124.1));
#9037 = GEOMETRIC_CURVE_SET('',(#9038));
#9038 = TRIMMED_CURVE('',#9039,(#9043,PARAMETER_VALUE(0.)),(#9044,
    PARAMETER_VALUE(25.4)),.T.,.PARAMETER.);
#9039 = LINE('',#9040,#9041);
#9040 = CARTESIAN_POINT('',(270.,1.3,120.925));
#9041 = VECTOR('',#9042,1.);
#9042 = DIRECTION('',(0.,1.,0.));
#9043 = CARTESIAN_POINT('',(270.,1.3,120.925));
#9044 = CARTESIAN_POINT('',(270.,26.7,120.925));
#9045 = GEOMETRIC_CURVE_SET('',(#9046));
#9046 = TRIMMED_CURVE('',#9047,(#9051,PARAMETER_VALUE(0.)),(#9052,
    PARAMETER_VALUE(18.)),.T.,.PARAMETER.);
#9047 = LINE('',#9048,#9049);
#9048 = CARTESIAN_POINT('',(252.,1.3,120.925));
#9049 = VECTOR('',#9050,1.);
#9050 = DIRECTION('',(1.,0.,0.));
#9051 = CARTESIAN_POINT('',(252.,1.3,120.925));
#9052 = CARTESIAN_POINT('',(270.,1.3,120.925));
#9053 = GEOMETRIC_CURVE_SET('',(#9054));
#9054 = TRIMMED_CURVE('',#9055,(#9059,PARAMETER_VALUE(0.)),(#9060,
    PARAMETER_VALUE(18.)),.T.,.PARAMETER.);
#9055 = LINE('',#9056,#9057);
#9056 = CARTESIAN_POINT('',(252.,1.3,124.1));
#9057 = VECTOR('',#9058,1.);
#9058 = DIRECTION('',(1.,0.,0.));
#9059 = CARTESIAN_POINT('',(252.,1.3,124.1));
#9060 = CARTESIAN_POINT('',(270.,1.3,124.1));
#9061 = GEOMETRIC_CURVE_SET('',(#9062));
#9062 = TRIMMED_CURVE('',#9063,(#9067,PARAMETER_VALUE(0.)),(#9068,
    PARAMETER_VALUE(18.)),.T.,.PARAMETER.);
#9063 = LINE('',#9064,#9065);
#9064 = CARTESIAN_POINT('',(252.,26.7,120.925));
#9065 = VECTOR('',#9066,1.);
#9066 = DIRECTION('',(1.,0.,0.));
#9067 = CARTESIAN_POINT('',(252.,26.7,120.925));
#9068 = CARTESIAN_POINT('',(270.,26.7,120.925));
#9069 = GEOMETRIC_CURVE_SET('',(#9070));
#9070 = TRIMMED_CURVE('',#9071,(#9075,PARAMETER_VALUE(0.)),(#9076,
    PARAMETER_VALUE(18.)),.T.,.PARAMETER.);
#9071 = LINE('',#9072,#9073);
#9072 = CARTESIAN_POINT('',(252.,26.7,124.1));
#9073 = VECTOR('',#9074,1.);
#9074 = DIRECTION('',(1.,0.,0.));
#9075 = CARTESIAN_POINT('',(252.,26.7,124.1));
#9076 = CARTESIAN_POINT('',(270.,26.7,124.1));
#9077 = GEOMETRIC_CURVE_SET('',(#9078));
#9078 = TRIMMED_CURVE('',#9079,(#9083,PARAMETER_VALUE(0.)),(#9084,
    PARAMETER_VALUE(31.75)),.T.,.PARAMETER.);
#9079 = LINE('',#9080,#9081);
#9080 = CARTESIAN_POINT('',(252.,1.3,89.175));
#9081 = VECTOR('',#9082,1.);
#9082 = DIRECTION('',(0.,0.,1.));
#9083 = CARTESIAN_POINT('',(252.,1.3,89.175));
#9084 = CARTESIAN_POINT('',(252.,1.3,120.925));
#9085 = GEOMETRIC_CURVE_SET('',(#9086));
#9086 = TRIMMED_CURVE('',#9087,(#9091,PARAMETER_VALUE(0.)),(#9092,
    PARAMETER_VALUE(3.175)),.T.,.PARAMETER.);
#9087 = LINE('',#9088,#9089);
#9088 = CARTESIAN_POINT('',(252.,1.3,120.925));
#9089 = VECTOR('',#9090,1.);
#9090 = DIRECTION('',(0.,1.,0.));
#9091 = CARTESIAN_POINT('',(252.,1.3,120.925));
#9092 = CARTESIAN_POINT('',(252.,4.475,120.925));
#9093 = GEOMETRIC_CURVE_SET('',(#9094));
#9094 = TRIMMED_CURVE('',#9095,(#9099,PARAMETER_VALUE(0.)),(#9100,
    PARAMETER_VALUE(31.75)),.T.,.PARAMETER.);
#9095 = LINE('',#9096,#9097);
#9096 = CARTESIAN_POINT('',(252.,4.475,89.175));
#9097 = VECTOR('',#9098,1.);
#9098 = DIRECTION('',(0.,0.,1.));
#9099 = CARTESIAN_POINT('',(252.,4.475,89.175));
#9100 = CARTESIAN_POINT('',(252.,4.475,120.925));
#9101 = GEOMETRIC_CURVE_SET('',(#9102));
#9102 = TRIMMED_CURVE('',#9103,(#9107,PARAMETER_VALUE(0.)),(#9108,
    PARAMETER_VALUE(3.175)),.T.,.PARAMETER.);
#9103 = LINE('',#9104,#9105);
#9104 = CARTESIAN_POINT('',(252.,1.3,89.175));
#9105 = VECTOR('',#9106,1.);
#9106 = DIRECTION('',(0.,1.,0.));
#9107 = CARTESIAN_POINT('',(252.,1.3,89.175));
#9108 = CARTESIAN_POINT('',(252.,4.475,89.175));
#9109 = GEOMETRIC_CURVE_SET('',(#9110));
#9110 = TRIMMED_CURVE('',#9111,(#9115,PARAMETER_VALUE(0.)),(#9116,
    PARAMETER_VALUE(31.75)),.T.,.PARAMETER.);
#9111 = LINE('',#9112,#9113);
#9112 = CARTESIAN_POINT('',(270.,1.3,89.175));
#9113 = VECTOR('',#9114,1.);
#9114 = DIRECTION('',(0.,0.,1.));
#9115 = CARTESIAN_POINT('',(270.,1.3,89.175));
#9116 = CARTESIAN_POINT('',(270.,1.3,120.925));
#9117 = GEOMETRIC_CURVE_SET('',(#9118));
#9118 = TRIMMED_CURVE('',#9119,(#9123,PARAMETER_VALUE(0.)),(#9124,
    PARAMETER_VALUE(3.175)),.T.,.PARAMETER.);
#9119 = LINE('',#9120,#9121);
#9120 = CARTESIAN_POINT('',(270.,1.3,120.925));
#9121 = VECTOR('',#9122,1.);
#9122 = DIRECTION('',(0.,1.,0.));
#9123 = CARTESIAN_POINT('',(270.,1.3,120.925));
#9124 = CARTESIAN_POINT('',(270.,4.475,120.925));
#9125 = GEOMETRIC_CURVE_SET('',(#9126));
#9126 = TRIMMED_CURVE('',#9127,(#9131,PARAMETER_VALUE(0.)),(#9132,
    PARAMETER_VALUE(31.75)),.T.,.PARAMETER.);
#9127 = LINE('',#9128,#9129);
#9128 = CARTESIAN_POINT('',(270.,4.475,89.175));
#9129 = VECTOR('',#9130,1.);
#9130 = DIRECTION('',(0.,0.,1.));
#9131 = CARTESIAN_POINT('',(270.,4.475,89.175));
#9132 = CARTESIAN_POINT('',(270.,4.475,120.925));
#9133 = GEOMETRIC_CURVE_SET('',(#9134));
#9134 = TRIMMED_CURVE('',#9135,(#9139,PARAMETER_VALUE(0.)),(#9140,
    PARAMETER_VALUE(3.175)),.T.,.PARAMETER.);
#9135 = LINE('',#9136,#9137);
#9136 = CARTESIAN_POINT('',(270.,1.3,89.175));
#9137 = VECTOR('',#9138,1.);
#9138 = DIRECTION('',(0.,1.,0.));
#9139 = CARTESIAN_POINT('',(270.,1.3,89.175));
#9140 = CARTESIAN_POINT('',(270.,4.475,89.175));
#9141 = GEOMETRIC_CURVE_SET('',(#9142));
#9142 = TRIMMED_CURVE('',#9143,(#9147,PARAMETER_VALUE(0.)),(#9148,
    PARAMETER_VALUE(18.)),.T.,.PARAMETER.);
#9143 = LINE('',#9144,#9145);
#9144 = CARTESIAN_POINT('',(252.,1.3,89.175));
#9145 = VECTOR('',#9146,1.);
#9146 = DIRECTION('',(1.,0.,0.));
#9147 = CARTESIAN_POINT('',(252.,1.3,89.175));
#9148 = CARTESIAN_POINT('',(270.,1.3,89.175));
#9149 = GEOMETRIC_CURVE_SET('',(#9150));
#9150 = TRIMMED_CURVE('',#9151,(#9155,PARAMETER_VALUE(0.)),(#9156,
    PARAMETER_VALUE(18.)),.T.,.PARAMETER.);
#9151 = LINE('',#9152,#9153);
#9152 = CARTESIAN_POINT('',(252.,1.3,120.925));
#9153 = VECTOR('',#9154,1.);
#9154 = DIRECTION('',(1.,0.,0.));
#9155 = CARTESIAN_POINT('',(252.,1.3,120.925));
#9156 = CARTESIAN_POINT('',(270.,1.3,120.925));
#9157 = GEOMETRIC_CURVE_SET('',(#9158));
#9158 = TRIMMED_CURVE('',#9159,(#9163,PARAMETER_VALUE(0.)),(#9164,
    PARAMETER_VALUE(18.)),.T.,.PARAMETER.);
#9159 = LINE('',#9160,#9161);
#9160 = CARTESIAN_POINT('',(252.,4.475,89.175));
#9161 = VECTOR('',#9162,1.);
#9162 = DIRECTION('',(1.,0.,0.));
#9163 = CARTESIAN_POINT('',(252.,4.475,89.175));
#9164 = CARTESIAN_POINT('',(270.,4.475,89.175));
#9165 = GEOMETRIC_CURVE_SET('',(#9166));
#9166 = TRIMMED_CURVE('',#9167,(#9171,PARAMETER_VALUE(0.)),(#9172,
    PARAMETER_VALUE(18.)),.T.,.PARAMETER.);
#9167 = LINE('',#9168,#9169);
#9168 = CARTESIAN_POINT('',(252.,4.475,120.925));
#9169 = VECTOR('',#9170,1.);
#9170 = DIRECTION('',(1.,0.,0.));
#9171 = CARTESIAN_POINT('',(252.,4.475,120.925));
#9172 = CARTESIAN_POINT('',(270.,4.475,120.925));
#9173 = GEOMETRIC_CURVE_SET('',(#9174));
#9174 = TRIMMED_CURVE('',#9175,(#9179,PARAMETER_VALUE(0.)),(#9180,
    PARAMETER_VALUE(31.75)),.T.,.PARAMETER.);
#9175 = LINE('',#9176,#9177);
#9176 = CARTESIAN_POINT('',(252.,23.525,89.175));
#9177 = VECTOR('',#9178,1.);
#9178 = DIRECTION('',(0.,0.,1.));
#9179 = CARTESIAN_POINT('',(252.,23.525,89.175));
#9180 = CARTESIAN_POINT('',(252.,23.525,120.925));
#9181 = GEOMETRIC_CURVE_SET('',(#9182));
#9182 = TRIMMED_CURVE('',#9183,(#9187,PARAMETER_VALUE(0.)),(#9188,
    PARAMETER_VALUE(3.175)),.T.,.PARAMETER.);
#9183 = LINE('',#9184,#9185);
#9184 = CARTESIAN_POINT('',(252.,23.525,120.925));
#9185 = VECTOR('',#9186,1.);
#9186 = DIRECTION('',(0.,1.,0.));
#9187 = CARTESIAN_POINT('',(252.,23.525,120.925));
#9188 = CARTESIAN_POINT('',(252.,26.7,120.925));
#9189 = GEOMETRIC_CURVE_SET('',(#9190));
#9190 = TRIMMED_CURVE('',#9191,(#9195,PARAMETER_VALUE(0.)),(#9196,
    PARAMETER_VALUE(31.75)),.T.,.PARAMETER.);
#9191 = LINE('',#9192,#9193);
#9192 = CARTESIAN_POINT('',(252.,26.7,89.175));
#9193 = VECTOR('',#9194,1.);
#9194 = DIRECTION('',(0.,0.,1.));
#9195 = CARTESIAN_POINT('',(252.,26.7,89.175));
#9196 = CARTESIAN_POINT('',(252.,26.7,120.925));
#9197 = GEOMETRIC_CURVE_SET('',(#9198));
#9198 = TRIMMED_CURVE('',#9199,(#9203,PARAMETER_VALUE(0.)),(#9204,
    PARAMETER_VALUE(3.175)),.T.,.PARAMETER.);
#9199 = LINE('',#9200,#9201);
#9200 = CARTESIAN_POINT('',(252.,23.525,89.175));
#9201 = VECTOR('',#9202,1.);
#9202 = DIRECTION('',(0.,1.,0.));
#9203 = CARTESIAN_POINT('',(252.,23.525,89.175));
#9204 = CARTESIAN_POINT('',(252.,26.7,89.175));
#9205 = GEOMETRIC_CURVE_SET('',(#9206));
#9206 = TRIMMED_CURVE('',#9207,(#9211,PARAMETER_VALUE(0.)),(#9212,
    PARAMETER_VALUE(31.75)),.T.,.PARAMETER.);
#9207 = LINE('',#9208,#9209);
#9208 = CARTESIAN_POINT('',(270.,23.525,89.175));
#9209 = VECTOR('',#9210,1.);
#9210 = DIRECTION('',(0.,0.,1.));
#9211 = CARTESIAN_POINT('',(270.,23.525,89.175));
#9212 = CARTESIAN_POINT('',(270.,23.525,120.925));
#9213 = GEOMETRIC_CURVE_SET('',(#9214));
#9214 = TRIMMED_CURVE('',#9215,(#9219,PARAMETER_VALUE(0.)),(#9220,
    PARAMETER_VALUE(3.175)),.T.,.PARAMETER.);
#9215 = LINE('',#9216,#9217);
#9216 = CARTESIAN_POINT('',(270.,23.525,120.925));
#9217 = VECTOR('',#9218,1.);
#9218 = DIRECTION('',(0.,1.,0.));
#9219 = CARTESIAN_POINT('',(270.,23.525,120.925));
#9220 = CARTESIAN_POINT('',(270.,26.7,120.925));
#9221 = GEOMETRIC_CURVE_SET('',(#9222));
#9222 = TRIMMED_CURVE('',#9223,(#9227,PARAMETER_VALUE(0.)),(#9228,
    PARAMETER_VALUE(31.75)),.T.,.PARAMETER.);
#9223 = LINE('',#9224,#9225);
#9224 = CARTESIAN_POINT('',(270.,26.7,89.175));
#9225 = VECTOR('',#9226,1.);
#9226 = DIRECTION('',(0.,0.,1.));
#9227 = CARTESIAN_POINT('',(270.,26.7,89.175));
#9228 = CARTESIAN_POINT('',(270.,26.7,120.925));
#9229 = GEOMETRIC_CURVE_SET('',(#9230));
#9230 = TRIMMED_CURVE('',#9231,(#9235,PARAMETER_VALUE(0.)),(#9236,
    PARAMETER_VALUE(3.175)),.T.,.PARAMETER.);
#9231 = LINE('',#9232,#9233);
#9232 = CARTESIAN_POINT('',(270.,23.525,89.175));
#9233 = VECTOR('',#9234,1.);
#9234 = DIRECTION('',(0.,1.,0.));
#9235 = CARTESIAN_POINT('',(270.,23.525,89.175));
#9236 = CARTESIAN_POINT('',(270.,26.7,89.175));
#9237 = GEOMETRIC_CURVE_SET('',(#9238));
#9238 = TRIMMED_CURVE('',#9239,(#9243,PARAMETER_VALUE(0.)),(#9244,
    PARAMETER_VALUE(18.)),.T.,.PARAMETER.);
#9239 = LINE('',#9240,#9241);
#9240 = CARTESIAN_POINT('',(252.,23.525,89.175));
#9241 = VECTOR('',#9242,1.);
#9242 = DIRECTION('',(1.,0.,0.));
#9243 = CARTESIAN_POINT('',(252.,23.525,89.175));
#9244 = CARTESIAN_POINT('',(270.,23.525,89.175));
#9245 = GEOMETRIC_CURVE_SET('',(#9246));
#9246 = TRIMMED_CURVE('',#9247,(#9251,PARAMETER_VALUE(0.)),(#9252,
    PARAMETER_VALUE(18.)),.T.,.PARAMETER.);
#9247 = LINE('',#9248,#9249);
#9248 = CARTESIAN_POINT('',(252.,23.525,120.925));
#9249 = VECTOR('',#9250,1.);
#9250 = DIRECTION('',(1.,0.,0.));
#9251 = CARTESIAN_POINT('',(252.,23.525,120.925));
#9252 = CARTESIAN_POINT('',(270.,23.525,120.925));
#9253 = GEOMETRIC_CURVE_SET('',(#9254));
#9254 = TRIMMED_CURVE('',#9255,(#9259,PARAMETER_VALUE(0.)),(#9260,
    PARAMETER_VALUE(18.)),.T.,.PARAMETER.);
#9255 = LINE('',#9256,#9257);
#9256 = CARTESIAN_POINT('',(252.,26.7,89.175));
#9257 = VECTOR('',#9258,1.);
#9258 = DIRECTION('',(1.,0.,0.));
#9259 = CARTESIAN_POINT('',(252.,26.7,89.175));
#9260 = CARTESIAN_POINT('',(270.,26.7,89.175));
#9261 = GEOMETRIC_CURVE_SET('',(#9262));
#9262 = TRIMMED_CURVE('',#9263,(#9267,PARAMETER_VALUE(0.)),(#9268,
    PARAMETER_VALUE(18.)),.T.,.PARAMETER.);
#9263 = LINE('',#9264,#9265);
#9264 = CARTESIAN_POINT('',(252.,26.7,120.925));
#9265 = VECTOR('',#9266,1.);
#9266 = DIRECTION('',(1.,0.,0.));
#9267 = CARTESIAN_POINT('',(252.,26.7,120.925));
#9268 = CARTESIAN_POINT('',(270.,26.7,120.925));
#9269 = GEOMETRIC_CURVE_SET('',(#9270));
#9270 = TRIMMED_CURVE('',#9271,(#9275,PARAMETER_VALUE(0.)),(#9276,
    PARAMETER_VALUE(2.)),.T.,.PARAMETER.);
#9271 = LINE('',#9272,#9273);
#9272 = CARTESIAN_POINT('',(252.,8.,89.175));
#9273 = VECTOR('',#9274,1.);
#9274 = DIRECTION('',(0.,0.,1.));
#9275 = CARTESIAN_POINT('',(252.,8.,89.175));
#9276 = CARTESIAN_POINT('',(252.,8.,91.175));
#9277 = GEOMETRIC_CURVE_SET('',(#9278));
#9278 = TRIMMED_CURVE('',#9279,(#9283,PARAMETER_VALUE(0.)),(#9284,
    PARAMETER_VALUE(12.)),.T.,.PARAMETER.);
#9279 = LINE('',#9280,#9281);
#9280 = CARTESIAN_POINT('',(252.,8.,91.175));
#9281 = VECTOR('',#9282,1.);
#9282 = DIRECTION('',(0.,1.,0.));
#9283 = CARTESIAN_POINT('',(252.,8.,91.175));
#9284 = CARTESIAN_POINT('',(252.,20.,91.175));
#9285 = GEOMETRIC_CURVE_SET('',(#9286));
#9286 = TRIMMED_CURVE('',#9287,(#9291,PARAMETER_VALUE(0.)),(#9292,
    PARAMETER_VALUE(2.)),.T.,.PARAMETER.);
#9287 = LINE('',#9288,#9289);
#9288 = CARTESIAN_POINT('',(252.,20.,89.175));
#9289 = VECTOR('',#9290,1.);
#9290 = DIRECTION('',(0.,0.,1.));
#9291 = CARTESIAN_POINT('',(252.,20.,89.175));
#9292 = CARTESIAN_POINT('',(252.,20.,91.175));
#9293 = GEOMETRIC_CURVE_SET('',(#9294));
#9294 = TRIMMED_CURVE('',#9295,(#9299,PARAMETER_VALUE(0.)),(#9300,
    PARAMETER_VALUE(12.)),.T.,.PARAMETER.);
#9295 = LINE('',#9296,#9297);
#9296 = CARTESIAN_POINT('',(252.,8.,89.175));
#9297 = VECTOR('',#9298,1.);
#9298 = DIRECTION('',(0.,1.,0.));
#9299 = CARTESIAN_POINT('',(252.,8.,89.175));
#9300 = CARTESIAN_POINT('',(252.,20.,89.175));
#9301 = GEOMETRIC_CURVE_SET('',(#9302));
#9302 = TRIMMED_CURVE('',#9303,(#9307,PARAMETER_VALUE(0.)),(#9308,
    PARAMETER_VALUE(2.)),.T.,.PARAMETER.);
#9303 = LINE('',#9304,#9305);
#9304 = CARTESIAN_POINT('',(270.,8.,89.175));
#9305 = VECTOR('',#9306,1.);
#9306 = DIRECTION('',(0.,0.,1.));
#9307 = CARTESIAN_POINT('',(270.,8.,89.175));
#9308 = CARTESIAN_POINT('',(270.,8.,91.175));
#9309 = GEOMETRIC_CURVE_SET('',(#9310));
#9310 = TRIMMED_CURVE('',#9311,(#9315,PARAMETER_VALUE(0.)),(#9316,
    PARAMETER_VALUE(12.)),.T.,.PARAMETER.);
#9311 = LINE('',#9312,#9313);
#9312 = CARTESIAN_POINT('',(270.,8.,91.175));
#9313 = VECTOR('',#9314,1.);
#9314 = DIRECTION('',(0.,1.,0.));
#9315 = CARTESIAN_POINT('',(270.,8.,91.175));
#9316 = CARTESIAN_POINT('',(270.,20.,91.175));
#9317 = GEOMETRIC_CURVE_SET('',(#9318));
#9318 = TRIMMED_CURVE('',#9319,(#9323,PARAMETER_VALUE(0.)),(#9324,
    PARAMETER_VALUE(2.)),.T.,.PARAMETER.);
#9319 = LINE('',#9320,#9321);
#9320 = CARTESIAN_POINT('',(270.,20.,89.175));
#9321 = VECTOR('',#9322,1.);
#9322 = DIRECTION('',(0.,0.,1.));
#9323 = CARTESIAN_POINT('',(270.,20.,89.175));
#9324 = CARTESIAN_POINT('',(270.,20.,91.175));
#9325 = GEOMETRIC_CURVE_SET('',(#9326));
#9326 = TRIMMED_CURVE('',#9327,(#9331,PARAMETER_VALUE(0.)),(#9332,
    PARAMETER_VALUE(12.)),.T.,.PARAMETER.);
#9327 = LINE('',#9328,#9329);
#9328 = CARTESIAN_POINT('',(270.,8.,89.175));
#9329 = VECTOR('',#9330,1.);
#9330 = DIRECTION('',(0.,1.,0.));
#9331 = CARTESIAN_POINT('',(270.,8.,89.175));
#9332 = CARTESIAN_POINT('',(270.,20.,89.175));
#9333 = GEOMETRIC_CURVE_SET('',(#9334));
#9334 = TRIMMED_CURVE('',#9335,(#9339,PARAMETER_VALUE(0.)),(#9340,
    PARAMETER_VALUE(18.)),.T.,.PARAMETER.);
#9335 = LINE('',#9336,#9337);
#9336 = CARTESIAN_POINT('',(252.,8.,89.175));
#9337 = VECTOR('',#9338,1.);
#9338 = DIRECTION('',(1.,0.,0.));
#9339 = CARTESIAN_POINT('',(252.,8.,89.175));
#9340 = CARTESIAN_POINT('',(270.,8.,89.175));
#9341 = GEOMETRIC_CURVE_SET('',(#9342));
#9342 = TRIMMED_CURVE('',#9343,(#9347,PARAMETER_VALUE(0.)),(#9348,
    PARAMETER_VALUE(18.)),.T.,.PARAMETER.);
#9343 = LINE('',#9344,#9345);
#9344 = CARTESIAN_POINT('',(252.,8.,91.175));
#9345 = VECTOR('',#9346,1.);
#9346 = DIRECTION('',(1.,0.,0.));
#9347 = CARTESIAN_POINT('',(252.,8.,91.175));
#9348 = CARTESIAN_POINT('',(270.,8.,91.175));
#9349 = GEOMETRIC_CURVE_SET('',(#9350));
#9350 = TRIMMED_CURVE('',#9351,(#9355,PARAMETER_VALUE(0.)),(#9356,
    PARAMETER_VALUE(18.)),.T.,.PARAMETER.);
#9351 = LINE('',#9352,#9353);
#9352 = CARTESIAN_POINT('',(252.,20.,89.175));
#9353 = VECTOR('',#9354,1.);
#9354 = DIRECTION('',(1.,0.,0.));
#9355 = CARTESIAN_POINT('',(252.,20.,89.175));
#9356 = CARTESIAN_POINT('',(270.,20.,89.175));
#9357 = GEOMETRIC_CURVE_SET('',(#9358));
#9358 = TRIMMED_CURVE('',#9359,(#9363,PARAMETER_VALUE(0.)),(#9364,
    PARAMETER_VALUE(18.)),.T.,.PARAMETER.);
#9359 = LINE('',#9360,#9361);
#9360 = CARTESIAN_POINT('',(252.,20.,91.175));
#9361 = VECTOR('',#9362,1.);
#9362 = DIRECTION('',(1.,0.,0.));
#9363 = CARTESIAN_POINT('',(252.,20.,91.175));
#9364 = CARTESIAN_POINT('',(270.,20.,91.175));
#9365 = GEOMETRIC_CURVE_SET('',(#9366));
#9366 = TRIMMED_CURVE('',#9367,(#9371,PARAMETER_VALUE(0.)),(#9372,
    PARAMETER_VALUE(2.)),.T.,.PARAMETER.);
#9367 = LINE('',#9368,#9369);
#9368 = CARTESIAN_POINT('',(252.,8.,118.925));
#9369 = VECTOR('',#9370,1.);
#9370 = DIRECTION('',(0.,0.,1.));
#9371 = CARTESIAN_POINT('',(252.,8.,118.925));
#9372 = CARTESIAN_POINT('',(252.,8.,120.925));
#9373 = GEOMETRIC_CURVE_SET('',(#9374));
#9374 = TRIMMED_CURVE('',#9375,(#9379,PARAMETER_VALUE(0.)),(#9380,
    PARAMETER_VALUE(12.)),.T.,.PARAMETER.);
#9375 = LINE('',#9376,#9377);
#9376 = CARTESIAN_POINT('',(252.,8.,120.925));
#9377 = VECTOR('',#9378,1.);
#9378 = DIRECTION('',(0.,1.,0.));
#9379 = CARTESIAN_POINT('',(252.,8.,120.925));
#9380 = CARTESIAN_POINT('',(252.,20.,120.925));
#9381 = GEOMETRIC_CURVE_SET('',(#9382));
#9382 = TRIMMED_CURVE('',#9383,(#9387,PARAMETER_VALUE(0.)),(#9388,
    PARAMETER_VALUE(2.)),.T.,.PARAMETER.);
#9383 = LINE('',#9384,#9385);
#9384 = CARTESIAN_POINT('',(252.,20.,118.925));
#9385 = VECTOR('',#9386,1.);
#9386 = DIRECTION('',(0.,0.,1.));
#9387 = CARTESIAN_POINT('',(252.,20.,118.925));
#9388 = CARTESIAN_POINT('',(252.,20.,120.925));
#9389 = GEOMETRIC_CURVE_SET('',(#9390));
#9390 = TRIMMED_CURVE('',#9391,(#9395,PARAMETER_VALUE(0.)),(#9396,
    PARAMETER_VALUE(12.)),.T.,.PARAMETER.);
#9391 = LINE('',#9392,#9393);
#9392 = CARTESIAN_POINT('',(252.,8.,118.925));
#9393 = VECTOR('',#9394,1.);
#9394 = DIRECTION('',(0.,1.,0.));
#9395 = CARTESIAN_POINT('',(252.,8.,118.925));
#9396 = CARTESIAN_POINT('',(252.,20.,118.925));
#9397 = GEOMETRIC_CURVE_SET('',(#9398));
#9398 = TRIMMED_CURVE('',#9399,(#9403,PARAMETER_VALUE(0.)),(#9404,
    PARAMETER_VALUE(2.)),.T.,.PARAMETER.);
#9399 = LINE('',#9400,#9401);
#9400 = CARTESIAN_POINT('',(270.,8.,118.925));
#9401 = VECTOR('',#9402,1.);
#9402 = DIRECTION('',(0.,0.,1.));
#9403 = CARTESIAN_POINT('',(270.,8.,118.925));
#9404 = CARTESIAN_POINT('',(270.,8.,120.925));
#9405 = GEOMETRIC_CURVE_SET('',(#9406));
#9406 = TRIMMED_CURVE('',#9407,(#9411,PARAMETER_VALUE(0.)),(#9412,
    PARAMETER_VALUE(12.)),.T.,.PARAMETER.);
#9407 = LINE('',#9408,#9409);
#9408 = CARTESIAN_POINT('',(270.,8.,120.925));
#9409 = VECTOR('',#9410,1.);
#9410 = DIRECTION('',(0.,1.,0.));
#9411 = CARTESIAN_POINT('',(270.,8.,120.925));
#9412 = CARTESIAN_POINT('',(270.,20.,120.925));
#9413 = GEOMETRIC_CURVE_SET('',(#9414));
#9414 = TRIMMED_CURVE('',#9415,(#9419,PARAMETER_VALUE(0.)),(#9420,
    PARAMETER_VALUE(2.)),.T.,.PARAMETER.);
#9415 = LINE('',#9416,#9417);
#9416 = CARTESIAN_POINT('',(270.,20.,118.925));
#9417 = VECTOR('',#9418,1.);
#9418 = DIRECTION('',(0.,0.,1.));
#9419 = CARTESIAN_POINT('',(270.,20.,118.925));
#9420 = CARTESIAN_POINT('',(270.,20.,120.925));
#9421 = GEOMETRIC_CURVE_SET('',(#9422));
#9422 = TRIMMED_CURVE('',#9423,(#9427,PARAMETER_VALUE(0.)),(#9428,
    PARAMETER_VALUE(12.)),.T.,.PARAMETER.);
#9423 = LINE('',#9424,#9425);
#9424 = CARTESIAN_POINT('',(270.,8.,118.925));
#9425 = VECTOR('',#9426,1.);
#9426 = DIRECTION('',(0.,1.,0.));
#9427 = CARTESIAN_POINT('',(270.,8.,118.925));
#9428 = CARTESIAN_POINT('',(270.,20.,118.925));
#9429 = GEOMETRIC_CURVE_SET('',(#9430));
#9430 = TRIMMED_CURVE('',#9431,(#9435,PARAMETER_VALUE(0.)),(#9436,
    PARAMETER_VALUE(18.)),.T.,.PARAMETER.);
#9431 = LINE('',#9432,#9433);
#9432 = CARTESIAN_POINT('',(252.,8.,118.925));
#9433 = VECTOR('',#9434,1.);
#9434 = DIRECTION('',(1.,0.,0.));
#9435 = CARTESIAN_POINT('',(252.,8.,118.925));
#9436 = CARTESIAN_POINT('',(270.,8.,118.925));
#9437 = GEOMETRIC_CURVE_SET('',(#9438));
#9438 = TRIMMED_CURVE('',#9439,(#9443,PARAMETER_VALUE(0.)),(#9444,
    PARAMETER_VALUE(18.)),.T.,.PARAMETER.);
#9439 = LINE('',#9440,#9441);
#9440 = CARTESIAN_POINT('',(252.,8.,120.925));
#9441 = VECTOR('',#9442,1.);
#9442 = DIRECTION('',(1.,0.,0.));
#9443 = CARTESIAN_POINT('',(252.,8.,120.925));
#9444 = CARTESIAN_POINT('',(270.,8.,120.925));
#9445 = GEOMETRIC_CURVE_SET('',(#9446));
#9446 = TRIMMED_CURVE('',#9447,(#9451,PARAMETER_VALUE(0.)),(#9452,
    PARAMETER_VALUE(18.)),.T.,.PARAMETER.);
#9447 = LINE('',#9448,#9449);
#9448 = CARTESIAN_POINT('',(252.,20.,118.925));
#9449 = VECTOR('',#9450,1.);
#9450 = DIRECTION('',(1.,0.,0.));
#9451 = CARTESIAN_POINT('',(252.,20.,118.925));
#9452 = CARTESIAN_POINT('',(270.,20.,118.925));
#9453 = GEOMETRIC_CURVE_SET('',(#9454));
#9454 = TRIMMED_CURVE('',#9455,(#9459,PARAMETER_VALUE(0.)),(#9460,
    PARAMETER_VALUE(18.)),.T.,.PARAMETER.);
#9455 = LINE('',#9456,#9457);
#9456 = CARTESIAN_POINT('',(252.,20.,120.925));
#9457 = VECTOR('',#9458,1.);
#9458 = DIRECTION('',(1.,0.,0.));
#9459 = CARTESIAN_POINT('',(252.,20.,120.925));
#9460 = CARTESIAN_POINT('',(270.,20.,120.925));
#9461 = GEOMETRIC_CURVE_SET('',(#9462));
#9462 = TRIMMED_CURVE('',#9463,(#9467,PARAMETER_VALUE(0.)),(#9468,
    PARAMETER_VALUE(2.)),.T.,.PARAMETER.);
#9463 = LINE('',#9464,#9465);
#9464 = CARTESIAN_POINT('',(247.,5.,91.675));
#9465 = VECTOR('',#9466,1.);
#9466 = DIRECTION('',(0.,0.,1.));
#9467 = CARTESIAN_POINT('',(247.,5.,91.675));
#9468 = CARTESIAN_POINT('',(247.,5.,93.675));
#9469 = GEOMETRIC_CURVE_SET('',(#9470));
#9470 = TRIMMED_CURVE('',#9471,(#9475,PARAMETER_VALUE(0.)),(#9476,
    PARAMETER_VALUE(18.)),.T.,.PARAMETER.);
#9471 = LINE('',#9472,#9473);
#9472 = CARTESIAN_POINT('',(247.,5.,93.675));
#9473 = VECTOR('',#9474,1.);
#9474 = DIRECTION('',(0.,1.,0.));
#9475 = CARTESIAN_POINT('',(247.,5.,93.675));
#9476 = CARTESIAN_POINT('',(247.,23.,93.675));
#9477 = GEOMETRIC_CURVE_SET('',(#9478));
#9478 = TRIMMED_CURVE('',#9479,(#9483,PARAMETER_VALUE(0.)),(#9484,
    PARAMETER_VALUE(2.)),.T.,.PARAMETER.);
#9479 = LINE('',#9480,#9481);
#9480 = CARTESIAN_POINT('',(247.,23.,91.675));
#9481 = VECTOR('',#9482,1.);
#9482 = DIRECTION('',(0.,0.,1.));
#9483 = CARTESIAN_POINT('',(247.,23.,91.675));
#9484 = CARTESIAN_POINT('',(247.,23.,93.675));
#9485 = GEOMETRIC_CURVE_SET('',(#9486));
#9486 = TRIMMED_CURVE('',#9487,(#9491,PARAMETER_VALUE(0.)),(#9492,
    PARAMETER_VALUE(18.)),.T.,.PARAMETER.);
#9487 = LINE('',#9488,#9489);
#9488 = CARTESIAN_POINT('',(247.,5.,91.675));
#9489 = VECTOR('',#9490,1.);
#9490 = DIRECTION('',(0.,1.,0.));
#9491 = CARTESIAN_POINT('',(247.,5.,91.675));
#9492 = CARTESIAN_POINT('',(247.,23.,91.675));
#9493 = GEOMETRIC_CURVE_SET('',(#9494));
#9494 = TRIMMED_CURVE('',#9495,(#9499,PARAMETER_VALUE(0.)),(#9500,
    PARAMETER_VALUE(2.)),.T.,.PARAMETER.);
#9495 = LINE('',#9496,#9497);
#9496 = CARTESIAN_POINT('',(267.,5.,91.675));
#9497 = VECTOR('',#9498,1.);
#9498 = DIRECTION('',(0.,0.,1.));
#9499 = CARTESIAN_POINT('',(267.,5.,91.675));
#9500 = CARTESIAN_POINT('',(267.,5.,93.675));
#9501 = GEOMETRIC_CURVE_SET('',(#9502));
#9502 = TRIMMED_CURVE('',#9503,(#9507,PARAMETER_VALUE(0.)),(#9508,
    PARAMETER_VALUE(18.)),.T.,.PARAMETER.);
#9503 = LINE('',#9504,#9505);
#9504 = CARTESIAN_POINT('',(267.,5.,93.675));
#9505 = VECTOR('',#9506,1.);
#9506 = DIRECTION('',(0.,1.,0.));
#9507 = CARTESIAN_POINT('',(267.,5.,93.675));
#9508 = CARTESIAN_POINT('',(267.,23.,93.675));
#9509 = GEOMETRIC_CURVE_SET('',(#9510));
#9510 = TRIMMED_CURVE('',#9511,(#9515,PARAMETER_VALUE(0.)),(#9516,
    PARAMETER_VALUE(2.)),.T.,.PARAMETER.);
#9511 = LINE('',#9512,#9513);
#9512 = CARTESIAN_POINT('',(267.,23.,91.675));
#9513 = VECTOR('',#9514,1.);
#9514 = DIRECTION('',(0.,0.,1.));
#9515 = CARTESIAN_POINT('',(267.,23.,91.675));
#9516 = CARTESIAN_POINT('',(267.,23.,93.675));
#9517 = GEOMETRIC_CURVE_SET('',(#9518));
#9518 = TRIMMED_CURVE('',#9519,(#9523,PARAMETER_VALUE(0.)),(#9524,
    PARAMETER_VALUE(18.)),.T.,.PARAMETER.);
#9519 = LINE('',#9520,#9521);
#9520 = CARTESIAN_POINT('',(267.,5.,91.675));
#9521 = VECTOR('',#9522,1.);
#9522 = DIRECTION('',(0.,1.,0.));
#9523 = CARTESIAN_POINT('',(267.,5.,91.675));
#9524 = CARTESIAN_POINT('',(267.,23.,91.675));
#9525 = GEOMETRIC_CURVE_SET('',(#9526));
#9526 = TRIMMED_CURVE('',#9527,(#9531,PARAMETER_VALUE(0.)),(#9532,
    PARAMETER_VALUE(20.)),.T.,.PARAMETER.);
#9527 = LINE('',#9528,#9529);
#9528 = CARTESIAN_POINT('',(247.,5.,91.675));
#9529 = VECTOR('',#9530,1.);
#9530 = DIRECTION('',(1.,0.,0.));
#9531 = CARTESIAN_POINT('',(247.,5.,91.675));
#9532 = CARTESIAN_POINT('',(267.,5.,91.675));
#9533 = GEOMETRIC_CURVE_SET('',(#9534));
#9534 = TRIMMED_CURVE('',#9535,(#9539,PARAMETER_VALUE(0.)),(#9540,
    PARAMETER_VALUE(20.)),.T.,.PARAMETER.);
#9535 = LINE('',#9536,#9537);
#9536 = CARTESIAN_POINT('',(247.,5.,93.675));
#9537 = VECTOR('',#9538,1.);
#9538 = DIRECTION('',(1.,0.,0.));
#9539 = CARTESIAN_POINT('',(247.,5.,93.675));
#9540 = CARTESIAN_POINT('',(267.,5.,93.675));
#9541 = GEOMETRIC_CURVE_SET('',(#9542));
#9542 = TRIMMED_CURVE('',#9543,(#9547,PARAMETER_VALUE(0.)),(#9548,
    PARAMETER_VALUE(20.)),.T.,.PARAMETER.);
#9543 = LINE('',#9544,#9545);
#9544 = CARTESIAN_POINT('',(247.,23.,91.675));
#9545 = VECTOR('',#9546,1.);
#9546 = DIRECTION('',(1.,0.,0.));
#9547 = CARTESIAN_POINT('',(247.,23.,91.675));
#9548 = CARTESIAN_POINT('',(267.,23.,91.675));
#9549 = GEOMETRIC_CURVE_SET('',(#9550));
#9550 = TRIMMED_CURVE('',#9551,(#9555,PARAMETER_VALUE(0.)),(#9556,
    PARAMETER_VALUE(20.)),.T.,.PARAMETER.);
#9551 = LINE('',#9552,#9553);
#9552 = CARTESIAN_POINT('',(247.,23.,93.675));
#9553 = VECTOR('',#9554,1.);
#9554 = DIRECTION('',(1.,0.,0.));
#9555 = CARTESIAN_POINT('',(247.,23.,93.675));
#9556 = CARTESIAN_POINT('',(267.,23.,93.675));
#9557 = GEOMETRIC_CURVE_SET('',(#9558));
#9558 = TRIMMED_CURVE('',#9559,(#9563,PARAMETER_VALUE(0.)),(#9564,
    PARAMETER_VALUE(2.)),.T.,.PARAMETER.);
#9559 = LINE('',#9560,#9561);
#9560 = CARTESIAN_POINT('',(247.,5.,116.425));
#9561 = VECTOR('',#9562,1.);
#9562 = DIRECTION('',(0.,0.,1.));
#9563 = CARTESIAN_POINT('',(247.,5.,116.425));
#9564 = CARTESIAN_POINT('',(247.,5.,118.425));
#9565 = GEOMETRIC_CURVE_SET('',(#9566));
#9566 = TRIMMED_CURVE('',#9567,(#9571,PARAMETER_VALUE(0.)),(#9572,
    PARAMETER_VALUE(18.)),.T.,.PARAMETER.);
#9567 = LINE('',#9568,#9569);
#9568 = CARTESIAN_POINT('',(247.,5.,118.425));
#9569 = VECTOR('',#9570,1.);
#9570 = DIRECTION('',(0.,1.,0.));
#9571 = CARTESIAN_POINT('',(247.,5.,118.425));
#9572 = CARTESIAN_POINT('',(247.,23.,118.425));
#9573 = GEOMETRIC_CURVE_SET('',(#9574));
#9574 = TRIMMED_CURVE('',#9575,(#9579,PARAMETER_VALUE(0.)),(#9580,
    PARAMETER_VALUE(2.)),.T.,.PARAMETER.);
#9575 = LINE('',#9576,#9577);
#9576 = CARTESIAN_POINT('',(247.,23.,116.425));
#9577 = VECTOR('',#9578,1.);
#9578 = DIRECTION('',(0.,0.,1.));
#9579 = CARTESIAN_POINT('',(247.,23.,116.425));
#9580 = CARTESIAN_POINT('',(247.,23.,118.425));
#9581 = GEOMETRIC_CURVE_SET('',(#9582));
#9582 = TRIMMED_CURVE('',#9583,(#9587,PARAMETER_VALUE(0.)),(#9588,
    PARAMETER_VALUE(18.)),.T.,.PARAMETER.);
#9583 = LINE('',#9584,#9585);
#9584 = CARTESIAN_POINT('',(247.,5.,116.425));
#9585 = VECTOR('',#9586,1.);
#9586 = DIRECTION('',(0.,1.,0.));
#9587 = CARTESIAN_POINT('',(247.,5.,116.425));
#9588 = CARTESIAN_POINT('',(247.,23.,116.425));
#9589 = GEOMETRIC_CURVE_SET('',(#9590));
#9590 = TRIMMED_CURVE('',#9591,(#9595,PARAMETER_VALUE(0.)),(#9596,
    PARAMETER_VALUE(2.)),.T.,.PARAMETER.);
#9591 = LINE('',#9592,#9593);
#9592 = CARTESIAN_POINT('',(267.,5.,116.425));
#9593 = VECTOR('',#9594,1.);
#9594 = DIRECTION('',(0.,0.,1.));
#9595 = CARTESIAN_POINT('',(267.,5.,116.425));
#9596 = CARTESIAN_POINT('',(267.,5.,118.425));
#9597 = GEOMETRIC_CURVE_SET('',(#9598));
#9598 = TRIMMED_CURVE('',#9599,(#9603,PARAMETER_VALUE(0.)),(#9604,
    PARAMETER_VALUE(18.)),.T.,.PARAMETER.);
#9599 = LINE('',#9600,#9601);
#9600 = CARTESIAN_POINT('',(267.,5.,118.425));
#9601 = VECTOR('',#9602,1.);
#9602 = DIRECTION('',(0.,1.,0.));
#9603 = CARTESIAN_POINT('',(267.,5.,118.425));
#9604 = CARTESIAN_POINT('',(267.,23.,118.425));
#9605 = GEOMETRIC_CURVE_SET('',(#9606));
#9606 = TRIMMED_CURVE('',#9607,(#9611,PARAMETER_VALUE(0.)),(#9612,
    PARAMETER_VALUE(2.)),.T.,.PARAMETER.);
#9607 = LINE('',#9608,#9609);
#9608 = CARTESIAN_POINT('',(267.,23.,116.425));
#9609 = VECTOR('',#9610,1.);
#9610 = DIRECTION('',(0.,0.,1.));
#9611 = CARTESIAN_POINT('',(267.,23.,116.425));
#9612 = CARTESIAN_POINT('',(267.,23.,118.425));
#9613 = GEOMETRIC_CURVE_SET('',(#9614));
#9614 = TRIMMED_CURVE('',#9615,(#9619,PARAMETER_VALUE(0.)),(#9620,
    PARAMETER_VALUE(18.)),.T.,.PARAMETER.);
#9615 = LINE('',#9616,#9617);
#9616 = CARTESIAN_POINT('',(267.,5.,116.425));
#9617 = VECTOR('',#9618,1.);
#9618 = DIRECTION('',(0.,1.,0.));
#9619 = CARTESIAN_POINT('',(267.,5.,116.425));
#9620 = CARTESIAN_POINT('',(267.,23.,116.425));
#9621 = GEOMETRIC_CURVE_SET('',(#9622));
#9622 = TRIMMED_CURVE('',#9623,(#9627,PARAMETER_VALUE(0.)),(#9628,
    PARAMETER_VALUE(20.)),.T.,.PARAMETER.);
#9623 = LINE('',#9624,#9625);
#9624 = CARTESIAN_POINT('',(247.,5.,116.425));
#9625 = VECTOR('',#9626,1.);
#9626 = DIRECTION('',(1.,0.,0.));
#9627 = CARTESIAN_POINT('',(247.,5.,116.425));
#9628 = CARTESIAN_POINT('',(267.,5.,116.425));
#9629 = GEOMETRIC_CURVE_SET('',(#9630));
#9630 = TRIMMED_CURVE('',#9631,(#9635,PARAMETER_VALUE(0.)),(#9636,
    PARAMETER_VALUE(20.)),.T.,.PARAMETER.);
#9631 = LINE('',#9632,#9633);
#9632 = CARTESIAN_POINT('',(247.,5.,118.425));
#9633 = VECTOR('',#9634,1.);
#9634 = DIRECTION('',(1.,0.,0.));
#9635 = CARTESIAN_POINT('',(247.,5.,118.425));
#9636 = CARTESIAN_POINT('',(267.,5.,118.425));
#9637 = GEOMETRIC_CURVE_SET('',(#9638));
#9638 = TRIMMED_CURVE('',#9639,(#9643,PARAMETER_VALUE(0.)),(#9644,
    PARAMETER_VALUE(20.)),.T.,.PARAMETER.);
#9639 = LINE('',#9640,#9641);
#9640 = CARTESIAN_POINT('',(247.,23.,116.425));
#9641 = VECTOR('',#9642,1.);
#9642 = DIRECTION('',(1.,0.,0.));
#9643 = CARTESIAN_POINT('',(247.,23.,116.425));
#9644 = CARTESIAN_POINT('',(267.,23.,116.425));
#9645 = GEOMETRIC_CURVE_SET('',(#9646));
#9646 = TRIMMED_CURVE('',#9647,(#9651,PARAMETER_VALUE(0.)),(#9652,
    PARAMETER_VALUE(20.)),.T.,.PARAMETER.);
#9647 = LINE('',#9648,#9649);
#9648 = CARTESIAN_POINT('',(247.,23.,118.425));
#9649 = VECTOR('',#9650,1.);
#9650 = DIRECTION('',(1.,0.,0.));
#9651 = CARTESIAN_POINT('',(247.,23.,118.425));
#9652 = CARTESIAN_POINT('',(267.,23.,118.425));
#9653 = GEOMETRIC_CURVE_SET('',(#9654));
#9654 = TRIMMED_CURVE('',#9655,(#9659,PARAMETER_VALUE(0.)),(#9660,
    PARAMETER_VALUE(3.175)),.T.,.PARAMETER.);
#9655 = LINE('',#9656,#9657);
#9656 = CARTESIAN_POINT('',(5.,248.3,86.));
#9657 = VECTOR('',#9658,1.);
#9658 = DIRECTION('',(0.,0.,1.));
#9659 = CARTESIAN_POINT('',(5.,248.3,86.));
#9660 = CARTESIAN_POINT('',(5.,248.3,89.175));
#9661 = GEOMETRIC_CURVE_SET('',(#9662));
#9662 = TRIMMED_CURVE('',#9663,(#9667,PARAMETER_VALUE(0.)),(#9668,
    PARAMETER_VALUE(25.4)),.T.,.PARAMETER.);
#9663 = LINE('',#9664,#9665);
#9664 = CARTESIAN_POINT('',(5.,248.3,89.175));
#9665 = VECTOR('',#9666,1.);
#9666 = DIRECTION('',(0.,1.,0.));
#9667 = CARTESIAN_POINT('',(5.,248.3,89.175));
#9668 = CARTESIAN_POINT('',(5.,273.7,89.175));
#9669 = GEOMETRIC_CURVE_SET('',(#9670));
#9670 = TRIMMED_CURVE('',#9671,(#9675,PARAMETER_VALUE(0.)),(#9676,
    PARAMETER_VALUE(3.175)),.T.,.PARAMETER.);
#9671 = LINE('',#9672,#9673);
#9672 = CARTESIAN_POINT('',(5.,273.7,86.));
#9673 = VECTOR('',#9674,1.);
#9674 = DIRECTION('',(0.,0.,1.));
#9675 = CARTESIAN_POINT('',(5.,273.7,86.));
#9676 = CARTESIAN_POINT('',(5.,273.7,89.175));
#9677 = GEOMETRIC_CURVE_SET('',(#9678));
#9678 = TRIMMED_CURVE('',#9679,(#9683,PARAMETER_VALUE(0.)),(#9684,
    PARAMETER_VALUE(25.4)),.T.,.PARAMETER.);
#9679 = LINE('',#9680,#9681);
#9680 = CARTESIAN_POINT('',(5.,248.3,86.));
#9681 = VECTOR('',#9682,1.);
#9682 = DIRECTION('',(0.,1.,0.));
#9683 = CARTESIAN_POINT('',(5.,248.3,86.));
#9684 = CARTESIAN_POINT('',(5.,273.7,86.));
#9685 = GEOMETRIC_CURVE_SET('',(#9686));
#9686 = TRIMMED_CURVE('',#9687,(#9691,PARAMETER_VALUE(0.)),(#9692,
    PARAMETER_VALUE(3.175)),.T.,.PARAMETER.);
#9687 = LINE('',#9688,#9689);
#9688 = CARTESIAN_POINT('',(23.,248.3,86.));
#9689 = VECTOR('',#9690,1.);
#9690 = DIRECTION('',(0.,0.,1.));
#9691 = CARTESIAN_POINT('',(23.,248.3,86.));
#9692 = CARTESIAN_POINT('',(23.,248.3,89.175));
#9693 = GEOMETRIC_CURVE_SET('',(#9694));
#9694 = TRIMMED_CURVE('',#9695,(#9699,PARAMETER_VALUE(0.)),(#9700,
    PARAMETER_VALUE(25.4)),.T.,.PARAMETER.);
#9695 = LINE('',#9696,#9697);
#9696 = CARTESIAN_POINT('',(23.,248.3,89.175));
#9697 = VECTOR('',#9698,1.);
#9698 = DIRECTION('',(0.,1.,0.));
#9699 = CARTESIAN_POINT('',(23.,248.3,89.175));
#9700 = CARTESIAN_POINT('',(23.,273.7,89.175));
#9701 = GEOMETRIC_CURVE_SET('',(#9702));
#9702 = TRIMMED_CURVE('',#9703,(#9707,PARAMETER_VALUE(0.)),(#9708,
    PARAMETER_VALUE(3.175)),.T.,.PARAMETER.);
#9703 = LINE('',#9704,#9705);
#9704 = CARTESIAN_POINT('',(23.,273.7,86.));
#9705 = VECTOR('',#9706,1.);
#9706 = DIRECTION('',(0.,0.,1.));
#9707 = CARTESIAN_POINT('',(23.,273.7,86.));
#9708 = CARTESIAN_POINT('',(23.,273.7,89.175));
#9709 = GEOMETRIC_CURVE_SET('',(#9710));
#9710 = TRIMMED_CURVE('',#9711,(#9715,PARAMETER_VALUE(0.)),(#9716,
    PARAMETER_VALUE(25.4)),.T.,.PARAMETER.);
#9711 = LINE('',#9712,#9713);
#9712 = CARTESIAN_POINT('',(23.,248.3,86.));
#9713 = VECTOR('',#9714,1.);
#9714 = DIRECTION('',(0.,1.,0.));
#9715 = CARTESIAN_POINT('',(23.,248.3,86.));
#9716 = CARTESIAN_POINT('',(23.,273.7,86.));
#9717 = GEOMETRIC_CURVE_SET('',(#9718));
#9718 = TRIMMED_CURVE('',#9719,(#9723,PARAMETER_VALUE(0.)),(#9724,
    PARAMETER_VALUE(18.)),.T.,.PARAMETER.);
#9719 = LINE('',#9720,#9721);
#9720 = CARTESIAN_POINT('',(5.,248.3,86.));
#9721 = VECTOR('',#9722,1.);
#9722 = DIRECTION('',(1.,0.,0.));
#9723 = CARTESIAN_POINT('',(5.,248.3,86.));
#9724 = CARTESIAN_POINT('',(23.,248.3,86.));
#9725 = GEOMETRIC_CURVE_SET('',(#9726));
#9726 = TRIMMED_CURVE('',#9727,(#9731,PARAMETER_VALUE(0.)),(#9732,
    PARAMETER_VALUE(18.)),.T.,.PARAMETER.);
#9727 = LINE('',#9728,#9729);
#9728 = CARTESIAN_POINT('',(5.,248.3,89.175));
#9729 = VECTOR('',#9730,1.);
#9730 = DIRECTION('',(1.,0.,0.));
#9731 = CARTESIAN_POINT('',(5.,248.3,89.175));
#9732 = CARTESIAN_POINT('',(23.,248.3,89.175));
#9733 = GEOMETRIC_CURVE_SET('',(#9734));
#9734 = TRIMMED_CURVE('',#9735,(#9739,PARAMETER_VALUE(0.)),(#9740,
    PARAMETER_VALUE(18.)),.T.,.PARAMETER.);
#9735 = LINE('',#9736,#9737);
#9736 = CARTESIAN_POINT('',(5.,273.7,86.));
#9737 = VECTOR('',#9738,1.);
#9738 = DIRECTION('',(1.,0.,0.));
#9739 = CARTESIAN_POINT('',(5.,273.7,86.));
#9740 = CARTESIAN_POINT('',(23.,273.7,86.));
#9741 = GEOMETRIC_CURVE_SET('',(#9742));
#9742 = TRIMMED_CURVE('',#9743,(#9747,PARAMETER_VALUE(0.)),(#9748,
    PARAMETER_VALUE(18.)),.T.,.PARAMETER.);
#9743 = LINE('',#9744,#9745);
#9744 = CARTESIAN_POINT('',(5.,273.7,89.175));
#9745 = VECTOR('',#9746,1.);
#9746 = DIRECTION('',(1.,0.,0.));
#9747 = CARTESIAN_POINT('',(5.,273.7,89.175));
#9748 = CARTESIAN_POINT('',(23.,273.7,89.175));
#9749 = GEOMETRIC_CURVE_SET('',(#9750));
#9750 = TRIMMED_CURVE('',#9751,(#9755,PARAMETER_VALUE(0.)),(#9756,
    PARAMETER_VALUE(3.175)),.T.,.PARAMETER.);
#9751 = LINE('',#9752,#9753);
#9752 = CARTESIAN_POINT('',(5.,248.3,120.925));
#9753 = VECTOR('',#9754,1.);
#9754 = DIRECTION('',(0.,0.,1.));
#9755 = CARTESIAN_POINT('',(5.,248.3,120.925));
#9756 = CARTESIAN_POINT('',(5.,248.3,124.1));
#9757 = GEOMETRIC_CURVE_SET('',(#9758));
#9758 = TRIMMED_CURVE('',#9759,(#9763,PARAMETER_VALUE(0.)),(#9764,
    PARAMETER_VALUE(25.4)),.T.,.PARAMETER.);
#9759 = LINE('',#9760,#9761);
#9760 = CARTESIAN_POINT('',(5.,248.3,124.1));
#9761 = VECTOR('',#9762,1.);
#9762 = DIRECTION('',(0.,1.,0.));
#9763 = CARTESIAN_POINT('',(5.,248.3,124.1));
#9764 = CARTESIAN_POINT('',(5.,273.7,124.1));
#9765 = GEOMETRIC_CURVE_SET('',(#9766));
#9766 = TRIMMED_CURVE('',#9767,(#9771,PARAMETER_VALUE(0.)),(#9772,
    PARAMETER_VALUE(3.175)),.T.,.PARAMETER.);
#9767 = LINE('',#9768,#9769);
#9768 = CARTESIAN_POINT('',(5.,273.7,120.925));
#9769 = VECTOR('',#9770,1.);
#9770 = DIRECTION('',(0.,0.,1.));
#9771 = CARTESIAN_POINT('',(5.,273.7,120.925));
#9772 = CARTESIAN_POINT('',(5.,273.7,124.1));
#9773 = GEOMETRIC_CURVE_SET('',(#9774));
#9774 = TRIMMED_CURVE('',#9775,(#9779,PARAMETER_VALUE(0.)),(#9780,
    PARAMETER_VALUE(25.4)),.T.,.PARAMETER.);
#9775 = LINE('',#9776,#9777);
#9776 = CARTESIAN_POINT('',(5.,248.3,120.925));
#9777 = VECTOR('',#9778,1.);
#9778 = DIRECTION('',(0.,1.,0.));
#9779 = CARTESIAN_POINT('',(5.,248.3,120.925));
#9780 = CARTESIAN_POINT('',(5.,273.7,120.925));
#9781 = GEOMETRIC_CURVE_SET('',(#9782));
#9782 = TRIMMED_CURVE('',#9783,(#9787,PARAMETER_VALUE(0.)),(#9788,
    PARAMETER_VALUE(3.175)),.T.,.PARAMETER.);
#9783 = LINE('',#9784,#9785);
#9784 = CARTESIAN_POINT('',(23.,248.3,120.925));
#9785 = VECTOR('',#9786,1.);
#9786 = DIRECTION('',(0.,0.,1.));
#9787 = CARTESIAN_POINT('',(23.,248.3,120.925));
#9788 = CARTESIAN_POINT('',(23.,248.3,124.1));
#9789 = GEOMETRIC_CURVE_SET('',(#9790));
#9790 = TRIMMED_CURVE('',#9791,(#9795,PARAMETER_VALUE(0.)),(#9796,
    PARAMETER_VALUE(25.4)),.T.,.PARAMETER.);
#9791 = LINE('',#9792,#9793);
#9792 = CARTESIAN_POINT('',(23.,248.3,124.1));
#9793 = VECTOR('',#9794,1.);
#9794 = DIRECTION('',(0.,1.,0.));
#9795 = CARTESIAN_POINT('',(23.,248.3,124.1));
#9796 = CARTESIAN_POINT('',(23.,273.7,124.1));
#9797 = GEOMETRIC_CURVE_SET('',(#9798));
#9798 = TRIMMED_CURVE('',#9799,(#9803,PARAMETER_VALUE(0.)),(#9804,
    PARAMETER_VALUE(3.175)),.T.,.PARAMETER.);
#9799 = LINE('',#9800,#9801);
#9800 = CARTESIAN_POINT('',(23.,273.7,120.925));
#9801 = VECTOR('',#9802,1.);
#9802 = DIRECTION('',(0.,0.,1.));
#9803 = CARTESIAN_POINT('',(23.,273.7,120.925));
#9804 = CARTESIAN_POINT('',(23.,273.7,124.1));
#9805 = GEOMETRIC_CURVE_SET('',(#9806));
#9806 = TRIMMED_CURVE('',#9807,(#9811,PARAMETER_VALUE(0.)),(#9812,
    PARAMETER_VALUE(25.4)),.T.,.PARAMETER.);
#9807 = LINE('',#9808,#9809);
#9808 = CARTESIAN_POINT('',(23.,248.3,120.925));
#9809 = VECTOR('',#9810,1.);
#9810 = DIRECTION('',(0.,1.,0.));
#9811 = CARTESIAN_POINT('',(23.,248.3,120.925));
#9812 = CARTESIAN_POINT('',(23.,273.7,120.925));
#9813 = GEOMETRIC_CURVE_SET('',(#9814));
#9814 = TRIMMED_CURVE('',#9815,(#9819,PARAMETER_VALUE(0.)),(#9820,
    PARAMETER_VALUE(18.)),.T.,.PARAMETER.);
#9815 = LINE('',#9816,#9817);
#9816 = CARTESIAN_POINT('',(5.,248.3,120.925));
#9817 = VECTOR('',#9818,1.);
#9818 = DIRECTION('',(1.,0.,0.));
#9819 = CARTESIAN_POINT('',(5.,248.3,120.925));
#9820 = CARTESIAN_POINT('',(23.,248.3,120.925));
#9821 = GEOMETRIC_CURVE_SET('',(#9822));
#9822 = TRIMMED_CURVE('',#9823,(#9827,PARAMETER_VALUE(0.)),(#9828,
    PARAMETER_VALUE(18.)),.T.,.PARAMETER.);
#9823 = LINE('',#9824,#9825);
#9824 = CARTESIAN_POINT('',(5.,248.3,124.1));
#9825 = VECTOR('',#9826,1.);
#9826 = DIRECTION('',(1.,0.,0.));
#9827 = CARTESIAN_POINT('',(5.,248.3,124.1));
#9828 = CARTESIAN_POINT('',(23.,248.3,124.1));
#9829 = GEOMETRIC_CURVE_SET('',(#9830));
#9830 = TRIMMED_CURVE('',#9831,(#9835,PARAMETER_VALUE(0.)),(#9836,
    PARAMETER_VALUE(18.)),.T.,.PARAMETER.);
#9831 = LINE('',#9832,#9833);
#9832 = CARTESIAN_POINT('',(5.,273.7,120.925));
#9833 = VECTOR('',#9834,1.);
#9834 = DIRECTION('',(1.,0.,0.));
#9835 = CARTESIAN_POINT('',(5.,273.7,120.925));
#9836 = CARTESIAN_POINT('',(23.,273.7,120.925));
#9837 = GEOMETRIC_CURVE_SET('',(#9838));
#9838 = TRIMMED_CURVE('',#9839,(#9843,PARAMETER_VALUE(0.)),(#9844,
    PARAMETER_VALUE(18.)),.T.,.PARAMETER.);
#9839 = LINE('',#9840,#9841);
#9840 = CARTESIAN_POINT('',(5.,273.7,124.1));
#9841 = VECTOR('',#9842,1.);
#9842 = DIRECTION('',(1.,0.,0.));
#9843 = CARTESIAN_POINT('',(5.,273.7,124.1));
#9844 = CARTESIAN_POINT('',(23.,273.7,124.1));
#9845 = GEOMETRIC_CURVE_SET('',(#9846));
#9846 = TRIMMED_CURVE('',#9847,(#9851,PARAMETER_VALUE(0.)),(#9852,
    PARAMETER_VALUE(31.75)),.T.,.PARAMETER.);
#9847 = LINE('',#9848,#9849);
#9848 = CARTESIAN_POINT('',(5.,248.3,89.175));
#9849 = VECTOR('',#9850,1.);
#9850 = DIRECTION('',(0.,0.,1.));
#9851 = CARTESIAN_POINT('',(5.,248.3,89.175));
#9852 = CARTESIAN_POINT('',(5.,248.3,120.925));
#9853 = GEOMETRIC_CURVE_SET('',(#9854));
#9854 = TRIMMED_CURVE('',#9855,(#9859,PARAMETER_VALUE(0.)),(#9860,
    PARAMETER_VALUE(3.175)),.T.,.PARAMETER.);
#9855 = LINE('',#9856,#9857);
#9856 = CARTESIAN_POINT('',(5.,248.3,120.925));
#9857 = VECTOR('',#9858,1.);
#9858 = DIRECTION('',(0.,1.,0.));
#9859 = CARTESIAN_POINT('',(5.,248.3,120.925));
#9860 = CARTESIAN_POINT('',(5.,251.475,120.925));
#9861 = GEOMETRIC_CURVE_SET('',(#9862));
#9862 = TRIMMED_CURVE('',#9863,(#9867,PARAMETER_VALUE(0.)),(#9868,
    PARAMETER_VALUE(31.75)),.T.,.PARAMETER.);
#9863 = LINE('',#9864,#9865);
#9864 = CARTESIAN_POINT('',(5.,251.475,89.175));
#9865 = VECTOR('',#9866,1.);
#9866 = DIRECTION('',(0.,0.,1.));
#9867 = CARTESIAN_POINT('',(5.,251.475,89.175));
#9868 = CARTESIAN_POINT('',(5.,251.475,120.925));
#9869 = GEOMETRIC_CURVE_SET('',(#9870));
#9870 = TRIMMED_CURVE('',#9871,(#9875,PARAMETER_VALUE(0.)),(#9876,
    PARAMETER_VALUE(3.175)),.T.,.PARAMETER.);
#9871 = LINE('',#9872,#9873);
#9872 = CARTESIAN_POINT('',(5.,248.3,89.175));
#9873 = VECTOR('',#9874,1.);
#9874 = DIRECTION('',(0.,1.,0.));
#9875 = CARTESIAN_POINT('',(5.,248.3,89.175));
#9876 = CARTESIAN_POINT('',(5.,251.475,89.175));
#9877 = GEOMETRIC_CURVE_SET('',(#9878));
#9878 = TRIMMED_CURVE('',#9879,(#9883,PARAMETER_VALUE(0.)),(#9884,
    PARAMETER_VALUE(31.75)),.T.,.PARAMETER.);
#9879 = LINE('',#9880,#9881);
#9880 = CARTESIAN_POINT('',(23.,248.3,89.175));
#9881 = VECTOR('',#9882,1.);
#9882 = DIRECTION('',(0.,0.,1.));
#9883 = CARTESIAN_POINT('',(23.,248.3,89.175));
#9884 = CARTESIAN_POINT('',(23.,248.3,120.925));
#9885 = GEOMETRIC_CURVE_SET('',(#9886));
#9886 = TRIMMED_CURVE('',#9887,(#9891,PARAMETER_VALUE(0.)),(#9892,
    PARAMETER_VALUE(3.175)),.T.,.PARAMETER.);
#9887 = LINE('',#9888,#9889);
#9888 = CARTESIAN_POINT('',(23.,248.3,120.925));
#9889 = VECTOR('',#9890,1.);
#9890 = DIRECTION('',(0.,1.,0.));
#9891 = CARTESIAN_POINT('',(23.,248.3,120.925));
#9892 = CARTESIAN_POINT('',(23.,251.475,120.925));
#9893 = GEOMETRIC_CURVE_SET('',(#9894));
#9894 = TRIMMED_CURVE('',#9895,(#9899,PARAMETER_VALUE(0.)),(#9900,
    PARAMETER_VALUE(31.75)),.T.,.PARAMETER.);
#9895 = LINE('',#9896,#9897);
#9896 = CARTESIAN_POINT('',(23.,251.475,89.175));
#9897 = VECTOR('',#9898,1.);
#9898 = DIRECTION('',(0.,0.,1.));
#9899 = CARTESIAN_POINT('',(23.,251.475,89.175));
#9900 = CARTESIAN_POINT('',(23.,251.475,120.925));
#9901 = GEOMETRIC_CURVE_SET('',(#9902));
#9902 = TRIMMED_CURVE('',#9903,(#9907,PARAMETER_VALUE(0.)),(#9908,
    PARAMETER_VALUE(3.175)),.T.,.PARAMETER.);
#9903 = LINE('',#9904,#9905);
#9904 = CARTESIAN_POINT('',(23.,248.3,89.175));
#9905 = VECTOR('',#9906,1.);
#9906 = DIRECTION('',(0.,1.,0.));
#9907 = CARTESIAN_POINT('',(23.,248.3,89.175));
#9908 = CARTESIAN_POINT('',(23.,251.475,89.175));
#9909 = GEOMETRIC_CURVE_SET('',(#9910));
#9910 = TRIMMED_CURVE('',#9911,(#9915,PARAMETER_VALUE(0.)),(#9916,
    PARAMETER_VALUE(18.)),.T.,.PARAMETER.);
#9911 = LINE('',#9912,#9913);
#9912 = CARTESIAN_POINT('',(5.,248.3,89.175));
#9913 = VECTOR('',#9914,1.);
#9914 = DIRECTION('',(1.,0.,0.));
#9915 = CARTESIAN_POINT('',(5.,248.3,89.175));
#9916 = CARTESIAN_POINT('',(23.,248.3,89.175));
#9917 = GEOMETRIC_CURVE_SET('',(#9918));
#9918 = TRIMMED_CURVE('',#9919,(#9923,PARAMETER_VALUE(0.)),(#9924,
    PARAMETER_VALUE(18.)),.T.,.PARAMETER.);
#9919 = LINE('',#9920,#9921);
#9920 = CARTESIAN_POINT('',(5.,248.3,120.925));
#9921 = VECTOR('',#9922,1.);
#9922 = DIRECTION('',(1.,0.,0.));
#9923 = CARTESIAN_POINT('',(5.,248.3,120.925));
#9924 = CARTESIAN_POINT('',(23.,248.3,120.925));
#9925 = GEOMETRIC_CURVE_SET('',(#9926));
#9926 = TRIMMED_CURVE('',#9927,(#9931,PARAMETER_VALUE(0.)),(#9932,
    PARAMETER_VALUE(18.)),.T.,.PARAMETER.);
#9927 = LINE('',#9928,#9929);
#9928 = CARTESIAN_POINT('',(5.,251.475,89.175));
#9929 = VECTOR('',#9930,1.);
#9930 = DIRECTION('',(1.,0.,0.));
#9931 = CARTESIAN_POINT('',(5.,251.475,89.175));
#9932 = CARTESIAN_POINT('',(23.,251.475,89.175));
#9933 = GEOMETRIC_CURVE_SET('',(#9934));
#9934 = TRIMMED_CURVE('',#9935,(#9939,PARAMETER_VALUE(0.)),(#9940,
    PARAMETER_VALUE(18.)),.T.,.PARAMETER.);
#9935 = LINE('',#9936,#9937);
#9936 = CARTESIAN_POINT('',(5.,251.475,120.925));
#9937 = VECTOR('',#9938,1.);
#9938 = DIRECTION('',(1.,0.,0.));
#9939 = CARTESIAN_POINT('',(5.,251.475,120.925));
#9940 = CARTESIAN_POINT('',(23.,251.475,120.925));
#9941 = GEOMETRIC_CURVE_SET('',(#9942));
#9942 = TRIMMED_CURVE('',#9943,(#9947,PARAMETER_VALUE(0.)),(#9948,
    PARAMETER_VALUE(31.75)),.T.,.PARAMETER.);
#9943 = LINE('',#9944,#9945);
#9944 = CARTESIAN_POINT('',(5.,270.525,89.175));
#9945 = VECTOR('',#9946,1.);
#9946 = DIRECTION('',(0.,0.,1.));
#9947 = CARTESIAN_POINT('',(5.,270.525,89.175));
#9948 = CARTESIAN_POINT('',(5.,270.525,120.925));
#9949 = GEOMETRIC_CURVE_SET('',(#9950));
#9950 = TRIMMED_CURVE('',#9951,(#9955,PARAMETER_VALUE(0.)),(#9956,
    PARAMETER_VALUE(3.175)),.T.,.PARAMETER.);
#9951 = LINE('',#9952,#9953);
#9952 = CARTESIAN_POINT('',(5.,270.525,120.925));
#9953 = VECTOR('',#9954,1.);
#9954 = DIRECTION('',(0.,1.,0.));
#9955 = CARTESIAN_POINT('',(5.,270.525,120.925));
#9956 = CARTESIAN_POINT('',(5.,273.7,120.925));
#9957 = GEOMETRIC_CURVE_SET('',(#9958));
#9958 = TRIMMED_CURVE('',#9959,(#9963,PARAMETER_VALUE(0.)),(#9964,
    PARAMETER_VALUE(31.75)),.T.,.PARAMETER.);
#9959 = LINE('',#9960,#9961);
#9960 = CARTESIAN_POINT('',(5.,273.7,89.175));
#9961 = VECTOR('',#9962,1.);
#9962 = DIRECTION('',(0.,0.,1.));
#9963 = CARTESIAN_POINT('',(5.,273.7,89.175));
#9964 = CARTESIAN_POINT('',(5.,273.7,120.925));
#9965 = GEOMETRIC_CURVE_SET('',(#9966));
#9966 = TRIMMED_CURVE('',#9967,(#9971,PARAMETER_VALUE(0.)),(#9972,
    PARAMETER_VALUE(3.175)),.T.,.PARAMETER.);
#9967 = LINE('',#9968,#9969);
#9968 = CARTESIAN_POINT('',(5.,270.525,89.175));
#9969 = VECTOR('',#9970,1.);
#9970 = DIRECTION('',(0.,1.,0.));
#9971 = CARTESIAN_POINT('',(5.,270.525,89.175));
#9972 = CARTESIAN_POINT('',(5.,273.7,89.175));
#9973 = GEOMETRIC_CURVE_SET('',(#9974));
#9974 = TRIMMED_CURVE('',#9975,(#9979,PARAMETER_VALUE(0.)),(#9980,
    PARAMETER_VALUE(31.75)),.T.,.PARAMETER.);
#9975 = LINE('',#9976,#9977);
#9976 = CARTESIAN_POINT('',(23.,270.525,89.175));
#9977 = VECTOR('',#9978,1.);
#9978 = DIRECTION('',(0.,0.,1.));
#9979 = CARTESIAN_POINT('',(23.,270.525,89.175));
#9980 = CARTESIAN_POINT('',(23.,270.525,120.925));
#9981 = GEOMETRIC_CURVE_SET('',(#9982));
#9982 = TRIMMED_CURVE('',#9983,(#9987,PARAMETER_VALUE(0.)),(#9988,
    PARAMETER_VALUE(3.175)),.T.,.PARAMETER.);
#9983 = LINE('',#9984,#9985);
#9984 = CARTESIAN_POINT('',(23.,270.525,120.925));
#9985 = VECTOR('',#9986,1.);
#9986 = DIRECTION('',(0.,1.,0.));
#9987 = CARTESIAN_POINT('',(23.,270.525,120.925));
#9988 = CARTESIAN_POINT('',(23.,273.7,120.925));
#9989 = GEOMETRIC_CURVE_SET('',(#9990));
#9990 = TRIMMED_CURVE('',#9991,(#9995,PARAMETER_VALUE(0.)),(#9996,
    PARAMETER_VALUE(31.75)),.T.,.PARAMETER.);
#9991 = LINE('',#9992,#9993);
#9992 = CARTESIAN_POINT('',(23.,273.7,89.175));
#9993 = VECTOR('',#9994,1.);
#9994 = DIRECTION('',(0.,0.,1.));
#9995 = CARTESIAN_POINT('',(23.,273.7,89.175));
#9996 = CARTESIAN_POINT('',(23.,273.7,120.925));
#9997 = GEOMETRIC_CURVE_SET('',(#9998));
#9998 = TRIMMED_CURVE('',#9999,(#10003,PARAMETER_VALUE(0.)),(#10004,
    PARAMETER_VALUE(3.175)),.T.,.PARAMETER.);
#9999 = LINE('',#10000,#10001);
#10000 = CARTESIAN_POINT('',(23.,270.525,89.175));
#10001 = VECTOR('',#10002,1.);
#10002 = DIRECTION('',(0.,1.,0.));
#10003 = CARTESIAN_POINT('',(23.,270.525,89.175));
#10004 = CARTESIAN_POINT('',(23.,273.7,89.175));
#10005 = GEOMETRIC_CURVE_SET('',(#10006));
#10006 = TRIMMED_CURVE('',#10007,(#10011,PARAMETER_VALUE(0.)),(#10012,
    PARAMETER_VALUE(18.)),.T.,.PARAMETER.);
#10007 = LINE('',#10008,#10009);
#10008 = CARTESIAN_POINT('',(5.,270.525,89.175));
#10009 = VECTOR('',#10010,1.);
#10010 = DIRECTION('',(1.,0.,0.));
#10011 = CARTESIAN_POINT('',(5.,270.525,89.175));
#10012 = CARTESIAN_POINT('',(23.,270.525,89.175));
#10013 = GEOMETRIC_CURVE_SET('',(#10014));
#10014 = TRIMMED_CURVE('',#10015,(#10019,PARAMETER_VALUE(0.)),(#10020,
    PARAMETER_VALUE(18.)),.T.,.PARAMETER.);
#10015 = LINE('',#10016,#10017);
#10016 = CARTESIAN_POINT('',(5.,270.525,120.925));
#10017 = VECTOR('',#10018,1.);
#10018 = DIRECTION('',(1.,0.,0.));
#10019 = CARTESIAN_POINT('',(5.,270.525,120.925));
#10020 = CARTESIAN_POINT('',(23.,270.525,120.925));
#10021 = GEOMETRIC_CURVE_SET('',(#10022));
#10022 = TRIMMED_CURVE('',#10023,(#10027,PARAMETER_VALUE(0.)),(#10028,
    PARAMETER_VALUE(18.)),.T.,.PARAMETER.);
#10023 = LINE('',#10024,#10025);
#10024 = CARTESIAN_POINT('',(5.,273.7,89.175));
#10025 = VECTOR('',#10026,1.);
#10026 = DIRECTION('',(1.,0.,0.));
#10027 = CARTESIAN_POINT('',(5.,273.7,89.175));
#10028 = CARTESIAN_POINT('',(23.,273.7,89.175));
#10029 = GEOMETRIC_CURVE_SET('',(#10030));
#10030 = TRIMMED_CURVE('',#10031,(#10035,PARAMETER_VALUE(0.)),(#10036,
    PARAMETER_VALUE(18.)),.T.,.PARAMETER.);
#10031 = LINE('',#10032,#10033);
#10032 = CARTESIAN_POINT('',(5.,273.7,120.925));
#10033 = VECTOR('',#10034,1.);
#10034 = DIRECTION('',(1.,0.,0.));
#10035 = CARTESIAN_POINT('',(5.,273.7,120.925));
#10036 = CARTESIAN_POINT('',(23.,273.7,120.925));
#10037 = GEOMETRIC_CURVE_SET('',(#10038));
#10038 = TRIMMED_CURVE('',#10039,(#10043,PARAMETER_VALUE(0.)),(#10044,
    PARAMETER_VALUE(2.)),.T.,.PARAMETER.);
#10039 = LINE('',#10040,#10041);
#10040 = CARTESIAN_POINT('',(5.,255.,89.175));
#10041 = VECTOR('',#10042,1.);
#10042 = DIRECTION('',(0.,0.,1.));
#10043 = CARTESIAN_POINT('',(5.,255.,89.175));
#10044 = CARTESIAN_POINT('',(5.,255.,91.175));
#10045 = GEOMETRIC_CURVE_SET('',(#10046));
#10046 = TRIMMED_CURVE('',#10047,(#10051,PARAMETER_VALUE(0.)),(#10052,
    PARAMETER_VALUE(12.)),.T.,.PARAMETER.);
#10047 = LINE('',#10048,#10049);
#10048 = CARTESIAN_POINT('',(5.,255.,91.175));
#10049 = VECTOR('',#10050,1.);
#10050 = DIRECTION('',(0.,1.,0.));
#10051 = CARTESIAN_POINT('',(5.,255.,91.175));
#10052 = CARTESIAN_POINT('',(5.,267.,91.175));
#10053 = GEOMETRIC_CURVE_SET('',(#10054));
#10054 = TRIMMED_CURVE('',#10055,(#10059,PARAMETER_VALUE(0.)),(#10060,
    PARAMETER_VALUE(2.)),.T.,.PARAMETER.);
#10055 = LINE('',#10056,#10057);
#10056 = CARTESIAN_POINT('',(5.,267.,89.175));
#10057 = VECTOR('',#10058,1.);
#10058 = DIRECTION('',(0.,0.,1.));
#10059 = CARTESIAN_POINT('',(5.,267.,89.175));
#10060 = CARTESIAN_POINT('',(5.,267.,91.175));
#10061 = GEOMETRIC_CURVE_SET('',(#10062));
#10062 = TRIMMED_CURVE('',#10063,(#10067,PARAMETER_VALUE(0.)),(#10068,
    PARAMETER_VALUE(12.)),.T.,.PARAMETER.);
#10063 = LINE('',#10064,#10065);
#10064 = CARTESIAN_POINT('',(5.,255.,89.175));
#10065 = VECTOR('',#10066,1.);
#10066 = DIRECTION('',(0.,1.,0.));
#10067 = CARTESIAN_POINT('',(5.,255.,89.175));
#10068 = CARTESIAN_POINT('',(5.,267.,89.175));
#10069 = GEOMETRIC_CURVE_SET('',(#10070));
#10070 = TRIMMED_CURVE('',#10071,(#10075,PARAMETER_VALUE(0.)),(#10076,
    PARAMETER_VALUE(2.)),.T.,.PARAMETER.);
#10071 = LINE('',#10072,#10073);
#10072 = CARTESIAN_POINT('',(23.,255.,89.175));
#10073 = VECTOR('',#10074,1.);
#10074 = DIRECTION('',(0.,0.,1.));
#10075 = CARTESIAN_POINT('',(23.,255.,89.175));
#10076 = CARTESIAN_POINT('',(23.,255.,91.175));
#10077 = GEOMETRIC_CURVE_SET('',(#10078));
#10078 = TRIMMED_CURVE('',#10079,(#10083,PARAMETER_VALUE(0.)),(#10084,
    PARAMETER_VALUE(12.)),.T.,.PARAMETER.);
#10079 = LINE('',#10080,#10081);
#10080 = CARTESIAN_POINT('',(23.,255.,91.175));
#10081 = VECTOR('',#10082,1.);
#10082 = DIRECTION('',(0.,1.,0.));
#10083 = CARTESIAN_POINT('',(23.,255.,91.175));
#10084 = CARTESIAN_POINT('',(23.,267.,91.175));
#10085 = GEOMETRIC_CURVE_SET('',(#10086));
#10086 = TRIMMED_CURVE('',#10087,(#10091,PARAMETER_VALUE(0.)),(#10092,
    PARAMETER_VALUE(2.)),.T.,.PARAMETER.);
#10087 = LINE('',#10088,#10089);
#10088 = CARTESIAN_POINT('',(23.,267.,89.175));
#10089 = VECTOR('',#10090,1.);
#10090 = DIRECTION('',(0.,0.,1.));
#10091 = CARTESIAN_POINT('',(23.,267.,89.175));
#10092 = CARTESIAN_POINT('',(23.,267.,91.175));
#10093 = GEOMETRIC_CURVE_SET('',(#10094));
#10094 = TRIMMED_CURVE('',#10095,(#10099,PARAMETER_VALUE(0.)),(#10100,
    PARAMETER_VALUE(12.)),.T.,.PARAMETER.);
#10095 = LINE('',#10096,#10097);
#10096 = CARTESIAN_POINT('',(23.,255.,89.175));
#10097 = VECTOR('',#10098,1.);
#10098 = DIRECTION('',(0.,1.,0.));
#10099 = CARTESIAN_POINT('',(23.,255.,89.175));
#10100 = CARTESIAN_POINT('',(23.,267.,89.175));
#10101 = GEOMETRIC_CURVE_SET('',(#10102));
#10102 = TRIMMED_CURVE('',#10103,(#10107,PARAMETER_VALUE(0.)),(#10108,
    PARAMETER_VALUE(18.)),.T.,.PARAMETER.);
#10103 = LINE('',#10104,#10105);
#10104 = CARTESIAN_POINT('',(5.,255.,89.175));
#10105 = VECTOR('',#10106,1.);
#10106 = DIRECTION('',(1.,0.,0.));
#10107 = CARTESIAN_POINT('',(5.,255.,89.175));
#10108 = CARTESIAN_POINT('',(23.,255.,89.175));
#10109 = GEOMETRIC_CURVE_SET('',(#10110));
#10110 = TRIMMED_CURVE('',#10111,(#10115,PARAMETER_VALUE(0.)),(#10116,
    PARAMETER_VALUE(18.)),.T.,.PARAMETER.);
#10111 = LINE('',#10112,#10113);
#10112 = CARTESIAN_POINT('',(5.,255.,91.175));
#10113 = VECTOR('',#10114,1.);
#10114 = DIRECTION('',(1.,0.,0.));
#10115 = CARTESIAN_POINT('',(5.,255.,91.175));
#10116 = CARTESIAN_POINT('',(23.,255.,91.175));
#10117 = GEOMETRIC_CURVE_SET('',(#10118));
#10118 = TRIMMED_CURVE('',#10119,(#10123,PARAMETER_VALUE(0.)),(#10124,
    PARAMETER_VALUE(18.)),.T.,.PARAMETER.);
#10119 = LINE('',#10120,#10121);
#10120 = CARTESIAN_POINT('',(5.,267.,89.175));
#10121 = VECTOR('',#10122,1.);
#10122 = DIRECTION('',(1.,0.,0.));
#10123 = CARTESIAN_POINT('',(5.,267.,89.175));
#10124 = CARTESIAN_POINT('',(23.,267.,89.175));
#10125 = GEOMETRIC_CURVE_SET('',(#10126));
#10126 = TRIMMED_CURVE('',#10127,(#10131,PARAMETER_VALUE(0.)),(#10132,
    PARAMETER_VALUE(18.)),.T.,.PARAMETER.);
#10127 = LINE('',#10128,#10129);
#10128 = CARTESIAN_POINT('',(5.,267.,91.175));
#10129 = VECTOR('',#10130,1.);
#10130 = DIRECTION('',(1.,0.,0.));
#10131 = CARTESIAN_POINT('',(5.,267.,91.175));
#10132 = CARTESIAN_POINT('',(23.,267.,91.175));
#10133 = GEOMETRIC_CURVE_SET('',(#10134));
#10134 = TRIMMED_CURVE('',#10135,(#10139,PARAMETER_VALUE(0.)),(#10140,
    PARAMETER_VALUE(2.)),.T.,.PARAMETER.);
#10135 = LINE('',#10136,#10137);
#10136 = CARTESIAN_POINT('',(5.,255.,118.925));
#10137 = VECTOR('',#10138,1.);
#10138 = DIRECTION('',(0.,0.,1.));
#10139 = CARTESIAN_POINT('',(5.,255.,118.925));
#10140 = CARTESIAN_POINT('',(5.,255.,120.925));
#10141 = GEOMETRIC_CURVE_SET('',(#10142));
#10142 = TRIMMED_CURVE('',#10143,(#10147,PARAMETER_VALUE(0.)),(#10148,
    PARAMETER_VALUE(12.)),.T.,.PARAMETER.);
#10143 = LINE('',#10144,#10145);
#10144 = CARTESIAN_POINT('',(5.,255.,120.925));
#10145 = VECTOR('',#10146,1.);
#10146 = DIRECTION('',(0.,1.,0.));
#10147 = CARTESIAN_POINT('',(5.,255.,120.925));
#10148 = CARTESIAN_POINT('',(5.,267.,120.925));
#10149 = GEOMETRIC_CURVE_SET('',(#10150));
#10150 = TRIMMED_CURVE('',#10151,(#10155,PARAMETER_VALUE(0.)),(#10156,
    PARAMETER_VALUE(2.)),.T.,.PARAMETER.);
#10151 = LINE('',#10152,#10153);
#10152 = CARTESIAN_POINT('',(5.,267.,118.925));
#10153 = VECTOR('',#10154,1.);
#10154 = DIRECTION('',(0.,0.,1.));
#10155 = CARTESIAN_POINT('',(5.,267.,118.925));
#10156 = CARTESIAN_POINT('',(5.,267.,120.925));
#10157 = GEOMETRIC_CURVE_SET('',(#10158));
#10158 = TRIMMED_CURVE('',#10159,(#10163,PARAMETER_VALUE(0.)),(#10164,
    PARAMETER_VALUE(12.)),.T.,.PARAMETER.);
#10159 = LINE('',#10160,#10161);
#10160 = CARTESIAN_POINT('',(5.,255.,118.925));
#10161 = VECTOR('',#10162,1.);
#10162 = DIRECTION('',(0.,1.,0.));
#10163 = CARTESIAN_POINT('',(5.,255.,118.925));
#10164 = CARTESIAN_POINT('',(5.,267.,118.925));
#10165 = GEOMETRIC_CURVE_SET('',(#10166));
#10166 = TRIMMED_CURVE('',#10167,(#10171,PARAMETER_VALUE(0.)),(#10172,
    PARAMETER_VALUE(2.)),.T.,.PARAMETER.);
#10167 = LINE('',#10168,#10169);
#10168 = CARTESIAN_POINT('',(23.,255.,118.925));
#10169 = VECTOR('',#10170,1.);
#10170 = DIRECTION('',(0.,0.,1.));
#10171 = CARTESIAN_POINT('',(23.,255.,118.925));
#10172 = CARTESIAN_POINT('',(23.,255.,120.925));
#10173 = GEOMETRIC_CURVE_SET('',(#10174));
#10174 = TRIMMED_CURVE('',#10175,(#10179,PARAMETER_VALUE(0.)),(#10180,
    PARAMETER_VALUE(12.)),.T.,.PARAMETER.);
#10175 = LINE('',#10176,#10177);
#10176 = CARTESIAN_POINT('',(23.,255.,120.925));
#10177 = VECTOR('',#10178,1.);
#10178 = DIRECTION('',(0.,1.,0.));
#10179 = CARTESIAN_POINT('',(23.,255.,120.925));
#10180 = CARTESIAN_POINT('',(23.,267.,120.925));
#10181 = GEOMETRIC_CURVE_SET('',(#10182));
#10182 = TRIMMED_CURVE('',#10183,(#10187,PARAMETER_VALUE(0.)),(#10188,
    PARAMETER_VALUE(2.)),.T.,.PARAMETER.);
#10183 = LINE('',#10184,#10185);
#10184 = CARTESIAN_POINT('',(23.,267.,118.925));
#10185 = VECTOR('',#10186,1.);
#10186 = DIRECTION('',(0.,0.,1.));
#10187 = CARTESIAN_POINT('',(23.,267.,118.925));
#10188 = CARTESIAN_POINT('',(23.,267.,120.925));
#10189 = GEOMETRIC_CURVE_SET('',(#10190));
#10190 = TRIMMED_CURVE('',#10191,(#10195,PARAMETER_VALUE(0.)),(#10196,
    PARAMETER_VALUE(12.)),.T.,.PARAMETER.);
#10191 = LINE('',#10192,#10193);
#10192 = CARTESIAN_POINT('',(23.,255.,118.925));
#10193 = VECTOR('',#10194,1.);
#10194 = DIRECTION('',(0.,1.,0.));
#10195 = CARTESIAN_POINT('',(23.,255.,118.925));
#10196 = CARTESIAN_POINT('',(23.,267.,118.925));
#10197 = GEOMETRIC_CURVE_SET('',(#10198));
#10198 = TRIMMED_CURVE('',#10199,(#10203,PARAMETER_VALUE(0.)),(#10204,
    PARAMETER_VALUE(18.)),.T.,.PARAMETER.);
#10199 = LINE('',#10200,#10201);
#10200 = CARTESIAN_POINT('',(5.,255.,118.925));
#10201 = VECTOR('',#10202,1.);
#10202 = DIRECTION('',(1.,0.,0.));
#10203 = CARTESIAN_POINT('',(5.,255.,118.925));
#10204 = CARTESIAN_POINT('',(23.,255.,118.925));
#10205 = GEOMETRIC_CURVE_SET('',(#10206));
#10206 = TRIMMED_CURVE('',#10207,(#10211,PARAMETER_VALUE(0.)),(#10212,
    PARAMETER_VALUE(18.)),.T.,.PARAMETER.);
#10207 = LINE('',#10208,#10209);
#10208 = CARTESIAN_POINT('',(5.,255.,120.925));
#10209 = VECTOR('',#10210,1.);
#10210 = DIRECTION('',(1.,0.,0.));
#10211 = CARTESIAN_POINT('',(5.,255.,120.925));
#10212 = CARTESIAN_POINT('',(23.,255.,120.925));
#10213 = GEOMETRIC_CURVE_SET('',(#10214));
#10214 = TRIMMED_CURVE('',#10215,(#10219,PARAMETER_VALUE(0.)),(#10220,
    PARAMETER_VALUE(18.)),.T.,.PARAMETER.);
#10215 = LINE('',#10216,#10217);
#10216 = CARTESIAN_POINT('',(5.,267.,118.925));
#10217 = VECTOR('',#10218,1.);
#10218 = DIRECTION('',(1.,0.,0.));
#10219 = CARTESIAN_POINT('',(5.,267.,118.925));
#10220 = CARTESIAN_POINT('',(23.,267.,118.925));
#10221 = GEOMETRIC_CURVE_SET('',(#10222));
#10222 = TRIMMED_CURVE('',#10223,(#10227,PARAMETER_VALUE(0.)),(#10228,
    PARAMETER_VALUE(18.)),.T.,.PARAMETER.);
#10223 = LINE('',#10224,#10225);
#10224 = CARTESIAN_POINT('',(5.,267.,120.925));
#10225 = VECTOR('',#10226,1.);
#10226 = DIRECTION('',(1.,0.,0.));
#10227 = CARTESIAN_POINT('',(5.,267.,120.925));
#10228 = CARTESIAN_POINT('',(23.,267.,120.925));
#10229 = GEOMETRIC_CURVE_SET('',(#10230));
#10230 = TRIMMED_CURVE('',#10231,(#10235,PARAMETER_VALUE(0.)),(#10236,
    PARAMETER_VALUE(2.)),.T.,.PARAMETER.);
#10231 = LINE('',#10232,#10233);
#10232 = CARTESIAN_POINT('',(8.,252.,91.675));
#10233 = VECTOR('',#10234,1.);
#10234 = DIRECTION('',(0.,0.,1.));
#10235 = CARTESIAN_POINT('',(8.,252.,91.675));
#10236 = CARTESIAN_POINT('',(8.,252.,93.675));
#10237 = GEOMETRIC_CURVE_SET('',(#10238));
#10238 = TRIMMED_CURVE('',#10239,(#10243,PARAMETER_VALUE(0.)),(#10244,
    PARAMETER_VALUE(18.)),.T.,.PARAMETER.);
#10239 = LINE('',#10240,#10241);
#10240 = CARTESIAN_POINT('',(8.,252.,93.675));
#10241 = VECTOR('',#10242,1.);
#10242 = DIRECTION('',(0.,1.,0.));
#10243 = CARTESIAN_POINT('',(8.,252.,93.675));
#10244 = CARTESIAN_POINT('',(8.,270.,93.675));
#10245 = GEOMETRIC_CURVE_SET('',(#10246));
#10246 = TRIMMED_CURVE('',#10247,(#10251,PARAMETER_VALUE(0.)),(#10252,
    PARAMETER_VALUE(2.)),.T.,.PARAMETER.);
#10247 = LINE('',#10248,#10249);
#10248 = CARTESIAN_POINT('',(8.,270.,91.675));
#10249 = VECTOR('',#10250,1.);
#10250 = DIRECTION('',(0.,0.,1.));
#10251 = CARTESIAN_POINT('',(8.,270.,91.675));
#10252 = CARTESIAN_POINT('',(8.,270.,93.675));
#10253 = GEOMETRIC_CURVE_SET('',(#10254));
#10254 = TRIMMED_CURVE('',#10255,(#10259,PARAMETER_VALUE(0.)),(#10260,
    PARAMETER_VALUE(18.)),.T.,.PARAMETER.);
#10255 = LINE('',#10256,#10257);
#10256 = CARTESIAN_POINT('',(8.,252.,91.675));
#10257 = VECTOR('',#10258,1.);
#10258 = DIRECTION('',(0.,1.,0.));
#10259 = CARTESIAN_POINT('',(8.,252.,91.675));
#10260 = CARTESIAN_POINT('',(8.,270.,91.675));
#10261 = GEOMETRIC_CURVE_SET('',(#10262));
#10262 = TRIMMED_CURVE('',#10263,(#10267,PARAMETER_VALUE(0.)),(#10268,
    PARAMETER_VALUE(2.)),.T.,.PARAMETER.);
#10263 = LINE('',#10264,#10265);
#10264 = CARTESIAN_POINT('',(28.,252.,91.675));
#10265 = VECTOR('',#10266,1.);
#10266 = DIRECTION('',(0.,0.,1.));
#10267 = CARTESIAN_POINT('',(28.,252.,91.675));
#10268 = CARTESIAN_POINT('',(28.,252.,93.675));
#10269 = GEOMETRIC_CURVE_SET('',(#10270));
#10270 = TRIMMED_CURVE('',#10271,(#10275,PARAMETER_VALUE(0.)),(#10276,
    PARAMETER_VALUE(18.)),.T.,.PARAMETER.);
#10271 = LINE('',#10272,#10273);
#10272 = CARTESIAN_POINT('',(28.,252.,93.675));
#10273 = VECTOR('',#10274,1.);
#10274 = DIRECTION('',(0.,1.,0.));
#10275 = CARTESIAN_POINT('',(28.,252.,93.675));
#10276 = CARTESIAN_POINT('',(28.,270.,93.675));
#10277 = GEOMETRIC_CURVE_SET('',(#10278));
#10278 = TRIMMED_CURVE('',#10279,(#10283,PARAMETER_VALUE(0.)),(#10284,
    PARAMETER_VALUE(2.)),.T.,.PARAMETER.);
#10279 = LINE('',#10280,#10281);
#10280 = CARTESIAN_POINT('',(28.,270.,91.675));
#10281 = VECTOR('',#10282,1.);
#10282 = DIRECTION('',(0.,0.,1.));
#10283 = CARTESIAN_POINT('',(28.,270.,91.675));
#10284 = CARTESIAN_POINT('',(28.,270.,93.675));
#10285 = GEOMETRIC_CURVE_SET('',(#10286));
#10286 = TRIMMED_CURVE('',#10287,(#10291,PARAMETER_VALUE(0.)),(#10292,
    PARAMETER_VALUE(18.)),.T.,.PARAMETER.);
#10287 = LINE('',#10288,#10289);
#10288 = CARTESIAN_POINT('',(28.,252.,91.675));
#10289 = VECTOR('',#10290,1.);
#10290 = DIRECTION('',(0.,1.,0.));
#10291 = CARTESIAN_POINT('',(28.,252.,91.675));
#10292 = CARTESIAN_POINT('',(28.,270.,91.675));
#10293 = GEOMETRIC_CURVE_SET('',(#10294));
#10294 = TRIMMED_CURVE('',#10295,(#10299,PARAMETER_VALUE(0.)),(#10300,
    PARAMETER_VALUE(20.)),.T.,.PARAMETER.);
#10295 = LINE('',#10296,#10297);
#10296 = CARTESIAN_POINT('',(8.,252.,91.675));
#10297 = VECTOR('',#10298,1.);
#10298 = DIRECTION('',(1.,0.,0.));
#10299 = CARTESIAN_POINT('',(8.,252.,91.675));
#10300 = CARTESIAN_POINT('',(28.,252.,91.675));
#10301 = GEOMETRIC_CURVE_SET('',(#10302));
#10302 = TRIMMED_CURVE('',#10303,(#10307,PARAMETER_VALUE(0.)),(#10308,
    PARAMETER_VALUE(20.)),.T.,.PARAMETER.);
#10303 = LINE('',#10304,#10305);
#10304 = CARTESIAN_POINT('',(8.,252.,93.675));
#10305 = VECTOR('',#10306,1.);
#10306 = DIRECTION('',(1.,0.,0.));
#10307 = CARTESIAN_POINT('',(8.,252.,93.675));
#10308 = CARTESIAN_POINT('',(28.,252.,93.675));
#10309 = GEOMETRIC_CURVE_SET('',(#10310));
#10310 = TRIMMED_CURVE('',#10311,(#10315,PARAMETER_VALUE(0.)),(#10316,
    PARAMETER_VALUE(20.)),.T.,.PARAMETER.);
#10311 = LINE('',#10312,#10313);
#10312 = CARTESIAN_POINT('',(8.,270.,91.675));
#10313 = VECTOR('',#10314,1.);
#10314 = DIRECTION('',(1.,0.,0.));
#10315 = CARTESIAN_POINT('',(8.,270.,91.675));
#10316 = CARTESIAN_POINT('',(28.,270.,91.675));
#10317 = GEOMETRIC_CURVE_SET('',(#10318));
#10318 = TRIMMED_CURVE('',#10319,(#10323,PARAMETER_VALUE(0.)),(#10324,
    PARAMETER_VALUE(20.)),.T.,.PARAMETER.);
#10319 = LINE('',#10320,#10321);
#10320 = CARTESIAN_POINT('',(8.,270.,93.675));
#10321 = VECTOR('',#10322,1.);
#10322 = DIRECTION('',(1.,0.,0.));
#10323 = CARTESIAN_POINT('',(8.,270.,93.675));
#10324 = CARTESIAN_POINT('',(28.,270.,93.675));
#10325 = GEOMETRIC_CURVE_SET('',(#10326));
#10326 = TRIMMED_CURVE('',#10327,(#10331,PARAMETER_VALUE(0.)),(#10332,
    PARAMETER_VALUE(2.)),.T.,.PARAMETER.);
#10327 = LINE('',#10328,#10329);
#10328 = CARTESIAN_POINT('',(8.,252.,116.425));
#10329 = VECTOR('',#10330,1.);
#10330 = DIRECTION('',(0.,0.,1.));
#10331 = CARTESIAN_POINT('',(8.,252.,116.425));
#10332 = CARTESIAN_POINT('',(8.,252.,118.425));
#10333 = GEOMETRIC_CURVE_SET('',(#10334));
#10334 = TRIMMED_CURVE('',#10335,(#10339,PARAMETER_VALUE(0.)),(#10340,
    PARAMETER_VALUE(18.)),.T.,.PARAMETER.);
#10335 = LINE('',#10336,#10337);
#10336 = CARTESIAN_POINT('',(8.,252.,118.425));
#10337 = VECTOR('',#10338,1.);
#10338 = DIRECTION('',(0.,1.,0.));
#10339 = CARTESIAN_POINT('',(8.,252.,118.425));
#10340 = CARTESIAN_POINT('',(8.,270.,118.425));
#10341 = GEOMETRIC_CURVE_SET('',(#10342));
#10342 = TRIMMED_CURVE('',#10343,(#10347,PARAMETER_VALUE(0.)),(#10348,
    PARAMETER_VALUE(2.)),.T.,.PARAMETER.);
#10343 = LINE('',#10344,#10345);
#10344 = CARTESIAN_POINT('',(8.,270.,116.425));
#10345 = VECTOR('',#10346,1.);
#10346 = DIRECTION('',(0.,0.,1.));
#10347 = CARTESIAN_POINT('',(8.,270.,116.425));
#10348 = CARTESIAN_POINT('',(8.,270.,118.425));
#10349 = GEOMETRIC_CURVE_SET('',(#10350));
#10350 = TRIMMED_CURVE('',#10351,(#10355,PARAMETER_VALUE(0.)),(#10356,
    PARAMETER_VALUE(18.)),.T.,.PARAMETER.);
#10351 = LINE('',#10352,#10353);
#10352 = CARTESIAN_POINT('',(8.,252.,116.425));
#10353 = VECTOR('',#10354,1.);
#10354 = DIRECTION('',(0.,1.,0.));
#10355 = CARTESIAN_POINT('',(8.,252.,116.425));
#10356 = CARTESIAN_POINT('',(8.,270.,116.425));
#10357 = GEOMETRIC_CURVE_SET('',(#10358));
#10358 = TRIMMED_CURVE('',#10359,(#10363,PARAMETER_VALUE(0.)),(#10364,
    PARAMETER_VALUE(2.)),.T.,.PARAMETER.);
#10359 = LINE('',#10360,#10361);
#10360 = CARTESIAN_POINT('',(28.,252.,116.425));
#10361 = VECTOR('',#10362,1.);
#10362 = DIRECTION('',(0.,0.,1.));
#10363 = CARTESIAN_POINT('',(28.,252.,116.425));
#10364 = CARTESIAN_POINT('',(28.,252.,118.425));
#10365 = GEOMETRIC_CURVE_SET('',(#10366));
#10366 = TRIMMED_CURVE('',#10367,(#10371,PARAMETER_VALUE(0.)),(#10372,
    PARAMETER_VALUE(18.)),.T.,.PARAMETER.);
#10367 = LINE('',#10368,#10369);
#10368 = CARTESIAN_POINT('',(28.,252.,118.425));
#10369 = VECTOR('',#10370,1.);
#10370 = DIRECTION('',(0.,1.,0.));
#10371 = CARTESIAN_POINT('',(28.,252.,118.425));
#10372 = CARTESIAN_POINT('',(28.,270.,118.425));
#10373 = GEOMETRIC_CURVE_SET('',(#10374));
#10374 = TRIMMED_CURVE('',#10375,(#10379,PARAMETER_VALUE(0.)),(#10380,
    PARAMETER_VALUE(2.)),.T.,.PARAMETER.);
#10375 = LINE('',#10376,#10377);
#10376 = CARTESIAN_POINT('',(28.,270.,116.425));
#10377 = VECTOR('',#10378,1.);
#10378 = DIRECTION('',(0.,0.,1.));
#10379 = CARTESIAN_POINT('',(28.,270.,116.425));
#10380 = CARTESIAN_POINT('',(28.,270.,118.425));
#10381 = GEOMETRIC_CURVE_SET('',(#10382));
#10382 = TRIMMED_CURVE('',#10383,(#10387,PARAMETER_VALUE(0.)),(#10388,
    PARAMETER_VALUE(18.)),.T.,.PARAMETER.);
#10383 = LINE('',#10384,#10385);
#10384 = CARTESIAN_POINT('',(28.,252.,116.425));
#10385 = VECTOR('',#10386,1.);
#10386 = DIRECTION('',(0.,1.,0.));
#10387 = CARTESIAN_POINT('',(28.,252.,116.425));
#10388 = CARTESIAN_POINT('',(28.,270.,116.425));
#10389 = GEOMETRIC_CURVE_SET('',(#10390));
#10390 = TRIMMED_CURVE('',#10391,(#10395,PARAMETER_VALUE(0.)),(#10396,
    PARAMETER_VALUE(20.)),.T.,.PARAMETER.);
#10391 = LINE('',#10392,#10393);
#10392 = CARTESIAN_POINT('',(8.,252.,116.425));
#10393 = VECTOR('',#10394,1.);
#10394 = DIRECTION('',(1.,0.,0.));
#10395 = CARTESIAN_POINT('',(8.,252.,116.425));
#10396 = CARTESIAN_POINT('',(28.,252.,116.425));
#10397 = GEOMETRIC_CURVE_SET('',(#10398));
#10398 = TRIMMED_CURVE('',#10399,(#10403,PARAMETER_VALUE(0.)),(#10404,
    PARAMETER_VALUE(20.)),.T.,.PARAMETER.);
#10399 = LINE('',#10400,#10401);
#10400 = CARTESIAN_POINT('',(8.,252.,118.425));
#10401 = VECTOR('',#10402,1.);
#10402 = DIRECTION('',(1.,0.,0.));
#10403 = CARTESIAN_POINT('',(8.,252.,118.425));
#10404 = CARTESIAN_POINT('',(28.,252.,118.425));
#10405 = GEOMETRIC_CURVE_SET('',(#10406));
#10406 = TRIMMED_CURVE('',#10407,(#10411,PARAMETER_VALUE(0.)),(#10412,
    PARAMETER_VALUE(20.)),.T.,.PARAMETER.);
#10407 = LINE('',#10408,#10409);
#10408 = CARTESIAN_POINT('',(8.,270.,116.425));
#10409 = VECTOR('',#10410,1.);
#10410 = DIRECTION('',(1.,0.,0.));
#10411 = CARTESIAN_POINT('',(8.,270.,116.425));
#10412 = CARTESIAN_POINT('',(28.,270.,116.425));
#10413 = GEOMETRIC_CURVE_SET('',(#10414));
#10414 = TRIMMED_CURVE('',#10415,(#10419,PARAMETER_VALUE(0.)),(#10420,
    PARAMETER_VALUE(20.)),.T.,.PARAMETER.);
#10415 = LINE('',#10416,#10417);
#10416 = CARTESIAN_POINT('',(8.,270.,118.425));
#10417 = VECTOR('',#10418,1.);
#10418 = DIRECTION('',(1.,0.,0.));
#10419 = CARTESIAN_POINT('',(8.,270.,118.425));
#10420 = CARTESIAN_POINT('',(28.,270.,118.425));
#10421 = GEOMETRIC_CURVE_SET('',(#10422));
#10422 = TRIMMED_CURVE('',#10423,(#10427,PARAMETER_VALUE(0.)),(#10428,
    PARAMETER_VALUE(3.175)),.T.,.PARAMETER.);
#10423 = LINE('',#10424,#10425);
#10424 = CARTESIAN_POINT('',(252.,248.3,86.));
#10425 = VECTOR('',#10426,1.);
#10426 = DIRECTION('',(0.,0.,1.));
#10427 = CARTESIAN_POINT('',(252.,248.3,86.));
#10428 = CARTESIAN_POINT('',(252.,248.3,89.175));
#10429 = GEOMETRIC_CURVE_SET('',(#10430));
#10430 = TRIMMED_CURVE('',#10431,(#10435,PARAMETER_VALUE(0.)),(#10436,
    PARAMETER_VALUE(25.4)),.T.,.PARAMETER.);
#10431 = LINE('',#10432,#10433);
#10432 = CARTESIAN_POINT('',(252.,248.3,89.175));
#10433 = VECTOR('',#10434,1.);
#10434 = DIRECTION('',(0.,1.,0.));
#10435 = CARTESIAN_POINT('',(252.,248.3,89.175));
#10436 = CARTESIAN_POINT('',(252.,273.7,89.175));
#10437 = GEOMETRIC_CURVE_SET('',(#10438));
#10438 = TRIMMED_CURVE('',#10439,(#10443,PARAMETER_VALUE(0.)),(#10444,
    PARAMETER_VALUE(3.175)),.T.,.PARAMETER.);
#10439 = LINE('',#10440,#10441);
#10440 = CARTESIAN_POINT('',(252.,273.7,86.));
#10441 = VECTOR('',#10442,1.);
#10442 = DIRECTION('',(0.,0.,1.));
#10443 = CARTESIAN_POINT('',(252.,273.7,86.));
#10444 = CARTESIAN_POINT('',(252.,273.7,89.175));
#10445 = GEOMETRIC_CURVE_SET('',(#10446));
#10446 = TRIMMED_CURVE('',#10447,(#10451,PARAMETER_VALUE(0.)),(#10452,
    PARAMETER_VALUE(25.4)),.T.,.PARAMETER.);
#10447 = LINE('',#10448,#10449);
#10448 = CARTESIAN_POINT('',(252.,248.3,86.));
#10449 = VECTOR('',#10450,1.);
#10450 = DIRECTION('',(0.,1.,0.));
#10451 = CARTESIAN_POINT('',(252.,248.3,86.));
#10452 = CARTESIAN_POINT('',(252.,273.7,86.));
#10453 = GEOMETRIC_CURVE_SET('',(#10454));
#10454 = TRIMMED_CURVE('',#10455,(#10459,PARAMETER_VALUE(0.)),(#10460,
    PARAMETER_VALUE(3.175)),.T.,.PARAMETER.);
#10455 = LINE('',#10456,#10457);
#10456 = CARTESIAN_POINT('',(270.,248.3,86.));
#10457 = VECTOR('',#10458,1.);
#10458 = DIRECTION('',(0.,0.,1.));
#10459 = CARTESIAN_POINT('',(270.,248.3,86.));
#10460 = CARTESIAN_POINT('',(270.,248.3,89.175));
#10461 = GEOMETRIC_CURVE_SET('',(#10462));
#10462 = TRIMMED_CURVE('',#10463,(#10467,PARAMETER_VALUE(0.)),(#10468,
    PARAMETER_VALUE(25.4)),.T.,.PARAMETER.);
#10463 = LINE('',#10464,#10465);
#10464 = CARTESIAN_POINT('',(270.,248.3,89.175));
#10465 = VECTOR('',#10466,1.);
#10466 = DIRECTION('',(0.,1.,0.));
#10467 = CARTESIAN_POINT('',(270.,248.3,89.175));
#10468 = CARTESIAN_POINT('',(270.,273.7,89.175));
#10469 = GEOMETRIC_CURVE_SET('',(#10470));
#10470 = TRIMMED_CURVE('',#10471,(#10475,PARAMETER_VALUE(0.)),(#10476,
    PARAMETER_VALUE(3.175)),.T.,.PARAMETER.);
#10471 = LINE('',#10472,#10473);
#10472 = CARTESIAN_POINT('',(270.,273.7,86.));
#10473 = VECTOR('',#10474,1.);
#10474 = DIRECTION('',(0.,0.,1.));
#10475 = CARTESIAN_POINT('',(270.,273.7,86.));
#10476 = CARTESIAN_POINT('',(270.,273.7,89.175));
#10477 = GEOMETRIC_CURVE_SET('',(#10478));
#10478 = TRIMMED_CURVE('',#10479,(#10483,PARAMETER_VALUE(0.)),(#10484,
    PARAMETER_VALUE(25.4)),.T.,.PARAMETER.);
#10479 = LINE('',#10480,#10481);
#10480 = CARTESIAN_POINT('',(270.,248.3,86.));
#10481 = VECTOR('',#10482,1.);
#10482 = DIRECTION('',(0.,1.,0.));
#10483 = CARTESIAN_POINT('',(270.,248.3,86.));
#10484 = CARTESIAN_POINT('',(270.,273.7,86.));
#10485 = GEOMETRIC_CURVE_SET('',(#10486));
#10486 = TRIMMED_CURVE('',#10487,(#10491,PARAMETER_VALUE(0.)),(#10492,
    PARAMETER_VALUE(18.)),.T.,.PARAMETER.);
#10487 = LINE('',#10488,#10489);
#10488 = CARTESIAN_POINT('',(252.,248.3,86.));
#10489 = VECTOR('',#10490,1.);
#10490 = DIRECTION('',(1.,0.,0.));
#10491 = CARTESIAN_POINT('',(252.,248.3,86.));
#10492 = CARTESIAN_POINT('',(270.,248.3,86.));
#10493 = GEOMETRIC_CURVE_SET('',(#10494));
#10494 = TRIMMED_CURVE('',#10495,(#10499,PARAMETER_VALUE(0.)),(#10500,
    PARAMETER_VALUE(18.)),.T.,.PARAMETER.);
#10495 = LINE('',#10496,#10497);
#10496 = CARTESIAN_POINT('',(252.,248.3,89.175));
#10497 = VECTOR('',#10498,1.);
#10498 = DIRECTION('',(1.,0.,0.));
#10499 = CARTESIAN_POINT('',(252.,248.3,89.175));
#10500 = CARTESIAN_POINT('',(270.,248.3,89.175));
#10501 = GEOMETRIC_CURVE_SET('',(#10502));
#10502 = TRIMMED_CURVE('',#10503,(#10507,PARAMETER_VALUE(0.)),(#10508,
    PARAMETER_VALUE(18.)),.T.,.PARAMETER.);
#10503 = LINE('',#10504,#10505);
#10504 = CARTESIAN_POINT('',(252.,273.7,86.));
#10505 = VECTOR('',#10506,1.);
#10506 = DIRECTION('',(1.,0.,0.));
#10507 = CARTESIAN_POINT('',(252.,273.7,86.));
#10508 = CARTESIAN_POINT('',(270.,273.7,86.));
#10509 = GEOMETRIC_CURVE_SET('',(#10510));
#10510 = TRIMMED_CURVE('',#10511,(#10515,PARAMETER_VALUE(0.)),(#10516,
    PARAMETER_VALUE(18.)),.T.,.PARAMETER.);
#10511 = LINE('',#10512,#10513);
#10512 = CARTESIAN_POINT('',(252.,273.7,89.175));
#10513 = VECTOR('',#10514,1.);
#10514 = DIRECTION('',(1.,0.,0.));
#10515 = CARTESIAN_POINT('',(252.,273.7,89.175));
#10516 = CARTESIAN_POINT('',(270.,273.7,89.175));
#10517 = GEOMETRIC_CURVE_SET('',(#10518));
#10518 = TRIMMED_CURVE('',#10519,(#10523,PARAMETER_VALUE(0.)),(#10524,
    PARAMETER_VALUE(3.175)),.T.,.PARAMETER.);
#10519 = LINE('',#10520,#10521);
#10520 = CARTESIAN_POINT('',(252.,248.3,120.925));
#10521 = VECTOR('',#10522,1.);
#10522 = DIRECTION('',(0.,0.,1.));
#10523 = CARTESIAN_POINT('',(252.,248.3,120.925));
#10524 = CARTESIAN_POINT('',(252.,248.3,124.1));
#10525 = GEOMETRIC_CURVE_SET('',(#10526));
#10526 = TRIMMED_CURVE('',#10527,(#10531,PARAMETER_VALUE(0.)),(#10532,
    PARAMETER_VALUE(25.4)),.T.,.PARAMETER.);
#10527 = LINE('',#10528,#10529);
#10528 = CARTESIAN_POINT('',(252.,248.3,124.1));
#10529 = VECTOR('',#10530,1.);
#10530 = DIRECTION('',(0.,1.,0.));
#10531 = CARTESIAN_POINT('',(252.,248.3,124.1));
#10532 = CARTESIAN_POINT('',(252.,273.7,124.1));
#10533 = GEOMETRIC_CURVE_SET('',(#10534));
#10534 = TRIMMED_CURVE('',#10535,(#10539,PARAMETER_VALUE(0.)),(#10540,
    PARAMETER_VALUE(3.175)),.T.,.PARAMETER.);
#10535 = LINE('',#10536,#10537);
#10536 = CARTESIAN_POINT('',(252.,273.7,120.925));
#10537 = VECTOR('',#10538,1.);
#10538 = DIRECTION('',(0.,0.,1.));
#10539 = CARTESIAN_POINT('',(252.,273.7,120.925));
#10540 = CARTESIAN_POINT('',(252.,273.7,124.1));
#10541 = GEOMETRIC_CURVE_SET('',(#10542));
#10542 = TRIMMED_CURVE('',#10543,(#10547,PARAMETER_VALUE(0.)),(#10548,
    PARAMETER_VALUE(25.4)),.T.,.PARAMETER.);
#10543 = LINE('',#10544,#10545);
#10544 = CARTESIAN_POINT('',(252.,248.3,120.925));
#10545 = VECTOR('',#10546,1.);
#10546 = DIRECTION('',(0.,1.,0.));
#10547 = CARTESIAN_POINT('',(252.,248.3,120.925));
#10548 = CARTESIAN_POINT('',(252.,273.7,120.925));
#10549 = GEOMETRIC_CURVE_SET('',(#10550));
#10550 = TRIMMED_CURVE('',#10551,(#10555,PARAMETER_VALUE(0.)),(#10556,
    PARAMETER_VALUE(3.175)),.T.,.PARAMETER.);
#10551 = LINE('',#10552,#10553);
#10552 = CARTESIAN_POINT('',(270.,248.3,120.925));
#10553 = VECTOR('',#10554,1.);
#10554 = DIRECTION('',(0.,0.,1.));
#10555 = CARTESIAN_POINT('',(270.,248.3,120.925));
#10556 = CARTESIAN_POINT('',(270.,248.3,124.1));
#10557 = GEOMETRIC_CURVE_SET('',(#10558));
#10558 = TRIMMED_CURVE('',#10559,(#10563,PARAMETER_VALUE(0.)),(#10564,
    PARAMETER_VALUE(25.4)),.T.,.PARAMETER.);
#10559 = LINE('',#10560,#10561);
#10560 = CARTESIAN_POINT('',(270.,248.3,124.1));
#10561 = VECTOR('',#10562,1.);
#10562 = DIRECTION('',(0.,1.,0.));
#10563 = CARTESIAN_POINT('',(270.,248.3,124.1));
#10564 = CARTESIAN_POINT('',(270.,273.7,124.1));
#10565 = GEOMETRIC_CURVE_SET('',(#10566));
#10566 = TRIMMED_CURVE('',#10567,(#10571,PARAMETER_VALUE(0.)),(#10572,
    PARAMETER_VALUE(3.175)),.T.,.PARAMETER.);
#10567 = LINE('',#10568,#10569);
#10568 = CARTESIAN_POINT('',(270.,273.7,120.925));
#10569 = VECTOR('',#10570,1.);
#10570 = DIRECTION('',(0.,0.,1.));
#10571 = CARTESIAN_POINT('',(270.,273.7,120.925));
#10572 = CARTESIAN_POINT('',(270.,273.7,124.1));
#10573 = GEOMETRIC_CURVE_SET('',(#10574));
#10574 = TRIMMED_CURVE('',#10575,(#10579,PARAMETER_VALUE(0.)),(#10580,
    PARAMETER_VALUE(25.4)),.T.,.PARAMETER.);
#10575 = LINE('',#10576,#10577);
#10576 = CARTESIAN_POINT('',(270.,248.3,120.925));
#10577 = VECTOR('',#10578,1.);
#10578 = DIRECTION('',(0.,1.,0.));
#10579 = CARTESIAN_POINT('',(270.,248.3,120.925));
#10580 = CARTESIAN_POINT('',(270.,273.7,120.925));
#10581 = GEOMETRIC_CURVE_SET('',(#10582));
#10582 = TRIMMED_CURVE('',#10583,(#10587,PARAMETER_VALUE(0.)),(#10588,
    PARAMETER_VALUE(18.)),.T.,.PARAMETER.);
#10583 = LINE('',#10584,#10585);
#10584 = CARTESIAN_POINT('',(252.,248.3,120.925));
#10585 = VECTOR('',#10586,1.);
#10586 = DIRECTION('',(1.,0.,0.));
#10587 = CARTESIAN_POINT('',(252.,248.3,120.925));
#10588 = CARTESIAN_POINT('',(270.,248.3,120.925));
#10589 = GEOMETRIC_CURVE_SET('',(#10590));
#10590 = TRIMMED_CURVE('',#10591,(#10595,PARAMETER_VALUE(0.)),(#10596,
    PARAMETER_VALUE(18.)),.T.,.PARAMETER.);
#10591 = LINE('',#10592,#10593);
#10592 = CARTESIAN_POINT('',(252.,248.3,124.1));
#10593 = VECTOR('',#10594,1.);
#10594 = DIRECTION('',(1.,0.,0.));
#10595 = CARTESIAN_POINT('',(252.,248.3,124.1));
#10596 = CARTESIAN_POINT('',(270.,248.3,124.1));
#10597 = GEOMETRIC_CURVE_SET('',(#10598));
#10598 = TRIMMED_CURVE('',#10599,(#10603,PARAMETER_VALUE(0.)),(#10604,
    PARAMETER_VALUE(18.)),.T.,.PARAMETER.);
#10599 = LINE('',#10600,#10601);
#10600 = CARTESIAN_POINT('',(252.,273.7,120.925));
#10601 = VECTOR('',#10602,1.);
#10602 = DIRECTION('',(1.,0.,0.));
#10603 = CARTESIAN_POINT('',(252.,273.7,120.925));
#10604 = CARTESIAN_POINT('',(270.,273.7,120.925));
#10605 = GEOMETRIC_CURVE_SET('',(#10606));
#10606 = TRIMMED_CURVE('',#10607,(#10611,PARAMETER_VALUE(0.)),(#10612,
    PARAMETER_VALUE(18.)),.T.,.PARAMETER.);
#10607 = LINE('',#10608,#10609);
#10608 = CARTESIAN_POINT('',(252.,273.7,124.1));
#10609 = VECTOR('',#10610,1.);
#10610 = DIRECTION('',(1.,0.,0.));
#10611 = CARTESIAN_POINT('',(252.,273.7,124.1));
#10612 = CARTESIAN_POINT('',(270.,273.7,124.1));
#10613 = GEOMETRIC_CURVE_SET('',(#10614));
#10614 = TRIMMED_CURVE('',#10615,(#10619,PARAMETER_VALUE(0.)),(#10620,
    PARAMETER_VALUE(31.75)),.T.,.PARAMETER.);
#10615 = LINE('',#10616,#10617);
#10616 = CARTESIAN_POINT('',(252.,248.3,89.175));
#10617 = VECTOR('',#10618,1.);
#10618 = DIRECTION('',(0.,0.,1.));
#10619 = CARTESIAN_POINT('',(252.,248.3,89.175));
#10620 = CARTESIAN_POINT('',(252.,248.3,120.925));
#10621 = GEOMETRIC_CURVE_SET('',(#10622));
#10622 = TRIMMED_CURVE('',#10623,(#10627,PARAMETER_VALUE(0.)),(#10628,
    PARAMETER_VALUE(3.175)),.T.,.PARAMETER.);
#10623 = LINE('',#10624,#10625);
#10624 = CARTESIAN_POINT('',(252.,248.3,120.925));
#10625 = VECTOR('',#10626,1.);
#10626 = DIRECTION('',(0.,1.,0.));
#10627 = CARTESIAN_POINT('',(252.,248.3,120.925));
#10628 = CARTESIAN_POINT('',(252.,251.475,120.925));
#10629 = GEOMETRIC_CURVE_SET('',(#10630));
#10630 = TRIMMED_CURVE('',#10631,(#10635,PARAMETER_VALUE(0.)),(#10636,
    PARAMETER_VALUE(31.75)),.T.,.PARAMETER.);
#10631 = LINE('',#10632,#10633);
#10632 = CARTESIAN_POINT('',(252.,251.475,89.175));
#10633 = VECTOR('',#10634,1.);
#10634 = DIRECTION('',(0.,0.,1.));
#10635 = CARTESIAN_POINT('',(252.,251.475,89.175));
#10636 = CARTESIAN_POINT('',(252.,251.475,120.925));
#10637 = GEOMETRIC_CURVE_SET('',(#10638));
#10638 = TRIMMED_CURVE('',#10639,(#10643,PARAMETER_VALUE(0.)),(#10644,
    PARAMETER_VALUE(3.175)),.T.,.PARAMETER.);
#10639 = LINE('',#10640,#10641);
#10640 = CARTESIAN_POINT('',(252.,248.3,89.175));
#10641 = VECTOR('',#10642,1.);
#10642 = DIRECTION('',(0.,1.,0.));
#10643 = CARTESIAN_POINT('',(252.,248.3,89.175));
#10644 = CARTESIAN_POINT('',(252.,251.475,89.175));
#10645 = GEOMETRIC_CURVE_SET('',(#10646));
#10646 = TRIMMED_CURVE('',#10647,(#10651,PARAMETER_VALUE(0.)),(#10652,
    PARAMETER_VALUE(31.75)),.T.,.PARAMETER.);
#10647 = LINE('',#10648,#10649);
#10648 = CARTESIAN_POINT('',(270.,248.3,89.175));
#10649 = VECTOR('',#10650,1.);
#10650 = DIRECTION('',(0.,0.,1.));
#10651 = CARTESIAN_POINT('',(270.,248.3,89.175));
#10652 = CARTESIAN_POINT('',(270.,248.3,120.925));
#10653 = GEOMETRIC_CURVE_SET('',(#10654));
#10654 = TRIMMED_CURVE('',#10655,(#10659,PARAMETER_VALUE(0.)),(#10660,
    PARAMETER_VALUE(3.175)),.T.,.PARAMETER.);
#10655 = LINE('',#10656,#10657);
#10656 = CARTESIAN_POINT('',(270.,248.3,120.925));
#10657 = VECTOR('',#10658,1.);
#10658 = DIRECTION('',(0.,1.,0.));
#10659 = CARTESIAN_POINT('',(270.,248.3,120.925));
#10660 = CARTESIAN_POINT('',(270.,251.475,120.925));
#10661 = GEOMETRIC_CURVE_SET('',(#10662));
#10662 = TRIMMED_CURVE('',#10663,(#10667,PARAMETER_VALUE(0.)),(#10668,
    PARAMETER_VALUE(31.75)),.T.,.PARAMETER.);
#10663 = LINE('',#10664,#10665);
#10664 = CARTESIAN_POINT('',(270.,251.475,89.175));
#10665 = VECTOR('',#10666,1.);
#10666 = DIRECTION('',(0.,0.,1.));
#10667 = CARTESIAN_POINT('',(270.,251.475,89.175));
#10668 = CARTESIAN_POINT('',(270.,251.475,120.925));
#10669 = GEOMETRIC_CURVE_SET('',(#10670));
#10670 = TRIMMED_CURVE('',#10671,(#10675,PARAMETER_VALUE(0.)),(#10676,
    PARAMETER_VALUE(3.175)),.T.,.PARAMETER.);
#10671 = LINE('',#10672,#10673);
#10672 = CARTESIAN_POINT('',(270.,248.3,89.175));
#10673 = VECTOR('',#10674,1.);
#10674 = DIRECTION('',(0.,1.,0.));
#10675 = CARTESIAN_POINT('',(270.,248.3,89.175));
#10676 = CARTESIAN_POINT('',(270.,251.475,89.175));
#10677 = GEOMETRIC_CURVE_SET('',(#10678));
#10678 = TRIMMED_CURVE('',#10679,(#10683,PARAMETER_VALUE(0.)),(#10684,
    PARAMETER_VALUE(18.)),.T.,.PARAMETER.);
#10679 = LINE('',#10680,#10681);
#10680 = CARTESIAN_POINT('',(252.,248.3,89.175));
#10681 = VECTOR('',#10682,1.);
#10682 = DIRECTION('',(1.,0.,0.));
#10683 = CARTESIAN_POINT('',(252.,248.3,89.175));
#10684 = CARTESIAN_POINT('',(270.,248.3,89.175));
#10685 = GEOMETRIC_CURVE_SET('',(#10686));
#10686 = TRIMMED_CURVE('',#10687,(#10691,PARAMETER_VALUE(0.)),(#10692,
    PARAMETER_VALUE(18.)),.T.,.PARAMETER.);
#10687 = LINE('',#10688,#10689);
#10688 = CARTESIAN_POINT('',(252.,248.3,120.925));
#10689 = VECTOR('',#10690,1.);
#10690 = DIRECTION('',(1.,0.,0.));
#10691 = CARTESIAN_POINT('',(252.,248.3,120.925));
#10692 = CARTESIAN_POINT('',(270.,248.3,120.925));
#10693 = GEOMETRIC_CURVE_SET('',(#10694));
#10694 = TRIMMED_CURVE('',#10695,(#10699,PARAMETER_VALUE(0.)),(#10700,
    PARAMETER_VALUE(18.)),.T.,.PARAMETER.);
#10695 = LINE('',#10696,#10697);
#10696 = CARTESIAN_POINT('',(252.,251.475,89.175));
#10697 = VECTOR('',#10698,1.);
#10698 = DIRECTION('',(1.,0.,0.));
#10699 = CARTESIAN_POINT('',(252.,251.475,89.175));
#10700 = CARTESIAN_POINT('',(270.,251.475,89.175));
#10701 = GEOMETRIC_CURVE_SET('',(#10702));
#10702 = TRIMMED_CURVE('',#10703,(#10707,PARAMETER_VALUE(0.)),(#10708,
    PARAMETER_VALUE(18.)),.T.,.PARAMETER.);
#10703 = LINE('',#10704,#10705);
#10704 = CARTESIAN_POINT('',(252.,251.475,120.925));
#10705 = VECTOR('',#10706,1.);
#10706 = DIRECTION('',(1.,0.,0.));
#10707 = CARTESIAN_POINT('',(252.,251.475,120.925));
#10708 = CARTESIAN_POINT('',(270.,251.475,120.925));
#10709 = GEOMETRIC_CURVE_SET('',(#10710));
#10710 = TRIMMED_CURVE('',#10711,(#10715,PARAMETER_VALUE(0.)),(#10716,
    PARAMETER_VALUE(31.75)),.T.,.PARAMETER.);
#10711 = LINE('',#10712,#10713);
#10712 = CARTESIAN_POINT('',(252.,270.525,89.175));
#10713 = VECTOR('',#10714,1.);
#10714 = DIRECTION('',(0.,0.,1.));
#10715 = CARTESIAN_POINT('',(252.,270.525,89.175));
#10716 = CARTESIAN_POINT('',(252.,270.525,120.925));
#10717 = GEOMETRIC_CURVE_SET('',(#10718));
#10718 = TRIMMED_CURVE('',#10719,(#10723,PARAMETER_VALUE(0.)),(#10724,
    PARAMETER_VALUE(3.175)),.T.,.PARAMETER.);
#10719 = LINE('',#10720,#10721);
#10720 = CARTESIAN_POINT('',(252.,270.525,120.925));
#10721 = VECTOR('',#10722,1.);
#10722 = DIRECTION('',(0.,1.,0.));
#10723 = CARTESIAN_POINT('',(252.,270.525,120.925));
#10724 = CARTESIAN_POINT('',(252.,273.7,120.925));
#10725 = GEOMETRIC_CURVE_SET('',(#10726));
#10726 = TRIMMED_CURVE('',#10727,(#10731,PARAMETER_VALUE(0.)),(#10732,
    PARAMETER_VALUE(31.75)),.T.,.PARAMETER.);
#10727 = LINE('',#10728,#10729);
#10728 = CARTESIAN_POINT('',(252.,273.7,89.175));
#10729 = VECTOR('',#10730,1.);
#10730 = DIRECTION('',(0.,0.,1.));
#10731 = CARTESIAN_POINT('',(252.,273.7,89.175));
#10732 = CARTESIAN_POINT('',(252.,273.7,120.925));
#10733 = GEOMETRIC_CURVE_SET('',(#10734));
#10734 = TRIMMED_CURVE('',#10735,(#10739,PARAMETER_VALUE(0.)),(#10740,
    PARAMETER_VALUE(3.175)),.T.,.PARAMETER.);
#10735 = LINE('',#10736,#10737);
#10736 = CARTESIAN_POINT('',(252.,270.525,89.175));
#10737 = VECTOR('',#10738,1.);
#10738 = DIRECTION('',(0.,1.,0.));
#10739 = CARTESIAN_POINT('',(252.,270.525,89.175));
#10740 = CARTESIAN_POINT('',(252.,273.7,89.175));
#10741 = GEOMETRIC_CURVE_SET('',(#10742));
#10742 = TRIMMED_CURVE('',#10743,(#10747,PARAMETER_VALUE(0.)),(#10748,
    PARAMETER_VALUE(31.75)),.T.,.PARAMETER.);
#10743 = LINE('',#10744,#10745);
#10744 = CARTESIAN_POINT('',(270.,270.525,89.175));
#10745 = VECTOR('',#10746,1.);
#10746 = DIRECTION('',(0.,0.,1.));
#10747 = CARTESIAN_POINT('',(270.,270.525,89.175));
#10748 = CARTESIAN_POINT('',(270.,270.525,120.925));
#10749 = GEOMETRIC_CURVE_SET('',(#10750));
#10750 = TRIMMED_CURVE('',#10751,(#10755,PARAMETER_VALUE(0.)),(#10756,
    PARAMETER_VALUE(3.175)),.T.,.PARAMETER.);
#10751 = LINE('',#10752,#10753);
#10752 = CARTESIAN_POINT('',(270.,270.525,120.925));
#10753 = VECTOR('',#10754,1.);
#10754 = DIRECTION('',(0.,1.,0.));
#10755 = CARTESIAN_POINT('',(270.,270.525,120.925));
#10756 = CARTESIAN_POINT('',(270.,273.7,120.925));
#10757 = GEOMETRIC_CURVE_SET('',(#10758));
#10758 = TRIMMED_CURVE('',#10759,(#10763,PARAMETER_VALUE(0.)),(#10764,
    PARAMETER_VALUE(31.75)),.T.,.PARAMETER.);
#10759 = LINE('',#10760,#10761);
#10760 = CARTESIAN_POINT('',(270.,273.7,89.175));
#10761 = VECTOR('',#10762,1.);
#10762 = DIRECTION('',(0.,0.,1.));
#10763 = CARTESIAN_POINT('',(270.,273.7,89.175));
#10764 = CARTESIAN_POINT('',(270.,273.7,120.925));
#10765 = GEOMETRIC_CURVE_SET('',(#10766));
#10766 = TRIMMED_CURVE('',#10767,(#10771,PARAMETER_VALUE(0.)),(#10772,
    PARAMETER_VALUE(3.175)),.T.,.PARAMETER.);
#10767 = LINE('',#10768,#10769);
#10768 = CARTESIAN_POINT('',(270.,270.525,89.175));
#10769 = VECTOR('',#10770,1.);
#10770 = DIRECTION('',(0.,1.,0.));
#10771 = CARTESIAN_POINT('',(270.,270.525,89.175));
#10772 = CARTESIAN_POINT('',(270.,273.7,89.175));
#10773 = GEOMETRIC_CURVE_SET('',(#10774));
#10774 = TRIMMED_CURVE('',#10775,(#10779,PARAMETER_VALUE(0.)),(#10780,
    PARAMETER_VALUE(18.)),.T.,.PARAMETER.);
#10775 = LINE('',#10776,#10777);
#10776 = CARTESIAN_POINT('',(252.,270.525,89.175));
#10777 = VECTOR('',#10778,1.);
#10778 = DIRECTION('',(1.,0.,0.));
#10779 = CARTESIAN_POINT('',(252.,270.525,89.175));
#10780 = CARTESIAN_POINT('',(270.,270.525,89.175));
#10781 = GEOMETRIC_CURVE_SET('',(#10782));
#10782 = TRIMMED_CURVE('',#10783,(#10787,PARAMETER_VALUE(0.)),(#10788,
    PARAMETER_VALUE(18.)),.T.,.PARAMETER.);
#10783 = LINE('',#10784,#10785);
#10784 = CARTESIAN_POINT('',(252.,270.525,120.925));
#10785 = VECTOR('',#10786,1.);
#10786 = DIRECTION('',(1.,0.,0.));
#10787 = CARTESIAN_POINT('',(252.,270.525,120.925));
#10788 = CARTESIAN_POINT('',(270.,270.525,120.925));
#10789 = GEOMETRIC_CURVE_SET('',(#10790));
#10790 = TRIMMED_CURVE('',#10791,(#10795,PARAMETER_VALUE(0.)),(#10796,
    PARAMETER_VALUE(18.)),.T.,.PARAMETER.);
#10791 = LINE('',#10792,#10793);
#10792 = CARTESIAN_POINT('',(252.,273.7,89.175));
#10793 = VECTOR('',#10794,1.);
#10794 = DIRECTION('',(1.,0.,0.));
#10795 = CARTESIAN_POINT('',(252.,273.7,89.175));
#10796 = CARTESIAN_POINT('',(270.,273.7,89.175));
#10797 = GEOMETRIC_CURVE_SET('',(#10798));
#10798 = TRIMMED_CURVE('',#10799,(#10803,PARAMETER_VALUE(0.)),(#10804,
    PARAMETER_VALUE(18.)),.T.,.PARAMETER.);
#10799 = LINE('',#10800,#10801);
#10800 = CARTESIAN_POINT('',(252.,273.7,120.925));
#10801 = VECTOR('',#10802,1.);
#10802 = DIRECTION('',(1.,0.,0.));
#10803 = CARTESIAN_POINT('',(252.,273.7,120.925));
#10804 = CARTESIAN_POINT('',(270.,273.7,120.925));
#10805 = GEOMETRIC_CURVE_SET('',(#10806));
#10806 = TRIMMED_CURVE('',#10807,(#10811,PARAMETER_VALUE(0.)),(#10812,
    PARAMETER_VALUE(2.)),.T.,.PARAMETER.);
#10807 = LINE('',#10808,#10809);
#10808 = CARTESIAN_POINT('',(252.,255.,89.175));
#10809 = VECTOR('',#10810,1.);
#10810 = DIRECTION('',(0.,0.,1.));
#10811 = CARTESIAN_POINT('',(252.,255.,89.175));
#10812 = CARTESIAN_POINT('',(252.,255.,91.175));
#10813 = GEOMETRIC_CURVE_SET('',(#10814));
#10814 = TRIMMED_CURVE('',#10815,(#10819,PARAMETER_VALUE(0.)),(#10820,
    PARAMETER_VALUE(12.)),.T.,.PARAMETER.);
#10815 = LINE('',#10816,#10817);
#10816 = CARTESIAN_POINT('',(252.,255.,91.175));
#10817 = VECTOR('',#10818,1.);
#10818 = DIRECTION('',(0.,1.,0.));
#10819 = CARTESIAN_POINT('',(252.,255.,91.175));
#10820 = CARTESIAN_POINT('',(252.,267.,91.175));
#10821 = GEOMETRIC_CURVE_SET('',(#10822));
#10822 = TRIMMED_CURVE('',#10823,(#10827,PARAMETER_VALUE(0.)),(#10828,
    PARAMETER_VALUE(2.)),.T.,.PARAMETER.);
#10823 = LINE('',#10824,#10825);
#10824 = CARTESIAN_POINT('',(252.,267.,89.175));
#10825 = VECTOR('',#10826,1.);
#10826 = DIRECTION('',(0.,0.,1.));
#10827 = CARTESIAN_POINT('',(252.,267.,89.175));
#10828 = CARTESIAN_POINT('',(252.,267.,91.175));
#10829 = GEOMETRIC_CURVE_SET('',(#10830));
#10830 = TRIMMED_CURVE('',#10831,(#10835,PARAMETER_VALUE(0.)),(#10836,
    PARAMETER_VALUE(12.)),.T.,.PARAMETER.);
#10831 = LINE('',#10832,#10833);
#10832 = CARTESIAN_POINT('',(252.,255.,89.175));
#10833 = VECTOR('',#10834,1.);
#10834 = DIRECTION('',(0.,1.,0.));
#10835 = CARTESIAN_POINT('',(252.,255.,89.175));
#10836 = CARTESIAN_POINT('',(252.,267.,89.175));
#10837 = GEOMETRIC_CURVE_SET('',(#10838));
#10838 = TRIMMED_CURVE('',#10839,(#10843,PARAMETER_VALUE(0.)),(#10844,
    PARAMETER_VALUE(2.)),.T.,.PARAMETER.);
#10839 = LINE('',#10840,#10841);
#10840 = CARTESIAN_POINT('',(270.,255.,89.175));
#10841 = VECTOR('',#10842,1.);
#10842 = DIRECTION('',(0.,0.,1.));
#10843 = CARTESIAN_POINT('',(270.,255.,89.175));
#10844 = CARTESIAN_POINT('',(270.,255.,91.175));
#10845 = GEOMETRIC_CURVE_SET('',(#10846));
#10846 = TRIMMED_CURVE('',#10847,(#10851,PARAMETER_VALUE(0.)),(#10852,
    PARAMETER_VALUE(12.)),.T.,.PARAMETER.);
#10847 = LINE('',#10848,#10849);
#10848 = CARTESIAN_POINT('',(270.,255.,91.175));
#10849 = VECTOR('',#10850,1.);
#10850 = DIRECTION('',(0.,1.,0.));
#10851 = CARTESIAN_POINT('',(270.,255.,91.175));
#10852 = CARTESIAN_POINT('',(270.,267.,91.175));
#10853 = GEOMETRIC_CURVE_SET('',(#10854));
#10854 = TRIMMED_CURVE('',#10855,(#10859,PARAMETER_VALUE(0.)),(#10860,
    PARAMETER_VALUE(2.)),.T.,.PARAMETER.);
#10855 = LINE('',#10856,#10857);
#10856 = CARTESIAN_POINT('',(270.,267.,89.175));
#10857 = VECTOR('',#10858,1.);
#10858 = DIRECTION('',(0.,0.,1.));
#10859 = CARTESIAN_POINT('',(270.,267.,89.175));
#10860 = CARTESIAN_POINT('',(270.,267.,91.175));
#10861 = GEOMETRIC_CURVE_SET('',(#10862));
#10862 = TRIMMED_CURVE('',#10863,(#10867,PARAMETER_VALUE(0.)),(#10868,
    PARAMETER_VALUE(12.)),.T.,.PARAMETER.);
#10863 = LINE('',#10864,#10865);
#10864 = CARTESIAN_POINT('',(270.,255.,89.175));
#10865 = VECTOR('',#10866,1.);
#10866 = DIRECTION('',(0.,1.,0.));
#10867 = CARTESIAN_POINT('',(270.,255.,89.175));
#10868 = CARTESIAN_POINT('',(270.,267.,89.175));
#10869 = GEOMETRIC_CURVE_SET('',(#10870));
#10870 = TRIMMED_CURVE('',#10871,(#10875,PARAMETER_VALUE(0.)),(#10876,
    PARAMETER_VALUE(18.)),.T.,.PARAMETER.);
#10871 = LINE('',#10872,#10873);
#10872 = CARTESIAN_POINT('',(252.,255.,89.175));
#10873 = VECTOR('',#10874,1.);
#10874 = DIRECTION('',(1.,0.,0.));
#10875 = CARTESIAN_POINT('',(252.,255.,89.175));
#10876 = CARTESIAN_POINT('',(270.,255.,89.175));
#10877 = GEOMETRIC_CURVE_SET('',(#10878));
#10878 = TRIMMED_CURVE('',#10879,(#10883,PARAMETER_VALUE(0.)),(#10884,
    PARAMETER_VALUE(18.)),.T.,.PARAMETER.);
#10879 = LINE('',#10880,#10881);
#10880 = CARTESIAN_POINT('',(252.,255.,91.175));
#10881 = VECTOR('',#10882,1.);
#10882 = DIRECTION('',(1.,0.,0.));
#10883 = CARTESIAN_POINT('',(252.,255.,91.175));
#10884 = CARTESIAN_POINT('',(270.,255.,91.175));
#10885 = GEOMETRIC_CURVE_SET('',(#10886));
#10886 = TRIMMED_CURVE('',#10887,(#10891,PARAMETER_VALUE(0.)),(#10892,
    PARAMETER_VALUE(18.)),.T.,.PARAMETER.);
#10887 = LINE('',#10888,#10889);
#10888 = CARTESIAN_POINT('',(252.,267.,89.175));
#10889 = VECTOR('',#10890,1.);
#10890 = DIRECTION('',(1.,0.,0.));
#10891 = CARTESIAN_POINT('',(252.,267.,89.175));
#10892 = CARTESIAN_POINT('',(270.,267.,89.175));
#10893 = GEOMETRIC_CURVE_SET('',(#10894));
#10894 = TRIMMED_CURVE('',#10895,(#10899,PARAMETER_VALUE(0.)),(#10900,
    PARAMETER_VALUE(18.)),.T.,.PARAMETER.);
#10895 = LINE('',#10896,#10897);
#10896 = CARTESIAN_POINT('',(252.,267.,91.175));
#10897 = VECTOR('',#10898,1.);
#10898 = DIRECTION('',(1.,0.,0.));
#10899 = CARTESIAN_POINT('',(252.,267.,91.175));
#10900 = CARTESIAN_POINT('',(270.,267.,91.175));
#10901 = GEOMETRIC_CURVE_SET('',(#10902));
#10902 = TRIMMED_CURVE('',#10903,(#10907,PARAMETER_VALUE(0.)),(#10908,
    PARAMETER_VALUE(2.)),.T.,.PARAMETER.);
#10903 = LINE('',#10904,#10905);
#10904 = CARTESIAN_POINT('',(252.,255.,118.925));
#10905 = VECTOR('',#10906,1.);
#10906 = DIRECTION('',(0.,0.,1.));
#10907 = CARTESIAN_POINT('',(252.,255.,118.925));
#10908 = CARTESIAN_POINT('',(252.,255.,120.925));
#10909 = GEOMETRIC_CURVE_SET('',(#10910));
#10910 = TRIMMED_CURVE('',#10911,(#10915,PARAMETER_VALUE(0.)),(#10916,
    PARAMETER_VALUE(12.)),.T.,.PARAMETER.);
#10911 = LINE('',#10912,#10913);
#10912 = CARTESIAN_POINT('',(252.,255.,120.925));
#10913 = VECTOR('',#10914,1.);
#10914 = DIRECTION('',(0.,1.,0.));
#10915 = CARTESIAN_POINT('',(252.,255.,120.925));
#10916 = CARTESIAN_POINT('',(252.,267.,120.925));
#10917 = GEOMETRIC_CURVE_SET('',(#10918));
#10918 = TRIMMED_CURVE('',#10919,(#10923,PARAMETER_VALUE(0.)),(#10924,
    PARAMETER_VALUE(2.)),.T.,.PARAMETER.);
#10919 = LINE('',#10920,#10921);
#10920 = CARTESIAN_POINT('',(252.,267.,118.925));
#10921 = VECTOR('',#10922,1.);
#10922 = DIRECTION('',(0.,0.,1.));
#10923 = CARTESIAN_POINT('',(252.,267.,118.925));
#10924 = CARTESIAN_POINT('',(252.,267.,120.925));
#10925 = GEOMETRIC_CURVE_SET('',(#10926));
#10926 = TRIMMED_CURVE('',#10927,(#10931,PARAMETER_VALUE(0.)),(#10932,
    PARAMETER_VALUE(12.)),.T.,.PARAMETER.);
#10927 = LINE('',#10928,#10929);
#10928 = CARTESIAN_POINT('',(252.,255.,118.925));
#10929 = VECTOR('',#10930,1.);
#10930 = DIRECTION('',(0.,1.,0.));
#10931 = CARTESIAN_POINT('',(252.,255.,118.925));
#10932 = CARTESIAN_POINT('',(252.,267.,118.925));
#10933 = GEOMETRIC_CURVE_SET('',(#10934));
#10934 = TRIMMED_CURVE('',#10935,(#10939,PARAMETER_VALUE(0.)),(#10940,
    PARAMETER_VALUE(2.)),.T.,.PARAMETER.);
#10935 = LINE('',#10936,#10937);
#10936 = CARTESIAN_POINT('',(270.,255.,118.925));
#10937 = VECTOR('',#10938,1.);
#10938 = DIRECTION('',(0.,0.,1.));
#10939 = CARTESIAN_POINT('',(270.,255.,118.925));
#10940 = CARTESIAN_POINT('',(270.,255.,120.925));
#10941 = GEOMETRIC_CURVE_SET('',(#10942));
#10942 = TRIMMED_CURVE('',#10943,(#10947,PARAMETER_VALUE(0.)),(#10948,
    PARAMETER_VALUE(12.)),.T.,.PARAMETER.);
#10943 = LINE('',#10944,#10945);
#10944 = CARTESIAN_POINT('',(270.,255.,120.925));
#10945 = VECTOR('',#10946,1.);
#10946 = DIRECTION('',(0.,1.,0.));
#10947 = CARTESIAN_POINT('',(270.,255.,120.925));
#10948 = CARTESIAN_POINT('',(270.,267.,120.925));
#10949 = GEOMETRIC_CURVE_SET('',(#10950));
#10950 = TRIMMED_CURVE('',#10951,(#10955,PARAMETER_VALUE(0.)),(#10956,
    PARAMETER_VALUE(2.)),.T.,.PARAMETER.);
#10951 = LINE('',#10952,#10953);
#10952 = CARTESIAN_POINT('',(270.,267.,118.925));
#10953 = VECTOR('',#10954,1.);
#10954 = DIRECTION('',(0.,0.,1.));
#10955 = CARTESIAN_POINT('',(270.,267.,118.925));
#10956 = CARTESIAN_POINT('',(270.,267.,120.925));
#10957 = GEOMETRIC_CURVE_SET('',(#10958));
#10958 = TRIMMED_CURVE('',#10959,(#10963,PARAMETER_VALUE(0.)),(#10964,
    PARAMETER_VALUE(12.)),.T.,.PARAMETER.);
#10959 = LINE('',#10960,#10961);
#10960 = CARTESIAN_POINT('',(270.,255.,118.925));
#10961 = VECTOR('',#10962,1.);
#10962 = DIRECTION('',(0.,1.,0.));
#10963 = CARTESIAN_POINT('',(270.,255.,118.925));
#10964 = CARTESIAN_POINT('',(270.,267.,118.925));
#10965 = GEOMETRIC_CURVE_SET('',(#10966));
#10966 = TRIMMED_CURVE('',#10967,(#10971,PARAMETER_VALUE(0.)),(#10972,
    PARAMETER_VALUE(18.)),.T.,.PARAMETER.);
#10967 = LINE('',#10968,#10969);
#10968 = CARTESIAN_POINT('',(252.,255.,118.925));
#10969 = VECTOR('',#10970,1.);
#10970 = DIRECTION('',(1.,0.,0.));
#10971 = CARTESIAN_POINT('',(252.,255.,118.925));
#10972 = CARTESIAN_POINT('',(270.,255.,118.925));
#10973 = GEOMETRIC_CURVE_SET('',(#10974));
#10974 = TRIMMED_CURVE('',#10975,(#10979,PARAMETER_VALUE(0.)),(#10980,
    PARAMETER_VALUE(18.)),.T.,.PARAMETER.);
#10975 = LINE('',#10976,#10977);
#10976 = CARTESIAN_POINT('',(252.,255.,120.925));
#10977 = VECTOR('',#10978,1.);
#10978 = DIRECTION('',(1.,0.,0.));
#10979 = CARTESIAN_POINT('',(252.,255.,120.925));
#10980 = CARTESIAN_POINT('',(270.,255.,120.925));
#10981 = GEOMETRIC_CURVE_SET('',(#10982));
#10982 = TRIMMED_CURVE('',#10983,(#10987,PARAMETER_VALUE(0.)),(#10988,
    PARAMETER_VALUE(18.)),.T.,.PARAMETER.);
#10983 = LINE('',#10984,#10985);
#10984 = CARTESIAN_POINT('',(252.,267.,118.925));
#10985 = VECTOR('',#10986,1.);
#10986 = DIRECTION('',(1.,0.,0.));
#10987 = CARTESIAN_POINT('',(252.,267.,118.925));
#10988 = CARTESIAN_POINT('',(270.,267.,118.925));
#10989 = GEOMETRIC_CURVE_SET('',(#10990));
#10990 = TRIMMED_CURVE('',#10991,(#10995,PARAMETER_VALUE(0.)),(#10996,
    PARAMETER_VALUE(18.)),.T.,.PARAMETER.);
#10991 = LINE('',#10992,#10993);
#10992 = CARTESIAN_POINT('',(252.,267.,120.925));
#10993 = VECTOR('',#10994,1.);
#10994 = DIRECTION('',(1.,0.,0.));
#10995 = CARTESIAN_POINT('',(252.,267.,120.925));
#10996 = CARTESIAN_POINT('',(270.,267.,120.925));
#10997 = GEOMETRIC_CURVE_SET('',(#10998));
#10998 = TRIMMED_CURVE('',#10999,(#11003,PARAMETER_VALUE(0.)),(#11004,
    PARAMETER_VALUE(2.)),.T.,.PARAMETER.);
#10999 = LINE('',#11000,#11001);
#11000 = CARTESIAN_POINT('',(247.,252.,91.675));
#11001 = VECTOR('',#11002,1.);
#11002 = DIRECTION('',(0.,0.,1.));
#11003 = CARTESIAN_POINT('',(247.,252.,91.675));
#11004 = CARTESIAN_POINT('',(247.,252.,93.675));
#11005 = GEOMETRIC_CURVE_SET('',(#11006));
#11006 = TRIMMED_CURVE('',#11007,(#11011,PARAMETER_VALUE(0.)),(#11012,
    PARAMETER_VALUE(18.)),.T.,.PARAMETER.);
#11007 = LINE('',#11008,#11009);
#11008 = CARTESIAN_POINT('',(247.,252.,93.675));
#11009 = VECTOR('',#11010,1.);
#11010 = DIRECTION('',(0.,1.,0.));
#11011 = CARTESIAN_POINT('',(247.,252.,93.675));
#11012 = CARTESIAN_POINT('',(247.,270.,93.675));
#11013 = GEOMETRIC_CURVE_SET('',(#11014));
#11014 = TRIMMED_CURVE('',#11015,(#11019,PARAMETER_VALUE(0.)),(#11020,
    PARAMETER_VALUE(2.)),.T.,.PARAMETER.);
#11015 = LINE('',#11016,#11017);
#11016 = CARTESIAN_POINT('',(247.,270.,91.675));
#11017 = VECTOR('',#11018,1.);
#11018 = DIRECTION('',(0.,0.,1.));
#11019 = CARTESIAN_POINT('',(247.,270.,91.675));
#11020 = CARTESIAN_POINT('',(247.,270.,93.675));
#11021 = GEOMETRIC_CURVE_SET('',(#11022));
#11022 = TRIMMED_CURVE('',#11023,(#11027,PARAMETER_VALUE(0.)),(#11028,
    PARAMETER_VALUE(18.)),.T.,.PARAMETER.);
#11023 = LINE('',#11024,#11025);
#11024 = CARTESIAN_POINT('',(247.,252.,91.675));
#11025 = VECTOR('',#11026,1.);
#11026 = DIRECTION('',(0.,1.,0.));
#11027 = CARTESIAN_POINT('',(247.,252.,91.675));
#11028 = CARTESIAN_POINT('',(247.,270.,91.675));
#11029 = GEOMETRIC_CURVE_SET('',(#11030));
#11030 = TRIMMED_CURVE('',#11031,(#11035,PARAMETER_VALUE(0.)),(#11036,
    PARAMETER_VALUE(2.)),.T.,.PARAMETER.);
#11031 = LINE('',#11032,#11033);
#11032 = CARTESIAN_POINT('',(267.,252.,91.675));
#11033 = VECTOR('',#11034,1.);
#11034 = DIRECTION('',(0.,0.,1.));
#11035 = CARTESIAN_POINT('',(267.,252.,91.675));
#11036 = CARTESIAN_POINT('',(267.,252.,93.675));
#11037 = GEOMETRIC_CURVE_SET('',(#11038));
#11038 = TRIMMED_CURVE('',#11039,(#11043,PARAMETER_VALUE(0.)),(#11044,
    PARAMETER_VALUE(18.)),.T.,.PARAMETER.);
#11039 = LINE('',#11040,#11041);
#11040 = CARTESIAN_POINT('',(267.,252.,93.675));
#11041 = VECTOR('',#11042,1.);
#11042 = DIRECTION('',(0.,1.,0.));
#11043 = CARTESIAN_POINT('',(267.,252.,93.675));
#11044 = CARTESIAN_POINT('',(267.,270.,93.675));
#11045 = GEOMETRIC_CURVE_SET('',(#11046));
#11046 = TRIMMED_CURVE('',#11047,(#11051,PARAMETER_VALUE(0.)),(#11052,
    PARAMETER_VALUE(2.)),.T.,.PARAMETER.);
#11047 = LINE('',#11048,#11049);
#11048 = CARTESIAN_POINT('',(267.,270.,91.675));
#11049 = VECTOR('',#11050,1.);
#11050 = DIRECTION('',(0.,0.,1.));
#11051 = CARTESIAN_POINT('',(267.,270.,91.675));
#11052 = CARTESIAN_POINT('',(267.,270.,93.675));
#11053 = GEOMETRIC_CURVE_SET('',(#11054));
#11054 = TRIMMED_CURVE('',#11055,(#11059,PARAMETER_VALUE(0.)),(#11060,
    PARAMETER_VALUE(18.)),.T.,.PARAMETER.);
#11055 = LINE('',#11056,#11057);
#11056 = CARTESIAN_POINT('',(267.,252.,91.675));
#11057 = VECTOR('',#11058,1.);
#11058 = DIRECTION('',(0.,1.,0.));
#11059 = CARTESIAN_POINT('',(267.,252.,91.675));
#11060 = CARTESIAN_POINT('',(267.,270.,91.675));
#11061 = GEOMETRIC_CURVE_SET('',(#11062));
#11062 = TRIMMED_CURVE('',#11063,(#11067,PARAMETER_VALUE(0.)),(#11068,
    PARAMETER_VALUE(20.)),.T.,.PARAMETER.);
#11063 = LINE('',#11064,#11065);
#11064 = CARTESIAN_POINT('',(247.,252.,91.675));
#11065 = VECTOR('',#11066,1.);
#11066 = DIRECTION('',(1.,0.,0.));
#11067 = CARTESIAN_POINT('',(247.,252.,91.675));
#11068 = CARTESIAN_POINT('',(267.,252.,91.675));
#11069 = GEOMETRIC_CURVE_SET('',(#11070));
#11070 = TRIMMED_CURVE('',#11071,(#11075,PARAMETER_VALUE(0.)),(#11076,
    PARAMETER_VALUE(20.)),.T.,.PARAMETER.);
#11071 = LINE('',#11072,#11073);
#11072 = CARTESIAN_POINT('',(247.,252.,93.675));
#11073 = VECTOR('',#11074,1.);
#11074 = DIRECTION('',(1.,0.,0.));
#11075 = CARTESIAN_POINT('',(247.,252.,93.675));
#11076 = CARTESIAN_POINT('',(267.,252.,93.675));
#11077 = GEOMETRIC_CURVE_SET('',(#11078));
#11078 = TRIMMED_CURVE('',#11079,(#11083,PARAMETER_VALUE(0.)),(#11084,
    PARAMETER_VALUE(20.)),.T.,.PARAMETER.);
#11079 = LINE('',#11080,#11081);
#11080 = CARTESIAN_POINT('',(247.,270.,91.675));
#11081 = VECTOR('',#11082,1.);
#11082 = DIRECTION('',(1.,0.,0.));
#11083 = CARTESIAN_POINT('',(247.,270.,91.675));
#11084 = CARTESIAN_POINT('',(267.,270.,91.675));
#11085 = GEOMETRIC_CURVE_SET('',(#11086));
#11086 = TRIMMED_CURVE('',#11087,(#11091,PARAMETER_VALUE(0.)),(#11092,
    PARAMETER_VALUE(20.)),.T.,.PARAMETER.);
#11087 = LINE('',#11088,#11089);
#11088 = CARTESIAN_POINT('',(247.,270.,93.675));
#11089 = VECTOR('',#11090,1.);
#11090 = DIRECTION('',(1.,0.,0.));
#11091 = CARTESIAN_POINT('',(247.,270.,93.675));
#11092 = CARTESIAN_POINT('',(267.,270.,93.675));
#11093 = GEOMETRIC_CURVE_SET('',(#11094));
#11094 = TRIMMED_CURVE('',#11095,(#11099,PARAMETER_VALUE(0.)),(#11100,
    PARAMETER_VALUE(2.)),.T.,.PARAMETER.);
#11095 = LINE('',#11096,#11097);
#11096 = CARTESIAN_POINT('',(247.,252.,116.425));
#11097 = VECTOR('',#11098,1.);
#11098 = DIRECTION('',(0.,0.,1.));
#11099 = CARTESIAN_POINT('',(247.,252.,116.425));
#11100 = CARTESIAN_POINT('',(247.,252.,118.425));
#11101 = GEOMETRIC_CURVE_SET('',(#11102));
#11102 = TRIMMED_CURVE('',#11103,(#11107,PARAMETER_VALUE(0.)),(#11108,
    PARAMETER_VALUE(18.)),.T.,.PARAMETER.);
#11103 = LINE('',#11104,#11105);
#11104 = CARTESIAN_POINT('',(247.,252.,118.425));
#11105 = VECTOR('',#11106,1.);
#11106 = DIRECTION('',(0.,1.,0.));
#11107 = CARTESIAN_POINT('',(247.,252.,118.425));
#11108 = CARTESIAN_POINT('',(247.,270.,118.425));
#11109 = GEOMETRIC_CURVE_SET('',(#11110));
#11110 = TRIMMED_CURVE('',#11111,(#11115,PARAMETER_VALUE(0.)),(#11116,
    PARAMETER_VALUE(2.)),.T.,.PARAMETER.);
#11111 = LINE('',#11112,#11113);
#11112 = CARTESIAN_POINT('',(247.,270.,116.425));
#11113 = VECTOR('',#11114,1.);
#11114 = DIRECTION('',(0.,0.,1.));
#11115 = CARTESIAN_POINT('',(247.,270.,116.425));
#11116 = CARTESIAN_POINT('',(247.,270.,118.425));
#11117 = GEOMETRIC_CURVE_SET('',(#11118));
#11118 = TRIMMED_CURVE('',#11119,(#11123,PARAMETER_VALUE(0.)),(#11124,
    PARAMETER_VALUE(18.)),.T.,.PARAMETER.);
#11119 = LINE('',#11120,#11121);
#11120 = CARTESIAN_POINT('',(247.,252.,116.425));
#11121 = VECTOR('',#11122,1.);
#11122 = DIRECTION('',(0.,1.,0.));
#11123 = CARTESIAN_POINT('',(247.,252.,116.425));
#11124 = CARTESIAN_POINT('',(247.,270.,116.425));
#11125 = GEOMETRIC_CURVE_SET('',(#11126));
#11126 = TRIMMED_CURVE('',#11127,(#11131,PARAMETER_VALUE(0.)),(#11132,
    PARAMETER_VALUE(2.)),.T.,.PARAMETER.);
#11127 = LINE('',#11128,#11129);
#11128 = CARTESIAN_POINT('',(267.,252.,116.425));
#11129 = VECTOR('',#11130,1.);
#11130 = DIRECTION('',(0.,0.,1.));
#11131 = CARTESIAN_POINT('',(267.,252.,116.425));
#11132 = CARTESIAN_POINT('',(267.,252.,118.425));
#11133 = GEOMETRIC_CURVE_SET('',(#11134));
#11134 = TRIMMED_CURVE('',#11135,(#11139,PARAMETER_VALUE(0.)),(#11140,
    PARAMETER_VALUE(18.)),.T.,.PARAMETER.);
#11135 = LINE('',#11136,#11137);
#11136 = CARTESIAN_POINT('',(267.,252.,118.425));
#11137 = VECTOR('',#11138,1.);
#11138 = DIRECTION('',(0.,1.,0.));
#11139 = CARTESIAN_POINT('',(267.,252.,118.425));
#11140 = CARTESIAN_POINT('',(267.,270.,118.425));
#11141 = GEOMETRIC_CURVE_SET('',(#11142));
#11142 = TRIMMED_CURVE('',#11143,(#11147,PARAMETER_VALUE(0.)),(#11148,
    PARAMETER_VALUE(2.)),.T.,.PARAMETER.);
#11143 = LINE('',#11144,#11145);
#11144 = CARTESIAN_POINT('',(267.,270.,116.425));
#11145 = VECTOR('',#11146,1.);
#11146 = DIRECTION('',(0.,0.,1.));
#11147 = CARTESIAN_POINT('',(267.,270.,116.425));
#11148 = CARTESIAN_POINT('',(267.,270.,118.425));
#11149 = GEOMETRIC_CURVE_SET('',(#11150));
#11150 = TRIMMED_CURVE('',#11151,(#11155,PARAMETER_VALUE(0.)),(#11156,
    PARAMETER_VALUE(18.)),.T.,.PARAMETER.);
#11151 = LINE('',#11152,#11153);
#11152 = CARTESIAN_POINT('',(267.,252.,116.425));
#11153 = VECTOR('',#11154,1.);
#11154 = DIRECTION('',(0.,1.,0.));
#11155 = CARTESIAN_POINT('',(267.,252.,116.425));
#11156 = CARTESIAN_POINT('',(267.,270.,116.425));
#11157 = GEOMETRIC_CURVE_SET('',(#11158));
#11158 = TRIMMED_CURVE('',#11159,(#11163,PARAMETER_VALUE(0.)),(#11164,
    PARAMETER_VALUE(20.)),.T.,.PARAMETER.);
#11159 = LINE('',#11160,#11161);
#11160 = CARTESIAN_POINT('',(247.,252.,116.425));
#11161 = VECTOR('',#11162,1.);
#11162 = DIRECTION('',(1.,0.,0.));
#11163 = CARTESIAN_POINT('',(247.,252.,116.425));
#11164 = CARTESIAN_POINT('',(267.,252.,116.425));
#11165 = GEOMETRIC_CURVE_SET('',(#11166));
#11166 = TRIMMED_CURVE('',#11167,(#11171,PARAMETER_VALUE(0.)),(#11172,
    PARAMETER_VALUE(20.)),.T.,.PARAMETER.);
#11167 = LINE('',#11168,#11169);
#11168 = CARTESIAN_POINT('',(247.,252.,118.425));
#11169 = VECTOR('',#11170,1.);
#11170 = DIRECTION('',(1.,0.,0.));
#11171 = CARTESIAN_POINT('',(247.,252.,118.425));
#11172 = CARTESIAN_POINT('',(267.,252.,118.425));
#11173 = GEOMETRIC_CURVE_SET('',(#11174));
#11174 = TRIMMED_CURVE('',#11175,(#11179,PARAMETER_VALUE(0.)),(#11180,
    PARAMETER_VALUE(20.)),.T.,.PARAMETER.);
#11175 = LINE('',#11176,#11177);
#11176 = CARTESIAN_POINT('',(247.,270.,116.425));
#11177 = VECTOR('',#11178,1.);
#11178 = DIRECTION('',(1.,0.,0.));
#11179 = CARTESIAN_POINT('',(247.,270.,116.425));
#11180 = CARTESIAN_POINT('',(267.,270.,116.425));
#11181 = GEOMETRIC_CURVE_SET('',(#11182));
#11182 = TRIMMED_CURVE('',#11183,(#11187,PARAMETER_VALUE(0.)),(#11188,
    PARAMETER_VALUE(20.)),.T.,.PARAMETER.);
#11183 = LINE('',#11184,#11185);
#11184 = CARTESIAN_POINT('',(247.,270.,118.425));
#11185 = VECTOR('',#11186,1.);
#11186 = DIRECTION('',(1.,0.,0.));
#11187 = CARTESIAN_POINT('',(247.,270.,118.425));
#11188 = CARTESIAN_POINT('',(267.,270.,118.425));
#11189 = GEOMETRIC_CURVE_SET('',(#11190));
#11190 = TRIMMED_CURVE('',#11191,(#11195,PARAMETER_VALUE(0.)),(#11196,
    PARAMETER_VALUE(12.7)),.T.,.PARAMETER.);
#11191 = LINE('',#11192,#11193);
#11192 = CARTESIAN_POINT('',(10.,4.475,103.));
#11193 = VECTOR('',#11194,1.);
#11194 = DIRECTION('',(0.,0.,1.));
#11195 = CARTESIAN_POINT('',(10.,4.475,103.));
#11196 = CARTESIAN_POINT('',(10.,4.475,115.7));
#11197 = GEOMETRIC_CURVE_SET('',(#11198));
#11198 = TRIMMED_CURVE('',#11199,(#11203,PARAMETER_VALUE(0.)),(#11204,
    PARAMETER_VALUE(1.5875)),.T.,.PARAMETER.);
#11199 = LINE('',#11200,#11201);
#11200 = CARTESIAN_POINT('',(10.,4.475,115.7));
#11201 = VECTOR('',#11202,1.);
#11202 = DIRECTION('',(0.,1.,0.));
#11203 = CARTESIAN_POINT('',(10.,4.475,115.7));
#11204 = CARTESIAN_POINT('',(10.,6.0625,115.7));
#11205 = GEOMETRIC_CURVE_SET('',(#11206));
#11206 = TRIMMED_CURVE('',#11207,(#11211,PARAMETER_VALUE(0.)),(#11212,
    PARAMETER_VALUE(12.7)),.T.,.PARAMETER.);
#11207 = LINE('',#11208,#11209);
#11208 = CARTESIAN_POINT('',(10.,6.0625,103.));
#11209 = VECTOR('',#11210,1.);
#11210 = DIRECTION('',(0.,0.,1.));
#11211 = CARTESIAN_POINT('',(10.,6.0625,103.));
#11212 = CARTESIAN_POINT('',(10.,6.0625,115.7));
#11213 = GEOMETRIC_CURVE_SET('',(#11214));
#11214 = TRIMMED_CURVE('',#11215,(#11219,PARAMETER_VALUE(0.)),(#11220,
    PARAMETER_VALUE(1.5875)),.T.,.PARAMETER.);
#11215 = LINE('',#11216,#11217);
#11216 = CARTESIAN_POINT('',(10.,4.475,103.));
#11217 = VECTOR('',#11218,1.);
#11218 = DIRECTION('',(0.,1.,0.));
#11219 = CARTESIAN_POINT('',(10.,4.475,103.));
#11220 = CARTESIAN_POINT('',(10.,6.0625,103.));
#11221 = GEOMETRIC_CURVE_SET('',(#11222));
#11222 = TRIMMED_CURVE('',#11223,(#11227,PARAMETER_VALUE(0.)),(#11228,
    PARAMETER_VALUE(12.7)),.T.,.PARAMETER.);
#11223 = LINE('',#11224,#11225);
#11224 = CARTESIAN_POINT('',(265.,4.475,103.));
#11225 = VECTOR('',#11226,1.);
#11226 = DIRECTION('',(0.,0.,1.));
#11227 = CARTESIAN_POINT('',(265.,4.475,103.));
#11228 = CARTESIAN_POINT('',(265.,4.475,115.7));
#11229 = GEOMETRIC_CURVE_SET('',(#11230));
#11230 = TRIMMED_CURVE('',#11231,(#11235,PARAMETER_VALUE(0.)),(#11236,
    PARAMETER_VALUE(1.5875)),.T.,.PARAMETER.);
#11231 = LINE('',#11232,#11233);
#11232 = CARTESIAN_POINT('',(265.,4.475,115.7));
#11233 = VECTOR('',#11234,1.);
#11234 = DIRECTION('',(0.,1.,0.));
#11235 = CARTESIAN_POINT('',(265.,4.475,115.7));
#11236 = CARTESIAN_POINT('',(265.,6.0625,115.7));
#11237 = GEOMETRIC_CURVE_SET('',(#11238));
#11238 = TRIMMED_CURVE('',#11239,(#11243,PARAMETER_VALUE(0.)),(#11244,
    PARAMETER_VALUE(12.7)),.T.,.PARAMETER.);
#11239 = LINE('',#11240,#11241);
#11240 = CARTESIAN_POINT('',(265.,6.0625,103.));
#11241 = VECTOR('',#11242,1.);
#11242 = DIRECTION('',(0.,0.,1.));
#11243 = CARTESIAN_POINT('',(265.,6.0625,103.));
#11244 = CARTESIAN_POINT('',(265.,6.0625,115.7));
#11245 = GEOMETRIC_CURVE_SET('',(#11246));
#11246 = TRIMMED_CURVE('',#11247,(#11251,PARAMETER_VALUE(0.)),(#11252,
    PARAMETER_VALUE(1.5875)),.T.,.PARAMETER.);
#11247 = LINE('',#11248,#11249);
#11248 = CARTESIAN_POINT('',(265.,4.475,103.));
#11249 = VECTOR('',#11250,1.);
#11250 = DIRECTION('',(0.,1.,0.));
#11251 = CARTESIAN_POINT('',(265.,4.475,103.));
#11252 = CARTESIAN_POINT('',(265.,6.0625,103.));
#11253 = GEOMETRIC_CURVE_SET('',(#11254));
#11254 = TRIMMED_CURVE('',#11255,(#11259,PARAMETER_VALUE(0.)),(#11260,
    PARAMETER_VALUE(255.)),.T.,.PARAMETER.);
#11255 = LINE('',#11256,#11257);
#11256 = CARTESIAN_POINT('',(10.,4.475,103.));
#11257 = VECTOR('',#11258,1.);
#11258 = DIRECTION('',(1.,0.,0.));
#11259 = CARTESIAN_POINT('',(10.,4.475,103.));
#11260 = CARTESIAN_POINT('',(265.,4.475,103.));
#11261 = GEOMETRIC_CURVE_SET('',(#11262));
#11262 = TRIMMED_CURVE('',#11263,(#11267,PARAMETER_VALUE(0.)),(#11268,
    PARAMETER_VALUE(255.)),.T.,.PARAMETER.);
#11263 = LINE('',#11264,#11265);
#11264 = CARTESIAN_POINT('',(10.,4.475,115.7));
#11265 = VECTOR('',#11266,1.);
#11266 = DIRECTION('',(1.,0.,0.));
#11267 = CARTESIAN_POINT('',(10.,4.475,115.7));
#11268 = CARTESIAN_POINT('',(265.,4.475,115.7));
#11269 = GEOMETRIC_CURVE_SET('',(#11270));
#11270 = TRIMMED_CURVE('',#11271,(#11275,PARAMETER_VALUE(0.)),(#11276,
    PARAMETER_VALUE(255.)),.T.,.PARAMETER.);
#11271 = LINE('',#11272,#11273);
#11272 = CARTESIAN_POINT('',(10.,6.0625,103.));
#11273 = VECTOR('',#11274,1.);
#11274 = DIRECTION('',(1.,0.,0.));
#11275 = CARTESIAN_POINT('',(10.,6.0625,103.));
#11276 = CARTESIAN_POINT('',(265.,6.0625,103.));
#11277 = GEOMETRIC_CURVE_SET('',(#11278));
#11278 = TRIMMED_CURVE('',#11279,(#11283,PARAMETER_VALUE(0.)),(#11284,
    PARAMETER_VALUE(255.)),.T.,.PARAMETER.);
#11279 = LINE('',#11280,#11281);
#11280 = CARTESIAN_POINT('',(10.,6.0625,115.7));
#11281 = VECTOR('',#11282,1.);
#11282 = DIRECTION('',(1.,0.,0.));
#11283 = CARTESIAN_POINT('',(10.,6.0625,115.7));
#11284 = CARTESIAN_POINT('',(265.,6.0625,115.7));
#11285 = GEOMETRIC_CURVE_SET('',(#11286));
#11286 = TRIMMED_CURVE('',#11287,(#11291,PARAMETER_VALUE(0.)),(#11292,
    PARAMETER_VALUE(12.7)),.T.,.PARAMETER.);
#11287 = LINE('',#11288,#11289);
#11288 = CARTESIAN_POINT('',(10.,268.9375,103.));
#11289 = VECTOR('',#11290,1.);
#11290 = DIRECTION('',(0.,0.,1.));
#11291 = CARTESIAN_POINT('',(10.,268.9375,103.));
#11292 = CARTESIAN_POINT('',(10.,268.9375,115.7));
#11293 = GEOMETRIC_CURVE_SET('',(#11294));
#11294 = TRIMMED_CURVE('',#11295,(#11299,PARAMETER_VALUE(0.)),(#11300,
    PARAMETER_VALUE(1.5875)),.T.,.PARAMETER.);
#11295 = LINE('',#11296,#11297);
#11296 = CARTESIAN_POINT('',(10.,268.9375,115.7));
#11297 = VECTOR('',#11298,1.);
#11298 = DIRECTION('',(0.,1.,0.));
#11299 = CARTESIAN_POINT('',(10.,268.9375,115.7));
#11300 = CARTESIAN_POINT('',(10.,270.525,115.7));
#11301 = GEOMETRIC_CURVE_SET('',(#11302));
#11302 = TRIMMED_CURVE('',#11303,(#11307,PARAMETER_VALUE(0.)),(#11308,
    PARAMETER_VALUE(12.7)),.T.,.PARAMETER.);
#11303 = LINE('',#11304,#11305);
#11304 = CARTESIAN_POINT('',(10.,270.525,103.));
#11305 = VECTOR('',#11306,1.);
#11306 = DIRECTION('',(0.,0.,1.));
#11307 = CARTESIAN_POINT('',(10.,270.525,103.));
#11308 = CARTESIAN_POINT('',(10.,270.525,115.7));
#11309 = GEOMETRIC_CURVE_SET('',(#11310));
#11310 = TRIMMED_CURVE('',#11311,(#11315,PARAMETER_VALUE(0.)),(#11316,
    PARAMETER_VALUE(1.5875)),.T.,.PARAMETER.);
#11311 = LINE('',#11312,#11313);
#11312 = CARTESIAN_POINT('',(10.,268.9375,103.));
#11313 = VECTOR('',#11314,1.);
#11314 = DIRECTION('',(0.,1.,0.));
#11315 = CARTESIAN_POINT('',(10.,268.9375,103.));
#11316 = CARTESIAN_POINT('',(10.,270.525,103.));
#11317 = GEOMETRIC_CURVE_SET('',(#11318));
#11318 = TRIMMED_CURVE('',#11319,(#11323,PARAMETER_VALUE(0.)),(#11324,
    PARAMETER_VALUE(12.7)),.T.,.PARAMETER.);
#11319 = LINE('',#11320,#11321);
#11320 = CARTESIAN_POINT('',(265.,268.9375,103.));
#11321 = VECTOR('',#11322,1.);
#11322 = DIRECTION('',(0.,0.,1.));
#11323 = CARTESIAN_POINT('',(265.,268.9375,103.));
#11324 = CARTESIAN_POINT('',(265.,268.9375,115.7));
#11325 = GEOMETRIC_CURVE_SET('',(#11326));
#11326 = TRIMMED_CURVE('',#11327,(#11331,PARAMETER_VALUE(0.)),(#11332,
    PARAMETER_VALUE(1.5875)),.T.,.PARAMETER.);
#11327 = LINE('',#11328,#11329);
#11328 = CARTESIAN_POINT('',(265.,268.9375,115.7));
#11329 = VECTOR('',#11330,1.);
#11330 = DIRECTION('',(0.,1.,0.));
#11331 = CARTESIAN_POINT('',(265.,268.9375,115.7));
#11332 = CARTESIAN_POINT('',(265.,270.525,115.7));
#11333 = GEOMETRIC_CURVE_SET('',(#11334));
#11334 = TRIMMED_CURVE('',#11335,(#11339,PARAMETER_VALUE(0.)),(#11340,
    PARAMETER_VALUE(12.7)),.T.,.PARAMETER.);
#11335 = LINE('',#11336,#11337);
#11336 = CARTESIAN_POINT('',(265.,270.525,103.));
#11337 = VECTOR('',#11338,1.);
#11338 = DIRECTION('',(0.,0.,1.));
#11339 = CARTESIAN_POINT('',(265.,270.525,103.));
#11340 = CARTESIAN_POINT('',(265.,270.525,115.7));
#11341 = GEOMETRIC_CURVE_SET('',(#11342));
#11342 = TRIMMED_CURVE('',#11343,(#11347,PARAMETER_VALUE(0.)),(#11348,
    PARAMETER_VALUE(1.5875)),.T.,.PARAMETER.);
#11343 = LINE('',#11344,#11345);
#11344 = CARTESIAN_POINT('',(265.,268.9375,103.));
#11345 = VECTOR('',#11346,1.);
#11346 = DIRECTION('',(0.,1.,0.));
#11347 = CARTESIAN_POINT('',(265.,268.9375,103.));
#11348 = CARTESIAN_POINT('',(265.,270.525,103.));
#11349 = GEOMETRIC_CURVE_SET('',(#11350));
#11350 = TRIMMED_CURVE('',#11351,(#11355,PARAMETER_VALUE(0.)),(#11356,
    PARAMETER_VALUE(255.)),.T.,.PARAMETER.);
#11351 = LINE('',#11352,#11353);
#11352 = CARTESIAN_POINT('',(10.,268.9375,103.));
#11353 = VECTOR('',#11354,1.);
#11354 = DIRECTION('',(1.,0.,0.));
#11355 = CARTESIAN_POINT('',(10.,268.9375,103.));
#11356 = CARTESIAN_POINT('',(265.,268.9375,103.));
#11357 = GEOMETRIC_CURVE_SET('',(#11358));
#11358 = TRIMMED_CURVE('',#11359,(#11363,PARAMETER_VALUE(0.)),(#11364,
    PARAMETER_VALUE(255.)),.T.,.PARAMETER.);
#11359 = LINE('',#11360,#11361);
#11360 = CARTESIAN_POINT('',(10.,268.9375,115.7));
#11361 = VECTOR('',#11362,1.);
#11362 = DIRECTION('',(1.,0.,0.));
#11363 = CARTESIAN_POINT('',(10.,268.9375,115.7));
#11364 = CARTESIAN_POINT('',(265.,268.9375,115.7));
#11365 = GEOMETRIC_CURVE_SET('',(#11366));
#11366 = TRIMMED_CURVE('',#11367,(#11371,PARAMETER_VALUE(0.)),(#11372,
    PARAMETER_VALUE(255.)),.T.,.PARAMETER.);
#11367 = LINE('',#11368,#11369);
#11368 = CARTESIAN_POINT('',(10.,270.525,103.));
#11369 = VECTOR('',#11370,1.);
#11370 = DIRECTION('',(1.,0.,0.));
#11371 = CARTESIAN_POINT('',(10.,270.525,103.));
#11372 = CARTESIAN_POINT('',(265.,270.525,103.));
#11373 = GEOMETRIC_CURVE_SET('',(#11374));
#11374 = TRIMMED_CURVE('',#11375,(#11379,PARAMETER_VALUE(0.)),(#11380,
    PARAMETER_VALUE(255.)),.T.,.PARAMETER.);
#11375 = LINE('',#11376,#11377);
#11376 = CARTESIAN_POINT('',(10.,270.525,115.7));
#11377 = VECTOR('',#11378,1.);
#11378 = DIRECTION('',(1.,0.,0.));
#11379 = CARTESIAN_POINT('',(10.,270.525,115.7));
#11380 = CARTESIAN_POINT('',(265.,270.525,115.7));
#11381 = GEOMETRIC_CURVE_SET('',(#11382));
#11382 = TRIMMED_CURVE('',#11383,(#11387,PARAMETER_VALUE(0.)),(#11388,
    PARAMETER_VALUE(12.7)),.T.,.PARAMETER.);
#11383 = LINE('',#11384,#11385);
#11384 = CARTESIAN_POINT('',(2.5,20.,103.));
#11385 = VECTOR('',#11386,1.);
#11386 = DIRECTION('',(0.,0.,1.));
#11387 = CARTESIAN_POINT('',(2.5,20.,103.));
#11388 = CARTESIAN_POINT('',(2.5,20.,115.7));
#11389 = GEOMETRIC_CURVE_SET('',(#11390));
#11390 = TRIMMED_CURVE('',#11391,(#11395,PARAMETER_VALUE(0.)),(#11396,
    PARAMETER_VALUE(235.)),.T.,.PARAMETER.);
#11391 = LINE('',#11392,#11393);
#11392 = CARTESIAN_POINT('',(2.5,20.,115.7));
#11393 = VECTOR('',#11394,1.);
#11394 = DIRECTION('',(0.,1.,0.));
#11395 = CARTESIAN_POINT('',(2.5,20.,115.7));
#11396 = CARTESIAN_POINT('',(2.5,255.,115.7));
#11397 = GEOMETRIC_CURVE_SET('',(#11398));
#11398 = TRIMMED_CURVE('',#11399,(#11403,PARAMETER_VALUE(0.)),(#11404,
    PARAMETER_VALUE(12.7)),.T.,.PARAMETER.);
#11399 = LINE('',#11400,#11401);
#11400 = CARTESIAN_POINT('',(2.5,255.,103.));
#11401 = VECTOR('',#11402,1.);
#11402 = DIRECTION('',(0.,0.,1.));
#11403 = CARTESIAN_POINT('',(2.5,255.,103.));
#11404 = CARTESIAN_POINT('',(2.5,255.,115.7));
#11405 = GEOMETRIC_CURVE_SET('',(#11406));
#11406 = TRIMMED_CURVE('',#11407,(#11411,PARAMETER_VALUE(0.)),(#11412,
    PARAMETER_VALUE(235.)),.T.,.PARAMETER.);
#11407 = LINE('',#11408,#11409);
#11408 = CARTESIAN_POINT('',(2.5,20.,103.));
#11409 = VECTOR('',#11410,1.);
#11410 = DIRECTION('',(0.,1.,0.));
#11411 = CARTESIAN_POINT('',(2.5,20.,103.));
#11412 = CARTESIAN_POINT('',(2.5,255.,103.));
#11413 = GEOMETRIC_CURVE_SET('',(#11414));
#11414 = TRIMMED_CURVE('',#11415,(#11419,PARAMETER_VALUE(0.)),(#11420,
    PARAMETER_VALUE(12.7)),.T.,.PARAMETER.);
#11415 = LINE('',#11416,#11417);
#11416 = CARTESIAN_POINT('',(4.0875,20.,103.));
#11417 = VECTOR('',#11418,1.);
#11418 = DIRECTION('',(0.,0.,1.));
#11419 = CARTESIAN_POINT('',(4.0875,20.,103.));
#11420 = CARTESIAN_POINT('',(4.0875,20.,115.7));
#11421 = GEOMETRIC_CURVE_SET('',(#11422));
#11422 = TRIMMED_CURVE('',#11423,(#11427,PARAMETER_VALUE(0.)),(#11428,
    PARAMETER_VALUE(235.)),.T.,.PARAMETER.);
#11423 = LINE('',#11424,#11425);
#11424 = CARTESIAN_POINT('',(4.0875,20.,115.7));
#11425 = VECTOR('',#11426,1.);
#11426 = DIRECTION('',(0.,1.,0.));
#11427 = CARTESIAN_POINT('',(4.0875,20.,115.7));
#11428 = CARTESIAN_POINT('',(4.0875,255.,115.7));
#11429 = GEOMETRIC_CURVE_SET('',(#11430));
#11430 = TRIMMED_CURVE('',#11431,(#11435,PARAMETER_VALUE(0.)),(#11436,
    PARAMETER_VALUE(12.7)),.T.,.PARAMETER.);
#11431 = LINE('',#11432,#11433);
#11432 = CARTESIAN_POINT('',(4.0875,255.,103.));
#11433 = VECTOR('',#11434,1.);
#11434 = DIRECTION('',(0.,0.,1.));
#11435 = CARTESIAN_POINT('',(4.0875,255.,103.));
#11436 = CARTESIAN_POINT('',(4.0875,255.,115.7));
#11437 = GEOMETRIC_CURVE_SET('',(#11438));
#11438 = TRIMMED_CURVE('',#11439,(#11443,PARAMETER_VALUE(0.)),(#11444,
    PARAMETER_VALUE(235.)),.T.,.PARAMETER.);
#11439 = LINE('',#11440,#11441);
#11440 = CARTESIAN_POINT('',(4.0875,20.,103.));
#11441 = VECTOR('',#11442,1.);
#11442 = DIRECTION('',(0.,1.,0.));
#11443 = CARTESIAN_POINT('',(4.0875,20.,103.));
#11444 = CARTESIAN_POINT('',(4.0875,255.,103.));
#11445 = GEOMETRIC_CURVE_SET('',(#11446));
#11446 = TRIMMED_CURVE('',#11447,(#11451,PARAMETER_VALUE(0.)),(#11452,
    PARAMETER_VALUE(1.5875)),.T.,.PARAMETER.);
#11447 = LINE('',#11448,#11449);
#11448 = CARTESIAN_POINT('',(2.5,20.,103.));
#11449 = VECTOR('',#11450,1.);
#11450 = DIRECTION('',(1.,0.,0.));
#11451 = CARTESIAN_POINT('',(2.5,20.,103.));
#11452 = CARTESIAN_POINT('',(4.0875,20.,103.));
#11453 = GEOMETRIC_CURVE_SET('',(#11454));
#11454 = TRIMMED_CURVE('',#11455,(#11459,PARAMETER_VALUE(0.)),(#11460,
    PARAMETER_VALUE(1.5875)),.T.,.PARAMETER.);
#11455 = LINE('',#11456,#11457);
#11456 = CARTESIAN_POINT('',(2.5,20.,115.7));
#11457 = VECTOR('',#11458,1.);
#11458 = DIRECTION('',(1.,0.,0.));
#11459 = CARTESIAN_POINT('',(2.5,20.,115.7));
#11460 = CARTESIAN_POINT('',(4.0875,20.,115.7));
#11461 = GEOMETRIC_CURVE_SET('',(#11462));
#11462 = TRIMMED_CURVE('',#11463,(#11467,PARAMETER_VALUE(0.)),(#11468,
    PARAMETER_VALUE(1.5875)),.T.,.PARAMETER.);
#11463 = LINE('',#11464,#11465);
#11464 = CARTESIAN_POINT('',(2.5,255.,103.));
#11465 = VECTOR('',#11466,1.);
#11466 = DIRECTION('',(1.,0.,0.));
#11467 = CARTESIAN_POINT('',(2.5,255.,103.));
#11468 = CARTESIAN_POINT('',(4.0875,255.,103.));
#11469 = GEOMETRIC_CURVE_SET('',(#11470));
#11470 = TRIMMED_CURVE('',#11471,(#11475,PARAMETER_VALUE(0.)),(#11476,
    PARAMETER_VALUE(1.5875)),.T.,.PARAMETER.);
#11471 = LINE('',#11472,#11473);
#11472 = CARTESIAN_POINT('',(2.5,255.,115.7));
#11473 = VECTOR('',#11474,1.);
#11474 = DIRECTION('',(1.,0.,0.));
#11475 = CARTESIAN_POINT('',(2.5,255.,115.7));
#11476 = CARTESIAN_POINT('',(4.0875,255.,115.7));
#11477 = GEOMETRIC_CURVE_SET('',(#11478));
#11478 = TRIMMED_CURVE('',#11479,(#11483,PARAMETER_VALUE(0.)),(#11484,
    PARAMETER_VALUE(12.7)),.T.,.PARAMETER.);
#11479 = LINE('',#11480,#11481);
#11480 = CARTESIAN_POINT('',(270.9125,20.,103.));
#11481 = VECTOR('',#11482,1.);
#11482 = DIRECTION('',(0.,0.,1.));
#11483 = CARTESIAN_POINT('',(270.9125,20.,103.));
#11484 = CARTESIAN_POINT('',(270.9125,20.,115.7));
#11485 = GEOMETRIC_CURVE_SET('',(#11486));
#11486 = TRIMMED_CURVE('',#11487,(#11491,PARAMETER_VALUE(0.)),(#11492,
    PARAMETER_VALUE(235.)),.T.,.PARAMETER.);
#11487 = LINE('',#11488,#11489);
#11488 = CARTESIAN_POINT('',(270.9125,20.,115.7));
#11489 = VECTOR('',#11490,1.);
#11490 = DIRECTION('',(0.,1.,0.));
#11491 = CARTESIAN_POINT('',(270.9125,20.,115.7));
#11492 = CARTESIAN_POINT('',(270.9125,255.,115.7));
#11493 = GEOMETRIC_CURVE_SET('',(#11494));
#11494 = TRIMMED_CURVE('',#11495,(#11499,PARAMETER_VALUE(0.)),(#11500,
    PARAMETER_VALUE(12.7)),.T.,.PARAMETER.);
#11495 = LINE('',#11496,#11497);
#11496 = CARTESIAN_POINT('',(270.9125,255.,103.));
#11497 = VECTOR('',#11498,1.);
#11498 = DIRECTION('',(0.,0.,1.));
#11499 = CARTESIAN_POINT('',(270.9125,255.,103.));
#11500 = CARTESIAN_POINT('',(270.9125,255.,115.7));
#11501 = GEOMETRIC_CURVE_SET('',(#11502));
#11502 = TRIMMED_CURVE('',#11503,(#11507,PARAMETER_VALUE(0.)),(#11508,
    PARAMETER_VALUE(235.)),.T.,.PARAMETER.);
#11503 = LINE('',#11504,#11505);
#11504 = CARTESIAN_POINT('',(270.9125,20.,103.));
#11505 = VECTOR('',#11506,1.);
#11506 = DIRECTION('',(0.,1.,0.));
#11507 = CARTESIAN_POINT('',(270.9125,20.,103.));
#11508 = CARTESIAN_POINT('',(270.9125,255.,103.));
#11509 = GEOMETRIC_CURVE_SET('',(#11510));
#11510 = TRIMMED_CURVE('',#11511,(#11515,PARAMETER_VALUE(0.)),(#11516,
    PARAMETER_VALUE(12.7)),.T.,.PARAMETER.);
#11511 = LINE('',#11512,#11513);
#11512 = CARTESIAN_POINT('',(272.5,20.,103.));
#11513 = VECTOR('',#11514,1.);
#11514 = DIRECTION('',(0.,0.,1.));
#11515 = CARTESIAN_POINT('',(272.5,20.,103.));
#11516 = CARTESIAN_POINT('',(272.5,20.,115.7));
#11517 = GEOMETRIC_CURVE_SET('',(#11518));
#11518 = TRIMMED_CURVE('',#11519,(#11523,PARAMETER_VALUE(0.)),(#11524,
    PARAMETER_VALUE(235.)),.T.,.PARAMETER.);
#11519 = LINE('',#11520,#11521);
#11520 = CARTESIAN_POINT('',(272.5,20.,115.7));
#11521 = VECTOR('',#11522,1.);
#11522 = DIRECTION('',(0.,1.,0.));
#11523 = CARTESIAN_POINT('',(272.5,20.,115.7));
#11524 = CARTESIAN_POINT('',(272.5,255.,115.7));
#11525 = GEOMETRIC_CURVE_SET('',(#11526));
#11526 = TRIMMED_CURVE('',#11527,(#11531,PARAMETER_VALUE(0.)),(#11532,
    PARAMETER_VALUE(12.7)),.T.,.PARAMETER.);
#11527 = LINE('',#11528,#11529);
#11528 = CARTESIAN_POINT('',(272.5,255.,103.));
#11529 = VECTOR('',#11530,1.);
#11530 = DIRECTION('',(0.,0.,1.));
#11531 = CARTESIAN_POINT('',(272.5,255.,103.));
#11532 = CARTESIAN_POINT('',(272.5,255.,115.7));
#11533 = GEOMETRIC_CURVE_SET('',(#11534));
#11534 = TRIMMED_CURVE('',#11535,(#11539,PARAMETER_VALUE(0.)),(#11540,
    PARAMETER_VALUE(235.)),.T.,.PARAMETER.);
#11535 = LINE('',#11536,#11537);
#11536 = CARTESIAN_POINT('',(272.5,20.,103.));
#11537 = VECTOR('',#11538,1.);
#11538 = DIRECTION('',(0.,1.,0.));
#11539 = CARTESIAN_POINT('',(272.5,20.,103.));
#11540 = CARTESIAN_POINT('',(272.5,255.,103.));
#11541 = GEOMETRIC_CURVE_SET('',(#11542));
#11542 = TRIMMED_CURVE('',#11543,(#11547,PARAMETER_VALUE(0.)),(#11548,
    PARAMETER_VALUE(1.5875)),.T.,.PARAMETER.);
#11543 = LINE('',#11544,#11545);
#11544 = CARTESIAN_POINT('',(270.9125,20.,103.));
#11545 = VECTOR('',#11546,1.);
#11546 = DIRECTION('',(1.,0.,0.));
#11547 = CARTESIAN_POINT('',(270.9125,20.,103.));
#11548 = CARTESIAN_POINT('',(272.5,20.,103.));
#11549 = GEOMETRIC_CURVE_SET('',(#11550));
#11550 = TRIMMED_CURVE('',#11551,(#11555,PARAMETER_VALUE(0.)),(#11556,
    PARAMETER_VALUE(1.5875)),.T.,.PARAMETER.);
#11551 = LINE('',#11552,#11553);
#11552 = CARTESIAN_POINT('',(270.9125,20.,115.7));
#11553 = VECTOR('',#11554,1.);
#11554 = DIRECTION('',(1.,0.,0.));
#11555 = CARTESIAN_POINT('',(270.9125,20.,115.7));
#11556 = CARTESIAN_POINT('',(272.5,20.,115.7));
#11557 = GEOMETRIC_CURVE_SET('',(#11558));
#11558 = TRIMMED_CURVE('',#11559,(#11563,PARAMETER_VALUE(0.)),(#11564,
    PARAMETER_VALUE(1.5875)),.T.,.PARAMETER.);
#11559 = LINE('',#11560,#11561);
#11560 = CARTESIAN_POINT('',(270.9125,255.,103.));
#11561 = VECTOR('',#11562,1.);
#11562 = DIRECTION('',(1.,0.,0.));
#11563 = CARTESIAN_POINT('',(270.9125,255.,103.));
#11564 = CARTESIAN_POINT('',(272.5,255.,103.));
#11565 = GEOMETRIC_CURVE_SET('',(#11566));
#11566 = TRIMMED_CURVE('',#11567,(#11571,PARAMETER_VALUE(0.)),(#11572,
    PARAMETER_VALUE(1.5875)),.T.,.PARAMETER.);
#11567 = LINE('',#11568,#11569);
#11568 = CARTESIAN_POINT('',(270.9125,255.,115.7));
#11569 = VECTOR('',#11570,1.);
#11570 = DIRECTION('',(1.,0.,0.));
#11571 = CARTESIAN_POINT('',(270.9125,255.,115.7));
#11572 = CARTESIAN_POINT('',(272.5,255.,115.7));
#11573 = GEOMETRIC_CURVE_SET('',(#11574));
#11574 = TRIMMED_CURVE('',#11575,(#11579,PARAMETER_VALUE(0.)),(#11580,
    PARAMETER_VALUE(12.7)),.T.,.PARAMETER.);
#11575 = LINE('',#11576,#11577);
#11576 = CARTESIAN_POINT('',(4.0875,26.7,103.));
#11577 = VECTOR('',#11578,1.);
#11578 = DIRECTION('',(0.,0.,1.));
#11579 = CARTESIAN_POINT('',(4.0875,26.7,103.));
#11580 = CARTESIAN_POINT('',(4.0875,26.7,115.7));
#11581 = GEOMETRIC_CURVE_SET('',(#11582));
#11582 = TRIMMED_CURVE('',#11583,(#11587,PARAMETER_VALUE(0.)),(#11588,
    PARAMETER_VALUE(12.7)),.T.,.PARAMETER.);
#11583 = LINE('',#11584,#11585);
#11584 = CARTESIAN_POINT('',(4.0875,26.7,115.7));
#11585 = VECTOR('',#11586,1.);
#11586 = DIRECTION('',(0.,1.,0.));
#11587 = CARTESIAN_POINT('',(4.0875,26.7,115.7));
#11588 = CARTESIAN_POINT('',(4.0875,39.4,115.7));
#11589 = GEOMETRIC_CURVE_SET('',(#11590));
#11590 = TRIMMED_CURVE('',#11591,(#11595,PARAMETER_VALUE(0.)),(#11596,
    PARAMETER_VALUE(12.7)),.T.,.PARAMETER.);
#11591 = LINE('',#11592,#11593);
#11592 = CARTESIAN_POINT('',(4.0875,39.4,103.));
#11593 = VECTOR('',#11594,1.);
#11594 = DIRECTION('',(0.,0.,1.));
#11595 = CARTESIAN_POINT('',(4.0875,39.4,103.));
#11596 = CARTESIAN_POINT('',(4.0875,39.4,115.7));
#11597 = GEOMETRIC_CURVE_SET('',(#11598));
#11598 = TRIMMED_CURVE('',#11599,(#11603,PARAMETER_VALUE(0.)),(#11604,
    PARAMETER_VALUE(12.7)),.T.,.PARAMETER.);
#11599 = LINE('',#11600,#11601);
#11600 = CARTESIAN_POINT('',(4.0875,26.7,103.));
#11601 = VECTOR('',#11602,1.);
#11602 = DIRECTION('',(0.,1.,0.));
#11603 = CARTESIAN_POINT('',(4.0875,26.7,103.));
#11604 = CARTESIAN_POINT('',(4.0875,39.4,103.));
#11605 = GEOMETRIC_CURVE_SET('',(#11606));
#11606 = TRIMMED_CURVE('',#11607,(#11611,PARAMETER_VALUE(0.)),(#11612,
    PARAMETER_VALUE(12.7)),.T.,.PARAMETER.);
#11607 = LINE('',#11608,#11609);
#11608 = CARTESIAN_POINT('',(5.675,26.7,103.));
#11609 = VECTOR('',#11610,1.);
#11610 = DIRECTION('',(0.,0.,1.));
#11611 = CARTESIAN_POINT('',(5.675,26.7,103.));
#11612 = CARTESIAN_POINT('',(5.675,26.7,115.7));
#11613 = GEOMETRIC_CURVE_SET('',(#11614));
#11614 = TRIMMED_CURVE('',#11615,(#11619,PARAMETER_VALUE(0.)),(#11620,
    PARAMETER_VALUE(12.7)),.T.,.PARAMETER.);
#11615 = LINE('',#11616,#11617);
#11616 = CARTESIAN_POINT('',(5.675,26.7,115.7));
#11617 = VECTOR('',#11618,1.);
#11618 = DIRECTION('',(0.,1.,0.));
#11619 = CARTESIAN_POINT('',(5.675,26.7,115.7));
#11620 = CARTESIAN_POINT('',(5.675,39.4,115.7));
#11621 = GEOMETRIC_CURVE_SET('',(#11622));
#11622 = TRIMMED_CURVE('',#11623,(#11627,PARAMETER_VALUE(0.)),(#11628,
    PARAMETER_VALUE(12.7)),.T.,.PARAMETER.);
#11623 = LINE('',#11624,#11625);
#11624 = CARTESIAN_POINT('',(5.675,39.4,103.));
#11625 = VECTOR('',#11626,1.);
#11626 = DIRECTION('',(0.,0.,1.));
#11627 = CARTESIAN_POINT('',(5.675,39.4,103.));
#11628 = CARTESIAN_POINT('',(5.675,39.4,115.7));
#11629 = GEOMETRIC_CURVE_SET('',(#11630));
#11630 = TRIMMED_CURVE('',#11631,(#11635,PARAMETER_VALUE(0.)),(#11636,
    PARAMETER_VALUE(12.7)),.T.,.PARAMETER.);
#11631 = LINE('',#11632,#11633);
#11632 = CARTESIAN_POINT('',(5.675,26.7,103.));
#11633 = VECTOR('',#11634,1.);
#11634 = DIRECTION('',(0.,1.,0.));
#11635 = CARTESIAN_POINT('',(5.675,26.7,103.));
#11636 = CARTESIAN_POINT('',(5.675,39.4,103.));
#11637 = GEOMETRIC_CURVE_SET('',(#11638));
#11638 = TRIMMED_CURVE('',#11639,(#11643,PARAMETER_VALUE(0.)),(#11644,
    PARAMETER_VALUE(1.5875)),.T.,.PARAMETER.);
#11639 = LINE('',#11640,#11641);
#11640 = CARTESIAN_POINT('',(4.0875,26.7,103.));
#11641 = VECTOR('',#11642,1.);
#11642 = DIRECTION('',(1.,0.,0.));
#11643 = CARTESIAN_POINT('',(4.0875,26.7,103.));
#11644 = CARTESIAN_POINT('',(5.675,26.7,103.));
#11645 = GEOMETRIC_CURVE_SET('',(#11646));
#11646 = TRIMMED_CURVE('',#11647,(#11651,PARAMETER_VALUE(0.)),(#11652,
    PARAMETER_VALUE(1.5875)),.T.,.PARAMETER.);
#11647 = LINE('',#11648,#11649);
#11648 = CARTESIAN_POINT('',(4.0875,26.7,115.7));
#11649 = VECTOR('',#11650,1.);
#11650 = DIRECTION('',(1.,0.,0.));
#11651 = CARTESIAN_POINT('',(4.0875,26.7,115.7));
#11652 = CARTESIAN_POINT('',(5.675,26.7,115.7));
#11653 = GEOMETRIC_CURVE_SET('',(#11654));
#11654 = TRIMMED_CURVE('',#11655,(#11659,PARAMETER_VALUE(0.)),(#11660,
    PARAMETER_VALUE(1.5875)),.T.,.PARAMETER.);
#11655 = LINE('',#11656,#11657);
#11656 = CARTESIAN_POINT('',(4.0875,39.4,103.));
#11657 = VECTOR('',#11658,1.);
#11658 = DIRECTION('',(1.,0.,0.));
#11659 = CARTESIAN_POINT('',(4.0875,39.4,103.));
#11660 = CARTESIAN_POINT('',(5.675,39.4,103.));
#11661 = GEOMETRIC_CURVE_SET('',(#11662));
#11662 = TRIMMED_CURVE('',#11663,(#11667,PARAMETER_VALUE(0.)),(#11668,
    PARAMETER_VALUE(1.5875)),.T.,.PARAMETER.);
#11663 = LINE('',#11664,#11665);
#11664 = CARTESIAN_POINT('',(4.0875,39.4,115.7));
#11665 = VECTOR('',#11666,1.);
#11666 = DIRECTION('',(1.,0.,0.));
#11667 = CARTESIAN_POINT('',(4.0875,39.4,115.7));
#11668 = CARTESIAN_POINT('',(5.675,39.4,115.7));
#11669 = GEOMETRIC_CURVE_SET('',(#11670));
#11670 = TRIMMED_CURVE('',#11671,(#11675,PARAMETER_VALUE(0.)),(#11676,
    PARAMETER_VALUE(12.7)),.T.,.PARAMETER.);
#11671 = LINE('',#11672,#11673);
#11672 = CARTESIAN_POINT('',(5.675,26.7,103.));
#11673 = VECTOR('',#11674,1.);
#11674 = DIRECTION('',(0.,0.,1.));
#11675 = CARTESIAN_POINT('',(5.675,26.7,103.));
#11676 = CARTESIAN_POINT('',(5.675,26.7,115.7));
#11677 = GEOMETRIC_CURVE_SET('',(#11678));
#11678 = TRIMMED_CURVE('',#11679,(#11683,PARAMETER_VALUE(0.)),(#11684,
    PARAMETER_VALUE(1.5875)),.T.,.PARAMETER.);
#11679 = LINE('',#11680,#11681);
#11680 = CARTESIAN_POINT('',(5.675,26.7,115.7));
#11681 = VECTOR('',#11682,1.);
#11682 = DIRECTION('',(0.,1.,0.));
#11683 = CARTESIAN_POINT('',(5.675,26.7,115.7));
#11684 = CARTESIAN_POINT('',(5.675,28.2875,115.7));
#11685 = GEOMETRIC_CURVE_SET('',(#11686));
#11686 = TRIMMED_CURVE('',#11687,(#11691,PARAMETER_VALUE(0.)),(#11692,
    PARAMETER_VALUE(12.7)),.T.,.PARAMETER.);
#11687 = LINE('',#11688,#11689);
#11688 = CARTESIAN_POINT('',(5.675,28.2875,103.));
#11689 = VECTOR('',#11690,1.);
#11690 = DIRECTION('',(0.,0.,1.));
#11691 = CARTESIAN_POINT('',(5.675,28.2875,103.));
#11692 = CARTESIAN_POINT('',(5.675,28.2875,115.7));
#11693 = GEOMETRIC_CURVE_SET('',(#11694));
#11694 = TRIMMED_CURVE('',#11695,(#11699,PARAMETER_VALUE(0.)),(#11700,
    PARAMETER_VALUE(1.5875)),.T.,.PARAMETER.);
#11695 = LINE('',#11696,#11697);
#11696 = CARTESIAN_POINT('',(5.675,26.7,103.));
#11697 = VECTOR('',#11698,1.);
#11698 = DIRECTION('',(0.,1.,0.));
#11699 = CARTESIAN_POINT('',(5.675,26.7,103.));
#11700 = CARTESIAN_POINT('',(5.675,28.2875,103.));
#11701 = GEOMETRIC_CURVE_SET('',(#11702));
#11702 = TRIMMED_CURVE('',#11703,(#11707,PARAMETER_VALUE(0.)),(#11708,
    PARAMETER_VALUE(12.7)),.T.,.PARAMETER.);
#11703 = LINE('',#11704,#11705);
#11704 = CARTESIAN_POINT('',(16.7875,26.7,103.));
#11705 = VECTOR('',#11706,1.);
#11706 = DIRECTION('',(0.,0.,1.));
#11707 = CARTESIAN_POINT('',(16.7875,26.7,103.));
#11708 = CARTESIAN_POINT('',(16.7875,26.7,115.7));
#11709 = GEOMETRIC_CURVE_SET('',(#11710));
#11710 = TRIMMED_CURVE('',#11711,(#11715,PARAMETER_VALUE(0.)),(#11716,
    PARAMETER_VALUE(1.5875)),.T.,.PARAMETER.);
#11711 = LINE('',#11712,#11713);
#11712 = CARTESIAN_POINT('',(16.7875,26.7,115.7));
#11713 = VECTOR('',#11714,1.);
#11714 = DIRECTION('',(0.,1.,0.));
#11715 = CARTESIAN_POINT('',(16.7875,26.7,115.7));
#11716 = CARTESIAN_POINT('',(16.7875,28.2875,115.7));
#11717 = GEOMETRIC_CURVE_SET('',(#11718));
#11718 = TRIMMED_CURVE('',#11719,(#11723,PARAMETER_VALUE(0.)),(#11724,
    PARAMETER_VALUE(12.7)),.T.,.PARAMETER.);
#11719 = LINE('',#11720,#11721);
#11720 = CARTESIAN_POINT('',(16.7875,28.2875,103.));
#11721 = VECTOR('',#11722,1.);
#11722 = DIRECTION('',(0.,0.,1.));
#11723 = CARTESIAN_POINT('',(16.7875,28.2875,103.));
#11724 = CARTESIAN_POINT('',(16.7875,28.2875,115.7));
#11725 = GEOMETRIC_CURVE_SET('',(#11726));
#11726 = TRIMMED_CURVE('',#11727,(#11731,PARAMETER_VALUE(0.)),(#11732,
    PARAMETER_VALUE(1.5875)),.T.,.PARAMETER.);
#11727 = LINE('',#11728,#11729);
#11728 = CARTESIAN_POINT('',(16.7875,26.7,103.));
#11729 = VECTOR('',#11730,1.);
#11730 = DIRECTION('',(0.,1.,0.));
#11731 = CARTESIAN_POINT('',(16.7875,26.7,103.));
#11732 = CARTESIAN_POINT('',(16.7875,28.2875,103.));
#11733 = GEOMETRIC_CURVE_SET('',(#11734));
#11734 = TRIMMED_CURVE('',#11735,(#11739,PARAMETER_VALUE(0.)),(#11740,
    PARAMETER_VALUE(11.1125)),.T.,.PARAMETER.);
#11735 = LINE('',#11736,#11737);
#11736 = CARTESIAN_POINT('',(5.675,26.7,103.));
#11737 = VECTOR('',#11738,1.);
#11738 = DIRECTION('',(1.,0.,0.));
#11739 = CARTESIAN_POINT('',(5.675,26.7,103.));
#11740 = CARTESIAN_POINT('',(16.7875,26.7,103.));
#11741 = GEOMETRIC_CURVE_SET('',(#11742));
#11742 = TRIMMED_CURVE('',#11743,(#11747,PARAMETER_VALUE(0.)),(#11748,
    PARAMETER_VALUE(11.1125)),.T.,.PARAMETER.);
#11743 = LINE('',#11744,#11745);
#11744 = CARTESIAN_POINT('',(5.675,26.7,115.7));
#11745 = VECTOR('',#11746,1.);
#11746 = DIRECTION('',(1.,0.,0.));
#11747 = CARTESIAN_POINT('',(5.675,26.7,115.7));
#11748 = CARTESIAN_POINT('',(16.7875,26.7,115.7));
#11749 = GEOMETRIC_CURVE_SET('',(#11750));
#11750 = TRIMMED_CURVE('',#11751,(#11755,PARAMETER_VALUE(0.)),(#11756,
    PARAMETER_VALUE(11.1125)),.T.,.PARAMETER.);
#11751 = LINE('',#11752,#11753);
#11752 = CARTESIAN_POINT('',(5.675,28.2875,103.));
#11753 = VECTOR('',#11754,1.);
#11754 = DIRECTION('',(1.,0.,0.));
#11755 = CARTESIAN_POINT('',(5.675,28.2875,103.));
#11756 = CARTESIAN_POINT('',(16.7875,28.2875,103.));
#11757 = GEOMETRIC_CURVE_SET('',(#11758));
#11758 = TRIMMED_CURVE('',#11759,(#11763,PARAMETER_VALUE(0.)),(#11764,
    PARAMETER_VALUE(11.1125)),.T.,.PARAMETER.);
#11759 = LINE('',#11760,#11761);
#11760 = CARTESIAN_POINT('',(5.675,28.2875,115.7));
#11761 = VECTOR('',#11762,1.);
#11762 = DIRECTION('',(1.,0.,0.));
#11763 = CARTESIAN_POINT('',(5.675,28.2875,115.7));
#11764 = CARTESIAN_POINT('',(16.7875,28.2875,115.7));
#11765 = GEOMETRIC_CURVE_SET('',(#11766));
#11766 = TRIMMED_CURVE('',#11767,(#11771,PARAMETER_VALUE(0.)),(#11772,
    PARAMETER_VALUE(12.7)),.T.,.PARAMETER.);
#11767 = LINE('',#11768,#11769);
#11768 = CARTESIAN_POINT('',(269.325,26.7,103.));
#11769 = VECTOR('',#11770,1.);
#11770 = DIRECTION('',(0.,0.,1.));
#11771 = CARTESIAN_POINT('',(269.325,26.7,103.));
#11772 = CARTESIAN_POINT('',(269.325,26.7,115.7));
#11773 = GEOMETRIC_CURVE_SET('',(#11774));
#11774 = TRIMMED_CURVE('',#11775,(#11779,PARAMETER_VALUE(0.)),(#11780,
    PARAMETER_VALUE(12.7)),.T.,.PARAMETER.);
#11775 = LINE('',#11776,#11777);
#11776 = CARTESIAN_POINT('',(269.325,26.7,115.7));
#11777 = VECTOR('',#11778,1.);
#11778 = DIRECTION('',(0.,1.,0.));
#11779 = CARTESIAN_POINT('',(269.325,26.7,115.7));
#11780 = CARTESIAN_POINT('',(269.325,39.4,115.7));
#11781 = GEOMETRIC_CURVE_SET('',(#11782));
#11782 = TRIMMED_CURVE('',#11783,(#11787,PARAMETER_VALUE(0.)),(#11788,
    PARAMETER_VALUE(12.7)),.T.,.PARAMETER.);
#11783 = LINE('',#11784,#11785);
#11784 = CARTESIAN_POINT('',(269.325,39.4,103.));
#11785 = VECTOR('',#11786,1.);
#11786 = DIRECTION('',(0.,0.,1.));
#11787 = CARTESIAN_POINT('',(269.325,39.4,103.));
#11788 = CARTESIAN_POINT('',(269.325,39.4,115.7));
#11789 = GEOMETRIC_CURVE_SET('',(#11790));
#11790 = TRIMMED_CURVE('',#11791,(#11795,PARAMETER_VALUE(0.)),(#11796,
    PARAMETER_VALUE(12.7)),.T.,.PARAMETER.);
#11791 = LINE('',#11792,#11793);
#11792 = CARTESIAN_POINT('',(269.325,26.7,103.));
#11793 = VECTOR('',#11794,1.);
#11794 = DIRECTION('',(0.,1.,0.));
#11795 = CARTESIAN_POINT('',(269.325,26.7,103.));
#11796 = CARTESIAN_POINT('',(269.325,39.4,103.));
#11797 = GEOMETRIC_CURVE_SET('',(#11798));
#11798 = TRIMMED_CURVE('',#11799,(#11803,PARAMETER_VALUE(0.)),(#11804,
    PARAMETER_VALUE(12.7)),.T.,.PARAMETER.);
#11799 = LINE('',#11800,#11801);
#11800 = CARTESIAN_POINT('',(270.9125,26.7,103.));
#11801 = VECTOR('',#11802,1.);
#11802 = DIRECTION('',(0.,0.,1.));
#11803 = CARTESIAN_POINT('',(270.9125,26.7,103.));
#11804 = CARTESIAN_POINT('',(270.9125,26.7,115.7));
#11805 = GEOMETRIC_CURVE_SET('',(#11806));
#11806 = TRIMMED_CURVE('',#11807,(#11811,PARAMETER_VALUE(0.)),(#11812,
    PARAMETER_VALUE(12.7)),.T.,.PARAMETER.);
#11807 = LINE('',#11808,#11809);
#11808 = CARTESIAN_POINT('',(270.9125,26.7,115.7));
#11809 = VECTOR('',#11810,1.);
#11810 = DIRECTION('',(0.,1.,0.));
#11811 = CARTESIAN_POINT('',(270.9125,26.7,115.7));
#11812 = CARTESIAN_POINT('',(270.9125,39.4,115.7));
#11813 = GEOMETRIC_CURVE_SET('',(#11814));
#11814 = TRIMMED_CURVE('',#11815,(#11819,PARAMETER_VALUE(0.)),(#11820,
    PARAMETER_VALUE(12.7)),.T.,.PARAMETER.);
#11815 = LINE('',#11816,#11817);
#11816 = CARTESIAN_POINT('',(270.9125,39.4,103.));
#11817 = VECTOR('',#11818,1.);
#11818 = DIRECTION('',(0.,0.,1.));
#11819 = CARTESIAN_POINT('',(270.9125,39.4,103.));
#11820 = CARTESIAN_POINT('',(270.9125,39.4,115.7));
#11821 = GEOMETRIC_CURVE_SET('',(#11822));
#11822 = TRIMMED_CURVE('',#11823,(#11827,PARAMETER_VALUE(0.)),(#11828,
    PARAMETER_VALUE(12.7)),.T.,.PARAMETER.);
#11823 = LINE('',#11824,#11825);
#11824 = CARTESIAN_POINT('',(270.9125,26.7,103.));
#11825 = VECTOR('',#11826,1.);
#11826 = DIRECTION('',(0.,1.,0.));
#11827 = CARTESIAN_POINT('',(270.9125,26.7,103.));
#11828 = CARTESIAN_POINT('',(270.9125,39.4,103.));
#11829 = GEOMETRIC_CURVE_SET('',(#11830));
#11830 = TRIMMED_CURVE('',#11831,(#11835,PARAMETER_VALUE(0.)),(#11836,
    PARAMETER_VALUE(1.5875)),.T.,.PARAMETER.);
#11831 = LINE('',#11832,#11833);
#11832 = CARTESIAN_POINT('',(269.325,26.7,103.));
#11833 = VECTOR('',#11834,1.);
#11834 = DIRECTION('',(1.,0.,0.));
#11835 = CARTESIAN_POINT('',(269.325,26.7,103.));
#11836 = CARTESIAN_POINT('',(270.9125,26.7,103.));
#11837 = GEOMETRIC_CURVE_SET('',(#11838));
#11838 = TRIMMED_CURVE('',#11839,(#11843,PARAMETER_VALUE(0.)),(#11844,
    PARAMETER_VALUE(1.5875)),.T.,.PARAMETER.);
#11839 = LINE('',#11840,#11841);
#11840 = CARTESIAN_POINT('',(269.325,26.7,115.7));
#11841 = VECTOR('',#11842,1.);
#11842 = DIRECTION('',(1.,0.,0.));
#11843 = CARTESIAN_POINT('',(269.325,26.7,115.7));
#11844 = CARTESIAN_POINT('',(270.9125,26.7,115.7));
#11845 = GEOMETRIC_CURVE_SET('',(#11846));
#11846 = TRIMMED_CURVE('',#11847,(#11851,PARAMETER_VALUE(0.)),(#11852,
    PARAMETER_VALUE(1.5875)),.T.,.PARAMETER.);
#11847 = LINE('',#11848,#11849);
#11848 = CARTESIAN_POINT('',(269.325,39.4,103.));
#11849 = VECTOR('',#11850,1.);
#11850 = DIRECTION('',(1.,0.,0.));
#11851 = CARTESIAN_POINT('',(269.325,39.4,103.));
#11852 = CARTESIAN_POINT('',(270.9125,39.4,103.));
#11853 = GEOMETRIC_CURVE_SET('',(#11854));
#11854 = TRIMMED_CURVE('',#11855,(#11859,PARAMETER_VALUE(0.)),(#11860,
    PARAMETER_VALUE(1.5875)),.T.,.PARAMETER.);
#11855 = LINE('',#11856,#11857);
#11856 = CARTESIAN_POINT('',(269.325,39.4,115.7));
#11857 = VECTOR('',#11858,1.);
#11858 = DIRECTION('',(1.,0.,0.));
#11859 = CARTESIAN_POINT('',(269.325,39.4,115.7));
#11860 = CARTESIAN_POINT('',(270.9125,39.4,115.7));
#11861 = GEOMETRIC_CURVE_SET('',(#11862));
#11862 = TRIMMED_CURVE('',#11863,(#11867,PARAMETER_VALUE(0.)),(#11868,
    PARAMETER_VALUE(12.7)),.T.,.PARAMETER.);
#11863 = LINE('',#11864,#11865);
#11864 = CARTESIAN_POINT('',(258.2125,26.7,103.));
#11865 = VECTOR('',#11866,1.);
#11866 = DIRECTION('',(0.,0.,1.));
#11867 = CARTESIAN_POINT('',(258.2125,26.7,103.));
#11868 = CARTESIAN_POINT('',(258.2125,26.7,115.7));
#11869 = GEOMETRIC_CURVE_SET('',(#11870));
#11870 = TRIMMED_CURVE('',#11871,(#11875,PARAMETER_VALUE(0.)),(#11876,
    PARAMETER_VALUE(1.5875)),.T.,.PARAMETER.);
#11871 = LINE('',#11872,#11873);
#11872 = CARTESIAN_POINT('',(258.2125,26.7,115.7));
#11873 = VECTOR('',#11874,1.);
#11874 = DIRECTION('',(0.,1.,0.));
#11875 = CARTESIAN_POINT('',(258.2125,26.7,115.7));
#11876 = CARTESIAN_POINT('',(258.2125,28.2875,115.7));
#11877 = GEOMETRIC_CURVE_SET('',(#11878));
#11878 = TRIMMED_CURVE('',#11879,(#11883,PARAMETER_VALUE(0.)),(#11884,
    PARAMETER_VALUE(12.7)),.T.,.PARAMETER.);
#11879 = LINE('',#11880,#11881);
#11880 = CARTESIAN_POINT('',(258.2125,28.2875,103.));
#11881 = VECTOR('',#11882,1.);
#11882 = DIRECTION('',(0.,0.,1.));
#11883 = CARTESIAN_POINT('',(258.2125,28.2875,103.));
#11884 = CARTESIAN_POINT('',(258.2125,28.2875,115.7));
#11885 = GEOMETRIC_CURVE_SET('',(#11886));
#11886 = TRIMMED_CURVE('',#11887,(#11891,PARAMETER_VALUE(0.)),(#11892,
    PARAMETER_VALUE(1.5875)),.T.,.PARAMETER.);
#11887 = LINE('',#11888,#11889);
#11888 = CARTESIAN_POINT('',(258.2125,26.7,103.));
#11889 = VECTOR('',#11890,1.);
#11890 = DIRECTION('',(0.,1.,0.));
#11891 = CARTESIAN_POINT('',(258.2125,26.7,103.));
#11892 = CARTESIAN_POINT('',(258.2125,28.2875,103.));
#11893 = GEOMETRIC_CURVE_SET('',(#11894));
#11894 = TRIMMED_CURVE('',#11895,(#11899,PARAMETER_VALUE(0.)),(#11900,
    PARAMETER_VALUE(12.7)),.T.,.PARAMETER.);
#11895 = LINE('',#11896,#11897);
#11896 = CARTESIAN_POINT('',(269.325,26.7,103.));
#11897 = VECTOR('',#11898,1.);
#11898 = DIRECTION('',(0.,0.,1.));
#11899 = CARTESIAN_POINT('',(269.325,26.7,103.));
#11900 = CARTESIAN_POINT('',(269.325,26.7,115.7));
#11901 = GEOMETRIC_CURVE_SET('',(#11902));
#11902 = TRIMMED_CURVE('',#11903,(#11907,PARAMETER_VALUE(0.)),(#11908,
    PARAMETER_VALUE(1.5875)),.T.,.PARAMETER.);
#11903 = LINE('',#11904,#11905);
#11904 = CARTESIAN_POINT('',(269.325,26.7,115.7));
#11905 = VECTOR('',#11906,1.);
#11906 = DIRECTION('',(0.,1.,0.));
#11907 = CARTESIAN_POINT('',(269.325,26.7,115.7));
#11908 = CARTESIAN_POINT('',(269.325,28.2875,115.7));
#11909 = GEOMETRIC_CURVE_SET('',(#11910));
#11910 = TRIMMED_CURVE('',#11911,(#11915,PARAMETER_VALUE(0.)),(#11916,
    PARAMETER_VALUE(12.7)),.T.,.PARAMETER.);
#11911 = LINE('',#11912,#11913);
#11912 = CARTESIAN_POINT('',(269.325,28.2875,103.));
#11913 = VECTOR('',#11914,1.);
#11914 = DIRECTION('',(0.,0.,1.));
#11915 = CARTESIAN_POINT('',(269.325,28.2875,103.));
#11916 = CARTESIAN_POINT('',(269.325,28.2875,115.7));
#11917 = GEOMETRIC_CURVE_SET('',(#11918));
#11918 = TRIMMED_CURVE('',#11919,(#11923,PARAMETER_VALUE(0.)),(#11924,
    PARAMETER_VALUE(1.5875)),.T.,.PARAMETER.);
#11919 = LINE('',#11920,#11921);
#11920 = CARTESIAN_POINT('',(269.325,26.7,103.));
#11921 = VECTOR('',#11922,1.);
#11922 = DIRECTION('',(0.,1.,0.));
#11923 = CARTESIAN_POINT('',(269.325,26.7,103.));
#11924 = CARTESIAN_POINT('',(269.325,28.2875,103.));
#11925 = GEOMETRIC_CURVE_SET('',(#11926));
#11926 = TRIMMED_CURVE('',#11927,(#11931,PARAMETER_VALUE(0.)),(#11932,
    PARAMETER_VALUE(11.1125)),.T.,.PARAMETER.);
#11927 = LINE('',#11928,#11929);
#11928 = CARTESIAN_POINT('',(258.2125,26.7,103.));
#11929 = VECTOR('',#11930,1.);
#11930 = DIRECTION('',(1.,0.,0.));
#11931 = CARTESIAN_POINT('',(258.2125,26.7,103.));
#11932 = CARTESIAN_POINT('',(269.325,26.7,103.));
#11933 = GEOMETRIC_CURVE_SET('',(#11934));
#11934 = TRIMMED_CURVE('',#11935,(#11939,PARAMETER_VALUE(0.)),(#11940,
    PARAMETER_VALUE(11.1125)),.T.,.PARAMETER.);
#11935 = LINE('',#11936,#11937);
#11936 = CARTESIAN_POINT('',(258.2125,26.7,115.7));
#11937 = VECTOR('',#11938,1.);
#11938 = DIRECTION('',(1.,0.,0.));
#11939 = CARTESIAN_POINT('',(258.2125,26.7,115.7));
#11940 = CARTESIAN_POINT('',(269.325,26.7,115.7));
#11941 = GEOMETRIC_CURVE_SET('',(#11942));
#11942 = TRIMMED_CURVE('',#11943,(#11947,PARAMETER_VALUE(0.)),(#11948,
    PARAMETER_VALUE(11.1125)),.T.,.PARAMETER.);
#11943 = LINE('',#11944,#11945);
#11944 = CARTESIAN_POINT('',(258.2125,28.2875,103.));
#11945 = VECTOR('',#11946,1.);
#11946 = DIRECTION('',(1.,0.,0.));
#11947 = CARTESIAN_POINT('',(258.2125,28.2875,103.));
#11948 = CARTESIAN_POINT('',(269.325,28.2875,103.));
#11949 = GEOMETRIC_CURVE_SET('',(#11950));
#11950 = TRIMMED_CURVE('',#11951,(#11955,PARAMETER_VALUE(0.)),(#11956,
    PARAMETER_VALUE(11.1125)),.T.,.PARAMETER.);
#11951 = LINE('',#11952,#11953);
#11952 = CARTESIAN_POINT('',(258.2125,28.2875,115.7));
#11953 = VECTOR('',#11954,1.);
#11954 = DIRECTION('',(1.,0.,0.));
#11955 = CARTESIAN_POINT('',(258.2125,28.2875,115.7));
#11956 = CARTESIAN_POINT('',(269.325,28.2875,115.7));
#11957 = GEOMETRIC_CURVE_SET('',(#11958));
#11958 = TRIMMED_CURVE('',#11959,(#11963,PARAMETER_VALUE(0.)),(#11964,
    PARAMETER_VALUE(12.7)),.T.,.PARAMETER.);
#11959 = LINE('',#11960,#11961);
#11960 = CARTESIAN_POINT('',(4.0875,235.6,103.));
#11961 = VECTOR('',#11962,1.);
#11962 = DIRECTION('',(0.,0.,1.));
#11963 = CARTESIAN_POINT('',(4.0875,235.6,103.));
#11964 = CARTESIAN_POINT('',(4.0875,235.6,115.7));
#11965 = GEOMETRIC_CURVE_SET('',(#11966));
#11966 = TRIMMED_CURVE('',#11967,(#11971,PARAMETER_VALUE(0.)),(#11972,
    PARAMETER_VALUE(12.7)),.T.,.PARAMETER.);
#11967 = LINE('',#11968,#11969);
#11968 = CARTESIAN_POINT('',(4.0875,235.6,115.7));
#11969 = VECTOR('',#11970,1.);
#11970 = DIRECTION('',(0.,1.,0.));
#11971 = CARTESIAN_POINT('',(4.0875,235.6,115.7));
#11972 = CARTESIAN_POINT('',(4.0875,248.3,115.7));
#11973 = GEOMETRIC_CURVE_SET('',(#11974));
#11974 = TRIMMED_CURVE('',#11975,(#11979,PARAMETER_VALUE(0.)),(#11980,
    PARAMETER_VALUE(12.7)),.T.,.PARAMETER.);
#11975 = LINE('',#11976,#11977);
#11976 = CARTESIAN_POINT('',(4.0875,248.3,103.));
#11977 = VECTOR('',#11978,1.);
#11978 = DIRECTION('',(0.,0.,1.));
#11979 = CARTESIAN_POINT('',(4.0875,248.3,103.));
#11980 = CARTESIAN_POINT('',(4.0875,248.3,115.7));
#11981 = GEOMETRIC_CURVE_SET('',(#11982));
#11982 = TRIMMED_CURVE('',#11983,(#11987,PARAMETER_VALUE(0.)),(#11988,
    PARAMETER_VALUE(12.7)),.T.,.PARAMETER.);
#11983 = LINE('',#11984,#11985);
#11984 = CARTESIAN_POINT('',(4.0875,235.6,103.));
#11985 = VECTOR('',#11986,1.);
#11986 = DIRECTION('',(0.,1.,0.));
#11987 = CARTESIAN_POINT('',(4.0875,235.6,103.));
#11988 = CARTESIAN_POINT('',(4.0875,248.3,103.));
#11989 = GEOMETRIC_CURVE_SET('',(#11990));
#11990 = TRIMMED_CURVE('',#11991,(#11995,PARAMETER_VALUE(0.)),(#11996,
    PARAMETER_VALUE(12.7)),.T.,.PARAMETER.);
#11991 = LINE('',#11992,#11993);
#11992 = CARTESIAN_POINT('',(5.675,235.6,103.));
#11993 = VECTOR('',#11994,1.);
#11994 = DIRECTION('',(0.,0.,1.));
#11995 = CARTESIAN_POINT('',(5.675,235.6,103.));
#11996 = CARTESIAN_POINT('',(5.675,235.6,115.7));
#11997 = GEOMETRIC_CURVE_SET('',(#11998));
#11998 = TRIMMED_CURVE('',#11999,(#12003,PARAMETER_VALUE(0.)),(#12004,
    PARAMETER_VALUE(12.7)),.T.,.PARAMETER.);
#11999 = LINE('',#12000,#12001);
#12000 = CARTESIAN_POINT('',(5.675,235.6,115.7));
#12001 = VECTOR('',#12002,1.);
#12002 = DIRECTION('',(0.,1.,0.));
#12003 = CARTESIAN_POINT('',(5.675,235.6,115.7));
#12004 = CARTESIAN_POINT('',(5.675,248.3,115.7));
#12005 = GEOMETRIC_CURVE_SET('',(#12006));
#12006 = TRIMMED_CURVE('',#12007,(#12011,PARAMETER_VALUE(0.)),(#12012,
    PARAMETER_VALUE(12.7)),.T.,.PARAMETER.);
#12007 = LINE('',#12008,#12009);
#12008 = CARTESIAN_POINT('',(5.675,248.3,103.));
#12009 = VECTOR('',#12010,1.);
#12010 = DIRECTION('',(0.,0.,1.));
#12011 = CARTESIAN_POINT('',(5.675,248.3,103.));
#12012 = CARTESIAN_POINT('',(5.675,248.3,115.7));
#12013 = GEOMETRIC_CURVE_SET('',(#12014));
#12014 = TRIMMED_CURVE('',#12015,(#12019,PARAMETER_VALUE(0.)),(#12020,
    PARAMETER_VALUE(12.7)),.T.,.PARAMETER.);
#12015 = LINE('',#12016,#12017);
#12016 = CARTESIAN_POINT('',(5.675,235.6,103.));
#12017 = VECTOR('',#12018,1.);
#12018 = DIRECTION('',(0.,1.,0.));
#12019 = CARTESIAN_POINT('',(5.675,235.6,103.));
#12020 = CARTESIAN_POINT('',(5.675,248.3,103.));
#12021 = GEOMETRIC_CURVE_SET('',(#12022));
#12022 = TRIMMED_CURVE('',#12023,(#12027,PARAMETER_VALUE(0.)),(#12028,
    PARAMETER_VALUE(1.5875)),.T.,.PARAMETER.);
#12023 = LINE('',#12024,#12025);
#12024 = CARTESIAN_POINT('',(4.0875,235.6,103.));
#12025 = VECTOR('',#12026,1.);
#12026 = DIRECTION('',(1.,0.,0.));
#12027 = CARTESIAN_POINT('',(4.0875,235.6,103.));
#12028 = CARTESIAN_POINT('',(5.675,235.6,103.));
#12029 = GEOMETRIC_CURVE_SET('',(#12030));
#12030 = TRIMMED_CURVE('',#12031,(#12035,PARAMETER_VALUE(0.)),(#12036,
    PARAMETER_VALUE(1.5875)),.T.,.PARAMETER.);
#12031 = LINE('',#12032,#12033);
#12032 = CARTESIAN_POINT('',(4.0875,235.6,115.7));
#12033 = VECTOR('',#12034,1.);
#12034 = DIRECTION('',(1.,0.,0.));
#12035 = CARTESIAN_POINT('',(4.0875,235.6,115.7));
#12036 = CARTESIAN_POINT('',(5.675,235.6,115.7));
#12037 = GEOMETRIC_CURVE_SET('',(#12038));
#12038 = TRIMMED_CURVE('',#12039,(#12043,PARAMETER_VALUE(0.)),(#12044,
    PARAMETER_VALUE(1.5875)),.T.,.PARAMETER.);
#12039 = LINE('',#12040,#12041);
#12040 = CARTESIAN_POINT('',(4.0875,248.3,103.));
#12041 = VECTOR('',#12042,1.);
#12042 = DIRECTION('',(1.,0.,0.));
#12043 = CARTESIAN_POINT('',(4.0875,248.3,103.));
#12044 = CARTESIAN_POINT('',(5.675,248.3,103.));
#12045 = GEOMETRIC_CURVE_SET('',(#12046));
#12046 = TRIMMED_CURVE('',#12047,(#12051,PARAMETER_VALUE(0.)),(#12052,
    PARAMETER_VALUE(1.5875)),.T.,.PARAMETER.);
#12047 = LINE('',#12048,#12049);
#12048 = CARTESIAN_POINT('',(4.0875,248.3,115.7));
#12049 = VECTOR('',#12050,1.);
#12050 = DIRECTION('',(1.,0.,0.));
#12051 = CARTESIAN_POINT('',(4.0875,248.3,115.7));
#12052 = CARTESIAN_POINT('',(5.675,248.3,115.7));
#12053 = GEOMETRIC_CURVE_SET('',(#12054));
#12054 = TRIMMED_CURVE('',#12055,(#12059,PARAMETER_VALUE(0.)),(#12060,
    PARAMETER_VALUE(12.7)),.T.,.PARAMETER.);
#12055 = LINE('',#12056,#12057);
#12056 = CARTESIAN_POINT('',(5.675,246.7125,103.));
#12057 = VECTOR('',#12058,1.);
#12058 = DIRECTION('',(0.,0.,1.));
#12059 = CARTESIAN_POINT('',(5.675,246.7125,103.));
#12060 = CARTESIAN_POINT('',(5.675,246.7125,115.7));
#12061 = GEOMETRIC_CURVE_SET('',(#12062));
#12062 = TRIMMED_CURVE('',#12063,(#12067,PARAMETER_VALUE(0.)),(#12068,
    PARAMETER_VALUE(1.5875)),.T.,.PARAMETER.);
#12063 = LINE('',#12064,#12065);
#12064 = CARTESIAN_POINT('',(5.675,246.7125,115.7));
#12065 = VECTOR('',#12066,1.);
#12066 = DIRECTION('',(0.,1.,0.));
#12067 = CARTESIAN_POINT('',(5.675,246.7125,115.7));
#12068 = CARTESIAN_POINT('',(5.675,248.3,115.7));
#12069 = GEOMETRIC_CURVE_SET('',(#12070));
#12070 = TRIMMED_CURVE('',#12071,(#12075,PARAMETER_VALUE(0.)),(#12076,
    PARAMETER_VALUE(12.7)),.T.,.PARAMETER.);
#12071 = LINE('',#12072,#12073);
#12072 = CARTESIAN_POINT('',(5.675,248.3,103.));
#12073 = VECTOR('',#12074,1.);
#12074 = DIRECTION('',(0.,0.,1.));
#12075 = CARTESIAN_POINT('',(5.675,248.3,103.));
#12076 = CARTESIAN_POINT('',(5.675,248.3,115.7));
#12077 = GEOMETRIC_CURVE_SET('',(#12078));
#12078 = TRIMMED_CURVE('',#12079,(#12083,PARAMETER_VALUE(0.)),(#12084,
    PARAMETER_VALUE(1.5875)),.T.,.PARAMETER.);
#12079 = LINE('',#12080,#12081);
#12080 = CARTESIAN_POINT('',(5.675,246.7125,103.));
#12081 = VECTOR('',#12082,1.);
#12082 = DIRECTION('',(0.,1.,0.));
#12083 = CARTESIAN_POINT('',(5.675,246.7125,103.));
#12084 = CARTESIAN_POINT('',(5.675,248.3,103.));
#12085 = GEOMETRIC_CURVE_SET('',(#12086));
#12086 = TRIMMED_CURVE('',#12087,(#12091,PARAMETER_VALUE(0.)),(#12092,
    PARAMETER_VALUE(12.7)),.T.,.PARAMETER.);
#12087 = LINE('',#12088,#12089);
#12088 = CARTESIAN_POINT('',(16.7875,246.7125,103.));
#12089 = VECTOR('',#12090,1.);
#12090 = DIRECTION('',(0.,0.,1.));
#12091 = CARTESIAN_POINT('',(16.7875,246.7125,103.));
#12092 = CARTESIAN_POINT('',(16.7875,246.7125,115.7));
#12093 = GEOMETRIC_CURVE_SET('',(#12094));
#12094 = TRIMMED_CURVE('',#12095,(#12099,PARAMETER_VALUE(0.)),(#12100,
    PARAMETER_VALUE(1.5875)),.T.,.PARAMETER.);
#12095 = LINE('',#12096,#12097);
#12096 = CARTESIAN_POINT('',(16.7875,246.7125,115.7));
#12097 = VECTOR('',#12098,1.);
#12098 = DIRECTION('',(0.,1.,0.));
#12099 = CARTESIAN_POINT('',(16.7875,246.7125,115.7));
#12100 = CARTESIAN_POINT('',(16.7875,248.3,115.7));
#12101 = GEOMETRIC_CURVE_SET('',(#12102));
#12102 = TRIMMED_CURVE('',#12103,(#12107,PARAMETER_VALUE(0.)),(#12108,
    PARAMETER_VALUE(12.7)),.T.,.PARAMETER.);
#12103 = LINE('',#12104,#12105);
#12104 = CARTESIAN_POINT('',(16.7875,248.3,103.));
#12105 = VECTOR('',#12106,1.);
#12106 = DIRECTION('',(0.,0.,1.));
#12107 = CARTESIAN_POINT('',(16.7875,248.3,103.));
#12108 = CARTESIAN_POINT('',(16.7875,248.3,115.7));
#12109 = GEOMETRIC_CURVE_SET('',(#12110));
#12110 = TRIMMED_CURVE('',#12111,(#12115,PARAMETER_VALUE(0.)),(#12116,
    PARAMETER_VALUE(1.5875)),.T.,.PARAMETER.);
#12111 = LINE('',#12112,#12113);
#12112 = CARTESIAN_POINT('',(16.7875,246.7125,103.));
#12113 = VECTOR('',#12114,1.);
#12114 = DIRECTION('',(0.,1.,0.));
#12115 = CARTESIAN_POINT('',(16.7875,246.7125,103.));
#12116 = CARTESIAN_POINT('',(16.7875,248.3,103.));
#12117 = GEOMETRIC_CURVE_SET('',(#12118));
#12118 = TRIMMED_CURVE('',#12119,(#12123,PARAMETER_VALUE(0.)),(#12124,
    PARAMETER_VALUE(11.1125)),.T.,.PARAMETER.);
#12119 = LINE('',#12120,#12121);
#12120 = CARTESIAN_POINT('',(5.675,246.7125,103.));
#12121 = VECTOR('',#12122,1.);
#12122 = DIRECTION('',(1.,0.,0.));
#12123 = CARTESIAN_POINT('',(5.675,246.7125,103.));
#12124 = CARTESIAN_POINT('',(16.7875,246.7125,103.));
#12125 = GEOMETRIC_CURVE_SET('',(#12126));
#12126 = TRIMMED_CURVE('',#12127,(#12131,PARAMETER_VALUE(0.)),(#12132,
    PARAMETER_VALUE(11.1125)),.T.,.PARAMETER.);
#12127 = LINE('',#12128,#12129);
#12128 = CARTESIAN_POINT('',(5.675,246.7125,115.7));
#12129 = VECTOR('',#12130,1.);
#12130 = DIRECTION('',(1.,0.,0.));
#12131 = CARTESIAN_POINT('',(5.675,246.7125,115.7));
#12132 = CARTESIAN_POINT('',(16.7875,246.7125,115.7));
#12133 = GEOMETRIC_CURVE_SET('',(#12134));
#12134 = TRIMMED_CURVE('',#12135,(#12139,PARAMETER_VALUE(0.)),(#12140,
    PARAMETER_VALUE(11.1125)),.T.,.PARAMETER.);
#12135 = LINE('',#12136,#12137);
#12136 = CARTESIAN_POINT('',(5.675,248.3,103.));
#12137 = VECTOR('',#12138,1.);
#12138 = DIRECTION('',(1.,0.,0.));
#12139 = CARTESIAN_POINT('',(5.675,248.3,103.));
#12140 = CARTESIAN_POINT('',(16.7875,248.3,103.));
#12141 = GEOMETRIC_CURVE_SET('',(#12142));
#12142 = TRIMMED_CURVE('',#12143,(#12147,PARAMETER_VALUE(0.)),(#12148,
    PARAMETER_VALUE(11.1125)),.T.,.PARAMETER.);
#12143 = LINE('',#12144,#12145);
#12144 = CARTESIAN_POINT('',(5.675,248.3,115.7));
#12145 = VECTOR('',#12146,1.);
#12146 = DIRECTION('',(1.,0.,0.));
#12147 = CARTESIAN_POINT('',(5.675,248.3,115.7));
#12148 = CARTESIAN_POINT('',(16.7875,248.3,115.7));
#12149 = GEOMETRIC_CURVE_SET('',(#12150));
#12150 = TRIMMED_CURVE('',#12151,(#12155,PARAMETER_VALUE(0.)),(#12156,
    PARAMETER_VALUE(12.7)),.T.,.PARAMETER.);
#12151 = LINE('',#12152,#12153);
#12152 = CARTESIAN_POINT('',(269.325,235.6,103.));
#12153 = VECTOR('',#12154,1.);
#12154 = DIRECTION('',(0.,0.,1.));
#12155 = CARTESIAN_POINT('',(269.325,235.6,103.));
#12156 = CARTESIAN_POINT('',(269.325,235.6,115.7));
#12157 = GEOMETRIC_CURVE_SET('',(#12158));
#12158 = TRIMMED_CURVE('',#12159,(#12163,PARAMETER_VALUE(0.)),(#12164,
    PARAMETER_VALUE(12.7)),.T.,.PARAMETER.);
#12159 = LINE('',#12160,#12161);
#12160 = CARTESIAN_POINT('',(269.325,235.6,115.7));
#12161 = VECTOR('',#12162,1.);
#12162 = DIRECTION('',(0.,1.,0.));
#12163 = CARTESIAN_POINT('',(269.325,235.6,115.7));
#12164 = CARTESIAN_POINT('',(269.325,248.3,115.7));
#12165 = GEOMETRIC_CURVE_SET('',(#12166));
#12166 = TRIMMED_CURVE('',#12167,(#12171,PARAMETER_VALUE(0.)),(#12172,
    PARAMETER_VALUE(12.7)),.T.,.PARAMETER.);
#12167 = LINE('',#12168,#12169);
#12168 = CARTESIAN_POINT('',(269.325,248.3,103.));
#12169 = VECTOR('',#12170,1.);
#12170 = DIRECTION('',(0.,0.,1.));
#12171 = CARTESIAN_POINT('',(269.325,248.3,103.));
#12172 = CARTESIAN_POINT('',(269.325,248.3,115.7));
#12173 = GEOMETRIC_CURVE_SET('',(#12174));
#12174 = TRIMMED_CURVE('',#12175,(#12179,PARAMETER_VALUE(0.)),(#12180,
    PARAMETER_VALUE(12.7)),.T.,.PARAMETER.);
#12175 = LINE('',#12176,#12177);
#12176 = CARTESIAN_POINT('',(269.325,235.6,103.));
#12177 = VECTOR('',#12178,1.);
#12178 = DIRECTION('',(0.,1.,0.));
#12179 = CARTESIAN_POINT('',(269.325,235.6,103.));
#12180 = CARTESIAN_POINT('',(269.325,248.3,103.));
#12181 = GEOMETRIC_CURVE_SET('',(#12182));
#12182 = TRIMMED_CURVE('',#12183,(#12187,PARAMETER_VALUE(0.)),(#12188,
    PARAMETER_VALUE(12.7)),.T.,.PARAMETER.);
#12183 = LINE('',#12184,#12185);
#12184 = CARTESIAN_POINT('',(270.9125,235.6,103.));
#12185 = VECTOR('',#12186,1.);
#12186 = DIRECTION('',(0.,0.,1.));
#12187 = CARTESIAN_POINT('',(270.9125,235.6,103.));
#12188 = CARTESIAN_POINT('',(270.9125,235.6,115.7));
#12189 = GEOMETRIC_CURVE_SET('',(#12190));
#12190 = TRIMMED_CURVE('',#12191,(#12195,PARAMETER_VALUE(0.)),(#12196,
    PARAMETER_VALUE(12.7)),.T.,.PARAMETER.);
#12191 = LINE('',#12192,#12193);
#12192 = CARTESIAN_POINT('',(270.9125,235.6,115.7));
#12193 = VECTOR('',#12194,1.);
#12194 = DIRECTION('',(0.,1.,0.));
#12195 = CARTESIAN_POINT('',(270.9125,235.6,115.7));
#12196 = CARTESIAN_POINT('',(270.9125,248.3,115.7));
#12197 = GEOMETRIC_CURVE_SET('',(#12198));
#12198 = TRIMMED_CURVE('',#12199,(#12203,PARAMETER_VALUE(0.)),(#12204,
    PARAMETER_VALUE(12.7)),.T.,.PARAMETER.);
#12199 = LINE('',#12200,#12201);
#12200 = CARTESIAN_POINT('',(270.9125,248.3,103.));
#12201 = VECTOR('',#12202,1.);
#12202 = DIRECTION('',(0.,0.,1.));
#12203 = CARTESIAN_POINT('',(270.9125,248.3,103.));
#12204 = CARTESIAN_POINT('',(270.9125,248.3,115.7));
#12205 = GEOMETRIC_CURVE_SET('',(#12206));
#12206 = TRIMMED_CURVE('',#12207,(#12211,PARAMETER_VALUE(0.)),(#12212,
    PARAMETER_VALUE(12.7)),.T.,.PARAMETER.);
#12207 = LINE('',#12208,#12209);
#12208 = CARTESIAN_POINT('',(270.9125,235.6,103.));
#12209 = VECTOR('',#12210,1.);
#12210 = DIRECTION('',(0.,1.,0.));
#12211 = CARTESIAN_POINT('',(270.9125,235.6,103.));
#12212 = CARTESIAN_POINT('',(270.9125,248.3,103.));
#12213 = GEOMETRIC_CURVE_SET('',(#12214));
#12214 = TRIMMED_CURVE('',#12215,(#12219,PARAMETER_VALUE(0.)),(#12220,
    PARAMETER_VALUE(1.5875)),.T.,.PARAMETER.);
#12215 = LINE('',#12216,#12217);
#12216 = CARTESIAN_POINT('',(269.325,235.6,103.));
#12217 = VECTOR('',#12218,1.);
#12218 = DIRECTION('',(1.,0.,0.));
#12219 = CARTESIAN_POINT('',(269.325,235.6,103.));
#12220 = CARTESIAN_POINT('',(270.9125,235.6,103.));
#12221 = GEOMETRIC_CURVE_SET('',(#12222));
#12222 = TRIMMED_CURVE('',#12223,(#12227,PARAMETER_VALUE(0.)),(#12228,
    PARAMETER_VALUE(1.5875)),.T.,.PARAMETER.);
#12223 = LINE('',#12224,#12225);
#12224 = CARTESIAN_POINT('',(269.325,235.6,115.7));
#12225 = VECTOR('',#12226,1.);
#12226 = DIRECTION('',(1.,0.,0.));
#12227 = CARTESIAN_POINT('',(269.325,235.6,115.7));
#12228 = CARTESIAN_POINT('',(270.9125,235.6,115.7));
#12229 = GEOMETRIC_CURVE_SET('',(#12230));
#12230 = TRIMMED_CURVE('',#12231,(#12235,PARAMETER_VALUE(0.)),(#12236,
    PARAMETER_VALUE(1.5875)),.T.,.PARAMETER.);
#12231 = LINE('',#12232,#12233);
#12232 = CARTESIAN_POINT('',(269.325,248.3,103.));
#12233 = VECTOR('',#12234,1.);
#12234 = DIRECTION('',(1.,0.,0.));
#12235 = CARTESIAN_POINT('',(269.325,248.3,103.));
#12236 = CARTESIAN_POINT('',(270.9125,248.3,103.));
#12237 = GEOMETRIC_CURVE_SET('',(#12238));
#12238 = TRIMMED_CURVE('',#12239,(#12243,PARAMETER_VALUE(0.)),(#12244,
    PARAMETER_VALUE(1.5875)),.T.,.PARAMETER.);
#12239 = LINE('',#12240,#12241);
#12240 = CARTESIAN_POINT('',(269.325,248.3,115.7));
#12241 = VECTOR('',#12242,1.);
#12242 = DIRECTION('',(1.,0.,0.));
#12243 = CARTESIAN_POINT('',(269.325,248.3,115.7));
#12244 = CARTESIAN_POINT('',(270.9125,248.3,115.7));
#12245 = GEOMETRIC_CURVE_SET('',(#12246));
#12246 = TRIMMED_CURVE('',#12247,(#12251,PARAMETER_VALUE(0.)),(#12252,
    PARAMETER_VALUE(12.7)),.T.,.PARAMETER.);
#12247 = LINE('',#12248,#12249);
#12248 = CARTESIAN_POINT('',(258.2125,246.7125,103.));
#12249 = VECTOR('',#12250,1.);
#12250 = DIRECTION('',(0.,0.,1.));
#12251 = CARTESIAN_POINT('',(258.2125,246.7125,103.));
#12252 = CARTESIAN_POINT('',(258.2125,246.7125,115.7));
#12253 = GEOMETRIC_CURVE_SET('',(#12254));
#12254 = TRIMMED_CURVE('',#12255,(#12259,PARAMETER_VALUE(0.)),(#12260,
    PARAMETER_VALUE(1.5875)),.T.,.PARAMETER.);
#12255 = LINE('',#12256,#12257);
#12256 = CARTESIAN_POINT('',(258.2125,246.7125,115.7));
#12257 = VECTOR('',#12258,1.);
#12258 = DIRECTION('',(0.,1.,0.));
#12259 = CARTESIAN_POINT('',(258.2125,246.7125,115.7));
#12260 = CARTESIAN_POINT('',(258.2125,248.3,115.7));
#12261 = GEOMETRIC_CURVE_SET('',(#12262));
#12262 = TRIMMED_CURVE('',#12263,(#12267,PARAMETER_VALUE(0.)),(#12268,
    PARAMETER_VALUE(12.7)),.T.,.PARAMETER.);
#12263 = LINE('',#12264,#12265);
#12264 = CARTESIAN_POINT('',(258.2125,248.3,103.));
#12265 = VECTOR('',#12266,1.);
#12266 = DIRECTION('',(0.,0.,1.));
#12267 = CARTESIAN_POINT('',(258.2125,248.3,103.));
#12268 = CARTESIAN_POINT('',(258.2125,248.3,115.7));
#12269 = GEOMETRIC_CURVE_SET('',(#12270));
#12270 = TRIMMED_CURVE('',#12271,(#12275,PARAMETER_VALUE(0.)),(#12276,
    PARAMETER_VALUE(1.5875)),.T.,.PARAMETER.);
#12271 = LINE('',#12272,#12273);
#12272 = CARTESIAN_POINT('',(258.2125,246.7125,103.));
#12273 = VECTOR('',#12274,1.);
#12274 = DIRECTION('',(0.,1.,0.));
#12275 = CARTESIAN_POINT('',(258.2125,246.7125,103.));
#12276 = CARTESIAN_POINT('',(258.2125,248.3,103.));
#12277 = GEOMETRIC_CURVE_SET('',(#12278));
#12278 = TRIMMED_CURVE('',#12279,(#12283,PARAMETER_VALUE(0.)),(#12284,
    PARAMETER_VALUE(12.7)),.T.,.PARAMETER.);
#12279 = LINE('',#12280,#12281);
#12280 = CARTESIAN_POINT('',(269.325,246.7125,103.));
#12281 = VECTOR('',#12282,1.);
#12282 = DIRECTION('',(0.,0.,1.));
#12283 = CARTESIAN_POINT('',(269.325,246.7125,103.));
#12284 = CARTESIAN_POINT('',(269.325,246.7125,115.7));
#12285 = GEOMETRIC_CURVE_SET('',(#12286));
#12286 = TRIMMED_CURVE('',#12287,(#12291,PARAMETER_VALUE(0.)),(#12292,
    PARAMETER_VALUE(1.5875)),.T.,.PARAMETER.);
#12287 = LINE('',#12288,#12289);
#12288 = CARTESIAN_POINT('',(269.325,246.7125,115.7));
#12289 = VECTOR('',#12290,1.);
#12290 = DIRECTION('',(0.,1.,0.));
#12291 = CARTESIAN_POINT('',(269.325,246.7125,115.7));
#12292 = CARTESIAN_POINT('',(269.325,248.3,115.7));
#12293 = GEOMETRIC_CURVE_SET('',(#12294));
#12294 = TRIMMED_CURVE('',#12295,(#12299,PARAMETER_VALUE(0.)),(#12300,
    PARAMETER_VALUE(12.7)),.T.,.PARAMETER.);
#12295 = LINE('',#12296,#12297);
#12296 = CARTESIAN_POINT('',(269.325,248.3,103.));
#12297 = VECTOR('',#12298,1.);
#12298 = DIRECTION('',(0.,0.,1.));
#12299 = CARTESIAN_POINT('',(269.325,248.3,103.));
#12300 = CARTESIAN_POINT('',(269.325,248.3,115.7));
#12301 = GEOMETRIC_CURVE_SET('',(#12302));
#12302 = TRIMMED_CURVE('',#12303,(#12307,PARAMETER_VALUE(0.)),(#12308,
    PARAMETER_VALUE(1.5875)),.T.,.PARAMETER.);
#12303 = LINE('',#12304,#12305);
#12304 = CARTESIAN_POINT('',(269.325,246.7125,103.));
#12305 = VECTOR('',#12306,1.);
#12306 = DIRECTION('',(0.,1.,0.));
#12307 = CARTESIAN_POINT('',(269.325,246.7125,103.));
#12308 = CARTESIAN_POINT('',(269.325,248.3,103.));
#12309 = GEOMETRIC_CURVE_SET('',(#12310));
#12310 = TRIMMED_CURVE('',#12311,(#12315,PARAMETER_VALUE(0.)),(#12316,
    PARAMETER_VALUE(11.1125)),.T.,.PARAMETER.);
#12311 = LINE('',#12312,#12313);
#12312 = CARTESIAN_POINT('',(258.2125,246.7125,103.));
#12313 = VECTOR('',#12314,1.);
#12314 = DIRECTION('',(1.,0.,0.));
#12315 = CARTESIAN_POINT('',(258.2125,246.7125,103.));
#12316 = CARTESIAN_POINT('',(269.325,246.7125,103.));
#12317 = GEOMETRIC_CURVE_SET('',(#12318));
#12318 = TRIMMED_CURVE('',#12319,(#12323,PARAMETER_VALUE(0.)),(#12324,
    PARAMETER_VALUE(11.1125)),.T.,.PARAMETER.);
#12319 = LINE('',#12320,#12321);
#12320 = CARTESIAN_POINT('',(258.2125,246.7125,115.7));
#12321 = VECTOR('',#12322,1.);
#12322 = DIRECTION('',(1.,0.,0.));
#12323 = CARTESIAN_POINT('',(258.2125,246.7125,115.7));
#12324 = CARTESIAN_POINT('',(269.325,246.7125,115.7));
#12325 = GEOMETRIC_CURVE_SET('',(#12326));
#12326 = TRIMMED_CURVE('',#12327,(#12331,PARAMETER_VALUE(0.)),(#12332,
    PARAMETER_VALUE(11.1125)),.T.,.PARAMETER.);
#12327 = LINE('',#12328,#12329);
#12328 = CARTESIAN_POINT('',(258.2125,248.3,103.));
#12329 = VECTOR('',#12330,1.);
#12330 = DIRECTION('',(1.,0.,0.));
#12331 = CARTESIAN_POINT('',(258.2125,248.3,103.));
#12332 = CARTESIAN_POINT('',(269.325,248.3,103.));
#12333 = GEOMETRIC_CURVE_SET('',(#12334));
#12334 = TRIMMED_CURVE('',#12335,(#12339,PARAMETER_VALUE(0.)),(#12340,
    PARAMETER_VALUE(11.1125)),.T.,.PARAMETER.);
#12335 = LINE('',#12336,#12337);
#12336 = CARTESIAN_POINT('',(258.2125,248.3,115.7));
#12337 = VECTOR('',#12338,1.);
#12338 = DIRECTION('',(1.,0.,0.));
#12339 = CARTESIAN_POINT('',(258.2125,248.3,115.7));
#12340 = CARTESIAN_POINT('',(269.325,248.3,115.7));
#12341 = GEOMETRIC_CURVE_SET('',(#12342));
#12342 = TRIMMED_CURVE('',#12343,(#12347,PARAMETER_VALUE(0.)),(#12348,
    PARAMETER_VALUE(9.4)),.T.,.PARAMETER.);
#12343 = LINE('',#12344,#12345);
#12344 = CARTESIAN_POINT('',(102.4,97.15,124.1));
#12345 = VECTOR('',#12346,1.);
#12346 = DIRECTION('',(0.,0.,1.));
#12347 = CARTESIAN_POINT('',(102.4,97.15,124.1));
#12348 = CARTESIAN_POINT('',(102.4,97.15,133.5));
#12349 = GEOMETRIC_CURVE_SET('',(#12350));
#12350 = TRIMMED_CURVE('',#12351,(#12355,PARAMETER_VALUE(0.)),(#12356,
    PARAMETER_VALUE(64.)),.T.,.PARAMETER.);
#12351 = LINE('',#12352,#12353);
#12352 = CARTESIAN_POINT('',(102.4,97.15,133.5));
#12353 = VECTOR('',#12354,1.);
#12354 = DIRECTION('',(0.,1.,0.));
#12355 = CARTESIAN_POINT('',(102.4,97.15,133.5));
#12356 = CARTESIAN_POINT('',(102.4,161.15,133.5));
#12357 = GEOMETRIC_CURVE_SET('',(#12358));
#12358 = TRIMMED_CURVE('',#12359,(#12363,PARAMETER_VALUE(0.)),(#12364,
    PARAMETER_VALUE(9.4)),.T.,.PARAMETER.);
#12359 = LINE('',#12360,#12361);
#12360 = CARTESIAN_POINT('',(102.4,161.15,124.1));
#12361 = VECTOR('',#12362,1.);
#12362 = DIRECTION('',(0.,0.,1.));
#12363 = CARTESIAN_POINT('',(102.4,161.15,124.1));
#12364 = CARTESIAN_POINT('',(102.4,161.15,133.5));
#12365 = GEOMETRIC_CURVE_SET('',(#12366));
#12366 = TRIMMED_CURVE('',#12367,(#12371,PARAMETER_VALUE(0.)),(#12372,
    PARAMETER_VALUE(64.)),.T.,.PARAMETER.);
#12367 = LINE('',#12368,#12369);
#12368 = CARTESIAN_POINT('',(102.4,97.15,124.1));
#12369 = VECTOR('',#12370,1.);
#12370 = DIRECTION('',(0.,1.,0.));
#12371 = CARTESIAN_POINT('',(102.4,97.15,124.1));
#12372 = CARTESIAN_POINT('',(102.4,161.15,124.1));
#12373 = GEOMETRIC_CURVE_SET('',(#12374));
#12374 = TRIMMED_CURVE('',#12375,(#12379,PARAMETER_VALUE(0.)),(#12380,
    PARAMETER_VALUE(9.4)),.T.,.PARAMETER.);
#12375 = LINE('',#12376,#12377);
#12376 = CARTESIAN_POINT('',(166.4,97.15,124.1));
#12377 = VECTOR('',#12378,1.);
#12378 = DIRECTION('',(0.,0.,1.));
#12379 = CARTESIAN_POINT('',(166.4,97.15,124.1));
#12380 = CARTESIAN_POINT('',(166.4,97.15,133.5));
#12381 = GEOMETRIC_CURVE_SET('',(#12382));
#12382 = TRIMMED_CURVE('',#12383,(#12387,PARAMETER_VALUE(0.)),(#12388,
    PARAMETER_VALUE(64.)),.T.,.PARAMETER.);
#12383 = LINE('',#12384,#12385);
#12384 = CARTESIAN_POINT('',(166.4,97.15,133.5));
#12385 = VECTOR('',#12386,1.);
#12386 = DIRECTION('',(0.,1.,0.));
#12387 = CARTESIAN_POINT('',(166.4,97.15,133.5));
#12388 = CARTESIAN_POINT('',(166.4,161.15,133.5));
#12389 = GEOMETRIC_CURVE_SET('',(#12390));
#12390 = TRIMMED_CURVE('',#12391,(#12395,PARAMETER_VALUE(0.)),(#12396,
    PARAMETER_VALUE(9.4)),.T.,.PARAMETER.);
#12391 = LINE('',#12392,#12393);
#12392 = CARTESIAN_POINT('',(166.4,161.15,124.1));
#12393 = VECTOR('',#12394,1.);
#12394 = DIRECTION('',(0.,0.,1.));
#12395 = CARTESIAN_POINT('',(166.4,161.15,124.1));
#12396 = CARTESIAN_POINT('',(166.4,161.15,133.5));
#12397 = GEOMETRIC_CURVE_SET('',(#12398));
#12398 = TRIMMED_CURVE('',#12399,(#12403,PARAMETER_VALUE(0.)),(#12404,
    PARAMETER_VALUE(64.)),.T.,.PARAMETER.);
#12399 = LINE('',#12400,#12401);
#12400 = CARTESIAN_POINT('',(166.4,97.15,124.1));
#12401 = VECTOR('',#12402,1.);
#12402 = DIRECTION('',(0.,1.,0.));
#12403 = CARTESIAN_POINT('',(166.4,97.15,124.1));
#12404 = CARTESIAN_POINT('',(166.4,161.15,124.1));
#12405 = GEOMETRIC_CURVE_SET('',(#12406));
#12406 = TRIMMED_CURVE('',#12407,(#12411,PARAMETER_VALUE(0.)),(#12412,
    PARAMETER_VALUE(64.)),.T.,.PARAMETER.);
#12407 = LINE('',#12408,#12409);
#12408 = CARTESIAN_POINT('',(102.4,97.15,124.1));
#12409 = VECTOR('',#12410,1.);
#12410 = DIRECTION('',(1.,0.,0.));
#12411 = CARTESIAN_POINT('',(102.4,97.15,124.1));
#12412 = CARTESIAN_POINT('',(166.4,97.15,124.1));
#12413 = GEOMETRIC_CURVE_SET('',(#12414));
#12414 = TRIMMED_CURVE('',#12415,(#12419,PARAMETER_VALUE(0.)),(#12420,
    PARAMETER_VALUE(64.)),.T.,.PARAMETER.);
#12415 = LINE('',#12416,#12417);
#12416 = CARTESIAN_POINT('',(102.4,97.15,133.5));
#12417 = VECTOR('',#12418,1.);
#12418 = DIRECTION('',(1.,0.,0.));
#12419 = CARTESIAN_POINT('',(102.4,97.15,133.5));
#12420 = CARTESIAN_POINT('',(166.4,97.15,133.5));
#12421 = GEOMETRIC_CURVE_SET('',(#12422));
#12422 = TRIMMED_CURVE('',#12423,(#12427,PARAMETER_VALUE(0.)),(#12428,
    PARAMETER_VALUE(64.)),.T.,.PARAMETER.);
#12423 = LINE('',#12424,#12425);
#12424 = CARTESIAN_POINT('',(102.4,161.15,124.1));
#12425 = VECTOR('',#12426,1.);
#12426 = DIRECTION('',(1.,0.,0.));
#12427 = CARTESIAN_POINT('',(102.4,161.15,124.1));
#12428 = CARTESIAN_POINT('',(166.4,161.15,124.1));
#12429 = GEOMETRIC_CURVE_SET('',(#12430));
#12430 = TRIMMED_CURVE('',#12431,(#12435,PARAMETER_VALUE(0.)),(#12436,
    PARAMETER_VALUE(64.)),.T.,.PARAMETER.);
#12431 = LINE('',#12432,#12433);
#12432 = CARTESIAN_POINT('',(102.4,161.15,133.5));
#12433 = VECTOR('',#12434,1.);
#12434 = DIRECTION('',(1.,0.,0.));
#12435 = CARTESIAN_POINT('',(102.4,161.15,133.5));
#12436 = CARTESIAN_POINT('',(166.4,161.15,133.5));
#12437 = GEOMETRIC_CURVE_SET('',(#12438));
#12438 = TRIMMED_CURVE('',#12439,(#12443,PARAMETER_VALUE(0.)),(#12444,
    PARAMETER_VALUE(14.5)),.T.,.PARAMETER.);
#12439 = LINE('',#12440,#12441);
#12440 = CARTESIAN_POINT('',(125.5,220.,59.5));
#12441 = VECTOR('',#12442,1.);
#12442 = DIRECTION('',(0.,0.,1.));
#12443 = CARTESIAN_POINT('',(125.5,220.,59.5));
#12444 = CARTESIAN_POINT('',(125.5,220.,74.));
#12445 = GEOMETRIC_CURVE_SET('',(#12446));
#12446 = TRIMMED_CURVE('',#12447,(#12451,PARAMETER_VALUE(0.)),(#12452,
    PARAMETER_VALUE(24.)),.T.,.PARAMETER.);
#12447 = LINE('',#12448,#12449);
#12448 = CARTESIAN_POINT('',(125.5,220.,74.));
#12449 = VECTOR('',#12450,1.);
#12450 = DIRECTION('',(0.,1.,0.));
#12451 = CARTESIAN_POINT('',(125.5,220.,74.));
#12452 = CARTESIAN_POINT('',(125.5,244.,74.));
#12453 = GEOMETRIC_CURVE_SET('',(#12454));
#12454 = TRIMMED_CURVE('',#12455,(#12459,PARAMETER_VALUE(0.)),(#12460,
    PARAMETER_VALUE(14.5)),.T.,.PARAMETER.);
#12455 = LINE('',#12456,#12457);
#12456 = CARTESIAN_POINT('',(125.5,244.,59.5));
#12457 = VECTOR('',#12458,1.);
#12458 = DIRECTION('',(0.,0.,1.));
#12459 = CARTESIAN_POINT('',(125.5,244.,59.5));
#12460 = CARTESIAN_POINT('',(125.5,244.,74.));
#12461 = GEOMETRIC_CURVE_SET('',(#12462));
#12462 = TRIMMED_CURVE('',#12463,(#12467,PARAMETER_VALUE(0.)),(#12468,
    PARAMETER_VALUE(24.)),.T.,.PARAMETER.);
#12463 = LINE('',#12464,#12465);
#12464 = CARTESIAN_POINT('',(125.5,220.,59.5));
#12465 = VECTOR('',#12466,1.);
#12466 = DIRECTION('',(0.,1.,0.));
#12467 = CARTESIAN_POINT('',(125.5,220.,59.5));
#12468 = CARTESIAN_POINT('',(125.5,244.,59.5));
#12469 = GEOMETRIC_CURVE_SET('',(#12470));
#12470 = TRIMMED_CURVE('',#12471,(#12475,PARAMETER_VALUE(0.)),(#12476,
    PARAMETER_VALUE(14.5)),.T.,.PARAMETER.);
#12471 = LINE('',#12472,#12473);
#12472 = CARTESIAN_POINT('',(149.5,220.,59.5));
#12473 = VECTOR('',#12474,1.);
#12474 = DIRECTION('',(0.,0.,1.));
#12475 = CARTESIAN_POINT('',(149.5,220.,59.5));
#12476 = CARTESIAN_POINT('',(149.5,220.,74.));
#12477 = GEOMETRIC_CURVE_SET('',(#12478));
#12478 = TRIMMED_CURVE('',#12479,(#12483,PARAMETER_VALUE(0.)),(#12484,
    PARAMETER_VALUE(24.)),.T.,.PARAMETER.);
#12479 = LINE('',#12480,#12481);
#12480 = CARTESIAN_POINT('',(149.5,220.,74.));
#12481 = VECTOR('',#12482,1.);
#12482 = DIRECTION('',(0.,1.,0.));
#12483 = CARTESIAN_POINT('',(149.5,220.,74.));
#12484 = CARTESIAN_POINT('',(149.5,244.,74.));
#12485 = GEOMETRIC_CURVE_SET('',(#12486));
#12486 = TRIMMED_CURVE('',#12487,(#12491,PARAMETER_VALUE(0.)),(#12492,
    PARAMETER_VALUE(14.5)),.T.,.PARAMETER.);
#12487 = LINE('',#12488,#12489);
#12488 = CARTESIAN_POINT('',(149.5,244.,59.5));
#12489 = VECTOR('',#12490,1.);
#12490 = DIRECTION('',(0.,0.,1.));
#12491 = CARTESIAN_POINT('',(149.5,244.,59.5));
#12492 = CARTESIAN_POINT('',(149.5,244.,74.));
#12493 = GEOMETRIC_CURVE_SET('',(#12494));
#12494 = TRIMMED_CURVE('',#12495,(#12499,PARAMETER_VALUE(0.)),(#12500,
    PARAMETER_VALUE(24.)),.T.,.PARAMETER.);
#12495 = LINE('',#12496,#12497);
#12496 = CARTESIAN_POINT('',(149.5,220.,59.5));
#12497 = VECTOR('',#12498,1.);
#12498 = DIRECTION('',(0.,1.,0.));
#12499 = CARTESIAN_POINT('',(149.5,220.,59.5));
#12500 = CARTESIAN_POINT('',(149.5,244.,59.5));
#12501 = GEOMETRIC_CURVE_SET('',(#12502));
#12502 = TRIMMED_CURVE('',#12503,(#12507,PARAMETER_VALUE(0.)),(#12508,
    PARAMETER_VALUE(24.)),.T.,.PARAMETER.);
#12503 = LINE('',#12504,#12505);
#12504 = CARTESIAN_POINT('',(125.5,220.,59.5));
#12505 = VECTOR('',#12506,1.);
#12506 = DIRECTION('',(1.,0.,0.));
#12507 = CARTESIAN_POINT('',(125.5,220.,59.5));
#12508 = CARTESIAN_POINT('',(149.5,220.,59.5));
#12509 = GEOMETRIC_CURVE_SET('',(#12510));
#12510 = TRIMMED_CURVE('',#12511,(#12515,PARAMETER_VALUE(0.)),(#12516,
    PARAMETER_VALUE(24.)),.T.,.PARAMETER.);
#12511 = LINE('',#12512,#12513);
#12512 = CARTESIAN_POINT('',(125.5,220.,74.));
#12513 = VECTOR('',#12514,1.);
#12514 = DIRECTION('',(1.,0.,0.));
#12515 = CARTESIAN_POINT('',(125.5,220.,74.));
#12516 = CARTESIAN_POINT('',(149.5,220.,74.));
#12517 = GEOMETRIC_CURVE_SET('',(#12518));
#12518 = TRIMMED_CURVE('',#12519,(#12523,PARAMETER_VALUE(0.)),(#12524,
    PARAMETER_VALUE(24.)),.T.,.PARAMETER.);
#12519 = LINE('',#12520,#12521);
#12520 = CARTESIAN_POINT('',(125.5,244.,59.5));
#12521 = VECTOR('',#12522,1.);
#12522 = DIRECTION('',(1.,0.,0.));
#12523 = CARTESIAN_POINT('',(125.5,244.,59.5));
#12524 = CARTESIAN_POINT('',(149.5,244.,59.5));
#12525 = GEOMETRIC_CURVE_SET('',(#12526));
#12526 = TRIMMED_CURVE('',#12527,(#12531,PARAMETER_VALUE(0.)),(#12532,
    PARAMETER_VALUE(24.)),.T.,.PARAMETER.);
#12527 = LINE('',#12528,#12529);
#12528 = CARTESIAN_POINT('',(125.5,244.,74.));
#12529 = VECTOR('',#12530,1.);
#12530 = DIRECTION('',(1.,0.,0.));
#12531 = CARTESIAN_POINT('',(125.5,244.,74.));
#12532 = CARTESIAN_POINT('',(149.5,244.,74.));
#12533 = GEOMETRIC_CURVE_SET('',(#12534));
#12534 = TRIMMED_CURVE('',#12535,(#12539,PARAMETER_VALUE(0.)),(#12540,
    PARAMETER_VALUE(26.3875)),.T.,.PARAMETER.);
#12535 = LINE('',#12536,#12537);
#12536 = CARTESIAN_POINT('',(29.,92.5,21.5));
#12537 = VECTOR('',#12538,1.);
#12538 = DIRECTION('',(0.,1.,0.));
#12539 = CARTESIAN_POINT('',(29.,92.5,21.5));
#12540 = CARTESIAN_POINT('',(29.,118.8875,21.5));
#12541 = GEOMETRIC_CURVE_SET('',(#12542));
#12542 = TRIMMED_CURVE('',#12543,(#12547,PARAMETER_VALUE(0.)),(#12548,
    PARAMETER_VALUE(10.440732361411)),.T.,.PARAMETER.);
#12543 = LINE('',#12544,#12545);
#12544 = CARTESIAN_POINT('',(29.,92.5,21.5));
#12545 = VECTOR('',#12546,1.);
#12546 = DIRECTION('',(1.,0.,0.));
#12547 = CARTESIAN_POINT('',(29.,92.5,21.5));
#12548 = CARTESIAN_POINT('',(39.440732361411,92.5,21.5));
#12549 = GEOMETRIC_CURVE_SET('',(#12550));
#12550 = TRIMMED_CURVE('',#12551,(#12555,PARAMETER_VALUE(0.)),(#12556,
    PARAMETER_VALUE(52.)),.T.,.PARAMETER.);
#12551 = LINE('',#12552,#12553);
#12552 = CARTESIAN_POINT('',(29.,118.8875,21.5));
#12553 = VECTOR('',#12554,1.);
#12554 = DIRECTION('',(1.,0.,0.));
#12555 = CARTESIAN_POINT('',(29.,118.8875,21.5));
#12556 = CARTESIAN_POINT('',(81.,118.8875,21.5));
#12557 = GEOMETRIC_CURVE_SET('',(#12558));
#12558 = TRIMMED_CURVE('',#12559,(#12564,PARAMETER_VALUE(0.)),(#12565,
    PARAMETER_VALUE(4.469254936646)),.T.,.PARAMETER.);
#12559 = CIRCLE('',#12560,1.7);
#12560 = AXIS2_PLACEMENT_3D('',#12561,#12562,#12563);
#12561 = CARTESIAN_POINT('',(39.85,94.15,21.5));
#12562 = DIRECTION('',(0.,0.,1.));
#12563 = DIRECTION('',(1.,0.,0.));
#12564 = CARTESIAN_POINT('',(41.55,94.15,21.5));
#12565 = CARTESIAN_POINT('',(39.440732361411,92.5,21.5));
#12566 = GEOMETRIC_CURVE_SET('',(#12567));
#12567 = TRIMMED_CURVE('',#12568,(#12572,PARAMETER_VALUE(0.)),(#12573,
    PARAMETER_VALUE(26.3875)),.T.,.PARAMETER.);
#12568 = LINE('',#12569,#12570);
#12569 = CARTESIAN_POINT('',(81.,92.5,21.5));
#12570 = VECTOR('',#12571,1.);
#12571 = DIRECTION('',(0.,1.,0.));
#12572 = CARTESIAN_POINT('',(81.,92.5,21.5));
#12573 = CARTESIAN_POINT('',(81.,118.8875,21.5));
#12574 = GEOMETRIC_CURVE_SET('',(#12575));
#12575 = TRIMMED_CURVE('',#12576,(#12581,PARAMETER_VALUE(4.955523024124)
    ),(#12582,PARAMETER_VALUE(6.28318530718)),.T.,.PARAMETER.);
#12576 = CIRCLE('',#12577,1.7);
#12577 = AXIS2_PLACEMENT_3D('',#12578,#12579,#12580);
#12578 = CARTESIAN_POINT('',(39.85,94.15,21.5));
#12579 = DIRECTION('',(0.,0.,1.));
#12580 = DIRECTION('',(1.,0.,0.));
#12581 = CARTESIAN_POINT('',(40.259267638589,92.5,21.5));
#12582 = CARTESIAN_POINT('',(41.55,94.15,21.5));
#12583 = GEOMETRIC_CURVE_SET('',(#12584));
#12584 = TRIMMED_CURVE('',#12585,(#12589,PARAMETER_VALUE(36.659267638589
      )),(#12590,PARAMETER_VALUE(52.)),.T.,.PARAMETER.);
#12585 = LINE('',#12586,#12587);
#12586 = CARTESIAN_POINT('',(29.,92.5,21.5));
#12587 = VECTOR('',#12588,1.);
#12588 = DIRECTION('',(1.,0.,0.));
#12589 = CARTESIAN_POINT('',(65.659267638589,92.5,21.5));
#12590 = CARTESIAN_POINT('',(81.,92.5,21.5));
#12591 = GEOMETRIC_CURVE_SET('',(#12592));
#12592 = TRIMMED_CURVE('',#12593,(#12597,PARAMETER_VALUE(11.259267638589
      )),(#12598,PARAMETER_VALUE(35.840732361411)),.T.,.PARAMETER.);
#12593 = LINE('',#12594,#12595);
#12594 = CARTESIAN_POINT('',(29.,92.5,21.5));
#12595 = VECTOR('',#12596,1.);
#12596 = DIRECTION('',(1.,0.,0.));
#12597 = CARTESIAN_POINT('',(40.259267638589,92.5,21.5));
#12598 = CARTESIAN_POINT('',(64.840732361411,92.5,21.5));
#12599 = GEOMETRIC_CURVE_SET('',(#12600));
#12600 = TRIMMED_CURVE('',#12601,(#12606,PARAMETER_VALUE(4.955523024124)
    ),(#12607,PARAMETER_VALUE(6.28318530718)),.T.,.PARAMETER.);
#12601 = CIRCLE('',#12602,1.7);
#12602 = AXIS2_PLACEMENT_3D('',#12603,#12604,#12605);
#12603 = CARTESIAN_POINT('',(65.25,94.15,21.5));
#12604 = DIRECTION('',(0.,0.,1.));
#12605 = DIRECTION('',(1.,0.,0.));
#12606 = CARTESIAN_POINT('',(65.659267638589,92.5,21.5));
#12607 = CARTESIAN_POINT('',(66.95,94.15,21.5));
#12608 = GEOMETRIC_CURVE_SET('',(#12609));
#12609 = TRIMMED_CURVE('',#12610,(#12615,PARAMETER_VALUE(0.)),(#12616,
    PARAMETER_VALUE(4.469254936646)),.T.,.PARAMETER.);
#12610 = CIRCLE('',#12611,1.7);
#12611 = AXIS2_PLACEMENT_3D('',#12612,#12613,#12614);
#12612 = CARTESIAN_POINT('',(65.25,94.15,21.5));
#12613 = DIRECTION('',(0.,0.,1.));
#12614 = DIRECTION('',(1.,0.,0.));
#12615 = CARTESIAN_POINT('',(66.95,94.15,21.5));
#12616 = CARTESIAN_POINT('',(64.840732361411,92.5,21.5));
#12617 = GEOMETRIC_CURVE_SET('',(#12618));
#12618 = TRIMMED_CURVE('',#12619,(#12624,PARAMETER_VALUE(0.)),(#12625,
    PARAMETER_VALUE(6.28318530718)),.T.,.PARAMETER.);
#12619 = CIRCLE('',#12620,1.7);
#12620 = AXIS2_PLACEMENT_3D('',#12621,#12622,#12623);
#12621 = CARTESIAN_POINT('',(39.85,115.85,21.5));
#12622 = DIRECTION('',(0.,0.,1.));
#12623 = DIRECTION('',(1.,0.,0.));
#12624 = CARTESIAN_POINT('',(41.55,115.85,21.5));
#12625 = CARTESIAN_POINT('',(41.55,115.85,21.5));
#12626 = GEOMETRIC_CURVE_SET('',(#12627));
#12627 = TRIMMED_CURVE('',#12628,(#12633,PARAMETER_VALUE(0.)),(#12634,
    PARAMETER_VALUE(6.28318530718)),.T.,.PARAMETER.);
#12628 = CIRCLE('',#12629,1.7);
#12629 = AXIS2_PLACEMENT_3D('',#12630,#12631,#12632);
#12630 = CARTESIAN_POINT('',(65.25,115.85,21.5));
#12631 = DIRECTION('',(0.,0.,1.));
#12632 = DIRECTION('',(1.,0.,0.));
#12633 = CARTESIAN_POINT('',(66.95,115.85,21.5));
#12634 = CARTESIAN_POINT('',(66.95,115.85,21.5));
#12635 = GEOMETRIC_CURVE_SET('',(#12636));
#12636 = TRIMMED_CURVE('',#12637,(#12641,PARAMETER_VALUE(0.)),(#12642,
    PARAMETER_VALUE(10.440732361411)),.T.,.PARAMETER.);
#12637 = LINE('',#12638,#12639);
#12638 = CARTESIAN_POINT('',(29.,92.5,16.7375));
#12639 = VECTOR('',#12640,1.);
#12640 = DIRECTION('',(1.,0.,0.));
#12641 = CARTESIAN_POINT('',(29.,92.5,16.7375));
#12642 = CARTESIAN_POINT('',(39.440732361411,92.5,16.7375));
#12643 = GEOMETRIC_CURVE_SET('',(#12644));
#12644 = TRIMMED_CURVE('',#12645,(#12649,PARAMETER_VALUE(1.)),(#12650,
    PARAMETER_VALUE(5.7625)),.T.,.PARAMETER.);
#12645 = LINE('',#12646,#12647);
#12646 = CARTESIAN_POINT('',(39.440732361406,92.5,15.7375));
#12647 = VECTOR('',#12648,1.);
#12648 = DIRECTION('',(0.,0.,1.));
#12649 = CARTESIAN_POINT('',(39.440732361411,92.5,16.7375));
#12650 = CARTESIAN_POINT('',(39.440732361411,92.5,21.5));
#12651 = GEOMETRIC_CURVE_SET('',(#12652));
#12652 = TRIMMED_CURVE('',#12653,(#12657,PARAMETER_VALUE(0.)),(#12658,
    PARAMETER_VALUE(4.7625)),.T.,.PARAMETER.);
#12653 = LINE('',#12654,#12655);
#12654 = CARTESIAN_POINT('',(29.,92.5,16.7375));
#12655 = VECTOR('',#12656,1.);
#12656 = DIRECTION('',(0.,0.,1.));
#12657 = CARTESIAN_POINT('',(29.,92.5,16.7375));
#12658 = CARTESIAN_POINT('',(29.,92.5,21.5));
#12659 = GEOMETRIC_CURVE_SET('',(#12660));
#12660 = TRIMMED_CURVE('',#12661,(#12666,PARAMETER_VALUE(3.14159265359))
  ,(#12667,PARAMETER_VALUE(4.712388980385)),.T.,.PARAMETER.);
#12661 = CIRCLE('',#12662,6.35);
#12662 = AXIS2_PLACEMENT_3D('',#12663,#12664,#12665);
#12663 = CARTESIAN_POINT('',(81.,118.8875,27.85));
#12664 = DIRECTION('',(1.,0.,-0.));
#12665 = DIRECTION('',(0.,0.,1.));
#12666 = CARTESIAN_POINT('',(81.,118.8875,21.5));
#12667 = CARTESIAN_POINT('',(81.,125.2375,27.85));
#12668 = GEOMETRIC_CURVE_SET('',(#12669));
#12669 = TRIMMED_CURVE('',#12670,(#12674,PARAMETER_VALUE(0.)),(#12675,
    PARAMETER_VALUE(52.)),.T.,.PARAMETER.);
#12670 = LINE('',#12671,#12672);
#12671 = CARTESIAN_POINT('',(29.,125.2375,27.85));
#12672 = VECTOR('',#12673,1.);
#12673 = DIRECTION('',(1.,0.,0.));
#12674 = CARTESIAN_POINT('',(29.,125.2375,27.85));
#12675 = CARTESIAN_POINT('',(81.,125.2375,27.85));
#12676 = GEOMETRIC_CURVE_SET('',(#12677));
#12677 = TRIMMED_CURVE('',#12678,(#12683,PARAMETER_VALUE(3.14159265359))
  ,(#12684,PARAMETER_VALUE(4.712388980385)),.T.,.PARAMETER.);
#12678 = CIRCLE('',#12679,6.35);
#12679 = AXIS2_PLACEMENT_3D('',#12680,#12681,#12682);
#12680 = CARTESIAN_POINT('',(29.,118.8875,27.85));
#12681 = DIRECTION('',(1.,0.,-0.));
#12682 = DIRECTION('',(0.,0.,1.));
#12683 = CARTESIAN_POINT('',(29.,118.8875,21.5));
#12684 = CARTESIAN_POINT('',(29.,125.2375,27.85));
#12685 = GEOMETRIC_CURVE_SET('',(#12686));
#12686 = TRIMMED_CURVE('',#12687,(#12691,PARAMETER_VALUE(36.659267638589
      )),(#12692,PARAMETER_VALUE(52.)),.T.,.PARAMETER.);
#12687 = LINE('',#12688,#12689);
#12688 = CARTESIAN_POINT('',(29.,92.5,16.7375));
#12689 = VECTOR('',#12690,1.);
#12690 = DIRECTION('',(1.,0.,0.));
#12691 = CARTESIAN_POINT('',(65.659267638589,92.5,16.7375));
#12692 = CARTESIAN_POINT('',(81.,92.5,16.7375));
#12693 = GEOMETRIC_CURVE_SET('',(#12694));
#12694 = TRIMMED_CURVE('',#12695,(#12699,PARAMETER_VALUE(0.)),(#12700,
    PARAMETER_VALUE(4.7625)),.T.,.PARAMETER.);
#12695 = LINE('',#12696,#12697);
#12696 = CARTESIAN_POINT('',(81.,92.5,16.7375));
#12697 = VECTOR('',#12698,1.);
#12698 = DIRECTION('',(0.,0.,1.));
#12699 = CARTESIAN_POINT('',(81.,92.5,16.7375));
#12700 = CARTESIAN_POINT('',(81.,92.5,21.5));
#12701 = GEOMETRIC_CURVE_SET('',(#12702));
#12702 = TRIMMED_CURVE('',#12703,(#12707,PARAMETER_VALUE(1.)),(#12708,
    PARAMETER_VALUE(5.7625)),.T.,.PARAMETER.);
#12703 = LINE('',#12704,#12705);
#12704 = CARTESIAN_POINT('',(65.659267638594,92.5,15.7375));
#12705 = VECTOR('',#12706,1.);
#12706 = DIRECTION('',(0.,0.,1.));
#12707 = CARTESIAN_POINT('',(65.659267638589,92.5,16.7375));
#12708 = CARTESIAN_POINT('',(65.659267638589,92.5,21.5));
#12709 = GEOMETRIC_CURVE_SET('',(#12710));
#12710 = TRIMMED_CURVE('',#12711,(#12715,PARAMETER_VALUE(11.259267638589
      )),(#12716,PARAMETER_VALUE(35.840732361411)),.T.,.PARAMETER.);
#12711 = LINE('',#12712,#12713);
#12712 = CARTESIAN_POINT('',(29.,92.5,16.7375));
#12713 = VECTOR('',#12714,1.);
#12714 = DIRECTION('',(1.,0.,0.));
#12715 = CARTESIAN_POINT('',(40.259267638589,92.5,16.7375));
#12716 = CARTESIAN_POINT('',(64.840732361411,92.5,16.7375));
#12717 = GEOMETRIC_CURVE_SET('',(#12718));
#12718 = TRIMMED_CURVE('',#12719,(#12723,PARAMETER_VALUE(1.)),(#12724,
    PARAMETER_VALUE(5.7625)),.T.,.PARAMETER.);
#12719 = LINE('',#12720,#12721);
#12720 = CARTESIAN_POINT('',(64.840732361406,92.5,15.7375));
#12721 = VECTOR('',#12722,1.);
#12722 = DIRECTION('',(0.,0.,1.));
#12723 = CARTESIAN_POINT('',(64.840732361411,92.5,16.7375));
#12724 = CARTESIAN_POINT('',(64.840732361411,92.5,21.5));
#12725 = GEOMETRIC_CURVE_SET('',(#12726));
#12726 = TRIMMED_CURVE('',#12727,(#12731,PARAMETER_VALUE(1.)),(#12732,
    PARAMETER_VALUE(5.7625)),.T.,.PARAMETER.);
#12727 = LINE('',#12728,#12729);
#12728 = CARTESIAN_POINT('',(40.259267638594,92.5,15.7375));
#12729 = VECTOR('',#12730,1.);
#12730 = DIRECTION('',(0.,0.,1.));
#12731 = CARTESIAN_POINT('',(40.259267638589,92.5,16.7375));
#12732 = CARTESIAN_POINT('',(40.259267638589,92.5,21.5));
#12733 = GEOMETRIC_CURVE_SET('',(#12734));
#12734 = TRIMMED_CURVE('',#12735,(#12739,PARAMETER_VALUE(1.)),(#12740,
    PARAMETER_VALUE(5.7625)),.T.,.PARAMETER.);
#12735 = LINE('',#12736,#12737);
#12736 = CARTESIAN_POINT('',(41.55,115.85,15.7375));
#12737 = VECTOR('',#12738,1.);
#12738 = DIRECTION('',(0.,0.,1.));
#12739 = CARTESIAN_POINT('',(41.55,115.85,16.7375));
#12740 = CARTESIAN_POINT('',(41.55,115.85,21.5));
#12741 = GEOMETRIC_CURVE_SET('',(#12742));
#12742 = TRIMMED_CURVE('',#12743,(#12748,PARAMETER_VALUE(0.)),(#12749,
    PARAMETER_VALUE(6.28318530718)),.T.,.PARAMETER.);
#12743 = CIRCLE('',#12744,1.7);
#12744 = AXIS2_PLACEMENT_3D('',#12745,#12746,#12747);
#12745 = CARTESIAN_POINT('',(39.85,115.85,16.7375));
#12746 = DIRECTION('',(0.,0.,1.));
#12747 = DIRECTION('',(1.,0.,0.));
#12748 = CARTESIAN_POINT('',(41.55,115.85,16.7375));
#12749 = CARTESIAN_POINT('',(41.55,115.85,16.7375));
#12750 = GEOMETRIC_CURVE_SET('',(#12751));
#12751 = TRIMMED_CURVE('',#12752,(#12756,PARAMETER_VALUE(1.)),(#12757,
    PARAMETER_VALUE(5.7625)),.T.,.PARAMETER.);
#12752 = LINE('',#12753,#12754);
#12753 = CARTESIAN_POINT('',(66.95,115.85,15.7375));
#12754 = VECTOR('',#12755,1.);
#12755 = DIRECTION('',(0.,0.,1.));
#12756 = CARTESIAN_POINT('',(66.95,115.85,16.7375));
#12757 = CARTESIAN_POINT('',(66.95,115.85,21.5));
#12758 = GEOMETRIC_CURVE_SET('',(#12759));
#12759 = TRIMMED_CURVE('',#12760,(#12765,PARAMETER_VALUE(0.)),(#12766,
    PARAMETER_VALUE(6.28318530718)),.T.,.PARAMETER.);
#12760 = CIRCLE('',#12761,1.7);
#12761 = AXIS2_PLACEMENT_3D('',#12762,#12763,#12764);
#12762 = CARTESIAN_POINT('',(65.25,115.85,16.7375));
#12763 = DIRECTION('',(0.,0.,1.));
#12764 = DIRECTION('',(1.,0.,0.));
#12765 = CARTESIAN_POINT('',(66.95,115.85,16.7375));
#12766 = CARTESIAN_POINT('',(66.95,115.85,16.7375));
#12767 = GEOMETRIC_CURVE_SET('',(#12768));
#12768 = TRIMMED_CURVE('',#12769,(#12773,PARAMETER_VALUE(11.1125)),(
    #12774,PARAMETER_VALUE(48.2625)),.T.,.PARAMETER.);
#12769 = LINE('',#12770,#12771);
#12770 = CARTESIAN_POINT('',(81.,125.2375,16.7375));
#12771 = VECTOR('',#12772,1.);
#12772 = DIRECTION('',(0.,0.,1.));
#12773 = CARTESIAN_POINT('',(81.,125.2375,27.85));
#12774 = CARTESIAN_POINT('',(81.,125.2375,65.));
#12775 = GEOMETRIC_CURVE_SET('',(#12776));
#12776 = TRIMMED_CURVE('',#12777,(#12781,PARAMETER_VALUE(0.)),(#12782,
    PARAMETER_VALUE(52.)),.T.,.PARAMETER.);
#12777 = LINE('',#12778,#12779);
#12778 = CARTESIAN_POINT('',(29.,125.2375,65.));
#12779 = VECTOR('',#12780,1.);
#12780 = DIRECTION('',(1.,0.,0.));
#12781 = CARTESIAN_POINT('',(29.,125.2375,65.));
#12782 = CARTESIAN_POINT('',(81.,125.2375,65.));
#12783 = GEOMETRIC_CURVE_SET('',(#12784));
#12784 = TRIMMED_CURVE('',#12785,(#12789,PARAMETER_VALUE(11.1125)),(
    #12790,PARAMETER_VALUE(48.2625)),.T.,.PARAMETER.);
#12785 = LINE('',#12786,#12787);
#12786 = CARTESIAN_POINT('',(29.,125.2375,16.7375));
#12787 = VECTOR('',#12788,1.);
#12788 = DIRECTION('',(0.,0.,1.));
#12789 = CARTESIAN_POINT('',(29.,125.2375,27.85));
#12790 = CARTESIAN_POINT('',(29.,125.2375,65.));
#12791 = GEOMETRIC_CURVE_SET('',(#12792));
#12792 = TRIMMED_CURVE('',#12793,(#12798,PARAMETER_VALUE(0.)),(#12799,
    PARAMETER_VALUE(6.28318530718)),.T.,.PARAMETER.);
#12793 = CIRCLE('',#12794,2.15);
#12794 = AXIS2_PLACEMENT_3D('',#12795,#12796,#12797);
#12795 = CARTESIAN_POINT('',(42.8,125.2375,58.65));
#12796 = DIRECTION('',(0.,1.,0.));
#12797 = DIRECTION('',(0.,0.,1.));
#12798 = CARTESIAN_POINT('',(42.8,125.2375,60.8));
#12799 = CARTESIAN_POINT('',(42.8,125.2375,60.8));
#12800 = GEOMETRIC_CURVE_SET('',(#12801));
#12801 = TRIMMED_CURVE('',#12802,(#12807,PARAMETER_VALUE(0.)),(#12808,
    PARAMETER_VALUE(6.28318530718)),.T.,.PARAMETER.);
#12802 = CIRCLE('',#12803,2.15);
#12803 = AXIS2_PLACEMENT_3D('',#12804,#12805,#12806);
#12804 = CARTESIAN_POINT('',(68.2,125.2375,58.65));
#12805 = DIRECTION('',(0.,1.,0.));
#12806 = DIRECTION('',(0.,0.,1.));
#12807 = CARTESIAN_POINT('',(68.2,125.2375,60.8));
#12808 = CARTESIAN_POINT('',(68.2,125.2375,60.8));
#12809 = GEOMETRIC_CURVE_SET('',(#12810));
#12810 = TRIMMED_CURVE('',#12811,(#12815,PARAMETER_VALUE(0.)),(#12816,
    PARAMETER_VALUE(4.7625)),.T.,.PARAMETER.);
#12811 = LINE('',#12812,#12813);
#12812 = CARTESIAN_POINT('',(29.,125.2375,65.));
#12813 = VECTOR('',#12814,1.);
#12814 = DIRECTION('',(0.,1.,0.));
#12815 = CARTESIAN_POINT('',(29.,125.2375,65.));
#12816 = CARTESIAN_POINT('',(29.,130.,65.));
#12817 = GEOMETRIC_CURVE_SET('',(#12818));
#12818 = TRIMMED_CURVE('',#12819,(#12823,PARAMETER_VALUE(0.)),(#12824,
    PARAMETER_VALUE(52.)),.T.,.PARAMETER.);
#12819 = LINE('',#12820,#12821);
#12820 = CARTESIAN_POINT('',(29.,130.,65.));
#12821 = VECTOR('',#12822,1.);
#12822 = DIRECTION('',(1.,0.,0.));
#12823 = CARTESIAN_POINT('',(29.,130.,65.));
#12824 = CARTESIAN_POINT('',(81.,130.,65.));
#12825 = GEOMETRIC_CURVE_SET('',(#12826));
#12826 = TRIMMED_CURVE('',#12827,(#12831,PARAMETER_VALUE(0.)),(#12832,
    PARAMETER_VALUE(4.7625)),.T.,.PARAMETER.);
#12827 = LINE('',#12828,#12829);
#12828 = CARTESIAN_POINT('',(81.,125.2375,65.));
#12829 = VECTOR('',#12830,1.);
#12830 = DIRECTION('',(0.,1.,0.));
#12831 = CARTESIAN_POINT('',(81.,125.2375,65.));
#12832 = CARTESIAN_POINT('',(81.,130.,65.));
#12833 = GEOMETRIC_CURVE_SET('',(#12834));
#12834 = TRIMMED_CURVE('',#12835,(#12840,PARAMETER_VALUE(0.)),(#12841,
    PARAMETER_VALUE(6.28318530718)),.T.,.PARAMETER.);
#12835 = CIRCLE('',#12836,2.15);
#12836 = AXIS2_PLACEMENT_3D('',#12837,#12838,#12839);
#12837 = CARTESIAN_POINT('',(42.8,130.,58.65));
#12838 = DIRECTION('',(0.,1.,0.));
#12839 = DIRECTION('',(0.,0.,1.));
#12840 = CARTESIAN_POINT('',(42.8,130.,60.8));
#12841 = CARTESIAN_POINT('',(42.8,130.,60.8));
#12842 = GEOMETRIC_CURVE_SET('',(#12843));
#12843 = TRIMMED_CURVE('',#12844,(#12848,PARAMETER_VALUE(1.)),(#12849,
    PARAMETER_VALUE(5.7625)),.T.,.PARAMETER.);
#12844 = LINE('',#12845,#12846);
#12845 = CARTESIAN_POINT('',(42.8,124.2375,60.8));
#12846 = VECTOR('',#12847,1.);
#12847 = DIRECTION('',(0.,1.,0.));
#12848 = CARTESIAN_POINT('',(42.8,125.2375,60.8));
#12849 = CARTESIAN_POINT('',(42.8,130.,60.8));
#12850 = GEOMETRIC_CURVE_SET('',(#12851));
#12851 = TRIMMED_CURVE('',#12852,(#12857,PARAMETER_VALUE(0.)),(#12858,
    PARAMETER_VALUE(6.28318530718)),.T.,.PARAMETER.);
#12852 = CIRCLE('',#12853,2.15);
#12853 = AXIS2_PLACEMENT_3D('',#12854,#12855,#12856);
#12854 = CARTESIAN_POINT('',(68.2,130.,58.65));
#12855 = DIRECTION('',(0.,1.,0.));
#12856 = DIRECTION('',(0.,0.,1.));
#12857 = CARTESIAN_POINT('',(68.2,130.,60.8));
#12858 = CARTESIAN_POINT('',(68.2,130.,60.8));
#12859 = GEOMETRIC_CURVE_SET('',(#12860));
#12860 = TRIMMED_CURVE('',#12861,(#12865,PARAMETER_VALUE(1.)),(#12866,
    PARAMETER_VALUE(5.7625)),.T.,.PARAMETER.);
#12861 = LINE('',#12862,#12863);
#12862 = CARTESIAN_POINT('',(68.2,124.2375,60.8));
#12863 = VECTOR('',#12864,1.);
#12864 = DIRECTION('',(0.,1.,0.));
#12865 = CARTESIAN_POINT('',(68.2,125.2375,60.8));
#12866 = CARTESIAN_POINT('',(68.2,130.,60.8));
#12867 = GEOMETRIC_CURVE_SET('',(#12868));
#12868 = TRIMMED_CURVE('',#12869,(#12873,PARAMETER_VALUE(0.)),(#12874,
    PARAMETER_VALUE(48.2625)),.T.,.PARAMETER.);
#12869 = LINE('',#12870,#12871);
#12870 = CARTESIAN_POINT('',(29.,130.,16.7375));
#12871 = VECTOR('',#12872,1.);
#12872 = DIRECTION('',(0.,0.,1.));
#12873 = CARTESIAN_POINT('',(29.,130.,16.7375));
#12874 = CARTESIAN_POINT('',(29.,130.,65.));
#12875 = GEOMETRIC_CURVE_SET('',(#12876));
#12876 = TRIMMED_CURVE('',#12877,(#12881,PARAMETER_VALUE(0.)),(#12882,
    PARAMETER_VALUE(37.5)),.T.,.PARAMETER.);
#12877 = LINE('',#12878,#12879);
#12878 = CARTESIAN_POINT('',(29.,92.5,16.7375));
#12879 = VECTOR('',#12880,1.);
#12880 = DIRECTION('',(0.,1.,0.));
#12881 = CARTESIAN_POINT('',(29.,92.5,16.7375));
#12882 = CARTESIAN_POINT('',(29.,130.,16.7375));
#12883 = GEOMETRIC_CURVE_SET('',(#12884));
#12884 = TRIMMED_CURVE('',#12885,(#12889,PARAMETER_VALUE(0.)),(#12890,
    PARAMETER_VALUE(52.)),.T.,.PARAMETER.);
#12885 = LINE('',#12886,#12887);
#12886 = CARTESIAN_POINT('',(29.,130.,16.7375));
#12887 = VECTOR('',#12888,1.);
#12888 = DIRECTION('',(1.,0.,0.));
#12889 = CARTESIAN_POINT('',(29.,130.,16.7375));
#12890 = CARTESIAN_POINT('',(81.,130.,16.7375));
#12891 = GEOMETRIC_CURVE_SET('',(#12892));
#12892 = TRIMMED_CURVE('',#12893,(#12897,PARAMETER_VALUE(0.)),(#12898,
    PARAMETER_VALUE(37.5)),.T.,.PARAMETER.);
#12893 = LINE('',#12894,#12895);
#12894 = CARTESIAN_POINT('',(81.,92.5,16.7375));
#12895 = VECTOR('',#12896,1.);
#12896 = DIRECTION('',(0.,1.,0.));
#12897 = CARTESIAN_POINT('',(81.,92.5,16.7375));
#12898 = CARTESIAN_POINT('',(81.,130.,16.7375));
#12899 = GEOMETRIC_CURVE_SET('',(#12900));
#12900 = TRIMMED_CURVE('',#12901,(#12906,PARAMETER_VALUE(4.955523024124)
    ),(#12907,PARAMETER_VALUE(6.28318530718)),.T.,.PARAMETER.);
#12901 = CIRCLE('',#12902,1.7);
#12902 = AXIS2_PLACEMENT_3D('',#12903,#12904,#12905);
#12903 = CARTESIAN_POINT('',(65.25,94.15,16.7375));
#12904 = DIRECTION('',(0.,0.,1.));
#12905 = DIRECTION('',(1.,0.,0.));
#12906 = CARTESIAN_POINT('',(65.659267638589,92.5,16.7375));
#12907 = CARTESIAN_POINT('',(66.95,94.15,16.7375));
#12908 = GEOMETRIC_CURVE_SET('',(#12909));
#12909 = TRIMMED_CURVE('',#12910,(#12915,PARAMETER_VALUE(0.)),(#12916,
    PARAMETER_VALUE(4.469254936646)),.T.,.PARAMETER.);
#12910 = CIRCLE('',#12911,1.7);
#12911 = AXIS2_PLACEMENT_3D('',#12912,#12913,#12914);
#12912 = CARTESIAN_POINT('',(65.25,94.15,16.7375));
#12913 = DIRECTION('',(0.,0.,1.));
#12914 = DIRECTION('',(1.,0.,0.));
#12915 = CARTESIAN_POINT('',(66.95,94.15,16.7375));
#12916 = CARTESIAN_POINT('',(64.840732361411,92.5,16.7375));
#12917 = GEOMETRIC_CURVE_SET('',(#12918));
#12918 = TRIMMED_CURVE('',#12919,(#12924,PARAMETER_VALUE(4.955523024124)
    ),(#12925,PARAMETER_VALUE(6.28318530718)),.T.,.PARAMETER.);
#12919 = CIRCLE('',#12920,1.7);
#12920 = AXIS2_PLACEMENT_3D('',#12921,#12922,#12923);
#12921 = CARTESIAN_POINT('',(39.85,94.15,16.7375));
#12922 = DIRECTION('',(0.,0.,1.));
#12923 = DIRECTION('',(1.,0.,0.));
#12924 = CARTESIAN_POINT('',(40.259267638589,92.5,16.7375));
#12925 = CARTESIAN_POINT('',(41.55,94.15,16.7375));
#12926 = GEOMETRIC_CURVE_SET('',(#12927));
#12927 = TRIMMED_CURVE('',#12928,(#12933,PARAMETER_VALUE(0.)),(#12934,
    PARAMETER_VALUE(4.469254936646)),.T.,.PARAMETER.);
#12928 = CIRCLE('',#12929,1.7);
#12929 = AXIS2_PLACEMENT_3D('',#12930,#12931,#12932);
#12930 = CARTESIAN_POINT('',(39.85,94.15,16.7375));
#12931 = DIRECTION('',(0.,0.,1.));
#12932 = DIRECTION('',(1.,0.,0.));
#12933 = CARTESIAN_POINT('',(41.55,94.15,16.7375));
#12934 = CARTESIAN_POINT('',(39.440732361411,92.5,16.7375));
#12935 = GEOMETRIC_CURVE_SET('',(#12936));
#12936 = TRIMMED_CURVE('',#12937,(#12941,PARAMETER_VALUE(0.)),(#12942,
    PARAMETER_VALUE(48.2625)),.T.,.PARAMETER.);
#12937 = LINE('',#12938,#12939);
#12938 = CARTESIAN_POINT('',(81.,130.,16.7375));
#12939 = VECTOR('',#12940,1.);
#12940 = DIRECTION('',(0.,0.,1.));
#12941 = CARTESIAN_POINT('',(81.,130.,16.7375));
#12942 = CARTESIAN_POINT('',(81.,130.,65.));
#12943 = GEOMETRIC_CURVE_SET('',(#12944));
#12944 = TRIMMED_CURVE('',#12945,(#12949,PARAMETER_VALUE(0.)),(#12950,
    PARAMETER_VALUE(26.3875)),.T.,.PARAMETER.);
#12945 = LINE('',#12946,#12947);
#12946 = CARTESIAN_POINT('',(246.,92.5,21.5));
#12947 = VECTOR('',#12948,1.);
#12948 = DIRECTION('',(0.,1.,0.));
#12949 = CARTESIAN_POINT('',(246.,92.5,21.5));
#12950 = CARTESIAN_POINT('',(246.,118.8875,21.5));
#12951 = GEOMETRIC_CURVE_SET('',(#12952));
#12952 = TRIMMED_CURVE('',#12953,(#12957,PARAMETER_VALUE(0.)),(#12958,
    PARAMETER_VALUE(10.440732361411)),.T.,.PARAMETER.);
#12953 = LINE('',#12954,#12955);
#12954 = CARTESIAN_POINT('',(246.,92.5,21.5));
#12955 = VECTOR('',#12956,1.);
#12956 = DIRECTION('',(-1.,-0.,-0.));
#12957 = CARTESIAN_POINT('',(246.,92.5,21.5));
#12958 = CARTESIAN_POINT('',(235.55926763858,92.5,21.5));
#12959 = GEOMETRIC_CURVE_SET('',(#12960));
#12960 = TRIMMED_CURVE('',#12961,(#12965,PARAMETER_VALUE(0.)),(#12966,
    PARAMETER_VALUE(52.)),.T.,.PARAMETER.);
#12961 = LINE('',#12962,#12963);
#12962 = CARTESIAN_POINT('',(246.,118.8875,21.5));
#12963 = VECTOR('',#12964,1.);
#12964 = DIRECTION('',(-1.,-0.,-0.));
#12965 = CARTESIAN_POINT('',(246.,118.8875,21.5));
#12966 = CARTESIAN_POINT('',(194.,118.8875,21.5));
#12967 = GEOMETRIC_CURVE_SET('',(#12968));
#12968 = TRIMMED_CURVE('',#12969,(#12974,PARAMETER_VALUE(0.)),(#12975,
    PARAMETER_VALUE(4.469254936646)),.T.,.PARAMETER.);
#12969 = CIRCLE('',#12970,1.7);
#12970 = AXIS2_PLACEMENT_3D('',#12971,#12972,#12973);
#12971 = CARTESIAN_POINT('',(235.15,94.15,21.5));
#12972 = DIRECTION('',(0.,0.,-1.));
#12973 = DIRECTION('',(-1.,-0.,-0.));
#12974 = CARTESIAN_POINT('',(233.45,94.15,21.5));
#12975 = CARTESIAN_POINT('',(235.55926763858,92.5,21.5));
#12976 = GEOMETRIC_CURVE_SET('',(#12977));
#12977 = TRIMMED_CURVE('',#12978,(#12982,PARAMETER_VALUE(0.)),(#12983,
    PARAMETER_VALUE(26.3875)),.T.,.PARAMETER.);
#12978 = LINE('',#12979,#12980);
#12979 = CARTESIAN_POINT('',(194.,92.5,21.5));
#12980 = VECTOR('',#12981,1.);
#12981 = DIRECTION('',(0.,1.,0.));
#12982 = CARTESIAN_POINT('',(194.,92.5,21.5));
#12983 = CARTESIAN_POINT('',(194.,118.8875,21.5));
#12984 = GEOMETRIC_CURVE_SET('',(#12985));
#12985 = TRIMMED_CURVE('',#12986,(#12991,PARAMETER_VALUE(4.955523024124)
    ),(#12992,PARAMETER_VALUE(6.28318530718)),.T.,.PARAMETER.);
#12986 = CIRCLE('',#12987,1.7);
#12987 = AXIS2_PLACEMENT_3D('',#12988,#12989,#12990);
#12988 = CARTESIAN_POINT('',(235.15,94.15,21.5));
#12989 = DIRECTION('',(0.,0.,-1.));
#12990 = DIRECTION('',(-1.,-0.,-0.));
#12991 = CARTESIAN_POINT('',(234.74073236141,92.5,21.5));
#12992 = CARTESIAN_POINT('',(233.45,94.15,21.5));
#12993 = GEOMETRIC_CURVE_SET('',(#12994));
#12994 = TRIMMED_CURVE('',#12995,(#12999,PARAMETER_VALUE(36.659267638589
      )),(#13000,PARAMETER_VALUE(52.)),.T.,.PARAMETER.);
#12995 = LINE('',#12996,#12997);
#12996 = CARTESIAN_POINT('',(246.,92.5,21.5));
#12997 = VECTOR('',#12998,1.);
#12998 = DIRECTION('',(-1.,-0.,-0.));
#12999 = CARTESIAN_POINT('',(209.34073236141,92.5,21.5));
#13000 = CARTESIAN_POINT('',(194.,92.5,21.5));
#13001 = GEOMETRIC_CURVE_SET('',(#13002));
#13002 = TRIMMED_CURVE('',#13003,(#13007,PARAMETER_VALUE(11.259267638589
      )),(#13008,PARAMETER_VALUE(35.840732361411)),.T.,.PARAMETER.);
#13003 = LINE('',#13004,#13005);
#13004 = CARTESIAN_POINT('',(246.,92.5,21.5));
#13005 = VECTOR('',#13006,1.);
#13006 = DIRECTION('',(-1.,-0.,-0.));
#13007 = CARTESIAN_POINT('',(234.74073236141,92.5,21.5));
#13008 = CARTESIAN_POINT('',(210.15926763858,92.5,21.5));
#13009 = GEOMETRIC_CURVE_SET('',(#13010));
#13010 = TRIMMED_CURVE('',#13011,(#13016,PARAMETER_VALUE(4.955523024124)
    ),(#13017,PARAMETER_VALUE(6.28318530718)),.T.,.PARAMETER.);
#13011 = CIRCLE('',#13012,1.7);
#13012 = AXIS2_PLACEMENT_3D('',#13013,#13014,#13015);
#13013 = CARTESIAN_POINT('',(209.75,94.15,21.5));
#13014 = DIRECTION('',(0.,0.,-1.));
#13015 = DIRECTION('',(-1.,-0.,-0.));
#13016 = CARTESIAN_POINT('',(209.34073236141,92.5,21.5));
#13017 = CARTESIAN_POINT('',(208.05,94.15,21.5));
#13018 = GEOMETRIC_CURVE_SET('',(#13019));
#13019 = TRIMMED_CURVE('',#13020,(#13025,PARAMETER_VALUE(0.)),(#13026,
    PARAMETER_VALUE(4.469254936646)),.T.,.PARAMETER.);
#13020 = CIRCLE('',#13021,1.7);
#13021 = AXIS2_PLACEMENT_3D('',#13022,#13023,#13024);
#13022 = CARTESIAN_POINT('',(209.75,94.15,21.5));
#13023 = DIRECTION('',(0.,0.,-1.));
#13024 = DIRECTION('',(-1.,-0.,-0.));
#13025 = CARTESIAN_POINT('',(208.05,94.15,21.5));
#13026 = CARTESIAN_POINT('',(210.15926763858,92.5,21.5));
#13027 = GEOMETRIC_CURVE_SET('',(#13028));
#13028 = TRIMMED_CURVE('',#13029,(#13034,PARAMETER_VALUE(0.)),(#13035,
    PARAMETER_VALUE(6.28318530718)),.T.,.PARAMETER.);
#13029 = CIRCLE('',#13030,1.7);
#13030 = AXIS2_PLACEMENT_3D('',#13031,#13032,#13033);
#13031 = CARTESIAN_POINT('',(235.15,115.85,21.5));
#13032 = DIRECTION('',(0.,0.,-1.));
#13033 = DIRECTION('',(-1.,-0.,-0.));
#13034 = CARTESIAN_POINT('',(233.45,115.85,21.5));
#13035 = CARTESIAN_POINT('',(233.45,115.85,21.5));
#13036 = GEOMETRIC_CURVE_SET('',(#13037));
#13037 = TRIMMED_CURVE('',#13038,(#13043,PARAMETER_VALUE(0.)),(#13044,
    PARAMETER_VALUE(6.28318530718)),.T.,.PARAMETER.);
#13038 = CIRCLE('',#13039,1.7);
#13039 = AXIS2_PLACEMENT_3D('',#13040,#13041,#13042);
#13040 = CARTESIAN_POINT('',(209.75,115.85,21.5));
#13041 = DIRECTION('',(0.,0.,-1.));
#13042 = DIRECTION('',(-1.,-0.,-0.));
#13043 = CARTESIAN_POINT('',(208.05,115.85,21.5));
#13044 = CARTESIAN_POINT('',(208.05,115.85,21.5));
#13045 = GEOMETRIC_CURVE_SET('',(#13046));
#13046 = TRIMMED_CURVE('',#13047,(#13051,PARAMETER_VALUE(0.)),(#13052,
    PARAMETER_VALUE(10.440732361411)),.T.,.PARAMETER.);
#13047 = LINE('',#13048,#13049);
#13048 = CARTESIAN_POINT('',(246.,92.5,16.7375));
#13049 = VECTOR('',#13050,1.);
#13050 = DIRECTION('',(-1.,-0.,-0.));
#13051 = CARTESIAN_POINT('',(246.,92.5,16.7375));
#13052 = CARTESIAN_POINT('',(235.55926763858,92.5,16.7375));
#13053 = GEOMETRIC_CURVE_SET('',(#13054));
#13054 = TRIMMED_CURVE('',#13055,(#13059,PARAMETER_VALUE(1.)),(#13060,
    PARAMETER_VALUE(5.7625)),.T.,.PARAMETER.);
#13055 = LINE('',#13056,#13057);
#13056 = CARTESIAN_POINT('',(235.55926763859,92.5,15.7375));
#13057 = VECTOR('',#13058,1.);
#13058 = DIRECTION('',(0.,0.,1.));
#13059 = CARTESIAN_POINT('',(235.55926763858,92.5,16.7375));
#13060 = CARTESIAN_POINT('',(235.55926763858,92.5,21.5));
#13061 = GEOMETRIC_CURVE_SET('',(#13062));
#13062 = TRIMMED_CURVE('',#13063,(#13067,PARAMETER_VALUE(0.)),(#13068,
    PARAMETER_VALUE(4.7625)),.T.,.PARAMETER.);
#13063 = LINE('',#13064,#13065);
#13064 = CARTESIAN_POINT('',(246.,92.5,16.7375));
#13065 = VECTOR('',#13066,1.);
#13066 = DIRECTION('',(0.,0.,1.));
#13067 = CARTESIAN_POINT('',(246.,92.5,16.7375));
#13068 = CARTESIAN_POINT('',(246.,92.5,21.5));
#13069 = GEOMETRIC_CURVE_SET('',(#13070));
#13070 = TRIMMED_CURVE('',#13071,(#13076,PARAMETER_VALUE(3.14159265359))
  ,(#13077,PARAMETER_VALUE(4.712388980385)),.T.,.PARAMETER.);
#13071 = CIRCLE('',#13072,6.35);
#13072 = AXIS2_PLACEMENT_3D('',#13073,#13074,#13075);
#13073 = CARTESIAN_POINT('',(194.,118.8875,27.85));
#13074 = DIRECTION('',(1.,0.,0.));
#13075 = DIRECTION('',(0.,0.,1.));
#13076 = CARTESIAN_POINT('',(194.,118.8875,21.5));
#13077 = CARTESIAN_POINT('',(194.,125.2375,27.85));
#13078 = GEOMETRIC_CURVE_SET('',(#13079));
#13079 = TRIMMED_CURVE('',#13080,(#13084,PARAMETER_VALUE(0.)),(#13085,
    PARAMETER_VALUE(52.)),.T.,.PARAMETER.);
#13080 = LINE('',#13081,#13082);
#13081 = CARTESIAN_POINT('',(246.,125.2375,27.85));
#13082 = VECTOR('',#13083,1.);
#13083 = DIRECTION('',(-1.,-0.,-0.));
#13084 = CARTESIAN_POINT('',(246.,125.2375,27.85));
#13085 = CARTESIAN_POINT('',(194.,125.2375,27.85));
#13086 = GEOMETRIC_CURVE_SET('',(#13087));
#13087 = TRIMMED_CURVE('',#13088,(#13093,PARAMETER_VALUE(3.14159265359))
  ,(#13094,PARAMETER_VALUE(4.712388980385)),.T.,.PARAMETER.);
#13088 = CIRCLE('',#13089,6.35);
#13089 = AXIS2_PLACEMENT_3D('',#13090,#13091,#13092);
#13090 = CARTESIAN_POINT('',(246.,118.8875,27.85));
#13091 = DIRECTION('',(1.,0.,0.));
#13092 = DIRECTION('',(0.,0.,1.));
#13093 = CARTESIAN_POINT('',(246.,118.8875,21.5));
#13094 = CARTESIAN_POINT('',(246.,125.2375,27.85));
#13095 = GEOMETRIC_CURVE_SET('',(#13096));
#13096 = TRIMMED_CURVE('',#13097,(#13101,PARAMETER_VALUE(36.659267638589
      )),(#13102,PARAMETER_VALUE(52.)),.T.,.PARAMETER.);
#13097 = LINE('',#13098,#13099);
#13098 = CARTESIAN_POINT('',(246.,92.5,16.7375));
#13099 = VECTOR('',#13100,1.);
#13100 = DIRECTION('',(-1.,-0.,-0.));
#13101 = CARTESIAN_POINT('',(209.34073236141,92.5,16.7375));
#13102 = CARTESIAN_POINT('',(194.,92.5,16.7375));
#13103 = GEOMETRIC_CURVE_SET('',(#13104));
#13104 = TRIMMED_CURVE('',#13105,(#13109,PARAMETER_VALUE(0.)),(#13110,
    PARAMETER_VALUE(4.7625)),.T.,.PARAMETER.);
#13105 = LINE('',#13106,#13107);
#13106 = CARTESIAN_POINT('',(194.,92.5,16.7375));
#13107 = VECTOR('',#13108,1.);
#13108 = DIRECTION('',(0.,0.,1.));
#13109 = CARTESIAN_POINT('',(194.,92.5,16.7375));
#13110 = CARTESIAN_POINT('',(194.,92.5,21.5));
#13111 = GEOMETRIC_CURVE_SET('',(#13112));
#13112 = TRIMMED_CURVE('',#13113,(#13117,PARAMETER_VALUE(1.)),(#13118,
    PARAMETER_VALUE(5.7625)),.T.,.PARAMETER.);
#13113 = LINE('',#13114,#13115);
#13114 = CARTESIAN_POINT('',(209.3407323614,92.5,15.7375));
#13115 = VECTOR('',#13116,1.);
#13116 = DIRECTION('',(0.,0.,1.));
#13117 = CARTESIAN_POINT('',(209.34073236141,92.5,16.7375));
#13118 = CARTESIAN_POINT('',(209.34073236141,92.5,21.5));
#13119 = GEOMETRIC_CURVE_SET('',(#13120));
#13120 = TRIMMED_CURVE('',#13121,(#13125,PARAMETER_VALUE(11.259267638589
      )),(#13126,PARAMETER_VALUE(35.840732361411)),.T.,.PARAMETER.);
#13121 = LINE('',#13122,#13123);
#13122 = CARTESIAN_POINT('',(246.,92.5,16.7375));
#13123 = VECTOR('',#13124,1.);
#13124 = DIRECTION('',(-1.,-0.,-0.));
#13125 = CARTESIAN_POINT('',(234.74073236141,92.5,16.7375));
#13126 = CARTESIAN_POINT('',(210.15926763858,92.5,16.7375));
#13127 = GEOMETRIC_CURVE_SET('',(#13128));
#13128 = TRIMMED_CURVE('',#13129,(#13133,PARAMETER_VALUE(1.)),(#13134,
    PARAMETER_VALUE(5.7625)),.T.,.PARAMETER.);
#13129 = LINE('',#13130,#13131);
#13130 = CARTESIAN_POINT('',(210.15926763859,92.5,15.7375));
#13131 = VECTOR('',#13132,1.);
#13132 = DIRECTION('',(0.,0.,1.));
#13133 = CARTESIAN_POINT('',(210.15926763858,92.5,16.7375));
#13134 = CARTESIAN_POINT('',(210.15926763858,92.5,21.5));
#13135 = GEOMETRIC_CURVE_SET('',(#13136));
#13136 = TRIMMED_CURVE('',#13137,(#13141,PARAMETER_VALUE(1.)),(#13142,
    PARAMETER_VALUE(5.7625)),.T.,.PARAMETER.);
#13137 = LINE('',#13138,#13139);
#13138 = CARTESIAN_POINT('',(234.7407323614,92.5,15.7375));
#13139 = VECTOR('',#13140,1.);
#13140 = DIRECTION('',(0.,0.,1.));
#13141 = CARTESIAN_POINT('',(234.74073236141,92.5,16.7375));
#13142 = CARTESIAN_POINT('',(234.74073236141,92.5,21.5));
#13143 = GEOMETRIC_CURVE_SET('',(#13144));
#13144 = TRIMMED_CURVE('',#13145,(#13149,PARAMETER_VALUE(1.)),(#13150,
    PARAMETER_VALUE(5.7625)),.T.,.PARAMETER.);
#13145 = LINE('',#13146,#13147);
#13146 = CARTESIAN_POINT('',(233.45,115.85,15.7375));
#13147 = VECTOR('',#13148,1.);
#13148 = DIRECTION('',(0.,0.,1.));
#13149 = CARTESIAN_POINT('',(233.45,115.85,16.7375));
#13150 = CARTESIAN_POINT('',(233.45,115.85,21.5));
#13151 = GEOMETRIC_CURVE_SET('',(#13152));
#13152 = TRIMMED_CURVE('',#13153,(#13158,PARAMETER_VALUE(0.)),(#13159,
    PARAMETER_VALUE(6.28318530718)),.T.,.PARAMETER.);
#13153 = CIRCLE('',#13154,1.7);
#13154 = AXIS2_PLACEMENT_3D('',#13155,#13156,#13157);
#13155 = CARTESIAN_POINT('',(235.15,115.85,16.7375));
#13156 = DIRECTION('',(0.,0.,-1.));
#13157 = DIRECTION('',(-1.,-0.,-0.));
#13158 = CARTESIAN_POINT('',(233.45,115.85,16.7375));
#13159 = CARTESIAN_POINT('',(233.45,115.85,16.7375));
#13160 = GEOMETRIC_CURVE_SET('',(#13161));
#13161 = TRIMMED_CURVE('',#13162,(#13166,PARAMETER_VALUE(1.)),(#13167,
    PARAMETER_VALUE(5.7625)),.T.,.PARAMETER.);
#13162 = LINE('',#13163,#13164);
#13163 = CARTESIAN_POINT('',(208.05,115.85,15.7375));
#13164 = VECTOR('',#13165,1.);
#13165 = DIRECTION('',(0.,0.,1.));
#13166 = CARTESIAN_POINT('',(208.05,115.85,16.7375));
#13167 = CARTESIAN_POINT('',(208.05,115.85,21.5));
#13168 = GEOMETRIC_CURVE_SET('',(#13169));
#13169 = TRIMMED_CURVE('',#13170,(#13175,PARAMETER_VALUE(0.)),(#13176,
    PARAMETER_VALUE(6.28318530718)),.T.,.PARAMETER.);
#13170 = CIRCLE('',#13171,1.7);
#13171 = AXIS2_PLACEMENT_3D('',#13172,#13173,#13174);
#13172 = CARTESIAN_POINT('',(209.75,115.85,16.7375));
#13173 = DIRECTION('',(0.,0.,-1.));
#13174 = DIRECTION('',(-1.,-0.,-0.));
#13175 = CARTESIAN_POINT('',(208.05,115.85,16.7375));
#13176 = CARTESIAN_POINT('',(208.05,115.85,16.7375));
#13177 = GEOMETRIC_CURVE_SET('',(#13178));
#13178 = TRIMMED_CURVE('',#13179,(#13183,PARAMETER_VALUE(11.1125)),(
    #13184,PARAMETER_VALUE(48.2625)),.T.,.PARAMETER.);
#13179 = LINE('',#13180,#13181);
#13180 = CARTESIAN_POINT('',(194.,125.2375,16.7375));
#13181 = VECTOR('',#13182,1.);
#13182 = DIRECTION('',(0.,0.,1.));
#13183 = CARTESIAN_POINT('',(194.,125.2375,27.85));
#13184 = CARTESIAN_POINT('',(194.,125.2375,65.));
#13185 = GEOMETRIC_CURVE_SET('',(#13186));
#13186 = TRIMMED_CURVE('',#13187,(#13191,PARAMETER_VALUE(0.)),(#13192,
    PARAMETER_VALUE(52.)),.T.,.PARAMETER.);
#13187 = LINE('',#13188,#13189);
#13188 = CARTESIAN_POINT('',(246.,125.2375,65.));
#13189 = VECTOR('',#13190,1.);
#13190 = DIRECTION('',(-1.,-0.,-0.));
#13191 = CARTESIAN_POINT('',(246.,125.2375,65.));
#13192 = CARTESIAN_POINT('',(194.,125.2375,65.));
#13193 = GEOMETRIC_CURVE_SET('',(#13194));
#13194 = TRIMMED_CURVE('',#13195,(#13199,PARAMETER_VALUE(11.1125)),(
    #13200,PARAMETER_VALUE(48.2625)),.T.,.PARAMETER.);
#13195 = LINE('',#13196,#13197);
#13196 = CARTESIAN_POINT('',(246.,125.2375,16.7375));
#13197 = VECTOR('',#13198,1.);
#13198 = DIRECTION('',(0.,0.,1.));
#13199 = CARTESIAN_POINT('',(246.,125.2375,27.85));
#13200 = CARTESIAN_POINT('',(246.,125.2375,65.));
#13201 = GEOMETRIC_CURVE_SET('',(#13202));
#13202 = TRIMMED_CURVE('',#13203,(#13208,PARAMETER_VALUE(0.)),(#13209,
    PARAMETER_VALUE(6.28318530718)),.T.,.PARAMETER.);
#13203 = CIRCLE('',#13204,2.15);
#13204 = AXIS2_PLACEMENT_3D('',#13205,#13206,#13207);
#13205 = CARTESIAN_POINT('',(232.2,125.2375,58.65));
#13206 = DIRECTION('',(0.,-1.,0.));
#13207 = DIRECTION('',(0.,0.,1.));
#13208 = CARTESIAN_POINT('',(232.2,125.2375,60.8));
#13209 = CARTESIAN_POINT('',(232.2,125.2375,60.8));
#13210 = GEOMETRIC_CURVE_SET('',(#13211));
#13211 = TRIMMED_CURVE('',#13212,(#13217,PARAMETER_VALUE(0.)),(#13218,
    PARAMETER_VALUE(6.28318530718)),.T.,.PARAMETER.);
#13212 = CIRCLE('',#13213,2.15);
#13213 = AXIS2_PLACEMENT_3D('',#13214,#13215,#13216);
#13214 = CARTESIAN_POINT('',(206.8,125.2375,58.65));
#13215 = DIRECTION('',(0.,-1.,0.));
#13216 = DIRECTION('',(0.,0.,1.));
#13217 = CARTESIAN_POINT('',(206.8,125.2375,60.8));
#13218 = CARTESIAN_POINT('',(206.8,125.2375,60.8));
#13219 = GEOMETRIC_CURVE_SET('',(#13220));
#13220 = TRIMMED_CURVE('',#13221,(#13225,PARAMETER_VALUE(0.)),(#13226,
    PARAMETER_VALUE(4.7625)),.T.,.PARAMETER.);
#13221 = LINE('',#13222,#13223);
#13222 = CARTESIAN_POINT('',(246.,125.2375,65.));
#13223 = VECTOR('',#13224,1.);
#13224 = DIRECTION('',(0.,1.,0.));
#13225 = CARTESIAN_POINT('',(246.,125.2375,65.));
#13226 = CARTESIAN_POINT('',(246.,130.,65.));
#13227 = GEOMETRIC_CURVE_SET('',(#13228));
#13228 = TRIMMED_CURVE('',#13229,(#13233,PARAMETER_VALUE(0.)),(#13234,
    PARAMETER_VALUE(52.)),.T.,.PARAMETER.);
#13229 = LINE('',#13230,#13231);
#13230 = CARTESIAN_POINT('',(246.,130.,65.));
#13231 = VECTOR('',#13232,1.);
#13232 = DIRECTION('',(-1.,-0.,-0.));
#13233 = CARTESIAN_POINT('',(246.,130.,65.));
#13234 = CARTESIAN_POINT('',(194.,130.,65.));
#13235 = GEOMETRIC_CURVE_SET('',(#13236));
#13236 = TRIMMED_CURVE('',#13237,(#13241,PARAMETER_VALUE(0.)),(#13242,
    PARAMETER_VALUE(4.7625)),.T.,.PARAMETER.);
#13237 = LINE('',#13238,#13239);
#13238 = CARTESIAN_POINT('',(194.,125.2375,65.));
#13239 = VECTOR('',#13240,1.);
#13240 = DIRECTION('',(0.,1.,0.));
#13241 = CARTESIAN_POINT('',(194.,125.2375,65.));
#13242 = CARTESIAN_POINT('',(194.,130.,65.));
#13243 = GEOMETRIC_CURVE_SET('',(#13244));
#13244 = TRIMMED_CURVE('',#13245,(#13250,PARAMETER_VALUE(0.)),(#13251,
    PARAMETER_VALUE(6.28318530718)),.T.,.PARAMETER.);
#13245 = CIRCLE('',#13246,2.15);
#13246 = AXIS2_PLACEMENT_3D('',#13247,#13248,#13249);
#13247 = CARTESIAN_POINT('',(232.2,130.,58.65));
#13248 = DIRECTION('',(0.,-1.,0.));
#13249 = DIRECTION('',(0.,0.,1.));
#13250 = CARTESIAN_POINT('',(232.2,130.,60.8));
#13251 = CARTESIAN_POINT('',(232.2,130.,60.8));
#13252 = GEOMETRIC_CURVE_SET('',(#13253));
#13253 = TRIMMED_CURVE('',#13254,(#13258,PARAMETER_VALUE(1.)),(#13259,
    PARAMETER_VALUE(5.7625)),.T.,.PARAMETER.);
#13254 = LINE('',#13255,#13256);
#13255 = CARTESIAN_POINT('',(232.2,124.2375,60.8));
#13256 = VECTOR('',#13257,1.);
#13257 = DIRECTION('',(0.,1.,0.));
#13258 = CARTESIAN_POINT('',(232.2,125.2375,60.8));
#13259 = CARTESIAN_POINT('',(232.2,130.,60.8));
#13260 = GEOMETRIC_CURVE_SET('',(#13261));
#13261 = TRIMMED_CURVE('',#13262,(#13267,PARAMETER_VALUE(0.)),(#13268,
    PARAMETER_VALUE(6.28318530718)),.T.,.PARAMETER.);
#13262 = CIRCLE('',#13263,2.15);
#13263 = AXIS2_PLACEMENT_3D('',#13264,#13265,#13266);
#13264 = CARTESIAN_POINT('',(206.8,130.,58.65));
#13265 = DIRECTION('',(0.,-1.,0.));
#13266 = DIRECTION('',(0.,0.,1.));
#13267 = CARTESIAN_POINT('',(206.8,130.,60.8));
#13268 = CARTESIAN_POINT('',(206.8,130.,60.8));
#13269 = GEOMETRIC_CURVE_SET('',(#13270));
#13270 = TRIMMED_CURVE('',#13271,(#13275,PARAMETER_VALUE(1.)),(#13276,
    PARAMETER_VALUE(5.7625)),.T.,.PARAMETER.);
#13271 = LINE('',#13272,#13273);
#13272 = CARTESIAN_POINT('',(206.8,124.2375,60.8));
#13273 = VECTOR('',#13274,1.);
#13274 = DIRECTION('',(0.,1.,0.));
#13275 = CARTESIAN_POINT('',(206.8,125.2375,60.8));
#13276 = CARTESIAN_POINT('',(206.8,130.,60.8));
#13277 = GEOMETRIC_CURVE_SET('',(#13278));
#13278 = TRIMMED_CURVE('',#13279,(#13283,PARAMETER_VALUE(0.)),(#13284,
    PARAMETER_VALUE(37.5)),.T.,.PARAMETER.);
#13279 = LINE('',#13280,#13281);
#13280 = CARTESIAN_POINT('',(246.,92.5,16.7375));
#13281 = VECTOR('',#13282,1.);
#13282 = DIRECTION('',(0.,1.,0.));
#13283 = CARTESIAN_POINT('',(246.,92.5,16.7375));
#13284 = CARTESIAN_POINT('',(246.,130.,16.7375));
#13285 = GEOMETRIC_CURVE_SET('',(#13286));
#13286 = TRIMMED_CURVE('',#13287,(#13291,PARAMETER_VALUE(0.)),(#13292,
    PARAMETER_VALUE(48.2625)),.T.,.PARAMETER.);
#13287 = LINE('',#13288,#13289);
#13288 = CARTESIAN_POINT('',(246.,130.,16.7375));
#13289 = VECTOR('',#13290,1.);
#13290 = DIRECTION('',(0.,0.,1.));
#13291 = CARTESIAN_POINT('',(246.,130.,16.7375));
#13292 = CARTESIAN_POINT('',(246.,130.,65.));
#13293 = GEOMETRIC_CURVE_SET('',(#13294));
#13294 = TRIMMED_CURVE('',#13295,(#13300,PARAMETER_VALUE(0.)),(#13301,
    PARAMETER_VALUE(4.469254936646)),.T.,.PARAMETER.);
#13295 = CIRCLE('',#13296,1.7);
#13296 = AXIS2_PLACEMENT_3D('',#13297,#13298,#13299);
#13297 = CARTESIAN_POINT('',(235.15,94.15,16.7375));
#13298 = DIRECTION('',(0.,0.,-1.));
#13299 = DIRECTION('',(-1.,-0.,-0.));
#13300 = CARTESIAN_POINT('',(233.45,94.15,16.7375));
#13301 = CARTESIAN_POINT('',(235.55926763858,92.5,16.7375));
#13302 = GEOMETRIC_CURVE_SET('',(#13303));
#13303 = TRIMMED_CURVE('',#13304,(#13309,PARAMETER_VALUE(4.955523024124)
    ),(#13310,PARAMETER_VALUE(6.28318530718)),.T.,.PARAMETER.);
#13304 = CIRCLE('',#13305,1.7);
#13305 = AXIS2_PLACEMENT_3D('',#13306,#13307,#13308);
#13306 = CARTESIAN_POINT('',(235.15,94.15,16.7375));
#13307 = DIRECTION('',(0.,0.,-1.));
#13308 = DIRECTION('',(-1.,-0.,-0.));
#13309 = CARTESIAN_POINT('',(234.74073236141,92.5,16.7375));
#13310 = CARTESIAN_POINT('',(233.45,94.15,16.7375));
#13311 = GEOMETRIC_CURVE_SET('',(#13312));
#13312 = TRIMMED_CURVE('',#13313,(#13318,PARAMETER_VALUE(0.)),(#13319,
    PARAMETER_VALUE(4.469254936646)),.T.,.PARAMETER.);
#13313 = CIRCLE('',#13314,1.7);
#13314 = AXIS2_PLACEMENT_3D('',#13315,#13316,#13317);
#13315 = CARTESIAN_POINT('',(209.75,94.15,16.7375));
#13316 = DIRECTION('',(0.,0.,-1.));
#13317 = DIRECTION('',(-1.,-0.,-0.));
#13318 = CARTESIAN_POINT('',(208.05,94.15,16.7375));
#13319 = CARTESIAN_POINT('',(210.15926763858,92.5,16.7375));
#13320 = GEOMETRIC_CURVE_SET('',(#13321));
#13321 = TRIMMED_CURVE('',#13322,(#13327,PARAMETER_VALUE(4.955523024124)
    ),(#13328,PARAMETER_VALUE(6.28318530718)),.T.,.PARAMETER.);
#13322 = CIRCLE('',#13323,1.7);
#13323 = AXIS2_PLACEMENT_3D('',#13324,#13325,#13326);
#13324 = CARTESIAN_POINT('',(209.75,94.15,16.7375));
#13325 = DIRECTION('',(0.,0.,-1.));
#13326 = DIRECTION('',(-1.,-0.,-0.));
#13327 = CARTESIAN_POINT('',(209.34073236141,92.5,16.7375));
#13328 = CARTESIAN_POINT('',(208.05,94.15,16.7375));
#13329 = GEOMETRIC_CURVE_SET('',(#13330));
#13330 = TRIMMED_CURVE('',#13331,(#13335,PARAMETER_VALUE(0.)),(#13336,
    PARAMETER_VALUE(37.5)),.T.,.PARAMETER.);
#13331 = LINE('',#13332,#13333);
#13332 = CARTESIAN_POINT('',(194.,92.5,16.7375));
#13333 = VECTOR('',#13334,1.);
#13334 = DIRECTION('',(0.,1.,0.));
#13335 = CARTESIAN_POINT('',(194.,92.5,16.7375));
#13336 = CARTESIAN_POINT('',(194.,130.,16.7375));
#13337 = GEOMETRIC_CURVE_SET('',(#13338));
#13338 = TRIMMED_CURVE('',#13339,(#13343,PARAMETER_VALUE(0.)),(#13344,
    PARAMETER_VALUE(52.)),.T.,.PARAMETER.);
#13339 = LINE('',#13340,#13341);
#13340 = CARTESIAN_POINT('',(246.,130.,16.7375));
#13341 = VECTOR('',#13342,1.);
#13342 = DIRECTION('',(-1.,-0.,-0.));
#13343 = CARTESIAN_POINT('',(246.,130.,16.7375));
#13344 = CARTESIAN_POINT('',(194.,130.,16.7375));
#13345 = GEOMETRIC_CURVE_SET('',(#13346));
#13346 = TRIMMED_CURVE('',#13347,(#13351,PARAMETER_VALUE(0.)),(#13352,
    PARAMETER_VALUE(48.2625)),.T.,.PARAMETER.);
#13347 = LINE('',#13348,#13349);
#13348 = CARTESIAN_POINT('',(194.,130.,16.7375));
#13349 = VECTOR('',#13350,1.);
#13350 = DIRECTION('',(0.,0.,1.));
#13351 = CARTESIAN_POINT('',(194.,130.,16.7375));
#13352 = CARTESIAN_POINT('',(194.,130.,65.));
#13353 = GEOMETRIC_CURVE_SET('',(#13354));
#13354 = TRIMMED_CURVE('',#13355,(#13359,PARAMETER_VALUE(0.)),(#13360,
    PARAMETER_VALUE(12.7)),.T.,.PARAMETER.);
#13355 = LINE('',#13356,#13357);
#13356 = CARTESIAN_POINT('',(28.,130.,52.3));
#13357 = VECTOR('',#13358,1.);
#13358 = DIRECTION('',(0.,0.,1.));
#13359 = CARTESIAN_POINT('',(28.,130.,52.3));
#13360 = CARTESIAN_POINT('',(28.,130.,65.));
#13361 = GEOMETRIC_CURVE_SET('',(#13362));
#13362 = TRIMMED_CURVE('',#13363,(#13367,PARAMETER_VALUE(0.)),(#13368,
    PARAMETER_VALUE(12.7)),.T.,.PARAMETER.);
#13363 = LINE('',#13364,#13365);
#13364 = CARTESIAN_POINT('',(28.,130.,65.));
#13365 = VECTOR('',#13366,1.);
#13366 = DIRECTION('',(0.,1.,0.));
#13367 = CARTESIAN_POINT('',(28.,130.,65.));
#13368 = CARTESIAN_POINT('',(28.,142.7,65.));
#13369 = GEOMETRIC_CURVE_SET('',(#13370));
#13370 = TRIMMED_CURVE('',#13371,(#13375,PARAMETER_VALUE(0.)),(#13376,
    PARAMETER_VALUE(12.7)),.T.,.PARAMETER.);
#13371 = LINE('',#13372,#13373);
#13372 = CARTESIAN_POINT('',(28.,130.,52.3));
#13373 = VECTOR('',#13374,1.);
#13374 = DIRECTION('',(0.,1.,0.));
#13375 = CARTESIAN_POINT('',(28.,130.,52.3));
#13376 = CARTESIAN_POINT('',(28.,142.7,52.3));
#13377 = GEOMETRIC_CURVE_SET('',(#13378));
#13378 = TRIMMED_CURVE('',#13379,(#13383,PARAMETER_VALUE(0.)),(#13384,
    PARAMETER_VALUE(12.7)),.T.,.PARAMETER.);
#13379 = LINE('',#13380,#13381);
#13380 = CARTESIAN_POINT('',(28.,142.7,52.3));
#13381 = VECTOR('',#13382,1.);
#13382 = DIRECTION('',(0.,0.,1.));
#13383 = CARTESIAN_POINT('',(28.,142.7,52.3));
#13384 = CARTESIAN_POINT('',(28.,142.7,65.));
#13385 = GEOMETRIC_CURVE_SET('',(#13386));
#13386 = TRIMMED_CURVE('',#13387,(#13391,PARAMETER_VALUE(-10.2997)),(
    #13392,PARAMETER_VALUE(-0.8001)),.T.,.PARAMETER.);
#13387 = LINE('',#13388,#13389);
#13388 = CARTESIAN_POINT('',(28.,130.8001,53.9002));
#13389 = VECTOR('',#13390,1.);
#13390 = DIRECTION('',(0.,-1.,0.));
#13391 = CARTESIAN_POINT('',(28.,141.0998,53.9002));
#13392 = CARTESIAN_POINT('',(28.,131.6002,53.9002));
#13393 = GEOMETRIC_CURVE_SET('',(#13394));
#13394 = TRIMMED_CURVE('',#13395,(#13399,PARAMETER_VALUE(0.8001)),(
    #13400,PARAMETER_VALUE(10.2997)),.T.,.PARAMETER.);
#13395 = LINE('',#13396,#13397);
#13396 = CARTESIAN_POINT('',(28.,141.0998,53.1001));
#13397 = VECTOR('',#13398,1.);
#13398 = DIRECTION('',(0.,0.,1.));
#13399 = CARTESIAN_POINT('',(28.,141.0998,53.9002));
#13400 = CARTESIAN_POINT('',(28.,141.0998,63.3998));
#13401 = GEOMETRIC_CURVE_SET('',(#13402));
#13402 = TRIMMED_CURVE('',#13403,(#13407,PARAMETER_VALUE(-10.2997)),(
    #13408,PARAMETER_VALUE(-0.8001)),.T.,.PARAMETER.);
#13403 = LINE('',#13404,#13405);
#13404 = CARTESIAN_POINT('',(28.,130.8001,63.3998));
#13405 = VECTOR('',#13406,1.);
#13406 = DIRECTION('',(0.,-1.,0.));
#13407 = CARTESIAN_POINT('',(28.,141.0998,63.3998));
#13408 = CARTESIAN_POINT('',(28.,131.6002,63.3998));
#13409 = GEOMETRIC_CURVE_SET('',(#13410));
#13410 = TRIMMED_CURVE('',#13411,(#13415,PARAMETER_VALUE(0.8001)),(
    #13416,PARAMETER_VALUE(10.2997)),.T.,.PARAMETER.);
#13411 = LINE('',#13412,#13413);
#13412 = CARTESIAN_POINT('',(28.,131.6002,53.1001));
#13413 = VECTOR('',#13414,1.);
#13414 = DIRECTION('',(0.,0.,1.));
#13415 = CARTESIAN_POINT('',(28.,131.6002,53.9002));
#13416 = CARTESIAN_POINT('',(28.,131.6002,63.3998));
#13417 = GEOMETRIC_CURVE_SET('',(#13418));
#13418 = TRIMMED_CURVE('',#13419,(#13423,PARAMETER_VALUE(0.)),(#13424,
    PARAMETER_VALUE(219.)),.T.,.PARAMETER.);
#13419 = LINE('',#13420,#13421);
#13420 = CARTESIAN_POINT('',(28.,130.,52.3));
#13421 = VECTOR('',#13422,1.);
#13422 = DIRECTION('',(1.,0.,0.));
#13423 = CARTESIAN_POINT('',(28.,130.,52.3));
#13424 = CARTESIAN_POINT('',(247.,130.,52.3));
#13425 = GEOMETRIC_CURVE_SET('',(#13426));
#13426 = TRIMMED_CURVE('',#13427,(#13431,PARAMETER_VALUE(0.)),(#13432,
    PARAMETER_VALUE(12.7)),.T.,.PARAMETER.);
#13427 = LINE('',#13428,#13429);
#13428 = CARTESIAN_POINT('',(247.,130.,52.3));
#13429 = VECTOR('',#13430,1.);
#13430 = DIRECTION('',(0.,0.,1.));
#13431 = CARTESIAN_POINT('',(247.,130.,52.3));
#13432 = CARTESIAN_POINT('',(247.,130.,65.));
#13433 = GEOMETRIC_CURVE_SET('',(#13434));
#13434 = TRIMMED_CURVE('',#13435,(#13439,PARAMETER_VALUE(0.)),(#13440,
    PARAMETER_VALUE(219.)),.T.,.PARAMETER.);
#13435 = LINE('',#13436,#13437);
#13436 = CARTESIAN_POINT('',(28.,130.,65.));
#13437 = VECTOR('',#13438,1.);
#13438 = DIRECTION('',(1.,0.,0.));
#13439 = CARTESIAN_POINT('',(28.,130.,65.));
#13440 = CARTESIAN_POINT('',(247.,130.,65.));
#13441 = GEOMETRIC_CURVE_SET('',(#13442));
#13442 = TRIMMED_CURVE('',#13443,(#13448,PARAMETER_VALUE(0.)),(#13449,
    PARAMETER_VALUE(6.28318530718)),.T.,.PARAMETER.);
#13443 = CIRCLE('',#13444,2.15);
#13444 = AXIS2_PLACEMENT_3D('',#13445,#13446,#13447);
#13445 = CARTESIAN_POINT('',(42.8,130.,58.65));
#13446 = DIRECTION('',(0.,1.,0.));
#13447 = DIRECTION('',(0.,0.,1.));
#13448 = CARTESIAN_POINT('',(42.8,130.,60.8));
#13449 = CARTESIAN_POINT('',(42.8,130.,60.8));
#13450 = GEOMETRIC_CURVE_SET('',(#13451));
#13451 = TRIMMED_CURVE('',#13452,(#13457,PARAMETER_VALUE(0.)),(#13458,
    PARAMETER_VALUE(6.28318530718)),.T.,.PARAMETER.);
#13452 = CIRCLE('',#13453,2.15);
#13453 = AXIS2_PLACEMENT_3D('',#13454,#13455,#13456);
#13454 = CARTESIAN_POINT('',(68.2,130.,58.65));
#13455 = DIRECTION('',(0.,1.,0.));
#13456 = DIRECTION('',(0.,0.,1.));
#13457 = CARTESIAN_POINT('',(68.2,130.,60.8));
#13458 = CARTESIAN_POINT('',(68.2,130.,60.8));
#13459 = GEOMETRIC_CURVE_SET('',(#13460));
#13460 = TRIMMED_CURVE('',#13461,(#13466,PARAMETER_VALUE(0.)),(#13467,
    PARAMETER_VALUE(6.28318530718)),.T.,.PARAMETER.);
#13461 = CIRCLE('',#13462,2.15);
#13462 = AXIS2_PLACEMENT_3D('',#13463,#13464,#13465);
#13463 = CARTESIAN_POINT('',(206.8,130.,58.65));
#13464 = DIRECTION('',(0.,1.,0.));
#13465 = DIRECTION('',(0.,0.,1.));
#13466 = CARTESIAN_POINT('',(206.8,130.,60.8));
#13467 = CARTESIAN_POINT('',(206.8,130.,60.8));
#13468 = GEOMETRIC_CURVE_SET('',(#13469));
#13469 = TRIMMED_CURVE('',#13470,(#13475,PARAMETER_VALUE(0.)),(#13476,
    PARAMETER_VALUE(6.28318530718)),.T.,.PARAMETER.);
#13470 = CIRCLE('',#13471,2.15);
#13471 = AXIS2_PLACEMENT_3D('',#13472,#13473,#13474);
#13472 = CARTESIAN_POINT('',(232.2,130.,58.65));
#13473 = DIRECTION('',(0.,1.,0.));
#13474 = DIRECTION('',(0.,0.,1.));
#13475 = CARTESIAN_POINT('',(232.2,130.,60.8));
#13476 = CARTESIAN_POINT('',(232.2,130.,60.8));
#13477 = GEOMETRIC_CURVE_SET('',(#13478));
#13478 = TRIMMED_CURVE('',#13479,(#13483,PARAMETER_VALUE(0.)),(#13484,
    PARAMETER_VALUE(219.)),.T.,.PARAMETER.);
#13479 = LINE('',#13480,#13481);
#13480 = CARTESIAN_POINT('',(28.,142.7,65.));
#13481 = VECTOR('',#13482,1.);
#13482 = DIRECTION('',(1.,0.,0.));
#13483 = CARTESIAN_POINT('',(28.,142.7,65.));
#13484 = CARTESIAN_POINT('',(247.,142.7,65.));
#13485 = GEOMETRIC_CURVE_SET('',(#13486));
#13486 = TRIMMED_CURVE('',#13487,(#13491,PARAMETER_VALUE(0.)),(#13492,
    PARAMETER_VALUE(12.7)),.T.,.PARAMETER.);
#13487 = LINE('',#13488,#13489);
#13488 = CARTESIAN_POINT('',(247.,130.,65.));
#13489 = VECTOR('',#13490,1.);
#13490 = DIRECTION('',(0.,1.,0.));
#13491 = CARTESIAN_POINT('',(247.,130.,65.));
#13492 = CARTESIAN_POINT('',(247.,142.7,65.));
#13493 = GEOMETRIC_CURVE_SET('',(#13494));
#13494 = TRIMMED_CURVE('',#13495,(#13500,PARAMETER_VALUE(0.)),(#13501,
    PARAMETER_VALUE(6.28318530718)),.T.,.PARAMETER.);
#13495 = CIRCLE('',#13496,2.15);
#13496 = AXIS2_PLACEMENT_3D('',#13497,#13498,#13499);
#13497 = CARTESIAN_POINT('',(36.5,136.35,65.));
#13498 = DIRECTION('',(0.,0.,1.));
#13499 = DIRECTION('',(1.,0.,0.));
#13500 = CARTESIAN_POINT('',(38.65,136.35,65.));
#13501 = CARTESIAN_POINT('',(38.65,136.35,65.));
#13502 = GEOMETRIC_CURVE_SET('',(#13503));
#13503 = TRIMMED_CURVE('',#13504,(#13509,PARAMETER_VALUE(0.)),(#13510,
    PARAMETER_VALUE(6.28318530718)),.T.,.PARAMETER.);
#13504 = CIRCLE('',#13505,2.15);
#13505 = AXIS2_PLACEMENT_3D('',#13506,#13507,#13508);
#13506 = CARTESIAN_POINT('',(238.5,136.35,65.));
#13507 = DIRECTION('',(0.,0.,1.));
#13508 = DIRECTION('',(1.,0.,0.));
#13509 = CARTESIAN_POINT('',(240.65,136.35,65.));
#13510 = CARTESIAN_POINT('',(240.65,136.35,65.));
#13511 = GEOMETRIC_CURVE_SET('',(#13512));
#13512 = TRIMMED_CURVE('',#13513,(#13517,PARAMETER_VALUE(0.)),(#13518,
    PARAMETER_VALUE(219.)),.T.,.PARAMETER.);
#13513 = LINE('',#13514,#13515);
#13514 = CARTESIAN_POINT('',(28.,142.7,52.3));
#13515 = VECTOR('',#13516,1.);
#13516 = DIRECTION('',(1.,0.,0.));
#13517 = CARTESIAN_POINT('',(28.,142.7,52.3));
#13518 = CARTESIAN_POINT('',(247.,142.7,52.3));
#13519 = GEOMETRIC_CURVE_SET('',(#13520));
#13520 = TRIMMED_CURVE('',#13521,(#13525,PARAMETER_VALUE(0.)),(#13526,
    PARAMETER_VALUE(12.7)),.T.,.PARAMETER.);
#13521 = LINE('',#13522,#13523);
#13522 = CARTESIAN_POINT('',(247.,130.,52.3));
#13523 = VECTOR('',#13524,1.);
#13524 = DIRECTION('',(0.,1.,0.));
#13525 = CARTESIAN_POINT('',(247.,130.,52.3));
#13526 = CARTESIAN_POINT('',(247.,142.7,52.3));
#13527 = GEOMETRIC_CURVE_SET('',(#13528));
#13528 = TRIMMED_CURVE('',#13529,(#13534,PARAMETER_VALUE(0.)),(#13535,
    PARAMETER_VALUE(6.28318530718)),.T.,.PARAMETER.);
#13529 = CIRCLE('',#13530,2.15);
#13530 = AXIS2_PLACEMENT_3D('',#13531,#13532,#13533);
#13531 = CARTESIAN_POINT('',(36.5,136.35,52.3));
#13532 = DIRECTION('',(0.,0.,1.));
#13533 = DIRECTION('',(1.,0.,0.));
#13534 = CARTESIAN_POINT('',(38.65,136.35,52.3));
#13535 = CARTESIAN_POINT('',(38.65,136.35,52.3));
#13536 = GEOMETRIC_CURVE_SET('',(#13537));
#13537 = TRIMMED_CURVE('',#13538,(#13543,PARAMETER_VALUE(0.)),(#13544,
    PARAMETER_VALUE(6.28318530718)),.T.,.PARAMETER.);
#13538 = CIRCLE('',#13539,2.15);
#13539 = AXIS2_PLACEMENT_3D('',#13540,#13541,#13542);
#13540 = CARTESIAN_POINT('',(238.5,136.35,52.3));
#13541 = DIRECTION('',(0.,0.,1.));
#13542 = DIRECTION('',(1.,0.,0.));
#13543 = CARTESIAN_POINT('',(240.65,136.35,52.3));
#13544 = CARTESIAN_POINT('',(240.65,136.35,52.3));
#13545 = GEOMETRIC_CURVE_SET('',(#13546));
#13546 = TRIMMED_CURVE('',#13547,(#13551,PARAMETER_VALUE(0.)),(#13552,
    PARAMETER_VALUE(12.7)),.T.,.PARAMETER.);
#13547 = LINE('',#13548,#13549);
#13548 = CARTESIAN_POINT('',(247.,142.7,52.3));
#13549 = VECTOR('',#13550,1.);
#13550 = DIRECTION('',(0.,0.,1.));
#13551 = CARTESIAN_POINT('',(247.,142.7,52.3));
#13552 = CARTESIAN_POINT('',(247.,142.7,65.));
#13553 = GEOMETRIC_CURVE_SET('',(#13554));
#13554 = TRIMMED_CURVE('',#13555,(#13560,PARAMETER_VALUE(0.)),(#13561,
    PARAMETER_VALUE(6.28318530718)),.T.,.PARAMETER.);
#13555 = CIRCLE('',#13556,2.15);
#13556 = AXIS2_PLACEMENT_3D('',#13557,#13558,#13559);
#13557 = CARTESIAN_POINT('',(42.8,142.7,58.65));
#13558 = DIRECTION('',(0.,1.,0.));
#13559 = DIRECTION('',(0.,0.,1.));
#13560 = CARTESIAN_POINT('',(42.8,142.7,60.8));
#13561 = CARTESIAN_POINT('',(42.8,142.7,60.8));
#13562 = GEOMETRIC_CURVE_SET('',(#13563));
#13563 = TRIMMED_CURVE('',#13564,(#13569,PARAMETER_VALUE(0.)),(#13570,
    PARAMETER_VALUE(6.28318530718)),.T.,.PARAMETER.);
#13564 = CIRCLE('',#13565,2.15);
#13565 = AXIS2_PLACEMENT_3D('',#13566,#13567,#13568);
#13566 = CARTESIAN_POINT('',(68.2,142.7,58.65));
#13567 = DIRECTION('',(0.,1.,0.));
#13568 = DIRECTION('',(0.,0.,1.));
#13569 = CARTESIAN_POINT('',(68.2,142.7,60.8));
#13570 = CARTESIAN_POINT('',(68.2,142.7,60.8));
#13571 = GEOMETRIC_CURVE_SET('',(#13572));
#13572 = TRIMMED_CURVE('',#13573,(#13578,PARAMETER_VALUE(0.)),(#13579,
    PARAMETER_VALUE(6.28318530718)),.T.,.PARAMETER.);
#13573 = CIRCLE('',#13574,2.15);
#13574 = AXIS2_PLACEMENT_3D('',#13575,#13576,#13577);
#13575 = CARTESIAN_POINT('',(206.8,142.7,58.65));
#13576 = DIRECTION('',(0.,1.,0.));
#13577 = DIRECTION('',(0.,0.,1.));
#13578 = CARTESIAN_POINT('',(206.8,142.7,60.8));
#13579 = CARTESIAN_POINT('',(206.8,142.7,60.8));
#13580 = GEOMETRIC_CURVE_SET('',(#13581));
#13581 = TRIMMED_CURVE('',#13582,(#13587,PARAMETER_VALUE(0.)),(#13588,
    PARAMETER_VALUE(6.28318530718)),.T.,.PARAMETER.);
#13582 = CIRCLE('',#13583,2.15);
#13583 = AXIS2_PLACEMENT_3D('',#13584,#13585,#13586);
#13584 = CARTESIAN_POINT('',(232.2,142.7,58.65));
#13585 = DIRECTION('',(0.,1.,0.));
#13586 = DIRECTION('',(0.,0.,1.));
#13587 = CARTESIAN_POINT('',(232.2,142.7,60.8));
#13588 = CARTESIAN_POINT('',(232.2,142.7,60.8));
#13589 = GEOMETRIC_CURVE_SET('',(#13590));
#13590 = TRIMMED_CURVE('',#13591,(#13595,PARAMETER_VALUE(1.)),(#13596,
    PARAMETER_VALUE(220.)),.T.,.PARAMETER.);
#13591 = LINE('',#13592,#13593);
#13592 = CARTESIAN_POINT('',(27.,141.0998,53.9002));
#13593 = VECTOR('',#13594,1.);
#13594 = DIRECTION('',(1.,0.,0.));
#13595 = CARTESIAN_POINT('',(28.,141.0998,53.9002));
#13596 = CARTESIAN_POINT('',(247.,141.0998,53.9002));
#13597 = GEOMETRIC_CURVE_SET('',(#13598));
#13598 = TRIMMED_CURVE('',#13599,(#13603,PARAMETER_VALUE(-10.2997)),(
    #13604,PARAMETER_VALUE(-0.8001)),.T.,.PARAMETER.);
#13599 = LINE('',#13600,#13601);
#13600 = CARTESIAN_POINT('',(247.,130.8001,53.9002));
#13601 = VECTOR('',#13602,1.);
#13602 = DIRECTION('',(0.,-1.,0.));
#13603 = CARTESIAN_POINT('',(247.,141.0998,53.9002));
#13604 = CARTESIAN_POINT('',(247.,131.6002,53.9002));
#13605 = GEOMETRIC_CURVE_SET('',(#13606));
#13606 = TRIMMED_CURVE('',#13607,(#13611,PARAMETER_VALUE(1.)),(#13612,
    PARAMETER_VALUE(220.)),.T.,.PARAMETER.);
#13607 = LINE('',#13608,#13609);
#13608 = CARTESIAN_POINT('',(27.,131.6002,53.9002));
#13609 = VECTOR('',#13610,1.);
#13610 = DIRECTION('',(1.,0.,0.));
#13611 = CARTESIAN_POINT('',(28.,131.6002,53.9002));
#13612 = CARTESIAN_POINT('',(247.,131.6002,53.9002));
#13613 = GEOMETRIC_CURVE_SET('',(#13614));
#13614 = TRIMMED_CURVE('',#13615,(#13620,PARAMETER_VALUE(0.)),(#13621,
    PARAMETER_VALUE(6.28318530718)),.T.,.PARAMETER.);
#13615 = CIRCLE('',#13616,2.15);
#13616 = AXIS2_PLACEMENT_3D('',#13617,#13618,#13619);
#13617 = CARTESIAN_POINT('',(36.5,136.35,53.9002));
#13618 = DIRECTION('',(0.,0.,1.));
#13619 = DIRECTION('',(1.,0.,0.));
#13620 = CARTESIAN_POINT('',(38.65,136.35,53.9002));
#13621 = CARTESIAN_POINT('',(38.65,136.35,53.9002));
#13622 = GEOMETRIC_CURVE_SET('',(#13623));
#13623 = TRIMMED_CURVE('',#13624,(#13629,PARAMETER_VALUE(0.)),(#13630,
    PARAMETER_VALUE(6.28318530718)),.T.,.PARAMETER.);
#13624 = CIRCLE('',#13625,2.15);
#13625 = AXIS2_PLACEMENT_3D('',#13626,#13627,#13628);
#13626 = CARTESIAN_POINT('',(238.5,136.35,53.9002));
#13627 = DIRECTION('',(0.,0.,1.));
#13628 = DIRECTION('',(1.,0.,0.));
#13629 = CARTESIAN_POINT('',(240.65,136.35,53.9002));
#13630 = CARTESIAN_POINT('',(240.65,136.35,53.9002));
#13631 = GEOMETRIC_CURVE_SET('',(#13632));
#13632 = TRIMMED_CURVE('',#13633,(#13637,PARAMETER_VALUE(0.8001)),(
    #13638,PARAMETER_VALUE(10.2997)),.T.,.PARAMETER.);
#13633 = LINE('',#13634,#13635);
#13634 = CARTESIAN_POINT('',(247.,141.0998,53.1001));
#13635 = VECTOR('',#13636,1.);
#13636 = DIRECTION('',(0.,0.,1.));
#13637 = CARTESIAN_POINT('',(247.,141.0998,53.9002));
#13638 = CARTESIAN_POINT('',(247.,141.0998,63.3998));
#13639 = GEOMETRIC_CURVE_SET('',(#13640));
#13640 = TRIMMED_CURVE('',#13641,(#13645,PARAMETER_VALUE(1.)),(#13646,
    PARAMETER_VALUE(220.)),.T.,.PARAMETER.);
#13641 = LINE('',#13642,#13643);
#13642 = CARTESIAN_POINT('',(27.,141.0998,63.3998));
#13643 = VECTOR('',#13644,1.);
#13644 = DIRECTION('',(1.,0.,0.));
#13645 = CARTESIAN_POINT('',(28.,141.0998,63.3998));
#13646 = CARTESIAN_POINT('',(247.,141.0998,63.3998));
#13647 = GEOMETRIC_CURVE_SET('',(#13648));
#13648 = TRIMMED_CURVE('',#13649,(#13654,PARAMETER_VALUE(0.)),(#13655,
    PARAMETER_VALUE(6.28318530718)),.T.,.PARAMETER.);
#13649 = CIRCLE('',#13650,2.15);
#13650 = AXIS2_PLACEMENT_3D('',#13651,#13652,#13653);
#13651 = CARTESIAN_POINT('',(42.8,141.0998,58.65));
#13652 = DIRECTION('',(0.,1.,0.));
#13653 = DIRECTION('',(0.,0.,1.));
#13654 = CARTESIAN_POINT('',(42.8,141.0998,60.8));
#13655 = CARTESIAN_POINT('',(42.8,141.0998,60.8));
#13656 = GEOMETRIC_CURVE_SET('',(#13657));
#13657 = TRIMMED_CURVE('',#13658,(#13663,PARAMETER_VALUE(0.)),(#13664,
    PARAMETER_VALUE(6.28318530718)),.T.,.PARAMETER.);
#13658 = CIRCLE('',#13659,2.15);
#13659 = AXIS2_PLACEMENT_3D('',#13660,#13661,#13662);
#13660 = CARTESIAN_POINT('',(68.2,141.0998,58.65));
#13661 = DIRECTION('',(0.,1.,0.));
#13662 = DIRECTION('',(0.,0.,1.));
#13663 = CARTESIAN_POINT('',(68.2,141.0998,60.8));
#13664 = CARTESIAN_POINT('',(68.2,141.0998,60.8));
#13665 = GEOMETRIC_CURVE_SET('',(#13666));
#13666 = TRIMMED_CURVE('',#13667,(#13672,PARAMETER_VALUE(0.)),(#13673,
    PARAMETER_VALUE(6.28318530718)),.T.,.PARAMETER.);
#13667 = CIRCLE('',#13668,2.15);
#13668 = AXIS2_PLACEMENT_3D('',#13669,#13670,#13671);
#13669 = CARTESIAN_POINT('',(206.8,141.0998,58.65));
#13670 = DIRECTION('',(0.,1.,0.));
#13671 = DIRECTION('',(0.,0.,1.));
#13672 = CARTESIAN_POINT('',(206.8,141.0998,60.8));
#13673 = CARTESIAN_POINT('',(206.8,141.0998,60.8));
#13674 = GEOMETRIC_CURVE_SET('',(#13675));
#13675 = TRIMMED_CURVE('',#13676,(#13681,PARAMETER_VALUE(0.)),(#13682,
    PARAMETER_VALUE(6.28318530718)),.T.,.PARAMETER.);
#13676 = CIRCLE('',#13677,2.15);
#13677 = AXIS2_PLACEMENT_3D('',#13678,#13679,#13680);
#13678 = CARTESIAN_POINT('',(232.2,141.0998,58.65));
#13679 = DIRECTION('',(0.,1.,0.));
#13680 = DIRECTION('',(0.,0.,1.));
#13681 = CARTESIAN_POINT('',(232.2,141.0998,60.8));
#13682 = CARTESIAN_POINT('',(232.2,141.0998,60.8));
#13683 = GEOMETRIC_CURVE_SET('',(#13684));
#13684 = TRIMMED_CURVE('',#13685,(#13689,PARAMETER_VALUE(-10.2997)),(
    #13690,PARAMETER_VALUE(-0.8001)),.T.,.PARAMETER.);
#13685 = LINE('',#13686,#13687);
#13686 = CARTESIAN_POINT('',(247.,130.8001,63.3998));
#13687 = VECTOR('',#13688,1.);
#13688 = DIRECTION('',(0.,-1.,0.));
#13689 = CARTESIAN_POINT('',(247.,141.0998,63.3998));
#13690 = CARTESIAN_POINT('',(247.,131.6002,63.3998));
#13691 = GEOMETRIC_CURVE_SET('',(#13692));
#13692 = TRIMMED_CURVE('',#13693,(#13697,PARAMETER_VALUE(1.)),(#13698,
    PARAMETER_VALUE(220.)),.T.,.PARAMETER.);
#13693 = LINE('',#13694,#13695);
#13694 = CARTESIAN_POINT('',(27.,131.6002,63.3998));
#13695 = VECTOR('',#13696,1.);
#13696 = DIRECTION('',(1.,0.,0.));
#13697 = CARTESIAN_POINT('',(28.,131.6002,63.3998));
#13698 = CARTESIAN_POINT('',(247.,131.6002,63.3998));
#13699 = GEOMETRIC_CURVE_SET('',(#13700));
#13700 = TRIMMED_CURVE('',#13701,(#13706,PARAMETER_VALUE(0.)),(#13707,
    PARAMETER_VALUE(6.28318530718)),.T.,.PARAMETER.);
#13701 = CIRCLE('',#13702,2.15);
#13702 = AXIS2_PLACEMENT_3D('',#13703,#13704,#13705);
#13703 = CARTESIAN_POINT('',(36.5,136.35,63.3998));
#13704 = DIRECTION('',(0.,0.,1.));
#13705 = DIRECTION('',(1.,0.,0.));
#13706 = CARTESIAN_POINT('',(38.65,136.35,63.3998));
#13707 = CARTESIAN_POINT('',(38.65,136.35,63.3998));
#13708 = GEOMETRIC_CURVE_SET('',(#13709));
#13709 = TRIMMED_CURVE('',#13710,(#13715,PARAMETER_VALUE(0.)),(#13716,
    PARAMETER_VALUE(6.28318530718)),.T.,.PARAMETER.);
#13710 = CIRCLE('',#13711,2.15);
#13711 = AXIS2_PLACEMENT_3D('',#13712,#13713,#13714);
#13712 = CARTESIAN_POINT('',(238.5,136.35,63.3998));
#13713 = DIRECTION('',(0.,0.,1.));
#13714 = DIRECTION('',(1.,0.,0.));
#13715 = CARTESIAN_POINT('',(240.65,136.35,63.3998));
#13716 = CARTESIAN_POINT('',(240.65,136.35,63.3998));
#13717 = GEOMETRIC_CURVE_SET('',(#13718));
#13718 = TRIMMED_CURVE('',#13719,(#13723,PARAMETER_VALUE(0.8001)),(
    #13724,PARAMETER_VALUE(10.2997)),.T.,.PARAMETER.);
#13719 = LINE('',#13720,#13721);
#13720 = CARTESIAN_POINT('',(247.,131.6002,53.1001));
#13721 = VECTOR('',#13722,1.);
#13722 = DIRECTION('',(0.,0.,1.));
#13723 = CARTESIAN_POINT('',(247.,131.6002,53.9002));
#13724 = CARTESIAN_POINT('',(247.,131.6002,63.3998));
#13725 = GEOMETRIC_CURVE_SET('',(#13726));
#13726 = TRIMMED_CURVE('',#13727,(#13732,PARAMETER_VALUE(0.)),(#13733,
    PARAMETER_VALUE(6.28318530718)),.T.,.PARAMETER.);
#13727 = CIRCLE('',#13728,2.15);
#13728 = AXIS2_PLACEMENT_3D('',#13729,#13730,#13731);
#13729 = CARTESIAN_POINT('',(42.8,131.6002,58.65));
#13730 = DIRECTION('',(0.,1.,0.));
#13731 = DIRECTION('',(0.,0.,1.));
#13732 = CARTESIAN_POINT('',(42.8,131.6002,60.8));
#13733 = CARTESIAN_POINT('',(42.8,131.6002,60.8));
#13734 = GEOMETRIC_CURVE_SET('',(#13735));
#13735 = TRIMMED_CURVE('',#13736,(#13741,PARAMETER_VALUE(0.)),(#13742,
    PARAMETER_VALUE(6.28318530718)),.T.,.PARAMETER.);
#13736 = CIRCLE('',#13737,2.15);
#13737 = AXIS2_PLACEMENT_3D('',#13738,#13739,#13740);
#13738 = CARTESIAN_POINT('',(68.2,131.6002,58.65));
#13739 = DIRECTION('',(0.,1.,0.));
#13740 = DIRECTION('',(0.,0.,1.));
#13741 = CARTESIAN_POINT('',(68.2,131.6002,60.8));
#13742 = CARTESIAN_POINT('',(68.2,131.6002,60.8));
#13743 = GEOMETRIC_CURVE_SET('',(#13744));
#13744 = TRIMMED_CURVE('',#13745,(#13750,PARAMETER_VALUE(0.)),(#13751,
    PARAMETER_VALUE(6.28318530718)),.T.,.PARAMETER.);
#13745 = CIRCLE('',#13746,2.15);
#13746 = AXIS2_PLACEMENT_3D('',#13747,#13748,#13749);
#13747 = CARTESIAN_POINT('',(206.8,131.6002,58.65));
#13748 = DIRECTION('',(0.,1.,0.));
#13749 = DIRECTION('',(0.,0.,1.));
#13750 = CARTESIAN_POINT('',(206.8,131.6002,60.8));
#13751 = CARTESIAN_POINT('',(206.8,131.6002,60.8));
#13752 = GEOMETRIC_CURVE_SET('',(#13753));
#13753 = TRIMMED_CURVE('',#13754,(#13759,PARAMETER_VALUE(0.)),(#13760,
    PARAMETER_VALUE(6.28318530718)),.T.,.PARAMETER.);
#13754 = CIRCLE('',#13755,2.15);
#13755 = AXIS2_PLACEMENT_3D('',#13756,#13757,#13758);
#13756 = CARTESIAN_POINT('',(232.2,131.6002,58.65));
#13757 = DIRECTION('',(0.,1.,0.));
#13758 = DIRECTION('',(0.,0.,1.));
#13759 = CARTESIAN_POINT('',(232.2,131.6002,60.8));
#13760 = CARTESIAN_POINT('',(232.2,131.6002,60.8));
#13761 = GEOMETRIC_CURVE_SET('',(#13762));
#13762 = TRIMMED_CURVE('',#13763,(#13767,PARAMETER_VALUE(1.)),(#13768,
    PARAMETER_VALUE(2.6002)),.T.,.PARAMETER.);
#13763 = LINE('',#13764,#13765);
#13764 = CARTESIAN_POINT('',(42.8,129.,60.8));
#13765 = VECTOR('',#13766,1.);
#13766 = DIRECTION('',(0.,1.,0.));
#13767 = CARTESIAN_POINT('',(42.8,130.,60.8));
#13768 = CARTESIAN_POINT('',(42.8,131.6002,60.8));
#13769 = GEOMETRIC_CURVE_SET('',(#13770));
#13770 = TRIMMED_CURVE('',#13771,(#13775,PARAMETER_VALUE(1.)),(#13776,
    PARAMETER_VALUE(2.6002)),.T.,.PARAMETER.);
#13771 = LINE('',#13772,#13773);
#13772 = CARTESIAN_POINT('',(68.2,129.,60.8));
#13773 = VECTOR('',#13774,1.);
#13774 = DIRECTION('',(0.,1.,0.));
#13775 = CARTESIAN_POINT('',(68.2,130.,60.8));
#13776 = CARTESIAN_POINT('',(68.2,131.6002,60.8));
#13777 = GEOMETRIC_CURVE_SET('',(#13778));
#13778 = TRIMMED_CURVE('',#13779,(#13783,PARAMETER_VALUE(1.)),(#13784,
    PARAMETER_VALUE(2.6002)),.T.,.PARAMETER.);
#13779 = LINE('',#13780,#13781);
#13780 = CARTESIAN_POINT('',(206.8,129.,60.8));
#13781 = VECTOR('',#13782,1.);
#13782 = DIRECTION('',(0.,1.,0.));
#13783 = CARTESIAN_POINT('',(206.8,130.,60.8));
#13784 = CARTESIAN_POINT('',(206.8,131.6002,60.8));
#13785 = GEOMETRIC_CURVE_SET('',(#13786));
#13786 = TRIMMED_CURVE('',#13787,(#13791,PARAMETER_VALUE(1.)),(#13792,
    PARAMETER_VALUE(2.6002)),.T.,.PARAMETER.);
#13787 = LINE('',#13788,#13789);
#13788 = CARTESIAN_POINT('',(232.2,129.,60.8));
#13789 = VECTOR('',#13790,1.);
#13790 = DIRECTION('',(0.,1.,0.));
#13791 = CARTESIAN_POINT('',(232.2,130.,60.8));
#13792 = CARTESIAN_POINT('',(232.2,131.6002,60.8));
#13793 = GEOMETRIC_CURVE_SET('',(#13794));
#13794 = TRIMMED_CURVE('',#13795,(#13799,PARAMETER_VALUE(12.0998)),(
    #13800,PARAMETER_VALUE(13.7)),.T.,.PARAMETER.);
#13795 = LINE('',#13796,#13797);
#13796 = CARTESIAN_POINT('',(38.65,136.35,51.3));
#13797 = VECTOR('',#13798,1.);
#13798 = DIRECTION('',(0.,0.,1.));
#13799 = CARTESIAN_POINT('',(38.65,136.35,63.3998));
#13800 = CARTESIAN_POINT('',(38.65,136.35,65.));
#13801 = GEOMETRIC_CURVE_SET('',(#13802));
#13802 = TRIMMED_CURVE('',#13803,(#13807,PARAMETER_VALUE(12.0998)),(
    #13808,PARAMETER_VALUE(13.7)),.T.,.PARAMETER.);
#13803 = LINE('',#13804,#13805);
#13804 = CARTESIAN_POINT('',(240.65,136.35,51.3));
#13805 = VECTOR('',#13806,1.);
#13806 = DIRECTION('',(0.,0.,1.));
#13807 = CARTESIAN_POINT('',(240.65,136.35,63.3998));
#13808 = CARTESIAN_POINT('',(240.65,136.35,65.));
#13809 = GEOMETRIC_CURVE_SET('',(#13810));
#13810 = TRIMMED_CURVE('',#13811,(#13815,PARAMETER_VALUE(1.)),(#13816,
    PARAMETER_VALUE(2.6002)),.T.,.PARAMETER.);
#13811 = LINE('',#13812,#13813);
#13812 = CARTESIAN_POINT('',(38.65,136.35,51.3));
#13813 = VECTOR('',#13814,1.);
#13814 = DIRECTION('',(0.,0.,1.));
#13815 = CARTESIAN_POINT('',(38.65,136.35,52.3));
#13816 = CARTESIAN_POINT('',(38.65,136.35,53.9002));
#13817 = GEOMETRIC_CURVE_SET('',(#13818));
#13818 = TRIMMED_CURVE('',#13819,(#13823,PARAMETER_VALUE(1.)),(#13824,
    PARAMETER_VALUE(2.6002)),.T.,.PARAMETER.);
#13819 = LINE('',#13820,#13821);
#13820 = CARTESIAN_POINT('',(240.65,136.35,51.3));
#13821 = VECTOR('',#13822,1.);
#13822 = DIRECTION('',(0.,0.,1.));
#13823 = CARTESIAN_POINT('',(240.65,136.35,52.3));
#13824 = CARTESIAN_POINT('',(240.65,136.35,53.9002));
#13825 = GEOMETRIC_CURVE_SET('',(#13826));
#13826 = TRIMMED_CURVE('',#13827,(#13831,PARAMETER_VALUE(12.0998)),(
    #13832,PARAMETER_VALUE(13.7)),.T.,.PARAMETER.);
#13827 = LINE('',#13828,#13829);
#13828 = CARTESIAN_POINT('',(42.8,129.,60.8));
#13829 = VECTOR('',#13830,1.);
#13830 = DIRECTION('',(0.,1.,0.));
#13831 = CARTESIAN_POINT('',(42.8,141.0998,60.8));
#13832 = CARTESIAN_POINT('',(42.8,142.7,60.8));
#13833 = GEOMETRIC_CURVE_SET('',(#13834));
#13834 = TRIMMED_CURVE('',#13835,(#13839,PARAMETER_VALUE(12.0998)),(
    #13840,PARAMETER_VALUE(13.7)),.T.,.PARAMETER.);
#13835 = LINE('',#13836,#13837);
#13836 = CARTESIAN_POINT('',(68.2,129.,60.8));
#13837 = VECTOR('',#13838,1.);
#13838 = DIRECTION('',(0.,1.,0.));
#13839 = CARTESIAN_POINT('',(68.2,141.0998,60.8));
#13840 = CARTESIAN_POINT('',(68.2,142.7,60.8));
#13841 = GEOMETRIC_CURVE_SET('',(#13842));
#13842 = TRIMMED_CURVE('',#13843,(#13847,PARAMETER_VALUE(12.0998)),(
    #13848,PARAMETER_VALUE(13.7)),.T.,.PARAMETER.);
#13843 = LINE('',#13844,#13845);
#13844 = CARTESIAN_POINT('',(206.8,129.,60.8));
#13845 = VECTOR('',#13846,1.);
#13846 = DIRECTION('',(0.,1.,0.));
#13847 = CARTESIAN_POINT('',(206.8,141.0998,60.8));
#13848 = CARTESIAN_POINT('',(206.8,142.7,60.8));
#13849 = GEOMETRIC_CURVE_SET('',(#13850));
#13850 = TRIMMED_CURVE('',#13851,(#13855,PARAMETER_VALUE(12.0998)),(
    #13856,PARAMETER_VALUE(13.7)),.T.,.PARAMETER.);
#13851 = LINE('',#13852,#13853);
#13852 = CARTESIAN_POINT('',(232.2,129.,60.8));
#13853 = VECTOR('',#13854,1.);
#13854 = DIRECTION('',(0.,1.,0.));
#13855 = CARTESIAN_POINT('',(232.2,141.0998,60.8));
#13856 = CARTESIAN_POINT('',(232.2,142.7,60.8));
#13857 = GEOMETRIC_CURVE_SET('',(#13858));
#13858 = TRIMMED_CURVE('',#13859,(#13863,PARAMETER_VALUE(0.)),(#13864,
    PARAMETER_VALUE(22.)),.T.,.PARAMETER.);
#13859 = LINE('',#13860,#13861);
#13860 = CARTESIAN_POINT('',(28.,130.,80.));
#13861 = VECTOR('',#13862,1.);
#13862 = DIRECTION('',(0.,1.,0.));
#13863 = CARTESIAN_POINT('',(28.,130.,80.));
#13864 = CARTESIAN_POINT('',(28.,152.,80.));
#13865 = GEOMETRIC_CURVE_SET('',(#13866));
#13866 = TRIMMED_CURVE('',#13867,(#13871,PARAMETER_VALUE(0.)),(#13872,
    PARAMETER_VALUE(3.175)),.T.,.PARAMETER.);
#13867 = LINE('',#13868,#13869);
#13868 = CARTESIAN_POINT('',(28.,152.,80.));
#13869 = VECTOR('',#13870,1.);
#13870 = DIRECTION('',(1.,0.,0.));
#13871 = CARTESIAN_POINT('',(28.,152.,80.));
#13872 = CARTESIAN_POINT('',(31.175,152.,80.));
#13873 = GEOMETRIC_CURVE_SET('',(#13874));
#13874 = TRIMMED_CURVE('',#13875,(#13879,PARAMETER_VALUE(0.)),(#13880,
    PARAMETER_VALUE(22.)),.T.,.PARAMETER.);
#13875 = LINE('',#13876,#13877);
#13876 = CARTESIAN_POINT('',(31.175,130.,80.));
#13877 = VECTOR('',#13878,1.);
#13878 = DIRECTION('',(0.,1.,0.));
#13879 = CARTESIAN_POINT('',(31.175,130.,80.));
#13880 = CARTESIAN_POINT('',(31.175,152.,80.));
#13881 = GEOMETRIC_CURVE_SET('',(#13882));
#13882 = TRIMMED_CURVE('',#13883,(#13887,PARAMETER_VALUE(0.)),(#13888,
    PARAMETER_VALUE(3.175)),.T.,.PARAMETER.);
#13883 = LINE('',#13884,#13885);
#13884 = CARTESIAN_POINT('',(28.,130.,80.));
#13885 = VECTOR('',#13886,1.);
#13886 = DIRECTION('',(1.,0.,0.));
#13887 = CARTESIAN_POINT('',(28.,130.,80.));
#13888 = CARTESIAN_POINT('',(31.175,130.,80.));
#13889 = GEOMETRIC_CURVE_SET('',(#13890));
#13890 = TRIMMED_CURVE('',#13891,(#13895,PARAMETER_VALUE(4.175)),(#13896
    ,PARAMETER_VALUE(15.)),.T.,.PARAMETER.);
#13891 = LINE('',#13892,#13893);
#13892 = CARTESIAN_POINT('',(31.175,130.,65.));
#13893 = VECTOR('',#13894,1.);
#13894 = DIRECTION('',(0.,0.,1.));
#13895 = CARTESIAN_POINT('',(31.175,130.,69.175));
#13896 = CARTESIAN_POINT('',(31.175,130.,80.));
#13897 = GEOMETRIC_CURVE_SET('',(#13898));
#13898 = TRIMMED_CURVE('',#13899,(#13903,PARAMETER_VALUE(0.)),(#13904,
    PARAMETER_VALUE(22.)),.T.,.PARAMETER.);
#13899 = LINE('',#13900,#13901);
#13900 = CARTESIAN_POINT('',(31.175,130.,69.175));
#13901 = VECTOR('',#13902,1.);
#13902 = DIRECTION('',(0.,1.,0.));
#13903 = CARTESIAN_POINT('',(31.175,130.,69.175));
#13904 = CARTESIAN_POINT('',(31.175,152.,69.175));
#13905 = GEOMETRIC_CURVE_SET('',(#13906));
#13906 = TRIMMED_CURVE('',#13907,(#13911,PARAMETER_VALUE(4.175)),(#13912
    ,PARAMETER_VALUE(15.)),.T.,.PARAMETER.);
#13907 = LINE('',#13908,#13909);
#13908 = CARTESIAN_POINT('',(31.175,152.,65.));
#13909 = VECTOR('',#13910,1.);
#13910 = DIRECTION('',(0.,0.,1.));
#13911 = CARTESIAN_POINT('',(31.175,152.,69.175));
#13912 = CARTESIAN_POINT('',(31.175,152.,80.));
#13913 = GEOMETRIC_CURVE_SET('',(#13914));
#13914 = TRIMMED_CURVE('',#13915,(#13920,PARAMETER_VALUE(0.)),(#13921,
    PARAMETER_VALUE(6.28318530718)),.T.,.PARAMETER.);
#13915 = CIRCLE('',#13916,2.15);
#13916 = AXIS2_PLACEMENT_3D('',#13917,#13918,#13919);
#13917 = CARTESIAN_POINT('',(31.175,148.,74.5));
#13918 = DIRECTION('',(1.,0.,-0.));
#13919 = DIRECTION('',(0.,0.,1.));
#13920 = CARTESIAN_POINT('',(31.175,148.,76.65));
#13921 = CARTESIAN_POINT('',(31.175,148.,76.65));
#13922 = GEOMETRIC_CURVE_SET('',(#13923));
#13923 = TRIMMED_CURVE('',#13924,(#13929,PARAMETER_VALUE(0.)),(#13930,
    PARAMETER_VALUE(6.28318530718)),.T.,.PARAMETER.);
#13924 = CIRCLE('',#13925,2.15);
#13925 = AXIS2_PLACEMENT_3D('',#13926,#13927,#13928);
#13926 = CARTESIAN_POINT('',(31.175,134.,74.5));
#13927 = DIRECTION('',(1.,0.,-0.));
#13928 = DIRECTION('',(0.,0.,1.));
#13929 = CARTESIAN_POINT('',(31.175,134.,76.65));
#13930 = CARTESIAN_POINT('',(31.175,134.,76.65));
#13931 = GEOMETRIC_CURVE_SET('',(#13932));
#13932 = TRIMMED_CURVE('',#13933,(#13937,PARAMETER_VALUE(1.)),(#13938,
    PARAMETER_VALUE(4.175)),.T.,.PARAMETER.);
#13933 = LINE('',#13934,#13935);
#13934 = CARTESIAN_POINT('',(27.,148.,76.65));
#13935 = VECTOR('',#13936,1.);
#13936 = DIRECTION('',(1.,0.,0.));
#13937 = CARTESIAN_POINT('',(28.,148.,76.65));
#13938 = CARTESIAN_POINT('',(31.175,148.,76.65));
#13939 = GEOMETRIC_CURVE_SET('',(#13940));
#13940 = TRIMMED_CURVE('',#13941,(#13946,PARAMETER_VALUE(0.)),(#13947,
    PARAMETER_VALUE(6.28318530718)),.T.,.PARAMETER.);
#13941 = CIRCLE('',#13942,2.15);
#13942 = AXIS2_PLACEMENT_3D('',#13943,#13944,#13945);
#13943 = CARTESIAN_POINT('',(28.,148.,74.5));
#13944 = DIRECTION('',(1.,0.,-0.));
#13945 = DIRECTION('',(0.,0.,1.));
#13946 = CARTESIAN_POINT('',(28.,148.,76.65));
#13947 = CARTESIAN_POINT('',(28.,148.,76.65));
#13948 = GEOMETRIC_CURVE_SET('',(#13949));
#13949 = TRIMMED_CURVE('',#13950,(#13954,PARAMETER_VALUE(1.)),(#13955,
    PARAMETER_VALUE(4.175)),.T.,.PARAMETER.);
#13950 = LINE('',#13951,#13952);
#13951 = CARTESIAN_POINT('',(27.,134.,76.65));
#13952 = VECTOR('',#13953,1.);
#13953 = DIRECTION('',(1.,0.,0.));
#13954 = CARTESIAN_POINT('',(28.,134.,76.65));
#13955 = CARTESIAN_POINT('',(31.175,134.,76.65));
#13956 = GEOMETRIC_CURVE_SET('',(#13957));
#13957 = TRIMMED_CURVE('',#13958,(#13963,PARAMETER_VALUE(0.)),(#13964,
    PARAMETER_VALUE(6.28318530718)),.T.,.PARAMETER.);
#13958 = CIRCLE('',#13959,2.15);
#13959 = AXIS2_PLACEMENT_3D('',#13960,#13961,#13962);
#13960 = CARTESIAN_POINT('',(28.,134.,74.5));
#13961 = DIRECTION('',(1.,0.,-0.));
#13962 = DIRECTION('',(0.,0.,1.));
#13963 = CARTESIAN_POINT('',(28.,134.,76.65));
#13964 = CARTESIAN_POINT('',(28.,134.,76.65));
#13965 = GEOMETRIC_CURVE_SET('',(#13966));
#13966 = TRIMMED_CURVE('',#13967,(#13972,PARAMETER_VALUE(3.14159265359))
  ,(#13973,PARAMETER_VALUE(4.712388980385)),.T.,.PARAMETER.);
#13967 = CIRCLE('',#13968,1.);
#13968 = AXIS2_PLACEMENT_3D('',#13969,#13970,#13971);
#13969 = CARTESIAN_POINT('',(32.175,152.,69.175));
#13970 = DIRECTION('',(0.,1.,0.));
#13971 = DIRECTION('',(0.,0.,1.));
#13972 = CARTESIAN_POINT('',(32.175,152.,68.175));
#13973 = CARTESIAN_POINT('',(31.175,152.,69.175));
#13974 = GEOMETRIC_CURVE_SET('',(#13975));
#13975 = TRIMMED_CURVE('',#13976,(#13981,PARAMETER_VALUE(3.14159265359))
  ,(#13982,PARAMETER_VALUE(4.712388980385)),.T.,.PARAMETER.);
#13976 = CIRCLE('',#13977,1.);
#13977 = AXIS2_PLACEMENT_3D('',#13978,#13979,#13980);
#13978 = CARTESIAN_POINT('',(32.175,130.,69.175));
#13979 = DIRECTION('',(0.,1.,0.));
#13980 = DIRECTION('',(0.,0.,1.));
#13981 = CARTESIAN_POINT('',(32.175,130.,68.175));
#13982 = CARTESIAN_POINT('',(31.175,130.,69.175));
#13983 = GEOMETRIC_CURVE_SET('',(#13984));
#13984 = TRIMMED_CURVE('',#13985,(#13989,PARAMETER_VALUE(0.)),(#13990,
    PARAMETER_VALUE(22.)),.T.,.PARAMETER.);
#13985 = LINE('',#13986,#13987);
#13986 = CARTESIAN_POINT('',(32.175,130.,68.175));
#13987 = VECTOR('',#13988,1.);
#13988 = DIRECTION('',(0.,1.,0.));
#13989 = CARTESIAN_POINT('',(32.175,130.,68.175));
#13990 = CARTESIAN_POINT('',(32.175,152.,68.175));
#13991 = GEOMETRIC_CURVE_SET('',(#13992));
#13992 = TRIMMED_CURVE('',#13993,(#13997,PARAMETER_VALUE(0.)),(#13998,
    PARAMETER_VALUE(3.175)),.T.,.PARAMETER.);
#13993 = LINE('',#13994,#13995);
#13994 = CARTESIAN_POINT('',(43.,130.,65.));
#13995 = VECTOR('',#13996,1.);
#13996 = DIRECTION('',(0.,0.,1.));
#13997 = CARTESIAN_POINT('',(43.,130.,65.));
#13998 = CARTESIAN_POINT('',(43.,130.,68.175));
#13999 = GEOMETRIC_CURVE_SET('',(#14000));
#14000 = TRIMMED_CURVE('',#14001,(#14005,PARAMETER_VALUE(0.)),(#14006,
    PARAMETER_VALUE(22.)),.T.,.PARAMETER.);
#14001 = LINE('',#14002,#14003);
#14002 = CARTESIAN_POINT('',(43.,130.,68.175));
#14003 = VECTOR('',#14004,1.);
#14004 = DIRECTION('',(0.,1.,0.));
#14005 = CARTESIAN_POINT('',(43.,130.,68.175));
#14006 = CARTESIAN_POINT('',(43.,152.,68.175));
#14007 = GEOMETRIC_CURVE_SET('',(#14008));
#14008 = TRIMMED_CURVE('',#14009,(#14013,PARAMETER_VALUE(0.)),(#14014,
    PARAMETER_VALUE(3.175)),.T.,.PARAMETER.);
#14009 = LINE('',#14010,#14011);
#14010 = CARTESIAN_POINT('',(43.,152.,65.));
#14011 = VECTOR('',#14012,1.);
#14012 = DIRECTION('',(0.,0.,1.));
#14013 = CARTESIAN_POINT('',(43.,152.,65.));
#14014 = CARTESIAN_POINT('',(43.,152.,68.175));
#14015 = GEOMETRIC_CURVE_SET('',(#14016));
#14016 = TRIMMED_CURVE('',#14017,(#14021,PARAMETER_VALUE(0.)),(#14022,
    PARAMETER_VALUE(22.)),.T.,.PARAMETER.);
#14017 = LINE('',#14018,#14019);
#14018 = CARTESIAN_POINT('',(43.,130.,65.));
#14019 = VECTOR('',#14020,1.);
#14020 = DIRECTION('',(0.,1.,0.));
#14021 = CARTESIAN_POINT('',(43.,130.,65.));
#14022 = CARTESIAN_POINT('',(43.,152.,65.));
#14023 = GEOMETRIC_CURVE_SET('',(#14024));
#14024 = TRIMMED_CURVE('',#14025,(#14029,PARAMETER_VALUE(4.175)),(#14030
    ,PARAMETER_VALUE(15.)),.T.,.PARAMETER.);
#14025 = LINE('',#14026,#14027);
#14026 = CARTESIAN_POINT('',(28.,130.,68.175));
#14027 = VECTOR('',#14028,1.);
#14028 = DIRECTION('',(1.,0.,0.));
#14029 = CARTESIAN_POINT('',(32.175,130.,68.175));
#14030 = CARTESIAN_POINT('',(43.,130.,68.175));
#14031 = GEOMETRIC_CURVE_SET('',(#14032));
#14032 = TRIMMED_CURVE('',#14033,(#14037,PARAMETER_VALUE(4.175)),(#14038
    ,PARAMETER_VALUE(15.)),.T.,.PARAMETER.);
#14033 = LINE('',#14034,#14035);
#14034 = CARTESIAN_POINT('',(28.,152.,68.175));
#14035 = VECTOR('',#14036,1.);
#14036 = DIRECTION('',(1.,0.,0.));
#14037 = CARTESIAN_POINT('',(32.175,152.,68.175));
#14038 = CARTESIAN_POINT('',(43.,152.,68.175));
#14039 = GEOMETRIC_CURVE_SET('',(#14040));
#14040 = TRIMMED_CURVE('',#14041,(#14046,PARAMETER_VALUE(0.)),(#14047,
    PARAMETER_VALUE(6.28318530718)),.T.,.PARAMETER.);
#14041 = CIRCLE('',#14042,2.15);
#14042 = AXIS2_PLACEMENT_3D('',#14043,#14044,#14045);
#14043 = CARTESIAN_POINT('',(36.5,136.35,68.175));
#14044 = DIRECTION('',(0.,0.,1.));
#14045 = DIRECTION('',(1.,0.,0.));
#14046 = CARTESIAN_POINT('',(38.65,136.35,68.175));
#14047 = CARTESIAN_POINT('',(38.65,136.35,68.175));
#14048 = GEOMETRIC_CURVE_SET('',(#14049));
#14049 = TRIMMED_CURVE('',#14050,(#14054,PARAMETER_VALUE(1.)),(#14055,
    PARAMETER_VALUE(4.175)),.T.,.PARAMETER.);
#14050 = LINE('',#14051,#14052);
#14051 = CARTESIAN_POINT('',(38.65,136.35,64.));
#14052 = VECTOR('',#14053,1.);
#14053 = DIRECTION('',(0.,0.,1.));
#14054 = CARTESIAN_POINT('',(38.65,136.35,65.));
#14055 = CARTESIAN_POINT('',(38.65,136.35,68.175));
#14056 = GEOMETRIC_CURVE_SET('',(#14057));
#14057 = TRIMMED_CURVE('',#14058,(#14063,PARAMETER_VALUE(0.)),(#14064,
    PARAMETER_VALUE(6.28318530718)),.T.,.PARAMETER.);
#14058 = CIRCLE('',#14059,2.15);
#14059 = AXIS2_PLACEMENT_3D('',#14060,#14061,#14062);
#14060 = CARTESIAN_POINT('',(36.5,136.35,65.));
#14061 = DIRECTION('',(0.,0.,1.));
#14062 = DIRECTION('',(1.,0.,0.));
#14063 = CARTESIAN_POINT('',(38.65,136.35,65.));
#14064 = CARTESIAN_POINT('',(38.65,136.35,65.));
#14065 = GEOMETRIC_CURVE_SET('',(#14066));
#14066 = TRIMMED_CURVE('',#14067,(#14071,PARAMETER_VALUE(0.)),(#14072,
    PARAMETER_VALUE(15.)),.T.,.PARAMETER.);
#14067 = LINE('',#14068,#14069);
#14068 = CARTESIAN_POINT('',(28.,130.,65.));
#14069 = VECTOR('',#14070,1.);
#14070 = DIRECTION('',(0.,0.,1.));
#14071 = CARTESIAN_POINT('',(28.,130.,65.));
#14072 = CARTESIAN_POINT('',(28.,130.,80.));
#14073 = GEOMETRIC_CURVE_SET('',(#14074));
#14074 = TRIMMED_CURVE('',#14075,(#14079,PARAMETER_VALUE(0.)),(#14080,
    PARAMETER_VALUE(15.)),.T.,.PARAMETER.);
#14075 = LINE('',#14076,#14077);
#14076 = CARTESIAN_POINT('',(28.,152.,65.));
#14077 = VECTOR('',#14078,1.);
#14078 = DIRECTION('',(0.,0.,1.));
#14079 = CARTESIAN_POINT('',(28.,152.,65.));
#14080 = CARTESIAN_POINT('',(28.,152.,80.));
#14081 = GEOMETRIC_CURVE_SET('',(#14082));
#14082 = TRIMMED_CURVE('',#14083,(#14087,PARAMETER_VALUE(0.)),(#14088,
    PARAMETER_VALUE(22.)),.T.,.PARAMETER.);
#14083 = LINE('',#14084,#14085);
#14084 = CARTESIAN_POINT('',(28.,130.,65.));
#14085 = VECTOR('',#14086,1.);
#14086 = DIRECTION('',(0.,1.,0.));
#14087 = CARTESIAN_POINT('',(28.,130.,65.));
#14088 = CARTESIAN_POINT('',(28.,152.,65.));
#14089 = GEOMETRIC_CURVE_SET('',(#14090));
#14090 = TRIMMED_CURVE('',#14091,(#14095,PARAMETER_VALUE(0.)),(#14096,
    PARAMETER_VALUE(15.)),.T.,.PARAMETER.);
#14091 = LINE('',#14092,#14093);
#14092 = CARTESIAN_POINT('',(28.,130.,65.));
#14093 = VECTOR('',#14094,1.);
#14094 = DIRECTION('',(1.,0.,0.));
#14095 = CARTESIAN_POINT('',(28.,130.,65.));
#14096 = CARTESIAN_POINT('',(43.,130.,65.));
#14097 = GEOMETRIC_CURVE_SET('',(#14098));
#14098 = TRIMMED_CURVE('',#14099,(#14103,PARAMETER_VALUE(0.)),(#14104,
    PARAMETER_VALUE(15.)),.T.,.PARAMETER.);
#14099 = LINE('',#14100,#14101);
#14100 = CARTESIAN_POINT('',(28.,152.,65.));
#14101 = VECTOR('',#14102,1.);
#14102 = DIRECTION('',(1.,0.,0.));
#14103 = CARTESIAN_POINT('',(28.,152.,65.));
#14104 = CARTESIAN_POINT('',(43.,152.,65.));
#14105 = GEOMETRIC_CURVE_SET('',(#14106));
#14106 = TRIMMED_CURVE('',#14107,(#14111,PARAMETER_VALUE(0.)),(#14112,
    PARAMETER_VALUE(22.)),.T.,.PARAMETER.);
#14107 = LINE('',#14108,#14109);
#14108 = CARTESIAN_POINT('',(247.,130.,80.));
#14109 = VECTOR('',#14110,1.);
#14110 = DIRECTION('',(0.,1.,0.));
#14111 = CARTESIAN_POINT('',(247.,130.,80.));
#14112 = CARTESIAN_POINT('',(247.,152.,80.));
#14113 = GEOMETRIC_CURVE_SET('',(#14114));
#14114 = TRIMMED_CURVE('',#14115,(#14119,PARAMETER_VALUE(0.)),(#14120,
    PARAMETER_VALUE(3.175)),.T.,.PARAMETER.);
#14115 = LINE('',#14116,#14117);
#14116 = CARTESIAN_POINT('',(247.,152.,80.));
#14117 = VECTOR('',#14118,1.);
#14118 = DIRECTION('',(-1.,-0.,-0.));
#14119 = CARTESIAN_POINT('',(247.,152.,80.));
#14120 = CARTESIAN_POINT('',(243.825,152.,80.));
#14121 = GEOMETRIC_CURVE_SET('',(#14122));
#14122 = TRIMMED_CURVE('',#14123,(#14127,PARAMETER_VALUE(0.)),(#14128,
    PARAMETER_VALUE(22.)),.T.,.PARAMETER.);
#14123 = LINE('',#14124,#14125);
#14124 = CARTESIAN_POINT('',(243.825,130.,80.));
#14125 = VECTOR('',#14126,1.);
#14126 = DIRECTION('',(0.,1.,0.));
#14127 = CARTESIAN_POINT('',(243.825,130.,80.));
#14128 = CARTESIAN_POINT('',(243.825,152.,80.));
#14129 = GEOMETRIC_CURVE_SET('',(#14130));
#14130 = TRIMMED_CURVE('',#14131,(#14135,PARAMETER_VALUE(0.)),(#14136,
    PARAMETER_VALUE(3.175)),.T.,.PARAMETER.);
#14131 = LINE('',#14132,#14133);
#14132 = CARTESIAN_POINT('',(247.,130.,80.));
#14133 = VECTOR('',#14134,1.);
#14134 = DIRECTION('',(-1.,-0.,-0.));
#14135 = CARTESIAN_POINT('',(247.,130.,80.));
#14136 = CARTESIAN_POINT('',(243.825,130.,80.));
#14137 = GEOMETRIC_CURVE_SET('',(#14138));
#14138 = TRIMMED_CURVE('',#14139,(#14143,PARAMETER_VALUE(4.175)),(#14144
    ,PARAMETER_VALUE(15.)),.T.,.PARAMETER.);
#14139 = LINE('',#14140,#14141);
#14140 = CARTESIAN_POINT('',(243.825,130.,65.));
#14141 = VECTOR('',#14142,1.);
#14142 = DIRECTION('',(0.,0.,1.));
#14143 = CARTESIAN_POINT('',(243.825,130.,69.175));
#14144 = CARTESIAN_POINT('',(243.825,130.,80.));
#14145 = GEOMETRIC_CURVE_SET('',(#14146));
#14146 = TRIMMED_CURVE('',#14147,(#14151,PARAMETER_VALUE(0.)),(#14152,
    PARAMETER_VALUE(22.)),.T.,.PARAMETER.);
#14147 = LINE('',#14148,#14149);
#14148 = CARTESIAN_POINT('',(243.825,130.,69.175));
#14149 = VECTOR('',#14150,1.);
#14150 = DIRECTION('',(0.,1.,0.));
#14151 = CARTESIAN_POINT('',(243.825,130.,69.175));
#14152 = CARTESIAN_POINT('',(243.825,152.,69.175));
#14153 = GEOMETRIC_CURVE_SET('',(#14154));
#14154 = TRIMMED_CURVE('',#14155,(#14159,PARAMETER_VALUE(4.175)),(#14160
    ,PARAMETER_VALUE(15.)),.T.,.PARAMETER.);
#14155 = LINE('',#14156,#14157);
#14156 = CARTESIAN_POINT('',(243.825,152.,65.));
#14157 = VECTOR('',#14158,1.);
#14158 = DIRECTION('',(0.,0.,1.));
#14159 = CARTESIAN_POINT('',(243.825,152.,69.175));
#14160 = CARTESIAN_POINT('',(243.825,152.,80.));
#14161 = GEOMETRIC_CURVE_SET('',(#14162));
#14162 = TRIMMED_CURVE('',#14163,(#14168,PARAMETER_VALUE(0.)),(#14169,
    PARAMETER_VALUE(6.28318530718)),.T.,.PARAMETER.);
#14163 = CIRCLE('',#14164,2.15);
#14164 = AXIS2_PLACEMENT_3D('',#14165,#14166,#14167);
#14165 = CARTESIAN_POINT('',(243.825,148.,74.5));
#14166 = DIRECTION('',(1.,0.,0.));
#14167 = DIRECTION('',(0.,0.,1.));
#14168 = CARTESIAN_POINT('',(243.825,148.,76.65));
#14169 = CARTESIAN_POINT('',(243.825,148.,76.65));
#14170 = GEOMETRIC_CURVE_SET('',(#14171));
#14171 = TRIMMED_CURVE('',#14172,(#14177,PARAMETER_VALUE(0.)),(#14178,
    PARAMETER_VALUE(6.28318530718)),.T.,.PARAMETER.);
#14172 = CIRCLE('',#14173,2.15);
#14173 = AXIS2_PLACEMENT_3D('',#14174,#14175,#14176);
#14174 = CARTESIAN_POINT('',(243.825,134.,74.5));
#14175 = DIRECTION('',(1.,0.,0.));
#14176 = DIRECTION('',(0.,0.,1.));
#14177 = CARTESIAN_POINT('',(243.825,134.,76.65));
#14178 = CARTESIAN_POINT('',(243.825,134.,76.65));
#14179 = GEOMETRIC_CURVE_SET('',(#14180));
#14180 = TRIMMED_CURVE('',#14181,(#14185,PARAMETER_VALUE(1.)),(#14186,
    PARAMETER_VALUE(4.175)),.T.,.PARAMETER.);
#14181 = LINE('',#14182,#14183);
#14182 = CARTESIAN_POINT('',(248.,148.,76.65));
#14183 = VECTOR('',#14184,1.);
#14184 = DIRECTION('',(-1.,-0.,-0.));
#14185 = CARTESIAN_POINT('',(247.,148.,76.65));
#14186 = CARTESIAN_POINT('',(243.825,148.,76.65));
#14187 = GEOMETRIC_CURVE_SET('',(#14188));
#14188 = TRIMMED_CURVE('',#14189,(#14194,PARAMETER_VALUE(0.)),(#14195,
    PARAMETER_VALUE(6.28318530718)),.T.,.PARAMETER.);
#14189 = CIRCLE('',#14190,2.15);
#14190 = AXIS2_PLACEMENT_3D('',#14191,#14192,#14193);
#14191 = CARTESIAN_POINT('',(247.,148.,74.5));
#14192 = DIRECTION('',(1.,0.,0.));
#14193 = DIRECTION('',(0.,0.,1.));
#14194 = CARTESIAN_POINT('',(247.,148.,76.65));
#14195 = CARTESIAN_POINT('',(247.,148.,76.65));
#14196 = GEOMETRIC_CURVE_SET('',(#14197));
#14197 = TRIMMED_CURVE('',#14198,(#14202,PARAMETER_VALUE(1.)),(#14203,
    PARAMETER_VALUE(4.175)),.T.,.PARAMETER.);
#14198 = LINE('',#14199,#14200);
#14199 = CARTESIAN_POINT('',(248.,134.,76.65));
#14200 = VECTOR('',#14201,1.);
#14201 = DIRECTION('',(-1.,-0.,-0.));
#14202 = CARTESIAN_POINT('',(247.,134.,76.65));
#14203 = CARTESIAN_POINT('',(243.825,134.,76.65));
#14204 = GEOMETRIC_CURVE_SET('',(#14205));
#14205 = TRIMMED_CURVE('',#14206,(#14211,PARAMETER_VALUE(0.)),(#14212,
    PARAMETER_VALUE(6.28318530718)),.T.,.PARAMETER.);
#14206 = CIRCLE('',#14207,2.15);
#14207 = AXIS2_PLACEMENT_3D('',#14208,#14209,#14210);
#14208 = CARTESIAN_POINT('',(247.,134.,74.5));
#14209 = DIRECTION('',(1.,0.,0.));
#14210 = DIRECTION('',(0.,0.,1.));
#14211 = CARTESIAN_POINT('',(247.,134.,76.65));
#14212 = CARTESIAN_POINT('',(247.,134.,76.65));
#14213 = GEOMETRIC_CURVE_SET('',(#14214));
#14214 = TRIMMED_CURVE('',#14215,(#14220,PARAMETER_VALUE(3.14159265359))
  ,(#14221,PARAMETER_VALUE(4.712388980385)),.T.,.PARAMETER.);
#14215 = CIRCLE('',#14216,1.);
#14216 = AXIS2_PLACEMENT_3D('',#14217,#14218,#14219);
#14217 = CARTESIAN_POINT('',(242.825,152.,69.175));
#14218 = DIRECTION('',(0.,-1.,0.));
#14219 = DIRECTION('',(0.,0.,1.));
#14220 = CARTESIAN_POINT('',(242.825,152.,68.175));
#14221 = CARTESIAN_POINT('',(243.825,152.,69.175));
#14222 = GEOMETRIC_CURVE_SET('',(#14223));
#14223 = TRIMMED_CURVE('',#14224,(#14229,PARAMETER_VALUE(3.14159265359))
  ,(#14230,PARAMETER_VALUE(4.712388980385)),.T.,.PARAMETER.);
#14224 = CIRCLE('',#14225,1.);
#14225 = AXIS2_PLACEMENT_3D('',#14226,#14227,#14228);
#14226 = CARTESIAN_POINT('',(242.825,130.,69.175));
#14227 = DIRECTION('',(0.,-1.,0.));
#14228 = DIRECTION('',(0.,0.,1.));
#14229 = CARTESIAN_POINT('',(242.825,130.,68.175));
#14230 = CARTESIAN_POINT('',(243.825,130.,69.175));
#14231 = GEOMETRIC_CURVE_SET('',(#14232));
#14232 = TRIMMED_CURVE('',#14233,(#14237,PARAMETER_VALUE(0.)),(#14238,
    PARAMETER_VALUE(22.)),.T.,.PARAMETER.);
#14233 = LINE('',#14234,#14235);
#14234 = CARTESIAN_POINT('',(242.825,130.,68.175));
#14235 = VECTOR('',#14236,1.);
#14236 = DIRECTION('',(0.,1.,0.));
#14237 = CARTESIAN_POINT('',(242.825,130.,68.175));
#14238 = CARTESIAN_POINT('',(242.825,152.,68.175));
#14239 = GEOMETRIC_CURVE_SET('',(#14240));
#14240 = TRIMMED_CURVE('',#14241,(#14245,PARAMETER_VALUE(0.)),(#14246,
    PARAMETER_VALUE(3.175)),.T.,.PARAMETER.);
#14241 = LINE('',#14242,#14243);
#14242 = CARTESIAN_POINT('',(232.,130.,65.));
#14243 = VECTOR('',#14244,1.);
#14244 = DIRECTION('',(0.,0.,1.));
#14245 = CARTESIAN_POINT('',(232.,130.,65.));
#14246 = CARTESIAN_POINT('',(232.,130.,68.175));
#14247 = GEOMETRIC_CURVE_SET('',(#14248));
#14248 = TRIMMED_CURVE('',#14249,(#14253,PARAMETER_VALUE(0.)),(#14254,
    PARAMETER_VALUE(22.)),.T.,.PARAMETER.);
#14249 = LINE('',#14250,#14251);
#14250 = CARTESIAN_POINT('',(232.,130.,68.175));
#14251 = VECTOR('',#14252,1.);
#14252 = DIRECTION('',(0.,1.,0.));
#14253 = CARTESIAN_POINT('',(232.,130.,68.175));
#14254 = CARTESIAN_POINT('',(232.,152.,68.175));
#14255 = GEOMETRIC_CURVE_SET('',(#14256));
#14256 = TRIMMED_CURVE('',#14257,(#14261,PARAMETER_VALUE(0.)),(#14262,
    PARAMETER_VALUE(3.175)),.T.,.PARAMETER.);
#14257 = LINE('',#14258,#14259);
#14258 = CARTESIAN_POINT('',(232.,152.,65.));
#14259 = VECTOR('',#14260,1.);
#14260 = DIRECTION('',(0.,0.,1.));
#14261 = CARTESIAN_POINT('',(232.,152.,65.));
#14262 = CARTESIAN_POINT('',(232.,152.,68.175));
#14263 = GEOMETRIC_CURVE_SET('',(#14264));
#14264 = TRIMMED_CURVE('',#14265,(#14269,PARAMETER_VALUE(0.)),(#14270,
    PARAMETER_VALUE(22.)),.T.,.PARAMETER.);
#14265 = LINE('',#14266,#14267);
#14266 = CARTESIAN_POINT('',(232.,130.,65.));
#14267 = VECTOR('',#14268,1.);
#14268 = DIRECTION('',(0.,1.,0.));
#14269 = CARTESIAN_POINT('',(232.,130.,65.));
#14270 = CARTESIAN_POINT('',(232.,152.,65.));
#14271 = GEOMETRIC_CURVE_SET('',(#14272));
#14272 = TRIMMED_CURVE('',#14273,(#14277,PARAMETER_VALUE(4.175)),(#14278
    ,PARAMETER_VALUE(15.)),.T.,.PARAMETER.);
#14273 = LINE('',#14274,#14275);
#14274 = CARTESIAN_POINT('',(247.,130.,68.175));
#14275 = VECTOR('',#14276,1.);
#14276 = DIRECTION('',(-1.,-0.,-0.));
#14277 = CARTESIAN_POINT('',(242.825,130.,68.175));
#14278 = CARTESIAN_POINT('',(232.,130.,68.175));
#14279 = GEOMETRIC_CURVE_SET('',(#14280));
#14280 = TRIMMED_CURVE('',#14281,(#14285,PARAMETER_VALUE(4.175)),(#14286
    ,PARAMETER_VALUE(15.)),.T.,.PARAMETER.);
#14281 = LINE('',#14282,#14283);
#14282 = CARTESIAN_POINT('',(247.,152.,68.175));
#14283 = VECTOR('',#14284,1.);
#14284 = DIRECTION('',(-1.,-0.,-0.));
#14285 = CARTESIAN_POINT('',(242.825,152.,68.175));
#14286 = CARTESIAN_POINT('',(232.,152.,68.175));
#14287 = GEOMETRIC_CURVE_SET('',(#14288));
#14288 = TRIMMED_CURVE('',#14289,(#14294,PARAMETER_VALUE(0.)),(#14295,
    PARAMETER_VALUE(6.28318530718)),.T.,.PARAMETER.);
#14289 = CIRCLE('',#14290,2.15);
#14290 = AXIS2_PLACEMENT_3D('',#14291,#14292,#14293);
#14291 = CARTESIAN_POINT('',(238.5,136.35,68.175));
#14292 = DIRECTION('',(0.,0.,-1.));
#14293 = DIRECTION('',(-1.,-0.,-0.));
#14294 = CARTESIAN_POINT('',(236.35,136.35,68.175));
#14295 = CARTESIAN_POINT('',(236.35,136.35,68.175));
#14296 = GEOMETRIC_CURVE_SET('',(#14297));
#14297 = TRIMMED_CURVE('',#14298,(#14302,PARAMETER_VALUE(1.)),(#14303,
    PARAMETER_VALUE(4.175)),.T.,.PARAMETER.);
#14298 = LINE('',#14299,#14300);
#14299 = CARTESIAN_POINT('',(236.35,136.35,64.));
#14300 = VECTOR('',#14301,1.);
#14301 = DIRECTION('',(0.,0.,1.));
#14302 = CARTESIAN_POINT('',(236.35,136.35,65.));
#14303 = CARTESIAN_POINT('',(236.35,136.35,68.175));
#14304 = GEOMETRIC_CURVE_SET('',(#14305));
#14305 = TRIMMED_CURVE('',#14306,(#14311,PARAMETER_VALUE(0.)),(#14312,
    PARAMETER_VALUE(6.28318530718)),.T.,.PARAMETER.);
#14306 = CIRCLE('',#14307,2.15);
#14307 = AXIS2_PLACEMENT_3D('',#14308,#14309,#14310);
#14308 = CARTESIAN_POINT('',(238.5,136.35,65.));
#14309 = DIRECTION('',(0.,0.,-1.));
#14310 = DIRECTION('',(-1.,-0.,-0.));
#14311 = CARTESIAN_POINT('',(236.35,136.35,65.));
#14312 = CARTESIAN_POINT('',(236.35,136.35,65.));
#14313 = GEOMETRIC_CURVE_SET('',(#14314));
#14314 = TRIMMED_CURVE('',#14315,(#14319,PARAMETER_VALUE(0.)),(#14320,
    PARAMETER_VALUE(22.)),.T.,.PARAMETER.);
#14315 = LINE('',#14316,#14317);
#14316 = CARTESIAN_POINT('',(247.,130.,65.));
#14317 = VECTOR('',#14318,1.);
#14318 = DIRECTION('',(0.,1.,0.));
#14319 = CARTESIAN_POINT('',(247.,130.,65.));
#14320 = CARTESIAN_POINT('',(247.,152.,65.));
#14321 = GEOMETRIC_CURVE_SET('',(#14322));
#14322 = TRIMMED_CURVE('',#14323,(#14327,PARAMETER_VALUE(0.)),(#14328,
    PARAMETER_VALUE(15.)),.T.,.PARAMETER.);
#14323 = LINE('',#14324,#14325);
#14324 = CARTESIAN_POINT('',(247.,152.,65.));
#14325 = VECTOR('',#14326,1.);
#14326 = DIRECTION('',(0.,0.,1.));
#14327 = CARTESIAN_POINT('',(247.,152.,65.));
#14328 = CARTESIAN_POINT('',(247.,152.,80.));
#14329 = GEOMETRIC_CURVE_SET('',(#14330));
#14330 = TRIMMED_CURVE('',#14331,(#14335,PARAMETER_VALUE(0.)),(#14336,
    PARAMETER_VALUE(15.)),.T.,.PARAMETER.);
#14331 = LINE('',#14332,#14333);
#14332 = CARTESIAN_POINT('',(247.,130.,65.));
#14333 = VECTOR('',#14334,1.);
#14334 = DIRECTION('',(0.,0.,1.));
#14335 = CARTESIAN_POINT('',(247.,130.,65.));
#14336 = CARTESIAN_POINT('',(247.,130.,80.));
#14337 = GEOMETRIC_CURVE_SET('',(#14338));
#14338 = TRIMMED_CURVE('',#14339,(#14343,PARAMETER_VALUE(-0.)),(#14344,
    PARAMETER_VALUE(15.)),.T.,.PARAMETER.);
#14339 = LINE('',#14340,#14341);
#14340 = CARTESIAN_POINT('',(247.,130.,65.));
#14341 = VECTOR('',#14342,1.);
#14342 = DIRECTION('',(-1.,-0.,-0.));
#14343 = CARTESIAN_POINT('',(247.,130.,65.));
#14344 = CARTESIAN_POINT('',(232.,130.,65.));
#14345 = GEOMETRIC_CURVE_SET('',(#14346));
#14346 = TRIMMED_CURVE('',#14347,(#14351,PARAMETER_VALUE(-0.)),(#14352,
    PARAMETER_VALUE(15.)),.T.,.PARAMETER.);
#14347 = LINE('',#14348,#14349);
#14348 = CARTESIAN_POINT('',(247.,152.,65.));
#14349 = VECTOR('',#14350,1.);
#14350 = DIRECTION('',(-1.,-0.,-0.));
#14351 = CARTESIAN_POINT('',(247.,152.,65.));
#14352 = CARTESIAN_POINT('',(232.,152.,65.));
#14353 = GEOMETRIC_CURVE_SET('',(#14354));
#14354 = TRIMMED_CURVE('',#14355,(#14359,PARAMETER_VALUE(1.)),(#14360,
    PARAMETER_VALUE(3.)),.T.,.PARAMETER.);
#14355 = LINE('',#14356,#14357);
#14356 = CARTESIAN_POINT('',(31.8,92.5,20.5));
#14357 = VECTOR('',#14358,1.);
#14358 = DIRECTION('',(0.,0.,1.));
#14359 = CARTESIAN_POINT('',(31.8,92.5,21.5));
#14360 = CARTESIAN_POINT('',(31.8,92.5,23.5));
#14361 = GEOMETRIC_CURVE_SET('',(#14362));
#14362 = TRIMMED_CURVE('',#14363,(#14367,PARAMETER_VALUE(0.)),(#14368,
    PARAMETER_VALUE(1.65)),.T.,.PARAMETER.);
#14363 = LINE('',#14364,#14365);
#14364 = CARTESIAN_POINT('',(31.8,92.5,23.5));
#14365 = VECTOR('',#14366,1.);
#14366 = DIRECTION('',(0.,1.,0.));
#14367 = CARTESIAN_POINT('',(31.8,92.5,23.5));
#14368 = CARTESIAN_POINT('',(31.8,94.15,23.5));
#14369 = GEOMETRIC_CURVE_SET('',(#14370));
#14370 = TRIMMED_CURVE('',#14371,(#14375,PARAMETER_VALUE(1.)),(#14376,
    PARAMETER_VALUE(3.)),.T.,.PARAMETER.);
#14371 = LINE('',#14372,#14373);
#14372 = CARTESIAN_POINT('',(31.8,94.15,20.5));
#14373 = VECTOR('',#14374,1.);
#14374 = DIRECTION('',(0.,0.,1.));
#14375 = CARTESIAN_POINT('',(31.8,94.15,21.5));
#14376 = CARTESIAN_POINT('',(31.8,94.15,23.5));
#14377 = GEOMETRIC_CURVE_SET('',(#14378));
#14378 = TRIMMED_CURVE('',#14379,(#14383,PARAMETER_VALUE(0.)),(#14384,
    PARAMETER_VALUE(1.65)),.T.,.PARAMETER.);
#14379 = LINE('',#14380,#14381);
#14380 = CARTESIAN_POINT('',(31.8,92.5,21.5));
#14381 = VECTOR('',#14382,1.);
#14382 = DIRECTION('',(0.,1.,0.));
#14383 = CARTESIAN_POINT('',(31.8,92.5,21.5));
#14384 = CARTESIAN_POINT('',(31.8,94.15,21.5));
#14385 = GEOMETRIC_CURVE_SET('',(#14386));
#14386 = TRIMMED_CURVE('',#14387,(#14391,PARAMETER_VALUE(2.)),(#14392,
    PARAMETER_VALUE(7.8)),.T.,.PARAMETER.);
#14387 = LINE('',#14388,#14389);
#14388 = CARTESIAN_POINT('',(24.,117.5,23.5));
#14389 = VECTOR('',#14390,1.);
#14390 = DIRECTION('',(1.,0.,0.));
#14391 = CARTESIAN_POINT('',(26.,117.5,23.5));
#14392 = CARTESIAN_POINT('',(31.8,117.5,23.5));
#14393 = GEOMETRIC_CURVE_SET('',(#14394));
#14394 = TRIMMED_CURVE('',#14395,(#14399,PARAMETER_VALUE(11.675)),(
    #14400,PARAMETER_VALUE(13.325)),.T.,.PARAMETER.);
#14395 = LINE('',#14396,#14397);
#14396 = CARTESIAN_POINT('',(31.8,104.175,23.5));
#14397 = VECTOR('',#14398,1.);
#14398 = DIRECTION('',(0.,1.,0.));
#14399 = CARTESIAN_POINT('',(31.8,115.85,23.5));
#14400 = CARTESIAN_POINT('',(31.8,117.5,23.5));
#14401 = GEOMETRIC_CURVE_SET('',(#14402));
#14402 = TRIMMED_CURVE('',#14403,(#14408,PARAMETER_VALUE(3.14159265359))
  ,(#14409,PARAMETER_VALUE(6.28318530718)),.T.,.PARAMETER.);
#14403 = CIRCLE('',#14404,1.7);
#14404 = AXIS2_PLACEMENT_3D('',#14405,#14406,#14407);
#14405 = CARTESIAN_POINT('',(33.5,115.85,23.5));
#14406 = DIRECTION('',(0.,0.,1.));
#14407 = DIRECTION('',(1.,0.,0.));
#14408 = CARTESIAN_POINT('',(31.8,115.85,23.5));
#14409 = CARTESIAN_POINT('',(35.2,115.85,23.5));
#14410 = GEOMETRIC_CURVE_SET('',(#14411));
#14411 = TRIMMED_CURVE('',#14412,(#14416,PARAMETER_VALUE(11.675)),(
    #14417,PARAMETER_VALUE(13.325)),.T.,.PARAMETER.);
#14412 = LINE('',#14413,#14414);
#14413 = CARTESIAN_POINT('',(35.2,104.175,23.5));
#14414 = VECTOR('',#14415,1.);
#14415 = DIRECTION('',(0.,1.,0.));
#14416 = CARTESIAN_POINT('',(35.2,115.85,23.5));
#14417 = CARTESIAN_POINT('',(35.2,117.5,23.5));
#14418 = GEOMETRIC_CURVE_SET('',(#14419));
#14419 = TRIMMED_CURVE('',#14420,(#14424,PARAMETER_VALUE(11.2)),(#14425,
    PARAMETER_VALUE(14.15)),.T.,.PARAMETER.);
#14420 = LINE('',#14421,#14422);
#14421 = CARTESIAN_POINT('',(24.,117.5,23.5));
#14422 = VECTOR('',#14423,1.);
#14423 = DIRECTION('',(1.,0.,0.));
#14424 = CARTESIAN_POINT('',(35.2,117.5,23.5));
#14425 = CARTESIAN_POINT('',(38.15,117.5,23.5));
#14426 = GEOMETRIC_CURVE_SET('',(#14427));
#14427 = TRIMMED_CURVE('',#14428,(#14432,PARAMETER_VALUE(11.675)),(
    #14433,PARAMETER_VALUE(13.325)),.T.,.PARAMETER.);
#14428 = LINE('',#14429,#14430);
#14429 = CARTESIAN_POINT('',(38.15,104.175,23.5));
#14430 = VECTOR('',#14431,1.);
#14431 = DIRECTION('',(0.,1.,0.));
#14432 = CARTESIAN_POINT('',(38.15,115.85,23.5));
#14433 = CARTESIAN_POINT('',(38.15,117.5,23.5));
#14434 = GEOMETRIC_CURVE_SET('',(#14435));
#14435 = TRIMMED_CURVE('',#14436,(#14441,PARAMETER_VALUE(3.14159265359))
  ,(#14442,PARAMETER_VALUE(6.28318530718)),.T.,.PARAMETER.);
#14436 = CIRCLE('',#14437,1.7);
#14437 = AXIS2_PLACEMENT_3D('',#14438,#14439,#14440);
#14438 = CARTESIAN_POINT('',(39.85,115.85,23.5));
#14439 = DIRECTION('',(0.,0.,1.));
#14440 = DIRECTION('',(1.,0.,0.));
#14441 = CARTESIAN_POINT('',(38.15,115.85,23.5));
#14442 = CARTESIAN_POINT('',(41.55,115.85,23.5));
#14443 = GEOMETRIC_CURVE_SET('',(#14444));
#14444 = TRIMMED_CURVE('',#14445,(#14449,PARAMETER_VALUE(11.675)),(
    #14450,PARAMETER_VALUE(13.325)),.T.,.PARAMETER.);
#14445 = LINE('',#14446,#14447);
#14446 = CARTESIAN_POINT('',(41.55,104.175,23.5));
#14447 = VECTOR('',#14448,1.);
#14448 = DIRECTION('',(0.,1.,0.));
#14449 = CARTESIAN_POINT('',(41.55,115.85,23.5));
#14450 = CARTESIAN_POINT('',(41.55,117.5,23.5));
#14451 = GEOMETRIC_CURVE_SET('',(#14452));
#14452 = TRIMMED_CURVE('',#14453,(#14457,PARAMETER_VALUE(17.55)),(#14458
    ,PARAMETER_VALUE(20.5)),.T.,.PARAMETER.);
#14453 = LINE('',#14454,#14455);
#14454 = CARTESIAN_POINT('',(24.,117.5,23.5));
#14455 = VECTOR('',#14456,1.);
#14456 = DIRECTION('',(1.,0.,0.));
#14457 = CARTESIAN_POINT('',(41.55,117.5,23.5));
#14458 = CARTESIAN_POINT('',(44.5,117.5,23.5));
#14459 = GEOMETRIC_CURVE_SET('',(#14460));
#14460 = TRIMMED_CURVE('',#14461,(#14465,PARAMETER_VALUE(11.675)),(
    #14466,PARAMETER_VALUE(13.325)),.T.,.PARAMETER.);
#14461 = LINE('',#14462,#14463);
#14462 = CARTESIAN_POINT('',(44.5,104.175,23.5));
#14463 = VECTOR('',#14464,1.);
#14464 = DIRECTION('',(0.,1.,0.));
#14465 = CARTESIAN_POINT('',(44.5,115.85,23.5));
#14466 = CARTESIAN_POINT('',(44.5,117.5,23.5));
#14467 = GEOMETRIC_CURVE_SET('',(#14468));
#14468 = TRIMMED_CURVE('',#14469,(#14474,PARAMETER_VALUE(3.14159265359))
  ,(#14475,PARAMETER_VALUE(6.28318530718)),.T.,.PARAMETER.);
#14469 = CIRCLE('',#14470,1.7);
#14470 = AXIS2_PLACEMENT_3D('',#14471,#14472,#14473);
#14471 = CARTESIAN_POINT('',(46.2,115.85,23.5));
#14472 = DIRECTION('',(0.,0.,1.));
#14473 = DIRECTION('',(1.,0.,0.));
#14474 = CARTESIAN_POINT('',(44.5,115.85,23.5));
#14475 = CARTESIAN_POINT('',(47.9,115.85,23.5));
#14476 = GEOMETRIC_CURVE_SET('',(#14477));
#14477 = TRIMMED_CURVE('',#14478,(#14482,PARAMETER_VALUE(11.675)),(
    #14483,PARAMETER_VALUE(13.325)),.T.,.PARAMETER.);
#14478 = LINE('',#14479,#14480);
#14479 = CARTESIAN_POINT('',(47.9,104.175,23.5));
#14480 = VECTOR('',#14481,1.);
#14481 = DIRECTION('',(0.,1.,0.));
#14482 = CARTESIAN_POINT('',(47.9,115.85,23.5));
#14483 = CARTESIAN_POINT('',(47.9,117.5,23.5));
#14484 = GEOMETRIC_CURVE_SET('',(#14485));
#14485 = TRIMMED_CURVE('',#14486,(#14490,PARAMETER_VALUE(23.9)),(#14491,
    PARAMETER_VALUE(26.85)),.T.,.PARAMETER.);
#14486 = LINE('',#14487,#14488);
#14487 = CARTESIAN_POINT('',(24.,117.5,23.5));
#14488 = VECTOR('',#14489,1.);
#14489 = DIRECTION('',(1.,0.,0.));
#14490 = CARTESIAN_POINT('',(47.9,117.5,23.5));
#14491 = CARTESIAN_POINT('',(50.85,117.5,23.5));
#14492 = GEOMETRIC_CURVE_SET('',(#14493));
#14493 = TRIMMED_CURVE('',#14494,(#14498,PARAMETER_VALUE(11.675)),(
    #14499,PARAMETER_VALUE(13.325)),.T.,.PARAMETER.);
#14494 = LINE('',#14495,#14496);
#14495 = CARTESIAN_POINT('',(50.85,104.175,23.5));
#14496 = VECTOR('',#14497,1.);
#14497 = DIRECTION('',(0.,1.,0.));
#14498 = CARTESIAN_POINT('',(50.85,115.85,23.5));
#14499 = CARTESIAN_POINT('',(50.85,117.5,23.5));
#14500 = GEOMETRIC_CURVE_SET('',(#14501));
#14501 = TRIMMED_CURVE('',#14502,(#14507,PARAMETER_VALUE(3.14159265359))
  ,(#14508,PARAMETER_VALUE(6.28318530718)),.T.,.PARAMETER.);
#14502 = CIRCLE('',#14503,1.7);
#14503 = AXIS2_PLACEMENT_3D('',#14504,#14505,#14506);
#14504 = CARTESIAN_POINT('',(52.55,115.85,23.5));
#14505 = DIRECTION('',(0.,0.,1.));
#14506 = DIRECTION('',(1.,0.,0.));
#14507 = CARTESIAN_POINT('',(50.85,115.85,23.5));
#14508 = CARTESIAN_POINT('',(54.25,115.85,23.5));
#14509 = GEOMETRIC_CURVE_SET('',(#14510));
#14510 = TRIMMED_CURVE('',#14511,(#14515,PARAMETER_VALUE(11.675)),(
    #14516,PARAMETER_VALUE(13.325)),.T.,.PARAMETER.);
#14511 = LINE('',#14512,#14513);
#14512 = CARTESIAN_POINT('',(54.25,104.175,23.5));
#14513 = VECTOR('',#14514,1.);
#14514 = DIRECTION('',(0.,1.,0.));
#14515 = CARTESIAN_POINT('',(54.25,115.85,23.5));
#14516 = CARTESIAN_POINT('',(54.25,117.5,23.5));
#14517 = GEOMETRIC_CURVE_SET('',(#14518));
#14518 = TRIMMED_CURVE('',#14519,(#14523,PARAMETER_VALUE(30.25)),(#14524
    ,PARAMETER_VALUE(33.2)),.T.,.PARAMETER.);
#14519 = LINE('',#14520,#14521);
#14520 = CARTESIAN_POINT('',(24.,117.5,23.5));
#14521 = VECTOR('',#14522,1.);
#14522 = DIRECTION('',(1.,0.,0.));
#14523 = CARTESIAN_POINT('',(54.25,117.5,23.5));
#14524 = CARTESIAN_POINT('',(57.2,117.5,23.5));
#14525 = GEOMETRIC_CURVE_SET('',(#14526));
#14526 = TRIMMED_CURVE('',#14527,(#14531,PARAMETER_VALUE(11.675)),(
    #14532,PARAMETER_VALUE(13.325)),.T.,.PARAMETER.);
#14527 = LINE('',#14528,#14529);
#14528 = CARTESIAN_POINT('',(57.2,104.175,23.5));
#14529 = VECTOR('',#14530,1.);
#14530 = DIRECTION('',(0.,1.,0.));
#14531 = CARTESIAN_POINT('',(57.2,115.85,23.5));
#14532 = CARTESIAN_POINT('',(57.2,117.5,23.5));
#14533 = GEOMETRIC_CURVE_SET('',(#14534));
#14534 = TRIMMED_CURVE('',#14535,(#14540,PARAMETER_VALUE(3.14159265359))
  ,(#14541,PARAMETER_VALUE(6.28318530718)),.T.,.PARAMETER.);
#14535 = CIRCLE('',#14536,1.7);
#14536 = AXIS2_PLACEMENT_3D('',#14537,#14538,#14539);
#14537 = CARTESIAN_POINT('',(58.9,115.85,23.5));
#14538 = DIRECTION('',(0.,0.,1.));
#14539 = DIRECTION('',(1.,0.,0.));
#14540 = CARTESIAN_POINT('',(57.2,115.85,23.5));
#14541 = CARTESIAN_POINT('',(60.6,115.85,23.5));
#14542 = GEOMETRIC_CURVE_SET('',(#14543));
#14543 = TRIMMED_CURVE('',#14544,(#14548,PARAMETER_VALUE(11.675)),(
    #14549,PARAMETER_VALUE(13.325)),.T.,.PARAMETER.);
#14544 = LINE('',#14545,#14546);
#14545 = CARTESIAN_POINT('',(60.6,104.175,23.5));
#14546 = VECTOR('',#14547,1.);
#14547 = DIRECTION('',(0.,1.,0.));
#14548 = CARTESIAN_POINT('',(60.6,115.85,23.5));
#14549 = CARTESIAN_POINT('',(60.6,117.5,23.5));
#14550 = GEOMETRIC_CURVE_SET('',(#14551));
#14551 = TRIMMED_CURVE('',#14552,(#14556,PARAMETER_VALUE(36.6)),(#14557,
    PARAMETER_VALUE(39.55)),.T.,.PARAMETER.);
#14552 = LINE('',#14553,#14554);
#14553 = CARTESIAN_POINT('',(24.,117.5,23.5));
#14554 = VECTOR('',#14555,1.);
#14555 = DIRECTION('',(1.,0.,0.));
#14556 = CARTESIAN_POINT('',(60.6,117.5,23.5));
#14557 = CARTESIAN_POINT('',(63.55,117.5,23.5));
#14558 = GEOMETRIC_CURVE_SET('',(#14559));
#14559 = TRIMMED_CURVE('',#14560,(#14564,PARAMETER_VALUE(11.675)),(
    #14565,PARAMETER_VALUE(13.325)),.T.,.PARAMETER.);
#14560 = LINE('',#14561,#14562);
#14561 = CARTESIAN_POINT('',(63.55,104.175,23.5));
#14562 = VECTOR('',#14563,1.);
#14563 = DIRECTION('',(0.,1.,0.));
#14564 = CARTESIAN_POINT('',(63.55,115.85,23.5));
#14565 = CARTESIAN_POINT('',(63.55,117.5,23.5));
#14566 = GEOMETRIC_CURVE_SET('',(#14567));
#14567 = TRIMMED_CURVE('',#14568,(#14573,PARAMETER_VALUE(3.14159265359))
  ,(#14574,PARAMETER_VALUE(6.28318530718)),.T.,.PARAMETER.);
#14568 = CIRCLE('',#14569,1.7);
#14569 = AXIS2_PLACEMENT_3D('',#14570,#14571,#14572);
#14570 = CARTESIAN_POINT('',(65.25,115.85,23.5));
#14571 = DIRECTION('',(0.,0.,1.));
#14572 = DIRECTION('',(1.,0.,0.));
#14573 = CARTESIAN_POINT('',(63.55,115.85,23.5));
#14574 = CARTESIAN_POINT('',(66.95,115.85,23.5));
#14575 = GEOMETRIC_CURVE_SET('',(#14576));
#14576 = TRIMMED_CURVE('',#14577,(#14581,PARAMETER_VALUE(11.675)),(
    #14582,PARAMETER_VALUE(13.325)),.T.,.PARAMETER.);
#14577 = LINE('',#14578,#14579);
#14578 = CARTESIAN_POINT('',(66.95,104.175,23.5));
#14579 = VECTOR('',#14580,1.);
#14580 = DIRECTION('',(0.,1.,0.));
#14581 = CARTESIAN_POINT('',(66.95,115.85,23.5));
#14582 = CARTESIAN_POINT('',(66.95,117.5,23.5));
#14583 = GEOMETRIC_CURVE_SET('',(#14584));
#14584 = TRIMMED_CURVE('',#14585,(#14589,PARAMETER_VALUE(42.95)),(#14590
    ,PARAMETER_VALUE(52.)),.T.,.PARAMETER.);
#14585 = LINE('',#14586,#14587);
#14586 = CARTESIAN_POINT('',(24.,117.5,23.5));
#14587 = VECTOR('',#14588,1.);
#14588 = DIRECTION('',(1.,0.,0.));
#14589 = CARTESIAN_POINT('',(66.95,117.5,23.5));
#14590 = CARTESIAN_POINT('',(76.,117.5,23.5));
#14591 = GEOMETRIC_CURVE_SET('',(#14592));
#14592 = TRIMMED_CURVE('',#14593,(#14597,PARAMETER_VALUE(0.)),(#14598,
    PARAMETER_VALUE(25.)),.T.,.PARAMETER.);
#14593 = LINE('',#14594,#14595);
#14594 = CARTESIAN_POINT('',(76.,92.5,23.5));
#14595 = VECTOR('',#14596,1.);
#14596 = DIRECTION('',(0.,1.,0.));
#14597 = CARTESIAN_POINT('',(76.,92.5,23.5));
#14598 = CARTESIAN_POINT('',(76.,117.5,23.5));
#14599 = GEOMETRIC_CURVE_SET('',(#14600));
#14600 = TRIMMED_CURVE('',#14601,(#14605,PARAMETER_VALUE(42.95)),(#14606
    ,PARAMETER_VALUE(52.)),.T.,.PARAMETER.);
#14601 = LINE('',#14602,#14603);
#14602 = CARTESIAN_POINT('',(24.,92.5,23.5));
#14603 = VECTOR('',#14604,1.);
#14604 = DIRECTION('',(1.,0.,0.));
#14605 = CARTESIAN_POINT('',(66.95,92.5,23.5));
#14606 = CARTESIAN_POINT('',(76.,92.5,23.5));
#14607 = GEOMETRIC_CURVE_SET('',(#14608));
#14608 = TRIMMED_CURVE('',#14609,(#14613,PARAMETER_VALUE(0.)),(#14614,
    PARAMETER_VALUE(1.65)),.T.,.PARAMETER.);
#14609 = LINE('',#14610,#14611);
#14610 = CARTESIAN_POINT('',(66.95,92.5,23.5));
#14611 = VECTOR('',#14612,1.);
#14612 = DIRECTION('',(0.,1.,0.));
#14613 = CARTESIAN_POINT('',(66.95,92.5,23.5));
#14614 = CARTESIAN_POINT('',(66.95,94.15,23.5));
#14615 = GEOMETRIC_CURVE_SET('',(#14616));
#14616 = TRIMMED_CURVE('',#14617,(#14622,PARAMETER_VALUE(0.)),(#14623,
    PARAMETER_VALUE(3.14159265359)),.T.,.PARAMETER.);
#14617 = CIRCLE('',#14618,1.7);
#14618 = AXIS2_PLACEMENT_3D('',#14619,#14620,#14621);
#14619 = CARTESIAN_POINT('',(65.25,94.15,23.5));
#14620 = DIRECTION('',(0.,0.,1.));
#14621 = DIRECTION('',(1.,0.,0.));
#14622 = CARTESIAN_POINT('',(66.95,94.15,23.5));
#14623 = CARTESIAN_POINT('',(63.55,94.15,23.5));
#14624 = GEOMETRIC_CURVE_SET('',(#14625));
#14625 = TRIMMED_CURVE('',#14626,(#14630,PARAMETER_VALUE(0.)),(#14631,
    PARAMETER_VALUE(1.65)),.T.,.PARAMETER.);
#14626 = LINE('',#14627,#14628);
#14627 = CARTESIAN_POINT('',(63.55,92.5,23.5));
#14628 = VECTOR('',#14629,1.);
#14629 = DIRECTION('',(0.,1.,0.));
#14630 = CARTESIAN_POINT('',(63.55,92.5,23.5));
#14631 = CARTESIAN_POINT('',(63.55,94.15,23.5));
#14632 = GEOMETRIC_CURVE_SET('',(#14633));
#14633 = TRIMMED_CURVE('',#14634,(#14638,PARAMETER_VALUE(36.6)),(#14639,
    PARAMETER_VALUE(39.55)),.T.,.PARAMETER.);
#14634 = LINE('',#14635,#14636);
#14635 = CARTESIAN_POINT('',(24.,92.5,23.5));
#14636 = VECTOR('',#14637,1.);
#14637 = DIRECTION('',(1.,0.,0.));
#14638 = CARTESIAN_POINT('',(60.6,92.5,23.5));
#14639 = CARTESIAN_POINT('',(63.55,92.5,23.5));
#14640 = GEOMETRIC_CURVE_SET('',(#14641));
#14641 = TRIMMED_CURVE('',#14642,(#14646,PARAMETER_VALUE(0.)),(#14647,
    PARAMETER_VALUE(1.65)),.T.,.PARAMETER.);
#14642 = LINE('',#14643,#14644);
#14643 = CARTESIAN_POINT('',(60.6,92.5,23.5));
#14644 = VECTOR('',#14645,1.);
#14645 = DIRECTION('',(0.,1.,0.));
#14646 = CARTESIAN_POINT('',(60.6,92.5,23.5));
#14647 = CARTESIAN_POINT('',(60.6,94.15,23.5));
#14648 = GEOMETRIC_CURVE_SET('',(#14649));
#14649 = TRIMMED_CURVE('',#14650,(#14655,PARAMETER_VALUE(0.)),(#14656,
    PARAMETER_VALUE(3.14159265359)),.T.,.PARAMETER.);
#14650 = CIRCLE('',#14651,1.7);
#14651 = AXIS2_PLACEMENT_3D('',#14652,#14653,#14654);
#14652 = CARTESIAN_POINT('',(58.9,94.15,23.5));
#14653 = DIRECTION('',(0.,0.,1.));
#14654 = DIRECTION('',(1.,0.,0.));
#14655 = CARTESIAN_POINT('',(60.6,94.15,23.5));
#14656 = CARTESIAN_POINT('',(57.2,94.15,23.5));
#14657 = GEOMETRIC_CURVE_SET('',(#14658));
#14658 = TRIMMED_CURVE('',#14659,(#14663,PARAMETER_VALUE(0.)),(#14664,
    PARAMETER_VALUE(1.65)),.T.,.PARAMETER.);
#14659 = LINE('',#14660,#14661);
#14660 = CARTESIAN_POINT('',(57.2,92.5,23.5));
#14661 = VECTOR('',#14662,1.);
#14662 = DIRECTION('',(0.,1.,0.));
#14663 = CARTESIAN_POINT('',(57.2,92.5,23.5));
#14664 = CARTESIAN_POINT('',(57.2,94.15,23.5));
#14665 = GEOMETRIC_CURVE_SET('',(#14666));
#14666 = TRIMMED_CURVE('',#14667,(#14671,PARAMETER_VALUE(30.25)),(#14672
    ,PARAMETER_VALUE(33.2)),.T.,.PARAMETER.);
#14667 = LINE('',#14668,#14669);
#14668 = CARTESIAN_POINT('',(24.,92.5,23.5));
#14669 = VECTOR('',#14670,1.);
#14670 = DIRECTION('',(1.,0.,0.));
#14671 = CARTESIAN_POINT('',(54.25,92.5,23.5));
#14672 = CARTESIAN_POINT('',(57.2,92.5,23.5));
#14673 = GEOMETRIC_CURVE_SET('',(#14674));
#14674 = TRIMMED_CURVE('',#14675,(#14679,PARAMETER_VALUE(0.)),(#14680,
    PARAMETER_VALUE(1.65)),.T.,.PARAMETER.);
#14675 = LINE('',#14676,#14677);
#14676 = CARTESIAN_POINT('',(54.25,92.5,23.5));
#14677 = VECTOR('',#14678,1.);
#14678 = DIRECTION('',(0.,1.,0.));
#14679 = CARTESIAN_POINT('',(54.25,92.5,23.5));
#14680 = CARTESIAN_POINT('',(54.25,94.15,23.5));
#14681 = GEOMETRIC_CURVE_SET('',(#14682));
#14682 = TRIMMED_CURVE('',#14683,(#14688,PARAMETER_VALUE(0.)),(#14689,
    PARAMETER_VALUE(3.14159265359)),.T.,.PARAMETER.);
#14683 = CIRCLE('',#14684,1.7);
#14684 = AXIS2_PLACEMENT_3D('',#14685,#14686,#14687);
#14685 = CARTESIAN_POINT('',(52.55,94.15,23.5));
#14686 = DIRECTION('',(0.,0.,1.));
#14687 = DIRECTION('',(1.,0.,0.));
#14688 = CARTESIAN_POINT('',(54.25,94.15,23.5));
#14689 = CARTESIAN_POINT('',(50.85,94.15,23.5));
#14690 = GEOMETRIC_CURVE_SET('',(#14691));
#14691 = TRIMMED_CURVE('',#14692,(#14696,PARAMETER_VALUE(0.)),(#14697,
    PARAMETER_VALUE(1.65)),.T.,.PARAMETER.);
#14692 = LINE('',#14693,#14694);
#14693 = CARTESIAN_POINT('',(50.85,92.5,23.5));
#14694 = VECTOR('',#14695,1.);
#14695 = DIRECTION('',(0.,1.,0.));
#14696 = CARTESIAN_POINT('',(50.85,92.5,23.5));
#14697 = CARTESIAN_POINT('',(50.85,94.15,23.5));
#14698 = GEOMETRIC_CURVE_SET('',(#14699));
#14699 = TRIMMED_CURVE('',#14700,(#14704,PARAMETER_VALUE(23.9)),(#14705,
    PARAMETER_VALUE(26.85)),.T.,.PARAMETER.);
#14700 = LINE('',#14701,#14702);
#14701 = CARTESIAN_POINT('',(24.,92.5,23.5));
#14702 = VECTOR('',#14703,1.);
#14703 = DIRECTION('',(1.,0.,0.));
#14704 = CARTESIAN_POINT('',(47.9,92.5,23.5));
#14705 = CARTESIAN_POINT('',(50.85,92.5,23.5));
#14706 = GEOMETRIC_CURVE_SET('',(#14707));
#14707 = TRIMMED_CURVE('',#14708,(#14712,PARAMETER_VALUE(0.)),(#14713,
    PARAMETER_VALUE(1.65)),.T.,.PARAMETER.);
#14708 = LINE('',#14709,#14710);
#14709 = CARTESIAN_POINT('',(47.9,92.5,23.5));
#14710 = VECTOR('',#14711,1.);
#14711 = DIRECTION('',(0.,1.,0.));
#14712 = CARTESIAN_POINT('',(47.9,92.5,23.5));
#14713 = CARTESIAN_POINT('',(47.9,94.15,23.5));
#14714 = GEOMETRIC_CURVE_SET('',(#14715));
#14715 = TRIMMED_CURVE('',#14716,(#14721,PARAMETER_VALUE(0.)),(#14722,
    PARAMETER_VALUE(3.14159265359)),.T.,.PARAMETER.);
#14716 = CIRCLE('',#14717,1.7);
#14717 = AXIS2_PLACEMENT_3D('',#14718,#14719,#14720);
#14718 = CARTESIAN_POINT('',(46.2,94.15,23.5));
#14719 = DIRECTION('',(0.,0.,1.));
#14720 = DIRECTION('',(1.,0.,0.));
#14721 = CARTESIAN_POINT('',(47.9,94.15,23.5));
#14722 = CARTESIAN_POINT('',(44.5,94.15,23.5));
#14723 = GEOMETRIC_CURVE_SET('',(#14724));
#14724 = TRIMMED_CURVE('',#14725,(#14729,PARAMETER_VALUE(0.)),(#14730,
    PARAMETER_VALUE(1.65)),.T.,.PARAMETER.);
#14725 = LINE('',#14726,#14727);
#14726 = CARTESIAN_POINT('',(44.5,92.5,23.5));
#14727 = VECTOR('',#14728,1.);
#14728 = DIRECTION('',(0.,1.,0.));
#14729 = CARTESIAN_POINT('',(44.5,92.5,23.5));
#14730 = CARTESIAN_POINT('',(44.5,94.15,23.5));
#14731 = GEOMETRIC_CURVE_SET('',(#14732));
#14732 = TRIMMED_CURVE('',#14733,(#14737,PARAMETER_VALUE(17.55)),(#14738
    ,PARAMETER_VALUE(20.5)),.T.,.PARAMETER.);
#14733 = LINE('',#14734,#14735);
#14734 = CARTESIAN_POINT('',(24.,92.5,23.5));
#14735 = VECTOR('',#14736,1.);
#14736 = DIRECTION('',(1.,0.,0.));
#14737 = CARTESIAN_POINT('',(41.55,92.5,23.5));
#14738 = CARTESIAN_POINT('',(44.5,92.5,23.5));
#14739 = GEOMETRIC_CURVE_SET('',(#14740));
#14740 = TRIMMED_CURVE('',#14741,(#14745,PARAMETER_VALUE(0.)),(#14746,
    PARAMETER_VALUE(1.65)),.T.,.PARAMETER.);
#14741 = LINE('',#14742,#14743);
#14742 = CARTESIAN_POINT('',(41.55,92.5,23.5));
#14743 = VECTOR('',#14744,1.);
#14744 = DIRECTION('',(0.,1.,0.));
#14745 = CARTESIAN_POINT('',(41.55,92.5,23.5));
#14746 = CARTESIAN_POINT('',(41.55,94.15,23.5));
#14747 = GEOMETRIC_CURVE_SET('',(#14748));
#14748 = TRIMMED_CURVE('',#14749,(#14754,PARAMETER_VALUE(0.)),(#14755,
    PARAMETER_VALUE(3.14159265359)),.T.,.PARAMETER.);
#14749 = CIRCLE('',#14750,1.7);
#14750 = AXIS2_PLACEMENT_3D('',#14751,#14752,#14753);
#14751 = CARTESIAN_POINT('',(39.85,94.15,23.5));
#14752 = DIRECTION('',(0.,0.,1.));
#14753 = DIRECTION('',(1.,0.,0.));
#14754 = CARTESIAN_POINT('',(41.55,94.15,23.5));
#14755 = CARTESIAN_POINT('',(38.15,94.15,23.5));
#14756 = GEOMETRIC_CURVE_SET('',(#14757));
#14757 = TRIMMED_CURVE('',#14758,(#14762,PARAMETER_VALUE(0.)),(#14763,
    PARAMETER_VALUE(1.65)),.T.,.PARAMETER.);
#14758 = LINE('',#14759,#14760);
#14759 = CARTESIAN_POINT('',(38.15,92.5,23.5));
#14760 = VECTOR('',#14761,1.);
#14761 = DIRECTION('',(0.,1.,0.));
#14762 = CARTESIAN_POINT('',(38.15,92.5,23.5));
#14763 = CARTESIAN_POINT('',(38.15,94.15,23.5));
#14764 = GEOMETRIC_CURVE_SET('',(#14765));
#14765 = TRIMMED_CURVE('',#14766,(#14770,PARAMETER_VALUE(11.2)),(#14771,
    PARAMETER_VALUE(14.15)),.T.,.PARAMETER.);
#14766 = LINE('',#14767,#14768);
#14767 = CARTESIAN_POINT('',(24.,92.5,23.5));
#14768 = VECTOR('',#14769,1.);
#14769 = DIRECTION('',(1.,0.,0.));
#14770 = CARTESIAN_POINT('',(35.2,92.5,23.5));
#14771 = CARTESIAN_POINT('',(38.15,92.5,23.5));
#14772 = GEOMETRIC_CURVE_SET('',(#14773));
#14773 = TRIMMED_CURVE('',#14774,(#14778,PARAMETER_VALUE(0.)),(#14779,
    PARAMETER_VALUE(1.65)),.T.,.PARAMETER.);
#14774 = LINE('',#14775,#14776);
#14775 = CARTESIAN_POINT('',(35.2,92.5,23.5));
#14776 = VECTOR('',#14777,1.);
#14777 = DIRECTION('',(0.,1.,0.));
#14778 = CARTESIAN_POINT('',(35.2,92.5,23.5));
#14779 = CARTESIAN_POINT('',(35.2,94.15,23.5));
#14780 = GEOMETRIC_CURVE_SET('',(#14781));
#14781 = TRIMMED_CURVE('',#14782,(#14787,PARAMETER_VALUE(0.)),(#14788,
    PARAMETER_VALUE(3.14159265359)),.T.,.PARAMETER.);
#14782 = CIRCLE('',#14783,1.7);
#14783 = AXIS2_PLACEMENT_3D('',#14784,#14785,#14786);
#14784 = CARTESIAN_POINT('',(33.5,94.15,23.5));
#14785 = DIRECTION('',(0.,0.,1.));
#14786 = DIRECTION('',(1.,0.,0.));
#14787 = CARTESIAN_POINT('',(35.2,94.15,23.5));
#14788 = CARTESIAN_POINT('',(31.8,94.15,23.5));
#14789 = GEOMETRIC_CURVE_SET('',(#14790));
#14790 = TRIMMED_CURVE('',#14791,(#14795,PARAMETER_VALUE(2.)),(#14796,
    PARAMETER_VALUE(7.8)),.T.,.PARAMETER.);
#14791 = LINE('',#14792,#14793);
#14792 = CARTESIAN_POINT('',(24.,92.5,23.5));
#14793 = VECTOR('',#14794,1.);
#14794 = DIRECTION('',(1.,0.,0.));
#14795 = CARTESIAN_POINT('',(26.,92.5,23.5));
#14796 = CARTESIAN_POINT('',(31.8,92.5,23.5));
#14797 = GEOMETRIC_CURVE_SET('',(#14798));
#14798 = TRIMMED_CURVE('',#14799,(#14803,PARAMETER_VALUE(-25.)),(#14804,
    PARAMETER_VALUE(0.)),.T.,.PARAMETER.);
#14799 = LINE('',#14800,#14801);
#14800 = CARTESIAN_POINT('',(26.,92.5,23.5));
#14801 = VECTOR('',#14802,1.);
#14802 = DIRECTION('',(0.,-1.,0.));
#14803 = CARTESIAN_POINT('',(26.,117.5,23.5));
#14804 = CARTESIAN_POINT('',(26.,92.5,23.5));
#14805 = GEOMETRIC_CURVE_SET('',(#14806));
#14806 = TRIMMED_CURVE('',#14807,(#14812,PARAMETER_VALUE(0.)),(#14813,
    PARAMETER_VALUE(6.28318530718)),.T.,.PARAMETER.);
#14807 = CIRCLE('',#14808,1.65);
#14808 = AXIS2_PLACEMENT_3D('',#14809,#14810,#14811);
#14809 = CARTESIAN_POINT('',(30.4,105.,23.5));
#14810 = DIRECTION('',(0.,0.,1.));
#14811 = DIRECTION('',(1.,0.,0.));
#14812 = CARTESIAN_POINT('',(32.05,105.,23.5));
#14813 = CARTESIAN_POINT('',(32.05,105.,23.5));
#14814 = GEOMETRIC_CURVE_SET('',(#14815));
#14815 = TRIMMED_CURVE('',#14816,(#14821,PARAMETER_VALUE(0.)),(#14822,
    PARAMETER_VALUE(6.28318530718)),.T.,.PARAMETER.);
#14816 = CIRCLE('',#14817,1.65);
#14817 = AXIS2_PLACEMENT_3D('',#14818,#14819,#14820);
#14818 = CARTESIAN_POINT('',(36.75,105.,23.5));
#14819 = DIRECTION('',(0.,0.,1.));
#14820 = DIRECTION('',(1.,0.,0.));
#14821 = CARTESIAN_POINT('',(38.4,105.,23.5));
#14822 = CARTESIAN_POINT('',(38.4,105.,23.5));
#14823 = GEOMETRIC_CURVE_SET('',(#14824));
#14824 = TRIMMED_CURVE('',#14825,(#14830,PARAMETER_VALUE(0.)),(#14831,
    PARAMETER_VALUE(6.28318530718)),.T.,.PARAMETER.);
#14825 = CIRCLE('',#14826,1.65);
#14826 = AXIS2_PLACEMENT_3D('',#14827,#14828,#14829);
#14827 = CARTESIAN_POINT('',(43.1,105.,23.5));
#14828 = DIRECTION('',(0.,0.,1.));
#14829 = DIRECTION('',(1.,0.,0.));
#14830 = CARTESIAN_POINT('',(44.75,105.,23.5));
#14831 = CARTESIAN_POINT('',(44.75,105.,23.5));
#14832 = GEOMETRIC_CURVE_SET('',(#14833));
#14833 = TRIMMED_CURVE('',#14834,(#14839,PARAMETER_VALUE(0.)),(#14840,
    PARAMETER_VALUE(6.28318530718)),.T.,.PARAMETER.);
#14834 = CIRCLE('',#14835,1.65);
#14835 = AXIS2_PLACEMENT_3D('',#14836,#14837,#14838);
#14836 = CARTESIAN_POINT('',(49.45,105.,23.5));
#14837 = DIRECTION('',(0.,0.,1.));
#14838 = DIRECTION('',(1.,0.,0.));
#14839 = CARTESIAN_POINT('',(51.1,105.,23.5));
#14840 = CARTESIAN_POINT('',(51.1,105.,23.5));
#14841 = GEOMETRIC_CURVE_SET('',(#14842));
#14842 = TRIMMED_CURVE('',#14843,(#14848,PARAMETER_VALUE(0.)),(#14849,
    PARAMETER_VALUE(6.28318530718)),.T.,.PARAMETER.);
#14843 = CIRCLE('',#14844,1.65);
#14844 = AXIS2_PLACEMENT_3D('',#14845,#14846,#14847);
#14845 = CARTESIAN_POINT('',(55.8,105.,23.5));
#14846 = DIRECTION('',(0.,0.,1.));
#14847 = DIRECTION('',(1.,0.,0.));
#14848 = CARTESIAN_POINT('',(57.45,105.,23.5));
#14849 = CARTESIAN_POINT('',(57.45,105.,23.5));
#14850 = GEOMETRIC_CURVE_SET('',(#14851));
#14851 = TRIMMED_CURVE('',#14852,(#14857,PARAMETER_VALUE(0.)),(#14858,
    PARAMETER_VALUE(6.28318530718)),.T.,.PARAMETER.);
#14852 = CIRCLE('',#14853,1.65);
#14853 = AXIS2_PLACEMENT_3D('',#14854,#14855,#14856);
#14854 = CARTESIAN_POINT('',(62.15,105.,23.5));
#14855 = DIRECTION('',(0.,0.,1.));
#14856 = DIRECTION('',(1.,0.,0.));
#14857 = CARTESIAN_POINT('',(63.8,105.,23.5));
#14858 = CARTESIAN_POINT('',(63.8,105.,23.5));
#14859 = GEOMETRIC_CURVE_SET('',(#14860));
#14860 = TRIMMED_CURVE('',#14861,(#14866,PARAMETER_VALUE(0.)),(#14867,
    PARAMETER_VALUE(6.28318530718)),.T.,.PARAMETER.);
#14861 = CIRCLE('',#14862,1.65);
#14862 = AXIS2_PLACEMENT_3D('',#14863,#14864,#14865);
#14863 = CARTESIAN_POINT('',(68.5,105.,23.5));
#14864 = DIRECTION('',(0.,0.,1.));
#14865 = DIRECTION('',(1.,0.,0.));
#14866 = CARTESIAN_POINT('',(70.15,105.,23.5));
#14867 = CARTESIAN_POINT('',(70.15,105.,23.5));
#14868 = GEOMETRIC_CURVE_SET('',(#14869));
#14869 = TRIMMED_CURVE('',#14870,(#14874,PARAMETER_VALUE(1.)),(#14875,
    PARAMETER_VALUE(3.)),.T.,.PARAMETER.);
#14870 = LINE('',#14871,#14872);
#14871 = CARTESIAN_POINT('',(31.8,115.85,20.5));
#14872 = VECTOR('',#14873,1.);
#14873 = DIRECTION('',(0.,0.,1.));
#14874 = CARTESIAN_POINT('',(31.8,115.85,21.5));
#14875 = CARTESIAN_POINT('',(31.8,115.85,23.5));
#14876 = GEOMETRIC_CURVE_SET('',(#14877));
#14877 = TRIMMED_CURVE('',#14878,(#14882,PARAMETER_VALUE(1.)),(#14883,
    PARAMETER_VALUE(3.)),.T.,.PARAMETER.);
#14878 = LINE('',#14879,#14880);
#14879 = CARTESIAN_POINT('',(31.8,117.5,20.5));
#14880 = VECTOR('',#14881,1.);
#14881 = DIRECTION('',(0.,0.,1.));
#14882 = CARTESIAN_POINT('',(31.8,117.5,21.5));
#14883 = CARTESIAN_POINT('',(31.8,117.5,23.5));
#14884 = GEOMETRIC_CURVE_SET('',(#14885));
#14885 = TRIMMED_CURVE('',#14886,(#14890,PARAMETER_VALUE(11.675)),(
    #14891,PARAMETER_VALUE(13.325)),.T.,.PARAMETER.);
#14886 = LINE('',#14887,#14888);
#14887 = CARTESIAN_POINT('',(31.8,104.175,21.5));
#14888 = VECTOR('',#14889,1.);
#14889 = DIRECTION('',(0.,1.,0.));
#14890 = CARTESIAN_POINT('',(31.8,115.85,21.5));
#14891 = CARTESIAN_POINT('',(31.8,117.5,21.5));
#14892 = GEOMETRIC_CURVE_SET('',(#14893));
#14893 = TRIMMED_CURVE('',#14894,(#14898,PARAMETER_VALUE(1.)),(#14899,
    PARAMETER_VALUE(3.)),.T.,.PARAMETER.);
#14894 = LINE('',#14895,#14896);
#14895 = CARTESIAN_POINT('',(35.2,115.85,20.5));
#14896 = VECTOR('',#14897,1.);
#14897 = DIRECTION('',(0.,0.,1.));
#14898 = CARTESIAN_POINT('',(35.2,115.85,21.5));
#14899 = CARTESIAN_POINT('',(35.2,115.85,23.5));
#14900 = GEOMETRIC_CURVE_SET('',(#14901));
#14901 = TRIMMED_CURVE('',#14902,(#14907,PARAMETER_VALUE(3.14159265359))
  ,(#14908,PARAMETER_VALUE(6.28318530718)),.T.,.PARAMETER.);
#14902 = CIRCLE('',#14903,1.7);
#14903 = AXIS2_PLACEMENT_3D('',#14904,#14905,#14906);
#14904 = CARTESIAN_POINT('',(33.5,115.85,21.5));
#14905 = DIRECTION('',(0.,0.,1.));
#14906 = DIRECTION('',(1.,0.,0.));
#14907 = CARTESIAN_POINT('',(31.8,115.85,21.5));
#14908 = CARTESIAN_POINT('',(35.2,115.85,21.5));
#14909 = GEOMETRIC_CURVE_SET('',(#14910));
#14910 = TRIMMED_CURVE('',#14911,(#14915,PARAMETER_VALUE(1.)),(#14916,
    PARAMETER_VALUE(3.)),.T.,.PARAMETER.);
#14911 = LINE('',#14912,#14913);
#14912 = CARTESIAN_POINT('',(35.2,117.5,20.5));
#14913 = VECTOR('',#14914,1.);
#14914 = DIRECTION('',(0.,0.,1.));
#14915 = CARTESIAN_POINT('',(35.2,117.5,21.5));
#14916 = CARTESIAN_POINT('',(35.2,117.5,23.5));
#14917 = GEOMETRIC_CURVE_SET('',(#14918));
#14918 = TRIMMED_CURVE('',#14919,(#14923,PARAMETER_VALUE(11.675)),(
    #14924,PARAMETER_VALUE(13.325)),.T.,.PARAMETER.);
#14919 = LINE('',#14920,#14921);
#14920 = CARTESIAN_POINT('',(35.2,104.175,21.5));
#14921 = VECTOR('',#14922,1.);
#14922 = DIRECTION('',(0.,1.,0.));
#14923 = CARTESIAN_POINT('',(35.2,115.85,21.5));
#14924 = CARTESIAN_POINT('',(35.2,117.5,21.5));
#14925 = GEOMETRIC_CURVE_SET('',(#14926));
#14926 = TRIMMED_CURVE('',#14927,(#14931,PARAMETER_VALUE(11.2)),(#14932,
    PARAMETER_VALUE(14.15)),.T.,.PARAMETER.);
#14927 = LINE('',#14928,#14929);
#14928 = CARTESIAN_POINT('',(24.,117.5,21.5));
#14929 = VECTOR('',#14930,1.);
#14930 = DIRECTION('',(1.,0.,0.));
#14931 = CARTESIAN_POINT('',(35.2,117.5,21.5));
#14932 = CARTESIAN_POINT('',(38.15,117.5,21.5));
#14933 = GEOMETRIC_CURVE_SET('',(#14934));
#14934 = TRIMMED_CURVE('',#14935,(#14939,PARAMETER_VALUE(1.)),(#14940,
    PARAMETER_VALUE(3.)),.T.,.PARAMETER.);
#14935 = LINE('',#14936,#14937);
#14936 = CARTESIAN_POINT('',(38.15,117.5,20.5));
#14937 = VECTOR('',#14938,1.);
#14938 = DIRECTION('',(0.,0.,1.));
#14939 = CARTESIAN_POINT('',(38.15,117.5,21.5));
#14940 = CARTESIAN_POINT('',(38.15,117.5,23.5));
#14941 = GEOMETRIC_CURVE_SET('',(#14942));
#14942 = TRIMMED_CURVE('',#14943,(#14947,PARAMETER_VALUE(1.)),(#14948,
    PARAMETER_VALUE(3.)),.T.,.PARAMETER.);
#14943 = LINE('',#14944,#14945);
#14944 = CARTESIAN_POINT('',(38.15,115.85,20.5));
#14945 = VECTOR('',#14946,1.);
#14946 = DIRECTION('',(0.,0.,1.));
#14947 = CARTESIAN_POINT('',(38.15,115.85,21.5));
#14948 = CARTESIAN_POINT('',(38.15,115.85,23.5));
#14949 = GEOMETRIC_CURVE_SET('',(#14950));
#14950 = TRIMMED_CURVE('',#14951,(#14955,PARAMETER_VALUE(11.675)),(
    #14956,PARAMETER_VALUE(13.325)),.T.,.PARAMETER.);
#14951 = LINE('',#14952,#14953);
#14952 = CARTESIAN_POINT('',(38.15,104.175,21.5));
#14953 = VECTOR('',#14954,1.);
#14954 = DIRECTION('',(0.,1.,0.));
#14955 = CARTESIAN_POINT('',(38.15,115.85,21.5));
#14956 = CARTESIAN_POINT('',(38.15,117.5,21.5));
#14957 = GEOMETRIC_CURVE_SET('',(#14958));
#14958 = TRIMMED_CURVE('',#14959,(#14963,PARAMETER_VALUE(1.)),(#14964,
    PARAMETER_VALUE(3.)),.T.,.PARAMETER.);
#14959 = LINE('',#14960,#14961);
#14960 = CARTESIAN_POINT('',(41.55,115.85,20.5));
#14961 = VECTOR('',#14962,1.);
#14962 = DIRECTION('',(0.,0.,1.));
#14963 = CARTESIAN_POINT('',(41.55,115.85,21.5));
#14964 = CARTESIAN_POINT('',(41.55,115.85,23.5));
#14965 = GEOMETRIC_CURVE_SET('',(#14966));
#14966 = TRIMMED_CURVE('',#14967,(#14972,PARAMETER_VALUE(3.14159265359))
  ,(#14973,PARAMETER_VALUE(6.28318530718)),.T.,.PARAMETER.);
#14967 = CIRCLE('',#14968,1.7);
#14968 = AXIS2_PLACEMENT_3D('',#14969,#14970,#14971);
#14969 = CARTESIAN_POINT('',(39.85,115.85,21.5));
#14970 = DIRECTION('',(0.,0.,1.));
#14971 = DIRECTION('',(1.,0.,0.));
#14972 = CARTESIAN_POINT('',(38.15,115.85,21.5));
#14973 = CARTESIAN_POINT('',(41.55,115.85,21.5));
#14974 = GEOMETRIC_CURVE_SET('',(#14975));
#14975 = TRIMMED_CURVE('',#14976,(#14980,PARAMETER_VALUE(1.)),(#14981,
    PARAMETER_VALUE(3.)),.T.,.PARAMETER.);
#14976 = LINE('',#14977,#14978);
#14977 = CARTESIAN_POINT('',(41.55,117.5,20.5));
#14978 = VECTOR('',#14979,1.);
#14979 = DIRECTION('',(0.,0.,1.));
#14980 = CARTESIAN_POINT('',(41.55,117.5,21.5));
#14981 = CARTESIAN_POINT('',(41.55,117.5,23.5));
#14982 = GEOMETRIC_CURVE_SET('',(#14983));
#14983 = TRIMMED_CURVE('',#14984,(#14988,PARAMETER_VALUE(11.675)),(
    #14989,PARAMETER_VALUE(13.325)),.T.,.PARAMETER.);
#14984 = LINE('',#14985,#14986);
#14985 = CARTESIAN_POINT('',(41.55,104.175,21.5));
#14986 = VECTOR('',#14987,1.);
#14987 = DIRECTION('',(0.,1.,0.));
#14988 = CARTESIAN_POINT('',(41.55,115.85,21.5));
#14989 = CARTESIAN_POINT('',(41.55,117.5,21.5));
#14990 = GEOMETRIC_CURVE_SET('',(#14991));
#14991 = TRIMMED_CURVE('',#14992,(#14996,PARAMETER_VALUE(17.55)),(#14997
    ,PARAMETER_VALUE(20.5)),.T.,.PARAMETER.);
#14992 = LINE('',#14993,#14994);
#14993 = CARTESIAN_POINT('',(24.,117.5,21.5));
#14994 = VECTOR('',#14995,1.);
#14995 = DIRECTION('',(1.,0.,0.));
#14996 = CARTESIAN_POINT('',(41.55,117.5,21.5));
#14997 = CARTESIAN_POINT('',(44.5,117.5,21.5));
#14998 = GEOMETRIC_CURVE_SET('',(#14999));
#14999 = TRIMMED_CURVE('',#15000,(#15004,PARAMETER_VALUE(1.)),(#15005,
    PARAMETER_VALUE(3.)),.T.,.PARAMETER.);
#15000 = LINE('',#15001,#15002);
#15001 = CARTESIAN_POINT('',(44.5,117.5,20.5));
#15002 = VECTOR('',#15003,1.);
#15003 = DIRECTION('',(0.,0.,1.));
#15004 = CARTESIAN_POINT('',(44.5,117.5,21.5));
#15005 = CARTESIAN_POINT('',(44.5,117.5,23.5));
#15006 = GEOMETRIC_CURVE_SET('',(#15007));
#15007 = TRIMMED_CURVE('',#15008,(#15012,PARAMETER_VALUE(1.)),(#15013,
    PARAMETER_VALUE(3.)),.T.,.PARAMETER.);
#15008 = LINE('',#15009,#15010);
#15009 = CARTESIAN_POINT('',(44.5,115.85,20.5));
#15010 = VECTOR('',#15011,1.);
#15011 = DIRECTION('',(0.,0.,1.));
#15012 = CARTESIAN_POINT('',(44.5,115.85,21.5));
#15013 = CARTESIAN_POINT('',(44.5,115.85,23.5));
#15014 = GEOMETRIC_CURVE_SET('',(#15015));
#15015 = TRIMMED_CURVE('',#15016,(#15020,PARAMETER_VALUE(11.675)),(
    #15021,PARAMETER_VALUE(13.325)),.T.,.PARAMETER.);
#15016 = LINE('',#15017,#15018);
#15017 = CARTESIAN_POINT('',(44.5,104.175,21.5));
#15018 = VECTOR('',#15019,1.);
#15019 = DIRECTION('',(0.,1.,0.));
#15020 = CARTESIAN_POINT('',(44.5,115.85,21.5));
#15021 = CARTESIAN_POINT('',(44.5,117.5,21.5));
#15022 = GEOMETRIC_CURVE_SET('',(#15023));
#15023 = TRIMMED_CURVE('',#15024,(#15028,PARAMETER_VALUE(1.)),(#15029,
    PARAMETER_VALUE(3.)),.T.,.PARAMETER.);
#15024 = LINE('',#15025,#15026);
#15025 = CARTESIAN_POINT('',(47.9,115.85,20.5));
#15026 = VECTOR('',#15027,1.);
#15027 = DIRECTION('',(0.,0.,1.));
#15028 = CARTESIAN_POINT('',(47.9,115.85,21.5));
#15029 = CARTESIAN_POINT('',(47.9,115.85,23.5));
#15030 = GEOMETRIC_CURVE_SET('',(#15031));
#15031 = TRIMMED_CURVE('',#15032,(#15037,PARAMETER_VALUE(3.14159265359))
  ,(#15038,PARAMETER_VALUE(6.28318530718)),.T.,.PARAMETER.);
#15032 = CIRCLE('',#15033,1.7);
#15033 = AXIS2_PLACEMENT_3D('',#15034,#15035,#15036);
#15034 = CARTESIAN_POINT('',(46.2,115.85,21.5));
#15035 = DIRECTION('',(0.,0.,1.));
#15036 = DIRECTION('',(1.,0.,0.));
#15037 = CARTESIAN_POINT('',(44.5,115.85,21.5));
#15038 = CARTESIAN_POINT('',(47.9,115.85,21.5));
#15039 = GEOMETRIC_CURVE_SET('',(#15040));
#15040 = TRIMMED_CURVE('',#15041,(#15045,PARAMETER_VALUE(1.)),(#15046,
    PARAMETER_VALUE(3.)),.T.,.PARAMETER.);
#15041 = LINE('',#15042,#15043);
#15042 = CARTESIAN_POINT('',(47.9,117.5,20.5));
#15043 = VECTOR('',#15044,1.);
#15044 = DIRECTION('',(0.,0.,1.));
#15045 = CARTESIAN_POINT('',(47.9,117.5,21.5));
#15046 = CARTESIAN_POINT('',(47.9,117.5,23.5));
#15047 = GEOMETRIC_CURVE_SET('',(#15048));
#15048 = TRIMMED_CURVE('',#15049,(#15053,PARAMETER_VALUE(11.675)),(
    #15054,PARAMETER_VALUE(13.325)),.T.,.PARAMETER.);
#15049 = LINE('',#15050,#15051);
#15050 = CARTESIAN_POINT('',(47.9,104.175,21.5));
#15051 = VECTOR('',#15052,1.);
#15052 = DIRECTION('',(0.,1.,0.));
#15053 = CARTESIAN_POINT('',(47.9,115.85,21.5));
#15054 = CARTESIAN_POINT('',(47.9,117.5,21.5));
#15055 = GEOMETRIC_CURVE_SET('',(#15056));
#15056 = TRIMMED_CURVE('',#15057,(#15061,PARAMETER_VALUE(23.9)),(#15062,
    PARAMETER_VALUE(26.85)),.T.,.PARAMETER.);
#15057 = LINE('',#15058,#15059);
#15058 = CARTESIAN_POINT('',(24.,117.5,21.5));
#15059 = VECTOR('',#15060,1.);
#15060 = DIRECTION('',(1.,0.,0.));
#15061 = CARTESIAN_POINT('',(47.9,117.5,21.5));
#15062 = CARTESIAN_POINT('',(50.85,117.5,21.5));
#15063 = GEOMETRIC_CURVE_SET('',(#15064));
#15064 = TRIMMED_CURVE('',#15065,(#15069,PARAMETER_VALUE(1.)),(#15070,
    PARAMETER_VALUE(3.)),.T.,.PARAMETER.);
#15065 = LINE('',#15066,#15067);
#15066 = CARTESIAN_POINT('',(50.85,117.5,20.5));
#15067 = VECTOR('',#15068,1.);
#15068 = DIRECTION('',(0.,0.,1.));
#15069 = CARTESIAN_POINT('',(50.85,117.5,21.5));
#15070 = CARTESIAN_POINT('',(50.85,117.5,23.5));
#15071 = GEOMETRIC_CURVE_SET('',(#15072));
#15072 = TRIMMED_CURVE('',#15073,(#15077,PARAMETER_VALUE(1.)),(#15078,
    PARAMETER_VALUE(3.)),.T.,.PARAMETER.);
#15073 = LINE('',#15074,#15075);
#15074 = CARTESIAN_POINT('',(50.85,115.85,20.5));
#15075 = VECTOR('',#15076,1.);
#15076 = DIRECTION('',(0.,0.,1.));
#15077 = CARTESIAN_POINT('',(50.85,115.85,21.5));
#15078 = CARTESIAN_POINT('',(50.85,115.85,23.5));
#15079 = GEOMETRIC_CURVE_SET('',(#15080));
#15080 = TRIMMED_CURVE('',#15081,(#15085,PARAMETER_VALUE(11.675)),(
    #15086,PARAMETER_VALUE(13.325)),.T.,.PARAMETER.);
#15081 = LINE('',#15082,#15083);
#15082 = CARTESIAN_POINT('',(50.85,104.175,21.5));
#15083 = VECTOR('',#15084,1.);
#15084 = DIRECTION('',(0.,1.,0.));
#15085 = CARTESIAN_POINT('',(50.85,115.85,21.5));
#15086 = CARTESIAN_POINT('',(50.85,117.5,21.5));
#15087 = GEOMETRIC_CURVE_SET('',(#15088));
#15088 = TRIMMED_CURVE('',#15089,(#15093,PARAMETER_VALUE(1.)),(#15094,
    PARAMETER_VALUE(3.)),.T.,.PARAMETER.);
#15089 = LINE('',#15090,#15091);
#15090 = CARTESIAN_POINT('',(54.25,115.85,20.5));
#15091 = VECTOR('',#15092,1.);
#15092 = DIRECTION('',(0.,0.,1.));
#15093 = CARTESIAN_POINT('',(54.25,115.85,21.5));
#15094 = CARTESIAN_POINT('',(54.25,115.85,23.5));
#15095 = GEOMETRIC_CURVE_SET('',(#15096));
#15096 = TRIMMED_CURVE('',#15097,(#15102,PARAMETER_VALUE(3.14159265359))
  ,(#15103,PARAMETER_VALUE(6.28318530718)),.T.,.PARAMETER.);
#15097 = CIRCLE('',#15098,1.7);
#15098 = AXIS2_PLACEMENT_3D('',#15099,#15100,#15101);
#15099 = CARTESIAN_POINT('',(52.55,115.85,21.5));
#15100 = DIRECTION('',(0.,0.,1.));
#15101 = DIRECTION('',(1.,0.,0.));
#15102 = CARTESIAN_POINT('',(50.85,115.85,21.5));
#15103 = CARTESIAN_POINT('',(54.25,115.85,21.5));
#15104 = GEOMETRIC_CURVE_SET('',(#15105));
#15105 = TRIMMED_CURVE('',#15106,(#15110,PARAMETER_VALUE(1.)),(#15111,
    PARAMETER_VALUE(3.)),.T.,.PARAMETER.);
#15106 = LINE('',#15107,#15108);
#15107 = CARTESIAN_POINT('',(54.25,117.5,20.5));
#15108 = VECTOR('',#15109,1.);
#15109 = DIRECTION('',(0.,0.,1.));
#15110 = CARTESIAN_POINT('',(54.25,117.5,21.5));
#15111 = CARTESIAN_POINT('',(54.25,117.5,23.5));
#15112 = GEOMETRIC_CURVE_SET('',(#15113));
#15113 = TRIMMED_CURVE('',#15114,(#15118,PARAMETER_VALUE(11.675)),(
    #15119,PARAMETER_VALUE(13.325)),.T.,.PARAMETER.);
#15114 = LINE('',#15115,#15116);
#15115 = CARTESIAN_POINT('',(54.25,104.175,21.5));
#15116 = VECTOR('',#15117,1.);
#15117 = DIRECTION('',(0.,1.,0.));
#15118 = CARTESIAN_POINT('',(54.25,115.85,21.5));
#15119 = CARTESIAN_POINT('',(54.25,117.5,21.5));
#15120 = GEOMETRIC_CURVE_SET('',(#15121));
#15121 = TRIMMED_CURVE('',#15122,(#15126,PARAMETER_VALUE(30.25)),(#15127
    ,PARAMETER_VALUE(33.2)),.T.,.PARAMETER.);
#15122 = LINE('',#15123,#15124);
#15123 = CARTESIAN_POINT('',(24.,117.5,21.5));
#15124 = VECTOR('',#15125,1.);
#15125 = DIRECTION('',(1.,0.,0.));
#15126 = CARTESIAN_POINT('',(54.25,117.5,21.5));
#15127 = CARTESIAN_POINT('',(57.2,117.5,21.5));
#15128 = GEOMETRIC_CURVE_SET('',(#15129));
#15129 = TRIMMED_CURVE('',#15130,(#15134,PARAMETER_VALUE(1.)),(#15135,
    PARAMETER_VALUE(3.)),.T.,.PARAMETER.);
#15130 = LINE('',#15131,#15132);
#15131 = CARTESIAN_POINT('',(57.2,117.5,20.5));
#15132 = VECTOR('',#15133,1.);
#15133 = DIRECTION('',(0.,0.,1.));
#15134 = CARTESIAN_POINT('',(57.2,117.5,21.5));
#15135 = CARTESIAN_POINT('',(57.2,117.5,23.5));
#15136 = GEOMETRIC_CURVE_SET('',(#15137));
#15137 = TRIMMED_CURVE('',#15138,(#15142,PARAMETER_VALUE(1.)),(#15143,
    PARAMETER_VALUE(3.)),.T.,.PARAMETER.);
#15138 = LINE('',#15139,#15140);
#15139 = CARTESIAN_POINT('',(57.2,115.85,20.5));
#15140 = VECTOR('',#15141,1.);
#15141 = DIRECTION('',(0.,0.,1.));
#15142 = CARTESIAN_POINT('',(57.2,115.85,21.5));
#15143 = CARTESIAN_POINT('',(57.2,115.85,23.5));
#15144 = GEOMETRIC_CURVE_SET('',(#15145));
#15145 = TRIMMED_CURVE('',#15146,(#15150,PARAMETER_VALUE(11.675)),(
    #15151,PARAMETER_VALUE(13.325)),.T.,.PARAMETER.);
#15146 = LINE('',#15147,#15148);
#15147 = CARTESIAN_POINT('',(57.2,104.175,21.5));
#15148 = VECTOR('',#15149,1.);
#15149 = DIRECTION('',(0.,1.,0.));
#15150 = CARTESIAN_POINT('',(57.2,115.85,21.5));
#15151 = CARTESIAN_POINT('',(57.2,117.5,21.5));
#15152 = GEOMETRIC_CURVE_SET('',(#15153));
#15153 = TRIMMED_CURVE('',#15154,(#15158,PARAMETER_VALUE(1.)),(#15159,
    PARAMETER_VALUE(3.)),.T.,.PARAMETER.);
#15154 = LINE('',#15155,#15156);
#15155 = CARTESIAN_POINT('',(60.6,115.85,20.5));
#15156 = VECTOR('',#15157,1.);
#15157 = DIRECTION('',(0.,0.,1.));
#15158 = CARTESIAN_POINT('',(60.6,115.85,21.5));
#15159 = CARTESIAN_POINT('',(60.6,115.85,23.5));
#15160 = GEOMETRIC_CURVE_SET('',(#15161));
#15161 = TRIMMED_CURVE('',#15162,(#15167,PARAMETER_VALUE(3.14159265359))
  ,(#15168,PARAMETER_VALUE(6.28318530718)),.T.,.PARAMETER.);
#15162 = CIRCLE('',#15163,1.7);
#15163 = AXIS2_PLACEMENT_3D('',#15164,#15165,#15166);
#15164 = CARTESIAN_POINT('',(58.9,115.85,21.5));
#15165 = DIRECTION('',(0.,0.,1.));
#15166 = DIRECTION('',(1.,0.,0.));
#15167 = CARTESIAN_POINT('',(57.2,115.85,21.5));
#15168 = CARTESIAN_POINT('',(60.6,115.85,21.5));
#15169 = GEOMETRIC_CURVE_SET('',(#15170));
#15170 = TRIMMED_CURVE('',#15171,(#15175,PARAMETER_VALUE(1.)),(#15176,
    PARAMETER_VALUE(3.)),.T.,.PARAMETER.);
#15171 = LINE('',#15172,#15173);
#15172 = CARTESIAN_POINT('',(60.6,117.5,20.5));
#15173 = VECTOR('',#15174,1.);
#15174 = DIRECTION('',(0.,0.,1.));
#15175 = CARTESIAN_POINT('',(60.6,117.5,21.5));
#15176 = CARTESIAN_POINT('',(60.6,117.5,23.5));
#15177 = GEOMETRIC_CURVE_SET('',(#15178));
#15178 = TRIMMED_CURVE('',#15179,(#15183,PARAMETER_VALUE(11.675)),(
    #15184,PARAMETER_VALUE(13.325)),.T.,.PARAMETER.);
#15179 = LINE('',#15180,#15181);
#15180 = CARTESIAN_POINT('',(60.6,104.175,21.5));
#15181 = VECTOR('',#15182,1.);
#15182 = DIRECTION('',(0.,1.,0.));
#15183 = CARTESIAN_POINT('',(60.6,115.85,21.5));
#15184 = CARTESIAN_POINT('',(60.6,117.5,21.5));
#15185 = GEOMETRIC_CURVE_SET('',(#15186));
#15186 = TRIMMED_CURVE('',#15187,(#15191,PARAMETER_VALUE(36.6)),(#15192,
    PARAMETER_VALUE(39.55)),.T.,.PARAMETER.);
#15187 = LINE('',#15188,#15189);
#15188 = CARTESIAN_POINT('',(24.,117.5,21.5));
#15189 = VECTOR('',#15190,1.);
#15190 = DIRECTION('',(1.,0.,0.));
#15191 = CARTESIAN_POINT('',(60.6,117.5,21.5));
#15192 = CARTESIAN_POINT('',(63.55,117.5,21.5));
#15193 = GEOMETRIC_CURVE_SET('',(#15194));
#15194 = TRIMMED_CURVE('',#15195,(#15199,PARAMETER_VALUE(1.)),(#15200,
    PARAMETER_VALUE(3.)),.T.,.PARAMETER.);
#15195 = LINE('',#15196,#15197);
#15196 = CARTESIAN_POINT('',(63.55,117.5,20.5));
#15197 = VECTOR('',#15198,1.);
#15198 = DIRECTION('',(0.,0.,1.));
#15199 = CARTESIAN_POINT('',(63.55,117.5,21.5));
#15200 = CARTESIAN_POINT('',(63.55,117.5,23.5));
#15201 = GEOMETRIC_CURVE_SET('',(#15202));
#15202 = TRIMMED_CURVE('',#15203,(#15207,PARAMETER_VALUE(1.)),(#15208,
    PARAMETER_VALUE(3.)),.T.,.PARAMETER.);
#15203 = LINE('',#15204,#15205);
#15204 = CARTESIAN_POINT('',(63.55,115.85,20.5));
#15205 = VECTOR('',#15206,1.);
#15206 = DIRECTION('',(0.,0.,1.));
#15207 = CARTESIAN_POINT('',(63.55,115.85,21.5));
#15208 = CARTESIAN_POINT('',(63.55,115.85,23.5));
#15209 = GEOMETRIC_CURVE_SET('',(#15210));
#15210 = TRIMMED_CURVE('',#15211,(#15215,PARAMETER_VALUE(11.675)),(
    #15216,PARAMETER_VALUE(13.325)),.T.,.PARAMETER.);
#15211 = LINE('',#15212,#15213);
#15212 = CARTESIAN_POINT('',(63.55,104.175,21.5));
#15213 = VECTOR('',#15214,1.);
#15214 = DIRECTION('',(0.,1.,0.));
#15215 = CARTESIAN_POINT('',(63.55,115.85,21.5));
#15216 = CARTESIAN_POINT('',(63.55,117.5,21.5));
#15217 = GEOMETRIC_CURVE_SET('',(#15218));
#15218 = TRIMMED_CURVE('',#15219,(#15223,PARAMETER_VALUE(1.)),(#15224,
    PARAMETER_VALUE(3.)),.T.,.PARAMETER.);
#15219 = LINE('',#15220,#15221);
#15220 = CARTESIAN_POINT('',(66.95,115.85,20.5));
#15221 = VECTOR('',#15222,1.);
#15222 = DIRECTION('',(0.,0.,1.));
#15223 = CARTESIAN_POINT('',(66.95,115.85,21.5));
#15224 = CARTESIAN_POINT('',(66.95,115.85,23.5));
#15225 = GEOMETRIC_CURVE_SET('',(#15226));
#15226 = TRIMMED_CURVE('',#15227,(#15232,PARAMETER_VALUE(3.14159265359))
  ,(#15233,PARAMETER_VALUE(6.28318530718)),.T.,.PARAMETER.);
#15227 = CIRCLE('',#15228,1.7);
#15228 = AXIS2_PLACEMENT_3D('',#15229,#15230,#15231);
#15229 = CARTESIAN_POINT('',(65.25,115.85,21.5));
#15230 = DIRECTION('',(0.,0.,1.));
#15231 = DIRECTION('',(1.,0.,0.));
#15232 = CARTESIAN_POINT('',(63.55,115.85,21.5));
#15233 = CARTESIAN_POINT('',(66.95,115.85,21.5));
#15234 = GEOMETRIC_CURVE_SET('',(#15235));
#15235 = TRIMMED_CURVE('',#15236,(#15240,PARAMETER_VALUE(1.)),(#15241,
    PARAMETER_VALUE(3.)),.T.,.PARAMETER.);
#15236 = LINE('',#15237,#15238);
#15237 = CARTESIAN_POINT('',(66.95,117.5,20.5));
#15238 = VECTOR('',#15239,1.);
#15239 = DIRECTION('',(0.,0.,1.));
#15240 = CARTESIAN_POINT('',(66.95,117.5,21.5));
#15241 = CARTESIAN_POINT('',(66.95,117.5,23.5));
#15242 = GEOMETRIC_CURVE_SET('',(#15243));
#15243 = TRIMMED_CURVE('',#15244,(#15248,PARAMETER_VALUE(11.675)),(
    #15249,PARAMETER_VALUE(13.325)),.T.,.PARAMETER.);
#15244 = LINE('',#15245,#15246);
#15245 = CARTESIAN_POINT('',(66.95,104.175,21.5));
#15246 = VECTOR('',#15247,1.);
#15247 = DIRECTION('',(0.,1.,0.));
#15248 = CARTESIAN_POINT('',(66.95,115.85,21.5));
#15249 = CARTESIAN_POINT('',(66.95,117.5,21.5));
#15250 = GEOMETRIC_CURVE_SET('',(#15251));
#15251 = TRIMMED_CURVE('',#15252,(#15256,PARAMETER_VALUE(42.95)),(#15257
    ,PARAMETER_VALUE(52.)),.T.,.PARAMETER.);
#15252 = LINE('',#15253,#15254);
#15253 = CARTESIAN_POINT('',(24.,117.5,21.5));
#15254 = VECTOR('',#15255,1.);
#15255 = DIRECTION('',(1.,0.,0.));
#15256 = CARTESIAN_POINT('',(66.95,117.5,21.5));
#15257 = CARTESIAN_POINT('',(76.,117.5,21.5));
#15258 = GEOMETRIC_CURVE_SET('',(#15259));
#15259 = TRIMMED_CURVE('',#15260,(#15264,PARAMETER_VALUE(0.)),(#15265,
    PARAMETER_VALUE(2.)),.T.,.PARAMETER.);
#15260 = LINE('',#15261,#15262);
#15261 = CARTESIAN_POINT('',(76.,117.5,21.5));
#15262 = VECTOR('',#15263,1.);
#15263 = DIRECTION('',(0.,0.,1.));
#15264 = CARTESIAN_POINT('',(76.,117.5,21.5));
#15265 = CARTESIAN_POINT('',(76.,117.5,23.5));
#15266 = GEOMETRIC_CURVE_SET('',(#15267));
#15267 = TRIMMED_CURVE('',#15268,(#15272,PARAMETER_VALUE(0.)),(#15273,
    PARAMETER_VALUE(2.)),.T.,.PARAMETER.);
#15268 = LINE('',#15269,#15270);
#15269 = CARTESIAN_POINT('',(76.,92.5,21.5));
#15270 = VECTOR('',#15271,1.);
#15271 = DIRECTION('',(0.,0.,1.));
#15272 = CARTESIAN_POINT('',(76.,92.5,21.5));
#15273 = CARTESIAN_POINT('',(76.,92.5,23.5));
#15274 = GEOMETRIC_CURVE_SET('',(#15275));
#15275 = TRIMMED_CURVE('',#15276,(#15280,PARAMETER_VALUE(0.)),(#15281,
    PARAMETER_VALUE(25.)),.T.,.PARAMETER.);
#15276 = LINE('',#15277,#15278);
#15277 = CARTESIAN_POINT('',(76.,92.5,21.5));
#15278 = VECTOR('',#15279,1.);
#15279 = DIRECTION('',(0.,1.,0.));
#15280 = CARTESIAN_POINT('',(76.,92.5,21.5));
#15281 = CARTESIAN_POINT('',(76.,117.5,21.5));
#15282 = GEOMETRIC_CURVE_SET('',(#15283));
#15283 = TRIMMED_CURVE('',#15284,(#15288,PARAMETER_VALUE(42.95)),(#15289
    ,PARAMETER_VALUE(52.)),.T.,.PARAMETER.);
#15284 = LINE('',#15285,#15286);
#15285 = CARTESIAN_POINT('',(24.,92.5,21.5));
#15286 = VECTOR('',#15287,1.);
#15287 = DIRECTION('',(1.,0.,0.));
#15288 = CARTESIAN_POINT('',(66.95,92.5,21.5));
#15289 = CARTESIAN_POINT('',(76.,92.5,21.5));
#15290 = GEOMETRIC_CURVE_SET('',(#15291));
#15291 = TRIMMED_CURVE('',#15292,(#15296,PARAMETER_VALUE(1.)),(#15297,
    PARAMETER_VALUE(3.)),.T.,.PARAMETER.);
#15292 = LINE('',#15293,#15294);
#15293 = CARTESIAN_POINT('',(66.95,92.5,20.5));
#15294 = VECTOR('',#15295,1.);
#15295 = DIRECTION('',(0.,0.,1.));
#15296 = CARTESIAN_POINT('',(66.95,92.5,21.5));
#15297 = CARTESIAN_POINT('',(66.95,92.5,23.5));
#15298 = GEOMETRIC_CURVE_SET('',(#15299));
#15299 = TRIMMED_CURVE('',#15300,(#15304,PARAMETER_VALUE(1.)),(#15305,
    PARAMETER_VALUE(3.)),.T.,.PARAMETER.);
#15300 = LINE('',#15301,#15302);
#15301 = CARTESIAN_POINT('',(66.95,94.15,20.5));
#15302 = VECTOR('',#15303,1.);
#15303 = DIRECTION('',(0.,0.,1.));
#15304 = CARTESIAN_POINT('',(66.95,94.15,21.5));
#15305 = CARTESIAN_POINT('',(66.95,94.15,23.5));
#15306 = GEOMETRIC_CURVE_SET('',(#15307));
#15307 = TRIMMED_CURVE('',#15308,(#15312,PARAMETER_VALUE(0.)),(#15313,
    PARAMETER_VALUE(1.65)),.T.,.PARAMETER.);
#15308 = LINE('',#15309,#15310);
#15309 = CARTESIAN_POINT('',(66.95,92.5,21.5));
#15310 = VECTOR('',#15311,1.);
#15311 = DIRECTION('',(0.,1.,0.));
#15312 = CARTESIAN_POINT('',(66.95,92.5,21.5));
#15313 = CARTESIAN_POINT('',(66.95,94.15,21.5));
#15314 = GEOMETRIC_CURVE_SET('',(#15315));
#15315 = TRIMMED_CURVE('',#15316,(#15320,PARAMETER_VALUE(1.)),(#15321,
    PARAMETER_VALUE(3.)),.T.,.PARAMETER.);
#15316 = LINE('',#15317,#15318);
#15317 = CARTESIAN_POINT('',(63.55,94.15,20.5));
#15318 = VECTOR('',#15319,1.);
#15319 = DIRECTION('',(0.,0.,1.));
#15320 = CARTESIAN_POINT('',(63.55,94.15,21.5));
#15321 = CARTESIAN_POINT('',(63.55,94.15,23.5));
#15322 = GEOMETRIC_CURVE_SET('',(#15323));
#15323 = TRIMMED_CURVE('',#15324,(#15329,PARAMETER_VALUE(0.)),(#15330,
    PARAMETER_VALUE(3.14159265359)),.T.,.PARAMETER.);
#15324 = CIRCLE('',#15325,1.7);
#15325 = AXIS2_PLACEMENT_3D('',#15326,#15327,#15328);
#15326 = CARTESIAN_POINT('',(65.25,94.15,21.5));
#15327 = DIRECTION('',(0.,0.,1.));
#15328 = DIRECTION('',(1.,0.,0.));
#15329 = CARTESIAN_POINT('',(66.95,94.15,21.5));
#15330 = CARTESIAN_POINT('',(63.55,94.15,21.5));
#15331 = GEOMETRIC_CURVE_SET('',(#15332));
#15332 = TRIMMED_CURVE('',#15333,(#15337,PARAMETER_VALUE(1.)),(#15338,
    PARAMETER_VALUE(3.)),.T.,.PARAMETER.);
#15333 = LINE('',#15334,#15335);
#15334 = CARTESIAN_POINT('',(63.55,92.5,20.5));
#15335 = VECTOR('',#15336,1.);
#15336 = DIRECTION('',(0.,0.,1.));
#15337 = CARTESIAN_POINT('',(63.55,92.5,21.5));
#15338 = CARTESIAN_POINT('',(63.55,92.5,23.5));
#15339 = GEOMETRIC_CURVE_SET('',(#15340));
#15340 = TRIMMED_CURVE('',#15341,(#15345,PARAMETER_VALUE(0.)),(#15346,
    PARAMETER_VALUE(1.65)),.T.,.PARAMETER.);
#15341 = LINE('',#15342,#15343);
#15342 = CARTESIAN_POINT('',(63.55,92.5,21.5));
#15343 = VECTOR('',#15344,1.);
#15344 = DIRECTION('',(0.,1.,0.));
#15345 = CARTESIAN_POINT('',(63.55,92.5,21.5));
#15346 = CARTESIAN_POINT('',(63.55,94.15,21.5));
#15347 = GEOMETRIC_CURVE_SET('',(#15348));
#15348 = TRIMMED_CURVE('',#15349,(#15353,PARAMETER_VALUE(36.6)),(#15354,
    PARAMETER_VALUE(39.55)),.T.,.PARAMETER.);
#15349 = LINE('',#15350,#15351);
#15350 = CARTESIAN_POINT('',(24.,92.5,21.5));
#15351 = VECTOR('',#15352,1.);
#15352 = DIRECTION('',(1.,0.,0.));
#15353 = CARTESIAN_POINT('',(60.6,92.5,21.5));
#15354 = CARTESIAN_POINT('',(63.55,92.5,21.5));
#15355 = GEOMETRIC_CURVE_SET('',(#15356));
#15356 = TRIMMED_CURVE('',#15357,(#15361,PARAMETER_VALUE(1.)),(#15362,
    PARAMETER_VALUE(3.)),.T.,.PARAMETER.);
#15357 = LINE('',#15358,#15359);
#15358 = CARTESIAN_POINT('',(60.6,92.5,20.5));
#15359 = VECTOR('',#15360,1.);
#15360 = DIRECTION('',(0.,0.,1.));
#15361 = CARTESIAN_POINT('',(60.6,92.5,21.5));
#15362 = CARTESIAN_POINT('',(60.6,92.5,23.5));
#15363 = GEOMETRIC_CURVE_SET('',(#15364));
#15364 = TRIMMED_CURVE('',#15365,(#15369,PARAMETER_VALUE(1.)),(#15370,
    PARAMETER_VALUE(3.)),.T.,.PARAMETER.);
#15365 = LINE('',#15366,#15367);
#15366 = CARTESIAN_POINT('',(60.6,94.15,20.5));
#15367 = VECTOR('',#15368,1.);
#15368 = DIRECTION('',(0.,0.,1.));
#15369 = CARTESIAN_POINT('',(60.6,94.15,21.5));
#15370 = CARTESIAN_POINT('',(60.6,94.15,23.5));
#15371 = GEOMETRIC_CURVE_SET('',(#15372));
#15372 = TRIMMED_CURVE('',#15373,(#15377,PARAMETER_VALUE(0.)),(#15378,
    PARAMETER_VALUE(1.65)),.T.,.PARAMETER.);
#15373 = LINE('',#15374,#15375);
#15374 = CARTESIAN_POINT('',(60.6,92.5,21.5));
#15375 = VECTOR('',#15376,1.);
#15376 = DIRECTION('',(0.,1.,0.));
#15377 = CARTESIAN_POINT('',(60.6,92.5,21.5));
#15378 = CARTESIAN_POINT('',(60.6,94.15,21.5));
#15379 = GEOMETRIC_CURVE_SET('',(#15380));
#15380 = TRIMMED_CURVE('',#15381,(#15385,PARAMETER_VALUE(1.)),(#15386,
    PARAMETER_VALUE(3.)),.T.,.PARAMETER.);
#15381 = LINE('',#15382,#15383);
#15382 = CARTESIAN_POINT('',(57.2,94.15,20.5));
#15383 = VECTOR('',#15384,1.);
#15384 = DIRECTION('',(0.,0.,1.));
#15385 = CARTESIAN_POINT('',(57.2,94.15,21.5));
#15386 = CARTESIAN_POINT('',(57.2,94.15,23.5));
#15387 = GEOMETRIC_CURVE_SET('',(#15388));
#15388 = TRIMMED_CURVE('',#15389,(#15394,PARAMETER_VALUE(0.)),(#15395,
    PARAMETER_VALUE(3.14159265359)),.T.,.PARAMETER.);
#15389 = CIRCLE('',#15390,1.7);
#15390 = AXIS2_PLACEMENT_3D('',#15391,#15392,#15393);
#15391 = CARTESIAN_POINT('',(58.9,94.15,21.5));
#15392 = DIRECTION('',(0.,0.,1.));
#15393 = DIRECTION('',(1.,0.,0.));
#15394 = CARTESIAN_POINT('',(60.6,94.15,21.5));
#15395 = CARTESIAN_POINT('',(57.2,94.15,21.5));
#15396 = GEOMETRIC_CURVE_SET('',(#15397));
#15397 = TRIMMED_CURVE('',#15398,(#15402,PARAMETER_VALUE(1.)),(#15403,
    PARAMETER_VALUE(3.)),.T.,.PARAMETER.);
#15398 = LINE('',#15399,#15400);
#15399 = CARTESIAN_POINT('',(57.2,92.5,20.5));
#15400 = VECTOR('',#15401,1.);
#15401 = DIRECTION('',(0.,0.,1.));
#15402 = CARTESIAN_POINT('',(57.2,92.5,21.5));
#15403 = CARTESIAN_POINT('',(57.2,92.5,23.5));
#15404 = GEOMETRIC_CURVE_SET('',(#15405));
#15405 = TRIMMED_CURVE('',#15406,(#15410,PARAMETER_VALUE(0.)),(#15411,
    PARAMETER_VALUE(1.65)),.T.,.PARAMETER.);
#15406 = LINE('',#15407,#15408);
#15407 = CARTESIAN_POINT('',(57.2,92.5,21.5));
#15408 = VECTOR('',#15409,1.);
#15409 = DIRECTION('',(0.,1.,0.));
#15410 = CARTESIAN_POINT('',(57.2,92.5,21.5));
#15411 = CARTESIAN_POINT('',(57.2,94.15,21.5));
#15412 = GEOMETRIC_CURVE_SET('',(#15413));
#15413 = TRIMMED_CURVE('',#15414,(#15418,PARAMETER_VALUE(30.25)),(#15419
    ,PARAMETER_VALUE(33.2)),.T.,.PARAMETER.);
#15414 = LINE('',#15415,#15416);
#15415 = CARTESIAN_POINT('',(24.,92.5,21.5));
#15416 = VECTOR('',#15417,1.);
#15417 = DIRECTION('',(1.,0.,0.));
#15418 = CARTESIAN_POINT('',(54.25,92.5,21.5));
#15419 = CARTESIAN_POINT('',(57.2,92.5,21.5));
#15420 = GEOMETRIC_CURVE_SET('',(#15421));
#15421 = TRIMMED_CURVE('',#15422,(#15426,PARAMETER_VALUE(1.)),(#15427,
    PARAMETER_VALUE(3.)),.T.,.PARAMETER.);
#15422 = LINE('',#15423,#15424);
#15423 = CARTESIAN_POINT('',(54.25,92.5,20.5));
#15424 = VECTOR('',#15425,1.);
#15425 = DIRECTION('',(0.,0.,1.));
#15426 = CARTESIAN_POINT('',(54.25,92.5,21.5));
#15427 = CARTESIAN_POINT('',(54.25,92.5,23.5));
#15428 = GEOMETRIC_CURVE_SET('',(#15429));
#15429 = TRIMMED_CURVE('',#15430,(#15434,PARAMETER_VALUE(1.)),(#15435,
    PARAMETER_VALUE(3.)),.T.,.PARAMETER.);
#15430 = LINE('',#15431,#15432);
#15431 = CARTESIAN_POINT('',(54.25,94.15,20.5));
#15432 = VECTOR('',#15433,1.);
#15433 = DIRECTION('',(0.,0.,1.));
#15434 = CARTESIAN_POINT('',(54.25,94.15,21.5));
#15435 = CARTESIAN_POINT('',(54.25,94.15,23.5));
#15436 = GEOMETRIC_CURVE_SET('',(#15437));
#15437 = TRIMMED_CURVE('',#15438,(#15442,PARAMETER_VALUE(0.)),(#15443,
    PARAMETER_VALUE(1.65)),.T.,.PARAMETER.);
#15438 = LINE('',#15439,#15440);
#15439 = CARTESIAN_POINT('',(54.25,92.5,21.5));
#15440 = VECTOR('',#15441,1.);
#15441 = DIRECTION('',(0.,1.,0.));
#15442 = CARTESIAN_POINT('',(54.25,92.5,21.5));
#15443 = CARTESIAN_POINT('',(54.25,94.15,21.5));
#15444 = GEOMETRIC_CURVE_SET('',(#15445));
#15445 = TRIMMED_CURVE('',#15446,(#15450,PARAMETER_VALUE(1.)),(#15451,
    PARAMETER_VALUE(3.)),.T.,.PARAMETER.);
#15446 = LINE('',#15447,#15448);
#15447 = CARTESIAN_POINT('',(50.85,94.15,20.5));
#15448 = VECTOR('',#15449,1.);
#15449 = DIRECTION('',(0.,0.,1.));
#15450 = CARTESIAN_POINT('',(50.85,94.15,21.5));
#15451 = CARTESIAN_POINT('',(50.85,94.15,23.5));
#15452 = GEOMETRIC_CURVE_SET('',(#15453));
#15453 = TRIMMED_CURVE('',#15454,(#15459,PARAMETER_VALUE(0.)),(#15460,
    PARAMETER_VALUE(3.14159265359)),.T.,.PARAMETER.);
#15454 = CIRCLE('',#15455,1.7);
#15455 = AXIS2_PLACEMENT_3D('',#15456,#15457,#15458);
#15456 = CARTESIAN_POINT('',(52.55,94.15,21.5));
#15457 = DIRECTION('',(0.,0.,1.));
#15458 = DIRECTION('',(1.,0.,0.));
#15459 = CARTESIAN_POINT('',(54.25,94.15,21.5));
#15460 = CARTESIAN_POINT('',(50.85,94.15,21.5));
#15461 = GEOMETRIC_CURVE_SET('',(#15462));
#15462 = TRIMMED_CURVE('',#15463,(#15467,PARAMETER_VALUE(1.)),(#15468,
    PARAMETER_VALUE(3.)),.T.,.PARAMETER.);
#15463 = LINE('',#15464,#15465);
#15464 = CARTESIAN_POINT('',(50.85,92.5,20.5));
#15465 = VECTOR('',#15466,1.);
#15466 = DIRECTION('',(0.,0.,1.));
#15467 = CARTESIAN_POINT('',(50.85,92.5,21.5));
#15468 = CARTESIAN_POINT('',(50.85,92.5,23.5));
#15469 = GEOMETRIC_CURVE_SET('',(#15470));
#15470 = TRIMMED_CURVE('',#15471,(#15475,PARAMETER_VALUE(0.)),(#15476,
    PARAMETER_VALUE(1.65)),.T.,.PARAMETER.);
#15471 = LINE('',#15472,#15473);
#15472 = CARTESIAN_POINT('',(50.85,92.5,21.5));
#15473 = VECTOR('',#15474,1.);
#15474 = DIRECTION('',(0.,1.,0.));
#15475 = CARTESIAN_POINT('',(50.85,92.5,21.5));
#15476 = CARTESIAN_POINT('',(50.85,94.15,21.5));
#15477 = GEOMETRIC_CURVE_SET('',(#15478));
#15478 = TRIMMED_CURVE('',#15479,(#15483,PARAMETER_VALUE(23.9)),(#15484,
    PARAMETER_VALUE(26.85)),.T.,.PARAMETER.);
#15479 = LINE('',#15480,#15481);
#15480 = CARTESIAN_POINT('',(24.,92.5,21.5));
#15481 = VECTOR('',#15482,1.);
#15482 = DIRECTION('',(1.,0.,0.));
#15483 = CARTESIAN_POINT('',(47.9,92.5,21.5));
#15484 = CARTESIAN_POINT('',(50.85,92.5,21.5));
#15485 = GEOMETRIC_CURVE_SET('',(#15486));
#15486 = TRIMMED_CURVE('',#15487,(#15491,PARAMETER_VALUE(1.)),(#15492,
    PARAMETER_VALUE(3.)),.T.,.PARAMETER.);
#15487 = LINE('',#15488,#15489);
#15488 = CARTESIAN_POINT('',(47.9,92.5,20.5));
#15489 = VECTOR('',#15490,1.);
#15490 = DIRECTION('',(0.,0.,1.));
#15491 = CARTESIAN_POINT('',(47.9,92.5,21.5));
#15492 = CARTESIAN_POINT('',(47.9,92.5,23.5));
#15493 = GEOMETRIC_CURVE_SET('',(#15494));
#15494 = TRIMMED_CURVE('',#15495,(#15499,PARAMETER_VALUE(1.)),(#15500,
    PARAMETER_VALUE(3.)),.T.,.PARAMETER.);
#15495 = LINE('',#15496,#15497);
#15496 = CARTESIAN_POINT('',(47.9,94.15,20.5));
#15497 = VECTOR('',#15498,1.);
#15498 = DIRECTION('',(0.,0.,1.));
#15499 = CARTESIAN_POINT('',(47.9,94.15,21.5));
#15500 = CARTESIAN_POINT('',(47.9,94.15,23.5));
#15501 = GEOMETRIC_CURVE_SET('',(#15502));
#15502 = TRIMMED_CURVE('',#15503,(#15507,PARAMETER_VALUE(0.)),(#15508,
    PARAMETER_VALUE(1.65)),.T.,.PARAMETER.);
#15503 = LINE('',#15504,#15505);
#15504 = CARTESIAN_POINT('',(47.9,92.5,21.5));
#15505 = VECTOR('',#15506,1.);
#15506 = DIRECTION('',(0.,1.,0.));
#15507 = CARTESIAN_POINT('',(47.9,92.5,21.5));
#15508 = CARTESIAN_POINT('',(47.9,94.15,21.5));
#15509 = GEOMETRIC_CURVE_SET('',(#15510));
#15510 = TRIMMED_CURVE('',#15511,(#15515,PARAMETER_VALUE(1.)),(#15516,
    PARAMETER_VALUE(3.)),.T.,.PARAMETER.);
#15511 = LINE('',#15512,#15513);
#15512 = CARTESIAN_POINT('',(44.5,94.15,20.5));
#15513 = VECTOR('',#15514,1.);
#15514 = DIRECTION('',(0.,0.,1.));
#15515 = CARTESIAN_POINT('',(44.5,94.15,21.5));
#15516 = CARTESIAN_POINT('',(44.5,94.15,23.5));
#15517 = GEOMETRIC_CURVE_SET('',(#15518));
#15518 = TRIMMED_CURVE('',#15519,(#15524,PARAMETER_VALUE(0.)),(#15525,
    PARAMETER_VALUE(3.14159265359)),.T.,.PARAMETER.);
#15519 = CIRCLE('',#15520,1.7);
#15520 = AXIS2_PLACEMENT_3D('',#15521,#15522,#15523);
#15521 = CARTESIAN_POINT('',(46.2,94.15,21.5));
#15522 = DIRECTION('',(0.,0.,1.));
#15523 = DIRECTION('',(1.,0.,0.));
#15524 = CARTESIAN_POINT('',(47.9,94.15,21.5));
#15525 = CARTESIAN_POINT('',(44.5,94.15,21.5));
#15526 = GEOMETRIC_CURVE_SET('',(#15527));
#15527 = TRIMMED_CURVE('',#15528,(#15532,PARAMETER_VALUE(1.)),(#15533,
    PARAMETER_VALUE(3.)),.T.,.PARAMETER.);
#15528 = LINE('',#15529,#15530);
#15529 = CARTESIAN_POINT('',(44.5,92.5,20.5));
#15530 = VECTOR('',#15531,1.);
#15531 = DIRECTION('',(0.,0.,1.));
#15532 = CARTESIAN_POINT('',(44.5,92.5,21.5));
#15533 = CARTESIAN_POINT('',(44.5,92.5,23.5));
#15534 = GEOMETRIC_CURVE_SET('',(#15535));
#15535 = TRIMMED_CURVE('',#15536,(#15540,PARAMETER_VALUE(0.)),(#15541,
    PARAMETER_VALUE(1.65)),.T.,.PARAMETER.);
#15536 = LINE('',#15537,#15538);
#15537 = CARTESIAN_POINT('',(44.5,92.5,21.5));
#15538 = VECTOR('',#15539,1.);
#15539 = DIRECTION('',(0.,1.,0.));
#15540 = CARTESIAN_POINT('',(44.5,92.5,21.5));
#15541 = CARTESIAN_POINT('',(44.5,94.15,21.5));
#15542 = GEOMETRIC_CURVE_SET('',(#15543));
#15543 = TRIMMED_CURVE('',#15544,(#15548,PARAMETER_VALUE(17.55)),(#15549
    ,PARAMETER_VALUE(20.5)),.T.,.PARAMETER.);
#15544 = LINE('',#15545,#15546);
#15545 = CARTESIAN_POINT('',(24.,92.5,21.5));
#15546 = VECTOR('',#15547,1.);
#15547 = DIRECTION('',(1.,0.,0.));
#15548 = CARTESIAN_POINT('',(41.55,92.5,21.5));
#15549 = CARTESIAN_POINT('',(44.5,92.5,21.5));
#15550 = GEOMETRIC_CURVE_SET('',(#15551));
#15551 = TRIMMED_CURVE('',#15552,(#15556,PARAMETER_VALUE(1.)),(#15557,
    PARAMETER_VALUE(3.)),.T.,.PARAMETER.);
#15552 = LINE('',#15553,#15554);
#15553 = CARTESIAN_POINT('',(41.55,92.5,20.5));
#15554 = VECTOR('',#15555,1.);
#15555 = DIRECTION('',(0.,0.,1.));
#15556 = CARTESIAN_POINT('',(41.55,92.5,21.5));
#15557 = CARTESIAN_POINT('',(41.55,92.5,23.5));
#15558 = GEOMETRIC_CURVE_SET('',(#15559));
#15559 = TRIMMED_CURVE('',#15560,(#15564,PARAMETER_VALUE(1.)),(#15565,
    PARAMETER_VALUE(3.)),.T.,.PARAMETER.);
#15560 = LINE('',#15561,#15562);
#15561 = CARTESIAN_POINT('',(41.55,94.15,20.5));
#15562 = VECTOR('',#15563,1.);
#15563 = DIRECTION('',(0.,0.,1.));
#15564 = CARTESIAN_POINT('',(41.55,94.15,21.5));
#15565 = CARTESIAN_POINT('',(41.55,94.15,23.5));
#15566 = GEOMETRIC_CURVE_SET('',(#15567));
#15567 = TRIMMED_CURVE('',#15568,(#15572,PARAMETER_VALUE(0.)),(#15573,
    PARAMETER_VALUE(1.65)),.T.,.PARAMETER.);
#15568 = LINE('',#15569,#15570);
#15569 = CARTESIAN_POINT('',(41.55,92.5,21.5));
#15570 = VECTOR('',#15571,1.);
#15571 = DIRECTION('',(0.,1.,0.));
#15572 = CARTESIAN_POINT('',(41.55,92.5,21.5));
#15573 = CARTESIAN_POINT('',(41.55,94.15,21.5));
#15574 = GEOMETRIC_CURVE_SET('',(#15575));
#15575 = TRIMMED_CURVE('',#15576,(#15580,PARAMETER_VALUE(1.)),(#15581,
    PARAMETER_VALUE(3.)),.T.,.PARAMETER.);
#15576 = LINE('',#15577,#15578);
#15577 = CARTESIAN_POINT('',(38.15,94.15,20.5));
#15578 = VECTOR('',#15579,1.);
#15579 = DIRECTION('',(0.,0.,1.));
#15580 = CARTESIAN_POINT('',(38.15,94.15,21.5));
#15581 = CARTESIAN_POINT('',(38.15,94.15,23.5));
#15582 = GEOMETRIC_CURVE_SET('',(#15583));
#15583 = TRIMMED_CURVE('',#15584,(#15589,PARAMETER_VALUE(0.)),(#15590,
    PARAMETER_VALUE(3.14159265359)),.T.,.PARAMETER.);
#15584 = CIRCLE('',#15585,1.7);
#15585 = AXIS2_PLACEMENT_3D('',#15586,#15587,#15588);
#15586 = CARTESIAN_POINT('',(39.85,94.15,21.5));
#15587 = DIRECTION('',(0.,0.,1.));
#15588 = DIRECTION('',(1.,0.,0.));
#15589 = CARTESIAN_POINT('',(41.55,94.15,21.5));
#15590 = CARTESIAN_POINT('',(38.15,94.15,21.5));
#15591 = GEOMETRIC_CURVE_SET('',(#15592));
#15592 = TRIMMED_CURVE('',#15593,(#15597,PARAMETER_VALUE(1.)),(#15598,
    PARAMETER_VALUE(3.)),.T.,.PARAMETER.);
#15593 = LINE('',#15594,#15595);
#15594 = CARTESIAN_POINT('',(38.15,92.5,20.5));
#15595 = VECTOR('',#15596,1.);
#15596 = DIRECTION('',(0.,0.,1.));
#15597 = CARTESIAN_POINT('',(38.15,92.5,21.5));
#15598 = CARTESIAN_POINT('',(38.15,92.5,23.5));
#15599 = GEOMETRIC_CURVE_SET('',(#15600));
#15600 = TRIMMED_CURVE('',#15601,(#15605,PARAMETER_VALUE(0.)),(#15606,
    PARAMETER_VALUE(1.65)),.T.,.PARAMETER.);
#15601 = LINE('',#15602,#15603);
#15602 = CARTESIAN_POINT('',(38.15,92.5,21.5));
#15603 = VECTOR('',#15604,1.);
#15604 = DIRECTION('',(0.,1.,0.));
#15605 = CARTESIAN_POINT('',(38.15,92.5,21.5));
#15606 = CARTESIAN_POINT('',(38.15,94.15,21.5));
#15607 = GEOMETRIC_CURVE_SET('',(#15608));
#15608 = TRIMMED_CURVE('',#15609,(#15613,PARAMETER_VALUE(11.2)),(#15614,
    PARAMETER_VALUE(14.15)),.T.,.PARAMETER.);
#15609 = LINE('',#15610,#15611);
#15610 = CARTESIAN_POINT('',(24.,92.5,21.5));
#15611 = VECTOR('',#15612,1.);
#15612 = DIRECTION('',(1.,0.,0.));
#15613 = CARTESIAN_POINT('',(35.2,92.5,21.5));
#15614 = CARTESIAN_POINT('',(38.15,92.5,21.5));
#15615 = GEOMETRIC_CURVE_SET('',(#15616));
#15616 = TRIMMED_CURVE('',#15617,(#15621,PARAMETER_VALUE(1.)),(#15622,
    PARAMETER_VALUE(3.)),.T.,.PARAMETER.);
#15617 = LINE('',#15618,#15619);
#15618 = CARTESIAN_POINT('',(35.2,92.5,20.5));
#15619 = VECTOR('',#15620,1.);
#15620 = DIRECTION('',(0.,0.,1.));
#15621 = CARTESIAN_POINT('',(35.2,92.5,21.5));
#15622 = CARTESIAN_POINT('',(35.2,92.5,23.5));
#15623 = GEOMETRIC_CURVE_SET('',(#15624));
#15624 = TRIMMED_CURVE('',#15625,(#15629,PARAMETER_VALUE(1.)),(#15630,
    PARAMETER_VALUE(3.)),.T.,.PARAMETER.);
#15625 = LINE('',#15626,#15627);
#15626 = CARTESIAN_POINT('',(35.2,94.15,20.5));
#15627 = VECTOR('',#15628,1.);
#15628 = DIRECTION('',(0.,0.,1.));
#15629 = CARTESIAN_POINT('',(35.2,94.15,21.5));
#15630 = CARTESIAN_POINT('',(35.2,94.15,23.5));
#15631 = GEOMETRIC_CURVE_SET('',(#15632));
#15632 = TRIMMED_CURVE('',#15633,(#15637,PARAMETER_VALUE(0.)),(#15638,
    PARAMETER_VALUE(1.65)),.T.,.PARAMETER.);
#15633 = LINE('',#15634,#15635);
#15634 = CARTESIAN_POINT('',(35.2,92.5,21.5));
#15635 = VECTOR('',#15636,1.);
#15636 = DIRECTION('',(0.,1.,0.));
#15637 = CARTESIAN_POINT('',(35.2,92.5,21.5));
#15638 = CARTESIAN_POINT('',(35.2,94.15,21.5));
#15639 = GEOMETRIC_CURVE_SET('',(#15640));
#15640 = TRIMMED_CURVE('',#15641,(#15646,PARAMETER_VALUE(0.)),(#15647,
    PARAMETER_VALUE(3.14159265359)),.T.,.PARAMETER.);
#15641 = CIRCLE('',#15642,1.7);
#15642 = AXIS2_PLACEMENT_3D('',#15643,#15644,#15645);
#15643 = CARTESIAN_POINT('',(33.5,94.15,21.5));
#15644 = DIRECTION('',(0.,0.,1.));
#15645 = DIRECTION('',(1.,0.,0.));
#15646 = CARTESIAN_POINT('',(35.2,94.15,21.5));
#15647 = CARTESIAN_POINT('',(31.8,94.15,21.5));
#15648 = GEOMETRIC_CURVE_SET('',(#15649));
#15649 = TRIMMED_CURVE('',#15650,(#15654,PARAMETER_VALUE(1.)),(#15655,
    PARAMETER_VALUE(3.)),.T.,.PARAMETER.);
#15650 = LINE('',#15651,#15652);
#15651 = CARTESIAN_POINT('',(32.05,105.,20.5));
#15652 = VECTOR('',#15653,1.);
#15653 = DIRECTION('',(0.,0.,1.));
#15654 = CARTESIAN_POINT('',(32.05,105.,21.5));
#15655 = CARTESIAN_POINT('',(32.05,105.,23.5));
#15656 = GEOMETRIC_CURVE_SET('',(#15657));
#15657 = TRIMMED_CURVE('',#15658,(#15663,PARAMETER_VALUE(0.)),(#15664,
    PARAMETER_VALUE(6.28318530718)),.T.,.PARAMETER.);
#15658 = CIRCLE('',#15659,1.65);
#15659 = AXIS2_PLACEMENT_3D('',#15660,#15661,#15662);
#15660 = CARTESIAN_POINT('',(30.4,105.,21.5));
#15661 = DIRECTION('',(0.,0.,1.));
#15662 = DIRECTION('',(1.,0.,0.));
#15663 = CARTESIAN_POINT('',(32.05,105.,21.5));
#15664 = CARTESIAN_POINT('',(32.05,105.,21.5));
#15665 = GEOMETRIC_CURVE_SET('',(#15666));
#15666 = TRIMMED_CURVE('',#15667,(#15671,PARAMETER_VALUE(1.)),(#15672,
    PARAMETER_VALUE(3.)),.T.,.PARAMETER.);
#15667 = LINE('',#15668,#15669);
#15668 = CARTESIAN_POINT('',(38.4,105.,20.5));
#15669 = VECTOR('',#15670,1.);
#15670 = DIRECTION('',(0.,0.,1.));
#15671 = CARTESIAN_POINT('',(38.4,105.,21.5));
#15672 = CARTESIAN_POINT('',(38.4,105.,23.5));
#15673 = GEOMETRIC_CURVE_SET('',(#15674));
#15674 = TRIMMED_CURVE('',#15675,(#15680,PARAMETER_VALUE(0.)),(#15681,
    PARAMETER_VALUE(6.28318530718)),.T.,.PARAMETER.);
#15675 = CIRCLE('',#15676,1.65);
#15676 = AXIS2_PLACEMENT_3D('',#15677,#15678,#15679);
#15677 = CARTESIAN_POINT('',(36.75,105.,21.5));
#15678 = DIRECTION('',(0.,0.,1.));
#15679 = DIRECTION('',(1.,0.,0.));
#15680 = CARTESIAN_POINT('',(38.4,105.,21.5));
#15681 = CARTESIAN_POINT('',(38.4,105.,21.5));
#15682 = GEOMETRIC_CURVE_SET('',(#15683));
#15683 = TRIMMED_CURVE('',#15684,(#15688,PARAMETER_VALUE(1.)),(#15689,
    PARAMETER_VALUE(3.)),.T.,.PARAMETER.);
#15684 = LINE('',#15685,#15686);
#15685 = CARTESIAN_POINT('',(44.75,105.,20.5));
#15686 = VECTOR('',#15687,1.);
#15687 = DIRECTION('',(0.,0.,1.));
#15688 = CARTESIAN_POINT('',(44.75,105.,21.5));
#15689 = CARTESIAN_POINT('',(44.75,105.,23.5));
#15690 = GEOMETRIC_CURVE_SET('',(#15691));
#15691 = TRIMMED_CURVE('',#15692,(#15697,PARAMETER_VALUE(0.)),(#15698,
    PARAMETER_VALUE(6.28318530718)),.T.,.PARAMETER.);
#15692 = CIRCLE('',#15693,1.65);
#15693 = AXIS2_PLACEMENT_3D('',#15694,#15695,#15696);
#15694 = CARTESIAN_POINT('',(43.1,105.,21.5));
#15695 = DIRECTION('',(0.,0.,1.));
#15696 = DIRECTION('',(1.,0.,0.));
#15697 = CARTESIAN_POINT('',(44.75,105.,21.5));
#15698 = CARTESIAN_POINT('',(44.75,105.,21.5));
#15699 = GEOMETRIC_CURVE_SET('',(#15700));
#15700 = TRIMMED_CURVE('',#15701,(#15705,PARAMETER_VALUE(1.)),(#15706,
    PARAMETER_VALUE(3.)),.T.,.PARAMETER.);
#15701 = LINE('',#15702,#15703);
#15702 = CARTESIAN_POINT('',(51.1,105.,20.5));
#15703 = VECTOR('',#15704,1.);
#15704 = DIRECTION('',(0.,0.,1.));
#15705 = CARTESIAN_POINT('',(51.1,105.,21.5));
#15706 = CARTESIAN_POINT('',(51.1,105.,23.5));
#15707 = GEOMETRIC_CURVE_SET('',(#15708));
#15708 = TRIMMED_CURVE('',#15709,(#15714,PARAMETER_VALUE(0.)),(#15715,
    PARAMETER_VALUE(6.28318530718)),.T.,.PARAMETER.);
#15709 = CIRCLE('',#15710,1.65);
#15710 = AXIS2_PLACEMENT_3D('',#15711,#15712,#15713);
#15711 = CARTESIAN_POINT('',(49.45,105.,21.5));
#15712 = DIRECTION('',(0.,0.,1.));
#15713 = DIRECTION('',(1.,0.,0.));
#15714 = CARTESIAN_POINT('',(51.1,105.,21.5));
#15715 = CARTESIAN_POINT('',(51.1,105.,21.5));
#15716 = GEOMETRIC_CURVE_SET('',(#15717));
#15717 = TRIMMED_CURVE('',#15718,(#15722,PARAMETER_VALUE(1.)),(#15723,
    PARAMETER_VALUE(3.)),.T.,.PARAMETER.);
#15718 = LINE('',#15719,#15720);
#15719 = CARTESIAN_POINT('',(57.45,105.,20.5));
#15720 = VECTOR('',#15721,1.);
#15721 = DIRECTION('',(0.,0.,1.));
#15722 = CARTESIAN_POINT('',(57.45,105.,21.5));
#15723 = CARTESIAN_POINT('',(57.45,105.,23.5));
#15724 = GEOMETRIC_CURVE_SET('',(#15725));
#15725 = TRIMMED_CURVE('',#15726,(#15731,PARAMETER_VALUE(0.)),(#15732,
    PARAMETER_VALUE(6.28318530718)),.T.,.PARAMETER.);
#15726 = CIRCLE('',#15727,1.65);
#15727 = AXIS2_PLACEMENT_3D('',#15728,#15729,#15730);
#15728 = CARTESIAN_POINT('',(55.8,105.,21.5));
#15729 = DIRECTION('',(0.,0.,1.));
#15730 = DIRECTION('',(1.,0.,0.));
#15731 = CARTESIAN_POINT('',(57.45,105.,21.5));
#15732 = CARTESIAN_POINT('',(57.45,105.,21.5));
#15733 = GEOMETRIC_CURVE_SET('',(#15734));
#15734 = TRIMMED_CURVE('',#15735,(#15739,PARAMETER_VALUE(1.)),(#15740,
    PARAMETER_VALUE(3.)),.T.,.PARAMETER.);
#15735 = LINE('',#15736,#15737);
#15736 = CARTESIAN_POINT('',(63.8,105.,20.5));
#15737 = VECTOR('',#15738,1.);
#15738 = DIRECTION('',(0.,0.,1.));
#15739 = CARTESIAN_POINT('',(63.8,105.,21.5));
#15740 = CARTESIAN_POINT('',(63.8,105.,23.5));
#15741 = GEOMETRIC_CURVE_SET('',(#15742));
#15742 = TRIMMED_CURVE('',#15743,(#15748,PARAMETER_VALUE(0.)),(#15749,
    PARAMETER_VALUE(6.28318530718)),.T.,.PARAMETER.);
#15743 = CIRCLE('',#15744,1.65);
#15744 = AXIS2_PLACEMENT_3D('',#15745,#15746,#15747);
#15745 = CARTESIAN_POINT('',(62.15,105.,21.5));
#15746 = DIRECTION('',(0.,0.,1.));
#15747 = DIRECTION('',(1.,0.,0.));
#15748 = CARTESIAN_POINT('',(63.8,105.,21.5));
#15749 = CARTESIAN_POINT('',(63.8,105.,21.5));
#15750 = GEOMETRIC_CURVE_SET('',(#15751));
#15751 = TRIMMED_CURVE('',#15752,(#15756,PARAMETER_VALUE(1.)),(#15757,
    PARAMETER_VALUE(3.)),.T.,.PARAMETER.);
#15752 = LINE('',#15753,#15754);
#15753 = CARTESIAN_POINT('',(70.15,105.,20.5));
#15754 = VECTOR('',#15755,1.);
#15755 = DIRECTION('',(0.,0.,1.));
#15756 = CARTESIAN_POINT('',(70.15,105.,21.5));
#15757 = CARTESIAN_POINT('',(70.15,105.,23.5));
#15758 = GEOMETRIC_CURVE_SET('',(#15759));
#15759 = TRIMMED_CURVE('',#15760,(#15765,PARAMETER_VALUE(0.)),(#15766,
    PARAMETER_VALUE(6.28318530718)),.T.,.PARAMETER.);
#15760 = CIRCLE('',#15761,1.65);
#15761 = AXIS2_PLACEMENT_3D('',#15762,#15763,#15764);
#15762 = CARTESIAN_POINT('',(68.5,105.,21.5));
#15763 = DIRECTION('',(0.,0.,1.));
#15764 = DIRECTION('',(1.,0.,0.));
#15765 = CARTESIAN_POINT('',(70.15,105.,21.5));
#15766 = CARTESIAN_POINT('',(70.15,105.,21.5));
#15767 = GEOMETRIC_CURVE_SET('',(#15768));
#15768 = TRIMMED_CURVE('',#15769,(#15773,PARAMETER_VALUE(0.)),(#15774,
    PARAMETER_VALUE(7.8)),.T.,.PARAMETER.);
#15769 = LINE('',#15770,#15771);
#15770 = CARTESIAN_POINT('',(24.,92.5,21.5));
#15771 = VECTOR('',#15772,1.);
#15772 = DIRECTION('',(1.,0.,0.));
#15773 = CARTESIAN_POINT('',(24.,92.5,21.5));
#15774 = CARTESIAN_POINT('',(31.8,92.5,21.5));
#15775 = GEOMETRIC_CURVE_SET('',(#15776));
#15776 = TRIMMED_CURVE('',#15777,(#15781,PARAMETER_VALUE(2.)),(#15782,
    PARAMETER_VALUE(14.5)),.T.,.PARAMETER.);
#15777 = LINE('',#15778,#15779);
#15778 = CARTESIAN_POINT('',(26.,92.5,21.5));
#15779 = VECTOR('',#15780,1.);
#15780 = DIRECTION('',(0.,0.,1.));
#15781 = CARTESIAN_POINT('',(26.,92.5,23.5));
#15782 = CARTESIAN_POINT('',(26.,92.5,36.));
#15783 = GEOMETRIC_CURVE_SET('',(#15784));
#15784 = TRIMMED_CURVE('',#15785,(#15789,PARAMETER_VALUE(0.)),(#15790,
    PARAMETER_VALUE(2.)),.T.,.PARAMETER.);
#15785 = LINE('',#15786,#15787);
#15786 = CARTESIAN_POINT('',(24.,92.5,36.));
#15787 = VECTOR('',#15788,1.);
#15788 = DIRECTION('',(1.,0.,0.));
#15789 = CARTESIAN_POINT('',(24.,92.5,36.));
#15790 = CARTESIAN_POINT('',(26.,92.5,36.));
#15791 = GEOMETRIC_CURVE_SET('',(#15792));
#15792 = TRIMMED_CURVE('',#15793,(#15797,PARAMETER_VALUE(0.)),(#15798,
    PARAMETER_VALUE(14.5)),.T.,.PARAMETER.);
#15793 = LINE('',#15794,#15795);
#15794 = CARTESIAN_POINT('',(24.,92.5,21.5));
#15795 = VECTOR('',#15796,1.);
#15796 = DIRECTION('',(0.,0.,1.));
#15797 = CARTESIAN_POINT('',(24.,92.5,21.5));
#15798 = CARTESIAN_POINT('',(24.,92.5,36.));
#15799 = GEOMETRIC_CURVE_SET('',(#15800));
#15800 = TRIMMED_CURVE('',#15801,(#15806,PARAMETER_VALUE(0.)),(#15807,
    PARAMETER_VALUE(1.570796326795)),.T.,.PARAMETER.);
#15801 = CIRCLE('',#15802,3.75);
#15802 = AXIS2_PLACEMENT_3D('',#15803,#15804,#15805);
#15803 = CARTESIAN_POINT('',(26.,105.,36.));
#15804 = DIRECTION('',(1.,0.,-0.));
#15805 = DIRECTION('',(0.,0.,1.));
#15806 = CARTESIAN_POINT('',(26.,105.,39.75));
#15807 = CARTESIAN_POINT('',(26.,101.25,36.));
#15808 = GEOMETRIC_CURVE_SET('',(#15809));
#15809 = TRIMMED_CURVE('',#15810,(#15815,PARAMETER_VALUE(1.570796326795)
    ),(#15816,PARAMETER_VALUE(4.712388980385)),.T.,.PARAMETER.);
#15810 = CIRCLE('',#15811,3.75);
#15811 = AXIS2_PLACEMENT_3D('',#15812,#15813,#15814);
#15812 = CARTESIAN_POINT('',(26.,105.,36.));
#15813 = DIRECTION('',(1.,0.,-0.));
#15814 = DIRECTION('',(0.,0.,1.));
#15815 = CARTESIAN_POINT('',(26.,101.25,36.));
#15816 = CARTESIAN_POINT('',(26.,108.75,36.));
#15817 = GEOMETRIC_CURVE_SET('',(#15818));
#15818 = TRIMMED_CURVE('',#15819,(#15824,PARAMETER_VALUE(4.712388980385)
    ),(#15825,PARAMETER_VALUE(6.28318530718)),.T.,.PARAMETER.);
#15819 = CIRCLE('',#15820,3.75);
#15820 = AXIS2_PLACEMENT_3D('',#15821,#15822,#15823);
#15821 = CARTESIAN_POINT('',(26.,105.,36.));
#15822 = DIRECTION('',(1.,0.,-0.));
#15823 = DIRECTION('',(0.,0.,1.));
#15824 = CARTESIAN_POINT('',(26.,108.75,36.));
#15825 = CARTESIAN_POINT('',(26.,105.,39.75));
#15826 = GEOMETRIC_CURVE_SET('',(#15827));
#15827 = TRIMMED_CURVE('',#15828,(#15832,PARAMETER_VALUE(1.)),(#15833,
    PARAMETER_VALUE(3.)),.T.,.PARAMETER.);
#15828 = LINE('',#15829,#15830);
#15829 = CARTESIAN_POINT('',(23.,105.,39.75));
#15830 = VECTOR('',#15831,1.);
#15831 = DIRECTION('',(1.,0.,0.));
#15832 = CARTESIAN_POINT('',(24.,105.,39.75));
#15833 = CARTESIAN_POINT('',(26.,105.,39.75));
#15834 = GEOMETRIC_CURVE_SET('',(#15835));
#15835 = TRIMMED_CURVE('',#15836,(#15841,PARAMETER_VALUE(4.712388980385)
    ),(#15842,PARAMETER_VALUE(6.28318530718)),.T.,.PARAMETER.);
#15836 = CIRCLE('',#15837,3.75);
#15837 = AXIS2_PLACEMENT_3D('',#15838,#15839,#15840);
#15838 = CARTESIAN_POINT('',(24.,105.,36.));
#15839 = DIRECTION('',(1.,0.,-0.));
#15840 = DIRECTION('',(0.,0.,1.));
#15841 = CARTESIAN_POINT('',(24.,108.75,36.));
#15842 = CARTESIAN_POINT('',(24.,105.,39.75));
#15843 = GEOMETRIC_CURVE_SET('',(#15844));
#15844 = TRIMMED_CURVE('',#15845,(#15850,PARAMETER_VALUE(1.570796326795)
    ),(#15851,PARAMETER_VALUE(4.712388980385)),.T.,.PARAMETER.);
#15845 = CIRCLE('',#15846,3.75);
#15846 = AXIS2_PLACEMENT_3D('',#15847,#15848,#15849);
#15847 = CARTESIAN_POINT('',(24.,105.,36.));
#15848 = DIRECTION('',(1.,0.,-0.));
#15849 = DIRECTION('',(0.,0.,1.));
#15850 = CARTESIAN_POINT('',(24.,101.25,36.));
#15851 = CARTESIAN_POINT('',(24.,108.75,36.));
#15852 = GEOMETRIC_CURVE_SET('',(#15853));
#15853 = TRIMMED_CURVE('',#15854,(#15859,PARAMETER_VALUE(0.)),(#15860,
    PARAMETER_VALUE(1.570796326795)),.T.,.PARAMETER.);
#15854 = CIRCLE('',#15855,3.75);
#15855 = AXIS2_PLACEMENT_3D('',#15856,#15857,#15858);
#15856 = CARTESIAN_POINT('',(24.,105.,36.));
#15857 = DIRECTION('',(1.,0.,-0.));
#15858 = DIRECTION('',(0.,0.,1.));
#15859 = CARTESIAN_POINT('',(24.,105.,39.75));
#15860 = CARTESIAN_POINT('',(24.,101.25,36.));
#15861 = GEOMETRIC_CURVE_SET('',(#15862));
#15862 = TRIMMED_CURVE('',#15863,(#15868,PARAMETER_VALUE(0.)),(#15869,
    PARAMETER_VALUE(1.570796326795)),.T.,.PARAMETER.);
#15863 = CIRCLE('',#15864,12.5);
#15864 = AXIS2_PLACEMENT_3D('',#15865,#15866,#15867);
#15865 = CARTESIAN_POINT('',(24.,105.,36.));
#15866 = DIRECTION('',(1.,0.,-0.));
#15867 = DIRECTION('',(0.,0.,1.));
#15868 = CARTESIAN_POINT('',(24.,105.,48.5));
#15869 = CARTESIAN_POINT('',(24.,92.5,36.));
#15870 = GEOMETRIC_CURVE_SET('',(#15871));
#15871 = TRIMMED_CURVE('',#15872,(#15877,PARAMETER_VALUE(4.712388980385)
    ),(#15878,PARAMETER_VALUE(6.28318530718)),.T.,.PARAMETER.);
#15872 = CIRCLE('',#15873,12.5);
#15873 = AXIS2_PLACEMENT_3D('',#15874,#15875,#15876);
#15874 = CARTESIAN_POINT('',(24.,105.,36.));
#15875 = DIRECTION('',(1.,0.,-0.));
#15876 = DIRECTION('',(0.,0.,1.));
#15877 = CARTESIAN_POINT('',(24.,117.5,36.));
#15878 = CARTESIAN_POINT('',(24.,105.,48.5));
#15879 = GEOMETRIC_CURVE_SET('',(#15880));
#15880 = TRIMMED_CURVE('',#15881,(#15885,PARAMETER_VALUE(0.)),(#15886,
    PARAMETER_VALUE(14.5)),.T.,.PARAMETER.);
#15881 = LINE('',#15882,#15883);
#15882 = CARTESIAN_POINT('',(24.,117.5,21.5));
#15883 = VECTOR('',#15884,1.);
#15884 = DIRECTION('',(0.,0.,1.));
#15885 = CARTESIAN_POINT('',(24.,117.5,21.5));
#15886 = CARTESIAN_POINT('',(24.,117.5,36.));
#15887 = GEOMETRIC_CURVE_SET('',(#15888));
#15888 = TRIMMED_CURVE('',#15889,(#15893,PARAMETER_VALUE(0.)),(#15894,
    PARAMETER_VALUE(25.)),.T.,.PARAMETER.);
#15889 = LINE('',#15890,#15891);
#15890 = CARTESIAN_POINT('',(24.,92.5,21.5));
#15891 = VECTOR('',#15892,1.);
#15892 = DIRECTION('',(0.,1.,0.));
#15893 = CARTESIAN_POINT('',(24.,92.5,21.5));
#15894 = CARTESIAN_POINT('',(24.,117.5,21.5));
#15895 = GEOMETRIC_CURVE_SET('',(#15896));
#15896 = TRIMMED_CURVE('',#15897,(#15902,PARAMETER_VALUE(1.570796326795)
    ),(#15903,PARAMETER_VALUE(4.712388980385)),.T.,.PARAMETER.);
#15897 = CIRCLE('',#15898,3.15);
#15898 = AXIS2_PLACEMENT_3D('',#15899,#15900,#15901);
#15899 = CARTESIAN_POINT('',(24.,96.5,36.));
#15900 = DIRECTION('',(1.,0.,-0.));
#15901 = DIRECTION('',(0.,0.,1.));
#15902 = CARTESIAN_POINT('',(24.,93.35,36.));
#15903 = CARTESIAN_POINT('',(24.,99.65,36.));
#15904 = GEOMETRIC_CURVE_SET('',(#15905));
#15905 = TRIMMED_CURVE('',#15906,(#15911,PARAMETER_VALUE(4.712388980385)
    ),(#15912,PARAMETER_VALUE(6.28318530718)),.T.,.PARAMETER.);
#15906 = CIRCLE('',#15907,3.15);
#15907 = AXIS2_PLACEMENT_3D('',#15908,#15909,#15910);
#15908 = CARTESIAN_POINT('',(24.,96.5,36.));
#15909 = DIRECTION('',(1.,0.,-0.));
#15910 = DIRECTION('',(0.,0.,1.));
#15911 = CARTESIAN_POINT('',(24.,99.65,36.));
#15912 = CARTESIAN_POINT('',(24.,96.5,39.15));
#15913 = GEOMETRIC_CURVE_SET('',(#15914));
#15914 = TRIMMED_CURVE('',#15915,(#15920,PARAMETER_VALUE(0.)),(#15921,
    PARAMETER_VALUE(1.570796326795)),.T.,.PARAMETER.);
#15915 = CIRCLE('',#15916,3.15);
#15916 = AXIS2_PLACEMENT_3D('',#15917,#15918,#15919);
#15917 = CARTESIAN_POINT('',(24.,96.5,36.));
#15918 = DIRECTION('',(1.,0.,-0.));
#15919 = DIRECTION('',(0.,0.,1.));
#15920 = CARTESIAN_POINT('',(24.,96.5,39.15));
#15921 = CARTESIAN_POINT('',(24.,93.35,36.));
#15922 = GEOMETRIC_CURVE_SET('',(#15923));
#15923 = TRIMMED_CURVE('',#15924,(#15929,PARAMETER_VALUE(1.570796326795)
    ),(#15930,PARAMETER_VALUE(4.712388980385)),.T.,.PARAMETER.);
#15924 = CIRCLE('',#15925,3.15);
#15925 = AXIS2_PLACEMENT_3D('',#15926,#15927,#15928);
#15926 = CARTESIAN_POINT('',(24.,113.5,36.));
#15927 = DIRECTION('',(1.,0.,-0.));
#15928 = DIRECTION('',(0.,0.,1.));
#15929 = CARTESIAN_POINT('',(24.,110.35,36.));
#15930 = CARTESIAN_POINT('',(24.,116.65,36.));
#15931 = GEOMETRIC_CURVE_SET('',(#15932));
#15932 = TRIMMED_CURVE('',#15933,(#15938,PARAMETER_VALUE(4.712388980385)
    ),(#15939,PARAMETER_VALUE(6.28318530718)),.T.,.PARAMETER.);
#15933 = CIRCLE('',#15934,3.15);
#15934 = AXIS2_PLACEMENT_3D('',#15935,#15936,#15937);
#15935 = CARTESIAN_POINT('',(24.,113.5,36.));
#15936 = DIRECTION('',(1.,0.,-0.));
#15937 = DIRECTION('',(0.,0.,1.));
#15938 = CARTESIAN_POINT('',(24.,116.65,36.));
#15939 = CARTESIAN_POINT('',(24.,113.5,39.15));
#15940 = GEOMETRIC_CURVE_SET('',(#15941));
#15941 = TRIMMED_CURVE('',#15942,(#15947,PARAMETER_VALUE(0.)),(#15948,
    PARAMETER_VALUE(1.570796326795)),.T.,.PARAMETER.);
#15942 = CIRCLE('',#15943,3.15);
#15943 = AXIS2_PLACEMENT_3D('',#15944,#15945,#15946);
#15944 = CARTESIAN_POINT('',(24.,113.5,36.));
#15945 = DIRECTION('',(1.,0.,-0.));
#15946 = DIRECTION('',(0.,0.,1.));
#15947 = CARTESIAN_POINT('',(24.,113.5,39.15));
#15948 = CARTESIAN_POINT('',(24.,110.35,36.));
#15949 = GEOMETRIC_CURVE_SET('',(#15950));
#15950 = TRIMMED_CURVE('',#15951,(#15956,PARAMETER_VALUE(0.)),(#15957,
    PARAMETER_VALUE(6.28318530718)),.T.,.PARAMETER.);
#15951 = CIRCLE('',#15952,1.65);
#15952 = AXIS2_PLACEMENT_3D('',#15953,#15954,#15955);
#15953 = CARTESIAN_POINT('',(24.,105.,27.5));
#15954 = DIRECTION('',(1.,0.,-0.));
#15955 = DIRECTION('',(0.,0.,1.));
#15956 = CARTESIAN_POINT('',(24.,105.,29.15));
#15957 = CARTESIAN_POINT('',(24.,105.,29.15));
#15958 = GEOMETRIC_CURVE_SET('',(#15959));
#15959 = TRIMMED_CURVE('',#15960,(#15965,PARAMETER_VALUE(0.)),(#15966,
    PARAMETER_VALUE(6.28318530718)),.T.,.PARAMETER.);
#15960 = CIRCLE('',#15961,1.65);
#15961 = AXIS2_PLACEMENT_3D('',#15962,#15963,#15964);
#15962 = CARTESIAN_POINT('',(24.,105.,44.5));
#15963 = DIRECTION('',(1.,0.,-0.));
#15964 = DIRECTION('',(0.,0.,1.));
#15965 = CARTESIAN_POINT('',(24.,105.,46.15));
#15966 = CARTESIAN_POINT('',(24.,105.,46.15));
#15967 = GEOMETRIC_CURVE_SET('',(#15968));
#15968 = TRIMMED_CURVE('',#15969,(#15973,PARAMETER_VALUE(0.)),(#15974,
    PARAMETER_VALUE(2.12132034356)),.T.,.PARAMETER.);
#15969 = LINE('',#15970,#15971);
#15970 = CARTESIAN_POINT('',(24.,96.5,39.15));
#15971 = VECTOR('',#15972,1.);
#15972 = DIRECTION('',(0.707106781187,-1.731912112471E-16,
    -0.707106781187));
#15973 = CARTESIAN_POINT('',(24.,96.5,39.15));
#15974 = CARTESIAN_POINT('',(25.5,96.5,37.65));
#15975 = GEOMETRIC_CURVE_SET('',(#15976));
#15976 = TRIMMED_CURVE('',#15977,(#15982,PARAMETER_VALUE(0.)),(#15983,
    PARAMETER_VALUE(6.28318530718)),.T.,.PARAMETER.);
#15977 = CIRCLE('',#15978,1.65);
#15978 = AXIS2_PLACEMENT_3D('',#15979,#15980,#15981);
#15979 = CARTESIAN_POINT('',(25.5,96.5,36.));
#15980 = DIRECTION('',(1.,0.,-0.));
#15981 = DIRECTION('',(0.,0.,1.));
#15982 = CARTESIAN_POINT('',(25.5,96.5,37.65));
#15983 = CARTESIAN_POINT('',(25.5,96.5,37.65));
#15984 = GEOMETRIC_CURVE_SET('',(#15985));
#15985 = TRIMMED_CURVE('',#15986,(#15990,PARAMETER_VALUE(2.5)),(#15991,
    PARAMETER_VALUE(3.)),.T.,.PARAMETER.);
#15986 = LINE('',#15987,#15988);
#15987 = CARTESIAN_POINT('',(23.,96.5,37.65));
#15988 = VECTOR('',#15989,1.);
#15989 = DIRECTION('',(1.,0.,0.));
#15990 = CARTESIAN_POINT('',(25.5,96.5,37.65));
#15991 = CARTESIAN_POINT('',(26.,96.5,37.65));
#15992 = GEOMETRIC_CURVE_SET('',(#15993));
#15993 = TRIMMED_CURVE('',#15994,(#15999,PARAMETER_VALUE(0.)),(#16000,
    PARAMETER_VALUE(1.570796326795)),.T.,.PARAMETER.);
#15994 = CIRCLE('',#15995,1.65);
#15995 = AXIS2_PLACEMENT_3D('',#15996,#15997,#15998);
#15996 = CARTESIAN_POINT('',(26.,96.5,36.));
#15997 = DIRECTION('',(1.,0.,-0.));
#15998 = DIRECTION('',(0.,0.,1.));
#15999 = CARTESIAN_POINT('',(26.,96.5,37.65));
#16000 = CARTESIAN_POINT('',(26.,94.85,36.));
#16001 = GEOMETRIC_CURVE_SET('',(#16002));
#16002 = TRIMMED_CURVE('',#16003,(#16008,PARAMETER_VALUE(1.570796326795)
    ),(#16009,PARAMETER_VALUE(4.712388980385)),.T.,.PARAMETER.);
#16003 = CIRCLE('',#16004,1.65);
#16004 = AXIS2_PLACEMENT_3D('',#16005,#16006,#16007);
#16005 = CARTESIAN_POINT('',(26.,96.5,36.));
#16006 = DIRECTION('',(1.,0.,-0.));
#16007 = DIRECTION('',(0.,0.,1.));
#16008 = CARTESIAN_POINT('',(26.,94.85,36.));
#16009 = CARTESIAN_POINT('',(26.,98.15,36.));
#16010 = GEOMETRIC_CURVE_SET('',(#16011));
#16011 = TRIMMED_CURVE('',#16012,(#16017,PARAMETER_VALUE(4.712388980385)
    ),(#16018,PARAMETER_VALUE(6.28318530718)),.T.,.PARAMETER.);
#16012 = CIRCLE('',#16013,1.65);
#16013 = AXIS2_PLACEMENT_3D('',#16014,#16015,#16016);
#16014 = CARTESIAN_POINT('',(26.,96.5,36.));
#16015 = DIRECTION('',(1.,0.,-0.));
#16016 = DIRECTION('',(0.,0.,1.));
#16017 = CARTESIAN_POINT('',(26.,98.15,36.));
#16018 = CARTESIAN_POINT('',(26.,96.5,37.65));
#16019 = GEOMETRIC_CURVE_SET('',(#16020));
#16020 = TRIMMED_CURVE('',#16021,(#16025,PARAMETER_VALUE(0.)),(#16026,
    PARAMETER_VALUE(2.12132034356)),.T.,.PARAMETER.);
#16021 = LINE('',#16022,#16023);
#16022 = CARTESIAN_POINT('',(24.,113.5,39.15));
#16023 = VECTOR('',#16024,1.);
#16024 = DIRECTION('',(0.707106781187,-1.731912112471E-16,
    -0.707106781187));
#16025 = CARTESIAN_POINT('',(24.,113.5,39.15));
#16026 = CARTESIAN_POINT('',(25.5,113.5,37.65));
#16027 = GEOMETRIC_CURVE_SET('',(#16028));
#16028 = TRIMMED_CURVE('',#16029,(#16034,PARAMETER_VALUE(0.)),(#16035,
    PARAMETER_VALUE(6.28318530718)),.T.,.PARAMETER.);
#16029 = CIRCLE('',#16030,1.65);
#16030 = AXIS2_PLACEMENT_3D('',#16031,#16032,#16033);
#16031 = CARTESIAN_POINT('',(25.5,113.5,36.));
#16032 = DIRECTION('',(1.,0.,-0.));
#16033 = DIRECTION('',(0.,0.,1.));
#16034 = CARTESIAN_POINT('',(25.5,113.5,37.65));
#16035 = CARTESIAN_POINT('',(25.5,113.5,37.65));
#16036 = GEOMETRIC_CURVE_SET('',(#16037));
#16037 = TRIMMED_CURVE('',#16038,(#16042,PARAMETER_VALUE(2.5)),(#16043,
    PARAMETER_VALUE(3.)),.T.,.PARAMETER.);
#16038 = LINE('',#16039,#16040);
#16039 = CARTESIAN_POINT('',(23.,113.5,37.65));
#16040 = VECTOR('',#16041,1.);
#16041 = DIRECTION('',(1.,0.,0.));
#16042 = CARTESIAN_POINT('',(25.5,113.5,37.65));
#16043 = CARTESIAN_POINT('',(26.,113.5,37.65));
#16044 = GEOMETRIC_CURVE_SET('',(#16045));
#16045 = TRIMMED_CURVE('',#16046,(#16051,PARAMETER_VALUE(0.)),(#16052,
    PARAMETER_VALUE(1.570796326795)),.T.,.PARAMETER.);
#16046 = CIRCLE('',#16047,1.65);
#16047 = AXIS2_PLACEMENT_3D('',#16048,#16049,#16050);
#16048 = CARTESIAN_POINT('',(26.,113.5,36.));
#16049 = DIRECTION('',(1.,0.,-0.));
#16050 = DIRECTION('',(0.,0.,1.));
#16051 = CARTESIAN_POINT('',(26.,113.5,37.65));
#16052 = CARTESIAN_POINT('',(26.,111.85,36.));
#16053 = GEOMETRIC_CURVE_SET('',(#16054));
#16054 = TRIMMED_CURVE('',#16055,(#16060,PARAMETER_VALUE(1.570796326795)
    ),(#16061,PARAMETER_VALUE(4.712388980385)),.T.,.PARAMETER.);
#16055 = CIRCLE('',#16056,1.65);
#16056 = AXIS2_PLACEMENT_3D('',#16057,#16058,#16059);
#16057 = CARTESIAN_POINT('',(26.,113.5,36.));
#16058 = DIRECTION('',(1.,0.,-0.));
#16059 = DIRECTION('',(0.,0.,1.));
#16060 = CARTESIAN_POINT('',(26.,111.85,36.));
#16061 = CARTESIAN_POINT('',(26.,115.15,36.));
#16062 = GEOMETRIC_CURVE_SET('',(#16063));
#16063 = TRIMMED_CURVE('',#16064,(#16069,PARAMETER_VALUE(4.712388980385)
    ),(#16070,PARAMETER_VALUE(6.28318530718)),.T.,.PARAMETER.);
#16064 = CIRCLE('',#16065,1.65);
#16065 = AXIS2_PLACEMENT_3D('',#16066,#16067,#16068);
#16066 = CARTESIAN_POINT('',(26.,113.5,36.));
#16067 = DIRECTION('',(1.,0.,-0.));
#16068 = DIRECTION('',(0.,0.,1.));
#16069 = CARTESIAN_POINT('',(26.,115.15,36.));
#16070 = CARTESIAN_POINT('',(26.,113.5,37.65));
#16071 = GEOMETRIC_CURVE_SET('',(#16072));
#16072 = TRIMMED_CURVE('',#16073,(#16078,PARAMETER_VALUE(0.)),(#16079,
    PARAMETER_VALUE(6.28318530718)),.T.,.PARAMETER.);
#16073 = CIRCLE('',#16074,1.65);
#16074 = AXIS2_PLACEMENT_3D('',#16075,#16076,#16077);
#16075 = CARTESIAN_POINT('',(26.,105.,27.5));
#16076 = DIRECTION('',(1.,0.,-0.));
#16077 = DIRECTION('',(0.,0.,1.));
#16078 = CARTESIAN_POINT('',(26.,105.,29.15));
#16079 = CARTESIAN_POINT('',(26.,105.,29.15));
#16080 = GEOMETRIC_CURVE_SET('',(#16081));
#16081 = TRIMMED_CURVE('',#16082,(#16086,PARAMETER_VALUE(1.)),(#16087,
    PARAMETER_VALUE(3.)),.T.,.PARAMETER.);
#16082 = LINE('',#16083,#16084);
#16083 = CARTESIAN_POINT('',(23.,105.,29.15));
#16084 = VECTOR('',#16085,1.);
#16085 = DIRECTION('',(1.,0.,0.));
#16086 = CARTESIAN_POINT('',(24.,105.,29.15));
#16087 = CARTESIAN_POINT('',(26.,105.,29.15));
#16088 = GEOMETRIC_CURVE_SET('',(#16089));
#16089 = TRIMMED_CURVE('',#16090,(#16095,PARAMETER_VALUE(0.)),(#16096,
    PARAMETER_VALUE(6.28318530718)),.T.,.PARAMETER.);
#16090 = CIRCLE('',#16091,1.65);
#16091 = AXIS2_PLACEMENT_3D('',#16092,#16093,#16094);
#16092 = CARTESIAN_POINT('',(26.,105.,44.5));
#16093 = DIRECTION('',(1.,0.,-0.));
#16094 = DIRECTION('',(0.,0.,1.));
#16095 = CARTESIAN_POINT('',(26.,105.,46.15));
#16096 = CARTESIAN_POINT('',(26.,105.,46.15));
#16097 = GEOMETRIC_CURVE_SET('',(#16098));
#16098 = TRIMMED_CURVE('',#16099,(#16103,PARAMETER_VALUE(1.)),(#16104,
    PARAMETER_VALUE(3.)),.T.,.PARAMETER.);
#16099 = LINE('',#16100,#16101);
#16100 = CARTESIAN_POINT('',(23.,105.,46.15));
#16101 = VECTOR('',#16102,1.);
#16102 = DIRECTION('',(1.,0.,0.));
#16103 = CARTESIAN_POINT('',(24.,105.,46.15));
#16104 = CARTESIAN_POINT('',(26.,105.,46.15));
#16105 = GEOMETRIC_CURVE_SET('',(#16106));
#16106 = TRIMMED_CURVE('',#16107,(#16111,PARAMETER_VALUE(0.)),(#16112,
    PARAMETER_VALUE(2.)),.T.,.PARAMETER.);
#16107 = LINE('',#16108,#16109);
#16108 = CARTESIAN_POINT('',(24.,117.5,36.));
#16109 = VECTOR('',#16110,1.);
#16110 = DIRECTION('',(1.,0.,0.));
#16111 = CARTESIAN_POINT('',(24.,117.5,36.));
#16112 = CARTESIAN_POINT('',(26.,117.5,36.));
#16113 = GEOMETRIC_CURVE_SET('',(#16114));
#16114 = TRIMMED_CURVE('',#16115,(#16119,PARAMETER_VALUE(2.)),(#16120,
    PARAMETER_VALUE(14.5)),.T.,.PARAMETER.);
#16115 = LINE('',#16116,#16117);
#16116 = CARTESIAN_POINT('',(26.,117.5,21.5));
#16117 = VECTOR('',#16118,1.);
#16118 = DIRECTION('',(0.,0.,1.));
#16119 = CARTESIAN_POINT('',(26.,117.5,23.5));
#16120 = CARTESIAN_POINT('',(26.,117.5,36.));
#16121 = GEOMETRIC_CURVE_SET('',(#16122));
#16122 = TRIMMED_CURVE('',#16123,(#16127,PARAMETER_VALUE(0.)),(#16128,
    PARAMETER_VALUE(7.8)),.T.,.PARAMETER.);
#16123 = LINE('',#16124,#16125);
#16124 = CARTESIAN_POINT('',(24.,117.5,21.5));
#16125 = VECTOR('',#16126,1.);
#16126 = DIRECTION('',(1.,0.,0.));
#16127 = CARTESIAN_POINT('',(24.,117.5,21.5));
#16128 = CARTESIAN_POINT('',(31.8,117.5,21.5));
#16129 = GEOMETRIC_CURVE_SET('',(#16130));
#16130 = TRIMMED_CURVE('',#16131,(#16136,PARAMETER_VALUE(4.712388980385)
    ),(#16137,PARAMETER_VALUE(6.28318530718)),.T.,.PARAMETER.);
#16131 = CIRCLE('',#16132,12.5);
#16132 = AXIS2_PLACEMENT_3D('',#16133,#16134,#16135);
#16133 = CARTESIAN_POINT('',(26.,105.,36.));
#16134 = DIRECTION('',(1.,0.,-0.));
#16135 = DIRECTION('',(0.,0.,1.));
#16136 = CARTESIAN_POINT('',(26.,117.5,36.));
#16137 = CARTESIAN_POINT('',(26.,105.,48.5));
#16138 = GEOMETRIC_CURVE_SET('',(#16139));
#16139 = TRIMMED_CURVE('',#16140,(#16145,PARAMETER_VALUE(0.)),(#16146,
    PARAMETER_VALUE(1.570796326795)),.T.,.PARAMETER.);
#16140 = CIRCLE('',#16141,12.5);
#16141 = AXIS2_PLACEMENT_3D('',#16142,#16143,#16144);
#16142 = CARTESIAN_POINT('',(26.,105.,36.));
#16143 = DIRECTION('',(1.,0.,-0.));
#16144 = DIRECTION('',(0.,0.,1.));
#16145 = CARTESIAN_POINT('',(26.,105.,48.5));
#16146 = CARTESIAN_POINT('',(26.,92.5,36.));
#16147 = GEOMETRIC_CURVE_SET('',(#16148));
#16148 = TRIMMED_CURVE('',#16149,(#16153,PARAMETER_VALUE(1.)),(#16154,
    PARAMETER_VALUE(3.)),.T.,.PARAMETER.);
#16149 = LINE('',#16150,#16151);
#16150 = CARTESIAN_POINT('',(243.2,92.5,20.5));
#16151 = VECTOR('',#16152,1.);
#16152 = DIRECTION('',(0.,0.,1.));
#16153 = CARTESIAN_POINT('',(243.2,92.5,21.5));
#16154 = CARTESIAN_POINT('',(243.2,92.5,23.5));
#16155 = GEOMETRIC_CURVE_SET('',(#16156));
#16156 = TRIMMED_CURVE('',#16157,(#16161,PARAMETER_VALUE(0.)),(#16162,
    PARAMETER_VALUE(1.65)),.T.,.PARAMETER.);
#16157 = LINE('',#16158,#16159);
#16158 = CARTESIAN_POINT('',(243.2,92.5,23.5));
#16159 = VECTOR('',#16160,1.);
#16160 = DIRECTION('',(0.,1.,0.));
#16161 = CARTESIAN_POINT('',(243.2,92.5,23.5));
#16162 = CARTESIAN_POINT('',(243.2,94.15,23.5));
#16163 = GEOMETRIC_CURVE_SET('',(#16164));
#16164 = TRIMMED_CURVE('',#16165,(#16169,PARAMETER_VALUE(1.)),(#16170,
    PARAMETER_VALUE(3.)),.T.,.PARAMETER.);
#16165 = LINE('',#16166,#16167);
#16166 = CARTESIAN_POINT('',(243.2,94.15,20.5));
#16167 = VECTOR('',#16168,1.);
#16168 = DIRECTION('',(0.,0.,1.));
#16169 = CARTESIAN_POINT('',(243.2,94.15,21.5));
#16170 = CARTESIAN_POINT('',(243.2,94.15,23.5));
#16171 = GEOMETRIC_CURVE_SET('',(#16172));
#16172 = TRIMMED_CURVE('',#16173,(#16177,PARAMETER_VALUE(0.)),(#16178,
    PARAMETER_VALUE(1.65)),.T.,.PARAMETER.);
#16173 = LINE('',#16174,#16175);
#16174 = CARTESIAN_POINT('',(243.2,92.5,21.5));
#16175 = VECTOR('',#16176,1.);
#16176 = DIRECTION('',(0.,1.,0.));
#16177 = CARTESIAN_POINT('',(243.2,92.5,21.5));
#16178 = CARTESIAN_POINT('',(243.2,94.15,21.5));
#16179 = GEOMETRIC_CURVE_SET('',(#16180));
#16180 = TRIMMED_CURVE('',#16181,(#16185,PARAMETER_VALUE(2.)),(#16186,
    PARAMETER_VALUE(7.8)),.T.,.PARAMETER.);
#16181 = LINE('',#16182,#16183);
#16182 = CARTESIAN_POINT('',(251.,117.5,23.5));
#16183 = VECTOR('',#16184,1.);
#16184 = DIRECTION('',(-1.,-0.,-0.));
#16185 = CARTESIAN_POINT('',(249.,117.5,23.5));
#16186 = CARTESIAN_POINT('',(243.2,117.5,23.5));
#16187 = GEOMETRIC_CURVE_SET('',(#16188));
#16188 = TRIMMED_CURVE('',#16189,(#16193,PARAMETER_VALUE(11.675)),(
    #16194,PARAMETER_VALUE(13.325)),.T.,.PARAMETER.);
#16189 = LINE('',#16190,#16191);
#16190 = CARTESIAN_POINT('',(243.2,104.175,23.5));
#16191 = VECTOR('',#16192,1.);
#16192 = DIRECTION('',(0.,1.,0.));
#16193 = CARTESIAN_POINT('',(243.2,115.85,23.5));
#16194 = CARTESIAN_POINT('',(243.2,117.5,23.5));
#16195 = GEOMETRIC_CURVE_SET('',(#16196));
#16196 = TRIMMED_CURVE('',#16197,(#16202,PARAMETER_VALUE(3.14159265359))
  ,(#16203,PARAMETER_VALUE(6.28318530718)),.T.,.PARAMETER.);
#16197 = CIRCLE('',#16198,1.7);
#16198 = AXIS2_PLACEMENT_3D('',#16199,#16200,#16201);
#16199 = CARTESIAN_POINT('',(241.5,115.85,23.5));
#16200 = DIRECTION('',(0.,0.,-1.));
#16201 = DIRECTION('',(-1.,-0.,-0.));
#16202 = CARTESIAN_POINT('',(243.2,115.85,23.5));
#16203 = CARTESIAN_POINT('',(239.8,115.85,23.5));
#16204 = GEOMETRIC_CURVE_SET('',(#16205));
#16205 = TRIMMED_CURVE('',#16206,(#16210,PARAMETER_VALUE(11.675)),(
    #16211,PARAMETER_VALUE(13.325)),.T.,.PARAMETER.);
#16206 = LINE('',#16207,#16208);
#16207 = CARTESIAN_POINT('',(239.8,104.175,23.5));
#16208 = VECTOR('',#16209,1.);
#16209 = DIRECTION('',(0.,1.,0.));
#16210 = CARTESIAN_POINT('',(239.8,115.85,23.5));
#16211 = CARTESIAN_POINT('',(239.8,117.5,23.5));
#16212 = GEOMETRIC_CURVE_SET('',(#16213));
#16213 = TRIMMED_CURVE('',#16214,(#16218,PARAMETER_VALUE(11.2)),(#16219,
    PARAMETER_VALUE(14.15)),.T.,.PARAMETER.);
#16214 = LINE('',#16215,#16216);
#16215 = CARTESIAN_POINT('',(251.,117.5,23.5));
#16216 = VECTOR('',#16217,1.);
#16217 = DIRECTION('',(-1.,-0.,-0.));
#16218 = CARTESIAN_POINT('',(239.8,117.5,23.5));
#16219 = CARTESIAN_POINT('',(236.85,117.5,23.5));
#16220 = GEOMETRIC_CURVE_SET('',(#16221));
#16221 = TRIMMED_CURVE('',#16222,(#16226,PARAMETER_VALUE(11.675)),(
    #16227,PARAMETER_VALUE(13.325)),.T.,.PARAMETER.);
#16222 = LINE('',#16223,#16224);
#16223 = CARTESIAN_POINT('',(236.85,104.175,23.5));
#16224 = VECTOR('',#16225,1.);
#16225 = DIRECTION('',(0.,1.,0.));
#16226 = CARTESIAN_POINT('',(236.85,115.85,23.5));
#16227 = CARTESIAN_POINT('',(236.85,117.5,23.5));
#16228 = GEOMETRIC_CURVE_SET('',(#16229));
#16229 = TRIMMED_CURVE('',#16230,(#16235,PARAMETER_VALUE(3.14159265359))
  ,(#16236,PARAMETER_VALUE(6.28318530718)),.T.,.PARAMETER.);
#16230 = CIRCLE('',#16231,1.7);
#16231 = AXIS2_PLACEMENT_3D('',#16232,#16233,#16234);
#16232 = CARTESIAN_POINT('',(235.15,115.85,23.5));
#16233 = DIRECTION('',(0.,0.,-1.));
#16234 = DIRECTION('',(-1.,-0.,-0.));
#16235 = CARTESIAN_POINT('',(236.85,115.85,23.5));
#16236 = CARTESIAN_POINT('',(233.45,115.85,23.5));
#16237 = GEOMETRIC_CURVE_SET('',(#16238));
#16238 = TRIMMED_CURVE('',#16239,(#16243,PARAMETER_VALUE(11.675)),(
    #16244,PARAMETER_VALUE(13.325)),.T.,.PARAMETER.);
#16239 = LINE('',#16240,#16241);
#16240 = CARTESIAN_POINT('',(233.45,104.175,23.5));
#16241 = VECTOR('',#16242,1.);
#16242 = DIRECTION('',(0.,1.,0.));
#16243 = CARTESIAN_POINT('',(233.45,115.85,23.5));
#16244 = CARTESIAN_POINT('',(233.45,117.5,23.5));
#16245 = GEOMETRIC_CURVE_SET('',(#16246));
#16246 = TRIMMED_CURVE('',#16247,(#16251,PARAMETER_VALUE(17.55)),(#16252
    ,PARAMETER_VALUE(20.5)),.T.,.PARAMETER.);
#16247 = LINE('',#16248,#16249);
#16248 = CARTESIAN_POINT('',(251.,117.5,23.5));
#16249 = VECTOR('',#16250,1.);
#16250 = DIRECTION('',(-1.,-0.,-0.));
#16251 = CARTESIAN_POINT('',(233.45,117.5,23.5));
#16252 = CARTESIAN_POINT('',(230.5,117.5,23.5));
#16253 = GEOMETRIC_CURVE_SET('',(#16254));
#16254 = TRIMMED_CURVE('',#16255,(#16259,PARAMETER_VALUE(11.675)),(
    #16260,PARAMETER_VALUE(13.325)),.T.,.PARAMETER.);
#16255 = LINE('',#16256,#16257);
#16256 = CARTESIAN_POINT('',(230.5,104.175,23.5));
#16257 = VECTOR('',#16258,1.);
#16258 = DIRECTION('',(0.,1.,0.));
#16259 = CARTESIAN_POINT('',(230.5,115.85,23.5));
#16260 = CARTESIAN_POINT('',(230.5,117.5,23.5));
#16261 = GEOMETRIC_CURVE_SET('',(#16262));
#16262 = TRIMMED_CURVE('',#16263,(#16268,PARAMETER_VALUE(3.14159265359))
  ,(#16269,PARAMETER_VALUE(6.28318530718)),.T.,.PARAMETER.);
#16263 = CIRCLE('',#16264,1.7);
#16264 = AXIS2_PLACEMENT_3D('',#16265,#16266,#16267);
#16265 = CARTESIAN_POINT('',(228.8,115.85,23.5));
#16266 = DIRECTION('',(0.,0.,-1.));
#16267 = DIRECTION('',(-1.,-0.,-0.));
#16268 = CARTESIAN_POINT('',(230.5,115.85,23.5));
#16269 = CARTESIAN_POINT('',(227.1,115.85,23.5));
#16270 = GEOMETRIC_CURVE_SET('',(#16271));
#16271 = TRIMMED_CURVE('',#16272,(#16276,PARAMETER_VALUE(11.675)),(
    #16277,PARAMETER_VALUE(13.325)),.T.,.PARAMETER.);
#16272 = LINE('',#16273,#16274);
#16273 = CARTESIAN_POINT('',(227.1,104.175,23.5));
#16274 = VECTOR('',#16275,1.);
#16275 = DIRECTION('',(0.,1.,0.));
#16276 = CARTESIAN_POINT('',(227.1,115.85,23.5));
#16277 = CARTESIAN_POINT('',(227.1,117.5,23.5));
#16278 = GEOMETRIC_CURVE_SET('',(#16279));
#16279 = TRIMMED_CURVE('',#16280,(#16284,PARAMETER_VALUE(23.9)),(#16285,
    PARAMETER_VALUE(26.85)),.T.,.PARAMETER.);
#16280 = LINE('',#16281,#16282);
#16281 = CARTESIAN_POINT('',(251.,117.5,23.5));
#16282 = VECTOR('',#16283,1.);
#16283 = DIRECTION('',(-1.,-0.,-0.));
#16284 = CARTESIAN_POINT('',(227.1,117.5,23.5));
#16285 = CARTESIAN_POINT('',(224.15,117.5,23.5));
#16286 = GEOMETRIC_CURVE_SET('',(#16287));
#16287 = TRIMMED_CURVE('',#16288,(#16292,PARAMETER_VALUE(11.675)),(
    #16293,PARAMETER_VALUE(13.325)),.T.,.PARAMETER.);
#16288 = LINE('',#16289,#16290);
#16289 = CARTESIAN_POINT('',(224.15,104.175,23.5));
#16290 = VECTOR('',#16291,1.);
#16291 = DIRECTION('',(0.,1.,0.));
#16292 = CARTESIAN_POINT('',(224.15,115.85,23.5));
#16293 = CARTESIAN_POINT('',(224.15,117.5,23.5));
#16294 = GEOMETRIC_CURVE_SET('',(#16295));
#16295 = TRIMMED_CURVE('',#16296,(#16301,PARAMETER_VALUE(3.14159265359))
  ,(#16302,PARAMETER_VALUE(6.28318530718)),.T.,.PARAMETER.);
#16296 = CIRCLE('',#16297,1.7);
#16297 = AXIS2_PLACEMENT_3D('',#16298,#16299,#16300);
#16298 = CARTESIAN_POINT('',(222.45,115.85,23.5));
#16299 = DIRECTION('',(0.,0.,-1.));
#16300 = DIRECTION('',(-1.,-0.,-0.));
#16301 = CARTESIAN_POINT('',(224.15,115.85,23.5));
#16302 = CARTESIAN_POINT('',(220.75,115.85,23.5));
#16303 = GEOMETRIC_CURVE_SET('',(#16304));
#16304 = TRIMMED_CURVE('',#16305,(#16309,PARAMETER_VALUE(11.675)),(
    #16310,PARAMETER_VALUE(13.325)),.T.,.PARAMETER.);
#16305 = LINE('',#16306,#16307);
#16306 = CARTESIAN_POINT('',(220.75,104.175,23.5));
#16307 = VECTOR('',#16308,1.);
#16308 = DIRECTION('',(0.,1.,0.));
#16309 = CARTESIAN_POINT('',(220.75,115.85,23.5));
#16310 = CARTESIAN_POINT('',(220.75,117.5,23.5));
#16311 = GEOMETRIC_CURVE_SET('',(#16312));
#16312 = TRIMMED_CURVE('',#16313,(#16317,PARAMETER_VALUE(30.25)),(#16318
    ,PARAMETER_VALUE(33.2)),.T.,.PARAMETER.);
#16313 = LINE('',#16314,#16315);
#16314 = CARTESIAN_POINT('',(251.,117.5,23.5));
#16315 = VECTOR('',#16316,1.);
#16316 = DIRECTION('',(-1.,-0.,-0.));
#16317 = CARTESIAN_POINT('',(220.75,117.5,23.5));
#16318 = CARTESIAN_POINT('',(217.8,117.5,23.5));
#16319 = GEOMETRIC_CURVE_SET('',(#16320));
#16320 = TRIMMED_CURVE('',#16321,(#16325,PARAMETER_VALUE(11.675)),(
    #16326,PARAMETER_VALUE(13.325)),.T.,.PARAMETER.);
#16321 = LINE('',#16322,#16323);
#16322 = CARTESIAN_POINT('',(217.8,104.175,23.5));
#16323 = VECTOR('',#16324,1.);
#16324 = DIRECTION('',(0.,1.,0.));
#16325 = CARTESIAN_POINT('',(217.8,115.85,23.5));
#16326 = CARTESIAN_POINT('',(217.8,117.5,23.5));
#16327 = GEOMETRIC_CURVE_SET('',(#16328));
#16328 = TRIMMED_CURVE('',#16329,(#16334,PARAMETER_VALUE(3.14159265359))
  ,(#16335,PARAMETER_VALUE(6.28318530718)),.T.,.PARAMETER.);
#16329 = CIRCLE('',#16330,1.7);
#16330 = AXIS2_PLACEMENT_3D('',#16331,#16332,#16333);
#16331 = CARTESIAN_POINT('',(216.1,115.85,23.5));
#16332 = DIRECTION('',(0.,0.,-1.));
#16333 = DIRECTION('',(-1.,-0.,-0.));
#16334 = CARTESIAN_POINT('',(217.8,115.85,23.5));
#16335 = CARTESIAN_POINT('',(214.4,115.85,23.5));
#16336 = GEOMETRIC_CURVE_SET('',(#16337));
#16337 = TRIMMED_CURVE('',#16338,(#16342,PARAMETER_VALUE(11.675)),(
    #16343,PARAMETER_VALUE(13.325)),.T.,.PARAMETER.);
#16338 = LINE('',#16339,#16340);
#16339 = CARTESIAN_POINT('',(214.4,104.175,23.5));
#16340 = VECTOR('',#16341,1.);
#16341 = DIRECTION('',(0.,1.,0.));
#16342 = CARTESIAN_POINT('',(214.4,115.85,23.5));
#16343 = CARTESIAN_POINT('',(214.4,117.5,23.5));
#16344 = GEOMETRIC_CURVE_SET('',(#16345));
#16345 = TRIMMED_CURVE('',#16346,(#16350,PARAMETER_VALUE(36.6)),(#16351,
    PARAMETER_VALUE(39.55)),.T.,.PARAMETER.);
#16346 = LINE('',#16347,#16348);
#16347 = CARTESIAN_POINT('',(251.,117.5,23.5));
#16348 = VECTOR('',#16349,1.);
#16349 = DIRECTION('',(-1.,-0.,-0.));
#16350 = CARTESIAN_POINT('',(214.4,117.5,23.5));
#16351 = CARTESIAN_POINT('',(211.45,117.5,23.5));
#16352 = GEOMETRIC_CURVE_SET('',(#16353));
#16353 = TRIMMED_CURVE('',#16354,(#16358,PARAMETER_VALUE(11.675)),(
    #16359,PARAMETER_VALUE(13.325)),.T.,.PARAMETER.);
#16354 = LINE('',#16355,#16356);
#16355 = CARTESIAN_POINT('',(211.45,104.175,23.5));
#16356 = VECTOR('',#16357,1.);
#16357 = DIRECTION('',(0.,1.,0.));
#16358 = CARTESIAN_POINT('',(211.45,115.85,23.5));
#16359 = CARTESIAN_POINT('',(211.45,117.5,23.5));
#16360 = GEOMETRIC_CURVE_SET('',(#16361));
#16361 = TRIMMED_CURVE('',#16362,(#16367,PARAMETER_VALUE(3.14159265359))
  ,(#16368,PARAMETER_VALUE(6.28318530718)),.T.,.PARAMETER.);
#16362 = CIRCLE('',#16363,1.7);
#16363 = AXIS2_PLACEMENT_3D('',#16364,#16365,#16366);
#16364 = CARTESIAN_POINT('',(209.75,115.85,23.5));
#16365 = DIRECTION('',(0.,0.,-1.));
#16366 = DIRECTION('',(-1.,-0.,-0.));
#16367 = CARTESIAN_POINT('',(211.45,115.85,23.5));
#16368 = CARTESIAN_POINT('',(208.05,115.85,23.5));
#16369 = GEOMETRIC_CURVE_SET('',(#16370));
#16370 = TRIMMED_CURVE('',#16371,(#16375,PARAMETER_VALUE(11.675)),(
    #16376,PARAMETER_VALUE(13.325)),.T.,.PARAMETER.);
#16371 = LINE('',#16372,#16373);
#16372 = CARTESIAN_POINT('',(208.05,104.175,23.5));
#16373 = VECTOR('',#16374,1.);
#16374 = DIRECTION('',(0.,1.,0.));
#16375 = CARTESIAN_POINT('',(208.05,115.85,23.5));
#16376 = CARTESIAN_POINT('',(208.05,117.5,23.5));
#16377 = GEOMETRIC_CURVE_SET('',(#16378));
#16378 = TRIMMED_CURVE('',#16379,(#16383,PARAMETER_VALUE(42.95)),(#16384
    ,PARAMETER_VALUE(52.)),.T.,.PARAMETER.);
#16379 = LINE('',#16380,#16381);
#16380 = CARTESIAN_POINT('',(251.,117.5,23.5));
#16381 = VECTOR('',#16382,1.);
#16382 = DIRECTION('',(-1.,-0.,-0.));
#16383 = CARTESIAN_POINT('',(208.05,117.5,23.5));
#16384 = CARTESIAN_POINT('',(199.,117.5,23.5));
#16385 = GEOMETRIC_CURVE_SET('',(#16386));
#16386 = TRIMMED_CURVE('',#16387,(#16391,PARAMETER_VALUE(0.)),(#16392,
    PARAMETER_VALUE(25.)),.T.,.PARAMETER.);
#16387 = LINE('',#16388,#16389);
#16388 = CARTESIAN_POINT('',(199.,92.5,23.5));
#16389 = VECTOR('',#16390,1.);
#16390 = DIRECTION('',(0.,1.,0.));
#16391 = CARTESIAN_POINT('',(199.,92.5,23.5));
#16392 = CARTESIAN_POINT('',(199.,117.5,23.5));
#16393 = GEOMETRIC_CURVE_SET('',(#16394));
#16394 = TRIMMED_CURVE('',#16395,(#16399,PARAMETER_VALUE(42.95)),(#16400
    ,PARAMETER_VALUE(52.)),.T.,.PARAMETER.);
#16395 = LINE('',#16396,#16397);
#16396 = CARTESIAN_POINT('',(251.,92.5,23.5));
#16397 = VECTOR('',#16398,1.);
#16398 = DIRECTION('',(-1.,-0.,-0.));
#16399 = CARTESIAN_POINT('',(208.05,92.5,23.5));
#16400 = CARTESIAN_POINT('',(199.,92.5,23.5));
#16401 = GEOMETRIC_CURVE_SET('',(#16402));
#16402 = TRIMMED_CURVE('',#16403,(#16407,PARAMETER_VALUE(0.)),(#16408,
    PARAMETER_VALUE(1.65)),.T.,.PARAMETER.);
#16403 = LINE('',#16404,#16405);
#16404 = CARTESIAN_POINT('',(208.05,92.5,23.5));
#16405 = VECTOR('',#16406,1.);
#16406 = DIRECTION('',(0.,1.,0.));
#16407 = CARTESIAN_POINT('',(208.05,92.5,23.5));
#16408 = CARTESIAN_POINT('',(208.05,94.15,23.5));
#16409 = GEOMETRIC_CURVE_SET('',(#16410));
#16410 = TRIMMED_CURVE('',#16411,(#16416,PARAMETER_VALUE(0.)),(#16417,
    PARAMETER_VALUE(3.14159265359)),.T.,.PARAMETER.);
#16411 = CIRCLE('',#16412,1.7);
#16412 = AXIS2_PLACEMENT_3D('',#16413,#16414,#16415);
#16413 = CARTESIAN_POINT('',(209.75,94.15,23.5));
#16414 = DIRECTION('',(0.,0.,-1.));
#16415 = DIRECTION('',(-1.,-0.,-0.));
#16416 = CARTESIAN_POINT('',(208.05,94.15,23.5));
#16417 = CARTESIAN_POINT('',(211.45,94.15,23.5));
#16418 = GEOMETRIC_CURVE_SET('',(#16419));
#16419 = TRIMMED_CURVE('',#16420,(#16424,PARAMETER_VALUE(0.)),(#16425,
    PARAMETER_VALUE(1.65)),.T.,.PARAMETER.);
#16420 = LINE('',#16421,#16422);
#16421 = CARTESIAN_POINT('',(211.45,92.5,23.5));
#16422 = VECTOR('',#16423,1.);
#16423 = DIRECTION('',(0.,1.,0.));
#16424 = CARTESIAN_POINT('',(211.45,92.5,23.5));
#16425 = CARTESIAN_POINT('',(211.45,94.15,23.5));
#16426 = GEOMETRIC_CURVE_SET('',(#16427));
#16427 = TRIMMED_CURVE('',#16428,(#16432,PARAMETER_VALUE(36.6)),(#16433,
    PARAMETER_VALUE(39.55)),.T.,.PARAMETER.);
#16428 = LINE('',#16429,#16430);
#16429 = CARTESIAN_POINT('',(251.,92.5,23.5));
#16430 = VECTOR('',#16431,1.);
#16431 = DIRECTION('',(-1.,-0.,-0.));
#16432 = CARTESIAN_POINT('',(214.4,92.5,23.5));
#16433 = CARTESIAN_POINT('',(211.45,92.5,23.5));
#16434 = GEOMETRIC_CURVE_SET('',(#16435));
#16435 = TRIMMED_CURVE('',#16436,(#16440,PARAMETER_VALUE(0.)),(#16441,
    PARAMETER_VALUE(1.65)),.T.,.PARAMETER.);
#16436 = LINE('',#16437,#16438);
#16437 = CARTESIAN_POINT('',(214.4,92.5,23.5));
#16438 = VECTOR('',#16439,1.);
#16439 = DIRECTION('',(0.,1.,0.));
#16440 = CARTESIAN_POINT('',(214.4,92.5,23.5));
#16441 = CARTESIAN_POINT('',(214.4,94.15,23.5));
#16442 = GEOMETRIC_CURVE_SET('',(#16443));
#16443 = TRIMMED_CURVE('',#16444,(#16449,PARAMETER_VALUE(0.)),(#16450,
    PARAMETER_VALUE(3.14159265359)),.T.,.PARAMETER.);
#16444 = CIRCLE('',#16445,1.7);
#16445 = AXIS2_PLACEMENT_3D('',#16446,#16447,#16448);
#16446 = CARTESIAN_POINT('',(216.1,94.15,23.5));
#16447 = DIRECTION('',(0.,0.,-1.));
#16448 = DIRECTION('',(-1.,-0.,-0.));
#16449 = CARTESIAN_POINT('',(214.4,94.15,23.5));
#16450 = CARTESIAN_POINT('',(217.8,94.15,23.5));
#16451 = GEOMETRIC_CURVE_SET('',(#16452));
#16452 = TRIMMED_CURVE('',#16453,(#16457,PARAMETER_VALUE(0.)),(#16458,
    PARAMETER_VALUE(1.65)),.T.,.PARAMETER.);
#16453 = LINE('',#16454,#16455);
#16454 = CARTESIAN_POINT('',(217.8,92.5,23.5));
#16455 = VECTOR('',#16456,1.);
#16456 = DIRECTION('',(0.,1.,0.));
#16457 = CARTESIAN_POINT('',(217.8,92.5,23.5));
#16458 = CARTESIAN_POINT('',(217.8,94.15,23.5));
#16459 = GEOMETRIC_CURVE_SET('',(#16460));
#16460 = TRIMMED_CURVE('',#16461,(#16465,PARAMETER_VALUE(30.25)),(#16466
    ,PARAMETER_VALUE(33.2)),.T.,.PARAMETER.);
#16461 = LINE('',#16462,#16463);
#16462 = CARTESIAN_POINT('',(251.,92.5,23.5));
#16463 = VECTOR('',#16464,1.);
#16464 = DIRECTION('',(-1.,-0.,-0.));
#16465 = CARTESIAN_POINT('',(220.75,92.5,23.5));
#16466 = CARTESIAN_POINT('',(217.8,92.5,23.5));
#16467 = GEOMETRIC_CURVE_SET('',(#16468));
#16468 = TRIMMED_CURVE('',#16469,(#16473,PARAMETER_VALUE(0.)),(#16474,
    PARAMETER_VALUE(1.65)),.T.,.PARAMETER.);
#16469 = LINE('',#16470,#16471);
#16470 = CARTESIAN_POINT('',(220.75,92.5,23.5));
#16471 = VECTOR('',#16472,1.);
#16472 = DIRECTION('',(0.,1.,0.));
#16473 = CARTESIAN_POINT('',(220.75,92.5,23.5));
#16474 = CARTESIAN_POINT('',(220.75,94.15,23.5));
#16475 = GEOMETRIC_CURVE_SET('',(#16476));
#16476 = TRIMMED_CURVE('',#16477,(#16482,PARAMETER_VALUE(0.)),(#16483,
    PARAMETER_VALUE(3.14159265359)),.T.,.PARAMETER.);
#16477 = CIRCLE('',#16478,1.7);
#16478 = AXIS2_PLACEMENT_3D('',#16479,#16480,#16481);
#16479 = CARTESIAN_POINT('',(222.45,94.15,23.5));
#16480 = DIRECTION('',(0.,0.,-1.));
#16481 = DIRECTION('',(-1.,-0.,-0.));
#16482 = CARTESIAN_POINT('',(220.75,94.15,23.5));
#16483 = CARTESIAN_POINT('',(224.15,94.15,23.5));
#16484 = GEOMETRIC_CURVE_SET('',(#16485));
#16485 = TRIMMED_CURVE('',#16486,(#16490,PARAMETER_VALUE(0.)),(#16491,
    PARAMETER_VALUE(1.65)),.T.,.PARAMETER.);
#16486 = LINE('',#16487,#16488);
#16487 = CARTESIAN_POINT('',(224.15,92.5,23.5));
#16488 = VECTOR('',#16489,1.);
#16489 = DIRECTION('',(0.,1.,0.));
#16490 = CARTESIAN_POINT('',(224.15,92.5,23.5));
#16491 = CARTESIAN_POINT('',(224.15,94.15,23.5));
#16492 = GEOMETRIC_CURVE_SET('',(#16493));
#16493 = TRIMMED_CURVE('',#16494,(#16498,PARAMETER_VALUE(23.9)),(#16499,
    PARAMETER_VALUE(26.85)),.T.,.PARAMETER.);
#16494 = LINE('',#16495,#16496);
#16495 = CARTESIAN_POINT('',(251.,92.5,23.5));
#16496 = VECTOR('',#16497,1.);
#16497 = DIRECTION('',(-1.,-0.,-0.));
#16498 = CARTESIAN_POINT('',(227.1,92.5,23.5));
#16499 = CARTESIAN_POINT('',(224.15,92.5,23.5));
#16500 = GEOMETRIC_CURVE_SET('',(#16501));
#16501 = TRIMMED_CURVE('',#16502,(#16506,PARAMETER_VALUE(0.)),(#16507,
    PARAMETER_VALUE(1.65)),.T.,.PARAMETER.);
#16502 = LINE('',#16503,#16504);
#16503 = CARTESIAN_POINT('',(227.1,92.5,23.5));
#16504 = VECTOR('',#16505,1.);
#16505 = DIRECTION('',(0.,1.,0.));
#16506 = CARTESIAN_POINT('',(227.1,92.5,23.5));
#16507 = CARTESIAN_POINT('',(227.1,94.15,23.5));
#16508 = GEOMETRIC_CURVE_SET('',(#16509));
#16509 = TRIMMED_CURVE('',#16510,(#16515,PARAMETER_VALUE(0.)),(#16516,
    PARAMETER_VALUE(3.14159265359)),.T.,.PARAMETER.);
#16510 = CIRCLE('',#16511,1.7);
#16511 = AXIS2_PLACEMENT_3D('',#16512,#16513,#16514);
#16512 = CARTESIAN_POINT('',(228.8,94.15,23.5));
#16513 = DIRECTION('',(0.,0.,-1.));
#16514 = DIRECTION('',(-1.,-0.,-0.));
#16515 = CARTESIAN_POINT('',(227.1,94.15,23.5));
#16516 = CARTESIAN_POINT('',(230.5,94.15,23.5));
#16517 = GEOMETRIC_CURVE_SET('',(#16518));
#16518 = TRIMMED_CURVE('',#16519,(#16523,PARAMETER_VALUE(0.)),(#16524,
    PARAMETER_VALUE(1.65)),.T.,.PARAMETER.);
#16519 = LINE('',#16520,#16521);
#16520 = CARTESIAN_POINT('',(230.5,92.5,23.5));
#16521 = VECTOR('',#16522,1.);
#16522 = DIRECTION('',(0.,1.,0.));
#16523 = CARTESIAN_POINT('',(230.5,92.5,23.5));
#16524 = CARTESIAN_POINT('',(230.5,94.15,23.5));
#16525 = GEOMETRIC_CURVE_SET('',(#16526));
#16526 = TRIMMED_CURVE('',#16527,(#16531,PARAMETER_VALUE(17.55)),(#16532
    ,PARAMETER_VALUE(20.5)),.T.,.PARAMETER.);
#16527 = LINE('',#16528,#16529);
#16528 = CARTESIAN_POINT('',(251.,92.5,23.5));
#16529 = VECTOR('',#16530,1.);
#16530 = DIRECTION('',(-1.,-0.,-0.));
#16531 = CARTESIAN_POINT('',(233.45,92.5,23.5));
#16532 = CARTESIAN_POINT('',(230.5,92.5,23.5));
#16533 = GEOMETRIC_CURVE_SET('',(#16534));
#16534 = TRIMMED_CURVE('',#16535,(#16539,PARAMETER_VALUE(0.)),(#16540,
    PARAMETER_VALUE(1.65)),.T.,.PARAMETER.);
#16535 = LINE('',#16536,#16537);
#16536 = CARTESIAN_POINT('',(233.45,92.5,23.5));
#16537 = VECTOR('',#16538,1.);
#16538 = DIRECTION('',(0.,1.,0.));
#16539 = CARTESIAN_POINT('',(233.45,92.5,23.5));
#16540 = CARTESIAN_POINT('',(233.45,94.15,23.5));
#16541 = GEOMETRIC_CURVE_SET('',(#16542));
#16542 = TRIMMED_CURVE('',#16543,(#16548,PARAMETER_VALUE(0.)),(#16549,
    PARAMETER_VALUE(3.14159265359)),.T.,.PARAMETER.);
#16543 = CIRCLE('',#16544,1.7);
#16544 = AXIS2_PLACEMENT_3D('',#16545,#16546,#16547);
#16545 = CARTESIAN_POINT('',(235.15,94.15,23.5));
#16546 = DIRECTION('',(0.,0.,-1.));
#16547 = DIRECTION('',(-1.,-0.,-0.));
#16548 = CARTESIAN_POINT('',(233.45,94.15,23.5));
#16549 = CARTESIAN_POINT('',(236.85,94.15,23.5));
#16550 = GEOMETRIC_CURVE_SET('',(#16551));
#16551 = TRIMMED_CURVE('',#16552,(#16556,PARAMETER_VALUE(0.)),(#16557,
    PARAMETER_VALUE(1.65)),.T.,.PARAMETER.);
#16552 = LINE('',#16553,#16554);
#16553 = CARTESIAN_POINT('',(236.85,92.5,23.5));
#16554 = VECTOR('',#16555,1.);
#16555 = DIRECTION('',(0.,1.,0.));
#16556 = CARTESIAN_POINT('',(236.85,92.5,23.5));
#16557 = CARTESIAN_POINT('',(236.85,94.15,23.5));
#16558 = GEOMETRIC_CURVE_SET('',(#16559));
#16559 = TRIMMED_CURVE('',#16560,(#16564,PARAMETER_VALUE(11.2)),(#16565,
    PARAMETER_VALUE(14.15)),.T.,.PARAMETER.);
#16560 = LINE('',#16561,#16562);
#16561 = CARTESIAN_POINT('',(251.,92.5,23.5));
#16562 = VECTOR('',#16563,1.);
#16563 = DIRECTION('',(-1.,-0.,-0.));
#16564 = CARTESIAN_POINT('',(239.8,92.5,23.5));
#16565 = CARTESIAN_POINT('',(236.85,92.5,23.5));
#16566 = GEOMETRIC_CURVE_SET('',(#16567));
#16567 = TRIMMED_CURVE('',#16568,(#16572,PARAMETER_VALUE(0.)),(#16573,
    PARAMETER_VALUE(1.65)),.T.,.PARAMETER.);
#16568 = LINE('',#16569,#16570);
#16569 = CARTESIAN_POINT('',(239.8,92.5,23.5));
#16570 = VECTOR('',#16571,1.);
#16571 = DIRECTION('',(0.,1.,0.));
#16572 = CARTESIAN_POINT('',(239.8,92.5,23.5));
#16573 = CARTESIAN_POINT('',(239.8,94.15,23.5));
#16574 = GEOMETRIC_CURVE_SET('',(#16575));
#16575 = TRIMMED_CURVE('',#16576,(#16581,PARAMETER_VALUE(0.)),(#16582,
    PARAMETER_VALUE(3.14159265359)),.T.,.PARAMETER.);
#16576 = CIRCLE('',#16577,1.7);
#16577 = AXIS2_PLACEMENT_3D('',#16578,#16579,#16580);
#16578 = CARTESIAN_POINT('',(241.5,94.15,23.5));
#16579 = DIRECTION('',(0.,0.,-1.));
#16580 = DIRECTION('',(-1.,-0.,-0.));
#16581 = CARTESIAN_POINT('',(239.8,94.15,23.5));
#16582 = CARTESIAN_POINT('',(243.2,94.15,23.5));
#16583 = GEOMETRIC_CURVE_SET('',(#16584));
#16584 = TRIMMED_CURVE('',#16585,(#16589,PARAMETER_VALUE(2.)),(#16590,
    PARAMETER_VALUE(7.8)),.T.,.PARAMETER.);
#16585 = LINE('',#16586,#16587);
#16586 = CARTESIAN_POINT('',(251.,92.5,23.5));
#16587 = VECTOR('',#16588,1.);
#16588 = DIRECTION('',(-1.,-0.,-0.));
#16589 = CARTESIAN_POINT('',(249.,92.5,23.5));
#16590 = CARTESIAN_POINT('',(243.2,92.5,23.5));
#16591 = GEOMETRIC_CURVE_SET('',(#16592));
#16592 = TRIMMED_CURVE('',#16593,(#16597,PARAMETER_VALUE(-25.)),(#16598,
    PARAMETER_VALUE(0.)),.T.,.PARAMETER.);
#16593 = LINE('',#16594,#16595);
#16594 = CARTESIAN_POINT('',(249.,92.5,23.5));
#16595 = VECTOR('',#16596,1.);
#16596 = DIRECTION('',(-0.,-1.,-0.));
#16597 = CARTESIAN_POINT('',(249.,117.5,23.5));
#16598 = CARTESIAN_POINT('',(249.,92.5,23.5));
#16599 = GEOMETRIC_CURVE_SET('',(#16600));
#16600 = TRIMMED_CURVE('',#16601,(#16606,PARAMETER_VALUE(0.)),(#16607,
    PARAMETER_VALUE(6.28318530718)),.T.,.PARAMETER.);
#16601 = CIRCLE('',#16602,1.65);
#16602 = AXIS2_PLACEMENT_3D('',#16603,#16604,#16605);
#16603 = CARTESIAN_POINT('',(244.6,105.,23.5));
#16604 = DIRECTION('',(0.,0.,-1.));
#16605 = DIRECTION('',(-1.,-0.,-0.));
#16606 = CARTESIAN_POINT('',(242.95,105.,23.5));
#16607 = CARTESIAN_POINT('',(242.95,105.,23.5));
#16608 = GEOMETRIC_CURVE_SET('',(#16609));
#16609 = TRIMMED_CURVE('',#16610,(#16615,PARAMETER_VALUE(0.)),(#16616,
    PARAMETER_VALUE(6.28318530718)),.T.,.PARAMETER.);
#16610 = CIRCLE('',#16611,1.65);
#16611 = AXIS2_PLACEMENT_3D('',#16612,#16613,#16614);
#16612 = CARTESIAN_POINT('',(238.25,105.,23.5));
#16613 = DIRECTION('',(0.,0.,-1.));
#16614 = DIRECTION('',(-1.,-0.,-0.));
#16615 = CARTESIAN_POINT('',(236.6,105.,23.5));
#16616 = CARTESIAN_POINT('',(236.6,105.,23.5));
#16617 = GEOMETRIC_CURVE_SET('',(#16618));
#16618 = TRIMMED_CURVE('',#16619,(#16624,PARAMETER_VALUE(0.)),(#16625,
    PARAMETER_VALUE(6.28318530718)),.T.,.PARAMETER.);
#16619 = CIRCLE('',#16620,1.65);
#16620 = AXIS2_PLACEMENT_3D('',#16621,#16622,#16623);
#16621 = CARTESIAN_POINT('',(231.9,105.,23.5));
#16622 = DIRECTION('',(0.,0.,-1.));
#16623 = DIRECTION('',(-1.,-0.,-0.));
#16624 = CARTESIAN_POINT('',(230.25,105.,23.5));
#16625 = CARTESIAN_POINT('',(230.25,105.,23.5));
#16626 = GEOMETRIC_CURVE_SET('',(#16627));
#16627 = TRIMMED_CURVE('',#16628,(#16633,PARAMETER_VALUE(0.)),(#16634,
    PARAMETER_VALUE(6.28318530718)),.T.,.PARAMETER.);
#16628 = CIRCLE('',#16629,1.65);
#16629 = AXIS2_PLACEMENT_3D('',#16630,#16631,#16632);
#16630 = CARTESIAN_POINT('',(225.55,105.,23.5));
#16631 = DIRECTION('',(0.,0.,-1.));
#16632 = DIRECTION('',(-1.,-0.,-0.));
#16633 = CARTESIAN_POINT('',(223.9,105.,23.5));
#16634 = CARTESIAN_POINT('',(223.9,105.,23.5));
#16635 = GEOMETRIC_CURVE_SET('',(#16636));
#16636 = TRIMMED_CURVE('',#16637,(#16642,PARAMETER_VALUE(0.)),(#16643,
    PARAMETER_VALUE(6.28318530718)),.T.,.PARAMETER.);
#16637 = CIRCLE('',#16638,1.65);
#16638 = AXIS2_PLACEMENT_3D('',#16639,#16640,#16641);
#16639 = CARTESIAN_POINT('',(219.2,105.,23.5));
#16640 = DIRECTION('',(0.,0.,-1.));
#16641 = DIRECTION('',(-1.,-0.,-0.));
#16642 = CARTESIAN_POINT('',(217.55,105.,23.5));
#16643 = CARTESIAN_POINT('',(217.55,105.,23.5));
#16644 = GEOMETRIC_CURVE_SET('',(#16645));
#16645 = TRIMMED_CURVE('',#16646,(#16651,PARAMETER_VALUE(0.)),(#16652,
    PARAMETER_VALUE(6.28318530718)),.T.,.PARAMETER.);
#16646 = CIRCLE('',#16647,1.65);
#16647 = AXIS2_PLACEMENT_3D('',#16648,#16649,#16650);
#16648 = CARTESIAN_POINT('',(212.85,105.,23.5));
#16649 = DIRECTION('',(0.,0.,-1.));
#16650 = DIRECTION('',(-1.,-0.,-0.));
#16651 = CARTESIAN_POINT('',(211.2,105.,23.5));
#16652 = CARTESIAN_POINT('',(211.2,105.,23.5));
#16653 = GEOMETRIC_CURVE_SET('',(#16654));
#16654 = TRIMMED_CURVE('',#16655,(#16660,PARAMETER_VALUE(0.)),(#16661,
    PARAMETER_VALUE(6.28318530718)),.T.,.PARAMETER.);
#16655 = CIRCLE('',#16656,1.65);
#16656 = AXIS2_PLACEMENT_3D('',#16657,#16658,#16659);
#16657 = CARTESIAN_POINT('',(206.5,105.,23.5));
#16658 = DIRECTION('',(0.,0.,-1.));
#16659 = DIRECTION('',(-1.,-0.,-0.));
#16660 = CARTESIAN_POINT('',(204.85,105.,23.5));
#16661 = CARTESIAN_POINT('',(204.85,105.,23.5));
#16662 = GEOMETRIC_CURVE_SET('',(#16663));
#16663 = TRIMMED_CURVE('',#16664,(#16668,PARAMETER_VALUE(1.)),(#16669,
    PARAMETER_VALUE(3.)),.T.,.PARAMETER.);
#16664 = LINE('',#16665,#16666);
#16665 = CARTESIAN_POINT('',(243.2,115.85,20.5));
#16666 = VECTOR('',#16667,1.);
#16667 = DIRECTION('',(0.,0.,1.));
#16668 = CARTESIAN_POINT('',(243.2,115.85,21.5));
#16669 = CARTESIAN_POINT('',(243.2,115.85,23.5));
#16670 = GEOMETRIC_CURVE_SET('',(#16671));
#16671 = TRIMMED_CURVE('',#16672,(#16676,PARAMETER_VALUE(1.)),(#16677,
    PARAMETER_VALUE(3.)),.T.,.PARAMETER.);
#16672 = LINE('',#16673,#16674);
#16673 = CARTESIAN_POINT('',(243.2,117.5,20.5));
#16674 = VECTOR('',#16675,1.);
#16675 = DIRECTION('',(0.,0.,1.));
#16676 = CARTESIAN_POINT('',(243.2,117.5,21.5));
#16677 = CARTESIAN_POINT('',(243.2,117.5,23.5));
#16678 = GEOMETRIC_CURVE_SET('',(#16679));
#16679 = TRIMMED_CURVE('',#16680,(#16684,PARAMETER_VALUE(11.675)),(
    #16685,PARAMETER_VALUE(13.325)),.T.,.PARAMETER.);
#16680 = LINE('',#16681,#16682);
#16681 = CARTESIAN_POINT('',(243.2,104.175,21.5));
#16682 = VECTOR('',#16683,1.);
#16683 = DIRECTION('',(0.,1.,0.));
#16684 = CARTESIAN_POINT('',(243.2,115.85,21.5));
#16685 = CARTESIAN_POINT('',(243.2,117.5,21.5));
#16686 = GEOMETRIC_CURVE_SET('',(#16687));
#16687 = TRIMMED_CURVE('',#16688,(#16692,PARAMETER_VALUE(1.)),(#16693,
    PARAMETER_VALUE(3.)),.T.,.PARAMETER.);
#16688 = LINE('',#16689,#16690);
#16689 = CARTESIAN_POINT('',(239.8,115.85,20.5));
#16690 = VECTOR('',#16691,1.);
#16691 = DIRECTION('',(0.,0.,1.));
#16692 = CARTESIAN_POINT('',(239.8,115.85,21.5));
#16693 = CARTESIAN_POINT('',(239.8,115.85,23.5));
#16694 = GEOMETRIC_CURVE_SET('',(#16695));
#16695 = TRIMMED_CURVE('',#16696,(#16701,PARAMETER_VALUE(3.14159265359))
  ,(#16702,PARAMETER_VALUE(6.28318530718)),.T.,.PARAMETER.);
#16696 = CIRCLE('',#16697,1.7);
#16697 = AXIS2_PLACEMENT_3D('',#16698,#16699,#16700);
#16698 = CARTESIAN_POINT('',(241.5,115.85,21.5));
#16699 = DIRECTION('',(0.,0.,-1.));
#16700 = DIRECTION('',(-1.,-0.,-0.));
#16701 = CARTESIAN_POINT('',(243.2,115.85,21.5));
#16702 = CARTESIAN_POINT('',(239.8,115.85,21.5));
#16703 = GEOMETRIC_CURVE_SET('',(#16704));
#16704 = TRIMMED_CURVE('',#16705,(#16709,PARAMETER_VALUE(1.)),(#16710,
    PARAMETER_VALUE(3.)),.T.,.PARAMETER.);
#16705 = LINE('',#16706,#16707);
#16706 = CARTESIAN_POINT('',(239.8,117.5,20.5));
#16707 = VECTOR('',#16708,1.);
#16708 = DIRECTION('',(0.,0.,1.));
#16709 = CARTESIAN_POINT('',(239.8,117.5,21.5));
#16710 = CARTESIAN_POINT('',(239.8,117.5,23.5));
#16711 = GEOMETRIC_CURVE_SET('',(#16712));
#16712 = TRIMMED_CURVE('',#16713,(#16717,PARAMETER_VALUE(11.675)),(
    #16718,PARAMETER_VALUE(13.325)),.T.,.PARAMETER.);
#16713 = LINE('',#16714,#16715);
#16714 = CARTESIAN_POINT('',(239.8,104.175,21.5));
#16715 = VECTOR('',#16716,1.);
#16716 = DIRECTION('',(0.,1.,0.));
#16717 = CARTESIAN_POINT('',(239.8,115.85,21.5));
#16718 = CARTESIAN_POINT('',(239.8,117.5,21.5));
#16719 = GEOMETRIC_CURVE_SET('',(#16720));
#16720 = TRIMMED_CURVE('',#16721,(#16725,PARAMETER_VALUE(11.2)),(#16726,
    PARAMETER_VALUE(14.15)),.T.,.PARAMETER.);
#16721 = LINE('',#16722,#16723);
#16722 = CARTESIAN_POINT('',(251.,117.5,21.5));
#16723 = VECTOR('',#16724,1.);
#16724 = DIRECTION('',(-1.,-0.,-0.));
#16725 = CARTESIAN_POINT('',(239.8,117.5,21.5));
#16726 = CARTESIAN_POINT('',(236.85,117.5,21.5));
#16727 = GEOMETRIC_CURVE_SET('',(#16728));
#16728 = TRIMMED_CURVE('',#16729,(#16733,PARAMETER_VALUE(1.)),(#16734,
    PARAMETER_VALUE(3.)),.T.,.PARAMETER.);
#16729 = LINE('',#16730,#16731);
#16730 = CARTESIAN_POINT('',(236.85,117.5,20.5));
#16731 = VECTOR('',#16732,1.);
#16732 = DIRECTION('',(0.,0.,1.));
#16733 = CARTESIAN_POINT('',(236.85,117.5,21.5));
#16734 = CARTESIAN_POINT('',(236.85,117.5,23.5));
#16735 = GEOMETRIC_CURVE_SET('',(#16736));
#16736 = TRIMMED_CURVE('',#16737,(#16741,PARAMETER_VALUE(1.)),(#16742,
    PARAMETER_VALUE(3.)),.T.,.PARAMETER.);
#16737 = LINE('',#16738,#16739);
#16738 = CARTESIAN_POINT('',(236.85,115.85,20.5));
#16739 = VECTOR('',#16740,1.);
#16740 = DIRECTION('',(0.,0.,1.));
#16741 = CARTESIAN_POINT('',(236.85,115.85,21.5));
#16742 = CARTESIAN_POINT('',(236.85,115.85,23.5));
#16743 = GEOMETRIC_CURVE_SET('',(#16744));
#16744 = TRIMMED_CURVE('',#16745,(#16749,PARAMETER_VALUE(11.675)),(
    #16750,PARAMETER_VALUE(13.325)),.T.,.PARAMETER.);
#16745 = LINE('',#16746,#16747);
#16746 = CARTESIAN_POINT('',(236.85,104.175,21.5));
#16747 = VECTOR('',#16748,1.);
#16748 = DIRECTION('',(0.,1.,0.));
#16749 = CARTESIAN_POINT('',(236.85,115.85,21.5));
#16750 = CARTESIAN_POINT('',(236.85,117.5,21.5));
#16751 = GEOMETRIC_CURVE_SET('',(#16752));
#16752 = TRIMMED_CURVE('',#16753,(#16757,PARAMETER_VALUE(1.)),(#16758,
    PARAMETER_VALUE(3.)),.T.,.PARAMETER.);
#16753 = LINE('',#16754,#16755);
#16754 = CARTESIAN_POINT('',(233.45,115.85,20.5));
#16755 = VECTOR('',#16756,1.);
#16756 = DIRECTION('',(0.,0.,1.));
#16757 = CARTESIAN_POINT('',(233.45,115.85,21.5));
#16758 = CARTESIAN_POINT('',(233.45,115.85,23.5));
#16759 = GEOMETRIC_CURVE_SET('',(#16760));
#16760 = TRIMMED_CURVE('',#16761,(#16766,PARAMETER_VALUE(3.14159265359))
  ,(#16767,PARAMETER_VALUE(6.28318530718)),.T.,.PARAMETER.);
#16761 = CIRCLE('',#16762,1.7);
#16762 = AXIS2_PLACEMENT_3D('',#16763,#16764,#16765);
#16763 = CARTESIAN_POINT('',(235.15,115.85,21.5));
#16764 = DIRECTION('',(0.,0.,-1.));
#16765 = DIRECTION('',(-1.,-0.,-0.));
#16766 = CARTESIAN_POINT('',(236.85,115.85,21.5));
#16767 = CARTESIAN_POINT('',(233.45,115.85,21.5));
#16768 = GEOMETRIC_CURVE_SET('',(#16769));
#16769 = TRIMMED_CURVE('',#16770,(#16774,PARAMETER_VALUE(1.)),(#16775,
    PARAMETER_VALUE(3.)),.T.,.PARAMETER.);
#16770 = LINE('',#16771,#16772);
#16771 = CARTESIAN_POINT('',(233.45,117.5,20.5));
#16772 = VECTOR('',#16773,1.);
#16773 = DIRECTION('',(0.,0.,1.));
#16774 = CARTESIAN_POINT('',(233.45,117.5,21.5));
#16775 = CARTESIAN_POINT('',(233.45,117.5,23.5));
#16776 = GEOMETRIC_CURVE_SET('',(#16777));
#16777 = TRIMMED_CURVE('',#16778,(#16782,PARAMETER_VALUE(11.675)),(
    #16783,PARAMETER_VALUE(13.325)),.T.,.PARAMETER.);
#16778 = LINE('',#16779,#16780);
#16779 = CARTESIAN_POINT('',(233.45,104.175,21.5));
#16780 = VECTOR('',#16781,1.);
#16781 = DIRECTION('',(0.,1.,0.));
#16782 = CARTESIAN_POINT('',(233.45,115.85,21.5));
#16783 = CARTESIAN_POINT('',(233.45,117.5,21.5));
#16784 = GEOMETRIC_CURVE_SET('',(#16785));
#16785 = TRIMMED_CURVE('',#16786,(#16790,PARAMETER_VALUE(17.55)),(#16791
    ,PARAMETER_VALUE(20.5)),.T.,.PARAMETER.);
#16786 = LINE('',#16787,#16788);
#16787 = CARTESIAN_POINT('',(251.,117.5,21.5));
#16788 = VECTOR('',#16789,1.);
#16789 = DIRECTION('',(-1.,-0.,-0.));
#16790 = CARTESIAN_POINT('',(233.45,117.5,21.5));
#16791 = CARTESIAN_POINT('',(230.5,117.5,21.5));
#16792 = GEOMETRIC_CURVE_SET('',(#16793));
#16793 = TRIMMED_CURVE('',#16794,(#16798,PARAMETER_VALUE(1.)),(#16799,
    PARAMETER_VALUE(3.)),.T.,.PARAMETER.);
#16794 = LINE('',#16795,#16796);
#16795 = CARTESIAN_POINT('',(230.5,117.5,20.5));
#16796 = VECTOR('',#16797,1.);
#16797 = DIRECTION('',(0.,0.,1.));
#16798 = CARTESIAN_POINT('',(230.5,117.5,21.5));
#16799 = CARTESIAN_POINT('',(230.5,117.5,23.5));
#16800 = GEOMETRIC_CURVE_SET('',(#16801));
#16801 = TRIMMED_CURVE('',#16802,(#16806,PARAMETER_VALUE(1.)),(#16807,
    PARAMETER_VALUE(3.)),.T.,.PARAMETER.);
#16802 = LINE('',#16803,#16804);
#16803 = CARTESIAN_POINT('',(230.5,115.85,20.5));
#16804 = VECTOR('',#16805,1.);
#16805 = DIRECTION('',(0.,0.,1.));
#16806 = CARTESIAN_POINT('',(230.5,115.85,21.5));
#16807 = CARTESIAN_POINT('',(230.5,115.85,23.5));
#16808 = GEOMETRIC_CURVE_SET('',(#16809));
#16809 = TRIMMED_CURVE('',#16810,(#16814,PARAMETER_VALUE(11.675)),(
    #16815,PARAMETER_VALUE(13.325)),.T.,.PARAMETER.);
#16810 = LINE('',#16811,#16812);
#16811 = CARTESIAN_POINT('',(230.5,104.175,21.5));
#16812 = VECTOR('',#16813,1.);
#16813 = DIRECTION('',(0.,1.,0.));
#16814 = CARTESIAN_POINT('',(230.5,115.85,21.5));
#16815 = CARTESIAN_POINT('',(230.5,117.5,21.5));
#16816 = GEOMETRIC_CURVE_SET('',(#16817));
#16817 = TRIMMED_CURVE('',#16818,(#16822,PARAMETER_VALUE(1.)),(#16823,
    PARAMETER_VALUE(3.)),.T.,.PARAMETER.);
#16818 = LINE('',#16819,#16820);
#16819 = CARTESIAN_POINT('',(227.1,115.85,20.5));
#16820 = VECTOR('',#16821,1.);
#16821 = DIRECTION('',(0.,0.,1.));
#16822 = CARTESIAN_POINT('',(227.1,115.85,21.5));
#16823 = CARTESIAN_POINT('',(227.1,115.85,23.5));
#16824 = GEOMETRIC_CURVE_SET('',(#16825));
#16825 = TRIMMED_CURVE('',#16826,(#16831,PARAMETER_VALUE(3.14159265359))
  ,(#16832,PARAMETER_VALUE(6.28318530718)),.T.,.PARAMETER.);
#16826 = CIRCLE('',#16827,1.7);
#16827 = AXIS2_PLACEMENT_3D('',#16828,#16829,#16830);
#16828 = CARTESIAN_POINT('',(228.8,115.85,21.5));
#16829 = DIRECTION('',(0.,0.,-1.));
#16830 = DIRECTION('',(-1.,-0.,-0.));
#16831 = CARTESIAN_POINT('',(230.5,115.85,21.5));
#16832 = CARTESIAN_POINT('',(227.1,115.85,21.5));
#16833 = GEOMETRIC_CURVE_SET('',(#16834));
#16834 = TRIMMED_CURVE('',#16835,(#16839,PARAMETER_VALUE(1.)),(#16840,
    PARAMETER_VALUE(3.)),.T.,.PARAMETER.);
#16835 = LINE('',#16836,#16837);
#16836 = CARTESIAN_POINT('',(227.1,117.5,20.5));
#16837 = VECTOR('',#16838,1.);
#16838 = DIRECTION('',(0.,0.,1.));
#16839 = CARTESIAN_POINT('',(227.1,117.5,21.5));
#16840 = CARTESIAN_POINT('',(227.1,117.5,23.5));
#16841 = GEOMETRIC_CURVE_SET('',(#16842));
#16842 = TRIMMED_CURVE('',#16843,(#16847,PARAMETER_VALUE(11.675)),(
    #16848,PARAMETER_VALUE(13.325)),.T.,.PARAMETER.);
#16843 = LINE('',#16844,#16845);
#16844 = CARTESIAN_POINT('',(227.1,104.175,21.5));
#16845 = VECTOR('',#16846,1.);
#16846 = DIRECTION('',(0.,1.,0.));
#16847 = CARTESIAN_POINT('',(227.1,115.85,21.5));
#16848 = CARTESIAN_POINT('',(227.1,117.5,21.5));
#16849 = GEOMETRIC_CURVE_SET('',(#16850));
#16850 = TRIMMED_CURVE('',#16851,(#16855,PARAMETER_VALUE(23.9)),(#16856,
    PARAMETER_VALUE(26.85)),.T.,.PARAMETER.);
#16851 = LINE('',#16852,#16853);
#16852 = CARTESIAN_POINT('',(251.,117.5,21.5));
#16853 = VECTOR('',#16854,1.);
#16854 = DIRECTION('',(-1.,-0.,-0.));
#16855 = CARTESIAN_POINT('',(227.1,117.5,21.5));
#16856 = CARTESIAN_POINT('',(224.15,117.5,21.5));
#16857 = GEOMETRIC_CURVE_SET('',(#16858));
#16858 = TRIMMED_CURVE('',#16859,(#16863,PARAMETER_VALUE(1.)),(#16864,
    PARAMETER_VALUE(3.)),.T.,.PARAMETER.);
#16859 = LINE('',#16860,#16861);
#16860 = CARTESIAN_POINT('',(224.15,117.5,20.5));
#16861 = VECTOR('',#16862,1.);
#16862 = DIRECTION('',(0.,0.,1.));
#16863 = CARTESIAN_POINT('',(224.15,117.5,21.5));
#16864 = CARTESIAN_POINT('',(224.15,117.5,23.5));
#16865 = GEOMETRIC_CURVE_SET('',(#16866));
#16866 = TRIMMED_CURVE('',#16867,(#16871,PARAMETER_VALUE(1.)),(#16872,
    PARAMETER_VALUE(3.)),.T.,.PARAMETER.);
#16867 = LINE('',#16868,#16869);
#16868 = CARTESIAN_POINT('',(224.15,115.85,20.5));
#16869 = VECTOR('',#16870,1.);
#16870 = DIRECTION('',(0.,0.,1.));
#16871 = CARTESIAN_POINT('',(224.15,115.85,21.5));
#16872 = CARTESIAN_POINT('',(224.15,115.85,23.5));
#16873 = GEOMETRIC_CURVE_SET('',(#16874));
#16874 = TRIMMED_CURVE('',#16875,(#16879,PARAMETER_VALUE(11.675)),(
    #16880,PARAMETER_VALUE(13.325)),.T.,.PARAMETER.);
#16875 = LINE('',#16876,#16877);
#16876 = CARTESIAN_POINT('',(224.15,104.175,21.5));
#16877 = VECTOR('',#16878,1.);
#16878 = DIRECTION('',(0.,1.,0.));
#16879 = CARTESIAN_POINT('',(224.15,115.85,21.5));
#16880 = CARTESIAN_POINT('',(224.15,117.5,21.5));
#16881 = GEOMETRIC_CURVE_SET('',(#16882));
#16882 = TRIMMED_CURVE('',#16883,(#16887,PARAMETER_VALUE(1.)),(#16888,
    PARAMETER_VALUE(3.)),.T.,.PARAMETER.);
#16883 = LINE('',#16884,#16885);
#16884 = CARTESIAN_POINT('',(220.75,115.85,20.5));
#16885 = VECTOR('',#16886,1.);
#16886 = DIRECTION('',(0.,0.,1.));
#16887 = CARTESIAN_POINT('',(220.75,115.85,21.5));
#16888 = CARTESIAN_POINT('',(220.75,115.85,23.5));
#16889 = GEOMETRIC_CURVE_SET('',(#16890));
#16890 = TRIMMED_CURVE('',#16891,(#16896,PARAMETER_VALUE(3.14159265359))
  ,(#16897,PARAMETER_VALUE(6.28318530718)),.T.,.PARAMETER.);
#16891 = CIRCLE('',#16892,1.7);
#16892 = AXIS2_PLACEMENT_3D('',#16893,#16894,#16895);
#16893 = CARTESIAN_POINT('',(222.45,115.85,21.5));
#16894 = DIRECTION('',(0.,0.,-1.));
#16895 = DIRECTION('',(-1.,-0.,-0.));
#16896 = CARTESIAN_POINT('',(224.15,115.85,21.5));
#16897 = CARTESIAN_POINT('',(220.75,115.85,21.5));
#16898 = GEOMETRIC_CURVE_SET('',(#16899));
#16899 = TRIMMED_CURVE('',#16900,(#16904,PARAMETER_VALUE(1.)),(#16905,
    PARAMETER_VALUE(3.)),.T.,.PARAMETER.);
#16900 = LINE('',#16901,#16902);
#16901 = CARTESIAN_POINT('',(220.75,117.5,20.5));
#16902 = VECTOR('',#16903,1.);
#16903 = DIRECTION('',(0.,0.,1.));
#16904 = CARTESIAN_POINT('',(220.75,117.5,21.5));
#16905 = CARTESIAN_POINT('',(220.75,117.5,23.5));
#16906 = GEOMETRIC_CURVE_SET('',(#16907));
#16907 = TRIMMED_CURVE('',#16908,(#16912,PARAMETER_VALUE(11.675)),(
    #16913,PARAMETER_VALUE(13.325)),.T.,.PARAMETER.);
#16908 = LINE('',#16909,#16910);
#16909 = CARTESIAN_POINT('',(220.75,104.175,21.5));
#16910 = VECTOR('',#16911,1.);
#16911 = DIRECTION('',(0.,1.,0.));
#16912 = CARTESIAN_POINT('',(220.75,115.85,21.5));
#16913 = CARTESIAN_POINT('',(220.75,117.5,21.5));
#16914 = GEOMETRIC_CURVE_SET('',(#16915));
#16915 = TRIMMED_CURVE('',#16916,(#16920,PARAMETER_VALUE(30.25)),(#16921
    ,PARAMETER_VALUE(33.2)),.T.,.PARAMETER.);
#16916 = LINE('',#16917,#16918);
#16917 = CARTESIAN_POINT('',(251.,117.5,21.5));
#16918 = VECTOR('',#16919,1.);
#16919 = DIRECTION('',(-1.,-0.,-0.));
#16920 = CARTESIAN_POINT('',(220.75,117.5,21.5));
#16921 = CARTESIAN_POINT('',(217.8,117.5,21.5));
#16922 = GEOMETRIC_CURVE_SET('',(#16923));
#16923 = TRIMMED_CURVE('',#16924,(#16928,PARAMETER_VALUE(1.)),(#16929,
    PARAMETER_VALUE(3.)),.T.,.PARAMETER.);
#16924 = LINE('',#16925,#16926);
#16925 = CARTESIAN_POINT('',(217.8,117.5,20.5));
#16926 = VECTOR('',#16927,1.);
#16927 = DIRECTION('',(0.,0.,1.));
#16928 = CARTESIAN_POINT('',(217.8,117.5,21.5));
#16929 = CARTESIAN_POINT('',(217.8,117.5,23.5));
#16930 = GEOMETRIC_CURVE_SET('',(#16931));
#16931 = TRIMMED_CURVE('',#16932,(#16936,PARAMETER_VALUE(1.)),(#16937,
    PARAMETER_VALUE(3.)),.T.,.PARAMETER.);
#16932 = LINE('',#16933,#16934);
#16933 = CARTESIAN_POINT('',(217.8,115.85,20.5));
#16934 = VECTOR('',#16935,1.);
#16935 = DIRECTION('',(0.,0.,1.));
#16936 = CARTESIAN_POINT('',(217.8,115.85,21.5));
#16937 = CARTESIAN_POINT('',(217.8,115.85,23.5));
#16938 = GEOMETRIC_CURVE_SET('',(#16939));
#16939 = TRIMMED_CURVE('',#16940,(#16944,PARAMETER_VALUE(11.675)),(
    #16945,PARAMETER_VALUE(13.325)),.T.,.PARAMETER.);
#16940 = LINE('',#16941,#16942);
#16941 = CARTESIAN_POINT('',(217.8,104.175,21.5));
#16942 = VECTOR('',#16943,1.);
#16943 = DIRECTION('',(0.,1.,0.));
#16944 = CARTESIAN_POINT('',(217.8,115.85,21.5));
#16945 = CARTESIAN_POINT('',(217.8,117.5,21.5));
#16946 = GEOMETRIC_CURVE_SET('',(#16947));
#16947 = TRIMMED_CURVE('',#16948,(#16952,PARAMETER_VALUE(1.)),(#16953,
    PARAMETER_VALUE(3.)),.T.,.PARAMETER.);
#16948 = LINE('',#16949,#16950);
#16949 = CARTESIAN_POINT('',(214.4,115.85,20.5));
#16950 = VECTOR('',#16951,1.);
#16951 = DIRECTION('',(0.,0.,1.));
#16952 = CARTESIAN_POINT('',(214.4,115.85,21.5));
#16953 = CARTESIAN_POINT('',(214.4,115.85,23.5));
#16954 = GEOMETRIC_CURVE_SET('',(#16955));
#16955 = TRIMMED_CURVE('',#16956,(#16961,PARAMETER_VALUE(3.14159265359))
  ,(#16962,PARAMETER_VALUE(6.28318530718)),.T.,.PARAMETER.);
#16956 = CIRCLE('',#16957,1.7);
#16957 = AXIS2_PLACEMENT_3D('',#16958,#16959,#16960);
#16958 = CARTESIAN_POINT('',(216.1,115.85,21.5));
#16959 = DIRECTION('',(0.,0.,-1.));
#16960 = DIRECTION('',(-1.,-0.,-0.));
#16961 = CARTESIAN_POINT('',(217.8,115.85,21.5));
#16962 = CARTESIAN_POINT('',(214.4,115.85,21.5));
#16963 = GEOMETRIC_CURVE_SET('',(#16964));
#16964 = TRIMMED_CURVE('',#16965,(#16969,PARAMETER_VALUE(1.)),(#16970,
    PARAMETER_VALUE(3.)),.T.,.PARAMETER.);
#16965 = LINE('',#16966,#16967);
#16966 = CARTESIAN_POINT('',(214.4,117.5,20.5));
#16967 = VECTOR('',#16968,1.);
#16968 = DIRECTION('',(0.,0.,1.));
#16969 = CARTESIAN_POINT('',(214.4,117.5,21.5));
#16970 = CARTESIAN_POINT('',(214.4,117.5,23.5));
#16971 = GEOMETRIC_CURVE_SET('',(#16972));
#16972 = TRIMMED_CURVE('',#16973,(#16977,PARAMETER_VALUE(11.675)),(
    #16978,PARAMETER_VALUE(13.325)),.T.,.PARAMETER.);
#16973 = LINE('',#16974,#16975);
#16974 = CARTESIAN_POINT('',(214.4,104.175,21.5));
#16975 = VECTOR('',#16976,1.);
#16976 = DIRECTION('',(0.,1.,0.));
#16977 = CARTESIAN_POINT('',(214.4,115.85,21.5));
#16978 = CARTESIAN_POINT('',(214.4,117.5,21.5));
#16979 = GEOMETRIC_CURVE_SET('',(#16980));
#16980 = TRIMMED_CURVE('',#16981,(#16985,PARAMETER_VALUE(36.6)),(#16986,
    PARAMETER_VALUE(39.55)),.T.,.PARAMETER.);
#16981 = LINE('',#16982,#16983);
#16982 = CARTESIAN_POINT('',(251.,117.5,21.5));
#16983 = VECTOR('',#16984,1.);
#16984 = DIRECTION('',(-1.,-0.,-0.));
#16985 = CARTESIAN_POINT('',(214.4,117.5,21.5));
#16986 = CARTESIAN_POINT('',(211.45,117.5,21.5));
#16987 = GEOMETRIC_CURVE_SET('',(#16988));
#16988 = TRIMMED_CURVE('',#16989,(#16993,PARAMETER_VALUE(1.)),(#16994,
    PARAMETER_VALUE(3.)),.T.,.PARAMETER.);
#16989 = LINE('',#16990,#16991);
#16990 = CARTESIAN_POINT('',(211.45,117.5,20.5));
#16991 = VECTOR('',#16992,1.);
#16992 = DIRECTION('',(0.,0.,1.));
#16993 = CARTESIAN_POINT('',(211.45,117.5,21.5));
#16994 = CARTESIAN_POINT('',(211.45,117.5,23.5));
#16995 = GEOMETRIC_CURVE_SET('',(#16996));
#16996 = TRIMMED_CURVE('',#16997,(#17001,PARAMETER_VALUE(1.)),(#17002,
    PARAMETER_VALUE(3.)),.T.,.PARAMETER.);
#16997 = LINE('',#16998,#16999);
#16998 = CARTESIAN_POINT('',(211.45,115.85,20.5));
#16999 = VECTOR('',#17000,1.);
#17000 = DIRECTION('',(0.,0.,1.));
#17001 = CARTESIAN_POINT('',(211.45,115.85,21.5));
#17002 = CARTESIAN_POINT('',(211.45,115.85,23.5));
#17003 = GEOMETRIC_CURVE_SET('',(#17004));
#17004 = TRIMMED_CURVE('',#17005,(#17009,PARAMETER_VALUE(11.675)),(
    #17010,PARAMETER_VALUE(13.325)),.T.,.PARAMETER.);
#17005 = LINE('',#17006,#17007);
#17006 = CARTESIAN_POINT('',(211.45,104.175,21.5));
#17007 = VECTOR('',#17008,1.);
#17008 = DIRECTION('',(0.,1.,0.));
#17009 = CARTESIAN_POINT('',(211.45,115.85,21.5));
#17010 = CARTESIAN_POINT('',(211.45,117.5,21.5));
#17011 = GEOMETRIC_CURVE_SET('',(#17012));
#17012 = TRIMMED_CURVE('',#17013,(#17017,PARAMETER_VALUE(1.)),(#17018,
    PARAMETER_VALUE(3.)),.T.,.PARAMETER.);
#17013 = LINE('',#17014,#17015);
#17014 = CARTESIAN_POINT('',(208.05,115.85,20.5));
#17015 = VECTOR('',#17016,1.);
#17016 = DIRECTION('',(0.,0.,1.));
#17017 = CARTESIAN_POINT('',(208.05,115.85,21.5));
#17018 = CARTESIAN_POINT('',(208.05,115.85,23.5));
#17019 = GEOMETRIC_CURVE_SET('',(#17020));
#17020 = TRIMMED_CURVE('',#17021,(#17026,PARAMETER_VALUE(3.14159265359))
  ,(#17027,PARAMETER_VALUE(6.28318530718)),.T.,.PARAMETER.);
#17021 = CIRCLE('',#17022,1.7);
#17022 = AXIS2_PLACEMENT_3D('',#17023,#17024,#17025);
#17023 = CARTESIAN_POINT('',(209.75,115.85,21.5));
#17024 = DIRECTION('',(0.,0.,-1.));
#17025 = DIRECTION('',(-1.,-0.,-0.));
#17026 = CARTESIAN_POINT('',(211.45,115.85,21.5));
#17027 = CARTESIAN_POINT('',(208.05,115.85,21.5));
#17028 = GEOMETRIC_CURVE_SET('',(#17029));
#17029 = TRIMMED_CURVE('',#17030,(#17034,PARAMETER_VALUE(1.)),(#17035,
    PARAMETER_VALUE(3.)),.T.,.PARAMETER.);
#17030 = LINE('',#17031,#17032);
#17031 = CARTESIAN_POINT('',(208.05,117.5,20.5));
#17032 = VECTOR('',#17033,1.);
#17033 = DIRECTION('',(0.,0.,1.));
#17034 = CARTESIAN_POINT('',(208.05,117.5,21.5));
#17035 = CARTESIAN_POINT('',(208.05,117.5,23.5));
#17036 = GEOMETRIC_CURVE_SET('',(#17037));
#17037 = TRIMMED_CURVE('',#17038,(#17042,PARAMETER_VALUE(11.675)),(
    #17043,PARAMETER_VALUE(13.325)),.T.,.PARAMETER.);
#17038 = LINE('',#17039,#17040);
#17039 = CARTESIAN_POINT('',(208.05,104.175,21.5));
#17040 = VECTOR('',#17041,1.);
#17041 = DIRECTION('',(0.,1.,0.));
#17042 = CARTESIAN_POINT('',(208.05,115.85,21.5));
#17043 = CARTESIAN_POINT('',(208.05,117.5,21.5));
#17044 = GEOMETRIC_CURVE_SET('',(#17045));
#17045 = TRIMMED_CURVE('',#17046,(#17050,PARAMETER_VALUE(42.95)),(#17051
    ,PARAMETER_VALUE(52.)),.T.,.PARAMETER.);
#17046 = LINE('',#17047,#17048);
#17047 = CARTESIAN_POINT('',(251.,117.5,21.5));
#17048 = VECTOR('',#17049,1.);
#17049 = DIRECTION('',(-1.,-0.,-0.));
#17050 = CARTESIAN_POINT('',(208.05,117.5,21.5));
#17051 = CARTESIAN_POINT('',(199.,117.5,21.5));
#17052 = GEOMETRIC_CURVE_SET('',(#17053));
#17053 = TRIMMED_CURVE('',#17054,(#17058,PARAMETER_VALUE(0.)),(#17059,
    PARAMETER_VALUE(2.)),.T.,.PARAMETER.);
#17054 = LINE('',#17055,#17056);
#17055 = CARTESIAN_POINT('',(199.,117.5,21.5));
#17056 = VECTOR('',#17057,1.);
#17057 = DIRECTION('',(0.,0.,1.));
#17058 = CARTESIAN_POINT('',(199.,117.5,21.5));
#17059 = CARTESIAN_POINT('',(199.,117.5,23.5));
#17060 = GEOMETRIC_CURVE_SET('',(#17061));
#17061 = TRIMMED_CURVE('',#17062,(#17066,PARAMETER_VALUE(0.)),(#17067,
    PARAMETER_VALUE(2.)),.T.,.PARAMETER.);
#17062 = LINE('',#17063,#17064);
#17063 = CARTESIAN_POINT('',(199.,92.5,21.5));
#17064 = VECTOR('',#17065,1.);
#17065 = DIRECTION('',(0.,0.,1.));
#17066 = CARTESIAN_POINT('',(199.,92.5,21.5));
#17067 = CARTESIAN_POINT('',(199.,92.5,23.5));
#17068 = GEOMETRIC_CURVE_SET('',(#17069));
#17069 = TRIMMED_CURVE('',#17070,(#17074,PARAMETER_VALUE(0.)),(#17075,
    PARAMETER_VALUE(25.)),.T.,.PARAMETER.);
#17070 = LINE('',#17071,#17072);
#17071 = CARTESIAN_POINT('',(199.,92.5,21.5));
#17072 = VECTOR('',#17073,1.);
#17073 = DIRECTION('',(0.,1.,0.));
#17074 = CARTESIAN_POINT('',(199.,92.5,21.5));
#17075 = CARTESIAN_POINT('',(199.,117.5,21.5));
#17076 = GEOMETRIC_CURVE_SET('',(#17077));
#17077 = TRIMMED_CURVE('',#17078,(#17082,PARAMETER_VALUE(42.95)),(#17083
    ,PARAMETER_VALUE(52.)),.T.,.PARAMETER.);
#17078 = LINE('',#17079,#17080);
#17079 = CARTESIAN_POINT('',(251.,92.5,21.5));
#17080 = VECTOR('',#17081,1.);
#17081 = DIRECTION('',(-1.,-0.,-0.));
#17082 = CARTESIAN_POINT('',(208.05,92.5,21.5));
#17083 = CARTESIAN_POINT('',(199.,92.5,21.5));
#17084 = GEOMETRIC_CURVE_SET('',(#17085));
#17085 = TRIMMED_CURVE('',#17086,(#17090,PARAMETER_VALUE(1.)),(#17091,
    PARAMETER_VALUE(3.)),.T.,.PARAMETER.);
#17086 = LINE('',#17087,#17088);
#17087 = CARTESIAN_POINT('',(208.05,92.5,20.5));
#17088 = VECTOR('',#17089,1.);
#17089 = DIRECTION('',(0.,0.,1.));
#17090 = CARTESIAN_POINT('',(208.05,92.5,21.5));
#17091 = CARTESIAN_POINT('',(208.05,92.5,23.5));
#17092 = GEOMETRIC_CURVE_SET('',(#17093));
#17093 = TRIMMED_CURVE('',#17094,(#17098,PARAMETER_VALUE(1.)),(#17099,
    PARAMETER_VALUE(3.)),.T.,.PARAMETER.);
#17094 = LINE('',#17095,#17096);
#17095 = CARTESIAN_POINT('',(208.05,94.15,20.5));
#17096 = VECTOR('',#17097,1.);
#17097 = DIRECTION('',(0.,0.,1.));
#17098 = CARTESIAN_POINT('',(208.05,94.15,21.5));
#17099 = CARTESIAN_POINT('',(208.05,94.15,23.5));
#17100 = GEOMETRIC_CURVE_SET('',(#17101));
#17101 = TRIMMED_CURVE('',#17102,(#17106,PARAMETER_VALUE(0.)),(#17107,
    PARAMETER_VALUE(1.65)),.T.,.PARAMETER.);
#17102 = LINE('',#17103,#17104);
#17103 = CARTESIAN_POINT('',(208.05,92.5,21.5));
#17104 = VECTOR('',#17105,1.);
#17105 = DIRECTION('',(0.,1.,0.));
#17106 = CARTESIAN_POINT('',(208.05,92.5,21.5));
#17107 = CARTESIAN_POINT('',(208.05,94.15,21.5));
#17108 = GEOMETRIC_CURVE_SET('',(#17109));
#17109 = TRIMMED_CURVE('',#17110,(#17114,PARAMETER_VALUE(1.)),(#17115,
    PARAMETER_VALUE(3.)),.T.,.PARAMETER.);
#17110 = LINE('',#17111,#17112);
#17111 = CARTESIAN_POINT('',(211.45,94.15,20.5));
#17112 = VECTOR('',#17113,1.);
#17113 = DIRECTION('',(0.,0.,1.));
#17114 = CARTESIAN_POINT('',(211.45,94.15,21.5));
#17115 = CARTESIAN_POINT('',(211.45,94.15,23.5));
#17116 = GEOMETRIC_CURVE_SET('',(#17117));
#17117 = TRIMMED_CURVE('',#17118,(#17123,PARAMETER_VALUE(0.)),(#17124,
    PARAMETER_VALUE(3.14159265359)),.T.,.PARAMETER.);
#17118 = CIRCLE('',#17119,1.7);
#17119 = AXIS2_PLACEMENT_3D('',#17120,#17121,#17122);
#17120 = CARTESIAN_POINT('',(209.75,94.15,21.5));
#17121 = DIRECTION('',(0.,0.,-1.));
#17122 = DIRECTION('',(-1.,-0.,-0.));
#17123 = CARTESIAN_POINT('',(208.05,94.15,21.5));
#17124 = CARTESIAN_POINT('',(211.45,94.15,21.5));
#17125 = GEOMETRIC_CURVE_SET('',(#17126));
#17126 = TRIMMED_CURVE('',#17127,(#17131,PARAMETER_VALUE(1.)),(#17132,
    PARAMETER_VALUE(3.)),.T.,.PARAMETER.);
#17127 = LINE('',#17128,#17129);
#17128 = CARTESIAN_POINT('',(211.45,92.5,20.5));
#17129 = VECTOR('',#17130,1.);
#17130 = DIRECTION('',(0.,0.,1.));
#17131 = CARTESIAN_POINT('',(211.45,92.5,21.5));
#17132 = CARTESIAN_POINT('',(211.45,92.5,23.5));
#17133 = GEOMETRIC_CURVE_SET('',(#17134));
#17134 = TRIMMED_CURVE('',#17135,(#17139,PARAMETER_VALUE(0.)),(#17140,
    PARAMETER_VALUE(1.65)),.T.,.PARAMETER.);
#17135 = LINE('',#17136,#17137);
#17136 = CARTESIAN_POINT('',(211.45,92.5,21.5));
#17137 = VECTOR('',#17138,1.);
#17138 = DIRECTION('',(0.,1.,0.));
#17139 = CARTESIAN_POINT('',(211.45,92.5,21.5));
#17140 = CARTESIAN_POINT('',(211.45,94.15,21.5));
#17141 = GEOMETRIC_CURVE_SET('',(#17142));
#17142 = TRIMMED_CURVE('',#17143,(#17147,PARAMETER_VALUE(36.6)),(#17148,
    PARAMETER_VALUE(39.55)),.T.,.PARAMETER.);
#17143 = LINE('',#17144,#17145);
#17144 = CARTESIAN_POINT('',(251.,92.5,21.5));
#17145 = VECTOR('',#17146,1.);
#17146 = DIRECTION('',(-1.,-0.,-0.));
#17147 = CARTESIAN_POINT('',(214.4,92.5,21.5));
#17148 = CARTESIAN_POINT('',(211.45,92.5,21.5));
#17149 = GEOMETRIC_CURVE_SET('',(#17150));
#17150 = TRIMMED_CURVE('',#17151,(#17155,PARAMETER_VALUE(1.)),(#17156,
    PARAMETER_VALUE(3.)),.T.,.PARAMETER.);
#17151 = LINE('',#17152,#17153);
#17152 = CARTESIAN_POINT('',(214.4,92.5,20.5));
#17153 = VECTOR('',#17154,1.);
#17154 = DIRECTION('',(0.,0.,1.));
#17155 = CARTESIAN_POINT('',(214.4,92.5,21.5));
#17156 = CARTESIAN_POINT('',(214.4,92.5,23.5));
#17157 = GEOMETRIC_CURVE_SET('',(#17158));
#17158 = TRIMMED_CURVE('',#17159,(#17163,PARAMETER_VALUE(1.)),(#17164,
    PARAMETER_VALUE(3.)),.T.,.PARAMETER.);
#17159 = LINE('',#17160,#17161);
#17160 = CARTESIAN_POINT('',(214.4,94.15,20.5));
#17161 = VECTOR('',#17162,1.);
#17162 = DIRECTION('',(0.,0.,1.));
#17163 = CARTESIAN_POINT('',(214.4,94.15,21.5));
#17164 = CARTESIAN_POINT('',(214.4,94.15,23.5));
#17165 = GEOMETRIC_CURVE_SET('',(#17166));
#17166 = TRIMMED_CURVE('',#17167,(#17171,PARAMETER_VALUE(0.)),(#17172,
    PARAMETER_VALUE(1.65)),.T.,.PARAMETER.);
#17167 = LINE('',#17168,#17169);
#17168 = CARTESIAN_POINT('',(214.4,92.5,21.5));
#17169 = VECTOR('',#17170,1.);
#17170 = DIRECTION('',(0.,1.,0.));
#17171 = CARTESIAN_POINT('',(214.4,92.5,21.5));
#17172 = CARTESIAN_POINT('',(214.4,94.15,21.5));
#17173 = GEOMETRIC_CURVE_SET('',(#17174));
#17174 = TRIMMED_CURVE('',#17175,(#17179,PARAMETER_VALUE(1.)),(#17180,
    PARAMETER_VALUE(3.)),.T.,.PARAMETER.);
#17175 = LINE('',#17176,#17177);
#17176 = CARTESIAN_POINT('',(217.8,94.15,20.5));
#17177 = VECTOR('',#17178,1.);
#17178 = DIRECTION('',(0.,0.,1.));
#17179 = CARTESIAN_POINT('',(217.8,94.15,21.5));
#17180 = CARTESIAN_POINT('',(217.8,94.15,23.5));
#17181 = GEOMETRIC_CURVE_SET('',(#17182));
#17182 = TRIMMED_CURVE('',#17183,(#17188,PARAMETER_VALUE(0.)),(#17189,
    PARAMETER_VALUE(3.14159265359)),.T.,.PARAMETER.);
#17183 = CIRCLE('',#17184,1.7);
#17184 = AXIS2_PLACEMENT_3D('',#17185,#17186,#17187);
#17185 = CARTESIAN_POINT('',(216.1,94.15,21.5));
#17186 = DIRECTION('',(0.,0.,-1.));
#17187 = DIRECTION('',(-1.,-0.,-0.));
#17188 = CARTESIAN_POINT('',(214.4,94.15,21.5));
#17189 = CARTESIAN_POINT('',(217.8,94.15,21.5));
#17190 = GEOMETRIC_CURVE_SET('',(#17191));
#17191 = TRIMMED_CURVE('',#17192,(#17196,PARAMETER_VALUE(1.)),(#17197,
    PARAMETER_VALUE(3.)),.T.,.PARAMETER.);
#17192 = LINE('',#17193,#17194);
#17193 = CARTESIAN_POINT('',(217.8,92.5,20.5));
#17194 = VECTOR('',#17195,1.);
#17195 = DIRECTION('',(0.,0.,1.));
#17196 = CARTESIAN_POINT('',(217.8,92.5,21.5));
#17197 = CARTESIAN_POINT('',(217.8,92.5,23.5));
#17198 = GEOMETRIC_CURVE_SET('',(#17199));
#17199 = TRIMMED_CURVE('',#17200,(#17204,PARAMETER_VALUE(0.)),(#17205,
    PARAMETER_VALUE(1.65)),.T.,.PARAMETER.);
#17200 = LINE('',#17201,#17202);
#17201 = CARTESIAN_POINT('',(217.8,92.5,21.5));
#17202 = VECTOR('',#17203,1.);
#17203 = DIRECTION('',(0.,1.,0.));
#17204 = CARTESIAN_POINT('',(217.8,92.5,21.5));
#17205 = CARTESIAN_POINT('',(217.8,94.15,21.5));
#17206 = GEOMETRIC_CURVE_SET('',(#17207));
#17207 = TRIMMED_CURVE('',#17208,(#17212,PARAMETER_VALUE(30.25)),(#17213
    ,PARAMETER_VALUE(33.2)),.T.,.PARAMETER.);
#17208 = LINE('',#17209,#17210);
#17209 = CARTESIAN_POINT('',(251.,92.5,21.5));
#17210 = VECTOR('',#17211,1.);
#17211 = DIRECTION('',(-1.,-0.,-0.));
#17212 = CARTESIAN_POINT('',(220.75,92.5,21.5));
#17213 = CARTESIAN_POINT('',(217.8,92.5,21.5));
#17214 = GEOMETRIC_CURVE_SET('',(#17215));
#17215 = TRIMMED_CURVE('',#17216,(#17220,PARAMETER_VALUE(1.)),(#17221,
    PARAMETER_VALUE(3.)),.T.,.PARAMETER.);
#17216 = LINE('',#17217,#17218);
#17217 = CARTESIAN_POINT('',(220.75,92.5,20.5));
#17218 = VECTOR('',#17219,1.);
#17219 = DIRECTION('',(0.,0.,1.));
#17220 = CARTESIAN_POINT('',(220.75,92.5,21.5));
#17221 = CARTESIAN_POINT('',(220.75,92.5,23.5));
#17222 = GEOMETRIC_CURVE_SET('',(#17223));
#17223 = TRIMMED_CURVE('',#17224,(#17228,PARAMETER_VALUE(1.)),(#17229,
    PARAMETER_VALUE(3.)),.T.,.PARAMETER.);
#17224 = LINE('',#17225,#17226);
#17225 = CARTESIAN_POINT('',(220.75,94.15,20.5));
#17226 = VECTOR('',#17227,1.);
#17227 = DIRECTION('',(0.,0.,1.));
#17228 = CARTESIAN_POINT('',(220.75,94.15,21.5));
#17229 = CARTESIAN_POINT('',(220.75,94.15,23.5));
#17230 = GEOMETRIC_CURVE_SET('',(#17231));
#17231 = TRIMMED_CURVE('',#17232,(#17236,PARAMETER_VALUE(0.)),(#17237,
    PARAMETER_VALUE(1.65)),.T.,.PARAMETER.);
#17232 = LINE('',#17233,#17234);
#17233 = CARTESIAN_POINT('',(220.75,92.5,21.5));
#17234 = VECTOR('',#17235,1.);
#17235 = DIRECTION('',(0.,1.,0.));
#17236 = CARTESIAN_POINT('',(220.75,92.5,21.5));
#17237 = CARTESIAN_POINT('',(220.75,94.15,21.5));
#17238 = GEOMETRIC_CURVE_SET('',(#17239));
#17239 = TRIMMED_CURVE('',#17240,(#17244,PARAMETER_VALUE(1.)),(#17245,
    PARAMETER_VALUE(3.)),.T.,.PARAMETER.);
#17240 = LINE('',#17241,#17242);
#17241 = CARTESIAN_POINT('',(224.15,94.15,20.5));
#17242 = VECTOR('',#17243,1.);
#17243 = DIRECTION('',(0.,0.,1.));
#17244 = CARTESIAN_POINT('',(224.15,94.15,21.5));
#17245 = CARTESIAN_POINT('',(224.15,94.15,23.5));
#17246 = GEOMETRIC_CURVE_SET('',(#17247));
#17247 = TRIMMED_CURVE('',#17248,(#17253,PARAMETER_VALUE(0.)),(#17254,
    PARAMETER_VALUE(3.14159265359)),.T.,.PARAMETER.);
#17248 = CIRCLE('',#17249,1.7);
#17249 = AXIS2_PLACEMENT_3D('',#17250,#17251,#17252);
#17250 = CARTESIAN_POINT('',(222.45,94.15,21.5));
#17251 = DIRECTION('',(0.,0.,-1.));
#17252 = DIRECTION('',(-1.,-0.,-0.));
#17253 = CARTESIAN_POINT('',(220.75,94.15,21.5));
#17254 = CARTESIAN_POINT('',(224.15,94.15,21.5));
#17255 = GEOMETRIC_CURVE_SET('',(#17256));
#17256 = TRIMMED_CURVE('',#17257,(#17261,PARAMETER_VALUE(1.)),(#17262,
    PARAMETER_VALUE(3.)),.T.,.PARAMETER.);
#17257 = LINE('',#17258,#17259);
#17258 = CARTESIAN_POINT('',(224.15,92.5,20.5));
#17259 = VECTOR('',#17260,1.);
#17260 = DIRECTION('',(0.,0.,1.));
#17261 = CARTESIAN_POINT('',(224.15,92.5,21.5));
#17262 = CARTESIAN_POINT('',(224.15,92.5,23.5));
#17263 = GEOMETRIC_CURVE_SET('',(#17264));
#17264 = TRIMMED_CURVE('',#17265,(#17269,PARAMETER_VALUE(0.)),(#17270,
    PARAMETER_VALUE(1.65)),.T.,.PARAMETER.);
#17265 = LINE('',#17266,#17267);
#17266 = CARTESIAN_POINT('',(224.15,92.5,21.5));
#17267 = VECTOR('',#17268,1.);
#17268 = DIRECTION('',(0.,1.,0.));
#17269 = CARTESIAN_POINT('',(224.15,92.5,21.5));
#17270 = CARTESIAN_POINT('',(224.15,94.15,21.5));
#17271 = GEOMETRIC_CURVE_SET('',(#17272));
#17272 = TRIMMED_CURVE('',#17273,(#17277,PARAMETER_VALUE(23.9)),(#17278,
    PARAMETER_VALUE(26.85)),.T.,.PARAMETER.);
#17273 = LINE('',#17274,#17275);
#17274 = CARTESIAN_POINT('',(251.,92.5,21.5));
#17275 = VECTOR('',#17276,1.);
#17276 = DIRECTION('',(-1.,-0.,-0.));
#17277 = CARTESIAN_POINT('',(227.1,92.5,21.5));
#17278 = CARTESIAN_POINT('',(224.15,92.5,21.5));
#17279 = GEOMETRIC_CURVE_SET('',(#17280));
#17280 = TRIMMED_CURVE('',#17281,(#17285,PARAMETER_VALUE(1.)),(#17286,
    PARAMETER_VALUE(3.)),.T.,.PARAMETER.);
#17281 = LINE('',#17282,#17283);
#17282 = CARTESIAN_POINT('',(227.1,92.5,20.5));
#17283 = VECTOR('',#17284,1.);
#17284 = DIRECTION('',(0.,0.,1.));
#17285 = CARTESIAN_POINT('',(227.1,92.5,21.5));
#17286 = CARTESIAN_POINT('',(227.1,92.5,23.5));
#17287 = GEOMETRIC_CURVE_SET('',(#17288));
#17288 = TRIMMED_CURVE('',#17289,(#17293,PARAMETER_VALUE(1.)),(#17294,
    PARAMETER_VALUE(3.)),.T.,.PARAMETER.);
#17289 = LINE('',#17290,#17291);
#17290 = CARTESIAN_POINT('',(227.1,94.15,20.5));
#17291 = VECTOR('',#17292,1.);
#17292 = DIRECTION('',(0.,0.,1.));
#17293 = CARTESIAN_POINT('',(227.1,94.15,21.5));
#17294 = CARTESIAN_POINT('',(227.1,94.15,23.5));
#17295 = GEOMETRIC_CURVE_SET('',(#17296));
#17296 = TRIMMED_CURVE('',#17297,(#17301,PARAMETER_VALUE(0.)),(#17302,
    PARAMETER_VALUE(1.65)),.T.,.PARAMETER.);
#17297 = LINE('',#17298,#17299);
#17298 = CARTESIAN_POINT('',(227.1,92.5,21.5));
#17299 = VECTOR('',#17300,1.);
#17300 = DIRECTION('',(0.,1.,0.));
#17301 = CARTESIAN_POINT('',(227.1,92.5,21.5));
#17302 = CARTESIAN_POINT('',(227.1,94.15,21.5));
#17303 = GEOMETRIC_CURVE_SET('',(#17304));
#17304 = TRIMMED_CURVE('',#17305,(#17309,PARAMETER_VALUE(1.)),(#17310,
    PARAMETER_VALUE(3.)),.T.,.PARAMETER.);
#17305 = LINE('',#17306,#17307);
#17306 = CARTESIAN_POINT('',(230.5,94.15,20.5));
#17307 = VECTOR('',#17308,1.);
#17308 = DIRECTION('',(0.,0.,1.));
#17309 = CARTESIAN_POINT('',(230.5,94.15,21.5));
#17310 = CARTESIAN_POINT('',(230.5,94.15,23.5));
#17311 = GEOMETRIC_CURVE_SET('',(#17312));
#17312 = TRIMMED_CURVE('',#17313,(#17318,PARAMETER_VALUE(0.)),(#17319,
    PARAMETER_VALUE(3.14159265359)),.T.,.PARAMETER.);
#17313 = CIRCLE('',#17314,1.7);
#17314 = AXIS2_PLACEMENT_3D('',#17315,#17316,#17317);
#17315 = CARTESIAN_POINT('',(228.8,94.15,21.5));
#17316 = DIRECTION('',(0.,0.,-1.));
#17317 = DIRECTION('',(-1.,-0.,-0.));
#17318 = CARTESIAN_POINT('',(227.1,94.15,21.5));
#17319 = CARTESIAN_POINT('',(230.5,94.15,21.5));
#17320 = GEOMETRIC_CURVE_SET('',(#17321));
#17321 = TRIMMED_CURVE('',#17322,(#17326,PARAMETER_VALUE(1.)),(#17327,
    PARAMETER_VALUE(3.)),.T.,.PARAMETER.);
#17322 = LINE('',#17323,#17324);
#17323 = CARTESIAN_POINT('',(230.5,92.5,20.5));
#17324 = VECTOR('',#17325,1.);
#17325 = DIRECTION('',(0.,0.,1.));
#17326 = CARTESIAN_POINT('',(230.5,92.5,21.5));
#17327 = CARTESIAN_POINT('',(230.5,92.5,23.5));
#17328 = GEOMETRIC_CURVE_SET('',(#17329));
#17329 = TRIMMED_CURVE('',#17330,(#17334,PARAMETER_VALUE(0.)),(#17335,
    PARAMETER_VALUE(1.65)),.T.,.PARAMETER.);
#17330 = LINE('',#17331,#17332);
#17331 = CARTESIAN_POINT('',(230.5,92.5,21.5));
#17332 = VECTOR('',#17333,1.);
#17333 = DIRECTION('',(0.,1.,0.));
#17334 = CARTESIAN_POINT('',(230.5,92.5,21.5));
#17335 = CARTESIAN_POINT('',(230.5,94.15,21.5));
#17336 = GEOMETRIC_CURVE_SET('',(#17337));
#17337 = TRIMMED_CURVE('',#17338,(#17342,PARAMETER_VALUE(17.55)),(#17343
    ,PARAMETER_VALUE(20.5)),.T.,.PARAMETER.);
#17338 = LINE('',#17339,#17340);
#17339 = CARTESIAN_POINT('',(251.,92.5,21.5));
#17340 = VECTOR('',#17341,1.);
#17341 = DIRECTION('',(-1.,-0.,-0.));
#17342 = CARTESIAN_POINT('',(233.45,92.5,21.5));
#17343 = CARTESIAN_POINT('',(230.5,92.5,21.5));
#17344 = GEOMETRIC_CURVE_SET('',(#17345));
#17345 = TRIMMED_CURVE('',#17346,(#17350,PARAMETER_VALUE(1.)),(#17351,
    PARAMETER_VALUE(3.)),.T.,.PARAMETER.);
#17346 = LINE('',#17347,#17348);
#17347 = CARTESIAN_POINT('',(233.45,92.5,20.5));
#17348 = VECTOR('',#17349,1.);
#17349 = DIRECTION('',(0.,0.,1.));
#17350 = CARTESIAN_POINT('',(233.45,92.5,21.5));
#17351 = CARTESIAN_POINT('',(233.45,92.5,23.5));
#17352 = GEOMETRIC_CURVE_SET('',(#17353));
#17353 = TRIMMED_CURVE('',#17354,(#17358,PARAMETER_VALUE(1.)),(#17359,
    PARAMETER_VALUE(3.)),.T.,.PARAMETER.);
#17354 = LINE('',#17355,#17356);
#17355 = CARTESIAN_POINT('',(233.45,94.15,20.5));
#17356 = VECTOR('',#17357,1.);
#17357 = DIRECTION('',(0.,0.,1.));
#17358 = CARTESIAN_POINT('',(233.45,94.15,21.5));
#17359 = CARTESIAN_POINT('',(233.45,94.15,23.5));
#17360 = GEOMETRIC_CURVE_SET('',(#17361));
#17361 = TRIMMED_CURVE('',#17362,(#17366,PARAMETER_VALUE(0.)),(#17367,
    PARAMETER_VALUE(1.65)),.T.,.PARAMETER.);
#17362 = LINE('',#17363,#17364);
#17363 = CARTESIAN_POINT('',(233.45,92.5,21.5));
#17364 = VECTOR('',#17365,1.);
#17365 = DIRECTION('',(0.,1.,0.));
#17366 = CARTESIAN_POINT('',(233.45,92.5,21.5));
#17367 = CARTESIAN_POINT('',(233.45,94.15,21.5));
#17368 = GEOMETRIC_CURVE_SET('',(#17369));
#17369 = TRIMMED_CURVE('',#17370,(#17374,PARAMETER_VALUE(1.)),(#17375,
    PARAMETER_VALUE(3.)),.T.,.PARAMETER.);
#17370 = LINE('',#17371,#17372);
#17371 = CARTESIAN_POINT('',(236.85,94.15,20.5));
#17372 = VECTOR('',#17373,1.);
#17373 = DIRECTION('',(0.,0.,1.));
#17374 = CARTESIAN_POINT('',(236.85,94.15,21.5));
#17375 = CARTESIAN_POINT('',(236.85,94.15,23.5));
#17376 = GEOMETRIC_CURVE_SET('',(#17377));
#17377 = TRIMMED_CURVE('',#17378,(#17383,PARAMETER_VALUE(0.)),(#17384,
    PARAMETER_VALUE(3.14159265359)),.T.,.PARAMETER.);
#17378 = CIRCLE('',#17379,1.7);
#17379 = AXIS2_PLACEMENT_3D('',#17380,#17381,#17382);
#17380 = CARTESIAN_POINT('',(235.15,94.15,21.5));
#17381 = DIRECTION('',(0.,0.,-1.));
#17382 = DIRECTION('',(-1.,-0.,-0.));
#17383 = CARTESIAN_POINT('',(233.45,94.15,21.5));
#17384 = CARTESIAN_POINT('',(236.85,94.15,21.5));
#17385 = GEOMETRIC_CURVE_SET('',(#17386));
#17386 = TRIMMED_CURVE('',#17387,(#17391,PARAMETER_VALUE(1.)),(#17392,
    PARAMETER_VALUE(3.)),.T.,.PARAMETER.);
#17387 = LINE('',#17388,#17389);
#17388 = CARTESIAN_POINT('',(236.85,92.5,20.5));
#17389 = VECTOR('',#17390,1.);
#17390 = DIRECTION('',(0.,0.,1.));
#17391 = CARTESIAN_POINT('',(236.85,92.5,21.5));
#17392 = CARTESIAN_POINT('',(236.85,92.5,23.5));
#17393 = GEOMETRIC_CURVE_SET('',(#17394));
#17394 = TRIMMED_CURVE('',#17395,(#17399,PARAMETER_VALUE(0.)),(#17400,
    PARAMETER_VALUE(1.65)),.T.,.PARAMETER.);
#17395 = LINE('',#17396,#17397);
#17396 = CARTESIAN_POINT('',(236.85,92.5,21.5));
#17397 = VECTOR('',#17398,1.);
#17398 = DIRECTION('',(0.,1.,0.));
#17399 = CARTESIAN_POINT('',(236.85,92.5,21.5));
#17400 = CARTESIAN_POINT('',(236.85,94.15,21.5));
#17401 = GEOMETRIC_CURVE_SET('',(#17402));
#17402 = TRIMMED_CURVE('',#17403,(#17407,PARAMETER_VALUE(11.2)),(#17408,
    PARAMETER_VALUE(14.15)),.T.,.PARAMETER.);
#17403 = LINE('',#17404,#17405);
#17404 = CARTESIAN_POINT('',(251.,92.5,21.5));
#17405 = VECTOR('',#17406,1.);
#17406 = DIRECTION('',(-1.,-0.,-0.));
#17407 = CARTESIAN_POINT('',(239.8,92.5,21.5));
#17408 = CARTESIAN_POINT('',(236.85,92.5,21.5));
#17409 = GEOMETRIC_CURVE_SET('',(#17410));
#17410 = TRIMMED_CURVE('',#17411,(#17415,PARAMETER_VALUE(1.)),(#17416,
    PARAMETER_VALUE(3.)),.T.,.PARAMETER.);
#17411 = LINE('',#17412,#17413);
#17412 = CARTESIAN_POINT('',(239.8,92.5,20.5));
#17413 = VECTOR('',#17414,1.);
#17414 = DIRECTION('',(0.,0.,1.));
#17415 = CARTESIAN_POINT('',(239.8,92.5,21.5));
#17416 = CARTESIAN_POINT('',(239.8,92.5,23.5));
#17417 = GEOMETRIC_CURVE_SET('',(#17418));
#17418 = TRIMMED_CURVE('',#17419,(#17423,PARAMETER_VALUE(1.)),(#17424,
    PARAMETER_VALUE(3.)),.T.,.PARAMETER.);
#17419 = LINE('',#17420,#17421);
#17420 = CARTESIAN_POINT('',(239.8,94.15,20.5));
#17421 = VECTOR('',#17422,1.);
#17422 = DIRECTION('',(0.,0.,1.));
#17423 = CARTESIAN_POINT('',(239.8,94.15,21.5));
#17424 = CARTESIAN_POINT('',(239.8,94.15,23.5));
#17425 = GEOMETRIC_CURVE_SET('',(#17426));
#17426 = TRIMMED_CURVE('',#17427,(#17431,PARAMETER_VALUE(0.)),(#17432,
    PARAMETER_VALUE(1.65)),.T.,.PARAMETER.);
#17427 = LINE('',#17428,#17429);
#17428 = CARTESIAN_POINT('',(239.8,92.5,21.5));
#17429 = VECTOR('',#17430,1.);
#17430 = DIRECTION('',(0.,1.,0.));
#17431 = CARTESIAN_POINT('',(239.8,92.5,21.5));
#17432 = CARTESIAN_POINT('',(239.8,94.15,21.5));
#17433 = GEOMETRIC_CURVE_SET('',(#17434));
#17434 = TRIMMED_CURVE('',#17435,(#17440,PARAMETER_VALUE(0.)),(#17441,
    PARAMETER_VALUE(3.14159265359)),.T.,.PARAMETER.);
#17435 = CIRCLE('',#17436,1.7);
#17436 = AXIS2_PLACEMENT_3D('',#17437,#17438,#17439);
#17437 = CARTESIAN_POINT('',(241.5,94.15,21.5));
#17438 = DIRECTION('',(0.,0.,-1.));
#17439 = DIRECTION('',(-1.,-0.,-0.));
#17440 = CARTESIAN_POINT('',(239.8,94.15,21.5));
#17441 = CARTESIAN_POINT('',(243.2,94.15,21.5));
#17442 = GEOMETRIC_CURVE_SET('',(#17443));
#17443 = TRIMMED_CURVE('',#17444,(#17448,PARAMETER_VALUE(1.)),(#17449,
    PARAMETER_VALUE(3.)),.T.,.PARAMETER.);
#17444 = LINE('',#17445,#17446);
#17445 = CARTESIAN_POINT('',(242.95,105.,20.5));
#17446 = VECTOR('',#17447,1.);
#17447 = DIRECTION('',(0.,0.,1.));
#17448 = CARTESIAN_POINT('',(242.95,105.,21.5));
#17449 = CARTESIAN_POINT('',(242.95,105.,23.5));
#17450 = GEOMETRIC_CURVE_SET('',(#17451));
#17451 = TRIMMED_CURVE('',#17452,(#17457,PARAMETER_VALUE(0.)),(#17458,
    PARAMETER_VALUE(6.28318530718)),.T.,.PARAMETER.);
#17452 = CIRCLE('',#17453,1.65);
#17453 = AXIS2_PLACEMENT_3D('',#17454,#17455,#17456);
#17454 = CARTESIAN_POINT('',(244.6,105.,21.5));
#17455 = DIRECTION('',(0.,0.,-1.));
#17456 = DIRECTION('',(-1.,-0.,-0.));
#17457 = CARTESIAN_POINT('',(242.95,105.,21.5));
#17458 = CARTESIAN_POINT('',(242.95,105.,21.5));
#17459 = GEOMETRIC_CURVE_SET('',(#17460));
#17460 = TRIMMED_CURVE('',#17461,(#17465,PARAMETER_VALUE(1.)),(#17466,
    PARAMETER_VALUE(3.)),.T.,.PARAMETER.);
#17461 = LINE('',#17462,#17463);
#17462 = CARTESIAN_POINT('',(236.6,105.,20.5));
#17463 = VECTOR('',#17464,1.);
#17464 = DIRECTION('',(0.,0.,1.));
#17465 = CARTESIAN_POINT('',(236.6,105.,21.5));
#17466 = CARTESIAN_POINT('',(236.6,105.,23.5));
#17467 = GEOMETRIC_CURVE_SET('',(#17468));
#17468 = TRIMMED_CURVE('',#17469,(#17474,PARAMETER_VALUE(0.)),(#17475,
    PARAMETER_VALUE(6.28318530718)),.T.,.PARAMETER.);
#17469 = CIRCLE('',#17470,1.65);
#17470 = AXIS2_PLACEMENT_3D('',#17471,#17472,#17473);
#17471 = CARTESIAN_POINT('',(238.25,105.,21.5));
#17472 = DIRECTION('',(0.,0.,-1.));
#17473 = DIRECTION('',(-1.,-0.,-0.));
#17474 = CARTESIAN_POINT('',(236.6,105.,21.5));
#17475 = CARTESIAN_POINT('',(236.6,105.,21.5));
#17476 = GEOMETRIC_CURVE_SET('',(#17477));
#17477 = TRIMMED_CURVE('',#17478,(#17482,PARAMETER_VALUE(1.)),(#17483,
    PARAMETER_VALUE(3.)),.T.,.PARAMETER.);
#17478 = LINE('',#17479,#17480);
#17479 = CARTESIAN_POINT('',(230.25,105.,20.5));
#17480 = VECTOR('',#17481,1.);
#17481 = DIRECTION('',(0.,0.,1.));
#17482 = CARTESIAN_POINT('',(230.25,105.,21.5));
#17483 = CARTESIAN_POINT('',(230.25,105.,23.5));
#17484 = GEOMETRIC_CURVE_SET('',(#17485));
#17485 = TRIMMED_CURVE('',#17486,(#17491,PARAMETER_VALUE(0.)),(#17492,
    PARAMETER_VALUE(6.28318530718)),.T.,.PARAMETER.);
#17486 = CIRCLE('',#17487,1.65);
#17487 = AXIS2_PLACEMENT_3D('',#17488,#17489,#17490);
#17488 = CARTESIAN_POINT('',(231.9,105.,21.5));
#17489 = DIRECTION('',(0.,0.,-1.));
#17490 = DIRECTION('',(-1.,-0.,-0.));
#17491 = CARTESIAN_POINT('',(230.25,105.,21.5));
#17492 = CARTESIAN_POINT('',(230.25,105.,21.5));
#17493 = GEOMETRIC_CURVE_SET('',(#17494));
#17494 = TRIMMED_CURVE('',#17495,(#17499,PARAMETER_VALUE(1.)),(#17500,
    PARAMETER_VALUE(3.)),.T.,.PARAMETER.);
#17495 = LINE('',#17496,#17497);
#17496 = CARTESIAN_POINT('',(223.9,105.,20.5));
#17497 = VECTOR('',#17498,1.);
#17498 = DIRECTION('',(0.,0.,1.));
#17499 = CARTESIAN_POINT('',(223.9,105.,21.5));
#17500 = CARTESIAN_POINT('',(223.9,105.,23.5));
#17501 = GEOMETRIC_CURVE_SET('',(#17502));
#17502 = TRIMMED_CURVE('',#17503,(#17508,PARAMETER_VALUE(0.)),(#17509,
    PARAMETER_VALUE(6.28318530718)),.T.,.PARAMETER.);
#17503 = CIRCLE('',#17504,1.65);
#17504 = AXIS2_PLACEMENT_3D('',#17505,#17506,#17507);
#17505 = CARTESIAN_POINT('',(225.55,105.,21.5));
#17506 = DIRECTION('',(0.,0.,-1.));
#17507 = DIRECTION('',(-1.,-0.,-0.));
#17508 = CARTESIAN_POINT('',(223.9,105.,21.5));
#17509 = CARTESIAN_POINT('',(223.9,105.,21.5));
#17510 = GEOMETRIC_CURVE_SET('',(#17511));
#17511 = TRIMMED_CURVE('',#17512,(#17516,PARAMETER_VALUE(1.)),(#17517,
    PARAMETER_VALUE(3.)),.T.,.PARAMETER.);
#17512 = LINE('',#17513,#17514);
#17513 = CARTESIAN_POINT('',(217.55,105.,20.5));
#17514 = VECTOR('',#17515,1.);
#17515 = DIRECTION('',(0.,0.,1.));
#17516 = CARTESIAN_POINT('',(217.55,105.,21.5));
#17517 = CARTESIAN_POINT('',(217.55,105.,23.5));
#17518 = GEOMETRIC_CURVE_SET('',(#17519));
#17519 = TRIMMED_CURVE('',#17520,(#17525,PARAMETER_VALUE(0.)),(#17526,
    PARAMETER_VALUE(6.28318530718)),.T.,.PARAMETER.);
#17520 = CIRCLE('',#17521,1.65);
#17521 = AXIS2_PLACEMENT_3D('',#17522,#17523,#17524);
#17522 = CARTESIAN_POINT('',(219.2,105.,21.5));
#17523 = DIRECTION('',(0.,0.,-1.));
#17524 = DIRECTION('',(-1.,-0.,-0.));
#17525 = CARTESIAN_POINT('',(217.55,105.,21.5));
#17526 = CARTESIAN_POINT('',(217.55,105.,21.5));
#17527 = GEOMETRIC_CURVE_SET('',(#17528));
#17528 = TRIMMED_CURVE('',#17529,(#17533,PARAMETER_VALUE(1.)),(#17534,
    PARAMETER_VALUE(3.)),.T.,.PARAMETER.);
#17529 = LINE('',#17530,#17531);
#17530 = CARTESIAN_POINT('',(211.2,105.,20.5));
#17531 = VECTOR('',#17532,1.);
#17532 = DIRECTION('',(0.,0.,1.));
#17533 = CARTESIAN_POINT('',(211.2,105.,21.5));
#17534 = CARTESIAN_POINT('',(211.2,105.,23.5));
#17535 = GEOMETRIC_CURVE_SET('',(#17536));
#17536 = TRIMMED_CURVE('',#17537,(#17542,PARAMETER_VALUE(0.)),(#17543,
    PARAMETER_VALUE(6.28318530718)),.T.,.PARAMETER.);
#17537 = CIRCLE('',#17538,1.65);
#17538 = AXIS2_PLACEMENT_3D('',#17539,#17540,#17541);
#17539 = CARTESIAN_POINT('',(212.85,105.,21.5));
#17540 = DIRECTION('',(0.,0.,-1.));
#17541 = DIRECTION('',(-1.,-0.,-0.));
#17542 = CARTESIAN_POINT('',(211.2,105.,21.5));
#17543 = CARTESIAN_POINT('',(211.2,105.,21.5));
#17544 = GEOMETRIC_CURVE_SET('',(#17545));
#17545 = TRIMMED_CURVE('',#17546,(#17550,PARAMETER_VALUE(1.)),(#17551,
    PARAMETER_VALUE(3.)),.T.,.PARAMETER.);
#17546 = LINE('',#17547,#17548);
#17547 = CARTESIAN_POINT('',(204.85,105.,20.5));
#17548 = VECTOR('',#17549,1.);
#17549 = DIRECTION('',(0.,0.,1.));
#17550 = CARTESIAN_POINT('',(204.85,105.,21.5));
#17551 = CARTESIAN_POINT('',(204.85,105.,23.5));
#17552 = GEOMETRIC_CURVE_SET('',(#17553));
#17553 = TRIMMED_CURVE('',#17554,(#17559,PARAMETER_VALUE(0.)),(#17560,
    PARAMETER_VALUE(6.28318530718)),.T.,.PARAMETER.);
#17554 = CIRCLE('',#17555,1.65);
#17555 = AXIS2_PLACEMENT_3D('',#17556,#17557,#17558);
#17556 = CARTESIAN_POINT('',(206.5,105.,21.5));
#17557 = DIRECTION('',(0.,0.,-1.));
#17558 = DIRECTION('',(-1.,-0.,-0.));
#17559 = CARTESIAN_POINT('',(204.85,105.,21.5));
#17560 = CARTESIAN_POINT('',(204.85,105.,21.5));
#17561 = GEOMETRIC_CURVE_SET('',(#17562));
#17562 = TRIMMED_CURVE('',#17563,(#17567,PARAMETER_VALUE(0.)),(#17568,
    PARAMETER_VALUE(7.8)),.T.,.PARAMETER.);
#17563 = LINE('',#17564,#17565);
#17564 = CARTESIAN_POINT('',(251.,92.5,21.5));
#17565 = VECTOR('',#17566,1.);
#17566 = DIRECTION('',(-1.,-0.,-0.));
#17567 = CARTESIAN_POINT('',(251.,92.5,21.5));
#17568 = CARTESIAN_POINT('',(243.2,92.5,21.5));
#17569 = GEOMETRIC_CURVE_SET('',(#17570));
#17570 = TRIMMED_CURVE('',#17571,(#17575,PARAMETER_VALUE(2.)),(#17576,
    PARAMETER_VALUE(14.5)),.T.,.PARAMETER.);
#17571 = LINE('',#17572,#17573);
#17572 = CARTESIAN_POINT('',(249.,92.5,21.5));
#17573 = VECTOR('',#17574,1.);
#17574 = DIRECTION('',(0.,0.,1.));
#17575 = CARTESIAN_POINT('',(249.,92.5,23.5));
#17576 = CARTESIAN_POINT('',(249.,92.5,36.));
#17577 = GEOMETRIC_CURVE_SET('',(#17578));
#17578 = TRIMMED_CURVE('',#17579,(#17583,PARAMETER_VALUE(0.)),(#17584,
    PARAMETER_VALUE(2.)),.T.,.PARAMETER.);
#17579 = LINE('',#17580,#17581);
#17580 = CARTESIAN_POINT('',(251.,92.5,36.));
#17581 = VECTOR('',#17582,1.);
#17582 = DIRECTION('',(-1.,-0.,-0.));
#17583 = CARTESIAN_POINT('',(251.,92.5,36.));
#17584 = CARTESIAN_POINT('',(249.,92.5,36.));
#17585 = GEOMETRIC_CURVE_SET('',(#17586));
#17586 = TRIMMED_CURVE('',#17587,(#17591,PARAMETER_VALUE(0.)),(#17592,
    PARAMETER_VALUE(14.5)),.T.,.PARAMETER.);
#17587 = LINE('',#17588,#17589);
#17588 = CARTESIAN_POINT('',(251.,92.5,21.5));
#17589 = VECTOR('',#17590,1.);
#17590 = DIRECTION('',(0.,0.,1.));
#17591 = CARTESIAN_POINT('',(251.,92.5,21.5));
#17592 = CARTESIAN_POINT('',(251.,92.5,36.));
#17593 = GEOMETRIC_CURVE_SET('',(#17594));
#17594 = TRIMMED_CURVE('',#17595,(#17600,PARAMETER_VALUE(0.)),(#17601,
    PARAMETER_VALUE(1.570796326795)),.T.,.PARAMETER.);
#17595 = CIRCLE('',#17596,3.75);
#17596 = AXIS2_PLACEMENT_3D('',#17597,#17598,#17599);
#17597 = CARTESIAN_POINT('',(249.,105.,36.));
#17598 = DIRECTION('',(1.,0.,0.));
#17599 = DIRECTION('',(0.,0.,1.));
#17600 = CARTESIAN_POINT('',(249.,105.,39.75));
#17601 = CARTESIAN_POINT('',(249.,101.25,36.));
#17602 = GEOMETRIC_CURVE_SET('',(#17603));
#17603 = TRIMMED_CURVE('',#17604,(#17609,PARAMETER_VALUE(1.570796326795)
    ),(#17610,PARAMETER_VALUE(4.712388980385)),.T.,.PARAMETER.);
#17604 = CIRCLE('',#17605,3.75);
#17605 = AXIS2_PLACEMENT_3D('',#17606,#17607,#17608);
#17606 = CARTESIAN_POINT('',(249.,105.,36.));
#17607 = DIRECTION('',(1.,0.,0.));
#17608 = DIRECTION('',(0.,0.,1.));
#17609 = CARTESIAN_POINT('',(249.,101.25,36.));
#17610 = CARTESIAN_POINT('',(249.,108.75,36.));
#17611 = GEOMETRIC_CURVE_SET('',(#17612));
#17612 = TRIMMED_CURVE('',#17613,(#17618,PARAMETER_VALUE(4.712388980385)
    ),(#17619,PARAMETER_VALUE(6.28318530718)),.T.,.PARAMETER.);
#17613 = CIRCLE('',#17614,3.75);
#17614 = AXIS2_PLACEMENT_3D('',#17615,#17616,#17617);
#17615 = CARTESIAN_POINT('',(249.,105.,36.));
#17616 = DIRECTION('',(1.,0.,0.));
#17617 = DIRECTION('',(0.,0.,1.));
#17618 = CARTESIAN_POINT('',(249.,108.75,36.));
#17619 = CARTESIAN_POINT('',(249.,105.,39.75));
#17620 = GEOMETRIC_CURVE_SET('',(#17621));
#17621 = TRIMMED_CURVE('',#17622,(#17626,PARAMETER_VALUE(1.)),(#17627,
    PARAMETER_VALUE(3.)),.T.,.PARAMETER.);
#17622 = LINE('',#17623,#17624);
#17623 = CARTESIAN_POINT('',(252.,105.,39.75));
#17624 = VECTOR('',#17625,1.);
#17625 = DIRECTION('',(-1.,-0.,-0.));
#17626 = CARTESIAN_POINT('',(251.,105.,39.75));
#17627 = CARTESIAN_POINT('',(249.,105.,39.75));
#17628 = GEOMETRIC_CURVE_SET('',(#17629));
#17629 = TRIMMED_CURVE('',#17630,(#17635,PARAMETER_VALUE(4.712388980385)
    ),(#17636,PARAMETER_VALUE(6.28318530718)),.T.,.PARAMETER.);
#17630 = CIRCLE('',#17631,3.75);
#17631 = AXIS2_PLACEMENT_3D('',#17632,#17633,#17634);
#17632 = CARTESIAN_POINT('',(251.,105.,36.));
#17633 = DIRECTION('',(1.,0.,0.));
#17634 = DIRECTION('',(0.,0.,1.));
#17635 = CARTESIAN_POINT('',(251.,108.75,36.));
#17636 = CARTESIAN_POINT('',(251.,105.,39.75));
#17637 = GEOMETRIC_CURVE_SET('',(#17638));
#17638 = TRIMMED_CURVE('',#17639,(#17644,PARAMETER_VALUE(1.570796326795)
    ),(#17645,PARAMETER_VALUE(4.712388980385)),.T.,.PARAMETER.);
#17639 = CIRCLE('',#17640,3.75);
#17640 = AXIS2_PLACEMENT_3D('',#17641,#17642,#17643);
#17641 = CARTESIAN_POINT('',(251.,105.,36.));
#17642 = DIRECTION('',(1.,0.,0.));
#17643 = DIRECTION('',(0.,0.,1.));
#17644 = CARTESIAN_POINT('',(251.,101.25,36.));
#17645 = CARTESIAN_POINT('',(251.,108.75,36.));
#17646 = GEOMETRIC_CURVE_SET('',(#17647));
#17647 = TRIMMED_CURVE('',#17648,(#17653,PARAMETER_VALUE(0.)),(#17654,
    PARAMETER_VALUE(1.570796326795)),.T.,.PARAMETER.);
#17648 = CIRCLE('',#17649,3.75);
#17649 = AXIS2_PLACEMENT_3D('',#17650,#17651,#17652);
#17650 = CARTESIAN_POINT('',(251.,105.,36.));
#17651 = DIRECTION('',(1.,0.,0.));
#17652 = DIRECTION('',(0.,0.,1.));
#17653 = CARTESIAN_POINT('',(251.,105.,39.75));
#17654 = CARTESIAN_POINT('',(251.,101.25,36.));
#17655 = GEOMETRIC_CURVE_SET('',(#17656));
#17656 = TRIMMED_CURVE('',#17657,(#17662,PARAMETER_VALUE(0.)),(#17663,
    PARAMETER_VALUE(1.570796326795)),.T.,.PARAMETER.);
#17657 = CIRCLE('',#17658,12.5);
#17658 = AXIS2_PLACEMENT_3D('',#17659,#17660,#17661);
#17659 = CARTESIAN_POINT('',(251.,105.,36.));
#17660 = DIRECTION('',(1.,0.,0.));
#17661 = DIRECTION('',(0.,0.,1.));
#17662 = CARTESIAN_POINT('',(251.,105.,48.5));
#17663 = CARTESIAN_POINT('',(251.,92.5,36.));
#17664 = GEOMETRIC_CURVE_SET('',(#17665));
#17665 = TRIMMED_CURVE('',#17666,(#17671,PARAMETER_VALUE(4.712388980385)
    ),(#17672,PARAMETER_VALUE(6.28318530718)),.T.,.PARAMETER.);
#17666 = CIRCLE('',#17667,12.5);
#17667 = AXIS2_PLACEMENT_3D('',#17668,#17669,#17670);
#17668 = CARTESIAN_POINT('',(251.,105.,36.));
#17669 = DIRECTION('',(1.,0.,0.));
#17670 = DIRECTION('',(0.,0.,1.));
#17671 = CARTESIAN_POINT('',(251.,117.5,36.));
#17672 = CARTESIAN_POINT('',(251.,105.,48.5));
#17673 = GEOMETRIC_CURVE_SET('',(#17674));
#17674 = TRIMMED_CURVE('',#17675,(#17679,PARAMETER_VALUE(0.)),(#17680,
    PARAMETER_VALUE(14.5)),.T.,.PARAMETER.);
#17675 = LINE('',#17676,#17677);
#17676 = CARTESIAN_POINT('',(251.,117.5,21.5));
#17677 = VECTOR('',#17678,1.);
#17678 = DIRECTION('',(0.,0.,1.));
#17679 = CARTESIAN_POINT('',(251.,117.5,21.5));
#17680 = CARTESIAN_POINT('',(251.,117.5,36.));
#17681 = GEOMETRIC_CURVE_SET('',(#17682));
#17682 = TRIMMED_CURVE('',#17683,(#17687,PARAMETER_VALUE(0.)),(#17688,
    PARAMETER_VALUE(25.)),.T.,.PARAMETER.);
#17683 = LINE('',#17684,#17685);
#17684 = CARTESIAN_POINT('',(251.,92.5,21.5));
#17685 = VECTOR('',#17686,1.);
#17686 = DIRECTION('',(0.,1.,0.));
#17687 = CARTESIAN_POINT('',(251.,92.5,21.5));
#17688 = CARTESIAN_POINT('',(251.,117.5,21.5));
#17689 = GEOMETRIC_CURVE_SET('',(#17690));
#17690 = TRIMMED_CURVE('',#17691,(#17696,PARAMETER_VALUE(1.570796326795)
    ),(#17697,PARAMETER_VALUE(4.712388980385)),.T.,.PARAMETER.);
#17691 = CIRCLE('',#17692,3.15);
#17692 = AXIS2_PLACEMENT_3D('',#17693,#17694,#17695);
#17693 = CARTESIAN_POINT('',(251.,96.5,36.));
#17694 = DIRECTION('',(1.,0.,0.));
#17695 = DIRECTION('',(0.,0.,1.));
#17696 = CARTESIAN_POINT('',(251.,93.35,36.));
#17697 = CARTESIAN_POINT('',(251.,99.65,36.));
#17698 = GEOMETRIC_CURVE_SET('',(#17699));
#17699 = TRIMMED_CURVE('',#17700,(#17705,PARAMETER_VALUE(4.712388980385)
    ),(#17706,PARAMETER_VALUE(6.28318530718)),.T.,.PARAMETER.);
#17700 = CIRCLE('',#17701,3.15);
#17701 = AXIS2_PLACEMENT_3D('',#17702,#17703,#17704);
#17702 = CARTESIAN_POINT('',(251.,96.5,36.));
#17703 = DIRECTION('',(1.,0.,0.));
#17704 = DIRECTION('',(0.,0.,1.));
#17705 = CARTESIAN_POINT('',(251.,99.65,36.));
#17706 = CARTESIAN_POINT('',(251.,96.5,39.15));
#17707 = GEOMETRIC_CURVE_SET('',(#17708));
#17708 = TRIMMED_CURVE('',#17709,(#17714,PARAMETER_VALUE(0.)),(#17715,
    PARAMETER_VALUE(1.570796326795)),.T.,.PARAMETER.);
#17709 = CIRCLE('',#17710,3.15);
#17710 = AXIS2_PLACEMENT_3D('',#17711,#17712,#17713);
#17711 = CARTESIAN_POINT('',(251.,96.5,36.));
#17712 = DIRECTION('',(1.,0.,0.));
#17713 = DIRECTION('',(0.,0.,1.));
#17714 = CARTESIAN_POINT('',(251.,96.5,39.15));
#17715 = CARTESIAN_POINT('',(251.,93.35,36.));
#17716 = GEOMETRIC_CURVE_SET('',(#17717));
#17717 = TRIMMED_CURVE('',#17718,(#17723,PARAMETER_VALUE(1.570796326795)
    ),(#17724,PARAMETER_VALUE(4.712388980385)),.T.,.PARAMETER.);
#17718 = CIRCLE('',#17719,3.15);
#17719 = AXIS2_PLACEMENT_3D('',#17720,#17721,#17722);
#17720 = CARTESIAN_POINT('',(251.,113.5,36.));
#17721 = DIRECTION('',(1.,0.,0.));
#17722 = DIRECTION('',(0.,0.,1.));
#17723 = CARTESIAN_POINT('',(251.,110.35,36.));
#17724 = CARTESIAN_POINT('',(251.,116.65,36.));
#17725 = GEOMETRIC_CURVE_SET('',(#17726));
#17726 = TRIMMED_CURVE('',#17727,(#17732,PARAMETER_VALUE(4.712388980385)
    ),(#17733,PARAMETER_VALUE(6.28318530718)),.T.,.PARAMETER.);
#17727 = CIRCLE('',#17728,3.15);
#17728 = AXIS2_PLACEMENT_3D('',#17729,#17730,#17731);
#17729 = CARTESIAN_POINT('',(251.,113.5,36.));
#17730 = DIRECTION('',(1.,0.,0.));
#17731 = DIRECTION('',(0.,0.,1.));
#17732 = CARTESIAN_POINT('',(251.,116.65,36.));
#17733 = CARTESIAN_POINT('',(251.,113.5,39.15));
#17734 = GEOMETRIC_CURVE_SET('',(#17735));
#17735 = TRIMMED_CURVE('',#17736,(#17741,PARAMETER_VALUE(0.)),(#17742,
    PARAMETER_VALUE(1.570796326795)),.T.,.PARAMETER.);
#17736 = CIRCLE('',#17737,3.15);
#17737 = AXIS2_PLACEMENT_3D('',#17738,#17739,#17740);
#17738 = CARTESIAN_POINT('',(251.,113.5,36.));
#17739 = DIRECTION('',(1.,0.,0.));
#17740 = DIRECTION('',(0.,0.,1.));
#17741 = CARTESIAN_POINT('',(251.,113.5,39.15));
#17742 = CARTESIAN_POINT('',(251.,110.35,36.));
#17743 = GEOMETRIC_CURVE_SET('',(#17744));
#17744 = TRIMMED_CURVE('',#17745,(#17750,PARAMETER_VALUE(0.)),(#17751,
    PARAMETER_VALUE(6.28318530718)),.T.,.PARAMETER.);
#17745 = CIRCLE('',#17746,1.65);
#17746 = AXIS2_PLACEMENT_3D('',#17747,#17748,#17749);
#17747 = CARTESIAN_POINT('',(251.,105.,27.5));
#17748 = DIRECTION('',(1.,0.,0.));
#17749 = DIRECTION('',(0.,0.,1.));
#17750 = CARTESIAN_POINT('',(251.,105.,29.15));
#17751 = CARTESIAN_POINT('',(251.,105.,29.15));
#17752 = GEOMETRIC_CURVE_SET('',(#17753));
#17753 = TRIMMED_CURVE('',#17754,(#17759,PARAMETER_VALUE(0.)),(#17760,
    PARAMETER_VALUE(6.28318530718)),.T.,.PARAMETER.);
#17754 = CIRCLE('',#17755,1.65);
#17755 = AXIS2_PLACEMENT_3D('',#17756,#17757,#17758);
#17756 = CARTESIAN_POINT('',(251.,105.,44.5));
#17757 = DIRECTION('',(1.,0.,0.));
#17758 = DIRECTION('',(0.,0.,1.));
#17759 = CARTESIAN_POINT('',(251.,105.,46.15));
#17760 = CARTESIAN_POINT('',(251.,105.,46.15));
#17761 = GEOMETRIC_CURVE_SET('',(#17762));
#17762 = TRIMMED_CURVE('',#17763,(#17767,PARAMETER_VALUE(0.)),(#17768,
    PARAMETER_VALUE(2.12132034356)),.T.,.PARAMETER.);
#17763 = LINE('',#17764,#17765);
#17764 = CARTESIAN_POINT('',(251.,96.5,39.15));
#17765 = VECTOR('',#17766,1.);
#17766 = DIRECTION('',(-0.707106781187,-1.731912112471E-16,
    -0.707106781187));
#17767 = CARTESIAN_POINT('',(251.,96.5,39.15));
#17768 = CARTESIAN_POINT('',(249.5,96.5,37.65));
#17769 = GEOMETRIC_CURVE_SET('',(#17770));
#17770 = TRIMMED_CURVE('',#17771,(#17776,PARAMETER_VALUE(0.)),(#17777,
    PARAMETER_VALUE(6.28318530718)),.T.,.PARAMETER.);
#17771 = CIRCLE('',#17772,1.65);
#17772 = AXIS2_PLACEMENT_3D('',#17773,#17774,#17775);
#17773 = CARTESIAN_POINT('',(249.5,96.5,36.));
#17774 = DIRECTION('',(1.,0.,0.));
#17775 = DIRECTION('',(0.,0.,1.));
#17776 = CARTESIAN_POINT('',(249.5,96.5,37.65));
#17777 = CARTESIAN_POINT('',(249.5,96.5,37.65));
#17778 = GEOMETRIC_CURVE_SET('',(#17779));
#17779 = TRIMMED_CURVE('',#17780,(#17784,PARAMETER_VALUE(2.5)),(#17785,
    PARAMETER_VALUE(3.)),.T.,.PARAMETER.);
#17780 = LINE('',#17781,#17782);
#17781 = CARTESIAN_POINT('',(252.,96.5,37.65));
#17782 = VECTOR('',#17783,1.);
#17783 = DIRECTION('',(-1.,-0.,-0.));
#17784 = CARTESIAN_POINT('',(249.5,96.5,37.65));
#17785 = CARTESIAN_POINT('',(249.,96.5,37.65));
#17786 = GEOMETRIC_CURVE_SET('',(#17787));
#17787 = TRIMMED_CURVE('',#17788,(#17793,PARAMETER_VALUE(0.)),(#17794,
    PARAMETER_VALUE(1.570796326795)),.T.,.PARAMETER.);
#17788 = CIRCLE('',#17789,1.65);
#17789 = AXIS2_PLACEMENT_3D('',#17790,#17791,#17792);
#17790 = CARTESIAN_POINT('',(249.,96.5,36.));
#17791 = DIRECTION('',(1.,0.,0.));
#17792 = DIRECTION('',(0.,0.,1.));
#17793 = CARTESIAN_POINT('',(249.,96.5,37.65));
#17794 = CARTESIAN_POINT('',(249.,94.85,36.));
#17795 = GEOMETRIC_CURVE_SET('',(#17796));
#17796 = TRIMMED_CURVE('',#17797,(#17802,PARAMETER_VALUE(1.570796326795)
    ),(#17803,PARAMETER_VALUE(4.712388980385)),.T.,.PARAMETER.);
#17797 = CIRCLE('',#17798,1.65);
#17798 = AXIS2_PLACEMENT_3D('',#17799,#17800,#17801);
#17799 = CARTESIAN_POINT('',(249.,96.5,36.));
#17800 = DIRECTION('',(1.,0.,0.));
#17801 = DIRECTION('',(0.,0.,1.));
#17802 = CARTESIAN_POINT('',(249.,94.85,36.));
#17803 = CARTESIAN_POINT('',(249.,98.15,36.));
#17804 = GEOMETRIC_CURVE_SET('',(#17805));
#17805 = TRIMMED_CURVE('',#17806,(#17811,PARAMETER_VALUE(4.712388980385)
    ),(#17812,PARAMETER_VALUE(6.28318530718)),.T.,.PARAMETER.);
#17806 = CIRCLE('',#17807,1.65);
#17807 = AXIS2_PLACEMENT_3D('',#17808,#17809,#17810);
#17808 = CARTESIAN_POINT('',(249.,96.5,36.));
#17809 = DIRECTION('',(1.,0.,0.));
#17810 = DIRECTION('',(0.,0.,1.));
#17811 = CARTESIAN_POINT('',(249.,98.15,36.));
#17812 = CARTESIAN_POINT('',(249.,96.5,37.65));
#17813 = GEOMETRIC_CURVE_SET('',(#17814));
#17814 = TRIMMED_CURVE('',#17815,(#17819,PARAMETER_VALUE(0.)),(#17820,
    PARAMETER_VALUE(2.12132034356)),.T.,.PARAMETER.);
#17815 = LINE('',#17816,#17817);
#17816 = CARTESIAN_POINT('',(251.,113.5,39.15));
#17817 = VECTOR('',#17818,1.);
#17818 = DIRECTION('',(-0.707106781187,-1.731912112471E-16,
    -0.707106781187));
#17819 = CARTESIAN_POINT('',(251.,113.5,39.15));
#17820 = CARTESIAN_POINT('',(249.5,113.5,37.65));
#17821 = GEOMETRIC_CURVE_SET('',(#17822));
#17822 = TRIMMED_CURVE('',#17823,(#17828,PARAMETER_VALUE(0.)),(#17829,
    PARAMETER_VALUE(6.28318530718)),.T.,.PARAMETER.);
#17823 = CIRCLE('',#17824,1.65);
#17824 = AXIS2_PLACEMENT_3D('',#17825,#17826,#17827);
#17825 = CARTESIAN_POINT('',(249.5,113.5,36.));
#17826 = DIRECTION('',(1.,0.,0.));
#17827 = DIRECTION('',(0.,0.,1.));
#17828 = CARTESIAN_POINT('',(249.5,113.5,37.65));
#17829 = CARTESIAN_POINT('',(249.5,113.5,37.65));
#17830 = GEOMETRIC_CURVE_SET('',(#17831));
#17831 = TRIMMED_CURVE('',#17832,(#17836,PARAMETER_VALUE(2.5)),(#17837,
    PARAMETER_VALUE(3.)),.T.,.PARAMETER.);
#17832 = LINE('',#17833,#17834);
#17833 = CARTESIAN_POINT('',(252.,113.5,37.65));
#17834 = VECTOR('',#17835,1.);
#17835 = DIRECTION('',(-1.,-0.,-0.));
#17836 = CARTESIAN_POINT('',(249.5,113.5,37.65));
#17837 = CARTESIAN_POINT('',(249.,113.5,37.65));
#17838 = GEOMETRIC_CURVE_SET('',(#17839));
#17839 = TRIMMED_CURVE('',#17840,(#17845,PARAMETER_VALUE(0.)),(#17846,
    PARAMETER_VALUE(1.570796326795)),.T.,.PARAMETER.);
#17840 = CIRCLE('',#17841,1.65);
#17841 = AXIS2_PLACEMENT_3D('',#17842,#17843,#17844);
#17842 = CARTESIAN_POINT('',(249.,113.5,36.));
#17843 = DIRECTION('',(1.,0.,0.));
#17844 = DIRECTION('',(0.,0.,1.));
#17845 = CARTESIAN_POINT('',(249.,113.5,37.65));
#17846 = CARTESIAN_POINT('',(249.,111.85,36.));
#17847 = GEOMETRIC_CURVE_SET('',(#17848));
#17848 = TRIMMED_CURVE('',#17849,(#17854,PARAMETER_VALUE(1.570796326795)
    ),(#17855,PARAMETER_VALUE(4.712388980385)),.T.,.PARAMETER.);
#17849 = CIRCLE('',#17850,1.65);
#17850 = AXIS2_PLACEMENT_3D('',#17851,#17852,#17853);
#17851 = CARTESIAN_POINT('',(249.,113.5,36.));
#17852 = DIRECTION('',(1.,0.,0.));
#17853 = DIRECTION('',(0.,0.,1.));
#17854 = CARTESIAN_POINT('',(249.,111.85,36.));
#17855 = CARTESIAN_POINT('',(249.,115.15,36.));
#17856 = GEOMETRIC_CURVE_SET('',(#17857));
#17857 = TRIMMED_CURVE('',#17858,(#17863,PARAMETER_VALUE(4.712388980385)
    ),(#17864,PARAMETER_VALUE(6.28318530718)),.T.,.PARAMETER.);
#17858 = CIRCLE('',#17859,1.65);
#17859 = AXIS2_PLACEMENT_3D('',#17860,#17861,#17862);
#17860 = CARTESIAN_POINT('',(249.,113.5,36.));
#17861 = DIRECTION('',(1.,0.,0.));
#17862 = DIRECTION('',(0.,0.,1.));
#17863 = CARTESIAN_POINT('',(249.,115.15,36.));
#17864 = CARTESIAN_POINT('',(249.,113.5,37.65));
#17865 = GEOMETRIC_CURVE_SET('',(#17866));
#17866 = TRIMMED_CURVE('',#17867,(#17872,PARAMETER_VALUE(0.)),(#17873,
    PARAMETER_VALUE(6.28318530718)),.T.,.PARAMETER.);
#17867 = CIRCLE('',#17868,1.65);
#17868 = AXIS2_PLACEMENT_3D('',#17869,#17870,#17871);
#17869 = CARTESIAN_POINT('',(249.,105.,27.5));
#17870 = DIRECTION('',(1.,0.,0.));
#17871 = DIRECTION('',(0.,0.,1.));
#17872 = CARTESIAN_POINT('',(249.,105.,29.15));
#17873 = CARTESIAN_POINT('',(249.,105.,29.15));
#17874 = GEOMETRIC_CURVE_SET('',(#17875));
#17875 = TRIMMED_CURVE('',#17876,(#17880,PARAMETER_VALUE(1.)),(#17881,
    PARAMETER_VALUE(3.)),.T.,.PARAMETER.);
#17876 = LINE('',#17877,#17878);
#17877 = CARTESIAN_POINT('',(252.,105.,29.15));
#17878 = VECTOR('',#17879,1.);
#17879 = DIRECTION('',(-1.,-0.,-0.));
#17880 = CARTESIAN_POINT('',(251.,105.,29.15));
#17881 = CARTESIAN_POINT('',(249.,105.,29.15));
#17882 = GEOMETRIC_CURVE_SET('',(#17883));
#17883 = TRIMMED_CURVE('',#17884,(#17889,PARAMETER_VALUE(0.)),(#17890,
    PARAMETER_VALUE(6.28318530718)),.T.,.PARAMETER.);
#17884 = CIRCLE('',#17885,1.65);
#17885 = AXIS2_PLACEMENT_3D('',#17886,#17887,#17888);
#17886 = CARTESIAN_POINT('',(249.,105.,44.5));
#17887 = DIRECTION('',(1.,0.,0.));
#17888 = DIRECTION('',(0.,0.,1.));
#17889 = CARTESIAN_POINT('',(249.,105.,46.15));
#17890 = CARTESIAN_POINT('',(249.,105.,46.15));
#17891 = GEOMETRIC_CURVE_SET('',(#17892));
#17892 = TRIMMED_CURVE('',#17893,(#17897,PARAMETER_VALUE(1.)),(#17898,
    PARAMETER_VALUE(3.)),.T.,.PARAMETER.);
#17893 = LINE('',#17894,#17895);
#17894 = CARTESIAN_POINT('',(252.,105.,46.15));
#17895 = VECTOR('',#17896,1.);
#17896 = DIRECTION('',(-1.,-0.,-0.));
#17897 = CARTESIAN_POINT('',(251.,105.,46.15));
#17898 = CARTESIAN_POINT('',(249.,105.,46.15));
#17899 = GEOMETRIC_CURVE_SET('',(#17900));
#17900 = TRIMMED_CURVE('',#17901,(#17905,PARAMETER_VALUE(0.)),(#17906,
    PARAMETER_VALUE(2.)),.T.,.PARAMETER.);
#17901 = LINE('',#17902,#17903);
#17902 = CARTESIAN_POINT('',(251.,117.5,36.));
#17903 = VECTOR('',#17904,1.);
#17904 = DIRECTION('',(-1.,-0.,-0.));
#17905 = CARTESIAN_POINT('',(251.,117.5,36.));
#17906 = CARTESIAN_POINT('',(249.,117.5,36.));
#17907 = GEOMETRIC_CURVE_SET('',(#17908));
#17908 = TRIMMED_CURVE('',#17909,(#17913,PARAMETER_VALUE(2.)),(#17914,
    PARAMETER_VALUE(14.5)),.T.,.PARAMETER.);
#17909 = LINE('',#17910,#17911);
#17910 = CARTESIAN_POINT('',(249.,117.5,21.5));
#17911 = VECTOR('',#17912,1.);
#17912 = DIRECTION('',(0.,0.,1.));
#17913 = CARTESIAN_POINT('',(249.,117.5,23.5));
#17914 = CARTESIAN_POINT('',(249.,117.5,36.));
#17915 = GEOMETRIC_CURVE_SET('',(#17916));
#17916 = TRIMMED_CURVE('',#17917,(#17921,PARAMETER_VALUE(0.)),(#17922,
    PARAMETER_VALUE(7.8)),.T.,.PARAMETER.);
#17917 = LINE('',#17918,#17919);
#17918 = CARTESIAN_POINT('',(251.,117.5,21.5));
#17919 = VECTOR('',#17920,1.);
#17920 = DIRECTION('',(-1.,-0.,-0.));
#17921 = CARTESIAN_POINT('',(251.,117.5,21.5));
#17922 = CARTESIAN_POINT('',(243.2,117.5,21.5));
#17923 = GEOMETRIC_CURVE_SET('',(#17924));
#17924 = TRIMMED_CURVE('',#17925,(#17930,PARAMETER_VALUE(4.712388980385)
    ),(#17931,PARAMETER_VALUE(6.28318530718)),.T.,.PARAMETER.);
#17925 = CIRCLE('',#17926,12.5);
#17926 = AXIS2_PLACEMENT_3D('',#17927,#17928,#17929);
#17927 = CARTESIAN_POINT('',(249.,105.,36.));
#17928 = DIRECTION('',(1.,0.,0.));
#17929 = DIRECTION('',(0.,0.,1.));
#17930 = CARTESIAN_POINT('',(249.,117.5,36.));
#17931 = CARTESIAN_POINT('',(249.,105.,48.5));
#17932 = GEOMETRIC_CURVE_SET('',(#17933));
#17933 = TRIMMED_CURVE('',#17934,(#17939,PARAMETER_VALUE(0.)),(#17940,
    PARAMETER_VALUE(1.570796326795)),.T.,.PARAMETER.);
#17934 = CIRCLE('',#17935,12.5);
#17935 = AXIS2_PLACEMENT_3D('',#17936,#17937,#17938);
#17936 = CARTESIAN_POINT('',(249.,105.,36.));
#17937 = DIRECTION('',(1.,0.,0.));
#17938 = DIRECTION('',(0.,0.,1.));
#17939 = CARTESIAN_POINT('',(249.,105.,48.5));
#17940 = CARTESIAN_POINT('',(249.,92.5,36.));
#17941 = GEOMETRIC_CURVE_SET('',(#17942));
#17942 = TRIMMED_CURVE('',#17943,(#17948,PARAMETER_VALUE(0.)),(#17949,
    PARAMETER_VALUE(6.28318530718)),.T.,.PARAMETER.);
#17943 = CIRCLE('',#17944,12.5);
#17944 = AXIS2_PLACEMENT_3D('',#17945,#17946,#17947);
#17945 = CARTESIAN_POINT('',(95.,105.,36.));
#17946 = DIRECTION('',(1.,0.,-0.));
#17947 = DIRECTION('',(0.,0.,1.));
#17948 = CARTESIAN_POINT('',(95.,105.,48.5));
#17949 = CARTESIAN_POINT('',(95.,105.,48.5));
#17950 = GEOMETRIC_CURVE_SET('',(#17951));
#17951 = TRIMMED_CURVE('',#17952,(#17956,PARAMETER_VALUE(0.)),(#17957,
    PARAMETER_VALUE(69.)),.T.,.PARAMETER.);
#17952 = LINE('',#17953,#17954);
#17953 = CARTESIAN_POINT('',(26.,105.,48.5));
#17954 = VECTOR('',#17955,1.);
#17955 = DIRECTION('',(1.,0.,0.));
#17956 = CARTESIAN_POINT('',(26.,105.,48.5));
#17957 = CARTESIAN_POINT('',(95.,105.,48.5));
#17958 = GEOMETRIC_CURVE_SET('',(#17959));
#17959 = TRIMMED_CURVE('',#17960,(#17965,PARAMETER_VALUE(0.)),(#17966,
    PARAMETER_VALUE(6.28318530718)),.T.,.PARAMETER.);
#17960 = CIRCLE('',#17961,12.5);
#17961 = AXIS2_PLACEMENT_3D('',#17962,#17963,#17964);
#17962 = CARTESIAN_POINT('',(26.,105.,36.));
#17963 = DIRECTION('',(1.,0.,-0.));
#17964 = DIRECTION('',(0.,0.,1.));
#17965 = CARTESIAN_POINT('',(26.,105.,48.5));
#17966 = CARTESIAN_POINT('',(26.,105.,48.5));
#17967 = GEOMETRIC_CURVE_SET('',(#17968));
#17968 = TRIMMED_CURVE('',#17969,(#17974,PARAMETER_VALUE(0.)),(#17975,
    PARAMETER_VALUE(6.28318530718)),.T.,.PARAMETER.);
#17969 = CIRCLE('',#17970,3.5);
#17970 = AXIS2_PLACEMENT_3D('',#17971,#17972,#17973);
#17971 = CARTESIAN_POINT('',(26.,105.,36.));
#17972 = DIRECTION('',(1.,0.,-0.));
#17973 = DIRECTION('',(0.,0.,1.));
#17974 = CARTESIAN_POINT('',(26.,105.,39.5));
#17975 = CARTESIAN_POINT('',(26.,105.,39.5));
#17976 = GEOMETRIC_CURVE_SET('',(#17977));
#17977 = TRIMMED_CURVE('',#17978,(#17982,PARAMETER_VALUE(0.)),(#17983,
    PARAMETER_VALUE(2.5)),.T.,.PARAMETER.);
#17978 = LINE('',#17979,#17980);
#17979 = CARTESIAN_POINT('',(23.5,105.,39.5));
#17980 = VECTOR('',#17981,1.);
#17981 = DIRECTION('',(1.,0.,0.));
#17982 = CARTESIAN_POINT('',(23.5,105.,39.5));
#17983 = CARTESIAN_POINT('',(26.,105.,39.5));
#17984 = GEOMETRIC_CURVE_SET('',(#17985));
#17985 = TRIMMED_CURVE('',#17986,(#17991,PARAMETER_VALUE(0.)),(#17992,
    PARAMETER_VALUE(6.28318530718)),.T.,.PARAMETER.);
#17986 = CIRCLE('',#17987,3.5);
#17987 = AXIS2_PLACEMENT_3D('',#17988,#17989,#17990);
#17988 = CARTESIAN_POINT('',(23.5,105.,36.));
#17989 = DIRECTION('',(1.,0.,-0.));
#17990 = DIRECTION('',(0.,0.,1.));
#17991 = CARTESIAN_POINT('',(23.5,105.,39.5));
#17992 = CARTESIAN_POINT('',(23.5,105.,39.5));
#17993 = GEOMETRIC_CURVE_SET('',(#17994));
#17994 = TRIMMED_CURVE('',#17995,(#18000,PARAMETER_VALUE(0.)),(#18001,
    PARAMETER_VALUE(6.28318530718)),.T.,.PARAMETER.);
#17995 = CIRCLE('',#17996,2.);
#17996 = AXIS2_PLACEMENT_3D('',#17997,#17998,#17999);
#17997 = CARTESIAN_POINT('',(23.5,105.,36.));
#17998 = DIRECTION('',(1.,0.,-0.));
#17999 = DIRECTION('',(0.,0.,1.));
#18000 = CARTESIAN_POINT('',(23.5,105.,38.));
#18001 = CARTESIAN_POINT('',(23.5,105.,38.));
#18002 = GEOMETRIC_CURVE_SET('',(#18003));
#18003 = TRIMMED_CURVE('',#18004,(#18008,PARAMETER_VALUE(0.)),(#18009,
    PARAMETER_VALUE(10.)),.T.,.PARAMETER.);
#18004 = LINE('',#18005,#18006);
#18005 = CARTESIAN_POINT('',(13.5,105.,38.));
#18006 = VECTOR('',#18007,1.);
#18007 = DIRECTION('',(1.,0.,0.));
#18008 = CARTESIAN_POINT('',(13.5,105.,38.));
#18009 = CARTESIAN_POINT('',(23.5,105.,38.));
#18010 = GEOMETRIC_CURVE_SET('',(#18011));
#18011 = TRIMMED_CURVE('',#18012,(#18017,PARAMETER_VALUE(0.)),(#18018,
    PARAMETER_VALUE(6.28318530718)),.T.,.PARAMETER.);
#18012 = CIRCLE('',#18013,2.);
#18013 = AXIS2_PLACEMENT_3D('',#18014,#18015,#18016);
#18014 = CARTESIAN_POINT('',(13.5,105.,36.));
#18015 = DIRECTION('',(1.,0.,-0.));
#18016 = DIRECTION('',(0.,0.,1.));
#18017 = CARTESIAN_POINT('',(13.5,105.,38.));
#18018 = CARTESIAN_POINT('',(13.5,105.,38.));
#18019 = GEOMETRIC_CURVE_SET('',(#18020));
#18020 = TRIMMED_CURVE('',#18021,(#18026,PARAMETER_VALUE(0.)),(#18027,
    PARAMETER_VALUE(6.28318530718)),.T.,.PARAMETER.);
#18021 = CIRCLE('',#18022,12.5);
#18022 = AXIS2_PLACEMENT_3D('',#18023,#18024,#18025);
#18023 = CARTESIAN_POINT('',(180.,105.,36.));
#18024 = DIRECTION('',(1.,0.,0.));
#18025 = DIRECTION('',(0.,0.,1.));
#18026 = CARTESIAN_POINT('',(180.,105.,48.5));
#18027 = CARTESIAN_POINT('',(180.,105.,48.5));
#18028 = GEOMETRIC_CURVE_SET('',(#18029));
#18029 = TRIMMED_CURVE('',#18030,(#18034,PARAMETER_VALUE(0.)),(#18035,
    PARAMETER_VALUE(69.)),.T.,.PARAMETER.);
#18030 = LINE('',#18031,#18032);
#18031 = CARTESIAN_POINT('',(249.,105.,48.5));
#18032 = VECTOR('',#18033,1.);
#18033 = DIRECTION('',(-1.,-0.,-0.));
#18034 = CARTESIAN_POINT('',(249.,105.,48.5));
#18035 = CARTESIAN_POINT('',(180.,105.,48.5));
#18036 = GEOMETRIC_CURVE_SET('',(#18037));
#18037 = TRIMMED_CURVE('',#18038,(#18043,PARAMETER_VALUE(0.)),(#18044,
    PARAMETER_VALUE(6.28318530718)),.T.,.PARAMETER.);
#18038 = CIRCLE('',#18039,12.5);
#18039 = AXIS2_PLACEMENT_3D('',#18040,#18041,#18042);
#18040 = CARTESIAN_POINT('',(249.,105.,36.));
#18041 = DIRECTION('',(1.,0.,0.));
#18042 = DIRECTION('',(0.,0.,1.));
#18043 = CARTESIAN_POINT('',(249.,105.,48.5));
#18044 = CARTESIAN_POINT('',(249.,105.,48.5));
#18045 = GEOMETRIC_CURVE_SET('',(#18046));
#18046 = TRIMMED_CURVE('',#18047,(#18052,PARAMETER_VALUE(0.)),(#18053,
    PARAMETER_VALUE(6.28318530718)),.T.,.PARAMETER.);
#18047 = CIRCLE('',#18048,3.5);
#18048 = AXIS2_PLACEMENT_3D('',#18049,#18050,#18051);
#18049 = CARTESIAN_POINT('',(249.,105.,36.));
#18050 = DIRECTION('',(1.,0.,0.));
#18051 = DIRECTION('',(0.,0.,1.));
#18052 = CARTESIAN_POINT('',(249.,105.,39.5));
#18053 = CARTESIAN_POINT('',(249.,105.,39.5));
#18054 = GEOMETRIC_CURVE_SET('',(#18055));
#18055 = TRIMMED_CURVE('',#18056,(#18060,PARAMETER_VALUE(0.)),(#18061,
    PARAMETER_VALUE(2.5)),.T.,.PARAMETER.);
#18056 = LINE('',#18057,#18058);
#18057 = CARTESIAN_POINT('',(251.5,105.,39.5));
#18058 = VECTOR('',#18059,1.);
#18059 = DIRECTION('',(-1.,-0.,-0.));
#18060 = CARTESIAN_POINT('',(251.5,105.,39.5));
#18061 = CARTESIAN_POINT('',(249.,105.,39.5));
#18062 = GEOMETRIC_CURVE_SET('',(#18063));
#18063 = TRIMMED_CURVE('',#18064,(#18069,PARAMETER_VALUE(0.)),(#18070,
    PARAMETER_VALUE(6.28318530718)),.T.,.PARAMETER.);
#18064 = CIRCLE('',#18065,3.5);
#18065 = AXIS2_PLACEMENT_3D('',#18066,#18067,#18068);
#18066 = CARTESIAN_POINT('',(251.5,105.,36.));
#18067 = DIRECTION('',(1.,0.,0.));
#18068 = DIRECTION('',(0.,0.,1.));
#18069 = CARTESIAN_POINT('',(251.5,105.,39.5));
#18070 = CARTESIAN_POINT('',(251.5,105.,39.5));
#18071 = GEOMETRIC_CURVE_SET('',(#18072));
#18072 = TRIMMED_CURVE('',#18073,(#18078,PARAMETER_VALUE(0.)),(#18079,
    PARAMETER_VALUE(6.28318530718)),.T.,.PARAMETER.);
#18073 = CIRCLE('',#18074,2.);
#18074 = AXIS2_PLACEMENT_3D('',#18075,#18076,#18077);
#18075 = CARTESIAN_POINT('',(251.5,105.,36.));
#18076 = DIRECTION('',(1.,0.,0.));
#18077 = DIRECTION('',(0.,0.,1.));
#18078 = CARTESIAN_POINT('',(251.5,105.,38.));
#18079 = CARTESIAN_POINT('',(251.5,105.,38.));
#18080 = GEOMETRIC_CURVE_SET('',(#18081));
#18081 = TRIMMED_CURVE('',#18082,(#18086,PARAMETER_VALUE(0.)),(#18087,
    PARAMETER_VALUE(10.)),.T.,.PARAMETER.);
#18082 = LINE('',#18083,#18084);
#18083 = CARTESIAN_POINT('',(261.5,105.,38.));
#18084 = VECTOR('',#18085,1.);
#18085 = DIRECTION('',(-1.,-0.,-0.));
#18086 = CARTESIAN_POINT('',(261.5,105.,38.));
#18087 = CARTESIAN_POINT('',(251.5,105.,38.));
#18088 = GEOMETRIC_CURVE_SET('',(#18089));
#18089 = TRIMMED_CURVE('',#18090,(#18095,PARAMETER_VALUE(0.)),(#18096,
    PARAMETER_VALUE(6.28318530718)),.T.,.PARAMETER.);
#18090 = CIRCLE('',#18091,2.);
#18091 = AXIS2_PLACEMENT_3D('',#18092,#18093,#18094);
#18092 = CARTESIAN_POINT('',(261.5,105.,36.));
#18093 = DIRECTION('',(1.,0.,0.));
#18094 = DIRECTION('',(0.,0.,1.));
#18095 = CARTESIAN_POINT('',(261.5,105.,38.));
#18096 = CARTESIAN_POINT('',(261.5,105.,38.));
#18097 = GEOMETRIC_CURVE_SET('',(#18098));
#18098 = TRIMMED_CURVE('',#18099,(#18104,PARAMETER_VALUE(0.)),(#18105,
    PARAMETER_VALUE(6.28318530718)),.T.,.PARAMETER.);
#18099 = CIRCLE('',#18100,1.5);
#18100 = AXIS2_PLACEMENT_3D('',#18101,#18102,#18103);
#18101 = CARTESIAN_POINT('',(25.5,96.5,36.));
#18102 = DIRECTION('',(1.,0.,-0.));
#18103 = DIRECTION('',(0.,0.,1.));
#18104 = CARTESIAN_POINT('',(25.5,96.5,37.5));
#18105 = CARTESIAN_POINT('',(25.5,96.5,37.5));
#18106 = GEOMETRIC_CURVE_SET('',(#18107));
#18107 = TRIMMED_CURVE('',#18108,(#18112,PARAMETER_VALUE(0.)),(#18113,
    PARAMETER_VALUE(2.12132034356)),.T.,.PARAMETER.);
#18108 = LINE('',#18109,#18110);
#18109 = CARTESIAN_POINT('',(24.,96.5,39.));
#18110 = VECTOR('',#18111,1.);
#18111 = DIRECTION('',(0.707106781187,-1.731912112471E-16,
    -0.707106781187));
#18112 = CARTESIAN_POINT('',(24.,96.5,39.));
#18113 = CARTESIAN_POINT('',(25.5,96.5,37.5));
#18114 = GEOMETRIC_CURVE_SET('',(#18115));
#18115 = TRIMMED_CURVE('',#18116,(#18121,PARAMETER_VALUE(0.)),(#18122,
    PARAMETER_VALUE(6.28318530718)),.T.,.PARAMETER.);
#18116 = CIRCLE('',#18117,3.);
#18117 = AXIS2_PLACEMENT_3D('',#18118,#18119,#18120);
#18118 = CARTESIAN_POINT('',(24.,96.5,36.));
#18119 = DIRECTION('',(1.,0.,-0.));
#18120 = DIRECTION('',(0.,0.,1.));
#18121 = CARTESIAN_POINT('',(24.,96.5,39.));
#18122 = CARTESIAN_POINT('',(24.,96.5,39.));
#18123 = GEOMETRIC_CURVE_SET('',(#18124));
#18124 = TRIMMED_CURVE('',#18125,(#18130,PARAMETER_VALUE(0.)),(#18131,
    PARAMETER_VALUE(6.28318530718)),.T.,.PARAMETER.);
#18125 = CIRCLE('',#18126,1.5);
#18126 = AXIS2_PLACEMENT_3D('',#18127,#18128,#18129);
#18127 = CARTESIAN_POINT('',(30.,96.5,36.));
#18128 = DIRECTION('',(1.,0.,-0.));
#18129 = DIRECTION('',(0.,0.,1.));
#18130 = CARTESIAN_POINT('',(30.,96.5,37.5));
#18131 = CARTESIAN_POINT('',(30.,96.5,37.5));
#18132 = GEOMETRIC_CURVE_SET('',(#18133));
#18133 = TRIMMED_CURVE('',#18134,(#18138,PARAMETER_VALUE(0.)),(#18139,
    PARAMETER_VALUE(4.5)),.T.,.PARAMETER.);
#18134 = LINE('',#18135,#18136);
#18135 = CARTESIAN_POINT('',(25.5,96.5,37.5));
#18136 = VECTOR('',#18137,1.);
#18137 = DIRECTION('',(1.,0.,0.));
#18138 = CARTESIAN_POINT('',(25.5,96.5,37.5));
#18139 = CARTESIAN_POINT('',(30.,96.5,37.5));
#18140 = GEOMETRIC_CURVE_SET('',(#18141));
#18141 = TRIMMED_CURVE('',#18142,(#18147,PARAMETER_VALUE(0.)),(#18148,
    PARAMETER_VALUE(6.28318530718)),.T.,.PARAMETER.);
#18142 = CIRCLE('',#18143,1.5);
#18143 = AXIS2_PLACEMENT_3D('',#18144,#18145,#18146);
#18144 = CARTESIAN_POINT('',(249.5,96.5,36.));
#18145 = DIRECTION('',(1.,0.,0.));
#18146 = DIRECTION('',(0.,0.,1.));
#18147 = CARTESIAN_POINT('',(249.5,96.5,37.5));
#18148 = CARTESIAN_POINT('',(249.5,96.5,37.5));
#18149 = GEOMETRIC_CURVE_SET('',(#18150));
#18150 = TRIMMED_CURVE('',#18151,(#18155,PARAMETER_VALUE(0.)),(#18156,
    PARAMETER_VALUE(2.12132034356)),.T.,.PARAMETER.);
#18151 = LINE('',#18152,#18153);
#18152 = CARTESIAN_POINT('',(251.,96.5,39.));
#18153 = VECTOR('',#18154,1.);
#18154 = DIRECTION('',(-0.707106781187,-1.731912112471E-16,
    -0.707106781187));
#18155 = CARTESIAN_POINT('',(251.,96.5,39.));
#18156 = CARTESIAN_POINT('',(249.5,96.5,37.5));
#18157 = GEOMETRIC_CURVE_SET('',(#18158));
#18158 = TRIMMED_CURVE('',#18159,(#18164,PARAMETER_VALUE(0.)),(#18165,
    PARAMETER_VALUE(6.28318530718)),.T.,.PARAMETER.);
#18159 = CIRCLE('',#18160,3.);
#18160 = AXIS2_PLACEMENT_3D('',#18161,#18162,#18163);
#18161 = CARTESIAN_POINT('',(251.,96.5,36.));
#18162 = DIRECTION('',(1.,0.,0.));
#18163 = DIRECTION('',(0.,0.,1.));
#18164 = CARTESIAN_POINT('',(251.,96.5,39.));
#18165 = CARTESIAN_POINT('',(251.,96.5,39.));
#18166 = GEOMETRIC_CURVE_SET('',(#18167));
#18167 = TRIMMED_CURVE('',#18168,(#18173,PARAMETER_VALUE(0.)),(#18174,
    PARAMETER_VALUE(6.28318530718)),.T.,.PARAMETER.);
#18168 = CIRCLE('',#18169,1.5);
#18169 = AXIS2_PLACEMENT_3D('',#18170,#18171,#18172);
#18170 = CARTESIAN_POINT('',(245.,96.5,36.));
#18171 = DIRECTION('',(1.,0.,0.));
#18172 = DIRECTION('',(0.,0.,1.));
#18173 = CARTESIAN_POINT('',(245.,96.5,37.5));
#18174 = CARTESIAN_POINT('',(245.,96.5,37.5));
#18175 = GEOMETRIC_CURVE_SET('',(#18176));
#18176 = TRIMMED_CURVE('',#18177,(#18181,PARAMETER_VALUE(0.)),(#18182,
    PARAMETER_VALUE(4.5)),.T.,.PARAMETER.);
#18177 = LINE('',#18178,#18179);
#18178 = CARTESIAN_POINT('',(249.5,96.5,37.5));
#18179 = VECTOR('',#18180,1.);
#18180 = DIRECTION('',(-1.,-0.,-0.));
#18181 = CARTESIAN_POINT('',(249.5,96.5,37.5));
#18182 = CARTESIAN_POINT('',(245.,96.5,37.5));
#18183 = GEOMETRIC_CURVE_SET('',(#18184));
#18184 = TRIMMED_CURVE('',#18185,(#18190,PARAMETER_VALUE(0.)),(#18191,
    PARAMETER_VALUE(6.28318530718)),.T.,.PARAMETER.);
#18185 = CIRCLE('',#18186,1.5);
#18186 = AXIS2_PLACEMENT_3D('',#18187,#18188,#18189);
#18187 = CARTESIAN_POINT('',(25.5,113.5,36.));
#18188 = DIRECTION('',(1.,0.,-0.));
#18189 = DIRECTION('',(0.,0.,1.));
#18190 = CARTESIAN_POINT('',(25.5,113.5,37.5));
#18191 = CARTESIAN_POINT('',(25.5,113.5,37.5));
#18192 = GEOMETRIC_CURVE_SET('',(#18193));
#18193 = TRIMMED_CURVE('',#18194,(#18198,PARAMETER_VALUE(0.)),(#18199,
    PARAMETER_VALUE(2.12132034356)),.T.,.PARAMETER.);
#18194 = LINE('',#18195,#18196);
#18195 = CARTESIAN_POINT('',(24.,113.5,39.));
#18196 = VECTOR('',#18197,1.);
#18197 = DIRECTION('',(0.707106781187,-1.731912112471E-16,
    -0.707106781187));
#18198 = CARTESIAN_POINT('',(24.,113.5,39.));
#18199 = CARTESIAN_POINT('',(25.5,113.5,37.5));
#18200 = GEOMETRIC_CURVE_SET('',(#18201));
#18201 = TRIMMED_CURVE('',#18202,(#18207,PARAMETER_VALUE(0.)),(#18208,
    PARAMETER_VALUE(6.28318530718)),.T.,.PARAMETER.);
#18202 = CIRCLE('',#18203,3.);
#18203 = AXIS2_PLACEMENT_3D('',#18204,#18205,#18206);
#18204 = CARTESIAN_POINT('',(24.,113.5,36.));
#18205 = DIRECTION('',(1.,0.,-0.));
#18206 = DIRECTION('',(0.,0.,1.));
#18207 = CARTESIAN_POINT('',(24.,113.5,39.));
#18208 = CARTESIAN_POINT('',(24.,113.5,39.));
#18209 = GEOMETRIC_CURVE_SET('',(#18210));
#18210 = TRIMMED_CURVE('',#18211,(#18216,PARAMETER_VALUE(0.)),(#18217,
    PARAMETER_VALUE(6.28318530718)),.T.,.PARAMETER.);
#18211 = CIRCLE('',#18212,1.5);
#18212 = AXIS2_PLACEMENT_3D('',#18213,#18214,#18215);
#18213 = CARTESIAN_POINT('',(30.,113.5,36.));
#18214 = DIRECTION('',(1.,0.,-0.));
#18215 = DIRECTION('',(0.,0.,1.));
#18216 = CARTESIAN_POINT('',(30.,113.5,37.5));
#18217 = CARTESIAN_POINT('',(30.,113.5,37.5));
#18218 = GEOMETRIC_CURVE_SET('',(#18219));
#18219 = TRIMMED_CURVE('',#18220,(#18224,PARAMETER_VALUE(0.)),(#18225,
    PARAMETER_VALUE(4.5)),.T.,.PARAMETER.);
#18220 = LINE('',#18221,#18222);
#18221 = CARTESIAN_POINT('',(25.5,113.5,37.5));
#18222 = VECTOR('',#18223,1.);
#18223 = DIRECTION('',(1.,0.,0.));
#18224 = CARTESIAN_POINT('',(25.5,113.5,37.5));
#18225 = CARTESIAN_POINT('',(30.,113.5,37.5));
#18226 = GEOMETRIC_CURVE_SET('',(#18227));
#18227 = TRIMMED_CURVE('',#18228,(#18233,PARAMETER_VALUE(0.)),(#18234,
    PARAMETER_VALUE(6.28318530718)),.T.,.PARAMETER.);
#18228 = CIRCLE('',#18229,1.5);
#18229 = AXIS2_PLACEMENT_3D('',#18230,#18231,#18232);
#18230 = CARTESIAN_POINT('',(249.5,113.5,36.));
#18231 = DIRECTION('',(1.,0.,0.));
#18232 = DIRECTION('',(0.,0.,1.));
#18233 = CARTESIAN_POINT('',(249.5,113.5,37.5));
#18234 = CARTESIAN_POINT('',(249.5,113.5,37.5));
#18235 = GEOMETRIC_CURVE_SET('',(#18236));
#18236 = TRIMMED_CURVE('',#18237,(#18241,PARAMETER_VALUE(0.)),(#18242,
    PARAMETER_VALUE(2.12132034356)),.T.,.PARAMETER.);
#18237 = LINE('',#18238,#18239);
#18238 = CARTESIAN_POINT('',(251.,113.5,39.));
#18239 = VECTOR('',#18240,1.);
#18240 = DIRECTION('',(-0.707106781187,-1.731912112471E-16,
    -0.707106781187));
#18241 = CARTESIAN_POINT('',(251.,113.5,39.));
#18242 = CARTESIAN_POINT('',(249.5,113.5,37.5));
#18243 = GEOMETRIC_CURVE_SET('',(#18244));
#18244 = TRIMMED_CURVE('',#18245,(#18250,PARAMETER_VALUE(0.)),(#18251,
    PARAMETER_VALUE(6.28318530718)),.T.,.PARAMETER.);
#18245 = CIRCLE('',#18246,3.);
#18246 = AXIS2_PLACEMENT_3D('',#18247,#18248,#18249);
#18247 = CARTESIAN_POINT('',(251.,113.5,36.));
#18248 = DIRECTION('',(1.,0.,0.));
#18249 = DIRECTION('',(0.,0.,1.));
#18250 = CARTESIAN_POINT('',(251.,113.5,39.));
#18251 = CARTESIAN_POINT('',(251.,113.5,39.));
#18252 = GEOMETRIC_CURVE_SET('',(#18253));
#18253 = TRIMMED_CURVE('',#18254,(#18259,PARAMETER_VALUE(0.)),(#18260,
    PARAMETER_VALUE(6.28318530718)),.T.,.PARAMETER.);
#18254 = CIRCLE('',#18255,1.5);
#18255 = AXIS2_PLACEMENT_3D('',#18256,#18257,#18258);
#18256 = CARTESIAN_POINT('',(245.,113.5,36.));
#18257 = DIRECTION('',(1.,0.,0.));
#18258 = DIRECTION('',(0.,0.,1.));
#18259 = CARTESIAN_POINT('',(245.,113.5,37.5));
#18260 = CARTESIAN_POINT('',(245.,113.5,37.5));
#18261 = GEOMETRIC_CURVE_SET('',(#18262));
#18262 = TRIMMED_CURVE('',#18263,(#18267,PARAMETER_VALUE(0.)),(#18268,
    PARAMETER_VALUE(4.5)),.T.,.PARAMETER.);
#18263 = LINE('',#18264,#18265);
#18264 = CARTESIAN_POINT('',(249.5,113.5,37.5));
#18265 = VECTOR('',#18266,1.);
#18266 = DIRECTION('',(-1.,-0.,-0.));
#18267 = CARTESIAN_POINT('',(249.5,113.5,37.5));
#18268 = CARTESIAN_POINT('',(245.,113.5,37.5));
#18269 = GEOMETRIC_CURVE_SET('',(#18270));
#18270 = TRIMMED_CURVE('',#18271,(#18276,PARAMETER_VALUE(0.)),(#18277,
    PARAMETER_VALUE(6.28318530718)),.T.,.PARAMETER.);
#18271 = CIRCLE('',#18272,36.);
#18272 = AXIS2_PLACEMENT_3D('',#18273,#18274,#18275);
#18273 = CARTESIAN_POINT('',(26.,105.,36.));
#18274 = DIRECTION('',(1.,0.,-0.));
#18275 = DIRECTION('',(0.,0.,1.));
#18276 = CARTESIAN_POINT('',(26.,105.,72.));
#18277 = CARTESIAN_POINT('',(26.,105.,72.));
#18278 = GEOMETRIC_CURVE_SET('',(#18279));
#18279 = TRIMMED_CURVE('',#18280,(#18284,PARAMETER_VALUE(0.)),(#18285,
    PARAMETER_VALUE(24.)),.T.,.PARAMETER.);
#18280 = LINE('',#18281,#18282);
#18281 = CARTESIAN_POINT('',(2.,105.,72.));
#18282 = VECTOR('',#18283,1.);
#18283 = DIRECTION('',(1.,0.,0.));
#18284 = CARTESIAN_POINT('',(2.,105.,72.));
#18285 = CARTESIAN_POINT('',(26.,105.,72.));
#18286 = GEOMETRIC_CURVE_SET('',(#18287));
#18287 = TRIMMED_CURVE('',#18288,(#18293,PARAMETER_VALUE(0.)),(#18294,
    PARAMETER_VALUE(6.28318530718)),.T.,.PARAMETER.);
#18288 = CIRCLE('',#18289,36.);
#18289 = AXIS2_PLACEMENT_3D('',#18290,#18291,#18292);
#18290 = CARTESIAN_POINT('',(2.,105.,36.));
#18291 = DIRECTION('',(1.,0.,-0.));
#18292 = DIRECTION('',(0.,0.,1.));
#18293 = CARTESIAN_POINT('',(2.,105.,72.));
#18294 = CARTESIAN_POINT('',(2.,105.,72.));
#18295 = GEOMETRIC_CURVE_SET('',(#18296));
#18296 = TRIMMED_CURVE('',#18297,(#18302,PARAMETER_VALUE(0.)),(#18303,
    PARAMETER_VALUE(6.28318530718)),.T.,.PARAMETER.);
#18297 = CIRCLE('',#18298,28.);
#18298 = AXIS2_PLACEMENT_3D('',#18299,#18300,#18301);
#18299 = CARTESIAN_POINT('',(26.,105.,36.));
#18300 = DIRECTION('',(1.,0.,-0.));
#18301 = DIRECTION('',(0.,0.,1.));
#18302 = CARTESIAN_POINT('',(26.,105.,64.));
#18303 = CARTESIAN_POINT('',(26.,105.,64.));
#18304 = GEOMETRIC_CURVE_SET('',(#18305));
#18305 = TRIMMED_CURVE('',#18306,(#18311,PARAMETER_VALUE(0.)),(#18312,
    PARAMETER_VALUE(6.28318530718)),.T.,.PARAMETER.);
#18306 = CIRCLE('',#18307,28.);
#18307 = AXIS2_PLACEMENT_3D('',#18308,#18309,#18310);
#18308 = CARTESIAN_POINT('',(2.,105.,36.));
#18309 = DIRECTION('',(1.,0.,-0.));
#18310 = DIRECTION('',(0.,0.,1.));
#18311 = CARTESIAN_POINT('',(2.,105.,64.));
#18312 = CARTESIAN_POINT('',(2.,105.,64.));
#18313 = GEOMETRIC_CURVE_SET('',(#18314));
#18314 = TRIMMED_CURVE('',#18315,(#18319,PARAMETER_VALUE(0.)),(#18320,
    PARAMETER_VALUE(24.)),.T.,.PARAMETER.);
#18315 = LINE('',#18316,#18317);
#18316 = CARTESIAN_POINT('',(2.,105.,64.));
#18317 = VECTOR('',#18318,1.);
#18318 = DIRECTION('',(1.,0.,0.));
#18319 = CARTESIAN_POINT('',(2.,105.,64.));
#18320 = CARTESIAN_POINT('',(26.,105.,64.));
#18321 = GEOMETRIC_CURVE_SET('',(#18322));
#18322 = TRIMMED_CURVE('',#18323,(#18328,PARAMETER_VALUE(0.)),(#18329,
    PARAMETER_VALUE(6.28318530718)),.T.,.PARAMETER.);
#18323 = CIRCLE('',#18324,36.);
#18324 = AXIS2_PLACEMENT_3D('',#18325,#18326,#18327);
#18325 = CARTESIAN_POINT('',(249.,105.,36.));
#18326 = DIRECTION('',(1.,0.,0.));
#18327 = DIRECTION('',(0.,0.,1.));
#18328 = CARTESIAN_POINT('',(249.,105.,72.));
#18329 = CARTESIAN_POINT('',(249.,105.,72.));
#18330 = GEOMETRIC_CURVE_SET('',(#18331));
#18331 = TRIMMED_CURVE('',#18332,(#18336,PARAMETER_VALUE(0.)),(#18337,
    PARAMETER_VALUE(24.)),.T.,.PARAMETER.);
#18332 = LINE('',#18333,#18334);
#18333 = CARTESIAN_POINT('',(273.,105.,72.));
#18334 = VECTOR('',#18335,1.);
#18335 = DIRECTION('',(-1.,-0.,-0.));
#18336 = CARTESIAN_POINT('',(273.,105.,72.));
#18337 = CARTESIAN_POINT('',(249.,105.,72.));
#18338 = GEOMETRIC_CURVE_SET('',(#18339));
#18339 = TRIMMED_CURVE('',#18340,(#18345,PARAMETER_VALUE(0.)),(#18346,
    PARAMETER_VALUE(6.28318530718)),.T.,.PARAMETER.);
#18340 = CIRCLE('',#18341,36.);
#18341 = AXIS2_PLACEMENT_3D('',#18342,#18343,#18344);
#18342 = CARTESIAN_POINT('',(273.,105.,36.));
#18343 = DIRECTION('',(1.,0.,0.));
#18344 = DIRECTION('',(0.,0.,1.));
#18345 = CARTESIAN_POINT('',(273.,105.,72.));
#18346 = CARTESIAN_POINT('',(273.,105.,72.));
#18347 = GEOMETRIC_CURVE_SET('',(#18348));
#18348 = TRIMMED_CURVE('',#18349,(#18354,PARAMETER_VALUE(0.)),(#18355,
    PARAMETER_VALUE(6.28318530718)),.T.,.PARAMETER.);
#18349 = CIRCLE('',#18350,28.);
#18350 = AXIS2_PLACEMENT_3D('',#18351,#18352,#18353);
#18351 = CARTESIAN_POINT('',(249.,105.,36.));
#18352 = DIRECTION('',(1.,0.,0.));
#18353 = DIRECTION('',(0.,0.,1.));
#18354 = CARTESIAN_POINT('',(249.,105.,64.));
#18355 = CARTESIAN_POINT('',(249.,105.,64.));
#18356 = GEOMETRIC_CURVE_SET('',(#18357));
#18357 = TRIMMED_CURVE('',#18358,(#18363,PARAMETER_VALUE(0.)),(#18364,
    PARAMETER_VALUE(6.28318530718)),.T.,.PARAMETER.);
#18358 = CIRCLE('',#18359,28.);
#18359 = AXIS2_PLACEMENT_3D('',#18360,#18361,#18362);
#18360 = CARTESIAN_POINT('',(273.,105.,36.));
#18361 = DIRECTION('',(1.,0.,0.));
#18362 = DIRECTION('',(0.,0.,1.));
#18363 = CARTESIAN_POINT('',(273.,105.,64.));
#18364 = CARTESIAN_POINT('',(273.,105.,64.));
#18365 = GEOMETRIC_CURVE_SET('',(#18366));
#18366 = TRIMMED_CURVE('',#18367,(#18371,PARAMETER_VALUE(0.)),(#18372,
    PARAMETER_VALUE(24.)),.T.,.PARAMETER.);
#18367 = LINE('',#18368,#18369);
#18368 = CARTESIAN_POINT('',(273.,105.,64.));
#18369 = VECTOR('',#18370,1.);
#18370 = DIRECTION('',(-1.,-0.,-0.));
#18371 = CARTESIAN_POINT('',(273.,105.,64.));
#18372 = CARTESIAN_POINT('',(249.,105.,64.));
#18373 = GEOMETRIC_CURVE_SET('',(#18374));
#18374 = TRIMMED_CURVE('',#18375,(#18380,PARAMETER_VALUE(0.)),(#18381,
    PARAMETER_VALUE(6.28318530718)),.T.,.PARAMETER.);
#18375 = CIRCLE('',#18376,14.);
#18376 = AXIS2_PLACEMENT_3D('',#18377,#18378,#18379);
#18377 = CARTESIAN_POINT('',(22.,105.,36.));
#18378 = DIRECTION('',(1.,0.,-0.));
#18379 = DIRECTION('',(0.,0.,1.));
#18380 = CARTESIAN_POINT('',(22.,105.,50.));
#18381 = CARTESIAN_POINT('',(22.,105.,50.));
#18382 = GEOMETRIC_CURVE_SET('',(#18383));
#18383 = TRIMMED_CURVE('',#18384,(#18388,PARAMETER_VALUE(0.)),(#18389,
    PARAMETER_VALUE(8.)),.T.,.PARAMETER.);
#18384 = LINE('',#18385,#18386);
#18385 = CARTESIAN_POINT('',(14.,105.,50.));
#18386 = VECTOR('',#18387,1.);
#18387 = DIRECTION('',(1.,0.,0.));
#18388 = CARTESIAN_POINT('',(14.,105.,50.));
#18389 = CARTESIAN_POINT('',(22.,105.,50.));
#18390 = GEOMETRIC_CURVE_SET('',(#18391));
#18391 = TRIMMED_CURVE('',#18392,(#18397,PARAMETER_VALUE(0.)),(#18398,
    PARAMETER_VALUE(6.28318530718)),.T.,.PARAMETER.);
#18392 = CIRCLE('',#18393,14.);
#18393 = AXIS2_PLACEMENT_3D('',#18394,#18395,#18396);
#18394 = CARTESIAN_POINT('',(14.,105.,36.));
#18395 = DIRECTION('',(1.,0.,-0.));
#18396 = DIRECTION('',(0.,0.,1.));
#18397 = CARTESIAN_POINT('',(14.,105.,50.));
#18398 = CARTESIAN_POINT('',(14.,105.,50.));
#18399 = GEOMETRIC_CURVE_SET('',(#18400));
#18400 = TRIMMED_CURVE('',#18401,(#18406,PARAMETER_VALUE(0.)),(#18407,
    PARAMETER_VALUE(6.28318530718)),.T.,.PARAMETER.);
#18401 = CIRCLE('',#18402,2.015);
#18402 = AXIS2_PLACEMENT_3D('',#18403,#18404,#18405);
#18403 = CARTESIAN_POINT('',(22.,105.,36.));
#18404 = DIRECTION('',(1.,0.,-0.));
#18405 = DIRECTION('',(0.,0.,1.));
#18406 = CARTESIAN_POINT('',(22.,105.,38.015));
#18407 = CARTESIAN_POINT('',(22.,105.,38.015));
#18408 = GEOMETRIC_CURVE_SET('',(#18409));
#18409 = TRIMMED_CURVE('',#18410,(#18415,PARAMETER_VALUE(0.)),(#18416,
    PARAMETER_VALUE(6.28318530718)),.T.,.PARAMETER.);
#18410 = CIRCLE('',#18411,2.015);
#18411 = AXIS2_PLACEMENT_3D('',#18412,#18413,#18414);
#18412 = CARTESIAN_POINT('',(14.,105.,36.));
#18413 = DIRECTION('',(1.,0.,-0.));
#18414 = DIRECTION('',(0.,0.,1.));
#18415 = CARTESIAN_POINT('',(14.,105.,38.015));
#18416 = CARTESIAN_POINT('',(14.,105.,38.015));
#18417 = GEOMETRIC_CURVE_SET('',(#18418));
#18418 = TRIMMED_CURVE('',#18419,(#18423,PARAMETER_VALUE(0.)),(#18424,
    PARAMETER_VALUE(8.)),.T.,.PARAMETER.);
#18419 = LINE('',#18420,#18421);
#18420 = CARTESIAN_POINT('',(14.,105.,38.015));
#18421 = VECTOR('',#18422,1.);
#18422 = DIRECTION('',(1.,0.,0.));
#18423 = CARTESIAN_POINT('',(14.,105.,38.015));
#18424 = CARTESIAN_POINT('',(22.,105.,38.015));
#18425 = GEOMETRIC_CURVE_SET('',(#18426));
#18426 = TRIMMED_CURVE('',#18427,(#18432,PARAMETER_VALUE(0.)),(#18433,
    PARAMETER_VALUE(6.28318530718)),.T.,.PARAMETER.);
#18427 = CIRCLE('',#18428,14.);
#18428 = AXIS2_PLACEMENT_3D('',#18429,#18430,#18431);
#18429 = CARTESIAN_POINT('',(253.,105.,36.));
#18430 = DIRECTION('',(1.,0.,0.));
#18431 = DIRECTION('',(0.,0.,1.));
#18432 = CARTESIAN_POINT('',(253.,105.,50.));
#18433 = CARTESIAN_POINT('',(253.,105.,50.));
#18434 = GEOMETRIC_CURVE_SET('',(#18435));
#18435 = TRIMMED_CURVE('',#18436,(#18440,PARAMETER_VALUE(0.)),(#18441,
    PARAMETER_VALUE(8.)),.T.,.PARAMETER.);
#18436 = LINE('',#18437,#18438);
#18437 = CARTESIAN_POINT('',(261.,105.,50.));
#18438 = VECTOR('',#18439,1.);
#18439 = DIRECTION('',(-1.,-0.,-0.));
#18440 = CARTESIAN_POINT('',(261.,105.,50.));
#18441 = CARTESIAN_POINT('',(253.,105.,50.));
#18442 = GEOMETRIC_CURVE_SET('',(#18443));
#18443 = TRIMMED_CURVE('',#18444,(#18449,PARAMETER_VALUE(0.)),(#18450,
    PARAMETER_VALUE(6.28318530718)),.T.,.PARAMETER.);
#18444 = CIRCLE('',#18445,14.);
#18445 = AXIS2_PLACEMENT_3D('',#18446,#18447,#18448);
#18446 = CARTESIAN_POINT('',(261.,105.,36.));
#18447 = DIRECTION('',(1.,0.,0.));
#18448 = DIRECTION('',(0.,0.,1.));
#18449 = CARTESIAN_POINT('',(261.,105.,50.));
#18450 = CARTESIAN_POINT('',(261.,105.,50.));
#18451 = GEOMETRIC_CURVE_SET('',(#18452));
#18452 = TRIMMED_CURVE('',#18453,(#18458,PARAMETER_VALUE(0.)),(#18459,
    PARAMETER_VALUE(6.28318530718)),.T.,.PARAMETER.);
#18453 = CIRCLE('',#18454,2.015);
#18454 = AXIS2_PLACEMENT_3D('',#18455,#18456,#18457);
#18455 = CARTESIAN_POINT('',(253.,105.,36.));
#18456 = DIRECTION('',(1.,0.,0.));
#18457 = DIRECTION('',(0.,0.,1.));
#18458 = CARTESIAN_POINT('',(253.,105.,38.015));
#18459 = CARTESIAN_POINT('',(253.,105.,38.015));
#18460 = GEOMETRIC_CURVE_SET('',(#18461));
#18461 = TRIMMED_CURVE('',#18462,(#18467,PARAMETER_VALUE(0.)),(#18468,
    PARAMETER_VALUE(6.28318530718)),.T.,.PARAMETER.);
#18462 = CIRCLE('',#18463,2.015);
#18463 = AXIS2_PLACEMENT_3D('',#18464,#18465,#18466);
#18464 = CARTESIAN_POINT('',(261.,105.,36.));
#18465 = DIRECTION('',(1.,0.,0.));
#18466 = DIRECTION('',(0.,0.,1.));
#18467 = CARTESIAN_POINT('',(261.,105.,38.015));
#18468 = CARTESIAN_POINT('',(261.,105.,38.015));
#18469 = GEOMETRIC_CURVE_SET('',(#18470));
#18470 = TRIMMED_CURVE('',#18471,(#18475,PARAMETER_VALUE(0.)),(#18476,
    PARAMETER_VALUE(8.)),.T.,.PARAMETER.);
#18471 = LINE('',#18472,#18473);
#18472 = CARTESIAN_POINT('',(261.,105.,38.015));
#18473 = VECTOR('',#18474,1.);
#18474 = DIRECTION('',(-1.,-0.,-0.));
#18475 = CARTESIAN_POINT('',(261.,105.,38.015));
#18476 = CARTESIAN_POINT('',(253.,105.,38.015));
#18477 = GEOMETRIC_CURVE_SET('',(#18478));
#18478 = TRIMMED_CURVE('',#18479,(#18484,PARAMETER_VALUE(0.)),(#18485,
    PARAMETER_VALUE(6.28318530718)),.T.,.PARAMETER.);
#18479 = CIRCLE('',#18480,3.);
#18480 = AXIS2_PLACEMENT_3D('',#18481,#18482,#18483);
#18481 = CARTESIAN_POINT('',(42.8,141.0998,58.65));
#18482 = DIRECTION('',(0.,1.,0.));
#18483 = DIRECTION('',(0.,0.,1.));
#18484 = CARTESIAN_POINT('',(42.8,141.0998,61.65));
#18485 = CARTESIAN_POINT('',(42.8,141.0998,61.65));
#18486 = GEOMETRIC_CURVE_SET('',(#18487));
#18487 = TRIMMED_CURVE('',#18488,(#18492,PARAMETER_VALUE(0.)),(#18493,
    PARAMETER_VALUE(9.4996)),.T.,.PARAMETER.);
#18488 = LINE('',#18489,#18490);
#18489 = CARTESIAN_POINT('',(42.8,131.6002,61.65));
#18490 = VECTOR('',#18491,1.);
#18491 = DIRECTION('',(0.,1.,0.));
#18492 = CARTESIAN_POINT('',(42.8,131.6002,61.65));
#18493 = CARTESIAN_POINT('',(42.8,141.0998,61.65));
#18494 = GEOMETRIC_CURVE_SET('',(#18495));
#18495 = TRIMMED_CURVE('',#18496,(#18501,PARAMETER_VALUE(0.)),(#18502,
    PARAMETER_VALUE(6.28318530718)),.T.,.PARAMETER.);
#18496 = CIRCLE('',#18497,3.);
#18497 = AXIS2_PLACEMENT_3D('',#18498,#18499,#18500);
#18498 = CARTESIAN_POINT('',(42.8,131.6002,58.65));
#18499 = DIRECTION('',(0.,1.,0.));
#18500 = DIRECTION('',(0.,0.,1.));
#18501 = CARTESIAN_POINT('',(42.8,131.6002,61.65));
#18502 = CARTESIAN_POINT('',(42.8,131.6002,61.65));
#18503 = GEOMETRIC_CURVE_SET('',(#18504));
#18504 = TRIMMED_CURVE('',#18505,(#18510,PARAMETER_VALUE(0.)),(#18511,
    PARAMETER_VALUE(6.28318530718)),.T.,.PARAMETER.);
#18505 = CIRCLE('',#18506,2.15);
#18506 = AXIS2_PLACEMENT_3D('',#18507,#18508,#18509);
#18507 = CARTESIAN_POINT('',(42.8,141.0998,58.65));
#18508 = DIRECTION('',(0.,1.,0.));
#18509 = DIRECTION('',(0.,0.,1.));
#18510 = CARTESIAN_POINT('',(42.8,141.0998,60.8));
#18511 = CARTESIAN_POINT('',(42.8,141.0998,60.8));
#18512 = GEOMETRIC_CURVE_SET('',(#18513));
#18513 = TRIMMED_CURVE('',#18514,(#18519,PARAMETER_VALUE(0.)),(#18520,
    PARAMETER_VALUE(6.28318530718)),.T.,.PARAMETER.);
#18514 = CIRCLE('',#18515,2.15);
#18515 = AXIS2_PLACEMENT_3D('',#18516,#18517,#18518);
#18516 = CARTESIAN_POINT('',(42.8,131.6002,58.65));
#18517 = DIRECTION('',(0.,1.,0.));
#18518 = DIRECTION('',(0.,0.,1.));
#18519 = CARTESIAN_POINT('',(42.8,131.6002,60.8));
#18520 = CARTESIAN_POINT('',(42.8,131.6002,60.8));
#18521 = GEOMETRIC_CURVE_SET('',(#18522));
#18522 = TRIMMED_CURVE('',#18523,(#18527,PARAMETER_VALUE(0.)),(#18528,
    PARAMETER_VALUE(9.4996)),.T.,.PARAMETER.);
#18523 = LINE('',#18524,#18525);
#18524 = CARTESIAN_POINT('',(42.8,131.6002,60.8));
#18525 = VECTOR('',#18526,1.);
#18526 = DIRECTION('',(0.,1.,0.));
#18527 = CARTESIAN_POINT('',(42.8,131.6002,60.8));
#18528 = CARTESIAN_POINT('',(42.8,141.0998,60.8));
#18529 = GEOMETRIC_CURVE_SET('',(#18530));
#18530 = TRIMMED_CURVE('',#18531,(#18536,PARAMETER_VALUE(0.)),(#18537,
    PARAMETER_VALUE(6.28318530718)),.T.,.PARAMETER.);
#18531 = CIRCLE('',#18532,3.);
#18532 = AXIS2_PLACEMENT_3D('',#18533,#18534,#18535);
#18533 = CARTESIAN_POINT('',(68.2,141.0998,58.65));
#18534 = DIRECTION('',(0.,1.,0.));
#18535 = DIRECTION('',(0.,0.,1.));
#18536 = CARTESIAN_POINT('',(68.2,141.0998,61.65));
#18537 = CARTESIAN_POINT('',(68.2,141.0998,61.65));
#18538 = GEOMETRIC_CURVE_SET('',(#18539));
#18539 = TRIMMED_CURVE('',#18540,(#18544,PARAMETER_VALUE(0.)),(#18545,
    PARAMETER_VALUE(9.4996)),.T.,.PARAMETER.);
#18540 = LINE('',#18541,#18542);
#18541 = CARTESIAN_POINT('',(68.2,131.6002,61.65));
#18542 = VECTOR('',#18543,1.);
#18543 = DIRECTION('',(0.,1.,0.));
#18544 = CARTESIAN_POINT('',(68.2,131.6002,61.65));
#18545 = CARTESIAN_POINT('',(68.2,141.0998,61.65));
#18546 = GEOMETRIC_CURVE_SET('',(#18547));
#18547 = TRIMMED_CURVE('',#18548,(#18553,PARAMETER_VALUE(0.)),(#18554,
    PARAMETER_VALUE(6.28318530718)),.T.,.PARAMETER.);
#18548 = CIRCLE('',#18549,3.);
#18549 = AXIS2_PLACEMENT_3D('',#18550,#18551,#18552);
#18550 = CARTESIAN_POINT('',(68.2,131.6002,58.65));
#18551 = DIRECTION('',(0.,1.,0.));
#18552 = DIRECTION('',(0.,0.,1.));
#18553 = CARTESIAN_POINT('',(68.2,131.6002,61.65));
#18554 = CARTESIAN_POINT('',(68.2,131.6002,61.65));
#18555 = GEOMETRIC_CURVE_SET('',(#18556));
#18556 = TRIMMED_CURVE('',#18557,(#18562,PARAMETER_VALUE(0.)),(#18563,
    PARAMETER_VALUE(6.28318530718)),.T.,.PARAMETER.);
#18557 = CIRCLE('',#18558,2.15);
#18558 = AXIS2_PLACEMENT_3D('',#18559,#18560,#18561);
#18559 = CARTESIAN_POINT('',(68.2,141.0998,58.65));
#18560 = DIRECTION('',(0.,1.,0.));
#18561 = DIRECTION('',(0.,0.,1.));
#18562 = CARTESIAN_POINT('',(68.2,141.0998,60.8));
#18563 = CARTESIAN_POINT('',(68.2,141.0998,60.8));
#18564 = GEOMETRIC_CURVE_SET('',(#18565));
#18565 = TRIMMED_CURVE('',#18566,(#18571,PARAMETER_VALUE(0.)),(#18572,
    PARAMETER_VALUE(6.28318530718)),.T.,.PARAMETER.);
#18566 = CIRCLE('',#18567,2.15);
#18567 = AXIS2_PLACEMENT_3D('',#18568,#18569,#18570);
#18568 = CARTESIAN_POINT('',(68.2,131.6002,58.65));
#18569 = DIRECTION('',(0.,1.,0.));
#18570 = DIRECTION('',(0.,0.,1.));
#18571 = CARTESIAN_POINT('',(68.2,131.6002,60.8));
#18572 = CARTESIAN_POINT('',(68.2,131.6002,60.8));
#18573 = GEOMETRIC_CURVE_SET('',(#18574));
#18574 = TRIMMED_CURVE('',#18575,(#18579,PARAMETER_VALUE(0.)),(#18580,
    PARAMETER_VALUE(9.4996)),.T.,.PARAMETER.);
#18575 = LINE('',#18576,#18577);
#18576 = CARTESIAN_POINT('',(68.2,131.6002,60.8));
#18577 = VECTOR('',#18578,1.);
#18578 = DIRECTION('',(0.,1.,0.));
#18579 = CARTESIAN_POINT('',(68.2,131.6002,60.8));
#18580 = CARTESIAN_POINT('',(68.2,141.0998,60.8));
#18581 = GEOMETRIC_CURVE_SET('',(#18582));
#18582 = TRIMMED_CURVE('',#18583,(#18588,PARAMETER_VALUE(0.)),(#18589,
    PARAMETER_VALUE(6.28318530718)),.T.,.PARAMETER.);
#18583 = CIRCLE('',#18584,3.);
#18584 = AXIS2_PLACEMENT_3D('',#18585,#18586,#18587);
#18585 = CARTESIAN_POINT('',(232.2,141.0998,58.65));
#18586 = DIRECTION('',(0.,1.,0.));
#18587 = DIRECTION('',(0.,0.,1.));
#18588 = CARTESIAN_POINT('',(232.2,141.0998,61.65));
#18589 = CARTESIAN_POINT('',(232.2,141.0998,61.65));
#18590 = GEOMETRIC_CURVE_SET('',(#18591));
#18591 = TRIMMED_CURVE('',#18592,(#18596,PARAMETER_VALUE(0.)),(#18597,
    PARAMETER_VALUE(9.4996)),.T.,.PARAMETER.);
#18592 = LINE('',#18593,#18594);
#18593 = CARTESIAN_POINT('',(232.2,131.6002,61.65));
#18594 = VECTOR('',#18595,1.);
#18595 = DIRECTION('',(0.,1.,0.));
#18596 = CARTESIAN_POINT('',(232.2,131.6002,61.65));
#18597 = CARTESIAN_POINT('',(232.2,141.0998,61.65));
#18598 = GEOMETRIC_CURVE_SET('',(#18599));
#18599 = TRIMMED_CURVE('',#18600,(#18605,PARAMETER_VALUE(0.)),(#18606,
    PARAMETER_VALUE(6.28318530718)),.T.,.PARAMETER.);
#18600 = CIRCLE('',#18601,3.);
#18601 = AXIS2_PLACEMENT_3D('',#18602,#18603,#18604);
#18602 = CARTESIAN_POINT('',(232.2,131.6002,58.65));
#18603 = DIRECTION('',(0.,1.,0.));
#18604 = DIRECTION('',(0.,0.,1.));
#18605 = CARTESIAN_POINT('',(232.2,131.6002,61.65));
#18606 = CARTESIAN_POINT('',(232.2,131.6002,61.65));
#18607 = GEOMETRIC_CURVE_SET('',(#18608));
#18608 = TRIMMED_CURVE('',#18609,(#18614,PARAMETER_VALUE(0.)),(#18615,
    PARAMETER_VALUE(6.28318530718)),.T.,.PARAMETER.);
#18609 = CIRCLE('',#18610,2.15);
#18610 = AXIS2_PLACEMENT_3D('',#18611,#18612,#18613);
#18611 = CARTESIAN_POINT('',(232.2,141.0998,58.65));
#18612 = DIRECTION('',(0.,1.,0.));
#18613 = DIRECTION('',(0.,0.,1.));
#18614 = CARTESIAN_POINT('',(232.2,141.0998,60.8));
#18615 = CARTESIAN_POINT('',(232.2,141.0998,60.8));
#18616 = GEOMETRIC_CURVE_SET('',(#18617));
#18617 = TRIMMED_CURVE('',#18618,(#18623,PARAMETER_VALUE(0.)),(#18624,
    PARAMETER_VALUE(6.28318530718)),.T.,.PARAMETER.);
#18618 = CIRCLE('',#18619,2.15);
#18619 = AXIS2_PLACEMENT_3D('',#18620,#18621,#18622);
#18620 = CARTESIAN_POINT('',(232.2,131.6002,58.65));
#18621 = DIRECTION('',(0.,1.,0.));
#18622 = DIRECTION('',(0.,0.,1.));
#18623 = CARTESIAN_POINT('',(232.2,131.6002,60.8));
#18624 = CARTESIAN_POINT('',(232.2,131.6002,60.8));
#18625 = GEOMETRIC_CURVE_SET('',(#18626));
#18626 = TRIMMED_CURVE('',#18627,(#18631,PARAMETER_VALUE(0.)),(#18632,
    PARAMETER_VALUE(9.4996)),.T.,.PARAMETER.);
#18627 = LINE('',#18628,#18629);
#18628 = CARTESIAN_POINT('',(232.2,131.6002,60.8));
#18629 = VECTOR('',#18630,1.);
#18630 = DIRECTION('',(0.,1.,0.));
#18631 = CARTESIAN_POINT('',(232.2,131.6002,60.8));
#18632 = CARTESIAN_POINT('',(232.2,141.0998,60.8));
#18633 = GEOMETRIC_CURVE_SET('',(#18634));
#18634 = TRIMMED_CURVE('',#18635,(#18640,PARAMETER_VALUE(0.)),(#18641,
    PARAMETER_VALUE(6.28318530718)),.T.,.PARAMETER.);
#18635 = CIRCLE('',#18636,3.);
#18636 = AXIS2_PLACEMENT_3D('',#18637,#18638,#18639);
#18637 = CARTESIAN_POINT('',(206.8,141.0998,58.65));
#18638 = DIRECTION('',(0.,1.,0.));
#18639 = DIRECTION('',(0.,0.,1.));
#18640 = CARTESIAN_POINT('',(206.8,141.0998,61.65));
#18641 = CARTESIAN_POINT('',(206.8,141.0998,61.65));
#18642 = GEOMETRIC_CURVE_SET('',(#18643));
#18643 = TRIMMED_CURVE('',#18644,(#18648,PARAMETER_VALUE(0.)),(#18649,
    PARAMETER_VALUE(9.4996)),.T.,.PARAMETER.);
#18644 = LINE('',#18645,#18646);
#18645 = CARTESIAN_POINT('',(206.8,131.6002,61.65));
#18646 = VECTOR('',#18647,1.);
#18647 = DIRECTION('',(0.,1.,0.));
#18648 = CARTESIAN_POINT('',(206.8,131.6002,61.65));
#18649 = CARTESIAN_POINT('',(206.8,141.0998,61.65));
#18650 = GEOMETRIC_CURVE_SET('',(#18651));
#18651 = TRIMMED_CURVE('',#18652,(#18657,PARAMETER_VALUE(0.)),(#18658,
    PARAMETER_VALUE(6.28318530718)),.T.,.PARAMETER.);
#18652 = CIRCLE('',#18653,3.);
#18653 = AXIS2_PLACEMENT_3D('',#18654,#18655,#18656);
#18654 = CARTESIAN_POINT('',(206.8,131.6002,58.65));
#18655 = DIRECTION('',(0.,1.,0.));
#18656 = DIRECTION('',(0.,0.,1.));
#18657 = CARTESIAN_POINT('',(206.8,131.6002,61.65));
#18658 = CARTESIAN_POINT('',(206.8,131.6002,61.65));
#18659 = GEOMETRIC_CURVE_SET('',(#18660));
#18660 = TRIMMED_CURVE('',#18661,(#18666,PARAMETER_VALUE(0.)),(#18667,
    PARAMETER_VALUE(6.28318530718)),.T.,.PARAMETER.);
#18661 = CIRCLE('',#18662,2.15);
#18662 = AXIS2_PLACEMENT_3D('',#18663,#18664,#18665);
#18663 = CARTESIAN_POINT('',(206.8,141.0998,58.65));
#18664 = DIRECTION('',(0.,1.,0.));
#18665 = DIRECTION('',(0.,0.,1.));
#18666 = CARTESIAN_POINT('',(206.8,141.0998,60.8));
#18667 = CARTESIAN_POINT('',(206.8,141.0998,60.8));
#18668 = GEOMETRIC_CURVE_SET('',(#18669));
#18669 = TRIMMED_CURVE('',#18670,(#18675,PARAMETER_VALUE(0.)),(#18676,
    PARAMETER_VALUE(6.28318530718)),.T.,.PARAMETER.);
#18670 = CIRCLE('',#18671,2.15);
#18671 = AXIS2_PLACEMENT_3D('',#18672,#18673,#18674);
#18672 = CARTESIAN_POINT('',(206.8,131.6002,58.65));
#18673 = DIRECTION('',(0.,1.,0.));
#18674 = DIRECTION('',(0.,0.,1.));
#18675 = CARTESIAN_POINT('',(206.8,131.6002,60.8));
#18676 = CARTESIAN_POINT('',(206.8,131.6002,60.8));
#18677 = GEOMETRIC_CURVE_SET('',(#18678));
#18678 = TRIMMED_CURVE('',#18679,(#18683,PARAMETER_VALUE(0.)),(#18684,
    PARAMETER_VALUE(9.4996)),.T.,.PARAMETER.);
#18679 = LINE('',#18680,#18681);
#18680 = CARTESIAN_POINT('',(206.8,131.6002,60.8));
#18681 = VECTOR('',#18682,1.);
#18682 = DIRECTION('',(0.,1.,0.));
#18683 = CARTESIAN_POINT('',(206.8,131.6002,60.8));
#18684 = CARTESIAN_POINT('',(206.8,141.0998,60.8));
#18685 = GEOMETRIC_CURVE_SET('',(#18686));
#18686 = TRIMMED_CURVE('',#18687,(#18692,PARAMETER_VALUE(0.)),(#18693,
    PARAMETER_VALUE(6.28318530718)),.T.,.PARAMETER.);
#18687 = CIRCLE('',#18688,3.);
#18688 = AXIS2_PLACEMENT_3D('',#18689,#18690,#18691);
#18689 = CARTESIAN_POINT('',(36.5,136.35,63.3998));
#18690 = DIRECTION('',(0.,0.,1.));
#18691 = DIRECTION('',(1.,0.,0.));
#18692 = CARTESIAN_POINT('',(39.5,136.35,63.3998));
#18693 = CARTESIAN_POINT('',(39.5,136.35,63.3998));
#18694 = GEOMETRIC_CURVE_SET('',(#18695));
#18695 = TRIMMED_CURVE('',#18696,(#18700,PARAMETER_VALUE(0.)),(#18701,
    PARAMETER_VALUE(9.4996)),.T.,.PARAMETER.);
#18696 = LINE('',#18697,#18698);
#18697 = CARTESIAN_POINT('',(39.5,136.35,53.9002));
#18698 = VECTOR('',#18699,1.);
#18699 = DIRECTION('',(0.,0.,1.));
#18700 = CARTESIAN_POINT('',(39.5,136.35,53.9002));
#18701 = CARTESIAN_POINT('',(39.5,136.35,63.3998));
#18702 = GEOMETRIC_CURVE_SET('',(#18703));
#18703 = TRIMMED_CURVE('',#18704,(#18709,PARAMETER_VALUE(0.)),(#18710,
    PARAMETER_VALUE(6.28318530718)),.T.,.PARAMETER.);
#18704 = CIRCLE('',#18705,3.);
#18705 = AXIS2_PLACEMENT_3D('',#18706,#18707,#18708);
#18706 = CARTESIAN_POINT('',(36.5,136.35,53.9002));
#18707 = DIRECTION('',(0.,0.,1.));
#18708 = DIRECTION('',(1.,0.,0.));
#18709 = CARTESIAN_POINT('',(39.5,136.35,53.9002));
#18710 = CARTESIAN_POINT('',(39.5,136.35,53.9002));
#18711 = GEOMETRIC_CURVE_SET('',(#18712));
#18712 = TRIMMED_CURVE('',#18713,(#18718,PARAMETER_VALUE(0.)),(#18719,
    PARAMETER_VALUE(6.28318530718)),.T.,.PARAMETER.);
#18713 = CIRCLE('',#18714,2.15);
#18714 = AXIS2_PLACEMENT_3D('',#18715,#18716,#18717);
#18715 = CARTESIAN_POINT('',(36.5,136.35,63.3998));
#18716 = DIRECTION('',(0.,0.,1.));
#18717 = DIRECTION('',(1.,0.,0.));
#18718 = CARTESIAN_POINT('',(38.65,136.35,63.3998));
#18719 = CARTESIAN_POINT('',(38.65,136.35,63.3998));
#18720 = GEOMETRIC_CURVE_SET('',(#18721));
#18721 = TRIMMED_CURVE('',#18722,(#18727,PARAMETER_VALUE(0.)),(#18728,
    PARAMETER_VALUE(6.28318530718)),.T.,.PARAMETER.);
#18722 = CIRCLE('',#18723,2.15);
#18723 = AXIS2_PLACEMENT_3D('',#18724,#18725,#18726);
#18724 = CARTESIAN_POINT('',(36.5,136.35,53.9002));
#18725 = DIRECTION('',(0.,0.,1.));
#18726 = DIRECTION('',(1.,0.,0.));
#18727 = CARTESIAN_POINT('',(38.65,136.35,53.9002));
#18728 = CARTESIAN_POINT('',(38.65,136.35,53.9002));
#18729 = GEOMETRIC_CURVE_SET('',(#18730));
#18730 = TRIMMED_CURVE('',#18731,(#18735,PARAMETER_VALUE(0.)),(#18736,
    PARAMETER_VALUE(9.4996)),.T.,.PARAMETER.);
#18731 = LINE('',#18732,#18733);
#18732 = CARTESIAN_POINT('',(38.65,136.35,53.9002));
#18733 = VECTOR('',#18734,1.);
#18734 = DIRECTION('',(0.,0.,1.));
#18735 = CARTESIAN_POINT('',(38.65,136.35,53.9002));
#18736 = CARTESIAN_POINT('',(38.65,136.35,63.3998));
#18737 = GEOMETRIC_CURVE_SET('',(#18738));
#18738 = TRIMMED_CURVE('',#18739,(#18744,PARAMETER_VALUE(0.)),(#18745,
    PARAMETER_VALUE(6.28318530718)),.T.,.PARAMETER.);
#18739 = CIRCLE('',#18740,3.);
#18740 = AXIS2_PLACEMENT_3D('',#18741,#18742,#18743);
#18741 = CARTESIAN_POINT('',(238.5,136.35,63.3998));
#18742 = DIRECTION('',(0.,0.,1.));
#18743 = DIRECTION('',(1.,0.,0.));
#18744 = CARTESIAN_POINT('',(241.5,136.35,63.3998));
#18745 = CARTESIAN_POINT('',(241.5,136.35,63.3998));
#18746 = GEOMETRIC_CURVE_SET('',(#18747));
#18747 = TRIMMED_CURVE('',#18748,(#18752,PARAMETER_VALUE(0.)),(#18753,
    PARAMETER_VALUE(9.4996)),.T.,.PARAMETER.);
#18748 = LINE('',#18749,#18750);
#18749 = CARTESIAN_POINT('',(241.5,136.35,53.9002));
#18750 = VECTOR('',#18751,1.);
#18751 = DIRECTION('',(0.,0.,1.));
#18752 = CARTESIAN_POINT('',(241.5,136.35,53.9002));
#18753 = CARTESIAN_POINT('',(241.5,136.35,63.3998));
#18754 = GEOMETRIC_CURVE_SET('',(#18755));
#18755 = TRIMMED_CURVE('',#18756,(#18761,PARAMETER_VALUE(0.)),(#18762,
    PARAMETER_VALUE(6.28318530718)),.T.,.PARAMETER.);
#18756 = CIRCLE('',#18757,3.);
#18757 = AXIS2_PLACEMENT_3D('',#18758,#18759,#18760);
#18758 = CARTESIAN_POINT('',(238.5,136.35,53.9002));
#18759 = DIRECTION('',(0.,0.,1.));
#18760 = DIRECTION('',(1.,0.,0.));
#18761 = CARTESIAN_POINT('',(241.5,136.35,53.9002));
#18762 = CARTESIAN_POINT('',(241.5,136.35,53.9002));
#18763 = GEOMETRIC_CURVE_SET('',(#18764));
#18764 = TRIMMED_CURVE('',#18765,(#18770,PARAMETER_VALUE(0.)),(#18771,
    PARAMETER_VALUE(6.28318530718)),.T.,.PARAMETER.);
#18765 = CIRCLE('',#18766,2.15);
#18766 = AXIS2_PLACEMENT_3D('',#18767,#18768,#18769);
#18767 = CARTESIAN_POINT('',(238.5,136.35,63.3998));
#18768 = DIRECTION('',(0.,0.,1.));
#18769 = DIRECTION('',(1.,0.,0.));
#18770 = CARTESIAN_POINT('',(240.65,136.35,63.3998));
#18771 = CARTESIAN_POINT('',(240.65,136.35,63.3998));
#18772 = GEOMETRIC_CURVE_SET('',(#18773));
#18773 = TRIMMED_CURVE('',#18774,(#18779,PARAMETER_VALUE(0.)),(#18780,
    PARAMETER_VALUE(6.28318530718)),.T.,.PARAMETER.);
#18774 = CIRCLE('',#18775,2.15);
#18775 = AXIS2_PLACEMENT_3D('',#18776,#18777,#18778);
#18776 = CARTESIAN_POINT('',(238.5,136.35,53.9002));
#18777 = DIRECTION('',(0.,0.,1.));
#18778 = DIRECTION('',(1.,0.,0.));
#18779 = CARTESIAN_POINT('',(240.65,136.35,53.9002));
#18780 = CARTESIAN_POINT('',(240.65,136.35,53.9002));
#18781 = GEOMETRIC_CURVE_SET('',(#18782));
#18782 = TRIMMED_CURVE('',#18783,(#18787,PARAMETER_VALUE(0.)),(#18788,
    PARAMETER_VALUE(9.4996)),.T.,.PARAMETER.);
#18783 = LINE('',#18784,#18785);
#18784 = CARTESIAN_POINT('',(240.65,136.35,53.9002));
#18785 = VECTOR('',#18786,1.);
#18786 = DIRECTION('',(0.,0.,1.));
#18787 = CARTESIAN_POINT('',(240.65,136.35,53.9002));
#18788 = CARTESIAN_POINT('',(240.65,136.35,63.3998));
#18789 = ( GEOMETRIC_REPRESENTATION_CONTEXT(3) 
GLOBAL_UNCERTAINTY_ASSIGNED_CONTEXT((#18793)) 
GLOBAL_UNIT_ASSIGNED_CONTEXT((#18790,#18791,#18792)) 
REPRESENTATION_CONTEXT('Context #1',
  '3D Context with UNIT and UNCERTAINTY') );
#18790 = ( LENGTH_UNIT() NAMED_UNIT(*) SI_UNIT(.MILLI.,.METRE.) );
#18791 = ( NAMED_UNIT(*) PLANE_ANGLE_UNIT() SI_UNIT($,.RADIAN.) );
#18792 = ( NAMED_UNIT(*) SI_UNIT($,.STERADIAN.) SOLID_ANGLE_UNIT() );
#18793 = UNCERTAINTY_MEASURE_WITH_UNIT(LENGTH_MEASURE(1.E-07),#18790,
  'distance_accuracy_value','confusion accuracy');
#18794 = PRODUCT_RELATED_PRODUCT_CATEGORY('part',$,(#7));
ENDSEC;
END-ISO-10303-21;
