ISO-10303-21;
HEADER;
FILE_DESCRIPTION(('FreeCAD Model'),'2;1');
FILE_NAME('Open CASCADE Shape Model','2026-09-13T20:40:26',('FreeCAD'),(
    'FreeCAD'),'Open CASCADE STEP processor 7.8','FreeCAD','Unknown');
FILE_SCHEMA(('AUTOMOTIVE_DESIGN { 1 0 10303 214 1 1 1 1 }'));
ENDSEC;
DATA;
#1 = APPLICATION_PROTOCOL_DEFINITION('international standard',
  'automotive_design',2000,#2);
#2 = APPLICATION_CONTEXT(
  'core data for automotive mechanical design processes');
#3 = SHAPE_DEFINITION_REPRESENTATION(#4,#10);
#4 = PRODUCT_DEFINITION_SHAPE('','',#5);
#5 = PRODUCT_DEFINITION('design','',#6,#9);
#6 = PRODUCT_DEFINITION_FORMATION('','',#7);
#7 = PRODUCT('Open CASCADE STEP translator 7.8 2',
  'Open CASCADE STEP translator 7.8 2','',(#8));
#8 = PRODUCT_CONTEXT('',#2,'mechanical');
#9 = PRODUCT_DEFINITION_CONTEXT('part definition',#2,'design');
#10 = SHAPE_REPRESENTATION('',(#11,#15,#165,#218,#368,#518,#668,#721,
    #774,#827,#880,#933,#1083,#1233,#1383,#1533,#1683,#1833,#1983,#2133,
    #2283,#2433,#2583,#2733,#2883,#3033,#3183,#3333,#3483,#3633,#3783,
    #3933,#4083,#4233,#4383,#4533,#4683,#4833,#4886,#4939,#4992,#5000,
    #5008,#5016,#5024,#5032,#5040,#5048,#5056,#5064,#5072,#5080,#5088,
    #5096,#5104,#5112,#5120,#5128,#5136,#5144,#5152,#5160,#5168,#5176,
    #5184,#5192,#5200,#5208,#5216,#5224,#5232,#5240,#5248,#5256,#5264,
    #5272,#5280,#5288,#5296,#5304,#5312,#5320,#5328,#5336,#5344,#5352,
    #5360,#5368,#5376,#5384,#5392,#5400,#5408,#5416,#5424,#5432,#5440,
    #5448,#5456,#5464,#5472,#5480,#5488,#5496,#5504,#5512,#5520,#5528,
    #5536,#5544,#5552,#5560,#5568,#5576,#5584,#5592,#5600,#5608,#5616,
    #5624,#5632,#5640,#5648,#5656,#5664,#5672,#5680,#5688,#5696,#5704,
    #5712,#5720,#5728,#5736,#5744,#5752,#5760,#5768,#5776,#5784,#5792,
    #5800,#5808,#5816,#5824,#5832,#5840,#5848,#5856,#5864,#5872,#5880,
    #5888,#5896,#5904,#5912,#5920,#5928,#5936,#5944,#5952,#5960,#5968,
    #5976,#5984,#5992,#6000,#6008,#6016,#6024,#6032,#6040,#6048,#6056,
    #6064,#6072,#6080,#6088,#6096,#6104,#6112,#6120,#6128,#6136,#6144,
    #6152,#6160,#6168,#6176,#6184,#6192,#6200,#6208,#6216,#6224,#6232,
    #6240,#6248,#6256,#6264,#6272,#6280,#6288,#6296,#6304,#6312,#6320,
    #6328,#6336,#6344,#6352,#6360,#6368,#6376,#6384,#6392,#6400,#6408,
    #6416,#6424,#6432,#6440,#6448,#6456,#6464,#6472,#6480,#6488,#6496,
    #6504,#6512,#6520,#6528,#6536,#6544,#6552,#6560,#6568,#6576,#6584,
    #6592,#6600,#6608,#6616,#6624,#6632,#6640,#6648,#6656,#6664,#6672,
    #6680,#6688,#6696,#6704,#6712,#6720,#6728,#6736,#6744,#6752,#6760,
    #6768,#6776,#6784,#6792,#6800,#6808,#6816,#6824,#6832,#6840,#6848,
    #6856,#6864,#6872,#6880,#6888,#6896,#6904,#6912,#6920,#6928,#6936,
    #6944,#6952,#6960,#6968,#6976,#6984,#6992,#7000,#7008,#7016,#7024,
    #7032,#7040,#7048,#7056,#7064,#7072,#7080,#7088,#7096,#7104,#7112,
    #7120,#7128,#7136,#7144,#7152,#7160,#7168,#7176,#7184,#7192,#7200,
    #7208,#7216,#7224,#7232,#7240,#7248,#7256,#7264,#7272,#7280,#7288,
    #7296,#7304,#7312,#7320,#7328,#7336,#7344,#7352,#7360,#7368,#7376,
    #7384,#7392,#7400,#7408,#7416,#7424,#7432,#7440,#7448,#7456,#7464,
    #7472,#7480,#7488,#7496,#7504,#7512,#7520,#7528,#7536,#7544,#7552,
    #7560,#7568,#7576,#7584,#7592,#7600,#7608,#7616,#7624,#7632,#7640,
    #7648,#7656,#7664,#7672,#7680,#7688,#7696,#7704,#7712,#7720,#7728,
    #7736,#7744,#7752,#7760,#7768,#7776,#7784,#7792,#7800,#7808,#7816,
    #7824,#7832,#7840,#7848,#7856,#7864),#7872);
#11 = AXIS2_PLACEMENT_3D('',#12,#13,#14);
#12 = CARTESIAN_POINT('',(0.,0.,0.));
#13 = DIRECTION('',(0.,0.,1.));
#14 = DIRECTION('',(1.,0.,-0.));
#15 = MANIFOLD_SOLID_BREP('',#16);
#16 = CLOSED_SHELL('',(#17,#57,#97,#119,#141,#153));
#17 = ADVANCED_FACE('',(#18),#52,.F.);
#18 = FACE_BOUND('',#19,.F.);
#19 = EDGE_LOOP('',(#20,#30,#38,#46));
#20 = ORIENTED_EDGE('',*,*,#21,.F.);
#21 = EDGE_CURVE('',#22,#24,#26,.T.);
#22 = VERTEX_POINT('',#23);
#23 = CARTESIAN_POINT('',(230.,86.,89.));
#24 = VERTEX_POINT('',#25);
#25 = CARTESIAN_POINT('',(230.,86.,121.));
#26 = LINE('',#27,#28);
#27 = CARTESIAN_POINT('',(230.,86.,89.));
#28 = VECTOR('',#29,1.);
#29 = DIRECTION('',(0.,0.,1.));
#30 = ORIENTED_EDGE('',*,*,#31,.T.);
#31 = EDGE_CURVE('',#22,#32,#34,.T.);
#32 = VERTEX_POINT('',#33);
#33 = CARTESIAN_POINT('',(230.,154.,89.));
#34 = LINE('',#35,#36);
#35 = CARTESIAN_POINT('',(230.,86.,89.));
#36 = VECTOR('',#37,1.);
#37 = DIRECTION('',(0.,1.,0.));
#38 = ORIENTED_EDGE('',*,*,#39,.T.);
#39 = EDGE_CURVE('',#32,#40,#42,.T.);
#40 = VERTEX_POINT('',#41);
#41 = CARTESIAN_POINT('',(230.,154.,121.));
#42 = LINE('',#43,#44);
#43 = CARTESIAN_POINT('',(230.,154.,89.));
#44 = VECTOR('',#45,1.);
#45 = DIRECTION('',(0.,0.,1.));
#46 = ORIENTED_EDGE('',*,*,#47,.F.);
#47 = EDGE_CURVE('',#24,#40,#48,.T.);
#48 = LINE('',#49,#50);
#49 = CARTESIAN_POINT('',(230.,86.,121.));
#50 = VECTOR('',#51,1.);
#51 = DIRECTION('',(0.,1.,0.));
#52 = PLANE('',#53);
#53 = AXIS2_PLACEMENT_3D('',#54,#55,#56);
#54 = CARTESIAN_POINT('',(230.,86.,89.));
#55 = DIRECTION('',(1.,0.,0.));
#56 = DIRECTION('',(0.,0.,1.));
#57 = ADVANCED_FACE('',(#58),#92,.T.);
#58 = FACE_BOUND('',#59,.T.);
#59 = EDGE_LOOP('',(#60,#70,#78,#86));
#60 = ORIENTED_EDGE('',*,*,#61,.F.);
#61 = EDGE_CURVE('',#62,#64,#66,.T.);
#62 = VERTEX_POINT('',#63);
#63 = CARTESIAN_POINT('',(273.,86.,89.));
#64 = VERTEX_POINT('',#65);
#65 = CARTESIAN_POINT('',(273.,86.,121.));
#66 = LINE('',#67,#68);
#67 = CARTESIAN_POINT('',(273.,86.,89.));
#68 = VECTOR('',#69,1.);
#69 = DIRECTION('',(0.,0.,1.));
#70 = ORIENTED_EDGE('',*,*,#71,.T.);
#71 = EDGE_CURVE('',#62,#72,#74,.T.);
#72 = VERTEX_POINT('',#73);
#73 = CARTESIAN_POINT('',(273.,154.,89.));
#74 = LINE('',#75,#76);
#75 = CARTESIAN_POINT('',(273.,86.,89.));
#76 = VECTOR('',#77,1.);
#77 = DIRECTION('',(0.,1.,0.));
#78 = ORIENTED_EDGE('',*,*,#79,.T.);
#79 = EDGE_CURVE('',#72,#80,#82,.T.);
#80 = VERTEX_POINT('',#81);
#81 = CARTESIAN_POINT('',(273.,154.,121.));
#82 = LINE('',#83,#84);
#83 = CARTESIAN_POINT('',(273.,154.,89.));
#84 = VECTOR('',#85,1.);
#85 = DIRECTION('',(0.,0.,1.));
#86 = ORIENTED_EDGE('',*,*,#87,.F.);
#87 = EDGE_CURVE('',#64,#80,#88,.T.);
#88 = LINE('',#89,#90);
#89 = CARTESIAN_POINT('',(273.,86.,121.));
#90 = VECTOR('',#91,1.);
#91 = DIRECTION('',(0.,1.,0.));
#92 = PLANE('',#93);
#93 = AXIS2_PLACEMENT_3D('',#94,#95,#96);
#94 = CARTESIAN_POINT('',(273.,86.,89.));
#95 = DIRECTION('',(1.,0.,0.));
#96 = DIRECTION('',(0.,0.,1.));
#97 = ADVANCED_FACE('',(#98),#114,.F.);
#98 = FACE_BOUND('',#99,.F.);
#99 = EDGE_LOOP('',(#100,#106,#107,#113));
#100 = ORIENTED_EDGE('',*,*,#101,.F.);
#101 = EDGE_CURVE('',#22,#62,#102,.T.);
#102 = LINE('',#103,#104);
#103 = CARTESIAN_POINT('',(230.,86.,89.));
#104 = VECTOR('',#105,1.);
#105 = DIRECTION('',(1.,0.,0.));
#106 = ORIENTED_EDGE('',*,*,#21,.T.);
#107 = ORIENTED_EDGE('',*,*,#108,.T.);
#108 = EDGE_CURVE('',#24,#64,#109,.T.);
#109 = LINE('',#110,#111);
#110 = CARTESIAN_POINT('',(230.,86.,121.));
#111 = VECTOR('',#112,1.);
#112 = DIRECTION('',(1.,0.,0.));
#113 = ORIENTED_EDGE('',*,*,#61,.F.);
#114 = PLANE('',#115);
#115 = AXIS2_PLACEMENT_3D('',#116,#117,#118);
#116 = CARTESIAN_POINT('',(230.,86.,89.));
#117 = DIRECTION('',(0.,1.,0.));
#118 = DIRECTION('',(0.,0.,1.));
#119 = ADVANCED_FACE('',(#120),#136,.T.);
#120 = FACE_BOUND('',#121,.T.);
#121 = EDGE_LOOP('',(#122,#128,#129,#135));
#122 = ORIENTED_EDGE('',*,*,#123,.F.);
#123 = EDGE_CURVE('',#32,#72,#124,.T.);
#124 = LINE('',#125,#126);
#125 = CARTESIAN_POINT('',(230.,154.,89.));
#126 = VECTOR('',#127,1.);
#127 = DIRECTION('',(1.,0.,0.));
#128 = ORIENTED_EDGE('',*,*,#39,.T.);
#129 = ORIENTED_EDGE('',*,*,#130,.T.);
#130 = EDGE_CURVE('',#40,#80,#131,.T.);
#131 = LINE('',#132,#133);
#132 = CARTESIAN_POINT('',(230.,154.,121.));
#133 = VECTOR('',#134,1.);
#134 = DIRECTION('',(1.,0.,0.));
#135 = ORIENTED_EDGE('',*,*,#79,.F.);
#136 = PLANE('',#137);
#137 = AXIS2_PLACEMENT_3D('',#138,#139,#140);
#138 = CARTESIAN_POINT('',(230.,154.,89.));
#139 = DIRECTION('',(0.,1.,0.));
#140 = DIRECTION('',(0.,0.,1.));
#141 = ADVANCED_FACE('',(#142),#148,.F.);
#142 = FACE_BOUND('',#143,.F.);
#143 = EDGE_LOOP('',(#144,#145,#146,#147));
#144 = ORIENTED_EDGE('',*,*,#31,.F.);
#145 = ORIENTED_EDGE('',*,*,#101,.T.);
#146 = ORIENTED_EDGE('',*,*,#71,.T.);
#147 = ORIENTED_EDGE('',*,*,#123,.F.);
#148 = PLANE('',#149);
#149 = AXIS2_PLACEMENT_3D('',#150,#151,#152);
#150 = CARTESIAN_POINT('',(230.,86.,89.));
#151 = DIRECTION('',(0.,0.,1.));
#152 = DIRECTION('',(1.,0.,0.));
#153 = ADVANCED_FACE('',(#154),#160,.T.);
#154 = FACE_BOUND('',#155,.T.);
#155 = EDGE_LOOP('',(#156,#157,#158,#159));
#156 = ORIENTED_EDGE('',*,*,#47,.F.);
#157 = ORIENTED_EDGE('',*,*,#108,.T.);
#158 = ORIENTED_EDGE('',*,*,#87,.T.);
#159 = ORIENTED_EDGE('',*,*,#130,.F.);
#160 = PLANE('',#161);
#161 = AXIS2_PLACEMENT_3D('',#162,#163,#164);
#162 = CARTESIAN_POINT('',(230.,86.,121.));
#163 = DIRECTION('',(0.,0.,1.));
#164 = DIRECTION('',(1.,0.,0.));
#165 = MANIFOLD_SOLID_BREP('',#166);
#166 = CLOSED_SHELL('',(#167,#200,#209));
#167 = ADVANCED_FACE('',(#168),#195,.T.);
#168 = FACE_BOUND('',#169,.T.);
#169 = EDGE_LOOP('',(#170,#179,#187,#194));
#170 = ORIENTED_EDGE('',*,*,#171,.F.);
#171 = EDGE_CURVE('',#172,#172,#174,.T.);
#172 = VERTEX_POINT('',#173);
#173 = CARTESIAN_POINT('',(179.5,232.,54.));
#174 = CIRCLE('',#175,42.);
#175 = AXIS2_PLACEMENT_3D('',#176,#177,#178);
#176 = CARTESIAN_POINT('',(137.5,232.,54.));
#177 = DIRECTION('',(0.,0.,1.));
#178 = DIRECTION('',(1.,0.,0.));
#179 = ORIENTED_EDGE('',*,*,#180,.F.);
#180 = EDGE_CURVE('',#181,#172,#183,.T.);
#181 = VERTEX_POINT('',#182);
#182 = CARTESIAN_POINT('',(179.5,232.,0.));
#183 = LINE('',#184,#185);
#184 = CARTESIAN_POINT('',(179.5,232.,0.));
#185 = VECTOR('',#186,1.);
#186 = DIRECTION('',(0.,0.,1.));
#187 = ORIENTED_EDGE('',*,*,#188,.T.);
#188 = EDGE_CURVE('',#181,#181,#189,.T.);
#189 = CIRCLE('',#190,42.);
#190 = AXIS2_PLACEMENT_3D('',#191,#192,#193);
#191 = CARTESIAN_POINT('',(137.5,232.,0.));
#192 = DIRECTION('',(0.,0.,1.));
#193 = DIRECTION('',(1.,0.,0.));
#194 = ORIENTED_EDGE('',*,*,#180,.T.);
#195 = CYLINDRICAL_SURFACE('',#196,42.);
#196 = AXIS2_PLACEMENT_3D('',#197,#198,#199);
#197 = CARTESIAN_POINT('',(137.5,232.,0.));
#198 = DIRECTION('',(0.,0.,1.));
#199 = DIRECTION('',(1.,0.,0.));
#200 = ADVANCED_FACE('',(#201),#204,.T.);
#201 = FACE_BOUND('',#202,.T.);
#202 = EDGE_LOOP('',(#203));
#203 = ORIENTED_EDGE('',*,*,#171,.T.);
#204 = PLANE('',#205);
#205 = AXIS2_PLACEMENT_3D('',#206,#207,#208);
#206 = CARTESIAN_POINT('',(137.5,232.,54.));
#207 = DIRECTION('',(0.,0.,1.));
#208 = DIRECTION('',(1.,0.,0.));
#209 = ADVANCED_FACE('',(#210),#213,.F.);
#210 = FACE_BOUND('',#211,.T.);
#211 = EDGE_LOOP('',(#212));
#212 = ORIENTED_EDGE('',*,*,#188,.F.);
#213 = PLANE('',#214);
#214 = AXIS2_PLACEMENT_3D('',#215,#216,#217);
#215 = CARTESIAN_POINT('',(137.5,232.,0.));
#216 = DIRECTION('',(0.,0.,1.));
#217 = DIRECTION('',(1.,0.,0.));
#218 = MANIFOLD_SOLID_BREP('',#219);
#219 = CLOSED_SHELL('',(#220,#260,#300,#322,#344,#356));
#220 = ADVANCED_FACE('',(#221),#255,.F.);
#221 = FACE_BOUND('',#222,.F.);
#222 = EDGE_LOOP('',(#223,#233,#241,#249));
#223 = ORIENTED_EDGE('',*,*,#224,.F.);
#224 = EDGE_CURVE('',#225,#227,#229,.T.);
#225 = VERTEX_POINT('',#226);
#226 = CARTESIAN_POINT('',(153.,17.,91.));
#227 = VERTEX_POINT('',#228);
#228 = CARTESIAN_POINT('',(153.,17.,114.));
#229 = LINE('',#230,#231);
#230 = CARTESIAN_POINT('',(153.,17.,91.));
#231 = VECTOR('',#232,1.);
#232 = DIRECTION('',(0.,0.,1.));
#233 = ORIENTED_EDGE('',*,*,#234,.T.);
#234 = EDGE_CURVE('',#225,#235,#237,.T.);
#235 = VERTEX_POINT('',#236);
#236 = CARTESIAN_POINT('',(153.,73.,91.));
#237 = LINE('',#238,#239);
#238 = CARTESIAN_POINT('',(153.,17.,91.));
#239 = VECTOR('',#240,1.);
#240 = DIRECTION('',(0.,1.,0.));
#241 = ORIENTED_EDGE('',*,*,#242,.T.);
#242 = EDGE_CURVE('',#235,#243,#245,.T.);
#243 = VERTEX_POINT('',#244);
#244 = CARTESIAN_POINT('',(153.,73.,114.));
#245 = LINE('',#246,#247);
#246 = CARTESIAN_POINT('',(153.,73.,91.));
#247 = VECTOR('',#248,1.);
#248 = DIRECTION('',(0.,0.,1.));
#249 = ORIENTED_EDGE('',*,*,#250,.F.);
#250 = EDGE_CURVE('',#227,#243,#251,.T.);
#251 = LINE('',#252,#253);
#252 = CARTESIAN_POINT('',(153.,17.,114.));
#253 = VECTOR('',#254,1.);
#254 = DIRECTION('',(0.,1.,0.));
#255 = PLANE('',#256);
#256 = AXIS2_PLACEMENT_3D('',#257,#258,#259);
#257 = CARTESIAN_POINT('',(153.,17.,91.));
#258 = DIRECTION('',(1.,0.,0.));
#259 = DIRECTION('',(0.,0.,1.));
#260 = ADVANCED_FACE('',(#261),#295,.T.);
#261 = FACE_BOUND('',#262,.T.);
#262 = EDGE_LOOP('',(#263,#273,#281,#289));
#263 = ORIENTED_EDGE('',*,*,#264,.F.);
#264 = EDGE_CURVE('',#265,#267,#269,.T.);
#265 = VERTEX_POINT('',#266);
#266 = CARTESIAN_POINT('',(238.,17.,91.));
#267 = VERTEX_POINT('',#268);
#268 = CARTESIAN_POINT('',(238.,17.,114.));
#269 = LINE('',#270,#271);
#270 = CARTESIAN_POINT('',(238.,17.,91.));
#271 = VECTOR('',#272,1.);
#272 = DIRECTION('',(0.,0.,1.));
#273 = ORIENTED_EDGE('',*,*,#274,.T.);
#274 = EDGE_CURVE('',#265,#275,#277,.T.);
#275 = VERTEX_POINT('',#276);
#276 = CARTESIAN_POINT('',(238.,73.,91.));
#277 = LINE('',#278,#279);
#278 = CARTESIAN_POINT('',(238.,17.,91.));
#279 = VECTOR('',#280,1.);
#280 = DIRECTION('',(0.,1.,0.));
#281 = ORIENTED_EDGE('',*,*,#282,.T.);
#282 = EDGE_CURVE('',#275,#283,#285,.T.);
#283 = VERTEX_POINT('',#284);
#284 = CARTESIAN_POINT('',(238.,73.,114.));
#285 = LINE('',#286,#287);
#286 = CARTESIAN_POINT('',(238.,73.,91.));
#287 = VECTOR('',#288,1.);
#288 = DIRECTION('',(0.,0.,1.));
#289 = ORIENTED_EDGE('',*,*,#290,.F.);
#290 = EDGE_CURVE('',#267,#283,#291,.T.);
#291 = LINE('',#292,#293);
#292 = CARTESIAN_POINT('',(238.,17.,114.));
#293 = VECTOR('',#294,1.);
#294 = DIRECTION('',(0.,1.,0.));
#295 = PLANE('',#296);
#296 = AXIS2_PLACEMENT_3D('',#297,#298,#299);
#297 = CARTESIAN_POINT('',(238.,17.,91.));
#298 = DIRECTION('',(1.,0.,0.));
#299 = DIRECTION('',(0.,0.,1.));
#300 = ADVANCED_FACE('',(#301),#317,.F.);
#301 = FACE_BOUND('',#302,.F.);
#302 = EDGE_LOOP('',(#303,#309,#310,#316));
#303 = ORIENTED_EDGE('',*,*,#304,.F.);
#304 = EDGE_CURVE('',#225,#265,#305,.T.);
#305 = LINE('',#306,#307);
#306 = CARTESIAN_POINT('',(153.,17.,91.));
#307 = VECTOR('',#308,1.);
#308 = DIRECTION('',(1.,0.,0.));
#309 = ORIENTED_EDGE('',*,*,#224,.T.);
#310 = ORIENTED_EDGE('',*,*,#311,.T.);
#311 = EDGE_CURVE('',#227,#267,#312,.T.);
#312 = LINE('',#313,#314);
#313 = CARTESIAN_POINT('',(153.,17.,114.));
#314 = VECTOR('',#315,1.);
#315 = DIRECTION('',(1.,0.,0.));
#316 = ORIENTED_EDGE('',*,*,#264,.F.);
#317 = PLANE('',#318);
#318 = AXIS2_PLACEMENT_3D('',#319,#320,#321);
#319 = CARTESIAN_POINT('',(153.,17.,91.));
#320 = DIRECTION('',(0.,1.,0.));
#321 = DIRECTION('',(0.,0.,1.));
#322 = ADVANCED_FACE('',(#323),#339,.T.);
#323 = FACE_BOUND('',#324,.T.);
#324 = EDGE_LOOP('',(#325,#331,#332,#338));
#325 = ORIENTED_EDGE('',*,*,#326,.F.);
#326 = EDGE_CURVE('',#235,#275,#327,.T.);
#327 = LINE('',#328,#329);
#328 = CARTESIAN_POINT('',(153.,73.,91.));
#329 = VECTOR('',#330,1.);
#330 = DIRECTION('',(1.,0.,0.));
#331 = ORIENTED_EDGE('',*,*,#242,.T.);
#332 = ORIENTED_EDGE('',*,*,#333,.T.);
#333 = EDGE_CURVE('',#243,#283,#334,.T.);
#334 = LINE('',#335,#336);
#335 = CARTESIAN_POINT('',(153.,73.,114.));
#336 = VECTOR('',#337,1.);
#337 = DIRECTION('',(1.,0.,0.));
#338 = ORIENTED_EDGE('',*,*,#282,.F.);
#339 = PLANE('',#340);
#340 = AXIS2_PLACEMENT_3D('',#341,#342,#343);
#341 = CARTESIAN_POINT('',(153.,73.,91.));
#342 = DIRECTION('',(0.,1.,0.));
#343 = DIRECTION('',(0.,0.,1.));
#344 = ADVANCED_FACE('',(#345),#351,.F.);
#345 = FACE_BOUND('',#346,.F.);
#346 = EDGE_LOOP('',(#347,#348,#349,#350));
#347 = ORIENTED_EDGE('',*,*,#234,.F.);
#348 = ORIENTED_EDGE('',*,*,#304,.T.);
#349 = ORIENTED_EDGE('',*,*,#274,.T.);
#350 = ORIENTED_EDGE('',*,*,#326,.F.);
#351 = PLANE('',#352);
#352 = AXIS2_PLACEMENT_3D('',#353,#354,#355);
#353 = CARTESIAN_POINT('',(153.,17.,91.));
#354 = DIRECTION('',(0.,0.,1.));
#355 = DIRECTION('',(1.,0.,0.));
#356 = ADVANCED_FACE('',(#357),#363,.T.);
#357 = FACE_BOUND('',#358,.T.);
#358 = EDGE_LOOP('',(#359,#360,#361,#362));
#359 = ORIENTED_EDGE('',*,*,#250,.F.);
#360 = ORIENTED_EDGE('',*,*,#311,.T.);
#361 = ORIENTED_EDGE('',*,*,#290,.T.);
#362 = ORIENTED_EDGE('',*,*,#333,.F.);
#363 = PLANE('',#364);
#364 = AXIS2_PLACEMENT_3D('',#365,#366,#367);
#365 = CARTESIAN_POINT('',(153.,17.,114.));
#366 = DIRECTION('',(0.,0.,1.));
#367 = DIRECTION('',(1.,0.,0.));
#368 = MANIFOLD_SOLID_BREP('',#369);
#369 = CLOSED_SHELL('',(#370,#410,#450,#472,#494,#506));
#370 = ADVANCED_FACE('',(#371),#405,.F.);
#371 = FACE_BOUND('',#372,.F.);
#372 = EDGE_LOOP('',(#373,#383,#391,#399));
#373 = ORIENTED_EDGE('',*,*,#374,.F.);
#374 = EDGE_CURVE('',#375,#377,#379,.T.);
#375 = VERTEX_POINT('',#376);
#376 = CARTESIAN_POINT('',(158.,38.,62.));
#377 = VERTEX_POINT('',#378);
#378 = CARTESIAN_POINT('',(158.,38.,79.));
#379 = LINE('',#380,#381);
#380 = CARTESIAN_POINT('',(158.,38.,62.));
#381 = VECTOR('',#382,1.);
#382 = DIRECTION('',(0.,0.,1.));
#383 = ORIENTED_EDGE('',*,*,#384,.T.);
#384 = EDGE_CURVE('',#375,#385,#387,.T.);
#385 = VERTEX_POINT('',#386);
#386 = CARTESIAN_POINT('',(158.,80.,62.));
#387 = LINE('',#388,#389);
#388 = CARTESIAN_POINT('',(158.,38.,62.));
#389 = VECTOR('',#390,1.);
#390 = DIRECTION('',(0.,1.,0.));
#391 = ORIENTED_EDGE('',*,*,#392,.T.);
#392 = EDGE_CURVE('',#385,#393,#395,.T.);
#393 = VERTEX_POINT('',#394);
#394 = CARTESIAN_POINT('',(158.,80.,79.));
#395 = LINE('',#396,#397);
#396 = CARTESIAN_POINT('',(158.,80.,62.));
#397 = VECTOR('',#398,1.);
#398 = DIRECTION('',(0.,0.,1.));
#399 = ORIENTED_EDGE('',*,*,#400,.F.);
#400 = EDGE_CURVE('',#377,#393,#401,.T.);
#401 = LINE('',#402,#403);
#402 = CARTESIAN_POINT('',(158.,38.,79.));
#403 = VECTOR('',#404,1.);
#404 = DIRECTION('',(0.,1.,0.));
#405 = PLANE('',#406);
#406 = AXIS2_PLACEMENT_3D('',#407,#408,#409);
#407 = CARTESIAN_POINT('',(158.,38.,62.));
#408 = DIRECTION('',(1.,0.,0.));
#409 = DIRECTION('',(0.,0.,1.));
#410 = ADVANCED_FACE('',(#411),#445,.T.);
#411 = FACE_BOUND('',#412,.T.);
#412 = EDGE_LOOP('',(#413,#423,#431,#439));
#413 = ORIENTED_EDGE('',*,*,#414,.F.);
#414 = EDGE_CURVE('',#415,#417,#419,.T.);
#415 = VERTEX_POINT('',#416);
#416 = CARTESIAN_POINT('',(206.,38.,62.));
#417 = VERTEX_POINT('',#418);
#418 = CARTESIAN_POINT('',(206.,38.,79.));
#419 = LINE('',#420,#421);
#420 = CARTESIAN_POINT('',(206.,38.,62.));
#421 = VECTOR('',#422,1.);
#422 = DIRECTION('',(0.,0.,1.));
#423 = ORIENTED_EDGE('',*,*,#424,.T.);
#424 = EDGE_CURVE('',#415,#425,#427,.T.);
#425 = VERTEX_POINT('',#426);
#426 = CARTESIAN_POINT('',(206.,80.,62.));
#427 = LINE('',#428,#429);
#428 = CARTESIAN_POINT('',(206.,38.,62.));
#429 = VECTOR('',#430,1.);
#430 = DIRECTION('',(0.,1.,0.));
#431 = ORIENTED_EDGE('',*,*,#432,.T.);
#432 = EDGE_CURVE('',#425,#433,#435,.T.);
#433 = VERTEX_POINT('',#434);
#434 = CARTESIAN_POINT('',(206.,80.,79.));
#435 = LINE('',#436,#437);
#436 = CARTESIAN_POINT('',(206.,80.,62.));
#437 = VECTOR('',#438,1.);
#438 = DIRECTION('',(0.,0.,1.));
#439 = ORIENTED_EDGE('',*,*,#440,.F.);
#440 = EDGE_CURVE('',#417,#433,#441,.T.);
#441 = LINE('',#442,#443);
#442 = CARTESIAN_POINT('',(206.,38.,79.));
#443 = VECTOR('',#444,1.);
#444 = DIRECTION('',(0.,1.,0.));
#445 = PLANE('',#446);
#446 = AXIS2_PLACEMENT_3D('',#447,#448,#449);
#447 = CARTESIAN_POINT('',(206.,38.,62.));
#448 = DIRECTION('',(1.,0.,0.));
#449 = DIRECTION('',(0.,0.,1.));
#450 = ADVANCED_FACE('',(#451),#467,.F.);
#451 = FACE_BOUND('',#452,.F.);
#452 = EDGE_LOOP('',(#453,#459,#460,#466));
#453 = ORIENTED_EDGE('',*,*,#454,.F.);
#454 = EDGE_CURVE('',#375,#415,#455,.T.);
#455 = LINE('',#456,#457);
#456 = CARTESIAN_POINT('',(158.,38.,62.));
#457 = VECTOR('',#458,1.);
#458 = DIRECTION('',(1.,0.,0.));
#459 = ORIENTED_EDGE('',*,*,#374,.T.);
#460 = ORIENTED_EDGE('',*,*,#461,.T.);
#461 = EDGE_CURVE('',#377,#417,#462,.T.);
#462 = LINE('',#463,#464);
#463 = CARTESIAN_POINT('',(158.,38.,79.));
#464 = VECTOR('',#465,1.);
#465 = DIRECTION('',(1.,0.,0.));
#466 = ORIENTED_EDGE('',*,*,#414,.F.);
#467 = PLANE('',#468);
#468 = AXIS2_PLACEMENT_3D('',#469,#470,#471);
#469 = CARTESIAN_POINT('',(158.,38.,62.));
#470 = DIRECTION('',(0.,1.,0.));
#471 = DIRECTION('',(0.,0.,1.));
#472 = ADVANCED_FACE('',(#473),#489,.T.);
#473 = FACE_BOUND('',#474,.T.);
#474 = EDGE_LOOP('',(#475,#481,#482,#488));
#475 = ORIENTED_EDGE('',*,*,#476,.F.);
#476 = EDGE_CURVE('',#385,#425,#477,.T.);
#477 = LINE('',#478,#479);
#478 = CARTESIAN_POINT('',(158.,80.,62.));
#479 = VECTOR('',#480,1.);
#480 = DIRECTION('',(1.,0.,0.));
#481 = ORIENTED_EDGE('',*,*,#392,.T.);
#482 = ORIENTED_EDGE('',*,*,#483,.T.);
#483 = EDGE_CURVE('',#393,#433,#484,.T.);
#484 = LINE('',#485,#486);
#485 = CARTESIAN_POINT('',(158.,80.,79.));
#486 = VECTOR('',#487,1.);
#487 = DIRECTION('',(1.,0.,0.));
#488 = ORIENTED_EDGE('',*,*,#432,.F.);
#489 = PLANE('',#490);
#490 = AXIS2_PLACEMENT_3D('',#491,#492,#493);
#491 = CARTESIAN_POINT('',(158.,80.,62.));
#492 = DIRECTION('',(0.,1.,0.));
#493 = DIRECTION('',(0.,0.,1.));
#494 = ADVANCED_FACE('',(#495),#501,.F.);
#495 = FACE_BOUND('',#496,.F.);
#496 = EDGE_LOOP('',(#497,#498,#499,#500));
#497 = ORIENTED_EDGE('',*,*,#384,.F.);
#498 = ORIENTED_EDGE('',*,*,#454,.T.);
#499 = ORIENTED_EDGE('',*,*,#424,.T.);
#500 = ORIENTED_EDGE('',*,*,#476,.F.);
#501 = PLANE('',#502);
#502 = AXIS2_PLACEMENT_3D('',#503,#504,#505);
#503 = CARTESIAN_POINT('',(158.,38.,62.));
#504 = DIRECTION('',(0.,0.,1.));
#505 = DIRECTION('',(1.,0.,0.));
#506 = ADVANCED_FACE('',(#507),#513,.T.);
#507 = FACE_BOUND('',#508,.T.);
#508 = EDGE_LOOP('',(#509,#510,#511,#512));
#509 = ORIENTED_EDGE('',*,*,#400,.F.);
#510 = ORIENTED_EDGE('',*,*,#461,.T.);
#511 = ORIENTED_EDGE('',*,*,#440,.T.);
#512 = ORIENTED_EDGE('',*,*,#483,.F.);
#513 = PLANE('',#514);
#514 = AXIS2_PLACEMENT_3D('',#515,#516,#517);
#515 = CARTESIAN_POINT('',(158.,38.,79.));
#516 = DIRECTION('',(0.,0.,1.));
#517 = DIRECTION('',(1.,0.,0.));
#518 = MANIFOLD_SOLID_BREP('',#519);
#519 = CLOSED_SHELL('',(#520,#560,#600,#622,#644,#656));
#520 = ADVANCED_FACE('',(#521),#555,.F.);
#521 = FACE_BOUND('',#522,.F.);
#522 = EDGE_LOOP('',(#523,#533,#541,#549));
#523 = ORIENTED_EDGE('',*,*,#524,.F.);
#524 = EDGE_CURVE('',#525,#527,#529,.T.);
#525 = VERTEX_POINT('',#526);
#526 = CARTESIAN_POINT('',(216.,30.,62.));
#527 = VERTEX_POINT('',#528);
#528 = CARTESIAN_POINT('',(216.,30.,80.));
#529 = LINE('',#530,#531);
#530 = CARTESIAN_POINT('',(216.,30.,62.));
#531 = VECTOR('',#532,1.);
#532 = DIRECTION('',(0.,0.,1.));
#533 = ORIENTED_EDGE('',*,*,#534,.T.);
#534 = EDGE_CURVE('',#525,#535,#537,.T.);
#535 = VERTEX_POINT('',#536);
#536 = CARTESIAN_POINT('',(216.,85.,62.));
#537 = LINE('',#538,#539);
#538 = CARTESIAN_POINT('',(216.,30.,62.));
#539 = VECTOR('',#540,1.);
#540 = DIRECTION('',(0.,1.,0.));
#541 = ORIENTED_EDGE('',*,*,#542,.T.);
#542 = EDGE_CURVE('',#535,#543,#545,.T.);
#543 = VERTEX_POINT('',#544);
#544 = CARTESIAN_POINT('',(216.,85.,80.));
#545 = LINE('',#546,#547);
#546 = CARTESIAN_POINT('',(216.,85.,62.));
#547 = VECTOR('',#548,1.);
#548 = DIRECTION('',(0.,0.,1.));
#549 = ORIENTED_EDGE('',*,*,#550,.F.);
#550 = EDGE_CURVE('',#527,#543,#551,.T.);
#551 = LINE('',#552,#553);
#552 = CARTESIAN_POINT('',(216.,30.,80.));
#553 = VECTOR('',#554,1.);
#554 = DIRECTION('',(0.,1.,0.));
#555 = PLANE('',#556);
#556 = AXIS2_PLACEMENT_3D('',#557,#558,#559);
#557 = CARTESIAN_POINT('',(216.,30.,62.));
#558 = DIRECTION('',(1.,0.,0.));
#559 = DIRECTION('',(0.,0.,1.));
#560 = ADVANCED_FACE('',(#561),#595,.T.);
#561 = FACE_BOUND('',#562,.T.);
#562 = EDGE_LOOP('',(#563,#573,#581,#589));
#563 = ORIENTED_EDGE('',*,*,#564,.F.);
#564 = EDGE_CURVE('',#565,#567,#569,.T.);
#565 = VERTEX_POINT('',#566);
#566 = CARTESIAN_POINT('',(244.,30.,62.));
#567 = VERTEX_POINT('',#568);
#568 = CARTESIAN_POINT('',(244.,30.,80.));
#569 = LINE('',#570,#571);
#570 = CARTESIAN_POINT('',(244.,30.,62.));
#571 = VECTOR('',#572,1.);
#572 = DIRECTION('',(0.,0.,1.));
#573 = ORIENTED_EDGE('',*,*,#574,.T.);
#574 = EDGE_CURVE('',#565,#575,#577,.T.);
#575 = VERTEX_POINT('',#576);
#576 = CARTESIAN_POINT('',(244.,85.,62.));
#577 = LINE('',#578,#579);
#578 = CARTESIAN_POINT('',(244.,30.,62.));
#579 = VECTOR('',#580,1.);
#580 = DIRECTION('',(0.,1.,0.));
#581 = ORIENTED_EDGE('',*,*,#582,.T.);
#582 = EDGE_CURVE('',#575,#583,#585,.T.);
#583 = VERTEX_POINT('',#584);
#584 = CARTESIAN_POINT('',(244.,85.,80.));
#585 = LINE('',#586,#587);
#586 = CARTESIAN_POINT('',(244.,85.,62.));
#587 = VECTOR('',#588,1.);
#588 = DIRECTION('',(0.,0.,1.));
#589 = ORIENTED_EDGE('',*,*,#590,.F.);
#590 = EDGE_CURVE('',#567,#583,#591,.T.);
#591 = LINE('',#592,#593);
#592 = CARTESIAN_POINT('',(244.,30.,80.));
#593 = VECTOR('',#594,1.);
#594 = DIRECTION('',(0.,1.,0.));
#595 = PLANE('',#596);
#596 = AXIS2_PLACEMENT_3D('',#597,#598,#599);
#597 = CARTESIAN_POINT('',(244.,30.,62.));
#598 = DIRECTION('',(1.,0.,0.));
#599 = DIRECTION('',(0.,0.,1.));
#600 = ADVANCED_FACE('',(#601),#617,.F.);
#601 = FACE_BOUND('',#602,.F.);
#602 = EDGE_LOOP('',(#603,#609,#610,#616));
#603 = ORIENTED_EDGE('',*,*,#604,.F.);
#604 = EDGE_CURVE('',#525,#565,#605,.T.);
#605 = LINE('',#606,#607);
#606 = CARTESIAN_POINT('',(216.,30.,62.));
#607 = VECTOR('',#608,1.);
#608 = DIRECTION('',(1.,0.,0.));
#609 = ORIENTED_EDGE('',*,*,#524,.T.);
#610 = ORIENTED_EDGE('',*,*,#611,.T.);
#611 = EDGE_CURVE('',#527,#567,#612,.T.);
#612 = LINE('',#613,#614);
#613 = CARTESIAN_POINT('',(216.,30.,80.));
#614 = VECTOR('',#615,1.);
#615 = DIRECTION('',(1.,0.,0.));
#616 = ORIENTED_EDGE('',*,*,#564,.F.);
#617 = PLANE('',#618);
#618 = AXIS2_PLACEMENT_3D('',#619,#620,#621);
#619 = CARTESIAN_POINT('',(216.,30.,62.));
#620 = DIRECTION('',(0.,1.,0.));
#621 = DIRECTION('',(0.,0.,1.));
#622 = ADVANCED_FACE('',(#623),#639,.T.);
#623 = FACE_BOUND('',#624,.T.);
#624 = EDGE_LOOP('',(#625,#631,#632,#638));
#625 = ORIENTED_EDGE('',*,*,#626,.F.);
#626 = EDGE_CURVE('',#535,#575,#627,.T.);
#627 = LINE('',#628,#629);
#628 = CARTESIAN_POINT('',(216.,85.,62.));
#629 = VECTOR('',#630,1.);
#630 = DIRECTION('',(1.,0.,0.));
#631 = ORIENTED_EDGE('',*,*,#542,.T.);
#632 = ORIENTED_EDGE('',*,*,#633,.T.);
#633 = EDGE_CURVE('',#543,#583,#634,.T.);
#634 = LINE('',#635,#636);
#635 = CARTESIAN_POINT('',(216.,85.,80.));
#636 = VECTOR('',#637,1.);
#637 = DIRECTION('',(1.,0.,0.));
#638 = ORIENTED_EDGE('',*,*,#582,.F.);
#639 = PLANE('',#640);
#640 = AXIS2_PLACEMENT_3D('',#641,#642,#643);
#641 = CARTESIAN_POINT('',(216.,85.,62.));
#642 = DIRECTION('',(0.,1.,0.));
#643 = DIRECTION('',(0.,0.,1.));
#644 = ADVANCED_FACE('',(#645),#651,.F.);
#645 = FACE_BOUND('',#646,.F.);
#646 = EDGE_LOOP('',(#647,#648,#649,#650));
#647 = ORIENTED_EDGE('',*,*,#534,.F.);
#648 = ORIENTED_EDGE('',*,*,#604,.T.);
#649 = ORIENTED_EDGE('',*,*,#574,.T.);
#650 = ORIENTED_EDGE('',*,*,#626,.F.);
#651 = PLANE('',#652);
#652 = AXIS2_PLACEMENT_3D('',#653,#654,#655);
#653 = CARTESIAN_POINT('',(216.,30.,62.));
#654 = DIRECTION('',(0.,0.,1.));
#655 = DIRECTION('',(1.,0.,0.));
#656 = ADVANCED_FACE('',(#657),#663,.T.);
#657 = FACE_BOUND('',#658,.T.);
#658 = EDGE_LOOP('',(#659,#660,#661,#662));
#659 = ORIENTED_EDGE('',*,*,#550,.F.);
#660 = ORIENTED_EDGE('',*,*,#611,.T.);
#661 = ORIENTED_EDGE('',*,*,#590,.T.);
#662 = ORIENTED_EDGE('',*,*,#633,.F.);
#663 = PLANE('',#664);
#664 = AXIS2_PLACEMENT_3D('',#665,#666,#667);
#665 = CARTESIAN_POINT('',(216.,30.,80.));
#666 = DIRECTION('',(0.,0.,1.));
#667 = DIRECTION('',(1.,0.,0.));
#668 = MANIFOLD_SOLID_BREP('',#669);
#669 = CLOSED_SHELL('',(#670,#703,#712));
#670 = ADVANCED_FACE('',(#671),#698,.T.);
#671 = FACE_BOUND('',#672,.T.);
#672 = EDGE_LOOP('',(#673,#682,#690,#697));
#673 = ORIENTED_EDGE('',*,*,#674,.F.);
#674 = EDGE_CURVE('',#675,#675,#677,.T.);
#675 = VERTEX_POINT('',#676);
#676 = CARTESIAN_POINT('',(26.,108.,72.));
#677 = CIRCLE('',#678,36.);
#678 = AXIS2_PLACEMENT_3D('',#679,#680,#681);
#679 = CARTESIAN_POINT('',(26.,108.,36.));
#680 = DIRECTION('',(1.,0.,-0.));
#681 = DIRECTION('',(0.,0.,1.));
#682 = ORIENTED_EDGE('',*,*,#683,.F.);
#683 = EDGE_CURVE('',#684,#675,#686,.T.);
#684 = VERTEX_POINT('',#685);
#685 = CARTESIAN_POINT('',(2.,108.,72.));
#686 = LINE('',#687,#688);
#687 = CARTESIAN_POINT('',(2.,108.,72.));
#688 = VECTOR('',#689,1.);
#689 = DIRECTION('',(1.,0.,0.));
#690 = ORIENTED_EDGE('',*,*,#691,.T.);
#691 = EDGE_CURVE('',#684,#684,#692,.T.);
#692 = CIRCLE('',#693,36.);
#693 = AXIS2_PLACEMENT_3D('',#694,#695,#696);
#694 = CARTESIAN_POINT('',(2.,108.,36.));
#695 = DIRECTION('',(1.,0.,-0.));
#696 = DIRECTION('',(0.,0.,1.));
#697 = ORIENTED_EDGE('',*,*,#683,.T.);
#698 = CYLINDRICAL_SURFACE('',#699,36.);
#699 = AXIS2_PLACEMENT_3D('',#700,#701,#702);
#700 = CARTESIAN_POINT('',(2.,108.,36.));
#701 = DIRECTION('',(1.,0.,0.));
#702 = DIRECTION('',(0.,0.,1.));
#703 = ADVANCED_FACE('',(#704),#707,.T.);
#704 = FACE_BOUND('',#705,.T.);
#705 = EDGE_LOOP('',(#706));
#706 = ORIENTED_EDGE('',*,*,#674,.T.);
#707 = PLANE('',#708);
#708 = AXIS2_PLACEMENT_3D('',#709,#710,#711);
#709 = CARTESIAN_POINT('',(26.,108.,36.));
#710 = DIRECTION('',(1.,0.,0.));
#711 = DIRECTION('',(0.,0.,1.));
#712 = ADVANCED_FACE('',(#713),#716,.F.);
#713 = FACE_BOUND('',#714,.T.);
#714 = EDGE_LOOP('',(#715));
#715 = ORIENTED_EDGE('',*,*,#691,.F.);
#716 = PLANE('',#717);
#717 = AXIS2_PLACEMENT_3D('',#718,#719,#720);
#718 = CARTESIAN_POINT('',(2.,108.,36.));
#719 = DIRECTION('',(1.,0.,0.));
#720 = DIRECTION('',(0.,0.,1.));
#721 = MANIFOLD_SOLID_BREP('',#722);
#722 = CLOSED_SHELL('',(#723,#756,#765));
#723 = ADVANCED_FACE('',(#724),#751,.T.);
#724 = FACE_BOUND('',#725,.T.);
#725 = EDGE_LOOP('',(#726,#735,#743,#750));
#726 = ORIENTED_EDGE('',*,*,#727,.F.);
#727 = EDGE_CURVE('',#728,#728,#730,.T.);
#728 = VERTEX_POINT('',#729);
#729 = CARTESIAN_POINT('',(95.,108.,48.5));
#730 = CIRCLE('',#731,12.5);
#731 = AXIS2_PLACEMENT_3D('',#732,#733,#734);
#732 = CARTESIAN_POINT('',(95.,108.,36.));
#733 = DIRECTION('',(1.,0.,-0.));
#734 = DIRECTION('',(0.,0.,1.));
#735 = ORIENTED_EDGE('',*,*,#736,.F.);
#736 = EDGE_CURVE('',#737,#728,#739,.T.);
#737 = VERTEX_POINT('',#738);
#738 = CARTESIAN_POINT('',(26.,108.,48.5));
#739 = LINE('',#740,#741);
#740 = CARTESIAN_POINT('',(26.,108.,48.5));
#741 = VECTOR('',#742,1.);
#742 = DIRECTION('',(1.,0.,0.));
#743 = ORIENTED_EDGE('',*,*,#744,.T.);
#744 = EDGE_CURVE('',#737,#737,#745,.T.);
#745 = CIRCLE('',#746,12.5);
#746 = AXIS2_PLACEMENT_3D('',#747,#748,#749);
#747 = CARTESIAN_POINT('',(26.,108.,36.));
#748 = DIRECTION('',(1.,0.,-0.));
#749 = DIRECTION('',(0.,0.,1.));
#750 = ORIENTED_EDGE('',*,*,#736,.T.);
#751 = CYLINDRICAL_SURFACE('',#752,12.5);
#752 = AXIS2_PLACEMENT_3D('',#753,#754,#755);
#753 = CARTESIAN_POINT('',(26.,108.,36.));
#754 = DIRECTION('',(1.,0.,0.));
#755 = DIRECTION('',(0.,0.,1.));
#756 = ADVANCED_FACE('',(#757),#760,.T.);
#757 = FACE_BOUND('',#758,.T.);
#758 = EDGE_LOOP('',(#759));
#759 = ORIENTED_EDGE('',*,*,#727,.T.);
#760 = PLANE('',#761);
#761 = AXIS2_PLACEMENT_3D('',#762,#763,#764);
#762 = CARTESIAN_POINT('',(95.,108.,36.));
#763 = DIRECTION('',(1.,0.,0.));
#764 = DIRECTION('',(0.,0.,1.));
#765 = ADVANCED_FACE('',(#766),#769,.F.);
#766 = FACE_BOUND('',#767,.T.);
#767 = EDGE_LOOP('',(#768));
#768 = ORIENTED_EDGE('',*,*,#744,.F.);
#769 = PLANE('',#770);
#770 = AXIS2_PLACEMENT_3D('',#771,#772,#773);
#771 = CARTESIAN_POINT('',(26.,108.,36.));
#772 = DIRECTION('',(1.,0.,0.));
#773 = DIRECTION('',(0.,0.,1.));
#774 = MANIFOLD_SOLID_BREP('',#775);
#775 = CLOSED_SHELL('',(#776,#809,#818));
#776 = ADVANCED_FACE('',(#777),#804,.T.);
#777 = FACE_BOUND('',#778,.T.);
#778 = EDGE_LOOP('',(#779,#788,#796,#803));
#779 = ORIENTED_EDGE('',*,*,#780,.F.);
#780 = EDGE_CURVE('',#781,#781,#783,.T.);
#781 = VERTEX_POINT('',#782);
#782 = CARTESIAN_POINT('',(273.,108.,72.));
#783 = CIRCLE('',#784,36.);
#784 = AXIS2_PLACEMENT_3D('',#785,#786,#787);
#785 = CARTESIAN_POINT('',(273.,108.,36.));
#786 = DIRECTION('',(1.,0.,-0.));
#787 = DIRECTION('',(0.,0.,1.));
#788 = ORIENTED_EDGE('',*,*,#789,.F.);
#789 = EDGE_CURVE('',#790,#781,#792,.T.);
#790 = VERTEX_POINT('',#791);
#791 = CARTESIAN_POINT('',(249.,108.,72.));
#792 = LINE('',#793,#794);
#793 = CARTESIAN_POINT('',(249.,108.,72.));
#794 = VECTOR('',#795,1.);
#795 = DIRECTION('',(1.,0.,0.));
#796 = ORIENTED_EDGE('',*,*,#797,.T.);
#797 = EDGE_CURVE('',#790,#790,#798,.T.);
#798 = CIRCLE('',#799,36.);
#799 = AXIS2_PLACEMENT_3D('',#800,#801,#802);
#800 = CARTESIAN_POINT('',(249.,108.,36.));
#801 = DIRECTION('',(1.,0.,-0.));
#802 = DIRECTION('',(0.,0.,1.));
#803 = ORIENTED_EDGE('',*,*,#789,.T.);
#804 = CYLINDRICAL_SURFACE('',#805,36.);
#805 = AXIS2_PLACEMENT_3D('',#806,#807,#808);
#806 = CARTESIAN_POINT('',(249.,108.,36.));
#807 = DIRECTION('',(1.,0.,0.));
#808 = DIRECTION('',(0.,0.,1.));
#809 = ADVANCED_FACE('',(#810),#813,.T.);
#810 = FACE_BOUND('',#811,.T.);
#811 = EDGE_LOOP('',(#812));
#812 = ORIENTED_EDGE('',*,*,#780,.T.);
#813 = PLANE('',#814);
#814 = AXIS2_PLACEMENT_3D('',#815,#816,#817);
#815 = CARTESIAN_POINT('',(273.,108.,36.));
#816 = DIRECTION('',(1.,0.,0.));
#817 = DIRECTION('',(0.,0.,1.));
#818 = ADVANCED_FACE('',(#819),#822,.F.);
#819 = FACE_BOUND('',#820,.T.);
#820 = EDGE_LOOP('',(#821));
#821 = ORIENTED_EDGE('',*,*,#797,.F.);
#822 = PLANE('',#823);
#823 = AXIS2_PLACEMENT_3D('',#824,#825,#826);
#824 = CARTESIAN_POINT('',(249.,108.,36.));
#825 = DIRECTION('',(1.,0.,0.));
#826 = DIRECTION('',(0.,0.,1.));
#827 = MANIFOLD_SOLID_BREP('',#828);
#828 = CLOSED_SHELL('',(#829,#862,#871));
#829 = ADVANCED_FACE('',(#830),#857,.T.);
#830 = FACE_BOUND('',#831,.T.);
#831 = EDGE_LOOP('',(#832,#841,#849,#856));
#832 = ORIENTED_EDGE('',*,*,#833,.F.);
#833 = EDGE_CURVE('',#834,#834,#836,.T.);
#834 = VERTEX_POINT('',#835);
#835 = CARTESIAN_POINT('',(249.,108.,48.5));
#836 = CIRCLE('',#837,12.5);
#837 = AXIS2_PLACEMENT_3D('',#838,#839,#840);
#838 = CARTESIAN_POINT('',(249.,108.,36.));
#839 = DIRECTION('',(1.,0.,-0.));
#840 = DIRECTION('',(0.,0.,1.));
#841 = ORIENTED_EDGE('',*,*,#842,.F.);
#842 = EDGE_CURVE('',#843,#834,#845,.T.);
#843 = VERTEX_POINT('',#844);
#844 = CARTESIAN_POINT('',(180.,108.,48.5));
#845 = LINE('',#846,#847);
#846 = CARTESIAN_POINT('',(180.,108.,48.5));
#847 = VECTOR('',#848,1.);
#848 = DIRECTION('',(1.,0.,0.));
#849 = ORIENTED_EDGE('',*,*,#850,.T.);
#850 = EDGE_CURVE('',#843,#843,#851,.T.);
#851 = CIRCLE('',#852,12.5);
#852 = AXIS2_PLACEMENT_3D('',#853,#854,#855);
#853 = CARTESIAN_POINT('',(180.,108.,36.));
#854 = DIRECTION('',(1.,0.,-0.));
#855 = DIRECTION('',(0.,0.,1.));
#856 = ORIENTED_EDGE('',*,*,#842,.T.);
#857 = CYLINDRICAL_SURFACE('',#858,12.5);
#858 = AXIS2_PLACEMENT_3D('',#859,#860,#861);
#859 = CARTESIAN_POINT('',(180.,108.,36.));
#860 = DIRECTION('',(1.,0.,0.));
#861 = DIRECTION('',(0.,0.,1.));
#862 = ADVANCED_FACE('',(#863),#866,.T.);
#863 = FACE_BOUND('',#864,.T.);
#864 = EDGE_LOOP('',(#865));
#865 = ORIENTED_EDGE('',*,*,#833,.T.);
#866 = PLANE('',#867);
#867 = AXIS2_PLACEMENT_3D('',#868,#869,#870);
#868 = CARTESIAN_POINT('',(249.,108.,36.));
#869 = DIRECTION('',(1.,0.,0.));
#870 = DIRECTION('',(0.,0.,1.));
#871 = ADVANCED_FACE('',(#872),#875,.F.);
#872 = FACE_BOUND('',#873,.T.);
#873 = EDGE_LOOP('',(#874));
#874 = ORIENTED_EDGE('',*,*,#850,.F.);
#875 = PLANE('',#876);
#876 = AXIS2_PLACEMENT_3D('',#877,#878,#879);
#877 = CARTESIAN_POINT('',(180.,108.,36.));
#878 = DIRECTION('',(1.,0.,0.));
#879 = DIRECTION('',(0.,0.,1.));
#880 = MANIFOLD_SOLID_BREP('',#881);
#881 = CLOSED_SHELL('',(#882,#915,#924));
#882 = ADVANCED_FACE('',(#883),#910,.T.);
#883 = FACE_BOUND('',#884,.T.);
#884 = EDGE_LOOP('',(#885,#894,#902,#909));
#885 = ORIENTED_EDGE('',*,*,#886,.F.);
#886 = EDGE_CURVE('',#887,#887,#889,.T.);
#887 = VERTEX_POINT('',#888);
#888 = CARTESIAN_POINT('',(133.5,170.5,104.));
#889 = CIRCLE('',#890,12.5);
#890 = AXIS2_PLACEMENT_3D('',#891,#892,#893);
#891 = CARTESIAN_POINT('',(121.,170.5,104.));
#892 = DIRECTION('',(0.,0.,1.));
#893 = DIRECTION('',(1.,0.,0.));
#894 = ORIENTED_EDGE('',*,*,#895,.F.);
#895 = EDGE_CURVE('',#896,#887,#898,.T.);
#896 = VERTEX_POINT('',#897);
#897 = CARTESIAN_POINT('',(133.5,170.5,41.));
#898 = LINE('',#899,#900);
#899 = CARTESIAN_POINT('',(133.5,170.5,41.));
#900 = VECTOR('',#901,1.);
#901 = DIRECTION('',(0.,0.,1.));
#902 = ORIENTED_EDGE('',*,*,#903,.T.);
#903 = EDGE_CURVE('',#896,#896,#904,.T.);
#904 = CIRCLE('',#905,12.5);
#905 = AXIS2_PLACEMENT_3D('',#906,#907,#908);
#906 = CARTESIAN_POINT('',(121.,170.5,41.));
#907 = DIRECTION('',(0.,0.,1.));
#908 = DIRECTION('',(1.,0.,0.));
#909 = ORIENTED_EDGE('',*,*,#895,.T.);
#910 = CYLINDRICAL_SURFACE('',#911,12.5);
#911 = AXIS2_PLACEMENT_3D('',#912,#913,#914);
#912 = CARTESIAN_POINT('',(121.,170.5,41.));
#913 = DIRECTION('',(0.,0.,1.));
#914 = DIRECTION('',(1.,0.,0.));
#915 = ADVANCED_FACE('',(#916),#919,.T.);
#916 = FACE_BOUND('',#917,.T.);
#917 = EDGE_LOOP('',(#918));
#918 = ORIENTED_EDGE('',*,*,#886,.T.);
#919 = PLANE('',#920);
#920 = AXIS2_PLACEMENT_3D('',#921,#922,#923);
#921 = CARTESIAN_POINT('',(121.,170.5,104.));
#922 = DIRECTION('',(0.,0.,1.));
#923 = DIRECTION('',(1.,0.,0.));
#924 = ADVANCED_FACE('',(#925),#928,.F.);
#925 = FACE_BOUND('',#926,.T.);
#926 = EDGE_LOOP('',(#927));
#927 = ORIENTED_EDGE('',*,*,#903,.F.);
#928 = PLANE('',#929);
#929 = AXIS2_PLACEMENT_3D('',#930,#931,#932);
#930 = CARTESIAN_POINT('',(121.,170.5,41.));
#931 = DIRECTION('',(0.,0.,1.));
#932 = DIRECTION('',(1.,0.,0.));
#933 = MANIFOLD_SOLID_BREP('',#934);
#934 = CLOSED_SHELL('',(#935,#975,#1015,#1037,#1059,#1071));
#935 = ADVANCED_FACE('',(#936),#970,.F.);
#936 = FACE_BOUND('',#937,.F.);
#937 = EDGE_LOOP('',(#938,#948,#956,#964));
#938 = ORIENTED_EDGE('',*,*,#939,.F.);
#939 = EDGE_CURVE('',#940,#942,#944,.T.);
#940 = VERTEX_POINT('',#941);
#941 = CARTESIAN_POINT('',(4.,160.,58.));
#942 = VERTEX_POINT('',#943);
#943 = CARTESIAN_POINT('',(4.,160.,85.));
#944 = LINE('',#945,#946);
#945 = CARTESIAN_POINT('',(4.,160.,58.));
#946 = VECTOR('',#947,1.);
#947 = DIRECTION('',(0.,0.,1.));
#948 = ORIENTED_EDGE('',*,*,#949,.T.);
#949 = EDGE_CURVE('',#940,#950,#952,.T.);
#950 = VERTEX_POINT('',#951);
#951 = CARTESIAN_POINT('',(4.,210.,58.));
#952 = LINE('',#953,#954);
#953 = CARTESIAN_POINT('',(4.,160.,58.));
#954 = VECTOR('',#955,1.);
#955 = DIRECTION('',(0.,1.,0.));
#956 = ORIENTED_EDGE('',*,*,#957,.T.);
#957 = EDGE_CURVE('',#950,#958,#960,.T.);
#958 = VERTEX_POINT('',#959);
#959 = CARTESIAN_POINT('',(4.,210.,85.));
#960 = LINE('',#961,#962);
#961 = CARTESIAN_POINT('',(4.,210.,58.));
#962 = VECTOR('',#963,1.);
#963 = DIRECTION('',(0.,0.,1.));
#964 = ORIENTED_EDGE('',*,*,#965,.F.);
#965 = EDGE_CURVE('',#942,#958,#966,.T.);
#966 = LINE('',#967,#968);
#967 = CARTESIAN_POINT('',(4.,160.,85.));
#968 = VECTOR('',#969,1.);
#969 = DIRECTION('',(0.,1.,0.));
#970 = PLANE('',#971);
#971 = AXIS2_PLACEMENT_3D('',#972,#973,#974);
#972 = CARTESIAN_POINT('',(4.,160.,58.));
#973 = DIRECTION('',(1.,0.,0.));
#974 = DIRECTION('',(0.,0.,1.));
#975 = ADVANCED_FACE('',(#976),#1010,.T.);
#976 = FACE_BOUND('',#977,.T.);
#977 = EDGE_LOOP('',(#978,#988,#996,#1004));
#978 = ORIENTED_EDGE('',*,*,#979,.F.);
#979 = EDGE_CURVE('',#980,#982,#984,.T.);
#980 = VERTEX_POINT('',#981);
#981 = CARTESIAN_POINT('',(22.,160.,58.));
#982 = VERTEX_POINT('',#983);
#983 = CARTESIAN_POINT('',(22.,160.,85.));
#984 = LINE('',#985,#986);
#985 = CARTESIAN_POINT('',(22.,160.,58.));
#986 = VECTOR('',#987,1.);
#987 = DIRECTION('',(0.,0.,1.));
#988 = ORIENTED_EDGE('',*,*,#989,.T.);
#989 = EDGE_CURVE('',#980,#990,#992,.T.);
#990 = VERTEX_POINT('',#991);
#991 = CARTESIAN_POINT('',(22.,210.,58.));
#992 = LINE('',#993,#994);
#993 = CARTESIAN_POINT('',(22.,160.,58.));
#994 = VECTOR('',#995,1.);
#995 = DIRECTION('',(0.,1.,0.));
#996 = ORIENTED_EDGE('',*,*,#997,.T.);
#997 = EDGE_CURVE('',#990,#998,#1000,.T.);
#998 = VERTEX_POINT('',#999);
#999 = CARTESIAN_POINT('',(22.,210.,85.));
#1000 = LINE('',#1001,#1002);
#1001 = CARTESIAN_POINT('',(22.,210.,58.));
#1002 = VECTOR('',#1003,1.);
#1003 = DIRECTION('',(0.,0.,1.));
#1004 = ORIENTED_EDGE('',*,*,#1005,.F.);
#1005 = EDGE_CURVE('',#982,#998,#1006,.T.);
#1006 = LINE('',#1007,#1008);
#1007 = CARTESIAN_POINT('',(22.,160.,85.));
#1008 = VECTOR('',#1009,1.);
#1009 = DIRECTION('',(0.,1.,0.));
#1010 = PLANE('',#1011);
#1011 = AXIS2_PLACEMENT_3D('',#1012,#1013,#1014);
#1012 = CARTESIAN_POINT('',(22.,160.,58.));
#1013 = DIRECTION('',(1.,0.,0.));
#1014 = DIRECTION('',(0.,0.,1.));
#1015 = ADVANCED_FACE('',(#1016),#1032,.F.);
#1016 = FACE_BOUND('',#1017,.F.);
#1017 = EDGE_LOOP('',(#1018,#1024,#1025,#1031));
#1018 = ORIENTED_EDGE('',*,*,#1019,.F.);
#1019 = EDGE_CURVE('',#940,#980,#1020,.T.);
#1020 = LINE('',#1021,#1022);
#1021 = CARTESIAN_POINT('',(4.,160.,58.));
#1022 = VECTOR('',#1023,1.);
#1023 = DIRECTION('',(1.,0.,0.));
#1024 = ORIENTED_EDGE('',*,*,#939,.T.);
#1025 = ORIENTED_EDGE('',*,*,#1026,.T.);
#1026 = EDGE_CURVE('',#942,#982,#1027,.T.);
#1027 = LINE('',#1028,#1029);
#1028 = CARTESIAN_POINT('',(4.,160.,85.));
#1029 = VECTOR('',#1030,1.);
#1030 = DIRECTION('',(1.,0.,0.));
#1031 = ORIENTED_EDGE('',*,*,#979,.F.);
#1032 = PLANE('',#1033);
#1033 = AXIS2_PLACEMENT_3D('',#1034,#1035,#1036);
#1034 = CARTESIAN_POINT('',(4.,160.,58.));
#1035 = DIRECTION('',(0.,1.,0.));
#1036 = DIRECTION('',(0.,0.,1.));
#1037 = ADVANCED_FACE('',(#1038),#1054,.T.);
#1038 = FACE_BOUND('',#1039,.T.);
#1039 = EDGE_LOOP('',(#1040,#1046,#1047,#1053));
#1040 = ORIENTED_EDGE('',*,*,#1041,.F.);
#1041 = EDGE_CURVE('',#950,#990,#1042,.T.);
#1042 = LINE('',#1043,#1044);
#1043 = CARTESIAN_POINT('',(4.,210.,58.));
#1044 = VECTOR('',#1045,1.);
#1045 = DIRECTION('',(1.,0.,0.));
#1046 = ORIENTED_EDGE('',*,*,#957,.T.);
#1047 = ORIENTED_EDGE('',*,*,#1048,.T.);
#1048 = EDGE_CURVE('',#958,#998,#1049,.T.);
#1049 = LINE('',#1050,#1051);
#1050 = CARTESIAN_POINT('',(4.,210.,85.));
#1051 = VECTOR('',#1052,1.);
#1052 = DIRECTION('',(1.,0.,0.));
#1053 = ORIENTED_EDGE('',*,*,#997,.F.);
#1054 = PLANE('',#1055);
#1055 = AXIS2_PLACEMENT_3D('',#1056,#1057,#1058);
#1056 = CARTESIAN_POINT('',(4.,210.,58.));
#1057 = DIRECTION('',(0.,1.,0.));
#1058 = DIRECTION('',(0.,0.,1.));
#1059 = ADVANCED_FACE('',(#1060),#1066,.F.);
#1060 = FACE_BOUND('',#1061,.F.);
#1061 = EDGE_LOOP('',(#1062,#1063,#1064,#1065));
#1062 = ORIENTED_EDGE('',*,*,#949,.F.);
#1063 = ORIENTED_EDGE('',*,*,#1019,.T.);
#1064 = ORIENTED_EDGE('',*,*,#989,.T.);
#1065 = ORIENTED_EDGE('',*,*,#1041,.F.);
#1066 = PLANE('',#1067);
#1067 = AXIS2_PLACEMENT_3D('',#1068,#1069,#1070);
#1068 = CARTESIAN_POINT('',(4.,160.,58.));
#1069 = DIRECTION('',(0.,0.,1.));
#1070 = DIRECTION('',(1.,0.,0.));
#1071 = ADVANCED_FACE('',(#1072),#1078,.T.);
#1072 = FACE_BOUND('',#1073,.T.);
#1073 = EDGE_LOOP('',(#1074,#1075,#1076,#1077));
#1074 = ORIENTED_EDGE('',*,*,#965,.F.);
#1075 = ORIENTED_EDGE('',*,*,#1026,.T.);
#1076 = ORIENTED_EDGE('',*,*,#1005,.T.);
#1077 = ORIENTED_EDGE('',*,*,#1048,.F.);
#1078 = PLANE('',#1079);
#1079 = AXIS2_PLACEMENT_3D('',#1080,#1081,#1082);
#1080 = CARTESIAN_POINT('',(4.,160.,85.));
#1081 = DIRECTION('',(0.,0.,1.));
#1082 = DIRECTION('',(1.,0.,0.));
#1083 = MANIFOLD_SOLID_BREP('',#1084);
#1084 = CLOSED_SHELL('',(#1085,#1125,#1165,#1187,#1209,#1221));
#1085 = ADVANCED_FACE('',(#1086),#1120,.F.);
#1086 = FACE_BOUND('',#1087,.F.);
#1087 = EDGE_LOOP('',(#1088,#1098,#1106,#1114));
#1088 = ORIENTED_EDGE('',*,*,#1089,.F.);
#1089 = EDGE_CURVE('',#1090,#1092,#1094,.T.);
#1090 = VERTEX_POINT('',#1091);
#1091 = CARTESIAN_POINT('',(193.,88.,123.));
#1092 = VERTEX_POINT('',#1093);
#1093 = CARTESIAN_POINT('',(193.,88.,158.));
#1094 = LINE('',#1095,#1096);
#1095 = CARTESIAN_POINT('',(193.,88.,123.));
#1096 = VECTOR('',#1097,1.);
#1097 = DIRECTION('',(0.,0.,1.));
#1098 = ORIENTED_EDGE('',*,*,#1099,.T.);
#1099 = EDGE_CURVE('',#1090,#1100,#1102,.T.);
#1100 = VERTEX_POINT('',#1101);
#1101 = CARTESIAN_POINT('',(193.,120.,123.));
#1102 = LINE('',#1103,#1104);
#1103 = CARTESIAN_POINT('',(193.,88.,123.));
#1104 = VECTOR('',#1105,1.);
#1105 = DIRECTION('',(0.,1.,0.));
#1106 = ORIENTED_EDGE('',*,*,#1107,.T.);
#1107 = EDGE_CURVE('',#1100,#1108,#1110,.T.);
#1108 = VERTEX_POINT('',#1109);
#1109 = CARTESIAN_POINT('',(193.,120.,158.));
#1110 = LINE('',#1111,#1112);
#1111 = CARTESIAN_POINT('',(193.,120.,123.));
#1112 = VECTOR('',#1113,1.);
#1113 = DIRECTION('',(0.,0.,1.));
#1114 = ORIENTED_EDGE('',*,*,#1115,.F.);
#1115 = EDGE_CURVE('',#1092,#1108,#1116,.T.);
#1116 = LINE('',#1117,#1118);
#1117 = CARTESIAN_POINT('',(193.,88.,158.));
#1118 = VECTOR('',#1119,1.);
#1119 = DIRECTION('',(0.,1.,0.));
#1120 = PLANE('',#1121);
#1121 = AXIS2_PLACEMENT_3D('',#1122,#1123,#1124);
#1122 = CARTESIAN_POINT('',(193.,88.,123.));
#1123 = DIRECTION('',(1.,0.,0.));
#1124 = DIRECTION('',(0.,0.,1.));
#1125 = ADVANCED_FACE('',(#1126),#1160,.T.);
#1126 = FACE_BOUND('',#1127,.T.);
#1127 = EDGE_LOOP('',(#1128,#1138,#1146,#1154));
#1128 = ORIENTED_EDGE('',*,*,#1129,.F.);
#1129 = EDGE_CURVE('',#1130,#1132,#1134,.T.);
#1130 = VERTEX_POINT('',#1131);
#1131 = CARTESIAN_POINT('',(271.,88.,123.));
#1132 = VERTEX_POINT('',#1133);
#1133 = CARTESIAN_POINT('',(271.,88.,158.));
#1134 = LINE('',#1135,#1136);
#1135 = CARTESIAN_POINT('',(271.,88.,123.));
#1136 = VECTOR('',#1137,1.);
#1137 = DIRECTION('',(0.,0.,1.));
#1138 = ORIENTED_EDGE('',*,*,#1139,.T.);
#1139 = EDGE_CURVE('',#1130,#1140,#1142,.T.);
#1140 = VERTEX_POINT('',#1141);
#1141 = CARTESIAN_POINT('',(271.,120.,123.));
#1142 = LINE('',#1143,#1144);
#1143 = CARTESIAN_POINT('',(271.,88.,123.));
#1144 = VECTOR('',#1145,1.);
#1145 = DIRECTION('',(0.,1.,0.));
#1146 = ORIENTED_EDGE('',*,*,#1147,.T.);
#1147 = EDGE_CURVE('',#1140,#1148,#1150,.T.);
#1148 = VERTEX_POINT('',#1149);
#1149 = CARTESIAN_POINT('',(271.,120.,158.));
#1150 = LINE('',#1151,#1152);
#1151 = CARTESIAN_POINT('',(271.,120.,123.));
#1152 = VECTOR('',#1153,1.);
#1153 = DIRECTION('',(0.,0.,1.));
#1154 = ORIENTED_EDGE('',*,*,#1155,.F.);
#1155 = EDGE_CURVE('',#1132,#1148,#1156,.T.);
#1156 = LINE('',#1157,#1158);
#1157 = CARTESIAN_POINT('',(271.,88.,158.));
#1158 = VECTOR('',#1159,1.);
#1159 = DIRECTION('',(0.,1.,0.));
#1160 = PLANE('',#1161);
#1161 = AXIS2_PLACEMENT_3D('',#1162,#1163,#1164);
#1162 = CARTESIAN_POINT('',(271.,88.,123.));
#1163 = DIRECTION('',(1.,0.,0.));
#1164 = DIRECTION('',(0.,0.,1.));
#1165 = ADVANCED_FACE('',(#1166),#1182,.F.);
#1166 = FACE_BOUND('',#1167,.F.);
#1167 = EDGE_LOOP('',(#1168,#1174,#1175,#1181));
#1168 = ORIENTED_EDGE('',*,*,#1169,.F.);
#1169 = EDGE_CURVE('',#1090,#1130,#1170,.T.);
#1170 = LINE('',#1171,#1172);
#1171 = CARTESIAN_POINT('',(193.,88.,123.));
#1172 = VECTOR('',#1173,1.);
#1173 = DIRECTION('',(1.,0.,0.));
#1174 = ORIENTED_EDGE('',*,*,#1089,.T.);
#1175 = ORIENTED_EDGE('',*,*,#1176,.T.);
#1176 = EDGE_CURVE('',#1092,#1132,#1177,.T.);
#1177 = LINE('',#1178,#1179);
#1178 = CARTESIAN_POINT('',(193.,88.,158.));
#1179 = VECTOR('',#1180,1.);
#1180 = DIRECTION('',(1.,0.,0.));
#1181 = ORIENTED_EDGE('',*,*,#1129,.F.);
#1182 = PLANE('',#1183);
#1183 = AXIS2_PLACEMENT_3D('',#1184,#1185,#1186);
#1184 = CARTESIAN_POINT('',(193.,88.,123.));
#1185 = DIRECTION('',(0.,1.,0.));
#1186 = DIRECTION('',(0.,0.,1.));
#1187 = ADVANCED_FACE('',(#1188),#1204,.T.);
#1188 = FACE_BOUND('',#1189,.T.);
#1189 = EDGE_LOOP('',(#1190,#1196,#1197,#1203));
#1190 = ORIENTED_EDGE('',*,*,#1191,.F.);
#1191 = EDGE_CURVE('',#1100,#1140,#1192,.T.);
#1192 = LINE('',#1193,#1194);
#1193 = CARTESIAN_POINT('',(193.,120.,123.));
#1194 = VECTOR('',#1195,1.);
#1195 = DIRECTION('',(1.,0.,0.));
#1196 = ORIENTED_EDGE('',*,*,#1107,.T.);
#1197 = ORIENTED_EDGE('',*,*,#1198,.T.);
#1198 = EDGE_CURVE('',#1108,#1148,#1199,.T.);
#1199 = LINE('',#1200,#1201);
#1200 = CARTESIAN_POINT('',(193.,120.,158.));
#1201 = VECTOR('',#1202,1.);
#1202 = DIRECTION('',(1.,0.,0.));
#1203 = ORIENTED_EDGE('',*,*,#1147,.F.);
#1204 = PLANE('',#1205);
#1205 = AXIS2_PLACEMENT_3D('',#1206,#1207,#1208);
#1206 = CARTESIAN_POINT('',(193.,120.,123.));
#1207 = DIRECTION('',(0.,1.,0.));
#1208 = DIRECTION('',(0.,0.,1.));
#1209 = ADVANCED_FACE('',(#1210),#1216,.F.);
#1210 = FACE_BOUND('',#1211,.F.);
#1211 = EDGE_LOOP('',(#1212,#1213,#1214,#1215));
#1212 = ORIENTED_EDGE('',*,*,#1099,.F.);
#1213 = ORIENTED_EDGE('',*,*,#1169,.T.);
#1214 = ORIENTED_EDGE('',*,*,#1139,.T.);
#1215 = ORIENTED_EDGE('',*,*,#1191,.F.);
#1216 = PLANE('',#1217);
#1217 = AXIS2_PLACEMENT_3D('',#1218,#1219,#1220);
#1218 = CARTESIAN_POINT('',(193.,88.,123.));
#1219 = DIRECTION('',(0.,0.,1.));
#1220 = DIRECTION('',(1.,0.,0.));
#1221 = ADVANCED_FACE('',(#1222),#1228,.T.);
#1222 = FACE_BOUND('',#1223,.T.);
#1223 = EDGE_LOOP('',(#1224,#1225,#1226,#1227));
#1224 = ORIENTED_EDGE('',*,*,#1115,.F.);
#1225 = ORIENTED_EDGE('',*,*,#1176,.T.);
#1226 = ORIENTED_EDGE('',*,*,#1155,.T.);
#1227 = ORIENTED_EDGE('',*,*,#1198,.F.);
#1228 = PLANE('',#1229);
#1229 = AXIS2_PLACEMENT_3D('',#1230,#1231,#1232);
#1230 = CARTESIAN_POINT('',(193.,88.,158.));
#1231 = DIRECTION('',(0.,0.,1.));
#1232 = DIRECTION('',(1.,0.,0.));
#1233 = MANIFOLD_SOLID_BREP('',#1234);
#1234 = CLOSED_SHELL('',(#1235,#1275,#1315,#1337,#1359,#1371));
#1235 = ADVANCED_FACE('',(#1236),#1270,.F.);
#1236 = FACE_BOUND('',#1237,.F.);
#1237 = EDGE_LOOP('',(#1238,#1248,#1256,#1264));
#1238 = ORIENTED_EDGE('',*,*,#1239,.F.);
#1239 = EDGE_CURVE('',#1240,#1242,#1244,.T.);
#1240 = VERTEX_POINT('',#1241);
#1241 = CARTESIAN_POINT('',(2.5,2.5,86.));
#1242 = VERTEX_POINT('',#1243);
#1243 = CARTESIAN_POINT('',(2.5,2.5,88.));
#1244 = LINE('',#1245,#1246);
#1245 = CARTESIAN_POINT('',(2.5,2.5,86.));
#1246 = VECTOR('',#1247,1.);
#1247 = DIRECTION('',(0.,0.,1.));
#1248 = ORIENTED_EDGE('',*,*,#1249,.T.);
#1249 = EDGE_CURVE('',#1240,#1250,#1252,.T.);
#1250 = VERTEX_POINT('',#1251);
#1251 = CARTESIAN_POINT('',(2.5,12.5,86.));
#1252 = LINE('',#1253,#1254);
#1253 = CARTESIAN_POINT('',(2.5,2.5,86.));
#1254 = VECTOR('',#1255,1.);
#1255 = DIRECTION('',(0.,1.,0.));
#1256 = ORIENTED_EDGE('',*,*,#1257,.T.);
#1257 = EDGE_CURVE('',#1250,#1258,#1260,.T.);
#1258 = VERTEX_POINT('',#1259);
#1259 = CARTESIAN_POINT('',(2.5,12.5,88.));
#1260 = LINE('',#1261,#1262);
#1261 = CARTESIAN_POINT('',(2.5,12.5,86.));
#1262 = VECTOR('',#1263,1.);
#1263 = DIRECTION('',(0.,0.,1.));
#1264 = ORIENTED_EDGE('',*,*,#1265,.F.);
#1265 = EDGE_CURVE('',#1242,#1258,#1266,.T.);
#1266 = LINE('',#1267,#1268);
#1267 = CARTESIAN_POINT('',(2.5,2.5,88.));
#1268 = VECTOR('',#1269,1.);
#1269 = DIRECTION('',(0.,1.,0.));
#1270 = PLANE('',#1271);
#1271 = AXIS2_PLACEMENT_3D('',#1272,#1273,#1274);
#1272 = CARTESIAN_POINT('',(2.5,2.5,86.));
#1273 = DIRECTION('',(1.,0.,0.));
#1274 = DIRECTION('',(0.,0.,1.));
#1275 = ADVANCED_FACE('',(#1276),#1310,.T.);
#1276 = FACE_BOUND('',#1277,.T.);
#1277 = EDGE_LOOP('',(#1278,#1288,#1296,#1304));
#1278 = ORIENTED_EDGE('',*,*,#1279,.F.);
#1279 = EDGE_CURVE('',#1280,#1282,#1284,.T.);
#1280 = VERTEX_POINT('',#1281);
#1281 = CARTESIAN_POINT('',(272.5,2.5,86.));
#1282 = VERTEX_POINT('',#1283);
#1283 = CARTESIAN_POINT('',(272.5,2.5,88.));
#1284 = LINE('',#1285,#1286);
#1285 = CARTESIAN_POINT('',(272.5,2.5,86.));
#1286 = VECTOR('',#1287,1.);
#1287 = DIRECTION('',(0.,0.,1.));
#1288 = ORIENTED_EDGE('',*,*,#1289,.T.);
#1289 = EDGE_CURVE('',#1280,#1290,#1292,.T.);
#1290 = VERTEX_POINT('',#1291);
#1291 = CARTESIAN_POINT('',(272.5,12.5,86.));
#1292 = LINE('',#1293,#1294);
#1293 = CARTESIAN_POINT('',(272.5,2.5,86.));
#1294 = VECTOR('',#1295,1.);
#1295 = DIRECTION('',(0.,1.,0.));
#1296 = ORIENTED_EDGE('',*,*,#1297,.T.);
#1297 = EDGE_CURVE('',#1290,#1298,#1300,.T.);
#1298 = VERTEX_POINT('',#1299);
#1299 = CARTESIAN_POINT('',(272.5,12.5,88.));
#1300 = LINE('',#1301,#1302);
#1301 = CARTESIAN_POINT('',(272.5,12.5,86.));
#1302 = VECTOR('',#1303,1.);
#1303 = DIRECTION('',(0.,0.,1.));
#1304 = ORIENTED_EDGE('',*,*,#1305,.F.);
#1305 = EDGE_CURVE('',#1282,#1298,#1306,.T.);
#1306 = LINE('',#1307,#1308);
#1307 = CARTESIAN_POINT('',(272.5,2.5,88.));
#1308 = VECTOR('',#1309,1.);
#1309 = DIRECTION('',(0.,1.,0.));
#1310 = PLANE('',#1311);
#1311 = AXIS2_PLACEMENT_3D('',#1312,#1313,#1314);
#1312 = CARTESIAN_POINT('',(272.5,2.5,86.));
#1313 = DIRECTION('',(1.,0.,0.));
#1314 = DIRECTION('',(0.,0.,1.));
#1315 = ADVANCED_FACE('',(#1316),#1332,.F.);
#1316 = FACE_BOUND('',#1317,.F.);
#1317 = EDGE_LOOP('',(#1318,#1324,#1325,#1331));
#1318 = ORIENTED_EDGE('',*,*,#1319,.F.);
#1319 = EDGE_CURVE('',#1240,#1280,#1320,.T.);
#1320 = LINE('',#1321,#1322);
#1321 = CARTESIAN_POINT('',(2.5,2.5,86.));
#1322 = VECTOR('',#1323,1.);
#1323 = DIRECTION('',(1.,0.,0.));
#1324 = ORIENTED_EDGE('',*,*,#1239,.T.);
#1325 = ORIENTED_EDGE('',*,*,#1326,.T.);
#1326 = EDGE_CURVE('',#1242,#1282,#1327,.T.);
#1327 = LINE('',#1328,#1329);
#1328 = CARTESIAN_POINT('',(2.5,2.5,88.));
#1329 = VECTOR('',#1330,1.);
#1330 = DIRECTION('',(1.,0.,0.));
#1331 = ORIENTED_EDGE('',*,*,#1279,.F.);
#1332 = PLANE('',#1333);
#1333 = AXIS2_PLACEMENT_3D('',#1334,#1335,#1336);
#1334 = CARTESIAN_POINT('',(2.5,2.5,86.));
#1335 = DIRECTION('',(0.,1.,0.));
#1336 = DIRECTION('',(0.,0.,1.));
#1337 = ADVANCED_FACE('',(#1338),#1354,.T.);
#1338 = FACE_BOUND('',#1339,.T.);
#1339 = EDGE_LOOP('',(#1340,#1346,#1347,#1353));
#1340 = ORIENTED_EDGE('',*,*,#1341,.F.);
#1341 = EDGE_CURVE('',#1250,#1290,#1342,.T.);
#1342 = LINE('',#1343,#1344);
#1343 = CARTESIAN_POINT('',(2.5,12.5,86.));
#1344 = VECTOR('',#1345,1.);
#1345 = DIRECTION('',(1.,0.,0.));
#1346 = ORIENTED_EDGE('',*,*,#1257,.T.);
#1347 = ORIENTED_EDGE('',*,*,#1348,.T.);
#1348 = EDGE_CURVE('',#1258,#1298,#1349,.T.);
#1349 = LINE('',#1350,#1351);
#1350 = CARTESIAN_POINT('',(2.5,12.5,88.));
#1351 = VECTOR('',#1352,1.);
#1352 = DIRECTION('',(1.,0.,0.));
#1353 = ORIENTED_EDGE('',*,*,#1297,.F.);
#1354 = PLANE('',#1355);
#1355 = AXIS2_PLACEMENT_3D('',#1356,#1357,#1358);
#1356 = CARTESIAN_POINT('',(2.5,12.5,86.));
#1357 = DIRECTION('',(0.,1.,0.));
#1358 = DIRECTION('',(0.,0.,1.));
#1359 = ADVANCED_FACE('',(#1360),#1366,.F.);
#1360 = FACE_BOUND('',#1361,.F.);
#1361 = EDGE_LOOP('',(#1362,#1363,#1364,#1365));
#1362 = ORIENTED_EDGE('',*,*,#1249,.F.);
#1363 = ORIENTED_EDGE('',*,*,#1319,.T.);
#1364 = ORIENTED_EDGE('',*,*,#1289,.T.);
#1365 = ORIENTED_EDGE('',*,*,#1341,.F.);
#1366 = PLANE('',#1367);
#1367 = AXIS2_PLACEMENT_3D('',#1368,#1369,#1370);
#1368 = CARTESIAN_POINT('',(2.5,2.5,86.));
#1369 = DIRECTION('',(0.,0.,1.));
#1370 = DIRECTION('',(1.,0.,0.));
#1371 = ADVANCED_FACE('',(#1372),#1378,.T.);
#1372 = FACE_BOUND('',#1373,.T.);
#1373 = EDGE_LOOP('',(#1374,#1375,#1376,#1377));
#1374 = ORIENTED_EDGE('',*,*,#1265,.F.);
#1375 = ORIENTED_EDGE('',*,*,#1326,.T.);
#1376 = ORIENTED_EDGE('',*,*,#1305,.T.);
#1377 = ORIENTED_EDGE('',*,*,#1348,.F.);
#1378 = PLANE('',#1379);
#1379 = AXIS2_PLACEMENT_3D('',#1380,#1381,#1382);
#1380 = CARTESIAN_POINT('',(2.5,2.5,88.));
#1381 = DIRECTION('',(0.,0.,1.));
#1382 = DIRECTION('',(1.,0.,0.));
#1383 = MANIFOLD_SOLID_BREP('',#1384);
#1384 = CLOSED_SHELL('',(#1385,#1425,#1465,#1487,#1509,#1521));
#1385 = ADVANCED_FACE('',(#1386),#1420,.F.);
#1386 = FACE_BOUND('',#1387,.F.);
#1387 = EDGE_LOOP('',(#1388,#1398,#1406,#1414));
#1388 = ORIENTED_EDGE('',*,*,#1389,.F.);
#1389 = EDGE_CURVE('',#1390,#1392,#1394,.T.);
#1390 = VERTEX_POINT('',#1391);
#1391 = CARTESIAN_POINT('',(2.5,262.5,86.));
#1392 = VERTEX_POINT('',#1393);
#1393 = CARTESIAN_POINT('',(2.5,262.5,88.));
#1394 = LINE('',#1395,#1396);
#1395 = CARTESIAN_POINT('',(2.5,262.5,86.));
#1396 = VECTOR('',#1397,1.);
#1397 = DIRECTION('',(0.,0.,1.));
#1398 = ORIENTED_EDGE('',*,*,#1399,.T.);
#1399 = EDGE_CURVE('',#1390,#1400,#1402,.T.);
#1400 = VERTEX_POINT('',#1401);
#1401 = CARTESIAN_POINT('',(2.5,272.5,86.));
#1402 = LINE('',#1403,#1404);
#1403 = CARTESIAN_POINT('',(2.5,262.5,86.));
#1404 = VECTOR('',#1405,1.);
#1405 = DIRECTION('',(0.,1.,0.));
#1406 = ORIENTED_EDGE('',*,*,#1407,.T.);
#1407 = EDGE_CURVE('',#1400,#1408,#1410,.T.);
#1408 = VERTEX_POINT('',#1409);
#1409 = CARTESIAN_POINT('',(2.5,272.5,88.));
#1410 = LINE('',#1411,#1412);
#1411 = CARTESIAN_POINT('',(2.5,272.5,86.));
#1412 = VECTOR('',#1413,1.);
#1413 = DIRECTION('',(0.,0.,1.));
#1414 = ORIENTED_EDGE('',*,*,#1415,.F.);
#1415 = EDGE_CURVE('',#1392,#1408,#1416,.T.);
#1416 = LINE('',#1417,#1418);
#1417 = CARTESIAN_POINT('',(2.5,262.5,88.));
#1418 = VECTOR('',#1419,1.);
#1419 = DIRECTION('',(0.,1.,0.));
#1420 = PLANE('',#1421);
#1421 = AXIS2_PLACEMENT_3D('',#1422,#1423,#1424);
#1422 = CARTESIAN_POINT('',(2.5,262.5,86.));
#1423 = DIRECTION('',(1.,0.,0.));
#1424 = DIRECTION('',(0.,0.,1.));
#1425 = ADVANCED_FACE('',(#1426),#1460,.T.);
#1426 = FACE_BOUND('',#1427,.T.);
#1427 = EDGE_LOOP('',(#1428,#1438,#1446,#1454));
#1428 = ORIENTED_EDGE('',*,*,#1429,.F.);
#1429 = EDGE_CURVE('',#1430,#1432,#1434,.T.);
#1430 = VERTEX_POINT('',#1431);
#1431 = CARTESIAN_POINT('',(272.5,262.5,86.));
#1432 = VERTEX_POINT('',#1433);
#1433 = CARTESIAN_POINT('',(272.5,262.5,88.));
#1434 = LINE('',#1435,#1436);
#1435 = CARTESIAN_POINT('',(272.5,262.5,86.));
#1436 = VECTOR('',#1437,1.);
#1437 = DIRECTION('',(0.,0.,1.));
#1438 = ORIENTED_EDGE('',*,*,#1439,.T.);
#1439 = EDGE_CURVE('',#1430,#1440,#1442,.T.);
#1440 = VERTEX_POINT('',#1441);
#1441 = CARTESIAN_POINT('',(272.5,272.5,86.));
#1442 = LINE('',#1443,#1444);
#1443 = CARTESIAN_POINT('',(272.5,262.5,86.));
#1444 = VECTOR('',#1445,1.);
#1445 = DIRECTION('',(0.,1.,0.));
#1446 = ORIENTED_EDGE('',*,*,#1447,.T.);
#1447 = EDGE_CURVE('',#1440,#1448,#1450,.T.);
#1448 = VERTEX_POINT('',#1449);
#1449 = CARTESIAN_POINT('',(272.5,272.5,88.));
#1450 = LINE('',#1451,#1452);
#1451 = CARTESIAN_POINT('',(272.5,272.5,86.));
#1452 = VECTOR('',#1453,1.);
#1453 = DIRECTION('',(0.,0.,1.));
#1454 = ORIENTED_EDGE('',*,*,#1455,.F.);
#1455 = EDGE_CURVE('',#1432,#1448,#1456,.T.);
#1456 = LINE('',#1457,#1458);
#1457 = CARTESIAN_POINT('',(272.5,262.5,88.));
#1458 = VECTOR('',#1459,1.);
#1459 = DIRECTION('',(0.,1.,0.));
#1460 = PLANE('',#1461);
#1461 = AXIS2_PLACEMENT_3D('',#1462,#1463,#1464);
#1462 = CARTESIAN_POINT('',(272.5,262.5,86.));
#1463 = DIRECTION('',(1.,0.,0.));
#1464 = DIRECTION('',(0.,0.,1.));
#1465 = ADVANCED_FACE('',(#1466),#1482,.F.);
#1466 = FACE_BOUND('',#1467,.F.);
#1467 = EDGE_LOOP('',(#1468,#1474,#1475,#1481));
#1468 = ORIENTED_EDGE('',*,*,#1469,.F.);
#1469 = EDGE_CURVE('',#1390,#1430,#1470,.T.);
#1470 = LINE('',#1471,#1472);
#1471 = CARTESIAN_POINT('',(2.5,262.5,86.));
#1472 = VECTOR('',#1473,1.);
#1473 = DIRECTION('',(1.,0.,0.));
#1474 = ORIENTED_EDGE('',*,*,#1389,.T.);
#1475 = ORIENTED_EDGE('',*,*,#1476,.T.);
#1476 = EDGE_CURVE('',#1392,#1432,#1477,.T.);
#1477 = LINE('',#1478,#1479);
#1478 = CARTESIAN_POINT('',(2.5,262.5,88.));
#1479 = VECTOR('',#1480,1.);
#1480 = DIRECTION('',(1.,0.,0.));
#1481 = ORIENTED_EDGE('',*,*,#1429,.F.);
#1482 = PLANE('',#1483);
#1483 = AXIS2_PLACEMENT_3D('',#1484,#1485,#1486);
#1484 = CARTESIAN_POINT('',(2.5,262.5,86.));
#1485 = DIRECTION('',(0.,1.,0.));
#1486 = DIRECTION('',(0.,0.,1.));
#1487 = ADVANCED_FACE('',(#1488),#1504,.T.);
#1488 = FACE_BOUND('',#1489,.T.);
#1489 = EDGE_LOOP('',(#1490,#1496,#1497,#1503));
#1490 = ORIENTED_EDGE('',*,*,#1491,.F.);
#1491 = EDGE_CURVE('',#1400,#1440,#1492,.T.);
#1492 = LINE('',#1493,#1494);
#1493 = CARTESIAN_POINT('',(2.5,272.5,86.));
#1494 = VECTOR('',#1495,1.);
#1495 = DIRECTION('',(1.,0.,0.));
#1496 = ORIENTED_EDGE('',*,*,#1407,.T.);
#1497 = ORIENTED_EDGE('',*,*,#1498,.T.);
#1498 = EDGE_CURVE('',#1408,#1448,#1499,.T.);
#1499 = LINE('',#1500,#1501);
#1500 = CARTESIAN_POINT('',(2.5,272.5,88.));
#1501 = VECTOR('',#1502,1.);
#1502 = DIRECTION('',(1.,0.,0.));
#1503 = ORIENTED_EDGE('',*,*,#1447,.F.);
#1504 = PLANE('',#1505);
#1505 = AXIS2_PLACEMENT_3D('',#1506,#1507,#1508);
#1506 = CARTESIAN_POINT('',(2.5,272.5,86.));
#1507 = DIRECTION('',(0.,1.,0.));
#1508 = DIRECTION('',(0.,0.,1.));
#1509 = ADVANCED_FACE('',(#1510),#1516,.F.);
#1510 = FACE_BOUND('',#1511,.F.);
#1511 = EDGE_LOOP('',(#1512,#1513,#1514,#1515));
#1512 = ORIENTED_EDGE('',*,*,#1399,.F.);
#1513 = ORIENTED_EDGE('',*,*,#1469,.T.);
#1514 = ORIENTED_EDGE('',*,*,#1439,.T.);
#1515 = ORIENTED_EDGE('',*,*,#1491,.F.);
#1516 = PLANE('',#1517);
#1517 = AXIS2_PLACEMENT_3D('',#1518,#1519,#1520);
#1518 = CARTESIAN_POINT('',(2.5,262.5,86.));
#1519 = DIRECTION('',(0.,0.,1.));
#1520 = DIRECTION('',(1.,0.,0.));
#1521 = ADVANCED_FACE('',(#1522),#1528,.T.);
#1522 = FACE_BOUND('',#1523,.T.);
#1523 = EDGE_LOOP('',(#1524,#1525,#1526,#1527));
#1524 = ORIENTED_EDGE('',*,*,#1415,.F.);
#1525 = ORIENTED_EDGE('',*,*,#1476,.T.);
#1526 = ORIENTED_EDGE('',*,*,#1455,.T.);
#1527 = ORIENTED_EDGE('',*,*,#1498,.F.);
#1528 = PLANE('',#1529);
#1529 = AXIS2_PLACEMENT_3D('',#1530,#1531,#1532);
#1530 = CARTESIAN_POINT('',(2.5,262.5,88.));
#1531 = DIRECTION('',(0.,0.,1.));
#1532 = DIRECTION('',(1.,0.,0.));
#1533 = MANIFOLD_SOLID_BREP('',#1534);
#1534 = CLOSED_SHELL('',(#1535,#1575,#1615,#1637,#1659,#1671));
#1535 = ADVANCED_FACE('',(#1536),#1570,.F.);
#1536 = FACE_BOUND('',#1537,.F.);
#1537 = EDGE_LOOP('',(#1538,#1548,#1556,#1564));
#1538 = ORIENTED_EDGE('',*,*,#1539,.F.);
#1539 = EDGE_CURVE('',#1540,#1542,#1544,.T.);
#1540 = VERTEX_POINT('',#1541);
#1541 = CARTESIAN_POINT('',(2.5,12.5,86.));
#1542 = VERTEX_POINT('',#1543);
#1543 = CARTESIAN_POINT('',(2.5,12.5,88.));
#1544 = LINE('',#1545,#1546);
#1545 = CARTESIAN_POINT('',(2.5,12.5,86.));
#1546 = VECTOR('',#1547,1.);
#1547 = DIRECTION('',(0.,0.,1.));
#1548 = ORIENTED_EDGE('',*,*,#1549,.T.);
#1549 = EDGE_CURVE('',#1540,#1550,#1552,.T.);
#1550 = VERTEX_POINT('',#1551);
#1551 = CARTESIAN_POINT('',(2.5,262.5,86.));
#1552 = LINE('',#1553,#1554);
#1553 = CARTESIAN_POINT('',(2.5,12.5,86.));
#1554 = VECTOR('',#1555,1.);
#1555 = DIRECTION('',(0.,1.,0.));
#1556 = ORIENTED_EDGE('',*,*,#1557,.T.);
#1557 = EDGE_CURVE('',#1550,#1558,#1560,.T.);
#1558 = VERTEX_POINT('',#1559);
#1559 = CARTESIAN_POINT('',(2.5,262.5,88.));
#1560 = LINE('',#1561,#1562);
#1561 = CARTESIAN_POINT('',(2.5,262.5,86.));
#1562 = VECTOR('',#1563,1.);
#1563 = DIRECTION('',(0.,0.,1.));
#1564 = ORIENTED_EDGE('',*,*,#1565,.F.);
#1565 = EDGE_CURVE('',#1542,#1558,#1566,.T.);
#1566 = LINE('',#1567,#1568);
#1567 = CARTESIAN_POINT('',(2.5,12.5,88.));
#1568 = VECTOR('',#1569,1.);
#1569 = DIRECTION('',(0.,1.,0.));
#1570 = PLANE('',#1571);
#1571 = AXIS2_PLACEMENT_3D('',#1572,#1573,#1574);
#1572 = CARTESIAN_POINT('',(2.5,12.5,86.));
#1573 = DIRECTION('',(1.,0.,0.));
#1574 = DIRECTION('',(0.,0.,1.));
#1575 = ADVANCED_FACE('',(#1576),#1610,.T.);
#1576 = FACE_BOUND('',#1577,.T.);
#1577 = EDGE_LOOP('',(#1578,#1588,#1596,#1604));
#1578 = ORIENTED_EDGE('',*,*,#1579,.F.);
#1579 = EDGE_CURVE('',#1580,#1582,#1584,.T.);
#1580 = VERTEX_POINT('',#1581);
#1581 = CARTESIAN_POINT('',(12.5,12.5,86.));
#1582 = VERTEX_POINT('',#1583);
#1583 = CARTESIAN_POINT('',(12.5,12.5,88.));
#1584 = LINE('',#1585,#1586);
#1585 = CARTESIAN_POINT('',(12.5,12.5,86.));
#1586 = VECTOR('',#1587,1.);
#1587 = DIRECTION('',(0.,0.,1.));
#1588 = ORIENTED_EDGE('',*,*,#1589,.T.);
#1589 = EDGE_CURVE('',#1580,#1590,#1592,.T.);
#1590 = VERTEX_POINT('',#1591);
#1591 = CARTESIAN_POINT('',(12.5,262.5,86.));
#1592 = LINE('',#1593,#1594);
#1593 = CARTESIAN_POINT('',(12.5,12.5,86.));
#1594 = VECTOR('',#1595,1.);
#1595 = DIRECTION('',(0.,1.,0.));
#1596 = ORIENTED_EDGE('',*,*,#1597,.T.);
#1597 = EDGE_CURVE('',#1590,#1598,#1600,.T.);
#1598 = VERTEX_POINT('',#1599);
#1599 = CARTESIAN_POINT('',(12.5,262.5,88.));
#1600 = LINE('',#1601,#1602);
#1601 = CARTESIAN_POINT('',(12.5,262.5,86.));
#1602 = VECTOR('',#1603,1.);
#1603 = DIRECTION('',(0.,0.,1.));
#1604 = ORIENTED_EDGE('',*,*,#1605,.F.);
#1605 = EDGE_CURVE('',#1582,#1598,#1606,.T.);
#1606 = LINE('',#1607,#1608);
#1607 = CARTESIAN_POINT('',(12.5,12.5,88.));
#1608 = VECTOR('',#1609,1.);
#1609 = DIRECTION('',(0.,1.,0.));
#1610 = PLANE('',#1611);
#1611 = AXIS2_PLACEMENT_3D('',#1612,#1613,#1614);
#1612 = CARTESIAN_POINT('',(12.5,12.5,86.));
#1613 = DIRECTION('',(1.,0.,0.));
#1614 = DIRECTION('',(0.,0.,1.));
#1615 = ADVANCED_FACE('',(#1616),#1632,.F.);
#1616 = FACE_BOUND('',#1617,.F.);
#1617 = EDGE_LOOP('',(#1618,#1624,#1625,#1631));
#1618 = ORIENTED_EDGE('',*,*,#1619,.F.);
#1619 = EDGE_CURVE('',#1540,#1580,#1620,.T.);
#1620 = LINE('',#1621,#1622);
#1621 = CARTESIAN_POINT('',(2.5,12.5,86.));
#1622 = VECTOR('',#1623,1.);
#1623 = DIRECTION('',(1.,0.,0.));
#1624 = ORIENTED_EDGE('',*,*,#1539,.T.);
#1625 = ORIENTED_EDGE('',*,*,#1626,.T.);
#1626 = EDGE_CURVE('',#1542,#1582,#1627,.T.);
#1627 = LINE('',#1628,#1629);
#1628 = CARTESIAN_POINT('',(2.5,12.5,88.));
#1629 = VECTOR('',#1630,1.);
#1630 = DIRECTION('',(1.,0.,0.));
#1631 = ORIENTED_EDGE('',*,*,#1579,.F.);
#1632 = PLANE('',#1633);
#1633 = AXIS2_PLACEMENT_3D('',#1634,#1635,#1636);
#1634 = CARTESIAN_POINT('',(2.5,12.5,86.));
#1635 = DIRECTION('',(0.,1.,0.));
#1636 = DIRECTION('',(0.,0.,1.));
#1637 = ADVANCED_FACE('',(#1638),#1654,.T.);
#1638 = FACE_BOUND('',#1639,.T.);
#1639 = EDGE_LOOP('',(#1640,#1646,#1647,#1653));
#1640 = ORIENTED_EDGE('',*,*,#1641,.F.);
#1641 = EDGE_CURVE('',#1550,#1590,#1642,.T.);
#1642 = LINE('',#1643,#1644);
#1643 = CARTESIAN_POINT('',(2.5,262.5,86.));
#1644 = VECTOR('',#1645,1.);
#1645 = DIRECTION('',(1.,0.,0.));
#1646 = ORIENTED_EDGE('',*,*,#1557,.T.);
#1647 = ORIENTED_EDGE('',*,*,#1648,.T.);
#1648 = EDGE_CURVE('',#1558,#1598,#1649,.T.);
#1649 = LINE('',#1650,#1651);
#1650 = CARTESIAN_POINT('',(2.5,262.5,88.));
#1651 = VECTOR('',#1652,1.);
#1652 = DIRECTION('',(1.,0.,0.));
#1653 = ORIENTED_EDGE('',*,*,#1597,.F.);
#1654 = PLANE('',#1655);
#1655 = AXIS2_PLACEMENT_3D('',#1656,#1657,#1658);
#1656 = CARTESIAN_POINT('',(2.5,262.5,86.));
#1657 = DIRECTION('',(0.,1.,0.));
#1658 = DIRECTION('',(0.,0.,1.));
#1659 = ADVANCED_FACE('',(#1660),#1666,.F.);
#1660 = FACE_BOUND('',#1661,.F.);
#1661 = EDGE_LOOP('',(#1662,#1663,#1664,#1665));
#1662 = ORIENTED_EDGE('',*,*,#1549,.F.);
#1663 = ORIENTED_EDGE('',*,*,#1619,.T.);
#1664 = ORIENTED_EDGE('',*,*,#1589,.T.);
#1665 = ORIENTED_EDGE('',*,*,#1641,.F.);
#1666 = PLANE('',#1667);
#1667 = AXIS2_PLACEMENT_3D('',#1668,#1669,#1670);
#1668 = CARTESIAN_POINT('',(2.5,12.5,86.));
#1669 = DIRECTION('',(0.,0.,1.));
#1670 = DIRECTION('',(1.,0.,0.));
#1671 = ADVANCED_FACE('',(#1672),#1678,.T.);
#1672 = FACE_BOUND('',#1673,.T.);
#1673 = EDGE_LOOP('',(#1674,#1675,#1676,#1677));
#1674 = ORIENTED_EDGE('',*,*,#1565,.F.);
#1675 = ORIENTED_EDGE('',*,*,#1626,.T.);
#1676 = ORIENTED_EDGE('',*,*,#1605,.T.);
#1677 = ORIENTED_EDGE('',*,*,#1648,.F.);
#1678 = PLANE('',#1679);
#1679 = AXIS2_PLACEMENT_3D('',#1680,#1681,#1682);
#1680 = CARTESIAN_POINT('',(2.5,12.5,88.));
#1681 = DIRECTION('',(0.,0.,1.));
#1682 = DIRECTION('',(1.,0.,0.));
#1683 = MANIFOLD_SOLID_BREP('',#1684);
#1684 = CLOSED_SHELL('',(#1685,#1725,#1765,#1787,#1809,#1821));
#1685 = ADVANCED_FACE('',(#1686),#1720,.F.);
#1686 = FACE_BOUND('',#1687,.F.);
#1687 = EDGE_LOOP('',(#1688,#1698,#1706,#1714));
#1688 = ORIENTED_EDGE('',*,*,#1689,.F.);
#1689 = EDGE_CURVE('',#1690,#1692,#1694,.T.);
#1690 = VERTEX_POINT('',#1691);
#1691 = CARTESIAN_POINT('',(262.5,12.5,86.));
#1692 = VERTEX_POINT('',#1693);
#1693 = CARTESIAN_POINT('',(262.5,12.5,88.));
#1694 = LINE('',#1695,#1696);
#1695 = CARTESIAN_POINT('',(262.5,12.5,86.));
#1696 = VECTOR('',#1697,1.);
#1697 = DIRECTION('',(0.,0.,1.));
#1698 = ORIENTED_EDGE('',*,*,#1699,.T.);
#1699 = EDGE_CURVE('',#1690,#1700,#1702,.T.);
#1700 = VERTEX_POINT('',#1701);
#1701 = CARTESIAN_POINT('',(262.5,262.5,86.));
#1702 = LINE('',#1703,#1704);
#1703 = CARTESIAN_POINT('',(262.5,12.5,86.));
#1704 = VECTOR('',#1705,1.);
#1705 = DIRECTION('',(0.,1.,0.));
#1706 = ORIENTED_EDGE('',*,*,#1707,.T.);
#1707 = EDGE_CURVE('',#1700,#1708,#1710,.T.);
#1708 = VERTEX_POINT('',#1709);
#1709 = CARTESIAN_POINT('',(262.5,262.5,88.));
#1710 = LINE('',#1711,#1712);
#1711 = CARTESIAN_POINT('',(262.5,262.5,86.));
#1712 = VECTOR('',#1713,1.);
#1713 = DIRECTION('',(0.,0.,1.));
#1714 = ORIENTED_EDGE('',*,*,#1715,.F.);
#1715 = EDGE_CURVE('',#1692,#1708,#1716,.T.);
#1716 = LINE('',#1717,#1718);
#1717 = CARTESIAN_POINT('',(262.5,12.5,88.));
#1718 = VECTOR('',#1719,1.);
#1719 = DIRECTION('',(0.,1.,0.));
#1720 = PLANE('',#1721);
#1721 = AXIS2_PLACEMENT_3D('',#1722,#1723,#1724);
#1722 = CARTESIAN_POINT('',(262.5,12.5,86.));
#1723 = DIRECTION('',(1.,0.,0.));
#1724 = DIRECTION('',(0.,0.,1.));
#1725 = ADVANCED_FACE('',(#1726),#1760,.T.);
#1726 = FACE_BOUND('',#1727,.T.);
#1727 = EDGE_LOOP('',(#1728,#1738,#1746,#1754));
#1728 = ORIENTED_EDGE('',*,*,#1729,.F.);
#1729 = EDGE_CURVE('',#1730,#1732,#1734,.T.);
#1730 = VERTEX_POINT('',#1731);
#1731 = CARTESIAN_POINT('',(272.5,12.5,86.));
#1732 = VERTEX_POINT('',#1733);
#1733 = CARTESIAN_POINT('',(272.5,12.5,88.));
#1734 = LINE('',#1735,#1736);
#1735 = CARTESIAN_POINT('',(272.5,12.5,86.));
#1736 = VECTOR('',#1737,1.);
#1737 = DIRECTION('',(0.,0.,1.));
#1738 = ORIENTED_EDGE('',*,*,#1739,.T.);
#1739 = EDGE_CURVE('',#1730,#1740,#1742,.T.);
#1740 = VERTEX_POINT('',#1741);
#1741 = CARTESIAN_POINT('',(272.5,262.5,86.));
#1742 = LINE('',#1743,#1744);
#1743 = CARTESIAN_POINT('',(272.5,12.5,86.));
#1744 = VECTOR('',#1745,1.);
#1745 = DIRECTION('',(0.,1.,0.));
#1746 = ORIENTED_EDGE('',*,*,#1747,.T.);
#1747 = EDGE_CURVE('',#1740,#1748,#1750,.T.);
#1748 = VERTEX_POINT('',#1749);
#1749 = CARTESIAN_POINT('',(272.5,262.5,88.));
#1750 = LINE('',#1751,#1752);
#1751 = CARTESIAN_POINT('',(272.5,262.5,86.));
#1752 = VECTOR('',#1753,1.);
#1753 = DIRECTION('',(0.,0.,1.));
#1754 = ORIENTED_EDGE('',*,*,#1755,.F.);
#1755 = EDGE_CURVE('',#1732,#1748,#1756,.T.);
#1756 = LINE('',#1757,#1758);
#1757 = CARTESIAN_POINT('',(272.5,12.5,88.));
#1758 = VECTOR('',#1759,1.);
#1759 = DIRECTION('',(0.,1.,0.));
#1760 = PLANE('',#1761);
#1761 = AXIS2_PLACEMENT_3D('',#1762,#1763,#1764);
#1762 = CARTESIAN_POINT('',(272.5,12.5,86.));
#1763 = DIRECTION('',(1.,0.,0.));
#1764 = DIRECTION('',(0.,0.,1.));
#1765 = ADVANCED_FACE('',(#1766),#1782,.F.);
#1766 = FACE_BOUND('',#1767,.F.);
#1767 = EDGE_LOOP('',(#1768,#1774,#1775,#1781));
#1768 = ORIENTED_EDGE('',*,*,#1769,.F.);
#1769 = EDGE_CURVE('',#1690,#1730,#1770,.T.);
#1770 = LINE('',#1771,#1772);
#1771 = CARTESIAN_POINT('',(262.5,12.5,86.));
#1772 = VECTOR('',#1773,1.);
#1773 = DIRECTION('',(1.,0.,0.));
#1774 = ORIENTED_EDGE('',*,*,#1689,.T.);
#1775 = ORIENTED_EDGE('',*,*,#1776,.T.);
#1776 = EDGE_CURVE('',#1692,#1732,#1777,.T.);
#1777 = LINE('',#1778,#1779);
#1778 = CARTESIAN_POINT('',(262.5,12.5,88.));
#1779 = VECTOR('',#1780,1.);
#1780 = DIRECTION('',(1.,0.,0.));
#1781 = ORIENTED_EDGE('',*,*,#1729,.F.);
#1782 = PLANE('',#1783);
#1783 = AXIS2_PLACEMENT_3D('',#1784,#1785,#1786);
#1784 = CARTESIAN_POINT('',(262.5,12.5,86.));
#1785 = DIRECTION('',(0.,1.,0.));
#1786 = DIRECTION('',(0.,0.,1.));
#1787 = ADVANCED_FACE('',(#1788),#1804,.T.);
#1788 = FACE_BOUND('',#1789,.T.);
#1789 = EDGE_LOOP('',(#1790,#1796,#1797,#1803));
#1790 = ORIENTED_EDGE('',*,*,#1791,.F.);
#1791 = EDGE_CURVE('',#1700,#1740,#1792,.T.);
#1792 = LINE('',#1793,#1794);
#1793 = CARTESIAN_POINT('',(262.5,262.5,86.));
#1794 = VECTOR('',#1795,1.);
#1795 = DIRECTION('',(1.,0.,0.));
#1796 = ORIENTED_EDGE('',*,*,#1707,.T.);
#1797 = ORIENTED_EDGE('',*,*,#1798,.T.);
#1798 = EDGE_CURVE('',#1708,#1748,#1799,.T.);
#1799 = LINE('',#1800,#1801);
#1800 = CARTESIAN_POINT('',(262.5,262.5,88.));
#1801 = VECTOR('',#1802,1.);
#1802 = DIRECTION('',(1.,0.,0.));
#1803 = ORIENTED_EDGE('',*,*,#1747,.F.);
#1804 = PLANE('',#1805);
#1805 = AXIS2_PLACEMENT_3D('',#1806,#1807,#1808);
#1806 = CARTESIAN_POINT('',(262.5,262.5,86.));
#1807 = DIRECTION('',(0.,1.,0.));
#1808 = DIRECTION('',(0.,0.,1.));
#1809 = ADVANCED_FACE('',(#1810),#1816,.F.);
#1810 = FACE_BOUND('',#1811,.F.);
#1811 = EDGE_LOOP('',(#1812,#1813,#1814,#1815));
#1812 = ORIENTED_EDGE('',*,*,#1699,.F.);
#1813 = ORIENTED_EDGE('',*,*,#1769,.T.);
#1814 = ORIENTED_EDGE('',*,*,#1739,.T.);
#1815 = ORIENTED_EDGE('',*,*,#1791,.F.);
#1816 = PLANE('',#1817);
#1817 = AXIS2_PLACEMENT_3D('',#1818,#1819,#1820);
#1818 = CARTESIAN_POINT('',(262.5,12.5,86.));
#1819 = DIRECTION('',(0.,0.,1.));
#1820 = DIRECTION('',(1.,0.,0.));
#1821 = ADVANCED_FACE('',(#1822),#1828,.T.);
#1822 = FACE_BOUND('',#1823,.T.);
#1823 = EDGE_LOOP('',(#1824,#1825,#1826,#1827));
#1824 = ORIENTED_EDGE('',*,*,#1715,.F.);
#1825 = ORIENTED_EDGE('',*,*,#1776,.T.);
#1826 = ORIENTED_EDGE('',*,*,#1755,.T.);
#1827 = ORIENTED_EDGE('',*,*,#1798,.F.);
#1828 = PLANE('',#1829);
#1829 = AXIS2_PLACEMENT_3D('',#1830,#1831,#1832);
#1830 = CARTESIAN_POINT('',(262.5,12.5,88.));
#1831 = DIRECTION('',(0.,0.,1.));
#1832 = DIRECTION('',(1.,0.,0.));
#1833 = MANIFOLD_SOLID_BREP('',#1834);
#1834 = CLOSED_SHELL('',(#1835,#1875,#1915,#1937,#1959,#1971));
#1835 = ADVANCED_FACE('',(#1836),#1870,.F.);
#1836 = FACE_BOUND('',#1837,.F.);
#1837 = EDGE_LOOP('',(#1838,#1848,#1856,#1864));
#1838 = ORIENTED_EDGE('',*,*,#1839,.F.);
#1839 = EDGE_CURVE('',#1840,#1842,#1844,.T.);
#1840 = VERTEX_POINT('',#1841);
#1841 = CARTESIAN_POINT('',(2.5,2.5,121.));
#1842 = VERTEX_POINT('',#1843);
#1843 = CARTESIAN_POINT('',(2.5,2.5,123.));
#1844 = LINE('',#1845,#1846);
#1845 = CARTESIAN_POINT('',(2.5,2.5,121.));
#1846 = VECTOR('',#1847,1.);
#1847 = DIRECTION('',(0.,0.,1.));
#1848 = ORIENTED_EDGE('',*,*,#1849,.T.);
#1849 = EDGE_CURVE('',#1840,#1850,#1852,.T.);
#1850 = VERTEX_POINT('',#1851);
#1851 = CARTESIAN_POINT('',(2.5,12.5,121.));
#1852 = LINE('',#1853,#1854);
#1853 = CARTESIAN_POINT('',(2.5,2.5,121.));
#1854 = VECTOR('',#1855,1.);
#1855 = DIRECTION('',(0.,1.,0.));
#1856 = ORIENTED_EDGE('',*,*,#1857,.T.);
#1857 = EDGE_CURVE('',#1850,#1858,#1860,.T.);
#1858 = VERTEX_POINT('',#1859);
#1859 = CARTESIAN_POINT('',(2.5,12.5,123.));
#1860 = LINE('',#1861,#1862);
#1861 = CARTESIAN_POINT('',(2.5,12.5,121.));
#1862 = VECTOR('',#1863,1.);
#1863 = DIRECTION('',(0.,0.,1.));
#1864 = ORIENTED_EDGE('',*,*,#1865,.F.);
#1865 = EDGE_CURVE('',#1842,#1858,#1866,.T.);
#1866 = LINE('',#1867,#1868);
#1867 = CARTESIAN_POINT('',(2.5,2.5,123.));
#1868 = VECTOR('',#1869,1.);
#1869 = DIRECTION('',(0.,1.,0.));
#1870 = PLANE('',#1871);
#1871 = AXIS2_PLACEMENT_3D('',#1872,#1873,#1874);
#1872 = CARTESIAN_POINT('',(2.5,2.5,121.));
#1873 = DIRECTION('',(1.,0.,0.));
#1874 = DIRECTION('',(0.,0.,1.));
#1875 = ADVANCED_FACE('',(#1876),#1910,.T.);
#1876 = FACE_BOUND('',#1877,.T.);
#1877 = EDGE_LOOP('',(#1878,#1888,#1896,#1904));
#1878 = ORIENTED_EDGE('',*,*,#1879,.F.);
#1879 = EDGE_CURVE('',#1880,#1882,#1884,.T.);
#1880 = VERTEX_POINT('',#1881);
#1881 = CARTESIAN_POINT('',(272.5,2.5,121.));
#1882 = VERTEX_POINT('',#1883);
#1883 = CARTESIAN_POINT('',(272.5,2.5,123.));
#1884 = LINE('',#1885,#1886);
#1885 = CARTESIAN_POINT('',(272.5,2.5,121.));
#1886 = VECTOR('',#1887,1.);
#1887 = DIRECTION('',(0.,0.,1.));
#1888 = ORIENTED_EDGE('',*,*,#1889,.T.);
#1889 = EDGE_CURVE('',#1880,#1890,#1892,.T.);
#1890 = VERTEX_POINT('',#1891);
#1891 = CARTESIAN_POINT('',(272.5,12.5,121.));
#1892 = LINE('',#1893,#1894);
#1893 = CARTESIAN_POINT('',(272.5,2.5,121.));
#1894 = VECTOR('',#1895,1.);
#1895 = DIRECTION('',(0.,1.,0.));
#1896 = ORIENTED_EDGE('',*,*,#1897,.T.);
#1897 = EDGE_CURVE('',#1890,#1898,#1900,.T.);
#1898 = VERTEX_POINT('',#1899);
#1899 = CARTESIAN_POINT('',(272.5,12.5,123.));
#1900 = LINE('',#1901,#1902);
#1901 = CARTESIAN_POINT('',(272.5,12.5,121.));
#1902 = VECTOR('',#1903,1.);
#1903 = DIRECTION('',(0.,0.,1.));
#1904 = ORIENTED_EDGE('',*,*,#1905,.F.);
#1905 = EDGE_CURVE('',#1882,#1898,#1906,.T.);
#1906 = LINE('',#1907,#1908);
#1907 = CARTESIAN_POINT('',(272.5,2.5,123.));
#1908 = VECTOR('',#1909,1.);
#1909 = DIRECTION('',(0.,1.,0.));
#1910 = PLANE('',#1911);
#1911 = AXIS2_PLACEMENT_3D('',#1912,#1913,#1914);
#1912 = CARTESIAN_POINT('',(272.5,2.5,121.));
#1913 = DIRECTION('',(1.,0.,0.));
#1914 = DIRECTION('',(0.,0.,1.));
#1915 = ADVANCED_FACE('',(#1916),#1932,.F.);
#1916 = FACE_BOUND('',#1917,.F.);
#1917 = EDGE_LOOP('',(#1918,#1924,#1925,#1931));
#1918 = ORIENTED_EDGE('',*,*,#1919,.F.);
#1919 = EDGE_CURVE('',#1840,#1880,#1920,.T.);
#1920 = LINE('',#1921,#1922);
#1921 = CARTESIAN_POINT('',(2.5,2.5,121.));
#1922 = VECTOR('',#1923,1.);
#1923 = DIRECTION('',(1.,0.,0.));
#1924 = ORIENTED_EDGE('',*,*,#1839,.T.);
#1925 = ORIENTED_EDGE('',*,*,#1926,.T.);
#1926 = EDGE_CURVE('',#1842,#1882,#1927,.T.);
#1927 = LINE('',#1928,#1929);
#1928 = CARTESIAN_POINT('',(2.5,2.5,123.));
#1929 = VECTOR('',#1930,1.);
#1930 = DIRECTION('',(1.,0.,0.));
#1931 = ORIENTED_EDGE('',*,*,#1879,.F.);
#1932 = PLANE('',#1933);
#1933 = AXIS2_PLACEMENT_3D('',#1934,#1935,#1936);
#1934 = CARTESIAN_POINT('',(2.5,2.5,121.));
#1935 = DIRECTION('',(0.,1.,0.));
#1936 = DIRECTION('',(0.,0.,1.));
#1937 = ADVANCED_FACE('',(#1938),#1954,.T.);
#1938 = FACE_BOUND('',#1939,.T.);
#1939 = EDGE_LOOP('',(#1940,#1946,#1947,#1953));
#1940 = ORIENTED_EDGE('',*,*,#1941,.F.);
#1941 = EDGE_CURVE('',#1850,#1890,#1942,.T.);
#1942 = LINE('',#1943,#1944);
#1943 = CARTESIAN_POINT('',(2.5,12.5,121.));
#1944 = VECTOR('',#1945,1.);
#1945 = DIRECTION('',(1.,0.,0.));
#1946 = ORIENTED_EDGE('',*,*,#1857,.T.);
#1947 = ORIENTED_EDGE('',*,*,#1948,.T.);
#1948 = EDGE_CURVE('',#1858,#1898,#1949,.T.);
#1949 = LINE('',#1950,#1951);
#1950 = CARTESIAN_POINT('',(2.5,12.5,123.));
#1951 = VECTOR('',#1952,1.);
#1952 = DIRECTION('',(1.,0.,0.));
#1953 = ORIENTED_EDGE('',*,*,#1897,.F.);
#1954 = PLANE('',#1955);
#1955 = AXIS2_PLACEMENT_3D('',#1956,#1957,#1958);
#1956 = CARTESIAN_POINT('',(2.5,12.5,121.));
#1957 = DIRECTION('',(0.,1.,0.));
#1958 = DIRECTION('',(0.,0.,1.));
#1959 = ADVANCED_FACE('',(#1960),#1966,.F.);
#1960 = FACE_BOUND('',#1961,.F.);
#1961 = EDGE_LOOP('',(#1962,#1963,#1964,#1965));
#1962 = ORIENTED_EDGE('',*,*,#1849,.F.);
#1963 = ORIENTED_EDGE('',*,*,#1919,.T.);
#1964 = ORIENTED_EDGE('',*,*,#1889,.T.);
#1965 = ORIENTED_EDGE('',*,*,#1941,.F.);
#1966 = PLANE('',#1967);
#1967 = AXIS2_PLACEMENT_3D('',#1968,#1969,#1970);
#1968 = CARTESIAN_POINT('',(2.5,2.5,121.));
#1969 = DIRECTION('',(0.,0.,1.));
#1970 = DIRECTION('',(1.,0.,0.));
#1971 = ADVANCED_FACE('',(#1972),#1978,.T.);
#1972 = FACE_BOUND('',#1973,.T.);
#1973 = EDGE_LOOP('',(#1974,#1975,#1976,#1977));
#1974 = ORIENTED_EDGE('',*,*,#1865,.F.);
#1975 = ORIENTED_EDGE('',*,*,#1926,.T.);
#1976 = ORIENTED_EDGE('',*,*,#1905,.T.);
#1977 = ORIENTED_EDGE('',*,*,#1948,.F.);
#1978 = PLANE('',#1979);
#1979 = AXIS2_PLACEMENT_3D('',#1980,#1981,#1982);
#1980 = CARTESIAN_POINT('',(2.5,2.5,123.));
#1981 = DIRECTION('',(0.,0.,1.));
#1982 = DIRECTION('',(1.,0.,0.));
#1983 = MANIFOLD_SOLID_BREP('',#1984);
#1984 = CLOSED_SHELL('',(#1985,#2025,#2065,#2087,#2109,#2121));
#1985 = ADVANCED_FACE('',(#1986),#2020,.F.);
#1986 = FACE_BOUND('',#1987,.F.);
#1987 = EDGE_LOOP('',(#1988,#1998,#2006,#2014));
#1988 = ORIENTED_EDGE('',*,*,#1989,.F.);
#1989 = EDGE_CURVE('',#1990,#1992,#1994,.T.);
#1990 = VERTEX_POINT('',#1991);
#1991 = CARTESIAN_POINT('',(2.5,262.5,121.));
#1992 = VERTEX_POINT('',#1993);
#1993 = CARTESIAN_POINT('',(2.5,262.5,123.));
#1994 = LINE('',#1995,#1996);
#1995 = CARTESIAN_POINT('',(2.5,262.5,121.));
#1996 = VECTOR('',#1997,1.);
#1997 = DIRECTION('',(0.,0.,1.));
#1998 = ORIENTED_EDGE('',*,*,#1999,.T.);
#1999 = EDGE_CURVE('',#1990,#2000,#2002,.T.);
#2000 = VERTEX_POINT('',#2001);
#2001 = CARTESIAN_POINT('',(2.5,272.5,121.));
#2002 = LINE('',#2003,#2004);
#2003 = CARTESIAN_POINT('',(2.5,262.5,121.));
#2004 = VECTOR('',#2005,1.);
#2005 = DIRECTION('',(0.,1.,0.));
#2006 = ORIENTED_EDGE('',*,*,#2007,.T.);
#2007 = EDGE_CURVE('',#2000,#2008,#2010,.T.);
#2008 = VERTEX_POINT('',#2009);
#2009 = CARTESIAN_POINT('',(2.5,272.5,123.));
#2010 = LINE('',#2011,#2012);
#2011 = CARTESIAN_POINT('',(2.5,272.5,121.));
#2012 = VECTOR('',#2013,1.);
#2013 = DIRECTION('',(0.,0.,1.));
#2014 = ORIENTED_EDGE('',*,*,#2015,.F.);
#2015 = EDGE_CURVE('',#1992,#2008,#2016,.T.);
#2016 = LINE('',#2017,#2018);
#2017 = CARTESIAN_POINT('',(2.5,262.5,123.));
#2018 = VECTOR('',#2019,1.);
#2019 = DIRECTION('',(0.,1.,0.));
#2020 = PLANE('',#2021);
#2021 = AXIS2_PLACEMENT_3D('',#2022,#2023,#2024);
#2022 = CARTESIAN_POINT('',(2.5,262.5,121.));
#2023 = DIRECTION('',(1.,0.,0.));
#2024 = DIRECTION('',(0.,0.,1.));
#2025 = ADVANCED_FACE('',(#2026),#2060,.T.);
#2026 = FACE_BOUND('',#2027,.T.);
#2027 = EDGE_LOOP('',(#2028,#2038,#2046,#2054));
#2028 = ORIENTED_EDGE('',*,*,#2029,.F.);
#2029 = EDGE_CURVE('',#2030,#2032,#2034,.T.);
#2030 = VERTEX_POINT('',#2031);
#2031 = CARTESIAN_POINT('',(272.5,262.5,121.));
#2032 = VERTEX_POINT('',#2033);
#2033 = CARTESIAN_POINT('',(272.5,262.5,123.));
#2034 = LINE('',#2035,#2036);
#2035 = CARTESIAN_POINT('',(272.5,262.5,121.));
#2036 = VECTOR('',#2037,1.);
#2037 = DIRECTION('',(0.,0.,1.));
#2038 = ORIENTED_EDGE('',*,*,#2039,.T.);
#2039 = EDGE_CURVE('',#2030,#2040,#2042,.T.);
#2040 = VERTEX_POINT('',#2041);
#2041 = CARTESIAN_POINT('',(272.5,272.5,121.));
#2042 = LINE('',#2043,#2044);
#2043 = CARTESIAN_POINT('',(272.5,262.5,121.));
#2044 = VECTOR('',#2045,1.);
#2045 = DIRECTION('',(0.,1.,0.));
#2046 = ORIENTED_EDGE('',*,*,#2047,.T.);
#2047 = EDGE_CURVE('',#2040,#2048,#2050,.T.);
#2048 = VERTEX_POINT('',#2049);
#2049 = CARTESIAN_POINT('',(272.5,272.5,123.));
#2050 = LINE('',#2051,#2052);
#2051 = CARTESIAN_POINT('',(272.5,272.5,121.));
#2052 = VECTOR('',#2053,1.);
#2053 = DIRECTION('',(0.,0.,1.));
#2054 = ORIENTED_EDGE('',*,*,#2055,.F.);
#2055 = EDGE_CURVE('',#2032,#2048,#2056,.T.);
#2056 = LINE('',#2057,#2058);
#2057 = CARTESIAN_POINT('',(272.5,262.5,123.));
#2058 = VECTOR('',#2059,1.);
#2059 = DIRECTION('',(0.,1.,0.));
#2060 = PLANE('',#2061);
#2061 = AXIS2_PLACEMENT_3D('',#2062,#2063,#2064);
#2062 = CARTESIAN_POINT('',(272.5,262.5,121.));
#2063 = DIRECTION('',(1.,0.,0.));
#2064 = DIRECTION('',(0.,0.,1.));
#2065 = ADVANCED_FACE('',(#2066),#2082,.F.);
#2066 = FACE_BOUND('',#2067,.F.);
#2067 = EDGE_LOOP('',(#2068,#2074,#2075,#2081));
#2068 = ORIENTED_EDGE('',*,*,#2069,.F.);
#2069 = EDGE_CURVE('',#1990,#2030,#2070,.T.);
#2070 = LINE('',#2071,#2072);
#2071 = CARTESIAN_POINT('',(2.5,262.5,121.));
#2072 = VECTOR('',#2073,1.);
#2073 = DIRECTION('',(1.,0.,0.));
#2074 = ORIENTED_EDGE('',*,*,#1989,.T.);
#2075 = ORIENTED_EDGE('',*,*,#2076,.T.);
#2076 = EDGE_CURVE('',#1992,#2032,#2077,.T.);
#2077 = LINE('',#2078,#2079);
#2078 = CARTESIAN_POINT('',(2.5,262.5,123.));
#2079 = VECTOR('',#2080,1.);
#2080 = DIRECTION('',(1.,0.,0.));
#2081 = ORIENTED_EDGE('',*,*,#2029,.F.);
#2082 = PLANE('',#2083);
#2083 = AXIS2_PLACEMENT_3D('',#2084,#2085,#2086);
#2084 = CARTESIAN_POINT('',(2.5,262.5,121.));
#2085 = DIRECTION('',(0.,1.,0.));
#2086 = DIRECTION('',(0.,0.,1.));
#2087 = ADVANCED_FACE('',(#2088),#2104,.T.);
#2088 = FACE_BOUND('',#2089,.T.);
#2089 = EDGE_LOOP('',(#2090,#2096,#2097,#2103));
#2090 = ORIENTED_EDGE('',*,*,#2091,.F.);
#2091 = EDGE_CURVE('',#2000,#2040,#2092,.T.);
#2092 = LINE('',#2093,#2094);
#2093 = CARTESIAN_POINT('',(2.5,272.5,121.));
#2094 = VECTOR('',#2095,1.);
#2095 = DIRECTION('',(1.,0.,0.));
#2096 = ORIENTED_EDGE('',*,*,#2007,.T.);
#2097 = ORIENTED_EDGE('',*,*,#2098,.T.);
#2098 = EDGE_CURVE('',#2008,#2048,#2099,.T.);
#2099 = LINE('',#2100,#2101);
#2100 = CARTESIAN_POINT('',(2.5,272.5,123.));
#2101 = VECTOR('',#2102,1.);
#2102 = DIRECTION('',(1.,0.,0.));
#2103 = ORIENTED_EDGE('',*,*,#2047,.F.);
#2104 = PLANE('',#2105);
#2105 = AXIS2_PLACEMENT_3D('',#2106,#2107,#2108);
#2106 = CARTESIAN_POINT('',(2.5,272.5,121.));
#2107 = DIRECTION('',(0.,1.,0.));
#2108 = DIRECTION('',(0.,0.,1.));
#2109 = ADVANCED_FACE('',(#2110),#2116,.F.);
#2110 = FACE_BOUND('',#2111,.F.);
#2111 = EDGE_LOOP('',(#2112,#2113,#2114,#2115));
#2112 = ORIENTED_EDGE('',*,*,#1999,.F.);
#2113 = ORIENTED_EDGE('',*,*,#2069,.T.);
#2114 = ORIENTED_EDGE('',*,*,#2039,.T.);
#2115 = ORIENTED_EDGE('',*,*,#2091,.F.);
#2116 = PLANE('',#2117);
#2117 = AXIS2_PLACEMENT_3D('',#2118,#2119,#2120);
#2118 = CARTESIAN_POINT('',(2.5,262.5,121.));
#2119 = DIRECTION('',(0.,0.,1.));
#2120 = DIRECTION('',(1.,0.,0.));
#2121 = ADVANCED_FACE('',(#2122),#2128,.T.);
#2122 = FACE_BOUND('',#2123,.T.);
#2123 = EDGE_LOOP('',(#2124,#2125,#2126,#2127));
#2124 = ORIENTED_EDGE('',*,*,#2015,.F.);
#2125 = ORIENTED_EDGE('',*,*,#2076,.T.);
#2126 = ORIENTED_EDGE('',*,*,#2055,.T.);
#2127 = ORIENTED_EDGE('',*,*,#2098,.F.);
#2128 = PLANE('',#2129);
#2129 = AXIS2_PLACEMENT_3D('',#2130,#2131,#2132);
#2130 = CARTESIAN_POINT('',(2.5,262.5,123.));
#2131 = DIRECTION('',(0.,0.,1.));
#2132 = DIRECTION('',(1.,0.,0.));
#2133 = MANIFOLD_SOLID_BREP('',#2134);
#2134 = CLOSED_SHELL('',(#2135,#2175,#2215,#2237,#2259,#2271));
#2135 = ADVANCED_FACE('',(#2136),#2170,.F.);
#2136 = FACE_BOUND('',#2137,.F.);
#2137 = EDGE_LOOP('',(#2138,#2148,#2156,#2164));
#2138 = ORIENTED_EDGE('',*,*,#2139,.F.);
#2139 = EDGE_CURVE('',#2140,#2142,#2144,.T.);
#2140 = VERTEX_POINT('',#2141);
#2141 = CARTESIAN_POINT('',(2.5,12.5,121.));
#2142 = VERTEX_POINT('',#2143);
#2143 = CARTESIAN_POINT('',(2.5,12.5,123.));
#2144 = LINE('',#2145,#2146);
#2145 = CARTESIAN_POINT('',(2.5,12.5,121.));
#2146 = VECTOR('',#2147,1.);
#2147 = DIRECTION('',(0.,0.,1.));
#2148 = ORIENTED_EDGE('',*,*,#2149,.T.);
#2149 = EDGE_CURVE('',#2140,#2150,#2152,.T.);
#2150 = VERTEX_POINT('',#2151);
#2151 = CARTESIAN_POINT('',(2.5,262.5,121.));
#2152 = LINE('',#2153,#2154);
#2153 = CARTESIAN_POINT('',(2.5,12.5,121.));
#2154 = VECTOR('',#2155,1.);
#2155 = DIRECTION('',(0.,1.,0.));
#2156 = ORIENTED_EDGE('',*,*,#2157,.T.);
#2157 = EDGE_CURVE('',#2150,#2158,#2160,.T.);
#2158 = VERTEX_POINT('',#2159);
#2159 = CARTESIAN_POINT('',(2.5,262.5,123.));
#2160 = LINE('',#2161,#2162);
#2161 = CARTESIAN_POINT('',(2.5,262.5,121.));
#2162 = VECTOR('',#2163,1.);
#2163 = DIRECTION('',(0.,0.,1.));
#2164 = ORIENTED_EDGE('',*,*,#2165,.F.);
#2165 = EDGE_CURVE('',#2142,#2158,#2166,.T.);
#2166 = LINE('',#2167,#2168);
#2167 = CARTESIAN_POINT('',(2.5,12.5,123.));
#2168 = VECTOR('',#2169,1.);
#2169 = DIRECTION('',(0.,1.,0.));
#2170 = PLANE('',#2171);
#2171 = AXIS2_PLACEMENT_3D('',#2172,#2173,#2174);
#2172 = CARTESIAN_POINT('',(2.5,12.5,121.));
#2173 = DIRECTION('',(1.,0.,0.));
#2174 = DIRECTION('',(0.,0.,1.));
#2175 = ADVANCED_FACE('',(#2176),#2210,.T.);
#2176 = FACE_BOUND('',#2177,.T.);
#2177 = EDGE_LOOP('',(#2178,#2188,#2196,#2204));
#2178 = ORIENTED_EDGE('',*,*,#2179,.F.);
#2179 = EDGE_CURVE('',#2180,#2182,#2184,.T.);
#2180 = VERTEX_POINT('',#2181);
#2181 = CARTESIAN_POINT('',(12.5,12.5,121.));
#2182 = VERTEX_POINT('',#2183);
#2183 = CARTESIAN_POINT('',(12.5,12.5,123.));
#2184 = LINE('',#2185,#2186);
#2185 = CARTESIAN_POINT('',(12.5,12.5,121.));
#2186 = VECTOR('',#2187,1.);
#2187 = DIRECTION('',(0.,0.,1.));
#2188 = ORIENTED_EDGE('',*,*,#2189,.T.);
#2189 = EDGE_CURVE('',#2180,#2190,#2192,.T.);
#2190 = VERTEX_POINT('',#2191);
#2191 = CARTESIAN_POINT('',(12.5,262.5,121.));
#2192 = LINE('',#2193,#2194);
#2193 = CARTESIAN_POINT('',(12.5,12.5,121.));
#2194 = VECTOR('',#2195,1.);
#2195 = DIRECTION('',(0.,1.,0.));
#2196 = ORIENTED_EDGE('',*,*,#2197,.T.);
#2197 = EDGE_CURVE('',#2190,#2198,#2200,.T.);
#2198 = VERTEX_POINT('',#2199);
#2199 = CARTESIAN_POINT('',(12.5,262.5,123.));
#2200 = LINE('',#2201,#2202);
#2201 = CARTESIAN_POINT('',(12.5,262.5,121.));
#2202 = VECTOR('',#2203,1.);
#2203 = DIRECTION('',(0.,0.,1.));
#2204 = ORIENTED_EDGE('',*,*,#2205,.F.);
#2205 = EDGE_CURVE('',#2182,#2198,#2206,.T.);
#2206 = LINE('',#2207,#2208);
#2207 = CARTESIAN_POINT('',(12.5,12.5,123.));
#2208 = VECTOR('',#2209,1.);
#2209 = DIRECTION('',(0.,1.,0.));
#2210 = PLANE('',#2211);
#2211 = AXIS2_PLACEMENT_3D('',#2212,#2213,#2214);
#2212 = CARTESIAN_POINT('',(12.5,12.5,121.));
#2213 = DIRECTION('',(1.,0.,0.));
#2214 = DIRECTION('',(0.,0.,1.));
#2215 = ADVANCED_FACE('',(#2216),#2232,.F.);
#2216 = FACE_BOUND('',#2217,.F.);
#2217 = EDGE_LOOP('',(#2218,#2224,#2225,#2231));
#2218 = ORIENTED_EDGE('',*,*,#2219,.F.);
#2219 = EDGE_CURVE('',#2140,#2180,#2220,.T.);
#2220 = LINE('',#2221,#2222);
#2221 = CARTESIAN_POINT('',(2.5,12.5,121.));
#2222 = VECTOR('',#2223,1.);
#2223 = DIRECTION('',(1.,0.,0.));
#2224 = ORIENTED_EDGE('',*,*,#2139,.T.);
#2225 = ORIENTED_EDGE('',*,*,#2226,.T.);
#2226 = EDGE_CURVE('',#2142,#2182,#2227,.T.);
#2227 = LINE('',#2228,#2229);
#2228 = CARTESIAN_POINT('',(2.5,12.5,123.));
#2229 = VECTOR('',#2230,1.);
#2230 = DIRECTION('',(1.,0.,0.));
#2231 = ORIENTED_EDGE('',*,*,#2179,.F.);
#2232 = PLANE('',#2233);
#2233 = AXIS2_PLACEMENT_3D('',#2234,#2235,#2236);
#2234 = CARTESIAN_POINT('',(2.5,12.5,121.));
#2235 = DIRECTION('',(0.,1.,0.));
#2236 = DIRECTION('',(0.,0.,1.));
#2237 = ADVANCED_FACE('',(#2238),#2254,.T.);
#2238 = FACE_BOUND('',#2239,.T.);
#2239 = EDGE_LOOP('',(#2240,#2246,#2247,#2253));
#2240 = ORIENTED_EDGE('',*,*,#2241,.F.);
#2241 = EDGE_CURVE('',#2150,#2190,#2242,.T.);
#2242 = LINE('',#2243,#2244);
#2243 = CARTESIAN_POINT('',(2.5,262.5,121.));
#2244 = VECTOR('',#2245,1.);
#2245 = DIRECTION('',(1.,0.,0.));
#2246 = ORIENTED_EDGE('',*,*,#2157,.T.);
#2247 = ORIENTED_EDGE('',*,*,#2248,.T.);
#2248 = EDGE_CURVE('',#2158,#2198,#2249,.T.);
#2249 = LINE('',#2250,#2251);
#2250 = CARTESIAN_POINT('',(2.5,262.5,123.));
#2251 = VECTOR('',#2252,1.);
#2252 = DIRECTION('',(1.,0.,0.));
#2253 = ORIENTED_EDGE('',*,*,#2197,.F.);
#2254 = PLANE('',#2255);
#2255 = AXIS2_PLACEMENT_3D('',#2256,#2257,#2258);
#2256 = CARTESIAN_POINT('',(2.5,262.5,121.));
#2257 = DIRECTION('',(0.,1.,0.));
#2258 = DIRECTION('',(0.,0.,1.));
#2259 = ADVANCED_FACE('',(#2260),#2266,.F.);
#2260 = FACE_BOUND('',#2261,.F.);
#2261 = EDGE_LOOP('',(#2262,#2263,#2264,#2265));
#2262 = ORIENTED_EDGE('',*,*,#2149,.F.);
#2263 = ORIENTED_EDGE('',*,*,#2219,.T.);
#2264 = ORIENTED_EDGE('',*,*,#2189,.T.);
#2265 = ORIENTED_EDGE('',*,*,#2241,.F.);
#2266 = PLANE('',#2267);
#2267 = AXIS2_PLACEMENT_3D('',#2268,#2269,#2270);
#2268 = CARTESIAN_POINT('',(2.5,12.5,121.));
#2269 = DIRECTION('',(0.,0.,1.));
#2270 = DIRECTION('',(1.,0.,0.));
#2271 = ADVANCED_FACE('',(#2272),#2278,.T.);
#2272 = FACE_BOUND('',#2273,.T.);
#2273 = EDGE_LOOP('',(#2274,#2275,#2276,#2277));
#2274 = ORIENTED_EDGE('',*,*,#2165,.F.);
#2275 = ORIENTED_EDGE('',*,*,#2226,.T.);
#2276 = ORIENTED_EDGE('',*,*,#2205,.T.);
#2277 = ORIENTED_EDGE('',*,*,#2248,.F.);
#2278 = PLANE('',#2279);
#2279 = AXIS2_PLACEMENT_3D('',#2280,#2281,#2282);
#2280 = CARTESIAN_POINT('',(2.5,12.5,123.));
#2281 = DIRECTION('',(0.,0.,1.));
#2282 = DIRECTION('',(1.,0.,0.));
#2283 = MANIFOLD_SOLID_BREP('',#2284);
#2284 = CLOSED_SHELL('',(#2285,#2325,#2365,#2387,#2409,#2421));
#2285 = ADVANCED_FACE('',(#2286),#2320,.F.);
#2286 = FACE_BOUND('',#2287,.F.);
#2287 = EDGE_LOOP('',(#2288,#2298,#2306,#2314));
#2288 = ORIENTED_EDGE('',*,*,#2289,.F.);
#2289 = EDGE_CURVE('',#2290,#2292,#2294,.T.);
#2290 = VERTEX_POINT('',#2291);
#2291 = CARTESIAN_POINT('',(262.5,12.5,121.));
#2292 = VERTEX_POINT('',#2293);
#2293 = CARTESIAN_POINT('',(262.5,12.5,123.));
#2294 = LINE('',#2295,#2296);
#2295 = CARTESIAN_POINT('',(262.5,12.5,121.));
#2296 = VECTOR('',#2297,1.);
#2297 = DIRECTION('',(0.,0.,1.));
#2298 = ORIENTED_EDGE('',*,*,#2299,.T.);
#2299 = EDGE_CURVE('',#2290,#2300,#2302,.T.);
#2300 = VERTEX_POINT('',#2301);
#2301 = CARTESIAN_POINT('',(262.5,262.5,121.));
#2302 = LINE('',#2303,#2304);
#2303 = CARTESIAN_POINT('',(262.5,12.5,121.));
#2304 = VECTOR('',#2305,1.);
#2305 = DIRECTION('',(0.,1.,0.));
#2306 = ORIENTED_EDGE('',*,*,#2307,.T.);
#2307 = EDGE_CURVE('',#2300,#2308,#2310,.T.);
#2308 = VERTEX_POINT('',#2309);
#2309 = CARTESIAN_POINT('',(262.5,262.5,123.));
#2310 = LINE('',#2311,#2312);
#2311 = CARTESIAN_POINT('',(262.5,262.5,121.));
#2312 = VECTOR('',#2313,1.);
#2313 = DIRECTION('',(0.,0.,1.));
#2314 = ORIENTED_EDGE('',*,*,#2315,.F.);
#2315 = EDGE_CURVE('',#2292,#2308,#2316,.T.);
#2316 = LINE('',#2317,#2318);
#2317 = CARTESIAN_POINT('',(262.5,12.5,123.));
#2318 = VECTOR('',#2319,1.);
#2319 = DIRECTION('',(0.,1.,0.));
#2320 = PLANE('',#2321);
#2321 = AXIS2_PLACEMENT_3D('',#2322,#2323,#2324);
#2322 = CARTESIAN_POINT('',(262.5,12.5,121.));
#2323 = DIRECTION('',(1.,0.,0.));
#2324 = DIRECTION('',(0.,0.,1.));
#2325 = ADVANCED_FACE('',(#2326),#2360,.T.);
#2326 = FACE_BOUND('',#2327,.T.);
#2327 = EDGE_LOOP('',(#2328,#2338,#2346,#2354));
#2328 = ORIENTED_EDGE('',*,*,#2329,.F.);
#2329 = EDGE_CURVE('',#2330,#2332,#2334,.T.);
#2330 = VERTEX_POINT('',#2331);
#2331 = CARTESIAN_POINT('',(272.5,12.5,121.));
#2332 = VERTEX_POINT('',#2333);
#2333 = CARTESIAN_POINT('',(272.5,12.5,123.));
#2334 = LINE('',#2335,#2336);
#2335 = CARTESIAN_POINT('',(272.5,12.5,121.));
#2336 = VECTOR('',#2337,1.);
#2337 = DIRECTION('',(0.,0.,1.));
#2338 = ORIENTED_EDGE('',*,*,#2339,.T.);
#2339 = EDGE_CURVE('',#2330,#2340,#2342,.T.);
#2340 = VERTEX_POINT('',#2341);
#2341 = CARTESIAN_POINT('',(272.5,262.5,121.));
#2342 = LINE('',#2343,#2344);
#2343 = CARTESIAN_POINT('',(272.5,12.5,121.));
#2344 = VECTOR('',#2345,1.);
#2345 = DIRECTION('',(0.,1.,0.));
#2346 = ORIENTED_EDGE('',*,*,#2347,.T.);
#2347 = EDGE_CURVE('',#2340,#2348,#2350,.T.);
#2348 = VERTEX_POINT('',#2349);
#2349 = CARTESIAN_POINT('',(272.5,262.5,123.));
#2350 = LINE('',#2351,#2352);
#2351 = CARTESIAN_POINT('',(272.5,262.5,121.));
#2352 = VECTOR('',#2353,1.);
#2353 = DIRECTION('',(0.,0.,1.));
#2354 = ORIENTED_EDGE('',*,*,#2355,.F.);
#2355 = EDGE_CURVE('',#2332,#2348,#2356,.T.);
#2356 = LINE('',#2357,#2358);
#2357 = CARTESIAN_POINT('',(272.5,12.5,123.));
#2358 = VECTOR('',#2359,1.);
#2359 = DIRECTION('',(0.,1.,0.));
#2360 = PLANE('',#2361);
#2361 = AXIS2_PLACEMENT_3D('',#2362,#2363,#2364);
#2362 = CARTESIAN_POINT('',(272.5,12.5,121.));
#2363 = DIRECTION('',(1.,0.,0.));
#2364 = DIRECTION('',(0.,0.,1.));
#2365 = ADVANCED_FACE('',(#2366),#2382,.F.);
#2366 = FACE_BOUND('',#2367,.F.);
#2367 = EDGE_LOOP('',(#2368,#2374,#2375,#2381));
#2368 = ORIENTED_EDGE('',*,*,#2369,.F.);
#2369 = EDGE_CURVE('',#2290,#2330,#2370,.T.);
#2370 = LINE('',#2371,#2372);
#2371 = CARTESIAN_POINT('',(262.5,12.5,121.));
#2372 = VECTOR('',#2373,1.);
#2373 = DIRECTION('',(1.,0.,0.));
#2374 = ORIENTED_EDGE('',*,*,#2289,.T.);
#2375 = ORIENTED_EDGE('',*,*,#2376,.T.);
#2376 = EDGE_CURVE('',#2292,#2332,#2377,.T.);
#2377 = LINE('',#2378,#2379);
#2378 = CARTESIAN_POINT('',(262.5,12.5,123.));
#2379 = VECTOR('',#2380,1.);
#2380 = DIRECTION('',(1.,0.,0.));
#2381 = ORIENTED_EDGE('',*,*,#2329,.F.);
#2382 = PLANE('',#2383);
#2383 = AXIS2_PLACEMENT_3D('',#2384,#2385,#2386);
#2384 = CARTESIAN_POINT('',(262.5,12.5,121.));
#2385 = DIRECTION('',(0.,1.,0.));
#2386 = DIRECTION('',(0.,0.,1.));
#2387 = ADVANCED_FACE('',(#2388),#2404,.T.);
#2388 = FACE_BOUND('',#2389,.T.);
#2389 = EDGE_LOOP('',(#2390,#2396,#2397,#2403));
#2390 = ORIENTED_EDGE('',*,*,#2391,.F.);
#2391 = EDGE_CURVE('',#2300,#2340,#2392,.T.);
#2392 = LINE('',#2393,#2394);
#2393 = CARTESIAN_POINT('',(262.5,262.5,121.));
#2394 = VECTOR('',#2395,1.);
#2395 = DIRECTION('',(1.,0.,0.));
#2396 = ORIENTED_EDGE('',*,*,#2307,.T.);
#2397 = ORIENTED_EDGE('',*,*,#2398,.T.);
#2398 = EDGE_CURVE('',#2308,#2348,#2399,.T.);
#2399 = LINE('',#2400,#2401);
#2400 = CARTESIAN_POINT('',(262.5,262.5,123.));
#2401 = VECTOR('',#2402,1.);
#2402 = DIRECTION('',(1.,0.,0.));
#2403 = ORIENTED_EDGE('',*,*,#2347,.F.);
#2404 = PLANE('',#2405);
#2405 = AXIS2_PLACEMENT_3D('',#2406,#2407,#2408);
#2406 = CARTESIAN_POINT('',(262.5,262.5,121.));
#2407 = DIRECTION('',(0.,1.,0.));
#2408 = DIRECTION('',(0.,0.,1.));
#2409 = ADVANCED_FACE('',(#2410),#2416,.F.);
#2410 = FACE_BOUND('',#2411,.F.);
#2411 = EDGE_LOOP('',(#2412,#2413,#2414,#2415));
#2412 = ORIENTED_EDGE('',*,*,#2299,.F.);
#2413 = ORIENTED_EDGE('',*,*,#2369,.T.);
#2414 = ORIENTED_EDGE('',*,*,#2339,.T.);
#2415 = ORIENTED_EDGE('',*,*,#2391,.F.);
#2416 = PLANE('',#2417);
#2417 = AXIS2_PLACEMENT_3D('',#2418,#2419,#2420);
#2418 = CARTESIAN_POINT('',(262.5,12.5,121.));
#2419 = DIRECTION('',(0.,0.,1.));
#2420 = DIRECTION('',(1.,0.,0.));
#2421 = ADVANCED_FACE('',(#2422),#2428,.T.);
#2422 = FACE_BOUND('',#2423,.T.);
#2423 = EDGE_LOOP('',(#2424,#2425,#2426,#2427));
#2424 = ORIENTED_EDGE('',*,*,#2315,.F.);
#2425 = ORIENTED_EDGE('',*,*,#2376,.T.);
#2426 = ORIENTED_EDGE('',*,*,#2355,.T.);
#2427 = ORIENTED_EDGE('',*,*,#2398,.F.);
#2428 = PLANE('',#2429);
#2429 = AXIS2_PLACEMENT_3D('',#2430,#2431,#2432);
#2430 = CARTESIAN_POINT('',(262.5,12.5,123.));
#2431 = DIRECTION('',(0.,0.,1.));
#2432 = DIRECTION('',(1.,0.,0.));
#2433 = MANIFOLD_SOLID_BREP('',#2434);
#2434 = CLOSED_SHELL('',(#2435,#2475,#2515,#2537,#2559,#2571));
#2435 = ADVANCED_FACE('',(#2436),#2470,.F.);
#2436 = FACE_BOUND('',#2437,.F.);
#2437 = EDGE_LOOP('',(#2438,#2448,#2456,#2464));
#2438 = ORIENTED_EDGE('',*,*,#2439,.F.);
#2439 = EDGE_CURVE('',#2440,#2442,#2444,.T.);
#2440 = VERTEX_POINT('',#2441);
#2441 = CARTESIAN_POINT('',(46.,88.,67.));
#2442 = VERTEX_POINT('',#2443);
#2443 = CARTESIAN_POINT('',(46.,88.,120.));
#2444 = LINE('',#2445,#2446);
#2445 = CARTESIAN_POINT('',(46.,88.,67.));
#2446 = VECTOR('',#2447,1.);
#2447 = DIRECTION('',(0.,0.,1.));
#2448 = ORIENTED_EDGE('',*,*,#2449,.T.);
#2449 = EDGE_CURVE('',#2440,#2450,#2452,.T.);
#2450 = VERTEX_POINT('',#2451);
#2451 = CARTESIAN_POINT('',(46.,150.,67.));
#2452 = LINE('',#2453,#2454);
#2453 = CARTESIAN_POINT('',(46.,88.,67.));
#2454 = VECTOR('',#2455,1.);
#2455 = DIRECTION('',(0.,1.,0.));
#2456 = ORIENTED_EDGE('',*,*,#2457,.T.);
#2457 = EDGE_CURVE('',#2450,#2458,#2460,.T.);
#2458 = VERTEX_POINT('',#2459);
#2459 = CARTESIAN_POINT('',(46.,150.,120.));
#2460 = LINE('',#2461,#2462);
#2461 = CARTESIAN_POINT('',(46.,150.,67.));
#2462 = VECTOR('',#2463,1.);
#2463 = DIRECTION('',(0.,0.,1.));
#2464 = ORIENTED_EDGE('',*,*,#2465,.F.);
#2465 = EDGE_CURVE('',#2442,#2458,#2466,.T.);
#2466 = LINE('',#2467,#2468);
#2467 = CARTESIAN_POINT('',(46.,88.,120.));
#2468 = VECTOR('',#2469,1.);
#2469 = DIRECTION('',(0.,1.,0.));
#2470 = PLANE('',#2471);
#2471 = AXIS2_PLACEMENT_3D('',#2472,#2473,#2474);
#2472 = CARTESIAN_POINT('',(46.,88.,67.));
#2473 = DIRECTION('',(1.,0.,0.));
#2474 = DIRECTION('',(0.,0.,1.));
#2475 = ADVANCED_FACE('',(#2476),#2510,.T.);
#2476 = FACE_BOUND('',#2477,.T.);
#2477 = EDGE_LOOP('',(#2478,#2488,#2496,#2504));
#2478 = ORIENTED_EDGE('',*,*,#2479,.F.);
#2479 = EDGE_CURVE('',#2480,#2482,#2484,.T.);
#2480 = VERTEX_POINT('',#2481);
#2481 = CARTESIAN_POINT('',(204.,88.,67.));
#2482 = VERTEX_POINT('',#2483);
#2483 = CARTESIAN_POINT('',(204.,88.,120.));
#2484 = LINE('',#2485,#2486);
#2485 = CARTESIAN_POINT('',(204.,88.,67.));
#2486 = VECTOR('',#2487,1.);
#2487 = DIRECTION('',(0.,0.,1.));
#2488 = ORIENTED_EDGE('',*,*,#2489,.T.);
#2489 = EDGE_CURVE('',#2480,#2490,#2492,.T.);
#2490 = VERTEX_POINT('',#2491);
#2491 = CARTESIAN_POINT('',(204.,150.,67.));
#2492 = LINE('',#2493,#2494);
#2493 = CARTESIAN_POINT('',(204.,88.,67.));
#2494 = VECTOR('',#2495,1.);
#2495 = DIRECTION('',(0.,1.,0.));
#2496 = ORIENTED_EDGE('',*,*,#2497,.T.);
#2497 = EDGE_CURVE('',#2490,#2498,#2500,.T.);
#2498 = VERTEX_POINT('',#2499);
#2499 = CARTESIAN_POINT('',(204.,150.,120.));
#2500 = LINE('',#2501,#2502);
#2501 = CARTESIAN_POINT('',(204.,150.,67.));
#2502 = VECTOR('',#2503,1.);
#2503 = DIRECTION('',(0.,0.,1.));
#2504 = ORIENTED_EDGE('',*,*,#2505,.F.);
#2505 = EDGE_CURVE('',#2482,#2498,#2506,.T.);
#2506 = LINE('',#2507,#2508);
#2507 = CARTESIAN_POINT('',(204.,88.,120.));
#2508 = VECTOR('',#2509,1.);
#2509 = DIRECTION('',(0.,1.,0.));
#2510 = PLANE('',#2511);
#2511 = AXIS2_PLACEMENT_3D('',#2512,#2513,#2514);
#2512 = CARTESIAN_POINT('',(204.,88.,67.));
#2513 = DIRECTION('',(1.,0.,0.));
#2514 = DIRECTION('',(0.,0.,1.));
#2515 = ADVANCED_FACE('',(#2516),#2532,.F.);
#2516 = FACE_BOUND('',#2517,.F.);
#2517 = EDGE_LOOP('',(#2518,#2524,#2525,#2531));
#2518 = ORIENTED_EDGE('',*,*,#2519,.F.);
#2519 = EDGE_CURVE('',#2440,#2480,#2520,.T.);
#2520 = LINE('',#2521,#2522);
#2521 = CARTESIAN_POINT('',(46.,88.,67.));
#2522 = VECTOR('',#2523,1.);
#2523 = DIRECTION('',(1.,0.,0.));
#2524 = ORIENTED_EDGE('',*,*,#2439,.T.);
#2525 = ORIENTED_EDGE('',*,*,#2526,.T.);
#2526 = EDGE_CURVE('',#2442,#2482,#2527,.T.);
#2527 = LINE('',#2528,#2529);
#2528 = CARTESIAN_POINT('',(46.,88.,120.));
#2529 = VECTOR('',#2530,1.);
#2530 = DIRECTION('',(1.,0.,0.));
#2531 = ORIENTED_EDGE('',*,*,#2479,.F.);
#2532 = PLANE('',#2533);
#2533 = AXIS2_PLACEMENT_3D('',#2534,#2535,#2536);
#2534 = CARTESIAN_POINT('',(46.,88.,67.));
#2535 = DIRECTION('',(0.,1.,0.));
#2536 = DIRECTION('',(0.,0.,1.));
#2537 = ADVANCED_FACE('',(#2538),#2554,.T.);
#2538 = FACE_BOUND('',#2539,.T.);
#2539 = EDGE_LOOP('',(#2540,#2546,#2547,#2553));
#2540 = ORIENTED_EDGE('',*,*,#2541,.F.);
#2541 = EDGE_CURVE('',#2450,#2490,#2542,.T.);
#2542 = LINE('',#2543,#2544);
#2543 = CARTESIAN_POINT('',(46.,150.,67.));
#2544 = VECTOR('',#2545,1.);
#2545 = DIRECTION('',(1.,0.,0.));
#2546 = ORIENTED_EDGE('',*,*,#2457,.T.);
#2547 = ORIENTED_EDGE('',*,*,#2548,.T.);
#2548 = EDGE_CURVE('',#2458,#2498,#2549,.T.);
#2549 = LINE('',#2550,#2551);
#2550 = CARTESIAN_POINT('',(46.,150.,120.));
#2551 = VECTOR('',#2552,1.);
#2552 = DIRECTION('',(1.,0.,0.));
#2553 = ORIENTED_EDGE('',*,*,#2497,.F.);
#2554 = PLANE('',#2555);
#2555 = AXIS2_PLACEMENT_3D('',#2556,#2557,#2558);
#2556 = CARTESIAN_POINT('',(46.,150.,67.));
#2557 = DIRECTION('',(0.,1.,0.));
#2558 = DIRECTION('',(0.,0.,1.));
#2559 = ADVANCED_FACE('',(#2560),#2566,.F.);
#2560 = FACE_BOUND('',#2561,.F.);
#2561 = EDGE_LOOP('',(#2562,#2563,#2564,#2565));
#2562 = ORIENTED_EDGE('',*,*,#2449,.F.);
#2563 = ORIENTED_EDGE('',*,*,#2519,.T.);
#2564 = ORIENTED_EDGE('',*,*,#2489,.T.);
#2565 = ORIENTED_EDGE('',*,*,#2541,.F.);
#2566 = PLANE('',#2567);
#2567 = AXIS2_PLACEMENT_3D('',#2568,#2569,#2570);
#2568 = CARTESIAN_POINT('',(46.,88.,67.));
#2569 = DIRECTION('',(0.,0.,1.));
#2570 = DIRECTION('',(1.,0.,0.));
#2571 = ADVANCED_FACE('',(#2572),#2578,.T.);
#2572 = FACE_BOUND('',#2573,.T.);
#2573 = EDGE_LOOP('',(#2574,#2575,#2576,#2577));
#2574 = ORIENTED_EDGE('',*,*,#2465,.F.);
#2575 = ORIENTED_EDGE('',*,*,#2526,.T.);
#2576 = ORIENTED_EDGE('',*,*,#2505,.T.);
#2577 = ORIENTED_EDGE('',*,*,#2548,.F.);
#2578 = PLANE('',#2579);
#2579 = AXIS2_PLACEMENT_3D('',#2580,#2581,#2582);
#2580 = CARTESIAN_POINT('',(46.,88.,120.));
#2581 = DIRECTION('',(0.,0.,1.));
#2582 = DIRECTION('',(1.,0.,0.));
#2583 = MANIFOLD_SOLID_BREP('',#2584);
#2584 = CLOSED_SHELL('',(#2585,#2625,#2665,#2687,#2709,#2721));
#2585 = ADVANCED_FACE('',(#2586),#2620,.F.);
#2586 = FACE_BOUND('',#2587,.F.);
#2587 = EDGE_LOOP('',(#2588,#2598,#2606,#2614));
#2588 = ORIENTED_EDGE('',*,*,#2589,.F.);
#2589 = EDGE_CURVE('',#2590,#2592,#2594,.T.);
#2590 = VERTEX_POINT('',#2591);
#2591 = CARTESIAN_POINT('',(206.,88.,67.));
#2592 = VERTEX_POINT('',#2593);
#2593 = CARTESIAN_POINT('',(206.,88.,120.));
#2594 = LINE('',#2595,#2596);
#2595 = CARTESIAN_POINT('',(206.,88.,67.));
#2596 = VECTOR('',#2597,1.);
#2597 = DIRECTION('',(0.,0.,1.));
#2598 = ORIENTED_EDGE('',*,*,#2599,.T.);
#2599 = EDGE_CURVE('',#2590,#2600,#2602,.T.);
#2600 = VERTEX_POINT('',#2601);
#2601 = CARTESIAN_POINT('',(206.,150.,67.));
#2602 = LINE('',#2603,#2604);
#2603 = CARTESIAN_POINT('',(206.,88.,67.));
#2604 = VECTOR('',#2605,1.);
#2605 = DIRECTION('',(0.,1.,0.));
#2606 = ORIENTED_EDGE('',*,*,#2607,.T.);
#2607 = EDGE_CURVE('',#2600,#2608,#2610,.T.);
#2608 = VERTEX_POINT('',#2609);
#2609 = CARTESIAN_POINT('',(206.,150.,120.));
#2610 = LINE('',#2611,#2612);
#2611 = CARTESIAN_POINT('',(206.,150.,67.));
#2612 = VECTOR('',#2613,1.);
#2613 = DIRECTION('',(0.,0.,1.));
#2614 = ORIENTED_EDGE('',*,*,#2615,.F.);
#2615 = EDGE_CURVE('',#2592,#2608,#2616,.T.);
#2616 = LINE('',#2617,#2618);
#2617 = CARTESIAN_POINT('',(206.,88.,120.));
#2618 = VECTOR('',#2619,1.);
#2619 = DIRECTION('',(0.,1.,0.));
#2620 = PLANE('',#2621);
#2621 = AXIS2_PLACEMENT_3D('',#2622,#2623,#2624);
#2622 = CARTESIAN_POINT('',(206.,88.,67.));
#2623 = DIRECTION('',(1.,0.,0.));
#2624 = DIRECTION('',(0.,0.,1.));
#2625 = ADVANCED_FACE('',(#2626),#2660,.T.);
#2626 = FACE_BOUND('',#2627,.T.);
#2627 = EDGE_LOOP('',(#2628,#2638,#2646,#2654));
#2628 = ORIENTED_EDGE('',*,*,#2629,.F.);
#2629 = EDGE_CURVE('',#2630,#2632,#2634,.T.);
#2630 = VERTEX_POINT('',#2631);
#2631 = CARTESIAN_POINT('',(222.,88.,67.));
#2632 = VERTEX_POINT('',#2633);
#2633 = CARTESIAN_POINT('',(222.,88.,120.));
#2634 = LINE('',#2635,#2636);
#2635 = CARTESIAN_POINT('',(222.,88.,67.));
#2636 = VECTOR('',#2637,1.);
#2637 = DIRECTION('',(0.,0.,1.));
#2638 = ORIENTED_EDGE('',*,*,#2639,.T.);
#2639 = EDGE_CURVE('',#2630,#2640,#2642,.T.);
#2640 = VERTEX_POINT('',#2641);
#2641 = CARTESIAN_POINT('',(222.,150.,67.));
#2642 = LINE('',#2643,#2644);
#2643 = CARTESIAN_POINT('',(222.,88.,67.));
#2644 = VECTOR('',#2645,1.);
#2645 = DIRECTION('',(0.,1.,0.));
#2646 = ORIENTED_EDGE('',*,*,#2647,.T.);
#2647 = EDGE_CURVE('',#2640,#2648,#2650,.T.);
#2648 = VERTEX_POINT('',#2649);
#2649 = CARTESIAN_POINT('',(222.,150.,120.));
#2650 = LINE('',#2651,#2652);
#2651 = CARTESIAN_POINT('',(222.,150.,67.));
#2652 = VECTOR('',#2653,1.);
#2653 = DIRECTION('',(0.,0.,1.));
#2654 = ORIENTED_EDGE('',*,*,#2655,.F.);
#2655 = EDGE_CURVE('',#2632,#2648,#2656,.T.);
#2656 = LINE('',#2657,#2658);
#2657 = CARTESIAN_POINT('',(222.,88.,120.));
#2658 = VECTOR('',#2659,1.);
#2659 = DIRECTION('',(0.,1.,0.));
#2660 = PLANE('',#2661);
#2661 = AXIS2_PLACEMENT_3D('',#2662,#2663,#2664);
#2662 = CARTESIAN_POINT('',(222.,88.,67.));
#2663 = DIRECTION('',(1.,0.,0.));
#2664 = DIRECTION('',(0.,0.,1.));
#2665 = ADVANCED_FACE('',(#2666),#2682,.F.);
#2666 = FACE_BOUND('',#2667,.F.);
#2667 = EDGE_LOOP('',(#2668,#2674,#2675,#2681));
#2668 = ORIENTED_EDGE('',*,*,#2669,.F.);
#2669 = EDGE_CURVE('',#2590,#2630,#2670,.T.);
#2670 = LINE('',#2671,#2672);
#2671 = CARTESIAN_POINT('',(206.,88.,67.));
#2672 = VECTOR('',#2673,1.);
#2673 = DIRECTION('',(1.,0.,0.));
#2674 = ORIENTED_EDGE('',*,*,#2589,.T.);
#2675 = ORIENTED_EDGE('',*,*,#2676,.T.);
#2676 = EDGE_CURVE('',#2592,#2632,#2677,.T.);
#2677 = LINE('',#2678,#2679);
#2678 = CARTESIAN_POINT('',(206.,88.,120.));
#2679 = VECTOR('',#2680,1.);
#2680 = DIRECTION('',(1.,0.,0.));
#2681 = ORIENTED_EDGE('',*,*,#2629,.F.);
#2682 = PLANE('',#2683);
#2683 = AXIS2_PLACEMENT_3D('',#2684,#2685,#2686);
#2684 = CARTESIAN_POINT('',(206.,88.,67.));
#2685 = DIRECTION('',(0.,1.,0.));
#2686 = DIRECTION('',(0.,0.,1.));
#2687 = ADVANCED_FACE('',(#2688),#2704,.T.);
#2688 = FACE_BOUND('',#2689,.T.);
#2689 = EDGE_LOOP('',(#2690,#2696,#2697,#2703));
#2690 = ORIENTED_EDGE('',*,*,#2691,.F.);
#2691 = EDGE_CURVE('',#2600,#2640,#2692,.T.);
#2692 = LINE('',#2693,#2694);
#2693 = CARTESIAN_POINT('',(206.,150.,67.));
#2694 = VECTOR('',#2695,1.);
#2695 = DIRECTION('',(1.,0.,0.));
#2696 = ORIENTED_EDGE('',*,*,#2607,.T.);
#2697 = ORIENTED_EDGE('',*,*,#2698,.T.);
#2698 = EDGE_CURVE('',#2608,#2648,#2699,.T.);
#2699 = LINE('',#2700,#2701);
#2700 = CARTESIAN_POINT('',(206.,150.,120.));
#2701 = VECTOR('',#2702,1.);
#2702 = DIRECTION('',(1.,0.,0.));
#2703 = ORIENTED_EDGE('',*,*,#2647,.F.);
#2704 = PLANE('',#2705);
#2705 = AXIS2_PLACEMENT_3D('',#2706,#2707,#2708);
#2706 = CARTESIAN_POINT('',(206.,150.,67.));
#2707 = DIRECTION('',(0.,1.,0.));
#2708 = DIRECTION('',(0.,0.,1.));
#2709 = ADVANCED_FACE('',(#2710),#2716,.F.);
#2710 = FACE_BOUND('',#2711,.F.);
#2711 = EDGE_LOOP('',(#2712,#2713,#2714,#2715));
#2712 = ORIENTED_EDGE('',*,*,#2599,.F.);
#2713 = ORIENTED_EDGE('',*,*,#2669,.T.);
#2714 = ORIENTED_EDGE('',*,*,#2639,.T.);
#2715 = ORIENTED_EDGE('',*,*,#2691,.F.);
#2716 = PLANE('',#2717);
#2717 = AXIS2_PLACEMENT_3D('',#2718,#2719,#2720);
#2718 = CARTESIAN_POINT('',(206.,88.,67.));
#2719 = DIRECTION('',(0.,0.,1.));
#2720 = DIRECTION('',(1.,0.,0.));
#2721 = ADVANCED_FACE('',(#2722),#2728,.T.);
#2722 = FACE_BOUND('',#2723,.T.);
#2723 = EDGE_LOOP('',(#2724,#2725,#2726,#2727));
#2724 = ORIENTED_EDGE('',*,*,#2615,.F.);
#2725 = ORIENTED_EDGE('',*,*,#2676,.T.);
#2726 = ORIENTED_EDGE('',*,*,#2655,.T.);
#2727 = ORIENTED_EDGE('',*,*,#2698,.F.);
#2728 = PLANE('',#2729);
#2729 = AXIS2_PLACEMENT_3D('',#2730,#2731,#2732);
#2730 = CARTESIAN_POINT('',(206.,88.,120.));
#2731 = DIRECTION('',(0.,0.,1.));
#2732 = DIRECTION('',(1.,0.,0.));
#2733 = MANIFOLD_SOLID_BREP('',#2734);
#2734 = CLOSED_SHELL('',(#2735,#2775,#2815,#2837,#2859,#2871));
#2735 = ADVANCED_FACE('',(#2736),#2770,.F.);
#2736 = FACE_BOUND('',#2737,.F.);
#2737 = EDGE_LOOP('',(#2738,#2748,#2756,#2764));
#2738 = ORIENTED_EDGE('',*,*,#2739,.F.);
#2739 = EDGE_CURVE('',#2740,#2742,#2744,.T.);
#2740 = VERTEX_POINT('',#2741);
#2741 = CARTESIAN_POINT('',(45.,90.,124.));
#2742 = VERTEX_POINT('',#2743);
#2743 = CARTESIAN_POINT('',(45.,90.,144.));
#2744 = LINE('',#2745,#2746);
#2745 = CARTESIAN_POINT('',(45.,90.,124.));
#2746 = VECTOR('',#2747,1.);
#2747 = DIRECTION('',(0.,0.,1.));
#2748 = ORIENTED_EDGE('',*,*,#2749,.T.);
#2749 = EDGE_CURVE('',#2740,#2750,#2752,.T.);
#2750 = VERTEX_POINT('',#2751);
#2751 = CARTESIAN_POINT('',(45.,150.,124.));
#2752 = LINE('',#2753,#2754);
#2753 = CARTESIAN_POINT('',(45.,90.,124.));
#2754 = VECTOR('',#2755,1.);
#2755 = DIRECTION('',(0.,1.,0.));
#2756 = ORIENTED_EDGE('',*,*,#2757,.T.);
#2757 = EDGE_CURVE('',#2750,#2758,#2760,.T.);
#2758 = VERTEX_POINT('',#2759);
#2759 = CARTESIAN_POINT('',(45.,150.,144.));
#2760 = LINE('',#2761,#2762);
#2761 = CARTESIAN_POINT('',(45.,150.,124.));
#2762 = VECTOR('',#2763,1.);
#2763 = DIRECTION('',(0.,0.,1.));
#2764 = ORIENTED_EDGE('',*,*,#2765,.F.);
#2765 = EDGE_CURVE('',#2742,#2758,#2766,.T.);
#2766 = LINE('',#2767,#2768);
#2767 = CARTESIAN_POINT('',(45.,90.,144.));
#2768 = VECTOR('',#2769,1.);
#2769 = DIRECTION('',(0.,1.,0.));
#2770 = PLANE('',#2771);
#2771 = AXIS2_PLACEMENT_3D('',#2772,#2773,#2774);
#2772 = CARTESIAN_POINT('',(45.,90.,124.));
#2773 = DIRECTION('',(1.,0.,0.));
#2774 = DIRECTION('',(0.,0.,1.));
#2775 = ADVANCED_FACE('',(#2776),#2810,.T.);
#2776 = FACE_BOUND('',#2777,.T.);
#2777 = EDGE_LOOP('',(#2778,#2788,#2796,#2804));
#2778 = ORIENTED_EDGE('',*,*,#2779,.F.);
#2779 = EDGE_CURVE('',#2780,#2782,#2784,.T.);
#2780 = VERTEX_POINT('',#2781);
#2781 = CARTESIAN_POINT('',(80.,90.,124.));
#2782 = VERTEX_POINT('',#2783);
#2783 = CARTESIAN_POINT('',(80.,90.,144.));
#2784 = LINE('',#2785,#2786);
#2785 = CARTESIAN_POINT('',(80.,90.,124.));
#2786 = VECTOR('',#2787,1.);
#2787 = DIRECTION('',(0.,0.,1.));
#2788 = ORIENTED_EDGE('',*,*,#2789,.T.);
#2789 = EDGE_CURVE('',#2780,#2790,#2792,.T.);
#2790 = VERTEX_POINT('',#2791);
#2791 = CARTESIAN_POINT('',(80.,150.,124.));
#2792 = LINE('',#2793,#2794);
#2793 = CARTESIAN_POINT('',(80.,90.,124.));
#2794 = VECTOR('',#2795,1.);
#2795 = DIRECTION('',(0.,1.,0.));
#2796 = ORIENTED_EDGE('',*,*,#2797,.T.);
#2797 = EDGE_CURVE('',#2790,#2798,#2800,.T.);
#2798 = VERTEX_POINT('',#2799);
#2799 = CARTESIAN_POINT('',(80.,150.,144.));
#2800 = LINE('',#2801,#2802);
#2801 = CARTESIAN_POINT('',(80.,150.,124.));
#2802 = VECTOR('',#2803,1.);
#2803 = DIRECTION('',(0.,0.,1.));
#2804 = ORIENTED_EDGE('',*,*,#2805,.F.);
#2805 = EDGE_CURVE('',#2782,#2798,#2806,.T.);
#2806 = LINE('',#2807,#2808);
#2807 = CARTESIAN_POINT('',(80.,90.,144.));
#2808 = VECTOR('',#2809,1.);
#2809 = DIRECTION('',(0.,1.,0.));
#2810 = PLANE('',#2811);
#2811 = AXIS2_PLACEMENT_3D('',#2812,#2813,#2814);
#2812 = CARTESIAN_POINT('',(80.,90.,124.));
#2813 = DIRECTION('',(1.,0.,0.));
#2814 = DIRECTION('',(0.,0.,1.));
#2815 = ADVANCED_FACE('',(#2816),#2832,.F.);
#2816 = FACE_BOUND('',#2817,.F.);
#2817 = EDGE_LOOP('',(#2818,#2824,#2825,#2831));
#2818 = ORIENTED_EDGE('',*,*,#2819,.F.);
#2819 = EDGE_CURVE('',#2740,#2780,#2820,.T.);
#2820 = LINE('',#2821,#2822);
#2821 = CARTESIAN_POINT('',(45.,90.,124.));
#2822 = VECTOR('',#2823,1.);
#2823 = DIRECTION('',(1.,0.,0.));
#2824 = ORIENTED_EDGE('',*,*,#2739,.T.);
#2825 = ORIENTED_EDGE('',*,*,#2826,.T.);
#2826 = EDGE_CURVE('',#2742,#2782,#2827,.T.);
#2827 = LINE('',#2828,#2829);
#2828 = CARTESIAN_POINT('',(45.,90.,144.));
#2829 = VECTOR('',#2830,1.);
#2830 = DIRECTION('',(1.,0.,0.));
#2831 = ORIENTED_EDGE('',*,*,#2779,.F.);
#2832 = PLANE('',#2833);
#2833 = AXIS2_PLACEMENT_3D('',#2834,#2835,#2836);
#2834 = CARTESIAN_POINT('',(45.,90.,124.));
#2835 = DIRECTION('',(0.,1.,0.));
#2836 = DIRECTION('',(0.,0.,1.));
#2837 = ADVANCED_FACE('',(#2838),#2854,.T.);
#2838 = FACE_BOUND('',#2839,.T.);
#2839 = EDGE_LOOP('',(#2840,#2846,#2847,#2853));
#2840 = ORIENTED_EDGE('',*,*,#2841,.F.);
#2841 = EDGE_CURVE('',#2750,#2790,#2842,.T.);
#2842 = LINE('',#2843,#2844);
#2843 = CARTESIAN_POINT('',(45.,150.,124.));
#2844 = VECTOR('',#2845,1.);
#2845 = DIRECTION('',(1.,0.,0.));
#2846 = ORIENTED_EDGE('',*,*,#2757,.T.);
#2847 = ORIENTED_EDGE('',*,*,#2848,.T.);
#2848 = EDGE_CURVE('',#2758,#2798,#2849,.T.);
#2849 = LINE('',#2850,#2851);
#2850 = CARTESIAN_POINT('',(45.,150.,144.));
#2851 = VECTOR('',#2852,1.);
#2852 = DIRECTION('',(1.,0.,0.));
#2853 = ORIENTED_EDGE('',*,*,#2797,.F.);
#2854 = PLANE('',#2855);
#2855 = AXIS2_PLACEMENT_3D('',#2856,#2857,#2858);
#2856 = CARTESIAN_POINT('',(45.,150.,124.));
#2857 = DIRECTION('',(0.,1.,0.));
#2858 = DIRECTION('',(0.,0.,1.));
#2859 = ADVANCED_FACE('',(#2860),#2866,.F.);
#2860 = FACE_BOUND('',#2861,.F.);
#2861 = EDGE_LOOP('',(#2862,#2863,#2864,#2865));
#2862 = ORIENTED_EDGE('',*,*,#2749,.F.);
#2863 = ORIENTED_EDGE('',*,*,#2819,.T.);
#2864 = ORIENTED_EDGE('',*,*,#2789,.T.);
#2865 = ORIENTED_EDGE('',*,*,#2841,.F.);
#2866 = PLANE('',#2867);
#2867 = AXIS2_PLACEMENT_3D('',#2868,#2869,#2870);
#2868 = CARTESIAN_POINT('',(45.,90.,124.));
#2869 = DIRECTION('',(0.,0.,1.));
#2870 = DIRECTION('',(1.,0.,0.));
#2871 = ADVANCED_FACE('',(#2872),#2878,.T.);
#2872 = FACE_BOUND('',#2873,.T.);
#2873 = EDGE_LOOP('',(#2874,#2875,#2876,#2877));
#2874 = ORIENTED_EDGE('',*,*,#2765,.F.);
#2875 = ORIENTED_EDGE('',*,*,#2826,.T.);
#2876 = ORIENTED_EDGE('',*,*,#2805,.T.);
#2877 = ORIENTED_EDGE('',*,*,#2848,.F.);
#2878 = PLANE('',#2879);
#2879 = AXIS2_PLACEMENT_3D('',#2880,#2881,#2882);
#2880 = CARTESIAN_POINT('',(45.,90.,144.));
#2881 = DIRECTION('',(0.,0.,1.));
#2882 = DIRECTION('',(1.,0.,0.));
#2883 = MANIFOLD_SOLID_BREP('',#2884);
#2884 = CLOSED_SHELL('',(#2885,#2925,#2965,#2987,#3009,#3021));
#2885 = ADVANCED_FACE('',(#2886),#2920,.F.);
#2886 = FACE_BOUND('',#2887,.F.);
#2887 = EDGE_LOOP('',(#2888,#2898,#2906,#2914));
#2888 = ORIENTED_EDGE('',*,*,#2889,.F.);
#2889 = EDGE_CURVE('',#2890,#2892,#2894,.T.);
#2890 = VERTEX_POINT('',#2891);
#2891 = CARTESIAN_POINT('',(10.,91.,124.));
#2892 = VERTEX_POINT('',#2893);
#2893 = CARTESIAN_POINT('',(10.,91.,138.));
#2894 = LINE('',#2895,#2896);
#2895 = CARTESIAN_POINT('',(10.,91.,124.));
#2896 = VECTOR('',#2897,1.);
#2897 = DIRECTION('',(0.,0.,1.));
#2898 = ORIENTED_EDGE('',*,*,#2899,.T.);
#2899 = EDGE_CURVE('',#2890,#2900,#2902,.T.);
#2900 = VERTEX_POINT('',#2901);
#2901 = CARTESIAN_POINT('',(10.,138.,124.));
#2902 = LINE('',#2903,#2904);
#2903 = CARTESIAN_POINT('',(10.,91.,124.));
#2904 = VECTOR('',#2905,1.);
#2905 = DIRECTION('',(0.,1.,0.));
#2906 = ORIENTED_EDGE('',*,*,#2907,.T.);
#2907 = EDGE_CURVE('',#2900,#2908,#2910,.T.);
#2908 = VERTEX_POINT('',#2909);
#2909 = CARTESIAN_POINT('',(10.,138.,138.));
#2910 = LINE('',#2911,#2912);
#2911 = CARTESIAN_POINT('',(10.,138.,124.));
#2912 = VECTOR('',#2913,1.);
#2913 = DIRECTION('',(0.,0.,1.));
#2914 = ORIENTED_EDGE('',*,*,#2915,.F.);
#2915 = EDGE_CURVE('',#2892,#2908,#2916,.T.);
#2916 = LINE('',#2917,#2918);
#2917 = CARTESIAN_POINT('',(10.,91.,138.));
#2918 = VECTOR('',#2919,1.);
#2919 = DIRECTION('',(0.,1.,0.));
#2920 = PLANE('',#2921);
#2921 = AXIS2_PLACEMENT_3D('',#2922,#2923,#2924);
#2922 = CARTESIAN_POINT('',(10.,91.,124.));
#2923 = DIRECTION('',(1.,0.,0.));
#2924 = DIRECTION('',(0.,0.,1.));
#2925 = ADVANCED_FACE('',(#2926),#2960,.T.);
#2926 = FACE_BOUND('',#2927,.T.);
#2927 = EDGE_LOOP('',(#2928,#2938,#2946,#2954));
#2928 = ORIENTED_EDGE('',*,*,#2929,.F.);
#2929 = EDGE_CURVE('',#2930,#2932,#2934,.T.);
#2930 = VERTEX_POINT('',#2931);
#2931 = CARTESIAN_POINT('',(44.,91.,124.));
#2932 = VERTEX_POINT('',#2933);
#2933 = CARTESIAN_POINT('',(44.,91.,138.));
#2934 = LINE('',#2935,#2936);
#2935 = CARTESIAN_POINT('',(44.,91.,124.));
#2936 = VECTOR('',#2937,1.);
#2937 = DIRECTION('',(0.,0.,1.));
#2938 = ORIENTED_EDGE('',*,*,#2939,.T.);
#2939 = EDGE_CURVE('',#2930,#2940,#2942,.T.);
#2940 = VERTEX_POINT('',#2941);
#2941 = CARTESIAN_POINT('',(44.,138.,124.));
#2942 = LINE('',#2943,#2944);
#2943 = CARTESIAN_POINT('',(44.,91.,124.));
#2944 = VECTOR('',#2945,1.);
#2945 = DIRECTION('',(0.,1.,0.));
#2946 = ORIENTED_EDGE('',*,*,#2947,.T.);
#2947 = EDGE_CURVE('',#2940,#2948,#2950,.T.);
#2948 = VERTEX_POINT('',#2949);
#2949 = CARTESIAN_POINT('',(44.,138.,138.));
#2950 = LINE('',#2951,#2952);
#2951 = CARTESIAN_POINT('',(44.,138.,124.));
#2952 = VECTOR('',#2953,1.);
#2953 = DIRECTION('',(0.,0.,1.));
#2954 = ORIENTED_EDGE('',*,*,#2955,.F.);
#2955 = EDGE_CURVE('',#2932,#2948,#2956,.T.);
#2956 = LINE('',#2957,#2958);
#2957 = CARTESIAN_POINT('',(44.,91.,138.));
#2958 = VECTOR('',#2959,1.);
#2959 = DIRECTION('',(0.,1.,0.));
#2960 = PLANE('',#2961);
#2961 = AXIS2_PLACEMENT_3D('',#2962,#2963,#2964);
#2962 = CARTESIAN_POINT('',(44.,91.,124.));
#2963 = DIRECTION('',(1.,0.,0.));
#2964 = DIRECTION('',(0.,0.,1.));
#2965 = ADVANCED_FACE('',(#2966),#2982,.F.);
#2966 = FACE_BOUND('',#2967,.F.);
#2967 = EDGE_LOOP('',(#2968,#2974,#2975,#2981));
#2968 = ORIENTED_EDGE('',*,*,#2969,.F.);
#2969 = EDGE_CURVE('',#2890,#2930,#2970,.T.);
#2970 = LINE('',#2971,#2972);
#2971 = CARTESIAN_POINT('',(10.,91.,124.));
#2972 = VECTOR('',#2973,1.);
#2973 = DIRECTION('',(1.,0.,0.));
#2974 = ORIENTED_EDGE('',*,*,#2889,.T.);
#2975 = ORIENTED_EDGE('',*,*,#2976,.T.);
#2976 = EDGE_CURVE('',#2892,#2932,#2977,.T.);
#2977 = LINE('',#2978,#2979);
#2978 = CARTESIAN_POINT('',(10.,91.,138.));
#2979 = VECTOR('',#2980,1.);
#2980 = DIRECTION('',(1.,0.,0.));
#2981 = ORIENTED_EDGE('',*,*,#2929,.F.);
#2982 = PLANE('',#2983);
#2983 = AXIS2_PLACEMENT_3D('',#2984,#2985,#2986);
#2984 = CARTESIAN_POINT('',(10.,91.,124.));
#2985 = DIRECTION('',(0.,1.,0.));
#2986 = DIRECTION('',(0.,0.,1.));
#2987 = ADVANCED_FACE('',(#2988),#3004,.T.);
#2988 = FACE_BOUND('',#2989,.T.);
#2989 = EDGE_LOOP('',(#2990,#2996,#2997,#3003));
#2990 = ORIENTED_EDGE('',*,*,#2991,.F.);
#2991 = EDGE_CURVE('',#2900,#2940,#2992,.T.);
#2992 = LINE('',#2993,#2994);
#2993 = CARTESIAN_POINT('',(10.,138.,124.));
#2994 = VECTOR('',#2995,1.);
#2995 = DIRECTION('',(1.,0.,0.));
#2996 = ORIENTED_EDGE('',*,*,#2907,.T.);
#2997 = ORIENTED_EDGE('',*,*,#2998,.T.);
#2998 = EDGE_CURVE('',#2908,#2948,#2999,.T.);
#2999 = LINE('',#3000,#3001);
#3000 = CARTESIAN_POINT('',(10.,138.,138.));
#3001 = VECTOR('',#3002,1.);
#3002 = DIRECTION('',(1.,0.,0.));
#3003 = ORIENTED_EDGE('',*,*,#2947,.F.);
#3004 = PLANE('',#3005);
#3005 = AXIS2_PLACEMENT_3D('',#3006,#3007,#3008);
#3006 = CARTESIAN_POINT('',(10.,138.,124.));
#3007 = DIRECTION('',(0.,1.,0.));
#3008 = DIRECTION('',(0.,0.,1.));
#3009 = ADVANCED_FACE('',(#3010),#3016,.F.);
#3010 = FACE_BOUND('',#3011,.F.);
#3011 = EDGE_LOOP('',(#3012,#3013,#3014,#3015));
#3012 = ORIENTED_EDGE('',*,*,#2899,.F.);
#3013 = ORIENTED_EDGE('',*,*,#2969,.T.);
#3014 = ORIENTED_EDGE('',*,*,#2939,.T.);
#3015 = ORIENTED_EDGE('',*,*,#2991,.F.);
#3016 = PLANE('',#3017);
#3017 = AXIS2_PLACEMENT_3D('',#3018,#3019,#3020);
#3018 = CARTESIAN_POINT('',(10.,91.,124.));
#3019 = DIRECTION('',(0.,0.,1.));
#3020 = DIRECTION('',(1.,0.,0.));
#3021 = ADVANCED_FACE('',(#3022),#3028,.T.);
#3022 = FACE_BOUND('',#3023,.T.);
#3023 = EDGE_LOOP('',(#3024,#3025,#3026,#3027));
#3024 = ORIENTED_EDGE('',*,*,#2915,.F.);
#3025 = ORIENTED_EDGE('',*,*,#2976,.T.);
#3026 = ORIENTED_EDGE('',*,*,#2955,.T.);
#3027 = ORIENTED_EDGE('',*,*,#2998,.F.);
#3028 = PLANE('',#3029);
#3029 = AXIS2_PLACEMENT_3D('',#3030,#3031,#3032);
#3030 = CARTESIAN_POINT('',(10.,91.,138.));
#3031 = DIRECTION('',(0.,0.,1.));
#3032 = DIRECTION('',(1.,0.,0.));
#3033 = MANIFOLD_SOLID_BREP('',#3034);
#3034 = CLOSED_SHELL('',(#3035,#3075,#3115,#3137,#3159,#3171));
#3035 = ADVANCED_FACE('',(#3036),#3070,.F.);
#3036 = FACE_BOUND('',#3037,.F.);
#3037 = EDGE_LOOP('',(#3038,#3048,#3056,#3064));
#3038 = ORIENTED_EDGE('',*,*,#3039,.F.);
#3039 = EDGE_CURVE('',#3040,#3042,#3044,.T.);
#3040 = VERTEX_POINT('',#3041);
#3041 = CARTESIAN_POINT('',(108.,36.,90.));
#3042 = VERTEX_POINT('',#3043);
#3043 = CARTESIAN_POINT('',(108.,36.,99.02));
#3044 = LINE('',#3045,#3046);
#3045 = CARTESIAN_POINT('',(108.,36.,90.));
#3046 = VECTOR('',#3047,1.);
#3047 = DIRECTION('',(0.,0.,1.));
#3048 = ORIENTED_EDGE('',*,*,#3049,.T.);
#3049 = EDGE_CURVE('',#3040,#3050,#3052,.T.);
#3050 = VERTEX_POINT('',#3051);
#3051 = CARTESIAN_POINT('',(108.,79.18,90.));
#3052 = LINE('',#3053,#3054);
#3053 = CARTESIAN_POINT('',(108.,36.,90.));
#3054 = VECTOR('',#3055,1.);
#3055 = DIRECTION('',(0.,1.,0.));
#3056 = ORIENTED_EDGE('',*,*,#3057,.T.);
#3057 = EDGE_CURVE('',#3050,#3058,#3060,.T.);
#3058 = VERTEX_POINT('',#3059);
#3059 = CARTESIAN_POINT('',(108.,79.18,99.02));
#3060 = LINE('',#3061,#3062);
#3061 = CARTESIAN_POINT('',(108.,79.18,90.));
#3062 = VECTOR('',#3063,1.);
#3063 = DIRECTION('',(0.,0.,1.));
#3064 = ORIENTED_EDGE('',*,*,#3065,.F.);
#3065 = EDGE_CURVE('',#3042,#3058,#3066,.T.);
#3066 = LINE('',#3067,#3068);
#3067 = CARTESIAN_POINT('',(108.,36.,99.02));
#3068 = VECTOR('',#3069,1.);
#3069 = DIRECTION('',(0.,1.,0.));
#3070 = PLANE('',#3071);
#3071 = AXIS2_PLACEMENT_3D('',#3072,#3073,#3074);
#3072 = CARTESIAN_POINT('',(108.,36.,90.));
#3073 = DIRECTION('',(1.,0.,0.));
#3074 = DIRECTION('',(0.,0.,1.));
#3075 = ADVANCED_FACE('',(#3076),#3110,.T.);
#3076 = FACE_BOUND('',#3077,.T.);
#3077 = EDGE_LOOP('',(#3078,#3088,#3096,#3104));
#3078 = ORIENTED_EDGE('',*,*,#3079,.F.);
#3079 = EDGE_CURVE('',#3080,#3082,#3084,.T.);
#3080 = VERTEX_POINT('',#3081);
#3081 = CARTESIAN_POINT('',(139.75,36.,90.));
#3082 = VERTEX_POINT('',#3083);
#3083 = CARTESIAN_POINT('',(139.75,36.,99.02));
#3084 = LINE('',#3085,#3086);
#3085 = CARTESIAN_POINT('',(139.75,36.,90.));
#3086 = VECTOR('',#3087,1.);
#3087 = DIRECTION('',(0.,0.,1.));
#3088 = ORIENTED_EDGE('',*,*,#3089,.T.);
#3089 = EDGE_CURVE('',#3080,#3090,#3092,.T.);
#3090 = VERTEX_POINT('',#3091);
#3091 = CARTESIAN_POINT('',(139.75,79.18,90.));
#3092 = LINE('',#3093,#3094);
#3093 = CARTESIAN_POINT('',(139.75,36.,90.));
#3094 = VECTOR('',#3095,1.);
#3095 = DIRECTION('',(0.,1.,0.));
#3096 = ORIENTED_EDGE('',*,*,#3097,.T.);
#3097 = EDGE_CURVE('',#3090,#3098,#3100,.T.);
#3098 = VERTEX_POINT('',#3099);
#3099 = CARTESIAN_POINT('',(139.75,79.18,99.02));
#3100 = LINE('',#3101,#3102);
#3101 = CARTESIAN_POINT('',(139.75,79.18,90.));
#3102 = VECTOR('',#3103,1.);
#3103 = DIRECTION('',(0.,0.,1.));
#3104 = ORIENTED_EDGE('',*,*,#3105,.F.);
#3105 = EDGE_CURVE('',#3082,#3098,#3106,.T.);
#3106 = LINE('',#3107,#3108);
#3107 = CARTESIAN_POINT('',(139.75,36.,99.02));
#3108 = VECTOR('',#3109,1.);
#3109 = DIRECTION('',(0.,1.,0.));
#3110 = PLANE('',#3111);
#3111 = AXIS2_PLACEMENT_3D('',#3112,#3113,#3114);
#3112 = CARTESIAN_POINT('',(139.75,36.,90.));
#3113 = DIRECTION('',(1.,0.,0.));
#3114 = DIRECTION('',(0.,0.,1.));
#3115 = ADVANCED_FACE('',(#3116),#3132,.F.);
#3116 = FACE_BOUND('',#3117,.F.);
#3117 = EDGE_LOOP('',(#3118,#3124,#3125,#3131));
#3118 = ORIENTED_EDGE('',*,*,#3119,.F.);
#3119 = EDGE_CURVE('',#3040,#3080,#3120,.T.);
#3120 = LINE('',#3121,#3122);
#3121 = CARTESIAN_POINT('',(108.,36.,90.));
#3122 = VECTOR('',#3123,1.);
#3123 = DIRECTION('',(1.,0.,0.));
#3124 = ORIENTED_EDGE('',*,*,#3039,.T.);
#3125 = ORIENTED_EDGE('',*,*,#3126,.T.);
#3126 = EDGE_CURVE('',#3042,#3082,#3127,.T.);
#3127 = LINE('',#3128,#3129);
#3128 = CARTESIAN_POINT('',(108.,36.,99.02));
#3129 = VECTOR('',#3130,1.);
#3130 = DIRECTION('',(1.,0.,0.));
#3131 = ORIENTED_EDGE('',*,*,#3079,.F.);
#3132 = PLANE('',#3133);
#3133 = AXIS2_PLACEMENT_3D('',#3134,#3135,#3136);
#3134 = CARTESIAN_POINT('',(108.,36.,90.));
#3135 = DIRECTION('',(0.,1.,0.));
#3136 = DIRECTION('',(0.,0.,1.));
#3137 = ADVANCED_FACE('',(#3138),#3154,.T.);
#3138 = FACE_BOUND('',#3139,.T.);
#3139 = EDGE_LOOP('',(#3140,#3146,#3147,#3153));
#3140 = ORIENTED_EDGE('',*,*,#3141,.F.);
#3141 = EDGE_CURVE('',#3050,#3090,#3142,.T.);
#3142 = LINE('',#3143,#3144);
#3143 = CARTESIAN_POINT('',(108.,79.18,90.));
#3144 = VECTOR('',#3145,1.);
#3145 = DIRECTION('',(1.,0.,0.));
#3146 = ORIENTED_EDGE('',*,*,#3057,.T.);
#3147 = ORIENTED_EDGE('',*,*,#3148,.T.);
#3148 = EDGE_CURVE('',#3058,#3098,#3149,.T.);
#3149 = LINE('',#3150,#3151);
#3150 = CARTESIAN_POINT('',(108.,79.18,99.02));
#3151 = VECTOR('',#3152,1.);
#3152 = DIRECTION('',(1.,0.,0.));
#3153 = ORIENTED_EDGE('',*,*,#3097,.F.);
#3154 = PLANE('',#3155);
#3155 = AXIS2_PLACEMENT_3D('',#3156,#3157,#3158);
#3156 = CARTESIAN_POINT('',(108.,79.18,90.));
#3157 = DIRECTION('',(0.,1.,0.));
#3158 = DIRECTION('',(0.,0.,1.));
#3159 = ADVANCED_FACE('',(#3160),#3166,.F.);
#3160 = FACE_BOUND('',#3161,.F.);
#3161 = EDGE_LOOP('',(#3162,#3163,#3164,#3165));
#3162 = ORIENTED_EDGE('',*,*,#3049,.F.);
#3163 = ORIENTED_EDGE('',*,*,#3119,.T.);
#3164 = ORIENTED_EDGE('',*,*,#3089,.T.);
#3165 = ORIENTED_EDGE('',*,*,#3141,.F.);
#3166 = PLANE('',#3167);
#3167 = AXIS2_PLACEMENT_3D('',#3168,#3169,#3170);
#3168 = CARTESIAN_POINT('',(108.,36.,90.));
#3169 = DIRECTION('',(0.,0.,1.));
#3170 = DIRECTION('',(1.,0.,0.));
#3171 = ADVANCED_FACE('',(#3172),#3178,.T.);
#3172 = FACE_BOUND('',#3173,.T.);
#3173 = EDGE_LOOP('',(#3174,#3175,#3176,#3177));
#3174 = ORIENTED_EDGE('',*,*,#3065,.F.);
#3175 = ORIENTED_EDGE('',*,*,#3126,.T.);
#3176 = ORIENTED_EDGE('',*,*,#3105,.T.);
#3177 = ORIENTED_EDGE('',*,*,#3148,.F.);
#3178 = PLANE('',#3179);
#3179 = AXIS2_PLACEMENT_3D('',#3180,#3181,#3182);
#3180 = CARTESIAN_POINT('',(108.,36.,99.02));
#3181 = DIRECTION('',(0.,0.,1.));
#3182 = DIRECTION('',(1.,0.,0.));
#3183 = MANIFOLD_SOLID_BREP('',#3184);
#3184 = CLOSED_SHELL('',(#3185,#3225,#3265,#3287,#3309,#3321));
#3185 = ADVANCED_FACE('',(#3186),#3220,.F.);
#3186 = FACE_BOUND('',#3187,.F.);
#3187 = EDGE_LOOP('',(#3188,#3198,#3206,#3214));
#3188 = ORIENTED_EDGE('',*,*,#3189,.F.);
#3189 = EDGE_CURVE('',#3190,#3192,#3194,.T.);
#3190 = VERTEX_POINT('',#3191);
#3191 = CARTESIAN_POINT('',(11.,93.,126.));
#3192 = VERTEX_POINT('',#3193);
#3193 = CARTESIAN_POINT('',(11.,93.,135.02));
#3194 = LINE('',#3195,#3196);
#3195 = CARTESIAN_POINT('',(11.,93.,126.));
#3196 = VECTOR('',#3197,1.);
#3197 = DIRECTION('',(0.,0.,1.));
#3198 = ORIENTED_EDGE('',*,*,#3199,.T.);
#3199 = EDGE_CURVE('',#3190,#3200,#3202,.T.);
#3200 = VERTEX_POINT('',#3201);
#3201 = CARTESIAN_POINT('',(11.,136.18,126.));
#3202 = LINE('',#3203,#3204);
#3203 = CARTESIAN_POINT('',(11.,93.,126.));
#3204 = VECTOR('',#3205,1.);
#3205 = DIRECTION('',(0.,1.,0.));
#3206 = ORIENTED_EDGE('',*,*,#3207,.T.);
#3207 = EDGE_CURVE('',#3200,#3208,#3210,.T.);
#3208 = VERTEX_POINT('',#3209);
#3209 = CARTESIAN_POINT('',(11.,136.18,135.02));
#3210 = LINE('',#3211,#3212);
#3211 = CARTESIAN_POINT('',(11.,136.18,126.));
#3212 = VECTOR('',#3213,1.);
#3213 = DIRECTION('',(0.,0.,1.));
#3214 = ORIENTED_EDGE('',*,*,#3215,.F.);
#3215 = EDGE_CURVE('',#3192,#3208,#3216,.T.);
#3216 = LINE('',#3217,#3218);
#3217 = CARTESIAN_POINT('',(11.,93.,135.02));
#3218 = VECTOR('',#3219,1.);
#3219 = DIRECTION('',(0.,1.,0.));
#3220 = PLANE('',#3221);
#3221 = AXIS2_PLACEMENT_3D('',#3222,#3223,#3224);
#3222 = CARTESIAN_POINT('',(11.,93.,126.));
#3223 = DIRECTION('',(1.,0.,0.));
#3224 = DIRECTION('',(0.,0.,1.));
#3225 = ADVANCED_FACE('',(#3226),#3260,.T.);
#3226 = FACE_BOUND('',#3227,.T.);
#3227 = EDGE_LOOP('',(#3228,#3238,#3246,#3254));
#3228 = ORIENTED_EDGE('',*,*,#3229,.F.);
#3229 = EDGE_CURVE('',#3230,#3232,#3234,.T.);
#3230 = VERTEX_POINT('',#3231);
#3231 = CARTESIAN_POINT('',(42.75,93.,126.));
#3232 = VERTEX_POINT('',#3233);
#3233 = CARTESIAN_POINT('',(42.75,93.,135.02));
#3234 = LINE('',#3235,#3236);
#3235 = CARTESIAN_POINT('',(42.75,93.,126.));
#3236 = VECTOR('',#3237,1.);
#3237 = DIRECTION('',(0.,0.,1.));
#3238 = ORIENTED_EDGE('',*,*,#3239,.T.);
#3239 = EDGE_CURVE('',#3230,#3240,#3242,.T.);
#3240 = VERTEX_POINT('',#3241);
#3241 = CARTESIAN_POINT('',(42.75,136.18,126.));
#3242 = LINE('',#3243,#3244);
#3243 = CARTESIAN_POINT('',(42.75,93.,126.));
#3244 = VECTOR('',#3245,1.);
#3245 = DIRECTION('',(0.,1.,0.));
#3246 = ORIENTED_EDGE('',*,*,#3247,.T.);
#3247 = EDGE_CURVE('',#3240,#3248,#3250,.T.);
#3248 = VERTEX_POINT('',#3249);
#3249 = CARTESIAN_POINT('',(42.75,136.18,135.02));
#3250 = LINE('',#3251,#3252);
#3251 = CARTESIAN_POINT('',(42.75,136.18,126.));
#3252 = VECTOR('',#3253,1.);
#3253 = DIRECTION('',(0.,0.,1.));
#3254 = ORIENTED_EDGE('',*,*,#3255,.F.);
#3255 = EDGE_CURVE('',#3232,#3248,#3256,.T.);
#3256 = LINE('',#3257,#3258);
#3257 = CARTESIAN_POINT('',(42.75,93.,135.02));
#3258 = VECTOR('',#3259,1.);
#3259 = DIRECTION('',(0.,1.,0.));
#3260 = PLANE('',#3261);
#3261 = AXIS2_PLACEMENT_3D('',#3262,#3263,#3264);
#3262 = CARTESIAN_POINT('',(42.75,93.,126.));
#3263 = DIRECTION('',(1.,0.,0.));
#3264 = DIRECTION('',(0.,0.,1.));
#3265 = ADVANCED_FACE('',(#3266),#3282,.F.);
#3266 = FACE_BOUND('',#3267,.F.);
#3267 = EDGE_LOOP('',(#3268,#3274,#3275,#3281));
#3268 = ORIENTED_EDGE('',*,*,#3269,.F.);
#3269 = EDGE_CURVE('',#3190,#3230,#3270,.T.);
#3270 = LINE('',#3271,#3272);
#3271 = CARTESIAN_POINT('',(11.,93.,126.));
#3272 = VECTOR('',#3273,1.);
#3273 = DIRECTION('',(1.,0.,0.));
#3274 = ORIENTED_EDGE('',*,*,#3189,.T.);
#3275 = ORIENTED_EDGE('',*,*,#3276,.T.);
#3276 = EDGE_CURVE('',#3192,#3232,#3277,.T.);
#3277 = LINE('',#3278,#3279);
#3278 = CARTESIAN_POINT('',(11.,93.,135.02));
#3279 = VECTOR('',#3280,1.);
#3280 = DIRECTION('',(1.,0.,0.));
#3281 = ORIENTED_EDGE('',*,*,#3229,.F.);
#3282 = PLANE('',#3283);
#3283 = AXIS2_PLACEMENT_3D('',#3284,#3285,#3286);
#3284 = CARTESIAN_POINT('',(11.,93.,126.));
#3285 = DIRECTION('',(0.,1.,0.));
#3286 = DIRECTION('',(0.,0.,1.));
#3287 = ADVANCED_FACE('',(#3288),#3304,.T.);
#3288 = FACE_BOUND('',#3289,.T.);
#3289 = EDGE_LOOP('',(#3290,#3296,#3297,#3303));
#3290 = ORIENTED_EDGE('',*,*,#3291,.F.);
#3291 = EDGE_CURVE('',#3200,#3240,#3292,.T.);
#3292 = LINE('',#3293,#3294);
#3293 = CARTESIAN_POINT('',(11.,136.18,126.));
#3294 = VECTOR('',#3295,1.);
#3295 = DIRECTION('',(1.,0.,0.));
#3296 = ORIENTED_EDGE('',*,*,#3207,.T.);
#3297 = ORIENTED_EDGE('',*,*,#3298,.T.);
#3298 = EDGE_CURVE('',#3208,#3248,#3299,.T.);
#3299 = LINE('',#3300,#3301);
#3300 = CARTESIAN_POINT('',(11.,136.18,135.02));
#3301 = VECTOR('',#3302,1.);
#3302 = DIRECTION('',(1.,0.,0.));
#3303 = ORIENTED_EDGE('',*,*,#3247,.F.);
#3304 = PLANE('',#3305);
#3305 = AXIS2_PLACEMENT_3D('',#3306,#3307,#3308);
#3306 = CARTESIAN_POINT('',(11.,136.18,126.));
#3307 = DIRECTION('',(0.,1.,0.));
#3308 = DIRECTION('',(0.,0.,1.));
#3309 = ADVANCED_FACE('',(#3310),#3316,.F.);
#3310 = FACE_BOUND('',#3311,.F.);
#3311 = EDGE_LOOP('',(#3312,#3313,#3314,#3315));
#3312 = ORIENTED_EDGE('',*,*,#3199,.F.);
#3313 = ORIENTED_EDGE('',*,*,#3269,.T.);
#3314 = ORIENTED_EDGE('',*,*,#3239,.T.);
#3315 = ORIENTED_EDGE('',*,*,#3291,.F.);
#3316 = PLANE('',#3317);
#3317 = AXIS2_PLACEMENT_3D('',#3318,#3319,#3320);
#3318 = CARTESIAN_POINT('',(11.,93.,126.));
#3319 = DIRECTION('',(0.,0.,1.));
#3320 = DIRECTION('',(1.,0.,0.));
#3321 = ADVANCED_FACE('',(#3322),#3328,.T.);
#3322 = FACE_BOUND('',#3323,.T.);
#3323 = EDGE_LOOP('',(#3324,#3325,#3326,#3327));
#3324 = ORIENTED_EDGE('',*,*,#3215,.F.);
#3325 = ORIENTED_EDGE('',*,*,#3276,.T.);
#3326 = ORIENTED_EDGE('',*,*,#3255,.T.);
#3327 = ORIENTED_EDGE('',*,*,#3298,.F.);
#3328 = PLANE('',#3329);
#3329 = AXIS2_PLACEMENT_3D('',#3330,#3331,#3332);
#3330 = CARTESIAN_POINT('',(11.,93.,135.02));
#3331 = DIRECTION('',(0.,0.,1.));
#3332 = DIRECTION('',(1.,0.,0.));
#3333 = MANIFOLD_SOLID_BREP('',#3334);
#3334 = CLOSED_SHELL('',(#3335,#3375,#3415,#3437,#3459,#3471));
#3335 = ADVANCED_FACE('',(#3336),#3370,.F.);
#3336 = FACE_BOUND('',#3337,.F.);
#3337 = EDGE_LOOP('',(#3338,#3348,#3356,#3364));
#3338 = ORIENTED_EDGE('',*,*,#3339,.F.);
#3339 = EDGE_CURVE('',#3340,#3342,#3344,.T.);
#3340 = VERTEX_POINT('',#3341);
#3341 = CARTESIAN_POINT('',(93.,31.,90.));
#3342 = VERTEX_POINT('',#3343);
#3343 = CARTESIAN_POINT('',(93.,31.,104.));
#3344 = LINE('',#3345,#3346);
#3345 = CARTESIAN_POINT('',(93.,31.,90.));
#3346 = VECTOR('',#3347,1.);
#3347 = DIRECTION('',(0.,0.,1.));
#3348 = ORIENTED_EDGE('',*,*,#3349,.T.);
#3349 = EDGE_CURVE('',#3340,#3350,#3352,.T.);
#3350 = VERTEX_POINT('',#3351);
#3351 = CARTESIAN_POINT('',(93.,79.,90.));
#3352 = LINE('',#3353,#3354);
#3353 = CARTESIAN_POINT('',(93.,31.,90.));
#3354 = VECTOR('',#3355,1.);
#3355 = DIRECTION('',(0.,1.,0.));
#3356 = ORIENTED_EDGE('',*,*,#3357,.T.);
#3357 = EDGE_CURVE('',#3350,#3358,#3360,.T.);
#3358 = VERTEX_POINT('',#3359);
#3359 = CARTESIAN_POINT('',(93.,79.,104.));
#3360 = LINE('',#3361,#3362);
#3361 = CARTESIAN_POINT('',(93.,79.,90.));
#3362 = VECTOR('',#3363,1.);
#3363 = DIRECTION('',(0.,0.,1.));
#3364 = ORIENTED_EDGE('',*,*,#3365,.F.);
#3365 = EDGE_CURVE('',#3342,#3358,#3366,.T.);
#3366 = LINE('',#3367,#3368);
#3367 = CARTESIAN_POINT('',(93.,31.,104.));
#3368 = VECTOR('',#3369,1.);
#3369 = DIRECTION('',(0.,1.,0.));
#3370 = PLANE('',#3371);
#3371 = AXIS2_PLACEMENT_3D('',#3372,#3373,#3374);
#3372 = CARTESIAN_POINT('',(93.,31.,90.));
#3373 = DIRECTION('',(1.,0.,0.));
#3374 = DIRECTION('',(0.,0.,1.));
#3375 = ADVANCED_FACE('',(#3376),#3410,.T.);
#3376 = FACE_BOUND('',#3377,.T.);
#3377 = EDGE_LOOP('',(#3378,#3388,#3396,#3404));
#3378 = ORIENTED_EDGE('',*,*,#3379,.F.);
#3379 = EDGE_CURVE('',#3380,#3382,#3384,.T.);
#3380 = VERTEX_POINT('',#3381);
#3381 = CARTESIAN_POINT('',(108.,31.,90.));
#3382 = VERTEX_POINT('',#3383);
#3383 = CARTESIAN_POINT('',(108.,31.,104.));
#3384 = LINE('',#3385,#3386);
#3385 = CARTESIAN_POINT('',(108.,31.,90.));
#3386 = VECTOR('',#3387,1.);
#3387 = DIRECTION('',(0.,0.,1.));
#3388 = ORIENTED_EDGE('',*,*,#3389,.T.);
#3389 = EDGE_CURVE('',#3380,#3390,#3392,.T.);
#3390 = VERTEX_POINT('',#3391);
#3391 = CARTESIAN_POINT('',(108.,79.,90.));
#3392 = LINE('',#3393,#3394);
#3393 = CARTESIAN_POINT('',(108.,31.,90.));
#3394 = VECTOR('',#3395,1.);
#3395 = DIRECTION('',(0.,1.,0.));
#3396 = ORIENTED_EDGE('',*,*,#3397,.T.);
#3397 = EDGE_CURVE('',#3390,#3398,#3400,.T.);
#3398 = VERTEX_POINT('',#3399);
#3399 = CARTESIAN_POINT('',(108.,79.,104.));
#3400 = LINE('',#3401,#3402);
#3401 = CARTESIAN_POINT('',(108.,79.,90.));
#3402 = VECTOR('',#3403,1.);
#3403 = DIRECTION('',(0.,0.,1.));
#3404 = ORIENTED_EDGE('',*,*,#3405,.F.);
#3405 = EDGE_CURVE('',#3382,#3398,#3406,.T.);
#3406 = LINE('',#3407,#3408);
#3407 = CARTESIAN_POINT('',(108.,31.,104.));
#3408 = VECTOR('',#3409,1.);
#3409 = DIRECTION('',(0.,1.,0.));
#3410 = PLANE('',#3411);
#3411 = AXIS2_PLACEMENT_3D('',#3412,#3413,#3414);
#3412 = CARTESIAN_POINT('',(108.,31.,90.));
#3413 = DIRECTION('',(1.,0.,0.));
#3414 = DIRECTION('',(0.,0.,1.));
#3415 = ADVANCED_FACE('',(#3416),#3432,.F.);
#3416 = FACE_BOUND('',#3417,.F.);
#3417 = EDGE_LOOP('',(#3418,#3424,#3425,#3431));
#3418 = ORIENTED_EDGE('',*,*,#3419,.F.);
#3419 = EDGE_CURVE('',#3340,#3380,#3420,.T.);
#3420 = LINE('',#3421,#3422);
#3421 = CARTESIAN_POINT('',(93.,31.,90.));
#3422 = VECTOR('',#3423,1.);
#3423 = DIRECTION('',(1.,0.,0.));
#3424 = ORIENTED_EDGE('',*,*,#3339,.T.);
#3425 = ORIENTED_EDGE('',*,*,#3426,.T.);
#3426 = EDGE_CURVE('',#3342,#3382,#3427,.T.);
#3427 = LINE('',#3428,#3429);
#3428 = CARTESIAN_POINT('',(93.,31.,104.));
#3429 = VECTOR('',#3430,1.);
#3430 = DIRECTION('',(1.,0.,0.));
#3431 = ORIENTED_EDGE('',*,*,#3379,.F.);
#3432 = PLANE('',#3433);
#3433 = AXIS2_PLACEMENT_3D('',#3434,#3435,#3436);
#3434 = CARTESIAN_POINT('',(93.,31.,90.));
#3435 = DIRECTION('',(0.,1.,0.));
#3436 = DIRECTION('',(0.,0.,1.));
#3437 = ADVANCED_FACE('',(#3438),#3454,.T.);
#3438 = FACE_BOUND('',#3439,.T.);
#3439 = EDGE_LOOP('',(#3440,#3446,#3447,#3453));
#3440 = ORIENTED_EDGE('',*,*,#3441,.F.);
#3441 = EDGE_CURVE('',#3350,#3390,#3442,.T.);
#3442 = LINE('',#3443,#3444);
#3443 = CARTESIAN_POINT('',(93.,79.,90.));
#3444 = VECTOR('',#3445,1.);
#3445 = DIRECTION('',(1.,0.,0.));
#3446 = ORIENTED_EDGE('',*,*,#3357,.T.);
#3447 = ORIENTED_EDGE('',*,*,#3448,.T.);
#3448 = EDGE_CURVE('',#3358,#3398,#3449,.T.);
#3449 = LINE('',#3450,#3451);
#3450 = CARTESIAN_POINT('',(93.,79.,104.));
#3451 = VECTOR('',#3452,1.);
#3452 = DIRECTION('',(1.,0.,0.));
#3453 = ORIENTED_EDGE('',*,*,#3397,.F.);
#3454 = PLANE('',#3455);
#3455 = AXIS2_PLACEMENT_3D('',#3456,#3457,#3458);
#3456 = CARTESIAN_POINT('',(93.,79.,90.));
#3457 = DIRECTION('',(0.,1.,0.));
#3458 = DIRECTION('',(0.,0.,1.));
#3459 = ADVANCED_FACE('',(#3460),#3466,.F.);
#3460 = FACE_BOUND('',#3461,.F.);
#3461 = EDGE_LOOP('',(#3462,#3463,#3464,#3465));
#3462 = ORIENTED_EDGE('',*,*,#3349,.F.);
#3463 = ORIENTED_EDGE('',*,*,#3419,.T.);
#3464 = ORIENTED_EDGE('',*,*,#3389,.T.);
#3465 = ORIENTED_EDGE('',*,*,#3441,.F.);
#3466 = PLANE('',#3467);
#3467 = AXIS2_PLACEMENT_3D('',#3468,#3469,#3470);
#3468 = CARTESIAN_POINT('',(93.,31.,90.));
#3469 = DIRECTION('',(0.,0.,1.));
#3470 = DIRECTION('',(1.,0.,0.));
#3471 = ADVANCED_FACE('',(#3472),#3478,.T.);
#3472 = FACE_BOUND('',#3473,.T.);
#3473 = EDGE_LOOP('',(#3474,#3475,#3476,#3477));
#3474 = ORIENTED_EDGE('',*,*,#3365,.F.);
#3475 = ORIENTED_EDGE('',*,*,#3426,.T.);
#3476 = ORIENTED_EDGE('',*,*,#3405,.T.);
#3477 = ORIENTED_EDGE('',*,*,#3448,.F.);
#3478 = PLANE('',#3479);
#3479 = AXIS2_PLACEMENT_3D('',#3480,#3481,#3482);
#3480 = CARTESIAN_POINT('',(93.,31.,104.));
#3481 = DIRECTION('',(0.,0.,1.));
#3482 = DIRECTION('',(1.,0.,0.));
#3483 = MANIFOLD_SOLID_BREP('',#3484);
#3484 = CLOSED_SHELL('',(#3485,#3525,#3565,#3587,#3609,#3621));
#3485 = ADVANCED_FACE('',(#3486),#3520,.F.);
#3486 = FACE_BOUND('',#3487,.F.);
#3487 = EDGE_LOOP('',(#3488,#3498,#3506,#3514));
#3488 = ORIENTED_EDGE('',*,*,#3489,.F.);
#3489 = EDGE_CURVE('',#3490,#3492,#3494,.T.);
#3490 = VERTEX_POINT('',#3491);
#3491 = CARTESIAN_POINT('',(111.,60.,106.));
#3492 = VERTEX_POINT('',#3493);
#3493 = CARTESIAN_POINT('',(111.,60.,131.));
#3494 = LINE('',#3495,#3496);
#3495 = CARTESIAN_POINT('',(111.,60.,106.));
#3496 = VECTOR('',#3497,1.);
#3497 = DIRECTION('',(0.,0.,1.));
#3498 = ORIENTED_EDGE('',*,*,#3499,.T.);
#3499 = EDGE_CURVE('',#3490,#3500,#3502,.T.);
#3500 = VERTEX_POINT('',#3501);
#3501 = CARTESIAN_POINT('',(111.,76.,106.));
#3502 = LINE('',#3503,#3504);
#3503 = CARTESIAN_POINT('',(111.,60.,106.));
#3504 = VECTOR('',#3505,1.);
#3505 = DIRECTION('',(0.,1.,0.));
#3506 = ORIENTED_EDGE('',*,*,#3507,.T.);
#3507 = EDGE_CURVE('',#3500,#3508,#3510,.T.);
#3508 = VERTEX_POINT('',#3509);
#3509 = CARTESIAN_POINT('',(111.,76.,131.));
#3510 = LINE('',#3511,#3512);
#3511 = CARTESIAN_POINT('',(111.,76.,106.));
#3512 = VECTOR('',#3513,1.);
#3513 = DIRECTION('',(0.,0.,1.));
#3514 = ORIENTED_EDGE('',*,*,#3515,.F.);
#3515 = EDGE_CURVE('',#3492,#3508,#3516,.T.);
#3516 = LINE('',#3517,#3518);
#3517 = CARTESIAN_POINT('',(111.,60.,131.));
#3518 = VECTOR('',#3519,1.);
#3519 = DIRECTION('',(0.,1.,0.));
#3520 = PLANE('',#3521);
#3521 = AXIS2_PLACEMENT_3D('',#3522,#3523,#3524);
#3522 = CARTESIAN_POINT('',(111.,60.,106.));
#3523 = DIRECTION('',(1.,0.,0.));
#3524 = DIRECTION('',(0.,0.,1.));
#3525 = ADVANCED_FACE('',(#3526),#3560,.T.);
#3526 = FACE_BOUND('',#3527,.T.);
#3527 = EDGE_LOOP('',(#3528,#3538,#3546,#3554));
#3528 = ORIENTED_EDGE('',*,*,#3529,.F.);
#3529 = EDGE_CURVE('',#3530,#3532,#3534,.T.);
#3530 = VERTEX_POINT('',#3531);
#3531 = CARTESIAN_POINT('',(127.,60.,106.));
#3532 = VERTEX_POINT('',#3533);
#3533 = CARTESIAN_POINT('',(127.,60.,131.));
#3534 = LINE('',#3535,#3536);
#3535 = CARTESIAN_POINT('',(127.,60.,106.));
#3536 = VECTOR('',#3537,1.);
#3537 = DIRECTION('',(0.,0.,1.));
#3538 = ORIENTED_EDGE('',*,*,#3539,.T.);
#3539 = EDGE_CURVE('',#3530,#3540,#3542,.T.);
#3540 = VERTEX_POINT('',#3541);
#3541 = CARTESIAN_POINT('',(127.,76.,106.));
#3542 = LINE('',#3543,#3544);
#3543 = CARTESIAN_POINT('',(127.,60.,106.));
#3544 = VECTOR('',#3545,1.);
#3545 = DIRECTION('',(0.,1.,0.));
#3546 = ORIENTED_EDGE('',*,*,#3547,.T.);
#3547 = EDGE_CURVE('',#3540,#3548,#3550,.T.);
#3548 = VERTEX_POINT('',#3549);
#3549 = CARTESIAN_POINT('',(127.,76.,131.));
#3550 = LINE('',#3551,#3552);
#3551 = CARTESIAN_POINT('',(127.,76.,106.));
#3552 = VECTOR('',#3553,1.);
#3553 = DIRECTION('',(0.,0.,1.));
#3554 = ORIENTED_EDGE('',*,*,#3555,.F.);
#3555 = EDGE_CURVE('',#3532,#3548,#3556,.T.);
#3556 = LINE('',#3557,#3558);
#3557 = CARTESIAN_POINT('',(127.,60.,131.));
#3558 = VECTOR('',#3559,1.);
#3559 = DIRECTION('',(0.,1.,0.));
#3560 = PLANE('',#3561);
#3561 = AXIS2_PLACEMENT_3D('',#3562,#3563,#3564);
#3562 = CARTESIAN_POINT('',(127.,60.,106.));
#3563 = DIRECTION('',(1.,0.,0.));
#3564 = DIRECTION('',(0.,0.,1.));
#3565 = ADVANCED_FACE('',(#3566),#3582,.F.);
#3566 = FACE_BOUND('',#3567,.F.);
#3567 = EDGE_LOOP('',(#3568,#3574,#3575,#3581));
#3568 = ORIENTED_EDGE('',*,*,#3569,.F.);
#3569 = EDGE_CURVE('',#3490,#3530,#3570,.T.);
#3570 = LINE('',#3571,#3572);
#3571 = CARTESIAN_POINT('',(111.,60.,106.));
#3572 = VECTOR('',#3573,1.);
#3573 = DIRECTION('',(1.,0.,0.));
#3574 = ORIENTED_EDGE('',*,*,#3489,.T.);
#3575 = ORIENTED_EDGE('',*,*,#3576,.T.);
#3576 = EDGE_CURVE('',#3492,#3532,#3577,.T.);
#3577 = LINE('',#3578,#3579);
#3578 = CARTESIAN_POINT('',(111.,60.,131.));
#3579 = VECTOR('',#3580,1.);
#3580 = DIRECTION('',(1.,0.,0.));
#3581 = ORIENTED_EDGE('',*,*,#3529,.F.);
#3582 = PLANE('',#3583);
#3583 = AXIS2_PLACEMENT_3D('',#3584,#3585,#3586);
#3584 = CARTESIAN_POINT('',(111.,60.,106.));
#3585 = DIRECTION('',(0.,1.,0.));
#3586 = DIRECTION('',(0.,0.,1.));
#3587 = ADVANCED_FACE('',(#3588),#3604,.T.);
#3588 = FACE_BOUND('',#3589,.T.);
#3589 = EDGE_LOOP('',(#3590,#3596,#3597,#3603));
#3590 = ORIENTED_EDGE('',*,*,#3591,.F.);
#3591 = EDGE_CURVE('',#3500,#3540,#3592,.T.);
#3592 = LINE('',#3593,#3594);
#3593 = CARTESIAN_POINT('',(111.,76.,106.));
#3594 = VECTOR('',#3595,1.);
#3595 = DIRECTION('',(1.,0.,0.));
#3596 = ORIENTED_EDGE('',*,*,#3507,.T.);
#3597 = ORIENTED_EDGE('',*,*,#3598,.T.);
#3598 = EDGE_CURVE('',#3508,#3548,#3599,.T.);
#3599 = LINE('',#3600,#3601);
#3600 = CARTESIAN_POINT('',(111.,76.,131.));
#3601 = VECTOR('',#3602,1.);
#3602 = DIRECTION('',(1.,0.,0.));
#3603 = ORIENTED_EDGE('',*,*,#3547,.F.);
#3604 = PLANE('',#3605);
#3605 = AXIS2_PLACEMENT_3D('',#3606,#3607,#3608);
#3606 = CARTESIAN_POINT('',(111.,76.,106.));
#3607 = DIRECTION('',(0.,1.,0.));
#3608 = DIRECTION('',(0.,0.,1.));
#3609 = ADVANCED_FACE('',(#3610),#3616,.F.);
#3610 = FACE_BOUND('',#3611,.F.);
#3611 = EDGE_LOOP('',(#3612,#3613,#3614,#3615));
#3612 = ORIENTED_EDGE('',*,*,#3499,.F.);
#3613 = ORIENTED_EDGE('',*,*,#3569,.T.);
#3614 = ORIENTED_EDGE('',*,*,#3539,.T.);
#3615 = ORIENTED_EDGE('',*,*,#3591,.F.);
#3616 = PLANE('',#3617);
#3617 = AXIS2_PLACEMENT_3D('',#3618,#3619,#3620);
#3618 = CARTESIAN_POINT('',(111.,60.,106.));
#3619 = DIRECTION('',(0.,0.,1.));
#3620 = DIRECTION('',(1.,0.,0.));
#3621 = ADVANCED_FACE('',(#3622),#3628,.T.);
#3622 = FACE_BOUND('',#3623,.T.);
#3623 = EDGE_LOOP('',(#3624,#3625,#3626,#3627));
#3624 = ORIENTED_EDGE('',*,*,#3515,.F.);
#3625 = ORIENTED_EDGE('',*,*,#3576,.T.);
#3626 = ORIENTED_EDGE('',*,*,#3555,.T.);
#3627 = ORIENTED_EDGE('',*,*,#3598,.F.);
#3628 = PLANE('',#3629);
#3629 = AXIS2_PLACEMENT_3D('',#3630,#3631,#3632);
#3630 = CARTESIAN_POINT('',(111.,60.,131.));
#3631 = DIRECTION('',(0.,0.,1.));
#3632 = DIRECTION('',(1.,0.,0.));
#3633 = MANIFOLD_SOLID_BREP('',#3634);
#3634 = CLOSED_SHELL('',(#3635,#3675,#3715,#3737,#3759,#3771));
#3635 = ADVANCED_FACE('',(#3636),#3670,.F.);
#3636 = FACE_BOUND('',#3637,.F.);
#3637 = EDGE_LOOP('',(#3638,#3648,#3656,#3664));
#3638 = ORIENTED_EDGE('',*,*,#3639,.F.);
#3639 = EDGE_CURVE('',#3640,#3642,#3644,.T.);
#3640 = VERTEX_POINT('',#3641);
#3641 = CARTESIAN_POINT('',(108.,35.,117.));
#3642 = VERTEX_POINT('',#3643);
#3643 = CARTESIAN_POINT('',(108.,35.,129.));
#3644 = LINE('',#3645,#3646);
#3645 = CARTESIAN_POINT('',(108.,35.,117.));
#3646 = VECTOR('',#3647,1.);
#3647 = DIRECTION('',(0.,0.,1.));
#3648 = ORIENTED_EDGE('',*,*,#3649,.T.);
#3649 = EDGE_CURVE('',#3640,#3650,#3652,.T.);
#3650 = VERTEX_POINT('',#3651);
#3651 = CARTESIAN_POINT('',(108.,55.,117.));
#3652 = LINE('',#3653,#3654);
#3653 = CARTESIAN_POINT('',(108.,35.,117.));
#3654 = VECTOR('',#3655,1.);
#3655 = DIRECTION('',(0.,1.,0.));
#3656 = ORIENTED_EDGE('',*,*,#3657,.T.);
#3657 = EDGE_CURVE('',#3650,#3658,#3660,.T.);
#3658 = VERTEX_POINT('',#3659);
#3659 = CARTESIAN_POINT('',(108.,55.,129.));
#3660 = LINE('',#3661,#3662);
#3661 = CARTESIAN_POINT('',(108.,55.,117.));
#3662 = VECTOR('',#3663,1.);
#3663 = DIRECTION('',(0.,0.,1.));
#3664 = ORIENTED_EDGE('',*,*,#3665,.F.);
#3665 = EDGE_CURVE('',#3642,#3658,#3666,.T.);
#3666 = LINE('',#3667,#3668);
#3667 = CARTESIAN_POINT('',(108.,35.,129.));
#3668 = VECTOR('',#3669,1.);
#3669 = DIRECTION('',(0.,1.,0.));
#3670 = PLANE('',#3671);
#3671 = AXIS2_PLACEMENT_3D('',#3672,#3673,#3674);
#3672 = CARTESIAN_POINT('',(108.,35.,117.));
#3673 = DIRECTION('',(1.,0.,0.));
#3674 = DIRECTION('',(0.,0.,1.));
#3675 = ADVANCED_FACE('',(#3676),#3710,.T.);
#3676 = FACE_BOUND('',#3677,.T.);
#3677 = EDGE_LOOP('',(#3678,#3688,#3696,#3704));
#3678 = ORIENTED_EDGE('',*,*,#3679,.F.);
#3679 = EDGE_CURVE('',#3680,#3682,#3684,.T.);
#3680 = VERTEX_POINT('',#3681);
#3681 = CARTESIAN_POINT('',(138.,35.,117.));
#3682 = VERTEX_POINT('',#3683);
#3683 = CARTESIAN_POINT('',(138.,35.,129.));
#3684 = LINE('',#3685,#3686);
#3685 = CARTESIAN_POINT('',(138.,35.,117.));
#3686 = VECTOR('',#3687,1.);
#3687 = DIRECTION('',(0.,0.,1.));
#3688 = ORIENTED_EDGE('',*,*,#3689,.T.);
#3689 = EDGE_CURVE('',#3680,#3690,#3692,.T.);
#3690 = VERTEX_POINT('',#3691);
#3691 = CARTESIAN_POINT('',(138.,55.,117.));
#3692 = LINE('',#3693,#3694);
#3693 = CARTESIAN_POINT('',(138.,35.,117.));
#3694 = VECTOR('',#3695,1.);
#3695 = DIRECTION('',(0.,1.,0.));
#3696 = ORIENTED_EDGE('',*,*,#3697,.T.);
#3697 = EDGE_CURVE('',#3690,#3698,#3700,.T.);
#3698 = VERTEX_POINT('',#3699);
#3699 = CARTESIAN_POINT('',(138.,55.,129.));
#3700 = LINE('',#3701,#3702);
#3701 = CARTESIAN_POINT('',(138.,55.,117.));
#3702 = VECTOR('',#3703,1.);
#3703 = DIRECTION('',(0.,0.,1.));
#3704 = ORIENTED_EDGE('',*,*,#3705,.F.);
#3705 = EDGE_CURVE('',#3682,#3698,#3706,.T.);
#3706 = LINE('',#3707,#3708);
#3707 = CARTESIAN_POINT('',(138.,35.,129.));
#3708 = VECTOR('',#3709,1.);
#3709 = DIRECTION('',(0.,1.,0.));
#3710 = PLANE('',#3711);
#3711 = AXIS2_PLACEMENT_3D('',#3712,#3713,#3714);
#3712 = CARTESIAN_POINT('',(138.,35.,117.));
#3713 = DIRECTION('',(1.,0.,0.));
#3714 = DIRECTION('',(0.,0.,1.));
#3715 = ADVANCED_FACE('',(#3716),#3732,.F.);
#3716 = FACE_BOUND('',#3717,.F.);
#3717 = EDGE_LOOP('',(#3718,#3724,#3725,#3731));
#3718 = ORIENTED_EDGE('',*,*,#3719,.F.);
#3719 = EDGE_CURVE('',#3640,#3680,#3720,.T.);
#3720 = LINE('',#3721,#3722);
#3721 = CARTESIAN_POINT('',(108.,35.,117.));
#3722 = VECTOR('',#3723,1.);
#3723 = DIRECTION('',(1.,0.,0.));
#3724 = ORIENTED_EDGE('',*,*,#3639,.T.);
#3725 = ORIENTED_EDGE('',*,*,#3726,.T.);
#3726 = EDGE_CURVE('',#3642,#3682,#3727,.T.);
#3727 = LINE('',#3728,#3729);
#3728 = CARTESIAN_POINT('',(108.,35.,129.));
#3729 = VECTOR('',#3730,1.);
#3730 = DIRECTION('',(1.,0.,0.));
#3731 = ORIENTED_EDGE('',*,*,#3679,.F.);
#3732 = PLANE('',#3733);
#3733 = AXIS2_PLACEMENT_3D('',#3734,#3735,#3736);
#3734 = CARTESIAN_POINT('',(108.,35.,117.));
#3735 = DIRECTION('',(0.,1.,0.));
#3736 = DIRECTION('',(0.,0.,1.));
#3737 = ADVANCED_FACE('',(#3738),#3754,.T.);
#3738 = FACE_BOUND('',#3739,.T.);
#3739 = EDGE_LOOP('',(#3740,#3746,#3747,#3753));
#3740 = ORIENTED_EDGE('',*,*,#3741,.F.);
#3741 = EDGE_CURVE('',#3650,#3690,#3742,.T.);
#3742 = LINE('',#3743,#3744);
#3743 = CARTESIAN_POINT('',(108.,55.,117.));
#3744 = VECTOR('',#3745,1.);
#3745 = DIRECTION('',(1.,0.,0.));
#3746 = ORIENTED_EDGE('',*,*,#3657,.T.);
#3747 = ORIENTED_EDGE('',*,*,#3748,.T.);
#3748 = EDGE_CURVE('',#3658,#3698,#3749,.T.);
#3749 = LINE('',#3750,#3751);
#3750 = CARTESIAN_POINT('',(108.,55.,129.));
#3751 = VECTOR('',#3752,1.);
#3752 = DIRECTION('',(1.,0.,0.));
#3753 = ORIENTED_EDGE('',*,*,#3697,.F.);
#3754 = PLANE('',#3755);
#3755 = AXIS2_PLACEMENT_3D('',#3756,#3757,#3758);
#3756 = CARTESIAN_POINT('',(108.,55.,117.));
#3757 = DIRECTION('',(0.,1.,0.));
#3758 = DIRECTION('',(0.,0.,1.));
#3759 = ADVANCED_FACE('',(#3760),#3766,.F.);
#3760 = FACE_BOUND('',#3761,.F.);
#3761 = EDGE_LOOP('',(#3762,#3763,#3764,#3765));
#3762 = ORIENTED_EDGE('',*,*,#3649,.F.);
#3763 = ORIENTED_EDGE('',*,*,#3719,.T.);
#3764 = ORIENTED_EDGE('',*,*,#3689,.T.);
#3765 = ORIENTED_EDGE('',*,*,#3741,.F.);
#3766 = PLANE('',#3767);
#3767 = AXIS2_PLACEMENT_3D('',#3768,#3769,#3770);
#3768 = CARTESIAN_POINT('',(108.,35.,117.));
#3769 = DIRECTION('',(0.,0.,1.));
#3770 = DIRECTION('',(1.,0.,0.));
#3771 = ADVANCED_FACE('',(#3772),#3778,.T.);
#3772 = FACE_BOUND('',#3773,.T.);
#3773 = EDGE_LOOP('',(#3774,#3775,#3776,#3777));
#3774 = ORIENTED_EDGE('',*,*,#3665,.F.);
#3775 = ORIENTED_EDGE('',*,*,#3726,.T.);
#3776 = ORIENTED_EDGE('',*,*,#3705,.T.);
#3777 = ORIENTED_EDGE('',*,*,#3748,.F.);
#3778 = PLANE('',#3779);
#3779 = AXIS2_PLACEMENT_3D('',#3780,#3781,#3782);
#3780 = CARTESIAN_POINT('',(108.,35.,129.));
#3781 = DIRECTION('',(0.,0.,1.));
#3782 = DIRECTION('',(1.,0.,0.));
#3783 = MANIFOLD_SOLID_BREP('',#3784);
#3784 = CLOSED_SHELL('',(#3785,#3825,#3865,#3887,#3909,#3921));
#3785 = ADVANCED_FACE('',(#3786),#3820,.F.);
#3786 = FACE_BOUND('',#3787,.F.);
#3787 = EDGE_LOOP('',(#3788,#3798,#3806,#3814));
#3788 = ORIENTED_EDGE('',*,*,#3789,.F.);
#3789 = EDGE_CURVE('',#3790,#3792,#3794,.T.);
#3790 = VERTEX_POINT('',#3791);
#3791 = CARTESIAN_POINT('',(26.,13.,86.));
#3792 = VERTEX_POINT('',#3793);
#3793 = CARTESIAN_POINT('',(26.,13.,87.));
#3794 = LINE('',#3795,#3796);
#3795 = CARTESIAN_POINT('',(26.,13.,86.));
#3796 = VECTOR('',#3797,1.);
#3797 = DIRECTION('',(0.,0.,1.));
#3798 = ORIENTED_EDGE('',*,*,#3799,.T.);
#3799 = EDGE_CURVE('',#3790,#3800,#3802,.T.);
#3800 = VERTEX_POINT('',#3801);
#3801 = CARTESIAN_POINT('',(26.,83.,86.));
#3802 = LINE('',#3803,#3804);
#3803 = CARTESIAN_POINT('',(26.,13.,86.));
#3804 = VECTOR('',#3805,1.);
#3805 = DIRECTION('',(0.,1.,0.));
#3806 = ORIENTED_EDGE('',*,*,#3807,.T.);
#3807 = EDGE_CURVE('',#3800,#3808,#3810,.T.);
#3808 = VERTEX_POINT('',#3809);
#3809 = CARTESIAN_POINT('',(26.,83.,87.));
#3810 = LINE('',#3811,#3812);
#3811 = CARTESIAN_POINT('',(26.,83.,86.));
#3812 = VECTOR('',#3813,1.);
#3813 = DIRECTION('',(0.,0.,1.));
#3814 = ORIENTED_EDGE('',*,*,#3815,.F.);
#3815 = EDGE_CURVE('',#3792,#3808,#3816,.T.);
#3816 = LINE('',#3817,#3818);
#3817 = CARTESIAN_POINT('',(26.,13.,87.));
#3818 = VECTOR('',#3819,1.);
#3819 = DIRECTION('',(0.,1.,0.));
#3820 = PLANE('',#3821);
#3821 = AXIS2_PLACEMENT_3D('',#3822,#3823,#3824);
#3822 = CARTESIAN_POINT('',(26.,13.,86.));
#3823 = DIRECTION('',(1.,0.,0.));
#3824 = DIRECTION('',(0.,0.,1.));
#3825 = ADVANCED_FACE('',(#3826),#3860,.T.);
#3826 = FACE_BOUND('',#3827,.T.);
#3827 = EDGE_LOOP('',(#3828,#3838,#3846,#3854));
#3828 = ORIENTED_EDGE('',*,*,#3829,.F.);
#3829 = EDGE_CURVE('',#3830,#3832,#3834,.T.);
#3830 = VERTEX_POINT('',#3831);
#3831 = CARTESIAN_POINT('',(107.,13.,86.));
#3832 = VERTEX_POINT('',#3833);
#3833 = CARTESIAN_POINT('',(107.,13.,87.));
#3834 = LINE('',#3835,#3836);
#3835 = CARTESIAN_POINT('',(107.,13.,86.));
#3836 = VECTOR('',#3837,1.);
#3837 = DIRECTION('',(0.,0.,1.));
#3838 = ORIENTED_EDGE('',*,*,#3839,.T.);
#3839 = EDGE_CURVE('',#3830,#3840,#3842,.T.);
#3840 = VERTEX_POINT('',#3841);
#3841 = CARTESIAN_POINT('',(107.,83.,86.));
#3842 = LINE('',#3843,#3844);
#3843 = CARTESIAN_POINT('',(107.,13.,86.));
#3844 = VECTOR('',#3845,1.);
#3845 = DIRECTION('',(0.,1.,0.));
#3846 = ORIENTED_EDGE('',*,*,#3847,.T.);
#3847 = EDGE_CURVE('',#3840,#3848,#3850,.T.);
#3848 = VERTEX_POINT('',#3849);
#3849 = CARTESIAN_POINT('',(107.,83.,87.));
#3850 = LINE('',#3851,#3852);
#3851 = CARTESIAN_POINT('',(107.,83.,86.));
#3852 = VECTOR('',#3853,1.);
#3853 = DIRECTION('',(0.,0.,1.));
#3854 = ORIENTED_EDGE('',*,*,#3855,.F.);
#3855 = EDGE_CURVE('',#3832,#3848,#3856,.T.);
#3856 = LINE('',#3857,#3858);
#3857 = CARTESIAN_POINT('',(107.,13.,87.));
#3858 = VECTOR('',#3859,1.);
#3859 = DIRECTION('',(0.,1.,0.));
#3860 = PLANE('',#3861);
#3861 = AXIS2_PLACEMENT_3D('',#3862,#3863,#3864);
#3862 = CARTESIAN_POINT('',(107.,13.,86.));
#3863 = DIRECTION('',(1.,0.,0.));
#3864 = DIRECTION('',(0.,0.,1.));
#3865 = ADVANCED_FACE('',(#3866),#3882,.F.);
#3866 = FACE_BOUND('',#3867,.F.);
#3867 = EDGE_LOOP('',(#3868,#3874,#3875,#3881));
#3868 = ORIENTED_EDGE('',*,*,#3869,.F.);
#3869 = EDGE_CURVE('',#3790,#3830,#3870,.T.);
#3870 = LINE('',#3871,#3872);
#3871 = CARTESIAN_POINT('',(26.,13.,86.));
#3872 = VECTOR('',#3873,1.);
#3873 = DIRECTION('',(1.,0.,0.));
#3874 = ORIENTED_EDGE('',*,*,#3789,.T.);
#3875 = ORIENTED_EDGE('',*,*,#3876,.T.);
#3876 = EDGE_CURVE('',#3792,#3832,#3877,.T.);
#3877 = LINE('',#3878,#3879);
#3878 = CARTESIAN_POINT('',(26.,13.,87.));
#3879 = VECTOR('',#3880,1.);
#3880 = DIRECTION('',(1.,0.,0.));
#3881 = ORIENTED_EDGE('',*,*,#3829,.F.);
#3882 = PLANE('',#3883);
#3883 = AXIS2_PLACEMENT_3D('',#3884,#3885,#3886);
#3884 = CARTESIAN_POINT('',(26.,13.,86.));
#3885 = DIRECTION('',(0.,1.,0.));
#3886 = DIRECTION('',(0.,0.,1.));
#3887 = ADVANCED_FACE('',(#3888),#3904,.T.);
#3888 = FACE_BOUND('',#3889,.T.);
#3889 = EDGE_LOOP('',(#3890,#3896,#3897,#3903));
#3890 = ORIENTED_EDGE('',*,*,#3891,.F.);
#3891 = EDGE_CURVE('',#3800,#3840,#3892,.T.);
#3892 = LINE('',#3893,#3894);
#3893 = CARTESIAN_POINT('',(26.,83.,86.));
#3894 = VECTOR('',#3895,1.);
#3895 = DIRECTION('',(1.,0.,0.));
#3896 = ORIENTED_EDGE('',*,*,#3807,.T.);
#3897 = ORIENTED_EDGE('',*,*,#3898,.T.);
#3898 = EDGE_CURVE('',#3808,#3848,#3899,.T.);
#3899 = LINE('',#3900,#3901);
#3900 = CARTESIAN_POINT('',(26.,83.,87.));
#3901 = VECTOR('',#3902,1.);
#3902 = DIRECTION('',(1.,0.,0.));
#3903 = ORIENTED_EDGE('',*,*,#3847,.F.);
#3904 = PLANE('',#3905);
#3905 = AXIS2_PLACEMENT_3D('',#3906,#3907,#3908);
#3906 = CARTESIAN_POINT('',(26.,83.,86.));
#3907 = DIRECTION('',(0.,1.,0.));
#3908 = DIRECTION('',(0.,0.,1.));
#3909 = ADVANCED_FACE('',(#3910),#3916,.F.);
#3910 = FACE_BOUND('',#3911,.F.);
#3911 = EDGE_LOOP('',(#3912,#3913,#3914,#3915));
#3912 = ORIENTED_EDGE('',*,*,#3799,.F.);
#3913 = ORIENTED_EDGE('',*,*,#3869,.T.);
#3914 = ORIENTED_EDGE('',*,*,#3839,.T.);
#3915 = ORIENTED_EDGE('',*,*,#3891,.F.);
#3916 = PLANE('',#3917);
#3917 = AXIS2_PLACEMENT_3D('',#3918,#3919,#3920);
#3918 = CARTESIAN_POINT('',(26.,13.,86.));
#3919 = DIRECTION('',(0.,0.,1.));
#3920 = DIRECTION('',(1.,0.,0.));
#3921 = ADVANCED_FACE('',(#3922),#3928,.T.);
#3922 = FACE_BOUND('',#3923,.T.);
#3923 = EDGE_LOOP('',(#3924,#3925,#3926,#3927));
#3924 = ORIENTED_EDGE('',*,*,#3815,.F.);
#3925 = ORIENTED_EDGE('',*,*,#3876,.T.);
#3926 = ORIENTED_EDGE('',*,*,#3855,.T.);
#3927 = ORIENTED_EDGE('',*,*,#3898,.F.);
#3928 = PLANE('',#3929);
#3929 = AXIS2_PLACEMENT_3D('',#3930,#3931,#3932);
#3930 = CARTESIAN_POINT('',(26.,13.,87.));
#3931 = DIRECTION('',(0.,0.,1.));
#3932 = DIRECTION('',(1.,0.,0.));
#3933 = MANIFOLD_SOLID_BREP('',#3934);
#3934 = CLOSED_SHELL('',(#3935,#3975,#4015,#4037,#4059,#4071));
#3935 = ADVANCED_FACE('',(#3936),#3970,.F.);
#3936 = FACE_BOUND('',#3937,.F.);
#3937 = EDGE_LOOP('',(#3938,#3948,#3956,#3964));
#3938 = ORIENTED_EDGE('',*,*,#3939,.F.);
#3939 = EDGE_CURVE('',#3940,#3942,#3944,.T.);
#3940 = VERTEX_POINT('',#3941);
#3941 = CARTESIAN_POINT('',(107.,30.,86.));
#3942 = VERTEX_POINT('',#3943);
#3943 = CARTESIAN_POINT('',(107.,30.,87.));
#3944 = LINE('',#3945,#3946);
#3945 = CARTESIAN_POINT('',(107.,30.,86.));
#3946 = VECTOR('',#3947,1.);
#3947 = DIRECTION('',(0.,0.,1.));
#3948 = ORIENTED_EDGE('',*,*,#3949,.T.);
#3949 = EDGE_CURVE('',#3940,#3950,#3952,.T.);
#3950 = VERTEX_POINT('',#3951);
#3951 = CARTESIAN_POINT('',(107.,83.,86.));
#3952 = LINE('',#3953,#3954);
#3953 = CARTESIAN_POINT('',(107.,30.,86.));
#3954 = VECTOR('',#3955,1.);
#3955 = DIRECTION('',(0.,1.,0.));
#3956 = ORIENTED_EDGE('',*,*,#3957,.T.);
#3957 = EDGE_CURVE('',#3950,#3958,#3960,.T.);
#3958 = VERTEX_POINT('',#3959);
#3959 = CARTESIAN_POINT('',(107.,83.,87.));
#3960 = LINE('',#3961,#3962);
#3961 = CARTESIAN_POINT('',(107.,83.,86.));
#3962 = VECTOR('',#3963,1.);
#3963 = DIRECTION('',(0.,0.,1.));
#3964 = ORIENTED_EDGE('',*,*,#3965,.F.);
#3965 = EDGE_CURVE('',#3942,#3958,#3966,.T.);
#3966 = LINE('',#3967,#3968);
#3967 = CARTESIAN_POINT('',(107.,30.,87.));
#3968 = VECTOR('',#3969,1.);
#3969 = DIRECTION('',(0.,1.,0.));
#3970 = PLANE('',#3971);
#3971 = AXIS2_PLACEMENT_3D('',#3972,#3973,#3974);
#3972 = CARTESIAN_POINT('',(107.,30.,86.));
#3973 = DIRECTION('',(1.,0.,0.));
#3974 = DIRECTION('',(0.,0.,1.));
#3975 = ADVANCED_FACE('',(#3976),#4010,.T.);
#3976 = FACE_BOUND('',#3977,.T.);
#3977 = EDGE_LOOP('',(#3978,#3988,#3996,#4004));
#3978 = ORIENTED_EDGE('',*,*,#3979,.F.);
#3979 = EDGE_CURVE('',#3980,#3982,#3984,.T.);
#3980 = VERTEX_POINT('',#3981);
#3981 = CARTESIAN_POINT('',(141.,30.,86.));
#3982 = VERTEX_POINT('',#3983);
#3983 = CARTESIAN_POINT('',(141.,30.,87.));
#3984 = LINE('',#3985,#3986);
#3985 = CARTESIAN_POINT('',(141.,30.,86.));
#3986 = VECTOR('',#3987,1.);
#3987 = DIRECTION('',(0.,0.,1.));
#3988 = ORIENTED_EDGE('',*,*,#3989,.T.);
#3989 = EDGE_CURVE('',#3980,#3990,#3992,.T.);
#3990 = VERTEX_POINT('',#3991);
#3991 = CARTESIAN_POINT('',(141.,83.,86.));
#3992 = LINE('',#3993,#3994);
#3993 = CARTESIAN_POINT('',(141.,30.,86.));
#3994 = VECTOR('',#3995,1.);
#3995 = DIRECTION('',(0.,1.,0.));
#3996 = ORIENTED_EDGE('',*,*,#3997,.T.);
#3997 = EDGE_CURVE('',#3990,#3998,#4000,.T.);
#3998 = VERTEX_POINT('',#3999);
#3999 = CARTESIAN_POINT('',(141.,83.,87.));
#4000 = LINE('',#4001,#4002);
#4001 = CARTESIAN_POINT('',(141.,83.,86.));
#4002 = VECTOR('',#4003,1.);
#4003 = DIRECTION('',(0.,0.,1.));
#4004 = ORIENTED_EDGE('',*,*,#4005,.F.);
#4005 = EDGE_CURVE('',#3982,#3998,#4006,.T.);
#4006 = LINE('',#4007,#4008);
#4007 = CARTESIAN_POINT('',(141.,30.,87.));
#4008 = VECTOR('',#4009,1.);
#4009 = DIRECTION('',(0.,1.,0.));
#4010 = PLANE('',#4011);
#4011 = AXIS2_PLACEMENT_3D('',#4012,#4013,#4014);
#4012 = CARTESIAN_POINT('',(141.,30.,86.));
#4013 = DIRECTION('',(1.,0.,0.));
#4014 = DIRECTION('',(0.,0.,1.));
#4015 = ADVANCED_FACE('',(#4016),#4032,.F.);
#4016 = FACE_BOUND('',#4017,.F.);
#4017 = EDGE_LOOP('',(#4018,#4024,#4025,#4031));
#4018 = ORIENTED_EDGE('',*,*,#4019,.F.);
#4019 = EDGE_CURVE('',#3940,#3980,#4020,.T.);
#4020 = LINE('',#4021,#4022);
#4021 = CARTESIAN_POINT('',(107.,30.,86.));
#4022 = VECTOR('',#4023,1.);
#4023 = DIRECTION('',(1.,0.,0.));
#4024 = ORIENTED_EDGE('',*,*,#3939,.T.);
#4025 = ORIENTED_EDGE('',*,*,#4026,.T.);
#4026 = EDGE_CURVE('',#3942,#3982,#4027,.T.);
#4027 = LINE('',#4028,#4029);
#4028 = CARTESIAN_POINT('',(107.,30.,87.));
#4029 = VECTOR('',#4030,1.);
#4030 = DIRECTION('',(1.,0.,0.));
#4031 = ORIENTED_EDGE('',*,*,#3979,.F.);
#4032 = PLANE('',#4033);
#4033 = AXIS2_PLACEMENT_3D('',#4034,#4035,#4036);
#4034 = CARTESIAN_POINT('',(107.,30.,86.));
#4035 = DIRECTION('',(0.,1.,0.));
#4036 = DIRECTION('',(0.,0.,1.));
#4037 = ADVANCED_FACE('',(#4038),#4054,.T.);
#4038 = FACE_BOUND('',#4039,.T.);
#4039 = EDGE_LOOP('',(#4040,#4046,#4047,#4053));
#4040 = ORIENTED_EDGE('',*,*,#4041,.F.);
#4041 = EDGE_CURVE('',#3950,#3990,#4042,.T.);
#4042 = LINE('',#4043,#4044);
#4043 = CARTESIAN_POINT('',(107.,83.,86.));
#4044 = VECTOR('',#4045,1.);
#4045 = DIRECTION('',(1.,0.,0.));
#4046 = ORIENTED_EDGE('',*,*,#3957,.T.);
#4047 = ORIENTED_EDGE('',*,*,#4048,.T.);
#4048 = EDGE_CURVE('',#3958,#3998,#4049,.T.);
#4049 = LINE('',#4050,#4051);
#4050 = CARTESIAN_POINT('',(107.,83.,87.));
#4051 = VECTOR('',#4052,1.);
#4052 = DIRECTION('',(1.,0.,0.));
#4053 = ORIENTED_EDGE('',*,*,#3997,.F.);
#4054 = PLANE('',#4055);
#4055 = AXIS2_PLACEMENT_3D('',#4056,#4057,#4058);
#4056 = CARTESIAN_POINT('',(107.,83.,86.));
#4057 = DIRECTION('',(0.,1.,0.));
#4058 = DIRECTION('',(0.,0.,1.));
#4059 = ADVANCED_FACE('',(#4060),#4066,.F.);
#4060 = FACE_BOUND('',#4061,.F.);
#4061 = EDGE_LOOP('',(#4062,#4063,#4064,#4065));
#4062 = ORIENTED_EDGE('',*,*,#3949,.F.);
#4063 = ORIENTED_EDGE('',*,*,#4019,.T.);
#4064 = ORIENTED_EDGE('',*,*,#3989,.T.);
#4065 = ORIENTED_EDGE('',*,*,#4041,.F.);
#4066 = PLANE('',#4067);
#4067 = AXIS2_PLACEMENT_3D('',#4068,#4069,#4070);
#4068 = CARTESIAN_POINT('',(107.,30.,86.));
#4069 = DIRECTION('',(0.,0.,1.));
#4070 = DIRECTION('',(1.,0.,0.));
#4071 = ADVANCED_FACE('',(#4072),#4078,.T.);
#4072 = FACE_BOUND('',#4073,.T.);
#4073 = EDGE_LOOP('',(#4074,#4075,#4076,#4077));
#4074 = ORIENTED_EDGE('',*,*,#3965,.F.);
#4075 = ORIENTED_EDGE('',*,*,#4026,.T.);
#4076 = ORIENTED_EDGE('',*,*,#4005,.T.);
#4077 = ORIENTED_EDGE('',*,*,#4048,.F.);
#4078 = PLANE('',#4079);
#4079 = AXIS2_PLACEMENT_3D('',#4080,#4081,#4082);
#4080 = CARTESIAN_POINT('',(107.,30.,87.));
#4081 = DIRECTION('',(0.,0.,1.));
#4082 = DIRECTION('',(1.,0.,0.));
#4083 = MANIFOLD_SOLID_BREP('',#4084);
#4084 = CLOSED_SHELL('',(#4085,#4125,#4165,#4187,#4209,#4221));
#4085 = ADVANCED_FACE('',(#4086),#4120,.F.);
#4086 = FACE_BOUND('',#4087,.F.);
#4087 = EDGE_LOOP('',(#4088,#4098,#4106,#4114));
#4088 = ORIENTED_EDGE('',*,*,#4089,.F.);
#4089 = EDGE_CURVE('',#4090,#4092,#4094,.T.);
#4090 = VERTEX_POINT('',#4091);
#4091 = CARTESIAN_POINT('',(20.,66.,86.));
#4092 = VERTEX_POINT('',#4093);
#4093 = CARTESIAN_POINT('',(20.,66.,87.));
#4094 = LINE('',#4095,#4096);
#4095 = CARTESIAN_POINT('',(20.,66.,86.));
#4096 = VECTOR('',#4097,1.);
#4097 = DIRECTION('',(0.,0.,1.));
#4098 = ORIENTED_EDGE('',*,*,#4099,.T.);
#4099 = EDGE_CURVE('',#4090,#4100,#4102,.T.);
#4100 = VERTEX_POINT('',#4101);
#4101 = CARTESIAN_POINT('',(20.,72.,86.));
#4102 = LINE('',#4103,#4104);
#4103 = CARTESIAN_POINT('',(20.,66.,86.));
#4104 = VECTOR('',#4105,1.);
#4105 = DIRECTION('',(0.,1.,0.));
#4106 = ORIENTED_EDGE('',*,*,#4107,.T.);
#4107 = EDGE_CURVE('',#4100,#4108,#4110,.T.);
#4108 = VERTEX_POINT('',#4109);
#4109 = CARTESIAN_POINT('',(20.,72.,87.));
#4110 = LINE('',#4111,#4112);
#4111 = CARTESIAN_POINT('',(20.,72.,86.));
#4112 = VECTOR('',#4113,1.);
#4113 = DIRECTION('',(0.,0.,1.));
#4114 = ORIENTED_EDGE('',*,*,#4115,.F.);
#4115 = EDGE_CURVE('',#4092,#4108,#4116,.T.);
#4116 = LINE('',#4117,#4118);
#4117 = CARTESIAN_POINT('',(20.,66.,87.));
#4118 = VECTOR('',#4119,1.);
#4119 = DIRECTION('',(0.,1.,0.));
#4120 = PLANE('',#4121);
#4121 = AXIS2_PLACEMENT_3D('',#4122,#4123,#4124);
#4122 = CARTESIAN_POINT('',(20.,66.,86.));
#4123 = DIRECTION('',(1.,0.,0.));
#4124 = DIRECTION('',(0.,0.,1.));
#4125 = ADVANCED_FACE('',(#4126),#4160,.T.);
#4126 = FACE_BOUND('',#4127,.T.);
#4127 = EDGE_LOOP('',(#4128,#4138,#4146,#4154));
#4128 = ORIENTED_EDGE('',*,*,#4129,.F.);
#4129 = EDGE_CURVE('',#4130,#4132,#4134,.T.);
#4130 = VERTEX_POINT('',#4131);
#4131 = CARTESIAN_POINT('',(26.,66.,86.));
#4132 = VERTEX_POINT('',#4133);
#4133 = CARTESIAN_POINT('',(26.,66.,87.));
#4134 = LINE('',#4135,#4136);
#4135 = CARTESIAN_POINT('',(26.,66.,86.));
#4136 = VECTOR('',#4137,1.);
#4137 = DIRECTION('',(0.,0.,1.));
#4138 = ORIENTED_EDGE('',*,*,#4139,.T.);
#4139 = EDGE_CURVE('',#4130,#4140,#4142,.T.);
#4140 = VERTEX_POINT('',#4141);
#4141 = CARTESIAN_POINT('',(26.,72.,86.));
#4142 = LINE('',#4143,#4144);
#4143 = CARTESIAN_POINT('',(26.,66.,86.));
#4144 = VECTOR('',#4145,1.);
#4145 = DIRECTION('',(0.,1.,0.));
#4146 = ORIENTED_EDGE('',*,*,#4147,.T.);
#4147 = EDGE_CURVE('',#4140,#4148,#4150,.T.);
#4148 = VERTEX_POINT('',#4149);
#4149 = CARTESIAN_POINT('',(26.,72.,87.));
#4150 = LINE('',#4151,#4152);
#4151 = CARTESIAN_POINT('',(26.,72.,86.));
#4152 = VECTOR('',#4153,1.);
#4153 = DIRECTION('',(0.,0.,1.));
#4154 = ORIENTED_EDGE('',*,*,#4155,.F.);
#4155 = EDGE_CURVE('',#4132,#4148,#4156,.T.);
#4156 = LINE('',#4157,#4158);
#4157 = CARTESIAN_POINT('',(26.,66.,87.));
#4158 = VECTOR('',#4159,1.);
#4159 = DIRECTION('',(0.,1.,0.));
#4160 = PLANE('',#4161);
#4161 = AXIS2_PLACEMENT_3D('',#4162,#4163,#4164);
#4162 = CARTESIAN_POINT('',(26.,66.,86.));
#4163 = DIRECTION('',(1.,0.,0.));
#4164 = DIRECTION('',(0.,0.,1.));
#4165 = ADVANCED_FACE('',(#4166),#4182,.F.);
#4166 = FACE_BOUND('',#4167,.F.);
#4167 = EDGE_LOOP('',(#4168,#4174,#4175,#4181));
#4168 = ORIENTED_EDGE('',*,*,#4169,.F.);
#4169 = EDGE_CURVE('',#4090,#4130,#4170,.T.);
#4170 = LINE('',#4171,#4172);
#4171 = CARTESIAN_POINT('',(20.,66.,86.));
#4172 = VECTOR('',#4173,1.);
#4173 = DIRECTION('',(1.,0.,0.));
#4174 = ORIENTED_EDGE('',*,*,#4089,.T.);
#4175 = ORIENTED_EDGE('',*,*,#4176,.T.);
#4176 = EDGE_CURVE('',#4092,#4132,#4177,.T.);
#4177 = LINE('',#4178,#4179);
#4178 = CARTESIAN_POINT('',(20.,66.,87.));
#4179 = VECTOR('',#4180,1.);
#4180 = DIRECTION('',(1.,0.,0.));
#4181 = ORIENTED_EDGE('',*,*,#4129,.F.);
#4182 = PLANE('',#4183);
#4183 = AXIS2_PLACEMENT_3D('',#4184,#4185,#4186);
#4184 = CARTESIAN_POINT('',(20.,66.,86.));
#4185 = DIRECTION('',(0.,1.,0.));
#4186 = DIRECTION('',(0.,0.,1.));
#4187 = ADVANCED_FACE('',(#4188),#4204,.T.);
#4188 = FACE_BOUND('',#4189,.T.);
#4189 = EDGE_LOOP('',(#4190,#4196,#4197,#4203));
#4190 = ORIENTED_EDGE('',*,*,#4191,.F.);
#4191 = EDGE_CURVE('',#4100,#4140,#4192,.T.);
#4192 = LINE('',#4193,#4194);
#4193 = CARTESIAN_POINT('',(20.,72.,86.));
#4194 = VECTOR('',#4195,1.);
#4195 = DIRECTION('',(1.,0.,0.));
#4196 = ORIENTED_EDGE('',*,*,#4107,.T.);
#4197 = ORIENTED_EDGE('',*,*,#4198,.T.);
#4198 = EDGE_CURVE('',#4108,#4148,#4199,.T.);
#4199 = LINE('',#4200,#4201);
#4200 = CARTESIAN_POINT('',(20.,72.,87.));
#4201 = VECTOR('',#4202,1.);
#4202 = DIRECTION('',(1.,0.,0.));
#4203 = ORIENTED_EDGE('',*,*,#4147,.F.);
#4204 = PLANE('',#4205);
#4205 = AXIS2_PLACEMENT_3D('',#4206,#4207,#4208);
#4206 = CARTESIAN_POINT('',(20.,72.,86.));
#4207 = DIRECTION('',(0.,1.,0.));
#4208 = DIRECTION('',(0.,0.,1.));
#4209 = ADVANCED_FACE('',(#4210),#4216,.F.);
#4210 = FACE_BOUND('',#4211,.F.);
#4211 = EDGE_LOOP('',(#4212,#4213,#4214,#4215));
#4212 = ORIENTED_EDGE('',*,*,#4099,.F.);
#4213 = ORIENTED_EDGE('',*,*,#4169,.T.);
#4214 = ORIENTED_EDGE('',*,*,#4139,.T.);
#4215 = ORIENTED_EDGE('',*,*,#4191,.F.);
#4216 = PLANE('',#4217);
#4217 = AXIS2_PLACEMENT_3D('',#4218,#4219,#4220);
#4218 = CARTESIAN_POINT('',(20.,66.,86.));
#4219 = DIRECTION('',(0.,0.,1.));
#4220 = DIRECTION('',(1.,0.,0.));
#4221 = ADVANCED_FACE('',(#4222),#4228,.T.);
#4222 = FACE_BOUND('',#4223,.T.);
#4223 = EDGE_LOOP('',(#4224,#4225,#4226,#4227));
#4224 = ORIENTED_EDGE('',*,*,#4115,.F.);
#4225 = ORIENTED_EDGE('',*,*,#4176,.T.);
#4226 = ORIENTED_EDGE('',*,*,#4155,.T.);
#4227 = ORIENTED_EDGE('',*,*,#4198,.F.);
#4228 = PLANE('',#4229);
#4229 = AXIS2_PLACEMENT_3D('',#4230,#4231,#4232);
#4230 = CARTESIAN_POINT('',(20.,66.,87.));
#4231 = DIRECTION('',(0.,0.,1.));
#4232 = DIRECTION('',(1.,0.,0.));
#4233 = MANIFOLD_SOLID_BREP('',#4234);
#4234 = CLOSED_SHELL('',(#4235,#4275,#4315,#4337,#4359,#4371));
#4235 = ADVANCED_FACE('',(#4236),#4270,.F.);
#4236 = FACE_BOUND('',#4237,.F.);
#4237 = EDGE_LOOP('',(#4238,#4248,#4256,#4264));
#4238 = ORIENTED_EDGE('',*,*,#4239,.F.);
#4239 = EDGE_CURVE('',#4240,#4242,#4244,.T.);
#4240 = VERTEX_POINT('',#4241);
#4241 = CARTESIAN_POINT('',(27.,66.,12.));
#4242 = VERTEX_POINT('',#4243);
#4243 = CARTESIAN_POINT('',(27.,66.,14.));
#4244 = LINE('',#4245,#4246);
#4245 = CARTESIAN_POINT('',(27.,66.,12.));
#4246 = VECTOR('',#4247,1.);
#4247 = DIRECTION('',(0.,0.,1.));
#4248 = ORIENTED_EDGE('',*,*,#4249,.T.);
#4249 = EDGE_CURVE('',#4240,#4250,#4252,.T.);
#4250 = VERTEX_POINT('',#4251);
#4251 = CARTESIAN_POINT('',(27.,86.,12.));
#4252 = LINE('',#4253,#4254);
#4253 = CARTESIAN_POINT('',(27.,66.,12.));
#4254 = VECTOR('',#4255,1.);
#4255 = DIRECTION('',(0.,1.,0.));
#4256 = ORIENTED_EDGE('',*,*,#4257,.T.);
#4257 = EDGE_CURVE('',#4250,#4258,#4260,.T.);
#4258 = VERTEX_POINT('',#4259);
#4259 = CARTESIAN_POINT('',(27.,86.,14.));
#4260 = LINE('',#4261,#4262);
#4261 = CARTESIAN_POINT('',(27.,86.,12.));
#4262 = VECTOR('',#4263,1.);
#4263 = DIRECTION('',(0.,0.,1.));
#4264 = ORIENTED_EDGE('',*,*,#4265,.F.);
#4265 = EDGE_CURVE('',#4242,#4258,#4266,.T.);
#4266 = LINE('',#4267,#4268);
#4267 = CARTESIAN_POINT('',(27.,66.,14.));
#4268 = VECTOR('',#4269,1.);
#4269 = DIRECTION('',(0.,1.,0.));
#4270 = PLANE('',#4271);
#4271 = AXIS2_PLACEMENT_3D('',#4272,#4273,#4274);
#4272 = CARTESIAN_POINT('',(27.,66.,12.));
#4273 = DIRECTION('',(1.,0.,0.));
#4274 = DIRECTION('',(0.,0.,1.));
#4275 = ADVANCED_FACE('',(#4276),#4310,.T.);
#4276 = FACE_BOUND('',#4277,.T.);
#4277 = EDGE_LOOP('',(#4278,#4288,#4296,#4304));
#4278 = ORIENTED_EDGE('',*,*,#4279,.F.);
#4279 = EDGE_CURVE('',#4280,#4282,#4284,.T.);
#4280 = VERTEX_POINT('',#4281);
#4281 = CARTESIAN_POINT('',(108.,66.,12.));
#4282 = VERTEX_POINT('',#4283);
#4283 = CARTESIAN_POINT('',(108.,66.,14.));
#4284 = LINE('',#4285,#4286);
#4285 = CARTESIAN_POINT('',(108.,66.,12.));
#4286 = VECTOR('',#4287,1.);
#4287 = DIRECTION('',(0.,0.,1.));
#4288 = ORIENTED_EDGE('',*,*,#4289,.T.);
#4289 = EDGE_CURVE('',#4280,#4290,#4292,.T.);
#4290 = VERTEX_POINT('',#4291);
#4291 = CARTESIAN_POINT('',(108.,86.,12.));
#4292 = LINE('',#4293,#4294);
#4293 = CARTESIAN_POINT('',(108.,66.,12.));
#4294 = VECTOR('',#4295,1.);
#4295 = DIRECTION('',(0.,1.,0.));
#4296 = ORIENTED_EDGE('',*,*,#4297,.T.);
#4297 = EDGE_CURVE('',#4290,#4298,#4300,.T.);
#4298 = VERTEX_POINT('',#4299);
#4299 = CARTESIAN_POINT('',(108.,86.,14.));
#4300 = LINE('',#4301,#4302);
#4301 = CARTESIAN_POINT('',(108.,86.,12.));
#4302 = VECTOR('',#4303,1.);
#4303 = DIRECTION('',(0.,0.,1.));
#4304 = ORIENTED_EDGE('',*,*,#4305,.F.);
#4305 = EDGE_CURVE('',#4282,#4298,#4306,.T.);
#4306 = LINE('',#4307,#4308);
#4307 = CARTESIAN_POINT('',(108.,66.,14.));
#4308 = VECTOR('',#4309,1.);
#4309 = DIRECTION('',(0.,1.,0.));
#4310 = PLANE('',#4311);
#4311 = AXIS2_PLACEMENT_3D('',#4312,#4313,#4314);
#4312 = CARTESIAN_POINT('',(108.,66.,12.));
#4313 = DIRECTION('',(1.,0.,0.));
#4314 = DIRECTION('',(0.,0.,1.));
#4315 = ADVANCED_FACE('',(#4316),#4332,.F.);
#4316 = FACE_BOUND('',#4317,.F.);
#4317 = EDGE_LOOP('',(#4318,#4324,#4325,#4331));
#4318 = ORIENTED_EDGE('',*,*,#4319,.F.);
#4319 = EDGE_CURVE('',#4240,#4280,#4320,.T.);
#4320 = LINE('',#4321,#4322);
#4321 = CARTESIAN_POINT('',(27.,66.,12.));
#4322 = VECTOR('',#4323,1.);
#4323 = DIRECTION('',(1.,0.,0.));
#4324 = ORIENTED_EDGE('',*,*,#4239,.T.);
#4325 = ORIENTED_EDGE('',*,*,#4326,.T.);
#4326 = EDGE_CURVE('',#4242,#4282,#4327,.T.);
#4327 = LINE('',#4328,#4329);
#4328 = CARTESIAN_POINT('',(27.,66.,14.));
#4329 = VECTOR('',#4330,1.);
#4330 = DIRECTION('',(1.,0.,0.));
#4331 = ORIENTED_EDGE('',*,*,#4279,.F.);
#4332 = PLANE('',#4333);
#4333 = AXIS2_PLACEMENT_3D('',#4334,#4335,#4336);
#4334 = CARTESIAN_POINT('',(27.,66.,12.));
#4335 = DIRECTION('',(0.,1.,0.));
#4336 = DIRECTION('',(0.,0.,1.));
#4337 = ADVANCED_FACE('',(#4338),#4354,.T.);
#4338 = FACE_BOUND('',#4339,.T.);
#4339 = EDGE_LOOP('',(#4340,#4346,#4347,#4353));
#4340 = ORIENTED_EDGE('',*,*,#4341,.F.);
#4341 = EDGE_CURVE('',#4250,#4290,#4342,.T.);
#4342 = LINE('',#4343,#4344);
#4343 = CARTESIAN_POINT('',(27.,86.,12.));
#4344 = VECTOR('',#4345,1.);
#4345 = DIRECTION('',(1.,0.,0.));
#4346 = ORIENTED_EDGE('',*,*,#4257,.T.);
#4347 = ORIENTED_EDGE('',*,*,#4348,.T.);
#4348 = EDGE_CURVE('',#4258,#4298,#4349,.T.);
#4349 = LINE('',#4350,#4351);
#4350 = CARTESIAN_POINT('',(27.,86.,14.));
#4351 = VECTOR('',#4352,1.);
#4352 = DIRECTION('',(1.,0.,0.));
#4353 = ORIENTED_EDGE('',*,*,#4297,.F.);
#4354 = PLANE('',#4355);
#4355 = AXIS2_PLACEMENT_3D('',#4356,#4357,#4358);
#4356 = CARTESIAN_POINT('',(27.,86.,12.));
#4357 = DIRECTION('',(0.,1.,0.));
#4358 = DIRECTION('',(0.,0.,1.));
#4359 = ADVANCED_FACE('',(#4360),#4366,.F.);
#4360 = FACE_BOUND('',#4361,.F.);
#4361 = EDGE_LOOP('',(#4362,#4363,#4364,#4365));
#4362 = ORIENTED_EDGE('',*,*,#4249,.F.);
#4363 = ORIENTED_EDGE('',*,*,#4319,.T.);
#4364 = ORIENTED_EDGE('',*,*,#4289,.T.);
#4365 = ORIENTED_EDGE('',*,*,#4341,.F.);
#4366 = PLANE('',#4367);
#4367 = AXIS2_PLACEMENT_3D('',#4368,#4369,#4370);
#4368 = CARTESIAN_POINT('',(27.,66.,12.));
#4369 = DIRECTION('',(0.,0.,1.));
#4370 = DIRECTION('',(1.,0.,0.));
#4371 = ADVANCED_FACE('',(#4372),#4378,.T.);
#4372 = FACE_BOUND('',#4373,.T.);
#4373 = EDGE_LOOP('',(#4374,#4375,#4376,#4377));
#4374 = ORIENTED_EDGE('',*,*,#4265,.F.);
#4375 = ORIENTED_EDGE('',*,*,#4326,.T.);
#4376 = ORIENTED_EDGE('',*,*,#4305,.T.);
#4377 = ORIENTED_EDGE('',*,*,#4348,.F.);
#4378 = PLANE('',#4379);
#4379 = AXIS2_PLACEMENT_3D('',#4380,#4381,#4382);
#4380 = CARTESIAN_POINT('',(27.,66.,14.));
#4381 = DIRECTION('',(0.,0.,1.));
#4382 = DIRECTION('',(1.,0.,0.));
#4383 = MANIFOLD_SOLID_BREP('',#4384);
#4384 = CLOSED_SHELL('',(#4385,#4425,#4465,#4487,#4509,#4521));
#4385 = ADVANCED_FACE('',(#4386),#4420,.F.);
#4386 = FACE_BOUND('',#4387,.F.);
#4387 = EDGE_LOOP('',(#4388,#4398,#4406,#4414));
#4388 = ORIENTED_EDGE('',*,*,#4389,.F.);
#4389 = EDGE_CURVE('',#4390,#4392,#4394,.T.);
#4390 = VERTEX_POINT('',#4391);
#4391 = CARTESIAN_POINT('',(20.,66.,12.));
#4392 = VERTEX_POINT('',#4393);
#4393 = CARTESIAN_POINT('',(20.,66.,14.));
#4394 = LINE('',#4395,#4396);
#4395 = CARTESIAN_POINT('',(20.,66.,12.));
#4396 = VECTOR('',#4397,1.);
#4397 = DIRECTION('',(0.,0.,1.));
#4398 = ORIENTED_EDGE('',*,*,#4399,.T.);
#4399 = EDGE_CURVE('',#4390,#4400,#4402,.T.);
#4400 = VERTEX_POINT('',#4401);
#4401 = CARTESIAN_POINT('',(20.,72.,12.));
#4402 = LINE('',#4403,#4404);
#4403 = CARTESIAN_POINT('',(20.,66.,12.));
#4404 = VECTOR('',#4405,1.);
#4405 = DIRECTION('',(0.,1.,0.));
#4406 = ORIENTED_EDGE('',*,*,#4407,.T.);
#4407 = EDGE_CURVE('',#4400,#4408,#4410,.T.);
#4408 = VERTEX_POINT('',#4409);
#4409 = CARTESIAN_POINT('',(20.,72.,14.));
#4410 = LINE('',#4411,#4412);
#4411 = CARTESIAN_POINT('',(20.,72.,12.));
#4412 = VECTOR('',#4413,1.);
#4413 = DIRECTION('',(0.,0.,1.));
#4414 = ORIENTED_EDGE('',*,*,#4415,.F.);
#4415 = EDGE_CURVE('',#4392,#4408,#4416,.T.);
#4416 = LINE('',#4417,#4418);
#4417 = CARTESIAN_POINT('',(20.,66.,14.));
#4418 = VECTOR('',#4419,1.);
#4419 = DIRECTION('',(0.,1.,0.));
#4420 = PLANE('',#4421);
#4421 = AXIS2_PLACEMENT_3D('',#4422,#4423,#4424);
#4422 = CARTESIAN_POINT('',(20.,66.,12.));
#4423 = DIRECTION('',(1.,0.,0.));
#4424 = DIRECTION('',(0.,0.,1.));
#4425 = ADVANCED_FACE('',(#4426),#4460,.T.);
#4426 = FACE_BOUND('',#4427,.T.);
#4427 = EDGE_LOOP('',(#4428,#4438,#4446,#4454));
#4428 = ORIENTED_EDGE('',*,*,#4429,.F.);
#4429 = EDGE_CURVE('',#4430,#4432,#4434,.T.);
#4430 = VERTEX_POINT('',#4431);
#4431 = CARTESIAN_POINT('',(27.,66.,12.));
#4432 = VERTEX_POINT('',#4433);
#4433 = CARTESIAN_POINT('',(27.,66.,14.));
#4434 = LINE('',#4435,#4436);
#4435 = CARTESIAN_POINT('',(27.,66.,12.));
#4436 = VECTOR('',#4437,1.);
#4437 = DIRECTION('',(0.,0.,1.));
#4438 = ORIENTED_EDGE('',*,*,#4439,.T.);
#4439 = EDGE_CURVE('',#4430,#4440,#4442,.T.);
#4440 = VERTEX_POINT('',#4441);
#4441 = CARTESIAN_POINT('',(27.,72.,12.));
#4442 = LINE('',#4443,#4444);
#4443 = CARTESIAN_POINT('',(27.,66.,12.));
#4444 = VECTOR('',#4445,1.);
#4445 = DIRECTION('',(0.,1.,0.));
#4446 = ORIENTED_EDGE('',*,*,#4447,.T.);
#4447 = EDGE_CURVE('',#4440,#4448,#4450,.T.);
#4448 = VERTEX_POINT('',#4449);
#4449 = CARTESIAN_POINT('',(27.,72.,14.));
#4450 = LINE('',#4451,#4452);
#4451 = CARTESIAN_POINT('',(27.,72.,12.));
#4452 = VECTOR('',#4453,1.);
#4453 = DIRECTION('',(0.,0.,1.));
#4454 = ORIENTED_EDGE('',*,*,#4455,.F.);
#4455 = EDGE_CURVE('',#4432,#4448,#4456,.T.);
#4456 = LINE('',#4457,#4458);
#4457 = CARTESIAN_POINT('',(27.,66.,14.));
#4458 = VECTOR('',#4459,1.);
#4459 = DIRECTION('',(0.,1.,0.));
#4460 = PLANE('',#4461);
#4461 = AXIS2_PLACEMENT_3D('',#4462,#4463,#4464);
#4462 = CARTESIAN_POINT('',(27.,66.,12.));
#4463 = DIRECTION('',(1.,0.,0.));
#4464 = DIRECTION('',(0.,0.,1.));
#4465 = ADVANCED_FACE('',(#4466),#4482,.F.);
#4466 = FACE_BOUND('',#4467,.F.);
#4467 = EDGE_LOOP('',(#4468,#4474,#4475,#4481));
#4468 = ORIENTED_EDGE('',*,*,#4469,.F.);
#4469 = EDGE_CURVE('',#4390,#4430,#4470,.T.);
#4470 = LINE('',#4471,#4472);
#4471 = CARTESIAN_POINT('',(20.,66.,12.));
#4472 = VECTOR('',#4473,1.);
#4473 = DIRECTION('',(1.,0.,0.));
#4474 = ORIENTED_EDGE('',*,*,#4389,.T.);
#4475 = ORIENTED_EDGE('',*,*,#4476,.T.);
#4476 = EDGE_CURVE('',#4392,#4432,#4477,.T.);
#4477 = LINE('',#4478,#4479);
#4478 = CARTESIAN_POINT('',(20.,66.,14.));
#4479 = VECTOR('',#4480,1.);
#4480 = DIRECTION('',(1.,0.,0.));
#4481 = ORIENTED_EDGE('',*,*,#4429,.F.);
#4482 = PLANE('',#4483);
#4483 = AXIS2_PLACEMENT_3D('',#4484,#4485,#4486);
#4484 = CARTESIAN_POINT('',(20.,66.,12.));
#4485 = DIRECTION('',(0.,1.,0.));
#4486 = DIRECTION('',(0.,0.,1.));
#4487 = ADVANCED_FACE('',(#4488),#4504,.T.);
#4488 = FACE_BOUND('',#4489,.T.);
#4489 = EDGE_LOOP('',(#4490,#4496,#4497,#4503));
#4490 = ORIENTED_EDGE('',*,*,#4491,.F.);
#4491 = EDGE_CURVE('',#4400,#4440,#4492,.T.);
#4492 = LINE('',#4493,#4494);
#4493 = CARTESIAN_POINT('',(20.,72.,12.));
#4494 = VECTOR('',#4495,1.);
#4495 = DIRECTION('',(1.,0.,0.));
#4496 = ORIENTED_EDGE('',*,*,#4407,.T.);
#4497 = ORIENTED_EDGE('',*,*,#4498,.T.);
#4498 = EDGE_CURVE('',#4408,#4448,#4499,.T.);
#4499 = LINE('',#4500,#4501);
#4500 = CARTESIAN_POINT('',(20.,72.,14.));
#4501 = VECTOR('',#4502,1.);
#4502 = DIRECTION('',(1.,0.,0.));
#4503 = ORIENTED_EDGE('',*,*,#4447,.F.);
#4504 = PLANE('',#4505);
#4505 = AXIS2_PLACEMENT_3D('',#4506,#4507,#4508);
#4506 = CARTESIAN_POINT('',(20.,72.,12.));
#4507 = DIRECTION('',(0.,1.,0.));
#4508 = DIRECTION('',(0.,0.,1.));
#4509 = ADVANCED_FACE('',(#4510),#4516,.F.);
#4510 = FACE_BOUND('',#4511,.F.);
#4511 = EDGE_LOOP('',(#4512,#4513,#4514,#4515));
#4512 = ORIENTED_EDGE('',*,*,#4399,.F.);
#4513 = ORIENTED_EDGE('',*,*,#4469,.T.);
#4514 = ORIENTED_EDGE('',*,*,#4439,.T.);
#4515 = ORIENTED_EDGE('',*,*,#4491,.F.);
#4516 = PLANE('',#4517);
#4517 = AXIS2_PLACEMENT_3D('',#4518,#4519,#4520);
#4518 = CARTESIAN_POINT('',(20.,66.,12.));
#4519 = DIRECTION('',(0.,0.,1.));
#4520 = DIRECTION('',(1.,0.,0.));
#4521 = ADVANCED_FACE('',(#4522),#4528,.T.);
#4522 = FACE_BOUND('',#4523,.T.);
#4523 = EDGE_LOOP('',(#4524,#4525,#4526,#4527));
#4524 = ORIENTED_EDGE('',*,*,#4415,.F.);
#4525 = ORIENTED_EDGE('',*,*,#4476,.T.);
#4526 = ORIENTED_EDGE('',*,*,#4455,.T.);
#4527 = ORIENTED_EDGE('',*,*,#4498,.F.);
#4528 = PLANE('',#4529);
#4529 = AXIS2_PLACEMENT_3D('',#4530,#4531,#4532);
#4530 = CARTESIAN_POINT('',(20.,66.,14.));
#4531 = DIRECTION('',(0.,0.,1.));
#4532 = DIRECTION('',(1.,0.,0.));
#4533 = MANIFOLD_SOLID_BREP('',#4534);
#4534 = CLOSED_SHELL('',(#4535,#4575,#4615,#4637,#4659,#4671));
#4535 = ADVANCED_FACE('',(#4536),#4570,.F.);
#4536 = FACE_BOUND('',#4537,.F.);
#4537 = EDGE_LOOP('',(#4538,#4548,#4556,#4564));
#4538 = ORIENTED_EDGE('',*,*,#4539,.F.);
#4539 = EDGE_CURVE('',#4540,#4542,#4544,.T.);
#4540 = VERTEX_POINT('',#4541);
#4541 = CARTESIAN_POINT('',(26.,80.,87.));
#4542 = VERTEX_POINT('',#4543);
#4543 = CARTESIAN_POINT('',(26.,80.,95.));
#4544 = LINE('',#4545,#4546);
#4545 = CARTESIAN_POINT('',(26.,80.,87.));
#4546 = VECTOR('',#4547,1.);
#4547 = DIRECTION('',(0.,0.,1.));
#4548 = ORIENTED_EDGE('',*,*,#4549,.T.);
#4549 = EDGE_CURVE('',#4540,#4550,#4552,.T.);
#4550 = VERTEX_POINT('',#4551);
#4551 = CARTESIAN_POINT('',(26.,82.,87.));
#4552 = LINE('',#4553,#4554);
#4553 = CARTESIAN_POINT('',(26.,80.,87.));
#4554 = VECTOR('',#4555,1.);
#4555 = DIRECTION('',(0.,1.,0.));
#4556 = ORIENTED_EDGE('',*,*,#4557,.T.);
#4557 = EDGE_CURVE('',#4550,#4558,#4560,.T.);
#4558 = VERTEX_POINT('',#4559);
#4559 = CARTESIAN_POINT('',(26.,82.,95.));
#4560 = LINE('',#4561,#4562);
#4561 = CARTESIAN_POINT('',(26.,82.,87.));
#4562 = VECTOR('',#4563,1.);
#4563 = DIRECTION('',(0.,0.,1.));
#4564 = ORIENTED_EDGE('',*,*,#4565,.F.);
#4565 = EDGE_CURVE('',#4542,#4558,#4566,.T.);
#4566 = LINE('',#4567,#4568);
#4567 = CARTESIAN_POINT('',(26.,80.,95.));
#4568 = VECTOR('',#4569,1.);
#4569 = DIRECTION('',(0.,1.,0.));
#4570 = PLANE('',#4571);
#4571 = AXIS2_PLACEMENT_3D('',#4572,#4573,#4574);
#4572 = CARTESIAN_POINT('',(26.,80.,87.));
#4573 = DIRECTION('',(1.,0.,0.));
#4574 = DIRECTION('',(0.,0.,1.));
#4575 = ADVANCED_FACE('',(#4576),#4610,.T.);
#4576 = FACE_BOUND('',#4577,.T.);
#4577 = EDGE_LOOP('',(#4578,#4588,#4596,#4604));
#4578 = ORIENTED_EDGE('',*,*,#4579,.F.);
#4579 = EDGE_CURVE('',#4580,#4582,#4584,.T.);
#4580 = VERTEX_POINT('',#4581);
#4581 = CARTESIAN_POINT('',(141.,80.,87.));
#4582 = VERTEX_POINT('',#4583);
#4583 = CARTESIAN_POINT('',(141.,80.,95.));
#4584 = LINE('',#4585,#4586);
#4585 = CARTESIAN_POINT('',(141.,80.,87.));
#4586 = VECTOR('',#4587,1.);
#4587 = DIRECTION('',(0.,0.,1.));
#4588 = ORIENTED_EDGE('',*,*,#4589,.T.);
#4589 = EDGE_CURVE('',#4580,#4590,#4592,.T.);
#4590 = VERTEX_POINT('',#4591);
#4591 = CARTESIAN_POINT('',(141.,82.,87.));
#4592 = LINE('',#4593,#4594);
#4593 = CARTESIAN_POINT('',(141.,80.,87.));
#4594 = VECTOR('',#4595,1.);
#4595 = DIRECTION('',(0.,1.,0.));
#4596 = ORIENTED_EDGE('',*,*,#4597,.T.);
#4597 = EDGE_CURVE('',#4590,#4598,#4600,.T.);
#4598 = VERTEX_POINT('',#4599);
#4599 = CARTESIAN_POINT('',(141.,82.,95.));
#4600 = LINE('',#4601,#4602);
#4601 = CARTESIAN_POINT('',(141.,82.,87.));
#4602 = VECTOR('',#4603,1.);
#4603 = DIRECTION('',(0.,0.,1.));
#4604 = ORIENTED_EDGE('',*,*,#4605,.F.);
#4605 = EDGE_CURVE('',#4582,#4598,#4606,.T.);
#4606 = LINE('',#4607,#4608);
#4607 = CARTESIAN_POINT('',(141.,80.,95.));
#4608 = VECTOR('',#4609,1.);
#4609 = DIRECTION('',(0.,1.,0.));
#4610 = PLANE('',#4611);
#4611 = AXIS2_PLACEMENT_3D('',#4612,#4613,#4614);
#4612 = CARTESIAN_POINT('',(141.,80.,87.));
#4613 = DIRECTION('',(1.,0.,0.));
#4614 = DIRECTION('',(0.,0.,1.));
#4615 = ADVANCED_FACE('',(#4616),#4632,.F.);
#4616 = FACE_BOUND('',#4617,.F.);
#4617 = EDGE_LOOP('',(#4618,#4624,#4625,#4631));
#4618 = ORIENTED_EDGE('',*,*,#4619,.F.);
#4619 = EDGE_CURVE('',#4540,#4580,#4620,.T.);
#4620 = LINE('',#4621,#4622);
#4621 = CARTESIAN_POINT('',(26.,80.,87.));
#4622 = VECTOR('',#4623,1.);
#4623 = DIRECTION('',(1.,0.,0.));
#4624 = ORIENTED_EDGE('',*,*,#4539,.T.);
#4625 = ORIENTED_EDGE('',*,*,#4626,.T.);
#4626 = EDGE_CURVE('',#4542,#4582,#4627,.T.);
#4627 = LINE('',#4628,#4629);
#4628 = CARTESIAN_POINT('',(26.,80.,95.));
#4629 = VECTOR('',#4630,1.);
#4630 = DIRECTION('',(1.,0.,0.));
#4631 = ORIENTED_EDGE('',*,*,#4579,.F.);
#4632 = PLANE('',#4633);
#4633 = AXIS2_PLACEMENT_3D('',#4634,#4635,#4636);
#4634 = CARTESIAN_POINT('',(26.,80.,87.));
#4635 = DIRECTION('',(0.,1.,0.));
#4636 = DIRECTION('',(0.,0.,1.));
#4637 = ADVANCED_FACE('',(#4638),#4654,.T.);
#4638 = FACE_BOUND('',#4639,.T.);
#4639 = EDGE_LOOP('',(#4640,#4646,#4647,#4653));
#4640 = ORIENTED_EDGE('',*,*,#4641,.F.);
#4641 = EDGE_CURVE('',#4550,#4590,#4642,.T.);
#4642 = LINE('',#4643,#4644);
#4643 = CARTESIAN_POINT('',(26.,82.,87.));
#4644 = VECTOR('',#4645,1.);
#4645 = DIRECTION('',(1.,0.,0.));
#4646 = ORIENTED_EDGE('',*,*,#4557,.T.);
#4647 = ORIENTED_EDGE('',*,*,#4648,.T.);
#4648 = EDGE_CURVE('',#4558,#4598,#4649,.T.);
#4649 = LINE('',#4650,#4651);
#4650 = CARTESIAN_POINT('',(26.,82.,95.));
#4651 = VECTOR('',#4652,1.);
#4652 = DIRECTION('',(1.,0.,0.));
#4653 = ORIENTED_EDGE('',*,*,#4597,.F.);
#4654 = PLANE('',#4655);
#4655 = AXIS2_PLACEMENT_3D('',#4656,#4657,#4658);
#4656 = CARTESIAN_POINT('',(26.,82.,87.));
#4657 = DIRECTION('',(0.,1.,0.));
#4658 = DIRECTION('',(0.,0.,1.));
#4659 = ADVANCED_FACE('',(#4660),#4666,.F.);
#4660 = FACE_BOUND('',#4661,.F.);
#4661 = EDGE_LOOP('',(#4662,#4663,#4664,#4665));
#4662 = ORIENTED_EDGE('',*,*,#4549,.F.);
#4663 = ORIENTED_EDGE('',*,*,#4619,.T.);
#4664 = ORIENTED_EDGE('',*,*,#4589,.T.);
#4665 = ORIENTED_EDGE('',*,*,#4641,.F.);
#4666 = PLANE('',#4667);
#4667 = AXIS2_PLACEMENT_3D('',#4668,#4669,#4670);
#4668 = CARTESIAN_POINT('',(26.,80.,87.));
#4669 = DIRECTION('',(0.,0.,1.));
#4670 = DIRECTION('',(1.,0.,0.));
#4671 = ADVANCED_FACE('',(#4672),#4678,.T.);
#4672 = FACE_BOUND('',#4673,.T.);
#4673 = EDGE_LOOP('',(#4674,#4675,#4676,#4677));
#4674 = ORIENTED_EDGE('',*,*,#4565,.F.);
#4675 = ORIENTED_EDGE('',*,*,#4626,.T.);
#4676 = ORIENTED_EDGE('',*,*,#4605,.T.);
#4677 = ORIENTED_EDGE('',*,*,#4648,.F.);
#4678 = PLANE('',#4679);
#4679 = AXIS2_PLACEMENT_3D('',#4680,#4681,#4682);
#4680 = CARTESIAN_POINT('',(26.,80.,95.));
#4681 = DIRECTION('',(0.,0.,1.));
#4682 = DIRECTION('',(1.,0.,0.));
#4683 = MANIFOLD_SOLID_BREP('',#4684);
#4684 = CLOSED_SHELL('',(#4685,#4725,#4765,#4787,#4809,#4821));
#4685 = ADVANCED_FACE('',(#4686),#4720,.F.);
#4686 = FACE_BOUND('',#4687,.F.);
#4687 = EDGE_LOOP('',(#4688,#4698,#4706,#4714));
#4688 = ORIENTED_EDGE('',*,*,#4689,.F.);
#4689 = EDGE_CURVE('',#4690,#4692,#4694,.T.);
#4690 = VERTEX_POINT('',#4691);
#4691 = CARTESIAN_POINT('',(26.,13.,87.));
#4692 = VERTEX_POINT('',#4693);
#4693 = CARTESIAN_POINT('',(26.,13.,95.));
#4694 = LINE('',#4695,#4696);
#4695 = CARTESIAN_POINT('',(26.,13.,87.));
#4696 = VECTOR('',#4697,1.);
#4697 = DIRECTION('',(0.,0.,1.));
#4698 = ORIENTED_EDGE('',*,*,#4699,.T.);
#4699 = EDGE_CURVE('',#4690,#4700,#4702,.T.);
#4700 = VERTEX_POINT('',#4701);
#4701 = CARTESIAN_POINT('',(26.,15.,87.));
#4702 = LINE('',#4703,#4704);
#4703 = CARTESIAN_POINT('',(26.,13.,87.));
#4704 = VECTOR('',#4705,1.);
#4705 = DIRECTION('',(0.,1.,0.));
#4706 = ORIENTED_EDGE('',*,*,#4707,.T.);
#4707 = EDGE_CURVE('',#4700,#4708,#4710,.T.);
#4708 = VERTEX_POINT('',#4709);
#4709 = CARTESIAN_POINT('',(26.,15.,95.));
#4710 = LINE('',#4711,#4712);
#4711 = CARTESIAN_POINT('',(26.,15.,87.));
#4712 = VECTOR('',#4713,1.);
#4713 = DIRECTION('',(0.,0.,1.));
#4714 = ORIENTED_EDGE('',*,*,#4715,.F.);
#4715 = EDGE_CURVE('',#4692,#4708,#4716,.T.);
#4716 = LINE('',#4717,#4718);
#4717 = CARTESIAN_POINT('',(26.,13.,95.));
#4718 = VECTOR('',#4719,1.);
#4719 = DIRECTION('',(0.,1.,0.));
#4720 = PLANE('',#4721);
#4721 = AXIS2_PLACEMENT_3D('',#4722,#4723,#4724);
#4722 = CARTESIAN_POINT('',(26.,13.,87.));
#4723 = DIRECTION('',(1.,0.,0.));
#4724 = DIRECTION('',(0.,0.,1.));
#4725 = ADVANCED_FACE('',(#4726),#4760,.T.);
#4726 = FACE_BOUND('',#4727,.T.);
#4727 = EDGE_LOOP('',(#4728,#4738,#4746,#4754));
#4728 = ORIENTED_EDGE('',*,*,#4729,.F.);
#4729 = EDGE_CURVE('',#4730,#4732,#4734,.T.);
#4730 = VERTEX_POINT('',#4731);
#4731 = CARTESIAN_POINT('',(106.,13.,87.));
#4732 = VERTEX_POINT('',#4733);
#4733 = CARTESIAN_POINT('',(106.,13.,95.));
#4734 = LINE('',#4735,#4736);
#4735 = CARTESIAN_POINT('',(106.,13.,87.));
#4736 = VECTOR('',#4737,1.);
#4737 = DIRECTION('',(0.,0.,1.));
#4738 = ORIENTED_EDGE('',*,*,#4739,.T.);
#4739 = EDGE_CURVE('',#4730,#4740,#4742,.T.);
#4740 = VERTEX_POINT('',#4741);
#4741 = CARTESIAN_POINT('',(106.,15.,87.));
#4742 = LINE('',#4743,#4744);
#4743 = CARTESIAN_POINT('',(106.,13.,87.));
#4744 = VECTOR('',#4745,1.);
#4745 = DIRECTION('',(0.,1.,0.));
#4746 = ORIENTED_EDGE('',*,*,#4747,.T.);
#4747 = EDGE_CURVE('',#4740,#4748,#4750,.T.);
#4748 = VERTEX_POINT('',#4749);
#4749 = CARTESIAN_POINT('',(106.,15.,95.));
#4750 = LINE('',#4751,#4752);
#4751 = CARTESIAN_POINT('',(106.,15.,87.));
#4752 = VECTOR('',#4753,1.);
#4753 = DIRECTION('',(0.,0.,1.));
#4754 = ORIENTED_EDGE('',*,*,#4755,.F.);
#4755 = EDGE_CURVE('',#4732,#4748,#4756,.T.);
#4756 = LINE('',#4757,#4758);
#4757 = CARTESIAN_POINT('',(106.,13.,95.));
#4758 = VECTOR('',#4759,1.);
#4759 = DIRECTION('',(0.,1.,0.));
#4760 = PLANE('',#4761);
#4761 = AXIS2_PLACEMENT_3D('',#4762,#4763,#4764);
#4762 = CARTESIAN_POINT('',(106.,13.,87.));
#4763 = DIRECTION('',(1.,0.,0.));
#4764 = DIRECTION('',(0.,0.,1.));
#4765 = ADVANCED_FACE('',(#4766),#4782,.F.);
#4766 = FACE_BOUND('',#4767,.F.);
#4767 = EDGE_LOOP('',(#4768,#4774,#4775,#4781));
#4768 = ORIENTED_EDGE('',*,*,#4769,.F.);
#4769 = EDGE_CURVE('',#4690,#4730,#4770,.T.);
#4770 = LINE('',#4771,#4772);
#4771 = CARTESIAN_POINT('',(26.,13.,87.));
#4772 = VECTOR('',#4773,1.);
#4773 = DIRECTION('',(1.,0.,0.));
#4774 = ORIENTED_EDGE('',*,*,#4689,.T.);
#4775 = ORIENTED_EDGE('',*,*,#4776,.T.);
#4776 = EDGE_CURVE('',#4692,#4732,#4777,.T.);
#4777 = LINE('',#4778,#4779);
#4778 = CARTESIAN_POINT('',(26.,13.,95.));
#4779 = VECTOR('',#4780,1.);
#4780 = DIRECTION('',(1.,0.,0.));
#4781 = ORIENTED_EDGE('',*,*,#4729,.F.);
#4782 = PLANE('',#4783);
#4783 = AXIS2_PLACEMENT_3D('',#4784,#4785,#4786);
#4784 = CARTESIAN_POINT('',(26.,13.,87.));
#4785 = DIRECTION('',(0.,1.,0.));
#4786 = DIRECTION('',(0.,0.,1.));
#4787 = ADVANCED_FACE('',(#4788),#4804,.T.);
#4788 = FACE_BOUND('',#4789,.T.);
#4789 = EDGE_LOOP('',(#4790,#4796,#4797,#4803));
#4790 = ORIENTED_EDGE('',*,*,#4791,.F.);
#4791 = EDGE_CURVE('',#4700,#4740,#4792,.T.);
#4792 = LINE('',#4793,#4794);
#4793 = CARTESIAN_POINT('',(26.,15.,87.));
#4794 = VECTOR('',#4795,1.);
#4795 = DIRECTION('',(1.,0.,0.));
#4796 = ORIENTED_EDGE('',*,*,#4707,.T.);
#4797 = ORIENTED_EDGE('',*,*,#4798,.T.);
#4798 = EDGE_CURVE('',#4708,#4748,#4799,.T.);
#4799 = LINE('',#4800,#4801);
#4800 = CARTESIAN_POINT('',(26.,15.,95.));
#4801 = VECTOR('',#4802,1.);
#4802 = DIRECTION('',(1.,0.,0.));
#4803 = ORIENTED_EDGE('',*,*,#4747,.F.);
#4804 = PLANE('',#4805);
#4805 = AXIS2_PLACEMENT_3D('',#4806,#4807,#4808);
#4806 = CARTESIAN_POINT('',(26.,15.,87.));
#4807 = DIRECTION('',(0.,1.,0.));
#4808 = DIRECTION('',(0.,0.,1.));
#4809 = ADVANCED_FACE('',(#4810),#4816,.F.);
#4810 = FACE_BOUND('',#4811,.F.);
#4811 = EDGE_LOOP('',(#4812,#4813,#4814,#4815));
#4812 = ORIENTED_EDGE('',*,*,#4699,.F.);
#4813 = ORIENTED_EDGE('',*,*,#4769,.T.);
#4814 = ORIENTED_EDGE('',*,*,#4739,.T.);
#4815 = ORIENTED_EDGE('',*,*,#4791,.F.);
#4816 = PLANE('',#4817);
#4817 = AXIS2_PLACEMENT_3D('',#4818,#4819,#4820);
#4818 = CARTESIAN_POINT('',(26.,13.,87.));
#4819 = DIRECTION('',(0.,0.,1.));
#4820 = DIRECTION('',(1.,0.,0.));
#4821 = ADVANCED_FACE('',(#4822),#4828,.T.);
#4822 = FACE_BOUND('',#4823,.T.);
#4823 = EDGE_LOOP('',(#4824,#4825,#4826,#4827));
#4824 = ORIENTED_EDGE('',*,*,#4715,.F.);
#4825 = ORIENTED_EDGE('',*,*,#4776,.T.);
#4826 = ORIENTED_EDGE('',*,*,#4755,.T.);
#4827 = ORIENTED_EDGE('',*,*,#4798,.F.);
#4828 = PLANE('',#4829);
#4829 = AXIS2_PLACEMENT_3D('',#4830,#4831,#4832);
#4830 = CARTESIAN_POINT('',(26.,13.,95.));
#4831 = DIRECTION('',(0.,0.,1.));
#4832 = DIRECTION('',(1.,0.,0.));
#4833 = MANIFOLD_SOLID_BREP('',#4834);
#4834 = CLOSED_SHELL('',(#4835,#4868,#4877));
#4835 = ADVANCED_FACE('',(#4836),#4863,.T.);
#4836 = FACE_BOUND('',#4837,.T.);
#4837 = EDGE_LOOP('',(#4838,#4847,#4855,#4862));
#4838 = ORIENTED_EDGE('',*,*,#4839,.F.);
#4839 = EDGE_CURVE('',#4840,#4840,#4842,.T.);
#4840 = VERTEX_POINT('',#4841);
#4841 = CARTESIAN_POINT('',(25.,69.,86.));
#4842 = CIRCLE('',#4843,2.);
#4843 = AXIS2_PLACEMENT_3D('',#4844,#4845,#4846);
#4844 = CARTESIAN_POINT('',(23.,69.,86.));
#4845 = DIRECTION('',(0.,0.,1.));
#4846 = DIRECTION('',(1.,0.,0.));
#4847 = ORIENTED_EDGE('',*,*,#4848,.F.);
#4848 = EDGE_CURVE('',#4849,#4840,#4851,.T.);
#4849 = VERTEX_POINT('',#4850);
#4850 = CARTESIAN_POINT('',(25.,69.,14.));
#4851 = LINE('',#4852,#4853);
#4852 = CARTESIAN_POINT('',(25.,69.,14.));
#4853 = VECTOR('',#4854,1.);
#4854 = DIRECTION('',(0.,0.,1.));
#4855 = ORIENTED_EDGE('',*,*,#4856,.T.);
#4856 = EDGE_CURVE('',#4849,#4849,#4857,.T.);
#4857 = CIRCLE('',#4858,2.);
#4858 = AXIS2_PLACEMENT_3D('',#4859,#4860,#4861);
#4859 = CARTESIAN_POINT('',(23.,69.,14.));
#4860 = DIRECTION('',(0.,0.,1.));
#4861 = DIRECTION('',(1.,0.,0.));
#4862 = ORIENTED_EDGE('',*,*,#4848,.T.);
#4863 = CYLINDRICAL_SURFACE('',#4864,2.);
#4864 = AXIS2_PLACEMENT_3D('',#4865,#4866,#4867);
#4865 = CARTESIAN_POINT('',(23.,69.,14.));
#4866 = DIRECTION('',(0.,0.,1.));
#4867 = DIRECTION('',(1.,0.,0.));
#4868 = ADVANCED_FACE('',(#4869),#4872,.T.);
#4869 = FACE_BOUND('',#4870,.T.);
#4870 = EDGE_LOOP('',(#4871));
#4871 = ORIENTED_EDGE('',*,*,#4839,.T.);
#4872 = PLANE('',#4873);
#4873 = AXIS2_PLACEMENT_3D('',#4874,#4875,#4876);
#4874 = CARTESIAN_POINT('',(23.,69.,86.));
#4875 = DIRECTION('',(0.,0.,1.));
#4876 = DIRECTION('',(1.,0.,0.));
#4877 = ADVANCED_FACE('',(#4878),#4881,.F.);
#4878 = FACE_BOUND('',#4879,.T.);
#4879 = EDGE_LOOP('',(#4880));
#4880 = ORIENTED_EDGE('',*,*,#4856,.F.);
#4881 = PLANE('',#4882);
#4882 = AXIS2_PLACEMENT_3D('',#4883,#4884,#4885);
#4883 = CARTESIAN_POINT('',(23.,69.,14.));
#4884 = DIRECTION('',(0.,0.,1.));
#4885 = DIRECTION('',(1.,0.,0.));
#4886 = MANIFOLD_SOLID_BREP('',#4887);
#4887 = CLOSED_SHELL('',(#4888,#4921,#4930));
#4888 = ADVANCED_FACE('',(#4889),#4916,.T.);
#4889 = FACE_BOUND('',#4890,.T.);
#4890 = EDGE_LOOP('',(#4891,#4900,#4908,#4915));
#4891 = ORIENTED_EDGE('',*,*,#4892,.F.);
#4892 = EDGE_CURVE('',#4893,#4893,#4895,.T.);
#4893 = VERTEX_POINT('',#4894);
#4894 = CARTESIAN_POINT('',(108.,69.,86.));
#4895 = CIRCLE('',#4896,2.);
#4896 = AXIS2_PLACEMENT_3D('',#4897,#4898,#4899);
#4897 = CARTESIAN_POINT('',(106.,69.,86.));
#4898 = DIRECTION('',(0.,0.,1.));
#4899 = DIRECTION('',(1.,0.,0.));
#4900 = ORIENTED_EDGE('',*,*,#4901,.F.);
#4901 = EDGE_CURVE('',#4902,#4893,#4904,.T.);
#4902 = VERTEX_POINT('',#4903);
#4903 = CARTESIAN_POINT('',(108.,69.,14.));
#4904 = LINE('',#4905,#4906);
#4905 = CARTESIAN_POINT('',(108.,69.,14.));
#4906 = VECTOR('',#4907,1.);
#4907 = DIRECTION('',(0.,0.,1.));
#4908 = ORIENTED_EDGE('',*,*,#4909,.T.);
#4909 = EDGE_CURVE('',#4902,#4902,#4910,.T.);
#4910 = CIRCLE('',#4911,2.);
#4911 = AXIS2_PLACEMENT_3D('',#4912,#4913,#4914);
#4912 = CARTESIAN_POINT('',(106.,69.,14.));
#4913 = DIRECTION('',(0.,0.,1.));
#4914 = DIRECTION('',(1.,0.,0.));
#4915 = ORIENTED_EDGE('',*,*,#4901,.T.);
#4916 = CYLINDRICAL_SURFACE('',#4917,2.);
#4917 = AXIS2_PLACEMENT_3D('',#4918,#4919,#4920);
#4918 = CARTESIAN_POINT('',(106.,69.,14.));
#4919 = DIRECTION('',(0.,0.,1.));
#4920 = DIRECTION('',(1.,0.,0.));
#4921 = ADVANCED_FACE('',(#4922),#4925,.T.);
#4922 = FACE_BOUND('',#4923,.T.);
#4923 = EDGE_LOOP('',(#4924));
#4924 = ORIENTED_EDGE('',*,*,#4892,.T.);
#4925 = PLANE('',#4926);
#4926 = AXIS2_PLACEMENT_3D('',#4927,#4928,#4929);
#4927 = CARTESIAN_POINT('',(106.,69.,86.));
#4928 = DIRECTION('',(0.,0.,1.));
#4929 = DIRECTION('',(1.,0.,0.));
#4930 = ADVANCED_FACE('',(#4931),#4934,.F.);
#4931 = FACE_BOUND('',#4932,.T.);
#4932 = EDGE_LOOP('',(#4933));
#4933 = ORIENTED_EDGE('',*,*,#4909,.F.);
#4934 = PLANE('',#4935);
#4935 = AXIS2_PLACEMENT_3D('',#4936,#4937,#4938);
#4936 = CARTESIAN_POINT('',(106.,69.,14.));
#4937 = DIRECTION('',(0.,0.,1.));
#4938 = DIRECTION('',(1.,0.,0.));
#4939 = MANIFOLD_SOLID_BREP('',#4940);
#4940 = CLOSED_SHELL('',(#4941,#4974,#4983));
#4941 = ADVANCED_FACE('',(#4942),#4969,.T.);
#4942 = FACE_BOUND('',#4943,.T.);
#4943 = EDGE_LOOP('',(#4944,#4953,#4961,#4968));
#4944 = ORIENTED_EDGE('',*,*,#4945,.F.);
#4945 = EDGE_CURVE('',#4946,#4946,#4948,.T.);
#4946 = VERTEX_POINT('',#4947);
#4947 = CARTESIAN_POINT('',(108.,82.,86.));
#4948 = CIRCLE('',#4949,2.);
#4949 = AXIS2_PLACEMENT_3D('',#4950,#4951,#4952);
#4950 = CARTESIAN_POINT('',(106.,82.,86.));
#4951 = DIRECTION('',(0.,0.,1.));
#4952 = DIRECTION('',(1.,0.,0.));
#4953 = ORIENTED_EDGE('',*,*,#4954,.F.);
#4954 = EDGE_CURVE('',#4955,#4946,#4957,.T.);
#4955 = VERTEX_POINT('',#4956);
#4956 = CARTESIAN_POINT('',(108.,82.,14.));
#4957 = LINE('',#4958,#4959);
#4958 = CARTESIAN_POINT('',(108.,82.,14.));
#4959 = VECTOR('',#4960,1.);
#4960 = DIRECTION('',(0.,0.,1.));
#4961 = ORIENTED_EDGE('',*,*,#4962,.T.);
#4962 = EDGE_CURVE('',#4955,#4955,#4963,.T.);
#4963 = CIRCLE('',#4964,2.);
#4964 = AXIS2_PLACEMENT_3D('',#4965,#4966,#4967);
#4965 = CARTESIAN_POINT('',(106.,82.,14.));
#4966 = DIRECTION('',(0.,0.,1.));
#4967 = DIRECTION('',(1.,0.,0.));
#4968 = ORIENTED_EDGE('',*,*,#4954,.T.);
#4969 = CYLINDRICAL_SURFACE('',#4970,2.);
#4970 = AXIS2_PLACEMENT_3D('',#4971,#4972,#4973);
#4971 = CARTESIAN_POINT('',(106.,82.,14.));
#4972 = DIRECTION('',(0.,0.,1.));
#4973 = DIRECTION('',(1.,0.,0.));
#4974 = ADVANCED_FACE('',(#4975),#4978,.T.);
#4975 = FACE_BOUND('',#4976,.T.);
#4976 = EDGE_LOOP('',(#4977));
#4977 = ORIENTED_EDGE('',*,*,#4945,.T.);
#4978 = PLANE('',#4979);
#4979 = AXIS2_PLACEMENT_3D('',#4980,#4981,#4982);
#4980 = CARTESIAN_POINT('',(106.,82.,86.));
#4981 = DIRECTION('',(0.,0.,1.));
#4982 = DIRECTION('',(1.,0.,0.));
#4983 = ADVANCED_FACE('',(#4984),#4987,.F.);
#4984 = FACE_BOUND('',#4985,.T.);
#4985 = EDGE_LOOP('',(#4986));
#4986 = ORIENTED_EDGE('',*,*,#4962,.F.);
#4987 = PLANE('',#4988);
#4988 = AXIS2_PLACEMENT_3D('',#4989,#4990,#4991);
#4989 = CARTESIAN_POINT('',(106.,82.,14.));
#4990 = DIRECTION('',(0.,0.,1.));
#4991 = DIRECTION('',(1.,0.,0.));
#4992 = GEOMETRIC_CURVE_SET('',(#4993));
#4993 = TRIMMED_CURVE('',#4994,(#4998,PARAMETER_VALUE(0.)),(#4999,
    PARAMETER_VALUE(34.)),.T.,.PARAMETER.);
#4994 = LINE('',#4995,#4996);
#4995 = CARTESIAN_POINT('',(144.,13.,87.));
#4996 = VECTOR('',#4997,1.);
#4997 = DIRECTION('',(0.,0.,1.));
#4998 = CARTESIAN_POINT('',(144.,13.,87.));
#4999 = CARTESIAN_POINT('',(144.,13.,121.));
#5000 = GEOMETRIC_CURVE_SET('',(#5001));
#5001 = TRIMMED_CURVE('',#5002,(#5006,PARAMETER_VALUE(0.)),(#5007,
    PARAMETER_VALUE(70.)),.T.,.PARAMETER.);
#5002 = LINE('',#5003,#5004);
#5003 = CARTESIAN_POINT('',(144.,13.,121.));
#5004 = VECTOR('',#5005,1.);
#5005 = DIRECTION('',(0.,1.,0.));
#5006 = CARTESIAN_POINT('',(144.,13.,121.));
#5007 = CARTESIAN_POINT('',(144.,83.,121.));
#5008 = GEOMETRIC_CURVE_SET('',(#5009));
#5009 = TRIMMED_CURVE('',#5010,(#5014,PARAMETER_VALUE(0.)),(#5015,
    PARAMETER_VALUE(34.)),.T.,.PARAMETER.);
#5010 = LINE('',#5011,#5012);
#5011 = CARTESIAN_POINT('',(144.,83.,87.));
#5012 = VECTOR('',#5013,1.);
#5013 = DIRECTION('',(0.,0.,1.));
#5014 = CARTESIAN_POINT('',(144.,83.,87.));
#5015 = CARTESIAN_POINT('',(144.,83.,121.));
#5016 = GEOMETRIC_CURVE_SET('',(#5017));
#5017 = TRIMMED_CURVE('',#5018,(#5022,PARAMETER_VALUE(0.)),(#5023,
    PARAMETER_VALUE(70.)),.T.,.PARAMETER.);
#5018 = LINE('',#5019,#5020);
#5019 = CARTESIAN_POINT('',(144.,13.,87.));
#5020 = VECTOR('',#5021,1.);
#5021 = DIRECTION('',(0.,1.,0.));
#5022 = CARTESIAN_POINT('',(144.,13.,87.));
#5023 = CARTESIAN_POINT('',(144.,83.,87.));
#5024 = GEOMETRIC_CURVE_SET('',(#5025));
#5025 = TRIMMED_CURVE('',#5026,(#5030,PARAMETER_VALUE(0.)),(#5031,
    PARAMETER_VALUE(34.)),.T.,.PARAMETER.);
#5026 = LINE('',#5027,#5028);
#5027 = CARTESIAN_POINT('',(248.,13.,87.));
#5028 = VECTOR('',#5029,1.);
#5029 = DIRECTION('',(0.,0.,1.));
#5030 = CARTESIAN_POINT('',(248.,13.,87.));
#5031 = CARTESIAN_POINT('',(248.,13.,121.));
#5032 = GEOMETRIC_CURVE_SET('',(#5033));
#5033 = TRIMMED_CURVE('',#5034,(#5038,PARAMETER_VALUE(0.)),(#5039,
    PARAMETER_VALUE(70.)),.T.,.PARAMETER.);
#5034 = LINE('',#5035,#5036);
#5035 = CARTESIAN_POINT('',(248.,13.,121.));
#5036 = VECTOR('',#5037,1.);
#5037 = DIRECTION('',(0.,1.,0.));
#5038 = CARTESIAN_POINT('',(248.,13.,121.));
#5039 = CARTESIAN_POINT('',(248.,83.,121.));
#5040 = GEOMETRIC_CURVE_SET('',(#5041));
#5041 = TRIMMED_CURVE('',#5042,(#5046,PARAMETER_VALUE(0.)),(#5047,
    PARAMETER_VALUE(34.)),.T.,.PARAMETER.);
#5042 = LINE('',#5043,#5044);
#5043 = CARTESIAN_POINT('',(248.,83.,87.));
#5044 = VECTOR('',#5045,1.);
#5045 = DIRECTION('',(0.,0.,1.));
#5046 = CARTESIAN_POINT('',(248.,83.,87.));
#5047 = CARTESIAN_POINT('',(248.,83.,121.));
#5048 = GEOMETRIC_CURVE_SET('',(#5049));
#5049 = TRIMMED_CURVE('',#5050,(#5054,PARAMETER_VALUE(0.)),(#5055,
    PARAMETER_VALUE(70.)),.T.,.PARAMETER.);
#5050 = LINE('',#5051,#5052);
#5051 = CARTESIAN_POINT('',(248.,13.,87.));
#5052 = VECTOR('',#5053,1.);
#5053 = DIRECTION('',(0.,1.,0.));
#5054 = CARTESIAN_POINT('',(248.,13.,87.));
#5055 = CARTESIAN_POINT('',(248.,83.,87.));
#5056 = GEOMETRIC_CURVE_SET('',(#5057));
#5057 = TRIMMED_CURVE('',#5058,(#5062,PARAMETER_VALUE(0.)),(#5063,
    PARAMETER_VALUE(104.)),.T.,.PARAMETER.);
#5058 = LINE('',#5059,#5060);
#5059 = CARTESIAN_POINT('',(144.,13.,87.));
#5060 = VECTOR('',#5061,1.);
#5061 = DIRECTION('',(1.,0.,0.));
#5062 = CARTESIAN_POINT('',(144.,13.,87.));
#5063 = CARTESIAN_POINT('',(248.,13.,87.));
#5064 = GEOMETRIC_CURVE_SET('',(#5065));
#5065 = TRIMMED_CURVE('',#5066,(#5070,PARAMETER_VALUE(0.)),(#5071,
    PARAMETER_VALUE(104.)),.T.,.PARAMETER.);
#5066 = LINE('',#5067,#5068);
#5067 = CARTESIAN_POINT('',(144.,13.,121.));
#5068 = VECTOR('',#5069,1.);
#5069 = DIRECTION('',(1.,0.,0.));
#5070 = CARTESIAN_POINT('',(144.,13.,121.));
#5071 = CARTESIAN_POINT('',(248.,13.,121.));
#5072 = GEOMETRIC_CURVE_SET('',(#5073));
#5073 = TRIMMED_CURVE('',#5074,(#5078,PARAMETER_VALUE(0.)),(#5079,
    PARAMETER_VALUE(104.)),.T.,.PARAMETER.);
#5074 = LINE('',#5075,#5076);
#5075 = CARTESIAN_POINT('',(144.,83.,87.));
#5076 = VECTOR('',#5077,1.);
#5077 = DIRECTION('',(1.,0.,0.));
#5078 = CARTESIAN_POINT('',(144.,83.,87.));
#5079 = CARTESIAN_POINT('',(248.,83.,87.));
#5080 = GEOMETRIC_CURVE_SET('',(#5081));
#5081 = TRIMMED_CURVE('',#5082,(#5086,PARAMETER_VALUE(0.)),(#5087,
    PARAMETER_VALUE(104.)),.T.,.PARAMETER.);
#5082 = LINE('',#5083,#5084);
#5083 = CARTESIAN_POINT('',(144.,83.,121.));
#5084 = VECTOR('',#5085,1.);
#5085 = DIRECTION('',(1.,0.,0.));
#5086 = CARTESIAN_POINT('',(144.,83.,121.));
#5087 = CARTESIAN_POINT('',(248.,83.,121.));
#5088 = GEOMETRIC_CURVE_SET('',(#5089));
#5089 = TRIMMED_CURVE('',#5090,(#5094,PARAMETER_VALUE(0.)),(#5095,
    PARAMETER_VALUE(31.)),.T.,.PARAMETER.);
#5090 = LINE('',#5091,#5092);
#5091 = CARTESIAN_POINT('',(109.,2.,54.));
#5092 = VECTOR('',#5093,1.);
#5093 = DIRECTION('',(0.,0.,1.));
#5094 = CARTESIAN_POINT('',(109.,2.,54.));
#5095 = CARTESIAN_POINT('',(109.,2.,85.));
#5096 = GEOMETRIC_CURVE_SET('',(#5097));
#5097 = TRIMMED_CURVE('',#5098,(#5102,PARAMETER_VALUE(0.)),(#5103,
    PARAMETER_VALUE(26.)),.T.,.PARAMETER.);
#5098 = LINE('',#5099,#5100);
#5099 = CARTESIAN_POINT('',(109.,2.,85.));
#5100 = VECTOR('',#5101,1.);
#5101 = DIRECTION('',(0.,1.,0.));
#5102 = CARTESIAN_POINT('',(109.,2.,85.));
#5103 = CARTESIAN_POINT('',(109.,28.,85.));
#5104 = GEOMETRIC_CURVE_SET('',(#5105));
#5105 = TRIMMED_CURVE('',#5106,(#5110,PARAMETER_VALUE(0.)),(#5111,
    PARAMETER_VALUE(31.)),.T.,.PARAMETER.);
#5106 = LINE('',#5107,#5108);
#5107 = CARTESIAN_POINT('',(109.,28.,54.));
#5108 = VECTOR('',#5109,1.);
#5109 = DIRECTION('',(0.,0.,1.));
#5110 = CARTESIAN_POINT('',(109.,28.,54.));
#5111 = CARTESIAN_POINT('',(109.,28.,85.));
#5112 = GEOMETRIC_CURVE_SET('',(#5113));
#5113 = TRIMMED_CURVE('',#5114,(#5118,PARAMETER_VALUE(0.)),(#5119,
    PARAMETER_VALUE(26.)),.T.,.PARAMETER.);
#5114 = LINE('',#5115,#5116);
#5115 = CARTESIAN_POINT('',(109.,2.,54.));
#5116 = VECTOR('',#5117,1.);
#5117 = DIRECTION('',(0.,1.,0.));
#5118 = CARTESIAN_POINT('',(109.,2.,54.));
#5119 = CARTESIAN_POINT('',(109.,28.,54.));
#5120 = GEOMETRIC_CURVE_SET('',(#5121));
#5121 = TRIMMED_CURVE('',#5122,(#5126,PARAMETER_VALUE(0.)),(#5127,
    PARAMETER_VALUE(31.)),.T.,.PARAMETER.);
#5122 = LINE('',#5123,#5124);
#5123 = CARTESIAN_POINT('',(213.,2.,54.));
#5124 = VECTOR('',#5125,1.);
#5125 = DIRECTION('',(0.,0.,1.));
#5126 = CARTESIAN_POINT('',(213.,2.,54.));
#5127 = CARTESIAN_POINT('',(213.,2.,85.));
#5128 = GEOMETRIC_CURVE_SET('',(#5129));
#5129 = TRIMMED_CURVE('',#5130,(#5134,PARAMETER_VALUE(0.)),(#5135,
    PARAMETER_VALUE(26.)),.T.,.PARAMETER.);
#5130 = LINE('',#5131,#5132);
#5131 = CARTESIAN_POINT('',(213.,2.,85.));
#5132 = VECTOR('',#5133,1.);
#5133 = DIRECTION('',(0.,1.,0.));
#5134 = CARTESIAN_POINT('',(213.,2.,85.));
#5135 = CARTESIAN_POINT('',(213.,28.,85.));
#5136 = GEOMETRIC_CURVE_SET('',(#5137));
#5137 = TRIMMED_CURVE('',#5138,(#5142,PARAMETER_VALUE(0.)),(#5143,
    PARAMETER_VALUE(31.)),.T.,.PARAMETER.);
#5138 = LINE('',#5139,#5140);
#5139 = CARTESIAN_POINT('',(213.,28.,54.));
#5140 = VECTOR('',#5141,1.);
#5141 = DIRECTION('',(0.,0.,1.));
#5142 = CARTESIAN_POINT('',(213.,28.,54.));
#5143 = CARTESIAN_POINT('',(213.,28.,85.));
#5144 = GEOMETRIC_CURVE_SET('',(#5145));
#5145 = TRIMMED_CURVE('',#5146,(#5150,PARAMETER_VALUE(0.)),(#5151,
    PARAMETER_VALUE(26.)),.T.,.PARAMETER.);
#5146 = LINE('',#5147,#5148);
#5147 = CARTESIAN_POINT('',(213.,2.,54.));
#5148 = VECTOR('',#5149,1.);
#5149 = DIRECTION('',(0.,1.,0.));
#5150 = CARTESIAN_POINT('',(213.,2.,54.));
#5151 = CARTESIAN_POINT('',(213.,28.,54.));
#5152 = GEOMETRIC_CURVE_SET('',(#5153));
#5153 = TRIMMED_CURVE('',#5154,(#5158,PARAMETER_VALUE(0.)),(#5159,
    PARAMETER_VALUE(104.)),.T.,.PARAMETER.);
#5154 = LINE('',#5155,#5156);
#5155 = CARTESIAN_POINT('',(109.,2.,54.));
#5156 = VECTOR('',#5157,1.);
#5157 = DIRECTION('',(1.,0.,0.));
#5158 = CARTESIAN_POINT('',(109.,2.,54.));
#5159 = CARTESIAN_POINT('',(213.,2.,54.));
#5160 = GEOMETRIC_CURVE_SET('',(#5161));
#5161 = TRIMMED_CURVE('',#5162,(#5166,PARAMETER_VALUE(0.)),(#5167,
    PARAMETER_VALUE(104.)),.T.,.PARAMETER.);
#5162 = LINE('',#5163,#5164);
#5163 = CARTESIAN_POINT('',(109.,2.,85.));
#5164 = VECTOR('',#5165,1.);
#5165 = DIRECTION('',(1.,0.,0.));
#5166 = CARTESIAN_POINT('',(109.,2.,85.));
#5167 = CARTESIAN_POINT('',(213.,2.,85.));
#5168 = GEOMETRIC_CURVE_SET('',(#5169));
#5169 = TRIMMED_CURVE('',#5170,(#5174,PARAMETER_VALUE(0.)),(#5175,
    PARAMETER_VALUE(104.)),.T.,.PARAMETER.);
#5170 = LINE('',#5171,#5172);
#5171 = CARTESIAN_POINT('',(109.,28.,54.));
#5172 = VECTOR('',#5173,1.);
#5173 = DIRECTION('',(1.,0.,0.));
#5174 = CARTESIAN_POINT('',(109.,28.,54.));
#5175 = CARTESIAN_POINT('',(213.,28.,54.));
#5176 = GEOMETRIC_CURVE_SET('',(#5177));
#5177 = TRIMMED_CURVE('',#5178,(#5182,PARAMETER_VALUE(0.)),(#5183,
    PARAMETER_VALUE(104.)),.T.,.PARAMETER.);
#5178 = LINE('',#5179,#5180);
#5179 = CARTESIAN_POINT('',(109.,28.,85.));
#5180 = VECTOR('',#5181,1.);
#5181 = DIRECTION('',(1.,0.,0.));
#5182 = CARTESIAN_POINT('',(109.,28.,85.));
#5183 = CARTESIAN_POINT('',(213.,28.,85.));
#5184 = GEOMETRIC_CURVE_SET('',(#5185));
#5185 = TRIMMED_CURVE('',#5186,(#5190,PARAMETER_VALUE(0.)),(#5191,
    PARAMETER_VALUE(32.)),.T.,.PARAMETER.);
#5186 = LINE('',#5187,#5188);
#5187 = CARTESIAN_POINT('',(13.,96.,89.));
#5188 = VECTOR('',#5189,1.);
#5189 = DIRECTION('',(0.,0.,1.));
#5190 = CARTESIAN_POINT('',(13.,96.,89.));
#5191 = CARTESIAN_POINT('',(13.,96.,121.));
#5192 = GEOMETRIC_CURVE_SET('',(#5193));
#5193 = TRIMMED_CURVE('',#5194,(#5198,PARAMETER_VALUE(0.)),(#5199,
    PARAMETER_VALUE(58.)),.T.,.PARAMETER.);
#5194 = LINE('',#5195,#5196);
#5195 = CARTESIAN_POINT('',(13.,96.,121.));
#5196 = VECTOR('',#5197,1.);
#5197 = DIRECTION('',(0.,1.,0.));
#5198 = CARTESIAN_POINT('',(13.,96.,121.));
#5199 = CARTESIAN_POINT('',(13.,154.,121.));
#5200 = GEOMETRIC_CURVE_SET('',(#5201));
#5201 = TRIMMED_CURVE('',#5202,(#5206,PARAMETER_VALUE(0.)),(#5207,
    PARAMETER_VALUE(32.)),.T.,.PARAMETER.);
#5202 = LINE('',#5203,#5204);
#5203 = CARTESIAN_POINT('',(13.,154.,89.));
#5204 = VECTOR('',#5205,1.);
#5205 = DIRECTION('',(0.,0.,1.));
#5206 = CARTESIAN_POINT('',(13.,154.,89.));
#5207 = CARTESIAN_POINT('',(13.,154.,121.));
#5208 = GEOMETRIC_CURVE_SET('',(#5209));
#5209 = TRIMMED_CURVE('',#5210,(#5214,PARAMETER_VALUE(0.)),(#5215,
    PARAMETER_VALUE(58.)),.T.,.PARAMETER.);
#5210 = LINE('',#5211,#5212);
#5211 = CARTESIAN_POINT('',(13.,96.,89.));
#5212 = VECTOR('',#5213,1.);
#5213 = DIRECTION('',(0.,1.,0.));
#5214 = CARTESIAN_POINT('',(13.,96.,89.));
#5215 = CARTESIAN_POINT('',(13.,154.,89.));
#5216 = GEOMETRIC_CURVE_SET('',(#5217));
#5217 = TRIMMED_CURVE('',#5218,(#5222,PARAMETER_VALUE(0.)),(#5223,
    PARAMETER_VALUE(32.)),.T.,.PARAMETER.);
#5218 = LINE('',#5219,#5220);
#5219 = CARTESIAN_POINT('',(41.,96.,89.));
#5220 = VECTOR('',#5221,1.);
#5221 = DIRECTION('',(0.,0.,1.));
#5222 = CARTESIAN_POINT('',(41.,96.,89.));
#5223 = CARTESIAN_POINT('',(41.,96.,121.));
#5224 = GEOMETRIC_CURVE_SET('',(#5225));
#5225 = TRIMMED_CURVE('',#5226,(#5230,PARAMETER_VALUE(0.)),(#5231,
    PARAMETER_VALUE(58.)),.T.,.PARAMETER.);
#5226 = LINE('',#5227,#5228);
#5227 = CARTESIAN_POINT('',(41.,96.,121.));
#5228 = VECTOR('',#5229,1.);
#5229 = DIRECTION('',(0.,1.,0.));
#5230 = CARTESIAN_POINT('',(41.,96.,121.));
#5231 = CARTESIAN_POINT('',(41.,154.,121.));
#5232 = GEOMETRIC_CURVE_SET('',(#5233));
#5233 = TRIMMED_CURVE('',#5234,(#5238,PARAMETER_VALUE(0.)),(#5239,
    PARAMETER_VALUE(32.)),.T.,.PARAMETER.);
#5234 = LINE('',#5235,#5236);
#5235 = CARTESIAN_POINT('',(41.,154.,89.));
#5236 = VECTOR('',#5237,1.);
#5237 = DIRECTION('',(0.,0.,1.));
#5238 = CARTESIAN_POINT('',(41.,154.,89.));
#5239 = CARTESIAN_POINT('',(41.,154.,121.));
#5240 = GEOMETRIC_CURVE_SET('',(#5241));
#5241 = TRIMMED_CURVE('',#5242,(#5246,PARAMETER_VALUE(0.)),(#5247,
    PARAMETER_VALUE(58.)),.T.,.PARAMETER.);
#5242 = LINE('',#5243,#5244);
#5243 = CARTESIAN_POINT('',(41.,96.,89.));
#5244 = VECTOR('',#5245,1.);
#5245 = DIRECTION('',(0.,1.,0.));
#5246 = CARTESIAN_POINT('',(41.,96.,89.));
#5247 = CARTESIAN_POINT('',(41.,154.,89.));
#5248 = GEOMETRIC_CURVE_SET('',(#5249));
#5249 = TRIMMED_CURVE('',#5250,(#5254,PARAMETER_VALUE(0.)),(#5255,
    PARAMETER_VALUE(28.)),.T.,.PARAMETER.);
#5250 = LINE('',#5251,#5252);
#5251 = CARTESIAN_POINT('',(13.,96.,89.));
#5252 = VECTOR('',#5253,1.);
#5253 = DIRECTION('',(1.,0.,0.));
#5254 = CARTESIAN_POINT('',(13.,96.,89.));
#5255 = CARTESIAN_POINT('',(41.,96.,89.));
#5256 = GEOMETRIC_CURVE_SET('',(#5257));
#5257 = TRIMMED_CURVE('',#5258,(#5262,PARAMETER_VALUE(0.)),(#5263,
    PARAMETER_VALUE(28.)),.T.,.PARAMETER.);
#5258 = LINE('',#5259,#5260);
#5259 = CARTESIAN_POINT('',(13.,96.,121.));
#5260 = VECTOR('',#5261,1.);
#5261 = DIRECTION('',(1.,0.,0.));
#5262 = CARTESIAN_POINT('',(13.,96.,121.));
#5263 = CARTESIAN_POINT('',(41.,96.,121.));
#5264 = GEOMETRIC_CURVE_SET('',(#5265));
#5265 = TRIMMED_CURVE('',#5266,(#5270,PARAMETER_VALUE(0.)),(#5271,
    PARAMETER_VALUE(28.)),.T.,.PARAMETER.);
#5266 = LINE('',#5267,#5268);
#5267 = CARTESIAN_POINT('',(13.,154.,89.));
#5268 = VECTOR('',#5269,1.);
#5269 = DIRECTION('',(1.,0.,0.));
#5270 = CARTESIAN_POINT('',(13.,154.,89.));
#5271 = CARTESIAN_POINT('',(41.,154.,89.));
#5272 = GEOMETRIC_CURVE_SET('',(#5273));
#5273 = TRIMMED_CURVE('',#5274,(#5278,PARAMETER_VALUE(0.)),(#5279,
    PARAMETER_VALUE(28.)),.T.,.PARAMETER.);
#5274 = LINE('',#5275,#5276);
#5275 = CARTESIAN_POINT('',(13.,154.,121.));
#5276 = VECTOR('',#5277,1.);
#5277 = DIRECTION('',(1.,0.,0.));
#5278 = CARTESIAN_POINT('',(13.,154.,121.));
#5279 = CARTESIAN_POINT('',(41.,154.,121.));
#5280 = GEOMETRIC_CURVE_SET('',(#5281));
#5281 = TRIMMED_CURVE('',#5282,(#5286,PARAMETER_VALUE(0.)),(#5287,
    PARAMETER_VALUE(55.)),.T.,.PARAMETER.);
#5282 = LINE('',#5283,#5284);
#5283 = CARTESIAN_POINT('',(44.,86.,66.));
#5284 = VECTOR('',#5285,1.);
#5285 = DIRECTION('',(0.,0.,1.));
#5286 = CARTESIAN_POINT('',(44.,86.,66.));
#5287 = CARTESIAN_POINT('',(44.,86.,121.));
#5288 = GEOMETRIC_CURVE_SET('',(#5289));
#5289 = TRIMMED_CURVE('',#5290,(#5294,PARAMETER_VALUE(0.)),(#5295,
    PARAMETER_VALUE(66.)),.T.,.PARAMETER.);
#5290 = LINE('',#5291,#5292);
#5291 = CARTESIAN_POINT('',(44.,86.,121.));
#5292 = VECTOR('',#5293,1.);
#5293 = DIRECTION('',(0.,1.,0.));
#5294 = CARTESIAN_POINT('',(44.,86.,121.));
#5295 = CARTESIAN_POINT('',(44.,152.,121.));
#5296 = GEOMETRIC_CURVE_SET('',(#5297));
#5297 = TRIMMED_CURVE('',#5298,(#5302,PARAMETER_VALUE(0.)),(#5303,
    PARAMETER_VALUE(55.)),.T.,.PARAMETER.);
#5298 = LINE('',#5299,#5300);
#5299 = CARTESIAN_POINT('',(44.,152.,66.));
#5300 = VECTOR('',#5301,1.);
#5301 = DIRECTION('',(0.,0.,1.));
#5302 = CARTESIAN_POINT('',(44.,152.,66.));
#5303 = CARTESIAN_POINT('',(44.,152.,121.));
#5304 = GEOMETRIC_CURVE_SET('',(#5305));
#5305 = TRIMMED_CURVE('',#5306,(#5310,PARAMETER_VALUE(0.)),(#5311,
    PARAMETER_VALUE(66.)),.T.,.PARAMETER.);
#5306 = LINE('',#5307,#5308);
#5307 = CARTESIAN_POINT('',(44.,86.,66.));
#5308 = VECTOR('',#5309,1.);
#5309 = DIRECTION('',(0.,1.,0.));
#5310 = CARTESIAN_POINT('',(44.,86.,66.));
#5311 = CARTESIAN_POINT('',(44.,152.,66.));
#5312 = GEOMETRIC_CURVE_SET('',(#5313));
#5313 = TRIMMED_CURVE('',#5314,(#5318,PARAMETER_VALUE(0.)),(#5319,
    PARAMETER_VALUE(55.)),.T.,.PARAMETER.);
#5314 = LINE('',#5315,#5316);
#5315 = CARTESIAN_POINT('',(224.,86.,66.));
#5316 = VECTOR('',#5317,1.);
#5317 = DIRECTION('',(0.,0.,1.));
#5318 = CARTESIAN_POINT('',(224.,86.,66.));
#5319 = CARTESIAN_POINT('',(224.,86.,121.));
#5320 = GEOMETRIC_CURVE_SET('',(#5321));
#5321 = TRIMMED_CURVE('',#5322,(#5326,PARAMETER_VALUE(0.)),(#5327,
    PARAMETER_VALUE(66.)),.T.,.PARAMETER.);
#5322 = LINE('',#5323,#5324);
#5323 = CARTESIAN_POINT('',(224.,86.,121.));
#5324 = VECTOR('',#5325,1.);
#5325 = DIRECTION('',(0.,1.,0.));
#5326 = CARTESIAN_POINT('',(224.,86.,121.));
#5327 = CARTESIAN_POINT('',(224.,152.,121.));
#5328 = GEOMETRIC_CURVE_SET('',(#5329));
#5329 = TRIMMED_CURVE('',#5330,(#5334,PARAMETER_VALUE(0.)),(#5335,
    PARAMETER_VALUE(55.)),.T.,.PARAMETER.);
#5330 = LINE('',#5331,#5332);
#5331 = CARTESIAN_POINT('',(224.,152.,66.));
#5332 = VECTOR('',#5333,1.);
#5333 = DIRECTION('',(0.,0.,1.));
#5334 = CARTESIAN_POINT('',(224.,152.,66.));
#5335 = CARTESIAN_POINT('',(224.,152.,121.));
#5336 = GEOMETRIC_CURVE_SET('',(#5337));
#5337 = TRIMMED_CURVE('',#5338,(#5342,PARAMETER_VALUE(0.)),(#5343,
    PARAMETER_VALUE(66.)),.T.,.PARAMETER.);
#5338 = LINE('',#5339,#5340);
#5339 = CARTESIAN_POINT('',(224.,86.,66.));
#5340 = VECTOR('',#5341,1.);
#5341 = DIRECTION('',(0.,1.,0.));
#5342 = CARTESIAN_POINT('',(224.,86.,66.));
#5343 = CARTESIAN_POINT('',(224.,152.,66.));
#5344 = GEOMETRIC_CURVE_SET('',(#5345));
#5345 = TRIMMED_CURVE('',#5346,(#5350,PARAMETER_VALUE(0.)),(#5351,
    PARAMETER_VALUE(180.)),.T.,.PARAMETER.);
#5346 = LINE('',#5347,#5348);
#5347 = CARTESIAN_POINT('',(44.,86.,66.));
#5348 = VECTOR('',#5349,1.);
#5349 = DIRECTION('',(1.,0.,0.));
#5350 = CARTESIAN_POINT('',(44.,86.,66.));
#5351 = CARTESIAN_POINT('',(224.,86.,66.));
#5352 = GEOMETRIC_CURVE_SET('',(#5353));
#5353 = TRIMMED_CURVE('',#5354,(#5358,PARAMETER_VALUE(0.)),(#5359,
    PARAMETER_VALUE(180.)),.T.,.PARAMETER.);
#5354 = LINE('',#5355,#5356);
#5355 = CARTESIAN_POINT('',(44.,86.,121.));
#5356 = VECTOR('',#5357,1.);
#5357 = DIRECTION('',(1.,0.,0.));
#5358 = CARTESIAN_POINT('',(44.,86.,121.));
#5359 = CARTESIAN_POINT('',(224.,86.,121.));
#5360 = GEOMETRIC_CURVE_SET('',(#5361));
#5361 = TRIMMED_CURVE('',#5362,(#5366,PARAMETER_VALUE(0.)),(#5367,
    PARAMETER_VALUE(180.)),.T.,.PARAMETER.);
#5362 = LINE('',#5363,#5364);
#5363 = CARTESIAN_POINT('',(44.,152.,66.));
#5364 = VECTOR('',#5365,1.);
#5365 = DIRECTION('',(1.,0.,0.));
#5366 = CARTESIAN_POINT('',(44.,152.,66.));
#5367 = CARTESIAN_POINT('',(224.,152.,66.));
#5368 = GEOMETRIC_CURVE_SET('',(#5369));
#5369 = TRIMMED_CURVE('',#5370,(#5374,PARAMETER_VALUE(0.)),(#5375,
    PARAMETER_VALUE(180.)),.T.,.PARAMETER.);
#5370 = LINE('',#5371,#5372);
#5371 = CARTESIAN_POINT('',(44.,152.,121.));
#5372 = VECTOR('',#5373,1.);
#5373 = DIRECTION('',(1.,0.,0.));
#5374 = CARTESIAN_POINT('',(44.,152.,121.));
#5375 = CARTESIAN_POINT('',(224.,152.,121.));
#5376 = GEOMETRIC_CURVE_SET('',(#5377));
#5377 = TRIMMED_CURVE('',#5378,(#5382,PARAMETER_VALUE(0.)),(#5383,
    PARAMETER_VALUE(55.)),.T.,.PARAMETER.);
#5378 = LINE('',#5379,#5380);
#5379 = CARTESIAN_POINT('',(86.,94.,123.));
#5380 = VECTOR('',#5381,1.);
#5381 = DIRECTION('',(0.,0.,1.));
#5382 = CARTESIAN_POINT('',(86.,94.,123.));
#5383 = CARTESIAN_POINT('',(86.,94.,178.));
#5384 = GEOMETRIC_CURVE_SET('',(#5385));
#5385 = TRIMMED_CURVE('',#5386,(#5390,PARAMETER_VALUE(0.)),(#5391,
    PARAMETER_VALUE(70.3)),.T.,.PARAMETER.);
#5386 = LINE('',#5387,#5388);
#5387 = CARTESIAN_POINT('',(86.,94.,178.));
#5388 = VECTOR('',#5389,1.);
#5389 = DIRECTION('',(0.,1.,0.));
#5390 = CARTESIAN_POINT('',(86.,94.,178.));
#5391 = CARTESIAN_POINT('',(86.,164.3,178.));
#5392 = GEOMETRIC_CURVE_SET('',(#5393));
#5393 = TRIMMED_CURVE('',#5394,(#5398,PARAMETER_VALUE(0.)),(#5399,
    PARAMETER_VALUE(55.)),.T.,.PARAMETER.);
#5394 = LINE('',#5395,#5396);
#5395 = CARTESIAN_POINT('',(86.,164.3,123.));
#5396 = VECTOR('',#5397,1.);
#5397 = DIRECTION('',(0.,0.,1.));
#5398 = CARTESIAN_POINT('',(86.,164.3,123.));
#5399 = CARTESIAN_POINT('',(86.,164.3,178.));
#5400 = GEOMETRIC_CURVE_SET('',(#5401));
#5401 = TRIMMED_CURVE('',#5402,(#5406,PARAMETER_VALUE(0.)),(#5407,
    PARAMETER_VALUE(70.3)),.T.,.PARAMETER.);
#5402 = LINE('',#5403,#5404);
#5403 = CARTESIAN_POINT('',(86.,94.,123.));
#5404 = VECTOR('',#5405,1.);
#5405 = DIRECTION('',(0.,1.,0.));
#5406 = CARTESIAN_POINT('',(86.,94.,123.));
#5407 = CARTESIAN_POINT('',(86.,164.3,123.));
#5408 = GEOMETRIC_CURVE_SET('',(#5409));
#5409 = TRIMMED_CURVE('',#5410,(#5414,PARAMETER_VALUE(0.)),(#5415,
    PARAMETER_VALUE(55.)),.T.,.PARAMETER.);
#5410 = LINE('',#5411,#5412);
#5411 = CARTESIAN_POINT('',(182.8,94.,123.));
#5412 = VECTOR('',#5413,1.);
#5413 = DIRECTION('',(0.,0.,1.));
#5414 = CARTESIAN_POINT('',(182.8,94.,123.));
#5415 = CARTESIAN_POINT('',(182.8,94.,178.));
#5416 = GEOMETRIC_CURVE_SET('',(#5417));
#5417 = TRIMMED_CURVE('',#5418,(#5422,PARAMETER_VALUE(0.)),(#5423,
    PARAMETER_VALUE(70.3)),.T.,.PARAMETER.);
#5418 = LINE('',#5419,#5420);
#5419 = CARTESIAN_POINT('',(182.8,94.,178.));
#5420 = VECTOR('',#5421,1.);
#5421 = DIRECTION('',(0.,1.,0.));
#5422 = CARTESIAN_POINT('',(182.8,94.,178.));
#5423 = CARTESIAN_POINT('',(182.8,164.3,178.));
#5424 = GEOMETRIC_CURVE_SET('',(#5425));
#5425 = TRIMMED_CURVE('',#5426,(#5430,PARAMETER_VALUE(0.)),(#5431,
    PARAMETER_VALUE(55.)),.T.,.PARAMETER.);
#5426 = LINE('',#5427,#5428);
#5427 = CARTESIAN_POINT('',(182.8,164.3,123.));
#5428 = VECTOR('',#5429,1.);
#5429 = DIRECTION('',(0.,0.,1.));
#5430 = CARTESIAN_POINT('',(182.8,164.3,123.));
#5431 = CARTESIAN_POINT('',(182.8,164.3,178.));
#5432 = GEOMETRIC_CURVE_SET('',(#5433));
#5433 = TRIMMED_CURVE('',#5434,(#5438,PARAMETER_VALUE(0.)),(#5439,
    PARAMETER_VALUE(70.3)),.T.,.PARAMETER.);
#5434 = LINE('',#5435,#5436);
#5435 = CARTESIAN_POINT('',(182.8,94.,123.));
#5436 = VECTOR('',#5437,1.);
#5437 = DIRECTION('',(0.,1.,0.));
#5438 = CARTESIAN_POINT('',(182.8,94.,123.));
#5439 = CARTESIAN_POINT('',(182.8,164.3,123.));
#5440 = GEOMETRIC_CURVE_SET('',(#5441));
#5441 = TRIMMED_CURVE('',#5442,(#5446,PARAMETER_VALUE(0.)),(#5447,
    PARAMETER_VALUE(96.8)),.T.,.PARAMETER.);
#5442 = LINE('',#5443,#5444);
#5443 = CARTESIAN_POINT('',(86.,94.,123.));
#5444 = VECTOR('',#5445,1.);
#5445 = DIRECTION('',(1.,0.,0.));
#5446 = CARTESIAN_POINT('',(86.,94.,123.));
#5447 = CARTESIAN_POINT('',(182.8,94.,123.));
#5448 = GEOMETRIC_CURVE_SET('',(#5449));
#5449 = TRIMMED_CURVE('',#5450,(#5454,PARAMETER_VALUE(0.)),(#5455,
    PARAMETER_VALUE(96.8)),.T.,.PARAMETER.);
#5450 = LINE('',#5451,#5452);
#5451 = CARTESIAN_POINT('',(86.,94.,178.));
#5452 = VECTOR('',#5453,1.);
#5453 = DIRECTION('',(1.,0.,0.));
#5454 = CARTESIAN_POINT('',(86.,94.,178.));
#5455 = CARTESIAN_POINT('',(182.8,94.,178.));
#5456 = GEOMETRIC_CURVE_SET('',(#5457));
#5457 = TRIMMED_CURVE('',#5458,(#5462,PARAMETER_VALUE(0.)),(#5463,
    PARAMETER_VALUE(96.8)),.T.,.PARAMETER.);
#5458 = LINE('',#5459,#5460);
#5459 = CARTESIAN_POINT('',(86.,164.3,123.));
#5460 = VECTOR('',#5461,1.);
#5461 = DIRECTION('',(1.,0.,0.));
#5462 = CARTESIAN_POINT('',(86.,164.3,123.));
#5463 = CARTESIAN_POINT('',(182.8,164.3,123.));
#5464 = GEOMETRIC_CURVE_SET('',(#5465));
#5465 = TRIMMED_CURVE('',#5466,(#5470,PARAMETER_VALUE(0.)),(#5471,
    PARAMETER_VALUE(96.8)),.T.,.PARAMETER.);
#5466 = LINE('',#5467,#5468);
#5467 = CARTESIAN_POINT('',(86.,164.3,178.));
#5468 = VECTOR('',#5469,1.);
#5469 = DIRECTION('',(1.,0.,0.));
#5470 = CARTESIAN_POINT('',(86.,164.3,178.));
#5471 = CARTESIAN_POINT('',(182.8,164.3,178.));
#5472 = GEOMETRIC_CURVE_SET('',(#5473));
#5473 = TRIMMED_CURVE('',#5474,(#5478,PARAMETER_VALUE(0.)),(#5479,
    PARAMETER_VALUE(82.)),.T.,.PARAMETER.);
#5474 = LINE('',#5475,#5476);
#5475 = CARTESIAN_POINT('',(2.,72.,0.));
#5476 = VECTOR('',#5477,1.);
#5477 = DIRECTION('',(0.,0.,1.));
#5478 = CARTESIAN_POINT('',(2.,72.,0.));
#5479 = CARTESIAN_POINT('',(2.,72.,82.));
#5480 = GEOMETRIC_CURVE_SET('',(#5481));
#5481 = TRIMMED_CURVE('',#5482,(#5486,PARAMETER_VALUE(0.)),(#5487,
    PARAMETER_VALUE(74.)),.T.,.PARAMETER.);
#5482 = LINE('',#5483,#5484);
#5483 = CARTESIAN_POINT('',(2.,72.,82.));
#5484 = VECTOR('',#5485,1.);
#5485 = DIRECTION('',(0.,1.,0.));
#5486 = CARTESIAN_POINT('',(2.,72.,82.));
#5487 = CARTESIAN_POINT('',(2.,146.,82.));
#5488 = GEOMETRIC_CURVE_SET('',(#5489));
#5489 = TRIMMED_CURVE('',#5490,(#5494,PARAMETER_VALUE(0.)),(#5495,
    PARAMETER_VALUE(82.)),.T.,.PARAMETER.);
#5490 = LINE('',#5491,#5492);
#5491 = CARTESIAN_POINT('',(2.,146.,0.));
#5492 = VECTOR('',#5493,1.);
#5493 = DIRECTION('',(0.,0.,1.));
#5494 = CARTESIAN_POINT('',(2.,146.,0.));
#5495 = CARTESIAN_POINT('',(2.,146.,82.));
#5496 = GEOMETRIC_CURVE_SET('',(#5497));
#5497 = TRIMMED_CURVE('',#5498,(#5502,PARAMETER_VALUE(0.)),(#5503,
    PARAMETER_VALUE(74.)),.T.,.PARAMETER.);
#5498 = LINE('',#5499,#5500);
#5499 = CARTESIAN_POINT('',(2.,72.,0.));
#5500 = VECTOR('',#5501,1.);
#5501 = DIRECTION('',(0.,1.,0.));
#5502 = CARTESIAN_POINT('',(2.,72.,0.));
#5503 = CARTESIAN_POINT('',(2.,146.,0.));
#5504 = GEOMETRIC_CURVE_SET('',(#5505));
#5505 = TRIMMED_CURVE('',#5506,(#5510,PARAMETER_VALUE(0.)),(#5511,
    PARAMETER_VALUE(82.)),.T.,.PARAMETER.);
#5506 = LINE('',#5507,#5508);
#5507 = CARTESIAN_POINT('',(26.,72.,0.));
#5508 = VECTOR('',#5509,1.);
#5509 = DIRECTION('',(0.,0.,1.));
#5510 = CARTESIAN_POINT('',(26.,72.,0.));
#5511 = CARTESIAN_POINT('',(26.,72.,82.));
#5512 = GEOMETRIC_CURVE_SET('',(#5513));
#5513 = TRIMMED_CURVE('',#5514,(#5518,PARAMETER_VALUE(0.)),(#5519,
    PARAMETER_VALUE(74.)),.T.,.PARAMETER.);
#5514 = LINE('',#5515,#5516);
#5515 = CARTESIAN_POINT('',(26.,72.,82.));
#5516 = VECTOR('',#5517,1.);
#5517 = DIRECTION('',(0.,1.,0.));
#5518 = CARTESIAN_POINT('',(26.,72.,82.));
#5519 = CARTESIAN_POINT('',(26.,146.,82.));
#5520 = GEOMETRIC_CURVE_SET('',(#5521));
#5521 = TRIMMED_CURVE('',#5522,(#5526,PARAMETER_VALUE(0.)),(#5527,
    PARAMETER_VALUE(82.)),.T.,.PARAMETER.);
#5522 = LINE('',#5523,#5524);
#5523 = CARTESIAN_POINT('',(26.,146.,0.));
#5524 = VECTOR('',#5525,1.);
#5525 = DIRECTION('',(0.,0.,1.));
#5526 = CARTESIAN_POINT('',(26.,146.,0.));
#5527 = CARTESIAN_POINT('',(26.,146.,82.));
#5528 = GEOMETRIC_CURVE_SET('',(#5529));
#5529 = TRIMMED_CURVE('',#5530,(#5534,PARAMETER_VALUE(0.)),(#5535,
    PARAMETER_VALUE(74.)),.T.,.PARAMETER.);
#5530 = LINE('',#5531,#5532);
#5531 = CARTESIAN_POINT('',(26.,72.,0.));
#5532 = VECTOR('',#5533,1.);
#5533 = DIRECTION('',(0.,1.,0.));
#5534 = CARTESIAN_POINT('',(26.,72.,0.));
#5535 = CARTESIAN_POINT('',(26.,146.,0.));
#5536 = GEOMETRIC_CURVE_SET('',(#5537));
#5537 = TRIMMED_CURVE('',#5538,(#5542,PARAMETER_VALUE(0.)),(#5543,
    PARAMETER_VALUE(24.)),.T.,.PARAMETER.);
#5538 = LINE('',#5539,#5540);
#5539 = CARTESIAN_POINT('',(2.,72.,0.));
#5540 = VECTOR('',#5541,1.);
#5541 = DIRECTION('',(1.,0.,0.));
#5542 = CARTESIAN_POINT('',(2.,72.,0.));
#5543 = CARTESIAN_POINT('',(26.,72.,0.));
#5544 = GEOMETRIC_CURVE_SET('',(#5545));
#5545 = TRIMMED_CURVE('',#5546,(#5550,PARAMETER_VALUE(0.)),(#5551,
    PARAMETER_VALUE(24.)),.T.,.PARAMETER.);
#5546 = LINE('',#5547,#5548);
#5547 = CARTESIAN_POINT('',(2.,72.,82.));
#5548 = VECTOR('',#5549,1.);
#5549 = DIRECTION('',(1.,0.,0.));
#5550 = CARTESIAN_POINT('',(2.,72.,82.));
#5551 = CARTESIAN_POINT('',(26.,72.,82.));
#5552 = GEOMETRIC_CURVE_SET('',(#5553));
#5553 = TRIMMED_CURVE('',#5554,(#5558,PARAMETER_VALUE(0.)),(#5559,
    PARAMETER_VALUE(24.)),.T.,.PARAMETER.);
#5554 = LINE('',#5555,#5556);
#5555 = CARTESIAN_POINT('',(2.,146.,0.));
#5556 = VECTOR('',#5557,1.);
#5557 = DIRECTION('',(1.,0.,0.));
#5558 = CARTESIAN_POINT('',(2.,146.,0.));
#5559 = CARTESIAN_POINT('',(26.,146.,0.));
#5560 = GEOMETRIC_CURVE_SET('',(#5561));
#5561 = TRIMMED_CURVE('',#5562,(#5566,PARAMETER_VALUE(0.)),(#5567,
    PARAMETER_VALUE(24.)),.T.,.PARAMETER.);
#5562 = LINE('',#5563,#5564);
#5563 = CARTESIAN_POINT('',(2.,146.,82.));
#5564 = VECTOR('',#5565,1.);
#5565 = DIRECTION('',(1.,0.,0.));
#5566 = CARTESIAN_POINT('',(2.,146.,82.));
#5567 = CARTESIAN_POINT('',(26.,146.,82.));
#5568 = GEOMETRIC_CURVE_SET('',(#5569));
#5569 = TRIMMED_CURVE('',#5570,(#5574,PARAMETER_VALUE(0.)),(#5575,
    PARAMETER_VALUE(46.)),.T.,.PARAMETER.);
#5570 = LINE('',#5571,#5572);
#5571 = CARTESIAN_POINT('',(26.,88.,18.));
#5572 = VECTOR('',#5573,1.);
#5573 = DIRECTION('',(0.,0.,1.));
#5574 = CARTESIAN_POINT('',(26.,88.,18.));
#5575 = CARTESIAN_POINT('',(26.,88.,64.));
#5576 = GEOMETRIC_CURVE_SET('',(#5577));
#5577 = TRIMMED_CURVE('',#5578,(#5582,PARAMETER_VALUE(0.)),(#5583,
    PARAMETER_VALUE(64.)),.T.,.PARAMETER.);
#5578 = LINE('',#5579,#5580);
#5579 = CARTESIAN_POINT('',(26.,88.,64.));
#5580 = VECTOR('',#5581,1.);
#5581 = DIRECTION('',(0.,1.,0.));
#5582 = CARTESIAN_POINT('',(26.,88.,64.));
#5583 = CARTESIAN_POINT('',(26.,152.,64.));
#5584 = GEOMETRIC_CURVE_SET('',(#5585));
#5585 = TRIMMED_CURVE('',#5586,(#5590,PARAMETER_VALUE(0.)),(#5591,
    PARAMETER_VALUE(46.)),.T.,.PARAMETER.);
#5586 = LINE('',#5587,#5588);
#5587 = CARTESIAN_POINT('',(26.,152.,18.));
#5588 = VECTOR('',#5589,1.);
#5589 = DIRECTION('',(0.,0.,1.));
#5590 = CARTESIAN_POINT('',(26.,152.,18.));
#5591 = CARTESIAN_POINT('',(26.,152.,64.));
#5592 = GEOMETRIC_CURVE_SET('',(#5593));
#5593 = TRIMMED_CURVE('',#5594,(#5598,PARAMETER_VALUE(0.)),(#5599,
    PARAMETER_VALUE(64.)),.T.,.PARAMETER.);
#5594 = LINE('',#5595,#5596);
#5595 = CARTESIAN_POINT('',(26.,88.,18.));
#5596 = VECTOR('',#5597,1.);
#5597 = DIRECTION('',(0.,1.,0.));
#5598 = CARTESIAN_POINT('',(26.,88.,18.));
#5599 = CARTESIAN_POINT('',(26.,152.,18.));
#5600 = GEOMETRIC_CURVE_SET('',(#5601));
#5601 = TRIMMED_CURVE('',#5602,(#5606,PARAMETER_VALUE(0.)),(#5607,
    PARAMETER_VALUE(46.)),.T.,.PARAMETER.);
#5602 = LINE('',#5603,#5604);
#5603 = CARTESIAN_POINT('',(106.,88.,18.));
#5604 = VECTOR('',#5605,1.);
#5605 = DIRECTION('',(0.,0.,1.));
#5606 = CARTESIAN_POINT('',(106.,88.,18.));
#5607 = CARTESIAN_POINT('',(106.,88.,64.));
#5608 = GEOMETRIC_CURVE_SET('',(#5609));
#5609 = TRIMMED_CURVE('',#5610,(#5614,PARAMETER_VALUE(0.)),(#5615,
    PARAMETER_VALUE(64.)),.T.,.PARAMETER.);
#5610 = LINE('',#5611,#5612);
#5611 = CARTESIAN_POINT('',(106.,88.,64.));
#5612 = VECTOR('',#5613,1.);
#5613 = DIRECTION('',(0.,1.,0.));
#5614 = CARTESIAN_POINT('',(106.,88.,64.));
#5615 = CARTESIAN_POINT('',(106.,152.,64.));
#5616 = GEOMETRIC_CURVE_SET('',(#5617));
#5617 = TRIMMED_CURVE('',#5618,(#5622,PARAMETER_VALUE(0.)),(#5623,
    PARAMETER_VALUE(46.)),.T.,.PARAMETER.);
#5618 = LINE('',#5619,#5620);
#5619 = CARTESIAN_POINT('',(106.,152.,18.));
#5620 = VECTOR('',#5621,1.);
#5621 = DIRECTION('',(0.,0.,1.));
#5622 = CARTESIAN_POINT('',(106.,152.,18.));
#5623 = CARTESIAN_POINT('',(106.,152.,64.));
#5624 = GEOMETRIC_CURVE_SET('',(#5625));
#5625 = TRIMMED_CURVE('',#5626,(#5630,PARAMETER_VALUE(0.)),(#5631,
    PARAMETER_VALUE(64.)),.T.,.PARAMETER.);
#5626 = LINE('',#5627,#5628);
#5627 = CARTESIAN_POINT('',(106.,88.,18.));
#5628 = VECTOR('',#5629,1.);
#5629 = DIRECTION('',(0.,1.,0.));
#5630 = CARTESIAN_POINT('',(106.,88.,18.));
#5631 = CARTESIAN_POINT('',(106.,152.,18.));
#5632 = GEOMETRIC_CURVE_SET('',(#5633));
#5633 = TRIMMED_CURVE('',#5634,(#5638,PARAMETER_VALUE(0.)),(#5639,
    PARAMETER_VALUE(80.)),.T.,.PARAMETER.);
#5634 = LINE('',#5635,#5636);
#5635 = CARTESIAN_POINT('',(26.,88.,18.));
#5636 = VECTOR('',#5637,1.);
#5637 = DIRECTION('',(1.,0.,0.));
#5638 = CARTESIAN_POINT('',(26.,88.,18.));
#5639 = CARTESIAN_POINT('',(106.,88.,18.));
#5640 = GEOMETRIC_CURVE_SET('',(#5641));
#5641 = TRIMMED_CURVE('',#5642,(#5646,PARAMETER_VALUE(0.)),(#5647,
    PARAMETER_VALUE(80.)),.T.,.PARAMETER.);
#5642 = LINE('',#5643,#5644);
#5643 = CARTESIAN_POINT('',(26.,88.,64.));
#5644 = VECTOR('',#5645,1.);
#5645 = DIRECTION('',(1.,0.,0.));
#5646 = CARTESIAN_POINT('',(26.,88.,64.));
#5647 = CARTESIAN_POINT('',(106.,88.,64.));
#5648 = GEOMETRIC_CURVE_SET('',(#5649));
#5649 = TRIMMED_CURVE('',#5650,(#5654,PARAMETER_VALUE(0.)),(#5655,
    PARAMETER_VALUE(80.)),.T.,.PARAMETER.);
#5650 = LINE('',#5651,#5652);
#5651 = CARTESIAN_POINT('',(26.,152.,18.));
#5652 = VECTOR('',#5653,1.);
#5653 = DIRECTION('',(1.,0.,0.));
#5654 = CARTESIAN_POINT('',(26.,152.,18.));
#5655 = CARTESIAN_POINT('',(106.,152.,18.));
#5656 = GEOMETRIC_CURVE_SET('',(#5657));
#5657 = TRIMMED_CURVE('',#5658,(#5662,PARAMETER_VALUE(0.)),(#5663,
    PARAMETER_VALUE(80.)),.T.,.PARAMETER.);
#5658 = LINE('',#5659,#5660);
#5659 = CARTESIAN_POINT('',(26.,152.,64.));
#5660 = VECTOR('',#5661,1.);
#5661 = DIRECTION('',(1.,0.,0.));
#5662 = CARTESIAN_POINT('',(26.,152.,64.));
#5663 = CARTESIAN_POINT('',(106.,152.,64.));
#5664 = GEOMETRIC_CURVE_SET('',(#5665));
#5665 = TRIMMED_CURVE('',#5666,(#5670,PARAMETER_VALUE(0.)),(#5671,
    PARAMETER_VALUE(82.)),.T.,.PARAMETER.);
#5666 = LINE('',#5667,#5668);
#5667 = CARTESIAN_POINT('',(249.,72.,0.));
#5668 = VECTOR('',#5669,1.);
#5669 = DIRECTION('',(0.,0.,1.));
#5670 = CARTESIAN_POINT('',(249.,72.,0.));
#5671 = CARTESIAN_POINT('',(249.,72.,82.));
#5672 = GEOMETRIC_CURVE_SET('',(#5673));
#5673 = TRIMMED_CURVE('',#5674,(#5678,PARAMETER_VALUE(0.)),(#5679,
    PARAMETER_VALUE(74.)),.T.,.PARAMETER.);
#5674 = LINE('',#5675,#5676);
#5675 = CARTESIAN_POINT('',(249.,72.,82.));
#5676 = VECTOR('',#5677,1.);
#5677 = DIRECTION('',(0.,1.,0.));
#5678 = CARTESIAN_POINT('',(249.,72.,82.));
#5679 = CARTESIAN_POINT('',(249.,146.,82.));
#5680 = GEOMETRIC_CURVE_SET('',(#5681));
#5681 = TRIMMED_CURVE('',#5682,(#5686,PARAMETER_VALUE(0.)),(#5687,
    PARAMETER_VALUE(82.)),.T.,.PARAMETER.);
#5682 = LINE('',#5683,#5684);
#5683 = CARTESIAN_POINT('',(249.,146.,0.));
#5684 = VECTOR('',#5685,1.);
#5685 = DIRECTION('',(0.,0.,1.));
#5686 = CARTESIAN_POINT('',(249.,146.,0.));
#5687 = CARTESIAN_POINT('',(249.,146.,82.));
#5688 = GEOMETRIC_CURVE_SET('',(#5689));
#5689 = TRIMMED_CURVE('',#5690,(#5694,PARAMETER_VALUE(0.)),(#5695,
    PARAMETER_VALUE(74.)),.T.,.PARAMETER.);
#5690 = LINE('',#5691,#5692);
#5691 = CARTESIAN_POINT('',(249.,72.,0.));
#5692 = VECTOR('',#5693,1.);
#5693 = DIRECTION('',(0.,1.,0.));
#5694 = CARTESIAN_POINT('',(249.,72.,0.));
#5695 = CARTESIAN_POINT('',(249.,146.,0.));
#5696 = GEOMETRIC_CURVE_SET('',(#5697));
#5697 = TRIMMED_CURVE('',#5698,(#5702,PARAMETER_VALUE(0.)),(#5703,
    PARAMETER_VALUE(82.)),.T.,.PARAMETER.);
#5698 = LINE('',#5699,#5700);
#5699 = CARTESIAN_POINT('',(273.,72.,0.));
#5700 = VECTOR('',#5701,1.);
#5701 = DIRECTION('',(0.,0.,1.));
#5702 = CARTESIAN_POINT('',(273.,72.,0.));
#5703 = CARTESIAN_POINT('',(273.,72.,82.));
#5704 = GEOMETRIC_CURVE_SET('',(#5705));
#5705 = TRIMMED_CURVE('',#5706,(#5710,PARAMETER_VALUE(0.)),(#5711,
    PARAMETER_VALUE(74.)),.T.,.PARAMETER.);
#5706 = LINE('',#5707,#5708);
#5707 = CARTESIAN_POINT('',(273.,72.,82.));
#5708 = VECTOR('',#5709,1.);
#5709 = DIRECTION('',(0.,1.,0.));
#5710 = CARTESIAN_POINT('',(273.,72.,82.));
#5711 = CARTESIAN_POINT('',(273.,146.,82.));
#5712 = GEOMETRIC_CURVE_SET('',(#5713));
#5713 = TRIMMED_CURVE('',#5714,(#5718,PARAMETER_VALUE(0.)),(#5719,
    PARAMETER_VALUE(82.)),.T.,.PARAMETER.);
#5714 = LINE('',#5715,#5716);
#5715 = CARTESIAN_POINT('',(273.,146.,0.));
#5716 = VECTOR('',#5717,1.);
#5717 = DIRECTION('',(0.,0.,1.));
#5718 = CARTESIAN_POINT('',(273.,146.,0.));
#5719 = CARTESIAN_POINT('',(273.,146.,82.));
#5720 = GEOMETRIC_CURVE_SET('',(#5721));
#5721 = TRIMMED_CURVE('',#5722,(#5726,PARAMETER_VALUE(0.)),(#5727,
    PARAMETER_VALUE(74.)),.T.,.PARAMETER.);
#5722 = LINE('',#5723,#5724);
#5723 = CARTESIAN_POINT('',(273.,72.,0.));
#5724 = VECTOR('',#5725,1.);
#5725 = DIRECTION('',(0.,1.,0.));
#5726 = CARTESIAN_POINT('',(273.,72.,0.));
#5727 = CARTESIAN_POINT('',(273.,146.,0.));
#5728 = GEOMETRIC_CURVE_SET('',(#5729));
#5729 = TRIMMED_CURVE('',#5730,(#5734,PARAMETER_VALUE(0.)),(#5735,
    PARAMETER_VALUE(24.)),.T.,.PARAMETER.);
#5730 = LINE('',#5731,#5732);
#5731 = CARTESIAN_POINT('',(249.,72.,0.));
#5732 = VECTOR('',#5733,1.);
#5733 = DIRECTION('',(1.,0.,0.));
#5734 = CARTESIAN_POINT('',(249.,72.,0.));
#5735 = CARTESIAN_POINT('',(273.,72.,0.));
#5736 = GEOMETRIC_CURVE_SET('',(#5737));
#5737 = TRIMMED_CURVE('',#5738,(#5742,PARAMETER_VALUE(0.)),(#5743,
    PARAMETER_VALUE(24.)),.T.,.PARAMETER.);
#5738 = LINE('',#5739,#5740);
#5739 = CARTESIAN_POINT('',(249.,72.,82.));
#5740 = VECTOR('',#5741,1.);
#5741 = DIRECTION('',(1.,0.,0.));
#5742 = CARTESIAN_POINT('',(249.,72.,82.));
#5743 = CARTESIAN_POINT('',(273.,72.,82.));
#5744 = GEOMETRIC_CURVE_SET('',(#5745));
#5745 = TRIMMED_CURVE('',#5746,(#5750,PARAMETER_VALUE(0.)),(#5751,
    PARAMETER_VALUE(24.)),.T.,.PARAMETER.);
#5746 = LINE('',#5747,#5748);
#5747 = CARTESIAN_POINT('',(249.,146.,0.));
#5748 = VECTOR('',#5749,1.);
#5749 = DIRECTION('',(1.,0.,0.));
#5750 = CARTESIAN_POINT('',(249.,146.,0.));
#5751 = CARTESIAN_POINT('',(273.,146.,0.));
#5752 = GEOMETRIC_CURVE_SET('',(#5753));
#5753 = TRIMMED_CURVE('',#5754,(#5758,PARAMETER_VALUE(0.)),(#5759,
    PARAMETER_VALUE(24.)),.T.,.PARAMETER.);
#5754 = LINE('',#5755,#5756);
#5755 = CARTESIAN_POINT('',(249.,146.,82.));
#5756 = VECTOR('',#5757,1.);
#5757 = DIRECTION('',(1.,0.,0.));
#5758 = CARTESIAN_POINT('',(249.,146.,82.));
#5759 = CARTESIAN_POINT('',(273.,146.,82.));
#5760 = GEOMETRIC_CURVE_SET('',(#5761));
#5761 = TRIMMED_CURVE('',#5762,(#5766,PARAMETER_VALUE(0.)),(#5767,
    PARAMETER_VALUE(46.)),.T.,.PARAMETER.);
#5762 = LINE('',#5763,#5764);
#5763 = CARTESIAN_POINT('',(169.,88.,18.));
#5764 = VECTOR('',#5765,1.);
#5765 = DIRECTION('',(0.,0.,1.));
#5766 = CARTESIAN_POINT('',(169.,88.,18.));
#5767 = CARTESIAN_POINT('',(169.,88.,64.));
#5768 = GEOMETRIC_CURVE_SET('',(#5769));
#5769 = TRIMMED_CURVE('',#5770,(#5774,PARAMETER_VALUE(0.)),(#5775,
    PARAMETER_VALUE(64.)),.T.,.PARAMETER.);
#5770 = LINE('',#5771,#5772);
#5771 = CARTESIAN_POINT('',(169.,88.,64.));
#5772 = VECTOR('',#5773,1.);
#5773 = DIRECTION('',(0.,1.,0.));
#5774 = CARTESIAN_POINT('',(169.,88.,64.));
#5775 = CARTESIAN_POINT('',(169.,152.,64.));
#5776 = GEOMETRIC_CURVE_SET('',(#5777));
#5777 = TRIMMED_CURVE('',#5778,(#5782,PARAMETER_VALUE(0.)),(#5783,
    PARAMETER_VALUE(46.)),.T.,.PARAMETER.);
#5778 = LINE('',#5779,#5780);
#5779 = CARTESIAN_POINT('',(169.,152.,18.));
#5780 = VECTOR('',#5781,1.);
#5781 = DIRECTION('',(0.,0.,1.));
#5782 = CARTESIAN_POINT('',(169.,152.,18.));
#5783 = CARTESIAN_POINT('',(169.,152.,64.));
#5784 = GEOMETRIC_CURVE_SET('',(#5785));
#5785 = TRIMMED_CURVE('',#5786,(#5790,PARAMETER_VALUE(0.)),(#5791,
    PARAMETER_VALUE(64.)),.T.,.PARAMETER.);
#5786 = LINE('',#5787,#5788);
#5787 = CARTESIAN_POINT('',(169.,88.,18.));
#5788 = VECTOR('',#5789,1.);
#5789 = DIRECTION('',(0.,1.,0.));
#5790 = CARTESIAN_POINT('',(169.,88.,18.));
#5791 = CARTESIAN_POINT('',(169.,152.,18.));
#5792 = GEOMETRIC_CURVE_SET('',(#5793));
#5793 = TRIMMED_CURVE('',#5794,(#5798,PARAMETER_VALUE(0.)),(#5799,
    PARAMETER_VALUE(46.)),.T.,.PARAMETER.);
#5794 = LINE('',#5795,#5796);
#5795 = CARTESIAN_POINT('',(249.,88.,18.));
#5796 = VECTOR('',#5797,1.);
#5797 = DIRECTION('',(0.,0.,1.));
#5798 = CARTESIAN_POINT('',(249.,88.,18.));
#5799 = CARTESIAN_POINT('',(249.,88.,64.));
#5800 = GEOMETRIC_CURVE_SET('',(#5801));
#5801 = TRIMMED_CURVE('',#5802,(#5806,PARAMETER_VALUE(0.)),(#5807,
    PARAMETER_VALUE(64.)),.T.,.PARAMETER.);
#5802 = LINE('',#5803,#5804);
#5803 = CARTESIAN_POINT('',(249.,88.,64.));
#5804 = VECTOR('',#5805,1.);
#5805 = DIRECTION('',(0.,1.,0.));
#5806 = CARTESIAN_POINT('',(249.,88.,64.));
#5807 = CARTESIAN_POINT('',(249.,152.,64.));
#5808 = GEOMETRIC_CURVE_SET('',(#5809));
#5809 = TRIMMED_CURVE('',#5810,(#5814,PARAMETER_VALUE(0.)),(#5815,
    PARAMETER_VALUE(46.)),.T.,.PARAMETER.);
#5810 = LINE('',#5811,#5812);
#5811 = CARTESIAN_POINT('',(249.,152.,18.));
#5812 = VECTOR('',#5813,1.);
#5813 = DIRECTION('',(0.,0.,1.));
#5814 = CARTESIAN_POINT('',(249.,152.,18.));
#5815 = CARTESIAN_POINT('',(249.,152.,64.));
#5816 = GEOMETRIC_CURVE_SET('',(#5817));
#5817 = TRIMMED_CURVE('',#5818,(#5822,PARAMETER_VALUE(0.)),(#5823,
    PARAMETER_VALUE(64.)),.T.,.PARAMETER.);
#5818 = LINE('',#5819,#5820);
#5819 = CARTESIAN_POINT('',(249.,88.,18.));
#5820 = VECTOR('',#5821,1.);
#5821 = DIRECTION('',(0.,1.,0.));
#5822 = CARTESIAN_POINT('',(249.,88.,18.));
#5823 = CARTESIAN_POINT('',(249.,152.,18.));
#5824 = GEOMETRIC_CURVE_SET('',(#5825));
#5825 = TRIMMED_CURVE('',#5826,(#5830,PARAMETER_VALUE(0.)),(#5831,
    PARAMETER_VALUE(80.)),.T.,.PARAMETER.);
#5826 = LINE('',#5827,#5828);
#5827 = CARTESIAN_POINT('',(169.,88.,18.));
#5828 = VECTOR('',#5829,1.);
#5829 = DIRECTION('',(1.,0.,0.));
#5830 = CARTESIAN_POINT('',(169.,88.,18.));
#5831 = CARTESIAN_POINT('',(249.,88.,18.));
#5832 = GEOMETRIC_CURVE_SET('',(#5833));
#5833 = TRIMMED_CURVE('',#5834,(#5838,PARAMETER_VALUE(0.)),(#5839,
    PARAMETER_VALUE(80.)),.T.,.PARAMETER.);
#5834 = LINE('',#5835,#5836);
#5835 = CARTESIAN_POINT('',(169.,88.,64.));
#5836 = VECTOR('',#5837,1.);
#5837 = DIRECTION('',(1.,0.,0.));
#5838 = CARTESIAN_POINT('',(169.,88.,64.));
#5839 = CARTESIAN_POINT('',(249.,88.,64.));
#5840 = GEOMETRIC_CURVE_SET('',(#5841));
#5841 = TRIMMED_CURVE('',#5842,(#5846,PARAMETER_VALUE(0.)),(#5847,
    PARAMETER_VALUE(80.)),.T.,.PARAMETER.);
#5842 = LINE('',#5843,#5844);
#5843 = CARTESIAN_POINT('',(169.,152.,18.));
#5844 = VECTOR('',#5845,1.);
#5845 = DIRECTION('',(1.,0.,0.));
#5846 = CARTESIAN_POINT('',(169.,152.,18.));
#5847 = CARTESIAN_POINT('',(249.,152.,18.));
#5848 = GEOMETRIC_CURVE_SET('',(#5849));
#5849 = TRIMMED_CURVE('',#5850,(#5854,PARAMETER_VALUE(0.)),(#5855,
    PARAMETER_VALUE(80.)),.T.,.PARAMETER.);
#5850 = LINE('',#5851,#5852);
#5851 = CARTESIAN_POINT('',(169.,152.,64.));
#5852 = VECTOR('',#5853,1.);
#5853 = DIRECTION('',(1.,0.,0.));
#5854 = CARTESIAN_POINT('',(169.,152.,64.));
#5855 = CARTESIAN_POINT('',(249.,152.,64.));
#5856 = GEOMETRIC_CURVE_SET('',(#5857));
#5857 = TRIMMED_CURVE('',#5858,(#5862,PARAMETER_VALUE(0.)),(#5863,
    PARAMETER_VALUE(30.)),.T.,.PARAMETER.);
#5858 = LINE('',#5859,#5860);
#5859 = CARTESIAN_POINT('',(153.,29.,56.));
#5860 = VECTOR('',#5861,1.);
#5861 = DIRECTION('',(0.,0.,1.));
#5862 = CARTESIAN_POINT('',(153.,29.,56.));
#5863 = CARTESIAN_POINT('',(153.,29.,86.));
#5864 = GEOMETRIC_CURVE_SET('',(#5865));
#5865 = TRIMMED_CURVE('',#5866,(#5870,PARAMETER_VALUE(0.)),(#5871,
    PARAMETER_VALUE(56.)),.T.,.PARAMETER.);
#5866 = LINE('',#5867,#5868);
#5867 = CARTESIAN_POINT('',(153.,29.,86.));
#5868 = VECTOR('',#5869,1.);
#5869 = DIRECTION('',(0.,1.,0.));
#5870 = CARTESIAN_POINT('',(153.,29.,86.));
#5871 = CARTESIAN_POINT('',(153.,85.,86.));
#5872 = GEOMETRIC_CURVE_SET('',(#5873));
#5873 = TRIMMED_CURVE('',#5874,(#5878,PARAMETER_VALUE(0.)),(#5879,
    PARAMETER_VALUE(30.)),.T.,.PARAMETER.);
#5874 = LINE('',#5875,#5876);
#5875 = CARTESIAN_POINT('',(153.,85.,56.));
#5876 = VECTOR('',#5877,1.);
#5877 = DIRECTION('',(0.,0.,1.));
#5878 = CARTESIAN_POINT('',(153.,85.,56.));
#5879 = CARTESIAN_POINT('',(153.,85.,86.));
#5880 = GEOMETRIC_CURVE_SET('',(#5881));
#5881 = TRIMMED_CURVE('',#5882,(#5886,PARAMETER_VALUE(0.)),(#5887,
    PARAMETER_VALUE(56.)),.T.,.PARAMETER.);
#5882 = LINE('',#5883,#5884);
#5883 = CARTESIAN_POINT('',(153.,29.,56.));
#5884 = VECTOR('',#5885,1.);
#5885 = DIRECTION('',(0.,1.,0.));
#5886 = CARTESIAN_POINT('',(153.,29.,56.));
#5887 = CARTESIAN_POINT('',(153.,85.,56.));
#5888 = GEOMETRIC_CURVE_SET('',(#5889));
#5889 = TRIMMED_CURVE('',#5890,(#5894,PARAMETER_VALUE(0.)),(#5895,
    PARAMETER_VALUE(30.)),.T.,.PARAMETER.);
#5890 = LINE('',#5891,#5892);
#5891 = CARTESIAN_POINT('',(247.,29.,56.));
#5892 = VECTOR('',#5893,1.);
#5893 = DIRECTION('',(0.,0.,1.));
#5894 = CARTESIAN_POINT('',(247.,29.,56.));
#5895 = CARTESIAN_POINT('',(247.,29.,86.));
#5896 = GEOMETRIC_CURVE_SET('',(#5897));
#5897 = TRIMMED_CURVE('',#5898,(#5902,PARAMETER_VALUE(0.)),(#5903,
    PARAMETER_VALUE(56.)),.T.,.PARAMETER.);
#5898 = LINE('',#5899,#5900);
#5899 = CARTESIAN_POINT('',(247.,29.,86.));
#5900 = VECTOR('',#5901,1.);
#5901 = DIRECTION('',(0.,1.,0.));
#5902 = CARTESIAN_POINT('',(247.,29.,86.));
#5903 = CARTESIAN_POINT('',(247.,85.,86.));
#5904 = GEOMETRIC_CURVE_SET('',(#5905));
#5905 = TRIMMED_CURVE('',#5906,(#5910,PARAMETER_VALUE(0.)),(#5911,
    PARAMETER_VALUE(30.)),.T.,.PARAMETER.);
#5906 = LINE('',#5907,#5908);
#5907 = CARTESIAN_POINT('',(247.,85.,56.));
#5908 = VECTOR('',#5909,1.);
#5909 = DIRECTION('',(0.,0.,1.));
#5910 = CARTESIAN_POINT('',(247.,85.,56.));
#5911 = CARTESIAN_POINT('',(247.,85.,86.));
#5912 = GEOMETRIC_CURVE_SET('',(#5913));
#5913 = TRIMMED_CURVE('',#5914,(#5918,PARAMETER_VALUE(0.)),(#5919,
    PARAMETER_VALUE(56.)),.T.,.PARAMETER.);
#5914 = LINE('',#5915,#5916);
#5915 = CARTESIAN_POINT('',(247.,29.,56.));
#5916 = VECTOR('',#5917,1.);
#5917 = DIRECTION('',(0.,1.,0.));
#5918 = CARTESIAN_POINT('',(247.,29.,56.));
#5919 = CARTESIAN_POINT('',(247.,85.,56.));
#5920 = GEOMETRIC_CURVE_SET('',(#5921));
#5921 = TRIMMED_CURVE('',#5922,(#5926,PARAMETER_VALUE(0.)),(#5927,
    PARAMETER_VALUE(94.)),.T.,.PARAMETER.);
#5922 = LINE('',#5923,#5924);
#5923 = CARTESIAN_POINT('',(153.,29.,56.));
#5924 = VECTOR('',#5925,1.);
#5925 = DIRECTION('',(1.,0.,0.));
#5926 = CARTESIAN_POINT('',(153.,29.,56.));
#5927 = CARTESIAN_POINT('',(247.,29.,56.));
#5928 = GEOMETRIC_CURVE_SET('',(#5929));
#5929 = TRIMMED_CURVE('',#5930,(#5934,PARAMETER_VALUE(0.)),(#5935,
    PARAMETER_VALUE(94.)),.T.,.PARAMETER.);
#5930 = LINE('',#5931,#5932);
#5931 = CARTESIAN_POINT('',(153.,29.,86.));
#5932 = VECTOR('',#5933,1.);
#5933 = DIRECTION('',(1.,0.,0.));
#5934 = CARTESIAN_POINT('',(153.,29.,86.));
#5935 = CARTESIAN_POINT('',(247.,29.,86.));
#5936 = GEOMETRIC_CURVE_SET('',(#5937));
#5937 = TRIMMED_CURVE('',#5938,(#5942,PARAMETER_VALUE(0.)),(#5943,
    PARAMETER_VALUE(94.)),.T.,.PARAMETER.);
#5938 = LINE('',#5939,#5940);
#5939 = CARTESIAN_POINT('',(153.,85.,56.));
#5940 = VECTOR('',#5941,1.);
#5941 = DIRECTION('',(1.,0.,0.));
#5942 = CARTESIAN_POINT('',(153.,85.,56.));
#5943 = CARTESIAN_POINT('',(247.,85.,56.));
#5944 = GEOMETRIC_CURVE_SET('',(#5945));
#5945 = TRIMMED_CURVE('',#5946,(#5950,PARAMETER_VALUE(0.)),(#5951,
    PARAMETER_VALUE(94.)),.T.,.PARAMETER.);
#5946 = LINE('',#5947,#5948);
#5947 = CARTESIAN_POINT('',(153.,85.,86.));
#5948 = VECTOR('',#5949,1.);
#5949 = DIRECTION('',(1.,0.,0.));
#5950 = CARTESIAN_POINT('',(153.,85.,86.));
#5951 = CARTESIAN_POINT('',(247.,85.,86.));
#5952 = GEOMETRIC_CURVE_SET('',(#5953));
#5953 = TRIMMED_CURVE('',#5954,(#5958,PARAMETER_VALUE(0.)),(#5959,
    PARAMETER_VALUE(22.)),.T.,.PARAMETER.);
#5954 = LINE('',#5955,#5956);
#5955 = CARTESIAN_POINT('',(22.5,155.,0.));
#5956 = VECTOR('',#5957,1.);
#5957 = DIRECTION('',(0.,0.,1.));
#5958 = CARTESIAN_POINT('',(22.5,155.,0.));
#5959 = CARTESIAN_POINT('',(22.5,155.,22.));
#5960 = GEOMETRIC_CURVE_SET('',(#5961));
#5961 = TRIMMED_CURVE('',#5962,(#5966,PARAMETER_VALUE(0.)),(#5967,
    PARAMETER_VALUE(32.)),.T.,.PARAMETER.);
#5962 = LINE('',#5963,#5964);
#5963 = CARTESIAN_POINT('',(22.5,155.,22.));
#5964 = VECTOR('',#5965,1.);
#5965 = DIRECTION('',(0.,1.,0.));
#5966 = CARTESIAN_POINT('',(22.5,155.,22.));
#5967 = CARTESIAN_POINT('',(22.5,187.,22.));
#5968 = GEOMETRIC_CURVE_SET('',(#5969));
#5969 = TRIMMED_CURVE('',#5970,(#5974,PARAMETER_VALUE(0.)),(#5975,
    PARAMETER_VALUE(22.)),.T.,.PARAMETER.);
#5970 = LINE('',#5971,#5972);
#5971 = CARTESIAN_POINT('',(22.5,187.,0.));
#5972 = VECTOR('',#5973,1.);
#5973 = DIRECTION('',(0.,0.,1.));
#5974 = CARTESIAN_POINT('',(22.5,187.,0.));
#5975 = CARTESIAN_POINT('',(22.5,187.,22.));
#5976 = GEOMETRIC_CURVE_SET('',(#5977));
#5977 = TRIMMED_CURVE('',#5978,(#5982,PARAMETER_VALUE(0.)),(#5983,
    PARAMETER_VALUE(32.)),.T.,.PARAMETER.);
#5978 = LINE('',#5979,#5980);
#5979 = CARTESIAN_POINT('',(22.5,155.,0.));
#5980 = VECTOR('',#5981,1.);
#5981 = DIRECTION('',(0.,1.,0.));
#5982 = CARTESIAN_POINT('',(22.5,155.,0.));
#5983 = CARTESIAN_POINT('',(22.5,187.,0.));
#5984 = GEOMETRIC_CURVE_SET('',(#5985));
#5985 = TRIMMED_CURVE('',#5986,(#5990,PARAMETER_VALUE(0.)),(#5991,
    PARAMETER_VALUE(22.)),.T.,.PARAMETER.);
#5986 = LINE('',#5987,#5988);
#5987 = CARTESIAN_POINT('',(252.5,155.,0.));
#5988 = VECTOR('',#5989,1.);
#5989 = DIRECTION('',(0.,0.,1.));
#5990 = CARTESIAN_POINT('',(252.5,155.,0.));
#5991 = CARTESIAN_POINT('',(252.5,155.,22.));
#5992 = GEOMETRIC_CURVE_SET('',(#5993));
#5993 = TRIMMED_CURVE('',#5994,(#5998,PARAMETER_VALUE(0.)),(#5999,
    PARAMETER_VALUE(32.)),.T.,.PARAMETER.);
#5994 = LINE('',#5995,#5996);
#5995 = CARTESIAN_POINT('',(252.5,155.,22.));
#5996 = VECTOR('',#5997,1.);
#5997 = DIRECTION('',(0.,1.,0.));
#5998 = CARTESIAN_POINT('',(252.5,155.,22.));
#5999 = CARTESIAN_POINT('',(252.5,187.,22.));
#6000 = GEOMETRIC_CURVE_SET('',(#6001));
#6001 = TRIMMED_CURVE('',#6002,(#6006,PARAMETER_VALUE(0.)),(#6007,
    PARAMETER_VALUE(22.)),.T.,.PARAMETER.);
#6002 = LINE('',#6003,#6004);
#6003 = CARTESIAN_POINT('',(252.5,187.,0.));
#6004 = VECTOR('',#6005,1.);
#6005 = DIRECTION('',(0.,0.,1.));
#6006 = CARTESIAN_POINT('',(252.5,187.,0.));
#6007 = CARTESIAN_POINT('',(252.5,187.,22.));
#6008 = GEOMETRIC_CURVE_SET('',(#6009));
#6009 = TRIMMED_CURVE('',#6010,(#6014,PARAMETER_VALUE(0.)),(#6015,
    PARAMETER_VALUE(32.)),.T.,.PARAMETER.);
#6010 = LINE('',#6011,#6012);
#6011 = CARTESIAN_POINT('',(252.5,155.,0.));
#6012 = VECTOR('',#6013,1.);
#6013 = DIRECTION('',(0.,1.,0.));
#6014 = CARTESIAN_POINT('',(252.5,155.,0.));
#6015 = CARTESIAN_POINT('',(252.5,187.,0.));
#6016 = GEOMETRIC_CURVE_SET('',(#6017));
#6017 = TRIMMED_CURVE('',#6018,(#6022,PARAMETER_VALUE(0.)),(#6023,
    PARAMETER_VALUE(230.)),.T.,.PARAMETER.);
#6018 = LINE('',#6019,#6020);
#6019 = CARTESIAN_POINT('',(22.5,155.,0.));
#6020 = VECTOR('',#6021,1.);
#6021 = DIRECTION('',(1.,0.,0.));
#6022 = CARTESIAN_POINT('',(22.5,155.,0.));
#6023 = CARTESIAN_POINT('',(252.5,155.,0.));
#6024 = GEOMETRIC_CURVE_SET('',(#6025));
#6025 = TRIMMED_CURVE('',#6026,(#6030,PARAMETER_VALUE(0.)),(#6031,
    PARAMETER_VALUE(230.)),.T.,.PARAMETER.);
#6026 = LINE('',#6027,#6028);
#6027 = CARTESIAN_POINT('',(22.5,155.,22.));
#6028 = VECTOR('',#6029,1.);
#6029 = DIRECTION('',(1.,0.,0.));
#6030 = CARTESIAN_POINT('',(22.5,155.,22.));
#6031 = CARTESIAN_POINT('',(252.5,155.,22.));
#6032 = GEOMETRIC_CURVE_SET('',(#6033));
#6033 = TRIMMED_CURVE('',#6034,(#6038,PARAMETER_VALUE(0.)),(#6039,
    PARAMETER_VALUE(230.)),.T.,.PARAMETER.);
#6034 = LINE('',#6035,#6036);
#6035 = CARTESIAN_POINT('',(22.5,187.,0.));
#6036 = VECTOR('',#6037,1.);
#6037 = DIRECTION('',(1.,0.,0.));
#6038 = CARTESIAN_POINT('',(22.5,187.,0.));
#6039 = CARTESIAN_POINT('',(252.5,187.,0.));
#6040 = GEOMETRIC_CURVE_SET('',(#6041));
#6041 = TRIMMED_CURVE('',#6042,(#6046,PARAMETER_VALUE(0.)),(#6047,
    PARAMETER_VALUE(230.)),.T.,.PARAMETER.);
#6042 = LINE('',#6043,#6044);
#6043 = CARTESIAN_POINT('',(22.5,187.,22.));
#6044 = VECTOR('',#6045,1.);
#6045 = DIRECTION('',(1.,0.,0.));
#6046 = CARTESIAN_POINT('',(22.5,187.,22.));
#6047 = CARTESIAN_POINT('',(252.5,187.,22.));
#6048 = GEOMETRIC_CURVE_SET('',(#6049));
#6049 = TRIMMED_CURVE('',#6050,(#6054,PARAMETER_VALUE(0.)),(#6055,
    PARAMETER_VALUE(95.)),.T.,.PARAMETER.);
#6050 = LINE('',#6051,#6052);
#6051 = CARTESIAN_POINT('',(105.,155.,24.));
#6052 = VECTOR('',#6053,1.);
#6053 = DIRECTION('',(0.,0.,1.));
#6054 = CARTESIAN_POINT('',(105.,155.,24.));
#6055 = CARTESIAN_POINT('',(105.,155.,119.));
#6056 = GEOMETRIC_CURVE_SET('',(#6057));
#6057 = TRIMMED_CURVE('',#6058,(#6062,PARAMETER_VALUE(0.)),(#6063,
    PARAMETER_VALUE(31.)),.T.,.PARAMETER.);
#6058 = LINE('',#6059,#6060);
#6059 = CARTESIAN_POINT('',(105.,155.,119.));
#6060 = VECTOR('',#6061,1.);
#6061 = DIRECTION('',(0.,1.,0.));
#6062 = CARTESIAN_POINT('',(105.,155.,119.));
#6063 = CARTESIAN_POINT('',(105.,186.,119.));
#6064 = GEOMETRIC_CURVE_SET('',(#6065));
#6065 = TRIMMED_CURVE('',#6066,(#6070,PARAMETER_VALUE(0.)),(#6071,
    PARAMETER_VALUE(95.)),.T.,.PARAMETER.);
#6066 = LINE('',#6067,#6068);
#6067 = CARTESIAN_POINT('',(105.,186.,24.));
#6068 = VECTOR('',#6069,1.);
#6069 = DIRECTION('',(0.,0.,1.));
#6070 = CARTESIAN_POINT('',(105.,186.,24.));
#6071 = CARTESIAN_POINT('',(105.,186.,119.));
#6072 = GEOMETRIC_CURVE_SET('',(#6073));
#6073 = TRIMMED_CURVE('',#6074,(#6078,PARAMETER_VALUE(0.)),(#6079,
    PARAMETER_VALUE(31.)),.T.,.PARAMETER.);
#6074 = LINE('',#6075,#6076);
#6075 = CARTESIAN_POINT('',(105.,155.,24.));
#6076 = VECTOR('',#6077,1.);
#6077 = DIRECTION('',(0.,1.,0.));
#6078 = CARTESIAN_POINT('',(105.,155.,24.));
#6079 = CARTESIAN_POINT('',(105.,186.,24.));
#6080 = GEOMETRIC_CURVE_SET('',(#6081));
#6081 = TRIMMED_CURVE('',#6082,(#6086,PARAMETER_VALUE(0.)),(#6087,
    PARAMETER_VALUE(95.)),.T.,.PARAMETER.);
#6082 = LINE('',#6083,#6084);
#6083 = CARTESIAN_POINT('',(137.,155.,24.));
#6084 = VECTOR('',#6085,1.);
#6085 = DIRECTION('',(0.,0.,1.));
#6086 = CARTESIAN_POINT('',(137.,155.,24.));
#6087 = CARTESIAN_POINT('',(137.,155.,119.));
#6088 = GEOMETRIC_CURVE_SET('',(#6089));
#6089 = TRIMMED_CURVE('',#6090,(#6094,PARAMETER_VALUE(0.)),(#6095,
    PARAMETER_VALUE(31.)),.T.,.PARAMETER.);
#6090 = LINE('',#6091,#6092);
#6091 = CARTESIAN_POINT('',(137.,155.,119.));
#6092 = VECTOR('',#6093,1.);
#6093 = DIRECTION('',(0.,1.,0.));
#6094 = CARTESIAN_POINT('',(137.,155.,119.));
#6095 = CARTESIAN_POINT('',(137.,186.,119.));
#6096 = GEOMETRIC_CURVE_SET('',(#6097));
#6097 = TRIMMED_CURVE('',#6098,(#6102,PARAMETER_VALUE(0.)),(#6103,
    PARAMETER_VALUE(95.)),.T.,.PARAMETER.);
#6098 = LINE('',#6099,#6100);
#6099 = CARTESIAN_POINT('',(137.,186.,24.));
#6100 = VECTOR('',#6101,1.);
#6101 = DIRECTION('',(0.,0.,1.));
#6102 = CARTESIAN_POINT('',(137.,186.,24.));
#6103 = CARTESIAN_POINT('',(137.,186.,119.));
#6104 = GEOMETRIC_CURVE_SET('',(#6105));
#6105 = TRIMMED_CURVE('',#6106,(#6110,PARAMETER_VALUE(0.)),(#6111,
    PARAMETER_VALUE(31.)),.T.,.PARAMETER.);
#6106 = LINE('',#6107,#6108);
#6107 = CARTESIAN_POINT('',(137.,155.,24.));
#6108 = VECTOR('',#6109,1.);
#6109 = DIRECTION('',(0.,1.,0.));
#6110 = CARTESIAN_POINT('',(137.,155.,24.));
#6111 = CARTESIAN_POINT('',(137.,186.,24.));
#6112 = GEOMETRIC_CURVE_SET('',(#6113));
#6113 = TRIMMED_CURVE('',#6114,(#6118,PARAMETER_VALUE(0.)),(#6119,
    PARAMETER_VALUE(32.)),.T.,.PARAMETER.);
#6114 = LINE('',#6115,#6116);
#6115 = CARTESIAN_POINT('',(105.,155.,24.));
#6116 = VECTOR('',#6117,1.);
#6117 = DIRECTION('',(1.,0.,0.));
#6118 = CARTESIAN_POINT('',(105.,155.,24.));
#6119 = CARTESIAN_POINT('',(137.,155.,24.));
#6120 = GEOMETRIC_CURVE_SET('',(#6121));
#6121 = TRIMMED_CURVE('',#6122,(#6126,PARAMETER_VALUE(0.)),(#6127,
    PARAMETER_VALUE(32.)),.T.,.PARAMETER.);
#6122 = LINE('',#6123,#6124);
#6123 = CARTESIAN_POINT('',(105.,155.,119.));
#6124 = VECTOR('',#6125,1.);
#6125 = DIRECTION('',(1.,0.,0.));
#6126 = CARTESIAN_POINT('',(105.,155.,119.));
#6127 = CARTESIAN_POINT('',(137.,155.,119.));
#6128 = GEOMETRIC_CURVE_SET('',(#6129));
#6129 = TRIMMED_CURVE('',#6130,(#6134,PARAMETER_VALUE(0.)),(#6135,
    PARAMETER_VALUE(32.)),.T.,.PARAMETER.);
#6130 = LINE('',#6131,#6132);
#6131 = CARTESIAN_POINT('',(105.,186.,24.));
#6132 = VECTOR('',#6133,1.);
#6133 = DIRECTION('',(1.,0.,0.));
#6134 = CARTESIAN_POINT('',(105.,186.,24.));
#6135 = CARTESIAN_POINT('',(137.,186.,24.));
#6136 = GEOMETRIC_CURVE_SET('',(#6137));
#6137 = TRIMMED_CURVE('',#6138,(#6142,PARAMETER_VALUE(0.)),(#6143,
    PARAMETER_VALUE(32.)),.T.,.PARAMETER.);
#6138 = LINE('',#6139,#6140);
#6139 = CARTESIAN_POINT('',(105.,186.,119.));
#6140 = VECTOR('',#6141,1.);
#6141 = DIRECTION('',(1.,0.,0.));
#6142 = CARTESIAN_POINT('',(105.,186.,119.));
#6143 = CARTESIAN_POINT('',(137.,186.,119.));
#6144 = GEOMETRIC_CURVE_SET('',(#6145));
#6145 = TRIMMED_CURVE('',#6146,(#6150,PARAMETER_VALUE(0.)),(#6151,
    PARAMETER_VALUE(29.)),.T.,.PARAMETER.);
#6146 = LINE('',#6147,#6148);
#6147 = CARTESIAN_POINT('',(180.,156.,27.));
#6148 = VECTOR('',#6149,1.);
#6149 = DIRECTION('',(0.,0.,1.));
#6150 = CARTESIAN_POINT('',(180.,156.,27.));
#6151 = CARTESIAN_POINT('',(180.,156.,56.));
#6152 = GEOMETRIC_CURVE_SET('',(#6153));
#6153 = TRIMMED_CURVE('',#6154,(#6158,PARAMETER_VALUE(0.)),(#6159,
    PARAMETER_VALUE(29.)),.T.,.PARAMETER.);
#6154 = LINE('',#6155,#6156);
#6155 = CARTESIAN_POINT('',(180.,156.,56.));
#6156 = VECTOR('',#6157,1.);
#6157 = DIRECTION('',(0.,1.,0.));
#6158 = CARTESIAN_POINT('',(180.,156.,56.));
#6159 = CARTESIAN_POINT('',(180.,185.,56.));
#6160 = GEOMETRIC_CURVE_SET('',(#6161));
#6161 = TRIMMED_CURVE('',#6162,(#6166,PARAMETER_VALUE(0.)),(#6167,
    PARAMETER_VALUE(29.)),.T.,.PARAMETER.);
#6162 = LINE('',#6163,#6164);
#6163 = CARTESIAN_POINT('',(180.,185.,27.));
#6164 = VECTOR('',#6165,1.);
#6165 = DIRECTION('',(0.,0.,1.));
#6166 = CARTESIAN_POINT('',(180.,185.,27.));
#6167 = CARTESIAN_POINT('',(180.,185.,56.));
#6168 = GEOMETRIC_CURVE_SET('',(#6169));
#6169 = TRIMMED_CURVE('',#6170,(#6174,PARAMETER_VALUE(0.)),(#6175,
    PARAMETER_VALUE(29.)),.T.,.PARAMETER.);
#6170 = LINE('',#6171,#6172);
#6171 = CARTESIAN_POINT('',(180.,156.,27.));
#6172 = VECTOR('',#6173,1.);
#6173 = DIRECTION('',(0.,1.,0.));
#6174 = CARTESIAN_POINT('',(180.,156.,27.));
#6175 = CARTESIAN_POINT('',(180.,185.,27.));
#6176 = GEOMETRIC_CURVE_SET('',(#6177));
#6177 = TRIMMED_CURVE('',#6178,(#6182,PARAMETER_VALUE(0.)),(#6183,
    PARAMETER_VALUE(29.)),.T.,.PARAMETER.);
#6178 = LINE('',#6179,#6180);
#6179 = CARTESIAN_POINT('',(246.,156.,27.));
#6180 = VECTOR('',#6181,1.);
#6181 = DIRECTION('',(0.,0.,1.));
#6182 = CARTESIAN_POINT('',(246.,156.,27.));
#6183 = CARTESIAN_POINT('',(246.,156.,56.));
#6184 = GEOMETRIC_CURVE_SET('',(#6185));
#6185 = TRIMMED_CURVE('',#6186,(#6190,PARAMETER_VALUE(0.)),(#6191,
    PARAMETER_VALUE(29.)),.T.,.PARAMETER.);
#6186 = LINE('',#6187,#6188);
#6187 = CARTESIAN_POINT('',(246.,156.,56.));
#6188 = VECTOR('',#6189,1.);
#6189 = DIRECTION('',(0.,1.,0.));
#6190 = CARTESIAN_POINT('',(246.,156.,56.));
#6191 = CARTESIAN_POINT('',(246.,185.,56.));
#6192 = GEOMETRIC_CURVE_SET('',(#6193));
#6193 = TRIMMED_CURVE('',#6194,(#6198,PARAMETER_VALUE(0.)),(#6199,
    PARAMETER_VALUE(29.)),.T.,.PARAMETER.);
#6194 = LINE('',#6195,#6196);
#6195 = CARTESIAN_POINT('',(246.,185.,27.));
#6196 = VECTOR('',#6197,1.);
#6197 = DIRECTION('',(0.,0.,1.));
#6198 = CARTESIAN_POINT('',(246.,185.,27.));
#6199 = CARTESIAN_POINT('',(246.,185.,56.));
#6200 = GEOMETRIC_CURVE_SET('',(#6201));
#6201 = TRIMMED_CURVE('',#6202,(#6206,PARAMETER_VALUE(0.)),(#6207,
    PARAMETER_VALUE(29.)),.T.,.PARAMETER.);
#6202 = LINE('',#6203,#6204);
#6203 = CARTESIAN_POINT('',(246.,156.,27.));
#6204 = VECTOR('',#6205,1.);
#6205 = DIRECTION('',(0.,1.,0.));
#6206 = CARTESIAN_POINT('',(246.,156.,27.));
#6207 = CARTESIAN_POINT('',(246.,185.,27.));
#6208 = GEOMETRIC_CURVE_SET('',(#6209));
#6209 = TRIMMED_CURVE('',#6210,(#6214,PARAMETER_VALUE(0.)),(#6215,
    PARAMETER_VALUE(66.)),.T.,.PARAMETER.);
#6210 = LINE('',#6211,#6212);
#6211 = CARTESIAN_POINT('',(180.,156.,27.));
#6212 = VECTOR('',#6213,1.);
#6213 = DIRECTION('',(1.,0.,0.));
#6214 = CARTESIAN_POINT('',(180.,156.,27.));
#6215 = CARTESIAN_POINT('',(246.,156.,27.));
#6216 = GEOMETRIC_CURVE_SET('',(#6217));
#6217 = TRIMMED_CURVE('',#6218,(#6222,PARAMETER_VALUE(0.)),(#6223,
    PARAMETER_VALUE(66.)),.T.,.PARAMETER.);
#6218 = LINE('',#6219,#6220);
#6219 = CARTESIAN_POINT('',(180.,156.,56.));
#6220 = VECTOR('',#6221,1.);
#6221 = DIRECTION('',(1.,0.,0.));
#6222 = CARTESIAN_POINT('',(180.,156.,56.));
#6223 = CARTESIAN_POINT('',(246.,156.,56.));
#6224 = GEOMETRIC_CURVE_SET('',(#6225));
#6225 = TRIMMED_CURVE('',#6226,(#6230,PARAMETER_VALUE(0.)),(#6231,
    PARAMETER_VALUE(66.)),.T.,.PARAMETER.);
#6226 = LINE('',#6227,#6228);
#6227 = CARTESIAN_POINT('',(180.,185.,27.));
#6228 = VECTOR('',#6229,1.);
#6229 = DIRECTION('',(1.,0.,0.));
#6230 = CARTESIAN_POINT('',(180.,185.,27.));
#6231 = CARTESIAN_POINT('',(246.,185.,27.));
#6232 = GEOMETRIC_CURVE_SET('',(#6233));
#6233 = TRIMMED_CURVE('',#6234,(#6238,PARAMETER_VALUE(0.)),(#6239,
    PARAMETER_VALUE(66.)),.T.,.PARAMETER.);
#6234 = LINE('',#6235,#6236);
#6235 = CARTESIAN_POINT('',(180.,185.,56.));
#6236 = VECTOR('',#6237,1.);
#6237 = DIRECTION('',(1.,0.,0.));
#6238 = CARTESIAN_POINT('',(180.,185.,56.));
#6239 = CARTESIAN_POINT('',(246.,185.,56.));
#6240 = GEOMETRIC_CURVE_SET('',(#6241));
#6241 = TRIMMED_CURVE('',#6242,(#6246,PARAMETER_VALUE(0.)),(#6247,
    PARAMETER_VALUE(80.)),.T.,.PARAMETER.);
#6242 = LINE('',#6243,#6244);
#6243 = CARTESIAN_POINT('',(26.,157.,23.));
#6244 = VECTOR('',#6245,1.);
#6245 = DIRECTION('',(0.,0.,1.));
#6246 = CARTESIAN_POINT('',(26.,157.,23.));
#6247 = CARTESIAN_POINT('',(26.,157.,103.));
#6248 = GEOMETRIC_CURVE_SET('',(#6249));
#6249 = TRIMMED_CURVE('',#6250,(#6254,PARAMETER_VALUE(0.)),(#6255,
    PARAMETER_VALUE(105.)),.T.,.PARAMETER.);
#6250 = LINE('',#6251,#6252);
#6251 = CARTESIAN_POINT('',(26.,157.,103.));
#6252 = VECTOR('',#6253,1.);
#6253 = DIRECTION('',(0.,1.,0.));
#6254 = CARTESIAN_POINT('',(26.,157.,103.));
#6255 = CARTESIAN_POINT('',(26.,262.,103.));
#6256 = GEOMETRIC_CURVE_SET('',(#6257));
#6257 = TRIMMED_CURVE('',#6258,(#6262,PARAMETER_VALUE(0.)),(#6263,
    PARAMETER_VALUE(80.)),.T.,.PARAMETER.);
#6258 = LINE('',#6259,#6260);
#6259 = CARTESIAN_POINT('',(26.,262.,23.));
#6260 = VECTOR('',#6261,1.);
#6261 = DIRECTION('',(0.,0.,1.));
#6262 = CARTESIAN_POINT('',(26.,262.,23.));
#6263 = CARTESIAN_POINT('',(26.,262.,103.));
#6264 = GEOMETRIC_CURVE_SET('',(#6265));
#6265 = TRIMMED_CURVE('',#6266,(#6270,PARAMETER_VALUE(0.)),(#6271,
    PARAMETER_VALUE(105.)),.T.,.PARAMETER.);
#6266 = LINE('',#6267,#6268);
#6267 = CARTESIAN_POINT('',(26.,157.,23.));
#6268 = VECTOR('',#6269,1.);
#6269 = DIRECTION('',(0.,1.,0.));
#6270 = CARTESIAN_POINT('',(26.,157.,23.));
#6271 = CARTESIAN_POINT('',(26.,262.,23.));
#6272 = GEOMETRIC_CURVE_SET('',(#6273));
#6273 = TRIMMED_CURVE('',#6274,(#6278,PARAMETER_VALUE(0.)),(#6279,
    PARAMETER_VALUE(80.)),.T.,.PARAMETER.);
#6274 = LINE('',#6275,#6276);
#6275 = CARTESIAN_POINT('',(92.,157.,23.));
#6276 = VECTOR('',#6277,1.);
#6277 = DIRECTION('',(0.,0.,1.));
#6278 = CARTESIAN_POINT('',(92.,157.,23.));
#6279 = CARTESIAN_POINT('',(92.,157.,103.));
#6280 = GEOMETRIC_CURVE_SET('',(#6281));
#6281 = TRIMMED_CURVE('',#6282,(#6286,PARAMETER_VALUE(0.)),(#6287,
    PARAMETER_VALUE(105.)),.T.,.PARAMETER.);
#6282 = LINE('',#6283,#6284);
#6283 = CARTESIAN_POINT('',(92.,157.,103.));
#6284 = VECTOR('',#6285,1.);
#6285 = DIRECTION('',(0.,1.,0.));
#6286 = CARTESIAN_POINT('',(92.,157.,103.));
#6287 = CARTESIAN_POINT('',(92.,262.,103.));
#6288 = GEOMETRIC_CURVE_SET('',(#6289));
#6289 = TRIMMED_CURVE('',#6290,(#6294,PARAMETER_VALUE(0.)),(#6295,
    PARAMETER_VALUE(80.)),.T.,.PARAMETER.);
#6290 = LINE('',#6291,#6292);
#6291 = CARTESIAN_POINT('',(92.,262.,23.));
#6292 = VECTOR('',#6293,1.);
#6293 = DIRECTION('',(0.,0.,1.));
#6294 = CARTESIAN_POINT('',(92.,262.,23.));
#6295 = CARTESIAN_POINT('',(92.,262.,103.));
#6296 = GEOMETRIC_CURVE_SET('',(#6297));
#6297 = TRIMMED_CURVE('',#6298,(#6302,PARAMETER_VALUE(0.)),(#6303,
    PARAMETER_VALUE(105.)),.T.,.PARAMETER.);
#6298 = LINE('',#6299,#6300);
#6299 = CARTESIAN_POINT('',(92.,157.,23.));
#6300 = VECTOR('',#6301,1.);
#6301 = DIRECTION('',(0.,1.,0.));
#6302 = CARTESIAN_POINT('',(92.,157.,23.));
#6303 = CARTESIAN_POINT('',(92.,262.,23.));
#6304 = GEOMETRIC_CURVE_SET('',(#6305));
#6305 = TRIMMED_CURVE('',#6306,(#6310,PARAMETER_VALUE(0.)),(#6311,
    PARAMETER_VALUE(66.)),.T.,.PARAMETER.);
#6306 = LINE('',#6307,#6308);
#6307 = CARTESIAN_POINT('',(26.,157.,23.));
#6308 = VECTOR('',#6309,1.);
#6309 = DIRECTION('',(1.,0.,0.));
#6310 = CARTESIAN_POINT('',(26.,157.,23.));
#6311 = CARTESIAN_POINT('',(92.,157.,23.));
#6312 = GEOMETRIC_CURVE_SET('',(#6313));
#6313 = TRIMMED_CURVE('',#6314,(#6318,PARAMETER_VALUE(0.)),(#6319,
    PARAMETER_VALUE(66.)),.T.,.PARAMETER.);
#6314 = LINE('',#6315,#6316);
#6315 = CARTESIAN_POINT('',(26.,157.,103.));
#6316 = VECTOR('',#6317,1.);
#6317 = DIRECTION('',(1.,0.,0.));
#6318 = CARTESIAN_POINT('',(26.,157.,103.));
#6319 = CARTESIAN_POINT('',(92.,157.,103.));
#6320 = GEOMETRIC_CURVE_SET('',(#6321));
#6321 = TRIMMED_CURVE('',#6322,(#6326,PARAMETER_VALUE(0.)),(#6327,
    PARAMETER_VALUE(66.)),.T.,.PARAMETER.);
#6322 = LINE('',#6323,#6324);
#6323 = CARTESIAN_POINT('',(26.,262.,23.));
#6324 = VECTOR('',#6325,1.);
#6325 = DIRECTION('',(1.,0.,0.));
#6326 = CARTESIAN_POINT('',(26.,262.,23.));
#6327 = CARTESIAN_POINT('',(92.,262.,23.));
#6328 = GEOMETRIC_CURVE_SET('',(#6329));
#6329 = TRIMMED_CURVE('',#6330,(#6334,PARAMETER_VALUE(0.)),(#6335,
    PARAMETER_VALUE(66.)),.T.,.PARAMETER.);
#6330 = LINE('',#6331,#6332);
#6331 = CARTESIAN_POINT('',(26.,262.,103.));
#6332 = VECTOR('',#6333,1.);
#6333 = DIRECTION('',(1.,0.,0.));
#6334 = CARTESIAN_POINT('',(26.,262.,103.));
#6335 = CARTESIAN_POINT('',(92.,262.,103.));
#6336 = GEOMETRIC_CURVE_SET('',(#6337));
#6337 = TRIMMED_CURVE('',#6338,(#6342,PARAMETER_VALUE(0.)),(#6343,
    PARAMETER_VALUE(47.)),.T.,.PARAMETER.);
#6338 = LINE('',#6339,#6340);
#6339 = CARTESIAN_POINT('',(102.,194.,66.));
#6340 = VECTOR('',#6341,1.);
#6341 = DIRECTION('',(0.,0.,1.));
#6342 = CARTESIAN_POINT('',(102.,194.,66.));
#6343 = CARTESIAN_POINT('',(102.,194.,113.));
#6344 = GEOMETRIC_CURVE_SET('',(#6345));
#6345 = TRIMMED_CURVE('',#6346,(#6350,PARAMETER_VALUE(0.)),(#6351,
    PARAMETER_VALUE(56.)),.T.,.PARAMETER.);
#6346 = LINE('',#6347,#6348);
#6347 = CARTESIAN_POINT('',(102.,194.,113.));
#6348 = VECTOR('',#6349,1.);
#6349 = DIRECTION('',(0.,1.,0.));
#6350 = CARTESIAN_POINT('',(102.,194.,113.));
#6351 = CARTESIAN_POINT('',(102.,250.,113.));
#6352 = GEOMETRIC_CURVE_SET('',(#6353));
#6353 = TRIMMED_CURVE('',#6354,(#6358,PARAMETER_VALUE(0.)),(#6359,
    PARAMETER_VALUE(47.)),.T.,.PARAMETER.);
#6354 = LINE('',#6355,#6356);
#6355 = CARTESIAN_POINT('',(102.,250.,66.));
#6356 = VECTOR('',#6357,1.);
#6357 = DIRECTION('',(0.,0.,1.));
#6358 = CARTESIAN_POINT('',(102.,250.,66.));
#6359 = CARTESIAN_POINT('',(102.,250.,113.));
#6360 = GEOMETRIC_CURVE_SET('',(#6361));
#6361 = TRIMMED_CURVE('',#6362,(#6366,PARAMETER_VALUE(0.)),(#6367,
    PARAMETER_VALUE(56.)),.T.,.PARAMETER.);
#6362 = LINE('',#6363,#6364);
#6363 = CARTESIAN_POINT('',(102.,194.,66.));
#6364 = VECTOR('',#6365,1.);
#6365 = DIRECTION('',(0.,1.,0.));
#6366 = CARTESIAN_POINT('',(102.,194.,66.));
#6367 = CARTESIAN_POINT('',(102.,250.,66.));
#6368 = GEOMETRIC_CURVE_SET('',(#6369));
#6369 = TRIMMED_CURVE('',#6370,(#6374,PARAMETER_VALUE(0.)),(#6375,
    PARAMETER_VALUE(47.)),.T.,.PARAMETER.);
#6370 = LINE('',#6371,#6372);
#6371 = CARTESIAN_POINT('',(178.,194.,66.));
#6372 = VECTOR('',#6373,1.);
#6373 = DIRECTION('',(0.,0.,1.));
#6374 = CARTESIAN_POINT('',(178.,194.,66.));
#6375 = CARTESIAN_POINT('',(178.,194.,113.));
#6376 = GEOMETRIC_CURVE_SET('',(#6377));
#6377 = TRIMMED_CURVE('',#6378,(#6382,PARAMETER_VALUE(0.)),(#6383,
    PARAMETER_VALUE(56.)),.T.,.PARAMETER.);
#6378 = LINE('',#6379,#6380);
#6379 = CARTESIAN_POINT('',(178.,194.,113.));
#6380 = VECTOR('',#6381,1.);
#6381 = DIRECTION('',(0.,1.,0.));
#6382 = CARTESIAN_POINT('',(178.,194.,113.));
#6383 = CARTESIAN_POINT('',(178.,250.,113.));
#6384 = GEOMETRIC_CURVE_SET('',(#6385));
#6385 = TRIMMED_CURVE('',#6386,(#6390,PARAMETER_VALUE(0.)),(#6391,
    PARAMETER_VALUE(47.)),.T.,.PARAMETER.);
#6386 = LINE('',#6387,#6388);
#6387 = CARTESIAN_POINT('',(178.,250.,66.));
#6388 = VECTOR('',#6389,1.);
#6389 = DIRECTION('',(0.,0.,1.));
#6390 = CARTESIAN_POINT('',(178.,250.,66.));
#6391 = CARTESIAN_POINT('',(178.,250.,113.));
#6392 = GEOMETRIC_CURVE_SET('',(#6393));
#6393 = TRIMMED_CURVE('',#6394,(#6398,PARAMETER_VALUE(0.)),(#6399,
    PARAMETER_VALUE(56.)),.T.,.PARAMETER.);
#6394 = LINE('',#6395,#6396);
#6395 = CARTESIAN_POINT('',(178.,194.,66.));
#6396 = VECTOR('',#6397,1.);
#6397 = DIRECTION('',(0.,1.,0.));
#6398 = CARTESIAN_POINT('',(178.,194.,66.));
#6399 = CARTESIAN_POINT('',(178.,250.,66.));
#6400 = GEOMETRIC_CURVE_SET('',(#6401));
#6401 = TRIMMED_CURVE('',#6402,(#6406,PARAMETER_VALUE(0.)),(#6407,
    PARAMETER_VALUE(76.)),.T.,.PARAMETER.);
#6402 = LINE('',#6403,#6404);
#6403 = CARTESIAN_POINT('',(102.,194.,66.));
#6404 = VECTOR('',#6405,1.);
#6405 = DIRECTION('',(1.,0.,0.));
#6406 = CARTESIAN_POINT('',(102.,194.,66.));
#6407 = CARTESIAN_POINT('',(178.,194.,66.));
#6408 = GEOMETRIC_CURVE_SET('',(#6409));
#6409 = TRIMMED_CURVE('',#6410,(#6414,PARAMETER_VALUE(0.)),(#6415,
    PARAMETER_VALUE(76.)),.T.,.PARAMETER.);
#6410 = LINE('',#6411,#6412);
#6411 = CARTESIAN_POINT('',(102.,194.,113.));
#6412 = VECTOR('',#6413,1.);
#6413 = DIRECTION('',(1.,0.,0.));
#6414 = CARTESIAN_POINT('',(102.,194.,113.));
#6415 = CARTESIAN_POINT('',(178.,194.,113.));
#6416 = GEOMETRIC_CURVE_SET('',(#6417));
#6417 = TRIMMED_CURVE('',#6418,(#6422,PARAMETER_VALUE(0.)),(#6423,
    PARAMETER_VALUE(76.)),.T.,.PARAMETER.);
#6418 = LINE('',#6419,#6420);
#6419 = CARTESIAN_POINT('',(102.,250.,66.));
#6420 = VECTOR('',#6421,1.);
#6421 = DIRECTION('',(1.,0.,0.));
#6422 = CARTESIAN_POINT('',(102.,250.,66.));
#6423 = CARTESIAN_POINT('',(178.,250.,66.));
#6424 = GEOMETRIC_CURVE_SET('',(#6425));
#6425 = TRIMMED_CURVE('',#6426,(#6430,PARAMETER_VALUE(0.)),(#6431,
    PARAMETER_VALUE(76.)),.T.,.PARAMETER.);
#6426 = LINE('',#6427,#6428);
#6427 = CARTESIAN_POINT('',(102.,250.,113.));
#6428 = VECTOR('',#6429,1.);
#6429 = DIRECTION('',(1.,0.,0.));
#6430 = CARTESIAN_POINT('',(102.,250.,113.));
#6431 = CARTESIAN_POINT('',(178.,250.,113.));
#6432 = GEOMETRIC_CURVE_SET('',(#6433));
#6433 = TRIMMED_CURVE('',#6434,(#6438,PARAMETER_VALUE(0.)),(#6439,
    PARAMETER_VALUE(49.)),.T.,.PARAMETER.);
#6434 = LINE('',#6435,#6436);
#6435 = CARTESIAN_POINT('',(191.,194.,66.));
#6436 = VECTOR('',#6437,1.);
#6437 = DIRECTION('',(0.,0.,1.));
#6438 = CARTESIAN_POINT('',(191.,194.,66.));
#6439 = CARTESIAN_POINT('',(191.,194.,115.));
#6440 = GEOMETRIC_CURVE_SET('',(#6441));
#6441 = TRIMMED_CURVE('',#6442,(#6446,PARAMETER_VALUE(0.)),(#6447,
    PARAMETER_VALUE(46.)),.T.,.PARAMETER.);
#6442 = LINE('',#6443,#6444);
#6443 = CARTESIAN_POINT('',(191.,194.,115.));
#6444 = VECTOR('',#6445,1.);
#6445 = DIRECTION('',(0.,1.,0.));
#6446 = CARTESIAN_POINT('',(191.,194.,115.));
#6447 = CARTESIAN_POINT('',(191.,240.,115.));
#6448 = GEOMETRIC_CURVE_SET('',(#6449));
#6449 = TRIMMED_CURVE('',#6450,(#6454,PARAMETER_VALUE(0.)),(#6455,
    PARAMETER_VALUE(49.)),.T.,.PARAMETER.);
#6450 = LINE('',#6451,#6452);
#6451 = CARTESIAN_POINT('',(191.,240.,66.));
#6452 = VECTOR('',#6453,1.);
#6453 = DIRECTION('',(0.,0.,1.));
#6454 = CARTESIAN_POINT('',(191.,240.,66.));
#6455 = CARTESIAN_POINT('',(191.,240.,115.));
#6456 = GEOMETRIC_CURVE_SET('',(#6457));
#6457 = TRIMMED_CURVE('',#6458,(#6462,PARAMETER_VALUE(0.)),(#6463,
    PARAMETER_VALUE(46.)),.T.,.PARAMETER.);
#6458 = LINE('',#6459,#6460);
#6459 = CARTESIAN_POINT('',(191.,194.,66.));
#6460 = VECTOR('',#6461,1.);
#6461 = DIRECTION('',(0.,1.,0.));
#6462 = CARTESIAN_POINT('',(191.,194.,66.));
#6463 = CARTESIAN_POINT('',(191.,240.,66.));
#6464 = GEOMETRIC_CURVE_SET('',(#6465));
#6465 = TRIMMED_CURVE('',#6466,(#6470,PARAMETER_VALUE(0.)),(#6471,
    PARAMETER_VALUE(49.)),.T.,.PARAMETER.);
#6466 = LINE('',#6467,#6468);
#6467 = CARTESIAN_POINT('',(262.,194.,66.));
#6468 = VECTOR('',#6469,1.);
#6469 = DIRECTION('',(0.,0.,1.));
#6470 = CARTESIAN_POINT('',(262.,194.,66.));
#6471 = CARTESIAN_POINT('',(262.,194.,115.));
#6472 = GEOMETRIC_CURVE_SET('',(#6473));
#6473 = TRIMMED_CURVE('',#6474,(#6478,PARAMETER_VALUE(0.)),(#6479,
    PARAMETER_VALUE(46.)),.T.,.PARAMETER.);
#6474 = LINE('',#6475,#6476);
#6475 = CARTESIAN_POINT('',(262.,194.,115.));
#6476 = VECTOR('',#6477,1.);
#6477 = DIRECTION('',(0.,1.,0.));
#6478 = CARTESIAN_POINT('',(262.,194.,115.));
#6479 = CARTESIAN_POINT('',(262.,240.,115.));
#6480 = GEOMETRIC_CURVE_SET('',(#6481));
#6481 = TRIMMED_CURVE('',#6482,(#6486,PARAMETER_VALUE(0.)),(#6487,
    PARAMETER_VALUE(49.)),.T.,.PARAMETER.);
#6482 = LINE('',#6483,#6484);
#6483 = CARTESIAN_POINT('',(262.,240.,66.));
#6484 = VECTOR('',#6485,1.);
#6485 = DIRECTION('',(0.,0.,1.));
#6486 = CARTESIAN_POINT('',(262.,240.,66.));
#6487 = CARTESIAN_POINT('',(262.,240.,115.));
#6488 = GEOMETRIC_CURVE_SET('',(#6489));
#6489 = TRIMMED_CURVE('',#6490,(#6494,PARAMETER_VALUE(0.)),(#6495,
    PARAMETER_VALUE(46.)),.T.,.PARAMETER.);
#6490 = LINE('',#6491,#6492);
#6491 = CARTESIAN_POINT('',(262.,194.,66.));
#6492 = VECTOR('',#6493,1.);
#6493 = DIRECTION('',(0.,1.,0.));
#6494 = CARTESIAN_POINT('',(262.,194.,66.));
#6495 = CARTESIAN_POINT('',(262.,240.,66.));
#6496 = GEOMETRIC_CURVE_SET('',(#6497));
#6497 = TRIMMED_CURVE('',#6498,(#6502,PARAMETER_VALUE(0.)),(#6503,
    PARAMETER_VALUE(71.)),.T.,.PARAMETER.);
#6498 = LINE('',#6499,#6500);
#6499 = CARTESIAN_POINT('',(191.,194.,66.));
#6500 = VECTOR('',#6501,1.);
#6501 = DIRECTION('',(1.,0.,0.));
#6502 = CARTESIAN_POINT('',(191.,194.,66.));
#6503 = CARTESIAN_POINT('',(262.,194.,66.));
#6504 = GEOMETRIC_CURVE_SET('',(#6505));
#6505 = TRIMMED_CURVE('',#6506,(#6510,PARAMETER_VALUE(0.)),(#6511,
    PARAMETER_VALUE(71.)),.T.,.PARAMETER.);
#6506 = LINE('',#6507,#6508);
#6507 = CARTESIAN_POINT('',(191.,194.,115.));
#6508 = VECTOR('',#6509,1.);
#6509 = DIRECTION('',(1.,0.,0.));
#6510 = CARTESIAN_POINT('',(191.,194.,115.));
#6511 = CARTESIAN_POINT('',(262.,194.,115.));
#6512 = GEOMETRIC_CURVE_SET('',(#6513));
#6513 = TRIMMED_CURVE('',#6514,(#6518,PARAMETER_VALUE(0.)),(#6519,
    PARAMETER_VALUE(71.)),.T.,.PARAMETER.);
#6514 = LINE('',#6515,#6516);
#6515 = CARTESIAN_POINT('',(191.,240.,66.));
#6516 = VECTOR('',#6517,1.);
#6517 = DIRECTION('',(1.,0.,0.));
#6518 = CARTESIAN_POINT('',(191.,240.,66.));
#6519 = CARTESIAN_POINT('',(262.,240.,66.));
#6520 = GEOMETRIC_CURVE_SET('',(#6521));
#6521 = TRIMMED_CURVE('',#6522,(#6526,PARAMETER_VALUE(0.)),(#6527,
    PARAMETER_VALUE(71.)),.T.,.PARAMETER.);
#6522 = LINE('',#6523,#6524);
#6523 = CARTESIAN_POINT('',(191.,240.,115.));
#6524 = VECTOR('',#6525,1.);
#6525 = DIRECTION('',(1.,0.,0.));
#6526 = CARTESIAN_POINT('',(191.,240.,115.));
#6527 = CARTESIAN_POINT('',(262.,240.,115.));
#6528 = GEOMETRIC_CURVE_SET('',(#6529));
#6529 = TRIMMED_CURVE('',#6530,(#6534,PARAMETER_VALUE(0.)),(#6535,
    PARAMETER_VALUE(24.)),.T.,.PARAMETER.);
#6530 = LINE('',#6531,#6532);
#6531 = CARTESIAN_POINT('',(2.,2.,2.));
#6532 = VECTOR('',#6533,1.);
#6533 = DIRECTION('',(0.,0.,1.));
#6534 = CARTESIAN_POINT('',(2.,2.,2.));
#6535 = CARTESIAN_POINT('',(2.,2.,26.));
#6536 = GEOMETRIC_CURVE_SET('',(#6537));
#6537 = TRIMMED_CURVE('',#6538,(#6542,PARAMETER_VALUE(0.)),(#6543,
    PARAMETER_VALUE(24.)),.T.,.PARAMETER.);
#6538 = LINE('',#6539,#6540);
#6539 = CARTESIAN_POINT('',(2.,2.,26.));
#6540 = VECTOR('',#6541,1.);
#6541 = DIRECTION('',(0.,1.,0.));
#6542 = CARTESIAN_POINT('',(2.,2.,26.));
#6543 = CARTESIAN_POINT('',(2.,26.,26.));
#6544 = GEOMETRIC_CURVE_SET('',(#6545));
#6545 = TRIMMED_CURVE('',#6546,(#6550,PARAMETER_VALUE(0.)),(#6551,
    PARAMETER_VALUE(24.)),.T.,.PARAMETER.);
#6546 = LINE('',#6547,#6548);
#6547 = CARTESIAN_POINT('',(2.,26.,2.));
#6548 = VECTOR('',#6549,1.);
#6549 = DIRECTION('',(0.,0.,1.));
#6550 = CARTESIAN_POINT('',(2.,26.,2.));
#6551 = CARTESIAN_POINT('',(2.,26.,26.));
#6552 = GEOMETRIC_CURVE_SET('',(#6553));
#6553 = TRIMMED_CURVE('',#6554,(#6558,PARAMETER_VALUE(0.)),(#6559,
    PARAMETER_VALUE(24.)),.T.,.PARAMETER.);
#6554 = LINE('',#6555,#6556);
#6555 = CARTESIAN_POINT('',(2.,2.,2.));
#6556 = VECTOR('',#6557,1.);
#6557 = DIRECTION('',(0.,1.,0.));
#6558 = CARTESIAN_POINT('',(2.,2.,2.));
#6559 = CARTESIAN_POINT('',(2.,26.,2.));
#6560 = GEOMETRIC_CURVE_SET('',(#6561));
#6561 = TRIMMED_CURVE('',#6562,(#6566,PARAMETER_VALUE(0.)),(#6567,
    PARAMETER_VALUE(24.)),.T.,.PARAMETER.);
#6562 = LINE('',#6563,#6564);
#6563 = CARTESIAN_POINT('',(18.,2.,2.));
#6564 = VECTOR('',#6565,1.);
#6565 = DIRECTION('',(0.,0.,1.));
#6566 = CARTESIAN_POINT('',(18.,2.,2.));
#6567 = CARTESIAN_POINT('',(18.,2.,26.));
#6568 = GEOMETRIC_CURVE_SET('',(#6569));
#6569 = TRIMMED_CURVE('',#6570,(#6574,PARAMETER_VALUE(0.)),(#6575,
    PARAMETER_VALUE(24.)),.T.,.PARAMETER.);
#6570 = LINE('',#6571,#6572);
#6571 = CARTESIAN_POINT('',(18.,2.,26.));
#6572 = VECTOR('',#6573,1.);
#6573 = DIRECTION('',(0.,1.,0.));
#6574 = CARTESIAN_POINT('',(18.,2.,26.));
#6575 = CARTESIAN_POINT('',(18.,26.,26.));
#6576 = GEOMETRIC_CURVE_SET('',(#6577));
#6577 = TRIMMED_CURVE('',#6578,(#6582,PARAMETER_VALUE(0.)),(#6583,
    PARAMETER_VALUE(24.)),.T.,.PARAMETER.);
#6578 = LINE('',#6579,#6580);
#6579 = CARTESIAN_POINT('',(18.,26.,2.));
#6580 = VECTOR('',#6581,1.);
#6581 = DIRECTION('',(0.,0.,1.));
#6582 = CARTESIAN_POINT('',(18.,26.,2.));
#6583 = CARTESIAN_POINT('',(18.,26.,26.));
#6584 = GEOMETRIC_CURVE_SET('',(#6585));
#6585 = TRIMMED_CURVE('',#6586,(#6590,PARAMETER_VALUE(0.)),(#6591,
    PARAMETER_VALUE(24.)),.T.,.PARAMETER.);
#6586 = LINE('',#6587,#6588);
#6587 = CARTESIAN_POINT('',(18.,2.,2.));
#6588 = VECTOR('',#6589,1.);
#6589 = DIRECTION('',(0.,1.,0.));
#6590 = CARTESIAN_POINT('',(18.,2.,2.));
#6591 = CARTESIAN_POINT('',(18.,26.,2.));
#6592 = GEOMETRIC_CURVE_SET('',(#6593));
#6593 = TRIMMED_CURVE('',#6594,(#6598,PARAMETER_VALUE(0.)),(#6599,
    PARAMETER_VALUE(16.)),.T.,.PARAMETER.);
#6594 = LINE('',#6595,#6596);
#6595 = CARTESIAN_POINT('',(2.,2.,2.));
#6596 = VECTOR('',#6597,1.);
#6597 = DIRECTION('',(1.,0.,0.));
#6598 = CARTESIAN_POINT('',(2.,2.,2.));
#6599 = CARTESIAN_POINT('',(18.,2.,2.));
#6600 = GEOMETRIC_CURVE_SET('',(#6601));
#6601 = TRIMMED_CURVE('',#6602,(#6606,PARAMETER_VALUE(0.)),(#6607,
    PARAMETER_VALUE(16.)),.T.,.PARAMETER.);
#6602 = LINE('',#6603,#6604);
#6603 = CARTESIAN_POINT('',(2.,2.,26.));
#6604 = VECTOR('',#6605,1.);
#6605 = DIRECTION('',(1.,0.,0.));
#6606 = CARTESIAN_POINT('',(2.,2.,26.));
#6607 = CARTESIAN_POINT('',(18.,2.,26.));
#6608 = GEOMETRIC_CURVE_SET('',(#6609));
#6609 = TRIMMED_CURVE('',#6610,(#6614,PARAMETER_VALUE(0.)),(#6615,
    PARAMETER_VALUE(16.)),.T.,.PARAMETER.);
#6610 = LINE('',#6611,#6612);
#6611 = CARTESIAN_POINT('',(2.,26.,2.));
#6612 = VECTOR('',#6613,1.);
#6613 = DIRECTION('',(1.,0.,0.));
#6614 = CARTESIAN_POINT('',(2.,26.,2.));
#6615 = CARTESIAN_POINT('',(18.,26.,2.));
#6616 = GEOMETRIC_CURVE_SET('',(#6617));
#6617 = TRIMMED_CURVE('',#6618,(#6622,PARAMETER_VALUE(0.)),(#6623,
    PARAMETER_VALUE(16.)),.T.,.PARAMETER.);
#6618 = LINE('',#6619,#6620);
#6619 = CARTESIAN_POINT('',(2.,26.,26.));
#6620 = VECTOR('',#6621,1.);
#6621 = DIRECTION('',(1.,0.,0.));
#6622 = CARTESIAN_POINT('',(2.,26.,26.));
#6623 = CARTESIAN_POINT('',(18.,26.,26.));
#6624 = GEOMETRIC_CURVE_SET('',(#6625));
#6625 = TRIMMED_CURVE('',#6626,(#6630,PARAMETER_VALUE(0.)),(#6631,
    PARAMETER_VALUE(24.)),.T.,.PARAMETER.);
#6626 = LINE('',#6627,#6628);
#6627 = CARTESIAN_POINT('',(257.,2.,2.));
#6628 = VECTOR('',#6629,1.);
#6629 = DIRECTION('',(0.,0.,1.));
#6630 = CARTESIAN_POINT('',(257.,2.,2.));
#6631 = CARTESIAN_POINT('',(257.,2.,26.));
#6632 = GEOMETRIC_CURVE_SET('',(#6633));
#6633 = TRIMMED_CURVE('',#6634,(#6638,PARAMETER_VALUE(0.)),(#6639,
    PARAMETER_VALUE(24.)),.T.,.PARAMETER.);
#6634 = LINE('',#6635,#6636);
#6635 = CARTESIAN_POINT('',(257.,2.,26.));
#6636 = VECTOR('',#6637,1.);
#6637 = DIRECTION('',(0.,1.,0.));
#6638 = CARTESIAN_POINT('',(257.,2.,26.));
#6639 = CARTESIAN_POINT('',(257.,26.,26.));
#6640 = GEOMETRIC_CURVE_SET('',(#6641));
#6641 = TRIMMED_CURVE('',#6642,(#6646,PARAMETER_VALUE(0.)),(#6647,
    PARAMETER_VALUE(24.)),.T.,.PARAMETER.);
#6642 = LINE('',#6643,#6644);
#6643 = CARTESIAN_POINT('',(257.,26.,2.));
#6644 = VECTOR('',#6645,1.);
#6645 = DIRECTION('',(0.,0.,1.));
#6646 = CARTESIAN_POINT('',(257.,26.,2.));
#6647 = CARTESIAN_POINT('',(257.,26.,26.));
#6648 = GEOMETRIC_CURVE_SET('',(#6649));
#6649 = TRIMMED_CURVE('',#6650,(#6654,PARAMETER_VALUE(0.)),(#6655,
    PARAMETER_VALUE(24.)),.T.,.PARAMETER.);
#6650 = LINE('',#6651,#6652);
#6651 = CARTESIAN_POINT('',(257.,2.,2.));
#6652 = VECTOR('',#6653,1.);
#6653 = DIRECTION('',(0.,1.,0.));
#6654 = CARTESIAN_POINT('',(257.,2.,2.));
#6655 = CARTESIAN_POINT('',(257.,26.,2.));
#6656 = GEOMETRIC_CURVE_SET('',(#6657));
#6657 = TRIMMED_CURVE('',#6658,(#6662,PARAMETER_VALUE(0.)),(#6663,
    PARAMETER_VALUE(24.)),.T.,.PARAMETER.);
#6658 = LINE('',#6659,#6660);
#6659 = CARTESIAN_POINT('',(273.,2.,2.));
#6660 = VECTOR('',#6661,1.);
#6661 = DIRECTION('',(0.,0.,1.));
#6662 = CARTESIAN_POINT('',(273.,2.,2.));
#6663 = CARTESIAN_POINT('',(273.,2.,26.));
#6664 = GEOMETRIC_CURVE_SET('',(#6665));
#6665 = TRIMMED_CURVE('',#6666,(#6670,PARAMETER_VALUE(0.)),(#6671,
    PARAMETER_VALUE(24.)),.T.,.PARAMETER.);
#6666 = LINE('',#6667,#6668);
#6667 = CARTESIAN_POINT('',(273.,2.,26.));
#6668 = VECTOR('',#6669,1.);
#6669 = DIRECTION('',(0.,1.,0.));
#6670 = CARTESIAN_POINT('',(273.,2.,26.));
#6671 = CARTESIAN_POINT('',(273.,26.,26.));
#6672 = GEOMETRIC_CURVE_SET('',(#6673));
#6673 = TRIMMED_CURVE('',#6674,(#6678,PARAMETER_VALUE(0.)),(#6679,
    PARAMETER_VALUE(24.)),.T.,.PARAMETER.);
#6674 = LINE('',#6675,#6676);
#6675 = CARTESIAN_POINT('',(273.,26.,2.));
#6676 = VECTOR('',#6677,1.);
#6677 = DIRECTION('',(0.,0.,1.));
#6678 = CARTESIAN_POINT('',(273.,26.,2.));
#6679 = CARTESIAN_POINT('',(273.,26.,26.));
#6680 = GEOMETRIC_CURVE_SET('',(#6681));
#6681 = TRIMMED_CURVE('',#6682,(#6686,PARAMETER_VALUE(0.)),(#6687,
    PARAMETER_VALUE(24.)),.T.,.PARAMETER.);
#6682 = LINE('',#6683,#6684);
#6683 = CARTESIAN_POINT('',(273.,2.,2.));
#6684 = VECTOR('',#6685,1.);
#6685 = DIRECTION('',(0.,1.,0.));
#6686 = CARTESIAN_POINT('',(273.,2.,2.));
#6687 = CARTESIAN_POINT('',(273.,26.,2.));
#6688 = GEOMETRIC_CURVE_SET('',(#6689));
#6689 = TRIMMED_CURVE('',#6690,(#6694,PARAMETER_VALUE(0.)),(#6695,
    PARAMETER_VALUE(16.)),.T.,.PARAMETER.);
#6690 = LINE('',#6691,#6692);
#6691 = CARTESIAN_POINT('',(257.,2.,2.));
#6692 = VECTOR('',#6693,1.);
#6693 = DIRECTION('',(1.,0.,0.));
#6694 = CARTESIAN_POINT('',(257.,2.,2.));
#6695 = CARTESIAN_POINT('',(273.,2.,2.));
#6696 = GEOMETRIC_CURVE_SET('',(#6697));
#6697 = TRIMMED_CURVE('',#6698,(#6702,PARAMETER_VALUE(0.)),(#6703,
    PARAMETER_VALUE(16.)),.T.,.PARAMETER.);
#6698 = LINE('',#6699,#6700);
#6699 = CARTESIAN_POINT('',(257.,2.,26.));
#6700 = VECTOR('',#6701,1.);
#6701 = DIRECTION('',(1.,0.,0.));
#6702 = CARTESIAN_POINT('',(257.,2.,26.));
#6703 = CARTESIAN_POINT('',(273.,2.,26.));
#6704 = GEOMETRIC_CURVE_SET('',(#6705));
#6705 = TRIMMED_CURVE('',#6706,(#6710,PARAMETER_VALUE(0.)),(#6711,
    PARAMETER_VALUE(16.)),.T.,.PARAMETER.);
#6706 = LINE('',#6707,#6708);
#6707 = CARTESIAN_POINT('',(257.,26.,2.));
#6708 = VECTOR('',#6709,1.);
#6709 = DIRECTION('',(1.,0.,0.));
#6710 = CARTESIAN_POINT('',(257.,26.,2.));
#6711 = CARTESIAN_POINT('',(273.,26.,2.));
#6712 = GEOMETRIC_CURVE_SET('',(#6713));
#6713 = TRIMMED_CURVE('',#6714,(#6718,PARAMETER_VALUE(0.)),(#6719,
    PARAMETER_VALUE(16.)),.T.,.PARAMETER.);
#6714 = LINE('',#6715,#6716);
#6715 = CARTESIAN_POINT('',(257.,26.,26.));
#6716 = VECTOR('',#6717,1.);
#6717 = DIRECTION('',(1.,0.,0.));
#6718 = CARTESIAN_POINT('',(257.,26.,26.));
#6719 = CARTESIAN_POINT('',(273.,26.,26.));
#6720 = GEOMETRIC_CURVE_SET('',(#6721));
#6721 = TRIMMED_CURVE('',#6722,(#6726,PARAMETER_VALUE(0.)),(#6727,
    PARAMETER_VALUE(12.)),.T.,.PARAMETER.);
#6722 = LINE('',#6723,#6724);
#6723 = CARTESIAN_POINT('',(2.,6.,66.));
#6724 = VECTOR('',#6725,1.);
#6725 = DIRECTION('',(0.,0.,1.));
#6726 = CARTESIAN_POINT('',(2.,6.,66.));
#6727 = CARTESIAN_POINT('',(2.,6.,78.));
#6728 = GEOMETRIC_CURVE_SET('',(#6729));
#6729 = TRIMMED_CURVE('',#6730,(#6734,PARAMETER_VALUE(0.)),(#6735,
    PARAMETER_VALUE(18.)),.T.,.PARAMETER.);
#6730 = LINE('',#6731,#6732);
#6731 = CARTESIAN_POINT('',(2.,6.,78.));
#6732 = VECTOR('',#6733,1.);
#6733 = DIRECTION('',(0.,1.,0.));
#6734 = CARTESIAN_POINT('',(2.,6.,78.));
#6735 = CARTESIAN_POINT('',(2.,24.,78.));
#6736 = GEOMETRIC_CURVE_SET('',(#6737));
#6737 = TRIMMED_CURVE('',#6738,(#6742,PARAMETER_VALUE(0.)),(#6743,
    PARAMETER_VALUE(12.)),.T.,.PARAMETER.);
#6738 = LINE('',#6739,#6740);
#6739 = CARTESIAN_POINT('',(2.,24.,66.));
#6740 = VECTOR('',#6741,1.);
#6741 = DIRECTION('',(0.,0.,1.));
#6742 = CARTESIAN_POINT('',(2.,24.,66.));
#6743 = CARTESIAN_POINT('',(2.,24.,78.));
#6744 = GEOMETRIC_CURVE_SET('',(#6745));
#6745 = TRIMMED_CURVE('',#6746,(#6750,PARAMETER_VALUE(0.)),(#6751,
    PARAMETER_VALUE(18.)),.T.,.PARAMETER.);
#6746 = LINE('',#6747,#6748);
#6747 = CARTESIAN_POINT('',(2.,6.,66.));
#6748 = VECTOR('',#6749,1.);
#6749 = DIRECTION('',(0.,1.,0.));
#6750 = CARTESIAN_POINT('',(2.,6.,66.));
#6751 = CARTESIAN_POINT('',(2.,24.,66.));
#6752 = GEOMETRIC_CURVE_SET('',(#6753));
#6753 = TRIMMED_CURVE('',#6754,(#6758,PARAMETER_VALUE(0.)),(#6759,
    PARAMETER_VALUE(12.)),.T.,.PARAMETER.);
#6754 = LINE('',#6755,#6756);
#6755 = CARTESIAN_POINT('',(15.,6.,66.));
#6756 = VECTOR('',#6757,1.);
#6757 = DIRECTION('',(0.,0.,1.));
#6758 = CARTESIAN_POINT('',(15.,6.,66.));
#6759 = CARTESIAN_POINT('',(15.,6.,78.));
#6760 = GEOMETRIC_CURVE_SET('',(#6761));
#6761 = TRIMMED_CURVE('',#6762,(#6766,PARAMETER_VALUE(0.)),(#6767,
    PARAMETER_VALUE(18.)),.T.,.PARAMETER.);
#6762 = LINE('',#6763,#6764);
#6763 = CARTESIAN_POINT('',(15.,6.,78.));
#6764 = VECTOR('',#6765,1.);
#6765 = DIRECTION('',(0.,1.,0.));
#6766 = CARTESIAN_POINT('',(15.,6.,78.));
#6767 = CARTESIAN_POINT('',(15.,24.,78.));
#6768 = GEOMETRIC_CURVE_SET('',(#6769));
#6769 = TRIMMED_CURVE('',#6770,(#6774,PARAMETER_VALUE(0.)),(#6775,
    PARAMETER_VALUE(12.)),.T.,.PARAMETER.);
#6770 = LINE('',#6771,#6772);
#6771 = CARTESIAN_POINT('',(15.,24.,66.));
#6772 = VECTOR('',#6773,1.);
#6773 = DIRECTION('',(0.,0.,1.));
#6774 = CARTESIAN_POINT('',(15.,24.,66.));
#6775 = CARTESIAN_POINT('',(15.,24.,78.));
#6776 = GEOMETRIC_CURVE_SET('',(#6777));
#6777 = TRIMMED_CURVE('',#6778,(#6782,PARAMETER_VALUE(0.)),(#6783,
    PARAMETER_VALUE(18.)),.T.,.PARAMETER.);
#6778 = LINE('',#6779,#6780);
#6779 = CARTESIAN_POINT('',(15.,6.,66.));
#6780 = VECTOR('',#6781,1.);
#6781 = DIRECTION('',(0.,1.,0.));
#6782 = CARTESIAN_POINT('',(15.,6.,66.));
#6783 = CARTESIAN_POINT('',(15.,24.,66.));
#6784 = GEOMETRIC_CURVE_SET('',(#6785));
#6785 = TRIMMED_CURVE('',#6786,(#6790,PARAMETER_VALUE(0.)),(#6791,
    PARAMETER_VALUE(13.)),.T.,.PARAMETER.);
#6786 = LINE('',#6787,#6788);
#6787 = CARTESIAN_POINT('',(2.,6.,66.));
#6788 = VECTOR('',#6789,1.);
#6789 = DIRECTION('',(1.,0.,0.));
#6790 = CARTESIAN_POINT('',(2.,6.,66.));
#6791 = CARTESIAN_POINT('',(15.,6.,66.));
#6792 = GEOMETRIC_CURVE_SET('',(#6793));
#6793 = TRIMMED_CURVE('',#6794,(#6798,PARAMETER_VALUE(0.)),(#6799,
    PARAMETER_VALUE(13.)),.T.,.PARAMETER.);
#6794 = LINE('',#6795,#6796);
#6795 = CARTESIAN_POINT('',(2.,6.,78.));
#6796 = VECTOR('',#6797,1.);
#6797 = DIRECTION('',(1.,0.,0.));
#6798 = CARTESIAN_POINT('',(2.,6.,78.));
#6799 = CARTESIAN_POINT('',(15.,6.,78.));
#6800 = GEOMETRIC_CURVE_SET('',(#6801));
#6801 = TRIMMED_CURVE('',#6802,(#6806,PARAMETER_VALUE(0.)),(#6807,
    PARAMETER_VALUE(13.)),.T.,.PARAMETER.);
#6802 = LINE('',#6803,#6804);
#6803 = CARTESIAN_POINT('',(2.,24.,66.));
#6804 = VECTOR('',#6805,1.);
#6805 = DIRECTION('',(1.,0.,0.));
#6806 = CARTESIAN_POINT('',(2.,24.,66.));
#6807 = CARTESIAN_POINT('',(15.,24.,66.));
#6808 = GEOMETRIC_CURVE_SET('',(#6809));
#6809 = TRIMMED_CURVE('',#6810,(#6814,PARAMETER_VALUE(0.)),(#6815,
    PARAMETER_VALUE(13.)),.T.,.PARAMETER.);
#6810 = LINE('',#6811,#6812);
#6811 = CARTESIAN_POINT('',(2.,24.,78.));
#6812 = VECTOR('',#6813,1.);
#6813 = DIRECTION('',(1.,0.,0.));
#6814 = CARTESIAN_POINT('',(2.,24.,78.));
#6815 = CARTESIAN_POINT('',(15.,24.,78.));
#6816 = GEOMETRIC_CURVE_SET('',(#6817));
#6817 = TRIMMED_CURVE('',#6818,(#6822,PARAMETER_VALUE(0.)),(#6823,
    PARAMETER_VALUE(12.)),.T.,.PARAMETER.);
#6818 = LINE('',#6819,#6820);
#6819 = CARTESIAN_POINT('',(257.,6.,66.));
#6820 = VECTOR('',#6821,1.);
#6821 = DIRECTION('',(0.,0.,1.));
#6822 = CARTESIAN_POINT('',(257.,6.,66.));
#6823 = CARTESIAN_POINT('',(257.,6.,78.));
#6824 = GEOMETRIC_CURVE_SET('',(#6825));
#6825 = TRIMMED_CURVE('',#6826,(#6830,PARAMETER_VALUE(0.)),(#6831,
    PARAMETER_VALUE(18.)),.T.,.PARAMETER.);
#6826 = LINE('',#6827,#6828);
#6827 = CARTESIAN_POINT('',(257.,6.,78.));
#6828 = VECTOR('',#6829,1.);
#6829 = DIRECTION('',(0.,1.,0.));
#6830 = CARTESIAN_POINT('',(257.,6.,78.));
#6831 = CARTESIAN_POINT('',(257.,24.,78.));
#6832 = GEOMETRIC_CURVE_SET('',(#6833));
#6833 = TRIMMED_CURVE('',#6834,(#6838,PARAMETER_VALUE(0.)),(#6839,
    PARAMETER_VALUE(12.)),.T.,.PARAMETER.);
#6834 = LINE('',#6835,#6836);
#6835 = CARTESIAN_POINT('',(257.,24.,66.));
#6836 = VECTOR('',#6837,1.);
#6837 = DIRECTION('',(0.,0.,1.));
#6838 = CARTESIAN_POINT('',(257.,24.,66.));
#6839 = CARTESIAN_POINT('',(257.,24.,78.));
#6840 = GEOMETRIC_CURVE_SET('',(#6841));
#6841 = TRIMMED_CURVE('',#6842,(#6846,PARAMETER_VALUE(0.)),(#6847,
    PARAMETER_VALUE(18.)),.T.,.PARAMETER.);
#6842 = LINE('',#6843,#6844);
#6843 = CARTESIAN_POINT('',(257.,6.,66.));
#6844 = VECTOR('',#6845,1.);
#6845 = DIRECTION('',(0.,1.,0.));
#6846 = CARTESIAN_POINT('',(257.,6.,66.));
#6847 = CARTESIAN_POINT('',(257.,24.,66.));
#6848 = GEOMETRIC_CURVE_SET('',(#6849));
#6849 = TRIMMED_CURVE('',#6850,(#6854,PARAMETER_VALUE(0.)),(#6855,
    PARAMETER_VALUE(12.)),.T.,.PARAMETER.);
#6850 = LINE('',#6851,#6852);
#6851 = CARTESIAN_POINT('',(270.,6.,66.));
#6852 = VECTOR('',#6853,1.);
#6853 = DIRECTION('',(0.,0.,1.));
#6854 = CARTESIAN_POINT('',(270.,6.,66.));
#6855 = CARTESIAN_POINT('',(270.,6.,78.));
#6856 = GEOMETRIC_CURVE_SET('',(#6857));
#6857 = TRIMMED_CURVE('',#6858,(#6862,PARAMETER_VALUE(0.)),(#6863,
    PARAMETER_VALUE(18.)),.T.,.PARAMETER.);
#6858 = LINE('',#6859,#6860);
#6859 = CARTESIAN_POINT('',(270.,6.,78.));
#6860 = VECTOR('',#6861,1.);
#6861 = DIRECTION('',(0.,1.,0.));
#6862 = CARTESIAN_POINT('',(270.,6.,78.));
#6863 = CARTESIAN_POINT('',(270.,24.,78.));
#6864 = GEOMETRIC_CURVE_SET('',(#6865));
#6865 = TRIMMED_CURVE('',#6866,(#6870,PARAMETER_VALUE(0.)),(#6871,
    PARAMETER_VALUE(12.)),.T.,.PARAMETER.);
#6866 = LINE('',#6867,#6868);
#6867 = CARTESIAN_POINT('',(270.,24.,66.));
#6868 = VECTOR('',#6869,1.);
#6869 = DIRECTION('',(0.,0.,1.));
#6870 = CARTESIAN_POINT('',(270.,24.,66.));
#6871 = CARTESIAN_POINT('',(270.,24.,78.));
#6872 = GEOMETRIC_CURVE_SET('',(#6873));
#6873 = TRIMMED_CURVE('',#6874,(#6878,PARAMETER_VALUE(0.)),(#6879,
    PARAMETER_VALUE(18.)),.T.,.PARAMETER.);
#6874 = LINE('',#6875,#6876);
#6875 = CARTESIAN_POINT('',(270.,6.,66.));
#6876 = VECTOR('',#6877,1.);
#6877 = DIRECTION('',(0.,1.,0.));
#6878 = CARTESIAN_POINT('',(270.,6.,66.));
#6879 = CARTESIAN_POINT('',(270.,24.,66.));
#6880 = GEOMETRIC_CURVE_SET('',(#6881));
#6881 = TRIMMED_CURVE('',#6882,(#6886,PARAMETER_VALUE(0.)),(#6887,
    PARAMETER_VALUE(13.)),.T.,.PARAMETER.);
#6882 = LINE('',#6883,#6884);
#6883 = CARTESIAN_POINT('',(257.,6.,66.));
#6884 = VECTOR('',#6885,1.);
#6885 = DIRECTION('',(1.,0.,0.));
#6886 = CARTESIAN_POINT('',(257.,6.,66.));
#6887 = CARTESIAN_POINT('',(270.,6.,66.));
#6888 = GEOMETRIC_CURVE_SET('',(#6889));
#6889 = TRIMMED_CURVE('',#6890,(#6894,PARAMETER_VALUE(0.)),(#6895,
    PARAMETER_VALUE(13.)),.T.,.PARAMETER.);
#6890 = LINE('',#6891,#6892);
#6891 = CARTESIAN_POINT('',(257.,6.,78.));
#6892 = VECTOR('',#6893,1.);
#6893 = DIRECTION('',(1.,0.,0.));
#6894 = CARTESIAN_POINT('',(257.,6.,78.));
#6895 = CARTESIAN_POINT('',(270.,6.,78.));
#6896 = GEOMETRIC_CURVE_SET('',(#6897));
#6897 = TRIMMED_CURVE('',#6898,(#6902,PARAMETER_VALUE(0.)),(#6903,
    PARAMETER_VALUE(13.)),.T.,.PARAMETER.);
#6898 = LINE('',#6899,#6900);
#6899 = CARTESIAN_POINT('',(257.,24.,66.));
#6900 = VECTOR('',#6901,1.);
#6901 = DIRECTION('',(1.,0.,0.));
#6902 = CARTESIAN_POINT('',(257.,24.,66.));
#6903 = CARTESIAN_POINT('',(270.,24.,66.));
#6904 = GEOMETRIC_CURVE_SET('',(#6905));
#6905 = TRIMMED_CURVE('',#6906,(#6910,PARAMETER_VALUE(0.)),(#6911,
    PARAMETER_VALUE(13.)),.T.,.PARAMETER.);
#6906 = LINE('',#6907,#6908);
#6907 = CARTESIAN_POINT('',(257.,24.,78.));
#6908 = VECTOR('',#6909,1.);
#6909 = DIRECTION('',(1.,0.,0.));
#6910 = CARTESIAN_POINT('',(257.,24.,78.));
#6911 = CARTESIAN_POINT('',(270.,24.,78.));
#6912 = GEOMETRIC_CURVE_SET('',(#6913));
#6913 = TRIMMED_CURVE('',#6914,(#6918,PARAMETER_VALUE(0.)),(#6919,
    PARAMETER_VALUE(12.)),.T.,.PARAMETER.);
#6914 = LINE('',#6915,#6916);
#6915 = CARTESIAN_POINT('',(2.,59.,90.));
#6916 = VECTOR('',#6917,1.);
#6917 = DIRECTION('',(0.,0.,1.));
#6918 = CARTESIAN_POINT('',(2.,59.,90.));
#6919 = CARTESIAN_POINT('',(2.,59.,102.));
#6920 = GEOMETRIC_CURVE_SET('',(#6921));
#6921 = TRIMMED_CURVE('',#6922,(#6926,PARAMETER_VALUE(0.)),(#6927,
    PARAMETER_VALUE(18.)),.T.,.PARAMETER.);
#6922 = LINE('',#6923,#6924);
#6923 = CARTESIAN_POINT('',(2.,59.,102.));
#6924 = VECTOR('',#6925,1.);
#6925 = DIRECTION('',(0.,1.,0.));
#6926 = CARTESIAN_POINT('',(2.,59.,102.));
#6927 = CARTESIAN_POINT('',(2.,77.,102.));
#6928 = GEOMETRIC_CURVE_SET('',(#6929));
#6929 = TRIMMED_CURVE('',#6930,(#6934,PARAMETER_VALUE(0.)),(#6935,
    PARAMETER_VALUE(12.)),.T.,.PARAMETER.);
#6930 = LINE('',#6931,#6932);
#6931 = CARTESIAN_POINT('',(2.,77.,90.));
#6932 = VECTOR('',#6933,1.);
#6933 = DIRECTION('',(0.,0.,1.));
#6934 = CARTESIAN_POINT('',(2.,77.,90.));
#6935 = CARTESIAN_POINT('',(2.,77.,102.));
#6936 = GEOMETRIC_CURVE_SET('',(#6937));
#6937 = TRIMMED_CURVE('',#6938,(#6942,PARAMETER_VALUE(0.)),(#6943,
    PARAMETER_VALUE(18.)),.T.,.PARAMETER.);
#6938 = LINE('',#6939,#6940);
#6939 = CARTESIAN_POINT('',(2.,59.,90.));
#6940 = VECTOR('',#6941,1.);
#6941 = DIRECTION('',(0.,1.,0.));
#6942 = CARTESIAN_POINT('',(2.,59.,90.));
#6943 = CARTESIAN_POINT('',(2.,77.,90.));
#6944 = GEOMETRIC_CURVE_SET('',(#6945));
#6945 = TRIMMED_CURVE('',#6946,(#6950,PARAMETER_VALUE(0.)),(#6951,
    PARAMETER_VALUE(12.)),.T.,.PARAMETER.);
#6946 = LINE('',#6947,#6948);
#6947 = CARTESIAN_POINT('',(15.,59.,90.));
#6948 = VECTOR('',#6949,1.);
#6949 = DIRECTION('',(0.,0.,1.));
#6950 = CARTESIAN_POINT('',(15.,59.,90.));
#6951 = CARTESIAN_POINT('',(15.,59.,102.));
#6952 = GEOMETRIC_CURVE_SET('',(#6953));
#6953 = TRIMMED_CURVE('',#6954,(#6958,PARAMETER_VALUE(0.)),(#6959,
    PARAMETER_VALUE(18.)),.T.,.PARAMETER.);
#6954 = LINE('',#6955,#6956);
#6955 = CARTESIAN_POINT('',(15.,59.,102.));
#6956 = VECTOR('',#6957,1.);
#6957 = DIRECTION('',(0.,1.,0.));
#6958 = CARTESIAN_POINT('',(15.,59.,102.));
#6959 = CARTESIAN_POINT('',(15.,77.,102.));
#6960 = GEOMETRIC_CURVE_SET('',(#6961));
#6961 = TRIMMED_CURVE('',#6962,(#6966,PARAMETER_VALUE(0.)),(#6967,
    PARAMETER_VALUE(12.)),.T.,.PARAMETER.);
#6962 = LINE('',#6963,#6964);
#6963 = CARTESIAN_POINT('',(15.,77.,90.));
#6964 = VECTOR('',#6965,1.);
#6965 = DIRECTION('',(0.,0.,1.));
#6966 = CARTESIAN_POINT('',(15.,77.,90.));
#6967 = CARTESIAN_POINT('',(15.,77.,102.));
#6968 = GEOMETRIC_CURVE_SET('',(#6969));
#6969 = TRIMMED_CURVE('',#6970,(#6974,PARAMETER_VALUE(0.)),(#6975,
    PARAMETER_VALUE(18.)),.T.,.PARAMETER.);
#6970 = LINE('',#6971,#6972);
#6971 = CARTESIAN_POINT('',(15.,59.,90.));
#6972 = VECTOR('',#6973,1.);
#6973 = DIRECTION('',(0.,1.,0.));
#6974 = CARTESIAN_POINT('',(15.,59.,90.));
#6975 = CARTESIAN_POINT('',(15.,77.,90.));
#6976 = GEOMETRIC_CURVE_SET('',(#6977));
#6977 = TRIMMED_CURVE('',#6978,(#6982,PARAMETER_VALUE(0.)),(#6983,
    PARAMETER_VALUE(13.)),.T.,.PARAMETER.);
#6978 = LINE('',#6979,#6980);
#6979 = CARTESIAN_POINT('',(2.,59.,90.));
#6980 = VECTOR('',#6981,1.);
#6981 = DIRECTION('',(1.,0.,0.));
#6982 = CARTESIAN_POINT('',(2.,59.,90.));
#6983 = CARTESIAN_POINT('',(15.,59.,90.));
#6984 = GEOMETRIC_CURVE_SET('',(#6985));
#6985 = TRIMMED_CURVE('',#6986,(#6990,PARAMETER_VALUE(0.)),(#6991,
    PARAMETER_VALUE(13.)),.T.,.PARAMETER.);
#6986 = LINE('',#6987,#6988);
#6987 = CARTESIAN_POINT('',(2.,59.,102.));
#6988 = VECTOR('',#6989,1.);
#6989 = DIRECTION('',(1.,0.,0.));
#6990 = CARTESIAN_POINT('',(2.,59.,102.));
#6991 = CARTESIAN_POINT('',(15.,59.,102.));
#6992 = GEOMETRIC_CURVE_SET('',(#6993));
#6993 = TRIMMED_CURVE('',#6994,(#6998,PARAMETER_VALUE(0.)),(#6999,
    PARAMETER_VALUE(13.)),.T.,.PARAMETER.);
#6994 = LINE('',#6995,#6996);
#6995 = CARTESIAN_POINT('',(2.,77.,90.));
#6996 = VECTOR('',#6997,1.);
#6997 = DIRECTION('',(1.,0.,0.));
#6998 = CARTESIAN_POINT('',(2.,77.,90.));
#6999 = CARTESIAN_POINT('',(15.,77.,90.));
#7000 = GEOMETRIC_CURVE_SET('',(#7001));
#7001 = TRIMMED_CURVE('',#7002,(#7006,PARAMETER_VALUE(0.)),(#7007,
    PARAMETER_VALUE(13.)),.T.,.PARAMETER.);
#7002 = LINE('',#7003,#7004);
#7003 = CARTESIAN_POINT('',(2.,77.,102.));
#7004 = VECTOR('',#7005,1.);
#7005 = DIRECTION('',(1.,0.,0.));
#7006 = CARTESIAN_POINT('',(2.,77.,102.));
#7007 = CARTESIAN_POINT('',(15.,77.,102.));
#7008 = GEOMETRIC_CURVE_SET('',(#7009));
#7009 = TRIMMED_CURVE('',#7010,(#7014,PARAMETER_VALUE(0.)),(#7015,
    PARAMETER_VALUE(12.)),.T.,.PARAMETER.);
#7010 = LINE('',#7011,#7012);
#7011 = CARTESIAN_POINT('',(261.,59.,90.));
#7012 = VECTOR('',#7013,1.);
#7013 = DIRECTION('',(0.,0.,1.));
#7014 = CARTESIAN_POINT('',(261.,59.,90.));
#7015 = CARTESIAN_POINT('',(261.,59.,102.));
#7016 = GEOMETRIC_CURVE_SET('',(#7017));
#7017 = TRIMMED_CURVE('',#7018,(#7022,PARAMETER_VALUE(0.)),(#7023,
    PARAMETER_VALUE(18.)),.T.,.PARAMETER.);
#7018 = LINE('',#7019,#7020);
#7019 = CARTESIAN_POINT('',(261.,59.,102.));
#7020 = VECTOR('',#7021,1.);
#7021 = DIRECTION('',(0.,1.,0.));
#7022 = CARTESIAN_POINT('',(261.,59.,102.));
#7023 = CARTESIAN_POINT('',(261.,77.,102.));
#7024 = GEOMETRIC_CURVE_SET('',(#7025));
#7025 = TRIMMED_CURVE('',#7026,(#7030,PARAMETER_VALUE(0.)),(#7031,
    PARAMETER_VALUE(12.)),.T.,.PARAMETER.);
#7026 = LINE('',#7027,#7028);
#7027 = CARTESIAN_POINT('',(261.,77.,90.));
#7028 = VECTOR('',#7029,1.);
#7029 = DIRECTION('',(0.,0.,1.));
#7030 = CARTESIAN_POINT('',(261.,77.,90.));
#7031 = CARTESIAN_POINT('',(261.,77.,102.));
#7032 = GEOMETRIC_CURVE_SET('',(#7033));
#7033 = TRIMMED_CURVE('',#7034,(#7038,PARAMETER_VALUE(0.)),(#7039,
    PARAMETER_VALUE(18.)),.T.,.PARAMETER.);
#7034 = LINE('',#7035,#7036);
#7035 = CARTESIAN_POINT('',(261.,59.,90.));
#7036 = VECTOR('',#7037,1.);
#7037 = DIRECTION('',(0.,1.,0.));
#7038 = CARTESIAN_POINT('',(261.,59.,90.));
#7039 = CARTESIAN_POINT('',(261.,77.,90.));
#7040 = GEOMETRIC_CURVE_SET('',(#7041));
#7041 = TRIMMED_CURVE('',#7042,(#7046,PARAMETER_VALUE(0.)),(#7047,
    PARAMETER_VALUE(12.)),.T.,.PARAMETER.);
#7042 = LINE('',#7043,#7044);
#7043 = CARTESIAN_POINT('',(274.,59.,90.));
#7044 = VECTOR('',#7045,1.);
#7045 = DIRECTION('',(0.,0.,1.));
#7046 = CARTESIAN_POINT('',(274.,59.,90.));
#7047 = CARTESIAN_POINT('',(274.,59.,102.));
#7048 = GEOMETRIC_CURVE_SET('',(#7049));
#7049 = TRIMMED_CURVE('',#7050,(#7054,PARAMETER_VALUE(0.)),(#7055,
    PARAMETER_VALUE(18.)),.T.,.PARAMETER.);
#7050 = LINE('',#7051,#7052);
#7051 = CARTESIAN_POINT('',(274.,59.,102.));
#7052 = VECTOR('',#7053,1.);
#7053 = DIRECTION('',(0.,1.,0.));
#7054 = CARTESIAN_POINT('',(274.,59.,102.));
#7055 = CARTESIAN_POINT('',(274.,77.,102.));
#7056 = GEOMETRIC_CURVE_SET('',(#7057));
#7057 = TRIMMED_CURVE('',#7058,(#7062,PARAMETER_VALUE(0.)),(#7063,
    PARAMETER_VALUE(12.)),.T.,.PARAMETER.);
#7058 = LINE('',#7059,#7060);
#7059 = CARTESIAN_POINT('',(274.,77.,90.));
#7060 = VECTOR('',#7061,1.);
#7061 = DIRECTION('',(0.,0.,1.));
#7062 = CARTESIAN_POINT('',(274.,77.,90.));
#7063 = CARTESIAN_POINT('',(274.,77.,102.));
#7064 = GEOMETRIC_CURVE_SET('',(#7065));
#7065 = TRIMMED_CURVE('',#7066,(#7070,PARAMETER_VALUE(0.)),(#7071,
    PARAMETER_VALUE(18.)),.T.,.PARAMETER.);
#7066 = LINE('',#7067,#7068);
#7067 = CARTESIAN_POINT('',(274.,59.,90.));
#7068 = VECTOR('',#7069,1.);
#7069 = DIRECTION('',(0.,1.,0.));
#7070 = CARTESIAN_POINT('',(274.,59.,90.));
#7071 = CARTESIAN_POINT('',(274.,77.,90.));
#7072 = GEOMETRIC_CURVE_SET('',(#7073));
#7073 = TRIMMED_CURVE('',#7074,(#7078,PARAMETER_VALUE(0.)),(#7079,
    PARAMETER_VALUE(13.)),.T.,.PARAMETER.);
#7074 = LINE('',#7075,#7076);
#7075 = CARTESIAN_POINT('',(261.,59.,90.));
#7076 = VECTOR('',#7077,1.);
#7077 = DIRECTION('',(1.,0.,0.));
#7078 = CARTESIAN_POINT('',(261.,59.,90.));
#7079 = CARTESIAN_POINT('',(274.,59.,90.));
#7080 = GEOMETRIC_CURVE_SET('',(#7081));
#7081 = TRIMMED_CURVE('',#7082,(#7086,PARAMETER_VALUE(0.)),(#7087,
    PARAMETER_VALUE(13.)),.T.,.PARAMETER.);
#7082 = LINE('',#7083,#7084);
#7083 = CARTESIAN_POINT('',(261.,59.,102.));
#7084 = VECTOR('',#7085,1.);
#7085 = DIRECTION('',(1.,0.,0.));
#7086 = CARTESIAN_POINT('',(261.,59.,102.));
#7087 = CARTESIAN_POINT('',(274.,59.,102.));
#7088 = GEOMETRIC_CURVE_SET('',(#7089));
#7089 = TRIMMED_CURVE('',#7090,(#7094,PARAMETER_VALUE(0.)),(#7095,
    PARAMETER_VALUE(13.)),.T.,.PARAMETER.);
#7090 = LINE('',#7091,#7092);
#7091 = CARTESIAN_POINT('',(261.,77.,90.));
#7092 = VECTOR('',#7093,1.);
#7093 = DIRECTION('',(1.,0.,0.));
#7094 = CARTESIAN_POINT('',(261.,77.,90.));
#7095 = CARTESIAN_POINT('',(274.,77.,90.));
#7096 = GEOMETRIC_CURVE_SET('',(#7097));
#7097 = TRIMMED_CURVE('',#7098,(#7102,PARAMETER_VALUE(0.)),(#7103,
    PARAMETER_VALUE(13.)),.T.,.PARAMETER.);
#7098 = LINE('',#7099,#7100);
#7099 = CARTESIAN_POINT('',(261.,77.,102.));
#7100 = VECTOR('',#7101,1.);
#7101 = DIRECTION('',(1.,0.,0.));
#7102 = CARTESIAN_POINT('',(261.,77.,102.));
#7103 = CARTESIAN_POINT('',(274.,77.,102.));
#7104 = GEOMETRIC_CURVE_SET('',(#7105));
#7105 = TRIMMED_CURVE('',#7106,(#7110,PARAMETER_VALUE(0.)),(#7111,
    PARAMETER_VALUE(8.)),.T.,.PARAMETER.);
#7106 = LINE('',#7107,#7108);
#7107 = CARTESIAN_POINT('',(4.,259.,70.));
#7108 = VECTOR('',#7109,1.);
#7109 = DIRECTION('',(0.,0.,1.));
#7110 = CARTESIAN_POINT('',(4.,259.,70.));
#7111 = CARTESIAN_POINT('',(4.,259.,78.));
#7112 = GEOMETRIC_CURVE_SET('',(#7113));
#7113 = TRIMMED_CURVE('',#7114,(#7118,PARAMETER_VALUE(0.)),(#7119,
    PARAMETER_VALUE(13.)),.T.,.PARAMETER.);
#7114 = LINE('',#7115,#7116);
#7115 = CARTESIAN_POINT('',(4.,259.,78.));
#7116 = VECTOR('',#7117,1.);
#7117 = DIRECTION('',(0.,1.,0.));
#7118 = CARTESIAN_POINT('',(4.,259.,78.));
#7119 = CARTESIAN_POINT('',(4.,272.,78.));
#7120 = GEOMETRIC_CURVE_SET('',(#7121));
#7121 = TRIMMED_CURVE('',#7122,(#7126,PARAMETER_VALUE(0.)),(#7127,
    PARAMETER_VALUE(8.)),.T.,.PARAMETER.);
#7122 = LINE('',#7123,#7124);
#7123 = CARTESIAN_POINT('',(4.,272.,70.));
#7124 = VECTOR('',#7125,1.);
#7125 = DIRECTION('',(0.,0.,1.));
#7126 = CARTESIAN_POINT('',(4.,272.,70.));
#7127 = CARTESIAN_POINT('',(4.,272.,78.));
#7128 = GEOMETRIC_CURVE_SET('',(#7129));
#7129 = TRIMMED_CURVE('',#7130,(#7134,PARAMETER_VALUE(0.)),(#7135,
    PARAMETER_VALUE(13.)),.T.,.PARAMETER.);
#7130 = LINE('',#7131,#7132);
#7131 = CARTESIAN_POINT('',(4.,259.,70.));
#7132 = VECTOR('',#7133,1.);
#7133 = DIRECTION('',(0.,1.,0.));
#7134 = CARTESIAN_POINT('',(4.,259.,70.));
#7135 = CARTESIAN_POINT('',(4.,272.,70.));
#7136 = GEOMETRIC_CURVE_SET('',(#7137));
#7137 = TRIMMED_CURVE('',#7138,(#7142,PARAMETER_VALUE(0.)),(#7143,
    PARAMETER_VALUE(8.)),.T.,.PARAMETER.);
#7138 = LINE('',#7139,#7140);
#7139 = CARTESIAN_POINT('',(22.,259.,70.));
#7140 = VECTOR('',#7141,1.);
#7141 = DIRECTION('',(0.,0.,1.));
#7142 = CARTESIAN_POINT('',(22.,259.,70.));
#7143 = CARTESIAN_POINT('',(22.,259.,78.));
#7144 = GEOMETRIC_CURVE_SET('',(#7145));
#7145 = TRIMMED_CURVE('',#7146,(#7150,PARAMETER_VALUE(0.)),(#7151,
    PARAMETER_VALUE(13.)),.T.,.PARAMETER.);
#7146 = LINE('',#7147,#7148);
#7147 = CARTESIAN_POINT('',(22.,259.,78.));
#7148 = VECTOR('',#7149,1.);
#7149 = DIRECTION('',(0.,1.,0.));
#7150 = CARTESIAN_POINT('',(22.,259.,78.));
#7151 = CARTESIAN_POINT('',(22.,272.,78.));
#7152 = GEOMETRIC_CURVE_SET('',(#7153));
#7153 = TRIMMED_CURVE('',#7154,(#7158,PARAMETER_VALUE(0.)),(#7159,
    PARAMETER_VALUE(8.)),.T.,.PARAMETER.);
#7154 = LINE('',#7155,#7156);
#7155 = CARTESIAN_POINT('',(22.,272.,70.));
#7156 = VECTOR('',#7157,1.);
#7157 = DIRECTION('',(0.,0.,1.));
#7158 = CARTESIAN_POINT('',(22.,272.,70.));
#7159 = CARTESIAN_POINT('',(22.,272.,78.));
#7160 = GEOMETRIC_CURVE_SET('',(#7161));
#7161 = TRIMMED_CURVE('',#7162,(#7166,PARAMETER_VALUE(0.)),(#7167,
    PARAMETER_VALUE(13.)),.T.,.PARAMETER.);
#7162 = LINE('',#7163,#7164);
#7163 = CARTESIAN_POINT('',(22.,259.,70.));
#7164 = VECTOR('',#7165,1.);
#7165 = DIRECTION('',(0.,1.,0.));
#7166 = CARTESIAN_POINT('',(22.,259.,70.));
#7167 = CARTESIAN_POINT('',(22.,272.,70.));
#7168 = GEOMETRIC_CURVE_SET('',(#7169));
#7169 = TRIMMED_CURVE('',#7170,(#7174,PARAMETER_VALUE(0.)),(#7175,
    PARAMETER_VALUE(18.)),.T.,.PARAMETER.);
#7170 = LINE('',#7171,#7172);
#7171 = CARTESIAN_POINT('',(4.,259.,70.));
#7172 = VECTOR('',#7173,1.);
#7173 = DIRECTION('',(1.,0.,0.));
#7174 = CARTESIAN_POINT('',(4.,259.,70.));
#7175 = CARTESIAN_POINT('',(22.,259.,70.));
#7176 = GEOMETRIC_CURVE_SET('',(#7177));
#7177 = TRIMMED_CURVE('',#7178,(#7182,PARAMETER_VALUE(0.)),(#7183,
    PARAMETER_VALUE(18.)),.T.,.PARAMETER.);
#7178 = LINE('',#7179,#7180);
#7179 = CARTESIAN_POINT('',(4.,259.,78.));
#7180 = VECTOR('',#7181,1.);
#7181 = DIRECTION('',(1.,0.,0.));
#7182 = CARTESIAN_POINT('',(4.,259.,78.));
#7183 = CARTESIAN_POINT('',(22.,259.,78.));
#7184 = GEOMETRIC_CURVE_SET('',(#7185));
#7185 = TRIMMED_CURVE('',#7186,(#7190,PARAMETER_VALUE(0.)),(#7191,
    PARAMETER_VALUE(18.)),.T.,.PARAMETER.);
#7186 = LINE('',#7187,#7188);
#7187 = CARTESIAN_POINT('',(4.,272.,70.));
#7188 = VECTOR('',#7189,1.);
#7189 = DIRECTION('',(1.,0.,0.));
#7190 = CARTESIAN_POINT('',(4.,272.,70.));
#7191 = CARTESIAN_POINT('',(22.,272.,70.));
#7192 = GEOMETRIC_CURVE_SET('',(#7193));
#7193 = TRIMMED_CURVE('',#7194,(#7198,PARAMETER_VALUE(0.)),(#7199,
    PARAMETER_VALUE(18.)),.T.,.PARAMETER.);
#7194 = LINE('',#7195,#7196);
#7195 = CARTESIAN_POINT('',(4.,272.,78.));
#7196 = VECTOR('',#7197,1.);
#7197 = DIRECTION('',(1.,0.,0.));
#7198 = CARTESIAN_POINT('',(4.,272.,78.));
#7199 = CARTESIAN_POINT('',(22.,272.,78.));
#7200 = GEOMETRIC_CURVE_SET('',(#7201));
#7201 = TRIMMED_CURVE('',#7202,(#7206,PARAMETER_VALUE(0.)),(#7207,
    PARAMETER_VALUE(8.)),.T.,.PARAMETER.);
#7202 = LINE('',#7203,#7204);
#7203 = CARTESIAN_POINT('',(253.,259.,70.));
#7204 = VECTOR('',#7205,1.);
#7205 = DIRECTION('',(0.,0.,1.));
#7206 = CARTESIAN_POINT('',(253.,259.,70.));
#7207 = CARTESIAN_POINT('',(253.,259.,78.));
#7208 = GEOMETRIC_CURVE_SET('',(#7209));
#7209 = TRIMMED_CURVE('',#7210,(#7214,PARAMETER_VALUE(0.)),(#7215,
    PARAMETER_VALUE(13.)),.T.,.PARAMETER.);
#7210 = LINE('',#7211,#7212);
#7211 = CARTESIAN_POINT('',(253.,259.,78.));
#7212 = VECTOR('',#7213,1.);
#7213 = DIRECTION('',(0.,1.,0.));
#7214 = CARTESIAN_POINT('',(253.,259.,78.));
#7215 = CARTESIAN_POINT('',(253.,272.,78.));
#7216 = GEOMETRIC_CURVE_SET('',(#7217));
#7217 = TRIMMED_CURVE('',#7218,(#7222,PARAMETER_VALUE(0.)),(#7223,
    PARAMETER_VALUE(8.)),.T.,.PARAMETER.);
#7218 = LINE('',#7219,#7220);
#7219 = CARTESIAN_POINT('',(253.,272.,70.));
#7220 = VECTOR('',#7221,1.);
#7221 = DIRECTION('',(0.,0.,1.));
#7222 = CARTESIAN_POINT('',(253.,272.,70.));
#7223 = CARTESIAN_POINT('',(253.,272.,78.));
#7224 = GEOMETRIC_CURVE_SET('',(#7225));
#7225 = TRIMMED_CURVE('',#7226,(#7230,PARAMETER_VALUE(0.)),(#7231,
    PARAMETER_VALUE(13.)),.T.,.PARAMETER.);
#7226 = LINE('',#7227,#7228);
#7227 = CARTESIAN_POINT('',(253.,259.,70.));
#7228 = VECTOR('',#7229,1.);
#7229 = DIRECTION('',(0.,1.,0.));
#7230 = CARTESIAN_POINT('',(253.,259.,70.));
#7231 = CARTESIAN_POINT('',(253.,272.,70.));
#7232 = GEOMETRIC_CURVE_SET('',(#7233));
#7233 = TRIMMED_CURVE('',#7234,(#7238,PARAMETER_VALUE(0.)),(#7239,
    PARAMETER_VALUE(8.)),.T.,.PARAMETER.);
#7234 = LINE('',#7235,#7236);
#7235 = CARTESIAN_POINT('',(271.,259.,70.));
#7236 = VECTOR('',#7237,1.);
#7237 = DIRECTION('',(0.,0.,1.));
#7238 = CARTESIAN_POINT('',(271.,259.,70.));
#7239 = CARTESIAN_POINT('',(271.,259.,78.));
#7240 = GEOMETRIC_CURVE_SET('',(#7241));
#7241 = TRIMMED_CURVE('',#7242,(#7246,PARAMETER_VALUE(0.)),(#7247,
    PARAMETER_VALUE(13.)),.T.,.PARAMETER.);
#7242 = LINE('',#7243,#7244);
#7243 = CARTESIAN_POINT('',(271.,259.,78.));
#7244 = VECTOR('',#7245,1.);
#7245 = DIRECTION('',(0.,1.,0.));
#7246 = CARTESIAN_POINT('',(271.,259.,78.));
#7247 = CARTESIAN_POINT('',(271.,272.,78.));
#7248 = GEOMETRIC_CURVE_SET('',(#7249));
#7249 = TRIMMED_CURVE('',#7250,(#7254,PARAMETER_VALUE(0.)),(#7255,
    PARAMETER_VALUE(8.)),.T.,.PARAMETER.);
#7250 = LINE('',#7251,#7252);
#7251 = CARTESIAN_POINT('',(271.,272.,70.));
#7252 = VECTOR('',#7253,1.);
#7253 = DIRECTION('',(0.,0.,1.));
#7254 = CARTESIAN_POINT('',(271.,272.,70.));
#7255 = CARTESIAN_POINT('',(271.,272.,78.));
#7256 = GEOMETRIC_CURVE_SET('',(#7257));
#7257 = TRIMMED_CURVE('',#7258,(#7262,PARAMETER_VALUE(0.)),(#7263,
    PARAMETER_VALUE(13.)),.T.,.PARAMETER.);
#7258 = LINE('',#7259,#7260);
#7259 = CARTESIAN_POINT('',(271.,259.,70.));
#7260 = VECTOR('',#7261,1.);
#7261 = DIRECTION('',(0.,1.,0.));
#7262 = CARTESIAN_POINT('',(271.,259.,70.));
#7263 = CARTESIAN_POINT('',(271.,272.,70.));
#7264 = GEOMETRIC_CURVE_SET('',(#7265));
#7265 = TRIMMED_CURVE('',#7266,(#7270,PARAMETER_VALUE(0.)),(#7271,
    PARAMETER_VALUE(18.)),.T.,.PARAMETER.);
#7266 = LINE('',#7267,#7268);
#7267 = CARTESIAN_POINT('',(253.,259.,70.));
#7268 = VECTOR('',#7269,1.);
#7269 = DIRECTION('',(1.,0.,0.));
#7270 = CARTESIAN_POINT('',(253.,259.,70.));
#7271 = CARTESIAN_POINT('',(271.,259.,70.));
#7272 = GEOMETRIC_CURVE_SET('',(#7273));
#7273 = TRIMMED_CURVE('',#7274,(#7278,PARAMETER_VALUE(0.)),(#7279,
    PARAMETER_VALUE(18.)),.T.,.PARAMETER.);
#7274 = LINE('',#7275,#7276);
#7275 = CARTESIAN_POINT('',(253.,259.,78.));
#7276 = VECTOR('',#7277,1.);
#7277 = DIRECTION('',(1.,0.,0.));
#7278 = CARTESIAN_POINT('',(253.,259.,78.));
#7279 = CARTESIAN_POINT('',(271.,259.,78.));
#7280 = GEOMETRIC_CURVE_SET('',(#7281));
#7281 = TRIMMED_CURVE('',#7282,(#7286,PARAMETER_VALUE(0.)),(#7287,
    PARAMETER_VALUE(18.)),.T.,.PARAMETER.);
#7282 = LINE('',#7283,#7284);
#7283 = CARTESIAN_POINT('',(253.,272.,70.));
#7284 = VECTOR('',#7285,1.);
#7285 = DIRECTION('',(1.,0.,0.));
#7286 = CARTESIAN_POINT('',(253.,272.,70.));
#7287 = CARTESIAN_POINT('',(271.,272.,70.));
#7288 = GEOMETRIC_CURVE_SET('',(#7289));
#7289 = TRIMMED_CURVE('',#7290,(#7294,PARAMETER_VALUE(0.)),(#7295,
    PARAMETER_VALUE(18.)),.T.,.PARAMETER.);
#7290 = LINE('',#7291,#7292);
#7291 = CARTESIAN_POINT('',(253.,272.,78.));
#7292 = VECTOR('',#7293,1.);
#7293 = DIRECTION('',(1.,0.,0.));
#7294 = CARTESIAN_POINT('',(253.,272.,78.));
#7295 = CARTESIAN_POINT('',(271.,272.,78.));
#7296 = GEOMETRIC_CURVE_SET('',(#7297));
#7297 = TRIMMED_CURVE('',#7298,(#7302,PARAMETER_VALUE(0.)),(#7303,
    PARAMETER_VALUE(8.)),.T.,.PARAMETER.);
#7298 = LINE('',#7299,#7300);
#7299 = CARTESIAN_POINT('',(40.,2.,136.));
#7300 = VECTOR('',#7301,1.);
#7301 = DIRECTION('',(0.,0.,1.));
#7302 = CARTESIAN_POINT('',(40.,2.,136.));
#7303 = CARTESIAN_POINT('',(40.,2.,144.));
#7304 = GEOMETRIC_CURVE_SET('',(#7305));
#7305 = TRIMMED_CURVE('',#7306,(#7310,PARAMETER_VALUE(0.)),(#7311,
    PARAMETER_VALUE(18.)),.T.,.PARAMETER.);
#7306 = LINE('',#7307,#7308);
#7307 = CARTESIAN_POINT('',(40.,2.,144.));
#7308 = VECTOR('',#7309,1.);
#7309 = DIRECTION('',(0.,1.,0.));
#7310 = CARTESIAN_POINT('',(40.,2.,144.));
#7311 = CARTESIAN_POINT('',(40.,20.,144.));
#7312 = GEOMETRIC_CURVE_SET('',(#7313));
#7313 = TRIMMED_CURVE('',#7314,(#7318,PARAMETER_VALUE(0.)),(#7319,
    PARAMETER_VALUE(8.)),.T.,.PARAMETER.);
#7314 = LINE('',#7315,#7316);
#7315 = CARTESIAN_POINT('',(40.,20.,136.));
#7316 = VECTOR('',#7317,1.);
#7317 = DIRECTION('',(0.,0.,1.));
#7318 = CARTESIAN_POINT('',(40.,20.,136.));
#7319 = CARTESIAN_POINT('',(40.,20.,144.));
#7320 = GEOMETRIC_CURVE_SET('',(#7321));
#7321 = TRIMMED_CURVE('',#7322,(#7326,PARAMETER_VALUE(0.)),(#7327,
    PARAMETER_VALUE(18.)),.T.,.PARAMETER.);
#7322 = LINE('',#7323,#7324);
#7323 = CARTESIAN_POINT('',(40.,2.,136.));
#7324 = VECTOR('',#7325,1.);
#7325 = DIRECTION('',(0.,1.,0.));
#7326 = CARTESIAN_POINT('',(40.,2.,136.));
#7327 = CARTESIAN_POINT('',(40.,20.,136.));
#7328 = GEOMETRIC_CURVE_SET('',(#7329));
#7329 = TRIMMED_CURVE('',#7330,(#7334,PARAMETER_VALUE(0.)),(#7335,
    PARAMETER_VALUE(8.)),.T.,.PARAMETER.);
#7330 = LINE('',#7331,#7332);
#7331 = CARTESIAN_POINT('',(53.,2.,136.));
#7332 = VECTOR('',#7333,1.);
#7333 = DIRECTION('',(0.,0.,1.));
#7334 = CARTESIAN_POINT('',(53.,2.,136.));
#7335 = CARTESIAN_POINT('',(53.,2.,144.));
#7336 = GEOMETRIC_CURVE_SET('',(#7337));
#7337 = TRIMMED_CURVE('',#7338,(#7342,PARAMETER_VALUE(0.)),(#7343,
    PARAMETER_VALUE(18.)),.T.,.PARAMETER.);
#7338 = LINE('',#7339,#7340);
#7339 = CARTESIAN_POINT('',(53.,2.,144.));
#7340 = VECTOR('',#7341,1.);
#7341 = DIRECTION('',(0.,1.,0.));
#7342 = CARTESIAN_POINT('',(53.,2.,144.));
#7343 = CARTESIAN_POINT('',(53.,20.,144.));
#7344 = GEOMETRIC_CURVE_SET('',(#7345));
#7345 = TRIMMED_CURVE('',#7346,(#7350,PARAMETER_VALUE(0.)),(#7351,
    PARAMETER_VALUE(8.)),.T.,.PARAMETER.);
#7346 = LINE('',#7347,#7348);
#7347 = CARTESIAN_POINT('',(53.,20.,136.));
#7348 = VECTOR('',#7349,1.);
#7349 = DIRECTION('',(0.,0.,1.));
#7350 = CARTESIAN_POINT('',(53.,20.,136.));
#7351 = CARTESIAN_POINT('',(53.,20.,144.));
#7352 = GEOMETRIC_CURVE_SET('',(#7353));
#7353 = TRIMMED_CURVE('',#7354,(#7358,PARAMETER_VALUE(0.)),(#7359,
    PARAMETER_VALUE(18.)),.T.,.PARAMETER.);
#7354 = LINE('',#7355,#7356);
#7355 = CARTESIAN_POINT('',(53.,2.,136.));
#7356 = VECTOR('',#7357,1.);
#7357 = DIRECTION('',(0.,1.,0.));
#7358 = CARTESIAN_POINT('',(53.,2.,136.));
#7359 = CARTESIAN_POINT('',(53.,20.,136.));
#7360 = GEOMETRIC_CURVE_SET('',(#7361));
#7361 = TRIMMED_CURVE('',#7362,(#7366,PARAMETER_VALUE(0.)),(#7367,
    PARAMETER_VALUE(13.)),.T.,.PARAMETER.);
#7362 = LINE('',#7363,#7364);
#7363 = CARTESIAN_POINT('',(40.,2.,136.));
#7364 = VECTOR('',#7365,1.);
#7365 = DIRECTION('',(1.,0.,0.));
#7366 = CARTESIAN_POINT('',(40.,2.,136.));
#7367 = CARTESIAN_POINT('',(53.,2.,136.));
#7368 = GEOMETRIC_CURVE_SET('',(#7369));
#7369 = TRIMMED_CURVE('',#7370,(#7374,PARAMETER_VALUE(0.)),(#7375,
    PARAMETER_VALUE(13.)),.T.,.PARAMETER.);
#7370 = LINE('',#7371,#7372);
#7371 = CARTESIAN_POINT('',(40.,2.,144.));
#7372 = VECTOR('',#7373,1.);
#7373 = DIRECTION('',(1.,0.,0.));
#7374 = CARTESIAN_POINT('',(40.,2.,144.));
#7375 = CARTESIAN_POINT('',(53.,2.,144.));
#7376 = GEOMETRIC_CURVE_SET('',(#7377));
#7377 = TRIMMED_CURVE('',#7378,(#7382,PARAMETER_VALUE(0.)),(#7383,
    PARAMETER_VALUE(13.)),.T.,.PARAMETER.);
#7378 = LINE('',#7379,#7380);
#7379 = CARTESIAN_POINT('',(40.,20.,136.));
#7380 = VECTOR('',#7381,1.);
#7381 = DIRECTION('',(1.,0.,0.));
#7382 = CARTESIAN_POINT('',(40.,20.,136.));
#7383 = CARTESIAN_POINT('',(53.,20.,136.));
#7384 = GEOMETRIC_CURVE_SET('',(#7385));
#7385 = TRIMMED_CURVE('',#7386,(#7390,PARAMETER_VALUE(0.)),(#7391,
    PARAMETER_VALUE(13.)),.T.,.PARAMETER.);
#7386 = LINE('',#7387,#7388);
#7387 = CARTESIAN_POINT('',(40.,20.,144.));
#7388 = VECTOR('',#7389,1.);
#7389 = DIRECTION('',(1.,0.,0.));
#7390 = CARTESIAN_POINT('',(40.,20.,144.));
#7391 = CARTESIAN_POINT('',(53.,20.,144.));
#7392 = GEOMETRIC_CURVE_SET('',(#7393));
#7393 = TRIMMED_CURVE('',#7394,(#7398,PARAMETER_VALUE(0.)),(#7399,
    PARAMETER_VALUE(8.)),.T.,.PARAMETER.);
#7394 = LINE('',#7395,#7396);
#7395 = CARTESIAN_POINT('',(235.,2.,136.));
#7396 = VECTOR('',#7397,1.);
#7397 = DIRECTION('',(0.,0.,1.));
#7398 = CARTESIAN_POINT('',(235.,2.,136.));
#7399 = CARTESIAN_POINT('',(235.,2.,144.));
#7400 = GEOMETRIC_CURVE_SET('',(#7401));
#7401 = TRIMMED_CURVE('',#7402,(#7406,PARAMETER_VALUE(0.)),(#7407,
    PARAMETER_VALUE(18.)),.T.,.PARAMETER.);
#7402 = LINE('',#7403,#7404);
#7403 = CARTESIAN_POINT('',(235.,2.,144.));
#7404 = VECTOR('',#7405,1.);
#7405 = DIRECTION('',(0.,1.,0.));
#7406 = CARTESIAN_POINT('',(235.,2.,144.));
#7407 = CARTESIAN_POINT('',(235.,20.,144.));
#7408 = GEOMETRIC_CURVE_SET('',(#7409));
#7409 = TRIMMED_CURVE('',#7410,(#7414,PARAMETER_VALUE(0.)),(#7415,
    PARAMETER_VALUE(8.)),.T.,.PARAMETER.);
#7410 = LINE('',#7411,#7412);
#7411 = CARTESIAN_POINT('',(235.,20.,136.));
#7412 = VECTOR('',#7413,1.);
#7413 = DIRECTION('',(0.,0.,1.));
#7414 = CARTESIAN_POINT('',(235.,20.,136.));
#7415 = CARTESIAN_POINT('',(235.,20.,144.));
#7416 = GEOMETRIC_CURVE_SET('',(#7417));
#7417 = TRIMMED_CURVE('',#7418,(#7422,PARAMETER_VALUE(0.)),(#7423,
    PARAMETER_VALUE(18.)),.T.,.PARAMETER.);
#7418 = LINE('',#7419,#7420);
#7419 = CARTESIAN_POINT('',(235.,2.,136.));
#7420 = VECTOR('',#7421,1.);
#7421 = DIRECTION('',(0.,1.,0.));
#7422 = CARTESIAN_POINT('',(235.,2.,136.));
#7423 = CARTESIAN_POINT('',(235.,20.,136.));
#7424 = GEOMETRIC_CURVE_SET('',(#7425));
#7425 = TRIMMED_CURVE('',#7426,(#7430,PARAMETER_VALUE(0.)),(#7431,
    PARAMETER_VALUE(8.)),.T.,.PARAMETER.);
#7426 = LINE('',#7427,#7428);
#7427 = CARTESIAN_POINT('',(248.,2.,136.));
#7428 = VECTOR('',#7429,1.);
#7429 = DIRECTION('',(0.,0.,1.));
#7430 = CARTESIAN_POINT('',(248.,2.,136.));
#7431 = CARTESIAN_POINT('',(248.,2.,144.));
#7432 = GEOMETRIC_CURVE_SET('',(#7433));
#7433 = TRIMMED_CURVE('',#7434,(#7438,PARAMETER_VALUE(0.)),(#7439,
    PARAMETER_VALUE(18.)),.T.,.PARAMETER.);
#7434 = LINE('',#7435,#7436);
#7435 = CARTESIAN_POINT('',(248.,2.,144.));
#7436 = VECTOR('',#7437,1.);
#7437 = DIRECTION('',(0.,1.,0.));
#7438 = CARTESIAN_POINT('',(248.,2.,144.));
#7439 = CARTESIAN_POINT('',(248.,20.,144.));
#7440 = GEOMETRIC_CURVE_SET('',(#7441));
#7441 = TRIMMED_CURVE('',#7442,(#7446,PARAMETER_VALUE(0.)),(#7447,
    PARAMETER_VALUE(8.)),.T.,.PARAMETER.);
#7442 = LINE('',#7443,#7444);
#7443 = CARTESIAN_POINT('',(248.,20.,136.));
#7444 = VECTOR('',#7445,1.);
#7445 = DIRECTION('',(0.,0.,1.));
#7446 = CARTESIAN_POINT('',(248.,20.,136.));
#7447 = CARTESIAN_POINT('',(248.,20.,144.));
#7448 = GEOMETRIC_CURVE_SET('',(#7449));
#7449 = TRIMMED_CURVE('',#7450,(#7454,PARAMETER_VALUE(0.)),(#7455,
    PARAMETER_VALUE(18.)),.T.,.PARAMETER.);
#7450 = LINE('',#7451,#7452);
#7451 = CARTESIAN_POINT('',(248.,2.,136.));
#7452 = VECTOR('',#7453,1.);
#7453 = DIRECTION('',(0.,1.,0.));
#7454 = CARTESIAN_POINT('',(248.,2.,136.));
#7455 = CARTESIAN_POINT('',(248.,20.,136.));
#7456 = GEOMETRIC_CURVE_SET('',(#7457));
#7457 = TRIMMED_CURVE('',#7458,(#7462,PARAMETER_VALUE(0.)),(#7463,
    PARAMETER_VALUE(13.)),.T.,.PARAMETER.);
#7458 = LINE('',#7459,#7460);
#7459 = CARTESIAN_POINT('',(235.,2.,136.));
#7460 = VECTOR('',#7461,1.);
#7461 = DIRECTION('',(1.,0.,0.));
#7462 = CARTESIAN_POINT('',(235.,2.,136.));
#7463 = CARTESIAN_POINT('',(248.,2.,136.));
#7464 = GEOMETRIC_CURVE_SET('',(#7465));
#7465 = TRIMMED_CURVE('',#7466,(#7470,PARAMETER_VALUE(0.)),(#7471,
    PARAMETER_VALUE(13.)),.T.,.PARAMETER.);
#7466 = LINE('',#7467,#7468);
#7467 = CARTESIAN_POINT('',(235.,2.,144.));
#7468 = VECTOR('',#7469,1.);
#7469 = DIRECTION('',(1.,0.,0.));
#7470 = CARTESIAN_POINT('',(235.,2.,144.));
#7471 = CARTESIAN_POINT('',(248.,2.,144.));
#7472 = GEOMETRIC_CURVE_SET('',(#7473));
#7473 = TRIMMED_CURVE('',#7474,(#7478,PARAMETER_VALUE(0.)),(#7479,
    PARAMETER_VALUE(13.)),.T.,.PARAMETER.);
#7474 = LINE('',#7475,#7476);
#7475 = CARTESIAN_POINT('',(235.,20.,136.));
#7476 = VECTOR('',#7477,1.);
#7477 = DIRECTION('',(1.,0.,0.));
#7478 = CARTESIAN_POINT('',(235.,20.,136.));
#7479 = CARTESIAN_POINT('',(248.,20.,136.));
#7480 = GEOMETRIC_CURVE_SET('',(#7481));
#7481 = TRIMMED_CURVE('',#7482,(#7486,PARAMETER_VALUE(0.)),(#7487,
    PARAMETER_VALUE(13.)),.T.,.PARAMETER.);
#7482 = LINE('',#7483,#7484);
#7483 = CARTESIAN_POINT('',(235.,20.,144.));
#7484 = VECTOR('',#7485,1.);
#7485 = DIRECTION('',(1.,0.,0.));
#7486 = CARTESIAN_POINT('',(235.,20.,144.));
#7487 = CARTESIAN_POINT('',(248.,20.,144.));
#7488 = GEOMETRIC_CURVE_SET('',(#7489));
#7489 = TRIMMED_CURVE('',#7490,(#7494,PARAMETER_VALUE(0.)),(#7495,
    PARAMETER_VALUE(8.)),.T.,.PARAMETER.);
#7490 = LINE('',#7491,#7492);
#7491 = CARTESIAN_POINT('',(2.,140.,124.));
#7492 = VECTOR('',#7493,1.);
#7493 = DIRECTION('',(0.,0.,1.));
#7494 = CARTESIAN_POINT('',(2.,140.,124.));
#7495 = CARTESIAN_POINT('',(2.,140.,132.));
#7496 = GEOMETRIC_CURVE_SET('',(#7497));
#7497 = TRIMMED_CURVE('',#7498,(#7502,PARAMETER_VALUE(0.)),(#7503,
    PARAMETER_VALUE(18.)),.T.,.PARAMETER.);
#7498 = LINE('',#7499,#7500);
#7499 = CARTESIAN_POINT('',(2.,140.,132.));
#7500 = VECTOR('',#7501,1.);
#7501 = DIRECTION('',(0.,1.,0.));
#7502 = CARTESIAN_POINT('',(2.,140.,132.));
#7503 = CARTESIAN_POINT('',(2.,158.,132.));
#7504 = GEOMETRIC_CURVE_SET('',(#7505));
#7505 = TRIMMED_CURVE('',#7506,(#7510,PARAMETER_VALUE(0.)),(#7511,
    PARAMETER_VALUE(8.)),.T.,.PARAMETER.);
#7506 = LINE('',#7507,#7508);
#7507 = CARTESIAN_POINT('',(2.,158.,124.));
#7508 = VECTOR('',#7509,1.);
#7509 = DIRECTION('',(0.,0.,1.));
#7510 = CARTESIAN_POINT('',(2.,158.,124.));
#7511 = CARTESIAN_POINT('',(2.,158.,132.));
#7512 = GEOMETRIC_CURVE_SET('',(#7513));
#7513 = TRIMMED_CURVE('',#7514,(#7518,PARAMETER_VALUE(0.)),(#7519,
    PARAMETER_VALUE(18.)),.T.,.PARAMETER.);
#7514 = LINE('',#7515,#7516);
#7515 = CARTESIAN_POINT('',(2.,140.,124.));
#7516 = VECTOR('',#7517,1.);
#7517 = DIRECTION('',(0.,1.,0.));
#7518 = CARTESIAN_POINT('',(2.,140.,124.));
#7519 = CARTESIAN_POINT('',(2.,158.,124.));
#7520 = GEOMETRIC_CURVE_SET('',(#7521));
#7521 = TRIMMED_CURVE('',#7522,(#7526,PARAMETER_VALUE(0.)),(#7527,
    PARAMETER_VALUE(8.)),.T.,.PARAMETER.);
#7522 = LINE('',#7523,#7524);
#7523 = CARTESIAN_POINT('',(15.,140.,124.));
#7524 = VECTOR('',#7525,1.);
#7525 = DIRECTION('',(0.,0.,1.));
#7526 = CARTESIAN_POINT('',(15.,140.,124.));
#7527 = CARTESIAN_POINT('',(15.,140.,132.));
#7528 = GEOMETRIC_CURVE_SET('',(#7529));
#7529 = TRIMMED_CURVE('',#7530,(#7534,PARAMETER_VALUE(0.)),(#7535,
    PARAMETER_VALUE(18.)),.T.,.PARAMETER.);
#7530 = LINE('',#7531,#7532);
#7531 = CARTESIAN_POINT('',(15.,140.,132.));
#7532 = VECTOR('',#7533,1.);
#7533 = DIRECTION('',(0.,1.,0.));
#7534 = CARTESIAN_POINT('',(15.,140.,132.));
#7535 = CARTESIAN_POINT('',(15.,158.,132.));
#7536 = GEOMETRIC_CURVE_SET('',(#7537));
#7537 = TRIMMED_CURVE('',#7538,(#7542,PARAMETER_VALUE(0.)),(#7543,
    PARAMETER_VALUE(8.)),.T.,.PARAMETER.);
#7538 = LINE('',#7539,#7540);
#7539 = CARTESIAN_POINT('',(15.,158.,124.));
#7540 = VECTOR('',#7541,1.);
#7541 = DIRECTION('',(0.,0.,1.));
#7542 = CARTESIAN_POINT('',(15.,158.,124.));
#7543 = CARTESIAN_POINT('',(15.,158.,132.));
#7544 = GEOMETRIC_CURVE_SET('',(#7545));
#7545 = TRIMMED_CURVE('',#7546,(#7550,PARAMETER_VALUE(0.)),(#7551,
    PARAMETER_VALUE(18.)),.T.,.PARAMETER.);
#7546 = LINE('',#7547,#7548);
#7547 = CARTESIAN_POINT('',(15.,140.,124.));
#7548 = VECTOR('',#7549,1.);
#7549 = DIRECTION('',(0.,1.,0.));
#7550 = CARTESIAN_POINT('',(15.,140.,124.));
#7551 = CARTESIAN_POINT('',(15.,158.,124.));
#7552 = GEOMETRIC_CURVE_SET('',(#7553));
#7553 = TRIMMED_CURVE('',#7554,(#7558,PARAMETER_VALUE(0.)),(#7559,
    PARAMETER_VALUE(13.)),.T.,.PARAMETER.);
#7554 = LINE('',#7555,#7556);
#7555 = CARTESIAN_POINT('',(2.,140.,124.));
#7556 = VECTOR('',#7557,1.);
#7557 = DIRECTION('',(1.,0.,0.));
#7558 = CARTESIAN_POINT('',(2.,140.,124.));
#7559 = CARTESIAN_POINT('',(15.,140.,124.));
#7560 = GEOMETRIC_CURVE_SET('',(#7561));
#7561 = TRIMMED_CURVE('',#7562,(#7566,PARAMETER_VALUE(0.)),(#7567,
    PARAMETER_VALUE(13.)),.T.,.PARAMETER.);
#7562 = LINE('',#7563,#7564);
#7563 = CARTESIAN_POINT('',(2.,140.,132.));
#7564 = VECTOR('',#7565,1.);
#7565 = DIRECTION('',(1.,0.,0.));
#7566 = CARTESIAN_POINT('',(2.,140.,132.));
#7567 = CARTESIAN_POINT('',(15.,140.,132.));
#7568 = GEOMETRIC_CURVE_SET('',(#7569));
#7569 = TRIMMED_CURVE('',#7570,(#7574,PARAMETER_VALUE(0.)),(#7575,
    PARAMETER_VALUE(13.)),.T.,.PARAMETER.);
#7570 = LINE('',#7571,#7572);
#7571 = CARTESIAN_POINT('',(2.,158.,124.));
#7572 = VECTOR('',#7573,1.);
#7573 = DIRECTION('',(1.,0.,0.));
#7574 = CARTESIAN_POINT('',(2.,158.,124.));
#7575 = CARTESIAN_POINT('',(15.,158.,124.));
#7576 = GEOMETRIC_CURVE_SET('',(#7577));
#7577 = TRIMMED_CURVE('',#7578,(#7582,PARAMETER_VALUE(0.)),(#7583,
    PARAMETER_VALUE(13.)),.T.,.PARAMETER.);
#7578 = LINE('',#7579,#7580);
#7579 = CARTESIAN_POINT('',(2.,158.,132.));
#7580 = VECTOR('',#7581,1.);
#7581 = DIRECTION('',(1.,0.,0.));
#7582 = CARTESIAN_POINT('',(2.,158.,132.));
#7583 = CARTESIAN_POINT('',(15.,158.,132.));
#7584 = GEOMETRIC_CURVE_SET('',(#7585));
#7585 = TRIMMED_CURVE('',#7586,(#7590,PARAMETER_VALUE(0.)),(#7591,
    PARAMETER_VALUE(8.)),.T.,.PARAMETER.);
#7586 = LINE('',#7587,#7588);
#7587 = CARTESIAN_POINT('',(261.,140.,124.));
#7588 = VECTOR('',#7589,1.);
#7589 = DIRECTION('',(0.,0.,1.));
#7590 = CARTESIAN_POINT('',(261.,140.,124.));
#7591 = CARTESIAN_POINT('',(261.,140.,132.));
#7592 = GEOMETRIC_CURVE_SET('',(#7593));
#7593 = TRIMMED_CURVE('',#7594,(#7598,PARAMETER_VALUE(0.)),(#7599,
    PARAMETER_VALUE(18.)),.T.,.PARAMETER.);
#7594 = LINE('',#7595,#7596);
#7595 = CARTESIAN_POINT('',(261.,140.,132.));
#7596 = VECTOR('',#7597,1.);
#7597 = DIRECTION('',(0.,1.,0.));
#7598 = CARTESIAN_POINT('',(261.,140.,132.));
#7599 = CARTESIAN_POINT('',(261.,158.,132.));
#7600 = GEOMETRIC_CURVE_SET('',(#7601));
#7601 = TRIMMED_CURVE('',#7602,(#7606,PARAMETER_VALUE(0.)),(#7607,
    PARAMETER_VALUE(8.)),.T.,.PARAMETER.);
#7602 = LINE('',#7603,#7604);
#7603 = CARTESIAN_POINT('',(261.,158.,124.));
#7604 = VECTOR('',#7605,1.);
#7605 = DIRECTION('',(0.,0.,1.));
#7606 = CARTESIAN_POINT('',(261.,158.,124.));
#7607 = CARTESIAN_POINT('',(261.,158.,132.));
#7608 = GEOMETRIC_CURVE_SET('',(#7609));
#7609 = TRIMMED_CURVE('',#7610,(#7614,PARAMETER_VALUE(0.)),(#7615,
    PARAMETER_VALUE(18.)),.T.,.PARAMETER.);
#7610 = LINE('',#7611,#7612);
#7611 = CARTESIAN_POINT('',(261.,140.,124.));
#7612 = VECTOR('',#7613,1.);
#7613 = DIRECTION('',(0.,1.,0.));
#7614 = CARTESIAN_POINT('',(261.,140.,124.));
#7615 = CARTESIAN_POINT('',(261.,158.,124.));
#7616 = GEOMETRIC_CURVE_SET('',(#7617));
#7617 = TRIMMED_CURVE('',#7618,(#7622,PARAMETER_VALUE(0.)),(#7623,
    PARAMETER_VALUE(8.)),.T.,.PARAMETER.);
#7618 = LINE('',#7619,#7620);
#7619 = CARTESIAN_POINT('',(274.,140.,124.));
#7620 = VECTOR('',#7621,1.);
#7621 = DIRECTION('',(0.,0.,1.));
#7622 = CARTESIAN_POINT('',(274.,140.,124.));
#7623 = CARTESIAN_POINT('',(274.,140.,132.));
#7624 = GEOMETRIC_CURVE_SET('',(#7625));
#7625 = TRIMMED_CURVE('',#7626,(#7630,PARAMETER_VALUE(0.)),(#7631,
    PARAMETER_VALUE(18.)),.T.,.PARAMETER.);
#7626 = LINE('',#7627,#7628);
#7627 = CARTESIAN_POINT('',(274.,140.,132.));
#7628 = VECTOR('',#7629,1.);
#7629 = DIRECTION('',(0.,1.,0.));
#7630 = CARTESIAN_POINT('',(274.,140.,132.));
#7631 = CARTESIAN_POINT('',(274.,158.,132.));
#7632 = GEOMETRIC_CURVE_SET('',(#7633));
#7633 = TRIMMED_CURVE('',#7634,(#7638,PARAMETER_VALUE(0.)),(#7639,
    PARAMETER_VALUE(8.)),.T.,.PARAMETER.);
#7634 = LINE('',#7635,#7636);
#7635 = CARTESIAN_POINT('',(274.,158.,124.));
#7636 = VECTOR('',#7637,1.);
#7637 = DIRECTION('',(0.,0.,1.));
#7638 = CARTESIAN_POINT('',(274.,158.,124.));
#7639 = CARTESIAN_POINT('',(274.,158.,132.));
#7640 = GEOMETRIC_CURVE_SET('',(#7641));
#7641 = TRIMMED_CURVE('',#7642,(#7646,PARAMETER_VALUE(0.)),(#7647,
    PARAMETER_VALUE(18.)),.T.,.PARAMETER.);
#7642 = LINE('',#7643,#7644);
#7643 = CARTESIAN_POINT('',(274.,140.,124.));
#7644 = VECTOR('',#7645,1.);
#7645 = DIRECTION('',(0.,1.,0.));
#7646 = CARTESIAN_POINT('',(274.,140.,124.));
#7647 = CARTESIAN_POINT('',(274.,158.,124.));
#7648 = GEOMETRIC_CURVE_SET('',(#7649));
#7649 = TRIMMED_CURVE('',#7650,(#7654,PARAMETER_VALUE(0.)),(#7655,
    PARAMETER_VALUE(13.)),.T.,.PARAMETER.);
#7650 = LINE('',#7651,#7652);
#7651 = CARTESIAN_POINT('',(261.,140.,124.));
#7652 = VECTOR('',#7653,1.);
#7653 = DIRECTION('',(1.,0.,0.));
#7654 = CARTESIAN_POINT('',(261.,140.,124.));
#7655 = CARTESIAN_POINT('',(274.,140.,124.));
#7656 = GEOMETRIC_CURVE_SET('',(#7657));
#7657 = TRIMMED_CURVE('',#7658,(#7662,PARAMETER_VALUE(0.)),(#7663,
    PARAMETER_VALUE(13.)),.T.,.PARAMETER.);
#7658 = LINE('',#7659,#7660);
#7659 = CARTESIAN_POINT('',(261.,140.,132.));
#7660 = VECTOR('',#7661,1.);
#7661 = DIRECTION('',(1.,0.,0.));
#7662 = CARTESIAN_POINT('',(261.,140.,132.));
#7663 = CARTESIAN_POINT('',(274.,140.,132.));
#7664 = GEOMETRIC_CURVE_SET('',(#7665));
#7665 = TRIMMED_CURVE('',#7666,(#7670,PARAMETER_VALUE(0.)),(#7671,
    PARAMETER_VALUE(13.)),.T.,.PARAMETER.);
#7666 = LINE('',#7667,#7668);
#7667 = CARTESIAN_POINT('',(261.,158.,124.));
#7668 = VECTOR('',#7669,1.);
#7669 = DIRECTION('',(1.,0.,0.));
#7670 = CARTESIAN_POINT('',(261.,158.,124.));
#7671 = CARTESIAN_POINT('',(274.,158.,124.));
#7672 = GEOMETRIC_CURVE_SET('',(#7673));
#7673 = TRIMMED_CURVE('',#7674,(#7678,PARAMETER_VALUE(0.)),(#7679,
    PARAMETER_VALUE(13.)),.T.,.PARAMETER.);
#7674 = LINE('',#7675,#7676);
#7675 = CARTESIAN_POINT('',(261.,158.,132.));
#7676 = VECTOR('',#7677,1.);
#7677 = DIRECTION('',(1.,0.,0.));
#7678 = CARTESIAN_POINT('',(261.,158.,132.));
#7679 = CARTESIAN_POINT('',(274.,158.,132.));
#7680 = GEOMETRIC_CURVE_SET('',(#7681));
#7681 = TRIMMED_CURVE('',#7682,(#7686,PARAMETER_VALUE(0.)),(#7687,
    PARAMETER_VALUE(8.)),.T.,.PARAMETER.);
#7682 = LINE('',#7683,#7684);
#7683 = CARTESIAN_POINT('',(45.,253.,136.));
#7684 = VECTOR('',#7685,1.);
#7685 = DIRECTION('',(0.,0.,1.));
#7686 = CARTESIAN_POINT('',(45.,253.,136.));
#7687 = CARTESIAN_POINT('',(45.,253.,144.));
#7688 = GEOMETRIC_CURVE_SET('',(#7689));
#7689 = TRIMMED_CURVE('',#7690,(#7694,PARAMETER_VALUE(0.)),(#7695,
    PARAMETER_VALUE(18.)),.T.,.PARAMETER.);
#7690 = LINE('',#7691,#7692);
#7691 = CARTESIAN_POINT('',(45.,253.,144.));
#7692 = VECTOR('',#7693,1.);
#7693 = DIRECTION('',(0.,1.,0.));
#7694 = CARTESIAN_POINT('',(45.,253.,144.));
#7695 = CARTESIAN_POINT('',(45.,271.,144.));
#7696 = GEOMETRIC_CURVE_SET('',(#7697));
#7697 = TRIMMED_CURVE('',#7698,(#7702,PARAMETER_VALUE(0.)),(#7703,
    PARAMETER_VALUE(8.)),.T.,.PARAMETER.);
#7698 = LINE('',#7699,#7700);
#7699 = CARTESIAN_POINT('',(45.,271.,136.));
#7700 = VECTOR('',#7701,1.);
#7701 = DIRECTION('',(0.,0.,1.));
#7702 = CARTESIAN_POINT('',(45.,271.,136.));
#7703 = CARTESIAN_POINT('',(45.,271.,144.));
#7704 = GEOMETRIC_CURVE_SET('',(#7705));
#7705 = TRIMMED_CURVE('',#7706,(#7710,PARAMETER_VALUE(0.)),(#7711,
    PARAMETER_VALUE(18.)),.T.,.PARAMETER.);
#7706 = LINE('',#7707,#7708);
#7707 = CARTESIAN_POINT('',(45.,253.,136.));
#7708 = VECTOR('',#7709,1.);
#7709 = DIRECTION('',(0.,1.,0.));
#7710 = CARTESIAN_POINT('',(45.,253.,136.));
#7711 = CARTESIAN_POINT('',(45.,271.,136.));
#7712 = GEOMETRIC_CURVE_SET('',(#7713));
#7713 = TRIMMED_CURVE('',#7714,(#7718,PARAMETER_VALUE(0.)),(#7719,
    PARAMETER_VALUE(8.)),.T.,.PARAMETER.);
#7714 = LINE('',#7715,#7716);
#7715 = CARTESIAN_POINT('',(58.,253.,136.));
#7716 = VECTOR('',#7717,1.);
#7717 = DIRECTION('',(0.,0.,1.));
#7718 = CARTESIAN_POINT('',(58.,253.,136.));
#7719 = CARTESIAN_POINT('',(58.,253.,144.));
#7720 = GEOMETRIC_CURVE_SET('',(#7721));
#7721 = TRIMMED_CURVE('',#7722,(#7726,PARAMETER_VALUE(0.)),(#7727,
    PARAMETER_VALUE(18.)),.T.,.PARAMETER.);
#7722 = LINE('',#7723,#7724);
#7723 = CARTESIAN_POINT('',(58.,253.,144.));
#7724 = VECTOR('',#7725,1.);
#7725 = DIRECTION('',(0.,1.,0.));
#7726 = CARTESIAN_POINT('',(58.,253.,144.));
#7727 = CARTESIAN_POINT('',(58.,271.,144.));
#7728 = GEOMETRIC_CURVE_SET('',(#7729));
#7729 = TRIMMED_CURVE('',#7730,(#7734,PARAMETER_VALUE(0.)),(#7735,
    PARAMETER_VALUE(8.)),.T.,.PARAMETER.);
#7730 = LINE('',#7731,#7732);
#7731 = CARTESIAN_POINT('',(58.,271.,136.));
#7732 = VECTOR('',#7733,1.);
#7733 = DIRECTION('',(0.,0.,1.));
#7734 = CARTESIAN_POINT('',(58.,271.,136.));
#7735 = CARTESIAN_POINT('',(58.,271.,144.));
#7736 = GEOMETRIC_CURVE_SET('',(#7737));
#7737 = TRIMMED_CURVE('',#7738,(#7742,PARAMETER_VALUE(0.)),(#7743,
    PARAMETER_VALUE(18.)),.T.,.PARAMETER.);
#7738 = LINE('',#7739,#7740);
#7739 = CARTESIAN_POINT('',(58.,253.,136.));
#7740 = VECTOR('',#7741,1.);
#7741 = DIRECTION('',(0.,1.,0.));
#7742 = CARTESIAN_POINT('',(58.,253.,136.));
#7743 = CARTESIAN_POINT('',(58.,271.,136.));
#7744 = GEOMETRIC_CURVE_SET('',(#7745));
#7745 = TRIMMED_CURVE('',#7746,(#7750,PARAMETER_VALUE(0.)),(#7751,
    PARAMETER_VALUE(13.)),.T.,.PARAMETER.);
#7746 = LINE('',#7747,#7748);
#7747 = CARTESIAN_POINT('',(45.,253.,136.));
#7748 = VECTOR('',#7749,1.);
#7749 = DIRECTION('',(1.,0.,0.));
#7750 = CARTESIAN_POINT('',(45.,253.,136.));
#7751 = CARTESIAN_POINT('',(58.,253.,136.));
#7752 = GEOMETRIC_CURVE_SET('',(#7753));
#7753 = TRIMMED_CURVE('',#7754,(#7758,PARAMETER_VALUE(0.)),(#7759,
    PARAMETER_VALUE(13.)),.T.,.PARAMETER.);
#7754 = LINE('',#7755,#7756);
#7755 = CARTESIAN_POINT('',(45.,253.,144.));
#7756 = VECTOR('',#7757,1.);
#7757 = DIRECTION('',(1.,0.,0.));
#7758 = CARTESIAN_POINT('',(45.,253.,144.));
#7759 = CARTESIAN_POINT('',(58.,253.,144.));
#7760 = GEOMETRIC_CURVE_SET('',(#7761));
#7761 = TRIMMED_CURVE('',#7762,(#7766,PARAMETER_VALUE(0.)),(#7767,
    PARAMETER_VALUE(13.)),.T.,.PARAMETER.);
#7762 = LINE('',#7763,#7764);
#7763 = CARTESIAN_POINT('',(45.,271.,136.));
#7764 = VECTOR('',#7765,1.);
#7765 = DIRECTION('',(1.,0.,0.));
#7766 = CARTESIAN_POINT('',(45.,271.,136.));
#7767 = CARTESIAN_POINT('',(58.,271.,136.));
#7768 = GEOMETRIC_CURVE_SET('',(#7769));
#7769 = TRIMMED_CURVE('',#7770,(#7774,PARAMETER_VALUE(0.)),(#7775,
    PARAMETER_VALUE(13.)),.T.,.PARAMETER.);
#7770 = LINE('',#7771,#7772);
#7771 = CARTESIAN_POINT('',(45.,271.,144.));
#7772 = VECTOR('',#7773,1.);
#7773 = DIRECTION('',(1.,0.,0.));
#7774 = CARTESIAN_POINT('',(45.,271.,144.));
#7775 = CARTESIAN_POINT('',(58.,271.,144.));
#7776 = GEOMETRIC_CURVE_SET('',(#7777));
#7777 = TRIMMED_CURVE('',#7778,(#7782,PARAMETER_VALUE(0.)),(#7783,
    PARAMETER_VALUE(8.)),.T.,.PARAMETER.);
#7778 = LINE('',#7779,#7780);
#7779 = CARTESIAN_POINT('',(230.,253.,136.));
#7780 = VECTOR('',#7781,1.);
#7781 = DIRECTION('',(0.,0.,1.));
#7782 = CARTESIAN_POINT('',(230.,253.,136.));
#7783 = CARTESIAN_POINT('',(230.,253.,144.));
#7784 = GEOMETRIC_CURVE_SET('',(#7785));
#7785 = TRIMMED_CURVE('',#7786,(#7790,PARAMETER_VALUE(0.)),(#7791,
    PARAMETER_VALUE(18.)),.T.,.PARAMETER.);
#7786 = LINE('',#7787,#7788);
#7787 = CARTESIAN_POINT('',(230.,253.,144.));
#7788 = VECTOR('',#7789,1.);
#7789 = DIRECTION('',(0.,1.,0.));
#7790 = CARTESIAN_POINT('',(230.,253.,144.));
#7791 = CARTESIAN_POINT('',(230.,271.,144.));
#7792 = GEOMETRIC_CURVE_SET('',(#7793));
#7793 = TRIMMED_CURVE('',#7794,(#7798,PARAMETER_VALUE(0.)),(#7799,
    PARAMETER_VALUE(8.)),.T.,.PARAMETER.);
#7794 = LINE('',#7795,#7796);
#7795 = CARTESIAN_POINT('',(230.,271.,136.));
#7796 = VECTOR('',#7797,1.);
#7797 = DIRECTION('',(0.,0.,1.));
#7798 = CARTESIAN_POINT('',(230.,271.,136.));
#7799 = CARTESIAN_POINT('',(230.,271.,144.));
#7800 = GEOMETRIC_CURVE_SET('',(#7801));
#7801 = TRIMMED_CURVE('',#7802,(#7806,PARAMETER_VALUE(0.)),(#7807,
    PARAMETER_VALUE(18.)),.T.,.PARAMETER.);
#7802 = LINE('',#7803,#7804);
#7803 = CARTESIAN_POINT('',(230.,253.,136.));
#7804 = VECTOR('',#7805,1.);
#7805 = DIRECTION('',(0.,1.,0.));
#7806 = CARTESIAN_POINT('',(230.,253.,136.));
#7807 = CARTESIAN_POINT('',(230.,271.,136.));
#7808 = GEOMETRIC_CURVE_SET('',(#7809));
#7809 = TRIMMED_CURVE('',#7810,(#7814,PARAMETER_VALUE(0.)),(#7815,
    PARAMETER_VALUE(8.)),.T.,.PARAMETER.);
#7810 = LINE('',#7811,#7812);
#7811 = CARTESIAN_POINT('',(243.,253.,136.));
#7812 = VECTOR('',#7813,1.);
#7813 = DIRECTION('',(0.,0.,1.));
#7814 = CARTESIAN_POINT('',(243.,253.,136.));
#7815 = CARTESIAN_POINT('',(243.,253.,144.));
#7816 = GEOMETRIC_CURVE_SET('',(#7817));
#7817 = TRIMMED_CURVE('',#7818,(#7822,PARAMETER_VALUE(0.)),(#7823,
    PARAMETER_VALUE(18.)),.T.,.PARAMETER.);
#7818 = LINE('',#7819,#7820);
#7819 = CARTESIAN_POINT('',(243.,253.,144.));
#7820 = VECTOR('',#7821,1.);
#7821 = DIRECTION('',(0.,1.,0.));
#7822 = CARTESIAN_POINT('',(243.,253.,144.));
#7823 = CARTESIAN_POINT('',(243.,271.,144.));
#7824 = GEOMETRIC_CURVE_SET('',(#7825));
#7825 = TRIMMED_CURVE('',#7826,(#7830,PARAMETER_VALUE(0.)),(#7831,
    PARAMETER_VALUE(8.)),.T.,.PARAMETER.);
#7826 = LINE('',#7827,#7828);
#7827 = CARTESIAN_POINT('',(243.,271.,136.));
#7828 = VECTOR('',#7829,1.);
#7829 = DIRECTION('',(0.,0.,1.));
#7830 = CARTESIAN_POINT('',(243.,271.,136.));
#7831 = CARTESIAN_POINT('',(243.,271.,144.));
#7832 = GEOMETRIC_CURVE_SET('',(#7833));
#7833 = TRIMMED_CURVE('',#7834,(#7838,PARAMETER_VALUE(0.)),(#7839,
    PARAMETER_VALUE(18.)),.T.,.PARAMETER.);
#7834 = LINE('',#7835,#7836);
#7835 = CARTESIAN_POINT('',(243.,253.,136.));
#7836 = VECTOR('',#7837,1.);
#7837 = DIRECTION('',(0.,1.,0.));
#7838 = CARTESIAN_POINT('',(243.,253.,136.));
#7839 = CARTESIAN_POINT('',(243.,271.,136.));
#7840 = GEOMETRIC_CURVE_SET('',(#7841));
#7841 = TRIMMED_CURVE('',#7842,(#7846,PARAMETER_VALUE(0.)),(#7847,
    PARAMETER_VALUE(13.)),.T.,.PARAMETER.);
#7842 = LINE('',#7843,#7844);
#7843 = CARTESIAN_POINT('',(230.,253.,136.));
#7844 = VECTOR('',#7845,1.);
#7845 = DIRECTION('',(1.,0.,0.));
#7846 = CARTESIAN_POINT('',(230.,253.,136.));
#7847 = CARTESIAN_POINT('',(243.,253.,136.));
#7848 = GEOMETRIC_CURVE_SET('',(#7849));
#7849 = TRIMMED_CURVE('',#7850,(#7854,PARAMETER_VALUE(0.)),(#7855,
    PARAMETER_VALUE(13.)),.T.,.PARAMETER.);
#7850 = LINE('',#7851,#7852);
#7851 = CARTESIAN_POINT('',(230.,253.,144.));
#7852 = VECTOR('',#7853,1.);
#7853 = DIRECTION('',(1.,0.,0.));
#7854 = CARTESIAN_POINT('',(230.,253.,144.));
#7855 = CARTESIAN_POINT('',(243.,253.,144.));
#7856 = GEOMETRIC_CURVE_SET('',(#7857));
#7857 = TRIMMED_CURVE('',#7858,(#7862,PARAMETER_VALUE(0.)),(#7863,
    PARAMETER_VALUE(13.)),.T.,.PARAMETER.);
#7858 = LINE('',#7859,#7860);
#7859 = CARTESIAN_POINT('',(230.,271.,136.));
#7860 = VECTOR('',#7861,1.);
#7861 = DIRECTION('',(1.,0.,0.));
#7862 = CARTESIAN_POINT('',(230.,271.,136.));
#7863 = CARTESIAN_POINT('',(243.,271.,136.));
#7864 = GEOMETRIC_CURVE_SET('',(#7865));
#7865 = TRIMMED_CURVE('',#7866,(#7870,PARAMETER_VALUE(0.)),(#7871,
    PARAMETER_VALUE(13.)),.T.,.PARAMETER.);
#7866 = LINE('',#7867,#7868);
#7867 = CARTESIAN_POINT('',(230.,271.,144.));
#7868 = VECTOR('',#7869,1.);
#7869 = DIRECTION('',(1.,0.,0.));
#7870 = CARTESIAN_POINT('',(230.,271.,144.));
#7871 = CARTESIAN_POINT('',(243.,271.,144.));
#7872 = ( GEOMETRIC_REPRESENTATION_CONTEXT(3) 
GLOBAL_UNCERTAINTY_ASSIGNED_CONTEXT((#7876)) 
GLOBAL_UNIT_ASSIGNED_CONTEXT((#7873,#7874,#7875)) REPRESENTATION_CONTEXT
('Context #1','3D Context with UNIT and UNCERTAINTY') );
#7873 = ( LENGTH_UNIT() NAMED_UNIT(*) SI_UNIT(.MILLI.,.METRE.) );
#7874 = ( NAMED_UNIT(*) PLANE_ANGLE_UNIT() SI_UNIT($,.RADIAN.) );
#7875 = ( NAMED_UNIT(*) SI_UNIT($,.STERADIAN.) SOLID_ANGLE_UNIT() );
#7876 = UNCERTAINTY_MEASURE_WITH_UNIT(LENGTH_MEASURE(1.E-07),#7873,
  'distance_accuracy_value','confusion accuracy');
#7877 = PRODUCT_RELATED_PRODUCT_CATEGORY('part',$,(#7));
ENDSEC;
END-ISO-10303-21;
