ISO-10303-21;
HEADER;
FILE_DESCRIPTION(('FreeCAD Model'),'2;1');
FILE_NAME('Open CASCADE Shape Model','2026-09-14T00:42:45',('FreeCAD'),(
    'FreeCAD'),'Open CASCADE STEP processor 7.8','FreeCAD','Unknown');
FILE_SCHEMA(('AUTOMOTIVE_DESIGN { 1 0 10303 214 1 1 1 1 }'));
ENDSEC;
DATA;
#1 = APPLICATION_PROTOCOL_DEFINITION('international standard',
  'automotive_design',2000,#2);
#2 = APPLICATION_CONTEXT(
  'core data for automotive mechanical design processes');
#3 = SHAPE_DEFINITION_REPRESENTATION(#4,#10);
#4 = PRODUCT_DEFINITION_SHAPE('','',#5);
#5 = PRODUCT_DEFINITION('design','',#6,#9);
#6 = PRODUCT_DEFINITION_FORMATION('','',#7);
#7 = PRODUCT('Open CASCADE STEP translator 7.8 5',
  'Open CASCADE STEP translator 7.8 5','',(#8));
#8 = PRODUCT_CONTEXT('',#2,'mechanical');
#9 = PRODUCT_DEFINITION_CONTEXT('part definition',#2,'design');
#10 = SHAPE_REPRESENTATION('',(#11,#15,#204,#393,#543,#732,#921,#1071,
    #1221,#1371,#1521,#1671,#1821,#1971,#2121,#2310,#2460,#2513,#2566,
    #2619,#2711,#2803,#2856,#2909,#2962,#3054,#3146,#3154,#3162,#3170,
    #3178,#3186,#3194,#3202,#3210,#3218,#3226,#3234,#3242,#3250,#3258,
    #3266,#3274,#3282,#3290,#3298,#3306,#3314,#3322,#3330,#3338,#3346,
    #3354,#3362,#3370,#3378,#3386,#3394,#3402,#3410,#3418,#3426,#3434,
    #3442,#3450,#3458,#3466,#3474,#3482,#3490,#3498,#3506,#3514,#3522,
    #3530,#3538,#3546,#3554,#3562,#3570,#3578,#3586,#3594,#3602,#3610,
    #3618,#3626,#3634,#3642,#3650,#3658,#3666,#3674,#3682,#3690,#3698,
    #3706,#3714,#3722,#3730,#3738,#3746,#3754,#3762,#3770,#3778,#3786,
    #3794,#3802,#3810,#3818,#3826,#3834,#3842,#3850,#3858,#3866,#3874,
    #3882,#3890,#3898,#3906,#3914,#3922,#3930,#3938,#3946,#3954,#3962,
    #3970,#3978,#3986,#3994,#4002,#4010,#4018,#4026,#4034,#4042,#4050,
    #4058,#4066,#4074,#4082,#4090,#4098,#4106,#4114,#4122,#4130,#4138,
    #4146,#4154,#4162,#4170,#4178,#4186,#4194,#4202,#4210,#4218,#4226,
    #4234,#4242,#4250,#4258,#4266,#4274,#4282,#4290,#4298,#4306,#4314,
    #4322,#4330,#4338,#4346,#4354,#4362,#4370,#4378,#4386,#4394,#4402,
    #4410,#4418,#4426,#4434,#4442,#4450,#4458,#4466,#4474,#4482,#4490,
    #4498,#4506,#4514,#4522,#4530,#4538,#4546,#4554,#4562,#4570,#4578,
    #4586,#4594,#4602,#4610,#4618,#4626,#4634,#4642,#4650,#4658,#4666,
    #4674,#4682,#4690,#4698,#4706,#4714,#4722,#4730,#4738,#4746,#4754,
    #4762,#4770,#4778,#4786,#4794,#4802,#4810,#4818,#4826,#4834,#4842,
    #4850,#4858,#4866,#4874,#4882,#4890,#4898,#4906,#4914,#4922,#4930,
    #4938,#4946,#4954,#4962,#4970,#4978,#4986,#4994,#5002,#5010,#5018,
    #5026,#5034,#5042,#5050,#5058,#5066,#5074,#5082,#5090,#5098,#5106,
    #5114,#5122,#5130,#5138,#5146,#5154,#5162,#5170,#5178,#5186,#5194,
    #5202,#5210,#5218,#5226,#5234,#5242,#5250,#5258,#5266,#5274,#5282,
    #5290,#5298,#5306,#5314,#5322,#5330,#5338,#5346,#5354,#5362,#5370,
    #5378,#5386,#5394,#5402,#5410,#5418,#5426,#5434,#5442,#5450,#5458,
    #5466,#5474,#5482,#5490,#5498,#5506,#5514,#5522,#5530,#5538,#5546,
    #5554,#5562,#5570,#5578,#5586,#5594,#5602,#5610,#5618,#5626,#5634,
    #5642,#5650,#5658,#5666,#5674,#5682,#5690,#5698,#5706,#5714,#5722,
    #5730,#5738,#5746,#5754,#5762,#5770,#5778,#5786,#5794,#5802,#5810,
    #5818,#5826,#5834,#5842,#5850,#5858,#5866,#5874,#5882,#5890,#5898,
    #5906,#5914,#5922,#5930,#5938,#5946,#5954,#5962,#5970,#5978,#5986,
    #5994,#6002,#6010,#6018,#6026,#6034,#6042,#6050,#6058,#6066,#6074,
    #6082,#6090,#6098,#6106,#6114,#6122,#6130,#6138,#6146,#6154,#6162,
    #6170,#6178,#6186,#6194,#6202,#6210,#6218,#6226,#6234,#6242,#6250,
    #6258,#6266,#6274,#6282,#6290,#6298,#6306,#6314,#6322,#6330,#6338,
    #6346,#6354,#6362,#6370,#6378,#6386,#6394,#6402,#6410,#6418,#6426,
    #6434,#6442,#6450,#6458,#6466,#6474,#6482,#6490,#6498,#6506,#6514,
    #6522,#6530,#6538,#6546,#6554,#6562,#6570,#6578,#6586,#6594,#6602,
    #6610,#6618,#6626,#6634,#6642,#6650,#6658,#6666,#6674,#6682,#6690,
    #6698,#6706,#6714,#6722,#6730,#6738,#6746,#6754,#6762,#6770,#6778,
    #6786,#6794,#6802,#6810,#6818,#6826,#6834,#6842,#6850,#6858,#6866,
    #6874,#6882,#6890,#6898,#6906,#6914,#6922,#6930,#6938,#6946,#6954,
    #6962,#6970,#6978,#6986,#6994,#7002,#7010,#7018,#7026,#7034,#7042,
    #7050,#7058,#7066,#7074,#7082,#7090,#7098,#7106,#7114,#7122,#7130,
    #7138,#7146,#7154,#7162,#7170,#7178,#7186,#7194,#7202,#7210,#7218,
    #7226,#7234,#7242,#7250,#7258,#7266,#7274,#7282,#7290,#7298,#7306,
    #7314,#7322,#7330,#7338,#7346,#7354,#7362,#7370,#7378,#7386,#7394,
    #7402,#7410,#7418,#7426,#7434,#7442,#7450,#7458,#7466,#7474,#7482,
    #7490,#7498,#7506,#7514,#7522,#7530,#7538,#7546,#7554,#7562,#7570,
    #7578,#7586,#7594,#7602,#7610,#7618,#7626,#7634,#7642,#7650,#7658,
    #7666,#7674,#7682,#7690,#7698,#7706,#7714,#7722,#7730,#7738,#7746,
    #7754,#7762,#7770,#7778,#7786,#7794,#7802,#7810,#7818,#7826,#7834,
    #7842,#7850,#7858,#7866,#7874,#7882,#7890,#7898,#7906,#7914,#7922,
    #7930,#7938,#7946,#7954,#7962,#7970,#7978,#7986,#7994,#8002,#8010,
    #8018,#8026,#8034,#8042,#8050,#8058,#8066,#8074,#8082,#8090,#8098,
    #8106,#8114,#8122,#8130,#8138,#8146,#8154,#8162,#8170,#8178,#8186,
    #8194,#8202,#8210,#8218,#8226,#8234,#8242,#8250,#8258,#8266,#8274,
    #8282,#8290,#8298,#8306,#8314,#8322,#8330,#8338,#8346,#8354,#8362,
    #8370,#8378,#8386,#8394,#8402,#8410,#8418,#8426,#8434,#8442,#8450,
    #8458,#8466,#8474,#8482,#8490,#8498,#8506,#8514,#8522,#8530,#8538,
    #8546,#8554,#8562,#8570,#8578,#8586,#8594,#8602,#8610,#8618,#8626,
    #8634,#8642,#8650,#8658,#8666,#8674,#8682,#8690,#8698,#8706,#8714,
    #8722,#8730,#8738,#8746,#8754,#8762,#8770,#8778,#8786,#8794,#8802,
    #8810,#8818,#8826,#8834,#8842,#8850,#8858,#8866,#8874,#8882,#8890,
    #8898,#8906,#8914,#8922,#8930,#8938,#8946,#8954,#8962,#8970,#8978,
    #8986,#8994,#9002,#9010,#9018,#9026,#9034,#9042,#9050,#9058,#9066,
    #9074,#9082,#9090,#9098,#9106,#9114,#9122,#9130,#9138,#9146,#9154,
    #9162,#9170,#9178,#9186,#9194,#9202,#9210,#9218,#9226,#9234,#9242,
    #9250,#9258,#9266,#9274,#9282,#9290,#9298,#9306,#9314,#9322,#9330,
    #9338,#9346,#9354,#9362,#9370,#9378,#9386,#9394,#9402,#9410,#9418,
    #9426,#9434,#9442,#9450,#9458,#9466,#9474,#9482,#9490,#9498,#9506,
    #9514,#9522,#9530,#9538,#9546,#9554,#9562,#9570,#9578,#9586,#9594,
    #9602,#9610,#9618,#9626,#9634,#9642,#9650,#9658,#9666,#9674,#9682,
    #9690,#9698,#9706,#9714,#9722,#9730,#9738,#9746,#9754,#9762,#9770,
    #9778,#9786,#9794,#9802,#9810,#9818,#9826,#9834,#9842,#9850,#9858,
    #9866,#9874,#9882,#9890,#9898,#9906,#9914,#9922,#9930,#9938,#9946,
    #9954,#9962,#9970,#9978,#9986,#9994,#10002,#10010,#10018,#10026,
    #10034,#10042,#10050,#10058,#10066,#10074,#10082,#10090,#10098,
    #10106,#10114,#10122,#10130,#10138,#10146,#10154,#10162,#10170,
    #10178,#10186,#10194,#10202,#10210,#10218,#10226,#10234,#10242,
    #10250,#10258,#10266,#10274,#10282,#10290,#10298,#10306,#10314,
    #10322,#10330,#10338,#10346,#10354,#10362,#10370,#10378,#10386,
    #10394,#10402,#10410,#10418,#10426,#10434,#10442,#10450,#10458,
    #10466,#10474,#10482,#10490,#10498,#10506,#10514,#10522,#10530,
    #10538,#10546,#10554,#10562,#10570,#10578,#10586,#10594,#10602,
    #10610,#10618,#10626,#10634,#10642,#10650,#10658,#10666,#10674,
    #10682,#10690,#10698,#10706,#10714,#10722,#10730,#10738,#10746,
    #10754,#10762,#10770,#10778,#10786,#10794,#10802,#10810,#10818,
    #10826,#10834,#10842,#10850,#10858,#10866,#10874,#10882,#10890,
    #10898,#10906,#10914,#10922,#10930,#10938,#10946,#10954,#10962,
    #10970,#10978,#10986,#10994,#11002,#11010,#11018,#11026,#11034,
    #11042,#11050,#11058,#11066,#11074,#11082,#11090,#11098,#11106,
    #11114,#11122,#11130,#11138,#11146,#11154,#11162,#11170,#11178,
    #11186,#11194,#11202,#11210,#11218,#11226,#11234,#11242,#11250,
    #11258,#11266,#11274,#11282,#11290,#11298,#11306,#11314,#11322,
    #11330,#11338,#11346,#11354,#11362,#11370,#11378,#11386,#11394,
    #11402,#11410,#11418,#11426,#11434,#11442,#11450,#11458,#11466,
    #11474,#11482,#11490,#11498,#11506,#11514,#11522,#11530,#11538,
    #11546,#11554,#11562,#11570,#11578,#11586,#11594,#11602,#11610,
    #11618,#11626,#11634,#11642,#11650,#11658,#11666,#11674,#11682,
    #11690,#11698,#11706,#11714,#11722,#11730,#11738,#11746,#11754,
    #11762,#11770,#11778,#11786,#11794,#11802,#11810,#11818,#11826,
    #11834,#11842,#11850,#11858,#11866,#11874,#11882,#11890,#11898,
    #11906,#11914,#11922,#11930,#11938,#11946,#11954,#11962,#11970,
    #11978,#11986,#11994,#12002,#12010,#12018,#12026,#12034,#12042,
    #12050,#12058,#12066,#12074,#12082,#12090,#12098,#12106,#12114,
    #12122,#12130,#12138,#12146,#12154,#12162,#12170,#12178,#12187,
    #12195,#12204,#12212,#12221,#12229,#12238,#12247,#12255,#12264,
    #12273,#12281),#12290);
#11 = AXIS2_PLACEMENT_3D('',#12,#13,#14);
#12 = CARTESIAN_POINT('',(0.,0.,0.));
#13 = DIRECTION('',(0.,0.,1.));
#14 = DIRECTION('',(1.,0.,-0.));
#15 = MANIFOLD_SOLID_BREP('',#16);
#16 = CLOSED_SHELL('',(#17,#68,#99,#123,#147,#164,#189));
#17 = ADVANCED_FACE('',(#18,#52),#63,.F.);
#18 = FACE_BOUND('',#19,.F.);
#19 = EDGE_LOOP('',(#20,#30,#38,#46));
#20 = ORIENTED_EDGE('',*,*,#21,.F.);
#21 = EDGE_CURVE('',#22,#24,#26,.T.);
#22 = VERTEX_POINT('',#23);
#23 = CARTESIAN_POINT('',(26.,132.,26.));
#24 = VERTEX_POINT('',#25);
#25 = CARTESIAN_POINT('',(26.,132.,62.));
#26 = LINE('',#27,#28);
#27 = CARTESIAN_POINT('',(26.,132.,26.));
#28 = VECTOR('',#29,1.);
#29 = DIRECTION('',(0.,0.,1.));
#30 = ORIENTED_EDGE('',*,*,#31,.T.);
#31 = EDGE_CURVE('',#22,#32,#34,.T.);
#32 = VERTEX_POINT('',#33);
#33 = CARTESIAN_POINT('',(26.,154.,26.));
#34 = LINE('',#35,#36);
#35 = CARTESIAN_POINT('',(26.,132.,26.));
#36 = VECTOR('',#37,1.);
#37 = DIRECTION('',(0.,1.,0.));
#38 = ORIENTED_EDGE('',*,*,#39,.T.);
#39 = EDGE_CURVE('',#32,#40,#42,.T.);
#40 = VERTEX_POINT('',#41);
#41 = CARTESIAN_POINT('',(26.,154.,62.));
#42 = LINE('',#43,#44);
#43 = CARTESIAN_POINT('',(26.,154.,26.));
#44 = VECTOR('',#45,1.);
#45 = DIRECTION('',(0.,0.,1.));
#46 = ORIENTED_EDGE('',*,*,#47,.F.);
#47 = EDGE_CURVE('',#24,#40,#48,.T.);
#48 = LINE('',#49,#50);
#49 = CARTESIAN_POINT('',(26.,132.,62.));
#50 = VECTOR('',#51,1.);
#51 = DIRECTION('',(0.,1.,0.));
#52 = FACE_BOUND('',#53,.F.);
#53 = EDGE_LOOP('',(#54));
#54 = ORIENTED_EDGE('',*,*,#55,.F.);
#55 = EDGE_CURVE('',#56,#56,#58,.T.);
#56 = VERTEX_POINT('',#57);
#57 = CARTESIAN_POINT('',(26.,145.,39.1));
#58 = CIRCLE('',#59,3.1);
#59 = AXIS2_PLACEMENT_3D('',#60,#61,#62);
#60 = CARTESIAN_POINT('',(26.,145.,36.));
#61 = DIRECTION('',(1.,0.,-0.));
#62 = DIRECTION('',(0.,0.,1.));
#63 = PLANE('',#64);
#64 = AXIS2_PLACEMENT_3D('',#65,#66,#67);
#65 = CARTESIAN_POINT('',(26.,132.,26.));
#66 = DIRECTION('',(1.,0.,0.));
#67 = DIRECTION('',(0.,0.,1.));
#68 = ADVANCED_FACE('',(#69),#94,.F.);
#69 = FACE_BOUND('',#70,.F.);
#70 = EDGE_LOOP('',(#71,#79,#80,#88));
#71 = ORIENTED_EDGE('',*,*,#72,.F.);
#72 = EDGE_CURVE('',#22,#73,#75,.T.);
#73 = VERTEX_POINT('',#74);
#74 = CARTESIAN_POINT('',(29.,132.,26.));
#75 = LINE('',#76,#77);
#76 = CARTESIAN_POINT('',(26.,132.,26.));
#77 = VECTOR('',#78,1.);
#78 = DIRECTION('',(1.,0.,0.));
#79 = ORIENTED_EDGE('',*,*,#21,.T.);
#80 = ORIENTED_EDGE('',*,*,#81,.T.);
#81 = EDGE_CURVE('',#24,#82,#84,.T.);
#82 = VERTEX_POINT('',#83);
#83 = CARTESIAN_POINT('',(29.,132.,62.));
#84 = LINE('',#85,#86);
#85 = CARTESIAN_POINT('',(26.,132.,62.));
#86 = VECTOR('',#87,1.);
#87 = DIRECTION('',(1.,0.,0.));
#88 = ORIENTED_EDGE('',*,*,#89,.F.);
#89 = EDGE_CURVE('',#73,#82,#90,.T.);
#90 = LINE('',#91,#92);
#91 = CARTESIAN_POINT('',(29.,132.,26.));
#92 = VECTOR('',#93,1.);
#93 = DIRECTION('',(0.,0.,1.));
#94 = PLANE('',#95);
#95 = AXIS2_PLACEMENT_3D('',#96,#97,#98);
#96 = CARTESIAN_POINT('',(26.,132.,26.));
#97 = DIRECTION('',(0.,1.,0.));
#98 = DIRECTION('',(0.,0.,1.));
#99 = ADVANCED_FACE('',(#100),#118,.T.);
#100 = FACE_BOUND('',#101,.T.);
#101 = EDGE_LOOP('',(#102,#103,#104,#112));
#102 = ORIENTED_EDGE('',*,*,#47,.F.);
#103 = ORIENTED_EDGE('',*,*,#81,.T.);
#104 = ORIENTED_EDGE('',*,*,#105,.T.);
#105 = EDGE_CURVE('',#82,#106,#108,.T.);
#106 = VERTEX_POINT('',#107);
#107 = CARTESIAN_POINT('',(29.,154.,62.));
#108 = LINE('',#109,#110);
#109 = CARTESIAN_POINT('',(29.,132.,62.));
#110 = VECTOR('',#111,1.);
#111 = DIRECTION('',(0.,1.,0.));
#112 = ORIENTED_EDGE('',*,*,#113,.F.);
#113 = EDGE_CURVE('',#40,#106,#114,.T.);
#114 = LINE('',#115,#116);
#115 = CARTESIAN_POINT('',(26.,154.,62.));
#116 = VECTOR('',#117,1.);
#117 = DIRECTION('',(1.,0.,0.));
#118 = PLANE('',#119);
#119 = AXIS2_PLACEMENT_3D('',#120,#121,#122);
#120 = CARTESIAN_POINT('',(26.,132.,62.));
#121 = DIRECTION('',(0.,0.,1.));
#122 = DIRECTION('',(1.,0.,0.));
#123 = ADVANCED_FACE('',(#124),#142,.F.);
#124 = FACE_BOUND('',#125,.F.);
#125 = EDGE_LOOP('',(#126,#127,#128,#136));
#126 = ORIENTED_EDGE('',*,*,#31,.F.);
#127 = ORIENTED_EDGE('',*,*,#72,.T.);
#128 = ORIENTED_EDGE('',*,*,#129,.T.);
#129 = EDGE_CURVE('',#73,#130,#132,.T.);
#130 = VERTEX_POINT('',#131);
#131 = CARTESIAN_POINT('',(29.,154.,26.));
#132 = LINE('',#133,#134);
#133 = CARTESIAN_POINT('',(29.,132.,26.));
#134 = VECTOR('',#135,1.);
#135 = DIRECTION('',(0.,1.,0.));
#136 = ORIENTED_EDGE('',*,*,#137,.F.);
#137 = EDGE_CURVE('',#32,#130,#138,.T.);
#138 = LINE('',#139,#140);
#139 = CARTESIAN_POINT('',(26.,154.,26.));
#140 = VECTOR('',#141,1.);
#141 = DIRECTION('',(1.,0.,0.));
#142 = PLANE('',#143);
#143 = AXIS2_PLACEMENT_3D('',#144,#145,#146);
#144 = CARTESIAN_POINT('',(26.,132.,26.));
#145 = DIRECTION('',(0.,0.,1.));
#146 = DIRECTION('',(1.,0.,0.));
#147 = ADVANCED_FACE('',(#148),#159,.T.);
#148 = FACE_BOUND('',#149,.T.);
#149 = EDGE_LOOP('',(#150,#151,#152,#153));
#150 = ORIENTED_EDGE('',*,*,#137,.F.);
#151 = ORIENTED_EDGE('',*,*,#39,.T.);
#152 = ORIENTED_EDGE('',*,*,#113,.T.);
#153 = ORIENTED_EDGE('',*,*,#154,.F.);
#154 = EDGE_CURVE('',#130,#106,#155,.T.);
#155 = LINE('',#156,#157);
#156 = CARTESIAN_POINT('',(29.,154.,26.));
#157 = VECTOR('',#158,1.);
#158 = DIRECTION('',(0.,0.,1.));
#159 = PLANE('',#160);
#160 = AXIS2_PLACEMENT_3D('',#161,#162,#163);
#161 = CARTESIAN_POINT('',(26.,154.,26.));
#162 = DIRECTION('',(0.,1.,0.));
#163 = DIRECTION('',(0.,0.,1.));
#164 = ADVANCED_FACE('',(#165),#184,.F.);
#165 = FACE_BOUND('',#166,.F.);
#166 = EDGE_LOOP('',(#167,#176,#182,#183));
#167 = ORIENTED_EDGE('',*,*,#168,.F.);
#168 = EDGE_CURVE('',#169,#169,#171,.T.);
#169 = VERTEX_POINT('',#170);
#170 = CARTESIAN_POINT('',(29.,145.,39.1));
#171 = CIRCLE('',#172,3.1);
#172 = AXIS2_PLACEMENT_3D('',#173,#174,#175);
#173 = CARTESIAN_POINT('',(29.,145.,36.));
#174 = DIRECTION('',(1.,0.,-0.));
#175 = DIRECTION('',(0.,0.,1.));
#176 = ORIENTED_EDGE('',*,*,#177,.F.);
#177 = EDGE_CURVE('',#56,#169,#178,.T.);
#178 = LINE('',#179,#180);
#179 = CARTESIAN_POINT('',(25.,145.,39.1));
#180 = VECTOR('',#181,1.);
#181 = DIRECTION('',(1.,0.,0.));
#182 = ORIENTED_EDGE('',*,*,#55,.T.);
#183 = ORIENTED_EDGE('',*,*,#177,.T.);
#184 = CYLINDRICAL_SURFACE('',#185,3.1);
#185 = AXIS2_PLACEMENT_3D('',#186,#187,#188);
#186 = CARTESIAN_POINT('',(25.,145.,36.));
#187 = DIRECTION('',(1.,0.,0.));
#188 = DIRECTION('',(0.,0.,1.));
#189 = ADVANCED_FACE('',(#190,#196),#199,.T.);
#190 = FACE_BOUND('',#191,.T.);
#191 = EDGE_LOOP('',(#192,#193,#194,#195));
#192 = ORIENTED_EDGE('',*,*,#89,.F.);
#193 = ORIENTED_EDGE('',*,*,#129,.T.);
#194 = ORIENTED_EDGE('',*,*,#154,.T.);
#195 = ORIENTED_EDGE('',*,*,#105,.F.);
#196 = FACE_BOUND('',#197,.T.);
#197 = EDGE_LOOP('',(#198));
#198 = ORIENTED_EDGE('',*,*,#168,.F.);
#199 = PLANE('',#200);
#200 = AXIS2_PLACEMENT_3D('',#201,#202,#203);
#201 = CARTESIAN_POINT('',(29.,132.,26.));
#202 = DIRECTION('',(1.,0.,0.));
#203 = DIRECTION('',(0.,0.,1.));
#204 = MANIFOLD_SOLID_BREP('',#205);
#205 = CLOSED_SHELL('',(#206,#257,#288,#312,#336,#353,#378));
#206 = ADVANCED_FACE('',(#207,#241),#252,.F.);
#207 = FACE_BOUND('',#208,.F.);
#208 = EDGE_LOOP('',(#209,#219,#227,#235));
#209 = ORIENTED_EDGE('',*,*,#210,.F.);
#210 = EDGE_CURVE('',#211,#213,#215,.T.);
#211 = VERTEX_POINT('',#212);
#212 = CARTESIAN_POINT('',(103.,132.,26.));
#213 = VERTEX_POINT('',#214);
#214 = CARTESIAN_POINT('',(103.,132.,62.));
#215 = LINE('',#216,#217);
#216 = CARTESIAN_POINT('',(103.,132.,26.));
#217 = VECTOR('',#218,1.);
#218 = DIRECTION('',(0.,0.,1.));
#219 = ORIENTED_EDGE('',*,*,#220,.T.);
#220 = EDGE_CURVE('',#211,#221,#223,.T.);
#221 = VERTEX_POINT('',#222);
#222 = CARTESIAN_POINT('',(103.,154.,26.));
#223 = LINE('',#224,#225);
#224 = CARTESIAN_POINT('',(103.,132.,26.));
#225 = VECTOR('',#226,1.);
#226 = DIRECTION('',(0.,1.,0.));
#227 = ORIENTED_EDGE('',*,*,#228,.T.);
#228 = EDGE_CURVE('',#221,#229,#231,.T.);
#229 = VERTEX_POINT('',#230);
#230 = CARTESIAN_POINT('',(103.,154.,62.));
#231 = LINE('',#232,#233);
#232 = CARTESIAN_POINT('',(103.,154.,26.));
#233 = VECTOR('',#234,1.);
#234 = DIRECTION('',(0.,0.,1.));
#235 = ORIENTED_EDGE('',*,*,#236,.F.);
#236 = EDGE_CURVE('',#213,#229,#237,.T.);
#237 = LINE('',#238,#239);
#238 = CARTESIAN_POINT('',(103.,132.,62.));
#239 = VECTOR('',#240,1.);
#240 = DIRECTION('',(0.,1.,0.));
#241 = FACE_BOUND('',#242,.F.);
#242 = EDGE_LOOP('',(#243));
#243 = ORIENTED_EDGE('',*,*,#244,.F.);
#244 = EDGE_CURVE('',#245,#245,#247,.T.);
#245 = VERTEX_POINT('',#246);
#246 = CARTESIAN_POINT('',(103.,145.,39.1));
#247 = CIRCLE('',#248,3.1);
#248 = AXIS2_PLACEMENT_3D('',#249,#250,#251);
#249 = CARTESIAN_POINT('',(103.,145.,36.));
#250 = DIRECTION('',(1.,0.,-0.));
#251 = DIRECTION('',(0.,0.,1.));
#252 = PLANE('',#253);
#253 = AXIS2_PLACEMENT_3D('',#254,#255,#256);
#254 = CARTESIAN_POINT('',(103.,132.,26.));
#255 = DIRECTION('',(1.,0.,0.));
#256 = DIRECTION('',(0.,0.,1.));
#257 = ADVANCED_FACE('',(#258),#283,.F.);
#258 = FACE_BOUND('',#259,.F.);
#259 = EDGE_LOOP('',(#260,#268,#269,#277));
#260 = ORIENTED_EDGE('',*,*,#261,.F.);
#261 = EDGE_CURVE('',#211,#262,#264,.T.);
#262 = VERTEX_POINT('',#263);
#263 = CARTESIAN_POINT('',(106.,132.,26.));
#264 = LINE('',#265,#266);
#265 = CARTESIAN_POINT('',(103.,132.,26.));
#266 = VECTOR('',#267,1.);
#267 = DIRECTION('',(1.,0.,0.));
#268 = ORIENTED_EDGE('',*,*,#210,.T.);
#269 = ORIENTED_EDGE('',*,*,#270,.T.);
#270 = EDGE_CURVE('',#213,#271,#273,.T.);
#271 = VERTEX_POINT('',#272);
#272 = CARTESIAN_POINT('',(106.,132.,62.));
#273 = LINE('',#274,#275);
#274 = CARTESIAN_POINT('',(103.,132.,62.));
#275 = VECTOR('',#276,1.);
#276 = DIRECTION('',(1.,0.,0.));
#277 = ORIENTED_EDGE('',*,*,#278,.F.);
#278 = EDGE_CURVE('',#262,#271,#279,.T.);
#279 = LINE('',#280,#281);
#280 = CARTESIAN_POINT('',(106.,132.,26.));
#281 = VECTOR('',#282,1.);
#282 = DIRECTION('',(0.,0.,1.));
#283 = PLANE('',#284);
#284 = AXIS2_PLACEMENT_3D('',#285,#286,#287);
#285 = CARTESIAN_POINT('',(103.,132.,26.));
#286 = DIRECTION('',(0.,1.,0.));
#287 = DIRECTION('',(0.,0.,1.));
#288 = ADVANCED_FACE('',(#289),#307,.T.);
#289 = FACE_BOUND('',#290,.T.);
#290 = EDGE_LOOP('',(#291,#292,#293,#301));
#291 = ORIENTED_EDGE('',*,*,#236,.F.);
#292 = ORIENTED_EDGE('',*,*,#270,.T.);
#293 = ORIENTED_EDGE('',*,*,#294,.T.);
#294 = EDGE_CURVE('',#271,#295,#297,.T.);
#295 = VERTEX_POINT('',#296);
#296 = CARTESIAN_POINT('',(106.,154.,62.));
#297 = LINE('',#298,#299);
#298 = CARTESIAN_POINT('',(106.,132.,62.));
#299 = VECTOR('',#300,1.);
#300 = DIRECTION('',(0.,1.,0.));
#301 = ORIENTED_EDGE('',*,*,#302,.F.);
#302 = EDGE_CURVE('',#229,#295,#303,.T.);
#303 = LINE('',#304,#305);
#304 = CARTESIAN_POINT('',(103.,154.,62.));
#305 = VECTOR('',#306,1.);
#306 = DIRECTION('',(1.,0.,0.));
#307 = PLANE('',#308);
#308 = AXIS2_PLACEMENT_3D('',#309,#310,#311);
#309 = CARTESIAN_POINT('',(103.,132.,62.));
#310 = DIRECTION('',(0.,0.,1.));
#311 = DIRECTION('',(1.,0.,0.));
#312 = ADVANCED_FACE('',(#313),#331,.F.);
#313 = FACE_BOUND('',#314,.F.);
#314 = EDGE_LOOP('',(#315,#316,#317,#325));
#315 = ORIENTED_EDGE('',*,*,#220,.F.);
#316 = ORIENTED_EDGE('',*,*,#261,.T.);
#317 = ORIENTED_EDGE('',*,*,#318,.T.);
#318 = EDGE_CURVE('',#262,#319,#321,.T.);
#319 = VERTEX_POINT('',#320);
#320 = CARTESIAN_POINT('',(106.,154.,26.));
#321 = LINE('',#322,#323);
#322 = CARTESIAN_POINT('',(106.,132.,26.));
#323 = VECTOR('',#324,1.);
#324 = DIRECTION('',(0.,1.,0.));
#325 = ORIENTED_EDGE('',*,*,#326,.F.);
#326 = EDGE_CURVE('',#221,#319,#327,.T.);
#327 = LINE('',#328,#329);
#328 = CARTESIAN_POINT('',(103.,154.,26.));
#329 = VECTOR('',#330,1.);
#330 = DIRECTION('',(1.,0.,0.));
#331 = PLANE('',#332);
#332 = AXIS2_PLACEMENT_3D('',#333,#334,#335);
#333 = CARTESIAN_POINT('',(103.,132.,26.));
#334 = DIRECTION('',(0.,0.,1.));
#335 = DIRECTION('',(1.,0.,0.));
#336 = ADVANCED_FACE('',(#337),#348,.T.);
#337 = FACE_BOUND('',#338,.T.);
#338 = EDGE_LOOP('',(#339,#340,#341,#342));
#339 = ORIENTED_EDGE('',*,*,#326,.F.);
#340 = ORIENTED_EDGE('',*,*,#228,.T.);
#341 = ORIENTED_EDGE('',*,*,#302,.T.);
#342 = ORIENTED_EDGE('',*,*,#343,.F.);
#343 = EDGE_CURVE('',#319,#295,#344,.T.);
#344 = LINE('',#345,#346);
#345 = CARTESIAN_POINT('',(106.,154.,26.));
#346 = VECTOR('',#347,1.);
#347 = DIRECTION('',(0.,0.,1.));
#348 = PLANE('',#349);
#349 = AXIS2_PLACEMENT_3D('',#350,#351,#352);
#350 = CARTESIAN_POINT('',(103.,154.,26.));
#351 = DIRECTION('',(0.,1.,0.));
#352 = DIRECTION('',(0.,0.,1.));
#353 = ADVANCED_FACE('',(#354),#373,.F.);
#354 = FACE_BOUND('',#355,.F.);
#355 = EDGE_LOOP('',(#356,#365,#371,#372));
#356 = ORIENTED_EDGE('',*,*,#357,.F.);
#357 = EDGE_CURVE('',#358,#358,#360,.T.);
#358 = VERTEX_POINT('',#359);
#359 = CARTESIAN_POINT('',(106.,145.,39.1));
#360 = CIRCLE('',#361,3.1);
#361 = AXIS2_PLACEMENT_3D('',#362,#363,#364);
#362 = CARTESIAN_POINT('',(106.,145.,36.));
#363 = DIRECTION('',(1.,0.,-0.));
#364 = DIRECTION('',(0.,0.,1.));
#365 = ORIENTED_EDGE('',*,*,#366,.F.);
#366 = EDGE_CURVE('',#245,#358,#367,.T.);
#367 = LINE('',#368,#369);
#368 = CARTESIAN_POINT('',(102.,145.,39.1));
#369 = VECTOR('',#370,1.);
#370 = DIRECTION('',(1.,0.,0.));
#371 = ORIENTED_EDGE('',*,*,#244,.T.);
#372 = ORIENTED_EDGE('',*,*,#366,.T.);
#373 = CYLINDRICAL_SURFACE('',#374,3.1);
#374 = AXIS2_PLACEMENT_3D('',#375,#376,#377);
#375 = CARTESIAN_POINT('',(102.,145.,36.));
#376 = DIRECTION('',(1.,0.,0.));
#377 = DIRECTION('',(0.,0.,1.));
#378 = ADVANCED_FACE('',(#379,#385),#388,.T.);
#379 = FACE_BOUND('',#380,.T.);
#380 = EDGE_LOOP('',(#381,#382,#383,#384));
#381 = ORIENTED_EDGE('',*,*,#278,.F.);
#382 = ORIENTED_EDGE('',*,*,#318,.T.);
#383 = ORIENTED_EDGE('',*,*,#343,.T.);
#384 = ORIENTED_EDGE('',*,*,#294,.F.);
#385 = FACE_BOUND('',#386,.T.);
#386 = EDGE_LOOP('',(#387));
#387 = ORIENTED_EDGE('',*,*,#357,.F.);
#388 = PLANE('',#389);
#389 = AXIS2_PLACEMENT_3D('',#390,#391,#392);
#390 = CARTESIAN_POINT('',(106.,132.,26.));
#391 = DIRECTION('',(1.,0.,0.));
#392 = DIRECTION('',(0.,0.,1.));
#393 = MANIFOLD_SOLID_BREP('',#394);
#394 = CLOSED_SHELL('',(#395,#435,#475,#497,#519,#531));
#395 = ADVANCED_FACE('',(#396),#430,.F.);
#396 = FACE_BOUND('',#397,.F.);
#397 = EDGE_LOOP('',(#398,#408,#416,#424));
#398 = ORIENTED_EDGE('',*,*,#399,.F.);
#399 = EDGE_CURVE('',#400,#402,#404,.T.);
#400 = VERTEX_POINT('',#401);
#401 = CARTESIAN_POINT('',(26.,109.,62.));
#402 = VERTEX_POINT('',#403);
#403 = CARTESIAN_POINT('',(26.,109.,65.));
#404 = LINE('',#405,#406);
#405 = CARTESIAN_POINT('',(26.,109.,62.));
#406 = VECTOR('',#407,1.);
#407 = DIRECTION('',(0.,0.,1.));
#408 = ORIENTED_EDGE('',*,*,#409,.T.);
#409 = EDGE_CURVE('',#400,#410,#412,.T.);
#410 = VERTEX_POINT('',#411);
#411 = CARTESIAN_POINT('',(26.,154.,62.));
#412 = LINE('',#413,#414);
#413 = CARTESIAN_POINT('',(26.,109.,62.));
#414 = VECTOR('',#415,1.);
#415 = DIRECTION('',(0.,1.,0.));
#416 = ORIENTED_EDGE('',*,*,#417,.T.);
#417 = EDGE_CURVE('',#410,#418,#420,.T.);
#418 = VERTEX_POINT('',#419);
#419 = CARTESIAN_POINT('',(26.,154.,65.));
#420 = LINE('',#421,#422);
#421 = CARTESIAN_POINT('',(26.,154.,62.));
#422 = VECTOR('',#423,1.);
#423 = DIRECTION('',(0.,0.,1.));
#424 = ORIENTED_EDGE('',*,*,#425,.F.);
#425 = EDGE_CURVE('',#402,#418,#426,.T.);
#426 = LINE('',#427,#428);
#427 = CARTESIAN_POINT('',(26.,109.,65.));
#428 = VECTOR('',#429,1.);
#429 = DIRECTION('',(0.,1.,0.));
#430 = PLANE('',#431);
#431 = AXIS2_PLACEMENT_3D('',#432,#433,#434);
#432 = CARTESIAN_POINT('',(26.,109.,62.));
#433 = DIRECTION('',(1.,0.,0.));
#434 = DIRECTION('',(0.,0.,1.));
#435 = ADVANCED_FACE('',(#436),#470,.T.);
#436 = FACE_BOUND('',#437,.T.);
#437 = EDGE_LOOP('',(#438,#448,#456,#464));
#438 = ORIENTED_EDGE('',*,*,#439,.F.);
#439 = EDGE_CURVE('',#440,#442,#444,.T.);
#440 = VERTEX_POINT('',#441);
#441 = CARTESIAN_POINT('',(106.,109.,62.));
#442 = VERTEX_POINT('',#443);
#443 = CARTESIAN_POINT('',(106.,109.,65.));
#444 = LINE('',#445,#446);
#445 = CARTESIAN_POINT('',(106.,109.,62.));
#446 = VECTOR('',#447,1.);
#447 = DIRECTION('',(0.,0.,1.));
#448 = ORIENTED_EDGE('',*,*,#449,.T.);
#449 = EDGE_CURVE('',#440,#450,#452,.T.);
#450 = VERTEX_POINT('',#451);
#451 = CARTESIAN_POINT('',(106.,154.,62.));
#452 = LINE('',#453,#454);
#453 = CARTESIAN_POINT('',(106.,109.,62.));
#454 = VECTOR('',#455,1.);
#455 = DIRECTION('',(0.,1.,0.));
#456 = ORIENTED_EDGE('',*,*,#457,.T.);
#457 = EDGE_CURVE('',#450,#458,#460,.T.);
#458 = VERTEX_POINT('',#459);
#459 = CARTESIAN_POINT('',(106.,154.,65.));
#460 = LINE('',#461,#462);
#461 = CARTESIAN_POINT('',(106.,154.,62.));
#462 = VECTOR('',#463,1.);
#463 = DIRECTION('',(0.,0.,1.));
#464 = ORIENTED_EDGE('',*,*,#465,.F.);
#465 = EDGE_CURVE('',#442,#458,#466,.T.);
#466 = LINE('',#467,#468);
#467 = CARTESIAN_POINT('',(106.,109.,65.));
#468 = VECTOR('',#469,1.);
#469 = DIRECTION('',(0.,1.,0.));
#470 = PLANE('',#471);
#471 = AXIS2_PLACEMENT_3D('',#472,#473,#474);
#472 = CARTESIAN_POINT('',(106.,109.,62.));
#473 = DIRECTION('',(1.,0.,0.));
#474 = DIRECTION('',(0.,0.,1.));
#475 = ADVANCED_FACE('',(#476),#492,.F.);
#476 = FACE_BOUND('',#477,.F.);
#477 = EDGE_LOOP('',(#478,#484,#485,#491));
#478 = ORIENTED_EDGE('',*,*,#479,.F.);
#479 = EDGE_CURVE('',#400,#440,#480,.T.);
#480 = LINE('',#481,#482);
#481 = CARTESIAN_POINT('',(26.,109.,62.));
#482 = VECTOR('',#483,1.);
#483 = DIRECTION('',(1.,0.,0.));
#484 = ORIENTED_EDGE('',*,*,#399,.T.);
#485 = ORIENTED_EDGE('',*,*,#486,.T.);
#486 = EDGE_CURVE('',#402,#442,#487,.T.);
#487 = LINE('',#488,#489);
#488 = CARTESIAN_POINT('',(26.,109.,65.));
#489 = VECTOR('',#490,1.);
#490 = DIRECTION('',(1.,0.,0.));
#491 = ORIENTED_EDGE('',*,*,#439,.F.);
#492 = PLANE('',#493);
#493 = AXIS2_PLACEMENT_3D('',#494,#495,#496);
#494 = CARTESIAN_POINT('',(26.,109.,62.));
#495 = DIRECTION('',(0.,1.,0.));
#496 = DIRECTION('',(0.,0.,1.));
#497 = ADVANCED_FACE('',(#498),#514,.T.);
#498 = FACE_BOUND('',#499,.T.);
#499 = EDGE_LOOP('',(#500,#506,#507,#513));
#500 = ORIENTED_EDGE('',*,*,#501,.F.);
#501 = EDGE_CURVE('',#410,#450,#502,.T.);
#502 = LINE('',#503,#504);
#503 = CARTESIAN_POINT('',(26.,154.,62.));
#504 = VECTOR('',#505,1.);
#505 = DIRECTION('',(1.,0.,0.));
#506 = ORIENTED_EDGE('',*,*,#417,.T.);
#507 = ORIENTED_EDGE('',*,*,#508,.T.);
#508 = EDGE_CURVE('',#418,#458,#509,.T.);
#509 = LINE('',#510,#511);
#510 = CARTESIAN_POINT('',(26.,154.,65.));
#511 = VECTOR('',#512,1.);
#512 = DIRECTION('',(1.,0.,0.));
#513 = ORIENTED_EDGE('',*,*,#457,.F.);
#514 = PLANE('',#515);
#515 = AXIS2_PLACEMENT_3D('',#516,#517,#518);
#516 = CARTESIAN_POINT('',(26.,154.,62.));
#517 = DIRECTION('',(0.,1.,0.));
#518 = DIRECTION('',(0.,0.,1.));
#519 = ADVANCED_FACE('',(#520),#526,.F.);
#520 = FACE_BOUND('',#521,.F.);
#521 = EDGE_LOOP('',(#522,#523,#524,#525));
#522 = ORIENTED_EDGE('',*,*,#409,.F.);
#523 = ORIENTED_EDGE('',*,*,#479,.T.);
#524 = ORIENTED_EDGE('',*,*,#449,.T.);
#525 = ORIENTED_EDGE('',*,*,#501,.F.);
#526 = PLANE('',#527);
#527 = AXIS2_PLACEMENT_3D('',#528,#529,#530);
#528 = CARTESIAN_POINT('',(26.,109.,62.));
#529 = DIRECTION('',(0.,0.,1.));
#530 = DIRECTION('',(1.,0.,0.));
#531 = ADVANCED_FACE('',(#532),#538,.T.);
#532 = FACE_BOUND('',#533,.T.);
#533 = EDGE_LOOP('',(#534,#535,#536,#537));
#534 = ORIENTED_EDGE('',*,*,#425,.F.);
#535 = ORIENTED_EDGE('',*,*,#486,.T.);
#536 = ORIENTED_EDGE('',*,*,#465,.T.);
#537 = ORIENTED_EDGE('',*,*,#508,.F.);
#538 = PLANE('',#539);
#539 = AXIS2_PLACEMENT_3D('',#540,#541,#542);
#540 = CARTESIAN_POINT('',(26.,109.,65.));
#541 = DIRECTION('',(0.,0.,1.));
#542 = DIRECTION('',(1.,0.,0.));
#543 = MANIFOLD_SOLID_BREP('',#544);
#544 = CLOSED_SHELL('',(#545,#596,#627,#651,#675,#692,#717));
#545 = ADVANCED_FACE('',(#546,#580),#591,.F.);
#546 = FACE_BOUND('',#547,.F.);
#547 = EDGE_LOOP('',(#548,#558,#566,#574));
#548 = ORIENTED_EDGE('',*,*,#549,.F.);
#549 = EDGE_CURVE('',#550,#552,#554,.T.);
#550 = VERTEX_POINT('',#551);
#551 = CARTESIAN_POINT('',(246.,132.,26.));
#552 = VERTEX_POINT('',#553);
#553 = CARTESIAN_POINT('',(246.,132.,62.));
#554 = LINE('',#555,#556);
#555 = CARTESIAN_POINT('',(246.,132.,26.));
#556 = VECTOR('',#557,1.);
#557 = DIRECTION('',(0.,0.,1.));
#558 = ORIENTED_EDGE('',*,*,#559,.T.);
#559 = EDGE_CURVE('',#550,#560,#562,.T.);
#560 = VERTEX_POINT('',#561);
#561 = CARTESIAN_POINT('',(246.,154.,26.));
#562 = LINE('',#563,#564);
#563 = CARTESIAN_POINT('',(246.,132.,26.));
#564 = VECTOR('',#565,1.);
#565 = DIRECTION('',(0.,1.,0.));
#566 = ORIENTED_EDGE('',*,*,#567,.T.);
#567 = EDGE_CURVE('',#560,#568,#570,.T.);
#568 = VERTEX_POINT('',#569);
#569 = CARTESIAN_POINT('',(246.,154.,62.));
#570 = LINE('',#571,#572);
#571 = CARTESIAN_POINT('',(246.,154.,26.));
#572 = VECTOR('',#573,1.);
#573 = DIRECTION('',(0.,0.,1.));
#574 = ORIENTED_EDGE('',*,*,#575,.F.);
#575 = EDGE_CURVE('',#552,#568,#576,.T.);
#576 = LINE('',#577,#578);
#577 = CARTESIAN_POINT('',(246.,132.,62.));
#578 = VECTOR('',#579,1.);
#579 = DIRECTION('',(0.,1.,0.));
#580 = FACE_BOUND('',#581,.F.);
#581 = EDGE_LOOP('',(#582));
#582 = ORIENTED_EDGE('',*,*,#583,.F.);
#583 = EDGE_CURVE('',#584,#584,#586,.T.);
#584 = VERTEX_POINT('',#585);
#585 = CARTESIAN_POINT('',(246.,145.,39.1));
#586 = CIRCLE('',#587,3.1);
#587 = AXIS2_PLACEMENT_3D('',#588,#589,#590);
#588 = CARTESIAN_POINT('',(246.,145.,36.));
#589 = DIRECTION('',(1.,0.,-0.));
#590 = DIRECTION('',(0.,0.,1.));
#591 = PLANE('',#592);
#592 = AXIS2_PLACEMENT_3D('',#593,#594,#595);
#593 = CARTESIAN_POINT('',(246.,132.,26.));
#594 = DIRECTION('',(1.,0.,0.));
#595 = DIRECTION('',(0.,0.,1.));
#596 = ADVANCED_FACE('',(#597),#622,.F.);
#597 = FACE_BOUND('',#598,.F.);
#598 = EDGE_LOOP('',(#599,#607,#608,#616));
#599 = ORIENTED_EDGE('',*,*,#600,.F.);
#600 = EDGE_CURVE('',#550,#601,#603,.T.);
#601 = VERTEX_POINT('',#602);
#602 = CARTESIAN_POINT('',(249.,132.,26.));
#603 = LINE('',#604,#605);
#604 = CARTESIAN_POINT('',(246.,132.,26.));
#605 = VECTOR('',#606,1.);
#606 = DIRECTION('',(1.,0.,0.));
#607 = ORIENTED_EDGE('',*,*,#549,.T.);
#608 = ORIENTED_EDGE('',*,*,#609,.T.);
#609 = EDGE_CURVE('',#552,#610,#612,.T.);
#610 = VERTEX_POINT('',#611);
#611 = CARTESIAN_POINT('',(249.,132.,62.));
#612 = LINE('',#613,#614);
#613 = CARTESIAN_POINT('',(246.,132.,62.));
#614 = VECTOR('',#615,1.);
#615 = DIRECTION('',(1.,0.,0.));
#616 = ORIENTED_EDGE('',*,*,#617,.F.);
#617 = EDGE_CURVE('',#601,#610,#618,.T.);
#618 = LINE('',#619,#620);
#619 = CARTESIAN_POINT('',(249.,132.,26.));
#620 = VECTOR('',#621,1.);
#621 = DIRECTION('',(0.,0.,1.));
#622 = PLANE('',#623);
#623 = AXIS2_PLACEMENT_3D('',#624,#625,#626);
#624 = CARTESIAN_POINT('',(246.,132.,26.));
#625 = DIRECTION('',(0.,1.,0.));
#626 = DIRECTION('',(0.,0.,1.));
#627 = ADVANCED_FACE('',(#628),#646,.T.);
#628 = FACE_BOUND('',#629,.T.);
#629 = EDGE_LOOP('',(#630,#631,#632,#640));
#630 = ORIENTED_EDGE('',*,*,#575,.F.);
#631 = ORIENTED_EDGE('',*,*,#609,.T.);
#632 = ORIENTED_EDGE('',*,*,#633,.T.);
#633 = EDGE_CURVE('',#610,#634,#636,.T.);
#634 = VERTEX_POINT('',#635);
#635 = CARTESIAN_POINT('',(249.,154.,62.));
#636 = LINE('',#637,#638);
#637 = CARTESIAN_POINT('',(249.,132.,62.));
#638 = VECTOR('',#639,1.);
#639 = DIRECTION('',(0.,1.,0.));
#640 = ORIENTED_EDGE('',*,*,#641,.F.);
#641 = EDGE_CURVE('',#568,#634,#642,.T.);
#642 = LINE('',#643,#644);
#643 = CARTESIAN_POINT('',(246.,154.,62.));
#644 = VECTOR('',#645,1.);
#645 = DIRECTION('',(1.,0.,0.));
#646 = PLANE('',#647);
#647 = AXIS2_PLACEMENT_3D('',#648,#649,#650);
#648 = CARTESIAN_POINT('',(246.,132.,62.));
#649 = DIRECTION('',(0.,0.,1.));
#650 = DIRECTION('',(1.,0.,0.));
#651 = ADVANCED_FACE('',(#652),#670,.F.);
#652 = FACE_BOUND('',#653,.F.);
#653 = EDGE_LOOP('',(#654,#655,#656,#664));
#654 = ORIENTED_EDGE('',*,*,#559,.F.);
#655 = ORIENTED_EDGE('',*,*,#600,.T.);
#656 = ORIENTED_EDGE('',*,*,#657,.T.);
#657 = EDGE_CURVE('',#601,#658,#660,.T.);
#658 = VERTEX_POINT('',#659);
#659 = CARTESIAN_POINT('',(249.,154.,26.));
#660 = LINE('',#661,#662);
#661 = CARTESIAN_POINT('',(249.,132.,26.));
#662 = VECTOR('',#663,1.);
#663 = DIRECTION('',(0.,1.,0.));
#664 = ORIENTED_EDGE('',*,*,#665,.F.);
#665 = EDGE_CURVE('',#560,#658,#666,.T.);
#666 = LINE('',#667,#668);
#667 = CARTESIAN_POINT('',(246.,154.,26.));
#668 = VECTOR('',#669,1.);
#669 = DIRECTION('',(1.,0.,0.));
#670 = PLANE('',#671);
#671 = AXIS2_PLACEMENT_3D('',#672,#673,#674);
#672 = CARTESIAN_POINT('',(246.,132.,26.));
#673 = DIRECTION('',(0.,0.,1.));
#674 = DIRECTION('',(1.,0.,0.));
#675 = ADVANCED_FACE('',(#676),#687,.T.);
#676 = FACE_BOUND('',#677,.T.);
#677 = EDGE_LOOP('',(#678,#679,#680,#681));
#678 = ORIENTED_EDGE('',*,*,#665,.F.);
#679 = ORIENTED_EDGE('',*,*,#567,.T.);
#680 = ORIENTED_EDGE('',*,*,#641,.T.);
#681 = ORIENTED_EDGE('',*,*,#682,.F.);
#682 = EDGE_CURVE('',#658,#634,#683,.T.);
#683 = LINE('',#684,#685);
#684 = CARTESIAN_POINT('',(249.,154.,26.));
#685 = VECTOR('',#686,1.);
#686 = DIRECTION('',(0.,0.,1.));
#687 = PLANE('',#688);
#688 = AXIS2_PLACEMENT_3D('',#689,#690,#691);
#689 = CARTESIAN_POINT('',(246.,154.,26.));
#690 = DIRECTION('',(0.,1.,0.));
#691 = DIRECTION('',(0.,0.,1.));
#692 = ADVANCED_FACE('',(#693),#712,.F.);
#693 = FACE_BOUND('',#694,.F.);
#694 = EDGE_LOOP('',(#695,#704,#710,#711));
#695 = ORIENTED_EDGE('',*,*,#696,.F.);
#696 = EDGE_CURVE('',#697,#697,#699,.T.);
#697 = VERTEX_POINT('',#698);
#698 = CARTESIAN_POINT('',(249.,145.,39.1));
#699 = CIRCLE('',#700,3.1);
#700 = AXIS2_PLACEMENT_3D('',#701,#702,#703);
#701 = CARTESIAN_POINT('',(249.,145.,36.));
#702 = DIRECTION('',(1.,0.,-0.));
#703 = DIRECTION('',(0.,0.,1.));
#704 = ORIENTED_EDGE('',*,*,#705,.F.);
#705 = EDGE_CURVE('',#584,#697,#706,.T.);
#706 = LINE('',#707,#708);
#707 = CARTESIAN_POINT('',(245.,145.,39.1));
#708 = VECTOR('',#709,1.);
#709 = DIRECTION('',(1.,0.,0.));
#710 = ORIENTED_EDGE('',*,*,#583,.T.);
#711 = ORIENTED_EDGE('',*,*,#705,.T.);
#712 = CYLINDRICAL_SURFACE('',#713,3.1);
#713 = AXIS2_PLACEMENT_3D('',#714,#715,#716);
#714 = CARTESIAN_POINT('',(245.,145.,36.));
#715 = DIRECTION('',(1.,0.,0.));
#716 = DIRECTION('',(0.,0.,1.));
#717 = ADVANCED_FACE('',(#718,#724),#727,.T.);
#718 = FACE_BOUND('',#719,.T.);
#719 = EDGE_LOOP('',(#720,#721,#722,#723));
#720 = ORIENTED_EDGE('',*,*,#617,.F.);
#721 = ORIENTED_EDGE('',*,*,#657,.T.);
#722 = ORIENTED_EDGE('',*,*,#682,.T.);
#723 = ORIENTED_EDGE('',*,*,#633,.F.);
#724 = FACE_BOUND('',#725,.T.);
#725 = EDGE_LOOP('',(#726));
#726 = ORIENTED_EDGE('',*,*,#696,.F.);
#727 = PLANE('',#728);
#728 = AXIS2_PLACEMENT_3D('',#729,#730,#731);
#729 = CARTESIAN_POINT('',(249.,132.,26.));
#730 = DIRECTION('',(1.,0.,0.));
#731 = DIRECTION('',(0.,0.,1.));
#732 = MANIFOLD_SOLID_BREP('',#733);
#733 = CLOSED_SHELL('',(#734,#785,#816,#840,#864,#881,#906));
#734 = ADVANCED_FACE('',(#735,#769),#780,.F.);
#735 = FACE_BOUND('',#736,.F.);
#736 = EDGE_LOOP('',(#737,#747,#755,#763));
#737 = ORIENTED_EDGE('',*,*,#738,.F.);
#738 = EDGE_CURVE('',#739,#741,#743,.T.);
#739 = VERTEX_POINT('',#740);
#740 = CARTESIAN_POINT('',(169.,132.,26.));
#741 = VERTEX_POINT('',#742);
#742 = CARTESIAN_POINT('',(169.,132.,62.));
#743 = LINE('',#744,#745);
#744 = CARTESIAN_POINT('',(169.,132.,26.));
#745 = VECTOR('',#746,1.);
#746 = DIRECTION('',(0.,0.,1.));
#747 = ORIENTED_EDGE('',*,*,#748,.T.);
#748 = EDGE_CURVE('',#739,#749,#751,.T.);
#749 = VERTEX_POINT('',#750);
#750 = CARTESIAN_POINT('',(169.,154.,26.));
#751 = LINE('',#752,#753);
#752 = CARTESIAN_POINT('',(169.,132.,26.));
#753 = VECTOR('',#754,1.);
#754 = DIRECTION('',(0.,1.,0.));
#755 = ORIENTED_EDGE('',*,*,#756,.T.);
#756 = EDGE_CURVE('',#749,#757,#759,.T.);
#757 = VERTEX_POINT('',#758);
#758 = CARTESIAN_POINT('',(169.,154.,62.));
#759 = LINE('',#760,#761);
#760 = CARTESIAN_POINT('',(169.,154.,26.));
#761 = VECTOR('',#762,1.);
#762 = DIRECTION('',(0.,0.,1.));
#763 = ORIENTED_EDGE('',*,*,#764,.F.);
#764 = EDGE_CURVE('',#741,#757,#765,.T.);
#765 = LINE('',#766,#767);
#766 = CARTESIAN_POINT('',(169.,132.,62.));
#767 = VECTOR('',#768,1.);
#768 = DIRECTION('',(0.,1.,0.));
#769 = FACE_BOUND('',#770,.F.);
#770 = EDGE_LOOP('',(#771));
#771 = ORIENTED_EDGE('',*,*,#772,.F.);
#772 = EDGE_CURVE('',#773,#773,#775,.T.);
#773 = VERTEX_POINT('',#774);
#774 = CARTESIAN_POINT('',(169.,145.,39.1));
#775 = CIRCLE('',#776,3.1);
#776 = AXIS2_PLACEMENT_3D('',#777,#778,#779);
#777 = CARTESIAN_POINT('',(169.,145.,36.));
#778 = DIRECTION('',(1.,0.,-0.));
#779 = DIRECTION('',(0.,0.,1.));
#780 = PLANE('',#781);
#781 = AXIS2_PLACEMENT_3D('',#782,#783,#784);
#782 = CARTESIAN_POINT('',(169.,132.,26.));
#783 = DIRECTION('',(1.,0.,0.));
#784 = DIRECTION('',(0.,0.,1.));
#785 = ADVANCED_FACE('',(#786),#811,.F.);
#786 = FACE_BOUND('',#787,.F.);
#787 = EDGE_LOOP('',(#788,#796,#797,#805));
#788 = ORIENTED_EDGE('',*,*,#789,.F.);
#789 = EDGE_CURVE('',#739,#790,#792,.T.);
#790 = VERTEX_POINT('',#791);
#791 = CARTESIAN_POINT('',(172.,132.,26.));
#792 = LINE('',#793,#794);
#793 = CARTESIAN_POINT('',(169.,132.,26.));
#794 = VECTOR('',#795,1.);
#795 = DIRECTION('',(1.,0.,0.));
#796 = ORIENTED_EDGE('',*,*,#738,.T.);
#797 = ORIENTED_EDGE('',*,*,#798,.T.);
#798 = EDGE_CURVE('',#741,#799,#801,.T.);
#799 = VERTEX_POINT('',#800);
#800 = CARTESIAN_POINT('',(172.,132.,62.));
#801 = LINE('',#802,#803);
#802 = CARTESIAN_POINT('',(169.,132.,62.));
#803 = VECTOR('',#804,1.);
#804 = DIRECTION('',(1.,0.,0.));
#805 = ORIENTED_EDGE('',*,*,#806,.F.);
#806 = EDGE_CURVE('',#790,#799,#807,.T.);
#807 = LINE('',#808,#809);
#808 = CARTESIAN_POINT('',(172.,132.,26.));
#809 = VECTOR('',#810,1.);
#810 = DIRECTION('',(0.,0.,1.));
#811 = PLANE('',#812);
#812 = AXIS2_PLACEMENT_3D('',#813,#814,#815);
#813 = CARTESIAN_POINT('',(169.,132.,26.));
#814 = DIRECTION('',(0.,1.,0.));
#815 = DIRECTION('',(0.,0.,1.));
#816 = ADVANCED_FACE('',(#817),#835,.T.);
#817 = FACE_BOUND('',#818,.T.);
#818 = EDGE_LOOP('',(#819,#820,#821,#829));
#819 = ORIENTED_EDGE('',*,*,#764,.F.);
#820 = ORIENTED_EDGE('',*,*,#798,.T.);
#821 = ORIENTED_EDGE('',*,*,#822,.T.);
#822 = EDGE_CURVE('',#799,#823,#825,.T.);
#823 = VERTEX_POINT('',#824);
#824 = CARTESIAN_POINT('',(172.,154.,62.));
#825 = LINE('',#826,#827);
#826 = CARTESIAN_POINT('',(172.,132.,62.));
#827 = VECTOR('',#828,1.);
#828 = DIRECTION('',(0.,1.,0.));
#829 = ORIENTED_EDGE('',*,*,#830,.F.);
#830 = EDGE_CURVE('',#757,#823,#831,.T.);
#831 = LINE('',#832,#833);
#832 = CARTESIAN_POINT('',(169.,154.,62.));
#833 = VECTOR('',#834,1.);
#834 = DIRECTION('',(1.,0.,0.));
#835 = PLANE('',#836);
#836 = AXIS2_PLACEMENT_3D('',#837,#838,#839);
#837 = CARTESIAN_POINT('',(169.,132.,62.));
#838 = DIRECTION('',(0.,0.,1.));
#839 = DIRECTION('',(1.,0.,0.));
#840 = ADVANCED_FACE('',(#841),#859,.F.);
#841 = FACE_BOUND('',#842,.F.);
#842 = EDGE_LOOP('',(#843,#844,#845,#853));
#843 = ORIENTED_EDGE('',*,*,#748,.F.);
#844 = ORIENTED_EDGE('',*,*,#789,.T.);
#845 = ORIENTED_EDGE('',*,*,#846,.T.);
#846 = EDGE_CURVE('',#790,#847,#849,.T.);
#847 = VERTEX_POINT('',#848);
#848 = CARTESIAN_POINT('',(172.,154.,26.));
#849 = LINE('',#850,#851);
#850 = CARTESIAN_POINT('',(172.,132.,26.));
#851 = VECTOR('',#852,1.);
#852 = DIRECTION('',(0.,1.,0.));
#853 = ORIENTED_EDGE('',*,*,#854,.F.);
#854 = EDGE_CURVE('',#749,#847,#855,.T.);
#855 = LINE('',#856,#857);
#856 = CARTESIAN_POINT('',(169.,154.,26.));
#857 = VECTOR('',#858,1.);
#858 = DIRECTION('',(1.,0.,0.));
#859 = PLANE('',#860);
#860 = AXIS2_PLACEMENT_3D('',#861,#862,#863);
#861 = CARTESIAN_POINT('',(169.,132.,26.));
#862 = DIRECTION('',(0.,0.,1.));
#863 = DIRECTION('',(1.,0.,0.));
#864 = ADVANCED_FACE('',(#865),#876,.T.);
#865 = FACE_BOUND('',#866,.T.);
#866 = EDGE_LOOP('',(#867,#868,#869,#870));
#867 = ORIENTED_EDGE('',*,*,#854,.F.);
#868 = ORIENTED_EDGE('',*,*,#756,.T.);
#869 = ORIENTED_EDGE('',*,*,#830,.T.);
#870 = ORIENTED_EDGE('',*,*,#871,.F.);
#871 = EDGE_CURVE('',#847,#823,#872,.T.);
#872 = LINE('',#873,#874);
#873 = CARTESIAN_POINT('',(172.,154.,26.));
#874 = VECTOR('',#875,1.);
#875 = DIRECTION('',(0.,0.,1.));
#876 = PLANE('',#877);
#877 = AXIS2_PLACEMENT_3D('',#878,#879,#880);
#878 = CARTESIAN_POINT('',(169.,154.,26.));
#879 = DIRECTION('',(0.,1.,0.));
#880 = DIRECTION('',(0.,0.,1.));
#881 = ADVANCED_FACE('',(#882),#901,.F.);
#882 = FACE_BOUND('',#883,.F.);
#883 = EDGE_LOOP('',(#884,#893,#899,#900));
#884 = ORIENTED_EDGE('',*,*,#885,.F.);
#885 = EDGE_CURVE('',#886,#886,#888,.T.);
#886 = VERTEX_POINT('',#887);
#887 = CARTESIAN_POINT('',(172.,145.,39.1));
#888 = CIRCLE('',#889,3.1);
#889 = AXIS2_PLACEMENT_3D('',#890,#891,#892);
#890 = CARTESIAN_POINT('',(172.,145.,36.));
#891 = DIRECTION('',(1.,0.,-0.));
#892 = DIRECTION('',(0.,0.,1.));
#893 = ORIENTED_EDGE('',*,*,#894,.F.);
#894 = EDGE_CURVE('',#773,#886,#895,.T.);
#895 = LINE('',#896,#897);
#896 = CARTESIAN_POINT('',(168.,145.,39.1));
#897 = VECTOR('',#898,1.);
#898 = DIRECTION('',(1.,0.,0.));
#899 = ORIENTED_EDGE('',*,*,#772,.T.);
#900 = ORIENTED_EDGE('',*,*,#894,.T.);
#901 = CYLINDRICAL_SURFACE('',#902,3.1);
#902 = AXIS2_PLACEMENT_3D('',#903,#904,#905);
#903 = CARTESIAN_POINT('',(168.,145.,36.));
#904 = DIRECTION('',(1.,0.,0.));
#905 = DIRECTION('',(0.,0.,1.));
#906 = ADVANCED_FACE('',(#907,#913),#916,.T.);
#907 = FACE_BOUND('',#908,.T.);
#908 = EDGE_LOOP('',(#909,#910,#911,#912));
#909 = ORIENTED_EDGE('',*,*,#806,.F.);
#910 = ORIENTED_EDGE('',*,*,#846,.T.);
#911 = ORIENTED_EDGE('',*,*,#871,.T.);
#912 = ORIENTED_EDGE('',*,*,#822,.F.);
#913 = FACE_BOUND('',#914,.T.);
#914 = EDGE_LOOP('',(#915));
#915 = ORIENTED_EDGE('',*,*,#885,.F.);
#916 = PLANE('',#917);
#917 = AXIS2_PLACEMENT_3D('',#918,#919,#920);
#918 = CARTESIAN_POINT('',(172.,132.,26.));
#919 = DIRECTION('',(1.,0.,0.));
#920 = DIRECTION('',(0.,0.,1.));
#921 = MANIFOLD_SOLID_BREP('',#922);
#922 = CLOSED_SHELL('',(#923,#963,#1003,#1025,#1047,#1059));
#923 = ADVANCED_FACE('',(#924),#958,.F.);
#924 = FACE_BOUND('',#925,.F.);
#925 = EDGE_LOOP('',(#926,#936,#944,#952));
#926 = ORIENTED_EDGE('',*,*,#927,.F.);
#927 = EDGE_CURVE('',#928,#930,#932,.T.);
#928 = VERTEX_POINT('',#929);
#929 = CARTESIAN_POINT('',(169.,109.,62.));
#930 = VERTEX_POINT('',#931);
#931 = CARTESIAN_POINT('',(169.,109.,65.));
#932 = LINE('',#933,#934);
#933 = CARTESIAN_POINT('',(169.,109.,62.));
#934 = VECTOR('',#935,1.);
#935 = DIRECTION('',(0.,0.,1.));
#936 = ORIENTED_EDGE('',*,*,#937,.T.);
#937 = EDGE_CURVE('',#928,#938,#940,.T.);
#938 = VERTEX_POINT('',#939);
#939 = CARTESIAN_POINT('',(169.,154.,62.));
#940 = LINE('',#941,#942);
#941 = CARTESIAN_POINT('',(169.,109.,62.));
#942 = VECTOR('',#943,1.);
#943 = DIRECTION('',(0.,1.,0.));
#944 = ORIENTED_EDGE('',*,*,#945,.T.);
#945 = EDGE_CURVE('',#938,#946,#948,.T.);
#946 = VERTEX_POINT('',#947);
#947 = CARTESIAN_POINT('',(169.,154.,65.));
#948 = LINE('',#949,#950);
#949 = CARTESIAN_POINT('',(169.,154.,62.));
#950 = VECTOR('',#951,1.);
#951 = DIRECTION('',(0.,0.,1.));
#952 = ORIENTED_EDGE('',*,*,#953,.F.);
#953 = EDGE_CURVE('',#930,#946,#954,.T.);
#954 = LINE('',#955,#956);
#955 = CARTESIAN_POINT('',(169.,109.,65.));
#956 = VECTOR('',#957,1.);
#957 = DIRECTION('',(0.,1.,0.));
#958 = PLANE('',#959);
#959 = AXIS2_PLACEMENT_3D('',#960,#961,#962);
#960 = CARTESIAN_POINT('',(169.,109.,62.));
#961 = DIRECTION('',(1.,0.,0.));
#962 = DIRECTION('',(0.,0.,1.));
#963 = ADVANCED_FACE('',(#964),#998,.T.);
#964 = FACE_BOUND('',#965,.T.);
#965 = EDGE_LOOP('',(#966,#976,#984,#992));
#966 = ORIENTED_EDGE('',*,*,#967,.F.);
#967 = EDGE_CURVE('',#968,#970,#972,.T.);
#968 = VERTEX_POINT('',#969);
#969 = CARTESIAN_POINT('',(249.,109.,62.));
#970 = VERTEX_POINT('',#971);
#971 = CARTESIAN_POINT('',(249.,109.,65.));
#972 = LINE('',#973,#974);
#973 = CARTESIAN_POINT('',(249.,109.,62.));
#974 = VECTOR('',#975,1.);
#975 = DIRECTION('',(0.,0.,1.));
#976 = ORIENTED_EDGE('',*,*,#977,.T.);
#977 = EDGE_CURVE('',#968,#978,#980,.T.);
#978 = VERTEX_POINT('',#979);
#979 = CARTESIAN_POINT('',(249.,154.,62.));
#980 = LINE('',#981,#982);
#981 = CARTESIAN_POINT('',(249.,109.,62.));
#982 = VECTOR('',#983,1.);
#983 = DIRECTION('',(0.,1.,0.));
#984 = ORIENTED_EDGE('',*,*,#985,.T.);
#985 = EDGE_CURVE('',#978,#986,#988,.T.);
#986 = VERTEX_POINT('',#987);
#987 = CARTESIAN_POINT('',(249.,154.,65.));
#988 = LINE('',#989,#990);
#989 = CARTESIAN_POINT('',(249.,154.,62.));
#990 = VECTOR('',#991,1.);
#991 = DIRECTION('',(0.,0.,1.));
#992 = ORIENTED_EDGE('',*,*,#993,.F.);
#993 = EDGE_CURVE('',#970,#986,#994,.T.);
#994 = LINE('',#995,#996);
#995 = CARTESIAN_POINT('',(249.,109.,65.));
#996 = VECTOR('',#997,1.);
#997 = DIRECTION('',(0.,1.,0.));
#998 = PLANE('',#999);
#999 = AXIS2_PLACEMENT_3D('',#1000,#1001,#1002);
#1000 = CARTESIAN_POINT('',(249.,109.,62.));
#1001 = DIRECTION('',(1.,0.,0.));
#1002 = DIRECTION('',(0.,0.,1.));
#1003 = ADVANCED_FACE('',(#1004),#1020,.F.);
#1004 = FACE_BOUND('',#1005,.F.);
#1005 = EDGE_LOOP('',(#1006,#1012,#1013,#1019));
#1006 = ORIENTED_EDGE('',*,*,#1007,.F.);
#1007 = EDGE_CURVE('',#928,#968,#1008,.T.);
#1008 = LINE('',#1009,#1010);
#1009 = CARTESIAN_POINT('',(169.,109.,62.));
#1010 = VECTOR('',#1011,1.);
#1011 = DIRECTION('',(1.,0.,0.));
#1012 = ORIENTED_EDGE('',*,*,#927,.T.);
#1013 = ORIENTED_EDGE('',*,*,#1014,.T.);
#1014 = EDGE_CURVE('',#930,#970,#1015,.T.);
#1015 = LINE('',#1016,#1017);
#1016 = CARTESIAN_POINT('',(169.,109.,65.));
#1017 = VECTOR('',#1018,1.);
#1018 = DIRECTION('',(1.,0.,0.));
#1019 = ORIENTED_EDGE('',*,*,#967,.F.);
#1020 = PLANE('',#1021);
#1021 = AXIS2_PLACEMENT_3D('',#1022,#1023,#1024);
#1022 = CARTESIAN_POINT('',(169.,109.,62.));
#1023 = DIRECTION('',(0.,1.,0.));
#1024 = DIRECTION('',(0.,0.,1.));
#1025 = ADVANCED_FACE('',(#1026),#1042,.T.);
#1026 = FACE_BOUND('',#1027,.T.);
#1027 = EDGE_LOOP('',(#1028,#1034,#1035,#1041));
#1028 = ORIENTED_EDGE('',*,*,#1029,.F.);
#1029 = EDGE_CURVE('',#938,#978,#1030,.T.);
#1030 = LINE('',#1031,#1032);
#1031 = CARTESIAN_POINT('',(169.,154.,62.));
#1032 = VECTOR('',#1033,1.);
#1033 = DIRECTION('',(1.,0.,0.));
#1034 = ORIENTED_EDGE('',*,*,#945,.T.);
#1035 = ORIENTED_EDGE('',*,*,#1036,.T.);
#1036 = EDGE_CURVE('',#946,#986,#1037,.T.);
#1037 = LINE('',#1038,#1039);
#1038 = CARTESIAN_POINT('',(169.,154.,65.));
#1039 = VECTOR('',#1040,1.);
#1040 = DIRECTION('',(1.,0.,0.));
#1041 = ORIENTED_EDGE('',*,*,#985,.F.);
#1042 = PLANE('',#1043);
#1043 = AXIS2_PLACEMENT_3D('',#1044,#1045,#1046);
#1044 = CARTESIAN_POINT('',(169.,154.,62.));
#1045 = DIRECTION('',(0.,1.,0.));
#1046 = DIRECTION('',(0.,0.,1.));
#1047 = ADVANCED_FACE('',(#1048),#1054,.F.);
#1048 = FACE_BOUND('',#1049,.F.);
#1049 = EDGE_LOOP('',(#1050,#1051,#1052,#1053));
#1050 = ORIENTED_EDGE('',*,*,#937,.F.);
#1051 = ORIENTED_EDGE('',*,*,#1007,.T.);
#1052 = ORIENTED_EDGE('',*,*,#977,.T.);
#1053 = ORIENTED_EDGE('',*,*,#1029,.F.);
#1054 = PLANE('',#1055);
#1055 = AXIS2_PLACEMENT_3D('',#1056,#1057,#1058);
#1056 = CARTESIAN_POINT('',(169.,109.,62.));
#1057 = DIRECTION('',(0.,0.,1.));
#1058 = DIRECTION('',(1.,0.,0.));
#1059 = ADVANCED_FACE('',(#1060),#1066,.T.);
#1060 = FACE_BOUND('',#1061,.T.);
#1061 = EDGE_LOOP('',(#1062,#1063,#1064,#1065));
#1062 = ORIENTED_EDGE('',*,*,#953,.F.);
#1063 = ORIENTED_EDGE('',*,*,#1014,.T.);
#1064 = ORIENTED_EDGE('',*,*,#993,.T.);
#1065 = ORIENTED_EDGE('',*,*,#1036,.F.);
#1066 = PLANE('',#1067);
#1067 = AXIS2_PLACEMENT_3D('',#1068,#1069,#1070);
#1068 = CARTESIAN_POINT('',(169.,109.,65.));
#1069 = DIRECTION('',(0.,0.,1.));
#1070 = DIRECTION('',(1.,0.,0.));
#1071 = MANIFOLD_SOLID_BREP('',#1072);
#1072 = CLOSED_SHELL('',(#1073,#1113,#1153,#1175,#1197,#1209));
#1073 = ADVANCED_FACE('',(#1074),#1108,.F.);
#1074 = FACE_BOUND('',#1075,.F.);
#1075 = EDGE_LOOP('',(#1076,#1086,#1094,#1102));
#1076 = ORIENTED_EDGE('',*,*,#1077,.F.);
#1077 = EDGE_CURVE('',#1078,#1080,#1082,.T.);
#1078 = VERTEX_POINT('',#1079);
#1079 = CARTESIAN_POINT('',(28.,83.5,65.));
#1080 = VERTEX_POINT('',#1081);
#1081 = CARTESIAN_POINT('',(28.,83.5,85.));
#1082 = LINE('',#1083,#1084);
#1083 = CARTESIAN_POINT('',(28.,83.5,65.));
#1084 = VECTOR('',#1085,1.);
#1085 = DIRECTION('',(0.,0.,1.));
#1086 = ORIENTED_EDGE('',*,*,#1087,.T.);
#1087 = EDGE_CURVE('',#1078,#1088,#1090,.T.);
#1088 = VERTEX_POINT('',#1089);
#1089 = CARTESIAN_POINT('',(28.,85.,65.));
#1090 = LINE('',#1091,#1092);
#1091 = CARTESIAN_POINT('',(28.,83.5,65.));
#1092 = VECTOR('',#1093,1.);
#1093 = DIRECTION('',(0.,1.,0.));
#1094 = ORIENTED_EDGE('',*,*,#1095,.T.);
#1095 = EDGE_CURVE('',#1088,#1096,#1098,.T.);
#1096 = VERTEX_POINT('',#1097);
#1097 = CARTESIAN_POINT('',(28.,85.,85.));
#1098 = LINE('',#1099,#1100);
#1099 = CARTESIAN_POINT('',(28.,85.,65.));
#1100 = VECTOR('',#1101,1.);
#1101 = DIRECTION('',(0.,0.,1.));
#1102 = ORIENTED_EDGE('',*,*,#1103,.F.);
#1103 = EDGE_CURVE('',#1080,#1096,#1104,.T.);
#1104 = LINE('',#1105,#1106);
#1105 = CARTESIAN_POINT('',(28.,83.5,85.));
#1106 = VECTOR('',#1107,1.);
#1107 = DIRECTION('',(0.,1.,0.));
#1108 = PLANE('',#1109);
#1109 = AXIS2_PLACEMENT_3D('',#1110,#1111,#1112);
#1110 = CARTESIAN_POINT('',(28.,83.5,65.));
#1111 = DIRECTION('',(1.,0.,0.));
#1112 = DIRECTION('',(0.,0.,1.));
#1113 = ADVANCED_FACE('',(#1114),#1148,.T.);
#1114 = FACE_BOUND('',#1115,.T.);
#1115 = EDGE_LOOP('',(#1116,#1126,#1134,#1142));
#1116 = ORIENTED_EDGE('',*,*,#1117,.F.);
#1117 = EDGE_CURVE('',#1118,#1120,#1122,.T.);
#1118 = VERTEX_POINT('',#1119);
#1119 = CARTESIAN_POINT('',(247.,83.5,65.));
#1120 = VERTEX_POINT('',#1121);
#1121 = CARTESIAN_POINT('',(247.,83.5,85.));
#1122 = LINE('',#1123,#1124);
#1123 = CARTESIAN_POINT('',(247.,83.5,65.));
#1124 = VECTOR('',#1125,1.);
#1125 = DIRECTION('',(0.,0.,1.));
#1126 = ORIENTED_EDGE('',*,*,#1127,.T.);
#1127 = EDGE_CURVE('',#1118,#1128,#1130,.T.);
#1128 = VERTEX_POINT('',#1129);
#1129 = CARTESIAN_POINT('',(247.,85.,65.));
#1130 = LINE('',#1131,#1132);
#1131 = CARTESIAN_POINT('',(247.,83.5,65.));
#1132 = VECTOR('',#1133,1.);
#1133 = DIRECTION('',(0.,1.,0.));
#1134 = ORIENTED_EDGE('',*,*,#1135,.T.);
#1135 = EDGE_CURVE('',#1128,#1136,#1138,.T.);
#1136 = VERTEX_POINT('',#1137);
#1137 = CARTESIAN_POINT('',(247.,85.,85.));
#1138 = LINE('',#1139,#1140);
#1139 = CARTESIAN_POINT('',(247.,85.,65.));
#1140 = VECTOR('',#1141,1.);
#1141 = DIRECTION('',(0.,0.,1.));
#1142 = ORIENTED_EDGE('',*,*,#1143,.F.);
#1143 = EDGE_CURVE('',#1120,#1136,#1144,.T.);
#1144 = LINE('',#1145,#1146);
#1145 = CARTESIAN_POINT('',(247.,83.5,85.));
#1146 = VECTOR('',#1147,1.);
#1147 = DIRECTION('',(0.,1.,0.));
#1148 = PLANE('',#1149);
#1149 = AXIS2_PLACEMENT_3D('',#1150,#1151,#1152);
#1150 = CARTESIAN_POINT('',(247.,83.5,65.));
#1151 = DIRECTION('',(1.,0.,0.));
#1152 = DIRECTION('',(0.,0.,1.));
#1153 = ADVANCED_FACE('',(#1154),#1170,.F.);
#1154 = FACE_BOUND('',#1155,.F.);
#1155 = EDGE_LOOP('',(#1156,#1162,#1163,#1169));
#1156 = ORIENTED_EDGE('',*,*,#1157,.F.);
#1157 = EDGE_CURVE('',#1078,#1118,#1158,.T.);
#1158 = LINE('',#1159,#1160);
#1159 = CARTESIAN_POINT('',(28.,83.5,65.));
#1160 = VECTOR('',#1161,1.);
#1161 = DIRECTION('',(1.,0.,0.));
#1162 = ORIENTED_EDGE('',*,*,#1077,.T.);
#1163 = ORIENTED_EDGE('',*,*,#1164,.T.);
#1164 = EDGE_CURVE('',#1080,#1120,#1165,.T.);
#1165 = LINE('',#1166,#1167);
#1166 = CARTESIAN_POINT('',(28.,83.5,85.));
#1167 = VECTOR('',#1168,1.);
#1168 = DIRECTION('',(1.,0.,0.));
#1169 = ORIENTED_EDGE('',*,*,#1117,.F.);
#1170 = PLANE('',#1171);
#1171 = AXIS2_PLACEMENT_3D('',#1172,#1173,#1174);
#1172 = CARTESIAN_POINT('',(28.,83.5,65.));
#1173 = DIRECTION('',(0.,1.,0.));
#1174 = DIRECTION('',(0.,0.,1.));
#1175 = ADVANCED_FACE('',(#1176),#1192,.T.);
#1176 = FACE_BOUND('',#1177,.T.);
#1177 = EDGE_LOOP('',(#1178,#1184,#1185,#1191));
#1178 = ORIENTED_EDGE('',*,*,#1179,.F.);
#1179 = EDGE_CURVE('',#1088,#1128,#1180,.T.);
#1180 = LINE('',#1181,#1182);
#1181 = CARTESIAN_POINT('',(28.,85.,65.));
#1182 = VECTOR('',#1183,1.);
#1183 = DIRECTION('',(1.,0.,0.));
#1184 = ORIENTED_EDGE('',*,*,#1095,.T.);
#1185 = ORIENTED_EDGE('',*,*,#1186,.T.);
#1186 = EDGE_CURVE('',#1096,#1136,#1187,.T.);
#1187 = LINE('',#1188,#1189);
#1188 = CARTESIAN_POINT('',(28.,85.,85.));
#1189 = VECTOR('',#1190,1.);
#1190 = DIRECTION('',(1.,0.,0.));
#1191 = ORIENTED_EDGE('',*,*,#1135,.F.);
#1192 = PLANE('',#1193);
#1193 = AXIS2_PLACEMENT_3D('',#1194,#1195,#1196);
#1194 = CARTESIAN_POINT('',(28.,85.,65.));
#1195 = DIRECTION('',(0.,1.,0.));
#1196 = DIRECTION('',(0.,0.,1.));
#1197 = ADVANCED_FACE('',(#1198),#1204,.F.);
#1198 = FACE_BOUND('',#1199,.F.);
#1199 = EDGE_LOOP('',(#1200,#1201,#1202,#1203));
#1200 = ORIENTED_EDGE('',*,*,#1087,.F.);
#1201 = ORIENTED_EDGE('',*,*,#1157,.T.);
#1202 = ORIENTED_EDGE('',*,*,#1127,.T.);
#1203 = ORIENTED_EDGE('',*,*,#1179,.F.);
#1204 = PLANE('',#1205);
#1205 = AXIS2_PLACEMENT_3D('',#1206,#1207,#1208);
#1206 = CARTESIAN_POINT('',(28.,83.5,65.));
#1207 = DIRECTION('',(0.,0.,1.));
#1208 = DIRECTION('',(1.,0.,0.));
#1209 = ADVANCED_FACE('',(#1210),#1216,.T.);
#1210 = FACE_BOUND('',#1211,.T.);
#1211 = EDGE_LOOP('',(#1212,#1213,#1214,#1215));
#1212 = ORIENTED_EDGE('',*,*,#1103,.F.);
#1213 = ORIENTED_EDGE('',*,*,#1164,.T.);
#1214 = ORIENTED_EDGE('',*,*,#1143,.T.);
#1215 = ORIENTED_EDGE('',*,*,#1186,.F.);
#1216 = PLANE('',#1217);
#1217 = AXIS2_PLACEMENT_3D('',#1218,#1219,#1220);
#1218 = CARTESIAN_POINT('',(28.,83.5,85.));
#1219 = DIRECTION('',(0.,0.,1.));
#1220 = DIRECTION('',(1.,0.,0.));
#1221 = MANIFOLD_SOLID_BREP('',#1222);
#1222 = CLOSED_SHELL('',(#1223,#1263,#1303,#1325,#1347,#1359));
#1223 = ADVANCED_FACE('',(#1224),#1258,.F.);
#1224 = FACE_BOUND('',#1225,.F.);
#1225 = EDGE_LOOP('',(#1226,#1236,#1244,#1252));
#1226 = ORIENTED_EDGE('',*,*,#1227,.F.);
#1227 = EDGE_CURVE('',#1228,#1230,#1232,.T.);
#1228 = VERTEX_POINT('',#1229);
#1229 = CARTESIAN_POINT('',(26.,13.,65.));
#1230 = VERTEX_POINT('',#1231);
#1231 = CARTESIAN_POINT('',(26.,13.,86.));
#1232 = LINE('',#1233,#1234);
#1233 = CARTESIAN_POINT('',(26.,13.,65.));
#1234 = VECTOR('',#1235,1.);
#1235 = DIRECTION('',(0.,0.,1.));
#1236 = ORIENTED_EDGE('',*,*,#1237,.T.);
#1237 = EDGE_CURVE('',#1228,#1238,#1240,.T.);
#1238 = VERTEX_POINT('',#1239);
#1239 = CARTESIAN_POINT('',(26.,153.,65.));
#1240 = LINE('',#1241,#1242);
#1241 = CARTESIAN_POINT('',(26.,13.,65.));
#1242 = VECTOR('',#1243,1.);
#1243 = DIRECTION('',(0.,1.,0.));
#1244 = ORIENTED_EDGE('',*,*,#1245,.T.);
#1245 = EDGE_CURVE('',#1238,#1246,#1248,.T.);
#1246 = VERTEX_POINT('',#1247);
#1247 = CARTESIAN_POINT('',(26.,153.,86.));
#1248 = LINE('',#1249,#1250);
#1249 = CARTESIAN_POINT('',(26.,153.,65.));
#1250 = VECTOR('',#1251,1.);
#1251 = DIRECTION('',(0.,0.,1.));
#1252 = ORIENTED_EDGE('',*,*,#1253,.F.);
#1253 = EDGE_CURVE('',#1230,#1246,#1254,.T.);
#1254 = LINE('',#1255,#1256);
#1255 = CARTESIAN_POINT('',(26.,13.,86.));
#1256 = VECTOR('',#1257,1.);
#1257 = DIRECTION('',(0.,1.,0.));
#1258 = PLANE('',#1259);
#1259 = AXIS2_PLACEMENT_3D('',#1260,#1261,#1262);
#1260 = CARTESIAN_POINT('',(26.,13.,65.));
#1261 = DIRECTION('',(1.,0.,0.));
#1262 = DIRECTION('',(0.,0.,1.));
#1263 = ADVANCED_FACE('',(#1264),#1298,.T.);
#1264 = FACE_BOUND('',#1265,.T.);
#1265 = EDGE_LOOP('',(#1266,#1276,#1284,#1292));
#1266 = ORIENTED_EDGE('',*,*,#1267,.F.);
#1267 = EDGE_CURVE('',#1268,#1270,#1272,.T.);
#1268 = VERTEX_POINT('',#1269);
#1269 = CARTESIAN_POINT('',(28.,13.,65.));
#1270 = VERTEX_POINT('',#1271);
#1271 = CARTESIAN_POINT('',(28.,13.,86.));
#1272 = LINE('',#1273,#1274);
#1273 = CARTESIAN_POINT('',(28.,13.,65.));
#1274 = VECTOR('',#1275,1.);
#1275 = DIRECTION('',(0.,0.,1.));
#1276 = ORIENTED_EDGE('',*,*,#1277,.T.);
#1277 = EDGE_CURVE('',#1268,#1278,#1280,.T.);
#1278 = VERTEX_POINT('',#1279);
#1279 = CARTESIAN_POINT('',(28.,153.,65.));
#1280 = LINE('',#1281,#1282);
#1281 = CARTESIAN_POINT('',(28.,13.,65.));
#1282 = VECTOR('',#1283,1.);
#1283 = DIRECTION('',(0.,1.,0.));
#1284 = ORIENTED_EDGE('',*,*,#1285,.T.);
#1285 = EDGE_CURVE('',#1278,#1286,#1288,.T.);
#1286 = VERTEX_POINT('',#1287);
#1287 = CARTESIAN_POINT('',(28.,153.,86.));
#1288 = LINE('',#1289,#1290);
#1289 = CARTESIAN_POINT('',(28.,153.,65.));
#1290 = VECTOR('',#1291,1.);
#1291 = DIRECTION('',(0.,0.,1.));
#1292 = ORIENTED_EDGE('',*,*,#1293,.F.);
#1293 = EDGE_CURVE('',#1270,#1286,#1294,.T.);
#1294 = LINE('',#1295,#1296);
#1295 = CARTESIAN_POINT('',(28.,13.,86.));
#1296 = VECTOR('',#1297,1.);
#1297 = DIRECTION('',(0.,1.,0.));
#1298 = PLANE('',#1299);
#1299 = AXIS2_PLACEMENT_3D('',#1300,#1301,#1302);
#1300 = CARTESIAN_POINT('',(28.,13.,65.));
#1301 = DIRECTION('',(1.,0.,0.));
#1302 = DIRECTION('',(0.,0.,1.));
#1303 = ADVANCED_FACE('',(#1304),#1320,.F.);
#1304 = FACE_BOUND('',#1305,.F.);
#1305 = EDGE_LOOP('',(#1306,#1312,#1313,#1319));
#1306 = ORIENTED_EDGE('',*,*,#1307,.F.);
#1307 = EDGE_CURVE('',#1228,#1268,#1308,.T.);
#1308 = LINE('',#1309,#1310);
#1309 = CARTESIAN_POINT('',(26.,13.,65.));
#1310 = VECTOR('',#1311,1.);
#1311 = DIRECTION('',(1.,0.,0.));
#1312 = ORIENTED_EDGE('',*,*,#1227,.T.);
#1313 = ORIENTED_EDGE('',*,*,#1314,.T.);
#1314 = EDGE_CURVE('',#1230,#1270,#1315,.T.);
#1315 = LINE('',#1316,#1317);
#1316 = CARTESIAN_POINT('',(26.,13.,86.));
#1317 = VECTOR('',#1318,1.);
#1318 = DIRECTION('',(1.,0.,0.));
#1319 = ORIENTED_EDGE('',*,*,#1267,.F.);
#1320 = PLANE('',#1321);
#1321 = AXIS2_PLACEMENT_3D('',#1322,#1323,#1324);
#1322 = CARTESIAN_POINT('',(26.,13.,65.));
#1323 = DIRECTION('',(0.,1.,0.));
#1324 = DIRECTION('',(0.,0.,1.));
#1325 = ADVANCED_FACE('',(#1326),#1342,.T.);
#1326 = FACE_BOUND('',#1327,.T.);
#1327 = EDGE_LOOP('',(#1328,#1334,#1335,#1341));
#1328 = ORIENTED_EDGE('',*,*,#1329,.F.);
#1329 = EDGE_CURVE('',#1238,#1278,#1330,.T.);
#1330 = LINE('',#1331,#1332);
#1331 = CARTESIAN_POINT('',(26.,153.,65.));
#1332 = VECTOR('',#1333,1.);
#1333 = DIRECTION('',(1.,0.,0.));
#1334 = ORIENTED_EDGE('',*,*,#1245,.T.);
#1335 = ORIENTED_EDGE('',*,*,#1336,.T.);
#1336 = EDGE_CURVE('',#1246,#1286,#1337,.T.);
#1337 = LINE('',#1338,#1339);
#1338 = CARTESIAN_POINT('',(26.,153.,86.));
#1339 = VECTOR('',#1340,1.);
#1340 = DIRECTION('',(1.,0.,0.));
#1341 = ORIENTED_EDGE('',*,*,#1285,.F.);
#1342 = PLANE('',#1343);
#1343 = AXIS2_PLACEMENT_3D('',#1344,#1345,#1346);
#1344 = CARTESIAN_POINT('',(26.,153.,65.));
#1345 = DIRECTION('',(0.,1.,0.));
#1346 = DIRECTION('',(0.,0.,1.));
#1347 = ADVANCED_FACE('',(#1348),#1354,.F.);
#1348 = FACE_BOUND('',#1349,.F.);
#1349 = EDGE_LOOP('',(#1350,#1351,#1352,#1353));
#1350 = ORIENTED_EDGE('',*,*,#1237,.F.);
#1351 = ORIENTED_EDGE('',*,*,#1307,.T.);
#1352 = ORIENTED_EDGE('',*,*,#1277,.T.);
#1353 = ORIENTED_EDGE('',*,*,#1329,.F.);
#1354 = PLANE('',#1355);
#1355 = AXIS2_PLACEMENT_3D('',#1356,#1357,#1358);
#1356 = CARTESIAN_POINT('',(26.,13.,65.));
#1357 = DIRECTION('',(0.,0.,1.));
#1358 = DIRECTION('',(1.,0.,0.));
#1359 = ADVANCED_FACE('',(#1360),#1366,.T.);
#1360 = FACE_BOUND('',#1361,.T.);
#1361 = EDGE_LOOP('',(#1362,#1363,#1364,#1365));
#1362 = ORIENTED_EDGE('',*,*,#1253,.F.);
#1363 = ORIENTED_EDGE('',*,*,#1314,.T.);
#1364 = ORIENTED_EDGE('',*,*,#1293,.T.);
#1365 = ORIENTED_EDGE('',*,*,#1336,.F.);
#1366 = PLANE('',#1367);
#1367 = AXIS2_PLACEMENT_3D('',#1368,#1369,#1370);
#1368 = CARTESIAN_POINT('',(26.,13.,86.));
#1369 = DIRECTION('',(0.,0.,1.));
#1370 = DIRECTION('',(1.,0.,0.));
#1371 = MANIFOLD_SOLID_BREP('',#1372);
#1372 = CLOSED_SHELL('',(#1373,#1413,#1453,#1475,#1497,#1509));
#1373 = ADVANCED_FACE('',(#1374),#1408,.F.);
#1374 = FACE_BOUND('',#1375,.F.);
#1375 = EDGE_LOOP('',(#1376,#1386,#1394,#1402));
#1376 = ORIENTED_EDGE('',*,*,#1377,.F.);
#1377 = EDGE_CURVE('',#1378,#1380,#1382,.T.);
#1378 = VERTEX_POINT('',#1379);
#1379 = CARTESIAN_POINT('',(247.,27.,65.));
#1380 = VERTEX_POINT('',#1381);
#1381 = CARTESIAN_POINT('',(247.,27.,85.));
#1382 = LINE('',#1383,#1384);
#1383 = CARTESIAN_POINT('',(247.,27.,65.));
#1384 = VECTOR('',#1385,1.);
#1385 = DIRECTION('',(0.,0.,1.));
#1386 = ORIENTED_EDGE('',*,*,#1387,.T.);
#1387 = EDGE_CURVE('',#1378,#1388,#1390,.T.);
#1388 = VERTEX_POINT('',#1389);
#1389 = CARTESIAN_POINT('',(247.,153.,65.));
#1390 = LINE('',#1391,#1392);
#1391 = CARTESIAN_POINT('',(247.,27.,65.));
#1392 = VECTOR('',#1393,1.);
#1393 = DIRECTION('',(0.,1.,0.));
#1394 = ORIENTED_EDGE('',*,*,#1395,.T.);
#1395 = EDGE_CURVE('',#1388,#1396,#1398,.T.);
#1396 = VERTEX_POINT('',#1397);
#1397 = CARTESIAN_POINT('',(247.,153.,85.));
#1398 = LINE('',#1399,#1400);
#1399 = CARTESIAN_POINT('',(247.,153.,65.));
#1400 = VECTOR('',#1401,1.);
#1401 = DIRECTION('',(0.,0.,1.));
#1402 = ORIENTED_EDGE('',*,*,#1403,.F.);
#1403 = EDGE_CURVE('',#1380,#1396,#1404,.T.);
#1404 = LINE('',#1405,#1406);
#1405 = CARTESIAN_POINT('',(247.,27.,85.));
#1406 = VECTOR('',#1407,1.);
#1407 = DIRECTION('',(0.,1.,0.));
#1408 = PLANE('',#1409);
#1409 = AXIS2_PLACEMENT_3D('',#1410,#1411,#1412);
#1410 = CARTESIAN_POINT('',(247.,27.,65.));
#1411 = DIRECTION('',(1.,0.,0.));
#1412 = DIRECTION('',(0.,0.,1.));
#1413 = ADVANCED_FACE('',(#1414),#1448,.T.);
#1414 = FACE_BOUND('',#1415,.T.);
#1415 = EDGE_LOOP('',(#1416,#1426,#1434,#1442));
#1416 = ORIENTED_EDGE('',*,*,#1417,.F.);
#1417 = EDGE_CURVE('',#1418,#1420,#1422,.T.);
#1418 = VERTEX_POINT('',#1419);
#1419 = CARTESIAN_POINT('',(249.,27.,65.));
#1420 = VERTEX_POINT('',#1421);
#1421 = CARTESIAN_POINT('',(249.,27.,85.));
#1422 = LINE('',#1423,#1424);
#1423 = CARTESIAN_POINT('',(249.,27.,65.));
#1424 = VECTOR('',#1425,1.);
#1425 = DIRECTION('',(0.,0.,1.));
#1426 = ORIENTED_EDGE('',*,*,#1427,.T.);
#1427 = EDGE_CURVE('',#1418,#1428,#1430,.T.);
#1428 = VERTEX_POINT('',#1429);
#1429 = CARTESIAN_POINT('',(249.,153.,65.));
#1430 = LINE('',#1431,#1432);
#1431 = CARTESIAN_POINT('',(249.,27.,65.));
#1432 = VECTOR('',#1433,1.);
#1433 = DIRECTION('',(0.,1.,0.));
#1434 = ORIENTED_EDGE('',*,*,#1435,.T.);
#1435 = EDGE_CURVE('',#1428,#1436,#1438,.T.);
#1436 = VERTEX_POINT('',#1437);
#1437 = CARTESIAN_POINT('',(249.,153.,85.));
#1438 = LINE('',#1439,#1440);
#1439 = CARTESIAN_POINT('',(249.,153.,65.));
#1440 = VECTOR('',#1441,1.);
#1441 = DIRECTION('',(0.,0.,1.));
#1442 = ORIENTED_EDGE('',*,*,#1443,.F.);
#1443 = EDGE_CURVE('',#1420,#1436,#1444,.T.);
#1444 = LINE('',#1445,#1446);
#1445 = CARTESIAN_POINT('',(249.,27.,85.));
#1446 = VECTOR('',#1447,1.);
#1447 = DIRECTION('',(0.,1.,0.));
#1448 = PLANE('',#1449);
#1449 = AXIS2_PLACEMENT_3D('',#1450,#1451,#1452);
#1450 = CARTESIAN_POINT('',(249.,27.,65.));
#1451 = DIRECTION('',(1.,0.,0.));
#1452 = DIRECTION('',(0.,0.,1.));
#1453 = ADVANCED_FACE('',(#1454),#1470,.F.);
#1454 = FACE_BOUND('',#1455,.F.);
#1455 = EDGE_LOOP('',(#1456,#1462,#1463,#1469));
#1456 = ORIENTED_EDGE('',*,*,#1457,.F.);
#1457 = EDGE_CURVE('',#1378,#1418,#1458,.T.);
#1458 = LINE('',#1459,#1460);
#1459 = CARTESIAN_POINT('',(247.,27.,65.));
#1460 = VECTOR('',#1461,1.);
#1461 = DIRECTION('',(1.,0.,0.));
#1462 = ORIENTED_EDGE('',*,*,#1377,.T.);
#1463 = ORIENTED_EDGE('',*,*,#1464,.T.);
#1464 = EDGE_CURVE('',#1380,#1420,#1465,.T.);
#1465 = LINE('',#1466,#1467);
#1466 = CARTESIAN_POINT('',(247.,27.,85.));
#1467 = VECTOR('',#1468,1.);
#1468 = DIRECTION('',(1.,0.,0.));
#1469 = ORIENTED_EDGE('',*,*,#1417,.F.);
#1470 = PLANE('',#1471);
#1471 = AXIS2_PLACEMENT_3D('',#1472,#1473,#1474);
#1472 = CARTESIAN_POINT('',(247.,27.,65.));
#1473 = DIRECTION('',(0.,1.,0.));
#1474 = DIRECTION('',(0.,0.,1.));
#1475 = ADVANCED_FACE('',(#1476),#1492,.T.);
#1476 = FACE_BOUND('',#1477,.T.);
#1477 = EDGE_LOOP('',(#1478,#1484,#1485,#1491));
#1478 = ORIENTED_EDGE('',*,*,#1479,.F.);
#1479 = EDGE_CURVE('',#1388,#1428,#1480,.T.);
#1480 = LINE('',#1481,#1482);
#1481 = CARTESIAN_POINT('',(247.,153.,65.));
#1482 = VECTOR('',#1483,1.);
#1483 = DIRECTION('',(1.,0.,0.));
#1484 = ORIENTED_EDGE('',*,*,#1395,.T.);
#1485 = ORIENTED_EDGE('',*,*,#1486,.T.);
#1486 = EDGE_CURVE('',#1396,#1436,#1487,.T.);
#1487 = LINE('',#1488,#1489);
#1488 = CARTESIAN_POINT('',(247.,153.,85.));
#1489 = VECTOR('',#1490,1.);
#1490 = DIRECTION('',(1.,0.,0.));
#1491 = ORIENTED_EDGE('',*,*,#1435,.F.);
#1492 = PLANE('',#1493);
#1493 = AXIS2_PLACEMENT_3D('',#1494,#1495,#1496);
#1494 = CARTESIAN_POINT('',(247.,153.,65.));
#1495 = DIRECTION('',(0.,1.,0.));
#1496 = DIRECTION('',(0.,0.,1.));
#1497 = ADVANCED_FACE('',(#1498),#1504,.F.);
#1498 = FACE_BOUND('',#1499,.F.);
#1499 = EDGE_LOOP('',(#1500,#1501,#1502,#1503));
#1500 = ORIENTED_EDGE('',*,*,#1387,.F.);
#1501 = ORIENTED_EDGE('',*,*,#1457,.T.);
#1502 = ORIENTED_EDGE('',*,*,#1427,.T.);
#1503 = ORIENTED_EDGE('',*,*,#1479,.F.);
#1504 = PLANE('',#1505);
#1505 = AXIS2_PLACEMENT_3D('',#1506,#1507,#1508);
#1506 = CARTESIAN_POINT('',(247.,27.,65.));
#1507 = DIRECTION('',(0.,0.,1.));
#1508 = DIRECTION('',(1.,0.,0.));
#1509 = ADVANCED_FACE('',(#1510),#1516,.T.);
#1510 = FACE_BOUND('',#1511,.T.);
#1511 = EDGE_LOOP('',(#1512,#1513,#1514,#1515));
#1512 = ORIENTED_EDGE('',*,*,#1403,.F.);
#1513 = ORIENTED_EDGE('',*,*,#1464,.T.);
#1514 = ORIENTED_EDGE('',*,*,#1443,.T.);
#1515 = ORIENTED_EDGE('',*,*,#1486,.F.);
#1516 = PLANE('',#1517);
#1517 = AXIS2_PLACEMENT_3D('',#1518,#1519,#1520);
#1518 = CARTESIAN_POINT('',(247.,27.,85.));
#1519 = DIRECTION('',(0.,0.,1.));
#1520 = DIRECTION('',(1.,0.,0.));
#1521 = MANIFOLD_SOLID_BREP('',#1522);
#1522 = CLOSED_SHELL('',(#1523,#1563,#1603,#1625,#1647,#1659));
#1523 = ADVANCED_FACE('',(#1524),#1558,.F.);
#1524 = FACE_BOUND('',#1525,.F.);
#1525 = EDGE_LOOP('',(#1526,#1536,#1544,#1552));
#1526 = ORIENTED_EDGE('',*,*,#1527,.F.);
#1527 = EDGE_CURVE('',#1528,#1530,#1532,.T.);
#1528 = VERTEX_POINT('',#1529);
#1529 = CARTESIAN_POINT('',(105.,13.,78.));
#1530 = VERTEX_POINT('',#1531);
#1531 = CARTESIAN_POINT('',(105.,13.,86.));
#1532 = LINE('',#1533,#1534);
#1533 = CARTESIAN_POINT('',(105.,13.,78.));
#1534 = VECTOR('',#1535,1.);
#1535 = DIRECTION('',(0.,0.,1.));
#1536 = ORIENTED_EDGE('',*,*,#1537,.T.);
#1537 = EDGE_CURVE('',#1528,#1538,#1540,.T.);
#1538 = VERTEX_POINT('',#1539);
#1539 = CARTESIAN_POINT('',(105.,83.,78.));
#1540 = LINE('',#1541,#1542);
#1541 = CARTESIAN_POINT('',(105.,13.,78.));
#1542 = VECTOR('',#1543,1.);
#1543 = DIRECTION('',(0.,1.,0.));
#1544 = ORIENTED_EDGE('',*,*,#1545,.T.);
#1545 = EDGE_CURVE('',#1538,#1546,#1548,.T.);
#1546 = VERTEX_POINT('',#1547);
#1547 = CARTESIAN_POINT('',(105.,83.,86.));
#1548 = LINE('',#1549,#1550);
#1549 = CARTESIAN_POINT('',(105.,83.,78.));
#1550 = VECTOR('',#1551,1.);
#1551 = DIRECTION('',(0.,0.,1.));
#1552 = ORIENTED_EDGE('',*,*,#1553,.F.);
#1553 = EDGE_CURVE('',#1530,#1546,#1554,.T.);
#1554 = LINE('',#1555,#1556);
#1555 = CARTESIAN_POINT('',(105.,13.,86.));
#1556 = VECTOR('',#1557,1.);
#1557 = DIRECTION('',(0.,1.,0.));
#1558 = PLANE('',#1559);
#1559 = AXIS2_PLACEMENT_3D('',#1560,#1561,#1562);
#1560 = CARTESIAN_POINT('',(105.,13.,78.));
#1561 = DIRECTION('',(1.,0.,0.));
#1562 = DIRECTION('',(0.,0.,1.));
#1563 = ADVANCED_FACE('',(#1564),#1598,.T.);
#1564 = FACE_BOUND('',#1565,.T.);
#1565 = EDGE_LOOP('',(#1566,#1576,#1584,#1592));
#1566 = ORIENTED_EDGE('',*,*,#1567,.F.);
#1567 = EDGE_CURVE('',#1568,#1570,#1572,.T.);
#1568 = VERTEX_POINT('',#1569);
#1569 = CARTESIAN_POINT('',(107.,13.,78.));
#1570 = VERTEX_POINT('',#1571);
#1571 = CARTESIAN_POINT('',(107.,13.,86.));
#1572 = LINE('',#1573,#1574);
#1573 = CARTESIAN_POINT('',(107.,13.,78.));
#1574 = VECTOR('',#1575,1.);
#1575 = DIRECTION('',(0.,0.,1.));
#1576 = ORIENTED_EDGE('',*,*,#1577,.T.);
#1577 = EDGE_CURVE('',#1568,#1578,#1580,.T.);
#1578 = VERTEX_POINT('',#1579);
#1579 = CARTESIAN_POINT('',(107.,83.,78.));
#1580 = LINE('',#1581,#1582);
#1581 = CARTESIAN_POINT('',(107.,13.,78.));
#1582 = VECTOR('',#1583,1.);
#1583 = DIRECTION('',(0.,1.,0.));
#1584 = ORIENTED_EDGE('',*,*,#1585,.T.);
#1585 = EDGE_CURVE('',#1578,#1586,#1588,.T.);
#1586 = VERTEX_POINT('',#1587);
#1587 = CARTESIAN_POINT('',(107.,83.,86.));
#1588 = LINE('',#1589,#1590);
#1589 = CARTESIAN_POINT('',(107.,83.,78.));
#1590 = VECTOR('',#1591,1.);
#1591 = DIRECTION('',(0.,0.,1.));
#1592 = ORIENTED_EDGE('',*,*,#1593,.F.);
#1593 = EDGE_CURVE('',#1570,#1586,#1594,.T.);
#1594 = LINE('',#1595,#1596);
#1595 = CARTESIAN_POINT('',(107.,13.,86.));
#1596 = VECTOR('',#1597,1.);
#1597 = DIRECTION('',(0.,1.,0.));
#1598 = PLANE('',#1599);
#1599 = AXIS2_PLACEMENT_3D('',#1600,#1601,#1602);
#1600 = CARTESIAN_POINT('',(107.,13.,78.));
#1601 = DIRECTION('',(1.,0.,0.));
#1602 = DIRECTION('',(0.,0.,1.));
#1603 = ADVANCED_FACE('',(#1604),#1620,.F.);
#1604 = FACE_BOUND('',#1605,.F.);
#1605 = EDGE_LOOP('',(#1606,#1612,#1613,#1619));
#1606 = ORIENTED_EDGE('',*,*,#1607,.F.);
#1607 = EDGE_CURVE('',#1528,#1568,#1608,.T.);
#1608 = LINE('',#1609,#1610);
#1609 = CARTESIAN_POINT('',(105.,13.,78.));
#1610 = VECTOR('',#1611,1.);
#1611 = DIRECTION('',(1.,0.,0.));
#1612 = ORIENTED_EDGE('',*,*,#1527,.T.);
#1613 = ORIENTED_EDGE('',*,*,#1614,.T.);
#1614 = EDGE_CURVE('',#1530,#1570,#1615,.T.);
#1615 = LINE('',#1616,#1617);
#1616 = CARTESIAN_POINT('',(105.,13.,86.));
#1617 = VECTOR('',#1618,1.);
#1618 = DIRECTION('',(1.,0.,0.));
#1619 = ORIENTED_EDGE('',*,*,#1567,.F.);
#1620 = PLANE('',#1621);
#1621 = AXIS2_PLACEMENT_3D('',#1622,#1623,#1624);
#1622 = CARTESIAN_POINT('',(105.,13.,78.));
#1623 = DIRECTION('',(0.,1.,0.));
#1624 = DIRECTION('',(0.,0.,1.));
#1625 = ADVANCED_FACE('',(#1626),#1642,.T.);
#1626 = FACE_BOUND('',#1627,.T.);
#1627 = EDGE_LOOP('',(#1628,#1634,#1635,#1641));
#1628 = ORIENTED_EDGE('',*,*,#1629,.F.);
#1629 = EDGE_CURVE('',#1538,#1578,#1630,.T.);
#1630 = LINE('',#1631,#1632);
#1631 = CARTESIAN_POINT('',(105.,83.,78.));
#1632 = VECTOR('',#1633,1.);
#1633 = DIRECTION('',(1.,0.,0.));
#1634 = ORIENTED_EDGE('',*,*,#1545,.T.);
#1635 = ORIENTED_EDGE('',*,*,#1636,.T.);
#1636 = EDGE_CURVE('',#1546,#1586,#1637,.T.);
#1637 = LINE('',#1638,#1639);
#1638 = CARTESIAN_POINT('',(105.,83.,86.));
#1639 = VECTOR('',#1640,1.);
#1640 = DIRECTION('',(1.,0.,0.));
#1641 = ORIENTED_EDGE('',*,*,#1585,.F.);
#1642 = PLANE('',#1643);
#1643 = AXIS2_PLACEMENT_3D('',#1644,#1645,#1646);
#1644 = CARTESIAN_POINT('',(105.,83.,78.));
#1645 = DIRECTION('',(0.,1.,0.));
#1646 = DIRECTION('',(0.,0.,1.));
#1647 = ADVANCED_FACE('',(#1648),#1654,.F.);
#1648 = FACE_BOUND('',#1649,.F.);
#1649 = EDGE_LOOP('',(#1650,#1651,#1652,#1653));
#1650 = ORIENTED_EDGE('',*,*,#1537,.F.);
#1651 = ORIENTED_EDGE('',*,*,#1607,.T.);
#1652 = ORIENTED_EDGE('',*,*,#1577,.T.);
#1653 = ORIENTED_EDGE('',*,*,#1629,.F.);
#1654 = PLANE('',#1655);
#1655 = AXIS2_PLACEMENT_3D('',#1656,#1657,#1658);
#1656 = CARTESIAN_POINT('',(105.,13.,78.));
#1657 = DIRECTION('',(0.,0.,1.));
#1658 = DIRECTION('',(1.,0.,0.));
#1659 = ADVANCED_FACE('',(#1660),#1666,.T.);
#1660 = FACE_BOUND('',#1661,.T.);
#1661 = EDGE_LOOP('',(#1662,#1663,#1664,#1665));
#1662 = ORIENTED_EDGE('',*,*,#1553,.F.);
#1663 = ORIENTED_EDGE('',*,*,#1614,.T.);
#1664 = ORIENTED_EDGE('',*,*,#1593,.T.);
#1665 = ORIENTED_EDGE('',*,*,#1636,.F.);
#1666 = PLANE('',#1667);
#1667 = AXIS2_PLACEMENT_3D('',#1668,#1669,#1670);
#1668 = CARTESIAN_POINT('',(105.,13.,86.));
#1669 = DIRECTION('',(0.,0.,1.));
#1670 = DIRECTION('',(1.,0.,0.));
#1671 = MANIFOLD_SOLID_BREP('',#1672);
#1672 = CLOSED_SHELL('',(#1673,#1713,#1753,#1775,#1797,#1809));
#1673 = ADVANCED_FACE('',(#1674),#1708,.F.);
#1674 = FACE_BOUND('',#1675,.F.);
#1675 = EDGE_LOOP('',(#1676,#1686,#1694,#1702));
#1676 = ORIENTED_EDGE('',*,*,#1677,.F.);
#1677 = EDGE_CURVE('',#1678,#1680,#1682,.T.);
#1678 = VERTEX_POINT('',#1679);
#1679 = CARTESIAN_POINT('',(106.,85.,54.));
#1680 = VERTEX_POINT('',#1681);
#1681 = CARTESIAN_POINT('',(106.,85.,65.));
#1682 = LINE('',#1683,#1684);
#1683 = CARTESIAN_POINT('',(106.,85.,54.));
#1684 = VECTOR('',#1685,1.);
#1685 = DIRECTION('',(0.,0.,1.));
#1686 = ORIENTED_EDGE('',*,*,#1687,.T.);
#1687 = EDGE_CURVE('',#1678,#1688,#1690,.T.);
#1688 = VERTEX_POINT('',#1689);
#1689 = CARTESIAN_POINT('',(106.,153.,54.));
#1690 = LINE('',#1691,#1692);
#1691 = CARTESIAN_POINT('',(106.,85.,54.));
#1692 = VECTOR('',#1693,1.);
#1693 = DIRECTION('',(0.,1.,0.));
#1694 = ORIENTED_EDGE('',*,*,#1695,.T.);
#1695 = EDGE_CURVE('',#1688,#1696,#1698,.T.);
#1696 = VERTEX_POINT('',#1697);
#1697 = CARTESIAN_POINT('',(106.,153.,65.));
#1698 = LINE('',#1699,#1700);
#1699 = CARTESIAN_POINT('',(106.,153.,54.));
#1700 = VECTOR('',#1701,1.);
#1701 = DIRECTION('',(0.,0.,1.));
#1702 = ORIENTED_EDGE('',*,*,#1703,.F.);
#1703 = EDGE_CURVE('',#1680,#1696,#1704,.T.);
#1704 = LINE('',#1705,#1706);
#1705 = CARTESIAN_POINT('',(106.,85.,65.));
#1706 = VECTOR('',#1707,1.);
#1707 = DIRECTION('',(0.,1.,0.));
#1708 = PLANE('',#1709);
#1709 = AXIS2_PLACEMENT_3D('',#1710,#1711,#1712);
#1710 = CARTESIAN_POINT('',(106.,85.,54.));
#1711 = DIRECTION('',(1.,0.,0.));
#1712 = DIRECTION('',(0.,0.,1.));
#1713 = ADVANCED_FACE('',(#1714),#1748,.T.);
#1714 = FACE_BOUND('',#1715,.T.);
#1715 = EDGE_LOOP('',(#1716,#1726,#1734,#1742));
#1716 = ORIENTED_EDGE('',*,*,#1717,.F.);
#1717 = EDGE_CURVE('',#1718,#1720,#1722,.T.);
#1718 = VERTEX_POINT('',#1719);
#1719 = CARTESIAN_POINT('',(109.,85.,54.));
#1720 = VERTEX_POINT('',#1721);
#1721 = CARTESIAN_POINT('',(109.,85.,65.));
#1722 = LINE('',#1723,#1724);
#1723 = CARTESIAN_POINT('',(109.,85.,54.));
#1724 = VECTOR('',#1725,1.);
#1725 = DIRECTION('',(0.,0.,1.));
#1726 = ORIENTED_EDGE('',*,*,#1727,.T.);
#1727 = EDGE_CURVE('',#1718,#1728,#1730,.T.);
#1728 = VERTEX_POINT('',#1729);
#1729 = CARTESIAN_POINT('',(109.,153.,54.));
#1730 = LINE('',#1731,#1732);
#1731 = CARTESIAN_POINT('',(109.,85.,54.));
#1732 = VECTOR('',#1733,1.);
#1733 = DIRECTION('',(0.,1.,0.));
#1734 = ORIENTED_EDGE('',*,*,#1735,.T.);
#1735 = EDGE_CURVE('',#1728,#1736,#1738,.T.);
#1736 = VERTEX_POINT('',#1737);
#1737 = CARTESIAN_POINT('',(109.,153.,65.));
#1738 = LINE('',#1739,#1740);
#1739 = CARTESIAN_POINT('',(109.,153.,54.));
#1740 = VECTOR('',#1741,1.);
#1741 = DIRECTION('',(0.,0.,1.));
#1742 = ORIENTED_EDGE('',*,*,#1743,.F.);
#1743 = EDGE_CURVE('',#1720,#1736,#1744,.T.);
#1744 = LINE('',#1745,#1746);
#1745 = CARTESIAN_POINT('',(109.,85.,65.));
#1746 = VECTOR('',#1747,1.);
#1747 = DIRECTION('',(0.,1.,0.));
#1748 = PLANE('',#1749);
#1749 = AXIS2_PLACEMENT_3D('',#1750,#1751,#1752);
#1750 = CARTESIAN_POINT('',(109.,85.,54.));
#1751 = DIRECTION('',(1.,0.,0.));
#1752 = DIRECTION('',(0.,0.,1.));
#1753 = ADVANCED_FACE('',(#1754),#1770,.F.);
#1754 = FACE_BOUND('',#1755,.F.);
#1755 = EDGE_LOOP('',(#1756,#1762,#1763,#1769));
#1756 = ORIENTED_EDGE('',*,*,#1757,.F.);
#1757 = EDGE_CURVE('',#1678,#1718,#1758,.T.);
#1758 = LINE('',#1759,#1760);
#1759 = CARTESIAN_POINT('',(106.,85.,54.));
#1760 = VECTOR('',#1761,1.);
#1761 = DIRECTION('',(1.,0.,0.));
#1762 = ORIENTED_EDGE('',*,*,#1677,.T.);
#1763 = ORIENTED_EDGE('',*,*,#1764,.T.);
#1764 = EDGE_CURVE('',#1680,#1720,#1765,.T.);
#1765 = LINE('',#1766,#1767);
#1766 = CARTESIAN_POINT('',(106.,85.,65.));
#1767 = VECTOR('',#1768,1.);
#1768 = DIRECTION('',(1.,0.,0.));
#1769 = ORIENTED_EDGE('',*,*,#1717,.F.);
#1770 = PLANE('',#1771);
#1771 = AXIS2_PLACEMENT_3D('',#1772,#1773,#1774);
#1772 = CARTESIAN_POINT('',(106.,85.,54.));
#1773 = DIRECTION('',(0.,1.,0.));
#1774 = DIRECTION('',(0.,0.,1.));
#1775 = ADVANCED_FACE('',(#1776),#1792,.T.);
#1776 = FACE_BOUND('',#1777,.T.);
#1777 = EDGE_LOOP('',(#1778,#1784,#1785,#1791));
#1778 = ORIENTED_EDGE('',*,*,#1779,.F.);
#1779 = EDGE_CURVE('',#1688,#1728,#1780,.T.);
#1780 = LINE('',#1781,#1782);
#1781 = CARTESIAN_POINT('',(106.,153.,54.));
#1782 = VECTOR('',#1783,1.);
#1783 = DIRECTION('',(1.,0.,0.));
#1784 = ORIENTED_EDGE('',*,*,#1695,.T.);
#1785 = ORIENTED_EDGE('',*,*,#1786,.T.);
#1786 = EDGE_CURVE('',#1696,#1736,#1787,.T.);
#1787 = LINE('',#1788,#1789);
#1788 = CARTESIAN_POINT('',(106.,153.,65.));
#1789 = VECTOR('',#1790,1.);
#1790 = DIRECTION('',(1.,0.,0.));
#1791 = ORIENTED_EDGE('',*,*,#1735,.F.);
#1792 = PLANE('',#1793);
#1793 = AXIS2_PLACEMENT_3D('',#1794,#1795,#1796);
#1794 = CARTESIAN_POINT('',(106.,153.,54.));
#1795 = DIRECTION('',(0.,1.,0.));
#1796 = DIRECTION('',(0.,0.,1.));
#1797 = ADVANCED_FACE('',(#1798),#1804,.F.);
#1798 = FACE_BOUND('',#1799,.F.);
#1799 = EDGE_LOOP('',(#1800,#1801,#1802,#1803));
#1800 = ORIENTED_EDGE('',*,*,#1687,.F.);
#1801 = ORIENTED_EDGE('',*,*,#1757,.T.);
#1802 = ORIENTED_EDGE('',*,*,#1727,.T.);
#1803 = ORIENTED_EDGE('',*,*,#1779,.F.);
#1804 = PLANE('',#1805);
#1805 = AXIS2_PLACEMENT_3D('',#1806,#1807,#1808);
#1806 = CARTESIAN_POINT('',(106.,85.,54.));
#1807 = DIRECTION('',(0.,0.,1.));
#1808 = DIRECTION('',(1.,0.,0.));
#1809 = ADVANCED_FACE('',(#1810),#1816,.T.);
#1810 = FACE_BOUND('',#1811,.T.);
#1811 = EDGE_LOOP('',(#1812,#1813,#1814,#1815));
#1812 = ORIENTED_EDGE('',*,*,#1703,.F.);
#1813 = ORIENTED_EDGE('',*,*,#1764,.T.);
#1814 = ORIENTED_EDGE('',*,*,#1743,.T.);
#1815 = ORIENTED_EDGE('',*,*,#1786,.F.);
#1816 = PLANE('',#1817);
#1817 = AXIS2_PLACEMENT_3D('',#1818,#1819,#1820);
#1818 = CARTESIAN_POINT('',(106.,85.,65.));
#1819 = DIRECTION('',(0.,0.,1.));
#1820 = DIRECTION('',(1.,0.,0.));
#1821 = MANIFOLD_SOLID_BREP('',#1822);
#1822 = CLOSED_SHELL('',(#1823,#1863,#1903,#1925,#1947,#1959));
#1823 = ADVANCED_FACE('',(#1824),#1858,.F.);
#1824 = FACE_BOUND('',#1825,.F.);
#1825 = EDGE_LOOP('',(#1826,#1836,#1844,#1852));
#1826 = ORIENTED_EDGE('',*,*,#1827,.F.);
#1827 = EDGE_CURVE('',#1828,#1830,#1832,.T.);
#1828 = VERTEX_POINT('',#1829);
#1829 = CARTESIAN_POINT('',(166.,85.,54.));
#1830 = VERTEX_POINT('',#1831);
#1831 = CARTESIAN_POINT('',(166.,85.,65.));
#1832 = LINE('',#1833,#1834);
#1833 = CARTESIAN_POINT('',(166.,85.,54.));
#1834 = VECTOR('',#1835,1.);
#1835 = DIRECTION('',(0.,0.,1.));
#1836 = ORIENTED_EDGE('',*,*,#1837,.T.);
#1837 = EDGE_CURVE('',#1828,#1838,#1840,.T.);
#1838 = VERTEX_POINT('',#1839);
#1839 = CARTESIAN_POINT('',(166.,153.,54.));
#1840 = LINE('',#1841,#1842);
#1841 = CARTESIAN_POINT('',(166.,85.,54.));
#1842 = VECTOR('',#1843,1.);
#1843 = DIRECTION('',(0.,1.,0.));
#1844 = ORIENTED_EDGE('',*,*,#1845,.T.);
#1845 = EDGE_CURVE('',#1838,#1846,#1848,.T.);
#1846 = VERTEX_POINT('',#1847);
#1847 = CARTESIAN_POINT('',(166.,153.,65.));
#1848 = LINE('',#1849,#1850);
#1849 = CARTESIAN_POINT('',(166.,153.,54.));
#1850 = VECTOR('',#1851,1.);
#1851 = DIRECTION('',(0.,0.,1.));
#1852 = ORIENTED_EDGE('',*,*,#1853,.F.);
#1853 = EDGE_CURVE('',#1830,#1846,#1854,.T.);
#1854 = LINE('',#1855,#1856);
#1855 = CARTESIAN_POINT('',(166.,85.,65.));
#1856 = VECTOR('',#1857,1.);
#1857 = DIRECTION('',(0.,1.,0.));
#1858 = PLANE('',#1859);
#1859 = AXIS2_PLACEMENT_3D('',#1860,#1861,#1862);
#1860 = CARTESIAN_POINT('',(166.,85.,54.));
#1861 = DIRECTION('',(1.,0.,0.));
#1862 = DIRECTION('',(0.,0.,1.));
#1863 = ADVANCED_FACE('',(#1864),#1898,.T.);
#1864 = FACE_BOUND('',#1865,.T.);
#1865 = EDGE_LOOP('',(#1866,#1876,#1884,#1892));
#1866 = ORIENTED_EDGE('',*,*,#1867,.F.);
#1867 = EDGE_CURVE('',#1868,#1870,#1872,.T.);
#1868 = VERTEX_POINT('',#1869);
#1869 = CARTESIAN_POINT('',(169.,85.,54.));
#1870 = VERTEX_POINT('',#1871);
#1871 = CARTESIAN_POINT('',(169.,85.,65.));
#1872 = LINE('',#1873,#1874);
#1873 = CARTESIAN_POINT('',(169.,85.,54.));
#1874 = VECTOR('',#1875,1.);
#1875 = DIRECTION('',(0.,0.,1.));
#1876 = ORIENTED_EDGE('',*,*,#1877,.T.);
#1877 = EDGE_CURVE('',#1868,#1878,#1880,.T.);
#1878 = VERTEX_POINT('',#1879);
#1879 = CARTESIAN_POINT('',(169.,153.,54.));
#1880 = LINE('',#1881,#1882);
#1881 = CARTESIAN_POINT('',(169.,85.,54.));
#1882 = VECTOR('',#1883,1.);
#1883 = DIRECTION('',(0.,1.,0.));
#1884 = ORIENTED_EDGE('',*,*,#1885,.T.);
#1885 = EDGE_CURVE('',#1878,#1886,#1888,.T.);
#1886 = VERTEX_POINT('',#1887);
#1887 = CARTESIAN_POINT('',(169.,153.,65.));
#1888 = LINE('',#1889,#1890);
#1889 = CARTESIAN_POINT('',(169.,153.,54.));
#1890 = VECTOR('',#1891,1.);
#1891 = DIRECTION('',(0.,0.,1.));
#1892 = ORIENTED_EDGE('',*,*,#1893,.F.);
#1893 = EDGE_CURVE('',#1870,#1886,#1894,.T.);
#1894 = LINE('',#1895,#1896);
#1895 = CARTESIAN_POINT('',(169.,85.,65.));
#1896 = VECTOR('',#1897,1.);
#1897 = DIRECTION('',(0.,1.,0.));
#1898 = PLANE('',#1899);
#1899 = AXIS2_PLACEMENT_3D('',#1900,#1901,#1902);
#1900 = CARTESIAN_POINT('',(169.,85.,54.));
#1901 = DIRECTION('',(1.,0.,0.));
#1902 = DIRECTION('',(0.,0.,1.));
#1903 = ADVANCED_FACE('',(#1904),#1920,.F.);
#1904 = FACE_BOUND('',#1905,.F.);
#1905 = EDGE_LOOP('',(#1906,#1912,#1913,#1919));
#1906 = ORIENTED_EDGE('',*,*,#1907,.F.);
#1907 = EDGE_CURVE('',#1828,#1868,#1908,.T.);
#1908 = LINE('',#1909,#1910);
#1909 = CARTESIAN_POINT('',(166.,85.,54.));
#1910 = VECTOR('',#1911,1.);
#1911 = DIRECTION('',(1.,0.,0.));
#1912 = ORIENTED_EDGE('',*,*,#1827,.T.);
#1913 = ORIENTED_EDGE('',*,*,#1914,.T.);
#1914 = EDGE_CURVE('',#1830,#1870,#1915,.T.);
#1915 = LINE('',#1916,#1917);
#1916 = CARTESIAN_POINT('',(166.,85.,65.));
#1917 = VECTOR('',#1918,1.);
#1918 = DIRECTION('',(1.,0.,0.));
#1919 = ORIENTED_EDGE('',*,*,#1867,.F.);
#1920 = PLANE('',#1921);
#1921 = AXIS2_PLACEMENT_3D('',#1922,#1923,#1924);
#1922 = CARTESIAN_POINT('',(166.,85.,54.));
#1923 = DIRECTION('',(0.,1.,0.));
#1924 = DIRECTION('',(0.,0.,1.));
#1925 = ADVANCED_FACE('',(#1926),#1942,.T.);
#1926 = FACE_BOUND('',#1927,.T.);
#1927 = EDGE_LOOP('',(#1928,#1934,#1935,#1941));
#1928 = ORIENTED_EDGE('',*,*,#1929,.F.);
#1929 = EDGE_CURVE('',#1838,#1878,#1930,.T.);
#1930 = LINE('',#1931,#1932);
#1931 = CARTESIAN_POINT('',(166.,153.,54.));
#1932 = VECTOR('',#1933,1.);
#1933 = DIRECTION('',(1.,0.,0.));
#1934 = ORIENTED_EDGE('',*,*,#1845,.T.);
#1935 = ORIENTED_EDGE('',*,*,#1936,.T.);
#1936 = EDGE_CURVE('',#1846,#1886,#1937,.T.);
#1937 = LINE('',#1938,#1939);
#1938 = CARTESIAN_POINT('',(166.,153.,65.));
#1939 = VECTOR('',#1940,1.);
#1940 = DIRECTION('',(1.,0.,0.));
#1941 = ORIENTED_EDGE('',*,*,#1885,.F.);
#1942 = PLANE('',#1943);
#1943 = AXIS2_PLACEMENT_3D('',#1944,#1945,#1946);
#1944 = CARTESIAN_POINT('',(166.,153.,54.));
#1945 = DIRECTION('',(0.,1.,0.));
#1946 = DIRECTION('',(0.,0.,1.));
#1947 = ADVANCED_FACE('',(#1948),#1954,.F.);
#1948 = FACE_BOUND('',#1949,.F.);
#1949 = EDGE_LOOP('',(#1950,#1951,#1952,#1953));
#1950 = ORIENTED_EDGE('',*,*,#1837,.F.);
#1951 = ORIENTED_EDGE('',*,*,#1907,.T.);
#1952 = ORIENTED_EDGE('',*,*,#1877,.T.);
#1953 = ORIENTED_EDGE('',*,*,#1929,.F.);
#1954 = PLANE('',#1955);
#1955 = AXIS2_PLACEMENT_3D('',#1956,#1957,#1958);
#1956 = CARTESIAN_POINT('',(166.,85.,54.));
#1957 = DIRECTION('',(0.,0.,1.));
#1958 = DIRECTION('',(1.,0.,0.));
#1959 = ADVANCED_FACE('',(#1960),#1966,.T.);
#1960 = FACE_BOUND('',#1961,.T.);
#1961 = EDGE_LOOP('',(#1962,#1963,#1964,#1965));
#1962 = ORIENTED_EDGE('',*,*,#1853,.F.);
#1963 = ORIENTED_EDGE('',*,*,#1914,.T.);
#1964 = ORIENTED_EDGE('',*,*,#1893,.T.);
#1965 = ORIENTED_EDGE('',*,*,#1936,.F.);
#1966 = PLANE('',#1967);
#1967 = AXIS2_PLACEMENT_3D('',#1968,#1969,#1970);
#1968 = CARTESIAN_POINT('',(166.,85.,65.));
#1969 = DIRECTION('',(0.,0.,1.));
#1970 = DIRECTION('',(1.,0.,0.));
#1971 = MANIFOLD_SOLID_BREP('',#1972);
#1972 = CLOSED_SHELL('',(#1973,#2013,#2053,#2075,#2097,#2109));
#1973 = ADVANCED_FACE('',(#1974),#2008,.F.);
#1974 = FACE_BOUND('',#1975,.F.);
#1975 = EDGE_LOOP('',(#1976,#1986,#1994,#2002));
#1976 = ORIENTED_EDGE('',*,*,#1977,.F.);
#1977 = EDGE_CURVE('',#1978,#1980,#1982,.T.);
#1978 = VERTEX_POINT('',#1979);
#1979 = CARTESIAN_POINT('',(29.,263.,65.));
#1980 = VERTEX_POINT('',#1981);
#1981 = CARTESIAN_POINT('',(29.,263.,84.));
#1982 = LINE('',#1983,#1984);
#1983 = CARTESIAN_POINT('',(29.,263.,65.));
#1984 = VECTOR('',#1985,1.);
#1985 = DIRECTION('',(0.,0.,1.));
#1986 = ORIENTED_EDGE('',*,*,#1987,.T.);
#1987 = EDGE_CURVE('',#1978,#1988,#1990,.T.);
#1988 = VERTEX_POINT('',#1989);
#1989 = CARTESIAN_POINT('',(29.,266.,65.));
#1990 = LINE('',#1991,#1992);
#1991 = CARTESIAN_POINT('',(29.,263.,65.));
#1992 = VECTOR('',#1993,1.);
#1993 = DIRECTION('',(0.,1.,0.));
#1994 = ORIENTED_EDGE('',*,*,#1995,.T.);
#1995 = EDGE_CURVE('',#1988,#1996,#1998,.T.);
#1996 = VERTEX_POINT('',#1997);
#1997 = CARTESIAN_POINT('',(29.,266.,84.));
#1998 = LINE('',#1999,#2000);
#1999 = CARTESIAN_POINT('',(29.,266.,65.));
#2000 = VECTOR('',#2001,1.);
#2001 = DIRECTION('',(0.,0.,1.));
#2002 = ORIENTED_EDGE('',*,*,#2003,.F.);
#2003 = EDGE_CURVE('',#1980,#1996,#2004,.T.);
#2004 = LINE('',#2005,#2006);
#2005 = CARTESIAN_POINT('',(29.,263.,84.));
#2006 = VECTOR('',#2007,1.);
#2007 = DIRECTION('',(0.,1.,0.));
#2008 = PLANE('',#2009);
#2009 = AXIS2_PLACEMENT_3D('',#2010,#2011,#2012);
#2010 = CARTESIAN_POINT('',(29.,263.,65.));
#2011 = DIRECTION('',(1.,0.,0.));
#2012 = DIRECTION('',(0.,0.,1.));
#2013 = ADVANCED_FACE('',(#2014),#2048,.T.);
#2014 = FACE_BOUND('',#2015,.T.);
#2015 = EDGE_LOOP('',(#2016,#2026,#2034,#2042));
#2016 = ORIENTED_EDGE('',*,*,#2017,.F.);
#2017 = EDGE_CURVE('',#2018,#2020,#2022,.T.);
#2018 = VERTEX_POINT('',#2019);
#2019 = CARTESIAN_POINT('',(246.,263.,65.));
#2020 = VERTEX_POINT('',#2021);
#2021 = CARTESIAN_POINT('',(246.,263.,84.));
#2022 = LINE('',#2023,#2024);
#2023 = CARTESIAN_POINT('',(246.,263.,65.));
#2024 = VECTOR('',#2025,1.);
#2025 = DIRECTION('',(0.,0.,1.));
#2026 = ORIENTED_EDGE('',*,*,#2027,.T.);
#2027 = EDGE_CURVE('',#2018,#2028,#2030,.T.);
#2028 = VERTEX_POINT('',#2029);
#2029 = CARTESIAN_POINT('',(246.,266.,65.));
#2030 = LINE('',#2031,#2032);
#2031 = CARTESIAN_POINT('',(246.,263.,65.));
#2032 = VECTOR('',#2033,1.);
#2033 = DIRECTION('',(0.,1.,0.));
#2034 = ORIENTED_EDGE('',*,*,#2035,.T.);
#2035 = EDGE_CURVE('',#2028,#2036,#2038,.T.);
#2036 = VERTEX_POINT('',#2037);
#2037 = CARTESIAN_POINT('',(246.,266.,84.));
#2038 = LINE('',#2039,#2040);
#2039 = CARTESIAN_POINT('',(246.,266.,65.));
#2040 = VECTOR('',#2041,1.);
#2041 = DIRECTION('',(0.,0.,1.));
#2042 = ORIENTED_EDGE('',*,*,#2043,.F.);
#2043 = EDGE_CURVE('',#2020,#2036,#2044,.T.);
#2044 = LINE('',#2045,#2046);
#2045 = CARTESIAN_POINT('',(246.,263.,84.));
#2046 = VECTOR('',#2047,1.);
#2047 = DIRECTION('',(0.,1.,0.));
#2048 = PLANE('',#2049);
#2049 = AXIS2_PLACEMENT_3D('',#2050,#2051,#2052);
#2050 = CARTESIAN_POINT('',(246.,263.,65.));
#2051 = DIRECTION('',(1.,0.,0.));
#2052 = DIRECTION('',(0.,0.,1.));
#2053 = ADVANCED_FACE('',(#2054),#2070,.F.);
#2054 = FACE_BOUND('',#2055,.F.);
#2055 = EDGE_LOOP('',(#2056,#2062,#2063,#2069));
#2056 = ORIENTED_EDGE('',*,*,#2057,.F.);
#2057 = EDGE_CURVE('',#1978,#2018,#2058,.T.);
#2058 = LINE('',#2059,#2060);
#2059 = CARTESIAN_POINT('',(29.,263.,65.));
#2060 = VECTOR('',#2061,1.);
#2061 = DIRECTION('',(1.,0.,0.));
#2062 = ORIENTED_EDGE('',*,*,#1977,.T.);
#2063 = ORIENTED_EDGE('',*,*,#2064,.T.);
#2064 = EDGE_CURVE('',#1980,#2020,#2065,.T.);
#2065 = LINE('',#2066,#2067);
#2066 = CARTESIAN_POINT('',(29.,263.,84.));
#2067 = VECTOR('',#2068,1.);
#2068 = DIRECTION('',(1.,0.,0.));
#2069 = ORIENTED_EDGE('',*,*,#2017,.F.);
#2070 = PLANE('',#2071);
#2071 = AXIS2_PLACEMENT_3D('',#2072,#2073,#2074);
#2072 = CARTESIAN_POINT('',(29.,263.,65.));
#2073 = DIRECTION('',(0.,1.,0.));
#2074 = DIRECTION('',(0.,0.,1.));
#2075 = ADVANCED_FACE('',(#2076),#2092,.T.);
#2076 = FACE_BOUND('',#2077,.T.);
#2077 = EDGE_LOOP('',(#2078,#2084,#2085,#2091));
#2078 = ORIENTED_EDGE('',*,*,#2079,.F.);
#2079 = EDGE_CURVE('',#1988,#2028,#2080,.T.);
#2080 = LINE('',#2081,#2082);
#2081 = CARTESIAN_POINT('',(29.,266.,65.));
#2082 = VECTOR('',#2083,1.);
#2083 = DIRECTION('',(1.,0.,0.));
#2084 = ORIENTED_EDGE('',*,*,#1995,.T.);
#2085 = ORIENTED_EDGE('',*,*,#2086,.T.);
#2086 = EDGE_CURVE('',#1996,#2036,#2087,.T.);
#2087 = LINE('',#2088,#2089);
#2088 = CARTESIAN_POINT('',(29.,266.,84.));
#2089 = VECTOR('',#2090,1.);
#2090 = DIRECTION('',(1.,0.,0.));
#2091 = ORIENTED_EDGE('',*,*,#2035,.F.);
#2092 = PLANE('',#2093);
#2093 = AXIS2_PLACEMENT_3D('',#2094,#2095,#2096);
#2094 = CARTESIAN_POINT('',(29.,266.,65.));
#2095 = DIRECTION('',(0.,1.,0.));
#2096 = DIRECTION('',(0.,0.,1.));
#2097 = ADVANCED_FACE('',(#2098),#2104,.F.);
#2098 = FACE_BOUND('',#2099,.F.);
#2099 = EDGE_LOOP('',(#2100,#2101,#2102,#2103));
#2100 = ORIENTED_EDGE('',*,*,#1987,.F.);
#2101 = ORIENTED_EDGE('',*,*,#2057,.T.);
#2102 = ORIENTED_EDGE('',*,*,#2027,.T.);
#2103 = ORIENTED_EDGE('',*,*,#2079,.F.);
#2104 = PLANE('',#2105);
#2105 = AXIS2_PLACEMENT_3D('',#2106,#2107,#2108);
#2106 = CARTESIAN_POINT('',(29.,263.,65.));
#2107 = DIRECTION('',(0.,0.,1.));
#2108 = DIRECTION('',(1.,0.,0.));
#2109 = ADVANCED_FACE('',(#2110),#2116,.T.);
#2110 = FACE_BOUND('',#2111,.T.);
#2111 = EDGE_LOOP('',(#2112,#2113,#2114,#2115));
#2112 = ORIENTED_EDGE('',*,*,#2003,.F.);
#2113 = ORIENTED_EDGE('',*,*,#2064,.T.);
#2114 = ORIENTED_EDGE('',*,*,#2043,.T.);
#2115 = ORIENTED_EDGE('',*,*,#2086,.F.);
#2116 = PLANE('',#2117);
#2117 = AXIS2_PLACEMENT_3D('',#2118,#2119,#2120);
#2118 = CARTESIAN_POINT('',(29.,263.,84.));
#2119 = DIRECTION('',(0.,0.,1.));
#2120 = DIRECTION('',(1.,0.,0.));
#2121 = MANIFOLD_SOLID_BREP('',#2122);
#2122 = CLOSED_SHELL('',(#2123,#2163,#2194,#2229,#2253,#2281,#2293));
#2123 = ADVANCED_FACE('',(#2124),#2158,.F.);
#2124 = FACE_BOUND('',#2125,.F.);
#2125 = EDGE_LOOP('',(#2126,#2136,#2144,#2152));
#2126 = ORIENTED_EDGE('',*,*,#2127,.F.);
#2127 = EDGE_CURVE('',#2128,#2130,#2132,.T.);
#2128 = VERTEX_POINT('',#2129);
#2129 = CARTESIAN_POINT('',(117.5,222.,53.));
#2130 = VERTEX_POINT('',#2131);
#2131 = CARTESIAN_POINT('',(117.5,222.,56.));
#2132 = LINE('',#2133,#2134);
#2133 = CARTESIAN_POINT('',(117.5,222.,53.));
#2134 = VECTOR('',#2135,1.);
#2135 = DIRECTION('',(0.,0.,1.));
#2136 = ORIENTED_EDGE('',*,*,#2137,.T.);
#2137 = EDGE_CURVE('',#2128,#2138,#2140,.T.);
#2138 = VERTEX_POINT('',#2139);
#2139 = CARTESIAN_POINT('',(117.5,266.,53.));
#2140 = LINE('',#2141,#2142);
#2141 = CARTESIAN_POINT('',(117.5,222.,53.));
#2142 = VECTOR('',#2143,1.);
#2143 = DIRECTION('',(0.,1.,0.));
#2144 = ORIENTED_EDGE('',*,*,#2145,.T.);
#2145 = EDGE_CURVE('',#2138,#2146,#2148,.T.);
#2146 = VERTEX_POINT('',#2147);
#2147 = CARTESIAN_POINT('',(117.5,266.,56.));
#2148 = LINE('',#2149,#2150);
#2149 = CARTESIAN_POINT('',(117.5,266.,53.));
#2150 = VECTOR('',#2151,1.);
#2151 = DIRECTION('',(0.,0.,1.));
#2152 = ORIENTED_EDGE('',*,*,#2153,.F.);
#2153 = EDGE_CURVE('',#2130,#2146,#2154,.T.);
#2154 = LINE('',#2155,#2156);
#2155 = CARTESIAN_POINT('',(117.5,222.,56.));
#2156 = VECTOR('',#2157,1.);
#2157 = DIRECTION('',(0.,1.,0.));
#2158 = PLANE('',#2159);
#2159 = AXIS2_PLACEMENT_3D('',#2160,#2161,#2162);
#2160 = CARTESIAN_POINT('',(117.5,222.,53.));
#2161 = DIRECTION('',(1.,0.,0.));
#2162 = DIRECTION('',(0.,0.,1.));
#2163 = ADVANCED_FACE('',(#2164),#2189,.F.);
#2164 = FACE_BOUND('',#2165,.F.);
#2165 = EDGE_LOOP('',(#2166,#2174,#2175,#2183));
#2166 = ORIENTED_EDGE('',*,*,#2167,.F.);
#2167 = EDGE_CURVE('',#2128,#2168,#2170,.T.);
#2168 = VERTEX_POINT('',#2169);
#2169 = CARTESIAN_POINT('',(157.5,222.,53.));
#2170 = LINE('',#2171,#2172);
#2171 = CARTESIAN_POINT('',(117.5,222.,53.));
#2172 = VECTOR('',#2173,1.);
#2173 = DIRECTION('',(1.,0.,0.));
#2174 = ORIENTED_EDGE('',*,*,#2127,.T.);
#2175 = ORIENTED_EDGE('',*,*,#2176,.T.);
#2176 = EDGE_CURVE('',#2130,#2177,#2179,.T.);
#2177 = VERTEX_POINT('',#2178);
#2178 = CARTESIAN_POINT('',(157.5,222.,56.));
#2179 = LINE('',#2180,#2181);
#2180 = CARTESIAN_POINT('',(117.5,222.,56.));
#2181 = VECTOR('',#2182,1.);
#2182 = DIRECTION('',(1.,0.,0.));
#2183 = ORIENTED_EDGE('',*,*,#2184,.F.);
#2184 = EDGE_CURVE('',#2168,#2177,#2185,.T.);
#2185 = LINE('',#2186,#2187);
#2186 = CARTESIAN_POINT('',(157.5,222.,53.));
#2187 = VECTOR('',#2188,1.);
#2188 = DIRECTION('',(0.,0.,1.));
#2189 = PLANE('',#2190);
#2190 = AXIS2_PLACEMENT_3D('',#2191,#2192,#2193);
#2191 = CARTESIAN_POINT('',(117.5,222.,53.));
#2192 = DIRECTION('',(0.,1.,0.));
#2193 = DIRECTION('',(0.,0.,1.));
#2194 = ADVANCED_FACE('',(#2195,#2213),#2224,.T.);
#2195 = FACE_BOUND('',#2196,.T.);
#2196 = EDGE_LOOP('',(#2197,#2198,#2199,#2207));
#2197 = ORIENTED_EDGE('',*,*,#2153,.F.);
#2198 = ORIENTED_EDGE('',*,*,#2176,.T.);
#2199 = ORIENTED_EDGE('',*,*,#2200,.T.);
#2200 = EDGE_CURVE('',#2177,#2201,#2203,.T.);
#2201 = VERTEX_POINT('',#2202);
#2202 = CARTESIAN_POINT('',(157.5,266.,56.));
#2203 = LINE('',#2204,#2205);
#2204 = CARTESIAN_POINT('',(157.5,222.,56.));
#2205 = VECTOR('',#2206,1.);
#2206 = DIRECTION('',(0.,1.,0.));
#2207 = ORIENTED_EDGE('',*,*,#2208,.F.);
#2208 = EDGE_CURVE('',#2146,#2201,#2209,.T.);
#2209 = LINE('',#2210,#2211);
#2210 = CARTESIAN_POINT('',(117.5,266.,56.));
#2211 = VECTOR('',#2212,1.);
#2212 = DIRECTION('',(1.,0.,0.));
#2213 = FACE_BOUND('',#2214,.T.);
#2214 = EDGE_LOOP('',(#2215));
#2215 = ORIENTED_EDGE('',*,*,#2216,.F.);
#2216 = EDGE_CURVE('',#2217,#2217,#2219,.T.);
#2217 = VERTEX_POINT('',#2218);
#2218 = CARTESIAN_POINT('',(141.75,232.,56.));
#2219 = CIRCLE('',#2220,4.25);
#2220 = AXIS2_PLACEMENT_3D('',#2221,#2222,#2223);
#2221 = CARTESIAN_POINT('',(137.5,232.,56.));
#2222 = DIRECTION('',(0.,0.,1.));
#2223 = DIRECTION('',(1.,0.,0.));
#2224 = PLANE('',#2225);
#2225 = AXIS2_PLACEMENT_3D('',#2226,#2227,#2228);
#2226 = CARTESIAN_POINT('',(117.5,222.,56.));
#2227 = DIRECTION('',(0.,0.,1.));
#2228 = DIRECTION('',(1.,0.,0.));
#2229 = ADVANCED_FACE('',(#2230),#2248,.T.);
#2230 = FACE_BOUND('',#2231,.T.);
#2231 = EDGE_LOOP('',(#2232,#2240,#2241,#2242));
#2232 = ORIENTED_EDGE('',*,*,#2233,.F.);
#2233 = EDGE_CURVE('',#2138,#2234,#2236,.T.);
#2234 = VERTEX_POINT('',#2235);
#2235 = CARTESIAN_POINT('',(157.5,266.,53.));
#2236 = LINE('',#2237,#2238);
#2237 = CARTESIAN_POINT('',(117.5,266.,53.));
#2238 = VECTOR('',#2239,1.);
#2239 = DIRECTION('',(1.,0.,0.));
#2240 = ORIENTED_EDGE('',*,*,#2145,.T.);
#2241 = ORIENTED_EDGE('',*,*,#2208,.T.);
#2242 = ORIENTED_EDGE('',*,*,#2243,.F.);
#2243 = EDGE_CURVE('',#2234,#2201,#2244,.T.);
#2244 = LINE('',#2245,#2246);
#2245 = CARTESIAN_POINT('',(157.5,266.,53.));
#2246 = VECTOR('',#2247,1.);
#2247 = DIRECTION('',(0.,0.,1.));
#2248 = PLANE('',#2249);
#2249 = AXIS2_PLACEMENT_3D('',#2250,#2251,#2252);
#2250 = CARTESIAN_POINT('',(117.5,266.,53.));
#2251 = DIRECTION('',(0.,1.,0.));
#2252 = DIRECTION('',(0.,0.,1.));
#2253 = ADVANCED_FACE('',(#2254,#2265),#2276,.F.);
#2254 = FACE_BOUND('',#2255,.F.);
#2255 = EDGE_LOOP('',(#2256,#2257,#2258,#2264));
#2256 = ORIENTED_EDGE('',*,*,#2137,.F.);
#2257 = ORIENTED_EDGE('',*,*,#2167,.T.);
#2258 = ORIENTED_EDGE('',*,*,#2259,.T.);
#2259 = EDGE_CURVE('',#2168,#2234,#2260,.T.);
#2260 = LINE('',#2261,#2262);
#2261 = CARTESIAN_POINT('',(157.5,222.,53.));
#2262 = VECTOR('',#2263,1.);
#2263 = DIRECTION('',(0.,1.,0.));
#2264 = ORIENTED_EDGE('',*,*,#2233,.F.);
#2265 = FACE_BOUND('',#2266,.F.);
#2266 = EDGE_LOOP('',(#2267));
#2267 = ORIENTED_EDGE('',*,*,#2268,.F.);
#2268 = EDGE_CURVE('',#2269,#2269,#2271,.T.);
#2269 = VERTEX_POINT('',#2270);
#2270 = CARTESIAN_POINT('',(141.75,232.,53.));
#2271 = CIRCLE('',#2272,4.25);
#2272 = AXIS2_PLACEMENT_3D('',#2273,#2274,#2275);
#2273 = CARTESIAN_POINT('',(137.5,232.,53.));
#2274 = DIRECTION('',(0.,0.,1.));
#2275 = DIRECTION('',(1.,0.,0.));
#2276 = PLANE('',#2277);
#2277 = AXIS2_PLACEMENT_3D('',#2278,#2279,#2280);
#2278 = CARTESIAN_POINT('',(117.5,222.,53.));
#2279 = DIRECTION('',(0.,0.,1.));
#2280 = DIRECTION('',(1.,0.,0.));
#2281 = ADVANCED_FACE('',(#2282),#2288,.T.);
#2282 = FACE_BOUND('',#2283,.T.);
#2283 = EDGE_LOOP('',(#2284,#2285,#2286,#2287));
#2284 = ORIENTED_EDGE('',*,*,#2184,.F.);
#2285 = ORIENTED_EDGE('',*,*,#2259,.T.);
#2286 = ORIENTED_EDGE('',*,*,#2243,.T.);
#2287 = ORIENTED_EDGE('',*,*,#2200,.F.);
#2288 = PLANE('',#2289);
#2289 = AXIS2_PLACEMENT_3D('',#2290,#2291,#2292);
#2290 = CARTESIAN_POINT('',(157.5,222.,53.));
#2291 = DIRECTION('',(1.,0.,0.));
#2292 = DIRECTION('',(0.,0.,1.));
#2293 = ADVANCED_FACE('',(#2294),#2305,.F.);
#2294 = FACE_BOUND('',#2295,.F.);
#2295 = EDGE_LOOP('',(#2296,#2297,#2303,#2304));
#2296 = ORIENTED_EDGE('',*,*,#2216,.F.);
#2297 = ORIENTED_EDGE('',*,*,#2298,.F.);
#2298 = EDGE_CURVE('',#2269,#2217,#2299,.T.);
#2299 = LINE('',#2300,#2301);
#2300 = CARTESIAN_POINT('',(141.75,232.,52.));
#2301 = VECTOR('',#2302,1.);
#2302 = DIRECTION('',(0.,0.,1.));
#2303 = ORIENTED_EDGE('',*,*,#2268,.T.);
#2304 = ORIENTED_EDGE('',*,*,#2298,.T.);
#2305 = CYLINDRICAL_SURFACE('',#2306,4.25);
#2306 = AXIS2_PLACEMENT_3D('',#2307,#2308,#2309);
#2307 = CARTESIAN_POINT('',(137.5,232.,52.));
#2308 = DIRECTION('',(0.,0.,1.));
#2309 = DIRECTION('',(1.,0.,0.));
#2310 = MANIFOLD_SOLID_BREP('',#2311);
#2311 = CLOSED_SHELL('',(#2312,#2352,#2392,#2414,#2436,#2448));
#2312 = ADVANCED_FACE('',(#2313),#2347,.F.);
#2313 = FACE_BOUND('',#2314,.F.);
#2314 = EDGE_LOOP('',(#2315,#2325,#2333,#2341));
#2315 = ORIENTED_EDGE('',*,*,#2316,.F.);
#2316 = EDGE_CURVE('',#2317,#2319,#2321,.T.);
#2317 = VERTEX_POINT('',#2318);
#2318 = CARTESIAN_POINT('',(117.5,263.,56.));
#2319 = VERTEX_POINT('',#2320);
#2320 = CARTESIAN_POINT('',(117.5,263.,65.));
#2321 = LINE('',#2322,#2323);
#2322 = CARTESIAN_POINT('',(117.5,263.,56.));
#2323 = VECTOR('',#2324,1.);
#2324 = DIRECTION('',(0.,0.,1.));
#2325 = ORIENTED_EDGE('',*,*,#2326,.T.);
#2326 = EDGE_CURVE('',#2317,#2327,#2329,.T.);
#2327 = VERTEX_POINT('',#2328);
#2328 = CARTESIAN_POINT('',(117.5,266.,56.));
#2329 = LINE('',#2330,#2331);
#2330 = CARTESIAN_POINT('',(117.5,263.,56.));
#2331 = VECTOR('',#2332,1.);
#2332 = DIRECTION('',(0.,1.,0.));
#2333 = ORIENTED_EDGE('',*,*,#2334,.T.);
#2334 = EDGE_CURVE('',#2327,#2335,#2337,.T.);
#2335 = VERTEX_POINT('',#2336);
#2336 = CARTESIAN_POINT('',(117.5,266.,65.));
#2337 = LINE('',#2338,#2339);
#2338 = CARTESIAN_POINT('',(117.5,266.,56.));
#2339 = VECTOR('',#2340,1.);
#2340 = DIRECTION('',(0.,0.,1.));
#2341 = ORIENTED_EDGE('',*,*,#2342,.F.);
#2342 = EDGE_CURVE('',#2319,#2335,#2343,.T.);
#2343 = LINE('',#2344,#2345);
#2344 = CARTESIAN_POINT('',(117.5,263.,65.));
#2345 = VECTOR('',#2346,1.);
#2346 = DIRECTION('',(0.,1.,0.));
#2347 = PLANE('',#2348);
#2348 = AXIS2_PLACEMENT_3D('',#2349,#2350,#2351);
#2349 = CARTESIAN_POINT('',(117.5,263.,56.));
#2350 = DIRECTION('',(1.,0.,0.));
#2351 = DIRECTION('',(0.,0.,1.));
#2352 = ADVANCED_FACE('',(#2353),#2387,.T.);
#2353 = FACE_BOUND('',#2354,.T.);
#2354 = EDGE_LOOP('',(#2355,#2365,#2373,#2381));
#2355 = ORIENTED_EDGE('',*,*,#2356,.F.);
#2356 = EDGE_CURVE('',#2357,#2359,#2361,.T.);
#2357 = VERTEX_POINT('',#2358);
#2358 = CARTESIAN_POINT('',(157.5,263.,56.));
#2359 = VERTEX_POINT('',#2360);
#2360 = CARTESIAN_POINT('',(157.5,263.,65.));
#2361 = LINE('',#2362,#2363);
#2362 = CARTESIAN_POINT('',(157.5,263.,56.));
#2363 = VECTOR('',#2364,1.);
#2364 = DIRECTION('',(0.,0.,1.));
#2365 = ORIENTED_EDGE('',*,*,#2366,.T.);
#2366 = EDGE_CURVE('',#2357,#2367,#2369,.T.);
#2367 = VERTEX_POINT('',#2368);
#2368 = CARTESIAN_POINT('',(157.5,266.,56.));
#2369 = LINE('',#2370,#2371);
#2370 = CARTESIAN_POINT('',(157.5,263.,56.));
#2371 = VECTOR('',#2372,1.);
#2372 = DIRECTION('',(0.,1.,0.));
#2373 = ORIENTED_EDGE('',*,*,#2374,.T.);
#2374 = EDGE_CURVE('',#2367,#2375,#2377,.T.);
#2375 = VERTEX_POINT('',#2376);
#2376 = CARTESIAN_POINT('',(157.5,266.,65.));
#2377 = LINE('',#2378,#2379);
#2378 = CARTESIAN_POINT('',(157.5,266.,56.));
#2379 = VECTOR('',#2380,1.);
#2380 = DIRECTION('',(0.,0.,1.));
#2381 = ORIENTED_EDGE('',*,*,#2382,.F.);
#2382 = EDGE_CURVE('',#2359,#2375,#2383,.T.);
#2383 = LINE('',#2384,#2385);
#2384 = CARTESIAN_POINT('',(157.5,263.,65.));
#2385 = VECTOR('',#2386,1.);
#2386 = DIRECTION('',(0.,1.,0.));
#2387 = PLANE('',#2388);
#2388 = AXIS2_PLACEMENT_3D('',#2389,#2390,#2391);
#2389 = CARTESIAN_POINT('',(157.5,263.,56.));
#2390 = DIRECTION('',(1.,0.,0.));
#2391 = DIRECTION('',(0.,0.,1.));
#2392 = ADVANCED_FACE('',(#2393),#2409,.F.);
#2393 = FACE_BOUND('',#2394,.F.);
#2394 = EDGE_LOOP('',(#2395,#2401,#2402,#2408));
#2395 = ORIENTED_EDGE('',*,*,#2396,.F.);
#2396 = EDGE_CURVE('',#2317,#2357,#2397,.T.);
#2397 = LINE('',#2398,#2399);
#2398 = CARTESIAN_POINT('',(117.5,263.,56.));
#2399 = VECTOR('',#2400,1.);
#2400 = DIRECTION('',(1.,0.,0.));
#2401 = ORIENTED_EDGE('',*,*,#2316,.T.);
#2402 = ORIENTED_EDGE('',*,*,#2403,.T.);
#2403 = EDGE_CURVE('',#2319,#2359,#2404,.T.);
#2404 = LINE('',#2405,#2406);
#2405 = CARTESIAN_POINT('',(117.5,263.,65.));
#2406 = VECTOR('',#2407,1.);
#2407 = DIRECTION('',(1.,0.,0.));
#2408 = ORIENTED_EDGE('',*,*,#2356,.F.);
#2409 = PLANE('',#2410);
#2410 = AXIS2_PLACEMENT_3D('',#2411,#2412,#2413);
#2411 = CARTESIAN_POINT('',(117.5,263.,56.));
#2412 = DIRECTION('',(0.,1.,0.));
#2413 = DIRECTION('',(0.,0.,1.));
#2414 = ADVANCED_FACE('',(#2415),#2431,.T.);
#2415 = FACE_BOUND('',#2416,.T.);
#2416 = EDGE_LOOP('',(#2417,#2423,#2424,#2430));
#2417 = ORIENTED_EDGE('',*,*,#2418,.F.);
#2418 = EDGE_CURVE('',#2327,#2367,#2419,.T.);
#2419 = LINE('',#2420,#2421);
#2420 = CARTESIAN_POINT('',(117.5,266.,56.));
#2421 = VECTOR('',#2422,1.);
#2422 = DIRECTION('',(1.,0.,0.));
#2423 = ORIENTED_EDGE('',*,*,#2334,.T.);
#2424 = ORIENTED_EDGE('',*,*,#2425,.T.);
#2425 = EDGE_CURVE('',#2335,#2375,#2426,.T.);
#2426 = LINE('',#2427,#2428);
#2427 = CARTESIAN_POINT('',(117.5,266.,65.));
#2428 = VECTOR('',#2429,1.);
#2429 = DIRECTION('',(1.,0.,0.));
#2430 = ORIENTED_EDGE('',*,*,#2374,.F.);
#2431 = PLANE('',#2432);
#2432 = AXIS2_PLACEMENT_3D('',#2433,#2434,#2435);
#2433 = CARTESIAN_POINT('',(117.5,266.,56.));
#2434 = DIRECTION('',(0.,1.,0.));
#2435 = DIRECTION('',(0.,0.,1.));
#2436 = ADVANCED_FACE('',(#2437),#2443,.F.);
#2437 = FACE_BOUND('',#2438,.F.);
#2438 = EDGE_LOOP('',(#2439,#2440,#2441,#2442));
#2439 = ORIENTED_EDGE('',*,*,#2326,.F.);
#2440 = ORIENTED_EDGE('',*,*,#2396,.T.);
#2441 = ORIENTED_EDGE('',*,*,#2366,.T.);
#2442 = ORIENTED_EDGE('',*,*,#2418,.F.);
#2443 = PLANE('',#2444);
#2444 = AXIS2_PLACEMENT_3D('',#2445,#2446,#2447);
#2445 = CARTESIAN_POINT('',(117.5,263.,56.));
#2446 = DIRECTION('',(0.,0.,1.));
#2447 = DIRECTION('',(1.,0.,0.));
#2448 = ADVANCED_FACE('',(#2449),#2455,.T.);
#2449 = FACE_BOUND('',#2450,.T.);
#2450 = EDGE_LOOP('',(#2451,#2452,#2453,#2454));
#2451 = ORIENTED_EDGE('',*,*,#2342,.F.);
#2452 = ORIENTED_EDGE('',*,*,#2403,.T.);
#2453 = ORIENTED_EDGE('',*,*,#2382,.T.);
#2454 = ORIENTED_EDGE('',*,*,#2425,.F.);
#2455 = PLANE('',#2456);
#2456 = AXIS2_PLACEMENT_3D('',#2457,#2458,#2459);
#2457 = CARTESIAN_POINT('',(117.5,263.,65.));
#2458 = DIRECTION('',(0.,0.,1.));
#2459 = DIRECTION('',(1.,0.,0.));
#2460 = MANIFOLD_SOLID_BREP('',#2461);
#2461 = CLOSED_SHELL('',(#2462,#2495,#2504));
#2462 = ADVANCED_FACE('',(#2463),#2490,.T.);
#2463 = FACE_BOUND('',#2464,.T.);
#2464 = EDGE_LOOP('',(#2465,#2474,#2482,#2489));
#2465 = ORIENTED_EDGE('',*,*,#2466,.F.);
#2466 = EDGE_CURVE('',#2467,#2467,#2469,.T.);
#2467 = VERTEX_POINT('',#2468);
#2468 = CARTESIAN_POINT('',(26.,105.07820144332,69.5));
#2469 = CIRCLE('',#2470,36.);
#2470 = AXIS2_PLACEMENT_3D('',#2471,#2472,#2473);
#2471 = CARTESIAN_POINT('',(26.,105.07820144332,33.5));
#2472 = DIRECTION('',(1.,0.,-0.));
#2473 = DIRECTION('',(0.,0.,1.));
#2474 = ORIENTED_EDGE('',*,*,#2475,.F.);
#2475 = EDGE_CURVE('',#2476,#2467,#2478,.T.);
#2476 = VERTEX_POINT('',#2477);
#2477 = CARTESIAN_POINT('',(2.,105.07820144332,69.5));
#2478 = LINE('',#2479,#2480);
#2479 = CARTESIAN_POINT('',(2.,105.07820144332,69.5));
#2480 = VECTOR('',#2481,1.);
#2481 = DIRECTION('',(1.,0.,0.));
#2482 = ORIENTED_EDGE('',*,*,#2483,.T.);
#2483 = EDGE_CURVE('',#2476,#2476,#2484,.T.);
#2484 = CIRCLE('',#2485,36.);
#2485 = AXIS2_PLACEMENT_3D('',#2486,#2487,#2488);
#2486 = CARTESIAN_POINT('',(2.,105.07820144332,33.5));
#2487 = DIRECTION('',(1.,0.,-0.));
#2488 = DIRECTION('',(0.,0.,1.));
#2489 = ORIENTED_EDGE('',*,*,#2475,.T.);
#2490 = CYLINDRICAL_SURFACE('',#2491,36.);
#2491 = AXIS2_PLACEMENT_3D('',#2492,#2493,#2494);
#2492 = CARTESIAN_POINT('',(2.,105.07820144332,33.5));
#2493 = DIRECTION('',(1.,0.,0.));
#2494 = DIRECTION('',(0.,0.,1.));
#2495 = ADVANCED_FACE('',(#2496),#2499,.T.);
#2496 = FACE_BOUND('',#2497,.T.);
#2497 = EDGE_LOOP('',(#2498));
#2498 = ORIENTED_EDGE('',*,*,#2466,.T.);
#2499 = PLANE('',#2500);
#2500 = AXIS2_PLACEMENT_3D('',#2501,#2502,#2503);
#2501 = CARTESIAN_POINT('',(26.,105.07820144332,33.5));
#2502 = DIRECTION('',(1.,0.,0.));
#2503 = DIRECTION('',(0.,0.,1.));
#2504 = ADVANCED_FACE('',(#2505),#2508,.F.);
#2505 = FACE_BOUND('',#2506,.T.);
#2506 = EDGE_LOOP('',(#2507));
#2507 = ORIENTED_EDGE('',*,*,#2483,.F.);
#2508 = PLANE('',#2509);
#2509 = AXIS2_PLACEMENT_3D('',#2510,#2511,#2512);
#2510 = CARTESIAN_POINT('',(2.,105.07820144332,33.5));
#2511 = DIRECTION('',(1.,0.,0.));
#2512 = DIRECTION('',(0.,0.,1.));
#2513 = MANIFOLD_SOLID_BREP('',#2514);
#2514 = CLOSED_SHELL('',(#2515,#2548,#2557));
#2515 = ADVANCED_FACE('',(#2516),#2543,.T.);
#2516 = FACE_BOUND('',#2517,.T.);
#2517 = EDGE_LOOP('',(#2518,#2527,#2535,#2542));
#2518 = ORIENTED_EDGE('',*,*,#2519,.F.);
#2519 = EDGE_CURVE('',#2520,#2520,#2522,.T.);
#2520 = VERTEX_POINT('',#2521);
#2521 = CARTESIAN_POINT('',(95.,105.07820144332,46.));
#2522 = CIRCLE('',#2523,12.5);
#2523 = AXIS2_PLACEMENT_3D('',#2524,#2525,#2526);
#2524 = CARTESIAN_POINT('',(95.,105.07820144332,33.5));
#2525 = DIRECTION('',(1.,0.,-0.));
#2526 = DIRECTION('',(0.,0.,1.));
#2527 = ORIENTED_EDGE('',*,*,#2528,.F.);
#2528 = EDGE_CURVE('',#2529,#2520,#2531,.T.);
#2529 = VERTEX_POINT('',#2530);
#2530 = CARTESIAN_POINT('',(26.,105.07820144332,46.));
#2531 = LINE('',#2532,#2533);
#2532 = CARTESIAN_POINT('',(26.,105.07820144332,46.));
#2533 = VECTOR('',#2534,1.);
#2534 = DIRECTION('',(1.,0.,0.));
#2535 = ORIENTED_EDGE('',*,*,#2536,.T.);
#2536 = EDGE_CURVE('',#2529,#2529,#2537,.T.);
#2537 = CIRCLE('',#2538,12.5);
#2538 = AXIS2_PLACEMENT_3D('',#2539,#2540,#2541);
#2539 = CARTESIAN_POINT('',(26.,105.07820144332,33.5));
#2540 = DIRECTION('',(1.,0.,-0.));
#2541 = DIRECTION('',(0.,0.,1.));
#2542 = ORIENTED_EDGE('',*,*,#2528,.T.);
#2543 = CYLINDRICAL_SURFACE('',#2544,12.5);
#2544 = AXIS2_PLACEMENT_3D('',#2545,#2546,#2547);
#2545 = CARTESIAN_POINT('',(26.,105.07820144332,33.5));
#2546 = DIRECTION('',(1.,0.,0.));
#2547 = DIRECTION('',(0.,0.,1.));
#2548 = ADVANCED_FACE('',(#2549),#2552,.T.);
#2549 = FACE_BOUND('',#2550,.T.);
#2550 = EDGE_LOOP('',(#2551));
#2551 = ORIENTED_EDGE('',*,*,#2519,.T.);
#2552 = PLANE('',#2553);
#2553 = AXIS2_PLACEMENT_3D('',#2554,#2555,#2556);
#2554 = CARTESIAN_POINT('',(95.,105.07820144332,33.5));
#2555 = DIRECTION('',(1.,0.,0.));
#2556 = DIRECTION('',(0.,0.,1.));
#2557 = ADVANCED_FACE('',(#2558),#2561,.F.);
#2558 = FACE_BOUND('',#2559,.T.);
#2559 = EDGE_LOOP('',(#2560));
#2560 = ORIENTED_EDGE('',*,*,#2536,.F.);
#2561 = PLANE('',#2562);
#2562 = AXIS2_PLACEMENT_3D('',#2563,#2564,#2565);
#2563 = CARTESIAN_POINT('',(26.,105.07820144332,33.5));
#2564 = DIRECTION('',(1.,0.,0.));
#2565 = DIRECTION('',(0.,0.,1.));
#2566 = MANIFOLD_SOLID_BREP('',#2567);
#2567 = CLOSED_SHELL('',(#2568,#2601,#2610));
#2568 = ADVANCED_FACE('',(#2569),#2596,.T.);
#2569 = FACE_BOUND('',#2570,.T.);
#2570 = EDGE_LOOP('',(#2571,#2580,#2588,#2595));
#2571 = ORIENTED_EDGE('',*,*,#2572,.F.);
#2572 = EDGE_CURVE('',#2573,#2573,#2575,.T.);
#2573 = VERTEX_POINT('',#2574);
#2574 = CARTESIAN_POINT('',(106.,145.,39.));
#2575 = CIRCLE('',#2576,3.);
#2576 = AXIS2_PLACEMENT_3D('',#2577,#2578,#2579);
#2577 = CARTESIAN_POINT('',(106.,145.,36.));
#2578 = DIRECTION('',(1.,0.,-0.));
#2579 = DIRECTION('',(0.,0.,1.));
#2580 = ORIENTED_EDGE('',*,*,#2581,.F.);
#2581 = EDGE_CURVE('',#2582,#2573,#2584,.T.);
#2582 = VERTEX_POINT('',#2583);
#2583 = CARTESIAN_POINT('',(26.,145.,39.));
#2584 = LINE('',#2585,#2586);
#2585 = CARTESIAN_POINT('',(26.,145.,39.));
#2586 = VECTOR('',#2587,1.);
#2587 = DIRECTION('',(1.,0.,0.));
#2588 = ORIENTED_EDGE('',*,*,#2589,.T.);
#2589 = EDGE_CURVE('',#2582,#2582,#2590,.T.);
#2590 = CIRCLE('',#2591,3.);
#2591 = AXIS2_PLACEMENT_3D('',#2592,#2593,#2594);
#2592 = CARTESIAN_POINT('',(26.,145.,36.));
#2593 = DIRECTION('',(1.,0.,-0.));
#2594 = DIRECTION('',(0.,0.,1.));
#2595 = ORIENTED_EDGE('',*,*,#2581,.T.);
#2596 = CYLINDRICAL_SURFACE('',#2597,3.);
#2597 = AXIS2_PLACEMENT_3D('',#2598,#2599,#2600);
#2598 = CARTESIAN_POINT('',(26.,145.,36.));
#2599 = DIRECTION('',(1.,0.,0.));
#2600 = DIRECTION('',(0.,0.,1.));
#2601 = ADVANCED_FACE('',(#2602),#2605,.T.);
#2602 = FACE_BOUND('',#2603,.T.);
#2603 = EDGE_LOOP('',(#2604));
#2604 = ORIENTED_EDGE('',*,*,#2572,.T.);
#2605 = PLANE('',#2606);
#2606 = AXIS2_PLACEMENT_3D('',#2607,#2608,#2609);
#2607 = CARTESIAN_POINT('',(106.,145.,36.));
#2608 = DIRECTION('',(1.,0.,0.));
#2609 = DIRECTION('',(0.,0.,1.));
#2610 = ADVANCED_FACE('',(#2611),#2614,.F.);
#2611 = FACE_BOUND('',#2612,.T.);
#2612 = EDGE_LOOP('',(#2613));
#2613 = ORIENTED_EDGE('',*,*,#2589,.F.);
#2614 = PLANE('',#2615);
#2615 = AXIS2_PLACEMENT_3D('',#2616,#2617,#2618);
#2616 = CARTESIAN_POINT('',(26.,145.,36.));
#2617 = DIRECTION('',(1.,0.,0.));
#2618 = DIRECTION('',(0.,0.,1.));
#2619 = MANIFOLD_SOLID_BREP('',#2620);
#2620 = CLOSED_SHELL('',(#2621,#2654,#2674,#2694));
#2621 = ADVANCED_FACE('',(#2622),#2649,.T.);
#2622 = FACE_BOUND('',#2623,.T.);
#2623 = EDGE_LOOP('',(#2624,#2633,#2641,#2648));
#2624 = ORIENTED_EDGE('',*,*,#2625,.F.);
#2625 = EDGE_CURVE('',#2626,#2626,#2628,.T.);
#2626 = VERTEX_POINT('',#2627);
#2627 = CARTESIAN_POINT('',(38.,145.,40.));
#2628 = CIRCLE('',#2629,4.);
#2629 = AXIS2_PLACEMENT_3D('',#2630,#2631,#2632);
#2630 = CARTESIAN_POINT('',(38.,145.,36.));
#2631 = DIRECTION('',(1.,0.,-0.));
#2632 = DIRECTION('',(0.,0.,1.));
#2633 = ORIENTED_EDGE('',*,*,#2634,.F.);
#2634 = EDGE_CURVE('',#2635,#2626,#2637,.T.);
#2635 = VERTEX_POINT('',#2636);
#2636 = CARTESIAN_POINT('',(30.,145.,40.));
#2637 = LINE('',#2638,#2639);
#2638 = CARTESIAN_POINT('',(30.,145.,40.));
#2639 = VECTOR('',#2640,1.);
#2640 = DIRECTION('',(1.,0.,0.));
#2641 = ORIENTED_EDGE('',*,*,#2642,.T.);
#2642 = EDGE_CURVE('',#2635,#2635,#2643,.T.);
#2643 = CIRCLE('',#2644,4.);
#2644 = AXIS2_PLACEMENT_3D('',#2645,#2646,#2647);
#2645 = CARTESIAN_POINT('',(30.,145.,36.));
#2646 = DIRECTION('',(1.,0.,-0.));
#2647 = DIRECTION('',(0.,0.,1.));
#2648 = ORIENTED_EDGE('',*,*,#2634,.T.);
#2649 = CYLINDRICAL_SURFACE('',#2650,4.);
#2650 = AXIS2_PLACEMENT_3D('',#2651,#2652,#2653);
#2651 = CARTESIAN_POINT('',(30.,145.,36.));
#2652 = DIRECTION('',(1.,0.,0.));
#2653 = DIRECTION('',(0.,0.,1.));
#2654 = ADVANCED_FACE('',(#2655,#2658),#2669,.T.);
#2655 = FACE_BOUND('',#2656,.T.);
#2656 = EDGE_LOOP('',(#2657));
#2657 = ORIENTED_EDGE('',*,*,#2625,.T.);
#2658 = FACE_BOUND('',#2659,.T.);
#2659 = EDGE_LOOP('',(#2660));
#2660 = ORIENTED_EDGE('',*,*,#2661,.F.);
#2661 = EDGE_CURVE('',#2662,#2662,#2664,.T.);
#2662 = VERTEX_POINT('',#2663);
#2663 = CARTESIAN_POINT('',(38.,145.,39.));
#2664 = CIRCLE('',#2665,3.);
#2665 = AXIS2_PLACEMENT_3D('',#2666,#2667,#2668);
#2666 = CARTESIAN_POINT('',(38.,145.,36.));
#2667 = DIRECTION('',(1.,0.,-0.));
#2668 = DIRECTION('',(0.,0.,1.));
#2669 = PLANE('',#2670);
#2670 = AXIS2_PLACEMENT_3D('',#2671,#2672,#2673);
#2671 = CARTESIAN_POINT('',(38.,145.,36.));
#2672 = DIRECTION('',(1.,0.,0.));
#2673 = DIRECTION('',(0.,0.,1.));
#2674 = ADVANCED_FACE('',(#2675,#2678),#2689,.F.);
#2675 = FACE_BOUND('',#2676,.F.);
#2676 = EDGE_LOOP('',(#2677));
#2677 = ORIENTED_EDGE('',*,*,#2642,.T.);
#2678 = FACE_BOUND('',#2679,.F.);
#2679 = EDGE_LOOP('',(#2680));
#2680 = ORIENTED_EDGE('',*,*,#2681,.F.);
#2681 = EDGE_CURVE('',#2682,#2682,#2684,.T.);
#2682 = VERTEX_POINT('',#2683);
#2683 = CARTESIAN_POINT('',(30.,145.,39.));
#2684 = CIRCLE('',#2685,3.);
#2685 = AXIS2_PLACEMENT_3D('',#2686,#2687,#2688);
#2686 = CARTESIAN_POINT('',(30.,145.,36.));
#2687 = DIRECTION('',(1.,0.,-0.));
#2688 = DIRECTION('',(0.,0.,1.));
#2689 = PLANE('',#2690);
#2690 = AXIS2_PLACEMENT_3D('',#2691,#2692,#2693);
#2691 = CARTESIAN_POINT('',(30.,145.,36.));
#2692 = DIRECTION('',(1.,0.,0.));
#2693 = DIRECTION('',(0.,0.,1.));
#2694 = ADVANCED_FACE('',(#2695),#2706,.F.);
#2695 = FACE_BOUND('',#2696,.F.);
#2696 = EDGE_LOOP('',(#2697,#2698,#2704,#2705));
#2697 = ORIENTED_EDGE('',*,*,#2661,.F.);
#2698 = ORIENTED_EDGE('',*,*,#2699,.F.);
#2699 = EDGE_CURVE('',#2682,#2662,#2700,.T.);
#2700 = LINE('',#2701,#2702);
#2701 = CARTESIAN_POINT('',(30.,145.,39.));
#2702 = VECTOR('',#2703,1.);
#2703 = DIRECTION('',(1.,0.,0.));
#2704 = ORIENTED_EDGE('',*,*,#2681,.T.);
#2705 = ORIENTED_EDGE('',*,*,#2699,.T.);
#2706 = CYLINDRICAL_SURFACE('',#2707,3.);
#2707 = AXIS2_PLACEMENT_3D('',#2708,#2709,#2710);
#2708 = CARTESIAN_POINT('',(30.,145.,36.));
#2709 = DIRECTION('',(1.,0.,0.));
#2710 = DIRECTION('',(0.,0.,1.));
#2711 = MANIFOLD_SOLID_BREP('',#2712);
#2712 = CLOSED_SHELL('',(#2713,#2746,#2766,#2786));
#2713 = ADVANCED_FACE('',(#2714),#2741,.T.);
#2714 = FACE_BOUND('',#2715,.T.);
#2715 = EDGE_LOOP('',(#2716,#2725,#2733,#2740));
#2716 = ORIENTED_EDGE('',*,*,#2717,.F.);
#2717 = EDGE_CURVE('',#2718,#2718,#2720,.T.);
#2718 = VERTEX_POINT('',#2719);
#2719 = CARTESIAN_POINT('',(102.,145.,40.));
#2720 = CIRCLE('',#2721,4.);
#2721 = AXIS2_PLACEMENT_3D('',#2722,#2723,#2724);
#2722 = CARTESIAN_POINT('',(102.,145.,36.));
#2723 = DIRECTION('',(1.,0.,-0.));
#2724 = DIRECTION('',(0.,0.,1.));
#2725 = ORIENTED_EDGE('',*,*,#2726,.F.);
#2726 = EDGE_CURVE('',#2727,#2718,#2729,.T.);
#2727 = VERTEX_POINT('',#2728);
#2728 = CARTESIAN_POINT('',(94.,145.,40.));
#2729 = LINE('',#2730,#2731);
#2730 = CARTESIAN_POINT('',(94.,145.,40.));
#2731 = VECTOR('',#2732,1.);
#2732 = DIRECTION('',(1.,0.,0.));
#2733 = ORIENTED_EDGE('',*,*,#2734,.T.);
#2734 = EDGE_CURVE('',#2727,#2727,#2735,.T.);
#2735 = CIRCLE('',#2736,4.);
#2736 = AXIS2_PLACEMENT_3D('',#2737,#2738,#2739);
#2737 = CARTESIAN_POINT('',(94.,145.,36.));
#2738 = DIRECTION('',(1.,0.,-0.));
#2739 = DIRECTION('',(0.,0.,1.));
#2740 = ORIENTED_EDGE('',*,*,#2726,.T.);
#2741 = CYLINDRICAL_SURFACE('',#2742,4.);
#2742 = AXIS2_PLACEMENT_3D('',#2743,#2744,#2745);
#2743 = CARTESIAN_POINT('',(94.,145.,36.));
#2744 = DIRECTION('',(1.,0.,0.));
#2745 = DIRECTION('',(0.,0.,1.));
#2746 = ADVANCED_FACE('',(#2747,#2750),#2761,.T.);
#2747 = FACE_BOUND('',#2748,.T.);
#2748 = EDGE_LOOP('',(#2749));
#2749 = ORIENTED_EDGE('',*,*,#2717,.T.);
#2750 = FACE_BOUND('',#2751,.T.);
#2751 = EDGE_LOOP('',(#2752));
#2752 = ORIENTED_EDGE('',*,*,#2753,.F.);
#2753 = EDGE_CURVE('',#2754,#2754,#2756,.T.);
#2754 = VERTEX_POINT('',#2755);
#2755 = CARTESIAN_POINT('',(102.,145.,39.));
#2756 = CIRCLE('',#2757,3.);
#2757 = AXIS2_PLACEMENT_3D('',#2758,#2759,#2760);
#2758 = CARTESIAN_POINT('',(102.,145.,36.));
#2759 = DIRECTION('',(1.,0.,-0.));
#2760 = DIRECTION('',(0.,0.,1.));
#2761 = PLANE('',#2762);
#2762 = AXIS2_PLACEMENT_3D('',#2763,#2764,#2765);
#2763 = CARTESIAN_POINT('',(102.,145.,36.));
#2764 = DIRECTION('',(1.,0.,0.));
#2765 = DIRECTION('',(0.,0.,1.));
#2766 = ADVANCED_FACE('',(#2767,#2770),#2781,.F.);
#2767 = FACE_BOUND('',#2768,.F.);
#2768 = EDGE_LOOP('',(#2769));
#2769 = ORIENTED_EDGE('',*,*,#2734,.T.);
#2770 = FACE_BOUND('',#2771,.F.);
#2771 = EDGE_LOOP('',(#2772));
#2772 = ORIENTED_EDGE('',*,*,#2773,.F.);
#2773 = EDGE_CURVE('',#2774,#2774,#2776,.T.);
#2774 = VERTEX_POINT('',#2775);
#2775 = CARTESIAN_POINT('',(94.,145.,39.));
#2776 = CIRCLE('',#2777,3.);
#2777 = AXIS2_PLACEMENT_3D('',#2778,#2779,#2780);
#2778 = CARTESIAN_POINT('',(94.,145.,36.));
#2779 = DIRECTION('',(1.,0.,-0.));
#2780 = DIRECTION('',(0.,0.,1.));
#2781 = PLANE('',#2782);
#2782 = AXIS2_PLACEMENT_3D('',#2783,#2784,#2785);
#2783 = CARTESIAN_POINT('',(94.,145.,36.));
#2784 = DIRECTION('',(1.,0.,0.));
#2785 = DIRECTION('',(0.,0.,1.));
#2786 = ADVANCED_FACE('',(#2787),#2798,.F.);
#2787 = FACE_BOUND('',#2788,.F.);
#2788 = EDGE_LOOP('',(#2789,#2790,#2796,#2797));
#2789 = ORIENTED_EDGE('',*,*,#2753,.F.);
#2790 = ORIENTED_EDGE('',*,*,#2791,.F.);
#2791 = EDGE_CURVE('',#2774,#2754,#2792,.T.);
#2792 = LINE('',#2793,#2794);
#2793 = CARTESIAN_POINT('',(94.,145.,39.));
#2794 = VECTOR('',#2795,1.);
#2795 = DIRECTION('',(1.,0.,0.));
#2796 = ORIENTED_EDGE('',*,*,#2773,.T.);
#2797 = ORIENTED_EDGE('',*,*,#2791,.T.);
#2798 = CYLINDRICAL_SURFACE('',#2799,3.);
#2799 = AXIS2_PLACEMENT_3D('',#2800,#2801,#2802);
#2800 = CARTESIAN_POINT('',(94.,145.,36.));
#2801 = DIRECTION('',(1.,0.,0.));
#2802 = DIRECTION('',(0.,0.,1.));
#2803 = MANIFOLD_SOLID_BREP('',#2804);
#2804 = CLOSED_SHELL('',(#2805,#2838,#2847));
#2805 = ADVANCED_FACE('',(#2806),#2833,.T.);
#2806 = FACE_BOUND('',#2807,.T.);
#2807 = EDGE_LOOP('',(#2808,#2817,#2825,#2832));
#2808 = ORIENTED_EDGE('',*,*,#2809,.F.);
#2809 = EDGE_CURVE('',#2810,#2810,#2812,.T.);
#2810 = VERTEX_POINT('',#2811);
#2811 = CARTESIAN_POINT('',(273.,105.07820144332,69.5));
#2812 = CIRCLE('',#2813,36.);
#2813 = AXIS2_PLACEMENT_3D('',#2814,#2815,#2816);
#2814 = CARTESIAN_POINT('',(273.,105.07820144332,33.5));
#2815 = DIRECTION('',(1.,0.,-0.));
#2816 = DIRECTION('',(0.,0.,1.));
#2817 = ORIENTED_EDGE('',*,*,#2818,.F.);
#2818 = EDGE_CURVE('',#2819,#2810,#2821,.T.);
#2819 = VERTEX_POINT('',#2820);
#2820 = CARTESIAN_POINT('',(249.,105.07820144332,69.5));
#2821 = LINE('',#2822,#2823);
#2822 = CARTESIAN_POINT('',(249.,105.07820144332,69.5));
#2823 = VECTOR('',#2824,1.);
#2824 = DIRECTION('',(1.,0.,0.));
#2825 = ORIENTED_EDGE('',*,*,#2826,.T.);
#2826 = EDGE_CURVE('',#2819,#2819,#2827,.T.);
#2827 = CIRCLE('',#2828,36.);
#2828 = AXIS2_PLACEMENT_3D('',#2829,#2830,#2831);
#2829 = CARTESIAN_POINT('',(249.,105.07820144332,33.5));
#2830 = DIRECTION('',(1.,0.,-0.));
#2831 = DIRECTION('',(0.,0.,1.));
#2832 = ORIENTED_EDGE('',*,*,#2818,.T.);
#2833 = CYLINDRICAL_SURFACE('',#2834,36.);
#2834 = AXIS2_PLACEMENT_3D('',#2835,#2836,#2837);
#2835 = CARTESIAN_POINT('',(249.,105.07820144332,33.5));
#2836 = DIRECTION('',(1.,0.,0.));
#2837 = DIRECTION('',(0.,0.,1.));
#2838 = ADVANCED_FACE('',(#2839),#2842,.T.);
#2839 = FACE_BOUND('',#2840,.T.);
#2840 = EDGE_LOOP('',(#2841));
#2841 = ORIENTED_EDGE('',*,*,#2809,.T.);
#2842 = PLANE('',#2843);
#2843 = AXIS2_PLACEMENT_3D('',#2844,#2845,#2846);
#2844 = CARTESIAN_POINT('',(273.,105.07820144332,33.5));
#2845 = DIRECTION('',(1.,0.,0.));
#2846 = DIRECTION('',(0.,0.,1.));
#2847 = ADVANCED_FACE('',(#2848),#2851,.F.);
#2848 = FACE_BOUND('',#2849,.T.);
#2849 = EDGE_LOOP('',(#2850));
#2850 = ORIENTED_EDGE('',*,*,#2826,.F.);
#2851 = PLANE('',#2852);
#2852 = AXIS2_PLACEMENT_3D('',#2853,#2854,#2855);
#2853 = CARTESIAN_POINT('',(249.,105.07820144332,33.5));
#2854 = DIRECTION('',(1.,0.,0.));
#2855 = DIRECTION('',(0.,0.,1.));
#2856 = MANIFOLD_SOLID_BREP('',#2857);
#2857 = CLOSED_SHELL('',(#2858,#2891,#2900));
#2858 = ADVANCED_FACE('',(#2859),#2886,.T.);
#2859 = FACE_BOUND('',#2860,.T.);
#2860 = EDGE_LOOP('',(#2861,#2870,#2878,#2885));
#2861 = ORIENTED_EDGE('',*,*,#2862,.F.);
#2862 = EDGE_CURVE('',#2863,#2863,#2865,.T.);
#2863 = VERTEX_POINT('',#2864);
#2864 = CARTESIAN_POINT('',(249.,105.07820144332,46.));
#2865 = CIRCLE('',#2866,12.5);
#2866 = AXIS2_PLACEMENT_3D('',#2867,#2868,#2869);
#2867 = CARTESIAN_POINT('',(249.,105.07820144332,33.5));
#2868 = DIRECTION('',(1.,0.,-0.));
#2869 = DIRECTION('',(0.,0.,1.));
#2870 = ORIENTED_EDGE('',*,*,#2871,.F.);
#2871 = EDGE_CURVE('',#2872,#2863,#2874,.T.);
#2872 = VERTEX_POINT('',#2873);
#2873 = CARTESIAN_POINT('',(180.,105.07820144332,46.));
#2874 = LINE('',#2875,#2876);
#2875 = CARTESIAN_POINT('',(180.,105.07820144332,46.));
#2876 = VECTOR('',#2877,1.);
#2877 = DIRECTION('',(1.,0.,0.));
#2878 = ORIENTED_EDGE('',*,*,#2879,.T.);
#2879 = EDGE_CURVE('',#2872,#2872,#2880,.T.);
#2880 = CIRCLE('',#2881,12.5);
#2881 = AXIS2_PLACEMENT_3D('',#2882,#2883,#2884);
#2882 = CARTESIAN_POINT('',(180.,105.07820144332,33.5));
#2883 = DIRECTION('',(1.,0.,-0.));
#2884 = DIRECTION('',(0.,0.,1.));
#2885 = ORIENTED_EDGE('',*,*,#2871,.T.);
#2886 = CYLINDRICAL_SURFACE('',#2887,12.5);
#2887 = AXIS2_PLACEMENT_3D('',#2888,#2889,#2890);
#2888 = CARTESIAN_POINT('',(180.,105.07820144332,33.5));
#2889 = DIRECTION('',(1.,0.,0.));
#2890 = DIRECTION('',(0.,0.,1.));
#2891 = ADVANCED_FACE('',(#2892),#2895,.T.);
#2892 = FACE_BOUND('',#2893,.T.);
#2893 = EDGE_LOOP('',(#2894));
#2894 = ORIENTED_EDGE('',*,*,#2862,.T.);
#2895 = PLANE('',#2896);
#2896 = AXIS2_PLACEMENT_3D('',#2897,#2898,#2899);
#2897 = CARTESIAN_POINT('',(249.,105.07820144332,33.5));
#2898 = DIRECTION('',(1.,0.,0.));
#2899 = DIRECTION('',(0.,0.,1.));
#2900 = ADVANCED_FACE('',(#2901),#2904,.F.);
#2901 = FACE_BOUND('',#2902,.T.);
#2902 = EDGE_LOOP('',(#2903));
#2903 = ORIENTED_EDGE('',*,*,#2879,.F.);
#2904 = PLANE('',#2905);
#2905 = AXIS2_PLACEMENT_3D('',#2906,#2907,#2908);
#2906 = CARTESIAN_POINT('',(180.,105.07820144332,33.5));
#2907 = DIRECTION('',(1.,0.,0.));
#2908 = DIRECTION('',(0.,0.,1.));
#2909 = MANIFOLD_SOLID_BREP('',#2910);
#2910 = CLOSED_SHELL('',(#2911,#2944,#2953));
#2911 = ADVANCED_FACE('',(#2912),#2939,.T.);
#2912 = FACE_BOUND('',#2913,.T.);
#2913 = EDGE_LOOP('',(#2914,#2923,#2931,#2938));
#2914 = ORIENTED_EDGE('',*,*,#2915,.F.);
#2915 = EDGE_CURVE('',#2916,#2916,#2918,.T.);
#2916 = VERTEX_POINT('',#2917);
#2917 = CARTESIAN_POINT('',(249.,145.,39.));
#2918 = CIRCLE('',#2919,3.);
#2919 = AXIS2_PLACEMENT_3D('',#2920,#2921,#2922);
#2920 = CARTESIAN_POINT('',(249.,145.,36.));
#2921 = DIRECTION('',(1.,0.,-0.));
#2922 = DIRECTION('',(0.,0.,1.));
#2923 = ORIENTED_EDGE('',*,*,#2924,.F.);
#2924 = EDGE_CURVE('',#2925,#2916,#2927,.T.);
#2925 = VERTEX_POINT('',#2926);
#2926 = CARTESIAN_POINT('',(169.,145.,39.));
#2927 = LINE('',#2928,#2929);
#2928 = CARTESIAN_POINT('',(169.,145.,39.));
#2929 = VECTOR('',#2930,1.);
#2930 = DIRECTION('',(1.,0.,0.));
#2931 = ORIENTED_EDGE('',*,*,#2932,.T.);
#2932 = EDGE_CURVE('',#2925,#2925,#2933,.T.);
#2933 = CIRCLE('',#2934,3.);
#2934 = AXIS2_PLACEMENT_3D('',#2935,#2936,#2937);
#2935 = CARTESIAN_POINT('',(169.,145.,36.));
#2936 = DIRECTION('',(1.,0.,-0.));
#2937 = DIRECTION('',(0.,0.,1.));
#2938 = ORIENTED_EDGE('',*,*,#2924,.T.);
#2939 = CYLINDRICAL_SURFACE('',#2940,3.);
#2940 = AXIS2_PLACEMENT_3D('',#2941,#2942,#2943);
#2941 = CARTESIAN_POINT('',(169.,145.,36.));
#2942 = DIRECTION('',(1.,0.,0.));
#2943 = DIRECTION('',(0.,0.,1.));
#2944 = ADVANCED_FACE('',(#2945),#2948,.T.);
#2945 = FACE_BOUND('',#2946,.T.);
#2946 = EDGE_LOOP('',(#2947));
#2947 = ORIENTED_EDGE('',*,*,#2915,.T.);
#2948 = PLANE('',#2949);
#2949 = AXIS2_PLACEMENT_3D('',#2950,#2951,#2952);
#2950 = CARTESIAN_POINT('',(249.,145.,36.));
#2951 = DIRECTION('',(1.,0.,0.));
#2952 = DIRECTION('',(0.,0.,1.));
#2953 = ADVANCED_FACE('',(#2954),#2957,.F.);
#2954 = FACE_BOUND('',#2955,.T.);
#2955 = EDGE_LOOP('',(#2956));
#2956 = ORIENTED_EDGE('',*,*,#2932,.F.);
#2957 = PLANE('',#2958);
#2958 = AXIS2_PLACEMENT_3D('',#2959,#2960,#2961);
#2959 = CARTESIAN_POINT('',(169.,145.,36.));
#2960 = DIRECTION('',(1.,0.,0.));
#2961 = DIRECTION('',(0.,0.,1.));
#2962 = MANIFOLD_SOLID_BREP('',#2963);
#2963 = CLOSED_SHELL('',(#2964,#2997,#3017,#3037));
#2964 = ADVANCED_FACE('',(#2965),#2992,.T.);
#2965 = FACE_BOUND('',#2966,.T.);
#2966 = EDGE_LOOP('',(#2967,#2976,#2984,#2991));
#2967 = ORIENTED_EDGE('',*,*,#2968,.F.);
#2968 = EDGE_CURVE('',#2969,#2969,#2971,.T.);
#2969 = VERTEX_POINT('',#2970);
#2970 = CARTESIAN_POINT('',(245.,145.,40.));
#2971 = CIRCLE('',#2972,4.);
#2972 = AXIS2_PLACEMENT_3D('',#2973,#2974,#2975);
#2973 = CARTESIAN_POINT('',(245.,145.,36.));
#2974 = DIRECTION('',(1.,0.,-0.));
#2975 = DIRECTION('',(0.,0.,1.));
#2976 = ORIENTED_EDGE('',*,*,#2977,.F.);
#2977 = EDGE_CURVE('',#2978,#2969,#2980,.T.);
#2978 = VERTEX_POINT('',#2979);
#2979 = CARTESIAN_POINT('',(237.,145.,40.));
#2980 = LINE('',#2981,#2982);
#2981 = CARTESIAN_POINT('',(237.,145.,40.));
#2982 = VECTOR('',#2983,1.);
#2983 = DIRECTION('',(1.,0.,0.));
#2984 = ORIENTED_EDGE('',*,*,#2985,.T.);
#2985 = EDGE_CURVE('',#2978,#2978,#2986,.T.);
#2986 = CIRCLE('',#2987,4.);
#2987 = AXIS2_PLACEMENT_3D('',#2988,#2989,#2990);
#2988 = CARTESIAN_POINT('',(237.,145.,36.));
#2989 = DIRECTION('',(1.,0.,-0.));
#2990 = DIRECTION('',(0.,0.,1.));
#2991 = ORIENTED_EDGE('',*,*,#2977,.T.);
#2992 = CYLINDRICAL_SURFACE('',#2993,4.);
#2993 = AXIS2_PLACEMENT_3D('',#2994,#2995,#2996);
#2994 = CARTESIAN_POINT('',(237.,145.,36.));
#2995 = DIRECTION('',(1.,0.,0.));
#2996 = DIRECTION('',(0.,0.,1.));
#2997 = ADVANCED_FACE('',(#2998,#3001),#3012,.T.);
#2998 = FACE_BOUND('',#2999,.T.);
#2999 = EDGE_LOOP('',(#3000));
#3000 = ORIENTED_EDGE('',*,*,#2968,.T.);
#3001 = FACE_BOUND('',#3002,.T.);
#3002 = EDGE_LOOP('',(#3003));
#3003 = ORIENTED_EDGE('',*,*,#3004,.F.);
#3004 = EDGE_CURVE('',#3005,#3005,#3007,.T.);
#3005 = VERTEX_POINT('',#3006);
#3006 = CARTESIAN_POINT('',(245.,145.,39.));
#3007 = CIRCLE('',#3008,3.);
#3008 = AXIS2_PLACEMENT_3D('',#3009,#3010,#3011);
#3009 = CARTESIAN_POINT('',(245.,145.,36.));
#3010 = DIRECTION('',(1.,0.,-0.));
#3011 = DIRECTION('',(0.,0.,1.));
#3012 = PLANE('',#3013);
#3013 = AXIS2_PLACEMENT_3D('',#3014,#3015,#3016);
#3014 = CARTESIAN_POINT('',(245.,145.,36.));
#3015 = DIRECTION('',(1.,0.,0.));
#3016 = DIRECTION('',(0.,0.,1.));
#3017 = ADVANCED_FACE('',(#3018,#3021),#3032,.F.);
#3018 = FACE_BOUND('',#3019,.F.);
#3019 = EDGE_LOOP('',(#3020));
#3020 = ORIENTED_EDGE('',*,*,#2985,.T.);
#3021 = FACE_BOUND('',#3022,.F.);
#3022 = EDGE_LOOP('',(#3023));
#3023 = ORIENTED_EDGE('',*,*,#3024,.F.);
#3024 = EDGE_CURVE('',#3025,#3025,#3027,.T.);
#3025 = VERTEX_POINT('',#3026);
#3026 = CARTESIAN_POINT('',(237.,145.,39.));
#3027 = CIRCLE('',#3028,3.);
#3028 = AXIS2_PLACEMENT_3D('',#3029,#3030,#3031);
#3029 = CARTESIAN_POINT('',(237.,145.,36.));
#3030 = DIRECTION('',(1.,0.,-0.));
#3031 = DIRECTION('',(0.,0.,1.));
#3032 = PLANE('',#3033);
#3033 = AXIS2_PLACEMENT_3D('',#3034,#3035,#3036);
#3034 = CARTESIAN_POINT('',(237.,145.,36.));
#3035 = DIRECTION('',(1.,0.,0.));
#3036 = DIRECTION('',(0.,0.,1.));
#3037 = ADVANCED_FACE('',(#3038),#3049,.F.);
#3038 = FACE_BOUND('',#3039,.F.);
#3039 = EDGE_LOOP('',(#3040,#3041,#3047,#3048));
#3040 = ORIENTED_EDGE('',*,*,#3004,.F.);
#3041 = ORIENTED_EDGE('',*,*,#3042,.F.);
#3042 = EDGE_CURVE('',#3025,#3005,#3043,.T.);
#3043 = LINE('',#3044,#3045);
#3044 = CARTESIAN_POINT('',(237.,145.,39.));
#3045 = VECTOR('',#3046,1.);
#3046 = DIRECTION('',(1.,0.,0.));
#3047 = ORIENTED_EDGE('',*,*,#3024,.T.);
#3048 = ORIENTED_EDGE('',*,*,#3042,.T.);
#3049 = CYLINDRICAL_SURFACE('',#3050,3.);
#3050 = AXIS2_PLACEMENT_3D('',#3051,#3052,#3053);
#3051 = CARTESIAN_POINT('',(237.,145.,36.));
#3052 = DIRECTION('',(1.,0.,0.));
#3053 = DIRECTION('',(0.,0.,1.));
#3054 = MANIFOLD_SOLID_BREP('',#3055);
#3055 = CLOSED_SHELL('',(#3056,#3089,#3109,#3129));
#3056 = ADVANCED_FACE('',(#3057),#3084,.T.);
#3057 = FACE_BOUND('',#3058,.T.);
#3058 = EDGE_LOOP('',(#3059,#3068,#3076,#3083));
#3059 = ORIENTED_EDGE('',*,*,#3060,.F.);
#3060 = EDGE_CURVE('',#3061,#3061,#3063,.T.);
#3061 = VERTEX_POINT('',#3062);
#3062 = CARTESIAN_POINT('',(181.,145.,40.));
#3063 = CIRCLE('',#3064,4.);
#3064 = AXIS2_PLACEMENT_3D('',#3065,#3066,#3067);
#3065 = CARTESIAN_POINT('',(181.,145.,36.));
#3066 = DIRECTION('',(1.,0.,-0.));
#3067 = DIRECTION('',(0.,0.,1.));
#3068 = ORIENTED_EDGE('',*,*,#3069,.F.);
#3069 = EDGE_CURVE('',#3070,#3061,#3072,.T.);
#3070 = VERTEX_POINT('',#3071);
#3071 = CARTESIAN_POINT('',(173.,145.,40.));
#3072 = LINE('',#3073,#3074);
#3073 = CARTESIAN_POINT('',(173.,145.,40.));
#3074 = VECTOR('',#3075,1.);
#3075 = DIRECTION('',(1.,0.,0.));
#3076 = ORIENTED_EDGE('',*,*,#3077,.T.);
#3077 = EDGE_CURVE('',#3070,#3070,#3078,.T.);
#3078 = CIRCLE('',#3079,4.);
#3079 = AXIS2_PLACEMENT_3D('',#3080,#3081,#3082);
#3080 = CARTESIAN_POINT('',(173.,145.,36.));
#3081 = DIRECTION('',(1.,0.,-0.));
#3082 = DIRECTION('',(0.,0.,1.));
#3083 = ORIENTED_EDGE('',*,*,#3069,.T.);
#3084 = CYLINDRICAL_SURFACE('',#3085,4.);
#3085 = AXIS2_PLACEMENT_3D('',#3086,#3087,#3088);
#3086 = CARTESIAN_POINT('',(173.,145.,36.));
#3087 = DIRECTION('',(1.,0.,0.));
#3088 = DIRECTION('',(0.,0.,1.));
#3089 = ADVANCED_FACE('',(#3090,#3093),#3104,.T.);
#3090 = FACE_BOUND('',#3091,.T.);
#3091 = EDGE_LOOP('',(#3092));
#3092 = ORIENTED_EDGE('',*,*,#3060,.T.);
#3093 = FACE_BOUND('',#3094,.T.);
#3094 = EDGE_LOOP('',(#3095));
#3095 = ORIENTED_EDGE('',*,*,#3096,.F.);
#3096 = EDGE_CURVE('',#3097,#3097,#3099,.T.);
#3097 = VERTEX_POINT('',#3098);
#3098 = CARTESIAN_POINT('',(181.,145.,39.));
#3099 = CIRCLE('',#3100,3.);
#3100 = AXIS2_PLACEMENT_3D('',#3101,#3102,#3103);
#3101 = CARTESIAN_POINT('',(181.,145.,36.));
#3102 = DIRECTION('',(1.,0.,-0.));
#3103 = DIRECTION('',(0.,0.,1.));
#3104 = PLANE('',#3105);
#3105 = AXIS2_PLACEMENT_3D('',#3106,#3107,#3108);
#3106 = CARTESIAN_POINT('',(181.,145.,36.));
#3107 = DIRECTION('',(1.,0.,0.));
#3108 = DIRECTION('',(0.,0.,1.));
#3109 = ADVANCED_FACE('',(#3110,#3113),#3124,.F.);
#3110 = FACE_BOUND('',#3111,.F.);
#3111 = EDGE_LOOP('',(#3112));
#3112 = ORIENTED_EDGE('',*,*,#3077,.T.);
#3113 = FACE_BOUND('',#3114,.F.);
#3114 = EDGE_LOOP('',(#3115));
#3115 = ORIENTED_EDGE('',*,*,#3116,.F.);
#3116 = EDGE_CURVE('',#3117,#3117,#3119,.T.);
#3117 = VERTEX_POINT('',#3118);
#3118 = CARTESIAN_POINT('',(173.,145.,39.));
#3119 = CIRCLE('',#3120,3.);
#3120 = AXIS2_PLACEMENT_3D('',#3121,#3122,#3123);
#3121 = CARTESIAN_POINT('',(173.,145.,36.));
#3122 = DIRECTION('',(1.,0.,-0.));
#3123 = DIRECTION('',(0.,0.,1.));
#3124 = PLANE('',#3125);
#3125 = AXIS2_PLACEMENT_3D('',#3126,#3127,#3128);
#3126 = CARTESIAN_POINT('',(173.,145.,36.));
#3127 = DIRECTION('',(1.,0.,0.));
#3128 = DIRECTION('',(0.,0.,1.));
#3129 = ADVANCED_FACE('',(#3130),#3141,.F.);
#3130 = FACE_BOUND('',#3131,.F.);
#3131 = EDGE_LOOP('',(#3132,#3133,#3139,#3140));
#3132 = ORIENTED_EDGE('',*,*,#3096,.F.);
#3133 = ORIENTED_EDGE('',*,*,#3134,.F.);
#3134 = EDGE_CURVE('',#3117,#3097,#3135,.T.);
#3135 = LINE('',#3136,#3137);
#3136 = CARTESIAN_POINT('',(173.,145.,39.));
#3137 = VECTOR('',#3138,1.);
#3138 = DIRECTION('',(1.,0.,0.));
#3139 = ORIENTED_EDGE('',*,*,#3116,.T.);
#3140 = ORIENTED_EDGE('',*,*,#3134,.T.);
#3141 = CYLINDRICAL_SURFACE('',#3142,3.);
#3142 = AXIS2_PLACEMENT_3D('',#3143,#3144,#3145);
#3143 = CARTESIAN_POINT('',(173.,145.,36.));
#3144 = DIRECTION('',(1.,0.,0.));
#3145 = DIRECTION('',(0.,0.,1.));
#3146 = GEOMETRIC_CURVE_SET('',(#3147));
#3147 = TRIMMED_CURVE('',#3148,(#3152,PARAMETER_VALUE(0.)),(#3153,
    PARAMETER_VALUE(34.)),.T.,.PARAMETER.);
#3148 = LINE('',#3149,#3150);
#3149 = CARTESIAN_POINT('',(142.,13.,87.));
#3150 = VECTOR('',#3151,1.);
#3151 = DIRECTION('',(0.,0.,1.));
#3152 = CARTESIAN_POINT('',(142.,13.,87.));
#3153 = CARTESIAN_POINT('',(142.,13.,121.));
#3154 = GEOMETRIC_CURVE_SET('',(#3155));
#3155 = TRIMMED_CURVE('',#3156,(#3160,PARAMETER_VALUE(0.)),(#3161,
    PARAMETER_VALUE(70.)),.T.,.PARAMETER.);
#3156 = LINE('',#3157,#3158);
#3157 = CARTESIAN_POINT('',(142.,13.,121.));
#3158 = VECTOR('',#3159,1.);
#3159 = DIRECTION('',(0.,1.,0.));
#3160 = CARTESIAN_POINT('',(142.,13.,121.));
#3161 = CARTESIAN_POINT('',(142.,83.,121.));
#3162 = GEOMETRIC_CURVE_SET('',(#3163));
#3163 = TRIMMED_CURVE('',#3164,(#3168,PARAMETER_VALUE(0.)),(#3169,
    PARAMETER_VALUE(34.)),.T.,.PARAMETER.);
#3164 = LINE('',#3165,#3166);
#3165 = CARTESIAN_POINT('',(142.,83.,87.));
#3166 = VECTOR('',#3167,1.);
#3167 = DIRECTION('',(0.,0.,1.));
#3168 = CARTESIAN_POINT('',(142.,83.,87.));
#3169 = CARTESIAN_POINT('',(142.,83.,121.));
#3170 = GEOMETRIC_CURVE_SET('',(#3171));
#3171 = TRIMMED_CURVE('',#3172,(#3176,PARAMETER_VALUE(0.)),(#3177,
    PARAMETER_VALUE(70.)),.T.,.PARAMETER.);
#3172 = LINE('',#3173,#3174);
#3173 = CARTESIAN_POINT('',(142.,13.,87.));
#3174 = VECTOR('',#3175,1.);
#3175 = DIRECTION('',(0.,1.,0.));
#3176 = CARTESIAN_POINT('',(142.,13.,87.));
#3177 = CARTESIAN_POINT('',(142.,83.,87.));
#3178 = GEOMETRIC_CURVE_SET('',(#3179));
#3179 = TRIMMED_CURVE('',#3180,(#3184,PARAMETER_VALUE(0.)),(#3185,
    PARAMETER_VALUE(34.)),.T.,.PARAMETER.);
#3180 = LINE('',#3181,#3182);
#3181 = CARTESIAN_POINT('',(246.,13.,87.));
#3182 = VECTOR('',#3183,1.);
#3183 = DIRECTION('',(0.,0.,1.));
#3184 = CARTESIAN_POINT('',(246.,13.,87.));
#3185 = CARTESIAN_POINT('',(246.,13.,121.));
#3186 = GEOMETRIC_CURVE_SET('',(#3187));
#3187 = TRIMMED_CURVE('',#3188,(#3192,PARAMETER_VALUE(0.)),(#3193,
    PARAMETER_VALUE(70.)),.T.,.PARAMETER.);
#3188 = LINE('',#3189,#3190);
#3189 = CARTESIAN_POINT('',(246.,13.,121.));
#3190 = VECTOR('',#3191,1.);
#3191 = DIRECTION('',(0.,1.,0.));
#3192 = CARTESIAN_POINT('',(246.,13.,121.));
#3193 = CARTESIAN_POINT('',(246.,83.,121.));
#3194 = GEOMETRIC_CURVE_SET('',(#3195));
#3195 = TRIMMED_CURVE('',#3196,(#3200,PARAMETER_VALUE(0.)),(#3201,
    PARAMETER_VALUE(34.)),.T.,.PARAMETER.);
#3196 = LINE('',#3197,#3198);
#3197 = CARTESIAN_POINT('',(246.,83.,87.));
#3198 = VECTOR('',#3199,1.);
#3199 = DIRECTION('',(0.,0.,1.));
#3200 = CARTESIAN_POINT('',(246.,83.,87.));
#3201 = CARTESIAN_POINT('',(246.,83.,121.));
#3202 = GEOMETRIC_CURVE_SET('',(#3203));
#3203 = TRIMMED_CURVE('',#3204,(#3208,PARAMETER_VALUE(0.)),(#3209,
    PARAMETER_VALUE(70.)),.T.,.PARAMETER.);
#3204 = LINE('',#3205,#3206);
#3205 = CARTESIAN_POINT('',(246.,13.,87.));
#3206 = VECTOR('',#3207,1.);
#3207 = DIRECTION('',(0.,1.,0.));
#3208 = CARTESIAN_POINT('',(246.,13.,87.));
#3209 = CARTESIAN_POINT('',(246.,83.,87.));
#3210 = GEOMETRIC_CURVE_SET('',(#3211));
#3211 = TRIMMED_CURVE('',#3212,(#3216,PARAMETER_VALUE(0.)),(#3217,
    PARAMETER_VALUE(104.)),.T.,.PARAMETER.);
#3212 = LINE('',#3213,#3214);
#3213 = CARTESIAN_POINT('',(142.,13.,87.));
#3214 = VECTOR('',#3215,1.);
#3215 = DIRECTION('',(1.,0.,0.));
#3216 = CARTESIAN_POINT('',(142.,13.,87.));
#3217 = CARTESIAN_POINT('',(246.,13.,87.));
#3218 = GEOMETRIC_CURVE_SET('',(#3219));
#3219 = TRIMMED_CURVE('',#3220,(#3224,PARAMETER_VALUE(0.)),(#3225,
    PARAMETER_VALUE(104.)),.T.,.PARAMETER.);
#3220 = LINE('',#3221,#3222);
#3221 = CARTESIAN_POINT('',(142.,13.,121.));
#3222 = VECTOR('',#3223,1.);
#3223 = DIRECTION('',(1.,0.,0.));
#3224 = CARTESIAN_POINT('',(142.,13.,121.));
#3225 = CARTESIAN_POINT('',(246.,13.,121.));
#3226 = GEOMETRIC_CURVE_SET('',(#3227));
#3227 = TRIMMED_CURVE('',#3228,(#3232,PARAMETER_VALUE(0.)),(#3233,
    PARAMETER_VALUE(104.)),.T.,.PARAMETER.);
#3228 = LINE('',#3229,#3230);
#3229 = CARTESIAN_POINT('',(142.,83.,87.));
#3230 = VECTOR('',#3231,1.);
#3231 = DIRECTION('',(1.,0.,0.));
#3232 = CARTESIAN_POINT('',(142.,83.,87.));
#3233 = CARTESIAN_POINT('',(246.,83.,87.));
#3234 = GEOMETRIC_CURVE_SET('',(#3235));
#3235 = TRIMMED_CURVE('',#3236,(#3240,PARAMETER_VALUE(0.)),(#3241,
    PARAMETER_VALUE(104.)),.T.,.PARAMETER.);
#3236 = LINE('',#3237,#3238);
#3237 = CARTESIAN_POINT('',(142.,83.,121.));
#3238 = VECTOR('',#3239,1.);
#3239 = DIRECTION('',(1.,0.,0.));
#3240 = CARTESIAN_POINT('',(142.,83.,121.));
#3241 = CARTESIAN_POINT('',(246.,83.,121.));
#3242 = GEOMETRIC_CURVE_SET('',(#3243));
#3243 = TRIMMED_CURVE('',#3244,(#3248,PARAMETER_VALUE(0.)),(#3249,
    PARAMETER_VALUE(31.)),.T.,.PARAMETER.);
#3244 = LINE('',#3245,#3246);
#3245 = CARTESIAN_POINT('',(109.,2.,54.));
#3246 = VECTOR('',#3247,1.);
#3247 = DIRECTION('',(0.,0.,1.));
#3248 = CARTESIAN_POINT('',(109.,2.,54.));
#3249 = CARTESIAN_POINT('',(109.,2.,85.));
#3250 = GEOMETRIC_CURVE_SET('',(#3251));
#3251 = TRIMMED_CURVE('',#3252,(#3256,PARAMETER_VALUE(0.)),(#3257,
    PARAMETER_VALUE(26.)),.T.,.PARAMETER.);
#3252 = LINE('',#3253,#3254);
#3253 = CARTESIAN_POINT('',(109.,2.,85.));
#3254 = VECTOR('',#3255,1.);
#3255 = DIRECTION('',(0.,1.,0.));
#3256 = CARTESIAN_POINT('',(109.,2.,85.));
#3257 = CARTESIAN_POINT('',(109.,28.,85.));
#3258 = GEOMETRIC_CURVE_SET('',(#3259));
#3259 = TRIMMED_CURVE('',#3260,(#3264,PARAMETER_VALUE(0.)),(#3265,
    PARAMETER_VALUE(31.)),.T.,.PARAMETER.);
#3260 = LINE('',#3261,#3262);
#3261 = CARTESIAN_POINT('',(109.,28.,54.));
#3262 = VECTOR('',#3263,1.);
#3263 = DIRECTION('',(0.,0.,1.));
#3264 = CARTESIAN_POINT('',(109.,28.,54.));
#3265 = CARTESIAN_POINT('',(109.,28.,85.));
#3266 = GEOMETRIC_CURVE_SET('',(#3267));
#3267 = TRIMMED_CURVE('',#3268,(#3272,PARAMETER_VALUE(0.)),(#3273,
    PARAMETER_VALUE(26.)),.T.,.PARAMETER.);
#3268 = LINE('',#3269,#3270);
#3269 = CARTESIAN_POINT('',(109.,2.,54.));
#3270 = VECTOR('',#3271,1.);
#3271 = DIRECTION('',(0.,1.,0.));
#3272 = CARTESIAN_POINT('',(109.,2.,54.));
#3273 = CARTESIAN_POINT('',(109.,28.,54.));
#3274 = GEOMETRIC_CURVE_SET('',(#3275));
#3275 = TRIMMED_CURVE('',#3276,(#3280,PARAMETER_VALUE(0.)),(#3281,
    PARAMETER_VALUE(31.)),.T.,.PARAMETER.);
#3276 = LINE('',#3277,#3278);
#3277 = CARTESIAN_POINT('',(213.,2.,54.));
#3278 = VECTOR('',#3279,1.);
#3279 = DIRECTION('',(0.,0.,1.));
#3280 = CARTESIAN_POINT('',(213.,2.,54.));
#3281 = CARTESIAN_POINT('',(213.,2.,85.));
#3282 = GEOMETRIC_CURVE_SET('',(#3283));
#3283 = TRIMMED_CURVE('',#3284,(#3288,PARAMETER_VALUE(0.)),(#3289,
    PARAMETER_VALUE(26.)),.T.,.PARAMETER.);
#3284 = LINE('',#3285,#3286);
#3285 = CARTESIAN_POINT('',(213.,2.,85.));
#3286 = VECTOR('',#3287,1.);
#3287 = DIRECTION('',(0.,1.,0.));
#3288 = CARTESIAN_POINT('',(213.,2.,85.));
#3289 = CARTESIAN_POINT('',(213.,28.,85.));
#3290 = GEOMETRIC_CURVE_SET('',(#3291));
#3291 = TRIMMED_CURVE('',#3292,(#3296,PARAMETER_VALUE(0.)),(#3297,
    PARAMETER_VALUE(31.)),.T.,.PARAMETER.);
#3292 = LINE('',#3293,#3294);
#3293 = CARTESIAN_POINT('',(213.,28.,54.));
#3294 = VECTOR('',#3295,1.);
#3295 = DIRECTION('',(0.,0.,1.));
#3296 = CARTESIAN_POINT('',(213.,28.,54.));
#3297 = CARTESIAN_POINT('',(213.,28.,85.));
#3298 = GEOMETRIC_CURVE_SET('',(#3299));
#3299 = TRIMMED_CURVE('',#3300,(#3304,PARAMETER_VALUE(0.)),(#3305,
    PARAMETER_VALUE(26.)),.T.,.PARAMETER.);
#3300 = LINE('',#3301,#3302);
#3301 = CARTESIAN_POINT('',(213.,2.,54.));
#3302 = VECTOR('',#3303,1.);
#3303 = DIRECTION('',(0.,1.,0.));
#3304 = CARTESIAN_POINT('',(213.,2.,54.));
#3305 = CARTESIAN_POINT('',(213.,28.,54.));
#3306 = GEOMETRIC_CURVE_SET('',(#3307));
#3307 = TRIMMED_CURVE('',#3308,(#3312,PARAMETER_VALUE(0.)),(#3313,
    PARAMETER_VALUE(104.)),.T.,.PARAMETER.);
#3308 = LINE('',#3309,#3310);
#3309 = CARTESIAN_POINT('',(109.,2.,54.));
#3310 = VECTOR('',#3311,1.);
#3311 = DIRECTION('',(1.,0.,0.));
#3312 = CARTESIAN_POINT('',(109.,2.,54.));
#3313 = CARTESIAN_POINT('',(213.,2.,54.));
#3314 = GEOMETRIC_CURVE_SET('',(#3315));
#3315 = TRIMMED_CURVE('',#3316,(#3320,PARAMETER_VALUE(0.)),(#3321,
    PARAMETER_VALUE(104.)),.T.,.PARAMETER.);
#3316 = LINE('',#3317,#3318);
#3317 = CARTESIAN_POINT('',(109.,2.,85.));
#3318 = VECTOR('',#3319,1.);
#3319 = DIRECTION('',(1.,0.,0.));
#3320 = CARTESIAN_POINT('',(109.,2.,85.));
#3321 = CARTESIAN_POINT('',(213.,2.,85.));
#3322 = GEOMETRIC_CURVE_SET('',(#3323));
#3323 = TRIMMED_CURVE('',#3324,(#3328,PARAMETER_VALUE(0.)),(#3329,
    PARAMETER_VALUE(104.)),.T.,.PARAMETER.);
#3324 = LINE('',#3325,#3326);
#3325 = CARTESIAN_POINT('',(109.,28.,54.));
#3326 = VECTOR('',#3327,1.);
#3327 = DIRECTION('',(1.,0.,0.));
#3328 = CARTESIAN_POINT('',(109.,28.,54.));
#3329 = CARTESIAN_POINT('',(213.,28.,54.));
#3330 = GEOMETRIC_CURVE_SET('',(#3331));
#3331 = TRIMMED_CURVE('',#3332,(#3336,PARAMETER_VALUE(0.)),(#3337,
    PARAMETER_VALUE(104.)),.T.,.PARAMETER.);
#3332 = LINE('',#3333,#3334);
#3333 = CARTESIAN_POINT('',(109.,28.,85.));
#3334 = VECTOR('',#3335,1.);
#3335 = DIRECTION('',(1.,0.,0.));
#3336 = CARTESIAN_POINT('',(109.,28.,85.));
#3337 = CARTESIAN_POINT('',(213.,28.,85.));
#3338 = GEOMETRIC_CURVE_SET('',(#3339));
#3339 = TRIMMED_CURVE('',#3340,(#3344,PARAMETER_VALUE(0.)),(#3345,
    PARAMETER_VALUE(32.)),.T.,.PARAMETER.);
#3340 = LINE('',#3341,#3342);
#3341 = CARTESIAN_POINT('',(13.,96.,89.));
#3342 = VECTOR('',#3343,1.);
#3343 = DIRECTION('',(0.,0.,1.));
#3344 = CARTESIAN_POINT('',(13.,96.,89.));
#3345 = CARTESIAN_POINT('',(13.,96.,121.));
#3346 = GEOMETRIC_CURVE_SET('',(#3347));
#3347 = TRIMMED_CURVE('',#3348,(#3352,PARAMETER_VALUE(0.)),(#3353,
    PARAMETER_VALUE(58.)),.T.,.PARAMETER.);
#3348 = LINE('',#3349,#3350);
#3349 = CARTESIAN_POINT('',(13.,96.,121.));
#3350 = VECTOR('',#3351,1.);
#3351 = DIRECTION('',(0.,1.,0.));
#3352 = CARTESIAN_POINT('',(13.,96.,121.));
#3353 = CARTESIAN_POINT('',(13.,154.,121.));
#3354 = GEOMETRIC_CURVE_SET('',(#3355));
#3355 = TRIMMED_CURVE('',#3356,(#3360,PARAMETER_VALUE(0.)),(#3361,
    PARAMETER_VALUE(32.)),.T.,.PARAMETER.);
#3356 = LINE('',#3357,#3358);
#3357 = CARTESIAN_POINT('',(13.,154.,89.));
#3358 = VECTOR('',#3359,1.);
#3359 = DIRECTION('',(0.,0.,1.));
#3360 = CARTESIAN_POINT('',(13.,154.,89.));
#3361 = CARTESIAN_POINT('',(13.,154.,121.));
#3362 = GEOMETRIC_CURVE_SET('',(#3363));
#3363 = TRIMMED_CURVE('',#3364,(#3368,PARAMETER_VALUE(0.)),(#3369,
    PARAMETER_VALUE(58.)),.T.,.PARAMETER.);
#3364 = LINE('',#3365,#3366);
#3365 = CARTESIAN_POINT('',(13.,96.,89.));
#3366 = VECTOR('',#3367,1.);
#3367 = DIRECTION('',(0.,1.,0.));
#3368 = CARTESIAN_POINT('',(13.,96.,89.));
#3369 = CARTESIAN_POINT('',(13.,154.,89.));
#3370 = GEOMETRIC_CURVE_SET('',(#3371));
#3371 = TRIMMED_CURVE('',#3372,(#3376,PARAMETER_VALUE(0.)),(#3377,
    PARAMETER_VALUE(32.)),.T.,.PARAMETER.);
#3372 = LINE('',#3373,#3374);
#3373 = CARTESIAN_POINT('',(41.,96.,89.));
#3374 = VECTOR('',#3375,1.);
#3375 = DIRECTION('',(0.,0.,1.));
#3376 = CARTESIAN_POINT('',(41.,96.,89.));
#3377 = CARTESIAN_POINT('',(41.,96.,121.));
#3378 = GEOMETRIC_CURVE_SET('',(#3379));
#3379 = TRIMMED_CURVE('',#3380,(#3384,PARAMETER_VALUE(0.)),(#3385,
    PARAMETER_VALUE(58.)),.T.,.PARAMETER.);
#3380 = LINE('',#3381,#3382);
#3381 = CARTESIAN_POINT('',(41.,96.,121.));
#3382 = VECTOR('',#3383,1.);
#3383 = DIRECTION('',(0.,1.,0.));
#3384 = CARTESIAN_POINT('',(41.,96.,121.));
#3385 = CARTESIAN_POINT('',(41.,154.,121.));
#3386 = GEOMETRIC_CURVE_SET('',(#3387));
#3387 = TRIMMED_CURVE('',#3388,(#3392,PARAMETER_VALUE(0.)),(#3393,
    PARAMETER_VALUE(32.)),.T.,.PARAMETER.);
#3388 = LINE('',#3389,#3390);
#3389 = CARTESIAN_POINT('',(41.,154.,89.));
#3390 = VECTOR('',#3391,1.);
#3391 = DIRECTION('',(0.,0.,1.));
#3392 = CARTESIAN_POINT('',(41.,154.,89.));
#3393 = CARTESIAN_POINT('',(41.,154.,121.));
#3394 = GEOMETRIC_CURVE_SET('',(#3395));
#3395 = TRIMMED_CURVE('',#3396,(#3400,PARAMETER_VALUE(0.)),(#3401,
    PARAMETER_VALUE(58.)),.T.,.PARAMETER.);
#3396 = LINE('',#3397,#3398);
#3397 = CARTESIAN_POINT('',(41.,96.,89.));
#3398 = VECTOR('',#3399,1.);
#3399 = DIRECTION('',(0.,1.,0.));
#3400 = CARTESIAN_POINT('',(41.,96.,89.));
#3401 = CARTESIAN_POINT('',(41.,154.,89.));
#3402 = GEOMETRIC_CURVE_SET('',(#3403));
#3403 = TRIMMED_CURVE('',#3404,(#3408,PARAMETER_VALUE(0.)),(#3409,
    PARAMETER_VALUE(28.)),.T.,.PARAMETER.);
#3404 = LINE('',#3405,#3406);
#3405 = CARTESIAN_POINT('',(13.,96.,89.));
#3406 = VECTOR('',#3407,1.);
#3407 = DIRECTION('',(1.,0.,0.));
#3408 = CARTESIAN_POINT('',(13.,96.,89.));
#3409 = CARTESIAN_POINT('',(41.,96.,89.));
#3410 = GEOMETRIC_CURVE_SET('',(#3411));
#3411 = TRIMMED_CURVE('',#3412,(#3416,PARAMETER_VALUE(0.)),(#3417,
    PARAMETER_VALUE(28.)),.T.,.PARAMETER.);
#3412 = LINE('',#3413,#3414);
#3413 = CARTESIAN_POINT('',(13.,96.,121.));
#3414 = VECTOR('',#3415,1.);
#3415 = DIRECTION('',(1.,0.,0.));
#3416 = CARTESIAN_POINT('',(13.,96.,121.));
#3417 = CARTESIAN_POINT('',(41.,96.,121.));
#3418 = GEOMETRIC_CURVE_SET('',(#3419));
#3419 = TRIMMED_CURVE('',#3420,(#3424,PARAMETER_VALUE(0.)),(#3425,
    PARAMETER_VALUE(28.)),.T.,.PARAMETER.);
#3420 = LINE('',#3421,#3422);
#3421 = CARTESIAN_POINT('',(13.,154.,89.));
#3422 = VECTOR('',#3423,1.);
#3423 = DIRECTION('',(1.,0.,0.));
#3424 = CARTESIAN_POINT('',(13.,154.,89.));
#3425 = CARTESIAN_POINT('',(41.,154.,89.));
#3426 = GEOMETRIC_CURVE_SET('',(#3427));
#3427 = TRIMMED_CURVE('',#3428,(#3432,PARAMETER_VALUE(0.)),(#3433,
    PARAMETER_VALUE(28.)),.T.,.PARAMETER.);
#3428 = LINE('',#3429,#3430);
#3429 = CARTESIAN_POINT('',(13.,154.,121.));
#3430 = VECTOR('',#3431,1.);
#3431 = DIRECTION('',(1.,0.,0.));
#3432 = CARTESIAN_POINT('',(13.,154.,121.));
#3433 = CARTESIAN_POINT('',(41.,154.,121.));
#3434 = GEOMETRIC_CURVE_SET('',(#3435));
#3435 = TRIMMED_CURVE('',#3436,(#3440,PARAMETER_VALUE(0.)),(#3441,
    PARAMETER_VALUE(55.)),.T.,.PARAMETER.);
#3436 = LINE('',#3437,#3438);
#3437 = CARTESIAN_POINT('',(44.,86.,66.));
#3438 = VECTOR('',#3439,1.);
#3439 = DIRECTION('',(0.,0.,1.));
#3440 = CARTESIAN_POINT('',(44.,86.,66.));
#3441 = CARTESIAN_POINT('',(44.,86.,121.));
#3442 = GEOMETRIC_CURVE_SET('',(#3443));
#3443 = TRIMMED_CURVE('',#3444,(#3448,PARAMETER_VALUE(0.)),(#3449,
    PARAMETER_VALUE(66.)),.T.,.PARAMETER.);
#3444 = LINE('',#3445,#3446);
#3445 = CARTESIAN_POINT('',(44.,86.,121.));
#3446 = VECTOR('',#3447,1.);
#3447 = DIRECTION('',(0.,1.,0.));
#3448 = CARTESIAN_POINT('',(44.,86.,121.));
#3449 = CARTESIAN_POINT('',(44.,152.,121.));
#3450 = GEOMETRIC_CURVE_SET('',(#3451));
#3451 = TRIMMED_CURVE('',#3452,(#3456,PARAMETER_VALUE(0.)),(#3457,
    PARAMETER_VALUE(55.)),.T.,.PARAMETER.);
#3452 = LINE('',#3453,#3454);
#3453 = CARTESIAN_POINT('',(44.,152.,66.));
#3454 = VECTOR('',#3455,1.);
#3455 = DIRECTION('',(0.,0.,1.));
#3456 = CARTESIAN_POINT('',(44.,152.,66.));
#3457 = CARTESIAN_POINT('',(44.,152.,121.));
#3458 = GEOMETRIC_CURVE_SET('',(#3459));
#3459 = TRIMMED_CURVE('',#3460,(#3464,PARAMETER_VALUE(0.)),(#3465,
    PARAMETER_VALUE(66.)),.T.,.PARAMETER.);
#3460 = LINE('',#3461,#3462);
#3461 = CARTESIAN_POINT('',(44.,86.,66.));
#3462 = VECTOR('',#3463,1.);
#3463 = DIRECTION('',(0.,1.,0.));
#3464 = CARTESIAN_POINT('',(44.,86.,66.));
#3465 = CARTESIAN_POINT('',(44.,152.,66.));
#3466 = GEOMETRIC_CURVE_SET('',(#3467));
#3467 = TRIMMED_CURVE('',#3468,(#3472,PARAMETER_VALUE(0.)),(#3473,
    PARAMETER_VALUE(55.)),.T.,.PARAMETER.);
#3468 = LINE('',#3469,#3470);
#3469 = CARTESIAN_POINT('',(224.,86.,66.));
#3470 = VECTOR('',#3471,1.);
#3471 = DIRECTION('',(0.,0.,1.));
#3472 = CARTESIAN_POINT('',(224.,86.,66.));
#3473 = CARTESIAN_POINT('',(224.,86.,121.));
#3474 = GEOMETRIC_CURVE_SET('',(#3475));
#3475 = TRIMMED_CURVE('',#3476,(#3480,PARAMETER_VALUE(0.)),(#3481,
    PARAMETER_VALUE(66.)),.T.,.PARAMETER.);
#3476 = LINE('',#3477,#3478);
#3477 = CARTESIAN_POINT('',(224.,86.,121.));
#3478 = VECTOR('',#3479,1.);
#3479 = DIRECTION('',(0.,1.,0.));
#3480 = CARTESIAN_POINT('',(224.,86.,121.));
#3481 = CARTESIAN_POINT('',(224.,152.,121.));
#3482 = GEOMETRIC_CURVE_SET('',(#3483));
#3483 = TRIMMED_CURVE('',#3484,(#3488,PARAMETER_VALUE(0.)),(#3489,
    PARAMETER_VALUE(55.)),.T.,.PARAMETER.);
#3484 = LINE('',#3485,#3486);
#3485 = CARTESIAN_POINT('',(224.,152.,66.));
#3486 = VECTOR('',#3487,1.);
#3487 = DIRECTION('',(0.,0.,1.));
#3488 = CARTESIAN_POINT('',(224.,152.,66.));
#3489 = CARTESIAN_POINT('',(224.,152.,121.));
#3490 = GEOMETRIC_CURVE_SET('',(#3491));
#3491 = TRIMMED_CURVE('',#3492,(#3496,PARAMETER_VALUE(0.)),(#3497,
    PARAMETER_VALUE(66.)),.T.,.PARAMETER.);
#3492 = LINE('',#3493,#3494);
#3493 = CARTESIAN_POINT('',(224.,86.,66.));
#3494 = VECTOR('',#3495,1.);
#3495 = DIRECTION('',(0.,1.,0.));
#3496 = CARTESIAN_POINT('',(224.,86.,66.));
#3497 = CARTESIAN_POINT('',(224.,152.,66.));
#3498 = GEOMETRIC_CURVE_SET('',(#3499));
#3499 = TRIMMED_CURVE('',#3500,(#3504,PARAMETER_VALUE(0.)),(#3505,
    PARAMETER_VALUE(180.)),.T.,.PARAMETER.);
#3500 = LINE('',#3501,#3502);
#3501 = CARTESIAN_POINT('',(44.,86.,66.));
#3502 = VECTOR('',#3503,1.);
#3503 = DIRECTION('',(1.,0.,0.));
#3504 = CARTESIAN_POINT('',(44.,86.,66.));
#3505 = CARTESIAN_POINT('',(224.,86.,66.));
#3506 = GEOMETRIC_CURVE_SET('',(#3507));
#3507 = TRIMMED_CURVE('',#3508,(#3512,PARAMETER_VALUE(0.)),(#3513,
    PARAMETER_VALUE(180.)),.T.,.PARAMETER.);
#3508 = LINE('',#3509,#3510);
#3509 = CARTESIAN_POINT('',(44.,86.,121.));
#3510 = VECTOR('',#3511,1.);
#3511 = DIRECTION('',(1.,0.,0.));
#3512 = CARTESIAN_POINT('',(44.,86.,121.));
#3513 = CARTESIAN_POINT('',(224.,86.,121.));
#3514 = GEOMETRIC_CURVE_SET('',(#3515));
#3515 = TRIMMED_CURVE('',#3516,(#3520,PARAMETER_VALUE(0.)),(#3521,
    PARAMETER_VALUE(180.)),.T.,.PARAMETER.);
#3516 = LINE('',#3517,#3518);
#3517 = CARTESIAN_POINT('',(44.,152.,66.));
#3518 = VECTOR('',#3519,1.);
#3519 = DIRECTION('',(1.,0.,0.));
#3520 = CARTESIAN_POINT('',(44.,152.,66.));
#3521 = CARTESIAN_POINT('',(224.,152.,66.));
#3522 = GEOMETRIC_CURVE_SET('',(#3523));
#3523 = TRIMMED_CURVE('',#3524,(#3528,PARAMETER_VALUE(0.)),(#3529,
    PARAMETER_VALUE(180.)),.T.,.PARAMETER.);
#3524 = LINE('',#3525,#3526);
#3525 = CARTESIAN_POINT('',(44.,152.,121.));
#3526 = VECTOR('',#3527,1.);
#3527 = DIRECTION('',(1.,0.,0.));
#3528 = CARTESIAN_POINT('',(44.,152.,121.));
#3529 = CARTESIAN_POINT('',(224.,152.,121.));
#3530 = GEOMETRIC_CURVE_SET('',(#3531));
#3531 = TRIMMED_CURVE('',#3532,(#3536,PARAMETER_VALUE(0.)),(#3537,
    PARAMETER_VALUE(32.)),.T.,.PARAMETER.);
#3532 = LINE('',#3533,#3534);
#3533 = CARTESIAN_POINT('',(227.,86.,89.));
#3534 = VECTOR('',#3535,1.);
#3535 = DIRECTION('',(0.,0.,1.));
#3536 = CARTESIAN_POINT('',(227.,86.,89.));
#3537 = CARTESIAN_POINT('',(227.,86.,121.));
#3538 = GEOMETRIC_CURVE_SET('',(#3539));
#3539 = TRIMMED_CURVE('',#3540,(#3544,PARAMETER_VALUE(0.)),(#3545,
    PARAMETER_VALUE(68.)),.T.,.PARAMETER.);
#3540 = LINE('',#3541,#3542);
#3541 = CARTESIAN_POINT('',(227.,86.,121.));
#3542 = VECTOR('',#3543,1.);
#3543 = DIRECTION('',(0.,1.,0.));
#3544 = CARTESIAN_POINT('',(227.,86.,121.));
#3545 = CARTESIAN_POINT('',(227.,154.,121.));
#3546 = GEOMETRIC_CURVE_SET('',(#3547));
#3547 = TRIMMED_CURVE('',#3548,(#3552,PARAMETER_VALUE(0.)),(#3553,
    PARAMETER_VALUE(32.)),.T.,.PARAMETER.);
#3548 = LINE('',#3549,#3550);
#3549 = CARTESIAN_POINT('',(227.,154.,89.));
#3550 = VECTOR('',#3551,1.);
#3551 = DIRECTION('',(0.,0.,1.));
#3552 = CARTESIAN_POINT('',(227.,154.,89.));
#3553 = CARTESIAN_POINT('',(227.,154.,121.));
#3554 = GEOMETRIC_CURVE_SET('',(#3555));
#3555 = TRIMMED_CURVE('',#3556,(#3560,PARAMETER_VALUE(0.)),(#3561,
    PARAMETER_VALUE(68.)),.T.,.PARAMETER.);
#3556 = LINE('',#3557,#3558);
#3557 = CARTESIAN_POINT('',(227.,86.,89.));
#3558 = VECTOR('',#3559,1.);
#3559 = DIRECTION('',(0.,1.,0.));
#3560 = CARTESIAN_POINT('',(227.,86.,89.));
#3561 = CARTESIAN_POINT('',(227.,154.,89.));
#3562 = GEOMETRIC_CURVE_SET('',(#3563));
#3563 = TRIMMED_CURVE('',#3564,(#3568,PARAMETER_VALUE(0.)),(#3569,
    PARAMETER_VALUE(32.)),.T.,.PARAMETER.);
#3564 = LINE('',#3565,#3566);
#3565 = CARTESIAN_POINT('',(270.,86.,89.));
#3566 = VECTOR('',#3567,1.);
#3567 = DIRECTION('',(0.,0.,1.));
#3568 = CARTESIAN_POINT('',(270.,86.,89.));
#3569 = CARTESIAN_POINT('',(270.,86.,121.));
#3570 = GEOMETRIC_CURVE_SET('',(#3571));
#3571 = TRIMMED_CURVE('',#3572,(#3576,PARAMETER_VALUE(0.)),(#3577,
    PARAMETER_VALUE(68.)),.T.,.PARAMETER.);
#3572 = LINE('',#3573,#3574);
#3573 = CARTESIAN_POINT('',(270.,86.,121.));
#3574 = VECTOR('',#3575,1.);
#3575 = DIRECTION('',(0.,1.,0.));
#3576 = CARTESIAN_POINT('',(270.,86.,121.));
#3577 = CARTESIAN_POINT('',(270.,154.,121.));
#3578 = GEOMETRIC_CURVE_SET('',(#3579));
#3579 = TRIMMED_CURVE('',#3580,(#3584,PARAMETER_VALUE(0.)),(#3585,
    PARAMETER_VALUE(32.)),.T.,.PARAMETER.);
#3580 = LINE('',#3581,#3582);
#3581 = CARTESIAN_POINT('',(270.,154.,89.));
#3582 = VECTOR('',#3583,1.);
#3583 = DIRECTION('',(0.,0.,1.));
#3584 = CARTESIAN_POINT('',(270.,154.,89.));
#3585 = CARTESIAN_POINT('',(270.,154.,121.));
#3586 = GEOMETRIC_CURVE_SET('',(#3587));
#3587 = TRIMMED_CURVE('',#3588,(#3592,PARAMETER_VALUE(0.)),(#3593,
    PARAMETER_VALUE(68.)),.T.,.PARAMETER.);
#3588 = LINE('',#3589,#3590);
#3589 = CARTESIAN_POINT('',(270.,86.,89.));
#3590 = VECTOR('',#3591,1.);
#3591 = DIRECTION('',(0.,1.,0.));
#3592 = CARTESIAN_POINT('',(270.,86.,89.));
#3593 = CARTESIAN_POINT('',(270.,154.,89.));
#3594 = GEOMETRIC_CURVE_SET('',(#3595));
#3595 = TRIMMED_CURVE('',#3596,(#3600,PARAMETER_VALUE(0.)),(#3601,
    PARAMETER_VALUE(43.)),.T.,.PARAMETER.);
#3596 = LINE('',#3597,#3598);
#3597 = CARTESIAN_POINT('',(227.,86.,89.));
#3598 = VECTOR('',#3599,1.);
#3599 = DIRECTION('',(1.,0.,0.));
#3600 = CARTESIAN_POINT('',(227.,86.,89.));
#3601 = CARTESIAN_POINT('',(270.,86.,89.));
#3602 = GEOMETRIC_CURVE_SET('',(#3603));
#3603 = TRIMMED_CURVE('',#3604,(#3608,PARAMETER_VALUE(0.)),(#3609,
    PARAMETER_VALUE(43.)),.T.,.PARAMETER.);
#3604 = LINE('',#3605,#3606);
#3605 = CARTESIAN_POINT('',(227.,86.,121.));
#3606 = VECTOR('',#3607,1.);
#3607 = DIRECTION('',(1.,0.,0.));
#3608 = CARTESIAN_POINT('',(227.,86.,121.));
#3609 = CARTESIAN_POINT('',(270.,86.,121.));
#3610 = GEOMETRIC_CURVE_SET('',(#3611));
#3611 = TRIMMED_CURVE('',#3612,(#3616,PARAMETER_VALUE(0.)),(#3617,
    PARAMETER_VALUE(43.)),.T.,.PARAMETER.);
#3612 = LINE('',#3613,#3614);
#3613 = CARTESIAN_POINT('',(227.,154.,89.));
#3614 = VECTOR('',#3615,1.);
#3615 = DIRECTION('',(1.,0.,0.));
#3616 = CARTESIAN_POINT('',(227.,154.,89.));
#3617 = CARTESIAN_POINT('',(270.,154.,89.));
#3618 = GEOMETRIC_CURVE_SET('',(#3619));
#3619 = TRIMMED_CURVE('',#3620,(#3624,PARAMETER_VALUE(0.)),(#3625,
    PARAMETER_VALUE(43.)),.T.,.PARAMETER.);
#3620 = LINE('',#3621,#3622);
#3621 = CARTESIAN_POINT('',(227.,154.,121.));
#3622 = VECTOR('',#3623,1.);
#3623 = DIRECTION('',(1.,0.,0.));
#3624 = CARTESIAN_POINT('',(227.,154.,121.));
#3625 = CARTESIAN_POINT('',(270.,154.,121.));
#3626 = GEOMETRIC_CURVE_SET('',(#3627));
#3627 = TRIMMED_CURVE('',#3628,(#3632,PARAMETER_VALUE(0.)),(#3633,
    PARAMETER_VALUE(55.)),.T.,.PARAMETER.);
#3628 = LINE('',#3629,#3630);
#3629 = CARTESIAN_POINT('',(86.,94.,124.1));
#3630 = VECTOR('',#3631,1.);
#3631 = DIRECTION('',(0.,0.,1.));
#3632 = CARTESIAN_POINT('',(86.,94.,124.1));
#3633 = CARTESIAN_POINT('',(86.,94.,179.1));
#3634 = GEOMETRIC_CURVE_SET('',(#3635));
#3635 = TRIMMED_CURVE('',#3636,(#3640,PARAMETER_VALUE(0.)),(#3641,
    PARAMETER_VALUE(70.3)),.T.,.PARAMETER.);
#3636 = LINE('',#3637,#3638);
#3637 = CARTESIAN_POINT('',(86.,94.,179.1));
#3638 = VECTOR('',#3639,1.);
#3639 = DIRECTION('',(0.,1.,0.));
#3640 = CARTESIAN_POINT('',(86.,94.,179.1));
#3641 = CARTESIAN_POINT('',(86.,164.3,179.1));
#3642 = GEOMETRIC_CURVE_SET('',(#3643));
#3643 = TRIMMED_CURVE('',#3644,(#3648,PARAMETER_VALUE(0.)),(#3649,
    PARAMETER_VALUE(55.)),.T.,.PARAMETER.);
#3644 = LINE('',#3645,#3646);
#3645 = CARTESIAN_POINT('',(86.,164.3,124.1));
#3646 = VECTOR('',#3647,1.);
#3647 = DIRECTION('',(0.,0.,1.));
#3648 = CARTESIAN_POINT('',(86.,164.3,124.1));
#3649 = CARTESIAN_POINT('',(86.,164.3,179.1));
#3650 = GEOMETRIC_CURVE_SET('',(#3651));
#3651 = TRIMMED_CURVE('',#3652,(#3656,PARAMETER_VALUE(0.)),(#3657,
    PARAMETER_VALUE(70.3)),.T.,.PARAMETER.);
#3652 = LINE('',#3653,#3654);
#3653 = CARTESIAN_POINT('',(86.,94.,124.1));
#3654 = VECTOR('',#3655,1.);
#3655 = DIRECTION('',(0.,1.,0.));
#3656 = CARTESIAN_POINT('',(86.,94.,124.1));
#3657 = CARTESIAN_POINT('',(86.,164.3,124.1));
#3658 = GEOMETRIC_CURVE_SET('',(#3659));
#3659 = TRIMMED_CURVE('',#3660,(#3664,PARAMETER_VALUE(0.)),(#3665,
    PARAMETER_VALUE(55.)),.T.,.PARAMETER.);
#3660 = LINE('',#3661,#3662);
#3661 = CARTESIAN_POINT('',(182.8,94.,124.1));
#3662 = VECTOR('',#3663,1.);
#3663 = DIRECTION('',(0.,0.,1.));
#3664 = CARTESIAN_POINT('',(182.8,94.,124.1));
#3665 = CARTESIAN_POINT('',(182.8,94.,179.1));
#3666 = GEOMETRIC_CURVE_SET('',(#3667));
#3667 = TRIMMED_CURVE('',#3668,(#3672,PARAMETER_VALUE(0.)),(#3673,
    PARAMETER_VALUE(70.3)),.T.,.PARAMETER.);
#3668 = LINE('',#3669,#3670);
#3669 = CARTESIAN_POINT('',(182.8,94.,179.1));
#3670 = VECTOR('',#3671,1.);
#3671 = DIRECTION('',(0.,1.,0.));
#3672 = CARTESIAN_POINT('',(182.8,94.,179.1));
#3673 = CARTESIAN_POINT('',(182.8,164.3,179.1));
#3674 = GEOMETRIC_CURVE_SET('',(#3675));
#3675 = TRIMMED_CURVE('',#3676,(#3680,PARAMETER_VALUE(0.)),(#3681,
    PARAMETER_VALUE(55.)),.T.,.PARAMETER.);
#3676 = LINE('',#3677,#3678);
#3677 = CARTESIAN_POINT('',(182.8,164.3,124.1));
#3678 = VECTOR('',#3679,1.);
#3679 = DIRECTION('',(0.,0.,1.));
#3680 = CARTESIAN_POINT('',(182.8,164.3,124.1));
#3681 = CARTESIAN_POINT('',(182.8,164.3,179.1));
#3682 = GEOMETRIC_CURVE_SET('',(#3683));
#3683 = TRIMMED_CURVE('',#3684,(#3688,PARAMETER_VALUE(0.)),(#3689,
    PARAMETER_VALUE(70.3)),.T.,.PARAMETER.);
#3684 = LINE('',#3685,#3686);
#3685 = CARTESIAN_POINT('',(182.8,94.,124.1));
#3686 = VECTOR('',#3687,1.);
#3687 = DIRECTION('',(0.,1.,0.));
#3688 = CARTESIAN_POINT('',(182.8,94.,124.1));
#3689 = CARTESIAN_POINT('',(182.8,164.3,124.1));
#3690 = GEOMETRIC_CURVE_SET('',(#3691));
#3691 = TRIMMED_CURVE('',#3692,(#3696,PARAMETER_VALUE(0.)),(#3697,
    PARAMETER_VALUE(96.8)),.T.,.PARAMETER.);
#3692 = LINE('',#3693,#3694);
#3693 = CARTESIAN_POINT('',(86.,94.,124.1));
#3694 = VECTOR('',#3695,1.);
#3695 = DIRECTION('',(1.,0.,0.));
#3696 = CARTESIAN_POINT('',(86.,94.,124.1));
#3697 = CARTESIAN_POINT('',(182.8,94.,124.1));
#3698 = GEOMETRIC_CURVE_SET('',(#3699));
#3699 = TRIMMED_CURVE('',#3700,(#3704,PARAMETER_VALUE(0.)),(#3705,
    PARAMETER_VALUE(96.8)),.T.,.PARAMETER.);
#3700 = LINE('',#3701,#3702);
#3701 = CARTESIAN_POINT('',(86.,94.,179.1));
#3702 = VECTOR('',#3703,1.);
#3703 = DIRECTION('',(1.,0.,0.));
#3704 = CARTESIAN_POINT('',(86.,94.,179.1));
#3705 = CARTESIAN_POINT('',(182.8,94.,179.1));
#3706 = GEOMETRIC_CURVE_SET('',(#3707));
#3707 = TRIMMED_CURVE('',#3708,(#3712,PARAMETER_VALUE(0.)),(#3713,
    PARAMETER_VALUE(96.8)),.T.,.PARAMETER.);
#3708 = LINE('',#3709,#3710);
#3709 = CARTESIAN_POINT('',(86.,164.3,124.1));
#3710 = VECTOR('',#3711,1.);
#3711 = DIRECTION('',(1.,0.,0.));
#3712 = CARTESIAN_POINT('',(86.,164.3,124.1));
#3713 = CARTESIAN_POINT('',(182.8,164.3,124.1));
#3714 = GEOMETRIC_CURVE_SET('',(#3715));
#3715 = TRIMMED_CURVE('',#3716,(#3720,PARAMETER_VALUE(0.)),(#3721,
    PARAMETER_VALUE(96.8)),.T.,.PARAMETER.);
#3716 = LINE('',#3717,#3718);
#3717 = CARTESIAN_POINT('',(86.,164.3,179.1));
#3718 = VECTOR('',#3719,1.);
#3719 = DIRECTION('',(1.,0.,0.));
#3720 = CARTESIAN_POINT('',(86.,164.3,179.1));
#3721 = CARTESIAN_POINT('',(182.8,164.3,179.1));
#3722 = GEOMETRIC_CURVE_SET('',(#3723));
#3723 = TRIMMED_CURVE('',#3724,(#3728,PARAMETER_VALUE(0.)),(#3729,
    PARAMETER_VALUE(30.)),.T.,.PARAMETER.);
#3724 = LINE('',#3725,#3726);
#3725 = CARTESIAN_POINT('',(153.,29.,56.));
#3726 = VECTOR('',#3727,1.);
#3727 = DIRECTION('',(0.,0.,1.));
#3728 = CARTESIAN_POINT('',(153.,29.,56.));
#3729 = CARTESIAN_POINT('',(153.,29.,86.));
#3730 = GEOMETRIC_CURVE_SET('',(#3731));
#3731 = TRIMMED_CURVE('',#3732,(#3736,PARAMETER_VALUE(0.)),(#3737,
    PARAMETER_VALUE(53.)),.T.,.PARAMETER.);
#3732 = LINE('',#3733,#3734);
#3733 = CARTESIAN_POINT('',(153.,29.,86.));
#3734 = VECTOR('',#3735,1.);
#3735 = DIRECTION('',(0.,1.,0.));
#3736 = CARTESIAN_POINT('',(153.,29.,86.));
#3737 = CARTESIAN_POINT('',(153.,82.,86.));
#3738 = GEOMETRIC_CURVE_SET('',(#3739));
#3739 = TRIMMED_CURVE('',#3740,(#3744,PARAMETER_VALUE(0.)),(#3745,
    PARAMETER_VALUE(30.)),.T.,.PARAMETER.);
#3740 = LINE('',#3741,#3742);
#3741 = CARTESIAN_POINT('',(153.,82.,56.));
#3742 = VECTOR('',#3743,1.);
#3743 = DIRECTION('',(0.,0.,1.));
#3744 = CARTESIAN_POINT('',(153.,82.,56.));
#3745 = CARTESIAN_POINT('',(153.,82.,86.));
#3746 = GEOMETRIC_CURVE_SET('',(#3747));
#3747 = TRIMMED_CURVE('',#3748,(#3752,PARAMETER_VALUE(0.)),(#3753,
    PARAMETER_VALUE(53.)),.T.,.PARAMETER.);
#3748 = LINE('',#3749,#3750);
#3749 = CARTESIAN_POINT('',(153.,29.,56.));
#3750 = VECTOR('',#3751,1.);
#3751 = DIRECTION('',(0.,1.,0.));
#3752 = CARTESIAN_POINT('',(153.,29.,56.));
#3753 = CARTESIAN_POINT('',(153.,82.,56.));
#3754 = GEOMETRIC_CURVE_SET('',(#3755));
#3755 = TRIMMED_CURVE('',#3756,(#3760,PARAMETER_VALUE(0.)),(#3761,
    PARAMETER_VALUE(30.)),.T.,.PARAMETER.);
#3756 = LINE('',#3757,#3758);
#3757 = CARTESIAN_POINT('',(211.,29.,56.));
#3758 = VECTOR('',#3759,1.);
#3759 = DIRECTION('',(0.,0.,1.));
#3760 = CARTESIAN_POINT('',(211.,29.,56.));
#3761 = CARTESIAN_POINT('',(211.,29.,86.));
#3762 = GEOMETRIC_CURVE_SET('',(#3763));
#3763 = TRIMMED_CURVE('',#3764,(#3768,PARAMETER_VALUE(0.)),(#3769,
    PARAMETER_VALUE(53.)),.T.,.PARAMETER.);
#3764 = LINE('',#3765,#3766);
#3765 = CARTESIAN_POINT('',(211.,29.,86.));
#3766 = VECTOR('',#3767,1.);
#3767 = DIRECTION('',(0.,1.,0.));
#3768 = CARTESIAN_POINT('',(211.,29.,86.));
#3769 = CARTESIAN_POINT('',(211.,82.,86.));
#3770 = GEOMETRIC_CURVE_SET('',(#3771));
#3771 = TRIMMED_CURVE('',#3772,(#3776,PARAMETER_VALUE(0.)),(#3777,
    PARAMETER_VALUE(30.)),.T.,.PARAMETER.);
#3772 = LINE('',#3773,#3774);
#3773 = CARTESIAN_POINT('',(211.,82.,56.));
#3774 = VECTOR('',#3775,1.);
#3775 = DIRECTION('',(0.,0.,1.));
#3776 = CARTESIAN_POINT('',(211.,82.,56.));
#3777 = CARTESIAN_POINT('',(211.,82.,86.));
#3778 = GEOMETRIC_CURVE_SET('',(#3779));
#3779 = TRIMMED_CURVE('',#3780,(#3784,PARAMETER_VALUE(0.)),(#3785,
    PARAMETER_VALUE(53.)),.T.,.PARAMETER.);
#3780 = LINE('',#3781,#3782);
#3781 = CARTESIAN_POINT('',(211.,29.,56.));
#3782 = VECTOR('',#3783,1.);
#3783 = DIRECTION('',(0.,1.,0.));
#3784 = CARTESIAN_POINT('',(211.,29.,56.));
#3785 = CARTESIAN_POINT('',(211.,82.,56.));
#3786 = GEOMETRIC_CURVE_SET('',(#3787));
#3787 = TRIMMED_CURVE('',#3788,(#3792,PARAMETER_VALUE(0.)),(#3793,
    PARAMETER_VALUE(58.)),.T.,.PARAMETER.);
#3788 = LINE('',#3789,#3790);
#3789 = CARTESIAN_POINT('',(153.,29.,56.));
#3790 = VECTOR('',#3791,1.);
#3791 = DIRECTION('',(1.,0.,0.));
#3792 = CARTESIAN_POINT('',(153.,29.,56.));
#3793 = CARTESIAN_POINT('',(211.,29.,56.));
#3794 = GEOMETRIC_CURVE_SET('',(#3795));
#3795 = TRIMMED_CURVE('',#3796,(#3800,PARAMETER_VALUE(0.)),(#3801,
    PARAMETER_VALUE(58.)),.T.,.PARAMETER.);
#3796 = LINE('',#3797,#3798);
#3797 = CARTESIAN_POINT('',(153.,29.,86.));
#3798 = VECTOR('',#3799,1.);
#3799 = DIRECTION('',(1.,0.,0.));
#3800 = CARTESIAN_POINT('',(153.,29.,86.));
#3801 = CARTESIAN_POINT('',(211.,29.,86.));
#3802 = GEOMETRIC_CURVE_SET('',(#3803));
#3803 = TRIMMED_CURVE('',#3804,(#3808,PARAMETER_VALUE(0.)),(#3809,
    PARAMETER_VALUE(58.)),.T.,.PARAMETER.);
#3804 = LINE('',#3805,#3806);
#3805 = CARTESIAN_POINT('',(153.,82.,56.));
#3806 = VECTOR('',#3807,1.);
#3807 = DIRECTION('',(1.,0.,0.));
#3808 = CARTESIAN_POINT('',(153.,82.,56.));
#3809 = CARTESIAN_POINT('',(211.,82.,56.));
#3810 = GEOMETRIC_CURVE_SET('',(#3811));
#3811 = TRIMMED_CURVE('',#3812,(#3816,PARAMETER_VALUE(0.)),(#3817,
    PARAMETER_VALUE(58.)),.T.,.PARAMETER.);
#3812 = LINE('',#3813,#3814);
#3813 = CARTESIAN_POINT('',(153.,82.,86.));
#3814 = VECTOR('',#3815,1.);
#3815 = DIRECTION('',(1.,0.,0.));
#3816 = CARTESIAN_POINT('',(153.,82.,86.));
#3817 = CARTESIAN_POINT('',(211.,82.,86.));
#3818 = GEOMETRIC_CURVE_SET('',(#3819));
#3819 = TRIMMED_CURVE('',#3820,(#3824,PARAMETER_VALUE(0.)),(#3825,
    PARAMETER_VALUE(50.)),.T.,.PARAMETER.);
#3820 = LINE('',#3821,#3822);
#3821 = CARTESIAN_POINT('',(22.5,6.,0.));
#3822 = VECTOR('',#3823,1.);
#3823 = DIRECTION('',(0.,0.,1.));
#3824 = CARTESIAN_POINT('',(22.5,6.,0.));
#3825 = CARTESIAN_POINT('',(22.5,6.,50.));
#3826 = GEOMETRIC_CURVE_SET('',(#3827));
#3827 = TRIMMED_CURVE('',#3828,(#3832,PARAMETER_VALUE(0.)),(#3833,
    PARAMETER_VALUE(60.)),.T.,.PARAMETER.);
#3828 = LINE('',#3829,#3830);
#3829 = CARTESIAN_POINT('',(22.5,6.,50.));
#3830 = VECTOR('',#3831,1.);
#3831 = DIRECTION('',(0.,1.,0.));
#3832 = CARTESIAN_POINT('',(22.5,6.,50.));
#3833 = CARTESIAN_POINT('',(22.5,66.,50.));
#3834 = GEOMETRIC_CURVE_SET('',(#3835));
#3835 = TRIMMED_CURVE('',#3836,(#3840,PARAMETER_VALUE(0.)),(#3841,
    PARAMETER_VALUE(50.)),.T.,.PARAMETER.);
#3836 = LINE('',#3837,#3838);
#3837 = CARTESIAN_POINT('',(22.5,66.,0.));
#3838 = VECTOR('',#3839,1.);
#3839 = DIRECTION('',(0.,0.,1.));
#3840 = CARTESIAN_POINT('',(22.5,66.,0.));
#3841 = CARTESIAN_POINT('',(22.5,66.,50.));
#3842 = GEOMETRIC_CURVE_SET('',(#3843));
#3843 = TRIMMED_CURVE('',#3844,(#3848,PARAMETER_VALUE(0.)),(#3849,
    PARAMETER_VALUE(60.)),.T.,.PARAMETER.);
#3844 = LINE('',#3845,#3846);
#3845 = CARTESIAN_POINT('',(22.5,6.,0.));
#3846 = VECTOR('',#3847,1.);
#3847 = DIRECTION('',(0.,1.,0.));
#3848 = CARTESIAN_POINT('',(22.5,6.,0.));
#3849 = CARTESIAN_POINT('',(22.5,66.,0.));
#3850 = GEOMETRIC_CURVE_SET('',(#3851));
#3851 = TRIMMED_CURVE('',#3852,(#3856,PARAMETER_VALUE(0.)),(#3857,
    PARAMETER_VALUE(50.)),.T.,.PARAMETER.);
#3852 = LINE('',#3853,#3854);
#3853 = CARTESIAN_POINT('',(252.5,6.,0.));
#3854 = VECTOR('',#3855,1.);
#3855 = DIRECTION('',(0.,0.,1.));
#3856 = CARTESIAN_POINT('',(252.5,6.,0.));
#3857 = CARTESIAN_POINT('',(252.5,6.,50.));
#3858 = GEOMETRIC_CURVE_SET('',(#3859));
#3859 = TRIMMED_CURVE('',#3860,(#3864,PARAMETER_VALUE(0.)),(#3865,
    PARAMETER_VALUE(60.)),.T.,.PARAMETER.);
#3860 = LINE('',#3861,#3862);
#3861 = CARTESIAN_POINT('',(252.5,6.,50.));
#3862 = VECTOR('',#3863,1.);
#3863 = DIRECTION('',(0.,1.,0.));
#3864 = CARTESIAN_POINT('',(252.5,6.,50.));
#3865 = CARTESIAN_POINT('',(252.5,66.,50.));
#3866 = GEOMETRIC_CURVE_SET('',(#3867));
#3867 = TRIMMED_CURVE('',#3868,(#3872,PARAMETER_VALUE(0.)),(#3873,
    PARAMETER_VALUE(50.)),.T.,.PARAMETER.);
#3868 = LINE('',#3869,#3870);
#3869 = CARTESIAN_POINT('',(252.5,66.,0.));
#3870 = VECTOR('',#3871,1.);
#3871 = DIRECTION('',(0.,0.,1.));
#3872 = CARTESIAN_POINT('',(252.5,66.,0.));
#3873 = CARTESIAN_POINT('',(252.5,66.,50.));
#3874 = GEOMETRIC_CURVE_SET('',(#3875));
#3875 = TRIMMED_CURVE('',#3876,(#3880,PARAMETER_VALUE(0.)),(#3881,
    PARAMETER_VALUE(60.)),.T.,.PARAMETER.);
#3876 = LINE('',#3877,#3878);
#3877 = CARTESIAN_POINT('',(252.5,6.,0.));
#3878 = VECTOR('',#3879,1.);
#3879 = DIRECTION('',(0.,1.,0.));
#3880 = CARTESIAN_POINT('',(252.5,6.,0.));
#3881 = CARTESIAN_POINT('',(252.5,66.,0.));
#3882 = GEOMETRIC_CURVE_SET('',(#3883));
#3883 = TRIMMED_CURVE('',#3884,(#3888,PARAMETER_VALUE(0.)),(#3889,
    PARAMETER_VALUE(230.)),.T.,.PARAMETER.);
#3884 = LINE('',#3885,#3886);
#3885 = CARTESIAN_POINT('',(22.5,6.,0.));
#3886 = VECTOR('',#3887,1.);
#3887 = DIRECTION('',(1.,0.,0.));
#3888 = CARTESIAN_POINT('',(22.5,6.,0.));
#3889 = CARTESIAN_POINT('',(252.5,6.,0.));
#3890 = GEOMETRIC_CURVE_SET('',(#3891));
#3891 = TRIMMED_CURVE('',#3892,(#3896,PARAMETER_VALUE(0.)),(#3897,
    PARAMETER_VALUE(230.)),.T.,.PARAMETER.);
#3892 = LINE('',#3893,#3894);
#3893 = CARTESIAN_POINT('',(22.5,6.,50.));
#3894 = VECTOR('',#3895,1.);
#3895 = DIRECTION('',(1.,0.,0.));
#3896 = CARTESIAN_POINT('',(22.5,6.,50.));
#3897 = CARTESIAN_POINT('',(252.5,6.,50.));
#3898 = GEOMETRIC_CURVE_SET('',(#3899));
#3899 = TRIMMED_CURVE('',#3900,(#3904,PARAMETER_VALUE(0.)),(#3905,
    PARAMETER_VALUE(230.)),.T.,.PARAMETER.);
#3900 = LINE('',#3901,#3902);
#3901 = CARTESIAN_POINT('',(22.5,66.,0.));
#3902 = VECTOR('',#3903,1.);
#3903 = DIRECTION('',(1.,0.,0.));
#3904 = CARTESIAN_POINT('',(22.5,66.,0.));
#3905 = CARTESIAN_POINT('',(252.5,66.,0.));
#3906 = GEOMETRIC_CURVE_SET('',(#3907));
#3907 = TRIMMED_CURVE('',#3908,(#3912,PARAMETER_VALUE(0.)),(#3913,
    PARAMETER_VALUE(230.)),.T.,.PARAMETER.);
#3908 = LINE('',#3909,#3910);
#3909 = CARTESIAN_POINT('',(22.5,66.,50.));
#3910 = VECTOR('',#3911,1.);
#3911 = DIRECTION('',(1.,0.,0.));
#3912 = CARTESIAN_POINT('',(22.5,66.,50.));
#3913 = CARTESIAN_POINT('',(252.5,66.,50.));
#3914 = GEOMETRIC_CURVE_SET('',(#3915));
#3915 = TRIMMED_CURVE('',#3916,(#3920,PARAMETER_VALUE(0.)),(#3921,
    PARAMETER_VALUE(35.)),.T.,.PARAMETER.);
#3916 = LINE('',#3917,#3918);
#3917 = CARTESIAN_POINT('',(28.,6.,50.));
#3918 = VECTOR('',#3919,1.);
#3919 = DIRECTION('',(0.,0.,1.));
#3920 = CARTESIAN_POINT('',(28.,6.,50.));
#3921 = CARTESIAN_POINT('',(28.,6.,85.));
#3922 = GEOMETRIC_CURVE_SET('',(#3923));
#3923 = TRIMMED_CURVE('',#3924,(#3928,PARAMETER_VALUE(0.)),(#3929,
    PARAMETER_VALUE(60.)),.T.,.PARAMETER.);
#3924 = LINE('',#3925,#3926);
#3925 = CARTESIAN_POINT('',(28.,6.,85.));
#3926 = VECTOR('',#3927,1.);
#3927 = DIRECTION('',(0.,1.,0.));
#3928 = CARTESIAN_POINT('',(28.,6.,85.));
#3929 = CARTESIAN_POINT('',(28.,66.,85.));
#3930 = GEOMETRIC_CURVE_SET('',(#3931));
#3931 = TRIMMED_CURVE('',#3932,(#3936,PARAMETER_VALUE(0.)),(#3937,
    PARAMETER_VALUE(35.)),.T.,.PARAMETER.);
#3932 = LINE('',#3933,#3934);
#3933 = CARTESIAN_POINT('',(28.,66.,50.));
#3934 = VECTOR('',#3935,1.);
#3935 = DIRECTION('',(0.,0.,1.));
#3936 = CARTESIAN_POINT('',(28.,66.,50.));
#3937 = CARTESIAN_POINT('',(28.,66.,85.));
#3938 = GEOMETRIC_CURVE_SET('',(#3939));
#3939 = TRIMMED_CURVE('',#3940,(#3944,PARAMETER_VALUE(0.)),(#3945,
    PARAMETER_VALUE(60.)),.T.,.PARAMETER.);
#3940 = LINE('',#3941,#3942);
#3941 = CARTESIAN_POINT('',(28.,6.,50.));
#3942 = VECTOR('',#3943,1.);
#3943 = DIRECTION('',(0.,1.,0.));
#3944 = CARTESIAN_POINT('',(28.,6.,50.));
#3945 = CARTESIAN_POINT('',(28.,66.,50.));
#3946 = GEOMETRIC_CURVE_SET('',(#3947));
#3947 = TRIMMED_CURVE('',#3948,(#3952,PARAMETER_VALUE(0.)),(#3953,
    PARAMETER_VALUE(35.)),.T.,.PARAMETER.);
#3948 = LINE('',#3949,#3950);
#3949 = CARTESIAN_POINT('',(103.,6.,50.));
#3950 = VECTOR('',#3951,1.);
#3951 = DIRECTION('',(0.,0.,1.));
#3952 = CARTESIAN_POINT('',(103.,6.,50.));
#3953 = CARTESIAN_POINT('',(103.,6.,85.));
#3954 = GEOMETRIC_CURVE_SET('',(#3955));
#3955 = TRIMMED_CURVE('',#3956,(#3960,PARAMETER_VALUE(0.)),(#3961,
    PARAMETER_VALUE(60.)),.T.,.PARAMETER.);
#3956 = LINE('',#3957,#3958);
#3957 = CARTESIAN_POINT('',(103.,6.,85.));
#3958 = VECTOR('',#3959,1.);
#3959 = DIRECTION('',(0.,1.,0.));
#3960 = CARTESIAN_POINT('',(103.,6.,85.));
#3961 = CARTESIAN_POINT('',(103.,66.,85.));
#3962 = GEOMETRIC_CURVE_SET('',(#3963));
#3963 = TRIMMED_CURVE('',#3964,(#3968,PARAMETER_VALUE(0.)),(#3969,
    PARAMETER_VALUE(35.)),.T.,.PARAMETER.);
#3964 = LINE('',#3965,#3966);
#3965 = CARTESIAN_POINT('',(103.,66.,50.));
#3966 = VECTOR('',#3967,1.);
#3967 = DIRECTION('',(0.,0.,1.));
#3968 = CARTESIAN_POINT('',(103.,66.,50.));
#3969 = CARTESIAN_POINT('',(103.,66.,85.));
#3970 = GEOMETRIC_CURVE_SET('',(#3971));
#3971 = TRIMMED_CURVE('',#3972,(#3976,PARAMETER_VALUE(0.)),(#3977,
    PARAMETER_VALUE(60.)),.T.,.PARAMETER.);
#3972 = LINE('',#3973,#3974);
#3973 = CARTESIAN_POINT('',(103.,6.,50.));
#3974 = VECTOR('',#3975,1.);
#3975 = DIRECTION('',(0.,1.,0.));
#3976 = CARTESIAN_POINT('',(103.,6.,50.));
#3977 = CARTESIAN_POINT('',(103.,66.,50.));
#3978 = GEOMETRIC_CURVE_SET('',(#3979));
#3979 = TRIMMED_CURVE('',#3980,(#3984,PARAMETER_VALUE(0.)),(#3985,
    PARAMETER_VALUE(75.)),.T.,.PARAMETER.);
#3980 = LINE('',#3981,#3982);
#3981 = CARTESIAN_POINT('',(28.,6.,50.));
#3982 = VECTOR('',#3983,1.);
#3983 = DIRECTION('',(1.,0.,0.));
#3984 = CARTESIAN_POINT('',(28.,6.,50.));
#3985 = CARTESIAN_POINT('',(103.,6.,50.));
#3986 = GEOMETRIC_CURVE_SET('',(#3987));
#3987 = TRIMMED_CURVE('',#3988,(#3992,PARAMETER_VALUE(0.)),(#3993,
    PARAMETER_VALUE(75.)),.T.,.PARAMETER.);
#3988 = LINE('',#3989,#3990);
#3989 = CARTESIAN_POINT('',(28.,6.,85.));
#3990 = VECTOR('',#3991,1.);
#3991 = DIRECTION('',(1.,0.,0.));
#3992 = CARTESIAN_POINT('',(28.,6.,85.));
#3993 = CARTESIAN_POINT('',(103.,6.,85.));
#3994 = GEOMETRIC_CURVE_SET('',(#3995));
#3995 = TRIMMED_CURVE('',#3996,(#4000,PARAMETER_VALUE(0.)),(#4001,
    PARAMETER_VALUE(75.)),.T.,.PARAMETER.);
#3996 = LINE('',#3997,#3998);
#3997 = CARTESIAN_POINT('',(28.,66.,50.));
#3998 = VECTOR('',#3999,1.);
#3999 = DIRECTION('',(1.,0.,0.));
#4000 = CARTESIAN_POINT('',(28.,66.,50.));
#4001 = CARTESIAN_POINT('',(103.,66.,50.));
#4002 = GEOMETRIC_CURVE_SET('',(#4003));
#4003 = TRIMMED_CURVE('',#4004,(#4008,PARAMETER_VALUE(0.)),(#4009,
    PARAMETER_VALUE(75.)),.T.,.PARAMETER.);
#4004 = LINE('',#4005,#4006);
#4005 = CARTESIAN_POINT('',(28.,66.,85.));
#4006 = VECTOR('',#4007,1.);
#4007 = DIRECTION('',(1.,0.,0.));
#4008 = CARTESIAN_POINT('',(28.,66.,85.));
#4009 = CARTESIAN_POINT('',(103.,66.,85.));
#4010 = GEOMETRIC_CURVE_SET('',(#4011));
#4011 = TRIMMED_CURVE('',#4012,(#4016,PARAMETER_VALUE(0.)),(#4017,
    PARAMETER_VALUE(65.)),.T.,.PARAMETER.);
#4012 = LINE('',#4013,#4014);
#4013 = CARTESIAN_POINT('',(2.,29.,0.));
#4014 = VECTOR('',#4015,1.);
#4015 = DIRECTION('',(0.,0.,1.));
#4016 = CARTESIAN_POINT('',(2.,29.,0.));
#4017 = CARTESIAN_POINT('',(2.,29.,65.));
#4018 = GEOMETRIC_CURVE_SET('',(#4019));
#4019 = TRIMMED_CURVE('',#4020,(#4024,PARAMETER_VALUE(0.)),(#4025,
    PARAMETER_VALUE(35.)),.T.,.PARAMETER.);
#4020 = LINE('',#4021,#4022);
#4021 = CARTESIAN_POINT('',(2.,29.,65.));
#4022 = VECTOR('',#4023,1.);
#4023 = DIRECTION('',(0.,1.,0.));
#4024 = CARTESIAN_POINT('',(2.,29.,65.));
#4025 = CARTESIAN_POINT('',(2.,64.,65.));
#4026 = GEOMETRIC_CURVE_SET('',(#4027));
#4027 = TRIMMED_CURVE('',#4028,(#4032,PARAMETER_VALUE(0.)),(#4033,
    PARAMETER_VALUE(65.)),.T.,.PARAMETER.);
#4028 = LINE('',#4029,#4030);
#4029 = CARTESIAN_POINT('',(2.,64.,0.));
#4030 = VECTOR('',#4031,1.);
#4031 = DIRECTION('',(0.,0.,1.));
#4032 = CARTESIAN_POINT('',(2.,64.,0.));
#4033 = CARTESIAN_POINT('',(2.,64.,65.));
#4034 = GEOMETRIC_CURVE_SET('',(#4035));
#4035 = TRIMMED_CURVE('',#4036,(#4040,PARAMETER_VALUE(0.)),(#4041,
    PARAMETER_VALUE(35.)),.T.,.PARAMETER.);
#4036 = LINE('',#4037,#4038);
#4037 = CARTESIAN_POINT('',(2.,29.,0.));
#4038 = VECTOR('',#4039,1.);
#4039 = DIRECTION('',(0.,1.,0.));
#4040 = CARTESIAN_POINT('',(2.,29.,0.));
#4041 = CARTESIAN_POINT('',(2.,64.,0.));
#4042 = GEOMETRIC_CURVE_SET('',(#4043));
#4043 = TRIMMED_CURVE('',#4044,(#4048,PARAMETER_VALUE(0.)),(#4049,
    PARAMETER_VALUE(65.)),.T.,.PARAMETER.);
#4044 = LINE('',#4045,#4046);
#4045 = CARTESIAN_POINT('',(20.,29.,0.));
#4046 = VECTOR('',#4047,1.);
#4047 = DIRECTION('',(0.,0.,1.));
#4048 = CARTESIAN_POINT('',(20.,29.,0.));
#4049 = CARTESIAN_POINT('',(20.,29.,65.));
#4050 = GEOMETRIC_CURVE_SET('',(#4051));
#4051 = TRIMMED_CURVE('',#4052,(#4056,PARAMETER_VALUE(0.)),(#4057,
    PARAMETER_VALUE(35.)),.T.,.PARAMETER.);
#4052 = LINE('',#4053,#4054);
#4053 = CARTESIAN_POINT('',(20.,29.,65.));
#4054 = VECTOR('',#4055,1.);
#4055 = DIRECTION('',(0.,1.,0.));
#4056 = CARTESIAN_POINT('',(20.,29.,65.));
#4057 = CARTESIAN_POINT('',(20.,64.,65.));
#4058 = GEOMETRIC_CURVE_SET('',(#4059));
#4059 = TRIMMED_CURVE('',#4060,(#4064,PARAMETER_VALUE(0.)),(#4065,
    PARAMETER_VALUE(65.)),.T.,.PARAMETER.);
#4060 = LINE('',#4061,#4062);
#4061 = CARTESIAN_POINT('',(20.,64.,0.));
#4062 = VECTOR('',#4063,1.);
#4063 = DIRECTION('',(0.,0.,1.));
#4064 = CARTESIAN_POINT('',(20.,64.,0.));
#4065 = CARTESIAN_POINT('',(20.,64.,65.));
#4066 = GEOMETRIC_CURVE_SET('',(#4067));
#4067 = TRIMMED_CURVE('',#4068,(#4072,PARAMETER_VALUE(0.)),(#4073,
    PARAMETER_VALUE(35.)),.T.,.PARAMETER.);
#4068 = LINE('',#4069,#4070);
#4069 = CARTESIAN_POINT('',(20.,29.,0.));
#4070 = VECTOR('',#4071,1.);
#4071 = DIRECTION('',(0.,1.,0.));
#4072 = CARTESIAN_POINT('',(20.,29.,0.));
#4073 = CARTESIAN_POINT('',(20.,64.,0.));
#4074 = GEOMETRIC_CURVE_SET('',(#4075));
#4075 = TRIMMED_CURVE('',#4076,(#4080,PARAMETER_VALUE(0.)),(#4081,
    PARAMETER_VALUE(18.)),.T.,.PARAMETER.);
#4076 = LINE('',#4077,#4078);
#4077 = CARTESIAN_POINT('',(2.,29.,0.));
#4078 = VECTOR('',#4079,1.);
#4079 = DIRECTION('',(1.,0.,0.));
#4080 = CARTESIAN_POINT('',(2.,29.,0.));
#4081 = CARTESIAN_POINT('',(20.,29.,0.));
#4082 = GEOMETRIC_CURVE_SET('',(#4083));
#4083 = TRIMMED_CURVE('',#4084,(#4088,PARAMETER_VALUE(0.)),(#4089,
    PARAMETER_VALUE(18.)),.T.,.PARAMETER.);
#4084 = LINE('',#4085,#4086);
#4085 = CARTESIAN_POINT('',(2.,29.,65.));
#4086 = VECTOR('',#4087,1.);
#4087 = DIRECTION('',(1.,0.,0.));
#4088 = CARTESIAN_POINT('',(2.,29.,65.));
#4089 = CARTESIAN_POINT('',(20.,29.,65.));
#4090 = GEOMETRIC_CURVE_SET('',(#4091));
#4091 = TRIMMED_CURVE('',#4092,(#4096,PARAMETER_VALUE(0.)),(#4097,
    PARAMETER_VALUE(18.)),.T.,.PARAMETER.);
#4092 = LINE('',#4093,#4094);
#4093 = CARTESIAN_POINT('',(2.,64.,0.));
#4094 = VECTOR('',#4095,1.);
#4095 = DIRECTION('',(1.,0.,0.));
#4096 = CARTESIAN_POINT('',(2.,64.,0.));
#4097 = CARTESIAN_POINT('',(20.,64.,0.));
#4098 = GEOMETRIC_CURVE_SET('',(#4099));
#4099 = TRIMMED_CURVE('',#4100,(#4104,PARAMETER_VALUE(0.)),(#4105,
    PARAMETER_VALUE(18.)),.T.,.PARAMETER.);
#4100 = LINE('',#4101,#4102);
#4101 = CARTESIAN_POINT('',(2.,64.,65.));
#4102 = VECTOR('',#4103,1.);
#4103 = DIRECTION('',(1.,0.,0.));
#4104 = CARTESIAN_POINT('',(2.,64.,65.));
#4105 = CARTESIAN_POINT('',(20.,64.,65.));
#4106 = GEOMETRIC_CURVE_SET('',(#4107));
#4107 = TRIMMED_CURVE('',#4108,(#4112,PARAMETER_VALUE(0.)),(#4113,
    PARAMETER_VALUE(48.)),.T.,.PARAMETER.);
#4108 = LINE('',#4109,#4110);
#4109 = CARTESIAN_POINT('',(118.5,66.,6.));
#4110 = VECTOR('',#4111,1.);
#4111 = DIRECTION('',(0.,0.,1.));
#4112 = CARTESIAN_POINT('',(118.5,66.,6.));
#4113 = CARTESIAN_POINT('',(118.5,66.,54.));
#4114 = GEOMETRIC_CURVE_SET('',(#4115));
#4115 = TRIMMED_CURVE('',#4116,(#4120,PARAMETER_VALUE(0.)),(#4121,
    PARAMETER_VALUE(26.)),.T.,.PARAMETER.);
#4116 = LINE('',#4117,#4118);
#4117 = CARTESIAN_POINT('',(118.5,66.,54.));
#4118 = VECTOR('',#4119,1.);
#4119 = DIRECTION('',(0.,1.,0.));
#4120 = CARTESIAN_POINT('',(118.5,66.,54.));
#4121 = CARTESIAN_POINT('',(118.5,92.,54.));
#4122 = GEOMETRIC_CURVE_SET('',(#4123));
#4123 = TRIMMED_CURVE('',#4124,(#4128,PARAMETER_VALUE(0.)),(#4129,
    PARAMETER_VALUE(48.)),.T.,.PARAMETER.);
#4124 = LINE('',#4125,#4126);
#4125 = CARTESIAN_POINT('',(118.5,92.,6.));
#4126 = VECTOR('',#4127,1.);
#4127 = DIRECTION('',(0.,0.,1.));
#4128 = CARTESIAN_POINT('',(118.5,92.,6.));
#4129 = CARTESIAN_POINT('',(118.5,92.,54.));
#4130 = GEOMETRIC_CURVE_SET('',(#4131));
#4131 = TRIMMED_CURVE('',#4132,(#4136,PARAMETER_VALUE(0.)),(#4137,
    PARAMETER_VALUE(26.)),.T.,.PARAMETER.);
#4132 = LINE('',#4133,#4134);
#4133 = CARTESIAN_POINT('',(118.5,66.,6.));
#4134 = VECTOR('',#4135,1.);
#4135 = DIRECTION('',(0.,1.,0.));
#4136 = CARTESIAN_POINT('',(118.5,66.,6.));
#4137 = CARTESIAN_POINT('',(118.5,92.,6.));
#4138 = GEOMETRIC_CURVE_SET('',(#4139));
#4139 = TRIMMED_CURVE('',#4140,(#4144,PARAMETER_VALUE(0.)),(#4145,
    PARAMETER_VALUE(48.)),.T.,.PARAMETER.);
#4140 = LINE('',#4141,#4142);
#4141 = CARTESIAN_POINT('',(156.5,66.,6.));
#4142 = VECTOR('',#4143,1.);
#4143 = DIRECTION('',(0.,0.,1.));
#4144 = CARTESIAN_POINT('',(156.5,66.,6.));
#4145 = CARTESIAN_POINT('',(156.5,66.,54.));
#4146 = GEOMETRIC_CURVE_SET('',(#4147));
#4147 = TRIMMED_CURVE('',#4148,(#4152,PARAMETER_VALUE(0.)),(#4153,
    PARAMETER_VALUE(26.)),.T.,.PARAMETER.);
#4148 = LINE('',#4149,#4150);
#4149 = CARTESIAN_POINT('',(156.5,66.,54.));
#4150 = VECTOR('',#4151,1.);
#4151 = DIRECTION('',(0.,1.,0.));
#4152 = CARTESIAN_POINT('',(156.5,66.,54.));
#4153 = CARTESIAN_POINT('',(156.5,92.,54.));
#4154 = GEOMETRIC_CURVE_SET('',(#4155));
#4155 = TRIMMED_CURVE('',#4156,(#4160,PARAMETER_VALUE(0.)),(#4161,
    PARAMETER_VALUE(48.)),.T.,.PARAMETER.);
#4156 = LINE('',#4157,#4158);
#4157 = CARTESIAN_POINT('',(156.5,92.,6.));
#4158 = VECTOR('',#4159,1.);
#4159 = DIRECTION('',(0.,0.,1.));
#4160 = CARTESIAN_POINT('',(156.5,92.,6.));
#4161 = CARTESIAN_POINT('',(156.5,92.,54.));
#4162 = GEOMETRIC_CURVE_SET('',(#4163));
#4163 = TRIMMED_CURVE('',#4164,(#4168,PARAMETER_VALUE(0.)),(#4169,
    PARAMETER_VALUE(26.)),.T.,.PARAMETER.);
#4164 = LINE('',#4165,#4166);
#4165 = CARTESIAN_POINT('',(156.5,66.,6.));
#4166 = VECTOR('',#4167,1.);
#4167 = DIRECTION('',(0.,1.,0.));
#4168 = CARTESIAN_POINT('',(156.5,66.,6.));
#4169 = CARTESIAN_POINT('',(156.5,92.,6.));
#4170 = GEOMETRIC_CURVE_SET('',(#4171));
#4171 = TRIMMED_CURVE('',#4172,(#4176,PARAMETER_VALUE(0.)),(#4177,
    PARAMETER_VALUE(38.)),.T.,.PARAMETER.);
#4172 = LINE('',#4173,#4174);
#4173 = CARTESIAN_POINT('',(118.5,66.,6.));
#4174 = VECTOR('',#4175,1.);
#4175 = DIRECTION('',(1.,0.,0.));
#4176 = CARTESIAN_POINT('',(118.5,66.,6.));
#4177 = CARTESIAN_POINT('',(156.5,66.,6.));
#4178 = GEOMETRIC_CURVE_SET('',(#4179));
#4179 = TRIMMED_CURVE('',#4180,(#4184,PARAMETER_VALUE(0.)),(#4185,
    PARAMETER_VALUE(38.)),.T.,.PARAMETER.);
#4180 = LINE('',#4181,#4182);
#4181 = CARTESIAN_POINT('',(118.5,66.,54.));
#4182 = VECTOR('',#4183,1.);
#4183 = DIRECTION('',(1.,0.,0.));
#4184 = CARTESIAN_POINT('',(118.5,66.,54.));
#4185 = CARTESIAN_POINT('',(156.5,66.,54.));
#4186 = GEOMETRIC_CURVE_SET('',(#4187));
#4187 = TRIMMED_CURVE('',#4188,(#4192,PARAMETER_VALUE(0.)),(#4193,
    PARAMETER_VALUE(38.)),.T.,.PARAMETER.);
#4188 = LINE('',#4189,#4190);
#4189 = CARTESIAN_POINT('',(118.5,92.,6.));
#4190 = VECTOR('',#4191,1.);
#4191 = DIRECTION('',(1.,0.,0.));
#4192 = CARTESIAN_POINT('',(118.5,92.,6.));
#4193 = CARTESIAN_POINT('',(156.5,92.,6.));
#4194 = GEOMETRIC_CURVE_SET('',(#4195));
#4195 = TRIMMED_CURVE('',#4196,(#4200,PARAMETER_VALUE(0.)),(#4201,
    PARAMETER_VALUE(38.)),.T.,.PARAMETER.);
#4196 = LINE('',#4197,#4198);
#4197 = CARTESIAN_POINT('',(118.5,92.,54.));
#4198 = VECTOR('',#4199,1.);
#4199 = DIRECTION('',(1.,0.,0.));
#4200 = CARTESIAN_POINT('',(118.5,92.,54.));
#4201 = CARTESIAN_POINT('',(156.5,92.,54.));
#4202 = GEOMETRIC_CURVE_SET('',(#4203));
#4203 = TRIMMED_CURVE('',#4204,(#4208,PARAMETER_VALUE(0.)),(#4209,
    PARAMETER_VALUE(28.)),.T.,.PARAMETER.);
#4204 = LINE('',#4205,#4206);
#4205 = CARTESIAN_POINT('',(118.5,92.,16.));
#4206 = VECTOR('',#4207,1.);
#4207 = DIRECTION('',(0.,0.,1.));
#4208 = CARTESIAN_POINT('',(118.5,92.,16.));
#4209 = CARTESIAN_POINT('',(118.5,92.,44.));
#4210 = GEOMETRIC_CURVE_SET('',(#4211));
#4211 = TRIMMED_CURVE('',#4212,(#4216,PARAMETER_VALUE(0.)),(#4217,
    PARAMETER_VALUE(65.)),.T.,.PARAMETER.);
#4212 = LINE('',#4213,#4214);
#4213 = CARTESIAN_POINT('',(118.5,92.,44.));
#4214 = VECTOR('',#4215,1.);
#4215 = DIRECTION('',(0.,1.,0.));
#4216 = CARTESIAN_POINT('',(118.5,92.,44.));
#4217 = CARTESIAN_POINT('',(118.5,157.,44.));
#4218 = GEOMETRIC_CURVE_SET('',(#4219));
#4219 = TRIMMED_CURVE('',#4220,(#4224,PARAMETER_VALUE(0.)),(#4225,
    PARAMETER_VALUE(28.)),.T.,.PARAMETER.);
#4220 = LINE('',#4221,#4222);
#4221 = CARTESIAN_POINT('',(118.5,157.,16.));
#4222 = VECTOR('',#4223,1.);
#4223 = DIRECTION('',(0.,0.,1.));
#4224 = CARTESIAN_POINT('',(118.5,157.,16.));
#4225 = CARTESIAN_POINT('',(118.5,157.,44.));
#4226 = GEOMETRIC_CURVE_SET('',(#4227));
#4227 = TRIMMED_CURVE('',#4228,(#4232,PARAMETER_VALUE(0.)),(#4233,
    PARAMETER_VALUE(65.)),.T.,.PARAMETER.);
#4228 = LINE('',#4229,#4230);
#4229 = CARTESIAN_POINT('',(118.5,92.,16.));
#4230 = VECTOR('',#4231,1.);
#4231 = DIRECTION('',(0.,1.,0.));
#4232 = CARTESIAN_POINT('',(118.5,92.,16.));
#4233 = CARTESIAN_POINT('',(118.5,157.,16.));
#4234 = GEOMETRIC_CURVE_SET('',(#4235));
#4235 = TRIMMED_CURVE('',#4236,(#4240,PARAMETER_VALUE(0.)),(#4241,
    PARAMETER_VALUE(28.)),.T.,.PARAMETER.);
#4236 = LINE('',#4237,#4238);
#4237 = CARTESIAN_POINT('',(156.5,92.,16.));
#4238 = VECTOR('',#4239,1.);
#4239 = DIRECTION('',(0.,0.,1.));
#4240 = CARTESIAN_POINT('',(156.5,92.,16.));
#4241 = CARTESIAN_POINT('',(156.5,92.,44.));
#4242 = GEOMETRIC_CURVE_SET('',(#4243));
#4243 = TRIMMED_CURVE('',#4244,(#4248,PARAMETER_VALUE(0.)),(#4249,
    PARAMETER_VALUE(65.)),.T.,.PARAMETER.);
#4244 = LINE('',#4245,#4246);
#4245 = CARTESIAN_POINT('',(156.5,92.,44.));
#4246 = VECTOR('',#4247,1.);
#4247 = DIRECTION('',(0.,1.,0.));
#4248 = CARTESIAN_POINT('',(156.5,92.,44.));
#4249 = CARTESIAN_POINT('',(156.5,157.,44.));
#4250 = GEOMETRIC_CURVE_SET('',(#4251));
#4251 = TRIMMED_CURVE('',#4252,(#4256,PARAMETER_VALUE(0.)),(#4257,
    PARAMETER_VALUE(28.)),.T.,.PARAMETER.);
#4252 = LINE('',#4253,#4254);
#4253 = CARTESIAN_POINT('',(156.5,157.,16.));
#4254 = VECTOR('',#4255,1.);
#4255 = DIRECTION('',(0.,0.,1.));
#4256 = CARTESIAN_POINT('',(156.5,157.,16.));
#4257 = CARTESIAN_POINT('',(156.5,157.,44.));
#4258 = GEOMETRIC_CURVE_SET('',(#4259));
#4259 = TRIMMED_CURVE('',#4260,(#4264,PARAMETER_VALUE(0.)),(#4265,
    PARAMETER_VALUE(65.)),.T.,.PARAMETER.);
#4260 = LINE('',#4261,#4262);
#4261 = CARTESIAN_POINT('',(156.5,92.,16.));
#4262 = VECTOR('',#4263,1.);
#4263 = DIRECTION('',(0.,1.,0.));
#4264 = CARTESIAN_POINT('',(156.5,92.,16.));
#4265 = CARTESIAN_POINT('',(156.5,157.,16.));
#4266 = GEOMETRIC_CURVE_SET('',(#4267));
#4267 = TRIMMED_CURVE('',#4268,(#4272,PARAMETER_VALUE(0.)),(#4273,
    PARAMETER_VALUE(38.)),.T.,.PARAMETER.);
#4268 = LINE('',#4269,#4270);
#4269 = CARTESIAN_POINT('',(118.5,92.,16.));
#4270 = VECTOR('',#4271,1.);
#4271 = DIRECTION('',(1.,0.,0.));
#4272 = CARTESIAN_POINT('',(118.5,92.,16.));
#4273 = CARTESIAN_POINT('',(156.5,92.,16.));
#4274 = GEOMETRIC_CURVE_SET('',(#4275));
#4275 = TRIMMED_CURVE('',#4276,(#4280,PARAMETER_VALUE(0.)),(#4281,
    PARAMETER_VALUE(38.)),.T.,.PARAMETER.);
#4276 = LINE('',#4277,#4278);
#4277 = CARTESIAN_POINT('',(118.5,92.,44.));
#4278 = VECTOR('',#4279,1.);
#4279 = DIRECTION('',(1.,0.,0.));
#4280 = CARTESIAN_POINT('',(118.5,92.,44.));
#4281 = CARTESIAN_POINT('',(156.5,92.,44.));
#4282 = GEOMETRIC_CURVE_SET('',(#4283));
#4283 = TRIMMED_CURVE('',#4284,(#4288,PARAMETER_VALUE(0.)),(#4289,
    PARAMETER_VALUE(38.)),.T.,.PARAMETER.);
#4284 = LINE('',#4285,#4286);
#4285 = CARTESIAN_POINT('',(118.5,157.,16.));
#4286 = VECTOR('',#4287,1.);
#4287 = DIRECTION('',(1.,0.,0.));
#4288 = CARTESIAN_POINT('',(118.5,157.,16.));
#4289 = CARTESIAN_POINT('',(156.5,157.,16.));
#4290 = GEOMETRIC_CURVE_SET('',(#4291));
#4291 = TRIMMED_CURVE('',#4292,(#4296,PARAMETER_VALUE(0.)),(#4297,
    PARAMETER_VALUE(38.)),.T.,.PARAMETER.);
#4292 = LINE('',#4293,#4294);
#4293 = CARTESIAN_POINT('',(118.5,157.,44.));
#4294 = VECTOR('',#4295,1.);
#4295 = DIRECTION('',(1.,0.,0.));
#4296 = CARTESIAN_POINT('',(118.5,157.,44.));
#4297 = CARTESIAN_POINT('',(156.5,157.,44.));
#4298 = GEOMETRIC_CURVE_SET('',(#4299));
#4299 = TRIMMED_CURVE('',#4300,(#4304,PARAMETER_VALUE(0.)),(#4305,
    PARAMETER_VALUE(78.)),.T.,.PARAMETER.);
#4300 = LINE('',#4301,#4302);
#4301 = CARTESIAN_POINT('',(29.,157.,16.));
#4302 = VECTOR('',#4303,1.);
#4303 = DIRECTION('',(0.,0.,1.));
#4304 = CARTESIAN_POINT('',(29.,157.,16.));
#4305 = CARTESIAN_POINT('',(29.,157.,94.));
#4306 = GEOMETRIC_CURVE_SET('',(#4307));
#4307 = TRIMMED_CURVE('',#4308,(#4312,PARAMETER_VALUE(0.)),(#4313,
    PARAMETER_VALUE(105.)),.T.,.PARAMETER.);
#4308 = LINE('',#4309,#4310);
#4309 = CARTESIAN_POINT('',(29.,157.,94.));
#4310 = VECTOR('',#4311,1.);
#4311 = DIRECTION('',(0.,1.,0.));
#4312 = CARTESIAN_POINT('',(29.,157.,94.));
#4313 = CARTESIAN_POINT('',(29.,262.,94.));
#4314 = GEOMETRIC_CURVE_SET('',(#4315));
#4315 = TRIMMED_CURVE('',#4316,(#4320,PARAMETER_VALUE(0.)),(#4321,
    PARAMETER_VALUE(78.)),.T.,.PARAMETER.);
#4316 = LINE('',#4317,#4318);
#4317 = CARTESIAN_POINT('',(29.,262.,16.));
#4318 = VECTOR('',#4319,1.);
#4319 = DIRECTION('',(0.,0.,1.));
#4320 = CARTESIAN_POINT('',(29.,262.,16.));
#4321 = CARTESIAN_POINT('',(29.,262.,94.));
#4322 = GEOMETRIC_CURVE_SET('',(#4323));
#4323 = TRIMMED_CURVE('',#4324,(#4328,PARAMETER_VALUE(0.)),(#4329,
    PARAMETER_VALUE(105.)),.T.,.PARAMETER.);
#4324 = LINE('',#4325,#4326);
#4325 = CARTESIAN_POINT('',(29.,157.,16.));
#4326 = VECTOR('',#4327,1.);
#4327 = DIRECTION('',(0.,1.,0.));
#4328 = CARTESIAN_POINT('',(29.,157.,16.));
#4329 = CARTESIAN_POINT('',(29.,262.,16.));
#4330 = GEOMETRIC_CURVE_SET('',(#4331));
#4331 = TRIMMED_CURVE('',#4332,(#4336,PARAMETER_VALUE(0.)),(#4337,
    PARAMETER_VALUE(78.)),.T.,.PARAMETER.);
#4332 = LINE('',#4333,#4334);
#4333 = CARTESIAN_POINT('',(92.,157.,16.));
#4334 = VECTOR('',#4335,1.);
#4335 = DIRECTION('',(0.,0.,1.));
#4336 = CARTESIAN_POINT('',(92.,157.,16.));
#4337 = CARTESIAN_POINT('',(92.,157.,94.));
#4338 = GEOMETRIC_CURVE_SET('',(#4339));
#4339 = TRIMMED_CURVE('',#4340,(#4344,PARAMETER_VALUE(0.)),(#4345,
    PARAMETER_VALUE(105.)),.T.,.PARAMETER.);
#4340 = LINE('',#4341,#4342);
#4341 = CARTESIAN_POINT('',(92.,157.,94.));
#4342 = VECTOR('',#4343,1.);
#4343 = DIRECTION('',(0.,1.,0.));
#4344 = CARTESIAN_POINT('',(92.,157.,94.));
#4345 = CARTESIAN_POINT('',(92.,262.,94.));
#4346 = GEOMETRIC_CURVE_SET('',(#4347));
#4347 = TRIMMED_CURVE('',#4348,(#4352,PARAMETER_VALUE(0.)),(#4353,
    PARAMETER_VALUE(78.)),.T.,.PARAMETER.);
#4348 = LINE('',#4349,#4350);
#4349 = CARTESIAN_POINT('',(92.,262.,16.));
#4350 = VECTOR('',#4351,1.);
#4351 = DIRECTION('',(0.,0.,1.));
#4352 = CARTESIAN_POINT('',(92.,262.,16.));
#4353 = CARTESIAN_POINT('',(92.,262.,94.));
#4354 = GEOMETRIC_CURVE_SET('',(#4355));
#4355 = TRIMMED_CURVE('',#4356,(#4360,PARAMETER_VALUE(0.)),(#4361,
    PARAMETER_VALUE(105.)),.T.,.PARAMETER.);
#4356 = LINE('',#4357,#4358);
#4357 = CARTESIAN_POINT('',(92.,157.,16.));
#4358 = VECTOR('',#4359,1.);
#4359 = DIRECTION('',(0.,1.,0.));
#4360 = CARTESIAN_POINT('',(92.,157.,16.));
#4361 = CARTESIAN_POINT('',(92.,262.,16.));
#4362 = GEOMETRIC_CURVE_SET('',(#4363));
#4363 = TRIMMED_CURVE('',#4364,(#4368,PARAMETER_VALUE(0.)),(#4369,
    PARAMETER_VALUE(63.)),.T.,.PARAMETER.);
#4364 = LINE('',#4365,#4366);
#4365 = CARTESIAN_POINT('',(29.,157.,16.));
#4366 = VECTOR('',#4367,1.);
#4367 = DIRECTION('',(1.,0.,0.));
#4368 = CARTESIAN_POINT('',(29.,157.,16.));
#4369 = CARTESIAN_POINT('',(92.,157.,16.));
#4370 = GEOMETRIC_CURVE_SET('',(#4371));
#4371 = TRIMMED_CURVE('',#4372,(#4376,PARAMETER_VALUE(0.)),(#4377,
    PARAMETER_VALUE(63.)),.T.,.PARAMETER.);
#4372 = LINE('',#4373,#4374);
#4373 = CARTESIAN_POINT('',(29.,157.,94.));
#4374 = VECTOR('',#4375,1.);
#4375 = DIRECTION('',(1.,0.,0.));
#4376 = CARTESIAN_POINT('',(29.,157.,94.));
#4377 = CARTESIAN_POINT('',(92.,157.,94.));
#4378 = GEOMETRIC_CURVE_SET('',(#4379));
#4379 = TRIMMED_CURVE('',#4380,(#4384,PARAMETER_VALUE(0.)),(#4385,
    PARAMETER_VALUE(63.)),.T.,.PARAMETER.);
#4380 = LINE('',#4381,#4382);
#4381 = CARTESIAN_POINT('',(29.,262.,16.));
#4382 = VECTOR('',#4383,1.);
#4383 = DIRECTION('',(1.,0.,0.));
#4384 = CARTESIAN_POINT('',(29.,262.,16.));
#4385 = CARTESIAN_POINT('',(92.,262.,16.));
#4386 = GEOMETRIC_CURVE_SET('',(#4387));
#4387 = TRIMMED_CURVE('',#4388,(#4392,PARAMETER_VALUE(0.)),(#4393,
    PARAMETER_VALUE(63.)),.T.,.PARAMETER.);
#4388 = LINE('',#4389,#4390);
#4389 = CARTESIAN_POINT('',(29.,262.,94.));
#4390 = VECTOR('',#4391,1.);
#4391 = DIRECTION('',(1.,0.,0.));
#4392 = CARTESIAN_POINT('',(29.,262.,94.));
#4393 = CARTESIAN_POINT('',(92.,262.,94.));
#4394 = GEOMETRIC_CURVE_SET('',(#4395));
#4395 = TRIMMED_CURVE('',#4396,(#4400,PARAMETER_VALUE(0.)),(#4401,
    PARAMETER_VALUE(78.)),.T.,.PARAMETER.);
#4396 = LINE('',#4397,#4398);
#4397 = CARTESIAN_POINT('',(92.,157.,16.));
#4398 = VECTOR('',#4399,1.);
#4399 = DIRECTION('',(0.,0.,1.));
#4400 = CARTESIAN_POINT('',(92.,157.,16.));
#4401 = CARTESIAN_POINT('',(92.,157.,94.));
#4402 = GEOMETRIC_CURVE_SET('',(#4403));
#4403 = TRIMMED_CURVE('',#4404,(#4408,PARAMETER_VALUE(0.)),(#4409,
    PARAMETER_VALUE(31.)),.T.,.PARAMETER.);
#4404 = LINE('',#4405,#4406);
#4405 = CARTESIAN_POINT('',(92.,157.,94.));
#4406 = VECTOR('',#4407,1.);
#4407 = DIRECTION('',(0.,1.,0.));
#4408 = CARTESIAN_POINT('',(92.,157.,94.));
#4409 = CARTESIAN_POINT('',(92.,188.,94.));
#4410 = GEOMETRIC_CURVE_SET('',(#4411));
#4411 = TRIMMED_CURVE('',#4412,(#4416,PARAMETER_VALUE(0.)),(#4417,
    PARAMETER_VALUE(78.)),.T.,.PARAMETER.);
#4412 = LINE('',#4413,#4414);
#4413 = CARTESIAN_POINT('',(92.,188.,16.));
#4414 = VECTOR('',#4415,1.);
#4415 = DIRECTION('',(0.,0.,1.));
#4416 = CARTESIAN_POINT('',(92.,188.,16.));
#4417 = CARTESIAN_POINT('',(92.,188.,94.));
#4418 = GEOMETRIC_CURVE_SET('',(#4419));
#4419 = TRIMMED_CURVE('',#4420,(#4424,PARAMETER_VALUE(0.)),(#4425,
    PARAMETER_VALUE(31.)),.T.,.PARAMETER.);
#4420 = LINE('',#4421,#4422);
#4421 = CARTESIAN_POINT('',(92.,157.,16.));
#4422 = VECTOR('',#4423,1.);
#4423 = DIRECTION('',(0.,1.,0.));
#4424 = CARTESIAN_POINT('',(92.,157.,16.));
#4425 = CARTESIAN_POINT('',(92.,188.,16.));
#4426 = GEOMETRIC_CURVE_SET('',(#4427));
#4427 = TRIMMED_CURVE('',#4428,(#4432,PARAMETER_VALUE(0.)),(#4433,
    PARAMETER_VALUE(78.)),.T.,.PARAMETER.);
#4428 = LINE('',#4429,#4430);
#4429 = CARTESIAN_POINT('',(182.,157.,16.));
#4430 = VECTOR('',#4431,1.);
#4431 = DIRECTION('',(0.,0.,1.));
#4432 = CARTESIAN_POINT('',(182.,157.,16.));
#4433 = CARTESIAN_POINT('',(182.,157.,94.));
#4434 = GEOMETRIC_CURVE_SET('',(#4435));
#4435 = TRIMMED_CURVE('',#4436,(#4440,PARAMETER_VALUE(0.)),(#4441,
    PARAMETER_VALUE(31.)),.T.,.PARAMETER.);
#4436 = LINE('',#4437,#4438);
#4437 = CARTESIAN_POINT('',(182.,157.,94.));
#4438 = VECTOR('',#4439,1.);
#4439 = DIRECTION('',(0.,1.,0.));
#4440 = CARTESIAN_POINT('',(182.,157.,94.));
#4441 = CARTESIAN_POINT('',(182.,188.,94.));
#4442 = GEOMETRIC_CURVE_SET('',(#4443));
#4443 = TRIMMED_CURVE('',#4444,(#4448,PARAMETER_VALUE(0.)),(#4449,
    PARAMETER_VALUE(78.)),.T.,.PARAMETER.);
#4444 = LINE('',#4445,#4446);
#4445 = CARTESIAN_POINT('',(182.,188.,16.));
#4446 = VECTOR('',#4447,1.);
#4447 = DIRECTION('',(0.,0.,1.));
#4448 = CARTESIAN_POINT('',(182.,188.,16.));
#4449 = CARTESIAN_POINT('',(182.,188.,94.));
#4450 = GEOMETRIC_CURVE_SET('',(#4451));
#4451 = TRIMMED_CURVE('',#4452,(#4456,PARAMETER_VALUE(0.)),(#4457,
    PARAMETER_VALUE(31.)),.T.,.PARAMETER.);
#4452 = LINE('',#4453,#4454);
#4453 = CARTESIAN_POINT('',(182.,157.,16.));
#4454 = VECTOR('',#4455,1.);
#4455 = DIRECTION('',(0.,1.,0.));
#4456 = CARTESIAN_POINT('',(182.,157.,16.));
#4457 = CARTESIAN_POINT('',(182.,188.,16.));
#4458 = GEOMETRIC_CURVE_SET('',(#4459));
#4459 = TRIMMED_CURVE('',#4460,(#4464,PARAMETER_VALUE(0.)),(#4465,
    PARAMETER_VALUE(90.)),.T.,.PARAMETER.);
#4460 = LINE('',#4461,#4462);
#4461 = CARTESIAN_POINT('',(92.,157.,16.));
#4462 = VECTOR('',#4463,1.);
#4463 = DIRECTION('',(1.,0.,0.));
#4464 = CARTESIAN_POINT('',(92.,157.,16.));
#4465 = CARTESIAN_POINT('',(182.,157.,16.));
#4466 = GEOMETRIC_CURVE_SET('',(#4467));
#4467 = TRIMMED_CURVE('',#4468,(#4472,PARAMETER_VALUE(0.)),(#4473,
    PARAMETER_VALUE(90.)),.T.,.PARAMETER.);
#4468 = LINE('',#4469,#4470);
#4469 = CARTESIAN_POINT('',(92.,157.,94.));
#4470 = VECTOR('',#4471,1.);
#4471 = DIRECTION('',(1.,0.,0.));
#4472 = CARTESIAN_POINT('',(92.,157.,94.));
#4473 = CARTESIAN_POINT('',(182.,157.,94.));
#4474 = GEOMETRIC_CURVE_SET('',(#4475));
#4475 = TRIMMED_CURVE('',#4476,(#4480,PARAMETER_VALUE(0.)),(#4481,
    PARAMETER_VALUE(90.)),.T.,.PARAMETER.);
#4476 = LINE('',#4477,#4478);
#4477 = CARTESIAN_POINT('',(92.,188.,16.));
#4478 = VECTOR('',#4479,1.);
#4479 = DIRECTION('',(1.,0.,0.));
#4480 = CARTESIAN_POINT('',(92.,188.,16.));
#4481 = CARTESIAN_POINT('',(182.,188.,16.));
#4482 = GEOMETRIC_CURVE_SET('',(#4483));
#4483 = TRIMMED_CURVE('',#4484,(#4488,PARAMETER_VALUE(0.)),(#4489,
    PARAMETER_VALUE(90.)),.T.,.PARAMETER.);
#4484 = LINE('',#4485,#4486);
#4485 = CARTESIAN_POINT('',(92.,188.,94.));
#4486 = VECTOR('',#4487,1.);
#4487 = DIRECTION('',(1.,0.,0.));
#4488 = CARTESIAN_POINT('',(92.,188.,94.));
#4489 = CARTESIAN_POINT('',(182.,188.,94.));
#4490 = GEOMETRIC_CURVE_SET('',(#4491));
#4491 = TRIMMED_CURVE('',#4492,(#4496,PARAMETER_VALUE(0.)),(#4497,
    PARAMETER_VALUE(32.)),.T.,.PARAMETER.);
#4492 = LINE('',#4493,#4494);
#4493 = CARTESIAN_POINT('',(92.,188.,62.));
#4494 = VECTOR('',#4495,1.);
#4495 = DIRECTION('',(0.,0.,1.));
#4496 = CARTESIAN_POINT('',(92.,188.,62.));
#4497 = CARTESIAN_POINT('',(92.,188.,94.));
#4498 = GEOMETRIC_CURVE_SET('',(#4499));
#4499 = TRIMMED_CURVE('',#4500,(#4504,PARAMETER_VALUE(0.)),(#4505,
    PARAMETER_VALUE(74.)),.T.,.PARAMETER.);
#4500 = LINE('',#4501,#4502);
#4501 = CARTESIAN_POINT('',(92.,188.,94.));
#4502 = VECTOR('',#4503,1.);
#4503 = DIRECTION('',(0.,1.,0.));
#4504 = CARTESIAN_POINT('',(92.,188.,94.));
#4505 = CARTESIAN_POINT('',(92.,262.,94.));
#4506 = GEOMETRIC_CURVE_SET('',(#4507));
#4507 = TRIMMED_CURVE('',#4508,(#4512,PARAMETER_VALUE(0.)),(#4513,
    PARAMETER_VALUE(32.)),.T.,.PARAMETER.);
#4508 = LINE('',#4509,#4510);
#4509 = CARTESIAN_POINT('',(92.,262.,62.));
#4510 = VECTOR('',#4511,1.);
#4511 = DIRECTION('',(0.,0.,1.));
#4512 = CARTESIAN_POINT('',(92.,262.,62.));
#4513 = CARTESIAN_POINT('',(92.,262.,94.));
#4514 = GEOMETRIC_CURVE_SET('',(#4515));
#4515 = TRIMMED_CURVE('',#4516,(#4520,PARAMETER_VALUE(0.)),(#4521,
    PARAMETER_VALUE(74.)),.T.,.PARAMETER.);
#4516 = LINE('',#4517,#4518);
#4517 = CARTESIAN_POINT('',(92.,188.,62.));
#4518 = VECTOR('',#4519,1.);
#4519 = DIRECTION('',(0.,1.,0.));
#4520 = CARTESIAN_POINT('',(92.,188.,62.));
#4521 = CARTESIAN_POINT('',(92.,262.,62.));
#4522 = GEOMETRIC_CURVE_SET('',(#4523));
#4523 = TRIMMED_CURVE('',#4524,(#4528,PARAMETER_VALUE(0.)),(#4529,
    PARAMETER_VALUE(32.)),.T.,.PARAMETER.);
#4524 = LINE('',#4525,#4526);
#4525 = CARTESIAN_POINT('',(182.,188.,62.));
#4526 = VECTOR('',#4527,1.);
#4527 = DIRECTION('',(0.,0.,1.));
#4528 = CARTESIAN_POINT('',(182.,188.,62.));
#4529 = CARTESIAN_POINT('',(182.,188.,94.));
#4530 = GEOMETRIC_CURVE_SET('',(#4531));
#4531 = TRIMMED_CURVE('',#4532,(#4536,PARAMETER_VALUE(0.)),(#4537,
    PARAMETER_VALUE(74.)),.T.,.PARAMETER.);
#4532 = LINE('',#4533,#4534);
#4533 = CARTESIAN_POINT('',(182.,188.,94.));
#4534 = VECTOR('',#4535,1.);
#4535 = DIRECTION('',(0.,1.,0.));
#4536 = CARTESIAN_POINT('',(182.,188.,94.));
#4537 = CARTESIAN_POINT('',(182.,262.,94.));
#4538 = GEOMETRIC_CURVE_SET('',(#4539));
#4539 = TRIMMED_CURVE('',#4540,(#4544,PARAMETER_VALUE(0.)),(#4545,
    PARAMETER_VALUE(32.)),.T.,.PARAMETER.);
#4540 = LINE('',#4541,#4542);
#4541 = CARTESIAN_POINT('',(182.,262.,62.));
#4542 = VECTOR('',#4543,1.);
#4543 = DIRECTION('',(0.,0.,1.));
#4544 = CARTESIAN_POINT('',(182.,262.,62.));
#4545 = CARTESIAN_POINT('',(182.,262.,94.));
#4546 = GEOMETRIC_CURVE_SET('',(#4547));
#4547 = TRIMMED_CURVE('',#4548,(#4552,PARAMETER_VALUE(0.)),(#4553,
    PARAMETER_VALUE(74.)),.T.,.PARAMETER.);
#4548 = LINE('',#4549,#4550);
#4549 = CARTESIAN_POINT('',(182.,188.,62.));
#4550 = VECTOR('',#4551,1.);
#4551 = DIRECTION('',(0.,1.,0.));
#4552 = CARTESIAN_POINT('',(182.,188.,62.));
#4553 = CARTESIAN_POINT('',(182.,262.,62.));
#4554 = GEOMETRIC_CURVE_SET('',(#4555));
#4555 = TRIMMED_CURVE('',#4556,(#4560,PARAMETER_VALUE(0.)),(#4561,
    PARAMETER_VALUE(90.)),.T.,.PARAMETER.);
#4556 = LINE('',#4557,#4558);
#4557 = CARTESIAN_POINT('',(92.,188.,62.));
#4558 = VECTOR('',#4559,1.);
#4559 = DIRECTION('',(1.,0.,0.));
#4560 = CARTESIAN_POINT('',(92.,188.,62.));
#4561 = CARTESIAN_POINT('',(182.,188.,62.));
#4562 = GEOMETRIC_CURVE_SET('',(#4563));
#4563 = TRIMMED_CURVE('',#4564,(#4568,PARAMETER_VALUE(0.)),(#4569,
    PARAMETER_VALUE(90.)),.T.,.PARAMETER.);
#4564 = LINE('',#4565,#4566);
#4565 = CARTESIAN_POINT('',(92.,188.,94.));
#4566 = VECTOR('',#4567,1.);
#4567 = DIRECTION('',(1.,0.,0.));
#4568 = CARTESIAN_POINT('',(92.,188.,94.));
#4569 = CARTESIAN_POINT('',(182.,188.,94.));
#4570 = GEOMETRIC_CURVE_SET('',(#4571));
#4571 = TRIMMED_CURVE('',#4572,(#4576,PARAMETER_VALUE(0.)),(#4577,
    PARAMETER_VALUE(90.)),.T.,.PARAMETER.);
#4572 = LINE('',#4573,#4574);
#4573 = CARTESIAN_POINT('',(92.,262.,62.));
#4574 = VECTOR('',#4575,1.);
#4575 = DIRECTION('',(1.,0.,0.));
#4576 = CARTESIAN_POINT('',(92.,262.,62.));
#4577 = CARTESIAN_POINT('',(182.,262.,62.));
#4578 = GEOMETRIC_CURVE_SET('',(#4579));
#4579 = TRIMMED_CURVE('',#4580,(#4584,PARAMETER_VALUE(0.)),(#4585,
    PARAMETER_VALUE(90.)),.T.,.PARAMETER.);
#4580 = LINE('',#4581,#4582);
#4581 = CARTESIAN_POINT('',(92.,262.,94.));
#4582 = VECTOR('',#4583,1.);
#4583 = DIRECTION('',(1.,0.,0.));
#4584 = CARTESIAN_POINT('',(92.,262.,94.));
#4585 = CARTESIAN_POINT('',(182.,262.,94.));
#4586 = GEOMETRIC_CURVE_SET('',(#4587));
#4587 = TRIMMED_CURVE('',#4588,(#4592,PARAMETER_VALUE(0.)),(#4593,
    PARAMETER_VALUE(35.)),.T.,.PARAMETER.);
#4588 = LINE('',#4589,#4590);
#4589 = CARTESIAN_POINT('',(29.,166.,96.));
#4590 = VECTOR('',#4591,1.);
#4591 = DIRECTION('',(0.,0.,1.));
#4592 = CARTESIAN_POINT('',(29.,166.,96.));
#4593 = CARTESIAN_POINT('',(29.,166.,131.));
#4594 = GEOMETRIC_CURVE_SET('',(#4595));
#4595 = TRIMMED_CURVE('',#4596,(#4600,PARAMETER_VALUE(0.)),(#4601,
    PARAMETER_VALUE(96.)),.T.,.PARAMETER.);
#4596 = LINE('',#4597,#4598);
#4597 = CARTESIAN_POINT('',(29.,166.,131.));
#4598 = VECTOR('',#4599,1.);
#4599 = DIRECTION('',(0.,1.,0.));
#4600 = CARTESIAN_POINT('',(29.,166.,131.));
#4601 = CARTESIAN_POINT('',(29.,262.,131.));
#4602 = GEOMETRIC_CURVE_SET('',(#4603));
#4603 = TRIMMED_CURVE('',#4604,(#4608,PARAMETER_VALUE(0.)),(#4609,
    PARAMETER_VALUE(35.)),.T.,.PARAMETER.);
#4604 = LINE('',#4605,#4606);
#4605 = CARTESIAN_POINT('',(29.,262.,96.));
#4606 = VECTOR('',#4607,1.);
#4607 = DIRECTION('',(0.,0.,1.));
#4608 = CARTESIAN_POINT('',(29.,262.,96.));
#4609 = CARTESIAN_POINT('',(29.,262.,131.));
#4610 = GEOMETRIC_CURVE_SET('',(#4611));
#4611 = TRIMMED_CURVE('',#4612,(#4616,PARAMETER_VALUE(0.)),(#4617,
    PARAMETER_VALUE(96.)),.T.,.PARAMETER.);
#4612 = LINE('',#4613,#4614);
#4613 = CARTESIAN_POINT('',(29.,166.,96.));
#4614 = VECTOR('',#4615,1.);
#4615 = DIRECTION('',(0.,1.,0.));
#4616 = CARTESIAN_POINT('',(29.,166.,96.));
#4617 = CARTESIAN_POINT('',(29.,262.,96.));
#4618 = GEOMETRIC_CURVE_SET('',(#4619));
#4619 = TRIMMED_CURVE('',#4620,(#4624,PARAMETER_VALUE(0.)),(#4625,
    PARAMETER_VALUE(35.)),.T.,.PARAMETER.);
#4620 = LINE('',#4621,#4622);
#4621 = CARTESIAN_POINT('',(182.,166.,96.));
#4622 = VECTOR('',#4623,1.);
#4623 = DIRECTION('',(0.,0.,1.));
#4624 = CARTESIAN_POINT('',(182.,166.,96.));
#4625 = CARTESIAN_POINT('',(182.,166.,131.));
#4626 = GEOMETRIC_CURVE_SET('',(#4627));
#4627 = TRIMMED_CURVE('',#4628,(#4632,PARAMETER_VALUE(0.)),(#4633,
    PARAMETER_VALUE(96.)),.T.,.PARAMETER.);
#4628 = LINE('',#4629,#4630);
#4629 = CARTESIAN_POINT('',(182.,166.,131.));
#4630 = VECTOR('',#4631,1.);
#4631 = DIRECTION('',(0.,1.,0.));
#4632 = CARTESIAN_POINT('',(182.,166.,131.));
#4633 = CARTESIAN_POINT('',(182.,262.,131.));
#4634 = GEOMETRIC_CURVE_SET('',(#4635));
#4635 = TRIMMED_CURVE('',#4636,(#4640,PARAMETER_VALUE(0.)),(#4641,
    PARAMETER_VALUE(35.)),.T.,.PARAMETER.);
#4636 = LINE('',#4637,#4638);
#4637 = CARTESIAN_POINT('',(182.,262.,96.));
#4638 = VECTOR('',#4639,1.);
#4639 = DIRECTION('',(0.,0.,1.));
#4640 = CARTESIAN_POINT('',(182.,262.,96.));
#4641 = CARTESIAN_POINT('',(182.,262.,131.));
#4642 = GEOMETRIC_CURVE_SET('',(#4643));
#4643 = TRIMMED_CURVE('',#4644,(#4648,PARAMETER_VALUE(0.)),(#4649,
    PARAMETER_VALUE(96.)),.T.,.PARAMETER.);
#4644 = LINE('',#4645,#4646);
#4645 = CARTESIAN_POINT('',(182.,166.,96.));
#4646 = VECTOR('',#4647,1.);
#4647 = DIRECTION('',(0.,1.,0.));
#4648 = CARTESIAN_POINT('',(182.,166.,96.));
#4649 = CARTESIAN_POINT('',(182.,262.,96.));
#4650 = GEOMETRIC_CURVE_SET('',(#4651));
#4651 = TRIMMED_CURVE('',#4652,(#4656,PARAMETER_VALUE(0.)),(#4657,
    PARAMETER_VALUE(153.)),.T.,.PARAMETER.);
#4652 = LINE('',#4653,#4654);
#4653 = CARTESIAN_POINT('',(29.,166.,96.));
#4654 = VECTOR('',#4655,1.);
#4655 = DIRECTION('',(1.,0.,0.));
#4656 = CARTESIAN_POINT('',(29.,166.,96.));
#4657 = CARTESIAN_POINT('',(182.,166.,96.));
#4658 = GEOMETRIC_CURVE_SET('',(#4659));
#4659 = TRIMMED_CURVE('',#4660,(#4664,PARAMETER_VALUE(0.)),(#4665,
    PARAMETER_VALUE(153.)),.T.,.PARAMETER.);
#4660 = LINE('',#4661,#4662);
#4661 = CARTESIAN_POINT('',(29.,166.,131.));
#4662 = VECTOR('',#4663,1.);
#4663 = DIRECTION('',(1.,0.,0.));
#4664 = CARTESIAN_POINT('',(29.,166.,131.));
#4665 = CARTESIAN_POINT('',(182.,166.,131.));
#4666 = GEOMETRIC_CURVE_SET('',(#4667));
#4667 = TRIMMED_CURVE('',#4668,(#4672,PARAMETER_VALUE(0.)),(#4673,
    PARAMETER_VALUE(153.)),.T.,.PARAMETER.);
#4668 = LINE('',#4669,#4670);
#4669 = CARTESIAN_POINT('',(29.,262.,96.));
#4670 = VECTOR('',#4671,1.);
#4671 = DIRECTION('',(1.,0.,0.));
#4672 = CARTESIAN_POINT('',(29.,262.,96.));
#4673 = CARTESIAN_POINT('',(182.,262.,96.));
#4674 = GEOMETRIC_CURVE_SET('',(#4675));
#4675 = TRIMMED_CURVE('',#4676,(#4680,PARAMETER_VALUE(0.)),(#4681,
    PARAMETER_VALUE(153.)),.T.,.PARAMETER.);
#4676 = LINE('',#4677,#4678);
#4677 = CARTESIAN_POINT('',(29.,262.,131.));
#4678 = VECTOR('',#4679,1.);
#4679 = DIRECTION('',(1.,0.,0.));
#4680 = CARTESIAN_POINT('',(29.,262.,131.));
#4681 = CARTESIAN_POINT('',(182.,262.,131.));
#4682 = GEOMETRIC_CURVE_SET('',(#4683));
#4683 = TRIMMED_CURVE('',#4684,(#4688,PARAMETER_VALUE(0.)),(#4689,
    PARAMETER_VALUE(19.)),.T.,.PARAMETER.);
#4684 = LINE('',#4685,#4686);
#4685 = CARTESIAN_POINT('',(182.,177.,112.));
#4686 = VECTOR('',#4687,1.);
#4687 = DIRECTION('',(0.,0.,1.));
#4688 = CARTESIAN_POINT('',(182.,177.,112.));
#4689 = CARTESIAN_POINT('',(182.,177.,131.));
#4690 = GEOMETRIC_CURVE_SET('',(#4691));
#4691 = TRIMMED_CURVE('',#4692,(#4696,PARAMETER_VALUE(0.)),(#4697,
    PARAMETER_VALUE(57.)),.T.,.PARAMETER.);
#4692 = LINE('',#4693,#4694);
#4693 = CARTESIAN_POINT('',(182.,177.,131.));
#4694 = VECTOR('',#4695,1.);
#4695 = DIRECTION('',(0.,1.,0.));
#4696 = CARTESIAN_POINT('',(182.,177.,131.));
#4697 = CARTESIAN_POINT('',(182.,234.,131.));
#4698 = GEOMETRIC_CURVE_SET('',(#4699));
#4699 = TRIMMED_CURVE('',#4700,(#4704,PARAMETER_VALUE(0.)),(#4705,
    PARAMETER_VALUE(19.)),.T.,.PARAMETER.);
#4700 = LINE('',#4701,#4702);
#4701 = CARTESIAN_POINT('',(182.,234.,112.));
#4702 = VECTOR('',#4703,1.);
#4703 = DIRECTION('',(0.,0.,1.));
#4704 = CARTESIAN_POINT('',(182.,234.,112.));
#4705 = CARTESIAN_POINT('',(182.,234.,131.));
#4706 = GEOMETRIC_CURVE_SET('',(#4707));
#4707 = TRIMMED_CURVE('',#4708,(#4712,PARAMETER_VALUE(0.)),(#4713,
    PARAMETER_VALUE(57.)),.T.,.PARAMETER.);
#4708 = LINE('',#4709,#4710);
#4709 = CARTESIAN_POINT('',(182.,177.,112.));
#4710 = VECTOR('',#4711,1.);
#4711 = DIRECTION('',(0.,1.,0.));
#4712 = CARTESIAN_POINT('',(182.,177.,112.));
#4713 = CARTESIAN_POINT('',(182.,234.,112.));
#4714 = GEOMETRIC_CURVE_SET('',(#4715));
#4715 = TRIMMED_CURVE('',#4716,(#4720,PARAMETER_VALUE(0.)),(#4721,
    PARAMETER_VALUE(19.)),.T.,.PARAMETER.);
#4716 = LINE('',#4717,#4718);
#4717 = CARTESIAN_POINT('',(185.,177.,112.));
#4718 = VECTOR('',#4719,1.);
#4719 = DIRECTION('',(0.,0.,1.));
#4720 = CARTESIAN_POINT('',(185.,177.,112.));
#4721 = CARTESIAN_POINT('',(185.,177.,131.));
#4722 = GEOMETRIC_CURVE_SET('',(#4723));
#4723 = TRIMMED_CURVE('',#4724,(#4728,PARAMETER_VALUE(0.)),(#4729,
    PARAMETER_VALUE(57.)),.T.,.PARAMETER.);
#4724 = LINE('',#4725,#4726);
#4725 = CARTESIAN_POINT('',(185.,177.,131.));
#4726 = VECTOR('',#4727,1.);
#4727 = DIRECTION('',(0.,1.,0.));
#4728 = CARTESIAN_POINT('',(185.,177.,131.));
#4729 = CARTESIAN_POINT('',(185.,234.,131.));
#4730 = GEOMETRIC_CURVE_SET('',(#4731));
#4731 = TRIMMED_CURVE('',#4732,(#4736,PARAMETER_VALUE(0.)),(#4737,
    PARAMETER_VALUE(19.)),.T.,.PARAMETER.);
#4732 = LINE('',#4733,#4734);
#4733 = CARTESIAN_POINT('',(185.,234.,112.));
#4734 = VECTOR('',#4735,1.);
#4735 = DIRECTION('',(0.,0.,1.));
#4736 = CARTESIAN_POINT('',(185.,234.,112.));
#4737 = CARTESIAN_POINT('',(185.,234.,131.));
#4738 = GEOMETRIC_CURVE_SET('',(#4739));
#4739 = TRIMMED_CURVE('',#4740,(#4744,PARAMETER_VALUE(0.)),(#4745,
    PARAMETER_VALUE(57.)),.T.,.PARAMETER.);
#4740 = LINE('',#4741,#4742);
#4741 = CARTESIAN_POINT('',(185.,177.,112.));
#4742 = VECTOR('',#4743,1.);
#4743 = DIRECTION('',(0.,1.,0.));
#4744 = CARTESIAN_POINT('',(185.,177.,112.));
#4745 = CARTESIAN_POINT('',(185.,234.,112.));
#4746 = GEOMETRIC_CURVE_SET('',(#4747));
#4747 = TRIMMED_CURVE('',#4748,(#4752,PARAMETER_VALUE(0.)),(#4753,
    PARAMETER_VALUE(3.)),.T.,.PARAMETER.);
#4748 = LINE('',#4749,#4750);
#4749 = CARTESIAN_POINT('',(182.,177.,112.));
#4750 = VECTOR('',#4751,1.);
#4751 = DIRECTION('',(1.,0.,0.));
#4752 = CARTESIAN_POINT('',(182.,177.,112.));
#4753 = CARTESIAN_POINT('',(185.,177.,112.));
#4754 = GEOMETRIC_CURVE_SET('',(#4755));
#4755 = TRIMMED_CURVE('',#4756,(#4760,PARAMETER_VALUE(0.)),(#4761,
    PARAMETER_VALUE(3.)),.T.,.PARAMETER.);
#4756 = LINE('',#4757,#4758);
#4757 = CARTESIAN_POINT('',(182.,177.,131.));
#4758 = VECTOR('',#4759,1.);
#4759 = DIRECTION('',(1.,0.,0.));
#4760 = CARTESIAN_POINT('',(182.,177.,131.));
#4761 = CARTESIAN_POINT('',(185.,177.,131.));
#4762 = GEOMETRIC_CURVE_SET('',(#4763));
#4763 = TRIMMED_CURVE('',#4764,(#4768,PARAMETER_VALUE(0.)),(#4769,
    PARAMETER_VALUE(3.)),.T.,.PARAMETER.);
#4764 = LINE('',#4765,#4766);
#4765 = CARTESIAN_POINT('',(182.,234.,112.));
#4766 = VECTOR('',#4767,1.);
#4767 = DIRECTION('',(1.,0.,0.));
#4768 = CARTESIAN_POINT('',(182.,234.,112.));
#4769 = CARTESIAN_POINT('',(185.,234.,112.));
#4770 = GEOMETRIC_CURVE_SET('',(#4771));
#4771 = TRIMMED_CURVE('',#4772,(#4776,PARAMETER_VALUE(0.)),(#4777,
    PARAMETER_VALUE(3.)),.T.,.PARAMETER.);
#4772 = LINE('',#4773,#4774);
#4773 = CARTESIAN_POINT('',(182.,234.,131.));
#4774 = VECTOR('',#4775,1.);
#4775 = DIRECTION('',(1.,0.,0.));
#4776 = CARTESIAN_POINT('',(182.,234.,131.));
#4777 = CARTESIAN_POINT('',(185.,234.,131.));
#4778 = GEOMETRIC_CURVE_SET('',(#4779));
#4779 = TRIMMED_CURVE('',#4780,(#4784,PARAMETER_VALUE(0.)),(#4785,
    PARAMETER_VALUE(68.)),.T.,.PARAMETER.);
#4780 = LINE('',#4781,#4782);
#4781 = CARTESIAN_POINT('',(185.,158.,64.));
#4782 = VECTOR('',#4783,1.);
#4783 = DIRECTION('',(0.,0.,1.));
#4784 = CARTESIAN_POINT('',(185.,158.,64.));
#4785 = CARTESIAN_POINT('',(185.,158.,132.));
#4786 = GEOMETRIC_CURVE_SET('',(#4787));
#4787 = TRIMMED_CURVE('',#4788,(#4792,PARAMETER_VALUE(0.)),(#4793,
    PARAMETER_VALUE(86.)),.T.,.PARAMETER.);
#4788 = LINE('',#4789,#4790);
#4789 = CARTESIAN_POINT('',(185.,158.,132.));
#4790 = VECTOR('',#4791,1.);
#4791 = DIRECTION('',(0.,1.,0.));
#4792 = CARTESIAN_POINT('',(185.,158.,132.));
#4793 = CARTESIAN_POINT('',(185.,244.,132.));
#4794 = GEOMETRIC_CURVE_SET('',(#4795));
#4795 = TRIMMED_CURVE('',#4796,(#4800,PARAMETER_VALUE(0.)),(#4801,
    PARAMETER_VALUE(68.)),.T.,.PARAMETER.);
#4796 = LINE('',#4797,#4798);
#4797 = CARTESIAN_POINT('',(185.,244.,64.));
#4798 = VECTOR('',#4799,1.);
#4799 = DIRECTION('',(0.,0.,1.));
#4800 = CARTESIAN_POINT('',(185.,244.,64.));
#4801 = CARTESIAN_POINT('',(185.,244.,132.));
#4802 = GEOMETRIC_CURVE_SET('',(#4803));
#4803 = TRIMMED_CURVE('',#4804,(#4808,PARAMETER_VALUE(0.)),(#4809,
    PARAMETER_VALUE(86.)),.T.,.PARAMETER.);
#4804 = LINE('',#4805,#4806);
#4805 = CARTESIAN_POINT('',(185.,158.,64.));
#4806 = VECTOR('',#4807,1.);
#4807 = DIRECTION('',(0.,1.,0.));
#4808 = CARTESIAN_POINT('',(185.,158.,64.));
#4809 = CARTESIAN_POINT('',(185.,244.,64.));
#4810 = GEOMETRIC_CURVE_SET('',(#4811));
#4811 = TRIMMED_CURVE('',#4812,(#4816,PARAMETER_VALUE(0.)),(#4817,
    PARAMETER_VALUE(68.)),.T.,.PARAMETER.);
#4812 = LINE('',#4813,#4814);
#4813 = CARTESIAN_POINT('',(262.,158.,64.));
#4814 = VECTOR('',#4815,1.);
#4815 = DIRECTION('',(0.,0.,1.));
#4816 = CARTESIAN_POINT('',(262.,158.,64.));
#4817 = CARTESIAN_POINT('',(262.,158.,132.));
#4818 = GEOMETRIC_CURVE_SET('',(#4819));
#4819 = TRIMMED_CURVE('',#4820,(#4824,PARAMETER_VALUE(0.)),(#4825,
    PARAMETER_VALUE(86.)),.T.,.PARAMETER.);
#4820 = LINE('',#4821,#4822);
#4821 = CARTESIAN_POINT('',(262.,158.,132.));
#4822 = VECTOR('',#4823,1.);
#4823 = DIRECTION('',(0.,1.,0.));
#4824 = CARTESIAN_POINT('',(262.,158.,132.));
#4825 = CARTESIAN_POINT('',(262.,244.,132.));
#4826 = GEOMETRIC_CURVE_SET('',(#4827));
#4827 = TRIMMED_CURVE('',#4828,(#4832,PARAMETER_VALUE(0.)),(#4833,
    PARAMETER_VALUE(68.)),.T.,.PARAMETER.);
#4828 = LINE('',#4829,#4830);
#4829 = CARTESIAN_POINT('',(262.,244.,64.));
#4830 = VECTOR('',#4831,1.);
#4831 = DIRECTION('',(0.,0.,1.));
#4832 = CARTESIAN_POINT('',(262.,244.,64.));
#4833 = CARTESIAN_POINT('',(262.,244.,132.));
#4834 = GEOMETRIC_CURVE_SET('',(#4835));
#4835 = TRIMMED_CURVE('',#4836,(#4840,PARAMETER_VALUE(0.)),(#4841,
    PARAMETER_VALUE(86.)),.T.,.PARAMETER.);
#4836 = LINE('',#4837,#4838);
#4837 = CARTESIAN_POINT('',(262.,158.,64.));
#4838 = VECTOR('',#4839,1.);
#4839 = DIRECTION('',(0.,1.,0.));
#4840 = CARTESIAN_POINT('',(262.,158.,64.));
#4841 = CARTESIAN_POINT('',(262.,244.,64.));
#4842 = GEOMETRIC_CURVE_SET('',(#4843));
#4843 = TRIMMED_CURVE('',#4844,(#4848,PARAMETER_VALUE(0.)),(#4849,
    PARAMETER_VALUE(77.)),.T.,.PARAMETER.);
#4844 = LINE('',#4845,#4846);
#4845 = CARTESIAN_POINT('',(185.,158.,64.));
#4846 = VECTOR('',#4847,1.);
#4847 = DIRECTION('',(1.,0.,0.));
#4848 = CARTESIAN_POINT('',(185.,158.,64.));
#4849 = CARTESIAN_POINT('',(262.,158.,64.));
#4850 = GEOMETRIC_CURVE_SET('',(#4851));
#4851 = TRIMMED_CURVE('',#4852,(#4856,PARAMETER_VALUE(0.)),(#4857,
    PARAMETER_VALUE(77.)),.T.,.PARAMETER.);
#4852 = LINE('',#4853,#4854);
#4853 = CARTESIAN_POINT('',(185.,158.,132.));
#4854 = VECTOR('',#4855,1.);
#4855 = DIRECTION('',(1.,0.,0.));
#4856 = CARTESIAN_POINT('',(185.,158.,132.));
#4857 = CARTESIAN_POINT('',(262.,158.,132.));
#4858 = GEOMETRIC_CURVE_SET('',(#4859));
#4859 = TRIMMED_CURVE('',#4860,(#4864,PARAMETER_VALUE(0.)),(#4865,
    PARAMETER_VALUE(77.)),.T.,.PARAMETER.);
#4860 = LINE('',#4861,#4862);
#4861 = CARTESIAN_POINT('',(185.,244.,64.));
#4862 = VECTOR('',#4863,1.);
#4863 = DIRECTION('',(1.,0.,0.));
#4864 = CARTESIAN_POINT('',(185.,244.,64.));
#4865 = CARTESIAN_POINT('',(262.,244.,64.));
#4866 = GEOMETRIC_CURVE_SET('',(#4867));
#4867 = TRIMMED_CURVE('',#4868,(#4872,PARAMETER_VALUE(0.)),(#4873,
    PARAMETER_VALUE(77.)),.T.,.PARAMETER.);
#4868 = LINE('',#4869,#4870);
#4869 = CARTESIAN_POINT('',(185.,244.,132.));
#4870 = VECTOR('',#4871,1.);
#4871 = DIRECTION('',(1.,0.,0.));
#4872 = CARTESIAN_POINT('',(185.,244.,132.));
#4873 = CARTESIAN_POINT('',(262.,244.,132.));
#4874 = GEOMETRIC_CURVE_SET('',(#4875));
#4875 = TRIMMED_CURVE('',#4876,(#4880,PARAMETER_VALUE(0.)),(#4881,
    PARAMETER_VALUE(32.)),.T.,.PARAMETER.);
#4876 = LINE('',#4877,#4878);
#4877 = CARTESIAN_POINT('',(194.,245.,75.));
#4878 = VECTOR('',#4879,1.);
#4879 = DIRECTION('',(0.,0.,1.));
#4880 = CARTESIAN_POINT('',(194.,245.,75.));
#4881 = CARTESIAN_POINT('',(194.,245.,107.));
#4882 = GEOMETRIC_CURVE_SET('',(#4883));
#4883 = TRIMMED_CURVE('',#4884,(#4888,PARAMETER_VALUE(0.)),(#4889,
    PARAMETER_VALUE(17.)),.T.,.PARAMETER.);
#4884 = LINE('',#4885,#4886);
#4885 = CARTESIAN_POINT('',(194.,245.,107.));
#4886 = VECTOR('',#4887,1.);
#4887 = DIRECTION('',(0.,1.,0.));
#4888 = CARTESIAN_POINT('',(194.,245.,107.));
#4889 = CARTESIAN_POINT('',(194.,262.,107.));
#4890 = GEOMETRIC_CURVE_SET('',(#4891));
#4891 = TRIMMED_CURVE('',#4892,(#4896,PARAMETER_VALUE(0.)),(#4897,
    PARAMETER_VALUE(32.)),.T.,.PARAMETER.);
#4892 = LINE('',#4893,#4894);
#4893 = CARTESIAN_POINT('',(194.,262.,75.));
#4894 = VECTOR('',#4895,1.);
#4895 = DIRECTION('',(0.,0.,1.));
#4896 = CARTESIAN_POINT('',(194.,262.,75.));
#4897 = CARTESIAN_POINT('',(194.,262.,107.));
#4898 = GEOMETRIC_CURVE_SET('',(#4899));
#4899 = TRIMMED_CURVE('',#4900,(#4904,PARAMETER_VALUE(0.)),(#4905,
    PARAMETER_VALUE(17.)),.T.,.PARAMETER.);
#4900 = LINE('',#4901,#4902);
#4901 = CARTESIAN_POINT('',(194.,245.,75.));
#4902 = VECTOR('',#4903,1.);
#4903 = DIRECTION('',(0.,1.,0.));
#4904 = CARTESIAN_POINT('',(194.,245.,75.));
#4905 = CARTESIAN_POINT('',(194.,262.,75.));
#4906 = GEOMETRIC_CURVE_SET('',(#4907));
#4907 = TRIMMED_CURVE('',#4908,(#4912,PARAMETER_VALUE(0.)),(#4913,
    PARAMETER_VALUE(32.)),.T.,.PARAMETER.);
#4908 = LINE('',#4909,#4910);
#4909 = CARTESIAN_POINT('',(244.,245.,75.));
#4910 = VECTOR('',#4911,1.);
#4911 = DIRECTION('',(0.,0.,1.));
#4912 = CARTESIAN_POINT('',(244.,245.,75.));
#4913 = CARTESIAN_POINT('',(244.,245.,107.));
#4914 = GEOMETRIC_CURVE_SET('',(#4915));
#4915 = TRIMMED_CURVE('',#4916,(#4920,PARAMETER_VALUE(0.)),(#4921,
    PARAMETER_VALUE(17.)),.T.,.PARAMETER.);
#4916 = LINE('',#4917,#4918);
#4917 = CARTESIAN_POINT('',(244.,245.,107.));
#4918 = VECTOR('',#4919,1.);
#4919 = DIRECTION('',(0.,1.,0.));
#4920 = CARTESIAN_POINT('',(244.,245.,107.));
#4921 = CARTESIAN_POINT('',(244.,262.,107.));
#4922 = GEOMETRIC_CURVE_SET('',(#4923));
#4923 = TRIMMED_CURVE('',#4924,(#4928,PARAMETER_VALUE(0.)),(#4929,
    PARAMETER_VALUE(32.)),.T.,.PARAMETER.);
#4924 = LINE('',#4925,#4926);
#4925 = CARTESIAN_POINT('',(244.,262.,75.));
#4926 = VECTOR('',#4927,1.);
#4927 = DIRECTION('',(0.,0.,1.));
#4928 = CARTESIAN_POINT('',(244.,262.,75.));
#4929 = CARTESIAN_POINT('',(244.,262.,107.));
#4930 = GEOMETRIC_CURVE_SET('',(#4931));
#4931 = TRIMMED_CURVE('',#4932,(#4936,PARAMETER_VALUE(0.)),(#4937,
    PARAMETER_VALUE(17.)),.T.,.PARAMETER.);
#4932 = LINE('',#4933,#4934);
#4933 = CARTESIAN_POINT('',(244.,245.,75.));
#4934 = VECTOR('',#4935,1.);
#4935 = DIRECTION('',(0.,1.,0.));
#4936 = CARTESIAN_POINT('',(244.,245.,75.));
#4937 = CARTESIAN_POINT('',(244.,262.,75.));
#4938 = GEOMETRIC_CURVE_SET('',(#4939));
#4939 = TRIMMED_CURVE('',#4940,(#4944,PARAMETER_VALUE(0.)),(#4945,
    PARAMETER_VALUE(50.)),.T.,.PARAMETER.);
#4940 = LINE('',#4941,#4942);
#4941 = CARTESIAN_POINT('',(194.,245.,75.));
#4942 = VECTOR('',#4943,1.);
#4943 = DIRECTION('',(1.,0.,0.));
#4944 = CARTESIAN_POINT('',(194.,245.,75.));
#4945 = CARTESIAN_POINT('',(244.,245.,75.));
#4946 = GEOMETRIC_CURVE_SET('',(#4947));
#4947 = TRIMMED_CURVE('',#4948,(#4952,PARAMETER_VALUE(0.)),(#4953,
    PARAMETER_VALUE(50.)),.T.,.PARAMETER.);
#4948 = LINE('',#4949,#4950);
#4949 = CARTESIAN_POINT('',(194.,245.,107.));
#4950 = VECTOR('',#4951,1.);
#4951 = DIRECTION('',(1.,0.,0.));
#4952 = CARTESIAN_POINT('',(194.,245.,107.));
#4953 = CARTESIAN_POINT('',(244.,245.,107.));
#4954 = GEOMETRIC_CURVE_SET('',(#4955));
#4955 = TRIMMED_CURVE('',#4956,(#4960,PARAMETER_VALUE(0.)),(#4961,
    PARAMETER_VALUE(50.)),.T.,.PARAMETER.);
#4956 = LINE('',#4957,#4958);
#4957 = CARTESIAN_POINT('',(194.,262.,75.));
#4958 = VECTOR('',#4959,1.);
#4959 = DIRECTION('',(1.,0.,0.));
#4960 = CARTESIAN_POINT('',(194.,262.,75.));
#4961 = CARTESIAN_POINT('',(244.,262.,75.));
#4962 = GEOMETRIC_CURVE_SET('',(#4963));
#4963 = TRIMMED_CURVE('',#4964,(#4968,PARAMETER_VALUE(0.)),(#4969,
    PARAMETER_VALUE(50.)),.T.,.PARAMETER.);
#4964 = LINE('',#4965,#4966);
#4965 = CARTESIAN_POINT('',(194.,262.,107.));
#4966 = VECTOR('',#4967,1.);
#4967 = DIRECTION('',(1.,0.,0.));
#4968 = CARTESIAN_POINT('',(194.,262.,107.));
#4969 = CARTESIAN_POINT('',(244.,262.,107.));
#4970 = GEOMETRIC_CURVE_SET('',(#4971));
#4971 = TRIMMED_CURVE('',#4972,(#4976,PARAMETER_VALUE(0.)),(#4977,
    PARAMETER_VALUE(30.)),.T.,.PARAMETER.);
#4972 = LINE('',#4973,#4974);
#4973 = CARTESIAN_POINT('',(108.,31.,56.));
#4974 = VECTOR('',#4975,1.);
#4975 = DIRECTION('',(0.,0.,1.));
#4976 = CARTESIAN_POINT('',(108.,31.,56.));
#4977 = CARTESIAN_POINT('',(108.,31.,86.));
#4978 = GEOMETRIC_CURVE_SET('',(#4979));
#4979 = TRIMMED_CURVE('',#4980,(#4984,PARAMETER_VALUE(0.)),(#4985,
    PARAMETER_VALUE(52.)),.T.,.PARAMETER.);
#4980 = LINE('',#4981,#4982);
#4981 = CARTESIAN_POINT('',(108.,31.,86.));
#4982 = VECTOR('',#4983,1.);
#4983 = DIRECTION('',(0.,1.,0.));
#4984 = CARTESIAN_POINT('',(108.,31.,86.));
#4985 = CARTESIAN_POINT('',(108.,83.,86.));
#4986 = GEOMETRIC_CURVE_SET('',(#4987));
#4987 = TRIMMED_CURVE('',#4988,(#4992,PARAMETER_VALUE(0.)),(#4993,
    PARAMETER_VALUE(30.)),.T.,.PARAMETER.);
#4988 = LINE('',#4989,#4990);
#4989 = CARTESIAN_POINT('',(108.,83.,56.));
#4990 = VECTOR('',#4991,1.);
#4991 = DIRECTION('',(0.,0.,1.));
#4992 = CARTESIAN_POINT('',(108.,83.,56.));
#4993 = CARTESIAN_POINT('',(108.,83.,86.));
#4994 = GEOMETRIC_CURVE_SET('',(#4995));
#4995 = TRIMMED_CURVE('',#4996,(#5000,PARAMETER_VALUE(0.)),(#5001,
    PARAMETER_VALUE(52.)),.T.,.PARAMETER.);
#4996 = LINE('',#4997,#4998);
#4997 = CARTESIAN_POINT('',(108.,31.,56.));
#4998 = VECTOR('',#4999,1.);
#4999 = DIRECTION('',(0.,1.,0.));
#5000 = CARTESIAN_POINT('',(108.,31.,56.));
#5001 = CARTESIAN_POINT('',(108.,83.,56.));
#5002 = GEOMETRIC_CURVE_SET('',(#5003));
#5003 = TRIMMED_CURVE('',#5004,(#5008,PARAMETER_VALUE(0.)),(#5009,
    PARAMETER_VALUE(30.)),.T.,.PARAMETER.);
#5004 = LINE('',#5005,#5006);
#5005 = CARTESIAN_POINT('',(148.,31.,56.));
#5006 = VECTOR('',#5007,1.);
#5007 = DIRECTION('',(0.,0.,1.));
#5008 = CARTESIAN_POINT('',(148.,31.,56.));
#5009 = CARTESIAN_POINT('',(148.,31.,86.));
#5010 = GEOMETRIC_CURVE_SET('',(#5011));
#5011 = TRIMMED_CURVE('',#5012,(#5016,PARAMETER_VALUE(0.)),(#5017,
    PARAMETER_VALUE(52.)),.T.,.PARAMETER.);
#5012 = LINE('',#5013,#5014);
#5013 = CARTESIAN_POINT('',(148.,31.,86.));
#5014 = VECTOR('',#5015,1.);
#5015 = DIRECTION('',(0.,1.,0.));
#5016 = CARTESIAN_POINT('',(148.,31.,86.));
#5017 = CARTESIAN_POINT('',(148.,83.,86.));
#5018 = GEOMETRIC_CURVE_SET('',(#5019));
#5019 = TRIMMED_CURVE('',#5020,(#5024,PARAMETER_VALUE(0.)),(#5025,
    PARAMETER_VALUE(30.)),.T.,.PARAMETER.);
#5020 = LINE('',#5021,#5022);
#5021 = CARTESIAN_POINT('',(148.,83.,56.));
#5022 = VECTOR('',#5023,1.);
#5023 = DIRECTION('',(0.,0.,1.));
#5024 = CARTESIAN_POINT('',(148.,83.,56.));
#5025 = CARTESIAN_POINT('',(148.,83.,86.));
#5026 = GEOMETRIC_CURVE_SET('',(#5027));
#5027 = TRIMMED_CURVE('',#5028,(#5032,PARAMETER_VALUE(0.)),(#5033,
    PARAMETER_VALUE(52.)),.T.,.PARAMETER.);
#5028 = LINE('',#5029,#5030);
#5029 = CARTESIAN_POINT('',(148.,31.,56.));
#5030 = VECTOR('',#5031,1.);
#5031 = DIRECTION('',(0.,1.,0.));
#5032 = CARTESIAN_POINT('',(148.,31.,56.));
#5033 = CARTESIAN_POINT('',(148.,83.,56.));
#5034 = GEOMETRIC_CURVE_SET('',(#5035));
#5035 = TRIMMED_CURVE('',#5036,(#5040,PARAMETER_VALUE(0.)),(#5041,
    PARAMETER_VALUE(40.)),.T.,.PARAMETER.);
#5036 = LINE('',#5037,#5038);
#5037 = CARTESIAN_POINT('',(108.,31.,56.));
#5038 = VECTOR('',#5039,1.);
#5039 = DIRECTION('',(1.,0.,0.));
#5040 = CARTESIAN_POINT('',(108.,31.,56.));
#5041 = CARTESIAN_POINT('',(148.,31.,56.));
#5042 = GEOMETRIC_CURVE_SET('',(#5043));
#5043 = TRIMMED_CURVE('',#5044,(#5048,PARAMETER_VALUE(0.)),(#5049,
    PARAMETER_VALUE(40.)),.T.,.PARAMETER.);
#5044 = LINE('',#5045,#5046);
#5045 = CARTESIAN_POINT('',(108.,31.,86.));
#5046 = VECTOR('',#5047,1.);
#5047 = DIRECTION('',(1.,0.,0.));
#5048 = CARTESIAN_POINT('',(108.,31.,86.));
#5049 = CARTESIAN_POINT('',(148.,31.,86.));
#5050 = GEOMETRIC_CURVE_SET('',(#5051));
#5051 = TRIMMED_CURVE('',#5052,(#5056,PARAMETER_VALUE(0.)),(#5057,
    PARAMETER_VALUE(40.)),.T.,.PARAMETER.);
#5052 = LINE('',#5053,#5054);
#5053 = CARTESIAN_POINT('',(108.,83.,56.));
#5054 = VECTOR('',#5055,1.);
#5055 = DIRECTION('',(1.,0.,0.));
#5056 = CARTESIAN_POINT('',(108.,83.,56.));
#5057 = CARTESIAN_POINT('',(148.,83.,56.));
#5058 = GEOMETRIC_CURVE_SET('',(#5059));
#5059 = TRIMMED_CURVE('',#5060,(#5064,PARAMETER_VALUE(0.)),(#5065,
    PARAMETER_VALUE(40.)),.T.,.PARAMETER.);
#5060 = LINE('',#5061,#5062);
#5061 = CARTESIAN_POINT('',(108.,83.,86.));
#5062 = VECTOR('',#5063,1.);
#5063 = DIRECTION('',(1.,0.,0.));
#5064 = CARTESIAN_POINT('',(108.,83.,86.));
#5065 = CARTESIAN_POINT('',(148.,83.,86.));
#5066 = GEOMETRIC_CURVE_SET('',(#5067));
#5067 = TRIMMED_CURVE('',#5068,(#5072,PARAMETER_VALUE(0.)),(#5073,
    PARAMETER_VALUE(24.)),.T.,.PARAMETER.);
#5068 = LINE('',#5069,#5070);
#5069 = CARTESIAN_POINT('',(2.,2.,2.));
#5070 = VECTOR('',#5071,1.);
#5071 = DIRECTION('',(0.,0.,1.));
#5072 = CARTESIAN_POINT('',(2.,2.,2.));
#5073 = CARTESIAN_POINT('',(2.,2.,26.));
#5074 = GEOMETRIC_CURVE_SET('',(#5075));
#5075 = TRIMMED_CURVE('',#5076,(#5080,PARAMETER_VALUE(0.)),(#5081,
    PARAMETER_VALUE(24.)),.T.,.PARAMETER.);
#5076 = LINE('',#5077,#5078);
#5077 = CARTESIAN_POINT('',(2.,2.,26.));
#5078 = VECTOR('',#5079,1.);
#5079 = DIRECTION('',(0.,1.,0.));
#5080 = CARTESIAN_POINT('',(2.,2.,26.));
#5081 = CARTESIAN_POINT('',(2.,26.,26.));
#5082 = GEOMETRIC_CURVE_SET('',(#5083));
#5083 = TRIMMED_CURVE('',#5084,(#5088,PARAMETER_VALUE(0.)),(#5089,
    PARAMETER_VALUE(24.)),.T.,.PARAMETER.);
#5084 = LINE('',#5085,#5086);
#5085 = CARTESIAN_POINT('',(2.,26.,2.));
#5086 = VECTOR('',#5087,1.);
#5087 = DIRECTION('',(0.,0.,1.));
#5088 = CARTESIAN_POINT('',(2.,26.,2.));
#5089 = CARTESIAN_POINT('',(2.,26.,26.));
#5090 = GEOMETRIC_CURVE_SET('',(#5091));
#5091 = TRIMMED_CURVE('',#5092,(#5096,PARAMETER_VALUE(0.)),(#5097,
    PARAMETER_VALUE(24.)),.T.,.PARAMETER.);
#5092 = LINE('',#5093,#5094);
#5093 = CARTESIAN_POINT('',(2.,2.,2.));
#5094 = VECTOR('',#5095,1.);
#5095 = DIRECTION('',(0.,1.,0.));
#5096 = CARTESIAN_POINT('',(2.,2.,2.));
#5097 = CARTESIAN_POINT('',(2.,26.,2.));
#5098 = GEOMETRIC_CURVE_SET('',(#5099));
#5099 = TRIMMED_CURVE('',#5100,(#5104,PARAMETER_VALUE(0.)),(#5105,
    PARAMETER_VALUE(24.)),.T.,.PARAMETER.);
#5100 = LINE('',#5101,#5102);
#5101 = CARTESIAN_POINT('',(18.,2.,2.));
#5102 = VECTOR('',#5103,1.);
#5103 = DIRECTION('',(0.,0.,1.));
#5104 = CARTESIAN_POINT('',(18.,2.,2.));
#5105 = CARTESIAN_POINT('',(18.,2.,26.));
#5106 = GEOMETRIC_CURVE_SET('',(#5107));
#5107 = TRIMMED_CURVE('',#5108,(#5112,PARAMETER_VALUE(0.)),(#5113,
    PARAMETER_VALUE(24.)),.T.,.PARAMETER.);
#5108 = LINE('',#5109,#5110);
#5109 = CARTESIAN_POINT('',(18.,2.,26.));
#5110 = VECTOR('',#5111,1.);
#5111 = DIRECTION('',(0.,1.,0.));
#5112 = CARTESIAN_POINT('',(18.,2.,26.));
#5113 = CARTESIAN_POINT('',(18.,26.,26.));
#5114 = GEOMETRIC_CURVE_SET('',(#5115));
#5115 = TRIMMED_CURVE('',#5116,(#5120,PARAMETER_VALUE(0.)),(#5121,
    PARAMETER_VALUE(24.)),.T.,.PARAMETER.);
#5116 = LINE('',#5117,#5118);
#5117 = CARTESIAN_POINT('',(18.,26.,2.));
#5118 = VECTOR('',#5119,1.);
#5119 = DIRECTION('',(0.,0.,1.));
#5120 = CARTESIAN_POINT('',(18.,26.,2.));
#5121 = CARTESIAN_POINT('',(18.,26.,26.));
#5122 = GEOMETRIC_CURVE_SET('',(#5123));
#5123 = TRIMMED_CURVE('',#5124,(#5128,PARAMETER_VALUE(0.)),(#5129,
    PARAMETER_VALUE(24.)),.T.,.PARAMETER.);
#5124 = LINE('',#5125,#5126);
#5125 = CARTESIAN_POINT('',(18.,2.,2.));
#5126 = VECTOR('',#5127,1.);
#5127 = DIRECTION('',(0.,1.,0.));
#5128 = CARTESIAN_POINT('',(18.,2.,2.));
#5129 = CARTESIAN_POINT('',(18.,26.,2.));
#5130 = GEOMETRIC_CURVE_SET('',(#5131));
#5131 = TRIMMED_CURVE('',#5132,(#5136,PARAMETER_VALUE(0.)),(#5137,
    PARAMETER_VALUE(16.)),.T.,.PARAMETER.);
#5132 = LINE('',#5133,#5134);
#5133 = CARTESIAN_POINT('',(2.,2.,2.));
#5134 = VECTOR('',#5135,1.);
#5135 = DIRECTION('',(1.,0.,0.));
#5136 = CARTESIAN_POINT('',(2.,2.,2.));
#5137 = CARTESIAN_POINT('',(18.,2.,2.));
#5138 = GEOMETRIC_CURVE_SET('',(#5139));
#5139 = TRIMMED_CURVE('',#5140,(#5144,PARAMETER_VALUE(0.)),(#5145,
    PARAMETER_VALUE(16.)),.T.,.PARAMETER.);
#5140 = LINE('',#5141,#5142);
#5141 = CARTESIAN_POINT('',(2.,2.,26.));
#5142 = VECTOR('',#5143,1.);
#5143 = DIRECTION('',(1.,0.,0.));
#5144 = CARTESIAN_POINT('',(2.,2.,26.));
#5145 = CARTESIAN_POINT('',(18.,2.,26.));
#5146 = GEOMETRIC_CURVE_SET('',(#5147));
#5147 = TRIMMED_CURVE('',#5148,(#5152,PARAMETER_VALUE(0.)),(#5153,
    PARAMETER_VALUE(16.)),.T.,.PARAMETER.);
#5148 = LINE('',#5149,#5150);
#5149 = CARTESIAN_POINT('',(2.,26.,2.));
#5150 = VECTOR('',#5151,1.);
#5151 = DIRECTION('',(1.,0.,0.));
#5152 = CARTESIAN_POINT('',(2.,26.,2.));
#5153 = CARTESIAN_POINT('',(18.,26.,2.));
#5154 = GEOMETRIC_CURVE_SET('',(#5155));
#5155 = TRIMMED_CURVE('',#5156,(#5160,PARAMETER_VALUE(0.)),(#5161,
    PARAMETER_VALUE(16.)),.T.,.PARAMETER.);
#5156 = LINE('',#5157,#5158);
#5157 = CARTESIAN_POINT('',(2.,26.,26.));
#5158 = VECTOR('',#5159,1.);
#5159 = DIRECTION('',(1.,0.,0.));
#5160 = CARTESIAN_POINT('',(2.,26.,26.));
#5161 = CARTESIAN_POINT('',(18.,26.,26.));
#5162 = GEOMETRIC_CURVE_SET('',(#5163));
#5163 = TRIMMED_CURVE('',#5164,(#5168,PARAMETER_VALUE(0.)),(#5169,
    PARAMETER_VALUE(24.)),.T.,.PARAMETER.);
#5164 = LINE('',#5165,#5166);
#5165 = CARTESIAN_POINT('',(257.,2.,2.));
#5166 = VECTOR('',#5167,1.);
#5167 = DIRECTION('',(0.,0.,1.));
#5168 = CARTESIAN_POINT('',(257.,2.,2.));
#5169 = CARTESIAN_POINT('',(257.,2.,26.));
#5170 = GEOMETRIC_CURVE_SET('',(#5171));
#5171 = TRIMMED_CURVE('',#5172,(#5176,PARAMETER_VALUE(0.)),(#5177,
    PARAMETER_VALUE(24.)),.T.,.PARAMETER.);
#5172 = LINE('',#5173,#5174);
#5173 = CARTESIAN_POINT('',(257.,2.,26.));
#5174 = VECTOR('',#5175,1.);
#5175 = DIRECTION('',(0.,1.,0.));
#5176 = CARTESIAN_POINT('',(257.,2.,26.));
#5177 = CARTESIAN_POINT('',(257.,26.,26.));
#5178 = GEOMETRIC_CURVE_SET('',(#5179));
#5179 = TRIMMED_CURVE('',#5180,(#5184,PARAMETER_VALUE(0.)),(#5185,
    PARAMETER_VALUE(24.)),.T.,.PARAMETER.);
#5180 = LINE('',#5181,#5182);
#5181 = CARTESIAN_POINT('',(257.,26.,2.));
#5182 = VECTOR('',#5183,1.);
#5183 = DIRECTION('',(0.,0.,1.));
#5184 = CARTESIAN_POINT('',(257.,26.,2.));
#5185 = CARTESIAN_POINT('',(257.,26.,26.));
#5186 = GEOMETRIC_CURVE_SET('',(#5187));
#5187 = TRIMMED_CURVE('',#5188,(#5192,PARAMETER_VALUE(0.)),(#5193,
    PARAMETER_VALUE(24.)),.T.,.PARAMETER.);
#5188 = LINE('',#5189,#5190);
#5189 = CARTESIAN_POINT('',(257.,2.,2.));
#5190 = VECTOR('',#5191,1.);
#5191 = DIRECTION('',(0.,1.,0.));
#5192 = CARTESIAN_POINT('',(257.,2.,2.));
#5193 = CARTESIAN_POINT('',(257.,26.,2.));
#5194 = GEOMETRIC_CURVE_SET('',(#5195));
#5195 = TRIMMED_CURVE('',#5196,(#5200,PARAMETER_VALUE(0.)),(#5201,
    PARAMETER_VALUE(24.)),.T.,.PARAMETER.);
#5196 = LINE('',#5197,#5198);
#5197 = CARTESIAN_POINT('',(273.,2.,2.));
#5198 = VECTOR('',#5199,1.);
#5199 = DIRECTION('',(0.,0.,1.));
#5200 = CARTESIAN_POINT('',(273.,2.,2.));
#5201 = CARTESIAN_POINT('',(273.,2.,26.));
#5202 = GEOMETRIC_CURVE_SET('',(#5203));
#5203 = TRIMMED_CURVE('',#5204,(#5208,PARAMETER_VALUE(0.)),(#5209,
    PARAMETER_VALUE(24.)),.T.,.PARAMETER.);
#5204 = LINE('',#5205,#5206);
#5205 = CARTESIAN_POINT('',(273.,2.,26.));
#5206 = VECTOR('',#5207,1.);
#5207 = DIRECTION('',(0.,1.,0.));
#5208 = CARTESIAN_POINT('',(273.,2.,26.));
#5209 = CARTESIAN_POINT('',(273.,26.,26.));
#5210 = GEOMETRIC_CURVE_SET('',(#5211));
#5211 = TRIMMED_CURVE('',#5212,(#5216,PARAMETER_VALUE(0.)),(#5217,
    PARAMETER_VALUE(24.)),.T.,.PARAMETER.);
#5212 = LINE('',#5213,#5214);
#5213 = CARTESIAN_POINT('',(273.,26.,2.));
#5214 = VECTOR('',#5215,1.);
#5215 = DIRECTION('',(0.,0.,1.));
#5216 = CARTESIAN_POINT('',(273.,26.,2.));
#5217 = CARTESIAN_POINT('',(273.,26.,26.));
#5218 = GEOMETRIC_CURVE_SET('',(#5219));
#5219 = TRIMMED_CURVE('',#5220,(#5224,PARAMETER_VALUE(0.)),(#5225,
    PARAMETER_VALUE(24.)),.T.,.PARAMETER.);
#5220 = LINE('',#5221,#5222);
#5221 = CARTESIAN_POINT('',(273.,2.,2.));
#5222 = VECTOR('',#5223,1.);
#5223 = DIRECTION('',(0.,1.,0.));
#5224 = CARTESIAN_POINT('',(273.,2.,2.));
#5225 = CARTESIAN_POINT('',(273.,26.,2.));
#5226 = GEOMETRIC_CURVE_SET('',(#5227));
#5227 = TRIMMED_CURVE('',#5228,(#5232,PARAMETER_VALUE(0.)),(#5233,
    PARAMETER_VALUE(16.)),.T.,.PARAMETER.);
#5228 = LINE('',#5229,#5230);
#5229 = CARTESIAN_POINT('',(257.,2.,2.));
#5230 = VECTOR('',#5231,1.);
#5231 = DIRECTION('',(1.,0.,0.));
#5232 = CARTESIAN_POINT('',(257.,2.,2.));
#5233 = CARTESIAN_POINT('',(273.,2.,2.));
#5234 = GEOMETRIC_CURVE_SET('',(#5235));
#5235 = TRIMMED_CURVE('',#5236,(#5240,PARAMETER_VALUE(0.)),(#5241,
    PARAMETER_VALUE(16.)),.T.,.PARAMETER.);
#5236 = LINE('',#5237,#5238);
#5237 = CARTESIAN_POINT('',(257.,2.,26.));
#5238 = VECTOR('',#5239,1.);
#5239 = DIRECTION('',(1.,0.,0.));
#5240 = CARTESIAN_POINT('',(257.,2.,26.));
#5241 = CARTESIAN_POINT('',(273.,2.,26.));
#5242 = GEOMETRIC_CURVE_SET('',(#5243));
#5243 = TRIMMED_CURVE('',#5244,(#5248,PARAMETER_VALUE(0.)),(#5249,
    PARAMETER_VALUE(16.)),.T.,.PARAMETER.);
#5244 = LINE('',#5245,#5246);
#5245 = CARTESIAN_POINT('',(257.,26.,2.));
#5246 = VECTOR('',#5247,1.);
#5247 = DIRECTION('',(1.,0.,0.));
#5248 = CARTESIAN_POINT('',(257.,26.,2.));
#5249 = CARTESIAN_POINT('',(273.,26.,2.));
#5250 = GEOMETRIC_CURVE_SET('',(#5251));
#5251 = TRIMMED_CURVE('',#5252,(#5256,PARAMETER_VALUE(0.)),(#5257,
    PARAMETER_VALUE(16.)),.T.,.PARAMETER.);
#5252 = LINE('',#5253,#5254);
#5253 = CARTESIAN_POINT('',(257.,26.,26.));
#5254 = VECTOR('',#5255,1.);
#5255 = DIRECTION('',(1.,0.,0.));
#5256 = CARTESIAN_POINT('',(257.,26.,26.));
#5257 = CARTESIAN_POINT('',(273.,26.,26.));
#5258 = GEOMETRIC_CURVE_SET('',(#5259));
#5259 = TRIMMED_CURVE('',#5260,(#5264,PARAMETER_VALUE(0.)),(#5265,
    PARAMETER_VALUE(27.)),.T.,.PARAMETER.);
#5260 = LINE('',#5261,#5262);
#5261 = CARTESIAN_POINT('',(4.,160.,58.));
#5262 = VECTOR('',#5263,1.);
#5263 = DIRECTION('',(0.,0.,1.));
#5264 = CARTESIAN_POINT('',(4.,160.,58.));
#5265 = CARTESIAN_POINT('',(4.,160.,85.));
#5266 = GEOMETRIC_CURVE_SET('',(#5267));
#5267 = TRIMMED_CURVE('',#5268,(#5272,PARAMETER_VALUE(0.)),(#5273,
    PARAMETER_VALUE(50.)),.T.,.PARAMETER.);
#5268 = LINE('',#5269,#5270);
#5269 = CARTESIAN_POINT('',(4.,160.,85.));
#5270 = VECTOR('',#5271,1.);
#5271 = DIRECTION('',(0.,1.,0.));
#5272 = CARTESIAN_POINT('',(4.,160.,85.));
#5273 = CARTESIAN_POINT('',(4.,210.,85.));
#5274 = GEOMETRIC_CURVE_SET('',(#5275));
#5275 = TRIMMED_CURVE('',#5276,(#5280,PARAMETER_VALUE(0.)),(#5281,
    PARAMETER_VALUE(27.)),.T.,.PARAMETER.);
#5276 = LINE('',#5277,#5278);
#5277 = CARTESIAN_POINT('',(4.,210.,58.));
#5278 = VECTOR('',#5279,1.);
#5279 = DIRECTION('',(0.,0.,1.));
#5280 = CARTESIAN_POINT('',(4.,210.,58.));
#5281 = CARTESIAN_POINT('',(4.,210.,85.));
#5282 = GEOMETRIC_CURVE_SET('',(#5283));
#5283 = TRIMMED_CURVE('',#5284,(#5288,PARAMETER_VALUE(0.)),(#5289,
    PARAMETER_VALUE(50.)),.T.,.PARAMETER.);
#5284 = LINE('',#5285,#5286);
#5285 = CARTESIAN_POINT('',(4.,160.,58.));
#5286 = VECTOR('',#5287,1.);
#5287 = DIRECTION('',(0.,1.,0.));
#5288 = CARTESIAN_POINT('',(4.,160.,58.));
#5289 = CARTESIAN_POINT('',(4.,210.,58.));
#5290 = GEOMETRIC_CURVE_SET('',(#5291));
#5291 = TRIMMED_CURVE('',#5292,(#5296,PARAMETER_VALUE(0.)),(#5297,
    PARAMETER_VALUE(27.)),.T.,.PARAMETER.);
#5292 = LINE('',#5293,#5294);
#5293 = CARTESIAN_POINT('',(22.,160.,58.));
#5294 = VECTOR('',#5295,1.);
#5295 = DIRECTION('',(0.,0.,1.));
#5296 = CARTESIAN_POINT('',(22.,160.,58.));
#5297 = CARTESIAN_POINT('',(22.,160.,85.));
#5298 = GEOMETRIC_CURVE_SET('',(#5299));
#5299 = TRIMMED_CURVE('',#5300,(#5304,PARAMETER_VALUE(0.)),(#5305,
    PARAMETER_VALUE(50.)),.T.,.PARAMETER.);
#5300 = LINE('',#5301,#5302);
#5301 = CARTESIAN_POINT('',(22.,160.,85.));
#5302 = VECTOR('',#5303,1.);
#5303 = DIRECTION('',(0.,1.,0.));
#5304 = CARTESIAN_POINT('',(22.,160.,85.));
#5305 = CARTESIAN_POINT('',(22.,210.,85.));
#5306 = GEOMETRIC_CURVE_SET('',(#5307));
#5307 = TRIMMED_CURVE('',#5308,(#5312,PARAMETER_VALUE(0.)),(#5313,
    PARAMETER_VALUE(27.)),.T.,.PARAMETER.);
#5308 = LINE('',#5309,#5310);
#5309 = CARTESIAN_POINT('',(22.,210.,58.));
#5310 = VECTOR('',#5311,1.);
#5311 = DIRECTION('',(0.,0.,1.));
#5312 = CARTESIAN_POINT('',(22.,210.,58.));
#5313 = CARTESIAN_POINT('',(22.,210.,85.));
#5314 = GEOMETRIC_CURVE_SET('',(#5315));
#5315 = TRIMMED_CURVE('',#5316,(#5320,PARAMETER_VALUE(0.)),(#5321,
    PARAMETER_VALUE(50.)),.T.,.PARAMETER.);
#5316 = LINE('',#5317,#5318);
#5317 = CARTESIAN_POINT('',(22.,160.,58.));
#5318 = VECTOR('',#5319,1.);
#5319 = DIRECTION('',(0.,1.,0.));
#5320 = CARTESIAN_POINT('',(22.,160.,58.));
#5321 = CARTESIAN_POINT('',(22.,210.,58.));
#5322 = GEOMETRIC_CURVE_SET('',(#5323));
#5323 = TRIMMED_CURVE('',#5324,(#5328,PARAMETER_VALUE(0.)),(#5329,
    PARAMETER_VALUE(18.)),.T.,.PARAMETER.);
#5324 = LINE('',#5325,#5326);
#5325 = CARTESIAN_POINT('',(4.,160.,58.));
#5326 = VECTOR('',#5327,1.);
#5327 = DIRECTION('',(1.,0.,0.));
#5328 = CARTESIAN_POINT('',(4.,160.,58.));
#5329 = CARTESIAN_POINT('',(22.,160.,58.));
#5330 = GEOMETRIC_CURVE_SET('',(#5331));
#5331 = TRIMMED_CURVE('',#5332,(#5336,PARAMETER_VALUE(0.)),(#5337,
    PARAMETER_VALUE(18.)),.T.,.PARAMETER.);
#5332 = LINE('',#5333,#5334);
#5333 = CARTESIAN_POINT('',(4.,160.,85.));
#5334 = VECTOR('',#5335,1.);
#5335 = DIRECTION('',(1.,0.,0.));
#5336 = CARTESIAN_POINT('',(4.,160.,85.));
#5337 = CARTESIAN_POINT('',(22.,160.,85.));
#5338 = GEOMETRIC_CURVE_SET('',(#5339));
#5339 = TRIMMED_CURVE('',#5340,(#5344,PARAMETER_VALUE(0.)),(#5345,
    PARAMETER_VALUE(18.)),.T.,.PARAMETER.);
#5340 = LINE('',#5341,#5342);
#5341 = CARTESIAN_POINT('',(4.,210.,58.));
#5342 = VECTOR('',#5343,1.);
#5343 = DIRECTION('',(1.,0.,0.));
#5344 = CARTESIAN_POINT('',(4.,210.,58.));
#5345 = CARTESIAN_POINT('',(22.,210.,58.));
#5346 = GEOMETRIC_CURVE_SET('',(#5347));
#5347 = TRIMMED_CURVE('',#5348,(#5352,PARAMETER_VALUE(0.)),(#5353,
    PARAMETER_VALUE(18.)),.T.,.PARAMETER.);
#5348 = LINE('',#5349,#5350);
#5349 = CARTESIAN_POINT('',(4.,210.,85.));
#5350 = VECTOR('',#5351,1.);
#5351 = DIRECTION('',(1.,0.,0.));
#5352 = CARTESIAN_POINT('',(4.,210.,85.));
#5353 = CARTESIAN_POINT('',(22.,210.,85.));
#5354 = GEOMETRIC_CURVE_SET('',(#5355));
#5355 = TRIMMED_CURVE('',#5356,(#5360,PARAMETER_VALUE(0.)),(#5361,
    PARAMETER_VALUE(35.)),.T.,.PARAMETER.);
#5356 = LINE('',#5357,#5358);
#5357 = CARTESIAN_POINT('',(193.,88.,124.1));
#5358 = VECTOR('',#5359,1.);
#5359 = DIRECTION('',(0.,0.,1.));
#5360 = CARTESIAN_POINT('',(193.,88.,124.1));
#5361 = CARTESIAN_POINT('',(193.,88.,159.1));
#5362 = GEOMETRIC_CURVE_SET('',(#5363));
#5363 = TRIMMED_CURVE('',#5364,(#5368,PARAMETER_VALUE(0.)),(#5369,
    PARAMETER_VALUE(32.)),.T.,.PARAMETER.);
#5364 = LINE('',#5365,#5366);
#5365 = CARTESIAN_POINT('',(193.,88.,159.1));
#5366 = VECTOR('',#5367,1.);
#5367 = DIRECTION('',(0.,1.,0.));
#5368 = CARTESIAN_POINT('',(193.,88.,159.1));
#5369 = CARTESIAN_POINT('',(193.,120.,159.1));
#5370 = GEOMETRIC_CURVE_SET('',(#5371));
#5371 = TRIMMED_CURVE('',#5372,(#5376,PARAMETER_VALUE(0.)),(#5377,
    PARAMETER_VALUE(35.)),.T.,.PARAMETER.);
#5372 = LINE('',#5373,#5374);
#5373 = CARTESIAN_POINT('',(193.,120.,124.1));
#5374 = VECTOR('',#5375,1.);
#5375 = DIRECTION('',(0.,0.,1.));
#5376 = CARTESIAN_POINT('',(193.,120.,124.1));
#5377 = CARTESIAN_POINT('',(193.,120.,159.1));
#5378 = GEOMETRIC_CURVE_SET('',(#5379));
#5379 = TRIMMED_CURVE('',#5380,(#5384,PARAMETER_VALUE(0.)),(#5385,
    PARAMETER_VALUE(32.)),.T.,.PARAMETER.);
#5380 = LINE('',#5381,#5382);
#5381 = CARTESIAN_POINT('',(193.,88.,124.1));
#5382 = VECTOR('',#5383,1.);
#5383 = DIRECTION('',(0.,1.,0.));
#5384 = CARTESIAN_POINT('',(193.,88.,124.1));
#5385 = CARTESIAN_POINT('',(193.,120.,124.1));
#5386 = GEOMETRIC_CURVE_SET('',(#5387));
#5387 = TRIMMED_CURVE('',#5388,(#5392,PARAMETER_VALUE(0.)),(#5393,
    PARAMETER_VALUE(35.)),.T.,.PARAMETER.);
#5388 = LINE('',#5389,#5390);
#5389 = CARTESIAN_POINT('',(271.,88.,124.1));
#5390 = VECTOR('',#5391,1.);
#5391 = DIRECTION('',(0.,0.,1.));
#5392 = CARTESIAN_POINT('',(271.,88.,124.1));
#5393 = CARTESIAN_POINT('',(271.,88.,159.1));
#5394 = GEOMETRIC_CURVE_SET('',(#5395));
#5395 = TRIMMED_CURVE('',#5396,(#5400,PARAMETER_VALUE(0.)),(#5401,
    PARAMETER_VALUE(32.)),.T.,.PARAMETER.);
#5396 = LINE('',#5397,#5398);
#5397 = CARTESIAN_POINT('',(271.,88.,159.1));
#5398 = VECTOR('',#5399,1.);
#5399 = DIRECTION('',(0.,1.,0.));
#5400 = CARTESIAN_POINT('',(271.,88.,159.1));
#5401 = CARTESIAN_POINT('',(271.,120.,159.1));
#5402 = GEOMETRIC_CURVE_SET('',(#5403));
#5403 = TRIMMED_CURVE('',#5404,(#5408,PARAMETER_VALUE(0.)),(#5409,
    PARAMETER_VALUE(35.)),.T.,.PARAMETER.);
#5404 = LINE('',#5405,#5406);
#5405 = CARTESIAN_POINT('',(271.,120.,124.1));
#5406 = VECTOR('',#5407,1.);
#5407 = DIRECTION('',(0.,0.,1.));
#5408 = CARTESIAN_POINT('',(271.,120.,124.1));
#5409 = CARTESIAN_POINT('',(271.,120.,159.1));
#5410 = GEOMETRIC_CURVE_SET('',(#5411));
#5411 = TRIMMED_CURVE('',#5412,(#5416,PARAMETER_VALUE(0.)),(#5417,
    PARAMETER_VALUE(32.)),.T.,.PARAMETER.);
#5412 = LINE('',#5413,#5414);
#5413 = CARTESIAN_POINT('',(271.,88.,124.1));
#5414 = VECTOR('',#5415,1.);
#5415 = DIRECTION('',(0.,1.,0.));
#5416 = CARTESIAN_POINT('',(271.,88.,124.1));
#5417 = CARTESIAN_POINT('',(271.,120.,124.1));
#5418 = GEOMETRIC_CURVE_SET('',(#5419));
#5419 = TRIMMED_CURVE('',#5420,(#5424,PARAMETER_VALUE(0.)),(#5425,
    PARAMETER_VALUE(78.)),.T.,.PARAMETER.);
#5420 = LINE('',#5421,#5422);
#5421 = CARTESIAN_POINT('',(193.,88.,124.1));
#5422 = VECTOR('',#5423,1.);
#5423 = DIRECTION('',(1.,0.,0.));
#5424 = CARTESIAN_POINT('',(193.,88.,124.1));
#5425 = CARTESIAN_POINT('',(271.,88.,124.1));
#5426 = GEOMETRIC_CURVE_SET('',(#5427));
#5427 = TRIMMED_CURVE('',#5428,(#5432,PARAMETER_VALUE(0.)),(#5433,
    PARAMETER_VALUE(78.)),.T.,.PARAMETER.);
#5428 = LINE('',#5429,#5430);
#5429 = CARTESIAN_POINT('',(193.,88.,159.1));
#5430 = VECTOR('',#5431,1.);
#5431 = DIRECTION('',(1.,0.,0.));
#5432 = CARTESIAN_POINT('',(193.,88.,159.1));
#5433 = CARTESIAN_POINT('',(271.,88.,159.1));
#5434 = GEOMETRIC_CURVE_SET('',(#5435));
#5435 = TRIMMED_CURVE('',#5436,(#5440,PARAMETER_VALUE(0.)),(#5441,
    PARAMETER_VALUE(78.)),.T.,.PARAMETER.);
#5436 = LINE('',#5437,#5438);
#5437 = CARTESIAN_POINT('',(193.,120.,124.1));
#5438 = VECTOR('',#5439,1.);
#5439 = DIRECTION('',(1.,0.,0.));
#5440 = CARTESIAN_POINT('',(193.,120.,124.1));
#5441 = CARTESIAN_POINT('',(271.,120.,124.1));
#5442 = GEOMETRIC_CURVE_SET('',(#5443));
#5443 = TRIMMED_CURVE('',#5444,(#5448,PARAMETER_VALUE(0.)),(#5449,
    PARAMETER_VALUE(78.)),.T.,.PARAMETER.);
#5444 = LINE('',#5445,#5446);
#5445 = CARTESIAN_POINT('',(193.,120.,159.1));
#5446 = VECTOR('',#5447,1.);
#5447 = DIRECTION('',(1.,0.,0.));
#5448 = CARTESIAN_POINT('',(193.,120.,159.1));
#5449 = CARTESIAN_POINT('',(271.,120.,159.1));
#5450 = GEOMETRIC_CURVE_SET('',(#5451));
#5451 = TRIMMED_CURVE('',#5452,(#5456,PARAMETER_VALUE(0.)),(#5457,
    PARAMETER_VALUE(12.)),.T.,.PARAMETER.);
#5452 = LINE('',#5453,#5454);
#5453 = CARTESIAN_POINT('',(2.,6.,66.));
#5454 = VECTOR('',#5455,1.);
#5455 = DIRECTION('',(0.,0.,1.));
#5456 = CARTESIAN_POINT('',(2.,6.,66.));
#5457 = CARTESIAN_POINT('',(2.,6.,78.));
#5458 = GEOMETRIC_CURVE_SET('',(#5459));
#5459 = TRIMMED_CURVE('',#5460,(#5464,PARAMETER_VALUE(0.)),(#5465,
    PARAMETER_VALUE(18.)),.T.,.PARAMETER.);
#5460 = LINE('',#5461,#5462);
#5461 = CARTESIAN_POINT('',(2.,6.,78.));
#5462 = VECTOR('',#5463,1.);
#5463 = DIRECTION('',(0.,1.,0.));
#5464 = CARTESIAN_POINT('',(2.,6.,78.));
#5465 = CARTESIAN_POINT('',(2.,24.,78.));
#5466 = GEOMETRIC_CURVE_SET('',(#5467));
#5467 = TRIMMED_CURVE('',#5468,(#5472,PARAMETER_VALUE(0.)),(#5473,
    PARAMETER_VALUE(12.)),.T.,.PARAMETER.);
#5468 = LINE('',#5469,#5470);
#5469 = CARTESIAN_POINT('',(2.,24.,66.));
#5470 = VECTOR('',#5471,1.);
#5471 = DIRECTION('',(0.,0.,1.));
#5472 = CARTESIAN_POINT('',(2.,24.,66.));
#5473 = CARTESIAN_POINT('',(2.,24.,78.));
#5474 = GEOMETRIC_CURVE_SET('',(#5475));
#5475 = TRIMMED_CURVE('',#5476,(#5480,PARAMETER_VALUE(0.)),(#5481,
    PARAMETER_VALUE(18.)),.T.,.PARAMETER.);
#5476 = LINE('',#5477,#5478);
#5477 = CARTESIAN_POINT('',(2.,6.,66.));
#5478 = VECTOR('',#5479,1.);
#5479 = DIRECTION('',(0.,1.,0.));
#5480 = CARTESIAN_POINT('',(2.,6.,66.));
#5481 = CARTESIAN_POINT('',(2.,24.,66.));
#5482 = GEOMETRIC_CURVE_SET('',(#5483));
#5483 = TRIMMED_CURVE('',#5484,(#5488,PARAMETER_VALUE(0.)),(#5489,
    PARAMETER_VALUE(12.)),.T.,.PARAMETER.);
#5484 = LINE('',#5485,#5486);
#5485 = CARTESIAN_POINT('',(15.,6.,66.));
#5486 = VECTOR('',#5487,1.);
#5487 = DIRECTION('',(0.,0.,1.));
#5488 = CARTESIAN_POINT('',(15.,6.,66.));
#5489 = CARTESIAN_POINT('',(15.,6.,78.));
#5490 = GEOMETRIC_CURVE_SET('',(#5491));
#5491 = TRIMMED_CURVE('',#5492,(#5496,PARAMETER_VALUE(0.)),(#5497,
    PARAMETER_VALUE(18.)),.T.,.PARAMETER.);
#5492 = LINE('',#5493,#5494);
#5493 = CARTESIAN_POINT('',(15.,6.,78.));
#5494 = VECTOR('',#5495,1.);
#5495 = DIRECTION('',(0.,1.,0.));
#5496 = CARTESIAN_POINT('',(15.,6.,78.));
#5497 = CARTESIAN_POINT('',(15.,24.,78.));
#5498 = GEOMETRIC_CURVE_SET('',(#5499));
#5499 = TRIMMED_CURVE('',#5500,(#5504,PARAMETER_VALUE(0.)),(#5505,
    PARAMETER_VALUE(12.)),.T.,.PARAMETER.);
#5500 = LINE('',#5501,#5502);
#5501 = CARTESIAN_POINT('',(15.,24.,66.));
#5502 = VECTOR('',#5503,1.);
#5503 = DIRECTION('',(0.,0.,1.));
#5504 = CARTESIAN_POINT('',(15.,24.,66.));
#5505 = CARTESIAN_POINT('',(15.,24.,78.));
#5506 = GEOMETRIC_CURVE_SET('',(#5507));
#5507 = TRIMMED_CURVE('',#5508,(#5512,PARAMETER_VALUE(0.)),(#5513,
    PARAMETER_VALUE(18.)),.T.,.PARAMETER.);
#5508 = LINE('',#5509,#5510);
#5509 = CARTESIAN_POINT('',(15.,6.,66.));
#5510 = VECTOR('',#5511,1.);
#5511 = DIRECTION('',(0.,1.,0.));
#5512 = CARTESIAN_POINT('',(15.,6.,66.));
#5513 = CARTESIAN_POINT('',(15.,24.,66.));
#5514 = GEOMETRIC_CURVE_SET('',(#5515));
#5515 = TRIMMED_CURVE('',#5516,(#5520,PARAMETER_VALUE(0.)),(#5521,
    PARAMETER_VALUE(13.)),.T.,.PARAMETER.);
#5516 = LINE('',#5517,#5518);
#5517 = CARTESIAN_POINT('',(2.,6.,66.));
#5518 = VECTOR('',#5519,1.);
#5519 = DIRECTION('',(1.,0.,0.));
#5520 = CARTESIAN_POINT('',(2.,6.,66.));
#5521 = CARTESIAN_POINT('',(15.,6.,66.));
#5522 = GEOMETRIC_CURVE_SET('',(#5523));
#5523 = TRIMMED_CURVE('',#5524,(#5528,PARAMETER_VALUE(0.)),(#5529,
    PARAMETER_VALUE(13.)),.T.,.PARAMETER.);
#5524 = LINE('',#5525,#5526);
#5525 = CARTESIAN_POINT('',(2.,6.,78.));
#5526 = VECTOR('',#5527,1.);
#5527 = DIRECTION('',(1.,0.,0.));
#5528 = CARTESIAN_POINT('',(2.,6.,78.));
#5529 = CARTESIAN_POINT('',(15.,6.,78.));
#5530 = GEOMETRIC_CURVE_SET('',(#5531));
#5531 = TRIMMED_CURVE('',#5532,(#5536,PARAMETER_VALUE(0.)),(#5537,
    PARAMETER_VALUE(13.)),.T.,.PARAMETER.);
#5532 = LINE('',#5533,#5534);
#5533 = CARTESIAN_POINT('',(2.,24.,66.));
#5534 = VECTOR('',#5535,1.);
#5535 = DIRECTION('',(1.,0.,0.));
#5536 = CARTESIAN_POINT('',(2.,24.,66.));
#5537 = CARTESIAN_POINT('',(15.,24.,66.));
#5538 = GEOMETRIC_CURVE_SET('',(#5539));
#5539 = TRIMMED_CURVE('',#5540,(#5544,PARAMETER_VALUE(0.)),(#5545,
    PARAMETER_VALUE(13.)),.T.,.PARAMETER.);
#5540 = LINE('',#5541,#5542);
#5541 = CARTESIAN_POINT('',(2.,24.,78.));
#5542 = VECTOR('',#5543,1.);
#5543 = DIRECTION('',(1.,0.,0.));
#5544 = CARTESIAN_POINT('',(2.,24.,78.));
#5545 = CARTESIAN_POINT('',(15.,24.,78.));
#5546 = GEOMETRIC_CURVE_SET('',(#5547));
#5547 = TRIMMED_CURVE('',#5548,(#5552,PARAMETER_VALUE(0.)),(#5553,
    PARAMETER_VALUE(12.)),.T.,.PARAMETER.);
#5548 = LINE('',#5549,#5550);
#5549 = CARTESIAN_POINT('',(257.,6.,66.));
#5550 = VECTOR('',#5551,1.);
#5551 = DIRECTION('',(0.,0.,1.));
#5552 = CARTESIAN_POINT('',(257.,6.,66.));
#5553 = CARTESIAN_POINT('',(257.,6.,78.));
#5554 = GEOMETRIC_CURVE_SET('',(#5555));
#5555 = TRIMMED_CURVE('',#5556,(#5560,PARAMETER_VALUE(0.)),(#5561,
    PARAMETER_VALUE(18.)),.T.,.PARAMETER.);
#5556 = LINE('',#5557,#5558);
#5557 = CARTESIAN_POINT('',(257.,6.,78.));
#5558 = VECTOR('',#5559,1.);
#5559 = DIRECTION('',(0.,1.,0.));
#5560 = CARTESIAN_POINT('',(257.,6.,78.));
#5561 = CARTESIAN_POINT('',(257.,24.,78.));
#5562 = GEOMETRIC_CURVE_SET('',(#5563));
#5563 = TRIMMED_CURVE('',#5564,(#5568,PARAMETER_VALUE(0.)),(#5569,
    PARAMETER_VALUE(12.)),.T.,.PARAMETER.);
#5564 = LINE('',#5565,#5566);
#5565 = CARTESIAN_POINT('',(257.,24.,66.));
#5566 = VECTOR('',#5567,1.);
#5567 = DIRECTION('',(0.,0.,1.));
#5568 = CARTESIAN_POINT('',(257.,24.,66.));
#5569 = CARTESIAN_POINT('',(257.,24.,78.));
#5570 = GEOMETRIC_CURVE_SET('',(#5571));
#5571 = TRIMMED_CURVE('',#5572,(#5576,PARAMETER_VALUE(0.)),(#5577,
    PARAMETER_VALUE(18.)),.T.,.PARAMETER.);
#5572 = LINE('',#5573,#5574);
#5573 = CARTESIAN_POINT('',(257.,6.,66.));
#5574 = VECTOR('',#5575,1.);
#5575 = DIRECTION('',(0.,1.,0.));
#5576 = CARTESIAN_POINT('',(257.,6.,66.));
#5577 = CARTESIAN_POINT('',(257.,24.,66.));
#5578 = GEOMETRIC_CURVE_SET('',(#5579));
#5579 = TRIMMED_CURVE('',#5580,(#5584,PARAMETER_VALUE(0.)),(#5585,
    PARAMETER_VALUE(12.)),.T.,.PARAMETER.);
#5580 = LINE('',#5581,#5582);
#5581 = CARTESIAN_POINT('',(270.,6.,66.));
#5582 = VECTOR('',#5583,1.);
#5583 = DIRECTION('',(0.,0.,1.));
#5584 = CARTESIAN_POINT('',(270.,6.,66.));
#5585 = CARTESIAN_POINT('',(270.,6.,78.));
#5586 = GEOMETRIC_CURVE_SET('',(#5587));
#5587 = TRIMMED_CURVE('',#5588,(#5592,PARAMETER_VALUE(0.)),(#5593,
    PARAMETER_VALUE(18.)),.T.,.PARAMETER.);
#5588 = LINE('',#5589,#5590);
#5589 = CARTESIAN_POINT('',(270.,6.,78.));
#5590 = VECTOR('',#5591,1.);
#5591 = DIRECTION('',(0.,1.,0.));
#5592 = CARTESIAN_POINT('',(270.,6.,78.));
#5593 = CARTESIAN_POINT('',(270.,24.,78.));
#5594 = GEOMETRIC_CURVE_SET('',(#5595));
#5595 = TRIMMED_CURVE('',#5596,(#5600,PARAMETER_VALUE(0.)),(#5601,
    PARAMETER_VALUE(12.)),.T.,.PARAMETER.);
#5596 = LINE('',#5597,#5598);
#5597 = CARTESIAN_POINT('',(270.,24.,66.));
#5598 = VECTOR('',#5599,1.);
#5599 = DIRECTION('',(0.,0.,1.));
#5600 = CARTESIAN_POINT('',(270.,24.,66.));
#5601 = CARTESIAN_POINT('',(270.,24.,78.));
#5602 = GEOMETRIC_CURVE_SET('',(#5603));
#5603 = TRIMMED_CURVE('',#5604,(#5608,PARAMETER_VALUE(0.)),(#5609,
    PARAMETER_VALUE(18.)),.T.,.PARAMETER.);
#5604 = LINE('',#5605,#5606);
#5605 = CARTESIAN_POINT('',(270.,6.,66.));
#5606 = VECTOR('',#5607,1.);
#5607 = DIRECTION('',(0.,1.,0.));
#5608 = CARTESIAN_POINT('',(270.,6.,66.));
#5609 = CARTESIAN_POINT('',(270.,24.,66.));
#5610 = GEOMETRIC_CURVE_SET('',(#5611));
#5611 = TRIMMED_CURVE('',#5612,(#5616,PARAMETER_VALUE(0.)),(#5617,
    PARAMETER_VALUE(13.)),.T.,.PARAMETER.);
#5612 = LINE('',#5613,#5614);
#5613 = CARTESIAN_POINT('',(257.,6.,66.));
#5614 = VECTOR('',#5615,1.);
#5615 = DIRECTION('',(1.,0.,0.));
#5616 = CARTESIAN_POINT('',(257.,6.,66.));
#5617 = CARTESIAN_POINT('',(270.,6.,66.));
#5618 = GEOMETRIC_CURVE_SET('',(#5619));
#5619 = TRIMMED_CURVE('',#5620,(#5624,PARAMETER_VALUE(0.)),(#5625,
    PARAMETER_VALUE(13.)),.T.,.PARAMETER.);
#5620 = LINE('',#5621,#5622);
#5621 = CARTESIAN_POINT('',(257.,6.,78.));
#5622 = VECTOR('',#5623,1.);
#5623 = DIRECTION('',(1.,0.,0.));
#5624 = CARTESIAN_POINT('',(257.,6.,78.));
#5625 = CARTESIAN_POINT('',(270.,6.,78.));
#5626 = GEOMETRIC_CURVE_SET('',(#5627));
#5627 = TRIMMED_CURVE('',#5628,(#5632,PARAMETER_VALUE(0.)),(#5633,
    PARAMETER_VALUE(13.)),.T.,.PARAMETER.);
#5628 = LINE('',#5629,#5630);
#5629 = CARTESIAN_POINT('',(257.,24.,66.));
#5630 = VECTOR('',#5631,1.);
#5631 = DIRECTION('',(1.,0.,0.));
#5632 = CARTESIAN_POINT('',(257.,24.,66.));
#5633 = CARTESIAN_POINT('',(270.,24.,66.));
#5634 = GEOMETRIC_CURVE_SET('',(#5635));
#5635 = TRIMMED_CURVE('',#5636,(#5640,PARAMETER_VALUE(0.)),(#5641,
    PARAMETER_VALUE(13.)),.T.,.PARAMETER.);
#5636 = LINE('',#5637,#5638);
#5637 = CARTESIAN_POINT('',(257.,24.,78.));
#5638 = VECTOR('',#5639,1.);
#5639 = DIRECTION('',(1.,0.,0.));
#5640 = CARTESIAN_POINT('',(257.,24.,78.));
#5641 = CARTESIAN_POINT('',(270.,24.,78.));
#5642 = GEOMETRIC_CURVE_SET('',(#5643));
#5643 = TRIMMED_CURVE('',#5644,(#5648,PARAMETER_VALUE(0.)),(#5649,
    PARAMETER_VALUE(12.)),.T.,.PARAMETER.);
#5644 = LINE('',#5645,#5646);
#5645 = CARTESIAN_POINT('',(2.,59.,90.));
#5646 = VECTOR('',#5647,1.);
#5647 = DIRECTION('',(0.,0.,1.));
#5648 = CARTESIAN_POINT('',(2.,59.,90.));
#5649 = CARTESIAN_POINT('',(2.,59.,102.));
#5650 = GEOMETRIC_CURVE_SET('',(#5651));
#5651 = TRIMMED_CURVE('',#5652,(#5656,PARAMETER_VALUE(0.)),(#5657,
    PARAMETER_VALUE(18.)),.T.,.PARAMETER.);
#5652 = LINE('',#5653,#5654);
#5653 = CARTESIAN_POINT('',(2.,59.,102.));
#5654 = VECTOR('',#5655,1.);
#5655 = DIRECTION('',(0.,1.,0.));
#5656 = CARTESIAN_POINT('',(2.,59.,102.));
#5657 = CARTESIAN_POINT('',(2.,77.,102.));
#5658 = GEOMETRIC_CURVE_SET('',(#5659));
#5659 = TRIMMED_CURVE('',#5660,(#5664,PARAMETER_VALUE(0.)),(#5665,
    PARAMETER_VALUE(12.)),.T.,.PARAMETER.);
#5660 = LINE('',#5661,#5662);
#5661 = CARTESIAN_POINT('',(2.,77.,90.));
#5662 = VECTOR('',#5663,1.);
#5663 = DIRECTION('',(0.,0.,1.));
#5664 = CARTESIAN_POINT('',(2.,77.,90.));
#5665 = CARTESIAN_POINT('',(2.,77.,102.));
#5666 = GEOMETRIC_CURVE_SET('',(#5667));
#5667 = TRIMMED_CURVE('',#5668,(#5672,PARAMETER_VALUE(0.)),(#5673,
    PARAMETER_VALUE(18.)),.T.,.PARAMETER.);
#5668 = LINE('',#5669,#5670);
#5669 = CARTESIAN_POINT('',(2.,59.,90.));
#5670 = VECTOR('',#5671,1.);
#5671 = DIRECTION('',(0.,1.,0.));
#5672 = CARTESIAN_POINT('',(2.,59.,90.));
#5673 = CARTESIAN_POINT('',(2.,77.,90.));
#5674 = GEOMETRIC_CURVE_SET('',(#5675));
#5675 = TRIMMED_CURVE('',#5676,(#5680,PARAMETER_VALUE(0.)),(#5681,
    PARAMETER_VALUE(12.)),.T.,.PARAMETER.);
#5676 = LINE('',#5677,#5678);
#5677 = CARTESIAN_POINT('',(15.,59.,90.));
#5678 = VECTOR('',#5679,1.);
#5679 = DIRECTION('',(0.,0.,1.));
#5680 = CARTESIAN_POINT('',(15.,59.,90.));
#5681 = CARTESIAN_POINT('',(15.,59.,102.));
#5682 = GEOMETRIC_CURVE_SET('',(#5683));
#5683 = TRIMMED_CURVE('',#5684,(#5688,PARAMETER_VALUE(0.)),(#5689,
    PARAMETER_VALUE(18.)),.T.,.PARAMETER.);
#5684 = LINE('',#5685,#5686);
#5685 = CARTESIAN_POINT('',(15.,59.,102.));
#5686 = VECTOR('',#5687,1.);
#5687 = DIRECTION('',(0.,1.,0.));
#5688 = CARTESIAN_POINT('',(15.,59.,102.));
#5689 = CARTESIAN_POINT('',(15.,77.,102.));
#5690 = GEOMETRIC_CURVE_SET('',(#5691));
#5691 = TRIMMED_CURVE('',#5692,(#5696,PARAMETER_VALUE(0.)),(#5697,
    PARAMETER_VALUE(12.)),.T.,.PARAMETER.);
#5692 = LINE('',#5693,#5694);
#5693 = CARTESIAN_POINT('',(15.,77.,90.));
#5694 = VECTOR('',#5695,1.);
#5695 = DIRECTION('',(0.,0.,1.));
#5696 = CARTESIAN_POINT('',(15.,77.,90.));
#5697 = CARTESIAN_POINT('',(15.,77.,102.));
#5698 = GEOMETRIC_CURVE_SET('',(#5699));
#5699 = TRIMMED_CURVE('',#5700,(#5704,PARAMETER_VALUE(0.)),(#5705,
    PARAMETER_VALUE(18.)),.T.,.PARAMETER.);
#5700 = LINE('',#5701,#5702);
#5701 = CARTESIAN_POINT('',(15.,59.,90.));
#5702 = VECTOR('',#5703,1.);
#5703 = DIRECTION('',(0.,1.,0.));
#5704 = CARTESIAN_POINT('',(15.,59.,90.));
#5705 = CARTESIAN_POINT('',(15.,77.,90.));
#5706 = GEOMETRIC_CURVE_SET('',(#5707));
#5707 = TRIMMED_CURVE('',#5708,(#5712,PARAMETER_VALUE(0.)),(#5713,
    PARAMETER_VALUE(13.)),.T.,.PARAMETER.);
#5708 = LINE('',#5709,#5710);
#5709 = CARTESIAN_POINT('',(2.,59.,90.));
#5710 = VECTOR('',#5711,1.);
#5711 = DIRECTION('',(1.,0.,0.));
#5712 = CARTESIAN_POINT('',(2.,59.,90.));
#5713 = CARTESIAN_POINT('',(15.,59.,90.));
#5714 = GEOMETRIC_CURVE_SET('',(#5715));
#5715 = TRIMMED_CURVE('',#5716,(#5720,PARAMETER_VALUE(0.)),(#5721,
    PARAMETER_VALUE(13.)),.T.,.PARAMETER.);
#5716 = LINE('',#5717,#5718);
#5717 = CARTESIAN_POINT('',(2.,59.,102.));
#5718 = VECTOR('',#5719,1.);
#5719 = DIRECTION('',(1.,0.,0.));
#5720 = CARTESIAN_POINT('',(2.,59.,102.));
#5721 = CARTESIAN_POINT('',(15.,59.,102.));
#5722 = GEOMETRIC_CURVE_SET('',(#5723));
#5723 = TRIMMED_CURVE('',#5724,(#5728,PARAMETER_VALUE(0.)),(#5729,
    PARAMETER_VALUE(13.)),.T.,.PARAMETER.);
#5724 = LINE('',#5725,#5726);
#5725 = CARTESIAN_POINT('',(2.,77.,90.));
#5726 = VECTOR('',#5727,1.);
#5727 = DIRECTION('',(1.,0.,0.));
#5728 = CARTESIAN_POINT('',(2.,77.,90.));
#5729 = CARTESIAN_POINT('',(15.,77.,90.));
#5730 = GEOMETRIC_CURVE_SET('',(#5731));
#5731 = TRIMMED_CURVE('',#5732,(#5736,PARAMETER_VALUE(0.)),(#5737,
    PARAMETER_VALUE(13.)),.T.,.PARAMETER.);
#5732 = LINE('',#5733,#5734);
#5733 = CARTESIAN_POINT('',(2.,77.,102.));
#5734 = VECTOR('',#5735,1.);
#5735 = DIRECTION('',(1.,0.,0.));
#5736 = CARTESIAN_POINT('',(2.,77.,102.));
#5737 = CARTESIAN_POINT('',(15.,77.,102.));
#5738 = GEOMETRIC_CURVE_SET('',(#5739));
#5739 = TRIMMED_CURVE('',#5740,(#5744,PARAMETER_VALUE(0.)),(#5745,
    PARAMETER_VALUE(12.)),.T.,.PARAMETER.);
#5740 = LINE('',#5741,#5742);
#5741 = CARTESIAN_POINT('',(261.,59.,90.));
#5742 = VECTOR('',#5743,1.);
#5743 = DIRECTION('',(0.,0.,1.));
#5744 = CARTESIAN_POINT('',(261.,59.,90.));
#5745 = CARTESIAN_POINT('',(261.,59.,102.));
#5746 = GEOMETRIC_CURVE_SET('',(#5747));
#5747 = TRIMMED_CURVE('',#5748,(#5752,PARAMETER_VALUE(0.)),(#5753,
    PARAMETER_VALUE(18.)),.T.,.PARAMETER.);
#5748 = LINE('',#5749,#5750);
#5749 = CARTESIAN_POINT('',(261.,59.,102.));
#5750 = VECTOR('',#5751,1.);
#5751 = DIRECTION('',(0.,1.,0.));
#5752 = CARTESIAN_POINT('',(261.,59.,102.));
#5753 = CARTESIAN_POINT('',(261.,77.,102.));
#5754 = GEOMETRIC_CURVE_SET('',(#5755));
#5755 = TRIMMED_CURVE('',#5756,(#5760,PARAMETER_VALUE(0.)),(#5761,
    PARAMETER_VALUE(12.)),.T.,.PARAMETER.);
#5756 = LINE('',#5757,#5758);
#5757 = CARTESIAN_POINT('',(261.,77.,90.));
#5758 = VECTOR('',#5759,1.);
#5759 = DIRECTION('',(0.,0.,1.));
#5760 = CARTESIAN_POINT('',(261.,77.,90.));
#5761 = CARTESIAN_POINT('',(261.,77.,102.));
#5762 = GEOMETRIC_CURVE_SET('',(#5763));
#5763 = TRIMMED_CURVE('',#5764,(#5768,PARAMETER_VALUE(0.)),(#5769,
    PARAMETER_VALUE(18.)),.T.,.PARAMETER.);
#5764 = LINE('',#5765,#5766);
#5765 = CARTESIAN_POINT('',(261.,59.,90.));
#5766 = VECTOR('',#5767,1.);
#5767 = DIRECTION('',(0.,1.,0.));
#5768 = CARTESIAN_POINT('',(261.,59.,90.));
#5769 = CARTESIAN_POINT('',(261.,77.,90.));
#5770 = GEOMETRIC_CURVE_SET('',(#5771));
#5771 = TRIMMED_CURVE('',#5772,(#5776,PARAMETER_VALUE(0.)),(#5777,
    PARAMETER_VALUE(12.)),.T.,.PARAMETER.);
#5772 = LINE('',#5773,#5774);
#5773 = CARTESIAN_POINT('',(274.,59.,90.));
#5774 = VECTOR('',#5775,1.);
#5775 = DIRECTION('',(0.,0.,1.));
#5776 = CARTESIAN_POINT('',(274.,59.,90.));
#5777 = CARTESIAN_POINT('',(274.,59.,102.));
#5778 = GEOMETRIC_CURVE_SET('',(#5779));
#5779 = TRIMMED_CURVE('',#5780,(#5784,PARAMETER_VALUE(0.)),(#5785,
    PARAMETER_VALUE(18.)),.T.,.PARAMETER.);
#5780 = LINE('',#5781,#5782);
#5781 = CARTESIAN_POINT('',(274.,59.,102.));
#5782 = VECTOR('',#5783,1.);
#5783 = DIRECTION('',(0.,1.,0.));
#5784 = CARTESIAN_POINT('',(274.,59.,102.));
#5785 = CARTESIAN_POINT('',(274.,77.,102.));
#5786 = GEOMETRIC_CURVE_SET('',(#5787));
#5787 = TRIMMED_CURVE('',#5788,(#5792,PARAMETER_VALUE(0.)),(#5793,
    PARAMETER_VALUE(12.)),.T.,.PARAMETER.);
#5788 = LINE('',#5789,#5790);
#5789 = CARTESIAN_POINT('',(274.,77.,90.));
#5790 = VECTOR('',#5791,1.);
#5791 = DIRECTION('',(0.,0.,1.));
#5792 = CARTESIAN_POINT('',(274.,77.,90.));
#5793 = CARTESIAN_POINT('',(274.,77.,102.));
#5794 = GEOMETRIC_CURVE_SET('',(#5795));
#5795 = TRIMMED_CURVE('',#5796,(#5800,PARAMETER_VALUE(0.)),(#5801,
    PARAMETER_VALUE(18.)),.T.,.PARAMETER.);
#5796 = LINE('',#5797,#5798);
#5797 = CARTESIAN_POINT('',(274.,59.,90.));
#5798 = VECTOR('',#5799,1.);
#5799 = DIRECTION('',(0.,1.,0.));
#5800 = CARTESIAN_POINT('',(274.,59.,90.));
#5801 = CARTESIAN_POINT('',(274.,77.,90.));
#5802 = GEOMETRIC_CURVE_SET('',(#5803));
#5803 = TRIMMED_CURVE('',#5804,(#5808,PARAMETER_VALUE(0.)),(#5809,
    PARAMETER_VALUE(13.)),.T.,.PARAMETER.);
#5804 = LINE('',#5805,#5806);
#5805 = CARTESIAN_POINT('',(261.,59.,90.));
#5806 = VECTOR('',#5807,1.);
#5807 = DIRECTION('',(1.,0.,0.));
#5808 = CARTESIAN_POINT('',(261.,59.,90.));
#5809 = CARTESIAN_POINT('',(274.,59.,90.));
#5810 = GEOMETRIC_CURVE_SET('',(#5811));
#5811 = TRIMMED_CURVE('',#5812,(#5816,PARAMETER_VALUE(0.)),(#5817,
    PARAMETER_VALUE(13.)),.T.,.PARAMETER.);
#5812 = LINE('',#5813,#5814);
#5813 = CARTESIAN_POINT('',(261.,59.,102.));
#5814 = VECTOR('',#5815,1.);
#5815 = DIRECTION('',(1.,0.,0.));
#5816 = CARTESIAN_POINT('',(261.,59.,102.));
#5817 = CARTESIAN_POINT('',(274.,59.,102.));
#5818 = GEOMETRIC_CURVE_SET('',(#5819));
#5819 = TRIMMED_CURVE('',#5820,(#5824,PARAMETER_VALUE(0.)),(#5825,
    PARAMETER_VALUE(13.)),.T.,.PARAMETER.);
#5820 = LINE('',#5821,#5822);
#5821 = CARTESIAN_POINT('',(261.,77.,90.));
#5822 = VECTOR('',#5823,1.);
#5823 = DIRECTION('',(1.,0.,0.));
#5824 = CARTESIAN_POINT('',(261.,77.,90.));
#5825 = CARTESIAN_POINT('',(274.,77.,90.));
#5826 = GEOMETRIC_CURVE_SET('',(#5827));
#5827 = TRIMMED_CURVE('',#5828,(#5832,PARAMETER_VALUE(0.)),(#5833,
    PARAMETER_VALUE(13.)),.T.,.PARAMETER.);
#5828 = LINE('',#5829,#5830);
#5829 = CARTESIAN_POINT('',(261.,77.,102.));
#5830 = VECTOR('',#5831,1.);
#5831 = DIRECTION('',(1.,0.,0.));
#5832 = CARTESIAN_POINT('',(261.,77.,102.));
#5833 = CARTESIAN_POINT('',(274.,77.,102.));
#5834 = GEOMETRIC_CURVE_SET('',(#5835));
#5835 = TRIMMED_CURVE('',#5836,(#5840,PARAMETER_VALUE(0.)),(#5841,
    PARAMETER_VALUE(8.)),.T.,.PARAMETER.);
#5836 = LINE('',#5837,#5838);
#5837 = CARTESIAN_POINT('',(4.,259.,70.));
#5838 = VECTOR('',#5839,1.);
#5839 = DIRECTION('',(0.,0.,1.));
#5840 = CARTESIAN_POINT('',(4.,259.,70.));
#5841 = CARTESIAN_POINT('',(4.,259.,78.));
#5842 = GEOMETRIC_CURVE_SET('',(#5843));
#5843 = TRIMMED_CURVE('',#5844,(#5848,PARAMETER_VALUE(0.)),(#5849,
    PARAMETER_VALUE(13.)),.T.,.PARAMETER.);
#5844 = LINE('',#5845,#5846);
#5845 = CARTESIAN_POINT('',(4.,259.,78.));
#5846 = VECTOR('',#5847,1.);
#5847 = DIRECTION('',(0.,1.,0.));
#5848 = CARTESIAN_POINT('',(4.,259.,78.));
#5849 = CARTESIAN_POINT('',(4.,272.,78.));
#5850 = GEOMETRIC_CURVE_SET('',(#5851));
#5851 = TRIMMED_CURVE('',#5852,(#5856,PARAMETER_VALUE(0.)),(#5857,
    PARAMETER_VALUE(8.)),.T.,.PARAMETER.);
#5852 = LINE('',#5853,#5854);
#5853 = CARTESIAN_POINT('',(4.,272.,70.));
#5854 = VECTOR('',#5855,1.);
#5855 = DIRECTION('',(0.,0.,1.));
#5856 = CARTESIAN_POINT('',(4.,272.,70.));
#5857 = CARTESIAN_POINT('',(4.,272.,78.));
#5858 = GEOMETRIC_CURVE_SET('',(#5859));
#5859 = TRIMMED_CURVE('',#5860,(#5864,PARAMETER_VALUE(0.)),(#5865,
    PARAMETER_VALUE(13.)),.T.,.PARAMETER.);
#5860 = LINE('',#5861,#5862);
#5861 = CARTESIAN_POINT('',(4.,259.,70.));
#5862 = VECTOR('',#5863,1.);
#5863 = DIRECTION('',(0.,1.,0.));
#5864 = CARTESIAN_POINT('',(4.,259.,70.));
#5865 = CARTESIAN_POINT('',(4.,272.,70.));
#5866 = GEOMETRIC_CURVE_SET('',(#5867));
#5867 = TRIMMED_CURVE('',#5868,(#5872,PARAMETER_VALUE(0.)),(#5873,
    PARAMETER_VALUE(8.)),.T.,.PARAMETER.);
#5868 = LINE('',#5869,#5870);
#5869 = CARTESIAN_POINT('',(22.,259.,70.));
#5870 = VECTOR('',#5871,1.);
#5871 = DIRECTION('',(0.,0.,1.));
#5872 = CARTESIAN_POINT('',(22.,259.,70.));
#5873 = CARTESIAN_POINT('',(22.,259.,78.));
#5874 = GEOMETRIC_CURVE_SET('',(#5875));
#5875 = TRIMMED_CURVE('',#5876,(#5880,PARAMETER_VALUE(0.)),(#5881,
    PARAMETER_VALUE(13.)),.T.,.PARAMETER.);
#5876 = LINE('',#5877,#5878);
#5877 = CARTESIAN_POINT('',(22.,259.,78.));
#5878 = VECTOR('',#5879,1.);
#5879 = DIRECTION('',(0.,1.,0.));
#5880 = CARTESIAN_POINT('',(22.,259.,78.));
#5881 = CARTESIAN_POINT('',(22.,272.,78.));
#5882 = GEOMETRIC_CURVE_SET('',(#5883));
#5883 = TRIMMED_CURVE('',#5884,(#5888,PARAMETER_VALUE(0.)),(#5889,
    PARAMETER_VALUE(8.)),.T.,.PARAMETER.);
#5884 = LINE('',#5885,#5886);
#5885 = CARTESIAN_POINT('',(22.,272.,70.));
#5886 = VECTOR('',#5887,1.);
#5887 = DIRECTION('',(0.,0.,1.));
#5888 = CARTESIAN_POINT('',(22.,272.,70.));
#5889 = CARTESIAN_POINT('',(22.,272.,78.));
#5890 = GEOMETRIC_CURVE_SET('',(#5891));
#5891 = TRIMMED_CURVE('',#5892,(#5896,PARAMETER_VALUE(0.)),(#5897,
    PARAMETER_VALUE(13.)),.T.,.PARAMETER.);
#5892 = LINE('',#5893,#5894);
#5893 = CARTESIAN_POINT('',(22.,259.,70.));
#5894 = VECTOR('',#5895,1.);
#5895 = DIRECTION('',(0.,1.,0.));
#5896 = CARTESIAN_POINT('',(22.,259.,70.));
#5897 = CARTESIAN_POINT('',(22.,272.,70.));
#5898 = GEOMETRIC_CURVE_SET('',(#5899));
#5899 = TRIMMED_CURVE('',#5900,(#5904,PARAMETER_VALUE(0.)),(#5905,
    PARAMETER_VALUE(18.)),.T.,.PARAMETER.);
#5900 = LINE('',#5901,#5902);
#5901 = CARTESIAN_POINT('',(4.,259.,70.));
#5902 = VECTOR('',#5903,1.);
#5903 = DIRECTION('',(1.,0.,0.));
#5904 = CARTESIAN_POINT('',(4.,259.,70.));
#5905 = CARTESIAN_POINT('',(22.,259.,70.));
#5906 = GEOMETRIC_CURVE_SET('',(#5907));
#5907 = TRIMMED_CURVE('',#5908,(#5912,PARAMETER_VALUE(0.)),(#5913,
    PARAMETER_VALUE(18.)),.T.,.PARAMETER.);
#5908 = LINE('',#5909,#5910);
#5909 = CARTESIAN_POINT('',(4.,259.,78.));
#5910 = VECTOR('',#5911,1.);
#5911 = DIRECTION('',(1.,0.,0.));
#5912 = CARTESIAN_POINT('',(4.,259.,78.));
#5913 = CARTESIAN_POINT('',(22.,259.,78.));
#5914 = GEOMETRIC_CURVE_SET('',(#5915));
#5915 = TRIMMED_CURVE('',#5916,(#5920,PARAMETER_VALUE(0.)),(#5921,
    PARAMETER_VALUE(18.)),.T.,.PARAMETER.);
#5916 = LINE('',#5917,#5918);
#5917 = CARTESIAN_POINT('',(4.,272.,70.));
#5918 = VECTOR('',#5919,1.);
#5919 = DIRECTION('',(1.,0.,0.));
#5920 = CARTESIAN_POINT('',(4.,272.,70.));
#5921 = CARTESIAN_POINT('',(22.,272.,70.));
#5922 = GEOMETRIC_CURVE_SET('',(#5923));
#5923 = TRIMMED_CURVE('',#5924,(#5928,PARAMETER_VALUE(0.)),(#5929,
    PARAMETER_VALUE(18.)),.T.,.PARAMETER.);
#5924 = LINE('',#5925,#5926);
#5925 = CARTESIAN_POINT('',(4.,272.,78.));
#5926 = VECTOR('',#5927,1.);
#5927 = DIRECTION('',(1.,0.,0.));
#5928 = CARTESIAN_POINT('',(4.,272.,78.));
#5929 = CARTESIAN_POINT('',(22.,272.,78.));
#5930 = GEOMETRIC_CURVE_SET('',(#5931));
#5931 = TRIMMED_CURVE('',#5932,(#5936,PARAMETER_VALUE(0.)),(#5937,
    PARAMETER_VALUE(8.)),.T.,.PARAMETER.);
#5932 = LINE('',#5933,#5934);
#5933 = CARTESIAN_POINT('',(253.,259.,70.));
#5934 = VECTOR('',#5935,1.);
#5935 = DIRECTION('',(0.,0.,1.));
#5936 = CARTESIAN_POINT('',(253.,259.,70.));
#5937 = CARTESIAN_POINT('',(253.,259.,78.));
#5938 = GEOMETRIC_CURVE_SET('',(#5939));
#5939 = TRIMMED_CURVE('',#5940,(#5944,PARAMETER_VALUE(0.)),(#5945,
    PARAMETER_VALUE(13.)),.T.,.PARAMETER.);
#5940 = LINE('',#5941,#5942);
#5941 = CARTESIAN_POINT('',(253.,259.,78.));
#5942 = VECTOR('',#5943,1.);
#5943 = DIRECTION('',(0.,1.,0.));
#5944 = CARTESIAN_POINT('',(253.,259.,78.));
#5945 = CARTESIAN_POINT('',(253.,272.,78.));
#5946 = GEOMETRIC_CURVE_SET('',(#5947));
#5947 = TRIMMED_CURVE('',#5948,(#5952,PARAMETER_VALUE(0.)),(#5953,
    PARAMETER_VALUE(8.)),.T.,.PARAMETER.);
#5948 = LINE('',#5949,#5950);
#5949 = CARTESIAN_POINT('',(253.,272.,70.));
#5950 = VECTOR('',#5951,1.);
#5951 = DIRECTION('',(0.,0.,1.));
#5952 = CARTESIAN_POINT('',(253.,272.,70.));
#5953 = CARTESIAN_POINT('',(253.,272.,78.));
#5954 = GEOMETRIC_CURVE_SET('',(#5955));
#5955 = TRIMMED_CURVE('',#5956,(#5960,PARAMETER_VALUE(0.)),(#5961,
    PARAMETER_VALUE(13.)),.T.,.PARAMETER.);
#5956 = LINE('',#5957,#5958);
#5957 = CARTESIAN_POINT('',(253.,259.,70.));
#5958 = VECTOR('',#5959,1.);
#5959 = DIRECTION('',(0.,1.,0.));
#5960 = CARTESIAN_POINT('',(253.,259.,70.));
#5961 = CARTESIAN_POINT('',(253.,272.,70.));
#5962 = GEOMETRIC_CURVE_SET('',(#5963));
#5963 = TRIMMED_CURVE('',#5964,(#5968,PARAMETER_VALUE(0.)),(#5969,
    PARAMETER_VALUE(8.)),.T.,.PARAMETER.);
#5964 = LINE('',#5965,#5966);
#5965 = CARTESIAN_POINT('',(271.,259.,70.));
#5966 = VECTOR('',#5967,1.);
#5967 = DIRECTION('',(0.,0.,1.));
#5968 = CARTESIAN_POINT('',(271.,259.,70.));
#5969 = CARTESIAN_POINT('',(271.,259.,78.));
#5970 = GEOMETRIC_CURVE_SET('',(#5971));
#5971 = TRIMMED_CURVE('',#5972,(#5976,PARAMETER_VALUE(0.)),(#5977,
    PARAMETER_VALUE(13.)),.T.,.PARAMETER.);
#5972 = LINE('',#5973,#5974);
#5973 = CARTESIAN_POINT('',(271.,259.,78.));
#5974 = VECTOR('',#5975,1.);
#5975 = DIRECTION('',(0.,1.,0.));
#5976 = CARTESIAN_POINT('',(271.,259.,78.));
#5977 = CARTESIAN_POINT('',(271.,272.,78.));
#5978 = GEOMETRIC_CURVE_SET('',(#5979));
#5979 = TRIMMED_CURVE('',#5980,(#5984,PARAMETER_VALUE(0.)),(#5985,
    PARAMETER_VALUE(8.)),.T.,.PARAMETER.);
#5980 = LINE('',#5981,#5982);
#5981 = CARTESIAN_POINT('',(271.,272.,70.));
#5982 = VECTOR('',#5983,1.);
#5983 = DIRECTION('',(0.,0.,1.));
#5984 = CARTESIAN_POINT('',(271.,272.,70.));
#5985 = CARTESIAN_POINT('',(271.,272.,78.));
#5986 = GEOMETRIC_CURVE_SET('',(#5987));
#5987 = TRIMMED_CURVE('',#5988,(#5992,PARAMETER_VALUE(0.)),(#5993,
    PARAMETER_VALUE(13.)),.T.,.PARAMETER.);
#5988 = LINE('',#5989,#5990);
#5989 = CARTESIAN_POINT('',(271.,259.,70.));
#5990 = VECTOR('',#5991,1.);
#5991 = DIRECTION('',(0.,1.,0.));
#5992 = CARTESIAN_POINT('',(271.,259.,70.));
#5993 = CARTESIAN_POINT('',(271.,272.,70.));
#5994 = GEOMETRIC_CURVE_SET('',(#5995));
#5995 = TRIMMED_CURVE('',#5996,(#6000,PARAMETER_VALUE(0.)),(#6001,
    PARAMETER_VALUE(18.)),.T.,.PARAMETER.);
#5996 = LINE('',#5997,#5998);
#5997 = CARTESIAN_POINT('',(253.,259.,70.));
#5998 = VECTOR('',#5999,1.);
#5999 = DIRECTION('',(1.,0.,0.));
#6000 = CARTESIAN_POINT('',(253.,259.,70.));
#6001 = CARTESIAN_POINT('',(271.,259.,70.));
#6002 = GEOMETRIC_CURVE_SET('',(#6003));
#6003 = TRIMMED_CURVE('',#6004,(#6008,PARAMETER_VALUE(0.)),(#6009,
    PARAMETER_VALUE(18.)),.T.,.PARAMETER.);
#6004 = LINE('',#6005,#6006);
#6005 = CARTESIAN_POINT('',(253.,259.,78.));
#6006 = VECTOR('',#6007,1.);
#6007 = DIRECTION('',(1.,0.,0.));
#6008 = CARTESIAN_POINT('',(253.,259.,78.));
#6009 = CARTESIAN_POINT('',(271.,259.,78.));
#6010 = GEOMETRIC_CURVE_SET('',(#6011));
#6011 = TRIMMED_CURVE('',#6012,(#6016,PARAMETER_VALUE(0.)),(#6017,
    PARAMETER_VALUE(18.)),.T.,.PARAMETER.);
#6012 = LINE('',#6013,#6014);
#6013 = CARTESIAN_POINT('',(253.,272.,70.));
#6014 = VECTOR('',#6015,1.);
#6015 = DIRECTION('',(1.,0.,0.));
#6016 = CARTESIAN_POINT('',(253.,272.,70.));
#6017 = CARTESIAN_POINT('',(271.,272.,70.));
#6018 = GEOMETRIC_CURVE_SET('',(#6019));
#6019 = TRIMMED_CURVE('',#6020,(#6024,PARAMETER_VALUE(0.)),(#6025,
    PARAMETER_VALUE(18.)),.T.,.PARAMETER.);
#6020 = LINE('',#6021,#6022);
#6021 = CARTESIAN_POINT('',(253.,272.,78.));
#6022 = VECTOR('',#6023,1.);
#6023 = DIRECTION('',(1.,0.,0.));
#6024 = CARTESIAN_POINT('',(253.,272.,78.));
#6025 = CARTESIAN_POINT('',(271.,272.,78.));
#6026 = GEOMETRIC_CURVE_SET('',(#6027));
#6027 = TRIMMED_CURVE('',#6028,(#6032,PARAMETER_VALUE(0.)),(#6033,
    PARAMETER_VALUE(8.)),.T.,.PARAMETER.);
#6028 = LINE('',#6029,#6030);
#6029 = CARTESIAN_POINT('',(40.,2.,137.1));
#6030 = VECTOR('',#6031,1.);
#6031 = DIRECTION('',(0.,0.,1.));
#6032 = CARTESIAN_POINT('',(40.,2.,137.1));
#6033 = CARTESIAN_POINT('',(40.,2.,145.1));
#6034 = GEOMETRIC_CURVE_SET('',(#6035));
#6035 = TRIMMED_CURVE('',#6036,(#6040,PARAMETER_VALUE(0.)),(#6041,
    PARAMETER_VALUE(18.)),.T.,.PARAMETER.);
#6036 = LINE('',#6037,#6038);
#6037 = CARTESIAN_POINT('',(40.,2.,145.1));
#6038 = VECTOR('',#6039,1.);
#6039 = DIRECTION('',(0.,1.,0.));
#6040 = CARTESIAN_POINT('',(40.,2.,145.1));
#6041 = CARTESIAN_POINT('',(40.,20.,145.1));
#6042 = GEOMETRIC_CURVE_SET('',(#6043));
#6043 = TRIMMED_CURVE('',#6044,(#6048,PARAMETER_VALUE(0.)),(#6049,
    PARAMETER_VALUE(8.)),.T.,.PARAMETER.);
#6044 = LINE('',#6045,#6046);
#6045 = CARTESIAN_POINT('',(40.,20.,137.1));
#6046 = VECTOR('',#6047,1.);
#6047 = DIRECTION('',(0.,0.,1.));
#6048 = CARTESIAN_POINT('',(40.,20.,137.1));
#6049 = CARTESIAN_POINT('',(40.,20.,145.1));
#6050 = GEOMETRIC_CURVE_SET('',(#6051));
#6051 = TRIMMED_CURVE('',#6052,(#6056,PARAMETER_VALUE(0.)),(#6057,
    PARAMETER_VALUE(18.)),.T.,.PARAMETER.);
#6052 = LINE('',#6053,#6054);
#6053 = CARTESIAN_POINT('',(40.,2.,137.1));
#6054 = VECTOR('',#6055,1.);
#6055 = DIRECTION('',(0.,1.,0.));
#6056 = CARTESIAN_POINT('',(40.,2.,137.1));
#6057 = CARTESIAN_POINT('',(40.,20.,137.1));
#6058 = GEOMETRIC_CURVE_SET('',(#6059));
#6059 = TRIMMED_CURVE('',#6060,(#6064,PARAMETER_VALUE(0.)),(#6065,
    PARAMETER_VALUE(8.)),.T.,.PARAMETER.);
#6060 = LINE('',#6061,#6062);
#6061 = CARTESIAN_POINT('',(53.,2.,137.1));
#6062 = VECTOR('',#6063,1.);
#6063 = DIRECTION('',(0.,0.,1.));
#6064 = CARTESIAN_POINT('',(53.,2.,137.1));
#6065 = CARTESIAN_POINT('',(53.,2.,145.1));
#6066 = GEOMETRIC_CURVE_SET('',(#6067));
#6067 = TRIMMED_CURVE('',#6068,(#6072,PARAMETER_VALUE(0.)),(#6073,
    PARAMETER_VALUE(18.)),.T.,.PARAMETER.);
#6068 = LINE('',#6069,#6070);
#6069 = CARTESIAN_POINT('',(53.,2.,145.1));
#6070 = VECTOR('',#6071,1.);
#6071 = DIRECTION('',(0.,1.,0.));
#6072 = CARTESIAN_POINT('',(53.,2.,145.1));
#6073 = CARTESIAN_POINT('',(53.,20.,145.1));
#6074 = GEOMETRIC_CURVE_SET('',(#6075));
#6075 = TRIMMED_CURVE('',#6076,(#6080,PARAMETER_VALUE(0.)),(#6081,
    PARAMETER_VALUE(8.)),.T.,.PARAMETER.);
#6076 = LINE('',#6077,#6078);
#6077 = CARTESIAN_POINT('',(53.,20.,137.1));
#6078 = VECTOR('',#6079,1.);
#6079 = DIRECTION('',(0.,0.,1.));
#6080 = CARTESIAN_POINT('',(53.,20.,137.1));
#6081 = CARTESIAN_POINT('',(53.,20.,145.1));
#6082 = GEOMETRIC_CURVE_SET('',(#6083));
#6083 = TRIMMED_CURVE('',#6084,(#6088,PARAMETER_VALUE(0.)),(#6089,
    PARAMETER_VALUE(18.)),.T.,.PARAMETER.);
#6084 = LINE('',#6085,#6086);
#6085 = CARTESIAN_POINT('',(53.,2.,137.1));
#6086 = VECTOR('',#6087,1.);
#6087 = DIRECTION('',(0.,1.,0.));
#6088 = CARTESIAN_POINT('',(53.,2.,137.1));
#6089 = CARTESIAN_POINT('',(53.,20.,137.1));
#6090 = GEOMETRIC_CURVE_SET('',(#6091));
#6091 = TRIMMED_CURVE('',#6092,(#6096,PARAMETER_VALUE(0.)),(#6097,
    PARAMETER_VALUE(13.)),.T.,.PARAMETER.);
#6092 = LINE('',#6093,#6094);
#6093 = CARTESIAN_POINT('',(40.,2.,137.1));
#6094 = VECTOR('',#6095,1.);
#6095 = DIRECTION('',(1.,0.,0.));
#6096 = CARTESIAN_POINT('',(40.,2.,137.1));
#6097 = CARTESIAN_POINT('',(53.,2.,137.1));
#6098 = GEOMETRIC_CURVE_SET('',(#6099));
#6099 = TRIMMED_CURVE('',#6100,(#6104,PARAMETER_VALUE(0.)),(#6105,
    PARAMETER_VALUE(13.)),.T.,.PARAMETER.);
#6100 = LINE('',#6101,#6102);
#6101 = CARTESIAN_POINT('',(40.,2.,145.1));
#6102 = VECTOR('',#6103,1.);
#6103 = DIRECTION('',(1.,0.,0.));
#6104 = CARTESIAN_POINT('',(40.,2.,145.1));
#6105 = CARTESIAN_POINT('',(53.,2.,145.1));
#6106 = GEOMETRIC_CURVE_SET('',(#6107));
#6107 = TRIMMED_CURVE('',#6108,(#6112,PARAMETER_VALUE(0.)),(#6113,
    PARAMETER_VALUE(13.)),.T.,.PARAMETER.);
#6108 = LINE('',#6109,#6110);
#6109 = CARTESIAN_POINT('',(40.,20.,137.1));
#6110 = VECTOR('',#6111,1.);
#6111 = DIRECTION('',(1.,0.,0.));
#6112 = CARTESIAN_POINT('',(40.,20.,137.1));
#6113 = CARTESIAN_POINT('',(53.,20.,137.1));
#6114 = GEOMETRIC_CURVE_SET('',(#6115));
#6115 = TRIMMED_CURVE('',#6116,(#6120,PARAMETER_VALUE(0.)),(#6121,
    PARAMETER_VALUE(13.)),.T.,.PARAMETER.);
#6116 = LINE('',#6117,#6118);
#6117 = CARTESIAN_POINT('',(40.,20.,145.1));
#6118 = VECTOR('',#6119,1.);
#6119 = DIRECTION('',(1.,0.,0.));
#6120 = CARTESIAN_POINT('',(40.,20.,145.1));
#6121 = CARTESIAN_POINT('',(53.,20.,145.1));
#6122 = GEOMETRIC_CURVE_SET('',(#6123));
#6123 = TRIMMED_CURVE('',#6124,(#6128,PARAMETER_VALUE(0.)),(#6129,
    PARAMETER_VALUE(8.)),.T.,.PARAMETER.);
#6124 = LINE('',#6125,#6126);
#6125 = CARTESIAN_POINT('',(235.,2.,137.1));
#6126 = VECTOR('',#6127,1.);
#6127 = DIRECTION('',(0.,0.,1.));
#6128 = CARTESIAN_POINT('',(235.,2.,137.1));
#6129 = CARTESIAN_POINT('',(235.,2.,145.1));
#6130 = GEOMETRIC_CURVE_SET('',(#6131));
#6131 = TRIMMED_CURVE('',#6132,(#6136,PARAMETER_VALUE(0.)),(#6137,
    PARAMETER_VALUE(18.)),.T.,.PARAMETER.);
#6132 = LINE('',#6133,#6134);
#6133 = CARTESIAN_POINT('',(235.,2.,145.1));
#6134 = VECTOR('',#6135,1.);
#6135 = DIRECTION('',(0.,1.,0.));
#6136 = CARTESIAN_POINT('',(235.,2.,145.1));
#6137 = CARTESIAN_POINT('',(235.,20.,145.1));
#6138 = GEOMETRIC_CURVE_SET('',(#6139));
#6139 = TRIMMED_CURVE('',#6140,(#6144,PARAMETER_VALUE(0.)),(#6145,
    PARAMETER_VALUE(8.)),.T.,.PARAMETER.);
#6140 = LINE('',#6141,#6142);
#6141 = CARTESIAN_POINT('',(235.,20.,137.1));
#6142 = VECTOR('',#6143,1.);
#6143 = DIRECTION('',(0.,0.,1.));
#6144 = CARTESIAN_POINT('',(235.,20.,137.1));
#6145 = CARTESIAN_POINT('',(235.,20.,145.1));
#6146 = GEOMETRIC_CURVE_SET('',(#6147));
#6147 = TRIMMED_CURVE('',#6148,(#6152,PARAMETER_VALUE(0.)),(#6153,
    PARAMETER_VALUE(18.)),.T.,.PARAMETER.);
#6148 = LINE('',#6149,#6150);
#6149 = CARTESIAN_POINT('',(235.,2.,137.1));
#6150 = VECTOR('',#6151,1.);
#6151 = DIRECTION('',(0.,1.,0.));
#6152 = CARTESIAN_POINT('',(235.,2.,137.1));
#6153 = CARTESIAN_POINT('',(235.,20.,137.1));
#6154 = GEOMETRIC_CURVE_SET('',(#6155));
#6155 = TRIMMED_CURVE('',#6156,(#6160,PARAMETER_VALUE(0.)),(#6161,
    PARAMETER_VALUE(8.)),.T.,.PARAMETER.);
#6156 = LINE('',#6157,#6158);
#6157 = CARTESIAN_POINT('',(248.,2.,137.1));
#6158 = VECTOR('',#6159,1.);
#6159 = DIRECTION('',(0.,0.,1.));
#6160 = CARTESIAN_POINT('',(248.,2.,137.1));
#6161 = CARTESIAN_POINT('',(248.,2.,145.1));
#6162 = GEOMETRIC_CURVE_SET('',(#6163));
#6163 = TRIMMED_CURVE('',#6164,(#6168,PARAMETER_VALUE(0.)),(#6169,
    PARAMETER_VALUE(18.)),.T.,.PARAMETER.);
#6164 = LINE('',#6165,#6166);
#6165 = CARTESIAN_POINT('',(248.,2.,145.1));
#6166 = VECTOR('',#6167,1.);
#6167 = DIRECTION('',(0.,1.,0.));
#6168 = CARTESIAN_POINT('',(248.,2.,145.1));
#6169 = CARTESIAN_POINT('',(248.,20.,145.1));
#6170 = GEOMETRIC_CURVE_SET('',(#6171));
#6171 = TRIMMED_CURVE('',#6172,(#6176,PARAMETER_VALUE(0.)),(#6177,
    PARAMETER_VALUE(8.)),.T.,.PARAMETER.);
#6172 = LINE('',#6173,#6174);
#6173 = CARTESIAN_POINT('',(248.,20.,137.1));
#6174 = VECTOR('',#6175,1.);
#6175 = DIRECTION('',(0.,0.,1.));
#6176 = CARTESIAN_POINT('',(248.,20.,137.1));
#6177 = CARTESIAN_POINT('',(248.,20.,145.1));
#6178 = GEOMETRIC_CURVE_SET('',(#6179));
#6179 = TRIMMED_CURVE('',#6180,(#6184,PARAMETER_VALUE(0.)),(#6185,
    PARAMETER_VALUE(18.)),.T.,.PARAMETER.);
#6180 = LINE('',#6181,#6182);
#6181 = CARTESIAN_POINT('',(248.,2.,137.1));
#6182 = VECTOR('',#6183,1.);
#6183 = DIRECTION('',(0.,1.,0.));
#6184 = CARTESIAN_POINT('',(248.,2.,137.1));
#6185 = CARTESIAN_POINT('',(248.,20.,137.1));
#6186 = GEOMETRIC_CURVE_SET('',(#6187));
#6187 = TRIMMED_CURVE('',#6188,(#6192,PARAMETER_VALUE(0.)),(#6193,
    PARAMETER_VALUE(13.)),.T.,.PARAMETER.);
#6188 = LINE('',#6189,#6190);
#6189 = CARTESIAN_POINT('',(235.,2.,137.1));
#6190 = VECTOR('',#6191,1.);
#6191 = DIRECTION('',(1.,0.,0.));
#6192 = CARTESIAN_POINT('',(235.,2.,137.1));
#6193 = CARTESIAN_POINT('',(248.,2.,137.1));
#6194 = GEOMETRIC_CURVE_SET('',(#6195));
#6195 = TRIMMED_CURVE('',#6196,(#6200,PARAMETER_VALUE(0.)),(#6201,
    PARAMETER_VALUE(13.)),.T.,.PARAMETER.);
#6196 = LINE('',#6197,#6198);
#6197 = CARTESIAN_POINT('',(235.,2.,145.1));
#6198 = VECTOR('',#6199,1.);
#6199 = DIRECTION('',(1.,0.,0.));
#6200 = CARTESIAN_POINT('',(235.,2.,145.1));
#6201 = CARTESIAN_POINT('',(248.,2.,145.1));
#6202 = GEOMETRIC_CURVE_SET('',(#6203));
#6203 = TRIMMED_CURVE('',#6204,(#6208,PARAMETER_VALUE(0.)),(#6209,
    PARAMETER_VALUE(13.)),.T.,.PARAMETER.);
#6204 = LINE('',#6205,#6206);
#6205 = CARTESIAN_POINT('',(235.,20.,137.1));
#6206 = VECTOR('',#6207,1.);
#6207 = DIRECTION('',(1.,0.,0.));
#6208 = CARTESIAN_POINT('',(235.,20.,137.1));
#6209 = CARTESIAN_POINT('',(248.,20.,137.1));
#6210 = GEOMETRIC_CURVE_SET('',(#6211));
#6211 = TRIMMED_CURVE('',#6212,(#6216,PARAMETER_VALUE(0.)),(#6217,
    PARAMETER_VALUE(13.)),.T.,.PARAMETER.);
#6212 = LINE('',#6213,#6214);
#6213 = CARTESIAN_POINT('',(235.,20.,145.1));
#6214 = VECTOR('',#6215,1.);
#6215 = DIRECTION('',(1.,0.,0.));
#6216 = CARTESIAN_POINT('',(235.,20.,145.1));
#6217 = CARTESIAN_POINT('',(248.,20.,145.1));
#6218 = GEOMETRIC_CURVE_SET('',(#6219));
#6219 = TRIMMED_CURVE('',#6220,(#6224,PARAMETER_VALUE(0.)),(#6225,
    PARAMETER_VALUE(8.)),.T.,.PARAMETER.);
#6220 = LINE('',#6221,#6222);
#6221 = CARTESIAN_POINT('',(2.,140.,125.1));
#6222 = VECTOR('',#6223,1.);
#6223 = DIRECTION('',(0.,0.,1.));
#6224 = CARTESIAN_POINT('',(2.,140.,125.1));
#6225 = CARTESIAN_POINT('',(2.,140.,133.1));
#6226 = GEOMETRIC_CURVE_SET('',(#6227));
#6227 = TRIMMED_CURVE('',#6228,(#6232,PARAMETER_VALUE(0.)),(#6233,
    PARAMETER_VALUE(18.)),.T.,.PARAMETER.);
#6228 = LINE('',#6229,#6230);
#6229 = CARTESIAN_POINT('',(2.,140.,133.1));
#6230 = VECTOR('',#6231,1.);
#6231 = DIRECTION('',(0.,1.,0.));
#6232 = CARTESIAN_POINT('',(2.,140.,133.1));
#6233 = CARTESIAN_POINT('',(2.,158.,133.1));
#6234 = GEOMETRIC_CURVE_SET('',(#6235));
#6235 = TRIMMED_CURVE('',#6236,(#6240,PARAMETER_VALUE(0.)),(#6241,
    PARAMETER_VALUE(8.)),.T.,.PARAMETER.);
#6236 = LINE('',#6237,#6238);
#6237 = CARTESIAN_POINT('',(2.,158.,125.1));
#6238 = VECTOR('',#6239,1.);
#6239 = DIRECTION('',(0.,0.,1.));
#6240 = CARTESIAN_POINT('',(2.,158.,125.1));
#6241 = CARTESIAN_POINT('',(2.,158.,133.1));
#6242 = GEOMETRIC_CURVE_SET('',(#6243));
#6243 = TRIMMED_CURVE('',#6244,(#6248,PARAMETER_VALUE(0.)),(#6249,
    PARAMETER_VALUE(18.)),.T.,.PARAMETER.);
#6244 = LINE('',#6245,#6246);
#6245 = CARTESIAN_POINT('',(2.,140.,125.1));
#6246 = VECTOR('',#6247,1.);
#6247 = DIRECTION('',(0.,1.,0.));
#6248 = CARTESIAN_POINT('',(2.,140.,125.1));
#6249 = CARTESIAN_POINT('',(2.,158.,125.1));
#6250 = GEOMETRIC_CURVE_SET('',(#6251));
#6251 = TRIMMED_CURVE('',#6252,(#6256,PARAMETER_VALUE(0.)),(#6257,
    PARAMETER_VALUE(8.)),.T.,.PARAMETER.);
#6252 = LINE('',#6253,#6254);
#6253 = CARTESIAN_POINT('',(15.,140.,125.1));
#6254 = VECTOR('',#6255,1.);
#6255 = DIRECTION('',(0.,0.,1.));
#6256 = CARTESIAN_POINT('',(15.,140.,125.1));
#6257 = CARTESIAN_POINT('',(15.,140.,133.1));
#6258 = GEOMETRIC_CURVE_SET('',(#6259));
#6259 = TRIMMED_CURVE('',#6260,(#6264,PARAMETER_VALUE(0.)),(#6265,
    PARAMETER_VALUE(18.)),.T.,.PARAMETER.);
#6260 = LINE('',#6261,#6262);
#6261 = CARTESIAN_POINT('',(15.,140.,133.1));
#6262 = VECTOR('',#6263,1.);
#6263 = DIRECTION('',(0.,1.,0.));
#6264 = CARTESIAN_POINT('',(15.,140.,133.1));
#6265 = CARTESIAN_POINT('',(15.,158.,133.1));
#6266 = GEOMETRIC_CURVE_SET('',(#6267));
#6267 = TRIMMED_CURVE('',#6268,(#6272,PARAMETER_VALUE(0.)),(#6273,
    PARAMETER_VALUE(8.)),.T.,.PARAMETER.);
#6268 = LINE('',#6269,#6270);
#6269 = CARTESIAN_POINT('',(15.,158.,125.1));
#6270 = VECTOR('',#6271,1.);
#6271 = DIRECTION('',(0.,0.,1.));
#6272 = CARTESIAN_POINT('',(15.,158.,125.1));
#6273 = CARTESIAN_POINT('',(15.,158.,133.1));
#6274 = GEOMETRIC_CURVE_SET('',(#6275));
#6275 = TRIMMED_CURVE('',#6276,(#6280,PARAMETER_VALUE(0.)),(#6281,
    PARAMETER_VALUE(18.)),.T.,.PARAMETER.);
#6276 = LINE('',#6277,#6278);
#6277 = CARTESIAN_POINT('',(15.,140.,125.1));
#6278 = VECTOR('',#6279,1.);
#6279 = DIRECTION('',(0.,1.,0.));
#6280 = CARTESIAN_POINT('',(15.,140.,125.1));
#6281 = CARTESIAN_POINT('',(15.,158.,125.1));
#6282 = GEOMETRIC_CURVE_SET('',(#6283));
#6283 = TRIMMED_CURVE('',#6284,(#6288,PARAMETER_VALUE(0.)),(#6289,
    PARAMETER_VALUE(13.)),.T.,.PARAMETER.);
#6284 = LINE('',#6285,#6286);
#6285 = CARTESIAN_POINT('',(2.,140.,125.1));
#6286 = VECTOR('',#6287,1.);
#6287 = DIRECTION('',(1.,0.,0.));
#6288 = CARTESIAN_POINT('',(2.,140.,125.1));
#6289 = CARTESIAN_POINT('',(15.,140.,125.1));
#6290 = GEOMETRIC_CURVE_SET('',(#6291));
#6291 = TRIMMED_CURVE('',#6292,(#6296,PARAMETER_VALUE(0.)),(#6297,
    PARAMETER_VALUE(13.)),.T.,.PARAMETER.);
#6292 = LINE('',#6293,#6294);
#6293 = CARTESIAN_POINT('',(2.,140.,133.1));
#6294 = VECTOR('',#6295,1.);
#6295 = DIRECTION('',(1.,0.,0.));
#6296 = CARTESIAN_POINT('',(2.,140.,133.1));
#6297 = CARTESIAN_POINT('',(15.,140.,133.1));
#6298 = GEOMETRIC_CURVE_SET('',(#6299));
#6299 = TRIMMED_CURVE('',#6300,(#6304,PARAMETER_VALUE(0.)),(#6305,
    PARAMETER_VALUE(13.)),.T.,.PARAMETER.);
#6300 = LINE('',#6301,#6302);
#6301 = CARTESIAN_POINT('',(2.,158.,125.1));
#6302 = VECTOR('',#6303,1.);
#6303 = DIRECTION('',(1.,0.,0.));
#6304 = CARTESIAN_POINT('',(2.,158.,125.1));
#6305 = CARTESIAN_POINT('',(15.,158.,125.1));
#6306 = GEOMETRIC_CURVE_SET('',(#6307));
#6307 = TRIMMED_CURVE('',#6308,(#6312,PARAMETER_VALUE(0.)),(#6313,
    PARAMETER_VALUE(13.)),.T.,.PARAMETER.);
#6308 = LINE('',#6309,#6310);
#6309 = CARTESIAN_POINT('',(2.,158.,133.1));
#6310 = VECTOR('',#6311,1.);
#6311 = DIRECTION('',(1.,0.,0.));
#6312 = CARTESIAN_POINT('',(2.,158.,133.1));
#6313 = CARTESIAN_POINT('',(15.,158.,133.1));
#6314 = GEOMETRIC_CURVE_SET('',(#6315));
#6315 = TRIMMED_CURVE('',#6316,(#6320,PARAMETER_VALUE(0.)),(#6321,
    PARAMETER_VALUE(8.)),.T.,.PARAMETER.);
#6316 = LINE('',#6317,#6318);
#6317 = CARTESIAN_POINT('',(261.,140.,125.1));
#6318 = VECTOR('',#6319,1.);
#6319 = DIRECTION('',(0.,0.,1.));
#6320 = CARTESIAN_POINT('',(261.,140.,125.1));
#6321 = CARTESIAN_POINT('',(261.,140.,133.1));
#6322 = GEOMETRIC_CURVE_SET('',(#6323));
#6323 = TRIMMED_CURVE('',#6324,(#6328,PARAMETER_VALUE(0.)),(#6329,
    PARAMETER_VALUE(18.)),.T.,.PARAMETER.);
#6324 = LINE('',#6325,#6326);
#6325 = CARTESIAN_POINT('',(261.,140.,133.1));
#6326 = VECTOR('',#6327,1.);
#6327 = DIRECTION('',(0.,1.,0.));
#6328 = CARTESIAN_POINT('',(261.,140.,133.1));
#6329 = CARTESIAN_POINT('',(261.,158.,133.1));
#6330 = GEOMETRIC_CURVE_SET('',(#6331));
#6331 = TRIMMED_CURVE('',#6332,(#6336,PARAMETER_VALUE(0.)),(#6337,
    PARAMETER_VALUE(8.)),.T.,.PARAMETER.);
#6332 = LINE('',#6333,#6334);
#6333 = CARTESIAN_POINT('',(261.,158.,125.1));
#6334 = VECTOR('',#6335,1.);
#6335 = DIRECTION('',(0.,0.,1.));
#6336 = CARTESIAN_POINT('',(261.,158.,125.1));
#6337 = CARTESIAN_POINT('',(261.,158.,133.1));
#6338 = GEOMETRIC_CURVE_SET('',(#6339));
#6339 = TRIMMED_CURVE('',#6340,(#6344,PARAMETER_VALUE(0.)),(#6345,
    PARAMETER_VALUE(18.)),.T.,.PARAMETER.);
#6340 = LINE('',#6341,#6342);
#6341 = CARTESIAN_POINT('',(261.,140.,125.1));
#6342 = VECTOR('',#6343,1.);
#6343 = DIRECTION('',(0.,1.,0.));
#6344 = CARTESIAN_POINT('',(261.,140.,125.1));
#6345 = CARTESIAN_POINT('',(261.,158.,125.1));
#6346 = GEOMETRIC_CURVE_SET('',(#6347));
#6347 = TRIMMED_CURVE('',#6348,(#6352,PARAMETER_VALUE(0.)),(#6353,
    PARAMETER_VALUE(8.)),.T.,.PARAMETER.);
#6348 = LINE('',#6349,#6350);
#6349 = CARTESIAN_POINT('',(274.,140.,125.1));
#6350 = VECTOR('',#6351,1.);
#6351 = DIRECTION('',(0.,0.,1.));
#6352 = CARTESIAN_POINT('',(274.,140.,125.1));
#6353 = CARTESIAN_POINT('',(274.,140.,133.1));
#6354 = GEOMETRIC_CURVE_SET('',(#6355));
#6355 = TRIMMED_CURVE('',#6356,(#6360,PARAMETER_VALUE(0.)),(#6361,
    PARAMETER_VALUE(18.)),.T.,.PARAMETER.);
#6356 = LINE('',#6357,#6358);
#6357 = CARTESIAN_POINT('',(274.,140.,133.1));
#6358 = VECTOR('',#6359,1.);
#6359 = DIRECTION('',(0.,1.,0.));
#6360 = CARTESIAN_POINT('',(274.,140.,133.1));
#6361 = CARTESIAN_POINT('',(274.,158.,133.1));
#6362 = GEOMETRIC_CURVE_SET('',(#6363));
#6363 = TRIMMED_CURVE('',#6364,(#6368,PARAMETER_VALUE(0.)),(#6369,
    PARAMETER_VALUE(8.)),.T.,.PARAMETER.);
#6364 = LINE('',#6365,#6366);
#6365 = CARTESIAN_POINT('',(274.,158.,125.1));
#6366 = VECTOR('',#6367,1.);
#6367 = DIRECTION('',(0.,0.,1.));
#6368 = CARTESIAN_POINT('',(274.,158.,125.1));
#6369 = CARTESIAN_POINT('',(274.,158.,133.1));
#6370 = GEOMETRIC_CURVE_SET('',(#6371));
#6371 = TRIMMED_CURVE('',#6372,(#6376,PARAMETER_VALUE(0.)),(#6377,
    PARAMETER_VALUE(18.)),.T.,.PARAMETER.);
#6372 = LINE('',#6373,#6374);
#6373 = CARTESIAN_POINT('',(274.,140.,125.1));
#6374 = VECTOR('',#6375,1.);
#6375 = DIRECTION('',(0.,1.,0.));
#6376 = CARTESIAN_POINT('',(274.,140.,125.1));
#6377 = CARTESIAN_POINT('',(274.,158.,125.1));
#6378 = GEOMETRIC_CURVE_SET('',(#6379));
#6379 = TRIMMED_CURVE('',#6380,(#6384,PARAMETER_VALUE(0.)),(#6385,
    PARAMETER_VALUE(13.)),.T.,.PARAMETER.);
#6380 = LINE('',#6381,#6382);
#6381 = CARTESIAN_POINT('',(261.,140.,125.1));
#6382 = VECTOR('',#6383,1.);
#6383 = DIRECTION('',(1.,0.,0.));
#6384 = CARTESIAN_POINT('',(261.,140.,125.1));
#6385 = CARTESIAN_POINT('',(274.,140.,125.1));
#6386 = GEOMETRIC_CURVE_SET('',(#6387));
#6387 = TRIMMED_CURVE('',#6388,(#6392,PARAMETER_VALUE(0.)),(#6393,
    PARAMETER_VALUE(13.)),.T.,.PARAMETER.);
#6388 = LINE('',#6389,#6390);
#6389 = CARTESIAN_POINT('',(261.,140.,133.1));
#6390 = VECTOR('',#6391,1.);
#6391 = DIRECTION('',(1.,0.,0.));
#6392 = CARTESIAN_POINT('',(261.,140.,133.1));
#6393 = CARTESIAN_POINT('',(274.,140.,133.1));
#6394 = GEOMETRIC_CURVE_SET('',(#6395));
#6395 = TRIMMED_CURVE('',#6396,(#6400,PARAMETER_VALUE(0.)),(#6401,
    PARAMETER_VALUE(13.)),.T.,.PARAMETER.);
#6396 = LINE('',#6397,#6398);
#6397 = CARTESIAN_POINT('',(261.,158.,125.1));
#6398 = VECTOR('',#6399,1.);
#6399 = DIRECTION('',(1.,0.,0.));
#6400 = CARTESIAN_POINT('',(261.,158.,125.1));
#6401 = CARTESIAN_POINT('',(274.,158.,125.1));
#6402 = GEOMETRIC_CURVE_SET('',(#6403));
#6403 = TRIMMED_CURVE('',#6404,(#6408,PARAMETER_VALUE(0.)),(#6409,
    PARAMETER_VALUE(13.)),.T.,.PARAMETER.);
#6404 = LINE('',#6405,#6406);
#6405 = CARTESIAN_POINT('',(261.,158.,133.1));
#6406 = VECTOR('',#6407,1.);
#6407 = DIRECTION('',(1.,0.,0.));
#6408 = CARTESIAN_POINT('',(261.,158.,133.1));
#6409 = CARTESIAN_POINT('',(274.,158.,133.1));
#6410 = GEOMETRIC_CURVE_SET('',(#6411));
#6411 = TRIMMED_CURVE('',#6412,(#6416,PARAMETER_VALUE(0.)),(#6417,
    PARAMETER_VALUE(8.)),.T.,.PARAMETER.);
#6412 = LINE('',#6413,#6414);
#6413 = CARTESIAN_POINT('',(45.,253.,137.1));
#6414 = VECTOR('',#6415,1.);
#6415 = DIRECTION('',(0.,0.,1.));
#6416 = CARTESIAN_POINT('',(45.,253.,137.1));
#6417 = CARTESIAN_POINT('',(45.,253.,145.1));
#6418 = GEOMETRIC_CURVE_SET('',(#6419));
#6419 = TRIMMED_CURVE('',#6420,(#6424,PARAMETER_VALUE(0.)),(#6425,
    PARAMETER_VALUE(18.)),.T.,.PARAMETER.);
#6420 = LINE('',#6421,#6422);
#6421 = CARTESIAN_POINT('',(45.,253.,145.1));
#6422 = VECTOR('',#6423,1.);
#6423 = DIRECTION('',(0.,1.,0.));
#6424 = CARTESIAN_POINT('',(45.,253.,145.1));
#6425 = CARTESIAN_POINT('',(45.,271.,145.1));
#6426 = GEOMETRIC_CURVE_SET('',(#6427));
#6427 = TRIMMED_CURVE('',#6428,(#6432,PARAMETER_VALUE(0.)),(#6433,
    PARAMETER_VALUE(8.)),.T.,.PARAMETER.);
#6428 = LINE('',#6429,#6430);
#6429 = CARTESIAN_POINT('',(45.,271.,137.1));
#6430 = VECTOR('',#6431,1.);
#6431 = DIRECTION('',(0.,0.,1.));
#6432 = CARTESIAN_POINT('',(45.,271.,137.1));
#6433 = CARTESIAN_POINT('',(45.,271.,145.1));
#6434 = GEOMETRIC_CURVE_SET('',(#6435));
#6435 = TRIMMED_CURVE('',#6436,(#6440,PARAMETER_VALUE(0.)),(#6441,
    PARAMETER_VALUE(18.)),.T.,.PARAMETER.);
#6436 = LINE('',#6437,#6438);
#6437 = CARTESIAN_POINT('',(45.,253.,137.1));
#6438 = VECTOR('',#6439,1.);
#6439 = DIRECTION('',(0.,1.,0.));
#6440 = CARTESIAN_POINT('',(45.,253.,137.1));
#6441 = CARTESIAN_POINT('',(45.,271.,137.1));
#6442 = GEOMETRIC_CURVE_SET('',(#6443));
#6443 = TRIMMED_CURVE('',#6444,(#6448,PARAMETER_VALUE(0.)),(#6449,
    PARAMETER_VALUE(8.)),.T.,.PARAMETER.);
#6444 = LINE('',#6445,#6446);
#6445 = CARTESIAN_POINT('',(58.,253.,137.1));
#6446 = VECTOR('',#6447,1.);
#6447 = DIRECTION('',(0.,0.,1.));
#6448 = CARTESIAN_POINT('',(58.,253.,137.1));
#6449 = CARTESIAN_POINT('',(58.,253.,145.1));
#6450 = GEOMETRIC_CURVE_SET('',(#6451));
#6451 = TRIMMED_CURVE('',#6452,(#6456,PARAMETER_VALUE(0.)),(#6457,
    PARAMETER_VALUE(18.)),.T.,.PARAMETER.);
#6452 = LINE('',#6453,#6454);
#6453 = CARTESIAN_POINT('',(58.,253.,145.1));
#6454 = VECTOR('',#6455,1.);
#6455 = DIRECTION('',(0.,1.,0.));
#6456 = CARTESIAN_POINT('',(58.,253.,145.1));
#6457 = CARTESIAN_POINT('',(58.,271.,145.1));
#6458 = GEOMETRIC_CURVE_SET('',(#6459));
#6459 = TRIMMED_CURVE('',#6460,(#6464,PARAMETER_VALUE(0.)),(#6465,
    PARAMETER_VALUE(8.)),.T.,.PARAMETER.);
#6460 = LINE('',#6461,#6462);
#6461 = CARTESIAN_POINT('',(58.,271.,137.1));
#6462 = VECTOR('',#6463,1.);
#6463 = DIRECTION('',(0.,0.,1.));
#6464 = CARTESIAN_POINT('',(58.,271.,137.1));
#6465 = CARTESIAN_POINT('',(58.,271.,145.1));
#6466 = GEOMETRIC_CURVE_SET('',(#6467));
#6467 = TRIMMED_CURVE('',#6468,(#6472,PARAMETER_VALUE(0.)),(#6473,
    PARAMETER_VALUE(18.)),.T.,.PARAMETER.);
#6468 = LINE('',#6469,#6470);
#6469 = CARTESIAN_POINT('',(58.,253.,137.1));
#6470 = VECTOR('',#6471,1.);
#6471 = DIRECTION('',(0.,1.,0.));
#6472 = CARTESIAN_POINT('',(58.,253.,137.1));
#6473 = CARTESIAN_POINT('',(58.,271.,137.1));
#6474 = GEOMETRIC_CURVE_SET('',(#6475));
#6475 = TRIMMED_CURVE('',#6476,(#6480,PARAMETER_VALUE(0.)),(#6481,
    PARAMETER_VALUE(13.)),.T.,.PARAMETER.);
#6476 = LINE('',#6477,#6478);
#6477 = CARTESIAN_POINT('',(45.,253.,137.1));
#6478 = VECTOR('',#6479,1.);
#6479 = DIRECTION('',(1.,0.,0.));
#6480 = CARTESIAN_POINT('',(45.,253.,137.1));
#6481 = CARTESIAN_POINT('',(58.,253.,137.1));
#6482 = GEOMETRIC_CURVE_SET('',(#6483));
#6483 = TRIMMED_CURVE('',#6484,(#6488,PARAMETER_VALUE(0.)),(#6489,
    PARAMETER_VALUE(13.)),.T.,.PARAMETER.);
#6484 = LINE('',#6485,#6486);
#6485 = CARTESIAN_POINT('',(45.,253.,145.1));
#6486 = VECTOR('',#6487,1.);
#6487 = DIRECTION('',(1.,0.,0.));
#6488 = CARTESIAN_POINT('',(45.,253.,145.1));
#6489 = CARTESIAN_POINT('',(58.,253.,145.1));
#6490 = GEOMETRIC_CURVE_SET('',(#6491));
#6491 = TRIMMED_CURVE('',#6492,(#6496,PARAMETER_VALUE(0.)),(#6497,
    PARAMETER_VALUE(13.)),.T.,.PARAMETER.);
#6492 = LINE('',#6493,#6494);
#6493 = CARTESIAN_POINT('',(45.,271.,137.1));
#6494 = VECTOR('',#6495,1.);
#6495 = DIRECTION('',(1.,0.,0.));
#6496 = CARTESIAN_POINT('',(45.,271.,137.1));
#6497 = CARTESIAN_POINT('',(58.,271.,137.1));
#6498 = GEOMETRIC_CURVE_SET('',(#6499));
#6499 = TRIMMED_CURVE('',#6500,(#6504,PARAMETER_VALUE(0.)),(#6505,
    PARAMETER_VALUE(13.)),.T.,.PARAMETER.);
#6500 = LINE('',#6501,#6502);
#6501 = CARTESIAN_POINT('',(45.,271.,145.1));
#6502 = VECTOR('',#6503,1.);
#6503 = DIRECTION('',(1.,0.,0.));
#6504 = CARTESIAN_POINT('',(45.,271.,145.1));
#6505 = CARTESIAN_POINT('',(58.,271.,145.1));
#6506 = GEOMETRIC_CURVE_SET('',(#6507));
#6507 = TRIMMED_CURVE('',#6508,(#6512,PARAMETER_VALUE(0.)),(#6513,
    PARAMETER_VALUE(8.)),.T.,.PARAMETER.);
#6508 = LINE('',#6509,#6510);
#6509 = CARTESIAN_POINT('',(230.,253.,137.1));
#6510 = VECTOR('',#6511,1.);
#6511 = DIRECTION('',(0.,0.,1.));
#6512 = CARTESIAN_POINT('',(230.,253.,137.1));
#6513 = CARTESIAN_POINT('',(230.,253.,145.1));
#6514 = GEOMETRIC_CURVE_SET('',(#6515));
#6515 = TRIMMED_CURVE('',#6516,(#6520,PARAMETER_VALUE(0.)),(#6521,
    PARAMETER_VALUE(18.)),.T.,.PARAMETER.);
#6516 = LINE('',#6517,#6518);
#6517 = CARTESIAN_POINT('',(230.,253.,145.1));
#6518 = VECTOR('',#6519,1.);
#6519 = DIRECTION('',(0.,1.,0.));
#6520 = CARTESIAN_POINT('',(230.,253.,145.1));
#6521 = CARTESIAN_POINT('',(230.,271.,145.1));
#6522 = GEOMETRIC_CURVE_SET('',(#6523));
#6523 = TRIMMED_CURVE('',#6524,(#6528,PARAMETER_VALUE(0.)),(#6529,
    PARAMETER_VALUE(8.)),.T.,.PARAMETER.);
#6524 = LINE('',#6525,#6526);
#6525 = CARTESIAN_POINT('',(230.,271.,137.1));
#6526 = VECTOR('',#6527,1.);
#6527 = DIRECTION('',(0.,0.,1.));
#6528 = CARTESIAN_POINT('',(230.,271.,137.1));
#6529 = CARTESIAN_POINT('',(230.,271.,145.1));
#6530 = GEOMETRIC_CURVE_SET('',(#6531));
#6531 = TRIMMED_CURVE('',#6532,(#6536,PARAMETER_VALUE(0.)),(#6537,
    PARAMETER_VALUE(18.)),.T.,.PARAMETER.);
#6532 = LINE('',#6533,#6534);
#6533 = CARTESIAN_POINT('',(230.,253.,137.1));
#6534 = VECTOR('',#6535,1.);
#6535 = DIRECTION('',(0.,1.,0.));
#6536 = CARTESIAN_POINT('',(230.,253.,137.1));
#6537 = CARTESIAN_POINT('',(230.,271.,137.1));
#6538 = GEOMETRIC_CURVE_SET('',(#6539));
#6539 = TRIMMED_CURVE('',#6540,(#6544,PARAMETER_VALUE(0.)),(#6545,
    PARAMETER_VALUE(8.)),.T.,.PARAMETER.);
#6540 = LINE('',#6541,#6542);
#6541 = CARTESIAN_POINT('',(243.,253.,137.1));
#6542 = VECTOR('',#6543,1.);
#6543 = DIRECTION('',(0.,0.,1.));
#6544 = CARTESIAN_POINT('',(243.,253.,137.1));
#6545 = CARTESIAN_POINT('',(243.,253.,145.1));
#6546 = GEOMETRIC_CURVE_SET('',(#6547));
#6547 = TRIMMED_CURVE('',#6548,(#6552,PARAMETER_VALUE(0.)),(#6553,
    PARAMETER_VALUE(18.)),.T.,.PARAMETER.);
#6548 = LINE('',#6549,#6550);
#6549 = CARTESIAN_POINT('',(243.,253.,145.1));
#6550 = VECTOR('',#6551,1.);
#6551 = DIRECTION('',(0.,1.,0.));
#6552 = CARTESIAN_POINT('',(243.,253.,145.1));
#6553 = CARTESIAN_POINT('',(243.,271.,145.1));
#6554 = GEOMETRIC_CURVE_SET('',(#6555));
#6555 = TRIMMED_CURVE('',#6556,(#6560,PARAMETER_VALUE(0.)),(#6561,
    PARAMETER_VALUE(8.)),.T.,.PARAMETER.);
#6556 = LINE('',#6557,#6558);
#6557 = CARTESIAN_POINT('',(243.,271.,137.1));
#6558 = VECTOR('',#6559,1.);
#6559 = DIRECTION('',(0.,0.,1.));
#6560 = CARTESIAN_POINT('',(243.,271.,137.1));
#6561 = CARTESIAN_POINT('',(243.,271.,145.1));
#6562 = GEOMETRIC_CURVE_SET('',(#6563));
#6563 = TRIMMED_CURVE('',#6564,(#6568,PARAMETER_VALUE(0.)),(#6569,
    PARAMETER_VALUE(18.)),.T.,.PARAMETER.);
#6564 = LINE('',#6565,#6566);
#6565 = CARTESIAN_POINT('',(243.,253.,137.1));
#6566 = VECTOR('',#6567,1.);
#6567 = DIRECTION('',(0.,1.,0.));
#6568 = CARTESIAN_POINT('',(243.,253.,137.1));
#6569 = CARTESIAN_POINT('',(243.,271.,137.1));
#6570 = GEOMETRIC_CURVE_SET('',(#6571));
#6571 = TRIMMED_CURVE('',#6572,(#6576,PARAMETER_VALUE(0.)),(#6577,
    PARAMETER_VALUE(13.)),.T.,.PARAMETER.);
#6572 = LINE('',#6573,#6574);
#6573 = CARTESIAN_POINT('',(230.,253.,137.1));
#6574 = VECTOR('',#6575,1.);
#6575 = DIRECTION('',(1.,0.,0.));
#6576 = CARTESIAN_POINT('',(230.,253.,137.1));
#6577 = CARTESIAN_POINT('',(243.,253.,137.1));
#6578 = GEOMETRIC_CURVE_SET('',(#6579));
#6579 = TRIMMED_CURVE('',#6580,(#6584,PARAMETER_VALUE(0.)),(#6585,
    PARAMETER_VALUE(13.)),.T.,.PARAMETER.);
#6580 = LINE('',#6581,#6582);
#6581 = CARTESIAN_POINT('',(230.,253.,145.1));
#6582 = VECTOR('',#6583,1.);
#6583 = DIRECTION('',(1.,0.,0.));
#6584 = CARTESIAN_POINT('',(230.,253.,145.1));
#6585 = CARTESIAN_POINT('',(243.,253.,145.1));
#6586 = GEOMETRIC_CURVE_SET('',(#6587));
#6587 = TRIMMED_CURVE('',#6588,(#6592,PARAMETER_VALUE(0.)),(#6593,
    PARAMETER_VALUE(13.)),.T.,.PARAMETER.);
#6588 = LINE('',#6589,#6590);
#6589 = CARTESIAN_POINT('',(230.,271.,137.1));
#6590 = VECTOR('',#6591,1.);
#6591 = DIRECTION('',(1.,0.,0.));
#6592 = CARTESIAN_POINT('',(230.,271.,137.1));
#6593 = CARTESIAN_POINT('',(243.,271.,137.1));
#6594 = GEOMETRIC_CURVE_SET('',(#6595));
#6595 = TRIMMED_CURVE('',#6596,(#6600,PARAMETER_VALUE(0.)),(#6601,
    PARAMETER_VALUE(13.)),.T.,.PARAMETER.);
#6596 = LINE('',#6597,#6598);
#6597 = CARTESIAN_POINT('',(230.,271.,145.1));
#6598 = VECTOR('',#6599,1.);
#6599 = DIRECTION('',(1.,0.,0.));
#6600 = CARTESIAN_POINT('',(230.,271.,145.1));
#6601 = CARTESIAN_POINT('',(243.,271.,145.1));
#6602 = GEOMETRIC_CURVE_SET('',(#6603));
#6603 = TRIMMED_CURVE('',#6604,(#6608,PARAMETER_VALUE(0.)),(#6609,
    PARAMETER_VALUE(20.)),.T.,.PARAMETER.);
#6604 = LINE('',#6605,#6606);
#6605 = CARTESIAN_POINT('',(45.,90.,125.1));
#6606 = VECTOR('',#6607,1.);
#6607 = DIRECTION('',(0.,0.,1.));
#6608 = CARTESIAN_POINT('',(45.,90.,125.1));
#6609 = CARTESIAN_POINT('',(45.,90.,145.1));
#6610 = GEOMETRIC_CURVE_SET('',(#6611));
#6611 = TRIMMED_CURVE('',#6612,(#6616,PARAMETER_VALUE(0.)),(#6617,
    PARAMETER_VALUE(60.)),.T.,.PARAMETER.);
#6612 = LINE('',#6613,#6614);
#6613 = CARTESIAN_POINT('',(45.,90.,145.1));
#6614 = VECTOR('',#6615,1.);
#6615 = DIRECTION('',(0.,1.,0.));
#6616 = CARTESIAN_POINT('',(45.,90.,145.1));
#6617 = CARTESIAN_POINT('',(45.,150.,145.1));
#6618 = GEOMETRIC_CURVE_SET('',(#6619));
#6619 = TRIMMED_CURVE('',#6620,(#6624,PARAMETER_VALUE(0.)),(#6625,
    PARAMETER_VALUE(20.)),.T.,.PARAMETER.);
#6620 = LINE('',#6621,#6622);
#6621 = CARTESIAN_POINT('',(45.,150.,125.1));
#6622 = VECTOR('',#6623,1.);
#6623 = DIRECTION('',(0.,0.,1.));
#6624 = CARTESIAN_POINT('',(45.,150.,125.1));
#6625 = CARTESIAN_POINT('',(45.,150.,145.1));
#6626 = GEOMETRIC_CURVE_SET('',(#6627));
#6627 = TRIMMED_CURVE('',#6628,(#6632,PARAMETER_VALUE(0.)),(#6633,
    PARAMETER_VALUE(60.)),.T.,.PARAMETER.);
#6628 = LINE('',#6629,#6630);
#6629 = CARTESIAN_POINT('',(45.,90.,125.1));
#6630 = VECTOR('',#6631,1.);
#6631 = DIRECTION('',(0.,1.,0.));
#6632 = CARTESIAN_POINT('',(45.,90.,125.1));
#6633 = CARTESIAN_POINT('',(45.,150.,125.1));
#6634 = GEOMETRIC_CURVE_SET('',(#6635));
#6635 = TRIMMED_CURVE('',#6636,(#6640,PARAMETER_VALUE(0.)),(#6641,
    PARAMETER_VALUE(20.)),.T.,.PARAMETER.);
#6636 = LINE('',#6637,#6638);
#6637 = CARTESIAN_POINT('',(80.,90.,125.1));
#6638 = VECTOR('',#6639,1.);
#6639 = DIRECTION('',(0.,0.,1.));
#6640 = CARTESIAN_POINT('',(80.,90.,125.1));
#6641 = CARTESIAN_POINT('',(80.,90.,145.1));
#6642 = GEOMETRIC_CURVE_SET('',(#6643));
#6643 = TRIMMED_CURVE('',#6644,(#6648,PARAMETER_VALUE(0.)),(#6649,
    PARAMETER_VALUE(60.)),.T.,.PARAMETER.);
#6644 = LINE('',#6645,#6646);
#6645 = CARTESIAN_POINT('',(80.,90.,145.1));
#6646 = VECTOR('',#6647,1.);
#6647 = DIRECTION('',(0.,1.,0.));
#6648 = CARTESIAN_POINT('',(80.,90.,145.1));
#6649 = CARTESIAN_POINT('',(80.,150.,145.1));
#6650 = GEOMETRIC_CURVE_SET('',(#6651));
#6651 = TRIMMED_CURVE('',#6652,(#6656,PARAMETER_VALUE(0.)),(#6657,
    PARAMETER_VALUE(20.)),.T.,.PARAMETER.);
#6652 = LINE('',#6653,#6654);
#6653 = CARTESIAN_POINT('',(80.,150.,125.1));
#6654 = VECTOR('',#6655,1.);
#6655 = DIRECTION('',(0.,0.,1.));
#6656 = CARTESIAN_POINT('',(80.,150.,125.1));
#6657 = CARTESIAN_POINT('',(80.,150.,145.1));
#6658 = GEOMETRIC_CURVE_SET('',(#6659));
#6659 = TRIMMED_CURVE('',#6660,(#6664,PARAMETER_VALUE(0.)),(#6665,
    PARAMETER_VALUE(60.)),.T.,.PARAMETER.);
#6660 = LINE('',#6661,#6662);
#6661 = CARTESIAN_POINT('',(80.,90.,125.1));
#6662 = VECTOR('',#6663,1.);
#6663 = DIRECTION('',(0.,1.,0.));
#6664 = CARTESIAN_POINT('',(80.,90.,125.1));
#6665 = CARTESIAN_POINT('',(80.,150.,125.1));
#6666 = GEOMETRIC_CURVE_SET('',(#6667));
#6667 = TRIMMED_CURVE('',#6668,(#6672,PARAMETER_VALUE(0.)),(#6673,
    PARAMETER_VALUE(35.)),.T.,.PARAMETER.);
#6668 = LINE('',#6669,#6670);
#6669 = CARTESIAN_POINT('',(45.,90.,125.1));
#6670 = VECTOR('',#6671,1.);
#6671 = DIRECTION('',(1.,0.,0.));
#6672 = CARTESIAN_POINT('',(45.,90.,125.1));
#6673 = CARTESIAN_POINT('',(80.,90.,125.1));
#6674 = GEOMETRIC_CURVE_SET('',(#6675));
#6675 = TRIMMED_CURVE('',#6676,(#6680,PARAMETER_VALUE(0.)),(#6681,
    PARAMETER_VALUE(35.)),.T.,.PARAMETER.);
#6676 = LINE('',#6677,#6678);
#6677 = CARTESIAN_POINT('',(45.,90.,145.1));
#6678 = VECTOR('',#6679,1.);
#6679 = DIRECTION('',(1.,0.,0.));
#6680 = CARTESIAN_POINT('',(45.,90.,145.1));
#6681 = CARTESIAN_POINT('',(80.,90.,145.1));
#6682 = GEOMETRIC_CURVE_SET('',(#6683));
#6683 = TRIMMED_CURVE('',#6684,(#6688,PARAMETER_VALUE(0.)),(#6689,
    PARAMETER_VALUE(35.)),.T.,.PARAMETER.);
#6684 = LINE('',#6685,#6686);
#6685 = CARTESIAN_POINT('',(45.,150.,125.1));
#6686 = VECTOR('',#6687,1.);
#6687 = DIRECTION('',(1.,0.,0.));
#6688 = CARTESIAN_POINT('',(45.,150.,125.1));
#6689 = CARTESIAN_POINT('',(80.,150.,125.1));
#6690 = GEOMETRIC_CURVE_SET('',(#6691));
#6691 = TRIMMED_CURVE('',#6692,(#6696,PARAMETER_VALUE(0.)),(#6697,
    PARAMETER_VALUE(35.)),.T.,.PARAMETER.);
#6692 = LINE('',#6693,#6694);
#6693 = CARTESIAN_POINT('',(45.,150.,145.1));
#6694 = VECTOR('',#6695,1.);
#6695 = DIRECTION('',(1.,0.,0.));
#6696 = CARTESIAN_POINT('',(45.,150.,145.1));
#6697 = CARTESIAN_POINT('',(80.,150.,145.1));
#6698 = GEOMETRIC_CURVE_SET('',(#6699));
#6699 = TRIMMED_CURVE('',#6700,(#6704,PARAMETER_VALUE(0.)),(#6705,
    PARAMETER_VALUE(14.)),.T.,.PARAMETER.);
#6700 = LINE('',#6701,#6702);
#6701 = CARTESIAN_POINT('',(10.,91.,125.1));
#6702 = VECTOR('',#6703,1.);
#6703 = DIRECTION('',(0.,0.,1.));
#6704 = CARTESIAN_POINT('',(10.,91.,125.1));
#6705 = CARTESIAN_POINT('',(10.,91.,139.1));
#6706 = GEOMETRIC_CURVE_SET('',(#6707));
#6707 = TRIMMED_CURVE('',#6708,(#6712,PARAMETER_VALUE(0.)),(#6713,
    PARAMETER_VALUE(47.)),.T.,.PARAMETER.);
#6708 = LINE('',#6709,#6710);
#6709 = CARTESIAN_POINT('',(10.,91.,139.1));
#6710 = VECTOR('',#6711,1.);
#6711 = DIRECTION('',(0.,1.,0.));
#6712 = CARTESIAN_POINT('',(10.,91.,139.1));
#6713 = CARTESIAN_POINT('',(10.,138.,139.1));
#6714 = GEOMETRIC_CURVE_SET('',(#6715));
#6715 = TRIMMED_CURVE('',#6716,(#6720,PARAMETER_VALUE(0.)),(#6721,
    PARAMETER_VALUE(14.)),.T.,.PARAMETER.);
#6716 = LINE('',#6717,#6718);
#6717 = CARTESIAN_POINT('',(10.,138.,125.1));
#6718 = VECTOR('',#6719,1.);
#6719 = DIRECTION('',(0.,0.,1.));
#6720 = CARTESIAN_POINT('',(10.,138.,125.1));
#6721 = CARTESIAN_POINT('',(10.,138.,139.1));
#6722 = GEOMETRIC_CURVE_SET('',(#6723));
#6723 = TRIMMED_CURVE('',#6724,(#6728,PARAMETER_VALUE(0.)),(#6729,
    PARAMETER_VALUE(47.)),.T.,.PARAMETER.);
#6724 = LINE('',#6725,#6726);
#6725 = CARTESIAN_POINT('',(10.,91.,125.1));
#6726 = VECTOR('',#6727,1.);
#6727 = DIRECTION('',(0.,1.,0.));
#6728 = CARTESIAN_POINT('',(10.,91.,125.1));
#6729 = CARTESIAN_POINT('',(10.,138.,125.1));
#6730 = GEOMETRIC_CURVE_SET('',(#6731));
#6731 = TRIMMED_CURVE('',#6732,(#6736,PARAMETER_VALUE(0.)),(#6737,
    PARAMETER_VALUE(14.)),.T.,.PARAMETER.);
#6732 = LINE('',#6733,#6734);
#6733 = CARTESIAN_POINT('',(44.,91.,125.1));
#6734 = VECTOR('',#6735,1.);
#6735 = DIRECTION('',(0.,0.,1.));
#6736 = CARTESIAN_POINT('',(44.,91.,125.1));
#6737 = CARTESIAN_POINT('',(44.,91.,139.1));
#6738 = GEOMETRIC_CURVE_SET('',(#6739));
#6739 = TRIMMED_CURVE('',#6740,(#6744,PARAMETER_VALUE(0.)),(#6745,
    PARAMETER_VALUE(47.)),.T.,.PARAMETER.);
#6740 = LINE('',#6741,#6742);
#6741 = CARTESIAN_POINT('',(44.,91.,139.1));
#6742 = VECTOR('',#6743,1.);
#6743 = DIRECTION('',(0.,1.,0.));
#6744 = CARTESIAN_POINT('',(44.,91.,139.1));
#6745 = CARTESIAN_POINT('',(44.,138.,139.1));
#6746 = GEOMETRIC_CURVE_SET('',(#6747));
#6747 = TRIMMED_CURVE('',#6748,(#6752,PARAMETER_VALUE(0.)),(#6753,
    PARAMETER_VALUE(14.)),.T.,.PARAMETER.);
#6748 = LINE('',#6749,#6750);
#6749 = CARTESIAN_POINT('',(44.,138.,125.1));
#6750 = VECTOR('',#6751,1.);
#6751 = DIRECTION('',(0.,0.,1.));
#6752 = CARTESIAN_POINT('',(44.,138.,125.1));
#6753 = CARTESIAN_POINT('',(44.,138.,139.1));
#6754 = GEOMETRIC_CURVE_SET('',(#6755));
#6755 = TRIMMED_CURVE('',#6756,(#6760,PARAMETER_VALUE(0.)),(#6761,
    PARAMETER_VALUE(47.)),.T.,.PARAMETER.);
#6756 = LINE('',#6757,#6758);
#6757 = CARTESIAN_POINT('',(44.,91.,125.1));
#6758 = VECTOR('',#6759,1.);
#6759 = DIRECTION('',(0.,1.,0.));
#6760 = CARTESIAN_POINT('',(44.,91.,125.1));
#6761 = CARTESIAN_POINT('',(44.,138.,125.1));
#6762 = GEOMETRIC_CURVE_SET('',(#6763));
#6763 = TRIMMED_CURVE('',#6764,(#6768,PARAMETER_VALUE(0.)),(#6769,
    PARAMETER_VALUE(34.)),.T.,.PARAMETER.);
#6764 = LINE('',#6765,#6766);
#6765 = CARTESIAN_POINT('',(10.,91.,125.1));
#6766 = VECTOR('',#6767,1.);
#6767 = DIRECTION('',(1.,0.,0.));
#6768 = CARTESIAN_POINT('',(10.,91.,125.1));
#6769 = CARTESIAN_POINT('',(44.,91.,125.1));
#6770 = GEOMETRIC_CURVE_SET('',(#6771));
#6771 = TRIMMED_CURVE('',#6772,(#6776,PARAMETER_VALUE(0.)),(#6777,
    PARAMETER_VALUE(34.)),.T.,.PARAMETER.);
#6772 = LINE('',#6773,#6774);
#6773 = CARTESIAN_POINT('',(10.,91.,139.1));
#6774 = VECTOR('',#6775,1.);
#6775 = DIRECTION('',(1.,0.,0.));
#6776 = CARTESIAN_POINT('',(10.,91.,139.1));
#6777 = CARTESIAN_POINT('',(44.,91.,139.1));
#6778 = GEOMETRIC_CURVE_SET('',(#6779));
#6779 = TRIMMED_CURVE('',#6780,(#6784,PARAMETER_VALUE(0.)),(#6785,
    PARAMETER_VALUE(34.)),.T.,.PARAMETER.);
#6780 = LINE('',#6781,#6782);
#6781 = CARTESIAN_POINT('',(10.,138.,125.1));
#6782 = VECTOR('',#6783,1.);
#6783 = DIRECTION('',(1.,0.,0.));
#6784 = CARTESIAN_POINT('',(10.,138.,125.1));
#6785 = CARTESIAN_POINT('',(44.,138.,125.1));
#6786 = GEOMETRIC_CURVE_SET('',(#6787));
#6787 = TRIMMED_CURVE('',#6788,(#6792,PARAMETER_VALUE(0.)),(#6793,
    PARAMETER_VALUE(34.)),.T.,.PARAMETER.);
#6788 = LINE('',#6789,#6790);
#6789 = CARTESIAN_POINT('',(10.,138.,139.1));
#6790 = VECTOR('',#6791,1.);
#6791 = DIRECTION('',(1.,0.,0.));
#6792 = CARTESIAN_POINT('',(10.,138.,139.1));
#6793 = CARTESIAN_POINT('',(44.,138.,139.1));
#6794 = GEOMETRIC_CURVE_SET('',(#6795));
#6795 = TRIMMED_CURVE('',#6796,(#6800,PARAMETER_VALUE(0.)),(#6801,
    PARAMETER_VALUE(12.7)),.T.,.PARAMETER.);
#6796 = LINE('',#6797,#6798);
#6797 = CARTESIAN_POINT('',(30.,16.,90.));
#6798 = VECTOR('',#6799,1.);
#6799 = DIRECTION('',(0.,0.,1.));
#6800 = CARTESIAN_POINT('',(30.,16.,90.));
#6801 = CARTESIAN_POINT('',(30.,16.,102.7));
#6802 = GEOMETRIC_CURVE_SET('',(#6803));
#6803 = TRIMMED_CURVE('',#6804,(#6808,PARAMETER_VALUE(0.)),(#6809,
    PARAMETER_VALUE(57.9)),.T.,.PARAMETER.);
#6804 = LINE('',#6805,#6806);
#6805 = CARTESIAN_POINT('',(30.,16.,102.7));
#6806 = VECTOR('',#6807,1.);
#6807 = DIRECTION('',(0.,1.,0.));
#6808 = CARTESIAN_POINT('',(30.,16.,102.7));
#6809 = CARTESIAN_POINT('',(30.,73.9,102.7));
#6810 = GEOMETRIC_CURVE_SET('',(#6811));
#6811 = TRIMMED_CURVE('',#6812,(#6816,PARAMETER_VALUE(0.)),(#6817,
    PARAMETER_VALUE(12.7)),.T.,.PARAMETER.);
#6812 = LINE('',#6813,#6814);
#6813 = CARTESIAN_POINT('',(30.,73.9,90.));
#6814 = VECTOR('',#6815,1.);
#6815 = DIRECTION('',(0.,0.,1.));
#6816 = CARTESIAN_POINT('',(30.,73.9,90.));
#6817 = CARTESIAN_POINT('',(30.,73.9,102.7));
#6818 = GEOMETRIC_CURVE_SET('',(#6819));
#6819 = TRIMMED_CURVE('',#6820,(#6824,PARAMETER_VALUE(0.)),(#6825,
    PARAMETER_VALUE(57.9)),.T.,.PARAMETER.);
#6820 = LINE('',#6821,#6822);
#6821 = CARTESIAN_POINT('',(30.,16.,90.));
#6822 = VECTOR('',#6823,1.);
#6823 = DIRECTION('',(0.,1.,0.));
#6824 = CARTESIAN_POINT('',(30.,16.,90.));
#6825 = CARTESIAN_POINT('',(30.,73.9,90.));
#6826 = GEOMETRIC_CURVE_SET('',(#6827));
#6827 = TRIMMED_CURVE('',#6828,(#6832,PARAMETER_VALUE(0.)),(#6833,
    PARAMETER_VALUE(12.7)),.T.,.PARAMETER.);
#6828 = LINE('',#6829,#6830);
#6829 = CARTESIAN_POINT('',(91.,16.,90.));
#6830 = VECTOR('',#6831,1.);
#6831 = DIRECTION('',(0.,0.,1.));
#6832 = CARTESIAN_POINT('',(91.,16.,90.));
#6833 = CARTESIAN_POINT('',(91.,16.,102.7));
#6834 = GEOMETRIC_CURVE_SET('',(#6835));
#6835 = TRIMMED_CURVE('',#6836,(#6840,PARAMETER_VALUE(0.)),(#6841,
    PARAMETER_VALUE(57.9)),.T.,.PARAMETER.);
#6836 = LINE('',#6837,#6838);
#6837 = CARTESIAN_POINT('',(91.,16.,102.7));
#6838 = VECTOR('',#6839,1.);
#6839 = DIRECTION('',(0.,1.,0.));
#6840 = CARTESIAN_POINT('',(91.,16.,102.7));
#6841 = CARTESIAN_POINT('',(91.,73.9,102.7));
#6842 = GEOMETRIC_CURVE_SET('',(#6843));
#6843 = TRIMMED_CURVE('',#6844,(#6848,PARAMETER_VALUE(0.)),(#6849,
    PARAMETER_VALUE(12.7)),.T.,.PARAMETER.);
#6844 = LINE('',#6845,#6846);
#6845 = CARTESIAN_POINT('',(91.,73.9,90.));
#6846 = VECTOR('',#6847,1.);
#6847 = DIRECTION('',(0.,0.,1.));
#6848 = CARTESIAN_POINT('',(91.,73.9,90.));
#6849 = CARTESIAN_POINT('',(91.,73.9,102.7));
#6850 = GEOMETRIC_CURVE_SET('',(#6851));
#6851 = TRIMMED_CURVE('',#6852,(#6856,PARAMETER_VALUE(0.)),(#6857,
    PARAMETER_VALUE(57.9)),.T.,.PARAMETER.);
#6852 = LINE('',#6853,#6854);
#6853 = CARTESIAN_POINT('',(91.,16.,90.));
#6854 = VECTOR('',#6855,1.);
#6855 = DIRECTION('',(0.,1.,0.));
#6856 = CARTESIAN_POINT('',(91.,16.,90.));
#6857 = CARTESIAN_POINT('',(91.,73.9,90.));
#6858 = GEOMETRIC_CURVE_SET('',(#6859));
#6859 = TRIMMED_CURVE('',#6860,(#6864,PARAMETER_VALUE(0.)),(#6865,
    PARAMETER_VALUE(61.)),.T.,.PARAMETER.);
#6860 = LINE('',#6861,#6862);
#6861 = CARTESIAN_POINT('',(30.,16.,90.));
#6862 = VECTOR('',#6863,1.);
#6863 = DIRECTION('',(1.,0.,0.));
#6864 = CARTESIAN_POINT('',(30.,16.,90.));
#6865 = CARTESIAN_POINT('',(91.,16.,90.));
#6866 = GEOMETRIC_CURVE_SET('',(#6867));
#6867 = TRIMMED_CURVE('',#6868,(#6872,PARAMETER_VALUE(0.)),(#6873,
    PARAMETER_VALUE(61.)),.T.,.PARAMETER.);
#6868 = LINE('',#6869,#6870);
#6869 = CARTESIAN_POINT('',(30.,16.,102.7));
#6870 = VECTOR('',#6871,1.);
#6871 = DIRECTION('',(1.,0.,0.));
#6872 = CARTESIAN_POINT('',(30.,16.,102.7));
#6873 = CARTESIAN_POINT('',(91.,16.,102.7));
#6874 = GEOMETRIC_CURVE_SET('',(#6875));
#6875 = TRIMMED_CURVE('',#6876,(#6880,PARAMETER_VALUE(0.)),(#6881,
    PARAMETER_VALUE(61.)),.T.,.PARAMETER.);
#6876 = LINE('',#6877,#6878);
#6877 = CARTESIAN_POINT('',(30.,73.9,90.));
#6878 = VECTOR('',#6879,1.);
#6879 = DIRECTION('',(1.,0.,0.));
#6880 = CARTESIAN_POINT('',(30.,73.9,90.));
#6881 = CARTESIAN_POINT('',(91.,73.9,90.));
#6882 = GEOMETRIC_CURVE_SET('',(#6883));
#6883 = TRIMMED_CURVE('',#6884,(#6888,PARAMETER_VALUE(0.)),(#6889,
    PARAMETER_VALUE(61.)),.T.,.PARAMETER.);
#6884 = LINE('',#6885,#6886);
#6885 = CARTESIAN_POINT('',(30.,73.9,102.7));
#6886 = VECTOR('',#6887,1.);
#6887 = DIRECTION('',(1.,0.,0.));
#6888 = CARTESIAN_POINT('',(30.,73.9,102.7));
#6889 = CARTESIAN_POINT('',(91.,73.9,102.7));
#6890 = GEOMETRIC_CURVE_SET('',(#6891));
#6891 = TRIMMED_CURVE('',#6892,(#6896,PARAMETER_VALUE(0.)),(#6897,
    PARAMETER_VALUE(12.7)),.T.,.PARAMETER.);
#6892 = LINE('',#6893,#6894);
#6893 = CARTESIAN_POINT('',(30.,16.,103.));
#6894 = VECTOR('',#6895,1.);
#6895 = DIRECTION('',(0.,0.,1.));
#6896 = CARTESIAN_POINT('',(30.,16.,103.));
#6897 = CARTESIAN_POINT('',(30.,16.,115.7));
#6898 = GEOMETRIC_CURVE_SET('',(#6899));
#6899 = TRIMMED_CURVE('',#6900,(#6904,PARAMETER_VALUE(0.)),(#6905,
    PARAMETER_VALUE(58.)),.T.,.PARAMETER.);
#6900 = LINE('',#6901,#6902);
#6901 = CARTESIAN_POINT('',(30.,16.,115.7));
#6902 = VECTOR('',#6903,1.);
#6903 = DIRECTION('',(0.,1.,0.));
#6904 = CARTESIAN_POINT('',(30.,16.,115.7));
#6905 = CARTESIAN_POINT('',(30.,74.,115.7));
#6906 = GEOMETRIC_CURVE_SET('',(#6907));
#6907 = TRIMMED_CURVE('',#6908,(#6912,PARAMETER_VALUE(0.)),(#6913,
    PARAMETER_VALUE(12.7)),.T.,.PARAMETER.);
#6908 = LINE('',#6909,#6910);
#6909 = CARTESIAN_POINT('',(30.,74.,103.));
#6910 = VECTOR('',#6911,1.);
#6911 = DIRECTION('',(0.,0.,1.));
#6912 = CARTESIAN_POINT('',(30.,74.,103.));
#6913 = CARTESIAN_POINT('',(30.,74.,115.7));
#6914 = GEOMETRIC_CURVE_SET('',(#6915));
#6915 = TRIMMED_CURVE('',#6916,(#6920,PARAMETER_VALUE(0.)),(#6921,
    PARAMETER_VALUE(58.)),.T.,.PARAMETER.);
#6916 = LINE('',#6917,#6918);
#6917 = CARTESIAN_POINT('',(30.,16.,103.));
#6918 = VECTOR('',#6919,1.);
#6919 = DIRECTION('',(0.,1.,0.));
#6920 = CARTESIAN_POINT('',(30.,16.,103.));
#6921 = CARTESIAN_POINT('',(30.,74.,103.));
#6922 = GEOMETRIC_CURVE_SET('',(#6923));
#6923 = TRIMMED_CURVE('',#6924,(#6928,PARAMETER_VALUE(0.)),(#6929,
    PARAMETER_VALUE(12.7)),.T.,.PARAMETER.);
#6924 = LINE('',#6925,#6926);
#6925 = CARTESIAN_POINT('',(91.,16.,103.));
#6926 = VECTOR('',#6927,1.);
#6927 = DIRECTION('',(0.,0.,1.));
#6928 = CARTESIAN_POINT('',(91.,16.,103.));
#6929 = CARTESIAN_POINT('',(91.,16.,115.7));
#6930 = GEOMETRIC_CURVE_SET('',(#6931));
#6931 = TRIMMED_CURVE('',#6932,(#6936,PARAMETER_VALUE(0.)),(#6937,
    PARAMETER_VALUE(58.)),.T.,.PARAMETER.);
#6932 = LINE('',#6933,#6934);
#6933 = CARTESIAN_POINT('',(91.,16.,115.7));
#6934 = VECTOR('',#6935,1.);
#6935 = DIRECTION('',(0.,1.,0.));
#6936 = CARTESIAN_POINT('',(91.,16.,115.7));
#6937 = CARTESIAN_POINT('',(91.,74.,115.7));
#6938 = GEOMETRIC_CURVE_SET('',(#6939));
#6939 = TRIMMED_CURVE('',#6940,(#6944,PARAMETER_VALUE(0.)),(#6945,
    PARAMETER_VALUE(12.7)),.T.,.PARAMETER.);
#6940 = LINE('',#6941,#6942);
#6941 = CARTESIAN_POINT('',(91.,74.,103.));
#6942 = VECTOR('',#6943,1.);
#6943 = DIRECTION('',(0.,0.,1.));
#6944 = CARTESIAN_POINT('',(91.,74.,103.));
#6945 = CARTESIAN_POINT('',(91.,74.,115.7));
#6946 = GEOMETRIC_CURVE_SET('',(#6947));
#6947 = TRIMMED_CURVE('',#6948,(#6952,PARAMETER_VALUE(0.)),(#6953,
    PARAMETER_VALUE(58.)),.T.,.PARAMETER.);
#6948 = LINE('',#6949,#6950);
#6949 = CARTESIAN_POINT('',(91.,16.,103.));
#6950 = VECTOR('',#6951,1.);
#6951 = DIRECTION('',(0.,1.,0.));
#6952 = CARTESIAN_POINT('',(91.,16.,103.));
#6953 = CARTESIAN_POINT('',(91.,74.,103.));
#6954 = GEOMETRIC_CURVE_SET('',(#6955));
#6955 = TRIMMED_CURVE('',#6956,(#6960,PARAMETER_VALUE(0.)),(#6961,
    PARAMETER_VALUE(61.)),.T.,.PARAMETER.);
#6956 = LINE('',#6957,#6958);
#6957 = CARTESIAN_POINT('',(30.,16.,103.));
#6958 = VECTOR('',#6959,1.);
#6959 = DIRECTION('',(1.,0.,0.));
#6960 = CARTESIAN_POINT('',(30.,16.,103.));
#6961 = CARTESIAN_POINT('',(91.,16.,103.));
#6962 = GEOMETRIC_CURVE_SET('',(#6963));
#6963 = TRIMMED_CURVE('',#6964,(#6968,PARAMETER_VALUE(0.)),(#6969,
    PARAMETER_VALUE(61.)),.T.,.PARAMETER.);
#6964 = LINE('',#6965,#6966);
#6965 = CARTESIAN_POINT('',(30.,16.,115.7));
#6966 = VECTOR('',#6967,1.);
#6967 = DIRECTION('',(1.,0.,0.));
#6968 = CARTESIAN_POINT('',(30.,16.,115.7));
#6969 = CARTESIAN_POINT('',(91.,16.,115.7));
#6970 = GEOMETRIC_CURVE_SET('',(#6971));
#6971 = TRIMMED_CURVE('',#6972,(#6976,PARAMETER_VALUE(0.)),(#6977,
    PARAMETER_VALUE(61.)),.T.,.PARAMETER.);
#6972 = LINE('',#6973,#6974);
#6973 = CARTESIAN_POINT('',(30.,74.,103.));
#6974 = VECTOR('',#6975,1.);
#6975 = DIRECTION('',(1.,0.,0.));
#6976 = CARTESIAN_POINT('',(30.,74.,103.));
#6977 = CARTESIAN_POINT('',(91.,74.,103.));
#6978 = GEOMETRIC_CURVE_SET('',(#6979));
#6979 = TRIMMED_CURVE('',#6980,(#6984,PARAMETER_VALUE(0.)),(#6985,
    PARAMETER_VALUE(61.)),.T.,.PARAMETER.);
#6980 = LINE('',#6981,#6982);
#6981 = CARTESIAN_POINT('',(30.,74.,115.7));
#6982 = VECTOR('',#6983,1.);
#6983 = DIRECTION('',(1.,0.,0.));
#6984 = CARTESIAN_POINT('',(30.,74.,115.7));
#6985 = CARTESIAN_POINT('',(91.,74.,115.7));
#6986 = GEOMETRIC_CURVE_SET('',(#6987));
#6987 = TRIMMED_CURVE('',#6988,(#6992,PARAMETER_VALUE(0.)),(#6993,
    PARAMETER_VALUE(9.02)),.T.,.PARAMETER.);
#6988 = LINE('',#6989,#6990);
#6989 = CARTESIAN_POINT('',(108.,36.,90.));
#6990 = VECTOR('',#6991,1.);
#6991 = DIRECTION('',(0.,0.,1.));
#6992 = CARTESIAN_POINT('',(108.,36.,90.));
#6993 = CARTESIAN_POINT('',(108.,36.,99.02));
#6994 = GEOMETRIC_CURVE_SET('',(#6995));
#6995 = TRIMMED_CURVE('',#6996,(#7000,PARAMETER_VALUE(0.)),(#7001,
    PARAMETER_VALUE(43.18)),.T.,.PARAMETER.);
#6996 = LINE('',#6997,#6998);
#6997 = CARTESIAN_POINT('',(108.,36.,99.02));
#6998 = VECTOR('',#6999,1.);
#6999 = DIRECTION('',(0.,1.,0.));
#7000 = CARTESIAN_POINT('',(108.,36.,99.02));
#7001 = CARTESIAN_POINT('',(108.,79.18,99.02));
#7002 = GEOMETRIC_CURVE_SET('',(#7003));
#7003 = TRIMMED_CURVE('',#7004,(#7008,PARAMETER_VALUE(0.)),(#7009,
    PARAMETER_VALUE(9.02)),.T.,.PARAMETER.);
#7004 = LINE('',#7005,#7006);
#7005 = CARTESIAN_POINT('',(108.,79.18,90.));
#7006 = VECTOR('',#7007,1.);
#7007 = DIRECTION('',(0.,0.,1.));
#7008 = CARTESIAN_POINT('',(108.,79.18,90.));
#7009 = CARTESIAN_POINT('',(108.,79.18,99.02));
#7010 = GEOMETRIC_CURVE_SET('',(#7011));
#7011 = TRIMMED_CURVE('',#7012,(#7016,PARAMETER_VALUE(0.)),(#7017,
    PARAMETER_VALUE(43.18)),.T.,.PARAMETER.);
#7012 = LINE('',#7013,#7014);
#7013 = CARTESIAN_POINT('',(108.,36.,90.));
#7014 = VECTOR('',#7015,1.);
#7015 = DIRECTION('',(0.,1.,0.));
#7016 = CARTESIAN_POINT('',(108.,36.,90.));
#7017 = CARTESIAN_POINT('',(108.,79.18,90.));
#7018 = GEOMETRIC_CURVE_SET('',(#7019));
#7019 = TRIMMED_CURVE('',#7020,(#7024,PARAMETER_VALUE(0.)),(#7025,
    PARAMETER_VALUE(9.02)),.T.,.PARAMETER.);
#7020 = LINE('',#7021,#7022);
#7021 = CARTESIAN_POINT('',(139.75,36.,90.));
#7022 = VECTOR('',#7023,1.);
#7023 = DIRECTION('',(0.,0.,1.));
#7024 = CARTESIAN_POINT('',(139.75,36.,90.));
#7025 = CARTESIAN_POINT('',(139.75,36.,99.02));
#7026 = GEOMETRIC_CURVE_SET('',(#7027));
#7027 = TRIMMED_CURVE('',#7028,(#7032,PARAMETER_VALUE(0.)),(#7033,
    PARAMETER_VALUE(43.18)),.T.,.PARAMETER.);
#7028 = LINE('',#7029,#7030);
#7029 = CARTESIAN_POINT('',(139.75,36.,99.02));
#7030 = VECTOR('',#7031,1.);
#7031 = DIRECTION('',(0.,1.,0.));
#7032 = CARTESIAN_POINT('',(139.75,36.,99.02));
#7033 = CARTESIAN_POINT('',(139.75,79.18,99.02));
#7034 = GEOMETRIC_CURVE_SET('',(#7035));
#7035 = TRIMMED_CURVE('',#7036,(#7040,PARAMETER_VALUE(0.)),(#7041,
    PARAMETER_VALUE(9.02)),.T.,.PARAMETER.);
#7036 = LINE('',#7037,#7038);
#7037 = CARTESIAN_POINT('',(139.75,79.18,90.));
#7038 = VECTOR('',#7039,1.);
#7039 = DIRECTION('',(0.,0.,1.));
#7040 = CARTESIAN_POINT('',(139.75,79.18,90.));
#7041 = CARTESIAN_POINT('',(139.75,79.18,99.02));
#7042 = GEOMETRIC_CURVE_SET('',(#7043));
#7043 = TRIMMED_CURVE('',#7044,(#7048,PARAMETER_VALUE(0.)),(#7049,
    PARAMETER_VALUE(43.18)),.T.,.PARAMETER.);
#7044 = LINE('',#7045,#7046);
#7045 = CARTESIAN_POINT('',(139.75,36.,90.));
#7046 = VECTOR('',#7047,1.);
#7047 = DIRECTION('',(0.,1.,0.));
#7048 = CARTESIAN_POINT('',(139.75,36.,90.));
#7049 = CARTESIAN_POINT('',(139.75,79.18,90.));
#7050 = GEOMETRIC_CURVE_SET('',(#7051));
#7051 = TRIMMED_CURVE('',#7052,(#7056,PARAMETER_VALUE(0.)),(#7057,
    PARAMETER_VALUE(31.75)),.T.,.PARAMETER.);
#7052 = LINE('',#7053,#7054);
#7053 = CARTESIAN_POINT('',(108.,36.,90.));
#7054 = VECTOR('',#7055,1.);
#7055 = DIRECTION('',(1.,0.,0.));
#7056 = CARTESIAN_POINT('',(108.,36.,90.));
#7057 = CARTESIAN_POINT('',(139.75,36.,90.));
#7058 = GEOMETRIC_CURVE_SET('',(#7059));
#7059 = TRIMMED_CURVE('',#7060,(#7064,PARAMETER_VALUE(0.)),(#7065,
    PARAMETER_VALUE(31.75)),.T.,.PARAMETER.);
#7060 = LINE('',#7061,#7062);
#7061 = CARTESIAN_POINT('',(108.,36.,99.02));
#7062 = VECTOR('',#7063,1.);
#7063 = DIRECTION('',(1.,0.,0.));
#7064 = CARTESIAN_POINT('',(108.,36.,99.02));
#7065 = CARTESIAN_POINT('',(139.75,36.,99.02));
#7066 = GEOMETRIC_CURVE_SET('',(#7067));
#7067 = TRIMMED_CURVE('',#7068,(#7072,PARAMETER_VALUE(0.)),(#7073,
    PARAMETER_VALUE(31.75)),.T.,.PARAMETER.);
#7068 = LINE('',#7069,#7070);
#7069 = CARTESIAN_POINT('',(108.,79.18,90.));
#7070 = VECTOR('',#7071,1.);
#7071 = DIRECTION('',(1.,0.,0.));
#7072 = CARTESIAN_POINT('',(108.,79.18,90.));
#7073 = CARTESIAN_POINT('',(139.75,79.18,90.));
#7074 = GEOMETRIC_CURVE_SET('',(#7075));
#7075 = TRIMMED_CURVE('',#7076,(#7080,PARAMETER_VALUE(0.)),(#7081,
    PARAMETER_VALUE(31.75)),.T.,.PARAMETER.);
#7076 = LINE('',#7077,#7078);
#7077 = CARTESIAN_POINT('',(108.,79.18,99.02));
#7078 = VECTOR('',#7079,1.);
#7079 = DIRECTION('',(1.,0.,0.));
#7080 = CARTESIAN_POINT('',(108.,79.18,99.02));
#7081 = CARTESIAN_POINT('',(139.75,79.18,99.02));
#7082 = GEOMETRIC_CURVE_SET('',(#7083));
#7083 = TRIMMED_CURVE('',#7084,(#7088,PARAMETER_VALUE(0.)),(#7089,
    PARAMETER_VALUE(12.)),.T.,.PARAMETER.);
#7084 = LINE('',#7085,#7086);
#7085 = CARTESIAN_POINT('',(40.,21.,118.));
#7086 = VECTOR('',#7087,1.);
#7087 = DIRECTION('',(0.,0.,1.));
#7088 = CARTESIAN_POINT('',(40.,21.,118.));
#7089 = CARTESIAN_POINT('',(40.,21.,130.));
#7090 = GEOMETRIC_CURVE_SET('',(#7091));
#7091 = TRIMMED_CURVE('',#7092,(#7096,PARAMETER_VALUE(0.)),(#7097,
    PARAMETER_VALUE(40.)),.T.,.PARAMETER.);
#7092 = LINE('',#7093,#7094);
#7093 = CARTESIAN_POINT('',(40.,21.,130.));
#7094 = VECTOR('',#7095,1.);
#7095 = DIRECTION('',(0.,1.,0.));
#7096 = CARTESIAN_POINT('',(40.,21.,130.));
#7097 = CARTESIAN_POINT('',(40.,61.,130.));
#7098 = GEOMETRIC_CURVE_SET('',(#7099));
#7099 = TRIMMED_CURVE('',#7100,(#7104,PARAMETER_VALUE(0.)),(#7105,
    PARAMETER_VALUE(12.)),.T.,.PARAMETER.);
#7100 = LINE('',#7101,#7102);
#7101 = CARTESIAN_POINT('',(40.,61.,118.));
#7102 = VECTOR('',#7103,1.);
#7103 = DIRECTION('',(0.,0.,1.));
#7104 = CARTESIAN_POINT('',(40.,61.,118.));
#7105 = CARTESIAN_POINT('',(40.,61.,130.));
#7106 = GEOMETRIC_CURVE_SET('',(#7107));
#7107 = TRIMMED_CURVE('',#7108,(#7112,PARAMETER_VALUE(0.)),(#7113,
    PARAMETER_VALUE(40.)),.T.,.PARAMETER.);
#7108 = LINE('',#7109,#7110);
#7109 = CARTESIAN_POINT('',(40.,21.,118.));
#7110 = VECTOR('',#7111,1.);
#7111 = DIRECTION('',(0.,1.,0.));
#7112 = CARTESIAN_POINT('',(40.,21.,118.));
#7113 = CARTESIAN_POINT('',(40.,61.,118.));
#7114 = GEOMETRIC_CURVE_SET('',(#7115));
#7115 = TRIMMED_CURVE('',#7116,(#7120,PARAMETER_VALUE(0.)),(#7121,
    PARAMETER_VALUE(12.)),.T.,.PARAMETER.);
#7116 = LINE('',#7117,#7118);
#7117 = CARTESIAN_POINT('',(80.,21.,118.));
#7118 = VECTOR('',#7119,1.);
#7119 = DIRECTION('',(0.,0.,1.));
#7120 = CARTESIAN_POINT('',(80.,21.,118.));
#7121 = CARTESIAN_POINT('',(80.,21.,130.));
#7122 = GEOMETRIC_CURVE_SET('',(#7123));
#7123 = TRIMMED_CURVE('',#7124,(#7128,PARAMETER_VALUE(0.)),(#7129,
    PARAMETER_VALUE(40.)),.T.,.PARAMETER.);
#7124 = LINE('',#7125,#7126);
#7125 = CARTESIAN_POINT('',(80.,21.,130.));
#7126 = VECTOR('',#7127,1.);
#7127 = DIRECTION('',(0.,1.,0.));
#7128 = CARTESIAN_POINT('',(80.,21.,130.));
#7129 = CARTESIAN_POINT('',(80.,61.,130.));
#7130 = GEOMETRIC_CURVE_SET('',(#7131));
#7131 = TRIMMED_CURVE('',#7132,(#7136,PARAMETER_VALUE(0.)),(#7137,
    PARAMETER_VALUE(12.)),.T.,.PARAMETER.);
#7132 = LINE('',#7133,#7134);
#7133 = CARTESIAN_POINT('',(80.,61.,118.));
#7134 = VECTOR('',#7135,1.);
#7135 = DIRECTION('',(0.,0.,1.));
#7136 = CARTESIAN_POINT('',(80.,61.,118.));
#7137 = CARTESIAN_POINT('',(80.,61.,130.));
#7138 = GEOMETRIC_CURVE_SET('',(#7139));
#7139 = TRIMMED_CURVE('',#7140,(#7144,PARAMETER_VALUE(0.)),(#7145,
    PARAMETER_VALUE(40.)),.T.,.PARAMETER.);
#7140 = LINE('',#7141,#7142);
#7141 = CARTESIAN_POINT('',(80.,21.,118.));
#7142 = VECTOR('',#7143,1.);
#7143 = DIRECTION('',(0.,1.,0.));
#7144 = CARTESIAN_POINT('',(80.,21.,118.));
#7145 = CARTESIAN_POINT('',(80.,61.,118.));
#7146 = GEOMETRIC_CURVE_SET('',(#7147));
#7147 = TRIMMED_CURVE('',#7148,(#7152,PARAMETER_VALUE(0.)),(#7153,
    PARAMETER_VALUE(40.)),.T.,.PARAMETER.);
#7148 = LINE('',#7149,#7150);
#7149 = CARTESIAN_POINT('',(40.,21.,118.));
#7150 = VECTOR('',#7151,1.);
#7151 = DIRECTION('',(1.,0.,0.));
#7152 = CARTESIAN_POINT('',(40.,21.,118.));
#7153 = CARTESIAN_POINT('',(80.,21.,118.));
#7154 = GEOMETRIC_CURVE_SET('',(#7155));
#7155 = TRIMMED_CURVE('',#7156,(#7160,PARAMETER_VALUE(0.)),(#7161,
    PARAMETER_VALUE(40.)),.T.,.PARAMETER.);
#7156 = LINE('',#7157,#7158);
#7157 = CARTESIAN_POINT('',(40.,21.,130.));
#7158 = VECTOR('',#7159,1.);
#7159 = DIRECTION('',(1.,0.,0.));
#7160 = CARTESIAN_POINT('',(40.,21.,130.));
#7161 = CARTESIAN_POINT('',(80.,21.,130.));
#7162 = GEOMETRIC_CURVE_SET('',(#7163));
#7163 = TRIMMED_CURVE('',#7164,(#7168,PARAMETER_VALUE(0.)),(#7169,
    PARAMETER_VALUE(40.)),.T.,.PARAMETER.);
#7164 = LINE('',#7165,#7166);
#7165 = CARTESIAN_POINT('',(40.,61.,118.));
#7166 = VECTOR('',#7167,1.);
#7167 = DIRECTION('',(1.,0.,0.));
#7168 = CARTESIAN_POINT('',(40.,61.,118.));
#7169 = CARTESIAN_POINT('',(80.,61.,118.));
#7170 = GEOMETRIC_CURVE_SET('',(#7171));
#7171 = TRIMMED_CURVE('',#7172,(#7176,PARAMETER_VALUE(0.)),(#7177,
    PARAMETER_VALUE(40.)),.T.,.PARAMETER.);
#7172 = LINE('',#7173,#7174);
#7173 = CARTESIAN_POINT('',(40.,61.,130.));
#7174 = VECTOR('',#7175,1.);
#7175 = DIRECTION('',(1.,0.,0.));
#7176 = CARTESIAN_POINT('',(40.,61.,130.));
#7177 = CARTESIAN_POINT('',(80.,61.,130.));
#7178 = GEOMETRIC_CURVE_SET('',(#7179));
#7179 = TRIMMED_CURVE('',#7180,(#7184,PARAMETER_VALUE(0.)),(#7185,
    PARAMETER_VALUE(14.)),.T.,.PARAMETER.);
#7180 = LINE('',#7181,#7182);
#7181 = CARTESIAN_POINT('',(93.,31.,90.));
#7182 = VECTOR('',#7183,1.);
#7183 = DIRECTION('',(0.,0.,1.));
#7184 = CARTESIAN_POINT('',(93.,31.,90.));
#7185 = CARTESIAN_POINT('',(93.,31.,104.));
#7186 = GEOMETRIC_CURVE_SET('',(#7187));
#7187 = TRIMMED_CURVE('',#7188,(#7192,PARAMETER_VALUE(0.)),(#7193,
    PARAMETER_VALUE(48.)),.T.,.PARAMETER.);
#7188 = LINE('',#7189,#7190);
#7189 = CARTESIAN_POINT('',(93.,31.,104.));
#7190 = VECTOR('',#7191,1.);
#7191 = DIRECTION('',(0.,1.,0.));
#7192 = CARTESIAN_POINT('',(93.,31.,104.));
#7193 = CARTESIAN_POINT('',(93.,79.,104.));
#7194 = GEOMETRIC_CURVE_SET('',(#7195));
#7195 = TRIMMED_CURVE('',#7196,(#7200,PARAMETER_VALUE(0.)),(#7201,
    PARAMETER_VALUE(14.)),.T.,.PARAMETER.);
#7196 = LINE('',#7197,#7198);
#7197 = CARTESIAN_POINT('',(93.,79.,90.));
#7198 = VECTOR('',#7199,1.);
#7199 = DIRECTION('',(0.,0.,1.));
#7200 = CARTESIAN_POINT('',(93.,79.,90.));
#7201 = CARTESIAN_POINT('',(93.,79.,104.));
#7202 = GEOMETRIC_CURVE_SET('',(#7203));
#7203 = TRIMMED_CURVE('',#7204,(#7208,PARAMETER_VALUE(0.)),(#7209,
    PARAMETER_VALUE(48.)),.T.,.PARAMETER.);
#7204 = LINE('',#7205,#7206);
#7205 = CARTESIAN_POINT('',(93.,31.,90.));
#7206 = VECTOR('',#7207,1.);
#7207 = DIRECTION('',(0.,1.,0.));
#7208 = CARTESIAN_POINT('',(93.,31.,90.));
#7209 = CARTESIAN_POINT('',(93.,79.,90.));
#7210 = GEOMETRIC_CURVE_SET('',(#7211));
#7211 = TRIMMED_CURVE('',#7212,(#7216,PARAMETER_VALUE(0.)),(#7217,
    PARAMETER_VALUE(14.)),.T.,.PARAMETER.);
#7212 = LINE('',#7213,#7214);
#7213 = CARTESIAN_POINT('',(108.,31.,90.));
#7214 = VECTOR('',#7215,1.);
#7215 = DIRECTION('',(0.,0.,1.));
#7216 = CARTESIAN_POINT('',(108.,31.,90.));
#7217 = CARTESIAN_POINT('',(108.,31.,104.));
#7218 = GEOMETRIC_CURVE_SET('',(#7219));
#7219 = TRIMMED_CURVE('',#7220,(#7224,PARAMETER_VALUE(0.)),(#7225,
    PARAMETER_VALUE(48.)),.T.,.PARAMETER.);
#7220 = LINE('',#7221,#7222);
#7221 = CARTESIAN_POINT('',(108.,31.,104.));
#7222 = VECTOR('',#7223,1.);
#7223 = DIRECTION('',(0.,1.,0.));
#7224 = CARTESIAN_POINT('',(108.,31.,104.));
#7225 = CARTESIAN_POINT('',(108.,79.,104.));
#7226 = GEOMETRIC_CURVE_SET('',(#7227));
#7227 = TRIMMED_CURVE('',#7228,(#7232,PARAMETER_VALUE(0.)),(#7233,
    PARAMETER_VALUE(14.)),.T.,.PARAMETER.);
#7228 = LINE('',#7229,#7230);
#7229 = CARTESIAN_POINT('',(108.,79.,90.));
#7230 = VECTOR('',#7231,1.);
#7231 = DIRECTION('',(0.,0.,1.));
#7232 = CARTESIAN_POINT('',(108.,79.,90.));
#7233 = CARTESIAN_POINT('',(108.,79.,104.));
#7234 = GEOMETRIC_CURVE_SET('',(#7235));
#7235 = TRIMMED_CURVE('',#7236,(#7240,PARAMETER_VALUE(0.)),(#7241,
    PARAMETER_VALUE(48.)),.T.,.PARAMETER.);
#7236 = LINE('',#7237,#7238);
#7237 = CARTESIAN_POINT('',(108.,31.,90.));
#7238 = VECTOR('',#7239,1.);
#7239 = DIRECTION('',(0.,1.,0.));
#7240 = CARTESIAN_POINT('',(108.,31.,90.));
#7241 = CARTESIAN_POINT('',(108.,79.,90.));
#7242 = GEOMETRIC_CURVE_SET('',(#7243));
#7243 = TRIMMED_CURVE('',#7244,(#7248,PARAMETER_VALUE(0.)),(#7249,
    PARAMETER_VALUE(15.)),.T.,.PARAMETER.);
#7244 = LINE('',#7245,#7246);
#7245 = CARTESIAN_POINT('',(93.,31.,90.));
#7246 = VECTOR('',#7247,1.);
#7247 = DIRECTION('',(1.,0.,0.));
#7248 = CARTESIAN_POINT('',(93.,31.,90.));
#7249 = CARTESIAN_POINT('',(108.,31.,90.));
#7250 = GEOMETRIC_CURVE_SET('',(#7251));
#7251 = TRIMMED_CURVE('',#7252,(#7256,PARAMETER_VALUE(0.)),(#7257,
    PARAMETER_VALUE(15.)),.T.,.PARAMETER.);
#7252 = LINE('',#7253,#7254);
#7253 = CARTESIAN_POINT('',(93.,31.,104.));
#7254 = VECTOR('',#7255,1.);
#7255 = DIRECTION('',(1.,0.,0.));
#7256 = CARTESIAN_POINT('',(93.,31.,104.));
#7257 = CARTESIAN_POINT('',(108.,31.,104.));
#7258 = GEOMETRIC_CURVE_SET('',(#7259));
#7259 = TRIMMED_CURVE('',#7260,(#7264,PARAMETER_VALUE(0.)),(#7265,
    PARAMETER_VALUE(15.)),.T.,.PARAMETER.);
#7260 = LINE('',#7261,#7262);
#7261 = CARTESIAN_POINT('',(93.,79.,90.));
#7262 = VECTOR('',#7263,1.);
#7263 = DIRECTION('',(1.,0.,0.));
#7264 = CARTESIAN_POINT('',(93.,79.,90.));
#7265 = CARTESIAN_POINT('',(108.,79.,90.));
#7266 = GEOMETRIC_CURVE_SET('',(#7267));
#7267 = TRIMMED_CURVE('',#7268,(#7272,PARAMETER_VALUE(0.)),(#7273,
    PARAMETER_VALUE(15.)),.T.,.PARAMETER.);
#7268 = LINE('',#7269,#7270);
#7269 = CARTESIAN_POINT('',(93.,79.,104.));
#7270 = VECTOR('',#7271,1.);
#7271 = DIRECTION('',(1.,0.,0.));
#7272 = CARTESIAN_POINT('',(93.,79.,104.));
#7273 = CARTESIAN_POINT('',(108.,79.,104.));
#7274 = GEOMETRIC_CURVE_SET('',(#7275));
#7275 = TRIMMED_CURVE('',#7276,(#7280,PARAMETER_VALUE(0.)),(#7281,
    PARAMETER_VALUE(25.)),.T.,.PARAMETER.);
#7276 = LINE('',#7277,#7278);
#7277 = CARTESIAN_POINT('',(111.,60.,106.));
#7278 = VECTOR('',#7279,1.);
#7279 = DIRECTION('',(0.,0.,1.));
#7280 = CARTESIAN_POINT('',(111.,60.,106.));
#7281 = CARTESIAN_POINT('',(111.,60.,131.));
#7282 = GEOMETRIC_CURVE_SET('',(#7283));
#7283 = TRIMMED_CURVE('',#7284,(#7288,PARAMETER_VALUE(0.)),(#7289,
    PARAMETER_VALUE(16.)),.T.,.PARAMETER.);
#7284 = LINE('',#7285,#7286);
#7285 = CARTESIAN_POINT('',(111.,60.,131.));
#7286 = VECTOR('',#7287,1.);
#7287 = DIRECTION('',(0.,1.,0.));
#7288 = CARTESIAN_POINT('',(111.,60.,131.));
#7289 = CARTESIAN_POINT('',(111.,76.,131.));
#7290 = GEOMETRIC_CURVE_SET('',(#7291));
#7291 = TRIMMED_CURVE('',#7292,(#7296,PARAMETER_VALUE(0.)),(#7297,
    PARAMETER_VALUE(25.)),.T.,.PARAMETER.);
#7292 = LINE('',#7293,#7294);
#7293 = CARTESIAN_POINT('',(111.,76.,106.));
#7294 = VECTOR('',#7295,1.);
#7295 = DIRECTION('',(0.,0.,1.));
#7296 = CARTESIAN_POINT('',(111.,76.,106.));
#7297 = CARTESIAN_POINT('',(111.,76.,131.));
#7298 = GEOMETRIC_CURVE_SET('',(#7299));
#7299 = TRIMMED_CURVE('',#7300,(#7304,PARAMETER_VALUE(0.)),(#7305,
    PARAMETER_VALUE(16.)),.T.,.PARAMETER.);
#7300 = LINE('',#7301,#7302);
#7301 = CARTESIAN_POINT('',(111.,60.,106.));
#7302 = VECTOR('',#7303,1.);
#7303 = DIRECTION('',(0.,1.,0.));
#7304 = CARTESIAN_POINT('',(111.,60.,106.));
#7305 = CARTESIAN_POINT('',(111.,76.,106.));
#7306 = GEOMETRIC_CURVE_SET('',(#7307));
#7307 = TRIMMED_CURVE('',#7308,(#7312,PARAMETER_VALUE(0.)),(#7313,
    PARAMETER_VALUE(25.)),.T.,.PARAMETER.);
#7308 = LINE('',#7309,#7310);
#7309 = CARTESIAN_POINT('',(127.,60.,106.));
#7310 = VECTOR('',#7311,1.);
#7311 = DIRECTION('',(0.,0.,1.));
#7312 = CARTESIAN_POINT('',(127.,60.,106.));
#7313 = CARTESIAN_POINT('',(127.,60.,131.));
#7314 = GEOMETRIC_CURVE_SET('',(#7315));
#7315 = TRIMMED_CURVE('',#7316,(#7320,PARAMETER_VALUE(0.)),(#7321,
    PARAMETER_VALUE(16.)),.T.,.PARAMETER.);
#7316 = LINE('',#7317,#7318);
#7317 = CARTESIAN_POINT('',(127.,60.,131.));
#7318 = VECTOR('',#7319,1.);
#7319 = DIRECTION('',(0.,1.,0.));
#7320 = CARTESIAN_POINT('',(127.,60.,131.));
#7321 = CARTESIAN_POINT('',(127.,76.,131.));
#7322 = GEOMETRIC_CURVE_SET('',(#7323));
#7323 = TRIMMED_CURVE('',#7324,(#7328,PARAMETER_VALUE(0.)),(#7329,
    PARAMETER_VALUE(25.)),.T.,.PARAMETER.);
#7324 = LINE('',#7325,#7326);
#7325 = CARTESIAN_POINT('',(127.,76.,106.));
#7326 = VECTOR('',#7327,1.);
#7327 = DIRECTION('',(0.,0.,1.));
#7328 = CARTESIAN_POINT('',(127.,76.,106.));
#7329 = CARTESIAN_POINT('',(127.,76.,131.));
#7330 = GEOMETRIC_CURVE_SET('',(#7331));
#7331 = TRIMMED_CURVE('',#7332,(#7336,PARAMETER_VALUE(0.)),(#7337,
    PARAMETER_VALUE(16.)),.T.,.PARAMETER.);
#7332 = LINE('',#7333,#7334);
#7333 = CARTESIAN_POINT('',(127.,60.,106.));
#7334 = VECTOR('',#7335,1.);
#7335 = DIRECTION('',(0.,1.,0.));
#7336 = CARTESIAN_POINT('',(127.,60.,106.));
#7337 = CARTESIAN_POINT('',(127.,76.,106.));
#7338 = GEOMETRIC_CURVE_SET('',(#7339));
#7339 = TRIMMED_CURVE('',#7340,(#7344,PARAMETER_VALUE(0.)),(#7345,
    PARAMETER_VALUE(16.)),.T.,.PARAMETER.);
#7340 = LINE('',#7341,#7342);
#7341 = CARTESIAN_POINT('',(111.,60.,106.));
#7342 = VECTOR('',#7343,1.);
#7343 = DIRECTION('',(1.,0.,0.));
#7344 = CARTESIAN_POINT('',(111.,60.,106.));
#7345 = CARTESIAN_POINT('',(127.,60.,106.));
#7346 = GEOMETRIC_CURVE_SET('',(#7347));
#7347 = TRIMMED_CURVE('',#7348,(#7352,PARAMETER_VALUE(0.)),(#7353,
    PARAMETER_VALUE(16.)),.T.,.PARAMETER.);
#7348 = LINE('',#7349,#7350);
#7349 = CARTESIAN_POINT('',(111.,60.,131.));
#7350 = VECTOR('',#7351,1.);
#7351 = DIRECTION('',(1.,0.,0.));
#7352 = CARTESIAN_POINT('',(111.,60.,131.));
#7353 = CARTESIAN_POINT('',(127.,60.,131.));
#7354 = GEOMETRIC_CURVE_SET('',(#7355));
#7355 = TRIMMED_CURVE('',#7356,(#7360,PARAMETER_VALUE(0.)),(#7361,
    PARAMETER_VALUE(16.)),.T.,.PARAMETER.);
#7356 = LINE('',#7357,#7358);
#7357 = CARTESIAN_POINT('',(111.,76.,106.));
#7358 = VECTOR('',#7359,1.);
#7359 = DIRECTION('',(1.,0.,0.));
#7360 = CARTESIAN_POINT('',(111.,76.,106.));
#7361 = CARTESIAN_POINT('',(127.,76.,106.));
#7362 = GEOMETRIC_CURVE_SET('',(#7363));
#7363 = TRIMMED_CURVE('',#7364,(#7368,PARAMETER_VALUE(0.)),(#7369,
    PARAMETER_VALUE(16.)),.T.,.PARAMETER.);
#7364 = LINE('',#7365,#7366);
#7365 = CARTESIAN_POINT('',(111.,76.,131.));
#7366 = VECTOR('',#7367,1.);
#7367 = DIRECTION('',(1.,0.,0.));
#7368 = CARTESIAN_POINT('',(111.,76.,131.));
#7369 = CARTESIAN_POINT('',(127.,76.,131.));
#7370 = GEOMETRIC_CURVE_SET('',(#7371));
#7371 = TRIMMED_CURVE('',#7372,(#7376,PARAMETER_VALUE(0.)),(#7377,
    PARAMETER_VALUE(12.)),.T.,.PARAMETER.);
#7372 = LINE('',#7373,#7374);
#7373 = CARTESIAN_POINT('',(108.,35.,117.));
#7374 = VECTOR('',#7375,1.);
#7375 = DIRECTION('',(0.,0.,1.));
#7376 = CARTESIAN_POINT('',(108.,35.,117.));
#7377 = CARTESIAN_POINT('',(108.,35.,129.));
#7378 = GEOMETRIC_CURVE_SET('',(#7379));
#7379 = TRIMMED_CURVE('',#7380,(#7384,PARAMETER_VALUE(0.)),(#7385,
    PARAMETER_VALUE(20.)),.T.,.PARAMETER.);
#7380 = LINE('',#7381,#7382);
#7381 = CARTESIAN_POINT('',(108.,35.,129.));
#7382 = VECTOR('',#7383,1.);
#7383 = DIRECTION('',(0.,1.,0.));
#7384 = CARTESIAN_POINT('',(108.,35.,129.));
#7385 = CARTESIAN_POINT('',(108.,55.,129.));
#7386 = GEOMETRIC_CURVE_SET('',(#7387));
#7387 = TRIMMED_CURVE('',#7388,(#7392,PARAMETER_VALUE(0.)),(#7393,
    PARAMETER_VALUE(12.)),.T.,.PARAMETER.);
#7388 = LINE('',#7389,#7390);
#7389 = CARTESIAN_POINT('',(108.,55.,117.));
#7390 = VECTOR('',#7391,1.);
#7391 = DIRECTION('',(0.,0.,1.));
#7392 = CARTESIAN_POINT('',(108.,55.,117.));
#7393 = CARTESIAN_POINT('',(108.,55.,129.));
#7394 = GEOMETRIC_CURVE_SET('',(#7395));
#7395 = TRIMMED_CURVE('',#7396,(#7400,PARAMETER_VALUE(0.)),(#7401,
    PARAMETER_VALUE(20.)),.T.,.PARAMETER.);
#7396 = LINE('',#7397,#7398);
#7397 = CARTESIAN_POINT('',(108.,35.,117.));
#7398 = VECTOR('',#7399,1.);
#7399 = DIRECTION('',(0.,1.,0.));
#7400 = CARTESIAN_POINT('',(108.,35.,117.));
#7401 = CARTESIAN_POINT('',(108.,55.,117.));
#7402 = GEOMETRIC_CURVE_SET('',(#7403));
#7403 = TRIMMED_CURVE('',#7404,(#7408,PARAMETER_VALUE(0.)),(#7409,
    PARAMETER_VALUE(12.)),.T.,.PARAMETER.);
#7404 = LINE('',#7405,#7406);
#7405 = CARTESIAN_POINT('',(138.,35.,117.));
#7406 = VECTOR('',#7407,1.);
#7407 = DIRECTION('',(0.,0.,1.));
#7408 = CARTESIAN_POINT('',(138.,35.,117.));
#7409 = CARTESIAN_POINT('',(138.,35.,129.));
#7410 = GEOMETRIC_CURVE_SET('',(#7411));
#7411 = TRIMMED_CURVE('',#7412,(#7416,PARAMETER_VALUE(0.)),(#7417,
    PARAMETER_VALUE(20.)),.T.,.PARAMETER.);
#7412 = LINE('',#7413,#7414);
#7413 = CARTESIAN_POINT('',(138.,35.,129.));
#7414 = VECTOR('',#7415,1.);
#7415 = DIRECTION('',(0.,1.,0.));
#7416 = CARTESIAN_POINT('',(138.,35.,129.));
#7417 = CARTESIAN_POINT('',(138.,55.,129.));
#7418 = GEOMETRIC_CURVE_SET('',(#7419));
#7419 = TRIMMED_CURVE('',#7420,(#7424,PARAMETER_VALUE(0.)),(#7425,
    PARAMETER_VALUE(12.)),.T.,.PARAMETER.);
#7420 = LINE('',#7421,#7422);
#7421 = CARTESIAN_POINT('',(138.,55.,117.));
#7422 = VECTOR('',#7423,1.);
#7423 = DIRECTION('',(0.,0.,1.));
#7424 = CARTESIAN_POINT('',(138.,55.,117.));
#7425 = CARTESIAN_POINT('',(138.,55.,129.));
#7426 = GEOMETRIC_CURVE_SET('',(#7427));
#7427 = TRIMMED_CURVE('',#7428,(#7432,PARAMETER_VALUE(0.)),(#7433,
    PARAMETER_VALUE(20.)),.T.,.PARAMETER.);
#7428 = LINE('',#7429,#7430);
#7429 = CARTESIAN_POINT('',(138.,35.,117.));
#7430 = VECTOR('',#7431,1.);
#7431 = DIRECTION('',(0.,1.,0.));
#7432 = CARTESIAN_POINT('',(138.,35.,117.));
#7433 = CARTESIAN_POINT('',(138.,55.,117.));
#7434 = GEOMETRIC_CURVE_SET('',(#7435));
#7435 = TRIMMED_CURVE('',#7436,(#7440,PARAMETER_VALUE(0.)),(#7441,
    PARAMETER_VALUE(30.)),.T.,.PARAMETER.);
#7436 = LINE('',#7437,#7438);
#7437 = CARTESIAN_POINT('',(108.,35.,117.));
#7438 = VECTOR('',#7439,1.);
#7439 = DIRECTION('',(1.,0.,0.));
#7440 = CARTESIAN_POINT('',(108.,35.,117.));
#7441 = CARTESIAN_POINT('',(138.,35.,117.));
#7442 = GEOMETRIC_CURVE_SET('',(#7443));
#7443 = TRIMMED_CURVE('',#7444,(#7448,PARAMETER_VALUE(0.)),(#7449,
    PARAMETER_VALUE(30.)),.T.,.PARAMETER.);
#7444 = LINE('',#7445,#7446);
#7445 = CARTESIAN_POINT('',(108.,35.,129.));
#7446 = VECTOR('',#7447,1.);
#7447 = DIRECTION('',(1.,0.,0.));
#7448 = CARTESIAN_POINT('',(108.,35.,129.));
#7449 = CARTESIAN_POINT('',(138.,35.,129.));
#7450 = GEOMETRIC_CURVE_SET('',(#7451));
#7451 = TRIMMED_CURVE('',#7452,(#7456,PARAMETER_VALUE(0.)),(#7457,
    PARAMETER_VALUE(30.)),.T.,.PARAMETER.);
#7452 = LINE('',#7453,#7454);
#7453 = CARTESIAN_POINT('',(108.,55.,117.));
#7454 = VECTOR('',#7455,1.);
#7455 = DIRECTION('',(1.,0.,0.));
#7456 = CARTESIAN_POINT('',(108.,55.,117.));
#7457 = CARTESIAN_POINT('',(138.,55.,117.));
#7458 = GEOMETRIC_CURVE_SET('',(#7459));
#7459 = TRIMMED_CURVE('',#7460,(#7464,PARAMETER_VALUE(0.)),(#7465,
    PARAMETER_VALUE(30.)),.T.,.PARAMETER.);
#7460 = LINE('',#7461,#7462);
#7461 = CARTESIAN_POINT('',(108.,55.,129.));
#7462 = VECTOR('',#7463,1.);
#7463 = DIRECTION('',(1.,0.,0.));
#7464 = CARTESIAN_POINT('',(108.,55.,129.));
#7465 = CARTESIAN_POINT('',(138.,55.,129.));
#7466 = GEOMETRIC_CURVE_SET('',(#7467));
#7467 = TRIMMED_CURVE('',#7468,(#7472,PARAMETER_VALUE(0.)),(#7473,
    PARAMETER_VALUE(1.)),.T.,.PARAMETER.);
#7468 = LINE('',#7469,#7470);
#7469 = CARTESIAN_POINT('',(26.,13.,86.));
#7470 = VECTOR('',#7471,1.);
#7471 = DIRECTION('',(0.,0.,1.));
#7472 = CARTESIAN_POINT('',(26.,13.,86.));
#7473 = CARTESIAN_POINT('',(26.,13.,87.));
#7474 = GEOMETRIC_CURVE_SET('',(#7475));
#7475 = TRIMMED_CURVE('',#7476,(#7480,PARAMETER_VALUE(0.)),(#7481,
    PARAMETER_VALUE(70.)),.T.,.PARAMETER.);
#7476 = LINE('',#7477,#7478);
#7477 = CARTESIAN_POINT('',(26.,13.,87.));
#7478 = VECTOR('',#7479,1.);
#7479 = DIRECTION('',(0.,1.,0.));
#7480 = CARTESIAN_POINT('',(26.,13.,87.));
#7481 = CARTESIAN_POINT('',(26.,83.,87.));
#7482 = GEOMETRIC_CURVE_SET('',(#7483));
#7483 = TRIMMED_CURVE('',#7484,(#7488,PARAMETER_VALUE(0.)),(#7489,
    PARAMETER_VALUE(1.)),.T.,.PARAMETER.);
#7484 = LINE('',#7485,#7486);
#7485 = CARTESIAN_POINT('',(26.,83.,86.));
#7486 = VECTOR('',#7487,1.);
#7487 = DIRECTION('',(0.,0.,1.));
#7488 = CARTESIAN_POINT('',(26.,83.,86.));
#7489 = CARTESIAN_POINT('',(26.,83.,87.));
#7490 = GEOMETRIC_CURVE_SET('',(#7491));
#7491 = TRIMMED_CURVE('',#7492,(#7496,PARAMETER_VALUE(0.)),(#7497,
    PARAMETER_VALUE(70.)),.T.,.PARAMETER.);
#7492 = LINE('',#7493,#7494);
#7493 = CARTESIAN_POINT('',(26.,13.,86.));
#7494 = VECTOR('',#7495,1.);
#7495 = DIRECTION('',(0.,1.,0.));
#7496 = CARTESIAN_POINT('',(26.,13.,86.));
#7497 = CARTESIAN_POINT('',(26.,83.,86.));
#7498 = GEOMETRIC_CURVE_SET('',(#7499));
#7499 = TRIMMED_CURVE('',#7500,(#7504,PARAMETER_VALUE(0.)),(#7505,
    PARAMETER_VALUE(1.)),.T.,.PARAMETER.);
#7500 = LINE('',#7501,#7502);
#7501 = CARTESIAN_POINT('',(107.,13.,86.));
#7502 = VECTOR('',#7503,1.);
#7503 = DIRECTION('',(0.,0.,1.));
#7504 = CARTESIAN_POINT('',(107.,13.,86.));
#7505 = CARTESIAN_POINT('',(107.,13.,87.));
#7506 = GEOMETRIC_CURVE_SET('',(#7507));
#7507 = TRIMMED_CURVE('',#7508,(#7512,PARAMETER_VALUE(0.)),(#7513,
    PARAMETER_VALUE(70.)),.T.,.PARAMETER.);
#7508 = LINE('',#7509,#7510);
#7509 = CARTESIAN_POINT('',(107.,13.,87.));
#7510 = VECTOR('',#7511,1.);
#7511 = DIRECTION('',(0.,1.,0.));
#7512 = CARTESIAN_POINT('',(107.,13.,87.));
#7513 = CARTESIAN_POINT('',(107.,83.,87.));
#7514 = GEOMETRIC_CURVE_SET('',(#7515));
#7515 = TRIMMED_CURVE('',#7516,(#7520,PARAMETER_VALUE(0.)),(#7521,
    PARAMETER_VALUE(1.)),.T.,.PARAMETER.);
#7516 = LINE('',#7517,#7518);
#7517 = CARTESIAN_POINT('',(107.,83.,86.));
#7518 = VECTOR('',#7519,1.);
#7519 = DIRECTION('',(0.,0.,1.));
#7520 = CARTESIAN_POINT('',(107.,83.,86.));
#7521 = CARTESIAN_POINT('',(107.,83.,87.));
#7522 = GEOMETRIC_CURVE_SET('',(#7523));
#7523 = TRIMMED_CURVE('',#7524,(#7528,PARAMETER_VALUE(0.)),(#7529,
    PARAMETER_VALUE(70.)),.T.,.PARAMETER.);
#7524 = LINE('',#7525,#7526);
#7525 = CARTESIAN_POINT('',(107.,13.,86.));
#7526 = VECTOR('',#7527,1.);
#7527 = DIRECTION('',(0.,1.,0.));
#7528 = CARTESIAN_POINT('',(107.,13.,86.));
#7529 = CARTESIAN_POINT('',(107.,83.,86.));
#7530 = GEOMETRIC_CURVE_SET('',(#7531));
#7531 = TRIMMED_CURVE('',#7532,(#7536,PARAMETER_VALUE(0.)),(#7537,
    PARAMETER_VALUE(81.)),.T.,.PARAMETER.);
#7532 = LINE('',#7533,#7534);
#7533 = CARTESIAN_POINT('',(26.,13.,86.));
#7534 = VECTOR('',#7535,1.);
#7535 = DIRECTION('',(1.,0.,0.));
#7536 = CARTESIAN_POINT('',(26.,13.,86.));
#7537 = CARTESIAN_POINT('',(107.,13.,86.));
#7538 = GEOMETRIC_CURVE_SET('',(#7539));
#7539 = TRIMMED_CURVE('',#7540,(#7544,PARAMETER_VALUE(0.)),(#7545,
    PARAMETER_VALUE(81.)),.T.,.PARAMETER.);
#7540 = LINE('',#7541,#7542);
#7541 = CARTESIAN_POINT('',(26.,13.,87.));
#7542 = VECTOR('',#7543,1.);
#7543 = DIRECTION('',(1.,0.,0.));
#7544 = CARTESIAN_POINT('',(26.,13.,87.));
#7545 = CARTESIAN_POINT('',(107.,13.,87.));
#7546 = GEOMETRIC_CURVE_SET('',(#7547));
#7547 = TRIMMED_CURVE('',#7548,(#7552,PARAMETER_VALUE(0.)),(#7553,
    PARAMETER_VALUE(81.)),.T.,.PARAMETER.);
#7548 = LINE('',#7549,#7550);
#7549 = CARTESIAN_POINT('',(26.,83.,86.));
#7550 = VECTOR('',#7551,1.);
#7551 = DIRECTION('',(1.,0.,0.));
#7552 = CARTESIAN_POINT('',(26.,83.,86.));
#7553 = CARTESIAN_POINT('',(107.,83.,86.));
#7554 = GEOMETRIC_CURVE_SET('',(#7555));
#7555 = TRIMMED_CURVE('',#7556,(#7560,PARAMETER_VALUE(0.)),(#7561,
    PARAMETER_VALUE(81.)),.T.,.PARAMETER.);
#7556 = LINE('',#7557,#7558);
#7557 = CARTESIAN_POINT('',(26.,83.,87.));
#7558 = VECTOR('',#7559,1.);
#7559 = DIRECTION('',(1.,0.,0.));
#7560 = CARTESIAN_POINT('',(26.,83.,87.));
#7561 = CARTESIAN_POINT('',(107.,83.,87.));
#7562 = GEOMETRIC_CURVE_SET('',(#7563));
#7563 = TRIMMED_CURVE('',#7564,(#7568,PARAMETER_VALUE(0.)),(#7569,
    PARAMETER_VALUE(1.)),.T.,.PARAMETER.);
#7564 = LINE('',#7565,#7566);
#7565 = CARTESIAN_POINT('',(107.,30.,86.));
#7566 = VECTOR('',#7567,1.);
#7567 = DIRECTION('',(0.,0.,1.));
#7568 = CARTESIAN_POINT('',(107.,30.,86.));
#7569 = CARTESIAN_POINT('',(107.,30.,87.));
#7570 = GEOMETRIC_CURVE_SET('',(#7571));
#7571 = TRIMMED_CURVE('',#7572,(#7576,PARAMETER_VALUE(0.)),(#7577,
    PARAMETER_VALUE(53.)),.T.,.PARAMETER.);
#7572 = LINE('',#7573,#7574);
#7573 = CARTESIAN_POINT('',(107.,30.,87.));
#7574 = VECTOR('',#7575,1.);
#7575 = DIRECTION('',(0.,1.,0.));
#7576 = CARTESIAN_POINT('',(107.,30.,87.));
#7577 = CARTESIAN_POINT('',(107.,83.,87.));
#7578 = GEOMETRIC_CURVE_SET('',(#7579));
#7579 = TRIMMED_CURVE('',#7580,(#7584,PARAMETER_VALUE(0.)),(#7585,
    PARAMETER_VALUE(1.)),.T.,.PARAMETER.);
#7580 = LINE('',#7581,#7582);
#7581 = CARTESIAN_POINT('',(107.,83.,86.));
#7582 = VECTOR('',#7583,1.);
#7583 = DIRECTION('',(0.,0.,1.));
#7584 = CARTESIAN_POINT('',(107.,83.,86.));
#7585 = CARTESIAN_POINT('',(107.,83.,87.));
#7586 = GEOMETRIC_CURVE_SET('',(#7587));
#7587 = TRIMMED_CURVE('',#7588,(#7592,PARAMETER_VALUE(0.)),(#7593,
    PARAMETER_VALUE(53.)),.T.,.PARAMETER.);
#7588 = LINE('',#7589,#7590);
#7589 = CARTESIAN_POINT('',(107.,30.,86.));
#7590 = VECTOR('',#7591,1.);
#7591 = DIRECTION('',(0.,1.,0.));
#7592 = CARTESIAN_POINT('',(107.,30.,86.));
#7593 = CARTESIAN_POINT('',(107.,83.,86.));
#7594 = GEOMETRIC_CURVE_SET('',(#7595));
#7595 = TRIMMED_CURVE('',#7596,(#7600,PARAMETER_VALUE(0.)),(#7601,
    PARAMETER_VALUE(1.)),.T.,.PARAMETER.);
#7596 = LINE('',#7597,#7598);
#7597 = CARTESIAN_POINT('',(141.,30.,86.));
#7598 = VECTOR('',#7599,1.);
#7599 = DIRECTION('',(0.,0.,1.));
#7600 = CARTESIAN_POINT('',(141.,30.,86.));
#7601 = CARTESIAN_POINT('',(141.,30.,87.));
#7602 = GEOMETRIC_CURVE_SET('',(#7603));
#7603 = TRIMMED_CURVE('',#7604,(#7608,PARAMETER_VALUE(0.)),(#7609,
    PARAMETER_VALUE(53.)),.T.,.PARAMETER.);
#7604 = LINE('',#7605,#7606);
#7605 = CARTESIAN_POINT('',(141.,30.,87.));
#7606 = VECTOR('',#7607,1.);
#7607 = DIRECTION('',(0.,1.,0.));
#7608 = CARTESIAN_POINT('',(141.,30.,87.));
#7609 = CARTESIAN_POINT('',(141.,83.,87.));
#7610 = GEOMETRIC_CURVE_SET('',(#7611));
#7611 = TRIMMED_CURVE('',#7612,(#7616,PARAMETER_VALUE(0.)),(#7617,
    PARAMETER_VALUE(1.)),.T.,.PARAMETER.);
#7612 = LINE('',#7613,#7614);
#7613 = CARTESIAN_POINT('',(141.,83.,86.));
#7614 = VECTOR('',#7615,1.);
#7615 = DIRECTION('',(0.,0.,1.));
#7616 = CARTESIAN_POINT('',(141.,83.,86.));
#7617 = CARTESIAN_POINT('',(141.,83.,87.));
#7618 = GEOMETRIC_CURVE_SET('',(#7619));
#7619 = TRIMMED_CURVE('',#7620,(#7624,PARAMETER_VALUE(0.)),(#7625,
    PARAMETER_VALUE(53.)),.T.,.PARAMETER.);
#7620 = LINE('',#7621,#7622);
#7621 = CARTESIAN_POINT('',(141.,30.,86.));
#7622 = VECTOR('',#7623,1.);
#7623 = DIRECTION('',(0.,1.,0.));
#7624 = CARTESIAN_POINT('',(141.,30.,86.));
#7625 = CARTESIAN_POINT('',(141.,83.,86.));
#7626 = GEOMETRIC_CURVE_SET('',(#7627));
#7627 = TRIMMED_CURVE('',#7628,(#7632,PARAMETER_VALUE(0.)),(#7633,
    PARAMETER_VALUE(34.)),.T.,.PARAMETER.);
#7628 = LINE('',#7629,#7630);
#7629 = CARTESIAN_POINT('',(107.,30.,86.));
#7630 = VECTOR('',#7631,1.);
#7631 = DIRECTION('',(1.,0.,0.));
#7632 = CARTESIAN_POINT('',(107.,30.,86.));
#7633 = CARTESIAN_POINT('',(141.,30.,86.));
#7634 = GEOMETRIC_CURVE_SET('',(#7635));
#7635 = TRIMMED_CURVE('',#7636,(#7640,PARAMETER_VALUE(0.)),(#7641,
    PARAMETER_VALUE(34.)),.T.,.PARAMETER.);
#7636 = LINE('',#7637,#7638);
#7637 = CARTESIAN_POINT('',(107.,30.,87.));
#7638 = VECTOR('',#7639,1.);
#7639 = DIRECTION('',(1.,0.,0.));
#7640 = CARTESIAN_POINT('',(107.,30.,87.));
#7641 = CARTESIAN_POINT('',(141.,30.,87.));
#7642 = GEOMETRIC_CURVE_SET('',(#7643));
#7643 = TRIMMED_CURVE('',#7644,(#7648,PARAMETER_VALUE(0.)),(#7649,
    PARAMETER_VALUE(34.)),.T.,.PARAMETER.);
#7644 = LINE('',#7645,#7646);
#7645 = CARTESIAN_POINT('',(107.,83.,86.));
#7646 = VECTOR('',#7647,1.);
#7647 = DIRECTION('',(1.,0.,0.));
#7648 = CARTESIAN_POINT('',(107.,83.,86.));
#7649 = CARTESIAN_POINT('',(141.,83.,86.));
#7650 = GEOMETRIC_CURVE_SET('',(#7651));
#7651 = TRIMMED_CURVE('',#7652,(#7656,PARAMETER_VALUE(0.)),(#7657,
    PARAMETER_VALUE(34.)),.T.,.PARAMETER.);
#7652 = LINE('',#7653,#7654);
#7653 = CARTESIAN_POINT('',(107.,83.,87.));
#7654 = VECTOR('',#7655,1.);
#7655 = DIRECTION('',(1.,0.,0.));
#7656 = CARTESIAN_POINT('',(107.,83.,87.));
#7657 = CARTESIAN_POINT('',(141.,83.,87.));
#7658 = GEOMETRIC_CURVE_SET('',(#7659));
#7659 = TRIMMED_CURVE('',#7660,(#7664,PARAMETER_VALUE(0.)),(#7665,
    PARAMETER_VALUE(8.)),.T.,.PARAMETER.);
#7660 = LINE('',#7661,#7662);
#7661 = CARTESIAN_POINT('',(26.,80.,87.));
#7662 = VECTOR('',#7663,1.);
#7663 = DIRECTION('',(0.,0.,1.));
#7664 = CARTESIAN_POINT('',(26.,80.,87.));
#7665 = CARTESIAN_POINT('',(26.,80.,95.));
#7666 = GEOMETRIC_CURVE_SET('',(#7667));
#7667 = TRIMMED_CURVE('',#7668,(#7672,PARAMETER_VALUE(0.)),(#7673,
    PARAMETER_VALUE(2.)),.T.,.PARAMETER.);
#7668 = LINE('',#7669,#7670);
#7669 = CARTESIAN_POINT('',(26.,80.,95.));
#7670 = VECTOR('',#7671,1.);
#7671 = DIRECTION('',(0.,1.,0.));
#7672 = CARTESIAN_POINT('',(26.,80.,95.));
#7673 = CARTESIAN_POINT('',(26.,82.,95.));
#7674 = GEOMETRIC_CURVE_SET('',(#7675));
#7675 = TRIMMED_CURVE('',#7676,(#7680,PARAMETER_VALUE(0.)),(#7681,
    PARAMETER_VALUE(8.)),.T.,.PARAMETER.);
#7676 = LINE('',#7677,#7678);
#7677 = CARTESIAN_POINT('',(26.,82.,87.));
#7678 = VECTOR('',#7679,1.);
#7679 = DIRECTION('',(0.,0.,1.));
#7680 = CARTESIAN_POINT('',(26.,82.,87.));
#7681 = CARTESIAN_POINT('',(26.,82.,95.));
#7682 = GEOMETRIC_CURVE_SET('',(#7683));
#7683 = TRIMMED_CURVE('',#7684,(#7688,PARAMETER_VALUE(0.)),(#7689,
    PARAMETER_VALUE(2.)),.T.,.PARAMETER.);
#7684 = LINE('',#7685,#7686);
#7685 = CARTESIAN_POINT('',(26.,80.,87.));
#7686 = VECTOR('',#7687,1.);
#7687 = DIRECTION('',(0.,1.,0.));
#7688 = CARTESIAN_POINT('',(26.,80.,87.));
#7689 = CARTESIAN_POINT('',(26.,82.,87.));
#7690 = GEOMETRIC_CURVE_SET('',(#7691));
#7691 = TRIMMED_CURVE('',#7692,(#7696,PARAMETER_VALUE(0.)),(#7697,
    PARAMETER_VALUE(8.)),.T.,.PARAMETER.);
#7692 = LINE('',#7693,#7694);
#7693 = CARTESIAN_POINT('',(141.,80.,87.));
#7694 = VECTOR('',#7695,1.);
#7695 = DIRECTION('',(0.,0.,1.));
#7696 = CARTESIAN_POINT('',(141.,80.,87.));
#7697 = CARTESIAN_POINT('',(141.,80.,95.));
#7698 = GEOMETRIC_CURVE_SET('',(#7699));
#7699 = TRIMMED_CURVE('',#7700,(#7704,PARAMETER_VALUE(0.)),(#7705,
    PARAMETER_VALUE(2.)),.T.,.PARAMETER.);
#7700 = LINE('',#7701,#7702);
#7701 = CARTESIAN_POINT('',(141.,80.,95.));
#7702 = VECTOR('',#7703,1.);
#7703 = DIRECTION('',(0.,1.,0.));
#7704 = CARTESIAN_POINT('',(141.,80.,95.));
#7705 = CARTESIAN_POINT('',(141.,82.,95.));
#7706 = GEOMETRIC_CURVE_SET('',(#7707));
#7707 = TRIMMED_CURVE('',#7708,(#7712,PARAMETER_VALUE(0.)),(#7713,
    PARAMETER_VALUE(8.)),.T.,.PARAMETER.);
#7708 = LINE('',#7709,#7710);
#7709 = CARTESIAN_POINT('',(141.,82.,87.));
#7710 = VECTOR('',#7711,1.);
#7711 = DIRECTION('',(0.,0.,1.));
#7712 = CARTESIAN_POINT('',(141.,82.,87.));
#7713 = CARTESIAN_POINT('',(141.,82.,95.));
#7714 = GEOMETRIC_CURVE_SET('',(#7715));
#7715 = TRIMMED_CURVE('',#7716,(#7720,PARAMETER_VALUE(0.)),(#7721,
    PARAMETER_VALUE(2.)),.T.,.PARAMETER.);
#7716 = LINE('',#7717,#7718);
#7717 = CARTESIAN_POINT('',(141.,80.,87.));
#7718 = VECTOR('',#7719,1.);
#7719 = DIRECTION('',(0.,1.,0.));
#7720 = CARTESIAN_POINT('',(141.,80.,87.));
#7721 = CARTESIAN_POINT('',(141.,82.,87.));
#7722 = GEOMETRIC_CURVE_SET('',(#7723));
#7723 = TRIMMED_CURVE('',#7724,(#7728,PARAMETER_VALUE(0.)),(#7729,
    PARAMETER_VALUE(115.)),.T.,.PARAMETER.);
#7724 = LINE('',#7725,#7726);
#7725 = CARTESIAN_POINT('',(26.,80.,87.));
#7726 = VECTOR('',#7727,1.);
#7727 = DIRECTION('',(1.,0.,0.));
#7728 = CARTESIAN_POINT('',(26.,80.,87.));
#7729 = CARTESIAN_POINT('',(141.,80.,87.));
#7730 = GEOMETRIC_CURVE_SET('',(#7731));
#7731 = TRIMMED_CURVE('',#7732,(#7736,PARAMETER_VALUE(0.)),(#7737,
    PARAMETER_VALUE(115.)),.T.,.PARAMETER.);
#7732 = LINE('',#7733,#7734);
#7733 = CARTESIAN_POINT('',(26.,80.,95.));
#7734 = VECTOR('',#7735,1.);
#7735 = DIRECTION('',(1.,0.,0.));
#7736 = CARTESIAN_POINT('',(26.,80.,95.));
#7737 = CARTESIAN_POINT('',(141.,80.,95.));
#7738 = GEOMETRIC_CURVE_SET('',(#7739));
#7739 = TRIMMED_CURVE('',#7740,(#7744,PARAMETER_VALUE(0.)),(#7745,
    PARAMETER_VALUE(115.)),.T.,.PARAMETER.);
#7740 = LINE('',#7741,#7742);
#7741 = CARTESIAN_POINT('',(26.,82.,87.));
#7742 = VECTOR('',#7743,1.);
#7743 = DIRECTION('',(1.,0.,0.));
#7744 = CARTESIAN_POINT('',(26.,82.,87.));
#7745 = CARTESIAN_POINT('',(141.,82.,87.));
#7746 = GEOMETRIC_CURVE_SET('',(#7747));
#7747 = TRIMMED_CURVE('',#7748,(#7752,PARAMETER_VALUE(0.)),(#7753,
    PARAMETER_VALUE(115.)),.T.,.PARAMETER.);
#7748 = LINE('',#7749,#7750);
#7749 = CARTESIAN_POINT('',(26.,82.,95.));
#7750 = VECTOR('',#7751,1.);
#7751 = DIRECTION('',(1.,0.,0.));
#7752 = CARTESIAN_POINT('',(26.,82.,95.));
#7753 = CARTESIAN_POINT('',(141.,82.,95.));
#7754 = GEOMETRIC_CURVE_SET('',(#7755));
#7755 = TRIMMED_CURVE('',#7756,(#7760,PARAMETER_VALUE(0.)),(#7761,
    PARAMETER_VALUE(8.)),.T.,.PARAMETER.);
#7756 = LINE('',#7757,#7758);
#7757 = CARTESIAN_POINT('',(29.,13.,87.));
#7758 = VECTOR('',#7759,1.);
#7759 = DIRECTION('',(0.,0.,1.));
#7760 = CARTESIAN_POINT('',(29.,13.,87.));
#7761 = CARTESIAN_POINT('',(29.,13.,95.));
#7762 = GEOMETRIC_CURVE_SET('',(#7763));
#7763 = TRIMMED_CURVE('',#7764,(#7768,PARAMETER_VALUE(0.)),(#7769,
    PARAMETER_VALUE(2.)),.T.,.PARAMETER.);
#7764 = LINE('',#7765,#7766);
#7765 = CARTESIAN_POINT('',(29.,13.,95.));
#7766 = VECTOR('',#7767,1.);
#7767 = DIRECTION('',(0.,1.,0.));
#7768 = CARTESIAN_POINT('',(29.,13.,95.));
#7769 = CARTESIAN_POINT('',(29.,15.,95.));
#7770 = GEOMETRIC_CURVE_SET('',(#7771));
#7771 = TRIMMED_CURVE('',#7772,(#7776,PARAMETER_VALUE(0.)),(#7777,
    PARAMETER_VALUE(8.)),.T.,.PARAMETER.);
#7772 = LINE('',#7773,#7774);
#7773 = CARTESIAN_POINT('',(29.,15.,87.));
#7774 = VECTOR('',#7775,1.);
#7775 = DIRECTION('',(0.,0.,1.));
#7776 = CARTESIAN_POINT('',(29.,15.,87.));
#7777 = CARTESIAN_POINT('',(29.,15.,95.));
#7778 = GEOMETRIC_CURVE_SET('',(#7779));
#7779 = TRIMMED_CURVE('',#7780,(#7784,PARAMETER_VALUE(0.)),(#7785,
    PARAMETER_VALUE(2.)),.T.,.PARAMETER.);
#7780 = LINE('',#7781,#7782);
#7781 = CARTESIAN_POINT('',(29.,13.,87.));
#7782 = VECTOR('',#7783,1.);
#7783 = DIRECTION('',(0.,1.,0.));
#7784 = CARTESIAN_POINT('',(29.,13.,87.));
#7785 = CARTESIAN_POINT('',(29.,15.,87.));
#7786 = GEOMETRIC_CURVE_SET('',(#7787));
#7787 = TRIMMED_CURVE('',#7788,(#7792,PARAMETER_VALUE(0.)),(#7793,
    PARAMETER_VALUE(8.)),.T.,.PARAMETER.);
#7788 = LINE('',#7789,#7790);
#7789 = CARTESIAN_POINT('',(106.,13.,87.));
#7790 = VECTOR('',#7791,1.);
#7791 = DIRECTION('',(0.,0.,1.));
#7792 = CARTESIAN_POINT('',(106.,13.,87.));
#7793 = CARTESIAN_POINT('',(106.,13.,95.));
#7794 = GEOMETRIC_CURVE_SET('',(#7795));
#7795 = TRIMMED_CURVE('',#7796,(#7800,PARAMETER_VALUE(0.)),(#7801,
    PARAMETER_VALUE(2.)),.T.,.PARAMETER.);
#7796 = LINE('',#7797,#7798);
#7797 = CARTESIAN_POINT('',(106.,13.,95.));
#7798 = VECTOR('',#7799,1.);
#7799 = DIRECTION('',(0.,1.,0.));
#7800 = CARTESIAN_POINT('',(106.,13.,95.));
#7801 = CARTESIAN_POINT('',(106.,15.,95.));
#7802 = GEOMETRIC_CURVE_SET('',(#7803));
#7803 = TRIMMED_CURVE('',#7804,(#7808,PARAMETER_VALUE(0.)),(#7809,
    PARAMETER_VALUE(8.)),.T.,.PARAMETER.);
#7804 = LINE('',#7805,#7806);
#7805 = CARTESIAN_POINT('',(106.,15.,87.));
#7806 = VECTOR('',#7807,1.);
#7807 = DIRECTION('',(0.,0.,1.));
#7808 = CARTESIAN_POINT('',(106.,15.,87.));
#7809 = CARTESIAN_POINT('',(106.,15.,95.));
#7810 = GEOMETRIC_CURVE_SET('',(#7811));
#7811 = TRIMMED_CURVE('',#7812,(#7816,PARAMETER_VALUE(0.)),(#7817,
    PARAMETER_VALUE(2.)),.T.,.PARAMETER.);
#7812 = LINE('',#7813,#7814);
#7813 = CARTESIAN_POINT('',(106.,13.,87.));
#7814 = VECTOR('',#7815,1.);
#7815 = DIRECTION('',(0.,1.,0.));
#7816 = CARTESIAN_POINT('',(106.,13.,87.));
#7817 = CARTESIAN_POINT('',(106.,15.,87.));
#7818 = GEOMETRIC_CURVE_SET('',(#7819));
#7819 = TRIMMED_CURVE('',#7820,(#7824,PARAMETER_VALUE(0.)),(#7825,
    PARAMETER_VALUE(77.)),.T.,.PARAMETER.);
#7820 = LINE('',#7821,#7822);
#7821 = CARTESIAN_POINT('',(29.,13.,87.));
#7822 = VECTOR('',#7823,1.);
#7823 = DIRECTION('',(1.,0.,0.));
#7824 = CARTESIAN_POINT('',(29.,13.,87.));
#7825 = CARTESIAN_POINT('',(106.,13.,87.));
#7826 = GEOMETRIC_CURVE_SET('',(#7827));
#7827 = TRIMMED_CURVE('',#7828,(#7832,PARAMETER_VALUE(0.)),(#7833,
    PARAMETER_VALUE(77.)),.T.,.PARAMETER.);
#7828 = LINE('',#7829,#7830);
#7829 = CARTESIAN_POINT('',(29.,13.,95.));
#7830 = VECTOR('',#7831,1.);
#7831 = DIRECTION('',(1.,0.,0.));
#7832 = CARTESIAN_POINT('',(29.,13.,95.));
#7833 = CARTESIAN_POINT('',(106.,13.,95.));
#7834 = GEOMETRIC_CURVE_SET('',(#7835));
#7835 = TRIMMED_CURVE('',#7836,(#7840,PARAMETER_VALUE(0.)),(#7841,
    PARAMETER_VALUE(77.)),.T.,.PARAMETER.);
#7836 = LINE('',#7837,#7838);
#7837 = CARTESIAN_POINT('',(29.,15.,87.));
#7838 = VECTOR('',#7839,1.);
#7839 = DIRECTION('',(1.,0.,0.));
#7840 = CARTESIAN_POINT('',(29.,15.,87.));
#7841 = CARTESIAN_POINT('',(106.,15.,87.));
#7842 = GEOMETRIC_CURVE_SET('',(#7843));
#7843 = TRIMMED_CURVE('',#7844,(#7848,PARAMETER_VALUE(0.)),(#7849,
    PARAMETER_VALUE(77.)),.T.,.PARAMETER.);
#7844 = LINE('',#7845,#7846);
#7845 = CARTESIAN_POINT('',(29.,15.,95.));
#7846 = VECTOR('',#7847,1.);
#7847 = DIRECTION('',(1.,0.,0.));
#7848 = CARTESIAN_POINT('',(29.,15.,95.));
#7849 = CARTESIAN_POINT('',(106.,15.,95.));
#7850 = GEOMETRIC_CURVE_SET('',(#7851));
#7851 = TRIMMED_CURVE('',#7852,(#7856,PARAMETER_VALUE(0.)),(#7857,
    PARAMETER_VALUE(30.)),.T.,.PARAMETER.);
#7852 = LINE('',#7853,#7854);
#7853 = CARTESIAN_POINT('',(215.,25.,56.));
#7854 = VECTOR('',#7855,1.);
#7855 = DIRECTION('',(0.,0.,1.));
#7856 = CARTESIAN_POINT('',(215.,25.,56.));
#7857 = CARTESIAN_POINT('',(215.,25.,86.));
#7858 = GEOMETRIC_CURVE_SET('',(#7859));
#7859 = TRIMMED_CURVE('',#7860,(#7864,PARAMETER_VALUE(0.)),(#7865,
    PARAMETER_VALUE(57.)),.T.,.PARAMETER.);
#7860 = LINE('',#7861,#7862);
#7861 = CARTESIAN_POINT('',(215.,25.,86.));
#7862 = VECTOR('',#7863,1.);
#7863 = DIRECTION('',(0.,1.,0.));
#7864 = CARTESIAN_POINT('',(215.,25.,86.));
#7865 = CARTESIAN_POINT('',(215.,82.,86.));
#7866 = GEOMETRIC_CURVE_SET('',(#7867));
#7867 = TRIMMED_CURVE('',#7868,(#7872,PARAMETER_VALUE(0.)),(#7873,
    PARAMETER_VALUE(30.)),.T.,.PARAMETER.);
#7868 = LINE('',#7869,#7870);
#7869 = CARTESIAN_POINT('',(215.,82.,56.));
#7870 = VECTOR('',#7871,1.);
#7871 = DIRECTION('',(0.,0.,1.));
#7872 = CARTESIAN_POINT('',(215.,82.,56.));
#7873 = CARTESIAN_POINT('',(215.,82.,86.));
#7874 = GEOMETRIC_CURVE_SET('',(#7875));
#7875 = TRIMMED_CURVE('',#7876,(#7880,PARAMETER_VALUE(0.)),(#7881,
    PARAMETER_VALUE(57.)),.T.,.PARAMETER.);
#7876 = LINE('',#7877,#7878);
#7877 = CARTESIAN_POINT('',(215.,25.,56.));
#7878 = VECTOR('',#7879,1.);
#7879 = DIRECTION('',(0.,1.,0.));
#7880 = CARTESIAN_POINT('',(215.,25.,56.));
#7881 = CARTESIAN_POINT('',(215.,82.,56.));
#7882 = GEOMETRIC_CURVE_SET('',(#7883));
#7883 = TRIMMED_CURVE('',#7884,(#7888,PARAMETER_VALUE(0.)),(#7889,
    PARAMETER_VALUE(30.)),.T.,.PARAMETER.);
#7884 = LINE('',#7885,#7886);
#7885 = CARTESIAN_POINT('',(247.,25.,56.));
#7886 = VECTOR('',#7887,1.);
#7887 = DIRECTION('',(0.,0.,1.));
#7888 = CARTESIAN_POINT('',(247.,25.,56.));
#7889 = CARTESIAN_POINT('',(247.,25.,86.));
#7890 = GEOMETRIC_CURVE_SET('',(#7891));
#7891 = TRIMMED_CURVE('',#7892,(#7896,PARAMETER_VALUE(0.)),(#7897,
    PARAMETER_VALUE(57.)),.T.,.PARAMETER.);
#7892 = LINE('',#7893,#7894);
#7893 = CARTESIAN_POINT('',(247.,25.,86.));
#7894 = VECTOR('',#7895,1.);
#7895 = DIRECTION('',(0.,1.,0.));
#7896 = CARTESIAN_POINT('',(247.,25.,86.));
#7897 = CARTESIAN_POINT('',(247.,82.,86.));
#7898 = GEOMETRIC_CURVE_SET('',(#7899));
#7899 = TRIMMED_CURVE('',#7900,(#7904,PARAMETER_VALUE(0.)),(#7905,
    PARAMETER_VALUE(30.)),.T.,.PARAMETER.);
#7900 = LINE('',#7901,#7902);
#7901 = CARTESIAN_POINT('',(247.,82.,56.));
#7902 = VECTOR('',#7903,1.);
#7903 = DIRECTION('',(0.,0.,1.));
#7904 = CARTESIAN_POINT('',(247.,82.,56.));
#7905 = CARTESIAN_POINT('',(247.,82.,86.));
#7906 = GEOMETRIC_CURVE_SET('',(#7907));
#7907 = TRIMMED_CURVE('',#7908,(#7912,PARAMETER_VALUE(0.)),(#7913,
    PARAMETER_VALUE(57.)),.T.,.PARAMETER.);
#7908 = LINE('',#7909,#7910);
#7909 = CARTESIAN_POINT('',(247.,25.,56.));
#7910 = VECTOR('',#7911,1.);
#7911 = DIRECTION('',(0.,1.,0.));
#7912 = CARTESIAN_POINT('',(247.,25.,56.));
#7913 = CARTESIAN_POINT('',(247.,82.,56.));
#7914 = GEOMETRIC_CURVE_SET('',(#7915));
#7915 = TRIMMED_CURVE('',#7916,(#7920,PARAMETER_VALUE(0.)),(#7921,
    PARAMETER_VALUE(32.)),.T.,.PARAMETER.);
#7916 = LINE('',#7917,#7918);
#7917 = CARTESIAN_POINT('',(215.,25.,56.));
#7918 = VECTOR('',#7919,1.);
#7919 = DIRECTION('',(1.,0.,0.));
#7920 = CARTESIAN_POINT('',(215.,25.,56.));
#7921 = CARTESIAN_POINT('',(247.,25.,56.));
#7922 = GEOMETRIC_CURVE_SET('',(#7923));
#7923 = TRIMMED_CURVE('',#7924,(#7928,PARAMETER_VALUE(0.)),(#7929,
    PARAMETER_VALUE(32.)),.T.,.PARAMETER.);
#7924 = LINE('',#7925,#7926);
#7925 = CARTESIAN_POINT('',(215.,25.,86.));
#7926 = VECTOR('',#7927,1.);
#7927 = DIRECTION('',(1.,0.,0.));
#7928 = CARTESIAN_POINT('',(215.,25.,86.));
#7929 = CARTESIAN_POINT('',(247.,25.,86.));
#7930 = GEOMETRIC_CURVE_SET('',(#7931));
#7931 = TRIMMED_CURVE('',#7932,(#7936,PARAMETER_VALUE(0.)),(#7937,
    PARAMETER_VALUE(32.)),.T.,.PARAMETER.);
#7932 = LINE('',#7933,#7934);
#7933 = CARTESIAN_POINT('',(215.,82.,56.));
#7934 = VECTOR('',#7935,1.);
#7935 = DIRECTION('',(1.,0.,0.));
#7936 = CARTESIAN_POINT('',(215.,82.,56.));
#7937 = CARTESIAN_POINT('',(247.,82.,56.));
#7938 = GEOMETRIC_CURVE_SET('',(#7939));
#7939 = TRIMMED_CURVE('',#7940,(#7944,PARAMETER_VALUE(0.)),(#7945,
    PARAMETER_VALUE(32.)),.T.,.PARAMETER.);
#7940 = LINE('',#7941,#7942);
#7941 = CARTESIAN_POINT('',(215.,82.,86.));
#7942 = VECTOR('',#7943,1.);
#7943 = DIRECTION('',(1.,0.,0.));
#7944 = CARTESIAN_POINT('',(215.,82.,86.));
#7945 = CARTESIAN_POINT('',(247.,82.,86.));
#7946 = GEOMETRIC_CURVE_SET('',(#7947));
#7947 = TRIMMED_CURVE('',#7948,(#7952,PARAMETER_VALUE(0.)),(#7953,
    PARAMETER_VALUE(3.175)),.T.,.PARAMETER.);
#7948 = LINE('',#7949,#7950);
#7949 = CARTESIAN_POINT('',(5.,1.3,86.));
#7950 = VECTOR('',#7951,1.);
#7951 = DIRECTION('',(0.,0.,1.));
#7952 = CARTESIAN_POINT('',(5.,1.3,86.));
#7953 = CARTESIAN_POINT('',(5.,1.3,89.175));
#7954 = GEOMETRIC_CURVE_SET('',(#7955));
#7955 = TRIMMED_CURVE('',#7956,(#7960,PARAMETER_VALUE(0.)),(#7961,
    PARAMETER_VALUE(25.4)),.T.,.PARAMETER.);
#7956 = LINE('',#7957,#7958);
#7957 = CARTESIAN_POINT('',(5.,1.3,89.175));
#7958 = VECTOR('',#7959,1.);
#7959 = DIRECTION('',(0.,1.,0.));
#7960 = CARTESIAN_POINT('',(5.,1.3,89.175));
#7961 = CARTESIAN_POINT('',(5.,26.7,89.175));
#7962 = GEOMETRIC_CURVE_SET('',(#7963));
#7963 = TRIMMED_CURVE('',#7964,(#7968,PARAMETER_VALUE(0.)),(#7969,
    PARAMETER_VALUE(3.175)),.T.,.PARAMETER.);
#7964 = LINE('',#7965,#7966);
#7965 = CARTESIAN_POINT('',(5.,26.7,86.));
#7966 = VECTOR('',#7967,1.);
#7967 = DIRECTION('',(0.,0.,1.));
#7968 = CARTESIAN_POINT('',(5.,26.7,86.));
#7969 = CARTESIAN_POINT('',(5.,26.7,89.175));
#7970 = GEOMETRIC_CURVE_SET('',(#7971));
#7971 = TRIMMED_CURVE('',#7972,(#7976,PARAMETER_VALUE(0.)),(#7977,
    PARAMETER_VALUE(25.4)),.T.,.PARAMETER.);
#7972 = LINE('',#7973,#7974);
#7973 = CARTESIAN_POINT('',(5.,1.3,86.));
#7974 = VECTOR('',#7975,1.);
#7975 = DIRECTION('',(0.,1.,0.));
#7976 = CARTESIAN_POINT('',(5.,1.3,86.));
#7977 = CARTESIAN_POINT('',(5.,26.7,86.));
#7978 = GEOMETRIC_CURVE_SET('',(#7979));
#7979 = TRIMMED_CURVE('',#7980,(#7984,PARAMETER_VALUE(0.)),(#7985,
    PARAMETER_VALUE(3.175)),.T.,.PARAMETER.);
#7980 = LINE('',#7981,#7982);
#7981 = CARTESIAN_POINT('',(23.,1.3,86.));
#7982 = VECTOR('',#7983,1.);
#7983 = DIRECTION('',(0.,0.,1.));
#7984 = CARTESIAN_POINT('',(23.,1.3,86.));
#7985 = CARTESIAN_POINT('',(23.,1.3,89.175));
#7986 = GEOMETRIC_CURVE_SET('',(#7987));
#7987 = TRIMMED_CURVE('',#7988,(#7992,PARAMETER_VALUE(0.)),(#7993,
    PARAMETER_VALUE(25.4)),.T.,.PARAMETER.);
#7988 = LINE('',#7989,#7990);
#7989 = CARTESIAN_POINT('',(23.,1.3,89.175));
#7990 = VECTOR('',#7991,1.);
#7991 = DIRECTION('',(0.,1.,0.));
#7992 = CARTESIAN_POINT('',(23.,1.3,89.175));
#7993 = CARTESIAN_POINT('',(23.,26.7,89.175));
#7994 = GEOMETRIC_CURVE_SET('',(#7995));
#7995 = TRIMMED_CURVE('',#7996,(#8000,PARAMETER_VALUE(0.)),(#8001,
    PARAMETER_VALUE(3.175)),.T.,.PARAMETER.);
#7996 = LINE('',#7997,#7998);
#7997 = CARTESIAN_POINT('',(23.,26.7,86.));
#7998 = VECTOR('',#7999,1.);
#7999 = DIRECTION('',(0.,0.,1.));
#8000 = CARTESIAN_POINT('',(23.,26.7,86.));
#8001 = CARTESIAN_POINT('',(23.,26.7,89.175));
#8002 = GEOMETRIC_CURVE_SET('',(#8003));
#8003 = TRIMMED_CURVE('',#8004,(#8008,PARAMETER_VALUE(0.)),(#8009,
    PARAMETER_VALUE(25.4)),.T.,.PARAMETER.);
#8004 = LINE('',#8005,#8006);
#8005 = CARTESIAN_POINT('',(23.,1.3,86.));
#8006 = VECTOR('',#8007,1.);
#8007 = DIRECTION('',(0.,1.,0.));
#8008 = CARTESIAN_POINT('',(23.,1.3,86.));
#8009 = CARTESIAN_POINT('',(23.,26.7,86.));
#8010 = GEOMETRIC_CURVE_SET('',(#8011));
#8011 = TRIMMED_CURVE('',#8012,(#8016,PARAMETER_VALUE(0.)),(#8017,
    PARAMETER_VALUE(18.)),.T.,.PARAMETER.);
#8012 = LINE('',#8013,#8014);
#8013 = CARTESIAN_POINT('',(5.,1.3,86.));
#8014 = VECTOR('',#8015,1.);
#8015 = DIRECTION('',(1.,0.,0.));
#8016 = CARTESIAN_POINT('',(5.,1.3,86.));
#8017 = CARTESIAN_POINT('',(23.,1.3,86.));
#8018 = GEOMETRIC_CURVE_SET('',(#8019));
#8019 = TRIMMED_CURVE('',#8020,(#8024,PARAMETER_VALUE(0.)),(#8025,
    PARAMETER_VALUE(18.)),.T.,.PARAMETER.);
#8020 = LINE('',#8021,#8022);
#8021 = CARTESIAN_POINT('',(5.,1.3,89.175));
#8022 = VECTOR('',#8023,1.);
#8023 = DIRECTION('',(1.,0.,0.));
#8024 = CARTESIAN_POINT('',(5.,1.3,89.175));
#8025 = CARTESIAN_POINT('',(23.,1.3,89.175));
#8026 = GEOMETRIC_CURVE_SET('',(#8027));
#8027 = TRIMMED_CURVE('',#8028,(#8032,PARAMETER_VALUE(0.)),(#8033,
    PARAMETER_VALUE(18.)),.T.,.PARAMETER.);
#8028 = LINE('',#8029,#8030);
#8029 = CARTESIAN_POINT('',(5.,26.7,86.));
#8030 = VECTOR('',#8031,1.);
#8031 = DIRECTION('',(1.,0.,0.));
#8032 = CARTESIAN_POINT('',(5.,26.7,86.));
#8033 = CARTESIAN_POINT('',(23.,26.7,86.));
#8034 = GEOMETRIC_CURVE_SET('',(#8035));
#8035 = TRIMMED_CURVE('',#8036,(#8040,PARAMETER_VALUE(0.)),(#8041,
    PARAMETER_VALUE(18.)),.T.,.PARAMETER.);
#8036 = LINE('',#8037,#8038);
#8037 = CARTESIAN_POINT('',(5.,26.7,89.175));
#8038 = VECTOR('',#8039,1.);
#8039 = DIRECTION('',(1.,0.,0.));
#8040 = CARTESIAN_POINT('',(5.,26.7,89.175));
#8041 = CARTESIAN_POINT('',(23.,26.7,89.175));
#8042 = GEOMETRIC_CURVE_SET('',(#8043));
#8043 = TRIMMED_CURVE('',#8044,(#8048,PARAMETER_VALUE(0.)),(#8049,
    PARAMETER_VALUE(3.175)),.T.,.PARAMETER.);
#8044 = LINE('',#8045,#8046);
#8045 = CARTESIAN_POINT('',(5.,1.3,120.925));
#8046 = VECTOR('',#8047,1.);
#8047 = DIRECTION('',(0.,0.,1.));
#8048 = CARTESIAN_POINT('',(5.,1.3,120.925));
#8049 = CARTESIAN_POINT('',(5.,1.3,124.1));
#8050 = GEOMETRIC_CURVE_SET('',(#8051));
#8051 = TRIMMED_CURVE('',#8052,(#8056,PARAMETER_VALUE(0.)),(#8057,
    PARAMETER_VALUE(25.4)),.T.,.PARAMETER.);
#8052 = LINE('',#8053,#8054);
#8053 = CARTESIAN_POINT('',(5.,1.3,124.1));
#8054 = VECTOR('',#8055,1.);
#8055 = DIRECTION('',(0.,1.,0.));
#8056 = CARTESIAN_POINT('',(5.,1.3,124.1));
#8057 = CARTESIAN_POINT('',(5.,26.7,124.1));
#8058 = GEOMETRIC_CURVE_SET('',(#8059));
#8059 = TRIMMED_CURVE('',#8060,(#8064,PARAMETER_VALUE(0.)),(#8065,
    PARAMETER_VALUE(3.175)),.T.,.PARAMETER.);
#8060 = LINE('',#8061,#8062);
#8061 = CARTESIAN_POINT('',(5.,26.7,120.925));
#8062 = VECTOR('',#8063,1.);
#8063 = DIRECTION('',(0.,0.,1.));
#8064 = CARTESIAN_POINT('',(5.,26.7,120.925));
#8065 = CARTESIAN_POINT('',(5.,26.7,124.1));
#8066 = GEOMETRIC_CURVE_SET('',(#8067));
#8067 = TRIMMED_CURVE('',#8068,(#8072,PARAMETER_VALUE(0.)),(#8073,
    PARAMETER_VALUE(25.4)),.T.,.PARAMETER.);
#8068 = LINE('',#8069,#8070);
#8069 = CARTESIAN_POINT('',(5.,1.3,120.925));
#8070 = VECTOR('',#8071,1.);
#8071 = DIRECTION('',(0.,1.,0.));
#8072 = CARTESIAN_POINT('',(5.,1.3,120.925));
#8073 = CARTESIAN_POINT('',(5.,26.7,120.925));
#8074 = GEOMETRIC_CURVE_SET('',(#8075));
#8075 = TRIMMED_CURVE('',#8076,(#8080,PARAMETER_VALUE(0.)),(#8081,
    PARAMETER_VALUE(3.175)),.T.,.PARAMETER.);
#8076 = LINE('',#8077,#8078);
#8077 = CARTESIAN_POINT('',(23.,1.3,120.925));
#8078 = VECTOR('',#8079,1.);
#8079 = DIRECTION('',(0.,0.,1.));
#8080 = CARTESIAN_POINT('',(23.,1.3,120.925));
#8081 = CARTESIAN_POINT('',(23.,1.3,124.1));
#8082 = GEOMETRIC_CURVE_SET('',(#8083));
#8083 = TRIMMED_CURVE('',#8084,(#8088,PARAMETER_VALUE(0.)),(#8089,
    PARAMETER_VALUE(25.4)),.T.,.PARAMETER.);
#8084 = LINE('',#8085,#8086);
#8085 = CARTESIAN_POINT('',(23.,1.3,124.1));
#8086 = VECTOR('',#8087,1.);
#8087 = DIRECTION('',(0.,1.,0.));
#8088 = CARTESIAN_POINT('',(23.,1.3,124.1));
#8089 = CARTESIAN_POINT('',(23.,26.7,124.1));
#8090 = GEOMETRIC_CURVE_SET('',(#8091));
#8091 = TRIMMED_CURVE('',#8092,(#8096,PARAMETER_VALUE(0.)),(#8097,
    PARAMETER_VALUE(3.175)),.T.,.PARAMETER.);
#8092 = LINE('',#8093,#8094);
#8093 = CARTESIAN_POINT('',(23.,26.7,120.925));
#8094 = VECTOR('',#8095,1.);
#8095 = DIRECTION('',(0.,0.,1.));
#8096 = CARTESIAN_POINT('',(23.,26.7,120.925));
#8097 = CARTESIAN_POINT('',(23.,26.7,124.1));
#8098 = GEOMETRIC_CURVE_SET('',(#8099));
#8099 = TRIMMED_CURVE('',#8100,(#8104,PARAMETER_VALUE(0.)),(#8105,
    PARAMETER_VALUE(25.4)),.T.,.PARAMETER.);
#8100 = LINE('',#8101,#8102);
#8101 = CARTESIAN_POINT('',(23.,1.3,120.925));
#8102 = VECTOR('',#8103,1.);
#8103 = DIRECTION('',(0.,1.,0.));
#8104 = CARTESIAN_POINT('',(23.,1.3,120.925));
#8105 = CARTESIAN_POINT('',(23.,26.7,120.925));
#8106 = GEOMETRIC_CURVE_SET('',(#8107));
#8107 = TRIMMED_CURVE('',#8108,(#8112,PARAMETER_VALUE(0.)),(#8113,
    PARAMETER_VALUE(18.)),.T.,.PARAMETER.);
#8108 = LINE('',#8109,#8110);
#8109 = CARTESIAN_POINT('',(5.,1.3,120.925));
#8110 = VECTOR('',#8111,1.);
#8111 = DIRECTION('',(1.,0.,0.));
#8112 = CARTESIAN_POINT('',(5.,1.3,120.925));
#8113 = CARTESIAN_POINT('',(23.,1.3,120.925));
#8114 = GEOMETRIC_CURVE_SET('',(#8115));
#8115 = TRIMMED_CURVE('',#8116,(#8120,PARAMETER_VALUE(0.)),(#8121,
    PARAMETER_VALUE(18.)),.T.,.PARAMETER.);
#8116 = LINE('',#8117,#8118);
#8117 = CARTESIAN_POINT('',(5.,1.3,124.1));
#8118 = VECTOR('',#8119,1.);
#8119 = DIRECTION('',(1.,0.,0.));
#8120 = CARTESIAN_POINT('',(5.,1.3,124.1));
#8121 = CARTESIAN_POINT('',(23.,1.3,124.1));
#8122 = GEOMETRIC_CURVE_SET('',(#8123));
#8123 = TRIMMED_CURVE('',#8124,(#8128,PARAMETER_VALUE(0.)),(#8129,
    PARAMETER_VALUE(18.)),.T.,.PARAMETER.);
#8124 = LINE('',#8125,#8126);
#8125 = CARTESIAN_POINT('',(5.,26.7,120.925));
#8126 = VECTOR('',#8127,1.);
#8127 = DIRECTION('',(1.,0.,0.));
#8128 = CARTESIAN_POINT('',(5.,26.7,120.925));
#8129 = CARTESIAN_POINT('',(23.,26.7,120.925));
#8130 = GEOMETRIC_CURVE_SET('',(#8131));
#8131 = TRIMMED_CURVE('',#8132,(#8136,PARAMETER_VALUE(0.)),(#8137,
    PARAMETER_VALUE(18.)),.T.,.PARAMETER.);
#8132 = LINE('',#8133,#8134);
#8133 = CARTESIAN_POINT('',(5.,26.7,124.1));
#8134 = VECTOR('',#8135,1.);
#8135 = DIRECTION('',(1.,0.,0.));
#8136 = CARTESIAN_POINT('',(5.,26.7,124.1));
#8137 = CARTESIAN_POINT('',(23.,26.7,124.1));
#8138 = GEOMETRIC_CURVE_SET('',(#8139));
#8139 = TRIMMED_CURVE('',#8140,(#8144,PARAMETER_VALUE(0.)),(#8145,
    PARAMETER_VALUE(31.75)),.T.,.PARAMETER.);
#8140 = LINE('',#8141,#8142);
#8141 = CARTESIAN_POINT('',(5.,1.3,89.175));
#8142 = VECTOR('',#8143,1.);
#8143 = DIRECTION('',(0.,0.,1.));
#8144 = CARTESIAN_POINT('',(5.,1.3,89.175));
#8145 = CARTESIAN_POINT('',(5.,1.3,120.925));
#8146 = GEOMETRIC_CURVE_SET('',(#8147));
#8147 = TRIMMED_CURVE('',#8148,(#8152,PARAMETER_VALUE(0.)),(#8153,
    PARAMETER_VALUE(3.175)),.T.,.PARAMETER.);
#8148 = LINE('',#8149,#8150);
#8149 = CARTESIAN_POINT('',(5.,1.3,120.925));
#8150 = VECTOR('',#8151,1.);
#8151 = DIRECTION('',(0.,1.,0.));
#8152 = CARTESIAN_POINT('',(5.,1.3,120.925));
#8153 = CARTESIAN_POINT('',(5.,4.475,120.925));
#8154 = GEOMETRIC_CURVE_SET('',(#8155));
#8155 = TRIMMED_CURVE('',#8156,(#8160,PARAMETER_VALUE(0.)),(#8161,
    PARAMETER_VALUE(31.75)),.T.,.PARAMETER.);
#8156 = LINE('',#8157,#8158);
#8157 = CARTESIAN_POINT('',(5.,4.475,89.175));
#8158 = VECTOR('',#8159,1.);
#8159 = DIRECTION('',(0.,0.,1.));
#8160 = CARTESIAN_POINT('',(5.,4.475,89.175));
#8161 = CARTESIAN_POINT('',(5.,4.475,120.925));
#8162 = GEOMETRIC_CURVE_SET('',(#8163));
#8163 = TRIMMED_CURVE('',#8164,(#8168,PARAMETER_VALUE(0.)),(#8169,
    PARAMETER_VALUE(3.175)),.T.,.PARAMETER.);
#8164 = LINE('',#8165,#8166);
#8165 = CARTESIAN_POINT('',(5.,1.3,89.175));
#8166 = VECTOR('',#8167,1.);
#8167 = DIRECTION('',(0.,1.,0.));
#8168 = CARTESIAN_POINT('',(5.,1.3,89.175));
#8169 = CARTESIAN_POINT('',(5.,4.475,89.175));
#8170 = GEOMETRIC_CURVE_SET('',(#8171));
#8171 = TRIMMED_CURVE('',#8172,(#8176,PARAMETER_VALUE(0.)),(#8177,
    PARAMETER_VALUE(31.75)),.T.,.PARAMETER.);
#8172 = LINE('',#8173,#8174);
#8173 = CARTESIAN_POINT('',(23.,1.3,89.175));
#8174 = VECTOR('',#8175,1.);
#8175 = DIRECTION('',(0.,0.,1.));
#8176 = CARTESIAN_POINT('',(23.,1.3,89.175));
#8177 = CARTESIAN_POINT('',(23.,1.3,120.925));
#8178 = GEOMETRIC_CURVE_SET('',(#8179));
#8179 = TRIMMED_CURVE('',#8180,(#8184,PARAMETER_VALUE(0.)),(#8185,
    PARAMETER_VALUE(3.175)),.T.,.PARAMETER.);
#8180 = LINE('',#8181,#8182);
#8181 = CARTESIAN_POINT('',(23.,1.3,120.925));
#8182 = VECTOR('',#8183,1.);
#8183 = DIRECTION('',(0.,1.,0.));
#8184 = CARTESIAN_POINT('',(23.,1.3,120.925));
#8185 = CARTESIAN_POINT('',(23.,4.475,120.925));
#8186 = GEOMETRIC_CURVE_SET('',(#8187));
#8187 = TRIMMED_CURVE('',#8188,(#8192,PARAMETER_VALUE(0.)),(#8193,
    PARAMETER_VALUE(31.75)),.T.,.PARAMETER.);
#8188 = LINE('',#8189,#8190);
#8189 = CARTESIAN_POINT('',(23.,4.475,89.175));
#8190 = VECTOR('',#8191,1.);
#8191 = DIRECTION('',(0.,0.,1.));
#8192 = CARTESIAN_POINT('',(23.,4.475,89.175));
#8193 = CARTESIAN_POINT('',(23.,4.475,120.925));
#8194 = GEOMETRIC_CURVE_SET('',(#8195));
#8195 = TRIMMED_CURVE('',#8196,(#8200,PARAMETER_VALUE(0.)),(#8201,
    PARAMETER_VALUE(3.175)),.T.,.PARAMETER.);
#8196 = LINE('',#8197,#8198);
#8197 = CARTESIAN_POINT('',(23.,1.3,89.175));
#8198 = VECTOR('',#8199,1.);
#8199 = DIRECTION('',(0.,1.,0.));
#8200 = CARTESIAN_POINT('',(23.,1.3,89.175));
#8201 = CARTESIAN_POINT('',(23.,4.475,89.175));
#8202 = GEOMETRIC_CURVE_SET('',(#8203));
#8203 = TRIMMED_CURVE('',#8204,(#8208,PARAMETER_VALUE(0.)),(#8209,
    PARAMETER_VALUE(18.)),.T.,.PARAMETER.);
#8204 = LINE('',#8205,#8206);
#8205 = CARTESIAN_POINT('',(5.,1.3,89.175));
#8206 = VECTOR('',#8207,1.);
#8207 = DIRECTION('',(1.,0.,0.));
#8208 = CARTESIAN_POINT('',(5.,1.3,89.175));
#8209 = CARTESIAN_POINT('',(23.,1.3,89.175));
#8210 = GEOMETRIC_CURVE_SET('',(#8211));
#8211 = TRIMMED_CURVE('',#8212,(#8216,PARAMETER_VALUE(0.)),(#8217,
    PARAMETER_VALUE(18.)),.T.,.PARAMETER.);
#8212 = LINE('',#8213,#8214);
#8213 = CARTESIAN_POINT('',(5.,1.3,120.925));
#8214 = VECTOR('',#8215,1.);
#8215 = DIRECTION('',(1.,0.,0.));
#8216 = CARTESIAN_POINT('',(5.,1.3,120.925));
#8217 = CARTESIAN_POINT('',(23.,1.3,120.925));
#8218 = GEOMETRIC_CURVE_SET('',(#8219));
#8219 = TRIMMED_CURVE('',#8220,(#8224,PARAMETER_VALUE(0.)),(#8225,
    PARAMETER_VALUE(18.)),.T.,.PARAMETER.);
#8220 = LINE('',#8221,#8222);
#8221 = CARTESIAN_POINT('',(5.,4.475,89.175));
#8222 = VECTOR('',#8223,1.);
#8223 = DIRECTION('',(1.,0.,0.));
#8224 = CARTESIAN_POINT('',(5.,4.475,89.175));
#8225 = CARTESIAN_POINT('',(23.,4.475,89.175));
#8226 = GEOMETRIC_CURVE_SET('',(#8227));
#8227 = TRIMMED_CURVE('',#8228,(#8232,PARAMETER_VALUE(0.)),(#8233,
    PARAMETER_VALUE(18.)),.T.,.PARAMETER.);
#8228 = LINE('',#8229,#8230);
#8229 = CARTESIAN_POINT('',(5.,4.475,120.925));
#8230 = VECTOR('',#8231,1.);
#8231 = DIRECTION('',(1.,0.,0.));
#8232 = CARTESIAN_POINT('',(5.,4.475,120.925));
#8233 = CARTESIAN_POINT('',(23.,4.475,120.925));
#8234 = GEOMETRIC_CURVE_SET('',(#8235));
#8235 = TRIMMED_CURVE('',#8236,(#8240,PARAMETER_VALUE(0.)),(#8241,
    PARAMETER_VALUE(31.75)),.T.,.PARAMETER.);
#8236 = LINE('',#8237,#8238);
#8237 = CARTESIAN_POINT('',(5.,23.525,89.175));
#8238 = VECTOR('',#8239,1.);
#8239 = DIRECTION('',(0.,0.,1.));
#8240 = CARTESIAN_POINT('',(5.,23.525,89.175));
#8241 = CARTESIAN_POINT('',(5.,23.525,120.925));
#8242 = GEOMETRIC_CURVE_SET('',(#8243));
#8243 = TRIMMED_CURVE('',#8244,(#8248,PARAMETER_VALUE(0.)),(#8249,
    PARAMETER_VALUE(3.175)),.T.,.PARAMETER.);
#8244 = LINE('',#8245,#8246);
#8245 = CARTESIAN_POINT('',(5.,23.525,120.925));
#8246 = VECTOR('',#8247,1.);
#8247 = DIRECTION('',(0.,1.,0.));
#8248 = CARTESIAN_POINT('',(5.,23.525,120.925));
#8249 = CARTESIAN_POINT('',(5.,26.7,120.925));
#8250 = GEOMETRIC_CURVE_SET('',(#8251));
#8251 = TRIMMED_CURVE('',#8252,(#8256,PARAMETER_VALUE(0.)),(#8257,
    PARAMETER_VALUE(31.75)),.T.,.PARAMETER.);
#8252 = LINE('',#8253,#8254);
#8253 = CARTESIAN_POINT('',(5.,26.7,89.175));
#8254 = VECTOR('',#8255,1.);
#8255 = DIRECTION('',(0.,0.,1.));
#8256 = CARTESIAN_POINT('',(5.,26.7,89.175));
#8257 = CARTESIAN_POINT('',(5.,26.7,120.925));
#8258 = GEOMETRIC_CURVE_SET('',(#8259));
#8259 = TRIMMED_CURVE('',#8260,(#8264,PARAMETER_VALUE(0.)),(#8265,
    PARAMETER_VALUE(3.175)),.T.,.PARAMETER.);
#8260 = LINE('',#8261,#8262);
#8261 = CARTESIAN_POINT('',(5.,23.525,89.175));
#8262 = VECTOR('',#8263,1.);
#8263 = DIRECTION('',(0.,1.,0.));
#8264 = CARTESIAN_POINT('',(5.,23.525,89.175));
#8265 = CARTESIAN_POINT('',(5.,26.7,89.175));
#8266 = GEOMETRIC_CURVE_SET('',(#8267));
#8267 = TRIMMED_CURVE('',#8268,(#8272,PARAMETER_VALUE(0.)),(#8273,
    PARAMETER_VALUE(31.75)),.T.,.PARAMETER.);
#8268 = LINE('',#8269,#8270);
#8269 = CARTESIAN_POINT('',(23.,23.525,89.175));
#8270 = VECTOR('',#8271,1.);
#8271 = DIRECTION('',(0.,0.,1.));
#8272 = CARTESIAN_POINT('',(23.,23.525,89.175));
#8273 = CARTESIAN_POINT('',(23.,23.525,120.925));
#8274 = GEOMETRIC_CURVE_SET('',(#8275));
#8275 = TRIMMED_CURVE('',#8276,(#8280,PARAMETER_VALUE(0.)),(#8281,
    PARAMETER_VALUE(3.175)),.T.,.PARAMETER.);
#8276 = LINE('',#8277,#8278);
#8277 = CARTESIAN_POINT('',(23.,23.525,120.925));
#8278 = VECTOR('',#8279,1.);
#8279 = DIRECTION('',(0.,1.,0.));
#8280 = CARTESIAN_POINT('',(23.,23.525,120.925));
#8281 = CARTESIAN_POINT('',(23.,26.7,120.925));
#8282 = GEOMETRIC_CURVE_SET('',(#8283));
#8283 = TRIMMED_CURVE('',#8284,(#8288,PARAMETER_VALUE(0.)),(#8289,
    PARAMETER_VALUE(31.75)),.T.,.PARAMETER.);
#8284 = LINE('',#8285,#8286);
#8285 = CARTESIAN_POINT('',(23.,26.7,89.175));
#8286 = VECTOR('',#8287,1.);
#8287 = DIRECTION('',(0.,0.,1.));
#8288 = CARTESIAN_POINT('',(23.,26.7,89.175));
#8289 = CARTESIAN_POINT('',(23.,26.7,120.925));
#8290 = GEOMETRIC_CURVE_SET('',(#8291));
#8291 = TRIMMED_CURVE('',#8292,(#8296,PARAMETER_VALUE(0.)),(#8297,
    PARAMETER_VALUE(3.175)),.T.,.PARAMETER.);
#8292 = LINE('',#8293,#8294);
#8293 = CARTESIAN_POINT('',(23.,23.525,89.175));
#8294 = VECTOR('',#8295,1.);
#8295 = DIRECTION('',(0.,1.,0.));
#8296 = CARTESIAN_POINT('',(23.,23.525,89.175));
#8297 = CARTESIAN_POINT('',(23.,26.7,89.175));
#8298 = GEOMETRIC_CURVE_SET('',(#8299));
#8299 = TRIMMED_CURVE('',#8300,(#8304,PARAMETER_VALUE(0.)),(#8305,
    PARAMETER_VALUE(18.)),.T.,.PARAMETER.);
#8300 = LINE('',#8301,#8302);
#8301 = CARTESIAN_POINT('',(5.,23.525,89.175));
#8302 = VECTOR('',#8303,1.);
#8303 = DIRECTION('',(1.,0.,0.));
#8304 = CARTESIAN_POINT('',(5.,23.525,89.175));
#8305 = CARTESIAN_POINT('',(23.,23.525,89.175));
#8306 = GEOMETRIC_CURVE_SET('',(#8307));
#8307 = TRIMMED_CURVE('',#8308,(#8312,PARAMETER_VALUE(0.)),(#8313,
    PARAMETER_VALUE(18.)),.T.,.PARAMETER.);
#8308 = LINE('',#8309,#8310);
#8309 = CARTESIAN_POINT('',(5.,23.525,120.925));
#8310 = VECTOR('',#8311,1.);
#8311 = DIRECTION('',(1.,0.,0.));
#8312 = CARTESIAN_POINT('',(5.,23.525,120.925));
#8313 = CARTESIAN_POINT('',(23.,23.525,120.925));
#8314 = GEOMETRIC_CURVE_SET('',(#8315));
#8315 = TRIMMED_CURVE('',#8316,(#8320,PARAMETER_VALUE(0.)),(#8321,
    PARAMETER_VALUE(18.)),.T.,.PARAMETER.);
#8316 = LINE('',#8317,#8318);
#8317 = CARTESIAN_POINT('',(5.,26.7,89.175));
#8318 = VECTOR('',#8319,1.);
#8319 = DIRECTION('',(1.,0.,0.));
#8320 = CARTESIAN_POINT('',(5.,26.7,89.175));
#8321 = CARTESIAN_POINT('',(23.,26.7,89.175));
#8322 = GEOMETRIC_CURVE_SET('',(#8323));
#8323 = TRIMMED_CURVE('',#8324,(#8328,PARAMETER_VALUE(0.)),(#8329,
    PARAMETER_VALUE(18.)),.T.,.PARAMETER.);
#8324 = LINE('',#8325,#8326);
#8325 = CARTESIAN_POINT('',(5.,26.7,120.925));
#8326 = VECTOR('',#8327,1.);
#8327 = DIRECTION('',(1.,0.,0.));
#8328 = CARTESIAN_POINT('',(5.,26.7,120.925));
#8329 = CARTESIAN_POINT('',(23.,26.7,120.925));
#8330 = GEOMETRIC_CURVE_SET('',(#8331));
#8331 = TRIMMED_CURVE('',#8332,(#8336,PARAMETER_VALUE(0.)),(#8337,
    PARAMETER_VALUE(2.)),.T.,.PARAMETER.);
#8332 = LINE('',#8333,#8334);
#8333 = CARTESIAN_POINT('',(5.,8.,89.175));
#8334 = VECTOR('',#8335,1.);
#8335 = DIRECTION('',(0.,0.,1.));
#8336 = CARTESIAN_POINT('',(5.,8.,89.175));
#8337 = CARTESIAN_POINT('',(5.,8.,91.175));
#8338 = GEOMETRIC_CURVE_SET('',(#8339));
#8339 = TRIMMED_CURVE('',#8340,(#8344,PARAMETER_VALUE(0.)),(#8345,
    PARAMETER_VALUE(12.)),.T.,.PARAMETER.);
#8340 = LINE('',#8341,#8342);
#8341 = CARTESIAN_POINT('',(5.,8.,91.175));
#8342 = VECTOR('',#8343,1.);
#8343 = DIRECTION('',(0.,1.,0.));
#8344 = CARTESIAN_POINT('',(5.,8.,91.175));
#8345 = CARTESIAN_POINT('',(5.,20.,91.175));
#8346 = GEOMETRIC_CURVE_SET('',(#8347));
#8347 = TRIMMED_CURVE('',#8348,(#8352,PARAMETER_VALUE(0.)),(#8353,
    PARAMETER_VALUE(2.)),.T.,.PARAMETER.);
#8348 = LINE('',#8349,#8350);
#8349 = CARTESIAN_POINT('',(5.,20.,89.175));
#8350 = VECTOR('',#8351,1.);
#8351 = DIRECTION('',(0.,0.,1.));
#8352 = CARTESIAN_POINT('',(5.,20.,89.175));
#8353 = CARTESIAN_POINT('',(5.,20.,91.175));
#8354 = GEOMETRIC_CURVE_SET('',(#8355));
#8355 = TRIMMED_CURVE('',#8356,(#8360,PARAMETER_VALUE(0.)),(#8361,
    PARAMETER_VALUE(12.)),.T.,.PARAMETER.);
#8356 = LINE('',#8357,#8358);
#8357 = CARTESIAN_POINT('',(5.,8.,89.175));
#8358 = VECTOR('',#8359,1.);
#8359 = DIRECTION('',(0.,1.,0.));
#8360 = CARTESIAN_POINT('',(5.,8.,89.175));
#8361 = CARTESIAN_POINT('',(5.,20.,89.175));
#8362 = GEOMETRIC_CURVE_SET('',(#8363));
#8363 = TRIMMED_CURVE('',#8364,(#8368,PARAMETER_VALUE(0.)),(#8369,
    PARAMETER_VALUE(2.)),.T.,.PARAMETER.);
#8364 = LINE('',#8365,#8366);
#8365 = CARTESIAN_POINT('',(23.,8.,89.175));
#8366 = VECTOR('',#8367,1.);
#8367 = DIRECTION('',(0.,0.,1.));
#8368 = CARTESIAN_POINT('',(23.,8.,89.175));
#8369 = CARTESIAN_POINT('',(23.,8.,91.175));
#8370 = GEOMETRIC_CURVE_SET('',(#8371));
#8371 = TRIMMED_CURVE('',#8372,(#8376,PARAMETER_VALUE(0.)),(#8377,
    PARAMETER_VALUE(12.)),.T.,.PARAMETER.);
#8372 = LINE('',#8373,#8374);
#8373 = CARTESIAN_POINT('',(23.,8.,91.175));
#8374 = VECTOR('',#8375,1.);
#8375 = DIRECTION('',(0.,1.,0.));
#8376 = CARTESIAN_POINT('',(23.,8.,91.175));
#8377 = CARTESIAN_POINT('',(23.,20.,91.175));
#8378 = GEOMETRIC_CURVE_SET('',(#8379));
#8379 = TRIMMED_CURVE('',#8380,(#8384,PARAMETER_VALUE(0.)),(#8385,
    PARAMETER_VALUE(2.)),.T.,.PARAMETER.);
#8380 = LINE('',#8381,#8382);
#8381 = CARTESIAN_POINT('',(23.,20.,89.175));
#8382 = VECTOR('',#8383,1.);
#8383 = DIRECTION('',(0.,0.,1.));
#8384 = CARTESIAN_POINT('',(23.,20.,89.175));
#8385 = CARTESIAN_POINT('',(23.,20.,91.175));
#8386 = GEOMETRIC_CURVE_SET('',(#8387));
#8387 = TRIMMED_CURVE('',#8388,(#8392,PARAMETER_VALUE(0.)),(#8393,
    PARAMETER_VALUE(12.)),.T.,.PARAMETER.);
#8388 = LINE('',#8389,#8390);
#8389 = CARTESIAN_POINT('',(23.,8.,89.175));
#8390 = VECTOR('',#8391,1.);
#8391 = DIRECTION('',(0.,1.,0.));
#8392 = CARTESIAN_POINT('',(23.,8.,89.175));
#8393 = CARTESIAN_POINT('',(23.,20.,89.175));
#8394 = GEOMETRIC_CURVE_SET('',(#8395));
#8395 = TRIMMED_CURVE('',#8396,(#8400,PARAMETER_VALUE(0.)),(#8401,
    PARAMETER_VALUE(18.)),.T.,.PARAMETER.);
#8396 = LINE('',#8397,#8398);
#8397 = CARTESIAN_POINT('',(5.,8.,89.175));
#8398 = VECTOR('',#8399,1.);
#8399 = DIRECTION('',(1.,0.,0.));
#8400 = CARTESIAN_POINT('',(5.,8.,89.175));
#8401 = CARTESIAN_POINT('',(23.,8.,89.175));
#8402 = GEOMETRIC_CURVE_SET('',(#8403));
#8403 = TRIMMED_CURVE('',#8404,(#8408,PARAMETER_VALUE(0.)),(#8409,
    PARAMETER_VALUE(18.)),.T.,.PARAMETER.);
#8404 = LINE('',#8405,#8406);
#8405 = CARTESIAN_POINT('',(5.,8.,91.175));
#8406 = VECTOR('',#8407,1.);
#8407 = DIRECTION('',(1.,0.,0.));
#8408 = CARTESIAN_POINT('',(5.,8.,91.175));
#8409 = CARTESIAN_POINT('',(23.,8.,91.175));
#8410 = GEOMETRIC_CURVE_SET('',(#8411));
#8411 = TRIMMED_CURVE('',#8412,(#8416,PARAMETER_VALUE(0.)),(#8417,
    PARAMETER_VALUE(18.)),.T.,.PARAMETER.);
#8412 = LINE('',#8413,#8414);
#8413 = CARTESIAN_POINT('',(5.,20.,89.175));
#8414 = VECTOR('',#8415,1.);
#8415 = DIRECTION('',(1.,0.,0.));
#8416 = CARTESIAN_POINT('',(5.,20.,89.175));
#8417 = CARTESIAN_POINT('',(23.,20.,89.175));
#8418 = GEOMETRIC_CURVE_SET('',(#8419));
#8419 = TRIMMED_CURVE('',#8420,(#8424,PARAMETER_VALUE(0.)),(#8425,
    PARAMETER_VALUE(18.)),.T.,.PARAMETER.);
#8420 = LINE('',#8421,#8422);
#8421 = CARTESIAN_POINT('',(5.,20.,91.175));
#8422 = VECTOR('',#8423,1.);
#8423 = DIRECTION('',(1.,0.,0.));
#8424 = CARTESIAN_POINT('',(5.,20.,91.175));
#8425 = CARTESIAN_POINT('',(23.,20.,91.175));
#8426 = GEOMETRIC_CURVE_SET('',(#8427));
#8427 = TRIMMED_CURVE('',#8428,(#8432,PARAMETER_VALUE(0.)),(#8433,
    PARAMETER_VALUE(2.)),.T.,.PARAMETER.);
#8428 = LINE('',#8429,#8430);
#8429 = CARTESIAN_POINT('',(5.,8.,118.925));
#8430 = VECTOR('',#8431,1.);
#8431 = DIRECTION('',(0.,0.,1.));
#8432 = CARTESIAN_POINT('',(5.,8.,118.925));
#8433 = CARTESIAN_POINT('',(5.,8.,120.925));
#8434 = GEOMETRIC_CURVE_SET('',(#8435));
#8435 = TRIMMED_CURVE('',#8436,(#8440,PARAMETER_VALUE(0.)),(#8441,
    PARAMETER_VALUE(12.)),.T.,.PARAMETER.);
#8436 = LINE('',#8437,#8438);
#8437 = CARTESIAN_POINT('',(5.,8.,120.925));
#8438 = VECTOR('',#8439,1.);
#8439 = DIRECTION('',(0.,1.,0.));
#8440 = CARTESIAN_POINT('',(5.,8.,120.925));
#8441 = CARTESIAN_POINT('',(5.,20.,120.925));
#8442 = GEOMETRIC_CURVE_SET('',(#8443));
#8443 = TRIMMED_CURVE('',#8444,(#8448,PARAMETER_VALUE(0.)),(#8449,
    PARAMETER_VALUE(2.)),.T.,.PARAMETER.);
#8444 = LINE('',#8445,#8446);
#8445 = CARTESIAN_POINT('',(5.,20.,118.925));
#8446 = VECTOR('',#8447,1.);
#8447 = DIRECTION('',(0.,0.,1.));
#8448 = CARTESIAN_POINT('',(5.,20.,118.925));
#8449 = CARTESIAN_POINT('',(5.,20.,120.925));
#8450 = GEOMETRIC_CURVE_SET('',(#8451));
#8451 = TRIMMED_CURVE('',#8452,(#8456,PARAMETER_VALUE(0.)),(#8457,
    PARAMETER_VALUE(12.)),.T.,.PARAMETER.);
#8452 = LINE('',#8453,#8454);
#8453 = CARTESIAN_POINT('',(5.,8.,118.925));
#8454 = VECTOR('',#8455,1.);
#8455 = DIRECTION('',(0.,1.,0.));
#8456 = CARTESIAN_POINT('',(5.,8.,118.925));
#8457 = CARTESIAN_POINT('',(5.,20.,118.925));
#8458 = GEOMETRIC_CURVE_SET('',(#8459));
#8459 = TRIMMED_CURVE('',#8460,(#8464,PARAMETER_VALUE(0.)),(#8465,
    PARAMETER_VALUE(2.)),.T.,.PARAMETER.);
#8460 = LINE('',#8461,#8462);
#8461 = CARTESIAN_POINT('',(23.,8.,118.925));
#8462 = VECTOR('',#8463,1.);
#8463 = DIRECTION('',(0.,0.,1.));
#8464 = CARTESIAN_POINT('',(23.,8.,118.925));
#8465 = CARTESIAN_POINT('',(23.,8.,120.925));
#8466 = GEOMETRIC_CURVE_SET('',(#8467));
#8467 = TRIMMED_CURVE('',#8468,(#8472,PARAMETER_VALUE(0.)),(#8473,
    PARAMETER_VALUE(12.)),.T.,.PARAMETER.);
#8468 = LINE('',#8469,#8470);
#8469 = CARTESIAN_POINT('',(23.,8.,120.925));
#8470 = VECTOR('',#8471,1.);
#8471 = DIRECTION('',(0.,1.,0.));
#8472 = CARTESIAN_POINT('',(23.,8.,120.925));
#8473 = CARTESIAN_POINT('',(23.,20.,120.925));
#8474 = GEOMETRIC_CURVE_SET('',(#8475));
#8475 = TRIMMED_CURVE('',#8476,(#8480,PARAMETER_VALUE(0.)),(#8481,
    PARAMETER_VALUE(2.)),.T.,.PARAMETER.);
#8476 = LINE('',#8477,#8478);
#8477 = CARTESIAN_POINT('',(23.,20.,118.925));
#8478 = VECTOR('',#8479,1.);
#8479 = DIRECTION('',(0.,0.,1.));
#8480 = CARTESIAN_POINT('',(23.,20.,118.925));
#8481 = CARTESIAN_POINT('',(23.,20.,120.925));
#8482 = GEOMETRIC_CURVE_SET('',(#8483));
#8483 = TRIMMED_CURVE('',#8484,(#8488,PARAMETER_VALUE(0.)),(#8489,
    PARAMETER_VALUE(12.)),.T.,.PARAMETER.);
#8484 = LINE('',#8485,#8486);
#8485 = CARTESIAN_POINT('',(23.,8.,118.925));
#8486 = VECTOR('',#8487,1.);
#8487 = DIRECTION('',(0.,1.,0.));
#8488 = CARTESIAN_POINT('',(23.,8.,118.925));
#8489 = CARTESIAN_POINT('',(23.,20.,118.925));
#8490 = GEOMETRIC_CURVE_SET('',(#8491));
#8491 = TRIMMED_CURVE('',#8492,(#8496,PARAMETER_VALUE(0.)),(#8497,
    PARAMETER_VALUE(18.)),.T.,.PARAMETER.);
#8492 = LINE('',#8493,#8494);
#8493 = CARTESIAN_POINT('',(5.,8.,118.925));
#8494 = VECTOR('',#8495,1.);
#8495 = DIRECTION('',(1.,0.,0.));
#8496 = CARTESIAN_POINT('',(5.,8.,118.925));
#8497 = CARTESIAN_POINT('',(23.,8.,118.925));
#8498 = GEOMETRIC_CURVE_SET('',(#8499));
#8499 = TRIMMED_CURVE('',#8500,(#8504,PARAMETER_VALUE(0.)),(#8505,
    PARAMETER_VALUE(18.)),.T.,.PARAMETER.);
#8500 = LINE('',#8501,#8502);
#8501 = CARTESIAN_POINT('',(5.,8.,120.925));
#8502 = VECTOR('',#8503,1.);
#8503 = DIRECTION('',(1.,0.,0.));
#8504 = CARTESIAN_POINT('',(5.,8.,120.925));
#8505 = CARTESIAN_POINT('',(23.,8.,120.925));
#8506 = GEOMETRIC_CURVE_SET('',(#8507));
#8507 = TRIMMED_CURVE('',#8508,(#8512,PARAMETER_VALUE(0.)),(#8513,
    PARAMETER_VALUE(18.)),.T.,.PARAMETER.);
#8508 = LINE('',#8509,#8510);
#8509 = CARTESIAN_POINT('',(5.,20.,118.925));
#8510 = VECTOR('',#8511,1.);
#8511 = DIRECTION('',(1.,0.,0.));
#8512 = CARTESIAN_POINT('',(5.,20.,118.925));
#8513 = CARTESIAN_POINT('',(23.,20.,118.925));
#8514 = GEOMETRIC_CURVE_SET('',(#8515));
#8515 = TRIMMED_CURVE('',#8516,(#8520,PARAMETER_VALUE(0.)),(#8521,
    PARAMETER_VALUE(18.)),.T.,.PARAMETER.);
#8516 = LINE('',#8517,#8518);
#8517 = CARTESIAN_POINT('',(5.,20.,120.925));
#8518 = VECTOR('',#8519,1.);
#8519 = DIRECTION('',(1.,0.,0.));
#8520 = CARTESIAN_POINT('',(5.,20.,120.925));
#8521 = CARTESIAN_POINT('',(23.,20.,120.925));
#8522 = GEOMETRIC_CURVE_SET('',(#8523));
#8523 = TRIMMED_CURVE('',#8524,(#8528,PARAMETER_VALUE(0.)),(#8529,
    PARAMETER_VALUE(2.)),.T.,.PARAMETER.);
#8524 = LINE('',#8525,#8526);
#8525 = CARTESIAN_POINT('',(8.,5.,91.675));
#8526 = VECTOR('',#8527,1.);
#8527 = DIRECTION('',(0.,0.,1.));
#8528 = CARTESIAN_POINT('',(8.,5.,91.675));
#8529 = CARTESIAN_POINT('',(8.,5.,93.675));
#8530 = GEOMETRIC_CURVE_SET('',(#8531));
#8531 = TRIMMED_CURVE('',#8532,(#8536,PARAMETER_VALUE(0.)),(#8537,
    PARAMETER_VALUE(18.)),.T.,.PARAMETER.);
#8532 = LINE('',#8533,#8534);
#8533 = CARTESIAN_POINT('',(8.,5.,93.675));
#8534 = VECTOR('',#8535,1.);
#8535 = DIRECTION('',(0.,1.,0.));
#8536 = CARTESIAN_POINT('',(8.,5.,93.675));
#8537 = CARTESIAN_POINT('',(8.,23.,93.675));
#8538 = GEOMETRIC_CURVE_SET('',(#8539));
#8539 = TRIMMED_CURVE('',#8540,(#8544,PARAMETER_VALUE(0.)),(#8545,
    PARAMETER_VALUE(2.)),.T.,.PARAMETER.);
#8540 = LINE('',#8541,#8542);
#8541 = CARTESIAN_POINT('',(8.,23.,91.675));
#8542 = VECTOR('',#8543,1.);
#8543 = DIRECTION('',(0.,0.,1.));
#8544 = CARTESIAN_POINT('',(8.,23.,91.675));
#8545 = CARTESIAN_POINT('',(8.,23.,93.675));
#8546 = GEOMETRIC_CURVE_SET('',(#8547));
#8547 = TRIMMED_CURVE('',#8548,(#8552,PARAMETER_VALUE(0.)),(#8553,
    PARAMETER_VALUE(18.)),.T.,.PARAMETER.);
#8548 = LINE('',#8549,#8550);
#8549 = CARTESIAN_POINT('',(8.,5.,91.675));
#8550 = VECTOR('',#8551,1.);
#8551 = DIRECTION('',(0.,1.,0.));
#8552 = CARTESIAN_POINT('',(8.,5.,91.675));
#8553 = CARTESIAN_POINT('',(8.,23.,91.675));
#8554 = GEOMETRIC_CURVE_SET('',(#8555));
#8555 = TRIMMED_CURVE('',#8556,(#8560,PARAMETER_VALUE(0.)),(#8561,
    PARAMETER_VALUE(2.)),.T.,.PARAMETER.);
#8556 = LINE('',#8557,#8558);
#8557 = CARTESIAN_POINT('',(28.,5.,91.675));
#8558 = VECTOR('',#8559,1.);
#8559 = DIRECTION('',(0.,0.,1.));
#8560 = CARTESIAN_POINT('',(28.,5.,91.675));
#8561 = CARTESIAN_POINT('',(28.,5.,93.675));
#8562 = GEOMETRIC_CURVE_SET('',(#8563));
#8563 = TRIMMED_CURVE('',#8564,(#8568,PARAMETER_VALUE(0.)),(#8569,
    PARAMETER_VALUE(18.)),.T.,.PARAMETER.);
#8564 = LINE('',#8565,#8566);
#8565 = CARTESIAN_POINT('',(28.,5.,93.675));
#8566 = VECTOR('',#8567,1.);
#8567 = DIRECTION('',(0.,1.,0.));
#8568 = CARTESIAN_POINT('',(28.,5.,93.675));
#8569 = CARTESIAN_POINT('',(28.,23.,93.675));
#8570 = GEOMETRIC_CURVE_SET('',(#8571));
#8571 = TRIMMED_CURVE('',#8572,(#8576,PARAMETER_VALUE(0.)),(#8577,
    PARAMETER_VALUE(2.)),.T.,.PARAMETER.);
#8572 = LINE('',#8573,#8574);
#8573 = CARTESIAN_POINT('',(28.,23.,91.675));
#8574 = VECTOR('',#8575,1.);
#8575 = DIRECTION('',(0.,0.,1.));
#8576 = CARTESIAN_POINT('',(28.,23.,91.675));
#8577 = CARTESIAN_POINT('',(28.,23.,93.675));
#8578 = GEOMETRIC_CURVE_SET('',(#8579));
#8579 = TRIMMED_CURVE('',#8580,(#8584,PARAMETER_VALUE(0.)),(#8585,
    PARAMETER_VALUE(18.)),.T.,.PARAMETER.);
#8580 = LINE('',#8581,#8582);
#8581 = CARTESIAN_POINT('',(28.,5.,91.675));
#8582 = VECTOR('',#8583,1.);
#8583 = DIRECTION('',(0.,1.,0.));
#8584 = CARTESIAN_POINT('',(28.,5.,91.675));
#8585 = CARTESIAN_POINT('',(28.,23.,91.675));
#8586 = GEOMETRIC_CURVE_SET('',(#8587));
#8587 = TRIMMED_CURVE('',#8588,(#8592,PARAMETER_VALUE(0.)),(#8593,
    PARAMETER_VALUE(20.)),.T.,.PARAMETER.);
#8588 = LINE('',#8589,#8590);
#8589 = CARTESIAN_POINT('',(8.,5.,91.675));
#8590 = VECTOR('',#8591,1.);
#8591 = DIRECTION('',(1.,0.,0.));
#8592 = CARTESIAN_POINT('',(8.,5.,91.675));
#8593 = CARTESIAN_POINT('',(28.,5.,91.675));
#8594 = GEOMETRIC_CURVE_SET('',(#8595));
#8595 = TRIMMED_CURVE('',#8596,(#8600,PARAMETER_VALUE(0.)),(#8601,
    PARAMETER_VALUE(20.)),.T.,.PARAMETER.);
#8596 = LINE('',#8597,#8598);
#8597 = CARTESIAN_POINT('',(8.,5.,93.675));
#8598 = VECTOR('',#8599,1.);
#8599 = DIRECTION('',(1.,0.,0.));
#8600 = CARTESIAN_POINT('',(8.,5.,93.675));
#8601 = CARTESIAN_POINT('',(28.,5.,93.675));
#8602 = GEOMETRIC_CURVE_SET('',(#8603));
#8603 = TRIMMED_CURVE('',#8604,(#8608,PARAMETER_VALUE(0.)),(#8609,
    PARAMETER_VALUE(20.)),.T.,.PARAMETER.);
#8604 = LINE('',#8605,#8606);
#8605 = CARTESIAN_POINT('',(8.,23.,91.675));
#8606 = VECTOR('',#8607,1.);
#8607 = DIRECTION('',(1.,0.,0.));
#8608 = CARTESIAN_POINT('',(8.,23.,91.675));
#8609 = CARTESIAN_POINT('',(28.,23.,91.675));
#8610 = GEOMETRIC_CURVE_SET('',(#8611));
#8611 = TRIMMED_CURVE('',#8612,(#8616,PARAMETER_VALUE(0.)),(#8617,
    PARAMETER_VALUE(20.)),.T.,.PARAMETER.);
#8612 = LINE('',#8613,#8614);
#8613 = CARTESIAN_POINT('',(8.,23.,93.675));
#8614 = VECTOR('',#8615,1.);
#8615 = DIRECTION('',(1.,0.,0.));
#8616 = CARTESIAN_POINT('',(8.,23.,93.675));
#8617 = CARTESIAN_POINT('',(28.,23.,93.675));
#8618 = GEOMETRIC_CURVE_SET('',(#8619));
#8619 = TRIMMED_CURVE('',#8620,(#8624,PARAMETER_VALUE(0.)),(#8625,
    PARAMETER_VALUE(2.)),.T.,.PARAMETER.);
#8620 = LINE('',#8621,#8622);
#8621 = CARTESIAN_POINT('',(8.,5.,116.425));
#8622 = VECTOR('',#8623,1.);
#8623 = DIRECTION('',(0.,0.,1.));
#8624 = CARTESIAN_POINT('',(8.,5.,116.425));
#8625 = CARTESIAN_POINT('',(8.,5.,118.425));
#8626 = GEOMETRIC_CURVE_SET('',(#8627));
#8627 = TRIMMED_CURVE('',#8628,(#8632,PARAMETER_VALUE(0.)),(#8633,
    PARAMETER_VALUE(18.)),.T.,.PARAMETER.);
#8628 = LINE('',#8629,#8630);
#8629 = CARTESIAN_POINT('',(8.,5.,118.425));
#8630 = VECTOR('',#8631,1.);
#8631 = DIRECTION('',(0.,1.,0.));
#8632 = CARTESIAN_POINT('',(8.,5.,118.425));
#8633 = CARTESIAN_POINT('',(8.,23.,118.425));
#8634 = GEOMETRIC_CURVE_SET('',(#8635));
#8635 = TRIMMED_CURVE('',#8636,(#8640,PARAMETER_VALUE(0.)),(#8641,
    PARAMETER_VALUE(2.)),.T.,.PARAMETER.);
#8636 = LINE('',#8637,#8638);
#8637 = CARTESIAN_POINT('',(8.,23.,116.425));
#8638 = VECTOR('',#8639,1.);
#8639 = DIRECTION('',(0.,0.,1.));
#8640 = CARTESIAN_POINT('',(8.,23.,116.425));
#8641 = CARTESIAN_POINT('',(8.,23.,118.425));
#8642 = GEOMETRIC_CURVE_SET('',(#8643));
#8643 = TRIMMED_CURVE('',#8644,(#8648,PARAMETER_VALUE(0.)),(#8649,
    PARAMETER_VALUE(18.)),.T.,.PARAMETER.);
#8644 = LINE('',#8645,#8646);
#8645 = CARTESIAN_POINT('',(8.,5.,116.425));
#8646 = VECTOR('',#8647,1.);
#8647 = DIRECTION('',(0.,1.,0.));
#8648 = CARTESIAN_POINT('',(8.,5.,116.425));
#8649 = CARTESIAN_POINT('',(8.,23.,116.425));
#8650 = GEOMETRIC_CURVE_SET('',(#8651));
#8651 = TRIMMED_CURVE('',#8652,(#8656,PARAMETER_VALUE(0.)),(#8657,
    PARAMETER_VALUE(2.)),.T.,.PARAMETER.);
#8652 = LINE('',#8653,#8654);
#8653 = CARTESIAN_POINT('',(28.,5.,116.425));
#8654 = VECTOR('',#8655,1.);
#8655 = DIRECTION('',(0.,0.,1.));
#8656 = CARTESIAN_POINT('',(28.,5.,116.425));
#8657 = CARTESIAN_POINT('',(28.,5.,118.425));
#8658 = GEOMETRIC_CURVE_SET('',(#8659));
#8659 = TRIMMED_CURVE('',#8660,(#8664,PARAMETER_VALUE(0.)),(#8665,
    PARAMETER_VALUE(18.)),.T.,.PARAMETER.);
#8660 = LINE('',#8661,#8662);
#8661 = CARTESIAN_POINT('',(28.,5.,118.425));
#8662 = VECTOR('',#8663,1.);
#8663 = DIRECTION('',(0.,1.,0.));
#8664 = CARTESIAN_POINT('',(28.,5.,118.425));
#8665 = CARTESIAN_POINT('',(28.,23.,118.425));
#8666 = GEOMETRIC_CURVE_SET('',(#8667));
#8667 = TRIMMED_CURVE('',#8668,(#8672,PARAMETER_VALUE(0.)),(#8673,
    PARAMETER_VALUE(2.)),.T.,.PARAMETER.);
#8668 = LINE('',#8669,#8670);
#8669 = CARTESIAN_POINT('',(28.,23.,116.425));
#8670 = VECTOR('',#8671,1.);
#8671 = DIRECTION('',(0.,0.,1.));
#8672 = CARTESIAN_POINT('',(28.,23.,116.425));
#8673 = CARTESIAN_POINT('',(28.,23.,118.425));
#8674 = GEOMETRIC_CURVE_SET('',(#8675));
#8675 = TRIMMED_CURVE('',#8676,(#8680,PARAMETER_VALUE(0.)),(#8681,
    PARAMETER_VALUE(18.)),.T.,.PARAMETER.);
#8676 = LINE('',#8677,#8678);
#8677 = CARTESIAN_POINT('',(28.,5.,116.425));
#8678 = VECTOR('',#8679,1.);
#8679 = DIRECTION('',(0.,1.,0.));
#8680 = CARTESIAN_POINT('',(28.,5.,116.425));
#8681 = CARTESIAN_POINT('',(28.,23.,116.425));
#8682 = GEOMETRIC_CURVE_SET('',(#8683));
#8683 = TRIMMED_CURVE('',#8684,(#8688,PARAMETER_VALUE(0.)),(#8689,
    PARAMETER_VALUE(20.)),.T.,.PARAMETER.);
#8684 = LINE('',#8685,#8686);
#8685 = CARTESIAN_POINT('',(8.,5.,116.425));
#8686 = VECTOR('',#8687,1.);
#8687 = DIRECTION('',(1.,0.,0.));
#8688 = CARTESIAN_POINT('',(8.,5.,116.425));
#8689 = CARTESIAN_POINT('',(28.,5.,116.425));
#8690 = GEOMETRIC_CURVE_SET('',(#8691));
#8691 = TRIMMED_CURVE('',#8692,(#8696,PARAMETER_VALUE(0.)),(#8697,
    PARAMETER_VALUE(20.)),.T.,.PARAMETER.);
#8692 = LINE('',#8693,#8694);
#8693 = CARTESIAN_POINT('',(8.,5.,118.425));
#8694 = VECTOR('',#8695,1.);
#8695 = DIRECTION('',(1.,0.,0.));
#8696 = CARTESIAN_POINT('',(8.,5.,118.425));
#8697 = CARTESIAN_POINT('',(28.,5.,118.425));
#8698 = GEOMETRIC_CURVE_SET('',(#8699));
#8699 = TRIMMED_CURVE('',#8700,(#8704,PARAMETER_VALUE(0.)),(#8705,
    PARAMETER_VALUE(20.)),.T.,.PARAMETER.);
#8700 = LINE('',#8701,#8702);
#8701 = CARTESIAN_POINT('',(8.,23.,116.425));
#8702 = VECTOR('',#8703,1.);
#8703 = DIRECTION('',(1.,0.,0.));
#8704 = CARTESIAN_POINT('',(8.,23.,116.425));
#8705 = CARTESIAN_POINT('',(28.,23.,116.425));
#8706 = GEOMETRIC_CURVE_SET('',(#8707));
#8707 = TRIMMED_CURVE('',#8708,(#8712,PARAMETER_VALUE(0.)),(#8713,
    PARAMETER_VALUE(20.)),.T.,.PARAMETER.);
#8708 = LINE('',#8709,#8710);
#8709 = CARTESIAN_POINT('',(8.,23.,118.425));
#8710 = VECTOR('',#8711,1.);
#8711 = DIRECTION('',(1.,0.,0.));
#8712 = CARTESIAN_POINT('',(8.,23.,118.425));
#8713 = CARTESIAN_POINT('',(28.,23.,118.425));
#8714 = GEOMETRIC_CURVE_SET('',(#8715));
#8715 = TRIMMED_CURVE('',#8716,(#8720,PARAMETER_VALUE(0.)),(#8721,
    PARAMETER_VALUE(3.175)),.T.,.PARAMETER.);
#8716 = LINE('',#8717,#8718);
#8717 = CARTESIAN_POINT('',(252.,1.3,86.));
#8718 = VECTOR('',#8719,1.);
#8719 = DIRECTION('',(0.,0.,1.));
#8720 = CARTESIAN_POINT('',(252.,1.3,86.));
#8721 = CARTESIAN_POINT('',(252.,1.3,89.175));
#8722 = GEOMETRIC_CURVE_SET('',(#8723));
#8723 = TRIMMED_CURVE('',#8724,(#8728,PARAMETER_VALUE(0.)),(#8729,
    PARAMETER_VALUE(25.4)),.T.,.PARAMETER.);
#8724 = LINE('',#8725,#8726);
#8725 = CARTESIAN_POINT('',(252.,1.3,89.175));
#8726 = VECTOR('',#8727,1.);
#8727 = DIRECTION('',(0.,1.,0.));
#8728 = CARTESIAN_POINT('',(252.,1.3,89.175));
#8729 = CARTESIAN_POINT('',(252.,26.7,89.175));
#8730 = GEOMETRIC_CURVE_SET('',(#8731));
#8731 = TRIMMED_CURVE('',#8732,(#8736,PARAMETER_VALUE(0.)),(#8737,
    PARAMETER_VALUE(3.175)),.T.,.PARAMETER.);
#8732 = LINE('',#8733,#8734);
#8733 = CARTESIAN_POINT('',(252.,26.7,86.));
#8734 = VECTOR('',#8735,1.);
#8735 = DIRECTION('',(0.,0.,1.));
#8736 = CARTESIAN_POINT('',(252.,26.7,86.));
#8737 = CARTESIAN_POINT('',(252.,26.7,89.175));
#8738 = GEOMETRIC_CURVE_SET('',(#8739));
#8739 = TRIMMED_CURVE('',#8740,(#8744,PARAMETER_VALUE(0.)),(#8745,
    PARAMETER_VALUE(25.4)),.T.,.PARAMETER.);
#8740 = LINE('',#8741,#8742);
#8741 = CARTESIAN_POINT('',(252.,1.3,86.));
#8742 = VECTOR('',#8743,1.);
#8743 = DIRECTION('',(0.,1.,0.));
#8744 = CARTESIAN_POINT('',(252.,1.3,86.));
#8745 = CARTESIAN_POINT('',(252.,26.7,86.));
#8746 = GEOMETRIC_CURVE_SET('',(#8747));
#8747 = TRIMMED_CURVE('',#8748,(#8752,PARAMETER_VALUE(0.)),(#8753,
    PARAMETER_VALUE(3.175)),.T.,.PARAMETER.);
#8748 = LINE('',#8749,#8750);
#8749 = CARTESIAN_POINT('',(270.,1.3,86.));
#8750 = VECTOR('',#8751,1.);
#8751 = DIRECTION('',(0.,0.,1.));
#8752 = CARTESIAN_POINT('',(270.,1.3,86.));
#8753 = CARTESIAN_POINT('',(270.,1.3,89.175));
#8754 = GEOMETRIC_CURVE_SET('',(#8755));
#8755 = TRIMMED_CURVE('',#8756,(#8760,PARAMETER_VALUE(0.)),(#8761,
    PARAMETER_VALUE(25.4)),.T.,.PARAMETER.);
#8756 = LINE('',#8757,#8758);
#8757 = CARTESIAN_POINT('',(270.,1.3,89.175));
#8758 = VECTOR('',#8759,1.);
#8759 = DIRECTION('',(0.,1.,0.));
#8760 = CARTESIAN_POINT('',(270.,1.3,89.175));
#8761 = CARTESIAN_POINT('',(270.,26.7,89.175));
#8762 = GEOMETRIC_CURVE_SET('',(#8763));
#8763 = TRIMMED_CURVE('',#8764,(#8768,PARAMETER_VALUE(0.)),(#8769,
    PARAMETER_VALUE(3.175)),.T.,.PARAMETER.);
#8764 = LINE('',#8765,#8766);
#8765 = CARTESIAN_POINT('',(270.,26.7,86.));
#8766 = VECTOR('',#8767,1.);
#8767 = DIRECTION('',(0.,0.,1.));
#8768 = CARTESIAN_POINT('',(270.,26.7,86.));
#8769 = CARTESIAN_POINT('',(270.,26.7,89.175));
#8770 = GEOMETRIC_CURVE_SET('',(#8771));
#8771 = TRIMMED_CURVE('',#8772,(#8776,PARAMETER_VALUE(0.)),(#8777,
    PARAMETER_VALUE(25.4)),.T.,.PARAMETER.);
#8772 = LINE('',#8773,#8774);
#8773 = CARTESIAN_POINT('',(270.,1.3,86.));
#8774 = VECTOR('',#8775,1.);
#8775 = DIRECTION('',(0.,1.,0.));
#8776 = CARTESIAN_POINT('',(270.,1.3,86.));
#8777 = CARTESIAN_POINT('',(270.,26.7,86.));
#8778 = GEOMETRIC_CURVE_SET('',(#8779));
#8779 = TRIMMED_CURVE('',#8780,(#8784,PARAMETER_VALUE(0.)),(#8785,
    PARAMETER_VALUE(18.)),.T.,.PARAMETER.);
#8780 = LINE('',#8781,#8782);
#8781 = CARTESIAN_POINT('',(252.,1.3,86.));
#8782 = VECTOR('',#8783,1.);
#8783 = DIRECTION('',(1.,0.,0.));
#8784 = CARTESIAN_POINT('',(252.,1.3,86.));
#8785 = CARTESIAN_POINT('',(270.,1.3,86.));
#8786 = GEOMETRIC_CURVE_SET('',(#8787));
#8787 = TRIMMED_CURVE('',#8788,(#8792,PARAMETER_VALUE(0.)),(#8793,
    PARAMETER_VALUE(18.)),.T.,.PARAMETER.);
#8788 = LINE('',#8789,#8790);
#8789 = CARTESIAN_POINT('',(252.,1.3,89.175));
#8790 = VECTOR('',#8791,1.);
#8791 = DIRECTION('',(1.,0.,0.));
#8792 = CARTESIAN_POINT('',(252.,1.3,89.175));
#8793 = CARTESIAN_POINT('',(270.,1.3,89.175));
#8794 = GEOMETRIC_CURVE_SET('',(#8795));
#8795 = TRIMMED_CURVE('',#8796,(#8800,PARAMETER_VALUE(0.)),(#8801,
    PARAMETER_VALUE(18.)),.T.,.PARAMETER.);
#8796 = LINE('',#8797,#8798);
#8797 = CARTESIAN_POINT('',(252.,26.7,86.));
#8798 = VECTOR('',#8799,1.);
#8799 = DIRECTION('',(1.,0.,0.));
#8800 = CARTESIAN_POINT('',(252.,26.7,86.));
#8801 = CARTESIAN_POINT('',(270.,26.7,86.));
#8802 = GEOMETRIC_CURVE_SET('',(#8803));
#8803 = TRIMMED_CURVE('',#8804,(#8808,PARAMETER_VALUE(0.)),(#8809,
    PARAMETER_VALUE(18.)),.T.,.PARAMETER.);
#8804 = LINE('',#8805,#8806);
#8805 = CARTESIAN_POINT('',(252.,26.7,89.175));
#8806 = VECTOR('',#8807,1.);
#8807 = DIRECTION('',(1.,0.,0.));
#8808 = CARTESIAN_POINT('',(252.,26.7,89.175));
#8809 = CARTESIAN_POINT('',(270.,26.7,89.175));
#8810 = GEOMETRIC_CURVE_SET('',(#8811));
#8811 = TRIMMED_CURVE('',#8812,(#8816,PARAMETER_VALUE(0.)),(#8817,
    PARAMETER_VALUE(3.175)),.T.,.PARAMETER.);
#8812 = LINE('',#8813,#8814);
#8813 = CARTESIAN_POINT('',(252.,1.3,120.925));
#8814 = VECTOR('',#8815,1.);
#8815 = DIRECTION('',(0.,0.,1.));
#8816 = CARTESIAN_POINT('',(252.,1.3,120.925));
#8817 = CARTESIAN_POINT('',(252.,1.3,124.1));
#8818 = GEOMETRIC_CURVE_SET('',(#8819));
#8819 = TRIMMED_CURVE('',#8820,(#8824,PARAMETER_VALUE(0.)),(#8825,
    PARAMETER_VALUE(25.4)),.T.,.PARAMETER.);
#8820 = LINE('',#8821,#8822);
#8821 = CARTESIAN_POINT('',(252.,1.3,124.1));
#8822 = VECTOR('',#8823,1.);
#8823 = DIRECTION('',(0.,1.,0.));
#8824 = CARTESIAN_POINT('',(252.,1.3,124.1));
#8825 = CARTESIAN_POINT('',(252.,26.7,124.1));
#8826 = GEOMETRIC_CURVE_SET('',(#8827));
#8827 = TRIMMED_CURVE('',#8828,(#8832,PARAMETER_VALUE(0.)),(#8833,
    PARAMETER_VALUE(3.175)),.T.,.PARAMETER.);
#8828 = LINE('',#8829,#8830);
#8829 = CARTESIAN_POINT('',(252.,26.7,120.925));
#8830 = VECTOR('',#8831,1.);
#8831 = DIRECTION('',(0.,0.,1.));
#8832 = CARTESIAN_POINT('',(252.,26.7,120.925));
#8833 = CARTESIAN_POINT('',(252.,26.7,124.1));
#8834 = GEOMETRIC_CURVE_SET('',(#8835));
#8835 = TRIMMED_CURVE('',#8836,(#8840,PARAMETER_VALUE(0.)),(#8841,
    PARAMETER_VALUE(25.4)),.T.,.PARAMETER.);
#8836 = LINE('',#8837,#8838);
#8837 = CARTESIAN_POINT('',(252.,1.3,120.925));
#8838 = VECTOR('',#8839,1.);
#8839 = DIRECTION('',(0.,1.,0.));
#8840 = CARTESIAN_POINT('',(252.,1.3,120.925));
#8841 = CARTESIAN_POINT('',(252.,26.7,120.925));
#8842 = GEOMETRIC_CURVE_SET('',(#8843));
#8843 = TRIMMED_CURVE('',#8844,(#8848,PARAMETER_VALUE(0.)),(#8849,
    PARAMETER_VALUE(3.175)),.T.,.PARAMETER.);
#8844 = LINE('',#8845,#8846);
#8845 = CARTESIAN_POINT('',(270.,1.3,120.925));
#8846 = VECTOR('',#8847,1.);
#8847 = DIRECTION('',(0.,0.,1.));
#8848 = CARTESIAN_POINT('',(270.,1.3,120.925));
#8849 = CARTESIAN_POINT('',(270.,1.3,124.1));
#8850 = GEOMETRIC_CURVE_SET('',(#8851));
#8851 = TRIMMED_CURVE('',#8852,(#8856,PARAMETER_VALUE(0.)),(#8857,
    PARAMETER_VALUE(25.4)),.T.,.PARAMETER.);
#8852 = LINE('',#8853,#8854);
#8853 = CARTESIAN_POINT('',(270.,1.3,124.1));
#8854 = VECTOR('',#8855,1.);
#8855 = DIRECTION('',(0.,1.,0.));
#8856 = CARTESIAN_POINT('',(270.,1.3,124.1));
#8857 = CARTESIAN_POINT('',(270.,26.7,124.1));
#8858 = GEOMETRIC_CURVE_SET('',(#8859));
#8859 = TRIMMED_CURVE('',#8860,(#8864,PARAMETER_VALUE(0.)),(#8865,
    PARAMETER_VALUE(3.175)),.T.,.PARAMETER.);
#8860 = LINE('',#8861,#8862);
#8861 = CARTESIAN_POINT('',(270.,26.7,120.925));
#8862 = VECTOR('',#8863,1.);
#8863 = DIRECTION('',(0.,0.,1.));
#8864 = CARTESIAN_POINT('',(270.,26.7,120.925));
#8865 = CARTESIAN_POINT('',(270.,26.7,124.1));
#8866 = GEOMETRIC_CURVE_SET('',(#8867));
#8867 = TRIMMED_CURVE('',#8868,(#8872,PARAMETER_VALUE(0.)),(#8873,
    PARAMETER_VALUE(25.4)),.T.,.PARAMETER.);
#8868 = LINE('',#8869,#8870);
#8869 = CARTESIAN_POINT('',(270.,1.3,120.925));
#8870 = VECTOR('',#8871,1.);
#8871 = DIRECTION('',(0.,1.,0.));
#8872 = CARTESIAN_POINT('',(270.,1.3,120.925));
#8873 = CARTESIAN_POINT('',(270.,26.7,120.925));
#8874 = GEOMETRIC_CURVE_SET('',(#8875));
#8875 = TRIMMED_CURVE('',#8876,(#8880,PARAMETER_VALUE(0.)),(#8881,
    PARAMETER_VALUE(18.)),.T.,.PARAMETER.);
#8876 = LINE('',#8877,#8878);
#8877 = CARTESIAN_POINT('',(252.,1.3,120.925));
#8878 = VECTOR('',#8879,1.);
#8879 = DIRECTION('',(1.,0.,0.));
#8880 = CARTESIAN_POINT('',(252.,1.3,120.925));
#8881 = CARTESIAN_POINT('',(270.,1.3,120.925));
#8882 = GEOMETRIC_CURVE_SET('',(#8883));
#8883 = TRIMMED_CURVE('',#8884,(#8888,PARAMETER_VALUE(0.)),(#8889,
    PARAMETER_VALUE(18.)),.T.,.PARAMETER.);
#8884 = LINE('',#8885,#8886);
#8885 = CARTESIAN_POINT('',(252.,1.3,124.1));
#8886 = VECTOR('',#8887,1.);
#8887 = DIRECTION('',(1.,0.,0.));
#8888 = CARTESIAN_POINT('',(252.,1.3,124.1));
#8889 = CARTESIAN_POINT('',(270.,1.3,124.1));
#8890 = GEOMETRIC_CURVE_SET('',(#8891));
#8891 = TRIMMED_CURVE('',#8892,(#8896,PARAMETER_VALUE(0.)),(#8897,
    PARAMETER_VALUE(18.)),.T.,.PARAMETER.);
#8892 = LINE('',#8893,#8894);
#8893 = CARTESIAN_POINT('',(252.,26.7,120.925));
#8894 = VECTOR('',#8895,1.);
#8895 = DIRECTION('',(1.,0.,0.));
#8896 = CARTESIAN_POINT('',(252.,26.7,120.925));
#8897 = CARTESIAN_POINT('',(270.,26.7,120.925));
#8898 = GEOMETRIC_CURVE_SET('',(#8899));
#8899 = TRIMMED_CURVE('',#8900,(#8904,PARAMETER_VALUE(0.)),(#8905,
    PARAMETER_VALUE(18.)),.T.,.PARAMETER.);
#8900 = LINE('',#8901,#8902);
#8901 = CARTESIAN_POINT('',(252.,26.7,124.1));
#8902 = VECTOR('',#8903,1.);
#8903 = DIRECTION('',(1.,0.,0.));
#8904 = CARTESIAN_POINT('',(252.,26.7,124.1));
#8905 = CARTESIAN_POINT('',(270.,26.7,124.1));
#8906 = GEOMETRIC_CURVE_SET('',(#8907));
#8907 = TRIMMED_CURVE('',#8908,(#8912,PARAMETER_VALUE(0.)),(#8913,
    PARAMETER_VALUE(31.75)),.T.,.PARAMETER.);
#8908 = LINE('',#8909,#8910);
#8909 = CARTESIAN_POINT('',(252.,1.3,89.175));
#8910 = VECTOR('',#8911,1.);
#8911 = DIRECTION('',(0.,0.,1.));
#8912 = CARTESIAN_POINT('',(252.,1.3,89.175));
#8913 = CARTESIAN_POINT('',(252.,1.3,120.925));
#8914 = GEOMETRIC_CURVE_SET('',(#8915));
#8915 = TRIMMED_CURVE('',#8916,(#8920,PARAMETER_VALUE(0.)),(#8921,
    PARAMETER_VALUE(3.175)),.T.,.PARAMETER.);
#8916 = LINE('',#8917,#8918);
#8917 = CARTESIAN_POINT('',(252.,1.3,120.925));
#8918 = VECTOR('',#8919,1.);
#8919 = DIRECTION('',(0.,1.,0.));
#8920 = CARTESIAN_POINT('',(252.,1.3,120.925));
#8921 = CARTESIAN_POINT('',(252.,4.475,120.925));
#8922 = GEOMETRIC_CURVE_SET('',(#8923));
#8923 = TRIMMED_CURVE('',#8924,(#8928,PARAMETER_VALUE(0.)),(#8929,
    PARAMETER_VALUE(31.75)),.T.,.PARAMETER.);
#8924 = LINE('',#8925,#8926);
#8925 = CARTESIAN_POINT('',(252.,4.475,89.175));
#8926 = VECTOR('',#8927,1.);
#8927 = DIRECTION('',(0.,0.,1.));
#8928 = CARTESIAN_POINT('',(252.,4.475,89.175));
#8929 = CARTESIAN_POINT('',(252.,4.475,120.925));
#8930 = GEOMETRIC_CURVE_SET('',(#8931));
#8931 = TRIMMED_CURVE('',#8932,(#8936,PARAMETER_VALUE(0.)),(#8937,
    PARAMETER_VALUE(3.175)),.T.,.PARAMETER.);
#8932 = LINE('',#8933,#8934);
#8933 = CARTESIAN_POINT('',(252.,1.3,89.175));
#8934 = VECTOR('',#8935,1.);
#8935 = DIRECTION('',(0.,1.,0.));
#8936 = CARTESIAN_POINT('',(252.,1.3,89.175));
#8937 = CARTESIAN_POINT('',(252.,4.475,89.175));
#8938 = GEOMETRIC_CURVE_SET('',(#8939));
#8939 = TRIMMED_CURVE('',#8940,(#8944,PARAMETER_VALUE(0.)),(#8945,
    PARAMETER_VALUE(31.75)),.T.,.PARAMETER.);
#8940 = LINE('',#8941,#8942);
#8941 = CARTESIAN_POINT('',(270.,1.3,89.175));
#8942 = VECTOR('',#8943,1.);
#8943 = DIRECTION('',(0.,0.,1.));
#8944 = CARTESIAN_POINT('',(270.,1.3,89.175));
#8945 = CARTESIAN_POINT('',(270.,1.3,120.925));
#8946 = GEOMETRIC_CURVE_SET('',(#8947));
#8947 = TRIMMED_CURVE('',#8948,(#8952,PARAMETER_VALUE(0.)),(#8953,
    PARAMETER_VALUE(3.175)),.T.,.PARAMETER.);
#8948 = LINE('',#8949,#8950);
#8949 = CARTESIAN_POINT('',(270.,1.3,120.925));
#8950 = VECTOR('',#8951,1.);
#8951 = DIRECTION('',(0.,1.,0.));
#8952 = CARTESIAN_POINT('',(270.,1.3,120.925));
#8953 = CARTESIAN_POINT('',(270.,4.475,120.925));
#8954 = GEOMETRIC_CURVE_SET('',(#8955));
#8955 = TRIMMED_CURVE('',#8956,(#8960,PARAMETER_VALUE(0.)),(#8961,
    PARAMETER_VALUE(31.75)),.T.,.PARAMETER.);
#8956 = LINE('',#8957,#8958);
#8957 = CARTESIAN_POINT('',(270.,4.475,89.175));
#8958 = VECTOR('',#8959,1.);
#8959 = DIRECTION('',(0.,0.,1.));
#8960 = CARTESIAN_POINT('',(270.,4.475,89.175));
#8961 = CARTESIAN_POINT('',(270.,4.475,120.925));
#8962 = GEOMETRIC_CURVE_SET('',(#8963));
#8963 = TRIMMED_CURVE('',#8964,(#8968,PARAMETER_VALUE(0.)),(#8969,
    PARAMETER_VALUE(3.175)),.T.,.PARAMETER.);
#8964 = LINE('',#8965,#8966);
#8965 = CARTESIAN_POINT('',(270.,1.3,89.175));
#8966 = VECTOR('',#8967,1.);
#8967 = DIRECTION('',(0.,1.,0.));
#8968 = CARTESIAN_POINT('',(270.,1.3,89.175));
#8969 = CARTESIAN_POINT('',(270.,4.475,89.175));
#8970 = GEOMETRIC_CURVE_SET('',(#8971));
#8971 = TRIMMED_CURVE('',#8972,(#8976,PARAMETER_VALUE(0.)),(#8977,
    PARAMETER_VALUE(18.)),.T.,.PARAMETER.);
#8972 = LINE('',#8973,#8974);
#8973 = CARTESIAN_POINT('',(252.,1.3,89.175));
#8974 = VECTOR('',#8975,1.);
#8975 = DIRECTION('',(1.,0.,0.));
#8976 = CARTESIAN_POINT('',(252.,1.3,89.175));
#8977 = CARTESIAN_POINT('',(270.,1.3,89.175));
#8978 = GEOMETRIC_CURVE_SET('',(#8979));
#8979 = TRIMMED_CURVE('',#8980,(#8984,PARAMETER_VALUE(0.)),(#8985,
    PARAMETER_VALUE(18.)),.T.,.PARAMETER.);
#8980 = LINE('',#8981,#8982);
#8981 = CARTESIAN_POINT('',(252.,1.3,120.925));
#8982 = VECTOR('',#8983,1.);
#8983 = DIRECTION('',(1.,0.,0.));
#8984 = CARTESIAN_POINT('',(252.,1.3,120.925));
#8985 = CARTESIAN_POINT('',(270.,1.3,120.925));
#8986 = GEOMETRIC_CURVE_SET('',(#8987));
#8987 = TRIMMED_CURVE('',#8988,(#8992,PARAMETER_VALUE(0.)),(#8993,
    PARAMETER_VALUE(18.)),.T.,.PARAMETER.);
#8988 = LINE('',#8989,#8990);
#8989 = CARTESIAN_POINT('',(252.,4.475,89.175));
#8990 = VECTOR('',#8991,1.);
#8991 = DIRECTION('',(1.,0.,0.));
#8992 = CARTESIAN_POINT('',(252.,4.475,89.175));
#8993 = CARTESIAN_POINT('',(270.,4.475,89.175));
#8994 = GEOMETRIC_CURVE_SET('',(#8995));
#8995 = TRIMMED_CURVE('',#8996,(#9000,PARAMETER_VALUE(0.)),(#9001,
    PARAMETER_VALUE(18.)),.T.,.PARAMETER.);
#8996 = LINE('',#8997,#8998);
#8997 = CARTESIAN_POINT('',(252.,4.475,120.925));
#8998 = VECTOR('',#8999,1.);
#8999 = DIRECTION('',(1.,0.,0.));
#9000 = CARTESIAN_POINT('',(252.,4.475,120.925));
#9001 = CARTESIAN_POINT('',(270.,4.475,120.925));
#9002 = GEOMETRIC_CURVE_SET('',(#9003));
#9003 = TRIMMED_CURVE('',#9004,(#9008,PARAMETER_VALUE(0.)),(#9009,
    PARAMETER_VALUE(31.75)),.T.,.PARAMETER.);
#9004 = LINE('',#9005,#9006);
#9005 = CARTESIAN_POINT('',(252.,23.525,89.175));
#9006 = VECTOR('',#9007,1.);
#9007 = DIRECTION('',(0.,0.,1.));
#9008 = CARTESIAN_POINT('',(252.,23.525,89.175));
#9009 = CARTESIAN_POINT('',(252.,23.525,120.925));
#9010 = GEOMETRIC_CURVE_SET('',(#9011));
#9011 = TRIMMED_CURVE('',#9012,(#9016,PARAMETER_VALUE(0.)),(#9017,
    PARAMETER_VALUE(3.175)),.T.,.PARAMETER.);
#9012 = LINE('',#9013,#9014);
#9013 = CARTESIAN_POINT('',(252.,23.525,120.925));
#9014 = VECTOR('',#9015,1.);
#9015 = DIRECTION('',(0.,1.,0.));
#9016 = CARTESIAN_POINT('',(252.,23.525,120.925));
#9017 = CARTESIAN_POINT('',(252.,26.7,120.925));
#9018 = GEOMETRIC_CURVE_SET('',(#9019));
#9019 = TRIMMED_CURVE('',#9020,(#9024,PARAMETER_VALUE(0.)),(#9025,
    PARAMETER_VALUE(31.75)),.T.,.PARAMETER.);
#9020 = LINE('',#9021,#9022);
#9021 = CARTESIAN_POINT('',(252.,26.7,89.175));
#9022 = VECTOR('',#9023,1.);
#9023 = DIRECTION('',(0.,0.,1.));
#9024 = CARTESIAN_POINT('',(252.,26.7,89.175));
#9025 = CARTESIAN_POINT('',(252.,26.7,120.925));
#9026 = GEOMETRIC_CURVE_SET('',(#9027));
#9027 = TRIMMED_CURVE('',#9028,(#9032,PARAMETER_VALUE(0.)),(#9033,
    PARAMETER_VALUE(3.175)),.T.,.PARAMETER.);
#9028 = LINE('',#9029,#9030);
#9029 = CARTESIAN_POINT('',(252.,23.525,89.175));
#9030 = VECTOR('',#9031,1.);
#9031 = DIRECTION('',(0.,1.,0.));
#9032 = CARTESIAN_POINT('',(252.,23.525,89.175));
#9033 = CARTESIAN_POINT('',(252.,26.7,89.175));
#9034 = GEOMETRIC_CURVE_SET('',(#9035));
#9035 = TRIMMED_CURVE('',#9036,(#9040,PARAMETER_VALUE(0.)),(#9041,
    PARAMETER_VALUE(31.75)),.T.,.PARAMETER.);
#9036 = LINE('',#9037,#9038);
#9037 = CARTESIAN_POINT('',(270.,23.525,89.175));
#9038 = VECTOR('',#9039,1.);
#9039 = DIRECTION('',(0.,0.,1.));
#9040 = CARTESIAN_POINT('',(270.,23.525,89.175));
#9041 = CARTESIAN_POINT('',(270.,23.525,120.925));
#9042 = GEOMETRIC_CURVE_SET('',(#9043));
#9043 = TRIMMED_CURVE('',#9044,(#9048,PARAMETER_VALUE(0.)),(#9049,
    PARAMETER_VALUE(3.175)),.T.,.PARAMETER.);
#9044 = LINE('',#9045,#9046);
#9045 = CARTESIAN_POINT('',(270.,23.525,120.925));
#9046 = VECTOR('',#9047,1.);
#9047 = DIRECTION('',(0.,1.,0.));
#9048 = CARTESIAN_POINT('',(270.,23.525,120.925));
#9049 = CARTESIAN_POINT('',(270.,26.7,120.925));
#9050 = GEOMETRIC_CURVE_SET('',(#9051));
#9051 = TRIMMED_CURVE('',#9052,(#9056,PARAMETER_VALUE(0.)),(#9057,
    PARAMETER_VALUE(31.75)),.T.,.PARAMETER.);
#9052 = LINE('',#9053,#9054);
#9053 = CARTESIAN_POINT('',(270.,26.7,89.175));
#9054 = VECTOR('',#9055,1.);
#9055 = DIRECTION('',(0.,0.,1.));
#9056 = CARTESIAN_POINT('',(270.,26.7,89.175));
#9057 = CARTESIAN_POINT('',(270.,26.7,120.925));
#9058 = GEOMETRIC_CURVE_SET('',(#9059));
#9059 = TRIMMED_CURVE('',#9060,(#9064,PARAMETER_VALUE(0.)),(#9065,
    PARAMETER_VALUE(3.175)),.T.,.PARAMETER.);
#9060 = LINE('',#9061,#9062);
#9061 = CARTESIAN_POINT('',(270.,23.525,89.175));
#9062 = VECTOR('',#9063,1.);
#9063 = DIRECTION('',(0.,1.,0.));
#9064 = CARTESIAN_POINT('',(270.,23.525,89.175));
#9065 = CARTESIAN_POINT('',(270.,26.7,89.175));
#9066 = GEOMETRIC_CURVE_SET('',(#9067));
#9067 = TRIMMED_CURVE('',#9068,(#9072,PARAMETER_VALUE(0.)),(#9073,
    PARAMETER_VALUE(18.)),.T.,.PARAMETER.);
#9068 = LINE('',#9069,#9070);
#9069 = CARTESIAN_POINT('',(252.,23.525,89.175));
#9070 = VECTOR('',#9071,1.);
#9071 = DIRECTION('',(1.,0.,0.));
#9072 = CARTESIAN_POINT('',(252.,23.525,89.175));
#9073 = CARTESIAN_POINT('',(270.,23.525,89.175));
#9074 = GEOMETRIC_CURVE_SET('',(#9075));
#9075 = TRIMMED_CURVE('',#9076,(#9080,PARAMETER_VALUE(0.)),(#9081,
    PARAMETER_VALUE(18.)),.T.,.PARAMETER.);
#9076 = LINE('',#9077,#9078);
#9077 = CARTESIAN_POINT('',(252.,23.525,120.925));
#9078 = VECTOR('',#9079,1.);
#9079 = DIRECTION('',(1.,0.,0.));
#9080 = CARTESIAN_POINT('',(252.,23.525,120.925));
#9081 = CARTESIAN_POINT('',(270.,23.525,120.925));
#9082 = GEOMETRIC_CURVE_SET('',(#9083));
#9083 = TRIMMED_CURVE('',#9084,(#9088,PARAMETER_VALUE(0.)),(#9089,
    PARAMETER_VALUE(18.)),.T.,.PARAMETER.);
#9084 = LINE('',#9085,#9086);
#9085 = CARTESIAN_POINT('',(252.,26.7,89.175));
#9086 = VECTOR('',#9087,1.);
#9087 = DIRECTION('',(1.,0.,0.));
#9088 = CARTESIAN_POINT('',(252.,26.7,89.175));
#9089 = CARTESIAN_POINT('',(270.,26.7,89.175));
#9090 = GEOMETRIC_CURVE_SET('',(#9091));
#9091 = TRIMMED_CURVE('',#9092,(#9096,PARAMETER_VALUE(0.)),(#9097,
    PARAMETER_VALUE(18.)),.T.,.PARAMETER.);
#9092 = LINE('',#9093,#9094);
#9093 = CARTESIAN_POINT('',(252.,26.7,120.925));
#9094 = VECTOR('',#9095,1.);
#9095 = DIRECTION('',(1.,0.,0.));
#9096 = CARTESIAN_POINT('',(252.,26.7,120.925));
#9097 = CARTESIAN_POINT('',(270.,26.7,120.925));
#9098 = GEOMETRIC_CURVE_SET('',(#9099));
#9099 = TRIMMED_CURVE('',#9100,(#9104,PARAMETER_VALUE(0.)),(#9105,
    PARAMETER_VALUE(2.)),.T.,.PARAMETER.);
#9100 = LINE('',#9101,#9102);
#9101 = CARTESIAN_POINT('',(252.,8.,89.175));
#9102 = VECTOR('',#9103,1.);
#9103 = DIRECTION('',(0.,0.,1.));
#9104 = CARTESIAN_POINT('',(252.,8.,89.175));
#9105 = CARTESIAN_POINT('',(252.,8.,91.175));
#9106 = GEOMETRIC_CURVE_SET('',(#9107));
#9107 = TRIMMED_CURVE('',#9108,(#9112,PARAMETER_VALUE(0.)),(#9113,
    PARAMETER_VALUE(12.)),.T.,.PARAMETER.);
#9108 = LINE('',#9109,#9110);
#9109 = CARTESIAN_POINT('',(252.,8.,91.175));
#9110 = VECTOR('',#9111,1.);
#9111 = DIRECTION('',(0.,1.,0.));
#9112 = CARTESIAN_POINT('',(252.,8.,91.175));
#9113 = CARTESIAN_POINT('',(252.,20.,91.175));
#9114 = GEOMETRIC_CURVE_SET('',(#9115));
#9115 = TRIMMED_CURVE('',#9116,(#9120,PARAMETER_VALUE(0.)),(#9121,
    PARAMETER_VALUE(2.)),.T.,.PARAMETER.);
#9116 = LINE('',#9117,#9118);
#9117 = CARTESIAN_POINT('',(252.,20.,89.175));
#9118 = VECTOR('',#9119,1.);
#9119 = DIRECTION('',(0.,0.,1.));
#9120 = CARTESIAN_POINT('',(252.,20.,89.175));
#9121 = CARTESIAN_POINT('',(252.,20.,91.175));
#9122 = GEOMETRIC_CURVE_SET('',(#9123));
#9123 = TRIMMED_CURVE('',#9124,(#9128,PARAMETER_VALUE(0.)),(#9129,
    PARAMETER_VALUE(12.)),.T.,.PARAMETER.);
#9124 = LINE('',#9125,#9126);
#9125 = CARTESIAN_POINT('',(252.,8.,89.175));
#9126 = VECTOR('',#9127,1.);
#9127 = DIRECTION('',(0.,1.,0.));
#9128 = CARTESIAN_POINT('',(252.,8.,89.175));
#9129 = CARTESIAN_POINT('',(252.,20.,89.175));
#9130 = GEOMETRIC_CURVE_SET('',(#9131));
#9131 = TRIMMED_CURVE('',#9132,(#9136,PARAMETER_VALUE(0.)),(#9137,
    PARAMETER_VALUE(2.)),.T.,.PARAMETER.);
#9132 = LINE('',#9133,#9134);
#9133 = CARTESIAN_POINT('',(270.,8.,89.175));
#9134 = VECTOR('',#9135,1.);
#9135 = DIRECTION('',(0.,0.,1.));
#9136 = CARTESIAN_POINT('',(270.,8.,89.175));
#9137 = CARTESIAN_POINT('',(270.,8.,91.175));
#9138 = GEOMETRIC_CURVE_SET('',(#9139));
#9139 = TRIMMED_CURVE('',#9140,(#9144,PARAMETER_VALUE(0.)),(#9145,
    PARAMETER_VALUE(12.)),.T.,.PARAMETER.);
#9140 = LINE('',#9141,#9142);
#9141 = CARTESIAN_POINT('',(270.,8.,91.175));
#9142 = VECTOR('',#9143,1.);
#9143 = DIRECTION('',(0.,1.,0.));
#9144 = CARTESIAN_POINT('',(270.,8.,91.175));
#9145 = CARTESIAN_POINT('',(270.,20.,91.175));
#9146 = GEOMETRIC_CURVE_SET('',(#9147));
#9147 = TRIMMED_CURVE('',#9148,(#9152,PARAMETER_VALUE(0.)),(#9153,
    PARAMETER_VALUE(2.)),.T.,.PARAMETER.);
#9148 = LINE('',#9149,#9150);
#9149 = CARTESIAN_POINT('',(270.,20.,89.175));
#9150 = VECTOR('',#9151,1.);
#9151 = DIRECTION('',(0.,0.,1.));
#9152 = CARTESIAN_POINT('',(270.,20.,89.175));
#9153 = CARTESIAN_POINT('',(270.,20.,91.175));
#9154 = GEOMETRIC_CURVE_SET('',(#9155));
#9155 = TRIMMED_CURVE('',#9156,(#9160,PARAMETER_VALUE(0.)),(#9161,
    PARAMETER_VALUE(12.)),.T.,.PARAMETER.);
#9156 = LINE('',#9157,#9158);
#9157 = CARTESIAN_POINT('',(270.,8.,89.175));
#9158 = VECTOR('',#9159,1.);
#9159 = DIRECTION('',(0.,1.,0.));
#9160 = CARTESIAN_POINT('',(270.,8.,89.175));
#9161 = CARTESIAN_POINT('',(270.,20.,89.175));
#9162 = GEOMETRIC_CURVE_SET('',(#9163));
#9163 = TRIMMED_CURVE('',#9164,(#9168,PARAMETER_VALUE(0.)),(#9169,
    PARAMETER_VALUE(18.)),.T.,.PARAMETER.);
#9164 = LINE('',#9165,#9166);
#9165 = CARTESIAN_POINT('',(252.,8.,89.175));
#9166 = VECTOR('',#9167,1.);
#9167 = DIRECTION('',(1.,0.,0.));
#9168 = CARTESIAN_POINT('',(252.,8.,89.175));
#9169 = CARTESIAN_POINT('',(270.,8.,89.175));
#9170 = GEOMETRIC_CURVE_SET('',(#9171));
#9171 = TRIMMED_CURVE('',#9172,(#9176,PARAMETER_VALUE(0.)),(#9177,
    PARAMETER_VALUE(18.)),.T.,.PARAMETER.);
#9172 = LINE('',#9173,#9174);
#9173 = CARTESIAN_POINT('',(252.,8.,91.175));
#9174 = VECTOR('',#9175,1.);
#9175 = DIRECTION('',(1.,0.,0.));
#9176 = CARTESIAN_POINT('',(252.,8.,91.175));
#9177 = CARTESIAN_POINT('',(270.,8.,91.175));
#9178 = GEOMETRIC_CURVE_SET('',(#9179));
#9179 = TRIMMED_CURVE('',#9180,(#9184,PARAMETER_VALUE(0.)),(#9185,
    PARAMETER_VALUE(18.)),.T.,.PARAMETER.);
#9180 = LINE('',#9181,#9182);
#9181 = CARTESIAN_POINT('',(252.,20.,89.175));
#9182 = VECTOR('',#9183,1.);
#9183 = DIRECTION('',(1.,0.,0.));
#9184 = CARTESIAN_POINT('',(252.,20.,89.175));
#9185 = CARTESIAN_POINT('',(270.,20.,89.175));
#9186 = GEOMETRIC_CURVE_SET('',(#9187));
#9187 = TRIMMED_CURVE('',#9188,(#9192,PARAMETER_VALUE(0.)),(#9193,
    PARAMETER_VALUE(18.)),.T.,.PARAMETER.);
#9188 = LINE('',#9189,#9190);
#9189 = CARTESIAN_POINT('',(252.,20.,91.175));
#9190 = VECTOR('',#9191,1.);
#9191 = DIRECTION('',(1.,0.,0.));
#9192 = CARTESIAN_POINT('',(252.,20.,91.175));
#9193 = CARTESIAN_POINT('',(270.,20.,91.175));
#9194 = GEOMETRIC_CURVE_SET('',(#9195));
#9195 = TRIMMED_CURVE('',#9196,(#9200,PARAMETER_VALUE(0.)),(#9201,
    PARAMETER_VALUE(2.)),.T.,.PARAMETER.);
#9196 = LINE('',#9197,#9198);
#9197 = CARTESIAN_POINT('',(252.,8.,118.925));
#9198 = VECTOR('',#9199,1.);
#9199 = DIRECTION('',(0.,0.,1.));
#9200 = CARTESIAN_POINT('',(252.,8.,118.925));
#9201 = CARTESIAN_POINT('',(252.,8.,120.925));
#9202 = GEOMETRIC_CURVE_SET('',(#9203));
#9203 = TRIMMED_CURVE('',#9204,(#9208,PARAMETER_VALUE(0.)),(#9209,
    PARAMETER_VALUE(12.)),.T.,.PARAMETER.);
#9204 = LINE('',#9205,#9206);
#9205 = CARTESIAN_POINT('',(252.,8.,120.925));
#9206 = VECTOR('',#9207,1.);
#9207 = DIRECTION('',(0.,1.,0.));
#9208 = CARTESIAN_POINT('',(252.,8.,120.925));
#9209 = CARTESIAN_POINT('',(252.,20.,120.925));
#9210 = GEOMETRIC_CURVE_SET('',(#9211));
#9211 = TRIMMED_CURVE('',#9212,(#9216,PARAMETER_VALUE(0.)),(#9217,
    PARAMETER_VALUE(2.)),.T.,.PARAMETER.);
#9212 = LINE('',#9213,#9214);
#9213 = CARTESIAN_POINT('',(252.,20.,118.925));
#9214 = VECTOR('',#9215,1.);
#9215 = DIRECTION('',(0.,0.,1.));
#9216 = CARTESIAN_POINT('',(252.,20.,118.925));
#9217 = CARTESIAN_POINT('',(252.,20.,120.925));
#9218 = GEOMETRIC_CURVE_SET('',(#9219));
#9219 = TRIMMED_CURVE('',#9220,(#9224,PARAMETER_VALUE(0.)),(#9225,
    PARAMETER_VALUE(12.)),.T.,.PARAMETER.);
#9220 = LINE('',#9221,#9222);
#9221 = CARTESIAN_POINT('',(252.,8.,118.925));
#9222 = VECTOR('',#9223,1.);
#9223 = DIRECTION('',(0.,1.,0.));
#9224 = CARTESIAN_POINT('',(252.,8.,118.925));
#9225 = CARTESIAN_POINT('',(252.,20.,118.925));
#9226 = GEOMETRIC_CURVE_SET('',(#9227));
#9227 = TRIMMED_CURVE('',#9228,(#9232,PARAMETER_VALUE(0.)),(#9233,
    PARAMETER_VALUE(2.)),.T.,.PARAMETER.);
#9228 = LINE('',#9229,#9230);
#9229 = CARTESIAN_POINT('',(270.,8.,118.925));
#9230 = VECTOR('',#9231,1.);
#9231 = DIRECTION('',(0.,0.,1.));
#9232 = CARTESIAN_POINT('',(270.,8.,118.925));
#9233 = CARTESIAN_POINT('',(270.,8.,120.925));
#9234 = GEOMETRIC_CURVE_SET('',(#9235));
#9235 = TRIMMED_CURVE('',#9236,(#9240,PARAMETER_VALUE(0.)),(#9241,
    PARAMETER_VALUE(12.)),.T.,.PARAMETER.);
#9236 = LINE('',#9237,#9238);
#9237 = CARTESIAN_POINT('',(270.,8.,120.925));
#9238 = VECTOR('',#9239,1.);
#9239 = DIRECTION('',(0.,1.,0.));
#9240 = CARTESIAN_POINT('',(270.,8.,120.925));
#9241 = CARTESIAN_POINT('',(270.,20.,120.925));
#9242 = GEOMETRIC_CURVE_SET('',(#9243));
#9243 = TRIMMED_CURVE('',#9244,(#9248,PARAMETER_VALUE(0.)),(#9249,
    PARAMETER_VALUE(2.)),.T.,.PARAMETER.);
#9244 = LINE('',#9245,#9246);
#9245 = CARTESIAN_POINT('',(270.,20.,118.925));
#9246 = VECTOR('',#9247,1.);
#9247 = DIRECTION('',(0.,0.,1.));
#9248 = CARTESIAN_POINT('',(270.,20.,118.925));
#9249 = CARTESIAN_POINT('',(270.,20.,120.925));
#9250 = GEOMETRIC_CURVE_SET('',(#9251));
#9251 = TRIMMED_CURVE('',#9252,(#9256,PARAMETER_VALUE(0.)),(#9257,
    PARAMETER_VALUE(12.)),.T.,.PARAMETER.);
#9252 = LINE('',#9253,#9254);
#9253 = CARTESIAN_POINT('',(270.,8.,118.925));
#9254 = VECTOR('',#9255,1.);
#9255 = DIRECTION('',(0.,1.,0.));
#9256 = CARTESIAN_POINT('',(270.,8.,118.925));
#9257 = CARTESIAN_POINT('',(270.,20.,118.925));
#9258 = GEOMETRIC_CURVE_SET('',(#9259));
#9259 = TRIMMED_CURVE('',#9260,(#9264,PARAMETER_VALUE(0.)),(#9265,
    PARAMETER_VALUE(18.)),.T.,.PARAMETER.);
#9260 = LINE('',#9261,#9262);
#9261 = CARTESIAN_POINT('',(252.,8.,118.925));
#9262 = VECTOR('',#9263,1.);
#9263 = DIRECTION('',(1.,0.,0.));
#9264 = CARTESIAN_POINT('',(252.,8.,118.925));
#9265 = CARTESIAN_POINT('',(270.,8.,118.925));
#9266 = GEOMETRIC_CURVE_SET('',(#9267));
#9267 = TRIMMED_CURVE('',#9268,(#9272,PARAMETER_VALUE(0.)),(#9273,
    PARAMETER_VALUE(18.)),.T.,.PARAMETER.);
#9268 = LINE('',#9269,#9270);
#9269 = CARTESIAN_POINT('',(252.,8.,120.925));
#9270 = VECTOR('',#9271,1.);
#9271 = DIRECTION('',(1.,0.,0.));
#9272 = CARTESIAN_POINT('',(252.,8.,120.925));
#9273 = CARTESIAN_POINT('',(270.,8.,120.925));
#9274 = GEOMETRIC_CURVE_SET('',(#9275));
#9275 = TRIMMED_CURVE('',#9276,(#9280,PARAMETER_VALUE(0.)),(#9281,
    PARAMETER_VALUE(18.)),.T.,.PARAMETER.);
#9276 = LINE('',#9277,#9278);
#9277 = CARTESIAN_POINT('',(252.,20.,118.925));
#9278 = VECTOR('',#9279,1.);
#9279 = DIRECTION('',(1.,0.,0.));
#9280 = CARTESIAN_POINT('',(252.,20.,118.925));
#9281 = CARTESIAN_POINT('',(270.,20.,118.925));
#9282 = GEOMETRIC_CURVE_SET('',(#9283));
#9283 = TRIMMED_CURVE('',#9284,(#9288,PARAMETER_VALUE(0.)),(#9289,
    PARAMETER_VALUE(18.)),.T.,.PARAMETER.);
#9284 = LINE('',#9285,#9286);
#9285 = CARTESIAN_POINT('',(252.,20.,120.925));
#9286 = VECTOR('',#9287,1.);
#9287 = DIRECTION('',(1.,0.,0.));
#9288 = CARTESIAN_POINT('',(252.,20.,120.925));
#9289 = CARTESIAN_POINT('',(270.,20.,120.925));
#9290 = GEOMETRIC_CURVE_SET('',(#9291));
#9291 = TRIMMED_CURVE('',#9292,(#9296,PARAMETER_VALUE(0.)),(#9297,
    PARAMETER_VALUE(2.)),.T.,.PARAMETER.);
#9292 = LINE('',#9293,#9294);
#9293 = CARTESIAN_POINT('',(247.,5.,91.675));
#9294 = VECTOR('',#9295,1.);
#9295 = DIRECTION('',(0.,0.,1.));
#9296 = CARTESIAN_POINT('',(247.,5.,91.675));
#9297 = CARTESIAN_POINT('',(247.,5.,93.675));
#9298 = GEOMETRIC_CURVE_SET('',(#9299));
#9299 = TRIMMED_CURVE('',#9300,(#9304,PARAMETER_VALUE(0.)),(#9305,
    PARAMETER_VALUE(18.)),.T.,.PARAMETER.);
#9300 = LINE('',#9301,#9302);
#9301 = CARTESIAN_POINT('',(247.,5.,93.675));
#9302 = VECTOR('',#9303,1.);
#9303 = DIRECTION('',(0.,1.,0.));
#9304 = CARTESIAN_POINT('',(247.,5.,93.675));
#9305 = CARTESIAN_POINT('',(247.,23.,93.675));
#9306 = GEOMETRIC_CURVE_SET('',(#9307));
#9307 = TRIMMED_CURVE('',#9308,(#9312,PARAMETER_VALUE(0.)),(#9313,
    PARAMETER_VALUE(2.)),.T.,.PARAMETER.);
#9308 = LINE('',#9309,#9310);
#9309 = CARTESIAN_POINT('',(247.,23.,91.675));
#9310 = VECTOR('',#9311,1.);
#9311 = DIRECTION('',(0.,0.,1.));
#9312 = CARTESIAN_POINT('',(247.,23.,91.675));
#9313 = CARTESIAN_POINT('',(247.,23.,93.675));
#9314 = GEOMETRIC_CURVE_SET('',(#9315));
#9315 = TRIMMED_CURVE('',#9316,(#9320,PARAMETER_VALUE(0.)),(#9321,
    PARAMETER_VALUE(18.)),.T.,.PARAMETER.);
#9316 = LINE('',#9317,#9318);
#9317 = CARTESIAN_POINT('',(247.,5.,91.675));
#9318 = VECTOR('',#9319,1.);
#9319 = DIRECTION('',(0.,1.,0.));
#9320 = CARTESIAN_POINT('',(247.,5.,91.675));
#9321 = CARTESIAN_POINT('',(247.,23.,91.675));
#9322 = GEOMETRIC_CURVE_SET('',(#9323));
#9323 = TRIMMED_CURVE('',#9324,(#9328,PARAMETER_VALUE(0.)),(#9329,
    PARAMETER_VALUE(2.)),.T.,.PARAMETER.);
#9324 = LINE('',#9325,#9326);
#9325 = CARTESIAN_POINT('',(267.,5.,91.675));
#9326 = VECTOR('',#9327,1.);
#9327 = DIRECTION('',(0.,0.,1.));
#9328 = CARTESIAN_POINT('',(267.,5.,91.675));
#9329 = CARTESIAN_POINT('',(267.,5.,93.675));
#9330 = GEOMETRIC_CURVE_SET('',(#9331));
#9331 = TRIMMED_CURVE('',#9332,(#9336,PARAMETER_VALUE(0.)),(#9337,
    PARAMETER_VALUE(18.)),.T.,.PARAMETER.);
#9332 = LINE('',#9333,#9334);
#9333 = CARTESIAN_POINT('',(267.,5.,93.675));
#9334 = VECTOR('',#9335,1.);
#9335 = DIRECTION('',(0.,1.,0.));
#9336 = CARTESIAN_POINT('',(267.,5.,93.675));
#9337 = CARTESIAN_POINT('',(267.,23.,93.675));
#9338 = GEOMETRIC_CURVE_SET('',(#9339));
#9339 = TRIMMED_CURVE('',#9340,(#9344,PARAMETER_VALUE(0.)),(#9345,
    PARAMETER_VALUE(2.)),.T.,.PARAMETER.);
#9340 = LINE('',#9341,#9342);
#9341 = CARTESIAN_POINT('',(267.,23.,91.675));
#9342 = VECTOR('',#9343,1.);
#9343 = DIRECTION('',(0.,0.,1.));
#9344 = CARTESIAN_POINT('',(267.,23.,91.675));
#9345 = CARTESIAN_POINT('',(267.,23.,93.675));
#9346 = GEOMETRIC_CURVE_SET('',(#9347));
#9347 = TRIMMED_CURVE('',#9348,(#9352,PARAMETER_VALUE(0.)),(#9353,
    PARAMETER_VALUE(18.)),.T.,.PARAMETER.);
#9348 = LINE('',#9349,#9350);
#9349 = CARTESIAN_POINT('',(267.,5.,91.675));
#9350 = VECTOR('',#9351,1.);
#9351 = DIRECTION('',(0.,1.,0.));
#9352 = CARTESIAN_POINT('',(267.,5.,91.675));
#9353 = CARTESIAN_POINT('',(267.,23.,91.675));
#9354 = GEOMETRIC_CURVE_SET('',(#9355));
#9355 = TRIMMED_CURVE('',#9356,(#9360,PARAMETER_VALUE(0.)),(#9361,
    PARAMETER_VALUE(20.)),.T.,.PARAMETER.);
#9356 = LINE('',#9357,#9358);
#9357 = CARTESIAN_POINT('',(247.,5.,91.675));
#9358 = VECTOR('',#9359,1.);
#9359 = DIRECTION('',(1.,0.,0.));
#9360 = CARTESIAN_POINT('',(247.,5.,91.675));
#9361 = CARTESIAN_POINT('',(267.,5.,91.675));
#9362 = GEOMETRIC_CURVE_SET('',(#9363));
#9363 = TRIMMED_CURVE('',#9364,(#9368,PARAMETER_VALUE(0.)),(#9369,
    PARAMETER_VALUE(20.)),.T.,.PARAMETER.);
#9364 = LINE('',#9365,#9366);
#9365 = CARTESIAN_POINT('',(247.,5.,93.675));
#9366 = VECTOR('',#9367,1.);
#9367 = DIRECTION('',(1.,0.,0.));
#9368 = CARTESIAN_POINT('',(247.,5.,93.675));
#9369 = CARTESIAN_POINT('',(267.,5.,93.675));
#9370 = GEOMETRIC_CURVE_SET('',(#9371));
#9371 = TRIMMED_CURVE('',#9372,(#9376,PARAMETER_VALUE(0.)),(#9377,
    PARAMETER_VALUE(20.)),.T.,.PARAMETER.);
#9372 = LINE('',#9373,#9374);
#9373 = CARTESIAN_POINT('',(247.,23.,91.675));
#9374 = VECTOR('',#9375,1.);
#9375 = DIRECTION('',(1.,0.,0.));
#9376 = CARTESIAN_POINT('',(247.,23.,91.675));
#9377 = CARTESIAN_POINT('',(267.,23.,91.675));
#9378 = GEOMETRIC_CURVE_SET('',(#9379));
#9379 = TRIMMED_CURVE('',#9380,(#9384,PARAMETER_VALUE(0.)),(#9385,
    PARAMETER_VALUE(20.)),.T.,.PARAMETER.);
#9380 = LINE('',#9381,#9382);
#9381 = CARTESIAN_POINT('',(247.,23.,93.675));
#9382 = VECTOR('',#9383,1.);
#9383 = DIRECTION('',(1.,0.,0.));
#9384 = CARTESIAN_POINT('',(247.,23.,93.675));
#9385 = CARTESIAN_POINT('',(267.,23.,93.675));
#9386 = GEOMETRIC_CURVE_SET('',(#9387));
#9387 = TRIMMED_CURVE('',#9388,(#9392,PARAMETER_VALUE(0.)),(#9393,
    PARAMETER_VALUE(2.)),.T.,.PARAMETER.);
#9388 = LINE('',#9389,#9390);
#9389 = CARTESIAN_POINT('',(247.,5.,116.425));
#9390 = VECTOR('',#9391,1.);
#9391 = DIRECTION('',(0.,0.,1.));
#9392 = CARTESIAN_POINT('',(247.,5.,116.425));
#9393 = CARTESIAN_POINT('',(247.,5.,118.425));
#9394 = GEOMETRIC_CURVE_SET('',(#9395));
#9395 = TRIMMED_CURVE('',#9396,(#9400,PARAMETER_VALUE(0.)),(#9401,
    PARAMETER_VALUE(18.)),.T.,.PARAMETER.);
#9396 = LINE('',#9397,#9398);
#9397 = CARTESIAN_POINT('',(247.,5.,118.425));
#9398 = VECTOR('',#9399,1.);
#9399 = DIRECTION('',(0.,1.,0.));
#9400 = CARTESIAN_POINT('',(247.,5.,118.425));
#9401 = CARTESIAN_POINT('',(247.,23.,118.425));
#9402 = GEOMETRIC_CURVE_SET('',(#9403));
#9403 = TRIMMED_CURVE('',#9404,(#9408,PARAMETER_VALUE(0.)),(#9409,
    PARAMETER_VALUE(2.)),.T.,.PARAMETER.);
#9404 = LINE('',#9405,#9406);
#9405 = CARTESIAN_POINT('',(247.,23.,116.425));
#9406 = VECTOR('',#9407,1.);
#9407 = DIRECTION('',(0.,0.,1.));
#9408 = CARTESIAN_POINT('',(247.,23.,116.425));
#9409 = CARTESIAN_POINT('',(247.,23.,118.425));
#9410 = GEOMETRIC_CURVE_SET('',(#9411));
#9411 = TRIMMED_CURVE('',#9412,(#9416,PARAMETER_VALUE(0.)),(#9417,
    PARAMETER_VALUE(18.)),.T.,.PARAMETER.);
#9412 = LINE('',#9413,#9414);
#9413 = CARTESIAN_POINT('',(247.,5.,116.425));
#9414 = VECTOR('',#9415,1.);
#9415 = DIRECTION('',(0.,1.,0.));
#9416 = CARTESIAN_POINT('',(247.,5.,116.425));
#9417 = CARTESIAN_POINT('',(247.,23.,116.425));
#9418 = GEOMETRIC_CURVE_SET('',(#9419));
#9419 = TRIMMED_CURVE('',#9420,(#9424,PARAMETER_VALUE(0.)),(#9425,
    PARAMETER_VALUE(2.)),.T.,.PARAMETER.);
#9420 = LINE('',#9421,#9422);
#9421 = CARTESIAN_POINT('',(267.,5.,116.425));
#9422 = VECTOR('',#9423,1.);
#9423 = DIRECTION('',(0.,0.,1.));
#9424 = CARTESIAN_POINT('',(267.,5.,116.425));
#9425 = CARTESIAN_POINT('',(267.,5.,118.425));
#9426 = GEOMETRIC_CURVE_SET('',(#9427));
#9427 = TRIMMED_CURVE('',#9428,(#9432,PARAMETER_VALUE(0.)),(#9433,
    PARAMETER_VALUE(18.)),.T.,.PARAMETER.);
#9428 = LINE('',#9429,#9430);
#9429 = CARTESIAN_POINT('',(267.,5.,118.425));
#9430 = VECTOR('',#9431,1.);
#9431 = DIRECTION('',(0.,1.,0.));
#9432 = CARTESIAN_POINT('',(267.,5.,118.425));
#9433 = CARTESIAN_POINT('',(267.,23.,118.425));
#9434 = GEOMETRIC_CURVE_SET('',(#9435));
#9435 = TRIMMED_CURVE('',#9436,(#9440,PARAMETER_VALUE(0.)),(#9441,
    PARAMETER_VALUE(2.)),.T.,.PARAMETER.);
#9436 = LINE('',#9437,#9438);
#9437 = CARTESIAN_POINT('',(267.,23.,116.425));
#9438 = VECTOR('',#9439,1.);
#9439 = DIRECTION('',(0.,0.,1.));
#9440 = CARTESIAN_POINT('',(267.,23.,116.425));
#9441 = CARTESIAN_POINT('',(267.,23.,118.425));
#9442 = GEOMETRIC_CURVE_SET('',(#9443));
#9443 = TRIMMED_CURVE('',#9444,(#9448,PARAMETER_VALUE(0.)),(#9449,
    PARAMETER_VALUE(18.)),.T.,.PARAMETER.);
#9444 = LINE('',#9445,#9446);
#9445 = CARTESIAN_POINT('',(267.,5.,116.425));
#9446 = VECTOR('',#9447,1.);
#9447 = DIRECTION('',(0.,1.,0.));
#9448 = CARTESIAN_POINT('',(267.,5.,116.425));
#9449 = CARTESIAN_POINT('',(267.,23.,116.425));
#9450 = GEOMETRIC_CURVE_SET('',(#9451));
#9451 = TRIMMED_CURVE('',#9452,(#9456,PARAMETER_VALUE(0.)),(#9457,
    PARAMETER_VALUE(20.)),.T.,.PARAMETER.);
#9452 = LINE('',#9453,#9454);
#9453 = CARTESIAN_POINT('',(247.,5.,116.425));
#9454 = VECTOR('',#9455,1.);
#9455 = DIRECTION('',(1.,0.,0.));
#9456 = CARTESIAN_POINT('',(247.,5.,116.425));
#9457 = CARTESIAN_POINT('',(267.,5.,116.425));
#9458 = GEOMETRIC_CURVE_SET('',(#9459));
#9459 = TRIMMED_CURVE('',#9460,(#9464,PARAMETER_VALUE(0.)),(#9465,
    PARAMETER_VALUE(20.)),.T.,.PARAMETER.);
#9460 = LINE('',#9461,#9462);
#9461 = CARTESIAN_POINT('',(247.,5.,118.425));
#9462 = VECTOR('',#9463,1.);
#9463 = DIRECTION('',(1.,0.,0.));
#9464 = CARTESIAN_POINT('',(247.,5.,118.425));
#9465 = CARTESIAN_POINT('',(267.,5.,118.425));
#9466 = GEOMETRIC_CURVE_SET('',(#9467));
#9467 = TRIMMED_CURVE('',#9468,(#9472,PARAMETER_VALUE(0.)),(#9473,
    PARAMETER_VALUE(20.)),.T.,.PARAMETER.);
#9468 = LINE('',#9469,#9470);
#9469 = CARTESIAN_POINT('',(247.,23.,116.425));
#9470 = VECTOR('',#9471,1.);
#9471 = DIRECTION('',(1.,0.,0.));
#9472 = CARTESIAN_POINT('',(247.,23.,116.425));
#9473 = CARTESIAN_POINT('',(267.,23.,116.425));
#9474 = GEOMETRIC_CURVE_SET('',(#9475));
#9475 = TRIMMED_CURVE('',#9476,(#9480,PARAMETER_VALUE(0.)),(#9481,
    PARAMETER_VALUE(20.)),.T.,.PARAMETER.);
#9476 = LINE('',#9477,#9478);
#9477 = CARTESIAN_POINT('',(247.,23.,118.425));
#9478 = VECTOR('',#9479,1.);
#9479 = DIRECTION('',(1.,0.,0.));
#9480 = CARTESIAN_POINT('',(247.,23.,118.425));
#9481 = CARTESIAN_POINT('',(267.,23.,118.425));
#9482 = GEOMETRIC_CURVE_SET('',(#9483));
#9483 = TRIMMED_CURVE('',#9484,(#9488,PARAMETER_VALUE(0.)),(#9489,
    PARAMETER_VALUE(3.175)),.T.,.PARAMETER.);
#9484 = LINE('',#9485,#9486);
#9485 = CARTESIAN_POINT('',(5.,248.3,86.));
#9486 = VECTOR('',#9487,1.);
#9487 = DIRECTION('',(0.,0.,1.));
#9488 = CARTESIAN_POINT('',(5.,248.3,86.));
#9489 = CARTESIAN_POINT('',(5.,248.3,89.175));
#9490 = GEOMETRIC_CURVE_SET('',(#9491));
#9491 = TRIMMED_CURVE('',#9492,(#9496,PARAMETER_VALUE(0.)),(#9497,
    PARAMETER_VALUE(25.4)),.T.,.PARAMETER.);
#9492 = LINE('',#9493,#9494);
#9493 = CARTESIAN_POINT('',(5.,248.3,89.175));
#9494 = VECTOR('',#9495,1.);
#9495 = DIRECTION('',(0.,1.,0.));
#9496 = CARTESIAN_POINT('',(5.,248.3,89.175));
#9497 = CARTESIAN_POINT('',(5.,273.7,89.175));
#9498 = GEOMETRIC_CURVE_SET('',(#9499));
#9499 = TRIMMED_CURVE('',#9500,(#9504,PARAMETER_VALUE(0.)),(#9505,
    PARAMETER_VALUE(3.175)),.T.,.PARAMETER.);
#9500 = LINE('',#9501,#9502);
#9501 = CARTESIAN_POINT('',(5.,273.7,86.));
#9502 = VECTOR('',#9503,1.);
#9503 = DIRECTION('',(0.,0.,1.));
#9504 = CARTESIAN_POINT('',(5.,273.7,86.));
#9505 = CARTESIAN_POINT('',(5.,273.7,89.175));
#9506 = GEOMETRIC_CURVE_SET('',(#9507));
#9507 = TRIMMED_CURVE('',#9508,(#9512,PARAMETER_VALUE(0.)),(#9513,
    PARAMETER_VALUE(25.4)),.T.,.PARAMETER.);
#9508 = LINE('',#9509,#9510);
#9509 = CARTESIAN_POINT('',(5.,248.3,86.));
#9510 = VECTOR('',#9511,1.);
#9511 = DIRECTION('',(0.,1.,0.));
#9512 = CARTESIAN_POINT('',(5.,248.3,86.));
#9513 = CARTESIAN_POINT('',(5.,273.7,86.));
#9514 = GEOMETRIC_CURVE_SET('',(#9515));
#9515 = TRIMMED_CURVE('',#9516,(#9520,PARAMETER_VALUE(0.)),(#9521,
    PARAMETER_VALUE(3.175)),.T.,.PARAMETER.);
#9516 = LINE('',#9517,#9518);
#9517 = CARTESIAN_POINT('',(23.,248.3,86.));
#9518 = VECTOR('',#9519,1.);
#9519 = DIRECTION('',(0.,0.,1.));
#9520 = CARTESIAN_POINT('',(23.,248.3,86.));
#9521 = CARTESIAN_POINT('',(23.,248.3,89.175));
#9522 = GEOMETRIC_CURVE_SET('',(#9523));
#9523 = TRIMMED_CURVE('',#9524,(#9528,PARAMETER_VALUE(0.)),(#9529,
    PARAMETER_VALUE(25.4)),.T.,.PARAMETER.);
#9524 = LINE('',#9525,#9526);
#9525 = CARTESIAN_POINT('',(23.,248.3,89.175));
#9526 = VECTOR('',#9527,1.);
#9527 = DIRECTION('',(0.,1.,0.));
#9528 = CARTESIAN_POINT('',(23.,248.3,89.175));
#9529 = CARTESIAN_POINT('',(23.,273.7,89.175));
#9530 = GEOMETRIC_CURVE_SET('',(#9531));
#9531 = TRIMMED_CURVE('',#9532,(#9536,PARAMETER_VALUE(0.)),(#9537,
    PARAMETER_VALUE(3.175)),.T.,.PARAMETER.);
#9532 = LINE('',#9533,#9534);
#9533 = CARTESIAN_POINT('',(23.,273.7,86.));
#9534 = VECTOR('',#9535,1.);
#9535 = DIRECTION('',(0.,0.,1.));
#9536 = CARTESIAN_POINT('',(23.,273.7,86.));
#9537 = CARTESIAN_POINT('',(23.,273.7,89.175));
#9538 = GEOMETRIC_CURVE_SET('',(#9539));
#9539 = TRIMMED_CURVE('',#9540,(#9544,PARAMETER_VALUE(0.)),(#9545,
    PARAMETER_VALUE(25.4)),.T.,.PARAMETER.);
#9540 = LINE('',#9541,#9542);
#9541 = CARTESIAN_POINT('',(23.,248.3,86.));
#9542 = VECTOR('',#9543,1.);
#9543 = DIRECTION('',(0.,1.,0.));
#9544 = CARTESIAN_POINT('',(23.,248.3,86.));
#9545 = CARTESIAN_POINT('',(23.,273.7,86.));
#9546 = GEOMETRIC_CURVE_SET('',(#9547));
#9547 = TRIMMED_CURVE('',#9548,(#9552,PARAMETER_VALUE(0.)),(#9553,
    PARAMETER_VALUE(18.)),.T.,.PARAMETER.);
#9548 = LINE('',#9549,#9550);
#9549 = CARTESIAN_POINT('',(5.,248.3,86.));
#9550 = VECTOR('',#9551,1.);
#9551 = DIRECTION('',(1.,0.,0.));
#9552 = CARTESIAN_POINT('',(5.,248.3,86.));
#9553 = CARTESIAN_POINT('',(23.,248.3,86.));
#9554 = GEOMETRIC_CURVE_SET('',(#9555));
#9555 = TRIMMED_CURVE('',#9556,(#9560,PARAMETER_VALUE(0.)),(#9561,
    PARAMETER_VALUE(18.)),.T.,.PARAMETER.);
#9556 = LINE('',#9557,#9558);
#9557 = CARTESIAN_POINT('',(5.,248.3,89.175));
#9558 = VECTOR('',#9559,1.);
#9559 = DIRECTION('',(1.,0.,0.));
#9560 = CARTESIAN_POINT('',(5.,248.3,89.175));
#9561 = CARTESIAN_POINT('',(23.,248.3,89.175));
#9562 = GEOMETRIC_CURVE_SET('',(#9563));
#9563 = TRIMMED_CURVE('',#9564,(#9568,PARAMETER_VALUE(0.)),(#9569,
    PARAMETER_VALUE(18.)),.T.,.PARAMETER.);
#9564 = LINE('',#9565,#9566);
#9565 = CARTESIAN_POINT('',(5.,273.7,86.));
#9566 = VECTOR('',#9567,1.);
#9567 = DIRECTION('',(1.,0.,0.));
#9568 = CARTESIAN_POINT('',(5.,273.7,86.));
#9569 = CARTESIAN_POINT('',(23.,273.7,86.));
#9570 = GEOMETRIC_CURVE_SET('',(#9571));
#9571 = TRIMMED_CURVE('',#9572,(#9576,PARAMETER_VALUE(0.)),(#9577,
    PARAMETER_VALUE(18.)),.T.,.PARAMETER.);
#9572 = LINE('',#9573,#9574);
#9573 = CARTESIAN_POINT('',(5.,273.7,89.175));
#9574 = VECTOR('',#9575,1.);
#9575 = DIRECTION('',(1.,0.,0.));
#9576 = CARTESIAN_POINT('',(5.,273.7,89.175));
#9577 = CARTESIAN_POINT('',(23.,273.7,89.175));
#9578 = GEOMETRIC_CURVE_SET('',(#9579));
#9579 = TRIMMED_CURVE('',#9580,(#9584,PARAMETER_VALUE(0.)),(#9585,
    PARAMETER_VALUE(3.175)),.T.,.PARAMETER.);
#9580 = LINE('',#9581,#9582);
#9581 = CARTESIAN_POINT('',(5.,248.3,120.925));
#9582 = VECTOR('',#9583,1.);
#9583 = DIRECTION('',(0.,0.,1.));
#9584 = CARTESIAN_POINT('',(5.,248.3,120.925));
#9585 = CARTESIAN_POINT('',(5.,248.3,124.1));
#9586 = GEOMETRIC_CURVE_SET('',(#9587));
#9587 = TRIMMED_CURVE('',#9588,(#9592,PARAMETER_VALUE(0.)),(#9593,
    PARAMETER_VALUE(25.4)),.T.,.PARAMETER.);
#9588 = LINE('',#9589,#9590);
#9589 = CARTESIAN_POINT('',(5.,248.3,124.1));
#9590 = VECTOR('',#9591,1.);
#9591 = DIRECTION('',(0.,1.,0.));
#9592 = CARTESIAN_POINT('',(5.,248.3,124.1));
#9593 = CARTESIAN_POINT('',(5.,273.7,124.1));
#9594 = GEOMETRIC_CURVE_SET('',(#9595));
#9595 = TRIMMED_CURVE('',#9596,(#9600,PARAMETER_VALUE(0.)),(#9601,
    PARAMETER_VALUE(3.175)),.T.,.PARAMETER.);
#9596 = LINE('',#9597,#9598);
#9597 = CARTESIAN_POINT('',(5.,273.7,120.925));
#9598 = VECTOR('',#9599,1.);
#9599 = DIRECTION('',(0.,0.,1.));
#9600 = CARTESIAN_POINT('',(5.,273.7,120.925));
#9601 = CARTESIAN_POINT('',(5.,273.7,124.1));
#9602 = GEOMETRIC_CURVE_SET('',(#9603));
#9603 = TRIMMED_CURVE('',#9604,(#9608,PARAMETER_VALUE(0.)),(#9609,
    PARAMETER_VALUE(25.4)),.T.,.PARAMETER.);
#9604 = LINE('',#9605,#9606);
#9605 = CARTESIAN_POINT('',(5.,248.3,120.925));
#9606 = VECTOR('',#9607,1.);
#9607 = DIRECTION('',(0.,1.,0.));
#9608 = CARTESIAN_POINT('',(5.,248.3,120.925));
#9609 = CARTESIAN_POINT('',(5.,273.7,120.925));
#9610 = GEOMETRIC_CURVE_SET('',(#9611));
#9611 = TRIMMED_CURVE('',#9612,(#9616,PARAMETER_VALUE(0.)),(#9617,
    PARAMETER_VALUE(3.175)),.T.,.PARAMETER.);
#9612 = LINE('',#9613,#9614);
#9613 = CARTESIAN_POINT('',(23.,248.3,120.925));
#9614 = VECTOR('',#9615,1.);
#9615 = DIRECTION('',(0.,0.,1.));
#9616 = CARTESIAN_POINT('',(23.,248.3,120.925));
#9617 = CARTESIAN_POINT('',(23.,248.3,124.1));
#9618 = GEOMETRIC_CURVE_SET('',(#9619));
#9619 = TRIMMED_CURVE('',#9620,(#9624,PARAMETER_VALUE(0.)),(#9625,
    PARAMETER_VALUE(25.4)),.T.,.PARAMETER.);
#9620 = LINE('',#9621,#9622);
#9621 = CARTESIAN_POINT('',(23.,248.3,124.1));
#9622 = VECTOR('',#9623,1.);
#9623 = DIRECTION('',(0.,1.,0.));
#9624 = CARTESIAN_POINT('',(23.,248.3,124.1));
#9625 = CARTESIAN_POINT('',(23.,273.7,124.1));
#9626 = GEOMETRIC_CURVE_SET('',(#9627));
#9627 = TRIMMED_CURVE('',#9628,(#9632,PARAMETER_VALUE(0.)),(#9633,
    PARAMETER_VALUE(3.175)),.T.,.PARAMETER.);
#9628 = LINE('',#9629,#9630);
#9629 = CARTESIAN_POINT('',(23.,273.7,120.925));
#9630 = VECTOR('',#9631,1.);
#9631 = DIRECTION('',(0.,0.,1.));
#9632 = CARTESIAN_POINT('',(23.,273.7,120.925));
#9633 = CARTESIAN_POINT('',(23.,273.7,124.1));
#9634 = GEOMETRIC_CURVE_SET('',(#9635));
#9635 = TRIMMED_CURVE('',#9636,(#9640,PARAMETER_VALUE(0.)),(#9641,
    PARAMETER_VALUE(25.4)),.T.,.PARAMETER.);
#9636 = LINE('',#9637,#9638);
#9637 = CARTESIAN_POINT('',(23.,248.3,120.925));
#9638 = VECTOR('',#9639,1.);
#9639 = DIRECTION('',(0.,1.,0.));
#9640 = CARTESIAN_POINT('',(23.,248.3,120.925));
#9641 = CARTESIAN_POINT('',(23.,273.7,120.925));
#9642 = GEOMETRIC_CURVE_SET('',(#9643));
#9643 = TRIMMED_CURVE('',#9644,(#9648,PARAMETER_VALUE(0.)),(#9649,
    PARAMETER_VALUE(18.)),.T.,.PARAMETER.);
#9644 = LINE('',#9645,#9646);
#9645 = CARTESIAN_POINT('',(5.,248.3,120.925));
#9646 = VECTOR('',#9647,1.);
#9647 = DIRECTION('',(1.,0.,0.));
#9648 = CARTESIAN_POINT('',(5.,248.3,120.925));
#9649 = CARTESIAN_POINT('',(23.,248.3,120.925));
#9650 = GEOMETRIC_CURVE_SET('',(#9651));
#9651 = TRIMMED_CURVE('',#9652,(#9656,PARAMETER_VALUE(0.)),(#9657,
    PARAMETER_VALUE(18.)),.T.,.PARAMETER.);
#9652 = LINE('',#9653,#9654);
#9653 = CARTESIAN_POINT('',(5.,248.3,124.1));
#9654 = VECTOR('',#9655,1.);
#9655 = DIRECTION('',(1.,0.,0.));
#9656 = CARTESIAN_POINT('',(5.,248.3,124.1));
#9657 = CARTESIAN_POINT('',(23.,248.3,124.1));
#9658 = GEOMETRIC_CURVE_SET('',(#9659));
#9659 = TRIMMED_CURVE('',#9660,(#9664,PARAMETER_VALUE(0.)),(#9665,
    PARAMETER_VALUE(18.)),.T.,.PARAMETER.);
#9660 = LINE('',#9661,#9662);
#9661 = CARTESIAN_POINT('',(5.,273.7,120.925));
#9662 = VECTOR('',#9663,1.);
#9663 = DIRECTION('',(1.,0.,0.));
#9664 = CARTESIAN_POINT('',(5.,273.7,120.925));
#9665 = CARTESIAN_POINT('',(23.,273.7,120.925));
#9666 = GEOMETRIC_CURVE_SET('',(#9667));
#9667 = TRIMMED_CURVE('',#9668,(#9672,PARAMETER_VALUE(0.)),(#9673,
    PARAMETER_VALUE(18.)),.T.,.PARAMETER.);
#9668 = LINE('',#9669,#9670);
#9669 = CARTESIAN_POINT('',(5.,273.7,124.1));
#9670 = VECTOR('',#9671,1.);
#9671 = DIRECTION('',(1.,0.,0.));
#9672 = CARTESIAN_POINT('',(5.,273.7,124.1));
#9673 = CARTESIAN_POINT('',(23.,273.7,124.1));
#9674 = GEOMETRIC_CURVE_SET('',(#9675));
#9675 = TRIMMED_CURVE('',#9676,(#9680,PARAMETER_VALUE(0.)),(#9681,
    PARAMETER_VALUE(31.75)),.T.,.PARAMETER.);
#9676 = LINE('',#9677,#9678);
#9677 = CARTESIAN_POINT('',(5.,248.3,89.175));
#9678 = VECTOR('',#9679,1.);
#9679 = DIRECTION('',(0.,0.,1.));
#9680 = CARTESIAN_POINT('',(5.,248.3,89.175));
#9681 = CARTESIAN_POINT('',(5.,248.3,120.925));
#9682 = GEOMETRIC_CURVE_SET('',(#9683));
#9683 = TRIMMED_CURVE('',#9684,(#9688,PARAMETER_VALUE(0.)),(#9689,
    PARAMETER_VALUE(3.175)),.T.,.PARAMETER.);
#9684 = LINE('',#9685,#9686);
#9685 = CARTESIAN_POINT('',(5.,248.3,120.925));
#9686 = VECTOR('',#9687,1.);
#9687 = DIRECTION('',(0.,1.,0.));
#9688 = CARTESIAN_POINT('',(5.,248.3,120.925));
#9689 = CARTESIAN_POINT('',(5.,251.475,120.925));
#9690 = GEOMETRIC_CURVE_SET('',(#9691));
#9691 = TRIMMED_CURVE('',#9692,(#9696,PARAMETER_VALUE(0.)),(#9697,
    PARAMETER_VALUE(31.75)),.T.,.PARAMETER.);
#9692 = LINE('',#9693,#9694);
#9693 = CARTESIAN_POINT('',(5.,251.475,89.175));
#9694 = VECTOR('',#9695,1.);
#9695 = DIRECTION('',(0.,0.,1.));
#9696 = CARTESIAN_POINT('',(5.,251.475,89.175));
#9697 = CARTESIAN_POINT('',(5.,251.475,120.925));
#9698 = GEOMETRIC_CURVE_SET('',(#9699));
#9699 = TRIMMED_CURVE('',#9700,(#9704,PARAMETER_VALUE(0.)),(#9705,
    PARAMETER_VALUE(3.175)),.T.,.PARAMETER.);
#9700 = LINE('',#9701,#9702);
#9701 = CARTESIAN_POINT('',(5.,248.3,89.175));
#9702 = VECTOR('',#9703,1.);
#9703 = DIRECTION('',(0.,1.,0.));
#9704 = CARTESIAN_POINT('',(5.,248.3,89.175));
#9705 = CARTESIAN_POINT('',(5.,251.475,89.175));
#9706 = GEOMETRIC_CURVE_SET('',(#9707));
#9707 = TRIMMED_CURVE('',#9708,(#9712,PARAMETER_VALUE(0.)),(#9713,
    PARAMETER_VALUE(31.75)),.T.,.PARAMETER.);
#9708 = LINE('',#9709,#9710);
#9709 = CARTESIAN_POINT('',(23.,248.3,89.175));
#9710 = VECTOR('',#9711,1.);
#9711 = DIRECTION('',(0.,0.,1.));
#9712 = CARTESIAN_POINT('',(23.,248.3,89.175));
#9713 = CARTESIAN_POINT('',(23.,248.3,120.925));
#9714 = GEOMETRIC_CURVE_SET('',(#9715));
#9715 = TRIMMED_CURVE('',#9716,(#9720,PARAMETER_VALUE(0.)),(#9721,
    PARAMETER_VALUE(3.175)),.T.,.PARAMETER.);
#9716 = LINE('',#9717,#9718);
#9717 = CARTESIAN_POINT('',(23.,248.3,120.925));
#9718 = VECTOR('',#9719,1.);
#9719 = DIRECTION('',(0.,1.,0.));
#9720 = CARTESIAN_POINT('',(23.,248.3,120.925));
#9721 = CARTESIAN_POINT('',(23.,251.475,120.925));
#9722 = GEOMETRIC_CURVE_SET('',(#9723));
#9723 = TRIMMED_CURVE('',#9724,(#9728,PARAMETER_VALUE(0.)),(#9729,
    PARAMETER_VALUE(31.75)),.T.,.PARAMETER.);
#9724 = LINE('',#9725,#9726);
#9725 = CARTESIAN_POINT('',(23.,251.475,89.175));
#9726 = VECTOR('',#9727,1.);
#9727 = DIRECTION('',(0.,0.,1.));
#9728 = CARTESIAN_POINT('',(23.,251.475,89.175));
#9729 = CARTESIAN_POINT('',(23.,251.475,120.925));
#9730 = GEOMETRIC_CURVE_SET('',(#9731));
#9731 = TRIMMED_CURVE('',#9732,(#9736,PARAMETER_VALUE(0.)),(#9737,
    PARAMETER_VALUE(3.175)),.T.,.PARAMETER.);
#9732 = LINE('',#9733,#9734);
#9733 = CARTESIAN_POINT('',(23.,248.3,89.175));
#9734 = VECTOR('',#9735,1.);
#9735 = DIRECTION('',(0.,1.,0.));
#9736 = CARTESIAN_POINT('',(23.,248.3,89.175));
#9737 = CARTESIAN_POINT('',(23.,251.475,89.175));
#9738 = GEOMETRIC_CURVE_SET('',(#9739));
#9739 = TRIMMED_CURVE('',#9740,(#9744,PARAMETER_VALUE(0.)),(#9745,
    PARAMETER_VALUE(18.)),.T.,.PARAMETER.);
#9740 = LINE('',#9741,#9742);
#9741 = CARTESIAN_POINT('',(5.,248.3,89.175));
#9742 = VECTOR('',#9743,1.);
#9743 = DIRECTION('',(1.,0.,0.));
#9744 = CARTESIAN_POINT('',(5.,248.3,89.175));
#9745 = CARTESIAN_POINT('',(23.,248.3,89.175));
#9746 = GEOMETRIC_CURVE_SET('',(#9747));
#9747 = TRIMMED_CURVE('',#9748,(#9752,PARAMETER_VALUE(0.)),(#9753,
    PARAMETER_VALUE(18.)),.T.,.PARAMETER.);
#9748 = LINE('',#9749,#9750);
#9749 = CARTESIAN_POINT('',(5.,248.3,120.925));
#9750 = VECTOR('',#9751,1.);
#9751 = DIRECTION('',(1.,0.,0.));
#9752 = CARTESIAN_POINT('',(5.,248.3,120.925));
#9753 = CARTESIAN_POINT('',(23.,248.3,120.925));
#9754 = GEOMETRIC_CURVE_SET('',(#9755));
#9755 = TRIMMED_CURVE('',#9756,(#9760,PARAMETER_VALUE(0.)),(#9761,
    PARAMETER_VALUE(18.)),.T.,.PARAMETER.);
#9756 = LINE('',#9757,#9758);
#9757 = CARTESIAN_POINT('',(5.,251.475,89.175));
#9758 = VECTOR('',#9759,1.);
#9759 = DIRECTION('',(1.,0.,0.));
#9760 = CARTESIAN_POINT('',(5.,251.475,89.175));
#9761 = CARTESIAN_POINT('',(23.,251.475,89.175));
#9762 = GEOMETRIC_CURVE_SET('',(#9763));
#9763 = TRIMMED_CURVE('',#9764,(#9768,PARAMETER_VALUE(0.)),(#9769,
    PARAMETER_VALUE(18.)),.T.,.PARAMETER.);
#9764 = LINE('',#9765,#9766);
#9765 = CARTESIAN_POINT('',(5.,251.475,120.925));
#9766 = VECTOR('',#9767,1.);
#9767 = DIRECTION('',(1.,0.,0.));
#9768 = CARTESIAN_POINT('',(5.,251.475,120.925));
#9769 = CARTESIAN_POINT('',(23.,251.475,120.925));
#9770 = GEOMETRIC_CURVE_SET('',(#9771));
#9771 = TRIMMED_CURVE('',#9772,(#9776,PARAMETER_VALUE(0.)),(#9777,
    PARAMETER_VALUE(31.75)),.T.,.PARAMETER.);
#9772 = LINE('',#9773,#9774);
#9773 = CARTESIAN_POINT('',(5.,270.525,89.175));
#9774 = VECTOR('',#9775,1.);
#9775 = DIRECTION('',(0.,0.,1.));
#9776 = CARTESIAN_POINT('',(5.,270.525,89.175));
#9777 = CARTESIAN_POINT('',(5.,270.525,120.925));
#9778 = GEOMETRIC_CURVE_SET('',(#9779));
#9779 = TRIMMED_CURVE('',#9780,(#9784,PARAMETER_VALUE(0.)),(#9785,
    PARAMETER_VALUE(3.175)),.T.,.PARAMETER.);
#9780 = LINE('',#9781,#9782);
#9781 = CARTESIAN_POINT('',(5.,270.525,120.925));
#9782 = VECTOR('',#9783,1.);
#9783 = DIRECTION('',(0.,1.,0.));
#9784 = CARTESIAN_POINT('',(5.,270.525,120.925));
#9785 = CARTESIAN_POINT('',(5.,273.7,120.925));
#9786 = GEOMETRIC_CURVE_SET('',(#9787));
#9787 = TRIMMED_CURVE('',#9788,(#9792,PARAMETER_VALUE(0.)),(#9793,
    PARAMETER_VALUE(31.75)),.T.,.PARAMETER.);
#9788 = LINE('',#9789,#9790);
#9789 = CARTESIAN_POINT('',(5.,273.7,89.175));
#9790 = VECTOR('',#9791,1.);
#9791 = DIRECTION('',(0.,0.,1.));
#9792 = CARTESIAN_POINT('',(5.,273.7,89.175));
#9793 = CARTESIAN_POINT('',(5.,273.7,120.925));
#9794 = GEOMETRIC_CURVE_SET('',(#9795));
#9795 = TRIMMED_CURVE('',#9796,(#9800,PARAMETER_VALUE(0.)),(#9801,
    PARAMETER_VALUE(3.175)),.T.,.PARAMETER.);
#9796 = LINE('',#9797,#9798);
#9797 = CARTESIAN_POINT('',(5.,270.525,89.175));
#9798 = VECTOR('',#9799,1.);
#9799 = DIRECTION('',(0.,1.,0.));
#9800 = CARTESIAN_POINT('',(5.,270.525,89.175));
#9801 = CARTESIAN_POINT('',(5.,273.7,89.175));
#9802 = GEOMETRIC_CURVE_SET('',(#9803));
#9803 = TRIMMED_CURVE('',#9804,(#9808,PARAMETER_VALUE(0.)),(#9809,
    PARAMETER_VALUE(31.75)),.T.,.PARAMETER.);
#9804 = LINE('',#9805,#9806);
#9805 = CARTESIAN_POINT('',(23.,270.525,89.175));
#9806 = VECTOR('',#9807,1.);
#9807 = DIRECTION('',(0.,0.,1.));
#9808 = CARTESIAN_POINT('',(23.,270.525,89.175));
#9809 = CARTESIAN_POINT('',(23.,270.525,120.925));
#9810 = GEOMETRIC_CURVE_SET('',(#9811));
#9811 = TRIMMED_CURVE('',#9812,(#9816,PARAMETER_VALUE(0.)),(#9817,
    PARAMETER_VALUE(3.175)),.T.,.PARAMETER.);
#9812 = LINE('',#9813,#9814);
#9813 = CARTESIAN_POINT('',(23.,270.525,120.925));
#9814 = VECTOR('',#9815,1.);
#9815 = DIRECTION('',(0.,1.,0.));
#9816 = CARTESIAN_POINT('',(23.,270.525,120.925));
#9817 = CARTESIAN_POINT('',(23.,273.7,120.925));
#9818 = GEOMETRIC_CURVE_SET('',(#9819));
#9819 = TRIMMED_CURVE('',#9820,(#9824,PARAMETER_VALUE(0.)),(#9825,
    PARAMETER_VALUE(31.75)),.T.,.PARAMETER.);
#9820 = LINE('',#9821,#9822);
#9821 = CARTESIAN_POINT('',(23.,273.7,89.175));
#9822 = VECTOR('',#9823,1.);
#9823 = DIRECTION('',(0.,0.,1.));
#9824 = CARTESIAN_POINT('',(23.,273.7,89.175));
#9825 = CARTESIAN_POINT('',(23.,273.7,120.925));
#9826 = GEOMETRIC_CURVE_SET('',(#9827));
#9827 = TRIMMED_CURVE('',#9828,(#9832,PARAMETER_VALUE(0.)),(#9833,
    PARAMETER_VALUE(3.175)),.T.,.PARAMETER.);
#9828 = LINE('',#9829,#9830);
#9829 = CARTESIAN_POINT('',(23.,270.525,89.175));
#9830 = VECTOR('',#9831,1.);
#9831 = DIRECTION('',(0.,1.,0.));
#9832 = CARTESIAN_POINT('',(23.,270.525,89.175));
#9833 = CARTESIAN_POINT('',(23.,273.7,89.175));
#9834 = GEOMETRIC_CURVE_SET('',(#9835));
#9835 = TRIMMED_CURVE('',#9836,(#9840,PARAMETER_VALUE(0.)),(#9841,
    PARAMETER_VALUE(18.)),.T.,.PARAMETER.);
#9836 = LINE('',#9837,#9838);
#9837 = CARTESIAN_POINT('',(5.,270.525,89.175));
#9838 = VECTOR('',#9839,1.);
#9839 = DIRECTION('',(1.,0.,0.));
#9840 = CARTESIAN_POINT('',(5.,270.525,89.175));
#9841 = CARTESIAN_POINT('',(23.,270.525,89.175));
#9842 = GEOMETRIC_CURVE_SET('',(#9843));
#9843 = TRIMMED_CURVE('',#9844,(#9848,PARAMETER_VALUE(0.)),(#9849,
    PARAMETER_VALUE(18.)),.T.,.PARAMETER.);
#9844 = LINE('',#9845,#9846);
#9845 = CARTESIAN_POINT('',(5.,270.525,120.925));
#9846 = VECTOR('',#9847,1.);
#9847 = DIRECTION('',(1.,0.,0.));
#9848 = CARTESIAN_POINT('',(5.,270.525,120.925));
#9849 = CARTESIAN_POINT('',(23.,270.525,120.925));
#9850 = GEOMETRIC_CURVE_SET('',(#9851));
#9851 = TRIMMED_CURVE('',#9852,(#9856,PARAMETER_VALUE(0.)),(#9857,
    PARAMETER_VALUE(18.)),.T.,.PARAMETER.);
#9852 = LINE('',#9853,#9854);
#9853 = CARTESIAN_POINT('',(5.,273.7,89.175));
#9854 = VECTOR('',#9855,1.);
#9855 = DIRECTION('',(1.,0.,0.));
#9856 = CARTESIAN_POINT('',(5.,273.7,89.175));
#9857 = CARTESIAN_POINT('',(23.,273.7,89.175));
#9858 = GEOMETRIC_CURVE_SET('',(#9859));
#9859 = TRIMMED_CURVE('',#9860,(#9864,PARAMETER_VALUE(0.)),(#9865,
    PARAMETER_VALUE(18.)),.T.,.PARAMETER.);
#9860 = LINE('',#9861,#9862);
#9861 = CARTESIAN_POINT('',(5.,273.7,120.925));
#9862 = VECTOR('',#9863,1.);
#9863 = DIRECTION('',(1.,0.,0.));
#9864 = CARTESIAN_POINT('',(5.,273.7,120.925));
#9865 = CARTESIAN_POINT('',(23.,273.7,120.925));
#9866 = GEOMETRIC_CURVE_SET('',(#9867));
#9867 = TRIMMED_CURVE('',#9868,(#9872,PARAMETER_VALUE(0.)),(#9873,
    PARAMETER_VALUE(2.)),.T.,.PARAMETER.);
#9868 = LINE('',#9869,#9870);
#9869 = CARTESIAN_POINT('',(5.,255.,89.175));
#9870 = VECTOR('',#9871,1.);
#9871 = DIRECTION('',(0.,0.,1.));
#9872 = CARTESIAN_POINT('',(5.,255.,89.175));
#9873 = CARTESIAN_POINT('',(5.,255.,91.175));
#9874 = GEOMETRIC_CURVE_SET('',(#9875));
#9875 = TRIMMED_CURVE('',#9876,(#9880,PARAMETER_VALUE(0.)),(#9881,
    PARAMETER_VALUE(12.)),.T.,.PARAMETER.);
#9876 = LINE('',#9877,#9878);
#9877 = CARTESIAN_POINT('',(5.,255.,91.175));
#9878 = VECTOR('',#9879,1.);
#9879 = DIRECTION('',(0.,1.,0.));
#9880 = CARTESIAN_POINT('',(5.,255.,91.175));
#9881 = CARTESIAN_POINT('',(5.,267.,91.175));
#9882 = GEOMETRIC_CURVE_SET('',(#9883));
#9883 = TRIMMED_CURVE('',#9884,(#9888,PARAMETER_VALUE(0.)),(#9889,
    PARAMETER_VALUE(2.)),.T.,.PARAMETER.);
#9884 = LINE('',#9885,#9886);
#9885 = CARTESIAN_POINT('',(5.,267.,89.175));
#9886 = VECTOR('',#9887,1.);
#9887 = DIRECTION('',(0.,0.,1.));
#9888 = CARTESIAN_POINT('',(5.,267.,89.175));
#9889 = CARTESIAN_POINT('',(5.,267.,91.175));
#9890 = GEOMETRIC_CURVE_SET('',(#9891));
#9891 = TRIMMED_CURVE('',#9892,(#9896,PARAMETER_VALUE(0.)),(#9897,
    PARAMETER_VALUE(12.)),.T.,.PARAMETER.);
#9892 = LINE('',#9893,#9894);
#9893 = CARTESIAN_POINT('',(5.,255.,89.175));
#9894 = VECTOR('',#9895,1.);
#9895 = DIRECTION('',(0.,1.,0.));
#9896 = CARTESIAN_POINT('',(5.,255.,89.175));
#9897 = CARTESIAN_POINT('',(5.,267.,89.175));
#9898 = GEOMETRIC_CURVE_SET('',(#9899));
#9899 = TRIMMED_CURVE('',#9900,(#9904,PARAMETER_VALUE(0.)),(#9905,
    PARAMETER_VALUE(2.)),.T.,.PARAMETER.);
#9900 = LINE('',#9901,#9902);
#9901 = CARTESIAN_POINT('',(23.,255.,89.175));
#9902 = VECTOR('',#9903,1.);
#9903 = DIRECTION('',(0.,0.,1.));
#9904 = CARTESIAN_POINT('',(23.,255.,89.175));
#9905 = CARTESIAN_POINT('',(23.,255.,91.175));
#9906 = GEOMETRIC_CURVE_SET('',(#9907));
#9907 = TRIMMED_CURVE('',#9908,(#9912,PARAMETER_VALUE(0.)),(#9913,
    PARAMETER_VALUE(12.)),.T.,.PARAMETER.);
#9908 = LINE('',#9909,#9910);
#9909 = CARTESIAN_POINT('',(23.,255.,91.175));
#9910 = VECTOR('',#9911,1.);
#9911 = DIRECTION('',(0.,1.,0.));
#9912 = CARTESIAN_POINT('',(23.,255.,91.175));
#9913 = CARTESIAN_POINT('',(23.,267.,91.175));
#9914 = GEOMETRIC_CURVE_SET('',(#9915));
#9915 = TRIMMED_CURVE('',#9916,(#9920,PARAMETER_VALUE(0.)),(#9921,
    PARAMETER_VALUE(2.)),.T.,.PARAMETER.);
#9916 = LINE('',#9917,#9918);
#9917 = CARTESIAN_POINT('',(23.,267.,89.175));
#9918 = VECTOR('',#9919,1.);
#9919 = DIRECTION('',(0.,0.,1.));
#9920 = CARTESIAN_POINT('',(23.,267.,89.175));
#9921 = CARTESIAN_POINT('',(23.,267.,91.175));
#9922 = GEOMETRIC_CURVE_SET('',(#9923));
#9923 = TRIMMED_CURVE('',#9924,(#9928,PARAMETER_VALUE(0.)),(#9929,
    PARAMETER_VALUE(12.)),.T.,.PARAMETER.);
#9924 = LINE('',#9925,#9926);
#9925 = CARTESIAN_POINT('',(23.,255.,89.175));
#9926 = VECTOR('',#9927,1.);
#9927 = DIRECTION('',(0.,1.,0.));
#9928 = CARTESIAN_POINT('',(23.,255.,89.175));
#9929 = CARTESIAN_POINT('',(23.,267.,89.175));
#9930 = GEOMETRIC_CURVE_SET('',(#9931));
#9931 = TRIMMED_CURVE('',#9932,(#9936,PARAMETER_VALUE(0.)),(#9937,
    PARAMETER_VALUE(18.)),.T.,.PARAMETER.);
#9932 = LINE('',#9933,#9934);
#9933 = CARTESIAN_POINT('',(5.,255.,89.175));
#9934 = VECTOR('',#9935,1.);
#9935 = DIRECTION('',(1.,0.,0.));
#9936 = CARTESIAN_POINT('',(5.,255.,89.175));
#9937 = CARTESIAN_POINT('',(23.,255.,89.175));
#9938 = GEOMETRIC_CURVE_SET('',(#9939));
#9939 = TRIMMED_CURVE('',#9940,(#9944,PARAMETER_VALUE(0.)),(#9945,
    PARAMETER_VALUE(18.)),.T.,.PARAMETER.);
#9940 = LINE('',#9941,#9942);
#9941 = CARTESIAN_POINT('',(5.,255.,91.175));
#9942 = VECTOR('',#9943,1.);
#9943 = DIRECTION('',(1.,0.,0.));
#9944 = CARTESIAN_POINT('',(5.,255.,91.175));
#9945 = CARTESIAN_POINT('',(23.,255.,91.175));
#9946 = GEOMETRIC_CURVE_SET('',(#9947));
#9947 = TRIMMED_CURVE('',#9948,(#9952,PARAMETER_VALUE(0.)),(#9953,
    PARAMETER_VALUE(18.)),.T.,.PARAMETER.);
#9948 = LINE('',#9949,#9950);
#9949 = CARTESIAN_POINT('',(5.,267.,89.175));
#9950 = VECTOR('',#9951,1.);
#9951 = DIRECTION('',(1.,0.,0.));
#9952 = CARTESIAN_POINT('',(5.,267.,89.175));
#9953 = CARTESIAN_POINT('',(23.,267.,89.175));
#9954 = GEOMETRIC_CURVE_SET('',(#9955));
#9955 = TRIMMED_CURVE('',#9956,(#9960,PARAMETER_VALUE(0.)),(#9961,
    PARAMETER_VALUE(18.)),.T.,.PARAMETER.);
#9956 = LINE('',#9957,#9958);
#9957 = CARTESIAN_POINT('',(5.,267.,91.175));
#9958 = VECTOR('',#9959,1.);
#9959 = DIRECTION('',(1.,0.,0.));
#9960 = CARTESIAN_POINT('',(5.,267.,91.175));
#9961 = CARTESIAN_POINT('',(23.,267.,91.175));
#9962 = GEOMETRIC_CURVE_SET('',(#9963));
#9963 = TRIMMED_CURVE('',#9964,(#9968,PARAMETER_VALUE(0.)),(#9969,
    PARAMETER_VALUE(2.)),.T.,.PARAMETER.);
#9964 = LINE('',#9965,#9966);
#9965 = CARTESIAN_POINT('',(5.,255.,118.925));
#9966 = VECTOR('',#9967,1.);
#9967 = DIRECTION('',(0.,0.,1.));
#9968 = CARTESIAN_POINT('',(5.,255.,118.925));
#9969 = CARTESIAN_POINT('',(5.,255.,120.925));
#9970 = GEOMETRIC_CURVE_SET('',(#9971));
#9971 = TRIMMED_CURVE('',#9972,(#9976,PARAMETER_VALUE(0.)),(#9977,
    PARAMETER_VALUE(12.)),.T.,.PARAMETER.);
#9972 = LINE('',#9973,#9974);
#9973 = CARTESIAN_POINT('',(5.,255.,120.925));
#9974 = VECTOR('',#9975,1.);
#9975 = DIRECTION('',(0.,1.,0.));
#9976 = CARTESIAN_POINT('',(5.,255.,120.925));
#9977 = CARTESIAN_POINT('',(5.,267.,120.925));
#9978 = GEOMETRIC_CURVE_SET('',(#9979));
#9979 = TRIMMED_CURVE('',#9980,(#9984,PARAMETER_VALUE(0.)),(#9985,
    PARAMETER_VALUE(2.)),.T.,.PARAMETER.);
#9980 = LINE('',#9981,#9982);
#9981 = CARTESIAN_POINT('',(5.,267.,118.925));
#9982 = VECTOR('',#9983,1.);
#9983 = DIRECTION('',(0.,0.,1.));
#9984 = CARTESIAN_POINT('',(5.,267.,118.925));
#9985 = CARTESIAN_POINT('',(5.,267.,120.925));
#9986 = GEOMETRIC_CURVE_SET('',(#9987));
#9987 = TRIMMED_CURVE('',#9988,(#9992,PARAMETER_VALUE(0.)),(#9993,
    PARAMETER_VALUE(12.)),.T.,.PARAMETER.);
#9988 = LINE('',#9989,#9990);
#9989 = CARTESIAN_POINT('',(5.,255.,118.925));
#9990 = VECTOR('',#9991,1.);
#9991 = DIRECTION('',(0.,1.,0.));
#9992 = CARTESIAN_POINT('',(5.,255.,118.925));
#9993 = CARTESIAN_POINT('',(5.,267.,118.925));
#9994 = GEOMETRIC_CURVE_SET('',(#9995));
#9995 = TRIMMED_CURVE('',#9996,(#10000,PARAMETER_VALUE(0.)),(#10001,
    PARAMETER_VALUE(2.)),.T.,.PARAMETER.);
#9996 = LINE('',#9997,#9998);
#9997 = CARTESIAN_POINT('',(23.,255.,118.925));
#9998 = VECTOR('',#9999,1.);
#9999 = DIRECTION('',(0.,0.,1.));
#10000 = CARTESIAN_POINT('',(23.,255.,118.925));
#10001 = CARTESIAN_POINT('',(23.,255.,120.925));
#10002 = GEOMETRIC_CURVE_SET('',(#10003));
#10003 = TRIMMED_CURVE('',#10004,(#10008,PARAMETER_VALUE(0.)),(#10009,
    PARAMETER_VALUE(12.)),.T.,.PARAMETER.);
#10004 = LINE('',#10005,#10006);
#10005 = CARTESIAN_POINT('',(23.,255.,120.925));
#10006 = VECTOR('',#10007,1.);
#10007 = DIRECTION('',(0.,1.,0.));
#10008 = CARTESIAN_POINT('',(23.,255.,120.925));
#10009 = CARTESIAN_POINT('',(23.,267.,120.925));
#10010 = GEOMETRIC_CURVE_SET('',(#10011));
#10011 = TRIMMED_CURVE('',#10012,(#10016,PARAMETER_VALUE(0.)),(#10017,
    PARAMETER_VALUE(2.)),.T.,.PARAMETER.);
#10012 = LINE('',#10013,#10014);
#10013 = CARTESIAN_POINT('',(23.,267.,118.925));
#10014 = VECTOR('',#10015,1.);
#10015 = DIRECTION('',(0.,0.,1.));
#10016 = CARTESIAN_POINT('',(23.,267.,118.925));
#10017 = CARTESIAN_POINT('',(23.,267.,120.925));
#10018 = GEOMETRIC_CURVE_SET('',(#10019));
#10019 = TRIMMED_CURVE('',#10020,(#10024,PARAMETER_VALUE(0.)),(#10025,
    PARAMETER_VALUE(12.)),.T.,.PARAMETER.);
#10020 = LINE('',#10021,#10022);
#10021 = CARTESIAN_POINT('',(23.,255.,118.925));
#10022 = VECTOR('',#10023,1.);
#10023 = DIRECTION('',(0.,1.,0.));
#10024 = CARTESIAN_POINT('',(23.,255.,118.925));
#10025 = CARTESIAN_POINT('',(23.,267.,118.925));
#10026 = GEOMETRIC_CURVE_SET('',(#10027));
#10027 = TRIMMED_CURVE('',#10028,(#10032,PARAMETER_VALUE(0.)),(#10033,
    PARAMETER_VALUE(18.)),.T.,.PARAMETER.);
#10028 = LINE('',#10029,#10030);
#10029 = CARTESIAN_POINT('',(5.,255.,118.925));
#10030 = VECTOR('',#10031,1.);
#10031 = DIRECTION('',(1.,0.,0.));
#10032 = CARTESIAN_POINT('',(5.,255.,118.925));
#10033 = CARTESIAN_POINT('',(23.,255.,118.925));
#10034 = GEOMETRIC_CURVE_SET('',(#10035));
#10035 = TRIMMED_CURVE('',#10036,(#10040,PARAMETER_VALUE(0.)),(#10041,
    PARAMETER_VALUE(18.)),.T.,.PARAMETER.);
#10036 = LINE('',#10037,#10038);
#10037 = CARTESIAN_POINT('',(5.,255.,120.925));
#10038 = VECTOR('',#10039,1.);
#10039 = DIRECTION('',(1.,0.,0.));
#10040 = CARTESIAN_POINT('',(5.,255.,120.925));
#10041 = CARTESIAN_POINT('',(23.,255.,120.925));
#10042 = GEOMETRIC_CURVE_SET('',(#10043));
#10043 = TRIMMED_CURVE('',#10044,(#10048,PARAMETER_VALUE(0.)),(#10049,
    PARAMETER_VALUE(18.)),.T.,.PARAMETER.);
#10044 = LINE('',#10045,#10046);
#10045 = CARTESIAN_POINT('',(5.,267.,118.925));
#10046 = VECTOR('',#10047,1.);
#10047 = DIRECTION('',(1.,0.,0.));
#10048 = CARTESIAN_POINT('',(5.,267.,118.925));
#10049 = CARTESIAN_POINT('',(23.,267.,118.925));
#10050 = GEOMETRIC_CURVE_SET('',(#10051));
#10051 = TRIMMED_CURVE('',#10052,(#10056,PARAMETER_VALUE(0.)),(#10057,
    PARAMETER_VALUE(18.)),.T.,.PARAMETER.);
#10052 = LINE('',#10053,#10054);
#10053 = CARTESIAN_POINT('',(5.,267.,120.925));
#10054 = VECTOR('',#10055,1.);
#10055 = DIRECTION('',(1.,0.,0.));
#10056 = CARTESIAN_POINT('',(5.,267.,120.925));
#10057 = CARTESIAN_POINT('',(23.,267.,120.925));
#10058 = GEOMETRIC_CURVE_SET('',(#10059));
#10059 = TRIMMED_CURVE('',#10060,(#10064,PARAMETER_VALUE(0.)),(#10065,
    PARAMETER_VALUE(2.)),.T.,.PARAMETER.);
#10060 = LINE('',#10061,#10062);
#10061 = CARTESIAN_POINT('',(8.,252.,91.675));
#10062 = VECTOR('',#10063,1.);
#10063 = DIRECTION('',(0.,0.,1.));
#10064 = CARTESIAN_POINT('',(8.,252.,91.675));
#10065 = CARTESIAN_POINT('',(8.,252.,93.675));
#10066 = GEOMETRIC_CURVE_SET('',(#10067));
#10067 = TRIMMED_CURVE('',#10068,(#10072,PARAMETER_VALUE(0.)),(#10073,
    PARAMETER_VALUE(18.)),.T.,.PARAMETER.);
#10068 = LINE('',#10069,#10070);
#10069 = CARTESIAN_POINT('',(8.,252.,93.675));
#10070 = VECTOR('',#10071,1.);
#10071 = DIRECTION('',(0.,1.,0.));
#10072 = CARTESIAN_POINT('',(8.,252.,93.675));
#10073 = CARTESIAN_POINT('',(8.,270.,93.675));
#10074 = GEOMETRIC_CURVE_SET('',(#10075));
#10075 = TRIMMED_CURVE('',#10076,(#10080,PARAMETER_VALUE(0.)),(#10081,
    PARAMETER_VALUE(2.)),.T.,.PARAMETER.);
#10076 = LINE('',#10077,#10078);
#10077 = CARTESIAN_POINT('',(8.,270.,91.675));
#10078 = VECTOR('',#10079,1.);
#10079 = DIRECTION('',(0.,0.,1.));
#10080 = CARTESIAN_POINT('',(8.,270.,91.675));
#10081 = CARTESIAN_POINT('',(8.,270.,93.675));
#10082 = GEOMETRIC_CURVE_SET('',(#10083));
#10083 = TRIMMED_CURVE('',#10084,(#10088,PARAMETER_VALUE(0.)),(#10089,
    PARAMETER_VALUE(18.)),.T.,.PARAMETER.);
#10084 = LINE('',#10085,#10086);
#10085 = CARTESIAN_POINT('',(8.,252.,91.675));
#10086 = VECTOR('',#10087,1.);
#10087 = DIRECTION('',(0.,1.,0.));
#10088 = CARTESIAN_POINT('',(8.,252.,91.675));
#10089 = CARTESIAN_POINT('',(8.,270.,91.675));
#10090 = GEOMETRIC_CURVE_SET('',(#10091));
#10091 = TRIMMED_CURVE('',#10092,(#10096,PARAMETER_VALUE(0.)),(#10097,
    PARAMETER_VALUE(2.)),.T.,.PARAMETER.);
#10092 = LINE('',#10093,#10094);
#10093 = CARTESIAN_POINT('',(28.,252.,91.675));
#10094 = VECTOR('',#10095,1.);
#10095 = DIRECTION('',(0.,0.,1.));
#10096 = CARTESIAN_POINT('',(28.,252.,91.675));
#10097 = CARTESIAN_POINT('',(28.,252.,93.675));
#10098 = GEOMETRIC_CURVE_SET('',(#10099));
#10099 = TRIMMED_CURVE('',#10100,(#10104,PARAMETER_VALUE(0.)),(#10105,
    PARAMETER_VALUE(18.)),.T.,.PARAMETER.);
#10100 = LINE('',#10101,#10102);
#10101 = CARTESIAN_POINT('',(28.,252.,93.675));
#10102 = VECTOR('',#10103,1.);
#10103 = DIRECTION('',(0.,1.,0.));
#10104 = CARTESIAN_POINT('',(28.,252.,93.675));
#10105 = CARTESIAN_POINT('',(28.,270.,93.675));
#10106 = GEOMETRIC_CURVE_SET('',(#10107));
#10107 = TRIMMED_CURVE('',#10108,(#10112,PARAMETER_VALUE(0.)),(#10113,
    PARAMETER_VALUE(2.)),.T.,.PARAMETER.);
#10108 = LINE('',#10109,#10110);
#10109 = CARTESIAN_POINT('',(28.,270.,91.675));
#10110 = VECTOR('',#10111,1.);
#10111 = DIRECTION('',(0.,0.,1.));
#10112 = CARTESIAN_POINT('',(28.,270.,91.675));
#10113 = CARTESIAN_POINT('',(28.,270.,93.675));
#10114 = GEOMETRIC_CURVE_SET('',(#10115));
#10115 = TRIMMED_CURVE('',#10116,(#10120,PARAMETER_VALUE(0.)),(#10121,
    PARAMETER_VALUE(18.)),.T.,.PARAMETER.);
#10116 = LINE('',#10117,#10118);
#10117 = CARTESIAN_POINT('',(28.,252.,91.675));
#10118 = VECTOR('',#10119,1.);
#10119 = DIRECTION('',(0.,1.,0.));
#10120 = CARTESIAN_POINT('',(28.,252.,91.675));
#10121 = CARTESIAN_POINT('',(28.,270.,91.675));
#10122 = GEOMETRIC_CURVE_SET('',(#10123));
#10123 = TRIMMED_CURVE('',#10124,(#10128,PARAMETER_VALUE(0.)),(#10129,
    PARAMETER_VALUE(20.)),.T.,.PARAMETER.);
#10124 = LINE('',#10125,#10126);
#10125 = CARTESIAN_POINT('',(8.,252.,91.675));
#10126 = VECTOR('',#10127,1.);
#10127 = DIRECTION('',(1.,0.,0.));
#10128 = CARTESIAN_POINT('',(8.,252.,91.675));
#10129 = CARTESIAN_POINT('',(28.,252.,91.675));
#10130 = GEOMETRIC_CURVE_SET('',(#10131));
#10131 = TRIMMED_CURVE('',#10132,(#10136,PARAMETER_VALUE(0.)),(#10137,
    PARAMETER_VALUE(20.)),.T.,.PARAMETER.);
#10132 = LINE('',#10133,#10134);
#10133 = CARTESIAN_POINT('',(8.,252.,93.675));
#10134 = VECTOR('',#10135,1.);
#10135 = DIRECTION('',(1.,0.,0.));
#10136 = CARTESIAN_POINT('',(8.,252.,93.675));
#10137 = CARTESIAN_POINT('',(28.,252.,93.675));
#10138 = GEOMETRIC_CURVE_SET('',(#10139));
#10139 = TRIMMED_CURVE('',#10140,(#10144,PARAMETER_VALUE(0.)),(#10145,
    PARAMETER_VALUE(20.)),.T.,.PARAMETER.);
#10140 = LINE('',#10141,#10142);
#10141 = CARTESIAN_POINT('',(8.,270.,91.675));
#10142 = VECTOR('',#10143,1.);
#10143 = DIRECTION('',(1.,0.,0.));
#10144 = CARTESIAN_POINT('',(8.,270.,91.675));
#10145 = CARTESIAN_POINT('',(28.,270.,91.675));
#10146 = GEOMETRIC_CURVE_SET('',(#10147));
#10147 = TRIMMED_CURVE('',#10148,(#10152,PARAMETER_VALUE(0.)),(#10153,
    PARAMETER_VALUE(20.)),.T.,.PARAMETER.);
#10148 = LINE('',#10149,#10150);
#10149 = CARTESIAN_POINT('',(8.,270.,93.675));
#10150 = VECTOR('',#10151,1.);
#10151 = DIRECTION('',(1.,0.,0.));
#10152 = CARTESIAN_POINT('',(8.,270.,93.675));
#10153 = CARTESIAN_POINT('',(28.,270.,93.675));
#10154 = GEOMETRIC_CURVE_SET('',(#10155));
#10155 = TRIMMED_CURVE('',#10156,(#10160,PARAMETER_VALUE(0.)),(#10161,
    PARAMETER_VALUE(2.)),.T.,.PARAMETER.);
#10156 = LINE('',#10157,#10158);
#10157 = CARTESIAN_POINT('',(8.,252.,116.425));
#10158 = VECTOR('',#10159,1.);
#10159 = DIRECTION('',(0.,0.,1.));
#10160 = CARTESIAN_POINT('',(8.,252.,116.425));
#10161 = CARTESIAN_POINT('',(8.,252.,118.425));
#10162 = GEOMETRIC_CURVE_SET('',(#10163));
#10163 = TRIMMED_CURVE('',#10164,(#10168,PARAMETER_VALUE(0.)),(#10169,
    PARAMETER_VALUE(18.)),.T.,.PARAMETER.);
#10164 = LINE('',#10165,#10166);
#10165 = CARTESIAN_POINT('',(8.,252.,118.425));
#10166 = VECTOR('',#10167,1.);
#10167 = DIRECTION('',(0.,1.,0.));
#10168 = CARTESIAN_POINT('',(8.,252.,118.425));
#10169 = CARTESIAN_POINT('',(8.,270.,118.425));
#10170 = GEOMETRIC_CURVE_SET('',(#10171));
#10171 = TRIMMED_CURVE('',#10172,(#10176,PARAMETER_VALUE(0.)),(#10177,
    PARAMETER_VALUE(2.)),.T.,.PARAMETER.);
#10172 = LINE('',#10173,#10174);
#10173 = CARTESIAN_POINT('',(8.,270.,116.425));
#10174 = VECTOR('',#10175,1.);
#10175 = DIRECTION('',(0.,0.,1.));
#10176 = CARTESIAN_POINT('',(8.,270.,116.425));
#10177 = CARTESIAN_POINT('',(8.,270.,118.425));
#10178 = GEOMETRIC_CURVE_SET('',(#10179));
#10179 = TRIMMED_CURVE('',#10180,(#10184,PARAMETER_VALUE(0.)),(#10185,
    PARAMETER_VALUE(18.)),.T.,.PARAMETER.);
#10180 = LINE('',#10181,#10182);
#10181 = CARTESIAN_POINT('',(8.,252.,116.425));
#10182 = VECTOR('',#10183,1.);
#10183 = DIRECTION('',(0.,1.,0.));
#10184 = CARTESIAN_POINT('',(8.,252.,116.425));
#10185 = CARTESIAN_POINT('',(8.,270.,116.425));
#10186 = GEOMETRIC_CURVE_SET('',(#10187));
#10187 = TRIMMED_CURVE('',#10188,(#10192,PARAMETER_VALUE(0.)),(#10193,
    PARAMETER_VALUE(2.)),.T.,.PARAMETER.);
#10188 = LINE('',#10189,#10190);
#10189 = CARTESIAN_POINT('',(28.,252.,116.425));
#10190 = VECTOR('',#10191,1.);
#10191 = DIRECTION('',(0.,0.,1.));
#10192 = CARTESIAN_POINT('',(28.,252.,116.425));
#10193 = CARTESIAN_POINT('',(28.,252.,118.425));
#10194 = GEOMETRIC_CURVE_SET('',(#10195));
#10195 = TRIMMED_CURVE('',#10196,(#10200,PARAMETER_VALUE(0.)),(#10201,
    PARAMETER_VALUE(18.)),.T.,.PARAMETER.);
#10196 = LINE('',#10197,#10198);
#10197 = CARTESIAN_POINT('',(28.,252.,118.425));
#10198 = VECTOR('',#10199,1.);
#10199 = DIRECTION('',(0.,1.,0.));
#10200 = CARTESIAN_POINT('',(28.,252.,118.425));
#10201 = CARTESIAN_POINT('',(28.,270.,118.425));
#10202 = GEOMETRIC_CURVE_SET('',(#10203));
#10203 = TRIMMED_CURVE('',#10204,(#10208,PARAMETER_VALUE(0.)),(#10209,
    PARAMETER_VALUE(2.)),.T.,.PARAMETER.);
#10204 = LINE('',#10205,#10206);
#10205 = CARTESIAN_POINT('',(28.,270.,116.425));
#10206 = VECTOR('',#10207,1.);
#10207 = DIRECTION('',(0.,0.,1.));
#10208 = CARTESIAN_POINT('',(28.,270.,116.425));
#10209 = CARTESIAN_POINT('',(28.,270.,118.425));
#10210 = GEOMETRIC_CURVE_SET('',(#10211));
#10211 = TRIMMED_CURVE('',#10212,(#10216,PARAMETER_VALUE(0.)),(#10217,
    PARAMETER_VALUE(18.)),.T.,.PARAMETER.);
#10212 = LINE('',#10213,#10214);
#10213 = CARTESIAN_POINT('',(28.,252.,116.425));
#10214 = VECTOR('',#10215,1.);
#10215 = DIRECTION('',(0.,1.,0.));
#10216 = CARTESIAN_POINT('',(28.,252.,116.425));
#10217 = CARTESIAN_POINT('',(28.,270.,116.425));
#10218 = GEOMETRIC_CURVE_SET('',(#10219));
#10219 = TRIMMED_CURVE('',#10220,(#10224,PARAMETER_VALUE(0.)),(#10225,
    PARAMETER_VALUE(20.)),.T.,.PARAMETER.);
#10220 = LINE('',#10221,#10222);
#10221 = CARTESIAN_POINT('',(8.,252.,116.425));
#10222 = VECTOR('',#10223,1.);
#10223 = DIRECTION('',(1.,0.,0.));
#10224 = CARTESIAN_POINT('',(8.,252.,116.425));
#10225 = CARTESIAN_POINT('',(28.,252.,116.425));
#10226 = GEOMETRIC_CURVE_SET('',(#10227));
#10227 = TRIMMED_CURVE('',#10228,(#10232,PARAMETER_VALUE(0.)),(#10233,
    PARAMETER_VALUE(20.)),.T.,.PARAMETER.);
#10228 = LINE('',#10229,#10230);
#10229 = CARTESIAN_POINT('',(8.,252.,118.425));
#10230 = VECTOR('',#10231,1.);
#10231 = DIRECTION('',(1.,0.,0.));
#10232 = CARTESIAN_POINT('',(8.,252.,118.425));
#10233 = CARTESIAN_POINT('',(28.,252.,118.425));
#10234 = GEOMETRIC_CURVE_SET('',(#10235));
#10235 = TRIMMED_CURVE('',#10236,(#10240,PARAMETER_VALUE(0.)),(#10241,
    PARAMETER_VALUE(20.)),.T.,.PARAMETER.);
#10236 = LINE('',#10237,#10238);
#10237 = CARTESIAN_POINT('',(8.,270.,116.425));
#10238 = VECTOR('',#10239,1.);
#10239 = DIRECTION('',(1.,0.,0.));
#10240 = CARTESIAN_POINT('',(8.,270.,116.425));
#10241 = CARTESIAN_POINT('',(28.,270.,116.425));
#10242 = GEOMETRIC_CURVE_SET('',(#10243));
#10243 = TRIMMED_CURVE('',#10244,(#10248,PARAMETER_VALUE(0.)),(#10249,
    PARAMETER_VALUE(20.)),.T.,.PARAMETER.);
#10244 = LINE('',#10245,#10246);
#10245 = CARTESIAN_POINT('',(8.,270.,118.425));
#10246 = VECTOR('',#10247,1.);
#10247 = DIRECTION('',(1.,0.,0.));
#10248 = CARTESIAN_POINT('',(8.,270.,118.425));
#10249 = CARTESIAN_POINT('',(28.,270.,118.425));
#10250 = GEOMETRIC_CURVE_SET('',(#10251));
#10251 = TRIMMED_CURVE('',#10252,(#10256,PARAMETER_VALUE(0.)),(#10257,
    PARAMETER_VALUE(3.175)),.T.,.PARAMETER.);
#10252 = LINE('',#10253,#10254);
#10253 = CARTESIAN_POINT('',(252.,248.3,86.));
#10254 = VECTOR('',#10255,1.);
#10255 = DIRECTION('',(0.,0.,1.));
#10256 = CARTESIAN_POINT('',(252.,248.3,86.));
#10257 = CARTESIAN_POINT('',(252.,248.3,89.175));
#10258 = GEOMETRIC_CURVE_SET('',(#10259));
#10259 = TRIMMED_CURVE('',#10260,(#10264,PARAMETER_VALUE(0.)),(#10265,
    PARAMETER_VALUE(25.4)),.T.,.PARAMETER.);
#10260 = LINE('',#10261,#10262);
#10261 = CARTESIAN_POINT('',(252.,248.3,89.175));
#10262 = VECTOR('',#10263,1.);
#10263 = DIRECTION('',(0.,1.,0.));
#10264 = CARTESIAN_POINT('',(252.,248.3,89.175));
#10265 = CARTESIAN_POINT('',(252.,273.7,89.175));
#10266 = GEOMETRIC_CURVE_SET('',(#10267));
#10267 = TRIMMED_CURVE('',#10268,(#10272,PARAMETER_VALUE(0.)),(#10273,
    PARAMETER_VALUE(3.175)),.T.,.PARAMETER.);
#10268 = LINE('',#10269,#10270);
#10269 = CARTESIAN_POINT('',(252.,273.7,86.));
#10270 = VECTOR('',#10271,1.);
#10271 = DIRECTION('',(0.,0.,1.));
#10272 = CARTESIAN_POINT('',(252.,273.7,86.));
#10273 = CARTESIAN_POINT('',(252.,273.7,89.175));
#10274 = GEOMETRIC_CURVE_SET('',(#10275));
#10275 = TRIMMED_CURVE('',#10276,(#10280,PARAMETER_VALUE(0.)),(#10281,
    PARAMETER_VALUE(25.4)),.T.,.PARAMETER.);
#10276 = LINE('',#10277,#10278);
#10277 = CARTESIAN_POINT('',(252.,248.3,86.));
#10278 = VECTOR('',#10279,1.);
#10279 = DIRECTION('',(0.,1.,0.));
#10280 = CARTESIAN_POINT('',(252.,248.3,86.));
#10281 = CARTESIAN_POINT('',(252.,273.7,86.));
#10282 = GEOMETRIC_CURVE_SET('',(#10283));
#10283 = TRIMMED_CURVE('',#10284,(#10288,PARAMETER_VALUE(0.)),(#10289,
    PARAMETER_VALUE(3.175)),.T.,.PARAMETER.);
#10284 = LINE('',#10285,#10286);
#10285 = CARTESIAN_POINT('',(270.,248.3,86.));
#10286 = VECTOR('',#10287,1.);
#10287 = DIRECTION('',(0.,0.,1.));
#10288 = CARTESIAN_POINT('',(270.,248.3,86.));
#10289 = CARTESIAN_POINT('',(270.,248.3,89.175));
#10290 = GEOMETRIC_CURVE_SET('',(#10291));
#10291 = TRIMMED_CURVE('',#10292,(#10296,PARAMETER_VALUE(0.)),(#10297,
    PARAMETER_VALUE(25.4)),.T.,.PARAMETER.);
#10292 = LINE('',#10293,#10294);
#10293 = CARTESIAN_POINT('',(270.,248.3,89.175));
#10294 = VECTOR('',#10295,1.);
#10295 = DIRECTION('',(0.,1.,0.));
#10296 = CARTESIAN_POINT('',(270.,248.3,89.175));
#10297 = CARTESIAN_POINT('',(270.,273.7,89.175));
#10298 = GEOMETRIC_CURVE_SET('',(#10299));
#10299 = TRIMMED_CURVE('',#10300,(#10304,PARAMETER_VALUE(0.)),(#10305,
    PARAMETER_VALUE(3.175)),.T.,.PARAMETER.);
#10300 = LINE('',#10301,#10302);
#10301 = CARTESIAN_POINT('',(270.,273.7,86.));
#10302 = VECTOR('',#10303,1.);
#10303 = DIRECTION('',(0.,0.,1.));
#10304 = CARTESIAN_POINT('',(270.,273.7,86.));
#10305 = CARTESIAN_POINT('',(270.,273.7,89.175));
#10306 = GEOMETRIC_CURVE_SET('',(#10307));
#10307 = TRIMMED_CURVE('',#10308,(#10312,PARAMETER_VALUE(0.)),(#10313,
    PARAMETER_VALUE(25.4)),.T.,.PARAMETER.);
#10308 = LINE('',#10309,#10310);
#10309 = CARTESIAN_POINT('',(270.,248.3,86.));
#10310 = VECTOR('',#10311,1.);
#10311 = DIRECTION('',(0.,1.,0.));
#10312 = CARTESIAN_POINT('',(270.,248.3,86.));
#10313 = CARTESIAN_POINT('',(270.,273.7,86.));
#10314 = GEOMETRIC_CURVE_SET('',(#10315));
#10315 = TRIMMED_CURVE('',#10316,(#10320,PARAMETER_VALUE(0.)),(#10321,
    PARAMETER_VALUE(18.)),.T.,.PARAMETER.);
#10316 = LINE('',#10317,#10318);
#10317 = CARTESIAN_POINT('',(252.,248.3,86.));
#10318 = VECTOR('',#10319,1.);
#10319 = DIRECTION('',(1.,0.,0.));
#10320 = CARTESIAN_POINT('',(252.,248.3,86.));
#10321 = CARTESIAN_POINT('',(270.,248.3,86.));
#10322 = GEOMETRIC_CURVE_SET('',(#10323));
#10323 = TRIMMED_CURVE('',#10324,(#10328,PARAMETER_VALUE(0.)),(#10329,
    PARAMETER_VALUE(18.)),.T.,.PARAMETER.);
#10324 = LINE('',#10325,#10326);
#10325 = CARTESIAN_POINT('',(252.,248.3,89.175));
#10326 = VECTOR('',#10327,1.);
#10327 = DIRECTION('',(1.,0.,0.));
#10328 = CARTESIAN_POINT('',(252.,248.3,89.175));
#10329 = CARTESIAN_POINT('',(270.,248.3,89.175));
#10330 = GEOMETRIC_CURVE_SET('',(#10331));
#10331 = TRIMMED_CURVE('',#10332,(#10336,PARAMETER_VALUE(0.)),(#10337,
    PARAMETER_VALUE(18.)),.T.,.PARAMETER.);
#10332 = LINE('',#10333,#10334);
#10333 = CARTESIAN_POINT('',(252.,273.7,86.));
#10334 = VECTOR('',#10335,1.);
#10335 = DIRECTION('',(1.,0.,0.));
#10336 = CARTESIAN_POINT('',(252.,273.7,86.));
#10337 = CARTESIAN_POINT('',(270.,273.7,86.));
#10338 = GEOMETRIC_CURVE_SET('',(#10339));
#10339 = TRIMMED_CURVE('',#10340,(#10344,PARAMETER_VALUE(0.)),(#10345,
    PARAMETER_VALUE(18.)),.T.,.PARAMETER.);
#10340 = LINE('',#10341,#10342);
#10341 = CARTESIAN_POINT('',(252.,273.7,89.175));
#10342 = VECTOR('',#10343,1.);
#10343 = DIRECTION('',(1.,0.,0.));
#10344 = CARTESIAN_POINT('',(252.,273.7,89.175));
#10345 = CARTESIAN_POINT('',(270.,273.7,89.175));
#10346 = GEOMETRIC_CURVE_SET('',(#10347));
#10347 = TRIMMED_CURVE('',#10348,(#10352,PARAMETER_VALUE(0.)),(#10353,
    PARAMETER_VALUE(3.175)),.T.,.PARAMETER.);
#10348 = LINE('',#10349,#10350);
#10349 = CARTESIAN_POINT('',(252.,248.3,120.925));
#10350 = VECTOR('',#10351,1.);
#10351 = DIRECTION('',(0.,0.,1.));
#10352 = CARTESIAN_POINT('',(252.,248.3,120.925));
#10353 = CARTESIAN_POINT('',(252.,248.3,124.1));
#10354 = GEOMETRIC_CURVE_SET('',(#10355));
#10355 = TRIMMED_CURVE('',#10356,(#10360,PARAMETER_VALUE(0.)),(#10361,
    PARAMETER_VALUE(25.4)),.T.,.PARAMETER.);
#10356 = LINE('',#10357,#10358);
#10357 = CARTESIAN_POINT('',(252.,248.3,124.1));
#10358 = VECTOR('',#10359,1.);
#10359 = DIRECTION('',(0.,1.,0.));
#10360 = CARTESIAN_POINT('',(252.,248.3,124.1));
#10361 = CARTESIAN_POINT('',(252.,273.7,124.1));
#10362 = GEOMETRIC_CURVE_SET('',(#10363));
#10363 = TRIMMED_CURVE('',#10364,(#10368,PARAMETER_VALUE(0.)),(#10369,
    PARAMETER_VALUE(3.175)),.T.,.PARAMETER.);
#10364 = LINE('',#10365,#10366);
#10365 = CARTESIAN_POINT('',(252.,273.7,120.925));
#10366 = VECTOR('',#10367,1.);
#10367 = DIRECTION('',(0.,0.,1.));
#10368 = CARTESIAN_POINT('',(252.,273.7,120.925));
#10369 = CARTESIAN_POINT('',(252.,273.7,124.1));
#10370 = GEOMETRIC_CURVE_SET('',(#10371));
#10371 = TRIMMED_CURVE('',#10372,(#10376,PARAMETER_VALUE(0.)),(#10377,
    PARAMETER_VALUE(25.4)),.T.,.PARAMETER.);
#10372 = LINE('',#10373,#10374);
#10373 = CARTESIAN_POINT('',(252.,248.3,120.925));
#10374 = VECTOR('',#10375,1.);
#10375 = DIRECTION('',(0.,1.,0.));
#10376 = CARTESIAN_POINT('',(252.,248.3,120.925));
#10377 = CARTESIAN_POINT('',(252.,273.7,120.925));
#10378 = GEOMETRIC_CURVE_SET('',(#10379));
#10379 = TRIMMED_CURVE('',#10380,(#10384,PARAMETER_VALUE(0.)),(#10385,
    PARAMETER_VALUE(3.175)),.T.,.PARAMETER.);
#10380 = LINE('',#10381,#10382);
#10381 = CARTESIAN_POINT('',(270.,248.3,120.925));
#10382 = VECTOR('',#10383,1.);
#10383 = DIRECTION('',(0.,0.,1.));
#10384 = CARTESIAN_POINT('',(270.,248.3,120.925));
#10385 = CARTESIAN_POINT('',(270.,248.3,124.1));
#10386 = GEOMETRIC_CURVE_SET('',(#10387));
#10387 = TRIMMED_CURVE('',#10388,(#10392,PARAMETER_VALUE(0.)),(#10393,
    PARAMETER_VALUE(25.4)),.T.,.PARAMETER.);
#10388 = LINE('',#10389,#10390);
#10389 = CARTESIAN_POINT('',(270.,248.3,124.1));
#10390 = VECTOR('',#10391,1.);
#10391 = DIRECTION('',(0.,1.,0.));
#10392 = CARTESIAN_POINT('',(270.,248.3,124.1));
#10393 = CARTESIAN_POINT('',(270.,273.7,124.1));
#10394 = GEOMETRIC_CURVE_SET('',(#10395));
#10395 = TRIMMED_CURVE('',#10396,(#10400,PARAMETER_VALUE(0.)),(#10401,
    PARAMETER_VALUE(3.175)),.T.,.PARAMETER.);
#10396 = LINE('',#10397,#10398);
#10397 = CARTESIAN_POINT('',(270.,273.7,120.925));
#10398 = VECTOR('',#10399,1.);
#10399 = DIRECTION('',(0.,0.,1.));
#10400 = CARTESIAN_POINT('',(270.,273.7,120.925));
#10401 = CARTESIAN_POINT('',(270.,273.7,124.1));
#10402 = GEOMETRIC_CURVE_SET('',(#10403));
#10403 = TRIMMED_CURVE('',#10404,(#10408,PARAMETER_VALUE(0.)),(#10409,
    PARAMETER_VALUE(25.4)),.T.,.PARAMETER.);
#10404 = LINE('',#10405,#10406);
#10405 = CARTESIAN_POINT('',(270.,248.3,120.925));
#10406 = VECTOR('',#10407,1.);
#10407 = DIRECTION('',(0.,1.,0.));
#10408 = CARTESIAN_POINT('',(270.,248.3,120.925));
#10409 = CARTESIAN_POINT('',(270.,273.7,120.925));
#10410 = GEOMETRIC_CURVE_SET('',(#10411));
#10411 = TRIMMED_CURVE('',#10412,(#10416,PARAMETER_VALUE(0.)),(#10417,
    PARAMETER_VALUE(18.)),.T.,.PARAMETER.);
#10412 = LINE('',#10413,#10414);
#10413 = CARTESIAN_POINT('',(252.,248.3,120.925));
#10414 = VECTOR('',#10415,1.);
#10415 = DIRECTION('',(1.,0.,0.));
#10416 = CARTESIAN_POINT('',(252.,248.3,120.925));
#10417 = CARTESIAN_POINT('',(270.,248.3,120.925));
#10418 = GEOMETRIC_CURVE_SET('',(#10419));
#10419 = TRIMMED_CURVE('',#10420,(#10424,PARAMETER_VALUE(0.)),(#10425,
    PARAMETER_VALUE(18.)),.T.,.PARAMETER.);
#10420 = LINE('',#10421,#10422);
#10421 = CARTESIAN_POINT('',(252.,248.3,124.1));
#10422 = VECTOR('',#10423,1.);
#10423 = DIRECTION('',(1.,0.,0.));
#10424 = CARTESIAN_POINT('',(252.,248.3,124.1));
#10425 = CARTESIAN_POINT('',(270.,248.3,124.1));
#10426 = GEOMETRIC_CURVE_SET('',(#10427));
#10427 = TRIMMED_CURVE('',#10428,(#10432,PARAMETER_VALUE(0.)),(#10433,
    PARAMETER_VALUE(18.)),.T.,.PARAMETER.);
#10428 = LINE('',#10429,#10430);
#10429 = CARTESIAN_POINT('',(252.,273.7,120.925));
#10430 = VECTOR('',#10431,1.);
#10431 = DIRECTION('',(1.,0.,0.));
#10432 = CARTESIAN_POINT('',(252.,273.7,120.925));
#10433 = CARTESIAN_POINT('',(270.,273.7,120.925));
#10434 = GEOMETRIC_CURVE_SET('',(#10435));
#10435 = TRIMMED_CURVE('',#10436,(#10440,PARAMETER_VALUE(0.)),(#10441,
    PARAMETER_VALUE(18.)),.T.,.PARAMETER.);
#10436 = LINE('',#10437,#10438);
#10437 = CARTESIAN_POINT('',(252.,273.7,124.1));
#10438 = VECTOR('',#10439,1.);
#10439 = DIRECTION('',(1.,0.,0.));
#10440 = CARTESIAN_POINT('',(252.,273.7,124.1));
#10441 = CARTESIAN_POINT('',(270.,273.7,124.1));
#10442 = GEOMETRIC_CURVE_SET('',(#10443));
#10443 = TRIMMED_CURVE('',#10444,(#10448,PARAMETER_VALUE(0.)),(#10449,
    PARAMETER_VALUE(31.75)),.T.,.PARAMETER.);
#10444 = LINE('',#10445,#10446);
#10445 = CARTESIAN_POINT('',(252.,248.3,89.175));
#10446 = VECTOR('',#10447,1.);
#10447 = DIRECTION('',(0.,0.,1.));
#10448 = CARTESIAN_POINT('',(252.,248.3,89.175));
#10449 = CARTESIAN_POINT('',(252.,248.3,120.925));
#10450 = GEOMETRIC_CURVE_SET('',(#10451));
#10451 = TRIMMED_CURVE('',#10452,(#10456,PARAMETER_VALUE(0.)),(#10457,
    PARAMETER_VALUE(3.175)),.T.,.PARAMETER.);
#10452 = LINE('',#10453,#10454);
#10453 = CARTESIAN_POINT('',(252.,248.3,120.925));
#10454 = VECTOR('',#10455,1.);
#10455 = DIRECTION('',(0.,1.,0.));
#10456 = CARTESIAN_POINT('',(252.,248.3,120.925));
#10457 = CARTESIAN_POINT('',(252.,251.475,120.925));
#10458 = GEOMETRIC_CURVE_SET('',(#10459));
#10459 = TRIMMED_CURVE('',#10460,(#10464,PARAMETER_VALUE(0.)),(#10465,
    PARAMETER_VALUE(31.75)),.T.,.PARAMETER.);
#10460 = LINE('',#10461,#10462);
#10461 = CARTESIAN_POINT('',(252.,251.475,89.175));
#10462 = VECTOR('',#10463,1.);
#10463 = DIRECTION('',(0.,0.,1.));
#10464 = CARTESIAN_POINT('',(252.,251.475,89.175));
#10465 = CARTESIAN_POINT('',(252.,251.475,120.925));
#10466 = GEOMETRIC_CURVE_SET('',(#10467));
#10467 = TRIMMED_CURVE('',#10468,(#10472,PARAMETER_VALUE(0.)),(#10473,
    PARAMETER_VALUE(3.175)),.T.,.PARAMETER.);
#10468 = LINE('',#10469,#10470);
#10469 = CARTESIAN_POINT('',(252.,248.3,89.175));
#10470 = VECTOR('',#10471,1.);
#10471 = DIRECTION('',(0.,1.,0.));
#10472 = CARTESIAN_POINT('',(252.,248.3,89.175));
#10473 = CARTESIAN_POINT('',(252.,251.475,89.175));
#10474 = GEOMETRIC_CURVE_SET('',(#10475));
#10475 = TRIMMED_CURVE('',#10476,(#10480,PARAMETER_VALUE(0.)),(#10481,
    PARAMETER_VALUE(31.75)),.T.,.PARAMETER.);
#10476 = LINE('',#10477,#10478);
#10477 = CARTESIAN_POINT('',(270.,248.3,89.175));
#10478 = VECTOR('',#10479,1.);
#10479 = DIRECTION('',(0.,0.,1.));
#10480 = CARTESIAN_POINT('',(270.,248.3,89.175));
#10481 = CARTESIAN_POINT('',(270.,248.3,120.925));
#10482 = GEOMETRIC_CURVE_SET('',(#10483));
#10483 = TRIMMED_CURVE('',#10484,(#10488,PARAMETER_VALUE(0.)),(#10489,
    PARAMETER_VALUE(3.175)),.T.,.PARAMETER.);
#10484 = LINE('',#10485,#10486);
#10485 = CARTESIAN_POINT('',(270.,248.3,120.925));
#10486 = VECTOR('',#10487,1.);
#10487 = DIRECTION('',(0.,1.,0.));
#10488 = CARTESIAN_POINT('',(270.,248.3,120.925));
#10489 = CARTESIAN_POINT('',(270.,251.475,120.925));
#10490 = GEOMETRIC_CURVE_SET('',(#10491));
#10491 = TRIMMED_CURVE('',#10492,(#10496,PARAMETER_VALUE(0.)),(#10497,
    PARAMETER_VALUE(31.75)),.T.,.PARAMETER.);
#10492 = LINE('',#10493,#10494);
#10493 = CARTESIAN_POINT('',(270.,251.475,89.175));
#10494 = VECTOR('',#10495,1.);
#10495 = DIRECTION('',(0.,0.,1.));
#10496 = CARTESIAN_POINT('',(270.,251.475,89.175));
#10497 = CARTESIAN_POINT('',(270.,251.475,120.925));
#10498 = GEOMETRIC_CURVE_SET('',(#10499));
#10499 = TRIMMED_CURVE('',#10500,(#10504,PARAMETER_VALUE(0.)),(#10505,
    PARAMETER_VALUE(3.175)),.T.,.PARAMETER.);
#10500 = LINE('',#10501,#10502);
#10501 = CARTESIAN_POINT('',(270.,248.3,89.175));
#10502 = VECTOR('',#10503,1.);
#10503 = DIRECTION('',(0.,1.,0.));
#10504 = CARTESIAN_POINT('',(270.,248.3,89.175));
#10505 = CARTESIAN_POINT('',(270.,251.475,89.175));
#10506 = GEOMETRIC_CURVE_SET('',(#10507));
#10507 = TRIMMED_CURVE('',#10508,(#10512,PARAMETER_VALUE(0.)),(#10513,
    PARAMETER_VALUE(18.)),.T.,.PARAMETER.);
#10508 = LINE('',#10509,#10510);
#10509 = CARTESIAN_POINT('',(252.,248.3,89.175));
#10510 = VECTOR('',#10511,1.);
#10511 = DIRECTION('',(1.,0.,0.));
#10512 = CARTESIAN_POINT('',(252.,248.3,89.175));
#10513 = CARTESIAN_POINT('',(270.,248.3,89.175));
#10514 = GEOMETRIC_CURVE_SET('',(#10515));
#10515 = TRIMMED_CURVE('',#10516,(#10520,PARAMETER_VALUE(0.)),(#10521,
    PARAMETER_VALUE(18.)),.T.,.PARAMETER.);
#10516 = LINE('',#10517,#10518);
#10517 = CARTESIAN_POINT('',(252.,248.3,120.925));
#10518 = VECTOR('',#10519,1.);
#10519 = DIRECTION('',(1.,0.,0.));
#10520 = CARTESIAN_POINT('',(252.,248.3,120.925));
#10521 = CARTESIAN_POINT('',(270.,248.3,120.925));
#10522 = GEOMETRIC_CURVE_SET('',(#10523));
#10523 = TRIMMED_CURVE('',#10524,(#10528,PARAMETER_VALUE(0.)),(#10529,
    PARAMETER_VALUE(18.)),.T.,.PARAMETER.);
#10524 = LINE('',#10525,#10526);
#10525 = CARTESIAN_POINT('',(252.,251.475,89.175));
#10526 = VECTOR('',#10527,1.);
#10527 = DIRECTION('',(1.,0.,0.));
#10528 = CARTESIAN_POINT('',(252.,251.475,89.175));
#10529 = CARTESIAN_POINT('',(270.,251.475,89.175));
#10530 = GEOMETRIC_CURVE_SET('',(#10531));
#10531 = TRIMMED_CURVE('',#10532,(#10536,PARAMETER_VALUE(0.)),(#10537,
    PARAMETER_VALUE(18.)),.T.,.PARAMETER.);
#10532 = LINE('',#10533,#10534);
#10533 = CARTESIAN_POINT('',(252.,251.475,120.925));
#10534 = VECTOR('',#10535,1.);
#10535 = DIRECTION('',(1.,0.,0.));
#10536 = CARTESIAN_POINT('',(252.,251.475,120.925));
#10537 = CARTESIAN_POINT('',(270.,251.475,120.925));
#10538 = GEOMETRIC_CURVE_SET('',(#10539));
#10539 = TRIMMED_CURVE('',#10540,(#10544,PARAMETER_VALUE(0.)),(#10545,
    PARAMETER_VALUE(31.75)),.T.,.PARAMETER.);
#10540 = LINE('',#10541,#10542);
#10541 = CARTESIAN_POINT('',(252.,270.525,89.175));
#10542 = VECTOR('',#10543,1.);
#10543 = DIRECTION('',(0.,0.,1.));
#10544 = CARTESIAN_POINT('',(252.,270.525,89.175));
#10545 = CARTESIAN_POINT('',(252.,270.525,120.925));
#10546 = GEOMETRIC_CURVE_SET('',(#10547));
#10547 = TRIMMED_CURVE('',#10548,(#10552,PARAMETER_VALUE(0.)),(#10553,
    PARAMETER_VALUE(3.175)),.T.,.PARAMETER.);
#10548 = LINE('',#10549,#10550);
#10549 = CARTESIAN_POINT('',(252.,270.525,120.925));
#10550 = VECTOR('',#10551,1.);
#10551 = DIRECTION('',(0.,1.,0.));
#10552 = CARTESIAN_POINT('',(252.,270.525,120.925));
#10553 = CARTESIAN_POINT('',(252.,273.7,120.925));
#10554 = GEOMETRIC_CURVE_SET('',(#10555));
#10555 = TRIMMED_CURVE('',#10556,(#10560,PARAMETER_VALUE(0.)),(#10561,
    PARAMETER_VALUE(31.75)),.T.,.PARAMETER.);
#10556 = LINE('',#10557,#10558);
#10557 = CARTESIAN_POINT('',(252.,273.7,89.175));
#10558 = VECTOR('',#10559,1.);
#10559 = DIRECTION('',(0.,0.,1.));
#10560 = CARTESIAN_POINT('',(252.,273.7,89.175));
#10561 = CARTESIAN_POINT('',(252.,273.7,120.925));
#10562 = GEOMETRIC_CURVE_SET('',(#10563));
#10563 = TRIMMED_CURVE('',#10564,(#10568,PARAMETER_VALUE(0.)),(#10569,
    PARAMETER_VALUE(3.175)),.T.,.PARAMETER.);
#10564 = LINE('',#10565,#10566);
#10565 = CARTESIAN_POINT('',(252.,270.525,89.175));
#10566 = VECTOR('',#10567,1.);
#10567 = DIRECTION('',(0.,1.,0.));
#10568 = CARTESIAN_POINT('',(252.,270.525,89.175));
#10569 = CARTESIAN_POINT('',(252.,273.7,89.175));
#10570 = GEOMETRIC_CURVE_SET('',(#10571));
#10571 = TRIMMED_CURVE('',#10572,(#10576,PARAMETER_VALUE(0.)),(#10577,
    PARAMETER_VALUE(31.75)),.T.,.PARAMETER.);
#10572 = LINE('',#10573,#10574);
#10573 = CARTESIAN_POINT('',(270.,270.525,89.175));
#10574 = VECTOR('',#10575,1.);
#10575 = DIRECTION('',(0.,0.,1.));
#10576 = CARTESIAN_POINT('',(270.,270.525,89.175));
#10577 = CARTESIAN_POINT('',(270.,270.525,120.925));
#10578 = GEOMETRIC_CURVE_SET('',(#10579));
#10579 = TRIMMED_CURVE('',#10580,(#10584,PARAMETER_VALUE(0.)),(#10585,
    PARAMETER_VALUE(3.175)),.T.,.PARAMETER.);
#10580 = LINE('',#10581,#10582);
#10581 = CARTESIAN_POINT('',(270.,270.525,120.925));
#10582 = VECTOR('',#10583,1.);
#10583 = DIRECTION('',(0.,1.,0.));
#10584 = CARTESIAN_POINT('',(270.,270.525,120.925));
#10585 = CARTESIAN_POINT('',(270.,273.7,120.925));
#10586 = GEOMETRIC_CURVE_SET('',(#10587));
#10587 = TRIMMED_CURVE('',#10588,(#10592,PARAMETER_VALUE(0.)),(#10593,
    PARAMETER_VALUE(31.75)),.T.,.PARAMETER.);
#10588 = LINE('',#10589,#10590);
#10589 = CARTESIAN_POINT('',(270.,273.7,89.175));
#10590 = VECTOR('',#10591,1.);
#10591 = DIRECTION('',(0.,0.,1.));
#10592 = CARTESIAN_POINT('',(270.,273.7,89.175));
#10593 = CARTESIAN_POINT('',(270.,273.7,120.925));
#10594 = GEOMETRIC_CURVE_SET('',(#10595));
#10595 = TRIMMED_CURVE('',#10596,(#10600,PARAMETER_VALUE(0.)),(#10601,
    PARAMETER_VALUE(3.175)),.T.,.PARAMETER.);
#10596 = LINE('',#10597,#10598);
#10597 = CARTESIAN_POINT('',(270.,270.525,89.175));
#10598 = VECTOR('',#10599,1.);
#10599 = DIRECTION('',(0.,1.,0.));
#10600 = CARTESIAN_POINT('',(270.,270.525,89.175));
#10601 = CARTESIAN_POINT('',(270.,273.7,89.175));
#10602 = GEOMETRIC_CURVE_SET('',(#10603));
#10603 = TRIMMED_CURVE('',#10604,(#10608,PARAMETER_VALUE(0.)),(#10609,
    PARAMETER_VALUE(18.)),.T.,.PARAMETER.);
#10604 = LINE('',#10605,#10606);
#10605 = CARTESIAN_POINT('',(252.,270.525,89.175));
#10606 = VECTOR('',#10607,1.);
#10607 = DIRECTION('',(1.,0.,0.));
#10608 = CARTESIAN_POINT('',(252.,270.525,89.175));
#10609 = CARTESIAN_POINT('',(270.,270.525,89.175));
#10610 = GEOMETRIC_CURVE_SET('',(#10611));
#10611 = TRIMMED_CURVE('',#10612,(#10616,PARAMETER_VALUE(0.)),(#10617,
    PARAMETER_VALUE(18.)),.T.,.PARAMETER.);
#10612 = LINE('',#10613,#10614);
#10613 = CARTESIAN_POINT('',(252.,270.525,120.925));
#10614 = VECTOR('',#10615,1.);
#10615 = DIRECTION('',(1.,0.,0.));
#10616 = CARTESIAN_POINT('',(252.,270.525,120.925));
#10617 = CARTESIAN_POINT('',(270.,270.525,120.925));
#10618 = GEOMETRIC_CURVE_SET('',(#10619));
#10619 = TRIMMED_CURVE('',#10620,(#10624,PARAMETER_VALUE(0.)),(#10625,
    PARAMETER_VALUE(18.)),.T.,.PARAMETER.);
#10620 = LINE('',#10621,#10622);
#10621 = CARTESIAN_POINT('',(252.,273.7,89.175));
#10622 = VECTOR('',#10623,1.);
#10623 = DIRECTION('',(1.,0.,0.));
#10624 = CARTESIAN_POINT('',(252.,273.7,89.175));
#10625 = CARTESIAN_POINT('',(270.,273.7,89.175));
#10626 = GEOMETRIC_CURVE_SET('',(#10627));
#10627 = TRIMMED_CURVE('',#10628,(#10632,PARAMETER_VALUE(0.)),(#10633,
    PARAMETER_VALUE(18.)),.T.,.PARAMETER.);
#10628 = LINE('',#10629,#10630);
#10629 = CARTESIAN_POINT('',(252.,273.7,120.925));
#10630 = VECTOR('',#10631,1.);
#10631 = DIRECTION('',(1.,0.,0.));
#10632 = CARTESIAN_POINT('',(252.,273.7,120.925));
#10633 = CARTESIAN_POINT('',(270.,273.7,120.925));
#10634 = GEOMETRIC_CURVE_SET('',(#10635));
#10635 = TRIMMED_CURVE('',#10636,(#10640,PARAMETER_VALUE(0.)),(#10641,
    PARAMETER_VALUE(2.)),.T.,.PARAMETER.);
#10636 = LINE('',#10637,#10638);
#10637 = CARTESIAN_POINT('',(252.,255.,89.175));
#10638 = VECTOR('',#10639,1.);
#10639 = DIRECTION('',(0.,0.,1.));
#10640 = CARTESIAN_POINT('',(252.,255.,89.175));
#10641 = CARTESIAN_POINT('',(252.,255.,91.175));
#10642 = GEOMETRIC_CURVE_SET('',(#10643));
#10643 = TRIMMED_CURVE('',#10644,(#10648,PARAMETER_VALUE(0.)),(#10649,
    PARAMETER_VALUE(12.)),.T.,.PARAMETER.);
#10644 = LINE('',#10645,#10646);
#10645 = CARTESIAN_POINT('',(252.,255.,91.175));
#10646 = VECTOR('',#10647,1.);
#10647 = DIRECTION('',(0.,1.,0.));
#10648 = CARTESIAN_POINT('',(252.,255.,91.175));
#10649 = CARTESIAN_POINT('',(252.,267.,91.175));
#10650 = GEOMETRIC_CURVE_SET('',(#10651));
#10651 = TRIMMED_CURVE('',#10652,(#10656,PARAMETER_VALUE(0.)),(#10657,
    PARAMETER_VALUE(2.)),.T.,.PARAMETER.);
#10652 = LINE('',#10653,#10654);
#10653 = CARTESIAN_POINT('',(252.,267.,89.175));
#10654 = VECTOR('',#10655,1.);
#10655 = DIRECTION('',(0.,0.,1.));
#10656 = CARTESIAN_POINT('',(252.,267.,89.175));
#10657 = CARTESIAN_POINT('',(252.,267.,91.175));
#10658 = GEOMETRIC_CURVE_SET('',(#10659));
#10659 = TRIMMED_CURVE('',#10660,(#10664,PARAMETER_VALUE(0.)),(#10665,
    PARAMETER_VALUE(12.)),.T.,.PARAMETER.);
#10660 = LINE('',#10661,#10662);
#10661 = CARTESIAN_POINT('',(252.,255.,89.175));
#10662 = VECTOR('',#10663,1.);
#10663 = DIRECTION('',(0.,1.,0.));
#10664 = CARTESIAN_POINT('',(252.,255.,89.175));
#10665 = CARTESIAN_POINT('',(252.,267.,89.175));
#10666 = GEOMETRIC_CURVE_SET('',(#10667));
#10667 = TRIMMED_CURVE('',#10668,(#10672,PARAMETER_VALUE(0.)),(#10673,
    PARAMETER_VALUE(2.)),.T.,.PARAMETER.);
#10668 = LINE('',#10669,#10670);
#10669 = CARTESIAN_POINT('',(270.,255.,89.175));
#10670 = VECTOR('',#10671,1.);
#10671 = DIRECTION('',(0.,0.,1.));
#10672 = CARTESIAN_POINT('',(270.,255.,89.175));
#10673 = CARTESIAN_POINT('',(270.,255.,91.175));
#10674 = GEOMETRIC_CURVE_SET('',(#10675));
#10675 = TRIMMED_CURVE('',#10676,(#10680,PARAMETER_VALUE(0.)),(#10681,
    PARAMETER_VALUE(12.)),.T.,.PARAMETER.);
#10676 = LINE('',#10677,#10678);
#10677 = CARTESIAN_POINT('',(270.,255.,91.175));
#10678 = VECTOR('',#10679,1.);
#10679 = DIRECTION('',(0.,1.,0.));
#10680 = CARTESIAN_POINT('',(270.,255.,91.175));
#10681 = CARTESIAN_POINT('',(270.,267.,91.175));
#10682 = GEOMETRIC_CURVE_SET('',(#10683));
#10683 = TRIMMED_CURVE('',#10684,(#10688,PARAMETER_VALUE(0.)),(#10689,
    PARAMETER_VALUE(2.)),.T.,.PARAMETER.);
#10684 = LINE('',#10685,#10686);
#10685 = CARTESIAN_POINT('',(270.,267.,89.175));
#10686 = VECTOR('',#10687,1.);
#10687 = DIRECTION('',(0.,0.,1.));
#10688 = CARTESIAN_POINT('',(270.,267.,89.175));
#10689 = CARTESIAN_POINT('',(270.,267.,91.175));
#10690 = GEOMETRIC_CURVE_SET('',(#10691));
#10691 = TRIMMED_CURVE('',#10692,(#10696,PARAMETER_VALUE(0.)),(#10697,
    PARAMETER_VALUE(12.)),.T.,.PARAMETER.);
#10692 = LINE('',#10693,#10694);
#10693 = CARTESIAN_POINT('',(270.,255.,89.175));
#10694 = VECTOR('',#10695,1.);
#10695 = DIRECTION('',(0.,1.,0.));
#10696 = CARTESIAN_POINT('',(270.,255.,89.175));
#10697 = CARTESIAN_POINT('',(270.,267.,89.175));
#10698 = GEOMETRIC_CURVE_SET('',(#10699));
#10699 = TRIMMED_CURVE('',#10700,(#10704,PARAMETER_VALUE(0.)),(#10705,
    PARAMETER_VALUE(18.)),.T.,.PARAMETER.);
#10700 = LINE('',#10701,#10702);
#10701 = CARTESIAN_POINT('',(252.,255.,89.175));
#10702 = VECTOR('',#10703,1.);
#10703 = DIRECTION('',(1.,0.,0.));
#10704 = CARTESIAN_POINT('',(252.,255.,89.175));
#10705 = CARTESIAN_POINT('',(270.,255.,89.175));
#10706 = GEOMETRIC_CURVE_SET('',(#10707));
#10707 = TRIMMED_CURVE('',#10708,(#10712,PARAMETER_VALUE(0.)),(#10713,
    PARAMETER_VALUE(18.)),.T.,.PARAMETER.);
#10708 = LINE('',#10709,#10710);
#10709 = CARTESIAN_POINT('',(252.,255.,91.175));
#10710 = VECTOR('',#10711,1.);
#10711 = DIRECTION('',(1.,0.,0.));
#10712 = CARTESIAN_POINT('',(252.,255.,91.175));
#10713 = CARTESIAN_POINT('',(270.,255.,91.175));
#10714 = GEOMETRIC_CURVE_SET('',(#10715));
#10715 = TRIMMED_CURVE('',#10716,(#10720,PARAMETER_VALUE(0.)),(#10721,
    PARAMETER_VALUE(18.)),.T.,.PARAMETER.);
#10716 = LINE('',#10717,#10718);
#10717 = CARTESIAN_POINT('',(252.,267.,89.175));
#10718 = VECTOR('',#10719,1.);
#10719 = DIRECTION('',(1.,0.,0.));
#10720 = CARTESIAN_POINT('',(252.,267.,89.175));
#10721 = CARTESIAN_POINT('',(270.,267.,89.175));
#10722 = GEOMETRIC_CURVE_SET('',(#10723));
#10723 = TRIMMED_CURVE('',#10724,(#10728,PARAMETER_VALUE(0.)),(#10729,
    PARAMETER_VALUE(18.)),.T.,.PARAMETER.);
#10724 = LINE('',#10725,#10726);
#10725 = CARTESIAN_POINT('',(252.,267.,91.175));
#10726 = VECTOR('',#10727,1.);
#10727 = DIRECTION('',(1.,0.,0.));
#10728 = CARTESIAN_POINT('',(252.,267.,91.175));
#10729 = CARTESIAN_POINT('',(270.,267.,91.175));
#10730 = GEOMETRIC_CURVE_SET('',(#10731));
#10731 = TRIMMED_CURVE('',#10732,(#10736,PARAMETER_VALUE(0.)),(#10737,
    PARAMETER_VALUE(2.)),.T.,.PARAMETER.);
#10732 = LINE('',#10733,#10734);
#10733 = CARTESIAN_POINT('',(252.,255.,118.925));
#10734 = VECTOR('',#10735,1.);
#10735 = DIRECTION('',(0.,0.,1.));
#10736 = CARTESIAN_POINT('',(252.,255.,118.925));
#10737 = CARTESIAN_POINT('',(252.,255.,120.925));
#10738 = GEOMETRIC_CURVE_SET('',(#10739));
#10739 = TRIMMED_CURVE('',#10740,(#10744,PARAMETER_VALUE(0.)),(#10745,
    PARAMETER_VALUE(12.)),.T.,.PARAMETER.);
#10740 = LINE('',#10741,#10742);
#10741 = CARTESIAN_POINT('',(252.,255.,120.925));
#10742 = VECTOR('',#10743,1.);
#10743 = DIRECTION('',(0.,1.,0.));
#10744 = CARTESIAN_POINT('',(252.,255.,120.925));
#10745 = CARTESIAN_POINT('',(252.,267.,120.925));
#10746 = GEOMETRIC_CURVE_SET('',(#10747));
#10747 = TRIMMED_CURVE('',#10748,(#10752,PARAMETER_VALUE(0.)),(#10753,
    PARAMETER_VALUE(2.)),.T.,.PARAMETER.);
#10748 = LINE('',#10749,#10750);
#10749 = CARTESIAN_POINT('',(252.,267.,118.925));
#10750 = VECTOR('',#10751,1.);
#10751 = DIRECTION('',(0.,0.,1.));
#10752 = CARTESIAN_POINT('',(252.,267.,118.925));
#10753 = CARTESIAN_POINT('',(252.,267.,120.925));
#10754 = GEOMETRIC_CURVE_SET('',(#10755));
#10755 = TRIMMED_CURVE('',#10756,(#10760,PARAMETER_VALUE(0.)),(#10761,
    PARAMETER_VALUE(12.)),.T.,.PARAMETER.);
#10756 = LINE('',#10757,#10758);
#10757 = CARTESIAN_POINT('',(252.,255.,118.925));
#10758 = VECTOR('',#10759,1.);
#10759 = DIRECTION('',(0.,1.,0.));
#10760 = CARTESIAN_POINT('',(252.,255.,118.925));
#10761 = CARTESIAN_POINT('',(252.,267.,118.925));
#10762 = GEOMETRIC_CURVE_SET('',(#10763));
#10763 = TRIMMED_CURVE('',#10764,(#10768,PARAMETER_VALUE(0.)),(#10769,
    PARAMETER_VALUE(2.)),.T.,.PARAMETER.);
#10764 = LINE('',#10765,#10766);
#10765 = CARTESIAN_POINT('',(270.,255.,118.925));
#10766 = VECTOR('',#10767,1.);
#10767 = DIRECTION('',(0.,0.,1.));
#10768 = CARTESIAN_POINT('',(270.,255.,118.925));
#10769 = CARTESIAN_POINT('',(270.,255.,120.925));
#10770 = GEOMETRIC_CURVE_SET('',(#10771));
#10771 = TRIMMED_CURVE('',#10772,(#10776,PARAMETER_VALUE(0.)),(#10777,
    PARAMETER_VALUE(12.)),.T.,.PARAMETER.);
#10772 = LINE('',#10773,#10774);
#10773 = CARTESIAN_POINT('',(270.,255.,120.925));
#10774 = VECTOR('',#10775,1.);
#10775 = DIRECTION('',(0.,1.,0.));
#10776 = CARTESIAN_POINT('',(270.,255.,120.925));
#10777 = CARTESIAN_POINT('',(270.,267.,120.925));
#10778 = GEOMETRIC_CURVE_SET('',(#10779));
#10779 = TRIMMED_CURVE('',#10780,(#10784,PARAMETER_VALUE(0.)),(#10785,
    PARAMETER_VALUE(2.)),.T.,.PARAMETER.);
#10780 = LINE('',#10781,#10782);
#10781 = CARTESIAN_POINT('',(270.,267.,118.925));
#10782 = VECTOR('',#10783,1.);
#10783 = DIRECTION('',(0.,0.,1.));
#10784 = CARTESIAN_POINT('',(270.,267.,118.925));
#10785 = CARTESIAN_POINT('',(270.,267.,120.925));
#10786 = GEOMETRIC_CURVE_SET('',(#10787));
#10787 = TRIMMED_CURVE('',#10788,(#10792,PARAMETER_VALUE(0.)),(#10793,
    PARAMETER_VALUE(12.)),.T.,.PARAMETER.);
#10788 = LINE('',#10789,#10790);
#10789 = CARTESIAN_POINT('',(270.,255.,118.925));
#10790 = VECTOR('',#10791,1.);
#10791 = DIRECTION('',(0.,1.,0.));
#10792 = CARTESIAN_POINT('',(270.,255.,118.925));
#10793 = CARTESIAN_POINT('',(270.,267.,118.925));
#10794 = GEOMETRIC_CURVE_SET('',(#10795));
#10795 = TRIMMED_CURVE('',#10796,(#10800,PARAMETER_VALUE(0.)),(#10801,
    PARAMETER_VALUE(18.)),.T.,.PARAMETER.);
#10796 = LINE('',#10797,#10798);
#10797 = CARTESIAN_POINT('',(252.,255.,118.925));
#10798 = VECTOR('',#10799,1.);
#10799 = DIRECTION('',(1.,0.,0.));
#10800 = CARTESIAN_POINT('',(252.,255.,118.925));
#10801 = CARTESIAN_POINT('',(270.,255.,118.925));
#10802 = GEOMETRIC_CURVE_SET('',(#10803));
#10803 = TRIMMED_CURVE('',#10804,(#10808,PARAMETER_VALUE(0.)),(#10809,
    PARAMETER_VALUE(18.)),.T.,.PARAMETER.);
#10804 = LINE('',#10805,#10806);
#10805 = CARTESIAN_POINT('',(252.,255.,120.925));
#10806 = VECTOR('',#10807,1.);
#10807 = DIRECTION('',(1.,0.,0.));
#10808 = CARTESIAN_POINT('',(252.,255.,120.925));
#10809 = CARTESIAN_POINT('',(270.,255.,120.925));
#10810 = GEOMETRIC_CURVE_SET('',(#10811));
#10811 = TRIMMED_CURVE('',#10812,(#10816,PARAMETER_VALUE(0.)),(#10817,
    PARAMETER_VALUE(18.)),.T.,.PARAMETER.);
#10812 = LINE('',#10813,#10814);
#10813 = CARTESIAN_POINT('',(252.,267.,118.925));
#10814 = VECTOR('',#10815,1.);
#10815 = DIRECTION('',(1.,0.,0.));
#10816 = CARTESIAN_POINT('',(252.,267.,118.925));
#10817 = CARTESIAN_POINT('',(270.,267.,118.925));
#10818 = GEOMETRIC_CURVE_SET('',(#10819));
#10819 = TRIMMED_CURVE('',#10820,(#10824,PARAMETER_VALUE(0.)),(#10825,
    PARAMETER_VALUE(18.)),.T.,.PARAMETER.);
#10820 = LINE('',#10821,#10822);
#10821 = CARTESIAN_POINT('',(252.,267.,120.925));
#10822 = VECTOR('',#10823,1.);
#10823 = DIRECTION('',(1.,0.,0.));
#10824 = CARTESIAN_POINT('',(252.,267.,120.925));
#10825 = CARTESIAN_POINT('',(270.,267.,120.925));
#10826 = GEOMETRIC_CURVE_SET('',(#10827));
#10827 = TRIMMED_CURVE('',#10828,(#10832,PARAMETER_VALUE(0.)),(#10833,
    PARAMETER_VALUE(2.)),.T.,.PARAMETER.);
#10828 = LINE('',#10829,#10830);
#10829 = CARTESIAN_POINT('',(247.,252.,91.675));
#10830 = VECTOR('',#10831,1.);
#10831 = DIRECTION('',(0.,0.,1.));
#10832 = CARTESIAN_POINT('',(247.,252.,91.675));
#10833 = CARTESIAN_POINT('',(247.,252.,93.675));
#10834 = GEOMETRIC_CURVE_SET('',(#10835));
#10835 = TRIMMED_CURVE('',#10836,(#10840,PARAMETER_VALUE(0.)),(#10841,
    PARAMETER_VALUE(18.)),.T.,.PARAMETER.);
#10836 = LINE('',#10837,#10838);
#10837 = CARTESIAN_POINT('',(247.,252.,93.675));
#10838 = VECTOR('',#10839,1.);
#10839 = DIRECTION('',(0.,1.,0.));
#10840 = CARTESIAN_POINT('',(247.,252.,93.675));
#10841 = CARTESIAN_POINT('',(247.,270.,93.675));
#10842 = GEOMETRIC_CURVE_SET('',(#10843));
#10843 = TRIMMED_CURVE('',#10844,(#10848,PARAMETER_VALUE(0.)),(#10849,
    PARAMETER_VALUE(2.)),.T.,.PARAMETER.);
#10844 = LINE('',#10845,#10846);
#10845 = CARTESIAN_POINT('',(247.,270.,91.675));
#10846 = VECTOR('',#10847,1.);
#10847 = DIRECTION('',(0.,0.,1.));
#10848 = CARTESIAN_POINT('',(247.,270.,91.675));
#10849 = CARTESIAN_POINT('',(247.,270.,93.675));
#10850 = GEOMETRIC_CURVE_SET('',(#10851));
#10851 = TRIMMED_CURVE('',#10852,(#10856,PARAMETER_VALUE(0.)),(#10857,
    PARAMETER_VALUE(18.)),.T.,.PARAMETER.);
#10852 = LINE('',#10853,#10854);
#10853 = CARTESIAN_POINT('',(247.,252.,91.675));
#10854 = VECTOR('',#10855,1.);
#10855 = DIRECTION('',(0.,1.,0.));
#10856 = CARTESIAN_POINT('',(247.,252.,91.675));
#10857 = CARTESIAN_POINT('',(247.,270.,91.675));
#10858 = GEOMETRIC_CURVE_SET('',(#10859));
#10859 = TRIMMED_CURVE('',#10860,(#10864,PARAMETER_VALUE(0.)),(#10865,
    PARAMETER_VALUE(2.)),.T.,.PARAMETER.);
#10860 = LINE('',#10861,#10862);
#10861 = CARTESIAN_POINT('',(267.,252.,91.675));
#10862 = VECTOR('',#10863,1.);
#10863 = DIRECTION('',(0.,0.,1.));
#10864 = CARTESIAN_POINT('',(267.,252.,91.675));
#10865 = CARTESIAN_POINT('',(267.,252.,93.675));
#10866 = GEOMETRIC_CURVE_SET('',(#10867));
#10867 = TRIMMED_CURVE('',#10868,(#10872,PARAMETER_VALUE(0.)),(#10873,
    PARAMETER_VALUE(18.)),.T.,.PARAMETER.);
#10868 = LINE('',#10869,#10870);
#10869 = CARTESIAN_POINT('',(267.,252.,93.675));
#10870 = VECTOR('',#10871,1.);
#10871 = DIRECTION('',(0.,1.,0.));
#10872 = CARTESIAN_POINT('',(267.,252.,93.675));
#10873 = CARTESIAN_POINT('',(267.,270.,93.675));
#10874 = GEOMETRIC_CURVE_SET('',(#10875));
#10875 = TRIMMED_CURVE('',#10876,(#10880,PARAMETER_VALUE(0.)),(#10881,
    PARAMETER_VALUE(2.)),.T.,.PARAMETER.);
#10876 = LINE('',#10877,#10878);
#10877 = CARTESIAN_POINT('',(267.,270.,91.675));
#10878 = VECTOR('',#10879,1.);
#10879 = DIRECTION('',(0.,0.,1.));
#10880 = CARTESIAN_POINT('',(267.,270.,91.675));
#10881 = CARTESIAN_POINT('',(267.,270.,93.675));
#10882 = GEOMETRIC_CURVE_SET('',(#10883));
#10883 = TRIMMED_CURVE('',#10884,(#10888,PARAMETER_VALUE(0.)),(#10889,
    PARAMETER_VALUE(18.)),.T.,.PARAMETER.);
#10884 = LINE('',#10885,#10886);
#10885 = CARTESIAN_POINT('',(267.,252.,91.675));
#10886 = VECTOR('',#10887,1.);
#10887 = DIRECTION('',(0.,1.,0.));
#10888 = CARTESIAN_POINT('',(267.,252.,91.675));
#10889 = CARTESIAN_POINT('',(267.,270.,91.675));
#10890 = GEOMETRIC_CURVE_SET('',(#10891));
#10891 = TRIMMED_CURVE('',#10892,(#10896,PARAMETER_VALUE(0.)),(#10897,
    PARAMETER_VALUE(20.)),.T.,.PARAMETER.);
#10892 = LINE('',#10893,#10894);
#10893 = CARTESIAN_POINT('',(247.,252.,91.675));
#10894 = VECTOR('',#10895,1.);
#10895 = DIRECTION('',(1.,0.,0.));
#10896 = CARTESIAN_POINT('',(247.,252.,91.675));
#10897 = CARTESIAN_POINT('',(267.,252.,91.675));
#10898 = GEOMETRIC_CURVE_SET('',(#10899));
#10899 = TRIMMED_CURVE('',#10900,(#10904,PARAMETER_VALUE(0.)),(#10905,
    PARAMETER_VALUE(20.)),.T.,.PARAMETER.);
#10900 = LINE('',#10901,#10902);
#10901 = CARTESIAN_POINT('',(247.,252.,93.675));
#10902 = VECTOR('',#10903,1.);
#10903 = DIRECTION('',(1.,0.,0.));
#10904 = CARTESIAN_POINT('',(247.,252.,93.675));
#10905 = CARTESIAN_POINT('',(267.,252.,93.675));
#10906 = GEOMETRIC_CURVE_SET('',(#10907));
#10907 = TRIMMED_CURVE('',#10908,(#10912,PARAMETER_VALUE(0.)),(#10913,
    PARAMETER_VALUE(20.)),.T.,.PARAMETER.);
#10908 = LINE('',#10909,#10910);
#10909 = CARTESIAN_POINT('',(247.,270.,91.675));
#10910 = VECTOR('',#10911,1.);
#10911 = DIRECTION('',(1.,0.,0.));
#10912 = CARTESIAN_POINT('',(247.,270.,91.675));
#10913 = CARTESIAN_POINT('',(267.,270.,91.675));
#10914 = GEOMETRIC_CURVE_SET('',(#10915));
#10915 = TRIMMED_CURVE('',#10916,(#10920,PARAMETER_VALUE(0.)),(#10921,
    PARAMETER_VALUE(20.)),.T.,.PARAMETER.);
#10916 = LINE('',#10917,#10918);
#10917 = CARTESIAN_POINT('',(247.,270.,93.675));
#10918 = VECTOR('',#10919,1.);
#10919 = DIRECTION('',(1.,0.,0.));
#10920 = CARTESIAN_POINT('',(247.,270.,93.675));
#10921 = CARTESIAN_POINT('',(267.,270.,93.675));
#10922 = GEOMETRIC_CURVE_SET('',(#10923));
#10923 = TRIMMED_CURVE('',#10924,(#10928,PARAMETER_VALUE(0.)),(#10929,
    PARAMETER_VALUE(2.)),.T.,.PARAMETER.);
#10924 = LINE('',#10925,#10926);
#10925 = CARTESIAN_POINT('',(247.,252.,116.425));
#10926 = VECTOR('',#10927,1.);
#10927 = DIRECTION('',(0.,0.,1.));
#10928 = CARTESIAN_POINT('',(247.,252.,116.425));
#10929 = CARTESIAN_POINT('',(247.,252.,118.425));
#10930 = GEOMETRIC_CURVE_SET('',(#10931));
#10931 = TRIMMED_CURVE('',#10932,(#10936,PARAMETER_VALUE(0.)),(#10937,
    PARAMETER_VALUE(18.)),.T.,.PARAMETER.);
#10932 = LINE('',#10933,#10934);
#10933 = CARTESIAN_POINT('',(247.,252.,118.425));
#10934 = VECTOR('',#10935,1.);
#10935 = DIRECTION('',(0.,1.,0.));
#10936 = CARTESIAN_POINT('',(247.,252.,118.425));
#10937 = CARTESIAN_POINT('',(247.,270.,118.425));
#10938 = GEOMETRIC_CURVE_SET('',(#10939));
#10939 = TRIMMED_CURVE('',#10940,(#10944,PARAMETER_VALUE(0.)),(#10945,
    PARAMETER_VALUE(2.)),.T.,.PARAMETER.);
#10940 = LINE('',#10941,#10942);
#10941 = CARTESIAN_POINT('',(247.,270.,116.425));
#10942 = VECTOR('',#10943,1.);
#10943 = DIRECTION('',(0.,0.,1.));
#10944 = CARTESIAN_POINT('',(247.,270.,116.425));
#10945 = CARTESIAN_POINT('',(247.,270.,118.425));
#10946 = GEOMETRIC_CURVE_SET('',(#10947));
#10947 = TRIMMED_CURVE('',#10948,(#10952,PARAMETER_VALUE(0.)),(#10953,
    PARAMETER_VALUE(18.)),.T.,.PARAMETER.);
#10948 = LINE('',#10949,#10950);
#10949 = CARTESIAN_POINT('',(247.,252.,116.425));
#10950 = VECTOR('',#10951,1.);
#10951 = DIRECTION('',(0.,1.,0.));
#10952 = CARTESIAN_POINT('',(247.,252.,116.425));
#10953 = CARTESIAN_POINT('',(247.,270.,116.425));
#10954 = GEOMETRIC_CURVE_SET('',(#10955));
#10955 = TRIMMED_CURVE('',#10956,(#10960,PARAMETER_VALUE(0.)),(#10961,
    PARAMETER_VALUE(2.)),.T.,.PARAMETER.);
#10956 = LINE('',#10957,#10958);
#10957 = CARTESIAN_POINT('',(267.,252.,116.425));
#10958 = VECTOR('',#10959,1.);
#10959 = DIRECTION('',(0.,0.,1.));
#10960 = CARTESIAN_POINT('',(267.,252.,116.425));
#10961 = CARTESIAN_POINT('',(267.,252.,118.425));
#10962 = GEOMETRIC_CURVE_SET('',(#10963));
#10963 = TRIMMED_CURVE('',#10964,(#10968,PARAMETER_VALUE(0.)),(#10969,
    PARAMETER_VALUE(18.)),.T.,.PARAMETER.);
#10964 = LINE('',#10965,#10966);
#10965 = CARTESIAN_POINT('',(267.,252.,118.425));
#10966 = VECTOR('',#10967,1.);
#10967 = DIRECTION('',(0.,1.,0.));
#10968 = CARTESIAN_POINT('',(267.,252.,118.425));
#10969 = CARTESIAN_POINT('',(267.,270.,118.425));
#10970 = GEOMETRIC_CURVE_SET('',(#10971));
#10971 = TRIMMED_CURVE('',#10972,(#10976,PARAMETER_VALUE(0.)),(#10977,
    PARAMETER_VALUE(2.)),.T.,.PARAMETER.);
#10972 = LINE('',#10973,#10974);
#10973 = CARTESIAN_POINT('',(267.,270.,116.425));
#10974 = VECTOR('',#10975,1.);
#10975 = DIRECTION('',(0.,0.,1.));
#10976 = CARTESIAN_POINT('',(267.,270.,116.425));
#10977 = CARTESIAN_POINT('',(267.,270.,118.425));
#10978 = GEOMETRIC_CURVE_SET('',(#10979));
#10979 = TRIMMED_CURVE('',#10980,(#10984,PARAMETER_VALUE(0.)),(#10985,
    PARAMETER_VALUE(18.)),.T.,.PARAMETER.);
#10980 = LINE('',#10981,#10982);
#10981 = CARTESIAN_POINT('',(267.,252.,116.425));
#10982 = VECTOR('',#10983,1.);
#10983 = DIRECTION('',(0.,1.,0.));
#10984 = CARTESIAN_POINT('',(267.,252.,116.425));
#10985 = CARTESIAN_POINT('',(267.,270.,116.425));
#10986 = GEOMETRIC_CURVE_SET('',(#10987));
#10987 = TRIMMED_CURVE('',#10988,(#10992,PARAMETER_VALUE(0.)),(#10993,
    PARAMETER_VALUE(20.)),.T.,.PARAMETER.);
#10988 = LINE('',#10989,#10990);
#10989 = CARTESIAN_POINT('',(247.,252.,116.425));
#10990 = VECTOR('',#10991,1.);
#10991 = DIRECTION('',(1.,0.,0.));
#10992 = CARTESIAN_POINT('',(247.,252.,116.425));
#10993 = CARTESIAN_POINT('',(267.,252.,116.425));
#10994 = GEOMETRIC_CURVE_SET('',(#10995));
#10995 = TRIMMED_CURVE('',#10996,(#11000,PARAMETER_VALUE(0.)),(#11001,
    PARAMETER_VALUE(20.)),.T.,.PARAMETER.);
#10996 = LINE('',#10997,#10998);
#10997 = CARTESIAN_POINT('',(247.,252.,118.425));
#10998 = VECTOR('',#10999,1.);
#10999 = DIRECTION('',(1.,0.,0.));
#11000 = CARTESIAN_POINT('',(247.,252.,118.425));
#11001 = CARTESIAN_POINT('',(267.,252.,118.425));
#11002 = GEOMETRIC_CURVE_SET('',(#11003));
#11003 = TRIMMED_CURVE('',#11004,(#11008,PARAMETER_VALUE(0.)),(#11009,
    PARAMETER_VALUE(20.)),.T.,.PARAMETER.);
#11004 = LINE('',#11005,#11006);
#11005 = CARTESIAN_POINT('',(247.,270.,116.425));
#11006 = VECTOR('',#11007,1.);
#11007 = DIRECTION('',(1.,0.,0.));
#11008 = CARTESIAN_POINT('',(247.,270.,116.425));
#11009 = CARTESIAN_POINT('',(267.,270.,116.425));
#11010 = GEOMETRIC_CURVE_SET('',(#11011));
#11011 = TRIMMED_CURVE('',#11012,(#11016,PARAMETER_VALUE(0.)),(#11017,
    PARAMETER_VALUE(20.)),.T.,.PARAMETER.);
#11012 = LINE('',#11013,#11014);
#11013 = CARTESIAN_POINT('',(247.,270.,118.425));
#11014 = VECTOR('',#11015,1.);
#11015 = DIRECTION('',(1.,0.,0.));
#11016 = CARTESIAN_POINT('',(247.,270.,118.425));
#11017 = CARTESIAN_POINT('',(267.,270.,118.425));
#11018 = GEOMETRIC_CURVE_SET('',(#11019));
#11019 = TRIMMED_CURVE('',#11020,(#11024,PARAMETER_VALUE(0.)),(#11025,
    PARAMETER_VALUE(12.7)),.T.,.PARAMETER.);
#11020 = LINE('',#11021,#11022);
#11021 = CARTESIAN_POINT('',(10.,4.475,103.));
#11022 = VECTOR('',#11023,1.);
#11023 = DIRECTION('',(0.,0.,1.));
#11024 = CARTESIAN_POINT('',(10.,4.475,103.));
#11025 = CARTESIAN_POINT('',(10.,4.475,115.7));
#11026 = GEOMETRIC_CURVE_SET('',(#11027));
#11027 = TRIMMED_CURVE('',#11028,(#11032,PARAMETER_VALUE(0.)),(#11033,
    PARAMETER_VALUE(1.5875)),.T.,.PARAMETER.);
#11028 = LINE('',#11029,#11030);
#11029 = CARTESIAN_POINT('',(10.,4.475,115.7));
#11030 = VECTOR('',#11031,1.);
#11031 = DIRECTION('',(0.,1.,0.));
#11032 = CARTESIAN_POINT('',(10.,4.475,115.7));
#11033 = CARTESIAN_POINT('',(10.,6.0625,115.7));
#11034 = GEOMETRIC_CURVE_SET('',(#11035));
#11035 = TRIMMED_CURVE('',#11036,(#11040,PARAMETER_VALUE(0.)),(#11041,
    PARAMETER_VALUE(12.7)),.T.,.PARAMETER.);
#11036 = LINE('',#11037,#11038);
#11037 = CARTESIAN_POINT('',(10.,6.0625,103.));
#11038 = VECTOR('',#11039,1.);
#11039 = DIRECTION('',(0.,0.,1.));
#11040 = CARTESIAN_POINT('',(10.,6.0625,103.));
#11041 = CARTESIAN_POINT('',(10.,6.0625,115.7));
#11042 = GEOMETRIC_CURVE_SET('',(#11043));
#11043 = TRIMMED_CURVE('',#11044,(#11048,PARAMETER_VALUE(0.)),(#11049,
    PARAMETER_VALUE(1.5875)),.T.,.PARAMETER.);
#11044 = LINE('',#11045,#11046);
#11045 = CARTESIAN_POINT('',(10.,4.475,103.));
#11046 = VECTOR('',#11047,1.);
#11047 = DIRECTION('',(0.,1.,0.));
#11048 = CARTESIAN_POINT('',(10.,4.475,103.));
#11049 = CARTESIAN_POINT('',(10.,6.0625,103.));
#11050 = GEOMETRIC_CURVE_SET('',(#11051));
#11051 = TRIMMED_CURVE('',#11052,(#11056,PARAMETER_VALUE(0.)),(#11057,
    PARAMETER_VALUE(12.7)),.T.,.PARAMETER.);
#11052 = LINE('',#11053,#11054);
#11053 = CARTESIAN_POINT('',(265.,4.475,103.));
#11054 = VECTOR('',#11055,1.);
#11055 = DIRECTION('',(0.,0.,1.));
#11056 = CARTESIAN_POINT('',(265.,4.475,103.));
#11057 = CARTESIAN_POINT('',(265.,4.475,115.7));
#11058 = GEOMETRIC_CURVE_SET('',(#11059));
#11059 = TRIMMED_CURVE('',#11060,(#11064,PARAMETER_VALUE(0.)),(#11065,
    PARAMETER_VALUE(1.5875)),.T.,.PARAMETER.);
#11060 = LINE('',#11061,#11062);
#11061 = CARTESIAN_POINT('',(265.,4.475,115.7));
#11062 = VECTOR('',#11063,1.);
#11063 = DIRECTION('',(0.,1.,0.));
#11064 = CARTESIAN_POINT('',(265.,4.475,115.7));
#11065 = CARTESIAN_POINT('',(265.,6.0625,115.7));
#11066 = GEOMETRIC_CURVE_SET('',(#11067));
#11067 = TRIMMED_CURVE('',#11068,(#11072,PARAMETER_VALUE(0.)),(#11073,
    PARAMETER_VALUE(12.7)),.T.,.PARAMETER.);
#11068 = LINE('',#11069,#11070);
#11069 = CARTESIAN_POINT('',(265.,6.0625,103.));
#11070 = VECTOR('',#11071,1.);
#11071 = DIRECTION('',(0.,0.,1.));
#11072 = CARTESIAN_POINT('',(265.,6.0625,103.));
#11073 = CARTESIAN_POINT('',(265.,6.0625,115.7));
#11074 = GEOMETRIC_CURVE_SET('',(#11075));
#11075 = TRIMMED_CURVE('',#11076,(#11080,PARAMETER_VALUE(0.)),(#11081,
    PARAMETER_VALUE(1.5875)),.T.,.PARAMETER.);
#11076 = LINE('',#11077,#11078);
#11077 = CARTESIAN_POINT('',(265.,4.475,103.));
#11078 = VECTOR('',#11079,1.);
#11079 = DIRECTION('',(0.,1.,0.));
#11080 = CARTESIAN_POINT('',(265.,4.475,103.));
#11081 = CARTESIAN_POINT('',(265.,6.0625,103.));
#11082 = GEOMETRIC_CURVE_SET('',(#11083));
#11083 = TRIMMED_CURVE('',#11084,(#11088,PARAMETER_VALUE(0.)),(#11089,
    PARAMETER_VALUE(255.)),.T.,.PARAMETER.);
#11084 = LINE('',#11085,#11086);
#11085 = CARTESIAN_POINT('',(10.,4.475,103.));
#11086 = VECTOR('',#11087,1.);
#11087 = DIRECTION('',(1.,0.,0.));
#11088 = CARTESIAN_POINT('',(10.,4.475,103.));
#11089 = CARTESIAN_POINT('',(265.,4.475,103.));
#11090 = GEOMETRIC_CURVE_SET('',(#11091));
#11091 = TRIMMED_CURVE('',#11092,(#11096,PARAMETER_VALUE(0.)),(#11097,
    PARAMETER_VALUE(255.)),.T.,.PARAMETER.);
#11092 = LINE('',#11093,#11094);
#11093 = CARTESIAN_POINT('',(10.,4.475,115.7));
#11094 = VECTOR('',#11095,1.);
#11095 = DIRECTION('',(1.,0.,0.));
#11096 = CARTESIAN_POINT('',(10.,4.475,115.7));
#11097 = CARTESIAN_POINT('',(265.,4.475,115.7));
#11098 = GEOMETRIC_CURVE_SET('',(#11099));
#11099 = TRIMMED_CURVE('',#11100,(#11104,PARAMETER_VALUE(0.)),(#11105,
    PARAMETER_VALUE(255.)),.T.,.PARAMETER.);
#11100 = LINE('',#11101,#11102);
#11101 = CARTESIAN_POINT('',(10.,6.0625,103.));
#11102 = VECTOR('',#11103,1.);
#11103 = DIRECTION('',(1.,0.,0.));
#11104 = CARTESIAN_POINT('',(10.,6.0625,103.));
#11105 = CARTESIAN_POINT('',(265.,6.0625,103.));
#11106 = GEOMETRIC_CURVE_SET('',(#11107));
#11107 = TRIMMED_CURVE('',#11108,(#11112,PARAMETER_VALUE(0.)),(#11113,
    PARAMETER_VALUE(255.)),.T.,.PARAMETER.);
#11108 = LINE('',#11109,#11110);
#11109 = CARTESIAN_POINT('',(10.,6.0625,115.7));
#11110 = VECTOR('',#11111,1.);
#11111 = DIRECTION('',(1.,0.,0.));
#11112 = CARTESIAN_POINT('',(10.,6.0625,115.7));
#11113 = CARTESIAN_POINT('',(265.,6.0625,115.7));
#11114 = GEOMETRIC_CURVE_SET('',(#11115));
#11115 = TRIMMED_CURVE('',#11116,(#11120,PARAMETER_VALUE(0.)),(#11121,
    PARAMETER_VALUE(12.7)),.T.,.PARAMETER.);
#11116 = LINE('',#11117,#11118);
#11117 = CARTESIAN_POINT('',(10.,268.9375,103.));
#11118 = VECTOR('',#11119,1.);
#11119 = DIRECTION('',(0.,0.,1.));
#11120 = CARTESIAN_POINT('',(10.,268.9375,103.));
#11121 = CARTESIAN_POINT('',(10.,268.9375,115.7));
#11122 = GEOMETRIC_CURVE_SET('',(#11123));
#11123 = TRIMMED_CURVE('',#11124,(#11128,PARAMETER_VALUE(0.)),(#11129,
    PARAMETER_VALUE(1.5875)),.T.,.PARAMETER.);
#11124 = LINE('',#11125,#11126);
#11125 = CARTESIAN_POINT('',(10.,268.9375,115.7));
#11126 = VECTOR('',#11127,1.);
#11127 = DIRECTION('',(0.,1.,0.));
#11128 = CARTESIAN_POINT('',(10.,268.9375,115.7));
#11129 = CARTESIAN_POINT('',(10.,270.525,115.7));
#11130 = GEOMETRIC_CURVE_SET('',(#11131));
#11131 = TRIMMED_CURVE('',#11132,(#11136,PARAMETER_VALUE(0.)),(#11137,
    PARAMETER_VALUE(12.7)),.T.,.PARAMETER.);
#11132 = LINE('',#11133,#11134);
#11133 = CARTESIAN_POINT('',(10.,270.525,103.));
#11134 = VECTOR('',#11135,1.);
#11135 = DIRECTION('',(0.,0.,1.));
#11136 = CARTESIAN_POINT('',(10.,270.525,103.));
#11137 = CARTESIAN_POINT('',(10.,270.525,115.7));
#11138 = GEOMETRIC_CURVE_SET('',(#11139));
#11139 = TRIMMED_CURVE('',#11140,(#11144,PARAMETER_VALUE(0.)),(#11145,
    PARAMETER_VALUE(1.5875)),.T.,.PARAMETER.);
#11140 = LINE('',#11141,#11142);
#11141 = CARTESIAN_POINT('',(10.,268.9375,103.));
#11142 = VECTOR('',#11143,1.);
#11143 = DIRECTION('',(0.,1.,0.));
#11144 = CARTESIAN_POINT('',(10.,268.9375,103.));
#11145 = CARTESIAN_POINT('',(10.,270.525,103.));
#11146 = GEOMETRIC_CURVE_SET('',(#11147));
#11147 = TRIMMED_CURVE('',#11148,(#11152,PARAMETER_VALUE(0.)),(#11153,
    PARAMETER_VALUE(12.7)),.T.,.PARAMETER.);
#11148 = LINE('',#11149,#11150);
#11149 = CARTESIAN_POINT('',(265.,268.9375,103.));
#11150 = VECTOR('',#11151,1.);
#11151 = DIRECTION('',(0.,0.,1.));
#11152 = CARTESIAN_POINT('',(265.,268.9375,103.));
#11153 = CARTESIAN_POINT('',(265.,268.9375,115.7));
#11154 = GEOMETRIC_CURVE_SET('',(#11155));
#11155 = TRIMMED_CURVE('',#11156,(#11160,PARAMETER_VALUE(0.)),(#11161,
    PARAMETER_VALUE(1.5875)),.T.,.PARAMETER.);
#11156 = LINE('',#11157,#11158);
#11157 = CARTESIAN_POINT('',(265.,268.9375,115.7));
#11158 = VECTOR('',#11159,1.);
#11159 = DIRECTION('',(0.,1.,0.));
#11160 = CARTESIAN_POINT('',(265.,268.9375,115.7));
#11161 = CARTESIAN_POINT('',(265.,270.525,115.7));
#11162 = GEOMETRIC_CURVE_SET('',(#11163));
#11163 = TRIMMED_CURVE('',#11164,(#11168,PARAMETER_VALUE(0.)),(#11169,
    PARAMETER_VALUE(12.7)),.T.,.PARAMETER.);
#11164 = LINE('',#11165,#11166);
#11165 = CARTESIAN_POINT('',(265.,270.525,103.));
#11166 = VECTOR('',#11167,1.);
#11167 = DIRECTION('',(0.,0.,1.));
#11168 = CARTESIAN_POINT('',(265.,270.525,103.));
#11169 = CARTESIAN_POINT('',(265.,270.525,115.7));
#11170 = GEOMETRIC_CURVE_SET('',(#11171));
#11171 = TRIMMED_CURVE('',#11172,(#11176,PARAMETER_VALUE(0.)),(#11177,
    PARAMETER_VALUE(1.5875)),.T.,.PARAMETER.);
#11172 = LINE('',#11173,#11174);
#11173 = CARTESIAN_POINT('',(265.,268.9375,103.));
#11174 = VECTOR('',#11175,1.);
#11175 = DIRECTION('',(0.,1.,0.));
#11176 = CARTESIAN_POINT('',(265.,268.9375,103.));
#11177 = CARTESIAN_POINT('',(265.,270.525,103.));
#11178 = GEOMETRIC_CURVE_SET('',(#11179));
#11179 = TRIMMED_CURVE('',#11180,(#11184,PARAMETER_VALUE(0.)),(#11185,
    PARAMETER_VALUE(255.)),.T.,.PARAMETER.);
#11180 = LINE('',#11181,#11182);
#11181 = CARTESIAN_POINT('',(10.,268.9375,103.));
#11182 = VECTOR('',#11183,1.);
#11183 = DIRECTION('',(1.,0.,0.));
#11184 = CARTESIAN_POINT('',(10.,268.9375,103.));
#11185 = CARTESIAN_POINT('',(265.,268.9375,103.));
#11186 = GEOMETRIC_CURVE_SET('',(#11187));
#11187 = TRIMMED_CURVE('',#11188,(#11192,PARAMETER_VALUE(0.)),(#11193,
    PARAMETER_VALUE(255.)),.T.,.PARAMETER.);
#11188 = LINE('',#11189,#11190);
#11189 = CARTESIAN_POINT('',(10.,268.9375,115.7));
#11190 = VECTOR('',#11191,1.);
#11191 = DIRECTION('',(1.,0.,0.));
#11192 = CARTESIAN_POINT('',(10.,268.9375,115.7));
#11193 = CARTESIAN_POINT('',(265.,268.9375,115.7));
#11194 = GEOMETRIC_CURVE_SET('',(#11195));
#11195 = TRIMMED_CURVE('',#11196,(#11200,PARAMETER_VALUE(0.)),(#11201,
    PARAMETER_VALUE(255.)),.T.,.PARAMETER.);
#11196 = LINE('',#11197,#11198);
#11197 = CARTESIAN_POINT('',(10.,270.525,103.));
#11198 = VECTOR('',#11199,1.);
#11199 = DIRECTION('',(1.,0.,0.));
#11200 = CARTESIAN_POINT('',(10.,270.525,103.));
#11201 = CARTESIAN_POINT('',(265.,270.525,103.));
#11202 = GEOMETRIC_CURVE_SET('',(#11203));
#11203 = TRIMMED_CURVE('',#11204,(#11208,PARAMETER_VALUE(0.)),(#11209,
    PARAMETER_VALUE(255.)),.T.,.PARAMETER.);
#11204 = LINE('',#11205,#11206);
#11205 = CARTESIAN_POINT('',(10.,270.525,115.7));
#11206 = VECTOR('',#11207,1.);
#11207 = DIRECTION('',(1.,0.,0.));
#11208 = CARTESIAN_POINT('',(10.,270.525,115.7));
#11209 = CARTESIAN_POINT('',(265.,270.525,115.7));
#11210 = GEOMETRIC_CURVE_SET('',(#11211));
#11211 = TRIMMED_CURVE('',#11212,(#11216,PARAMETER_VALUE(0.)),(#11217,
    PARAMETER_VALUE(12.7)),.T.,.PARAMETER.);
#11212 = LINE('',#11213,#11214);
#11213 = CARTESIAN_POINT('',(2.5,20.,103.));
#11214 = VECTOR('',#11215,1.);
#11215 = DIRECTION('',(0.,0.,1.));
#11216 = CARTESIAN_POINT('',(2.5,20.,103.));
#11217 = CARTESIAN_POINT('',(2.5,20.,115.7));
#11218 = GEOMETRIC_CURVE_SET('',(#11219));
#11219 = TRIMMED_CURVE('',#11220,(#11224,PARAMETER_VALUE(0.)),(#11225,
    PARAMETER_VALUE(235.)),.T.,.PARAMETER.);
#11220 = LINE('',#11221,#11222);
#11221 = CARTESIAN_POINT('',(2.5,20.,115.7));
#11222 = VECTOR('',#11223,1.);
#11223 = DIRECTION('',(0.,1.,0.));
#11224 = CARTESIAN_POINT('',(2.5,20.,115.7));
#11225 = CARTESIAN_POINT('',(2.5,255.,115.7));
#11226 = GEOMETRIC_CURVE_SET('',(#11227));
#11227 = TRIMMED_CURVE('',#11228,(#11232,PARAMETER_VALUE(0.)),(#11233,
    PARAMETER_VALUE(12.7)),.T.,.PARAMETER.);
#11228 = LINE('',#11229,#11230);
#11229 = CARTESIAN_POINT('',(2.5,255.,103.));
#11230 = VECTOR('',#11231,1.);
#11231 = DIRECTION('',(0.,0.,1.));
#11232 = CARTESIAN_POINT('',(2.5,255.,103.));
#11233 = CARTESIAN_POINT('',(2.5,255.,115.7));
#11234 = GEOMETRIC_CURVE_SET('',(#11235));
#11235 = TRIMMED_CURVE('',#11236,(#11240,PARAMETER_VALUE(0.)),(#11241,
    PARAMETER_VALUE(235.)),.T.,.PARAMETER.);
#11236 = LINE('',#11237,#11238);
#11237 = CARTESIAN_POINT('',(2.5,20.,103.));
#11238 = VECTOR('',#11239,1.);
#11239 = DIRECTION('',(0.,1.,0.));
#11240 = CARTESIAN_POINT('',(2.5,20.,103.));
#11241 = CARTESIAN_POINT('',(2.5,255.,103.));
#11242 = GEOMETRIC_CURVE_SET('',(#11243));
#11243 = TRIMMED_CURVE('',#11244,(#11248,PARAMETER_VALUE(0.)),(#11249,
    PARAMETER_VALUE(12.7)),.T.,.PARAMETER.);
#11244 = LINE('',#11245,#11246);
#11245 = CARTESIAN_POINT('',(4.0875,20.,103.));
#11246 = VECTOR('',#11247,1.);
#11247 = DIRECTION('',(0.,0.,1.));
#11248 = CARTESIAN_POINT('',(4.0875,20.,103.));
#11249 = CARTESIAN_POINT('',(4.0875,20.,115.7));
#11250 = GEOMETRIC_CURVE_SET('',(#11251));
#11251 = TRIMMED_CURVE('',#11252,(#11256,PARAMETER_VALUE(0.)),(#11257,
    PARAMETER_VALUE(235.)),.T.,.PARAMETER.);
#11252 = LINE('',#11253,#11254);
#11253 = CARTESIAN_POINT('',(4.0875,20.,115.7));
#11254 = VECTOR('',#11255,1.);
#11255 = DIRECTION('',(0.,1.,0.));
#11256 = CARTESIAN_POINT('',(4.0875,20.,115.7));
#11257 = CARTESIAN_POINT('',(4.0875,255.,115.7));
#11258 = GEOMETRIC_CURVE_SET('',(#11259));
#11259 = TRIMMED_CURVE('',#11260,(#11264,PARAMETER_VALUE(0.)),(#11265,
    PARAMETER_VALUE(12.7)),.T.,.PARAMETER.);
#11260 = LINE('',#11261,#11262);
#11261 = CARTESIAN_POINT('',(4.0875,255.,103.));
#11262 = VECTOR('',#11263,1.);
#11263 = DIRECTION('',(0.,0.,1.));
#11264 = CARTESIAN_POINT('',(4.0875,255.,103.));
#11265 = CARTESIAN_POINT('',(4.0875,255.,115.7));
#11266 = GEOMETRIC_CURVE_SET('',(#11267));
#11267 = TRIMMED_CURVE('',#11268,(#11272,PARAMETER_VALUE(0.)),(#11273,
    PARAMETER_VALUE(235.)),.T.,.PARAMETER.);
#11268 = LINE('',#11269,#11270);
#11269 = CARTESIAN_POINT('',(4.0875,20.,103.));
#11270 = VECTOR('',#11271,1.);
#11271 = DIRECTION('',(0.,1.,0.));
#11272 = CARTESIAN_POINT('',(4.0875,20.,103.));
#11273 = CARTESIAN_POINT('',(4.0875,255.,103.));
#11274 = GEOMETRIC_CURVE_SET('',(#11275));
#11275 = TRIMMED_CURVE('',#11276,(#11280,PARAMETER_VALUE(0.)),(#11281,
    PARAMETER_VALUE(1.5875)),.T.,.PARAMETER.);
#11276 = LINE('',#11277,#11278);
#11277 = CARTESIAN_POINT('',(2.5,20.,103.));
#11278 = VECTOR('',#11279,1.);
#11279 = DIRECTION('',(1.,0.,0.));
#11280 = CARTESIAN_POINT('',(2.5,20.,103.));
#11281 = CARTESIAN_POINT('',(4.0875,20.,103.));
#11282 = GEOMETRIC_CURVE_SET('',(#11283));
#11283 = TRIMMED_CURVE('',#11284,(#11288,PARAMETER_VALUE(0.)),(#11289,
    PARAMETER_VALUE(1.5875)),.T.,.PARAMETER.);
#11284 = LINE('',#11285,#11286);
#11285 = CARTESIAN_POINT('',(2.5,20.,115.7));
#11286 = VECTOR('',#11287,1.);
#11287 = DIRECTION('',(1.,0.,0.));
#11288 = CARTESIAN_POINT('',(2.5,20.,115.7));
#11289 = CARTESIAN_POINT('',(4.0875,20.,115.7));
#11290 = GEOMETRIC_CURVE_SET('',(#11291));
#11291 = TRIMMED_CURVE('',#11292,(#11296,PARAMETER_VALUE(0.)),(#11297,
    PARAMETER_VALUE(1.5875)),.T.,.PARAMETER.);
#11292 = LINE('',#11293,#11294);
#11293 = CARTESIAN_POINT('',(2.5,255.,103.));
#11294 = VECTOR('',#11295,1.);
#11295 = DIRECTION('',(1.,0.,0.));
#11296 = CARTESIAN_POINT('',(2.5,255.,103.));
#11297 = CARTESIAN_POINT('',(4.0875,255.,103.));
#11298 = GEOMETRIC_CURVE_SET('',(#11299));
#11299 = TRIMMED_CURVE('',#11300,(#11304,PARAMETER_VALUE(0.)),(#11305,
    PARAMETER_VALUE(1.5875)),.T.,.PARAMETER.);
#11300 = LINE('',#11301,#11302);
#11301 = CARTESIAN_POINT('',(2.5,255.,115.7));
#11302 = VECTOR('',#11303,1.);
#11303 = DIRECTION('',(1.,0.,0.));
#11304 = CARTESIAN_POINT('',(2.5,255.,115.7));
#11305 = CARTESIAN_POINT('',(4.0875,255.,115.7));
#11306 = GEOMETRIC_CURVE_SET('',(#11307));
#11307 = TRIMMED_CURVE('',#11308,(#11312,PARAMETER_VALUE(0.)),(#11313,
    PARAMETER_VALUE(12.7)),.T.,.PARAMETER.);
#11308 = LINE('',#11309,#11310);
#11309 = CARTESIAN_POINT('',(270.9125,20.,103.));
#11310 = VECTOR('',#11311,1.);
#11311 = DIRECTION('',(0.,0.,1.));
#11312 = CARTESIAN_POINT('',(270.9125,20.,103.));
#11313 = CARTESIAN_POINT('',(270.9125,20.,115.7));
#11314 = GEOMETRIC_CURVE_SET('',(#11315));
#11315 = TRIMMED_CURVE('',#11316,(#11320,PARAMETER_VALUE(0.)),(#11321,
    PARAMETER_VALUE(235.)),.T.,.PARAMETER.);
#11316 = LINE('',#11317,#11318);
#11317 = CARTESIAN_POINT('',(270.9125,20.,115.7));
#11318 = VECTOR('',#11319,1.);
#11319 = DIRECTION('',(0.,1.,0.));
#11320 = CARTESIAN_POINT('',(270.9125,20.,115.7));
#11321 = CARTESIAN_POINT('',(270.9125,255.,115.7));
#11322 = GEOMETRIC_CURVE_SET('',(#11323));
#11323 = TRIMMED_CURVE('',#11324,(#11328,PARAMETER_VALUE(0.)),(#11329,
    PARAMETER_VALUE(12.7)),.T.,.PARAMETER.);
#11324 = LINE('',#11325,#11326);
#11325 = CARTESIAN_POINT('',(270.9125,255.,103.));
#11326 = VECTOR('',#11327,1.);
#11327 = DIRECTION('',(0.,0.,1.));
#11328 = CARTESIAN_POINT('',(270.9125,255.,103.));
#11329 = CARTESIAN_POINT('',(270.9125,255.,115.7));
#11330 = GEOMETRIC_CURVE_SET('',(#11331));
#11331 = TRIMMED_CURVE('',#11332,(#11336,PARAMETER_VALUE(0.)),(#11337,
    PARAMETER_VALUE(235.)),.T.,.PARAMETER.);
#11332 = LINE('',#11333,#11334);
#11333 = CARTESIAN_POINT('',(270.9125,20.,103.));
#11334 = VECTOR('',#11335,1.);
#11335 = DIRECTION('',(0.,1.,0.));
#11336 = CARTESIAN_POINT('',(270.9125,20.,103.));
#11337 = CARTESIAN_POINT('',(270.9125,255.,103.));
#11338 = GEOMETRIC_CURVE_SET('',(#11339));
#11339 = TRIMMED_CURVE('',#11340,(#11344,PARAMETER_VALUE(0.)),(#11345,
    PARAMETER_VALUE(12.7)),.T.,.PARAMETER.);
#11340 = LINE('',#11341,#11342);
#11341 = CARTESIAN_POINT('',(272.5,20.,103.));
#11342 = VECTOR('',#11343,1.);
#11343 = DIRECTION('',(0.,0.,1.));
#11344 = CARTESIAN_POINT('',(272.5,20.,103.));
#11345 = CARTESIAN_POINT('',(272.5,20.,115.7));
#11346 = GEOMETRIC_CURVE_SET('',(#11347));
#11347 = TRIMMED_CURVE('',#11348,(#11352,PARAMETER_VALUE(0.)),(#11353,
    PARAMETER_VALUE(235.)),.T.,.PARAMETER.);
#11348 = LINE('',#11349,#11350);
#11349 = CARTESIAN_POINT('',(272.5,20.,115.7));
#11350 = VECTOR('',#11351,1.);
#11351 = DIRECTION('',(0.,1.,0.));
#11352 = CARTESIAN_POINT('',(272.5,20.,115.7));
#11353 = CARTESIAN_POINT('',(272.5,255.,115.7));
#11354 = GEOMETRIC_CURVE_SET('',(#11355));
#11355 = TRIMMED_CURVE('',#11356,(#11360,PARAMETER_VALUE(0.)),(#11361,
    PARAMETER_VALUE(12.7)),.T.,.PARAMETER.);
#11356 = LINE('',#11357,#11358);
#11357 = CARTESIAN_POINT('',(272.5,255.,103.));
#11358 = VECTOR('',#11359,1.);
#11359 = DIRECTION('',(0.,0.,1.));
#11360 = CARTESIAN_POINT('',(272.5,255.,103.));
#11361 = CARTESIAN_POINT('',(272.5,255.,115.7));
#11362 = GEOMETRIC_CURVE_SET('',(#11363));
#11363 = TRIMMED_CURVE('',#11364,(#11368,PARAMETER_VALUE(0.)),(#11369,
    PARAMETER_VALUE(235.)),.T.,.PARAMETER.);
#11364 = LINE('',#11365,#11366);
#11365 = CARTESIAN_POINT('',(272.5,20.,103.));
#11366 = VECTOR('',#11367,1.);
#11367 = DIRECTION('',(0.,1.,0.));
#11368 = CARTESIAN_POINT('',(272.5,20.,103.));
#11369 = CARTESIAN_POINT('',(272.5,255.,103.));
#11370 = GEOMETRIC_CURVE_SET('',(#11371));
#11371 = TRIMMED_CURVE('',#11372,(#11376,PARAMETER_VALUE(0.)),(#11377,
    PARAMETER_VALUE(1.5875)),.T.,.PARAMETER.);
#11372 = LINE('',#11373,#11374);
#11373 = CARTESIAN_POINT('',(270.9125,20.,103.));
#11374 = VECTOR('',#11375,1.);
#11375 = DIRECTION('',(1.,0.,0.));
#11376 = CARTESIAN_POINT('',(270.9125,20.,103.));
#11377 = CARTESIAN_POINT('',(272.5,20.,103.));
#11378 = GEOMETRIC_CURVE_SET('',(#11379));
#11379 = TRIMMED_CURVE('',#11380,(#11384,PARAMETER_VALUE(0.)),(#11385,
    PARAMETER_VALUE(1.5875)),.T.,.PARAMETER.);
#11380 = LINE('',#11381,#11382);
#11381 = CARTESIAN_POINT('',(270.9125,20.,115.7));
#11382 = VECTOR('',#11383,1.);
#11383 = DIRECTION('',(1.,0.,0.));
#11384 = CARTESIAN_POINT('',(270.9125,20.,115.7));
#11385 = CARTESIAN_POINT('',(272.5,20.,115.7));
#11386 = GEOMETRIC_CURVE_SET('',(#11387));
#11387 = TRIMMED_CURVE('',#11388,(#11392,PARAMETER_VALUE(0.)),(#11393,
    PARAMETER_VALUE(1.5875)),.T.,.PARAMETER.);
#11388 = LINE('',#11389,#11390);
#11389 = CARTESIAN_POINT('',(270.9125,255.,103.));
#11390 = VECTOR('',#11391,1.);
#11391 = DIRECTION('',(1.,0.,0.));
#11392 = CARTESIAN_POINT('',(270.9125,255.,103.));
#11393 = CARTESIAN_POINT('',(272.5,255.,103.));
#11394 = GEOMETRIC_CURVE_SET('',(#11395));
#11395 = TRIMMED_CURVE('',#11396,(#11400,PARAMETER_VALUE(0.)),(#11401,
    PARAMETER_VALUE(1.5875)),.T.,.PARAMETER.);
#11396 = LINE('',#11397,#11398);
#11397 = CARTESIAN_POINT('',(270.9125,255.,115.7));
#11398 = VECTOR('',#11399,1.);
#11399 = DIRECTION('',(1.,0.,0.));
#11400 = CARTESIAN_POINT('',(270.9125,255.,115.7));
#11401 = CARTESIAN_POINT('',(272.5,255.,115.7));
#11402 = GEOMETRIC_CURVE_SET('',(#11403));
#11403 = TRIMMED_CURVE('',#11404,(#11408,PARAMETER_VALUE(0.)),(#11409,
    PARAMETER_VALUE(12.7)),.T.,.PARAMETER.);
#11404 = LINE('',#11405,#11406);
#11405 = CARTESIAN_POINT('',(4.0875,26.7,103.));
#11406 = VECTOR('',#11407,1.);
#11407 = DIRECTION('',(0.,0.,1.));
#11408 = CARTESIAN_POINT('',(4.0875,26.7,103.));
#11409 = CARTESIAN_POINT('',(4.0875,26.7,115.7));
#11410 = GEOMETRIC_CURVE_SET('',(#11411));
#11411 = TRIMMED_CURVE('',#11412,(#11416,PARAMETER_VALUE(0.)),(#11417,
    PARAMETER_VALUE(12.7)),.T.,.PARAMETER.);
#11412 = LINE('',#11413,#11414);
#11413 = CARTESIAN_POINT('',(4.0875,26.7,115.7));
#11414 = VECTOR('',#11415,1.);
#11415 = DIRECTION('',(0.,1.,0.));
#11416 = CARTESIAN_POINT('',(4.0875,26.7,115.7));
#11417 = CARTESIAN_POINT('',(4.0875,39.4,115.7));
#11418 = GEOMETRIC_CURVE_SET('',(#11419));
#11419 = TRIMMED_CURVE('',#11420,(#11424,PARAMETER_VALUE(0.)),(#11425,
    PARAMETER_VALUE(12.7)),.T.,.PARAMETER.);
#11420 = LINE('',#11421,#11422);
#11421 = CARTESIAN_POINT('',(4.0875,39.4,103.));
#11422 = VECTOR('',#11423,1.);
#11423 = DIRECTION('',(0.,0.,1.));
#11424 = CARTESIAN_POINT('',(4.0875,39.4,103.));
#11425 = CARTESIAN_POINT('',(4.0875,39.4,115.7));
#11426 = GEOMETRIC_CURVE_SET('',(#11427));
#11427 = TRIMMED_CURVE('',#11428,(#11432,PARAMETER_VALUE(0.)),(#11433,
    PARAMETER_VALUE(12.7)),.T.,.PARAMETER.);
#11428 = LINE('',#11429,#11430);
#11429 = CARTESIAN_POINT('',(4.0875,26.7,103.));
#11430 = VECTOR('',#11431,1.);
#11431 = DIRECTION('',(0.,1.,0.));
#11432 = CARTESIAN_POINT('',(4.0875,26.7,103.));
#11433 = CARTESIAN_POINT('',(4.0875,39.4,103.));
#11434 = GEOMETRIC_CURVE_SET('',(#11435));
#11435 = TRIMMED_CURVE('',#11436,(#11440,PARAMETER_VALUE(0.)),(#11441,
    PARAMETER_VALUE(12.7)),.T.,.PARAMETER.);
#11436 = LINE('',#11437,#11438);
#11437 = CARTESIAN_POINT('',(5.675,26.7,103.));
#11438 = VECTOR('',#11439,1.);
#11439 = DIRECTION('',(0.,0.,1.));
#11440 = CARTESIAN_POINT('',(5.675,26.7,103.));
#11441 = CARTESIAN_POINT('',(5.675,26.7,115.7));
#11442 = GEOMETRIC_CURVE_SET('',(#11443));
#11443 = TRIMMED_CURVE('',#11444,(#11448,PARAMETER_VALUE(0.)),(#11449,
    PARAMETER_VALUE(12.7)),.T.,.PARAMETER.);
#11444 = LINE('',#11445,#11446);
#11445 = CARTESIAN_POINT('',(5.675,26.7,115.7));
#11446 = VECTOR('',#11447,1.);
#11447 = DIRECTION('',(0.,1.,0.));
#11448 = CARTESIAN_POINT('',(5.675,26.7,115.7));
#11449 = CARTESIAN_POINT('',(5.675,39.4,115.7));
#11450 = GEOMETRIC_CURVE_SET('',(#11451));
#11451 = TRIMMED_CURVE('',#11452,(#11456,PARAMETER_VALUE(0.)),(#11457,
    PARAMETER_VALUE(12.7)),.T.,.PARAMETER.);
#11452 = LINE('',#11453,#11454);
#11453 = CARTESIAN_POINT('',(5.675,39.4,103.));
#11454 = VECTOR('',#11455,1.);
#11455 = DIRECTION('',(0.,0.,1.));
#11456 = CARTESIAN_POINT('',(5.675,39.4,103.));
#11457 = CARTESIAN_POINT('',(5.675,39.4,115.7));
#11458 = GEOMETRIC_CURVE_SET('',(#11459));
#11459 = TRIMMED_CURVE('',#11460,(#11464,PARAMETER_VALUE(0.)),(#11465,
    PARAMETER_VALUE(12.7)),.T.,.PARAMETER.);
#11460 = LINE('',#11461,#11462);
#11461 = CARTESIAN_POINT('',(5.675,26.7,103.));
#11462 = VECTOR('',#11463,1.);
#11463 = DIRECTION('',(0.,1.,0.));
#11464 = CARTESIAN_POINT('',(5.675,26.7,103.));
#11465 = CARTESIAN_POINT('',(5.675,39.4,103.));
#11466 = GEOMETRIC_CURVE_SET('',(#11467));
#11467 = TRIMMED_CURVE('',#11468,(#11472,PARAMETER_VALUE(0.)),(#11473,
    PARAMETER_VALUE(1.5875)),.T.,.PARAMETER.);
#11468 = LINE('',#11469,#11470);
#11469 = CARTESIAN_POINT('',(4.0875,26.7,103.));
#11470 = VECTOR('',#11471,1.);
#11471 = DIRECTION('',(1.,0.,0.));
#11472 = CARTESIAN_POINT('',(4.0875,26.7,103.));
#11473 = CARTESIAN_POINT('',(5.675,26.7,103.));
#11474 = GEOMETRIC_CURVE_SET('',(#11475));
#11475 = TRIMMED_CURVE('',#11476,(#11480,PARAMETER_VALUE(0.)),(#11481,
    PARAMETER_VALUE(1.5875)),.T.,.PARAMETER.);
#11476 = LINE('',#11477,#11478);
#11477 = CARTESIAN_POINT('',(4.0875,26.7,115.7));
#11478 = VECTOR('',#11479,1.);
#11479 = DIRECTION('',(1.,0.,0.));
#11480 = CARTESIAN_POINT('',(4.0875,26.7,115.7));
#11481 = CARTESIAN_POINT('',(5.675,26.7,115.7));
#11482 = GEOMETRIC_CURVE_SET('',(#11483));
#11483 = TRIMMED_CURVE('',#11484,(#11488,PARAMETER_VALUE(0.)),(#11489,
    PARAMETER_VALUE(1.5875)),.T.,.PARAMETER.);
#11484 = LINE('',#11485,#11486);
#11485 = CARTESIAN_POINT('',(4.0875,39.4,103.));
#11486 = VECTOR('',#11487,1.);
#11487 = DIRECTION('',(1.,0.,0.));
#11488 = CARTESIAN_POINT('',(4.0875,39.4,103.));
#11489 = CARTESIAN_POINT('',(5.675,39.4,103.));
#11490 = GEOMETRIC_CURVE_SET('',(#11491));
#11491 = TRIMMED_CURVE('',#11492,(#11496,PARAMETER_VALUE(0.)),(#11497,
    PARAMETER_VALUE(1.5875)),.T.,.PARAMETER.);
#11492 = LINE('',#11493,#11494);
#11493 = CARTESIAN_POINT('',(4.0875,39.4,115.7));
#11494 = VECTOR('',#11495,1.);
#11495 = DIRECTION('',(1.,0.,0.));
#11496 = CARTESIAN_POINT('',(4.0875,39.4,115.7));
#11497 = CARTESIAN_POINT('',(5.675,39.4,115.7));
#11498 = GEOMETRIC_CURVE_SET('',(#11499));
#11499 = TRIMMED_CURVE('',#11500,(#11504,PARAMETER_VALUE(0.)),(#11505,
    PARAMETER_VALUE(12.7)),.T.,.PARAMETER.);
#11500 = LINE('',#11501,#11502);
#11501 = CARTESIAN_POINT('',(5.675,26.7,103.));
#11502 = VECTOR('',#11503,1.);
#11503 = DIRECTION('',(0.,0.,1.));
#11504 = CARTESIAN_POINT('',(5.675,26.7,103.));
#11505 = CARTESIAN_POINT('',(5.675,26.7,115.7));
#11506 = GEOMETRIC_CURVE_SET('',(#11507));
#11507 = TRIMMED_CURVE('',#11508,(#11512,PARAMETER_VALUE(0.)),(#11513,
    PARAMETER_VALUE(1.5875)),.T.,.PARAMETER.);
#11508 = LINE('',#11509,#11510);
#11509 = CARTESIAN_POINT('',(5.675,26.7,115.7));
#11510 = VECTOR('',#11511,1.);
#11511 = DIRECTION('',(0.,1.,0.));
#11512 = CARTESIAN_POINT('',(5.675,26.7,115.7));
#11513 = CARTESIAN_POINT('',(5.675,28.2875,115.7));
#11514 = GEOMETRIC_CURVE_SET('',(#11515));
#11515 = TRIMMED_CURVE('',#11516,(#11520,PARAMETER_VALUE(0.)),(#11521,
    PARAMETER_VALUE(12.7)),.T.,.PARAMETER.);
#11516 = LINE('',#11517,#11518);
#11517 = CARTESIAN_POINT('',(5.675,28.2875,103.));
#11518 = VECTOR('',#11519,1.);
#11519 = DIRECTION('',(0.,0.,1.));
#11520 = CARTESIAN_POINT('',(5.675,28.2875,103.));
#11521 = CARTESIAN_POINT('',(5.675,28.2875,115.7));
#11522 = GEOMETRIC_CURVE_SET('',(#11523));
#11523 = TRIMMED_CURVE('',#11524,(#11528,PARAMETER_VALUE(0.)),(#11529,
    PARAMETER_VALUE(1.5875)),.T.,.PARAMETER.);
#11524 = LINE('',#11525,#11526);
#11525 = CARTESIAN_POINT('',(5.675,26.7,103.));
#11526 = VECTOR('',#11527,1.);
#11527 = DIRECTION('',(0.,1.,0.));
#11528 = CARTESIAN_POINT('',(5.675,26.7,103.));
#11529 = CARTESIAN_POINT('',(5.675,28.2875,103.));
#11530 = GEOMETRIC_CURVE_SET('',(#11531));
#11531 = TRIMMED_CURVE('',#11532,(#11536,PARAMETER_VALUE(0.)),(#11537,
    PARAMETER_VALUE(12.7)),.T.,.PARAMETER.);
#11532 = LINE('',#11533,#11534);
#11533 = CARTESIAN_POINT('',(16.7875,26.7,103.));
#11534 = VECTOR('',#11535,1.);
#11535 = DIRECTION('',(0.,0.,1.));
#11536 = CARTESIAN_POINT('',(16.7875,26.7,103.));
#11537 = CARTESIAN_POINT('',(16.7875,26.7,115.7));
#11538 = GEOMETRIC_CURVE_SET('',(#11539));
#11539 = TRIMMED_CURVE('',#11540,(#11544,PARAMETER_VALUE(0.)),(#11545,
    PARAMETER_VALUE(1.5875)),.T.,.PARAMETER.);
#11540 = LINE('',#11541,#11542);
#11541 = CARTESIAN_POINT('',(16.7875,26.7,115.7));
#11542 = VECTOR('',#11543,1.);
#11543 = DIRECTION('',(0.,1.,0.));
#11544 = CARTESIAN_POINT('',(16.7875,26.7,115.7));
#11545 = CARTESIAN_POINT('',(16.7875,28.2875,115.7));
#11546 = GEOMETRIC_CURVE_SET('',(#11547));
#11547 = TRIMMED_CURVE('',#11548,(#11552,PARAMETER_VALUE(0.)),(#11553,
    PARAMETER_VALUE(12.7)),.T.,.PARAMETER.);
#11548 = LINE('',#11549,#11550);
#11549 = CARTESIAN_POINT('',(16.7875,28.2875,103.));
#11550 = VECTOR('',#11551,1.);
#11551 = DIRECTION('',(0.,0.,1.));
#11552 = CARTESIAN_POINT('',(16.7875,28.2875,103.));
#11553 = CARTESIAN_POINT('',(16.7875,28.2875,115.7));
#11554 = GEOMETRIC_CURVE_SET('',(#11555));
#11555 = TRIMMED_CURVE('',#11556,(#11560,PARAMETER_VALUE(0.)),(#11561,
    PARAMETER_VALUE(1.5875)),.T.,.PARAMETER.);
#11556 = LINE('',#11557,#11558);
#11557 = CARTESIAN_POINT('',(16.7875,26.7,103.));
#11558 = VECTOR('',#11559,1.);
#11559 = DIRECTION('',(0.,1.,0.));
#11560 = CARTESIAN_POINT('',(16.7875,26.7,103.));
#11561 = CARTESIAN_POINT('',(16.7875,28.2875,103.));
#11562 = GEOMETRIC_CURVE_SET('',(#11563));
#11563 = TRIMMED_CURVE('',#11564,(#11568,PARAMETER_VALUE(0.)),(#11569,
    PARAMETER_VALUE(11.1125)),.T.,.PARAMETER.);
#11564 = LINE('',#11565,#11566);
#11565 = CARTESIAN_POINT('',(5.675,26.7,103.));
#11566 = VECTOR('',#11567,1.);
#11567 = DIRECTION('',(1.,0.,0.));
#11568 = CARTESIAN_POINT('',(5.675,26.7,103.));
#11569 = CARTESIAN_POINT('',(16.7875,26.7,103.));
#11570 = GEOMETRIC_CURVE_SET('',(#11571));
#11571 = TRIMMED_CURVE('',#11572,(#11576,PARAMETER_VALUE(0.)),(#11577,
    PARAMETER_VALUE(11.1125)),.T.,.PARAMETER.);
#11572 = LINE('',#11573,#11574);
#11573 = CARTESIAN_POINT('',(5.675,26.7,115.7));
#11574 = VECTOR('',#11575,1.);
#11575 = DIRECTION('',(1.,0.,0.));
#11576 = CARTESIAN_POINT('',(5.675,26.7,115.7));
#11577 = CARTESIAN_POINT('',(16.7875,26.7,115.7));
#11578 = GEOMETRIC_CURVE_SET('',(#11579));
#11579 = TRIMMED_CURVE('',#11580,(#11584,PARAMETER_VALUE(0.)),(#11585,
    PARAMETER_VALUE(11.1125)),.T.,.PARAMETER.);
#11580 = LINE('',#11581,#11582);
#11581 = CARTESIAN_POINT('',(5.675,28.2875,103.));
#11582 = VECTOR('',#11583,1.);
#11583 = DIRECTION('',(1.,0.,0.));
#11584 = CARTESIAN_POINT('',(5.675,28.2875,103.));
#11585 = CARTESIAN_POINT('',(16.7875,28.2875,103.));
#11586 = GEOMETRIC_CURVE_SET('',(#11587));
#11587 = TRIMMED_CURVE('',#11588,(#11592,PARAMETER_VALUE(0.)),(#11593,
    PARAMETER_VALUE(11.1125)),.T.,.PARAMETER.);
#11588 = LINE('',#11589,#11590);
#11589 = CARTESIAN_POINT('',(5.675,28.2875,115.7));
#11590 = VECTOR('',#11591,1.);
#11591 = DIRECTION('',(1.,0.,0.));
#11592 = CARTESIAN_POINT('',(5.675,28.2875,115.7));
#11593 = CARTESIAN_POINT('',(16.7875,28.2875,115.7));
#11594 = GEOMETRIC_CURVE_SET('',(#11595));
#11595 = TRIMMED_CURVE('',#11596,(#11600,PARAMETER_VALUE(0.)),(#11601,
    PARAMETER_VALUE(12.7)),.T.,.PARAMETER.);
#11596 = LINE('',#11597,#11598);
#11597 = CARTESIAN_POINT('',(269.325,26.7,103.));
#11598 = VECTOR('',#11599,1.);
#11599 = DIRECTION('',(0.,0.,1.));
#11600 = CARTESIAN_POINT('',(269.325,26.7,103.));
#11601 = CARTESIAN_POINT('',(269.325,26.7,115.7));
#11602 = GEOMETRIC_CURVE_SET('',(#11603));
#11603 = TRIMMED_CURVE('',#11604,(#11608,PARAMETER_VALUE(0.)),(#11609,
    PARAMETER_VALUE(12.7)),.T.,.PARAMETER.);
#11604 = LINE('',#11605,#11606);
#11605 = CARTESIAN_POINT('',(269.325,26.7,115.7));
#11606 = VECTOR('',#11607,1.);
#11607 = DIRECTION('',(0.,1.,0.));
#11608 = CARTESIAN_POINT('',(269.325,26.7,115.7));
#11609 = CARTESIAN_POINT('',(269.325,39.4,115.7));
#11610 = GEOMETRIC_CURVE_SET('',(#11611));
#11611 = TRIMMED_CURVE('',#11612,(#11616,PARAMETER_VALUE(0.)),(#11617,
    PARAMETER_VALUE(12.7)),.T.,.PARAMETER.);
#11612 = LINE('',#11613,#11614);
#11613 = CARTESIAN_POINT('',(269.325,39.4,103.));
#11614 = VECTOR('',#11615,1.);
#11615 = DIRECTION('',(0.,0.,1.));
#11616 = CARTESIAN_POINT('',(269.325,39.4,103.));
#11617 = CARTESIAN_POINT('',(269.325,39.4,115.7));
#11618 = GEOMETRIC_CURVE_SET('',(#11619));
#11619 = TRIMMED_CURVE('',#11620,(#11624,PARAMETER_VALUE(0.)),(#11625,
    PARAMETER_VALUE(12.7)),.T.,.PARAMETER.);
#11620 = LINE('',#11621,#11622);
#11621 = CARTESIAN_POINT('',(269.325,26.7,103.));
#11622 = VECTOR('',#11623,1.);
#11623 = DIRECTION('',(0.,1.,0.));
#11624 = CARTESIAN_POINT('',(269.325,26.7,103.));
#11625 = CARTESIAN_POINT('',(269.325,39.4,103.));
#11626 = GEOMETRIC_CURVE_SET('',(#11627));
#11627 = TRIMMED_CURVE('',#11628,(#11632,PARAMETER_VALUE(0.)),(#11633,
    PARAMETER_VALUE(12.7)),.T.,.PARAMETER.);
#11628 = LINE('',#11629,#11630);
#11629 = CARTESIAN_POINT('',(270.9125,26.7,103.));
#11630 = VECTOR('',#11631,1.);
#11631 = DIRECTION('',(0.,0.,1.));
#11632 = CARTESIAN_POINT('',(270.9125,26.7,103.));
#11633 = CARTESIAN_POINT('',(270.9125,26.7,115.7));
#11634 = GEOMETRIC_CURVE_SET('',(#11635));
#11635 = TRIMMED_CURVE('',#11636,(#11640,PARAMETER_VALUE(0.)),(#11641,
    PARAMETER_VALUE(12.7)),.T.,.PARAMETER.);
#11636 = LINE('',#11637,#11638);
#11637 = CARTESIAN_POINT('',(270.9125,26.7,115.7));
#11638 = VECTOR('',#11639,1.);
#11639 = DIRECTION('',(0.,1.,0.));
#11640 = CARTESIAN_POINT('',(270.9125,26.7,115.7));
#11641 = CARTESIAN_POINT('',(270.9125,39.4,115.7));
#11642 = GEOMETRIC_CURVE_SET('',(#11643));
#11643 = TRIMMED_CURVE('',#11644,(#11648,PARAMETER_VALUE(0.)),(#11649,
    PARAMETER_VALUE(12.7)),.T.,.PARAMETER.);
#11644 = LINE('',#11645,#11646);
#11645 = CARTESIAN_POINT('',(270.9125,39.4,103.));
#11646 = VECTOR('',#11647,1.);
#11647 = DIRECTION('',(0.,0.,1.));
#11648 = CARTESIAN_POINT('',(270.9125,39.4,103.));
#11649 = CARTESIAN_POINT('',(270.9125,39.4,115.7));
#11650 = GEOMETRIC_CURVE_SET('',(#11651));
#11651 = TRIMMED_CURVE('',#11652,(#11656,PARAMETER_VALUE(0.)),(#11657,
    PARAMETER_VALUE(12.7)),.T.,.PARAMETER.);
#11652 = LINE('',#11653,#11654);
#11653 = CARTESIAN_POINT('',(270.9125,26.7,103.));
#11654 = VECTOR('',#11655,1.);
#11655 = DIRECTION('',(0.,1.,0.));
#11656 = CARTESIAN_POINT('',(270.9125,26.7,103.));
#11657 = CARTESIAN_POINT('',(270.9125,39.4,103.));
#11658 = GEOMETRIC_CURVE_SET('',(#11659));
#11659 = TRIMMED_CURVE('',#11660,(#11664,PARAMETER_VALUE(0.)),(#11665,
    PARAMETER_VALUE(1.5875)),.T.,.PARAMETER.);
#11660 = LINE('',#11661,#11662);
#11661 = CARTESIAN_POINT('',(269.325,26.7,103.));
#11662 = VECTOR('',#11663,1.);
#11663 = DIRECTION('',(1.,0.,0.));
#11664 = CARTESIAN_POINT('',(269.325,26.7,103.));
#11665 = CARTESIAN_POINT('',(270.9125,26.7,103.));
#11666 = GEOMETRIC_CURVE_SET('',(#11667));
#11667 = TRIMMED_CURVE('',#11668,(#11672,PARAMETER_VALUE(0.)),(#11673,
    PARAMETER_VALUE(1.5875)),.T.,.PARAMETER.);
#11668 = LINE('',#11669,#11670);
#11669 = CARTESIAN_POINT('',(269.325,26.7,115.7));
#11670 = VECTOR('',#11671,1.);
#11671 = DIRECTION('',(1.,0.,0.));
#11672 = CARTESIAN_POINT('',(269.325,26.7,115.7));
#11673 = CARTESIAN_POINT('',(270.9125,26.7,115.7));
#11674 = GEOMETRIC_CURVE_SET('',(#11675));
#11675 = TRIMMED_CURVE('',#11676,(#11680,PARAMETER_VALUE(0.)),(#11681,
    PARAMETER_VALUE(1.5875)),.T.,.PARAMETER.);
#11676 = LINE('',#11677,#11678);
#11677 = CARTESIAN_POINT('',(269.325,39.4,103.));
#11678 = VECTOR('',#11679,1.);
#11679 = DIRECTION('',(1.,0.,0.));
#11680 = CARTESIAN_POINT('',(269.325,39.4,103.));
#11681 = CARTESIAN_POINT('',(270.9125,39.4,103.));
#11682 = GEOMETRIC_CURVE_SET('',(#11683));
#11683 = TRIMMED_CURVE('',#11684,(#11688,PARAMETER_VALUE(0.)),(#11689,
    PARAMETER_VALUE(1.5875)),.T.,.PARAMETER.);
#11684 = LINE('',#11685,#11686);
#11685 = CARTESIAN_POINT('',(269.325,39.4,115.7));
#11686 = VECTOR('',#11687,1.);
#11687 = DIRECTION('',(1.,0.,0.));
#11688 = CARTESIAN_POINT('',(269.325,39.4,115.7));
#11689 = CARTESIAN_POINT('',(270.9125,39.4,115.7));
#11690 = GEOMETRIC_CURVE_SET('',(#11691));
#11691 = TRIMMED_CURVE('',#11692,(#11696,PARAMETER_VALUE(0.)),(#11697,
    PARAMETER_VALUE(12.7)),.T.,.PARAMETER.);
#11692 = LINE('',#11693,#11694);
#11693 = CARTESIAN_POINT('',(258.2125,26.7,103.));
#11694 = VECTOR('',#11695,1.);
#11695 = DIRECTION('',(0.,0.,1.));
#11696 = CARTESIAN_POINT('',(258.2125,26.7,103.));
#11697 = CARTESIAN_POINT('',(258.2125,26.7,115.7));
#11698 = GEOMETRIC_CURVE_SET('',(#11699));
#11699 = TRIMMED_CURVE('',#11700,(#11704,PARAMETER_VALUE(0.)),(#11705,
    PARAMETER_VALUE(1.5875)),.T.,.PARAMETER.);
#11700 = LINE('',#11701,#11702);
#11701 = CARTESIAN_POINT('',(258.2125,26.7,115.7));
#11702 = VECTOR('',#11703,1.);
#11703 = DIRECTION('',(0.,1.,0.));
#11704 = CARTESIAN_POINT('',(258.2125,26.7,115.7));
#11705 = CARTESIAN_POINT('',(258.2125,28.2875,115.7));
#11706 = GEOMETRIC_CURVE_SET('',(#11707));
#11707 = TRIMMED_CURVE('',#11708,(#11712,PARAMETER_VALUE(0.)),(#11713,
    PARAMETER_VALUE(12.7)),.T.,.PARAMETER.);
#11708 = LINE('',#11709,#11710);
#11709 = CARTESIAN_POINT('',(258.2125,28.2875,103.));
#11710 = VECTOR('',#11711,1.);
#11711 = DIRECTION('',(0.,0.,1.));
#11712 = CARTESIAN_POINT('',(258.2125,28.2875,103.));
#11713 = CARTESIAN_POINT('',(258.2125,28.2875,115.7));
#11714 = GEOMETRIC_CURVE_SET('',(#11715));
#11715 = TRIMMED_CURVE('',#11716,(#11720,PARAMETER_VALUE(0.)),(#11721,
    PARAMETER_VALUE(1.5875)),.T.,.PARAMETER.);
#11716 = LINE('',#11717,#11718);
#11717 = CARTESIAN_POINT('',(258.2125,26.7,103.));
#11718 = VECTOR('',#11719,1.);
#11719 = DIRECTION('',(0.,1.,0.));
#11720 = CARTESIAN_POINT('',(258.2125,26.7,103.));
#11721 = CARTESIAN_POINT('',(258.2125,28.2875,103.));
#11722 = GEOMETRIC_CURVE_SET('',(#11723));
#11723 = TRIMMED_CURVE('',#11724,(#11728,PARAMETER_VALUE(0.)),(#11729,
    PARAMETER_VALUE(12.7)),.T.,.PARAMETER.);
#11724 = LINE('',#11725,#11726);
#11725 = CARTESIAN_POINT('',(269.325,26.7,103.));
#11726 = VECTOR('',#11727,1.);
#11727 = DIRECTION('',(0.,0.,1.));
#11728 = CARTESIAN_POINT('',(269.325,26.7,103.));
#11729 = CARTESIAN_POINT('',(269.325,26.7,115.7));
#11730 = GEOMETRIC_CURVE_SET('',(#11731));
#11731 = TRIMMED_CURVE('',#11732,(#11736,PARAMETER_VALUE(0.)),(#11737,
    PARAMETER_VALUE(1.5875)),.T.,.PARAMETER.);
#11732 = LINE('',#11733,#11734);
#11733 = CARTESIAN_POINT('',(269.325,26.7,115.7));
#11734 = VECTOR('',#11735,1.);
#11735 = DIRECTION('',(0.,1.,0.));
#11736 = CARTESIAN_POINT('',(269.325,26.7,115.7));
#11737 = CARTESIAN_POINT('',(269.325,28.2875,115.7));
#11738 = GEOMETRIC_CURVE_SET('',(#11739));
#11739 = TRIMMED_CURVE('',#11740,(#11744,PARAMETER_VALUE(0.)),(#11745,
    PARAMETER_VALUE(12.7)),.T.,.PARAMETER.);
#11740 = LINE('',#11741,#11742);
#11741 = CARTESIAN_POINT('',(269.325,28.2875,103.));
#11742 = VECTOR('',#11743,1.);
#11743 = DIRECTION('',(0.,0.,1.));
#11744 = CARTESIAN_POINT('',(269.325,28.2875,103.));
#11745 = CARTESIAN_POINT('',(269.325,28.2875,115.7));
#11746 = GEOMETRIC_CURVE_SET('',(#11747));
#11747 = TRIMMED_CURVE('',#11748,(#11752,PARAMETER_VALUE(0.)),(#11753,
    PARAMETER_VALUE(1.5875)),.T.,.PARAMETER.);
#11748 = LINE('',#11749,#11750);
#11749 = CARTESIAN_POINT('',(269.325,26.7,103.));
#11750 = VECTOR('',#11751,1.);
#11751 = DIRECTION('',(0.,1.,0.));
#11752 = CARTESIAN_POINT('',(269.325,26.7,103.));
#11753 = CARTESIAN_POINT('',(269.325,28.2875,103.));
#11754 = GEOMETRIC_CURVE_SET('',(#11755));
#11755 = TRIMMED_CURVE('',#11756,(#11760,PARAMETER_VALUE(0.)),(#11761,
    PARAMETER_VALUE(11.1125)),.T.,.PARAMETER.);
#11756 = LINE('',#11757,#11758);
#11757 = CARTESIAN_POINT('',(258.2125,26.7,103.));
#11758 = VECTOR('',#11759,1.);
#11759 = DIRECTION('',(1.,0.,0.));
#11760 = CARTESIAN_POINT('',(258.2125,26.7,103.));
#11761 = CARTESIAN_POINT('',(269.325,26.7,103.));
#11762 = GEOMETRIC_CURVE_SET('',(#11763));
#11763 = TRIMMED_CURVE('',#11764,(#11768,PARAMETER_VALUE(0.)),(#11769,
    PARAMETER_VALUE(11.1125)),.T.,.PARAMETER.);
#11764 = LINE('',#11765,#11766);
#11765 = CARTESIAN_POINT('',(258.2125,26.7,115.7));
#11766 = VECTOR('',#11767,1.);
#11767 = DIRECTION('',(1.,0.,0.));
#11768 = CARTESIAN_POINT('',(258.2125,26.7,115.7));
#11769 = CARTESIAN_POINT('',(269.325,26.7,115.7));
#11770 = GEOMETRIC_CURVE_SET('',(#11771));
#11771 = TRIMMED_CURVE('',#11772,(#11776,PARAMETER_VALUE(0.)),(#11777,
    PARAMETER_VALUE(11.1125)),.T.,.PARAMETER.);
#11772 = LINE('',#11773,#11774);
#11773 = CARTESIAN_POINT('',(258.2125,28.2875,103.));
#11774 = VECTOR('',#11775,1.);
#11775 = DIRECTION('',(1.,0.,0.));
#11776 = CARTESIAN_POINT('',(258.2125,28.2875,103.));
#11777 = CARTESIAN_POINT('',(269.325,28.2875,103.));
#11778 = GEOMETRIC_CURVE_SET('',(#11779));
#11779 = TRIMMED_CURVE('',#11780,(#11784,PARAMETER_VALUE(0.)),(#11785,
    PARAMETER_VALUE(11.1125)),.T.,.PARAMETER.);
#11780 = LINE('',#11781,#11782);
#11781 = CARTESIAN_POINT('',(258.2125,28.2875,115.7));
#11782 = VECTOR('',#11783,1.);
#11783 = DIRECTION('',(1.,0.,0.));
#11784 = CARTESIAN_POINT('',(258.2125,28.2875,115.7));
#11785 = CARTESIAN_POINT('',(269.325,28.2875,115.7));
#11786 = GEOMETRIC_CURVE_SET('',(#11787));
#11787 = TRIMMED_CURVE('',#11788,(#11792,PARAMETER_VALUE(0.)),(#11793,
    PARAMETER_VALUE(12.7)),.T.,.PARAMETER.);
#11788 = LINE('',#11789,#11790);
#11789 = CARTESIAN_POINT('',(4.0875,235.6,103.));
#11790 = VECTOR('',#11791,1.);
#11791 = DIRECTION('',(0.,0.,1.));
#11792 = CARTESIAN_POINT('',(4.0875,235.6,103.));
#11793 = CARTESIAN_POINT('',(4.0875,235.6,115.7));
#11794 = GEOMETRIC_CURVE_SET('',(#11795));
#11795 = TRIMMED_CURVE('',#11796,(#11800,PARAMETER_VALUE(0.)),(#11801,
    PARAMETER_VALUE(12.7)),.T.,.PARAMETER.);
#11796 = LINE('',#11797,#11798);
#11797 = CARTESIAN_POINT('',(4.0875,235.6,115.7));
#11798 = VECTOR('',#11799,1.);
#11799 = DIRECTION('',(0.,1.,0.));
#11800 = CARTESIAN_POINT('',(4.0875,235.6,115.7));
#11801 = CARTESIAN_POINT('',(4.0875,248.3,115.7));
#11802 = GEOMETRIC_CURVE_SET('',(#11803));
#11803 = TRIMMED_CURVE('',#11804,(#11808,PARAMETER_VALUE(0.)),(#11809,
    PARAMETER_VALUE(12.7)),.T.,.PARAMETER.);
#11804 = LINE('',#11805,#11806);
#11805 = CARTESIAN_POINT('',(4.0875,248.3,103.));
#11806 = VECTOR('',#11807,1.);
#11807 = DIRECTION('',(0.,0.,1.));
#11808 = CARTESIAN_POINT('',(4.0875,248.3,103.));
#11809 = CARTESIAN_POINT('',(4.0875,248.3,115.7));
#11810 = GEOMETRIC_CURVE_SET('',(#11811));
#11811 = TRIMMED_CURVE('',#11812,(#11816,PARAMETER_VALUE(0.)),(#11817,
    PARAMETER_VALUE(12.7)),.T.,.PARAMETER.);
#11812 = LINE('',#11813,#11814);
#11813 = CARTESIAN_POINT('',(4.0875,235.6,103.));
#11814 = VECTOR('',#11815,1.);
#11815 = DIRECTION('',(0.,1.,0.));
#11816 = CARTESIAN_POINT('',(4.0875,235.6,103.));
#11817 = CARTESIAN_POINT('',(4.0875,248.3,103.));
#11818 = GEOMETRIC_CURVE_SET('',(#11819));
#11819 = TRIMMED_CURVE('',#11820,(#11824,PARAMETER_VALUE(0.)),(#11825,
    PARAMETER_VALUE(12.7)),.T.,.PARAMETER.);
#11820 = LINE('',#11821,#11822);
#11821 = CARTESIAN_POINT('',(5.675,235.6,103.));
#11822 = VECTOR('',#11823,1.);
#11823 = DIRECTION('',(0.,0.,1.));
#11824 = CARTESIAN_POINT('',(5.675,235.6,103.));
#11825 = CARTESIAN_POINT('',(5.675,235.6,115.7));
#11826 = GEOMETRIC_CURVE_SET('',(#11827));
#11827 = TRIMMED_CURVE('',#11828,(#11832,PARAMETER_VALUE(0.)),(#11833,
    PARAMETER_VALUE(12.7)),.T.,.PARAMETER.);
#11828 = LINE('',#11829,#11830);
#11829 = CARTESIAN_POINT('',(5.675,235.6,115.7));
#11830 = VECTOR('',#11831,1.);
#11831 = DIRECTION('',(0.,1.,0.));
#11832 = CARTESIAN_POINT('',(5.675,235.6,115.7));
#11833 = CARTESIAN_POINT('',(5.675,248.3,115.7));
#11834 = GEOMETRIC_CURVE_SET('',(#11835));
#11835 = TRIMMED_CURVE('',#11836,(#11840,PARAMETER_VALUE(0.)),(#11841,
    PARAMETER_VALUE(12.7)),.T.,.PARAMETER.);
#11836 = LINE('',#11837,#11838);
#11837 = CARTESIAN_POINT('',(5.675,248.3,103.));
#11838 = VECTOR('',#11839,1.);
#11839 = DIRECTION('',(0.,0.,1.));
#11840 = CARTESIAN_POINT('',(5.675,248.3,103.));
#11841 = CARTESIAN_POINT('',(5.675,248.3,115.7));
#11842 = GEOMETRIC_CURVE_SET('',(#11843));
#11843 = TRIMMED_CURVE('',#11844,(#11848,PARAMETER_VALUE(0.)),(#11849,
    PARAMETER_VALUE(12.7)),.T.,.PARAMETER.);
#11844 = LINE('',#11845,#11846);
#11845 = CARTESIAN_POINT('',(5.675,235.6,103.));
#11846 = VECTOR('',#11847,1.);
#11847 = DIRECTION('',(0.,1.,0.));
#11848 = CARTESIAN_POINT('',(5.675,235.6,103.));
#11849 = CARTESIAN_POINT('',(5.675,248.3,103.));
#11850 = GEOMETRIC_CURVE_SET('',(#11851));
#11851 = TRIMMED_CURVE('',#11852,(#11856,PARAMETER_VALUE(0.)),(#11857,
    PARAMETER_VALUE(1.5875)),.T.,.PARAMETER.);
#11852 = LINE('',#11853,#11854);
#11853 = CARTESIAN_POINT('',(4.0875,235.6,103.));
#11854 = VECTOR('',#11855,1.);
#11855 = DIRECTION('',(1.,0.,0.));
#11856 = CARTESIAN_POINT('',(4.0875,235.6,103.));
#11857 = CARTESIAN_POINT('',(5.675,235.6,103.));
#11858 = GEOMETRIC_CURVE_SET('',(#11859));
#11859 = TRIMMED_CURVE('',#11860,(#11864,PARAMETER_VALUE(0.)),(#11865,
    PARAMETER_VALUE(1.5875)),.T.,.PARAMETER.);
#11860 = LINE('',#11861,#11862);
#11861 = CARTESIAN_POINT('',(4.0875,235.6,115.7));
#11862 = VECTOR('',#11863,1.);
#11863 = DIRECTION('',(1.,0.,0.));
#11864 = CARTESIAN_POINT('',(4.0875,235.6,115.7));
#11865 = CARTESIAN_POINT('',(5.675,235.6,115.7));
#11866 = GEOMETRIC_CURVE_SET('',(#11867));
#11867 = TRIMMED_CURVE('',#11868,(#11872,PARAMETER_VALUE(0.)),(#11873,
    PARAMETER_VALUE(1.5875)),.T.,.PARAMETER.);
#11868 = LINE('',#11869,#11870);
#11869 = CARTESIAN_POINT('',(4.0875,248.3,103.));
#11870 = VECTOR('',#11871,1.);
#11871 = DIRECTION('',(1.,0.,0.));
#11872 = CARTESIAN_POINT('',(4.0875,248.3,103.));
#11873 = CARTESIAN_POINT('',(5.675,248.3,103.));
#11874 = GEOMETRIC_CURVE_SET('',(#11875));
#11875 = TRIMMED_CURVE('',#11876,(#11880,PARAMETER_VALUE(0.)),(#11881,
    PARAMETER_VALUE(1.5875)),.T.,.PARAMETER.);
#11876 = LINE('',#11877,#11878);
#11877 = CARTESIAN_POINT('',(4.0875,248.3,115.7));
#11878 = VECTOR('',#11879,1.);
#11879 = DIRECTION('',(1.,0.,0.));
#11880 = CARTESIAN_POINT('',(4.0875,248.3,115.7));
#11881 = CARTESIAN_POINT('',(5.675,248.3,115.7));
#11882 = GEOMETRIC_CURVE_SET('',(#11883));
#11883 = TRIMMED_CURVE('',#11884,(#11888,PARAMETER_VALUE(0.)),(#11889,
    PARAMETER_VALUE(12.7)),.T.,.PARAMETER.);
#11884 = LINE('',#11885,#11886);
#11885 = CARTESIAN_POINT('',(5.675,246.7125,103.));
#11886 = VECTOR('',#11887,1.);
#11887 = DIRECTION('',(0.,0.,1.));
#11888 = CARTESIAN_POINT('',(5.675,246.7125,103.));
#11889 = CARTESIAN_POINT('',(5.675,246.7125,115.7));
#11890 = GEOMETRIC_CURVE_SET('',(#11891));
#11891 = TRIMMED_CURVE('',#11892,(#11896,PARAMETER_VALUE(0.)),(#11897,
    PARAMETER_VALUE(1.5875)),.T.,.PARAMETER.);
#11892 = LINE('',#11893,#11894);
#11893 = CARTESIAN_POINT('',(5.675,246.7125,115.7));
#11894 = VECTOR('',#11895,1.);
#11895 = DIRECTION('',(0.,1.,0.));
#11896 = CARTESIAN_POINT('',(5.675,246.7125,115.7));
#11897 = CARTESIAN_POINT('',(5.675,248.3,115.7));
#11898 = GEOMETRIC_CURVE_SET('',(#11899));
#11899 = TRIMMED_CURVE('',#11900,(#11904,PARAMETER_VALUE(0.)),(#11905,
    PARAMETER_VALUE(12.7)),.T.,.PARAMETER.);
#11900 = LINE('',#11901,#11902);
#11901 = CARTESIAN_POINT('',(5.675,248.3,103.));
#11902 = VECTOR('',#11903,1.);
#11903 = DIRECTION('',(0.,0.,1.));
#11904 = CARTESIAN_POINT('',(5.675,248.3,103.));
#11905 = CARTESIAN_POINT('',(5.675,248.3,115.7));
#11906 = GEOMETRIC_CURVE_SET('',(#11907));
#11907 = TRIMMED_CURVE('',#11908,(#11912,PARAMETER_VALUE(0.)),(#11913,
    PARAMETER_VALUE(1.5875)),.T.,.PARAMETER.);
#11908 = LINE('',#11909,#11910);
#11909 = CARTESIAN_POINT('',(5.675,246.7125,103.));
#11910 = VECTOR('',#11911,1.);
#11911 = DIRECTION('',(0.,1.,0.));
#11912 = CARTESIAN_POINT('',(5.675,246.7125,103.));
#11913 = CARTESIAN_POINT('',(5.675,248.3,103.));
#11914 = GEOMETRIC_CURVE_SET('',(#11915));
#11915 = TRIMMED_CURVE('',#11916,(#11920,PARAMETER_VALUE(0.)),(#11921,
    PARAMETER_VALUE(12.7)),.T.,.PARAMETER.);
#11916 = LINE('',#11917,#11918);
#11917 = CARTESIAN_POINT('',(16.7875,246.7125,103.));
#11918 = VECTOR('',#11919,1.);
#11919 = DIRECTION('',(0.,0.,1.));
#11920 = CARTESIAN_POINT('',(16.7875,246.7125,103.));
#11921 = CARTESIAN_POINT('',(16.7875,246.7125,115.7));
#11922 = GEOMETRIC_CURVE_SET('',(#11923));
#11923 = TRIMMED_CURVE('',#11924,(#11928,PARAMETER_VALUE(0.)),(#11929,
    PARAMETER_VALUE(1.5875)),.T.,.PARAMETER.);
#11924 = LINE('',#11925,#11926);
#11925 = CARTESIAN_POINT('',(16.7875,246.7125,115.7));
#11926 = VECTOR('',#11927,1.);
#11927 = DIRECTION('',(0.,1.,0.));
#11928 = CARTESIAN_POINT('',(16.7875,246.7125,115.7));
#11929 = CARTESIAN_POINT('',(16.7875,248.3,115.7));
#11930 = GEOMETRIC_CURVE_SET('',(#11931));
#11931 = TRIMMED_CURVE('',#11932,(#11936,PARAMETER_VALUE(0.)),(#11937,
    PARAMETER_VALUE(12.7)),.T.,.PARAMETER.);
#11932 = LINE('',#11933,#11934);
#11933 = CARTESIAN_POINT('',(16.7875,248.3,103.));
#11934 = VECTOR('',#11935,1.);
#11935 = DIRECTION('',(0.,0.,1.));
#11936 = CARTESIAN_POINT('',(16.7875,248.3,103.));
#11937 = CARTESIAN_POINT('',(16.7875,248.3,115.7));
#11938 = GEOMETRIC_CURVE_SET('',(#11939));
#11939 = TRIMMED_CURVE('',#11940,(#11944,PARAMETER_VALUE(0.)),(#11945,
    PARAMETER_VALUE(1.5875)),.T.,.PARAMETER.);
#11940 = LINE('',#11941,#11942);
#11941 = CARTESIAN_POINT('',(16.7875,246.7125,103.));
#11942 = VECTOR('',#11943,1.);
#11943 = DIRECTION('',(0.,1.,0.));
#11944 = CARTESIAN_POINT('',(16.7875,246.7125,103.));
#11945 = CARTESIAN_POINT('',(16.7875,248.3,103.));
#11946 = GEOMETRIC_CURVE_SET('',(#11947));
#11947 = TRIMMED_CURVE('',#11948,(#11952,PARAMETER_VALUE(0.)),(#11953,
    PARAMETER_VALUE(11.1125)),.T.,.PARAMETER.);
#11948 = LINE('',#11949,#11950);
#11949 = CARTESIAN_POINT('',(5.675,246.7125,103.));
#11950 = VECTOR('',#11951,1.);
#11951 = DIRECTION('',(1.,0.,0.));
#11952 = CARTESIAN_POINT('',(5.675,246.7125,103.));
#11953 = CARTESIAN_POINT('',(16.7875,246.7125,103.));
#11954 = GEOMETRIC_CURVE_SET('',(#11955));
#11955 = TRIMMED_CURVE('',#11956,(#11960,PARAMETER_VALUE(0.)),(#11961,
    PARAMETER_VALUE(11.1125)),.T.,.PARAMETER.);
#11956 = LINE('',#11957,#11958);
#11957 = CARTESIAN_POINT('',(5.675,246.7125,115.7));
#11958 = VECTOR('',#11959,1.);
#11959 = DIRECTION('',(1.,0.,0.));
#11960 = CARTESIAN_POINT('',(5.675,246.7125,115.7));
#11961 = CARTESIAN_POINT('',(16.7875,246.7125,115.7));
#11962 = GEOMETRIC_CURVE_SET('',(#11963));
#11963 = TRIMMED_CURVE('',#11964,(#11968,PARAMETER_VALUE(0.)),(#11969,
    PARAMETER_VALUE(11.1125)),.T.,.PARAMETER.);
#11964 = LINE('',#11965,#11966);
#11965 = CARTESIAN_POINT('',(5.675,248.3,103.));
#11966 = VECTOR('',#11967,1.);
#11967 = DIRECTION('',(1.,0.,0.));
#11968 = CARTESIAN_POINT('',(5.675,248.3,103.));
#11969 = CARTESIAN_POINT('',(16.7875,248.3,103.));
#11970 = GEOMETRIC_CURVE_SET('',(#11971));
#11971 = TRIMMED_CURVE('',#11972,(#11976,PARAMETER_VALUE(0.)),(#11977,
    PARAMETER_VALUE(11.1125)),.T.,.PARAMETER.);
#11972 = LINE('',#11973,#11974);
#11973 = CARTESIAN_POINT('',(5.675,248.3,115.7));
#11974 = VECTOR('',#11975,1.);
#11975 = DIRECTION('',(1.,0.,0.));
#11976 = CARTESIAN_POINT('',(5.675,248.3,115.7));
#11977 = CARTESIAN_POINT('',(16.7875,248.3,115.7));
#11978 = GEOMETRIC_CURVE_SET('',(#11979));
#11979 = TRIMMED_CURVE('',#11980,(#11984,PARAMETER_VALUE(0.)),(#11985,
    PARAMETER_VALUE(12.7)),.T.,.PARAMETER.);
#11980 = LINE('',#11981,#11982);
#11981 = CARTESIAN_POINT('',(269.325,235.6,103.));
#11982 = VECTOR('',#11983,1.);
#11983 = DIRECTION('',(0.,0.,1.));
#11984 = CARTESIAN_POINT('',(269.325,235.6,103.));
#11985 = CARTESIAN_POINT('',(269.325,235.6,115.7));
#11986 = GEOMETRIC_CURVE_SET('',(#11987));
#11987 = TRIMMED_CURVE('',#11988,(#11992,PARAMETER_VALUE(0.)),(#11993,
    PARAMETER_VALUE(12.7)),.T.,.PARAMETER.);
#11988 = LINE('',#11989,#11990);
#11989 = CARTESIAN_POINT('',(269.325,235.6,115.7));
#11990 = VECTOR('',#11991,1.);
#11991 = DIRECTION('',(0.,1.,0.));
#11992 = CARTESIAN_POINT('',(269.325,235.6,115.7));
#11993 = CARTESIAN_POINT('',(269.325,248.3,115.7));
#11994 = GEOMETRIC_CURVE_SET('',(#11995));
#11995 = TRIMMED_CURVE('',#11996,(#12000,PARAMETER_VALUE(0.)),(#12001,
    PARAMETER_VALUE(12.7)),.T.,.PARAMETER.);
#11996 = LINE('',#11997,#11998);
#11997 = CARTESIAN_POINT('',(269.325,248.3,103.));
#11998 = VECTOR('',#11999,1.);
#11999 = DIRECTION('',(0.,0.,1.));
#12000 = CARTESIAN_POINT('',(269.325,248.3,103.));
#12001 = CARTESIAN_POINT('',(269.325,248.3,115.7));
#12002 = GEOMETRIC_CURVE_SET('',(#12003));
#12003 = TRIMMED_CURVE('',#12004,(#12008,PARAMETER_VALUE(0.)),(#12009,
    PARAMETER_VALUE(12.7)),.T.,.PARAMETER.);
#12004 = LINE('',#12005,#12006);
#12005 = CARTESIAN_POINT('',(269.325,235.6,103.));
#12006 = VECTOR('',#12007,1.);
#12007 = DIRECTION('',(0.,1.,0.));
#12008 = CARTESIAN_POINT('',(269.325,235.6,103.));
#12009 = CARTESIAN_POINT('',(269.325,248.3,103.));
#12010 = GEOMETRIC_CURVE_SET('',(#12011));
#12011 = TRIMMED_CURVE('',#12012,(#12016,PARAMETER_VALUE(0.)),(#12017,
    PARAMETER_VALUE(12.7)),.T.,.PARAMETER.);
#12012 = LINE('',#12013,#12014);
#12013 = CARTESIAN_POINT('',(270.9125,235.6,103.));
#12014 = VECTOR('',#12015,1.);
#12015 = DIRECTION('',(0.,0.,1.));
#12016 = CARTESIAN_POINT('',(270.9125,235.6,103.));
#12017 = CARTESIAN_POINT('',(270.9125,235.6,115.7));
#12018 = GEOMETRIC_CURVE_SET('',(#12019));
#12019 = TRIMMED_CURVE('',#12020,(#12024,PARAMETER_VALUE(0.)),(#12025,
    PARAMETER_VALUE(12.7)),.T.,.PARAMETER.);
#12020 = LINE('',#12021,#12022);
#12021 = CARTESIAN_POINT('',(270.9125,235.6,115.7));
#12022 = VECTOR('',#12023,1.);
#12023 = DIRECTION('',(0.,1.,0.));
#12024 = CARTESIAN_POINT('',(270.9125,235.6,115.7));
#12025 = CARTESIAN_POINT('',(270.9125,248.3,115.7));
#12026 = GEOMETRIC_CURVE_SET('',(#12027));
#12027 = TRIMMED_CURVE('',#12028,(#12032,PARAMETER_VALUE(0.)),(#12033,
    PARAMETER_VALUE(12.7)),.T.,.PARAMETER.);
#12028 = LINE('',#12029,#12030);
#12029 = CARTESIAN_POINT('',(270.9125,248.3,103.));
#12030 = VECTOR('',#12031,1.);
#12031 = DIRECTION('',(0.,0.,1.));
#12032 = CARTESIAN_POINT('',(270.9125,248.3,103.));
#12033 = CARTESIAN_POINT('',(270.9125,248.3,115.7));
#12034 = GEOMETRIC_CURVE_SET('',(#12035));
#12035 = TRIMMED_CURVE('',#12036,(#12040,PARAMETER_VALUE(0.)),(#12041,
    PARAMETER_VALUE(12.7)),.T.,.PARAMETER.);
#12036 = LINE('',#12037,#12038);
#12037 = CARTESIAN_POINT('',(270.9125,235.6,103.));
#12038 = VECTOR('',#12039,1.);
#12039 = DIRECTION('',(0.,1.,0.));
#12040 = CARTESIAN_POINT('',(270.9125,235.6,103.));
#12041 = CARTESIAN_POINT('',(270.9125,248.3,103.));
#12042 = GEOMETRIC_CURVE_SET('',(#12043));
#12043 = TRIMMED_CURVE('',#12044,(#12048,PARAMETER_VALUE(0.)),(#12049,
    PARAMETER_VALUE(1.5875)),.T.,.PARAMETER.);
#12044 = LINE('',#12045,#12046);
#12045 = CARTESIAN_POINT('',(269.325,235.6,103.));
#12046 = VECTOR('',#12047,1.);
#12047 = DIRECTION('',(1.,0.,0.));
#12048 = CARTESIAN_POINT('',(269.325,235.6,103.));
#12049 = CARTESIAN_POINT('',(270.9125,235.6,103.));
#12050 = GEOMETRIC_CURVE_SET('',(#12051));
#12051 = TRIMMED_CURVE('',#12052,(#12056,PARAMETER_VALUE(0.)),(#12057,
    PARAMETER_VALUE(1.5875)),.T.,.PARAMETER.);
#12052 = LINE('',#12053,#12054);
#12053 = CARTESIAN_POINT('',(269.325,235.6,115.7));
#12054 = VECTOR('',#12055,1.);
#12055 = DIRECTION('',(1.,0.,0.));
#12056 = CARTESIAN_POINT('',(269.325,235.6,115.7));
#12057 = CARTESIAN_POINT('',(270.9125,235.6,115.7));
#12058 = GEOMETRIC_CURVE_SET('',(#12059));
#12059 = TRIMMED_CURVE('',#12060,(#12064,PARAMETER_VALUE(0.)),(#12065,
    PARAMETER_VALUE(1.5875)),.T.,.PARAMETER.);
#12060 = LINE('',#12061,#12062);
#12061 = CARTESIAN_POINT('',(269.325,248.3,103.));
#12062 = VECTOR('',#12063,1.);
#12063 = DIRECTION('',(1.,0.,0.));
#12064 = CARTESIAN_POINT('',(269.325,248.3,103.));
#12065 = CARTESIAN_POINT('',(270.9125,248.3,103.));
#12066 = GEOMETRIC_CURVE_SET('',(#12067));
#12067 = TRIMMED_CURVE('',#12068,(#12072,PARAMETER_VALUE(0.)),(#12073,
    PARAMETER_VALUE(1.5875)),.T.,.PARAMETER.);
#12068 = LINE('',#12069,#12070);
#12069 = CARTESIAN_POINT('',(269.325,248.3,115.7));
#12070 = VECTOR('',#12071,1.);
#12071 = DIRECTION('',(1.,0.,0.));
#12072 = CARTESIAN_POINT('',(269.325,248.3,115.7));
#12073 = CARTESIAN_POINT('',(270.9125,248.3,115.7));
#12074 = GEOMETRIC_CURVE_SET('',(#12075));
#12075 = TRIMMED_CURVE('',#12076,(#12080,PARAMETER_VALUE(0.)),(#12081,
    PARAMETER_VALUE(12.7)),.T.,.PARAMETER.);
#12076 = LINE('',#12077,#12078);
#12077 = CARTESIAN_POINT('',(258.2125,246.7125,103.));
#12078 = VECTOR('',#12079,1.);
#12079 = DIRECTION('',(0.,0.,1.));
#12080 = CARTESIAN_POINT('',(258.2125,246.7125,103.));
#12081 = CARTESIAN_POINT('',(258.2125,246.7125,115.7));
#12082 = GEOMETRIC_CURVE_SET('',(#12083));
#12083 = TRIMMED_CURVE('',#12084,(#12088,PARAMETER_VALUE(0.)),(#12089,
    PARAMETER_VALUE(1.5875)),.T.,.PARAMETER.);
#12084 = LINE('',#12085,#12086);
#12085 = CARTESIAN_POINT('',(258.2125,246.7125,115.7));
#12086 = VECTOR('',#12087,1.);
#12087 = DIRECTION('',(0.,1.,0.));
#12088 = CARTESIAN_POINT('',(258.2125,246.7125,115.7));
#12089 = CARTESIAN_POINT('',(258.2125,248.3,115.7));
#12090 = GEOMETRIC_CURVE_SET('',(#12091));
#12091 = TRIMMED_CURVE('',#12092,(#12096,PARAMETER_VALUE(0.)),(#12097,
    PARAMETER_VALUE(12.7)),.T.,.PARAMETER.);
#12092 = LINE('',#12093,#12094);
#12093 = CARTESIAN_POINT('',(258.2125,248.3,103.));
#12094 = VECTOR('',#12095,1.);
#12095 = DIRECTION('',(0.,0.,1.));
#12096 = CARTESIAN_POINT('',(258.2125,248.3,103.));
#12097 = CARTESIAN_POINT('',(258.2125,248.3,115.7));
#12098 = GEOMETRIC_CURVE_SET('',(#12099));
#12099 = TRIMMED_CURVE('',#12100,(#12104,PARAMETER_VALUE(0.)),(#12105,
    PARAMETER_VALUE(1.5875)),.T.,.PARAMETER.);
#12100 = LINE('',#12101,#12102);
#12101 = CARTESIAN_POINT('',(258.2125,246.7125,103.));
#12102 = VECTOR('',#12103,1.);
#12103 = DIRECTION('',(0.,1.,0.));
#12104 = CARTESIAN_POINT('',(258.2125,246.7125,103.));
#12105 = CARTESIAN_POINT('',(258.2125,248.3,103.));
#12106 = GEOMETRIC_CURVE_SET('',(#12107));
#12107 = TRIMMED_CURVE('',#12108,(#12112,PARAMETER_VALUE(0.)),(#12113,
    PARAMETER_VALUE(12.7)),.T.,.PARAMETER.);
#12108 = LINE('',#12109,#12110);
#12109 = CARTESIAN_POINT('',(269.325,246.7125,103.));
#12110 = VECTOR('',#12111,1.);
#12111 = DIRECTION('',(0.,0.,1.));
#12112 = CARTESIAN_POINT('',(269.325,246.7125,103.));
#12113 = CARTESIAN_POINT('',(269.325,246.7125,115.7));
#12114 = GEOMETRIC_CURVE_SET('',(#12115));
#12115 = TRIMMED_CURVE('',#12116,(#12120,PARAMETER_VALUE(0.)),(#12121,
    PARAMETER_VALUE(1.5875)),.T.,.PARAMETER.);
#12116 = LINE('',#12117,#12118);
#12117 = CARTESIAN_POINT('',(269.325,246.7125,115.7));
#12118 = VECTOR('',#12119,1.);
#12119 = DIRECTION('',(0.,1.,0.));
#12120 = CARTESIAN_POINT('',(269.325,246.7125,115.7));
#12121 = CARTESIAN_POINT('',(269.325,248.3,115.7));
#12122 = GEOMETRIC_CURVE_SET('',(#12123));
#12123 = TRIMMED_CURVE('',#12124,(#12128,PARAMETER_VALUE(0.)),(#12129,
    PARAMETER_VALUE(12.7)),.T.,.PARAMETER.);
#12124 = LINE('',#12125,#12126);
#12125 = CARTESIAN_POINT('',(269.325,248.3,103.));
#12126 = VECTOR('',#12127,1.);
#12127 = DIRECTION('',(0.,0.,1.));
#12128 = CARTESIAN_POINT('',(269.325,248.3,103.));
#12129 = CARTESIAN_POINT('',(269.325,248.3,115.7));
#12130 = GEOMETRIC_CURVE_SET('',(#12131));
#12131 = TRIMMED_CURVE('',#12132,(#12136,PARAMETER_VALUE(0.)),(#12137,
    PARAMETER_VALUE(1.5875)),.T.,.PARAMETER.);
#12132 = LINE('',#12133,#12134);
#12133 = CARTESIAN_POINT('',(269.325,246.7125,103.));
#12134 = VECTOR('',#12135,1.);
#12135 = DIRECTION('',(0.,1.,0.));
#12136 = CARTESIAN_POINT('',(269.325,246.7125,103.));
#12137 = CARTESIAN_POINT('',(269.325,248.3,103.));
#12138 = GEOMETRIC_CURVE_SET('',(#12139));
#12139 = TRIMMED_CURVE('',#12140,(#12144,PARAMETER_VALUE(0.)),(#12145,
    PARAMETER_VALUE(11.1125)),.T.,.PARAMETER.);
#12140 = LINE('',#12141,#12142);
#12141 = CARTESIAN_POINT('',(258.2125,246.7125,103.));
#12142 = VECTOR('',#12143,1.);
#12143 = DIRECTION('',(1.,0.,0.));
#12144 = CARTESIAN_POINT('',(258.2125,246.7125,103.));
#12145 = CARTESIAN_POINT('',(269.325,246.7125,103.));
#12146 = GEOMETRIC_CURVE_SET('',(#12147));
#12147 = TRIMMED_CURVE('',#12148,(#12152,PARAMETER_VALUE(0.)),(#12153,
    PARAMETER_VALUE(11.1125)),.T.,.PARAMETER.);
#12148 = LINE('',#12149,#12150);
#12149 = CARTESIAN_POINT('',(258.2125,246.7125,115.7));
#12150 = VECTOR('',#12151,1.);
#12151 = DIRECTION('',(1.,0.,0.));
#12152 = CARTESIAN_POINT('',(258.2125,246.7125,115.7));
#12153 = CARTESIAN_POINT('',(269.325,246.7125,115.7));
#12154 = GEOMETRIC_CURVE_SET('',(#12155));
#12155 = TRIMMED_CURVE('',#12156,(#12160,PARAMETER_VALUE(0.)),(#12161,
    PARAMETER_VALUE(11.1125)),.T.,.PARAMETER.);
#12156 = LINE('',#12157,#12158);
#12157 = CARTESIAN_POINT('',(258.2125,248.3,103.));
#12158 = VECTOR('',#12159,1.);
#12159 = DIRECTION('',(1.,0.,0.));
#12160 = CARTESIAN_POINT('',(258.2125,248.3,103.));
#12161 = CARTESIAN_POINT('',(269.325,248.3,103.));
#12162 = GEOMETRIC_CURVE_SET('',(#12163));
#12163 = TRIMMED_CURVE('',#12164,(#12168,PARAMETER_VALUE(0.)),(#12169,
    PARAMETER_VALUE(11.1125)),.T.,.PARAMETER.);
#12164 = LINE('',#12165,#12166);
#12165 = CARTESIAN_POINT('',(258.2125,248.3,115.7));
#12166 = VECTOR('',#12167,1.);
#12167 = DIRECTION('',(1.,0.,0.));
#12168 = CARTESIAN_POINT('',(258.2125,248.3,115.7));
#12169 = CARTESIAN_POINT('',(269.325,248.3,115.7));
#12170 = GEOMETRIC_CURVE_SET('',(#12171));
#12171 = TRIMMED_CURVE('',#12172,(#12176,PARAMETER_VALUE(0.)),(#12177,
    PARAMETER_VALUE(40.)),.T.,.PARAMETER.);
#12172 = LINE('',#12173,#12174);
#12173 = CARTESIAN_POINT('',(98.,105.07820144332,33.5));
#12174 = VECTOR('',#12175,1.);
#12175 = DIRECTION('',(0.,0.998044963917,6.25E-02));
#12176 = CARTESIAN_POINT('',(98.,105.07820144332,33.5));
#12177 = CARTESIAN_POINT('',(98.,145.,36.));
#12178 = GEOMETRIC_CURVE_SET('',(#12179));
#12179 = TRIMMED_CURVE('',#12180,(#12185,PARAMETER_VALUE(0.)),(#12186,
    PARAMETER_VALUE(6.28318530718)),.T.,.PARAMETER.);
#12180 = CIRCLE('',#12181,5.);
#12181 = AXIS2_PLACEMENT_3D('',#12182,#12183,#12184);
#12182 = CARTESIAN_POINT('',(80.,129.03128057732,62.));
#12183 = DIRECTION('',(0.,0.,1.));
#12184 = DIRECTION('',(1.,0.,0.));
#12185 = CARTESIAN_POINT('',(85.,129.03128057732,62.));
#12186 = CARTESIAN_POINT('',(85.,129.03128057732,62.));
#12187 = GEOMETRIC_CURVE_SET('',(#12188));
#12188 = TRIMMED_CURVE('',#12189,(#12193,PARAMETER_VALUE(0.)),(#12194,
    PARAMETER_VALUE(27.)),.T.,.PARAMETER.);
#12189 = LINE('',#12190,#12191);
#12190 = CARTESIAN_POINT('',(85.,129.03128057732,35.));
#12191 = VECTOR('',#12192,1.);
#12192 = DIRECTION('',(0.,0.,1.));
#12193 = CARTESIAN_POINT('',(85.,129.03128057732,35.));
#12194 = CARTESIAN_POINT('',(85.,129.03128057732,62.));
#12195 = GEOMETRIC_CURVE_SET('',(#12196));
#12196 = TRIMMED_CURVE('',#12197,(#12202,PARAMETER_VALUE(0.)),(#12203,
    PARAMETER_VALUE(6.28318530718)),.T.,.PARAMETER.);
#12197 = CIRCLE('',#12198,5.);
#12198 = AXIS2_PLACEMENT_3D('',#12199,#12200,#12201);
#12199 = CARTESIAN_POINT('',(80.,129.03128057732,35.));
#12200 = DIRECTION('',(0.,0.,1.));
#12201 = DIRECTION('',(1.,0.,0.));
#12202 = CARTESIAN_POINT('',(85.,129.03128057732,35.));
#12203 = CARTESIAN_POINT('',(85.,129.03128057732,35.));
#12204 = GEOMETRIC_CURVE_SET('',(#12205));
#12205 = TRIMMED_CURVE('',#12206,(#12210,PARAMETER_VALUE(0.)),(#12211,
    PARAMETER_VALUE(40.)),.T.,.PARAMETER.);
#12206 = LINE('',#12207,#12208);
#12207 = CARTESIAN_POINT('',(177.,105.07820144332,33.5));
#12208 = VECTOR('',#12209,1.);
#12209 = DIRECTION('',(0.,0.998044963917,6.25E-02));
#12210 = CARTESIAN_POINT('',(177.,105.07820144332,33.5));
#12211 = CARTESIAN_POINT('',(177.,145.,36.));
#12212 = GEOMETRIC_CURVE_SET('',(#12213));
#12213 = TRIMMED_CURVE('',#12214,(#12219,PARAMETER_VALUE(0.)),(#12220,
    PARAMETER_VALUE(6.28318530718)),.T.,.PARAMETER.);
#12214 = CIRCLE('',#12215,5.);
#12215 = AXIS2_PLACEMENT_3D('',#12216,#12217,#12218);
#12216 = CARTESIAN_POINT('',(195.,129.03128057732,62.));
#12217 = DIRECTION('',(0.,0.,1.));
#12218 = DIRECTION('',(1.,0.,0.));
#12219 = CARTESIAN_POINT('',(200.,129.03128057732,62.));
#12220 = CARTESIAN_POINT('',(200.,129.03128057732,62.));
#12221 = GEOMETRIC_CURVE_SET('',(#12222));
#12222 = TRIMMED_CURVE('',#12223,(#12227,PARAMETER_VALUE(0.)),(#12228,
    PARAMETER_VALUE(27.)),.T.,.PARAMETER.);
#12223 = LINE('',#12224,#12225);
#12224 = CARTESIAN_POINT('',(200.,129.03128057732,35.));
#12225 = VECTOR('',#12226,1.);
#12226 = DIRECTION('',(0.,0.,1.));
#12227 = CARTESIAN_POINT('',(200.,129.03128057732,35.));
#12228 = CARTESIAN_POINT('',(200.,129.03128057732,62.));
#12229 = GEOMETRIC_CURVE_SET('',(#12230));
#12230 = TRIMMED_CURVE('',#12231,(#12236,PARAMETER_VALUE(0.)),(#12237,
    PARAMETER_VALUE(6.28318530718)),.T.,.PARAMETER.);
#12231 = CIRCLE('',#12232,5.);
#12232 = AXIS2_PLACEMENT_3D('',#12233,#12234,#12235);
#12233 = CARTESIAN_POINT('',(195.,129.03128057732,35.));
#12234 = DIRECTION('',(0.,0.,1.));
#12235 = DIRECTION('',(1.,0.,0.));
#12236 = CARTESIAN_POINT('',(200.,129.03128057732,35.));
#12237 = CARTESIAN_POINT('',(200.,129.03128057732,35.));
#12238 = GEOMETRIC_CURVE_SET('',(#12239));
#12239 = TRIMMED_CURVE('',#12240,(#12245,PARAMETER_VALUE(0.)),(#12246,
    PARAMETER_VALUE(6.28318530718)),.T.,.PARAMETER.);
#12240 = CIRCLE('',#12241,40.5);
#12241 = AXIS2_PLACEMENT_3D('',#12242,#12243,#12244);
#12242 = CARTESIAN_POINT('',(137.5,232.,50.5));
#12243 = DIRECTION('',(0.,0.,1.));
#12244 = DIRECTION('',(1.,0.,0.));
#12245 = CARTESIAN_POINT('',(178.,232.,50.5));
#12246 = CARTESIAN_POINT('',(178.,232.,50.5));
#12247 = GEOMETRIC_CURVE_SET('',(#12248));
#12248 = TRIMMED_CURVE('',#12249,(#12253,PARAMETER_VALUE(0.)),(#12254,
    PARAMETER_VALUE(50.5)),.T.,.PARAMETER.);
#12249 = LINE('',#12250,#12251);
#12250 = CARTESIAN_POINT('',(178.,232.,0.));
#12251 = VECTOR('',#12252,1.);
#12252 = DIRECTION('',(0.,0.,1.));
#12253 = CARTESIAN_POINT('',(178.,232.,0.));
#12254 = CARTESIAN_POINT('',(178.,232.,50.5));
#12255 = GEOMETRIC_CURVE_SET('',(#12256));
#12256 = TRIMMED_CURVE('',#12257,(#12262,PARAMETER_VALUE(0.)),(#12263,
    PARAMETER_VALUE(6.28318530718)),.T.,.PARAMETER.);
#12257 = CIRCLE('',#12258,40.5);
#12258 = AXIS2_PLACEMENT_3D('',#12259,#12260,#12261);
#12259 = CARTESIAN_POINT('',(137.5,232.,0.));
#12260 = DIRECTION('',(0.,0.,1.));
#12261 = DIRECTION('',(1.,0.,0.));
#12262 = CARTESIAN_POINT('',(178.,232.,0.));
#12263 = CARTESIAN_POINT('',(178.,232.,0.));
#12264 = GEOMETRIC_CURVE_SET('',(#12265));
#12265 = TRIMMED_CURVE('',#12266,(#12271,PARAMETER_VALUE(0.)),(#12272,
    PARAMETER_VALUE(6.28318530718)),.T.,.PARAMETER.);
#12266 = CIRCLE('',#12267,8.);
#12267 = AXIS2_PLACEMENT_3D('',#12268,#12269,#12270);
#12268 = CARTESIAN_POINT('',(137.5,232.,61.));
#12269 = DIRECTION('',(0.,0.,1.));
#12270 = DIRECTION('',(1.,0.,0.));
#12271 = CARTESIAN_POINT('',(145.5,232.,61.));
#12272 = CARTESIAN_POINT('',(145.5,232.,61.));
#12273 = GEOMETRIC_CURVE_SET('',(#12274));
#12274 = TRIMMED_CURVE('',#12275,(#12279,PARAMETER_VALUE(0.)),(#12280,
    PARAMETER_VALUE(5.)),.T.,.PARAMETER.);
#12275 = LINE('',#12276,#12277);
#12276 = CARTESIAN_POINT('',(145.5,232.,56.));
#12277 = VECTOR('',#12278,1.);
#12278 = DIRECTION('',(0.,0.,1.));
#12279 = CARTESIAN_POINT('',(145.5,232.,56.));
#12280 = CARTESIAN_POINT('',(145.5,232.,61.));
#12281 = GEOMETRIC_CURVE_SET('',(#12282));
#12282 = TRIMMED_CURVE('',#12283,(#12288,PARAMETER_VALUE(0.)),(#12289,
    PARAMETER_VALUE(6.28318530718)),.T.,.PARAMETER.);
#12283 = CIRCLE('',#12284,8.);
#12284 = AXIS2_PLACEMENT_3D('',#12285,#12286,#12287);
#12285 = CARTESIAN_POINT('',(137.5,232.,56.));
#12286 = DIRECTION('',(0.,0.,1.));
#12287 = DIRECTION('',(1.,0.,0.));
#12288 = CARTESIAN_POINT('',(145.5,232.,56.));
#12289 = CARTESIAN_POINT('',(145.5,232.,56.));
#12290 = ( GEOMETRIC_REPRESENTATION_CONTEXT(3) 
GLOBAL_UNCERTAINTY_ASSIGNED_CONTEXT((#12294)) 
GLOBAL_UNIT_ASSIGNED_CONTEXT((#12291,#12292,#12293)) 
REPRESENTATION_CONTEXT('Context #1',
  '3D Context with UNIT and UNCERTAINTY') );
#12291 = ( LENGTH_UNIT() NAMED_UNIT(*) SI_UNIT(.MILLI.,.METRE.) );
#12292 = ( NAMED_UNIT(*) PLANE_ANGLE_UNIT() SI_UNIT($,.RADIAN.) );
#12293 = ( NAMED_UNIT(*) SI_UNIT($,.STERADIAN.) SOLID_ANGLE_UNIT() );
#12294 = UNCERTAINTY_MEASURE_WITH_UNIT(LENGTH_MEASURE(1.E-07),#12291,
  'distance_accuracy_value','confusion accuracy');
#12295 = PRODUCT_RELATED_PRODUCT_CATEGORY('part',$,(#7));
ENDSEC;
END-ISO-10303-21;
