ISO-10303-21;
HEADER;
FILE_DESCRIPTION(('FreeCAD Model'),'2;1');
FILE_NAME('Open CASCADE Shape Model','2026-09-13T23:05:50',('FreeCAD'),(
    'FreeCAD'),'Open CASCADE STEP processor 7.8','FreeCAD','Unknown');
FILE_SCHEMA(('AUTOMOTIVE_DESIGN { 1 0 10303 214 1 1 1 1 }'));
ENDSEC;
DATA;
#1 = APPLICATION_PROTOCOL_DEFINITION('international standard',
  'automotive_design',2000,#2);
#2 = APPLICATION_CONTEXT(
  'core data for automotive mechanical design processes');
#3 = SHAPE_DEFINITION_REPRESENTATION(#4,#10);
#4 = PRODUCT_DEFINITION_SHAPE('','',#5);
#5 = PRODUCT_DEFINITION('design','',#6,#9);
#6 = PRODUCT_DEFINITION_FORMATION('','',#7);
#7 = PRODUCT('Open CASCADE STEP translator 7.8 4',
  'Open CASCADE STEP translator 7.8 4','',(#8));
#8 = PRODUCT_CONTEXT('',#2,'mechanical');
#9 = PRODUCT_DEFINITION_CONTEXT('part definition',#2,'design');
#10 = SHAPE_REPRESENTATION('',(#11,#15,#165,#315,#465,#615,#765,#915,
    #1065,#1215,#1365,#1554,#1743,#1893,#2043,#2232,#2421,#2746,#3071,
    #3260,#3449,#3599,#3749,#3938,#4127,#4452,#4777,#4966,#5155,#5305,
    #5455,#5644,#5833,#6158,#6483,#6672,#6861,#7011,#7161,#7350,#7539,
    #7864,#8189,#8339,#8489,#8639,#8789,#8939,#9089,#9239,#9389,#9539,
    #9689,#9839,#9989,#10139,#10289,#10439,#10589,#10739,#10889,#11039,
    #11189,#11339,#11489,#11639,#11789,#11939,#12089,#12181,#12273,
    #12423,#12573,#12626,#12718,#12771,#12863,#12916,#13008,#13061,
    #13153,#13206,#13259,#13312,#13365,#13373,#13381,#13389,#13397,
    #13405,#13413,#13421,#13429,#13437,#13445,#13453,#13461,#13469,
    #13477,#13485,#13493,#13501,#13509,#13517,#13525,#13533,#13541,
    #13549,#13557,#13565,#13573,#13581,#13589,#13597,#13605,#13613,
    #13621,#13629,#13637,#13645,#13653,#13661,#13669,#13677,#13685,
    #13693,#13701,#13709,#13717,#13725,#13733,#13741,#13749,#13757,
    #13765,#13773,#13781,#13789,#13797,#13805,#13813,#13821,#13829,
    #13837,#13845,#13853,#13861,#13869,#13877,#13885,#13893,#13901,
    #13909,#13917,#13925,#13933,#13941,#13949,#13957,#13965,#13973,
    #13981,#13989,#13997,#14005,#14013,#14021,#14029,#14037,#14045,
    #14053,#14061,#14069,#14077,#14085,#14093,#14101,#14109,#14117,
    #14125,#14133,#14141,#14149,#14157,#14165,#14173,#14181,#14189,
    #14197,#14205,#14213,#14221,#14229,#14237,#14245,#14253,#14261,
    #14269,#14277,#14285,#14293,#14301,#14309,#14317,#14325,#14333,
    #14341,#14349,#14357,#14365,#14373,#14381,#14389,#14397,#14405,
    #14413,#14421,#14429,#14437,#14445,#14453,#14461,#14469,#14477,
    #14485,#14493,#14501,#14509,#14517,#14525,#14533,#14541,#14549,
    #14557,#14565,#14573,#14581,#14589,#14597,#14605,#14613,#14621,
    #14629,#14637,#14645,#14653,#14661,#14669,#14677,#14685,#14693,
    #14701),#14709);
#11 = AXIS2_PLACEMENT_3D('',#12,#13,#14);
#12 = CARTESIAN_POINT('',(0.,0.,0.));
#13 = DIRECTION('',(0.,0.,1.));
#14 = DIRECTION('',(1.,0.,-0.));
#15 = MANIFOLD_SOLID_BREP('',#16);
#16 = CLOSED_SHELL('',(#17,#57,#97,#119,#141,#153));
#17 = ADVANCED_FACE('',(#18),#52,.F.);
#18 = FACE_BOUND('',#19,.F.);
#19 = EDGE_LOOP('',(#20,#30,#38,#46));
#20 = ORIENTED_EDGE('',*,*,#21,.F.);
#21 = EDGE_CURVE('',#22,#24,#26,.T.);
#22 = VERTEX_POINT('',#23);
#23 = CARTESIAN_POINT('',(227.,86.,89.));
#24 = VERTEX_POINT('',#25);
#25 = CARTESIAN_POINT('',(227.,86.,121.));
#26 = LINE('',#27,#28);
#27 = CARTESIAN_POINT('',(227.,86.,89.));
#28 = VECTOR('',#29,1.);
#29 = DIRECTION('',(0.,0.,1.));
#30 = ORIENTED_EDGE('',*,*,#31,.T.);
#31 = EDGE_CURVE('',#22,#32,#34,.T.);
#32 = VERTEX_POINT('',#33);
#33 = CARTESIAN_POINT('',(227.,154.,89.));
#34 = LINE('',#35,#36);
#35 = CARTESIAN_POINT('',(227.,86.,89.));
#36 = VECTOR('',#37,1.);
#37 = DIRECTION('',(0.,1.,0.));
#38 = ORIENTED_EDGE('',*,*,#39,.T.);
#39 = EDGE_CURVE('',#32,#40,#42,.T.);
#40 = VERTEX_POINT('',#41);
#41 = CARTESIAN_POINT('',(227.,154.,121.));
#42 = LINE('',#43,#44);
#43 = CARTESIAN_POINT('',(227.,154.,89.));
#44 = VECTOR('',#45,1.);
#45 = DIRECTION('',(0.,0.,1.));
#46 = ORIENTED_EDGE('',*,*,#47,.F.);
#47 = EDGE_CURVE('',#24,#40,#48,.T.);
#48 = LINE('',#49,#50);
#49 = CARTESIAN_POINT('',(227.,86.,121.));
#50 = VECTOR('',#51,1.);
#51 = DIRECTION('',(0.,1.,0.));
#52 = PLANE('',#53);
#53 = AXIS2_PLACEMENT_3D('',#54,#55,#56);
#54 = CARTESIAN_POINT('',(227.,86.,89.));
#55 = DIRECTION('',(1.,0.,0.));
#56 = DIRECTION('',(0.,0.,1.));
#57 = ADVANCED_FACE('',(#58),#92,.T.);
#58 = FACE_BOUND('',#59,.T.);
#59 = EDGE_LOOP('',(#60,#70,#78,#86));
#60 = ORIENTED_EDGE('',*,*,#61,.F.);
#61 = EDGE_CURVE('',#62,#64,#66,.T.);
#62 = VERTEX_POINT('',#63);
#63 = CARTESIAN_POINT('',(270.,86.,89.));
#64 = VERTEX_POINT('',#65);
#65 = CARTESIAN_POINT('',(270.,86.,121.));
#66 = LINE('',#67,#68);
#67 = CARTESIAN_POINT('',(270.,86.,89.));
#68 = VECTOR('',#69,1.);
#69 = DIRECTION('',(0.,0.,1.));
#70 = ORIENTED_EDGE('',*,*,#71,.T.);
#71 = EDGE_CURVE('',#62,#72,#74,.T.);
#72 = VERTEX_POINT('',#73);
#73 = CARTESIAN_POINT('',(270.,154.,89.));
#74 = LINE('',#75,#76);
#75 = CARTESIAN_POINT('',(270.,86.,89.));
#76 = VECTOR('',#77,1.);
#77 = DIRECTION('',(0.,1.,0.));
#78 = ORIENTED_EDGE('',*,*,#79,.T.);
#79 = EDGE_CURVE('',#72,#80,#82,.T.);
#80 = VERTEX_POINT('',#81);
#81 = CARTESIAN_POINT('',(270.,154.,121.));
#82 = LINE('',#83,#84);
#83 = CARTESIAN_POINT('',(270.,154.,89.));
#84 = VECTOR('',#85,1.);
#85 = DIRECTION('',(0.,0.,1.));
#86 = ORIENTED_EDGE('',*,*,#87,.F.);
#87 = EDGE_CURVE('',#64,#80,#88,.T.);
#88 = LINE('',#89,#90);
#89 = CARTESIAN_POINT('',(270.,86.,121.));
#90 = VECTOR('',#91,1.);
#91 = DIRECTION('',(0.,1.,0.));
#92 = PLANE('',#93);
#93 = AXIS2_PLACEMENT_3D('',#94,#95,#96);
#94 = CARTESIAN_POINT('',(270.,86.,89.));
#95 = DIRECTION('',(1.,0.,0.));
#96 = DIRECTION('',(0.,0.,1.));
#97 = ADVANCED_FACE('',(#98),#114,.F.);
#98 = FACE_BOUND('',#99,.F.);
#99 = EDGE_LOOP('',(#100,#106,#107,#113));
#100 = ORIENTED_EDGE('',*,*,#101,.F.);
#101 = EDGE_CURVE('',#22,#62,#102,.T.);
#102 = LINE('',#103,#104);
#103 = CARTESIAN_POINT('',(227.,86.,89.));
#104 = VECTOR('',#105,1.);
#105 = DIRECTION('',(1.,0.,0.));
#106 = ORIENTED_EDGE('',*,*,#21,.T.);
#107 = ORIENTED_EDGE('',*,*,#108,.T.);
#108 = EDGE_CURVE('',#24,#64,#109,.T.);
#109 = LINE('',#110,#111);
#110 = CARTESIAN_POINT('',(227.,86.,121.));
#111 = VECTOR('',#112,1.);
#112 = DIRECTION('',(1.,0.,0.));
#113 = ORIENTED_EDGE('',*,*,#61,.F.);
#114 = PLANE('',#115);
#115 = AXIS2_PLACEMENT_3D('',#116,#117,#118);
#116 = CARTESIAN_POINT('',(227.,86.,89.));
#117 = DIRECTION('',(0.,1.,0.));
#118 = DIRECTION('',(0.,0.,1.));
#119 = ADVANCED_FACE('',(#120),#136,.T.);
#120 = FACE_BOUND('',#121,.T.);
#121 = EDGE_LOOP('',(#122,#128,#129,#135));
#122 = ORIENTED_EDGE('',*,*,#123,.F.);
#123 = EDGE_CURVE('',#32,#72,#124,.T.);
#124 = LINE('',#125,#126);
#125 = CARTESIAN_POINT('',(227.,154.,89.));
#126 = VECTOR('',#127,1.);
#127 = DIRECTION('',(1.,0.,0.));
#128 = ORIENTED_EDGE('',*,*,#39,.T.);
#129 = ORIENTED_EDGE('',*,*,#130,.T.);
#130 = EDGE_CURVE('',#40,#80,#131,.T.);
#131 = LINE('',#132,#133);
#132 = CARTESIAN_POINT('',(227.,154.,121.));
#133 = VECTOR('',#134,1.);
#134 = DIRECTION('',(1.,0.,0.));
#135 = ORIENTED_EDGE('',*,*,#79,.F.);
#136 = PLANE('',#137);
#137 = AXIS2_PLACEMENT_3D('',#138,#139,#140);
#138 = CARTESIAN_POINT('',(227.,154.,89.));
#139 = DIRECTION('',(0.,1.,0.));
#140 = DIRECTION('',(0.,0.,1.));
#141 = ADVANCED_FACE('',(#142),#148,.F.);
#142 = FACE_BOUND('',#143,.F.);
#143 = EDGE_LOOP('',(#144,#145,#146,#147));
#144 = ORIENTED_EDGE('',*,*,#31,.F.);
#145 = ORIENTED_EDGE('',*,*,#101,.T.);
#146 = ORIENTED_EDGE('',*,*,#71,.T.);
#147 = ORIENTED_EDGE('',*,*,#123,.F.);
#148 = PLANE('',#149);
#149 = AXIS2_PLACEMENT_3D('',#150,#151,#152);
#150 = CARTESIAN_POINT('',(227.,86.,89.));
#151 = DIRECTION('',(0.,0.,1.));
#152 = DIRECTION('',(1.,0.,0.));
#153 = ADVANCED_FACE('',(#154),#160,.T.);
#154 = FACE_BOUND('',#155,.T.);
#155 = EDGE_LOOP('',(#156,#157,#158,#159));
#156 = ORIENTED_EDGE('',*,*,#47,.F.);
#157 = ORIENTED_EDGE('',*,*,#108,.T.);
#158 = ORIENTED_EDGE('',*,*,#87,.T.);
#159 = ORIENTED_EDGE('',*,*,#130,.F.);
#160 = PLANE('',#161);
#161 = AXIS2_PLACEMENT_3D('',#162,#163,#164);
#162 = CARTESIAN_POINT('',(227.,86.,121.));
#163 = DIRECTION('',(0.,0.,1.));
#164 = DIRECTION('',(1.,0.,0.));
#165 = MANIFOLD_SOLID_BREP('',#166);
#166 = CLOSED_SHELL('',(#167,#207,#247,#269,#291,#303));
#167 = ADVANCED_FACE('',(#168),#202,.F.);
#168 = FACE_BOUND('',#169,.F.);
#169 = EDGE_LOOP('',(#170,#180,#188,#196));
#170 = ORIENTED_EDGE('',*,*,#171,.F.);
#171 = EDGE_CURVE('',#172,#174,#176,.T.);
#172 = VERTEX_POINT('',#173);
#173 = CARTESIAN_POINT('',(151.,17.,91.));
#174 = VERTEX_POINT('',#175);
#175 = CARTESIAN_POINT('',(151.,17.,114.));
#176 = LINE('',#177,#178);
#177 = CARTESIAN_POINT('',(151.,17.,91.));
#178 = VECTOR('',#179,1.);
#179 = DIRECTION('',(0.,0.,1.));
#180 = ORIENTED_EDGE('',*,*,#181,.T.);
#181 = EDGE_CURVE('',#172,#182,#184,.T.);
#182 = VERTEX_POINT('',#183);
#183 = CARTESIAN_POINT('',(151.,73.,91.));
#184 = LINE('',#185,#186);
#185 = CARTESIAN_POINT('',(151.,17.,91.));
#186 = VECTOR('',#187,1.);
#187 = DIRECTION('',(0.,1.,0.));
#188 = ORIENTED_EDGE('',*,*,#189,.T.);
#189 = EDGE_CURVE('',#182,#190,#192,.T.);
#190 = VERTEX_POINT('',#191);
#191 = CARTESIAN_POINT('',(151.,73.,114.));
#192 = LINE('',#193,#194);
#193 = CARTESIAN_POINT('',(151.,73.,91.));
#194 = VECTOR('',#195,1.);
#195 = DIRECTION('',(0.,0.,1.));
#196 = ORIENTED_EDGE('',*,*,#197,.F.);
#197 = EDGE_CURVE('',#174,#190,#198,.T.);
#198 = LINE('',#199,#200);
#199 = CARTESIAN_POINT('',(151.,17.,114.));
#200 = VECTOR('',#201,1.);
#201 = DIRECTION('',(0.,1.,0.));
#202 = PLANE('',#203);
#203 = AXIS2_PLACEMENT_3D('',#204,#205,#206);
#204 = CARTESIAN_POINT('',(151.,17.,91.));
#205 = DIRECTION('',(1.,0.,0.));
#206 = DIRECTION('',(0.,0.,1.));
#207 = ADVANCED_FACE('',(#208),#242,.T.);
#208 = FACE_BOUND('',#209,.T.);
#209 = EDGE_LOOP('',(#210,#220,#228,#236));
#210 = ORIENTED_EDGE('',*,*,#211,.F.);
#211 = EDGE_CURVE('',#212,#214,#216,.T.);
#212 = VERTEX_POINT('',#213);
#213 = CARTESIAN_POINT('',(236.,17.,91.));
#214 = VERTEX_POINT('',#215);
#215 = CARTESIAN_POINT('',(236.,17.,114.));
#216 = LINE('',#217,#218);
#217 = CARTESIAN_POINT('',(236.,17.,91.));
#218 = VECTOR('',#219,1.);
#219 = DIRECTION('',(0.,0.,1.));
#220 = ORIENTED_EDGE('',*,*,#221,.T.);
#221 = EDGE_CURVE('',#212,#222,#224,.T.);
#222 = VERTEX_POINT('',#223);
#223 = CARTESIAN_POINT('',(236.,73.,91.));
#224 = LINE('',#225,#226);
#225 = CARTESIAN_POINT('',(236.,17.,91.));
#226 = VECTOR('',#227,1.);
#227 = DIRECTION('',(0.,1.,0.));
#228 = ORIENTED_EDGE('',*,*,#229,.T.);
#229 = EDGE_CURVE('',#222,#230,#232,.T.);
#230 = VERTEX_POINT('',#231);
#231 = CARTESIAN_POINT('',(236.,73.,114.));
#232 = LINE('',#233,#234);
#233 = CARTESIAN_POINT('',(236.,73.,91.));
#234 = VECTOR('',#235,1.);
#235 = DIRECTION('',(0.,0.,1.));
#236 = ORIENTED_EDGE('',*,*,#237,.F.);
#237 = EDGE_CURVE('',#214,#230,#238,.T.);
#238 = LINE('',#239,#240);
#239 = CARTESIAN_POINT('',(236.,17.,114.));
#240 = VECTOR('',#241,1.);
#241 = DIRECTION('',(0.,1.,0.));
#242 = PLANE('',#243);
#243 = AXIS2_PLACEMENT_3D('',#244,#245,#246);
#244 = CARTESIAN_POINT('',(236.,17.,91.));
#245 = DIRECTION('',(1.,0.,0.));
#246 = DIRECTION('',(0.,0.,1.));
#247 = ADVANCED_FACE('',(#248),#264,.F.);
#248 = FACE_BOUND('',#249,.F.);
#249 = EDGE_LOOP('',(#250,#256,#257,#263));
#250 = ORIENTED_EDGE('',*,*,#251,.F.);
#251 = EDGE_CURVE('',#172,#212,#252,.T.);
#252 = LINE('',#253,#254);
#253 = CARTESIAN_POINT('',(151.,17.,91.));
#254 = VECTOR('',#255,1.);
#255 = DIRECTION('',(1.,0.,0.));
#256 = ORIENTED_EDGE('',*,*,#171,.T.);
#257 = ORIENTED_EDGE('',*,*,#258,.T.);
#258 = EDGE_CURVE('',#174,#214,#259,.T.);
#259 = LINE('',#260,#261);
#260 = CARTESIAN_POINT('',(151.,17.,114.));
#261 = VECTOR('',#262,1.);
#262 = DIRECTION('',(1.,0.,0.));
#263 = ORIENTED_EDGE('',*,*,#211,.F.);
#264 = PLANE('',#265);
#265 = AXIS2_PLACEMENT_3D('',#266,#267,#268);
#266 = CARTESIAN_POINT('',(151.,17.,91.));
#267 = DIRECTION('',(0.,1.,0.));
#268 = DIRECTION('',(0.,0.,1.));
#269 = ADVANCED_FACE('',(#270),#286,.T.);
#270 = FACE_BOUND('',#271,.T.);
#271 = EDGE_LOOP('',(#272,#278,#279,#285));
#272 = ORIENTED_EDGE('',*,*,#273,.F.);
#273 = EDGE_CURVE('',#182,#222,#274,.T.);
#274 = LINE('',#275,#276);
#275 = CARTESIAN_POINT('',(151.,73.,91.));
#276 = VECTOR('',#277,1.);
#277 = DIRECTION('',(1.,0.,0.));
#278 = ORIENTED_EDGE('',*,*,#189,.T.);
#279 = ORIENTED_EDGE('',*,*,#280,.T.);
#280 = EDGE_CURVE('',#190,#230,#281,.T.);
#281 = LINE('',#282,#283);
#282 = CARTESIAN_POINT('',(151.,73.,114.));
#283 = VECTOR('',#284,1.);
#284 = DIRECTION('',(1.,0.,0.));
#285 = ORIENTED_EDGE('',*,*,#229,.F.);
#286 = PLANE('',#287);
#287 = AXIS2_PLACEMENT_3D('',#288,#289,#290);
#288 = CARTESIAN_POINT('',(151.,73.,91.));
#289 = DIRECTION('',(0.,1.,0.));
#290 = DIRECTION('',(0.,0.,1.));
#291 = ADVANCED_FACE('',(#292),#298,.F.);
#292 = FACE_BOUND('',#293,.F.);
#293 = EDGE_LOOP('',(#294,#295,#296,#297));
#294 = ORIENTED_EDGE('',*,*,#181,.F.);
#295 = ORIENTED_EDGE('',*,*,#251,.T.);
#296 = ORIENTED_EDGE('',*,*,#221,.T.);
#297 = ORIENTED_EDGE('',*,*,#273,.F.);
#298 = PLANE('',#299);
#299 = AXIS2_PLACEMENT_3D('',#300,#301,#302);
#300 = CARTESIAN_POINT('',(151.,17.,91.));
#301 = DIRECTION('',(0.,0.,1.));
#302 = DIRECTION('',(1.,0.,0.));
#303 = ADVANCED_FACE('',(#304),#310,.T.);
#304 = FACE_BOUND('',#305,.T.);
#305 = EDGE_LOOP('',(#306,#307,#308,#309));
#306 = ORIENTED_EDGE('',*,*,#197,.F.);
#307 = ORIENTED_EDGE('',*,*,#258,.T.);
#308 = ORIENTED_EDGE('',*,*,#237,.T.);
#309 = ORIENTED_EDGE('',*,*,#280,.F.);
#310 = PLANE('',#311);
#311 = AXIS2_PLACEMENT_3D('',#312,#313,#314);
#312 = CARTESIAN_POINT('',(151.,17.,114.));
#313 = DIRECTION('',(0.,0.,1.));
#314 = DIRECTION('',(1.,0.,0.));
#315 = MANIFOLD_SOLID_BREP('',#316);
#316 = CLOSED_SHELL('',(#317,#357,#397,#419,#441,#453));
#317 = ADVANCED_FACE('',(#318),#352,.F.);
#318 = FACE_BOUND('',#319,.F.);
#319 = EDGE_LOOP('',(#320,#330,#338,#346));
#320 = ORIENTED_EDGE('',*,*,#321,.F.);
#321 = EDGE_CURVE('',#322,#324,#326,.T.);
#322 = VERTEX_POINT('',#323);
#323 = CARTESIAN_POINT('',(4.,160.,58.));
#324 = VERTEX_POINT('',#325);
#325 = CARTESIAN_POINT('',(4.,160.,85.));
#326 = LINE('',#327,#328);
#327 = CARTESIAN_POINT('',(4.,160.,58.));
#328 = VECTOR('',#329,1.);
#329 = DIRECTION('',(0.,0.,1.));
#330 = ORIENTED_EDGE('',*,*,#331,.T.);
#331 = EDGE_CURVE('',#322,#332,#334,.T.);
#332 = VERTEX_POINT('',#333);
#333 = CARTESIAN_POINT('',(4.,210.,58.));
#334 = LINE('',#335,#336);
#335 = CARTESIAN_POINT('',(4.,160.,58.));
#336 = VECTOR('',#337,1.);
#337 = DIRECTION('',(0.,1.,0.));
#338 = ORIENTED_EDGE('',*,*,#339,.T.);
#339 = EDGE_CURVE('',#332,#340,#342,.T.);
#340 = VERTEX_POINT('',#341);
#341 = CARTESIAN_POINT('',(4.,210.,85.));
#342 = LINE('',#343,#344);
#343 = CARTESIAN_POINT('',(4.,210.,58.));
#344 = VECTOR('',#345,1.);
#345 = DIRECTION('',(0.,0.,1.));
#346 = ORIENTED_EDGE('',*,*,#347,.F.);
#347 = EDGE_CURVE('',#324,#340,#348,.T.);
#348 = LINE('',#349,#350);
#349 = CARTESIAN_POINT('',(4.,160.,85.));
#350 = VECTOR('',#351,1.);
#351 = DIRECTION('',(0.,1.,0.));
#352 = PLANE('',#353);
#353 = AXIS2_PLACEMENT_3D('',#354,#355,#356);
#354 = CARTESIAN_POINT('',(4.,160.,58.));
#355 = DIRECTION('',(1.,0.,0.));
#356 = DIRECTION('',(0.,0.,1.));
#357 = ADVANCED_FACE('',(#358),#392,.T.);
#358 = FACE_BOUND('',#359,.T.);
#359 = EDGE_LOOP('',(#360,#370,#378,#386));
#360 = ORIENTED_EDGE('',*,*,#361,.F.);
#361 = EDGE_CURVE('',#362,#364,#366,.T.);
#362 = VERTEX_POINT('',#363);
#363 = CARTESIAN_POINT('',(22.,160.,58.));
#364 = VERTEX_POINT('',#365);
#365 = CARTESIAN_POINT('',(22.,160.,85.));
#366 = LINE('',#367,#368);
#367 = CARTESIAN_POINT('',(22.,160.,58.));
#368 = VECTOR('',#369,1.);
#369 = DIRECTION('',(0.,0.,1.));
#370 = ORIENTED_EDGE('',*,*,#371,.T.);
#371 = EDGE_CURVE('',#362,#372,#374,.T.);
#372 = VERTEX_POINT('',#373);
#373 = CARTESIAN_POINT('',(22.,210.,58.));
#374 = LINE('',#375,#376);
#375 = CARTESIAN_POINT('',(22.,160.,58.));
#376 = VECTOR('',#377,1.);
#377 = DIRECTION('',(0.,1.,0.));
#378 = ORIENTED_EDGE('',*,*,#379,.T.);
#379 = EDGE_CURVE('',#372,#380,#382,.T.);
#380 = VERTEX_POINT('',#381);
#381 = CARTESIAN_POINT('',(22.,210.,85.));
#382 = LINE('',#383,#384);
#383 = CARTESIAN_POINT('',(22.,210.,58.));
#384 = VECTOR('',#385,1.);
#385 = DIRECTION('',(0.,0.,1.));
#386 = ORIENTED_EDGE('',*,*,#387,.F.);
#387 = EDGE_CURVE('',#364,#380,#388,.T.);
#388 = LINE('',#389,#390);
#389 = CARTESIAN_POINT('',(22.,160.,85.));
#390 = VECTOR('',#391,1.);
#391 = DIRECTION('',(0.,1.,0.));
#392 = PLANE('',#393);
#393 = AXIS2_PLACEMENT_3D('',#394,#395,#396);
#394 = CARTESIAN_POINT('',(22.,160.,58.));
#395 = DIRECTION('',(1.,0.,0.));
#396 = DIRECTION('',(0.,0.,1.));
#397 = ADVANCED_FACE('',(#398),#414,.F.);
#398 = FACE_BOUND('',#399,.F.);
#399 = EDGE_LOOP('',(#400,#406,#407,#413));
#400 = ORIENTED_EDGE('',*,*,#401,.F.);
#401 = EDGE_CURVE('',#322,#362,#402,.T.);
#402 = LINE('',#403,#404);
#403 = CARTESIAN_POINT('',(4.,160.,58.));
#404 = VECTOR('',#405,1.);
#405 = DIRECTION('',(1.,0.,0.));
#406 = ORIENTED_EDGE('',*,*,#321,.T.);
#407 = ORIENTED_EDGE('',*,*,#408,.T.);
#408 = EDGE_CURVE('',#324,#364,#409,.T.);
#409 = LINE('',#410,#411);
#410 = CARTESIAN_POINT('',(4.,160.,85.));
#411 = VECTOR('',#412,1.);
#412 = DIRECTION('',(1.,0.,0.));
#413 = ORIENTED_EDGE('',*,*,#361,.F.);
#414 = PLANE('',#415);
#415 = AXIS2_PLACEMENT_3D('',#416,#417,#418);
#416 = CARTESIAN_POINT('',(4.,160.,58.));
#417 = DIRECTION('',(0.,1.,0.));
#418 = DIRECTION('',(0.,0.,1.));
#419 = ADVANCED_FACE('',(#420),#436,.T.);
#420 = FACE_BOUND('',#421,.T.);
#421 = EDGE_LOOP('',(#422,#428,#429,#435));
#422 = ORIENTED_EDGE('',*,*,#423,.F.);
#423 = EDGE_CURVE('',#332,#372,#424,.T.);
#424 = LINE('',#425,#426);
#425 = CARTESIAN_POINT('',(4.,210.,58.));
#426 = VECTOR('',#427,1.);
#427 = DIRECTION('',(1.,0.,0.));
#428 = ORIENTED_EDGE('',*,*,#339,.T.);
#429 = ORIENTED_EDGE('',*,*,#430,.T.);
#430 = EDGE_CURVE('',#340,#380,#431,.T.);
#431 = LINE('',#432,#433);
#432 = CARTESIAN_POINT('',(4.,210.,85.));
#433 = VECTOR('',#434,1.);
#434 = DIRECTION('',(1.,0.,0.));
#435 = ORIENTED_EDGE('',*,*,#379,.F.);
#436 = PLANE('',#437);
#437 = AXIS2_PLACEMENT_3D('',#438,#439,#440);
#438 = CARTESIAN_POINT('',(4.,210.,58.));
#439 = DIRECTION('',(0.,1.,0.));
#440 = DIRECTION('',(0.,0.,1.));
#441 = ADVANCED_FACE('',(#442),#448,.F.);
#442 = FACE_BOUND('',#443,.F.);
#443 = EDGE_LOOP('',(#444,#445,#446,#447));
#444 = ORIENTED_EDGE('',*,*,#331,.F.);
#445 = ORIENTED_EDGE('',*,*,#401,.T.);
#446 = ORIENTED_EDGE('',*,*,#371,.T.);
#447 = ORIENTED_EDGE('',*,*,#423,.F.);
#448 = PLANE('',#449);
#449 = AXIS2_PLACEMENT_3D('',#450,#451,#452);
#450 = CARTESIAN_POINT('',(4.,160.,58.));
#451 = DIRECTION('',(0.,0.,1.));
#452 = DIRECTION('',(1.,0.,0.));
#453 = ADVANCED_FACE('',(#454),#460,.T.);
#454 = FACE_BOUND('',#455,.T.);
#455 = EDGE_LOOP('',(#456,#457,#458,#459));
#456 = ORIENTED_EDGE('',*,*,#347,.F.);
#457 = ORIENTED_EDGE('',*,*,#408,.T.);
#458 = ORIENTED_EDGE('',*,*,#387,.T.);
#459 = ORIENTED_EDGE('',*,*,#430,.F.);
#460 = PLANE('',#461);
#461 = AXIS2_PLACEMENT_3D('',#462,#463,#464);
#462 = CARTESIAN_POINT('',(4.,160.,85.));
#463 = DIRECTION('',(0.,0.,1.));
#464 = DIRECTION('',(1.,0.,0.));
#465 = MANIFOLD_SOLID_BREP('',#466);
#466 = CLOSED_SHELL('',(#467,#507,#547,#569,#591,#603));
#467 = ADVANCED_FACE('',(#468),#502,.F.);
#468 = FACE_BOUND('',#469,.F.);
#469 = EDGE_LOOP('',(#470,#480,#488,#496));
#470 = ORIENTED_EDGE('',*,*,#471,.F.);
#471 = EDGE_CURVE('',#472,#474,#476,.T.);
#472 = VERTEX_POINT('',#473);
#473 = CARTESIAN_POINT('',(193.,88.,124.1));
#474 = VERTEX_POINT('',#475);
#475 = CARTESIAN_POINT('',(193.,88.,159.1));
#476 = LINE('',#477,#478);
#477 = CARTESIAN_POINT('',(193.,88.,124.1));
#478 = VECTOR('',#479,1.);
#479 = DIRECTION('',(0.,0.,1.));
#480 = ORIENTED_EDGE('',*,*,#481,.T.);
#481 = EDGE_CURVE('',#472,#482,#484,.T.);
#482 = VERTEX_POINT('',#483);
#483 = CARTESIAN_POINT('',(193.,120.,124.1));
#484 = LINE('',#485,#486);
#485 = CARTESIAN_POINT('',(193.,88.,124.1));
#486 = VECTOR('',#487,1.);
#487 = DIRECTION('',(0.,1.,0.));
#488 = ORIENTED_EDGE('',*,*,#489,.T.);
#489 = EDGE_CURVE('',#482,#490,#492,.T.);
#490 = VERTEX_POINT('',#491);
#491 = CARTESIAN_POINT('',(193.,120.,159.1));
#492 = LINE('',#493,#494);
#493 = CARTESIAN_POINT('',(193.,120.,124.1));
#494 = VECTOR('',#495,1.);
#495 = DIRECTION('',(0.,0.,1.));
#496 = ORIENTED_EDGE('',*,*,#497,.F.);
#497 = EDGE_CURVE('',#474,#490,#498,.T.);
#498 = LINE('',#499,#500);
#499 = CARTESIAN_POINT('',(193.,88.,159.1));
#500 = VECTOR('',#501,1.);
#501 = DIRECTION('',(0.,1.,0.));
#502 = PLANE('',#503);
#503 = AXIS2_PLACEMENT_3D('',#504,#505,#506);
#504 = CARTESIAN_POINT('',(193.,88.,124.1));
#505 = DIRECTION('',(1.,0.,0.));
#506 = DIRECTION('',(0.,0.,1.));
#507 = ADVANCED_FACE('',(#508),#542,.T.);
#508 = FACE_BOUND('',#509,.T.);
#509 = EDGE_LOOP('',(#510,#520,#528,#536));
#510 = ORIENTED_EDGE('',*,*,#511,.F.);
#511 = EDGE_CURVE('',#512,#514,#516,.T.);
#512 = VERTEX_POINT('',#513);
#513 = CARTESIAN_POINT('',(271.,88.,124.1));
#514 = VERTEX_POINT('',#515);
#515 = CARTESIAN_POINT('',(271.,88.,159.1));
#516 = LINE('',#517,#518);
#517 = CARTESIAN_POINT('',(271.,88.,124.1));
#518 = VECTOR('',#519,1.);
#519 = DIRECTION('',(0.,0.,1.));
#520 = ORIENTED_EDGE('',*,*,#521,.T.);
#521 = EDGE_CURVE('',#512,#522,#524,.T.);
#522 = VERTEX_POINT('',#523);
#523 = CARTESIAN_POINT('',(271.,120.,124.1));
#524 = LINE('',#525,#526);
#525 = CARTESIAN_POINT('',(271.,88.,124.1));
#526 = VECTOR('',#527,1.);
#527 = DIRECTION('',(0.,1.,0.));
#528 = ORIENTED_EDGE('',*,*,#529,.T.);
#529 = EDGE_CURVE('',#522,#530,#532,.T.);
#530 = VERTEX_POINT('',#531);
#531 = CARTESIAN_POINT('',(271.,120.,159.1));
#532 = LINE('',#533,#534);
#533 = CARTESIAN_POINT('',(271.,120.,124.1));
#534 = VECTOR('',#535,1.);
#535 = DIRECTION('',(0.,0.,1.));
#536 = ORIENTED_EDGE('',*,*,#537,.F.);
#537 = EDGE_CURVE('',#514,#530,#538,.T.);
#538 = LINE('',#539,#540);
#539 = CARTESIAN_POINT('',(271.,88.,159.1));
#540 = VECTOR('',#541,1.);
#541 = DIRECTION('',(0.,1.,0.));
#542 = PLANE('',#543);
#543 = AXIS2_PLACEMENT_3D('',#544,#545,#546);
#544 = CARTESIAN_POINT('',(271.,88.,124.1));
#545 = DIRECTION('',(1.,0.,0.));
#546 = DIRECTION('',(0.,0.,1.));
#547 = ADVANCED_FACE('',(#548),#564,.F.);
#548 = FACE_BOUND('',#549,.F.);
#549 = EDGE_LOOP('',(#550,#556,#557,#563));
#550 = ORIENTED_EDGE('',*,*,#551,.F.);
#551 = EDGE_CURVE('',#472,#512,#552,.T.);
#552 = LINE('',#553,#554);
#553 = CARTESIAN_POINT('',(193.,88.,124.1));
#554 = VECTOR('',#555,1.);
#555 = DIRECTION('',(1.,0.,0.));
#556 = ORIENTED_EDGE('',*,*,#471,.T.);
#557 = ORIENTED_EDGE('',*,*,#558,.T.);
#558 = EDGE_CURVE('',#474,#514,#559,.T.);
#559 = LINE('',#560,#561);
#560 = CARTESIAN_POINT('',(193.,88.,159.1));
#561 = VECTOR('',#562,1.);
#562 = DIRECTION('',(1.,0.,0.));
#563 = ORIENTED_EDGE('',*,*,#511,.F.);
#564 = PLANE('',#565);
#565 = AXIS2_PLACEMENT_3D('',#566,#567,#568);
#566 = CARTESIAN_POINT('',(193.,88.,124.1));
#567 = DIRECTION('',(0.,1.,0.));
#568 = DIRECTION('',(0.,0.,1.));
#569 = ADVANCED_FACE('',(#570),#586,.T.);
#570 = FACE_BOUND('',#571,.T.);
#571 = EDGE_LOOP('',(#572,#578,#579,#585));
#572 = ORIENTED_EDGE('',*,*,#573,.F.);
#573 = EDGE_CURVE('',#482,#522,#574,.T.);
#574 = LINE('',#575,#576);
#575 = CARTESIAN_POINT('',(193.,120.,124.1));
#576 = VECTOR('',#577,1.);
#577 = DIRECTION('',(1.,0.,0.));
#578 = ORIENTED_EDGE('',*,*,#489,.T.);
#579 = ORIENTED_EDGE('',*,*,#580,.T.);
#580 = EDGE_CURVE('',#490,#530,#581,.T.);
#581 = LINE('',#582,#583);
#582 = CARTESIAN_POINT('',(193.,120.,159.1));
#583 = VECTOR('',#584,1.);
#584 = DIRECTION('',(1.,0.,0.));
#585 = ORIENTED_EDGE('',*,*,#529,.F.);
#586 = PLANE('',#587);
#587 = AXIS2_PLACEMENT_3D('',#588,#589,#590);
#588 = CARTESIAN_POINT('',(193.,120.,124.1));
#589 = DIRECTION('',(0.,1.,0.));
#590 = DIRECTION('',(0.,0.,1.));
#591 = ADVANCED_FACE('',(#592),#598,.F.);
#592 = FACE_BOUND('',#593,.F.);
#593 = EDGE_LOOP('',(#594,#595,#596,#597));
#594 = ORIENTED_EDGE('',*,*,#481,.F.);
#595 = ORIENTED_EDGE('',*,*,#551,.T.);
#596 = ORIENTED_EDGE('',*,*,#521,.T.);
#597 = ORIENTED_EDGE('',*,*,#573,.F.);
#598 = PLANE('',#599);
#599 = AXIS2_PLACEMENT_3D('',#600,#601,#602);
#600 = CARTESIAN_POINT('',(193.,88.,124.1));
#601 = DIRECTION('',(0.,0.,1.));
#602 = DIRECTION('',(1.,0.,0.));
#603 = ADVANCED_FACE('',(#604),#610,.T.);
#604 = FACE_BOUND('',#605,.T.);
#605 = EDGE_LOOP('',(#606,#607,#608,#609));
#606 = ORIENTED_EDGE('',*,*,#497,.F.);
#607 = ORIENTED_EDGE('',*,*,#558,.T.);
#608 = ORIENTED_EDGE('',*,*,#537,.T.);
#609 = ORIENTED_EDGE('',*,*,#580,.F.);
#610 = PLANE('',#611);
#611 = AXIS2_PLACEMENT_3D('',#612,#613,#614);
#612 = CARTESIAN_POINT('',(193.,88.,159.1));
#613 = DIRECTION('',(0.,0.,1.));
#614 = DIRECTION('',(1.,0.,0.));
#615 = MANIFOLD_SOLID_BREP('',#616);
#616 = CLOSED_SHELL('',(#617,#657,#697,#719,#741,#753));
#617 = ADVANCED_FACE('',(#618),#652,.F.);
#618 = FACE_BOUND('',#619,.F.);
#619 = EDGE_LOOP('',(#620,#630,#638,#646));
#620 = ORIENTED_EDGE('',*,*,#621,.F.);
#621 = EDGE_CURVE('',#622,#624,#626,.T.);
#622 = VERTEX_POINT('',#623);
#623 = CARTESIAN_POINT('',(46.,88.,67.));
#624 = VERTEX_POINT('',#625);
#625 = CARTESIAN_POINT('',(46.,88.,120.));
#626 = LINE('',#627,#628);
#627 = CARTESIAN_POINT('',(46.,88.,67.));
#628 = VECTOR('',#629,1.);
#629 = DIRECTION('',(0.,0.,1.));
#630 = ORIENTED_EDGE('',*,*,#631,.T.);
#631 = EDGE_CURVE('',#622,#632,#634,.T.);
#632 = VERTEX_POINT('',#633);
#633 = CARTESIAN_POINT('',(46.,150.,67.));
#634 = LINE('',#635,#636);
#635 = CARTESIAN_POINT('',(46.,88.,67.));
#636 = VECTOR('',#637,1.);
#637 = DIRECTION('',(0.,1.,0.));
#638 = ORIENTED_EDGE('',*,*,#639,.T.);
#639 = EDGE_CURVE('',#632,#640,#642,.T.);
#640 = VERTEX_POINT('',#641);
#641 = CARTESIAN_POINT('',(46.,150.,120.));
#642 = LINE('',#643,#644);
#643 = CARTESIAN_POINT('',(46.,150.,67.));
#644 = VECTOR('',#645,1.);
#645 = DIRECTION('',(0.,0.,1.));
#646 = ORIENTED_EDGE('',*,*,#647,.F.);
#647 = EDGE_CURVE('',#624,#640,#648,.T.);
#648 = LINE('',#649,#650);
#649 = CARTESIAN_POINT('',(46.,88.,120.));
#650 = VECTOR('',#651,1.);
#651 = DIRECTION('',(0.,1.,0.));
#652 = PLANE('',#653);
#653 = AXIS2_PLACEMENT_3D('',#654,#655,#656);
#654 = CARTESIAN_POINT('',(46.,88.,67.));
#655 = DIRECTION('',(1.,0.,0.));
#656 = DIRECTION('',(0.,0.,1.));
#657 = ADVANCED_FACE('',(#658),#692,.T.);
#658 = FACE_BOUND('',#659,.T.);
#659 = EDGE_LOOP('',(#660,#670,#678,#686));
#660 = ORIENTED_EDGE('',*,*,#661,.F.);
#661 = EDGE_CURVE('',#662,#664,#666,.T.);
#662 = VERTEX_POINT('',#663);
#663 = CARTESIAN_POINT('',(204.,88.,67.));
#664 = VERTEX_POINT('',#665);
#665 = CARTESIAN_POINT('',(204.,88.,120.));
#666 = LINE('',#667,#668);
#667 = CARTESIAN_POINT('',(204.,88.,67.));
#668 = VECTOR('',#669,1.);
#669 = DIRECTION('',(0.,0.,1.));
#670 = ORIENTED_EDGE('',*,*,#671,.T.);
#671 = EDGE_CURVE('',#662,#672,#674,.T.);
#672 = VERTEX_POINT('',#673);
#673 = CARTESIAN_POINT('',(204.,150.,67.));
#674 = LINE('',#675,#676);
#675 = CARTESIAN_POINT('',(204.,88.,67.));
#676 = VECTOR('',#677,1.);
#677 = DIRECTION('',(0.,1.,0.));
#678 = ORIENTED_EDGE('',*,*,#679,.T.);
#679 = EDGE_CURVE('',#672,#680,#682,.T.);
#680 = VERTEX_POINT('',#681);
#681 = CARTESIAN_POINT('',(204.,150.,120.));
#682 = LINE('',#683,#684);
#683 = CARTESIAN_POINT('',(204.,150.,67.));
#684 = VECTOR('',#685,1.);
#685 = DIRECTION('',(0.,0.,1.));
#686 = ORIENTED_EDGE('',*,*,#687,.F.);
#687 = EDGE_CURVE('',#664,#680,#688,.T.);
#688 = LINE('',#689,#690);
#689 = CARTESIAN_POINT('',(204.,88.,120.));
#690 = VECTOR('',#691,1.);
#691 = DIRECTION('',(0.,1.,0.));
#692 = PLANE('',#693);
#693 = AXIS2_PLACEMENT_3D('',#694,#695,#696);
#694 = CARTESIAN_POINT('',(204.,88.,67.));
#695 = DIRECTION('',(1.,0.,0.));
#696 = DIRECTION('',(0.,0.,1.));
#697 = ADVANCED_FACE('',(#698),#714,.F.);
#698 = FACE_BOUND('',#699,.F.);
#699 = EDGE_LOOP('',(#700,#706,#707,#713));
#700 = ORIENTED_EDGE('',*,*,#701,.F.);
#701 = EDGE_CURVE('',#622,#662,#702,.T.);
#702 = LINE('',#703,#704);
#703 = CARTESIAN_POINT('',(46.,88.,67.));
#704 = VECTOR('',#705,1.);
#705 = DIRECTION('',(1.,0.,0.));
#706 = ORIENTED_EDGE('',*,*,#621,.T.);
#707 = ORIENTED_EDGE('',*,*,#708,.T.);
#708 = EDGE_CURVE('',#624,#664,#709,.T.);
#709 = LINE('',#710,#711);
#710 = CARTESIAN_POINT('',(46.,88.,120.));
#711 = VECTOR('',#712,1.);
#712 = DIRECTION('',(1.,0.,0.));
#713 = ORIENTED_EDGE('',*,*,#661,.F.);
#714 = PLANE('',#715);
#715 = AXIS2_PLACEMENT_3D('',#716,#717,#718);
#716 = CARTESIAN_POINT('',(46.,88.,67.));
#717 = DIRECTION('',(0.,1.,0.));
#718 = DIRECTION('',(0.,0.,1.));
#719 = ADVANCED_FACE('',(#720),#736,.T.);
#720 = FACE_BOUND('',#721,.T.);
#721 = EDGE_LOOP('',(#722,#728,#729,#735));
#722 = ORIENTED_EDGE('',*,*,#723,.F.);
#723 = EDGE_CURVE('',#632,#672,#724,.T.);
#724 = LINE('',#725,#726);
#725 = CARTESIAN_POINT('',(46.,150.,67.));
#726 = VECTOR('',#727,1.);
#727 = DIRECTION('',(1.,0.,0.));
#728 = ORIENTED_EDGE('',*,*,#639,.T.);
#729 = ORIENTED_EDGE('',*,*,#730,.T.);
#730 = EDGE_CURVE('',#640,#680,#731,.T.);
#731 = LINE('',#732,#733);
#732 = CARTESIAN_POINT('',(46.,150.,120.));
#733 = VECTOR('',#734,1.);
#734 = DIRECTION('',(1.,0.,0.));
#735 = ORIENTED_EDGE('',*,*,#679,.F.);
#736 = PLANE('',#737);
#737 = AXIS2_PLACEMENT_3D('',#738,#739,#740);
#738 = CARTESIAN_POINT('',(46.,150.,67.));
#739 = DIRECTION('',(0.,1.,0.));
#740 = DIRECTION('',(0.,0.,1.));
#741 = ADVANCED_FACE('',(#742),#748,.F.);
#742 = FACE_BOUND('',#743,.F.);
#743 = EDGE_LOOP('',(#744,#745,#746,#747));
#744 = ORIENTED_EDGE('',*,*,#631,.F.);
#745 = ORIENTED_EDGE('',*,*,#701,.T.);
#746 = ORIENTED_EDGE('',*,*,#671,.T.);
#747 = ORIENTED_EDGE('',*,*,#723,.F.);
#748 = PLANE('',#749);
#749 = AXIS2_PLACEMENT_3D('',#750,#751,#752);
#750 = CARTESIAN_POINT('',(46.,88.,67.));
#751 = DIRECTION('',(0.,0.,1.));
#752 = DIRECTION('',(1.,0.,0.));
#753 = ADVANCED_FACE('',(#754),#760,.T.);
#754 = FACE_BOUND('',#755,.T.);
#755 = EDGE_LOOP('',(#756,#757,#758,#759));
#756 = ORIENTED_EDGE('',*,*,#647,.F.);
#757 = ORIENTED_EDGE('',*,*,#708,.T.);
#758 = ORIENTED_EDGE('',*,*,#687,.T.);
#759 = ORIENTED_EDGE('',*,*,#730,.F.);
#760 = PLANE('',#761);
#761 = AXIS2_PLACEMENT_3D('',#762,#763,#764);
#762 = CARTESIAN_POINT('',(46.,88.,120.));
#763 = DIRECTION('',(0.,0.,1.));
#764 = DIRECTION('',(1.,0.,0.));
#765 = MANIFOLD_SOLID_BREP('',#766);
#766 = CLOSED_SHELL('',(#767,#807,#847,#869,#891,#903));
#767 = ADVANCED_FACE('',(#768),#802,.F.);
#768 = FACE_BOUND('',#769,.F.);
#769 = EDGE_LOOP('',(#770,#780,#788,#796));
#770 = ORIENTED_EDGE('',*,*,#771,.F.);
#771 = EDGE_CURVE('',#772,#774,#776,.T.);
#772 = VERTEX_POINT('',#773);
#773 = CARTESIAN_POINT('',(206.,88.,67.));
#774 = VERTEX_POINT('',#775);
#775 = CARTESIAN_POINT('',(206.,88.,120.));
#776 = LINE('',#777,#778);
#777 = CARTESIAN_POINT('',(206.,88.,67.));
#778 = VECTOR('',#779,1.);
#779 = DIRECTION('',(0.,0.,1.));
#780 = ORIENTED_EDGE('',*,*,#781,.T.);
#781 = EDGE_CURVE('',#772,#782,#784,.T.);
#782 = VERTEX_POINT('',#783);
#783 = CARTESIAN_POINT('',(206.,150.,67.));
#784 = LINE('',#785,#786);
#785 = CARTESIAN_POINT('',(206.,88.,67.));
#786 = VECTOR('',#787,1.);
#787 = DIRECTION('',(0.,1.,0.));
#788 = ORIENTED_EDGE('',*,*,#789,.T.);
#789 = EDGE_CURVE('',#782,#790,#792,.T.);
#790 = VERTEX_POINT('',#791);
#791 = CARTESIAN_POINT('',(206.,150.,120.));
#792 = LINE('',#793,#794);
#793 = CARTESIAN_POINT('',(206.,150.,67.));
#794 = VECTOR('',#795,1.);
#795 = DIRECTION('',(0.,0.,1.));
#796 = ORIENTED_EDGE('',*,*,#797,.F.);
#797 = EDGE_CURVE('',#774,#790,#798,.T.);
#798 = LINE('',#799,#800);
#799 = CARTESIAN_POINT('',(206.,88.,120.));
#800 = VECTOR('',#801,1.);
#801 = DIRECTION('',(0.,1.,0.));
#802 = PLANE('',#803);
#803 = AXIS2_PLACEMENT_3D('',#804,#805,#806);
#804 = CARTESIAN_POINT('',(206.,88.,67.));
#805 = DIRECTION('',(1.,0.,0.));
#806 = DIRECTION('',(0.,0.,1.));
#807 = ADVANCED_FACE('',(#808),#842,.T.);
#808 = FACE_BOUND('',#809,.T.);
#809 = EDGE_LOOP('',(#810,#820,#828,#836));
#810 = ORIENTED_EDGE('',*,*,#811,.F.);
#811 = EDGE_CURVE('',#812,#814,#816,.T.);
#812 = VERTEX_POINT('',#813);
#813 = CARTESIAN_POINT('',(222.,88.,67.));
#814 = VERTEX_POINT('',#815);
#815 = CARTESIAN_POINT('',(222.,88.,120.));
#816 = LINE('',#817,#818);
#817 = CARTESIAN_POINT('',(222.,88.,67.));
#818 = VECTOR('',#819,1.);
#819 = DIRECTION('',(0.,0.,1.));
#820 = ORIENTED_EDGE('',*,*,#821,.T.);
#821 = EDGE_CURVE('',#812,#822,#824,.T.);
#822 = VERTEX_POINT('',#823);
#823 = CARTESIAN_POINT('',(222.,150.,67.));
#824 = LINE('',#825,#826);
#825 = CARTESIAN_POINT('',(222.,88.,67.));
#826 = VECTOR('',#827,1.);
#827 = DIRECTION('',(0.,1.,0.));
#828 = ORIENTED_EDGE('',*,*,#829,.T.);
#829 = EDGE_CURVE('',#822,#830,#832,.T.);
#830 = VERTEX_POINT('',#831);
#831 = CARTESIAN_POINT('',(222.,150.,120.));
#832 = LINE('',#833,#834);
#833 = CARTESIAN_POINT('',(222.,150.,67.));
#834 = VECTOR('',#835,1.);
#835 = DIRECTION('',(0.,0.,1.));
#836 = ORIENTED_EDGE('',*,*,#837,.F.);
#837 = EDGE_CURVE('',#814,#830,#838,.T.);
#838 = LINE('',#839,#840);
#839 = CARTESIAN_POINT('',(222.,88.,120.));
#840 = VECTOR('',#841,1.);
#841 = DIRECTION('',(0.,1.,0.));
#842 = PLANE('',#843);
#843 = AXIS2_PLACEMENT_3D('',#844,#845,#846);
#844 = CARTESIAN_POINT('',(222.,88.,67.));
#845 = DIRECTION('',(1.,0.,0.));
#846 = DIRECTION('',(0.,0.,1.));
#847 = ADVANCED_FACE('',(#848),#864,.F.);
#848 = FACE_BOUND('',#849,.F.);
#849 = EDGE_LOOP('',(#850,#856,#857,#863));
#850 = ORIENTED_EDGE('',*,*,#851,.F.);
#851 = EDGE_CURVE('',#772,#812,#852,.T.);
#852 = LINE('',#853,#854);
#853 = CARTESIAN_POINT('',(206.,88.,67.));
#854 = VECTOR('',#855,1.);
#855 = DIRECTION('',(1.,0.,0.));
#856 = ORIENTED_EDGE('',*,*,#771,.T.);
#857 = ORIENTED_EDGE('',*,*,#858,.T.);
#858 = EDGE_CURVE('',#774,#814,#859,.T.);
#859 = LINE('',#860,#861);
#860 = CARTESIAN_POINT('',(206.,88.,120.));
#861 = VECTOR('',#862,1.);
#862 = DIRECTION('',(1.,0.,0.));
#863 = ORIENTED_EDGE('',*,*,#811,.F.);
#864 = PLANE('',#865);
#865 = AXIS2_PLACEMENT_3D('',#866,#867,#868);
#866 = CARTESIAN_POINT('',(206.,88.,67.));
#867 = DIRECTION('',(0.,1.,0.));
#868 = DIRECTION('',(0.,0.,1.));
#869 = ADVANCED_FACE('',(#870),#886,.T.);
#870 = FACE_BOUND('',#871,.T.);
#871 = EDGE_LOOP('',(#872,#878,#879,#885));
#872 = ORIENTED_EDGE('',*,*,#873,.F.);
#873 = EDGE_CURVE('',#782,#822,#874,.T.);
#874 = LINE('',#875,#876);
#875 = CARTESIAN_POINT('',(206.,150.,67.));
#876 = VECTOR('',#877,1.);
#877 = DIRECTION('',(1.,0.,0.));
#878 = ORIENTED_EDGE('',*,*,#789,.T.);
#879 = ORIENTED_EDGE('',*,*,#880,.T.);
#880 = EDGE_CURVE('',#790,#830,#881,.T.);
#881 = LINE('',#882,#883);
#882 = CARTESIAN_POINT('',(206.,150.,120.));
#883 = VECTOR('',#884,1.);
#884 = DIRECTION('',(1.,0.,0.));
#885 = ORIENTED_EDGE('',*,*,#829,.F.);
#886 = PLANE('',#887);
#887 = AXIS2_PLACEMENT_3D('',#888,#889,#890);
#888 = CARTESIAN_POINT('',(206.,150.,67.));
#889 = DIRECTION('',(0.,1.,0.));
#890 = DIRECTION('',(0.,0.,1.));
#891 = ADVANCED_FACE('',(#892),#898,.F.);
#892 = FACE_BOUND('',#893,.F.);
#893 = EDGE_LOOP('',(#894,#895,#896,#897));
#894 = ORIENTED_EDGE('',*,*,#781,.F.);
#895 = ORIENTED_EDGE('',*,*,#851,.T.);
#896 = ORIENTED_EDGE('',*,*,#821,.T.);
#897 = ORIENTED_EDGE('',*,*,#873,.F.);
#898 = PLANE('',#899);
#899 = AXIS2_PLACEMENT_3D('',#900,#901,#902);
#900 = CARTESIAN_POINT('',(206.,88.,67.));
#901 = DIRECTION('',(0.,0.,1.));
#902 = DIRECTION('',(1.,0.,0.));
#903 = ADVANCED_FACE('',(#904),#910,.T.);
#904 = FACE_BOUND('',#905,.T.);
#905 = EDGE_LOOP('',(#906,#907,#908,#909));
#906 = ORIENTED_EDGE('',*,*,#797,.F.);
#907 = ORIENTED_EDGE('',*,*,#858,.T.);
#908 = ORIENTED_EDGE('',*,*,#837,.T.);
#909 = ORIENTED_EDGE('',*,*,#880,.F.);
#910 = PLANE('',#911);
#911 = AXIS2_PLACEMENT_3D('',#912,#913,#914);
#912 = CARTESIAN_POINT('',(206.,88.,120.));
#913 = DIRECTION('',(0.,0.,1.));
#914 = DIRECTION('',(1.,0.,0.));
#915 = MANIFOLD_SOLID_BREP('',#916);
#916 = CLOSED_SHELL('',(#917,#957,#997,#1019,#1041,#1053));
#917 = ADVANCED_FACE('',(#918),#952,.F.);
#918 = FACE_BOUND('',#919,.F.);
#919 = EDGE_LOOP('',(#920,#930,#938,#946));
#920 = ORIENTED_EDGE('',*,*,#921,.F.);
#921 = EDGE_CURVE('',#922,#924,#926,.T.);
#922 = VERTEX_POINT('',#923);
#923 = CARTESIAN_POINT('',(45.,90.,125.1));
#924 = VERTEX_POINT('',#925);
#925 = CARTESIAN_POINT('',(45.,90.,145.1));
#926 = LINE('',#927,#928);
#927 = CARTESIAN_POINT('',(45.,90.,125.1));
#928 = VECTOR('',#929,1.);
#929 = DIRECTION('',(0.,0.,1.));
#930 = ORIENTED_EDGE('',*,*,#931,.T.);
#931 = EDGE_CURVE('',#922,#932,#934,.T.);
#932 = VERTEX_POINT('',#933);
#933 = CARTESIAN_POINT('',(45.,150.,125.1));
#934 = LINE('',#935,#936);
#935 = CARTESIAN_POINT('',(45.,90.,125.1));
#936 = VECTOR('',#937,1.);
#937 = DIRECTION('',(0.,1.,0.));
#938 = ORIENTED_EDGE('',*,*,#939,.T.);
#939 = EDGE_CURVE('',#932,#940,#942,.T.);
#940 = VERTEX_POINT('',#941);
#941 = CARTESIAN_POINT('',(45.,150.,145.1));
#942 = LINE('',#943,#944);
#943 = CARTESIAN_POINT('',(45.,150.,125.1));
#944 = VECTOR('',#945,1.);
#945 = DIRECTION('',(0.,0.,1.));
#946 = ORIENTED_EDGE('',*,*,#947,.F.);
#947 = EDGE_CURVE('',#924,#940,#948,.T.);
#948 = LINE('',#949,#950);
#949 = CARTESIAN_POINT('',(45.,90.,145.1));
#950 = VECTOR('',#951,1.);
#951 = DIRECTION('',(0.,1.,0.));
#952 = PLANE('',#953);
#953 = AXIS2_PLACEMENT_3D('',#954,#955,#956);
#954 = CARTESIAN_POINT('',(45.,90.,125.1));
#955 = DIRECTION('',(1.,0.,0.));
#956 = DIRECTION('',(0.,0.,1.));
#957 = ADVANCED_FACE('',(#958),#992,.T.);
#958 = FACE_BOUND('',#959,.T.);
#959 = EDGE_LOOP('',(#960,#970,#978,#986));
#960 = ORIENTED_EDGE('',*,*,#961,.F.);
#961 = EDGE_CURVE('',#962,#964,#966,.T.);
#962 = VERTEX_POINT('',#963);
#963 = CARTESIAN_POINT('',(80.,90.,125.1));
#964 = VERTEX_POINT('',#965);
#965 = CARTESIAN_POINT('',(80.,90.,145.1));
#966 = LINE('',#967,#968);
#967 = CARTESIAN_POINT('',(80.,90.,125.1));
#968 = VECTOR('',#969,1.);
#969 = DIRECTION('',(0.,0.,1.));
#970 = ORIENTED_EDGE('',*,*,#971,.T.);
#971 = EDGE_CURVE('',#962,#972,#974,.T.);
#972 = VERTEX_POINT('',#973);
#973 = CARTESIAN_POINT('',(80.,150.,125.1));
#974 = LINE('',#975,#976);
#975 = CARTESIAN_POINT('',(80.,90.,125.1));
#976 = VECTOR('',#977,1.);
#977 = DIRECTION('',(0.,1.,0.));
#978 = ORIENTED_EDGE('',*,*,#979,.T.);
#979 = EDGE_CURVE('',#972,#980,#982,.T.);
#980 = VERTEX_POINT('',#981);
#981 = CARTESIAN_POINT('',(80.,150.,145.1));
#982 = LINE('',#983,#984);
#983 = CARTESIAN_POINT('',(80.,150.,125.1));
#984 = VECTOR('',#985,1.);
#985 = DIRECTION('',(0.,0.,1.));
#986 = ORIENTED_EDGE('',*,*,#987,.F.);
#987 = EDGE_CURVE('',#964,#980,#988,.T.);
#988 = LINE('',#989,#990);
#989 = CARTESIAN_POINT('',(80.,90.,145.1));
#990 = VECTOR('',#991,1.);
#991 = DIRECTION('',(0.,1.,0.));
#992 = PLANE('',#993);
#993 = AXIS2_PLACEMENT_3D('',#994,#995,#996);
#994 = CARTESIAN_POINT('',(80.,90.,125.1));
#995 = DIRECTION('',(1.,0.,0.));
#996 = DIRECTION('',(0.,0.,1.));
#997 = ADVANCED_FACE('',(#998),#1014,.F.);
#998 = FACE_BOUND('',#999,.F.);
#999 = EDGE_LOOP('',(#1000,#1006,#1007,#1013));
#1000 = ORIENTED_EDGE('',*,*,#1001,.F.);
#1001 = EDGE_CURVE('',#922,#962,#1002,.T.);
#1002 = LINE('',#1003,#1004);
#1003 = CARTESIAN_POINT('',(45.,90.,125.1));
#1004 = VECTOR('',#1005,1.);
#1005 = DIRECTION('',(1.,0.,0.));
#1006 = ORIENTED_EDGE('',*,*,#921,.T.);
#1007 = ORIENTED_EDGE('',*,*,#1008,.T.);
#1008 = EDGE_CURVE('',#924,#964,#1009,.T.);
#1009 = LINE('',#1010,#1011);
#1010 = CARTESIAN_POINT('',(45.,90.,145.1));
#1011 = VECTOR('',#1012,1.);
#1012 = DIRECTION('',(1.,0.,0.));
#1013 = ORIENTED_EDGE('',*,*,#961,.F.);
#1014 = PLANE('',#1015);
#1015 = AXIS2_PLACEMENT_3D('',#1016,#1017,#1018);
#1016 = CARTESIAN_POINT('',(45.,90.,125.1));
#1017 = DIRECTION('',(0.,1.,0.));
#1018 = DIRECTION('',(0.,0.,1.));
#1019 = ADVANCED_FACE('',(#1020),#1036,.T.);
#1020 = FACE_BOUND('',#1021,.T.);
#1021 = EDGE_LOOP('',(#1022,#1028,#1029,#1035));
#1022 = ORIENTED_EDGE('',*,*,#1023,.F.);
#1023 = EDGE_CURVE('',#932,#972,#1024,.T.);
#1024 = LINE('',#1025,#1026);
#1025 = CARTESIAN_POINT('',(45.,150.,125.1));
#1026 = VECTOR('',#1027,1.);
#1027 = DIRECTION('',(1.,0.,0.));
#1028 = ORIENTED_EDGE('',*,*,#939,.T.);
#1029 = ORIENTED_EDGE('',*,*,#1030,.T.);
#1030 = EDGE_CURVE('',#940,#980,#1031,.T.);
#1031 = LINE('',#1032,#1033);
#1032 = CARTESIAN_POINT('',(45.,150.,145.1));
#1033 = VECTOR('',#1034,1.);
#1034 = DIRECTION('',(1.,0.,0.));
#1035 = ORIENTED_EDGE('',*,*,#979,.F.);
#1036 = PLANE('',#1037);
#1037 = AXIS2_PLACEMENT_3D('',#1038,#1039,#1040);
#1038 = CARTESIAN_POINT('',(45.,150.,125.1));
#1039 = DIRECTION('',(0.,1.,0.));
#1040 = DIRECTION('',(0.,0.,1.));
#1041 = ADVANCED_FACE('',(#1042),#1048,.F.);
#1042 = FACE_BOUND('',#1043,.F.);
#1043 = EDGE_LOOP('',(#1044,#1045,#1046,#1047));
#1044 = ORIENTED_EDGE('',*,*,#931,.F.);
#1045 = ORIENTED_EDGE('',*,*,#1001,.T.);
#1046 = ORIENTED_EDGE('',*,*,#971,.T.);
#1047 = ORIENTED_EDGE('',*,*,#1023,.F.);
#1048 = PLANE('',#1049);
#1049 = AXIS2_PLACEMENT_3D('',#1050,#1051,#1052);
#1050 = CARTESIAN_POINT('',(45.,90.,125.1));
#1051 = DIRECTION('',(0.,0.,1.));
#1052 = DIRECTION('',(1.,0.,0.));
#1053 = ADVANCED_FACE('',(#1054),#1060,.T.);
#1054 = FACE_BOUND('',#1055,.T.);
#1055 = EDGE_LOOP('',(#1056,#1057,#1058,#1059));
#1056 = ORIENTED_EDGE('',*,*,#947,.F.);
#1057 = ORIENTED_EDGE('',*,*,#1008,.T.);
#1058 = ORIENTED_EDGE('',*,*,#987,.T.);
#1059 = ORIENTED_EDGE('',*,*,#1030,.F.);
#1060 = PLANE('',#1061);
#1061 = AXIS2_PLACEMENT_3D('',#1062,#1063,#1064);
#1062 = CARTESIAN_POINT('',(45.,90.,145.1));
#1063 = DIRECTION('',(0.,0.,1.));
#1064 = DIRECTION('',(1.,0.,0.));
#1065 = MANIFOLD_SOLID_BREP('',#1066);
#1066 = CLOSED_SHELL('',(#1067,#1107,#1147,#1169,#1191,#1203));
#1067 = ADVANCED_FACE('',(#1068),#1102,.F.);
#1068 = FACE_BOUND('',#1069,.F.);
#1069 = EDGE_LOOP('',(#1070,#1080,#1088,#1096));
#1070 = ORIENTED_EDGE('',*,*,#1071,.F.);
#1071 = EDGE_CURVE('',#1072,#1074,#1076,.T.);
#1072 = VERTEX_POINT('',#1073);
#1073 = CARTESIAN_POINT('',(10.,91.,125.1));
#1074 = VERTEX_POINT('',#1075);
#1075 = CARTESIAN_POINT('',(10.,91.,139.1));
#1076 = LINE('',#1077,#1078);
#1077 = CARTESIAN_POINT('',(10.,91.,125.1));
#1078 = VECTOR('',#1079,1.);
#1079 = DIRECTION('',(0.,0.,1.));
#1080 = ORIENTED_EDGE('',*,*,#1081,.T.);
#1081 = EDGE_CURVE('',#1072,#1082,#1084,.T.);
#1082 = VERTEX_POINT('',#1083);
#1083 = CARTESIAN_POINT('',(10.,138.,125.1));
#1084 = LINE('',#1085,#1086);
#1085 = CARTESIAN_POINT('',(10.,91.,125.1));
#1086 = VECTOR('',#1087,1.);
#1087 = DIRECTION('',(0.,1.,0.));
#1088 = ORIENTED_EDGE('',*,*,#1089,.T.);
#1089 = EDGE_CURVE('',#1082,#1090,#1092,.T.);
#1090 = VERTEX_POINT('',#1091);
#1091 = CARTESIAN_POINT('',(10.,138.,139.1));
#1092 = LINE('',#1093,#1094);
#1093 = CARTESIAN_POINT('',(10.,138.,125.1));
#1094 = VECTOR('',#1095,1.);
#1095 = DIRECTION('',(0.,0.,1.));
#1096 = ORIENTED_EDGE('',*,*,#1097,.F.);
#1097 = EDGE_CURVE('',#1074,#1090,#1098,.T.);
#1098 = LINE('',#1099,#1100);
#1099 = CARTESIAN_POINT('',(10.,91.,139.1));
#1100 = VECTOR('',#1101,1.);
#1101 = DIRECTION('',(0.,1.,0.));
#1102 = PLANE('',#1103);
#1103 = AXIS2_PLACEMENT_3D('',#1104,#1105,#1106);
#1104 = CARTESIAN_POINT('',(10.,91.,125.1));
#1105 = DIRECTION('',(1.,0.,0.));
#1106 = DIRECTION('',(0.,0.,1.));
#1107 = ADVANCED_FACE('',(#1108),#1142,.T.);
#1108 = FACE_BOUND('',#1109,.T.);
#1109 = EDGE_LOOP('',(#1110,#1120,#1128,#1136));
#1110 = ORIENTED_EDGE('',*,*,#1111,.F.);
#1111 = EDGE_CURVE('',#1112,#1114,#1116,.T.);
#1112 = VERTEX_POINT('',#1113);
#1113 = CARTESIAN_POINT('',(44.,91.,125.1));
#1114 = VERTEX_POINT('',#1115);
#1115 = CARTESIAN_POINT('',(44.,91.,139.1));
#1116 = LINE('',#1117,#1118);
#1117 = CARTESIAN_POINT('',(44.,91.,125.1));
#1118 = VECTOR('',#1119,1.);
#1119 = DIRECTION('',(0.,0.,1.));
#1120 = ORIENTED_EDGE('',*,*,#1121,.T.);
#1121 = EDGE_CURVE('',#1112,#1122,#1124,.T.);
#1122 = VERTEX_POINT('',#1123);
#1123 = CARTESIAN_POINT('',(44.,138.,125.1));
#1124 = LINE('',#1125,#1126);
#1125 = CARTESIAN_POINT('',(44.,91.,125.1));
#1126 = VECTOR('',#1127,1.);
#1127 = DIRECTION('',(0.,1.,0.));
#1128 = ORIENTED_EDGE('',*,*,#1129,.T.);
#1129 = EDGE_CURVE('',#1122,#1130,#1132,.T.);
#1130 = VERTEX_POINT('',#1131);
#1131 = CARTESIAN_POINT('',(44.,138.,139.1));
#1132 = LINE('',#1133,#1134);
#1133 = CARTESIAN_POINT('',(44.,138.,125.1));
#1134 = VECTOR('',#1135,1.);
#1135 = DIRECTION('',(0.,0.,1.));
#1136 = ORIENTED_EDGE('',*,*,#1137,.F.);
#1137 = EDGE_CURVE('',#1114,#1130,#1138,.T.);
#1138 = LINE('',#1139,#1140);
#1139 = CARTESIAN_POINT('',(44.,91.,139.1));
#1140 = VECTOR('',#1141,1.);
#1141 = DIRECTION('',(0.,1.,0.));
#1142 = PLANE('',#1143);
#1143 = AXIS2_PLACEMENT_3D('',#1144,#1145,#1146);
#1144 = CARTESIAN_POINT('',(44.,91.,125.1));
#1145 = DIRECTION('',(1.,0.,0.));
#1146 = DIRECTION('',(0.,0.,1.));
#1147 = ADVANCED_FACE('',(#1148),#1164,.F.);
#1148 = FACE_BOUND('',#1149,.F.);
#1149 = EDGE_LOOP('',(#1150,#1156,#1157,#1163));
#1150 = ORIENTED_EDGE('',*,*,#1151,.F.);
#1151 = EDGE_CURVE('',#1072,#1112,#1152,.T.);
#1152 = LINE('',#1153,#1154);
#1153 = CARTESIAN_POINT('',(10.,91.,125.1));
#1154 = VECTOR('',#1155,1.);
#1155 = DIRECTION('',(1.,0.,0.));
#1156 = ORIENTED_EDGE('',*,*,#1071,.T.);
#1157 = ORIENTED_EDGE('',*,*,#1158,.T.);
#1158 = EDGE_CURVE('',#1074,#1114,#1159,.T.);
#1159 = LINE('',#1160,#1161);
#1160 = CARTESIAN_POINT('',(10.,91.,139.1));
#1161 = VECTOR('',#1162,1.);
#1162 = DIRECTION('',(1.,0.,0.));
#1163 = ORIENTED_EDGE('',*,*,#1111,.F.);
#1164 = PLANE('',#1165);
#1165 = AXIS2_PLACEMENT_3D('',#1166,#1167,#1168);
#1166 = CARTESIAN_POINT('',(10.,91.,125.1));
#1167 = DIRECTION('',(0.,1.,0.));
#1168 = DIRECTION('',(0.,0.,1.));
#1169 = ADVANCED_FACE('',(#1170),#1186,.T.);
#1170 = FACE_BOUND('',#1171,.T.);
#1171 = EDGE_LOOP('',(#1172,#1178,#1179,#1185));
#1172 = ORIENTED_EDGE('',*,*,#1173,.F.);
#1173 = EDGE_CURVE('',#1082,#1122,#1174,.T.);
#1174 = LINE('',#1175,#1176);
#1175 = CARTESIAN_POINT('',(10.,138.,125.1));
#1176 = VECTOR('',#1177,1.);
#1177 = DIRECTION('',(1.,0.,0.));
#1178 = ORIENTED_EDGE('',*,*,#1089,.T.);
#1179 = ORIENTED_EDGE('',*,*,#1180,.T.);
#1180 = EDGE_CURVE('',#1090,#1130,#1181,.T.);
#1181 = LINE('',#1182,#1183);
#1182 = CARTESIAN_POINT('',(10.,138.,139.1));
#1183 = VECTOR('',#1184,1.);
#1184 = DIRECTION('',(1.,0.,0.));
#1185 = ORIENTED_EDGE('',*,*,#1129,.F.);
#1186 = PLANE('',#1187);
#1187 = AXIS2_PLACEMENT_3D('',#1188,#1189,#1190);
#1188 = CARTESIAN_POINT('',(10.,138.,125.1));
#1189 = DIRECTION('',(0.,1.,0.));
#1190 = DIRECTION('',(0.,0.,1.));
#1191 = ADVANCED_FACE('',(#1192),#1198,.F.);
#1192 = FACE_BOUND('',#1193,.F.);
#1193 = EDGE_LOOP('',(#1194,#1195,#1196,#1197));
#1194 = ORIENTED_EDGE('',*,*,#1081,.F.);
#1195 = ORIENTED_EDGE('',*,*,#1151,.T.);
#1196 = ORIENTED_EDGE('',*,*,#1121,.T.);
#1197 = ORIENTED_EDGE('',*,*,#1173,.F.);
#1198 = PLANE('',#1199);
#1199 = AXIS2_PLACEMENT_3D('',#1200,#1201,#1202);
#1200 = CARTESIAN_POINT('',(10.,91.,125.1));
#1201 = DIRECTION('',(0.,0.,1.));
#1202 = DIRECTION('',(1.,0.,0.));
#1203 = ADVANCED_FACE('',(#1204),#1210,.T.);
#1204 = FACE_BOUND('',#1205,.T.);
#1205 = EDGE_LOOP('',(#1206,#1207,#1208,#1209));
#1206 = ORIENTED_EDGE('',*,*,#1097,.F.);
#1207 = ORIENTED_EDGE('',*,*,#1158,.T.);
#1208 = ORIENTED_EDGE('',*,*,#1137,.T.);
#1209 = ORIENTED_EDGE('',*,*,#1180,.F.);
#1210 = PLANE('',#1211);
#1211 = AXIS2_PLACEMENT_3D('',#1212,#1213,#1214);
#1212 = CARTESIAN_POINT('',(10.,91.,139.1));
#1213 = DIRECTION('',(0.,0.,1.));
#1214 = DIRECTION('',(1.,0.,0.));
#1215 = MANIFOLD_SOLID_BREP('',#1216);
#1216 = CLOSED_SHELL('',(#1217,#1257,#1297,#1319,#1341,#1353));
#1217 = ADVANCED_FACE('',(#1218),#1252,.F.);
#1218 = FACE_BOUND('',#1219,.F.);
#1219 = EDGE_LOOP('',(#1220,#1230,#1238,#1246));
#1220 = ORIENTED_EDGE('',*,*,#1221,.F.);
#1221 = EDGE_CURVE('',#1222,#1224,#1226,.T.);
#1222 = VERTEX_POINT('',#1223);
#1223 = CARTESIAN_POINT('',(11.,93.,127.1));
#1224 = VERTEX_POINT('',#1225);
#1225 = CARTESIAN_POINT('',(11.,93.,136.12));
#1226 = LINE('',#1227,#1228);
#1227 = CARTESIAN_POINT('',(11.,93.,127.1));
#1228 = VECTOR('',#1229,1.);
#1229 = DIRECTION('',(0.,0.,1.));
#1230 = ORIENTED_EDGE('',*,*,#1231,.T.);
#1231 = EDGE_CURVE('',#1222,#1232,#1234,.T.);
#1232 = VERTEX_POINT('',#1233);
#1233 = CARTESIAN_POINT('',(11.,136.18,127.1));
#1234 = LINE('',#1235,#1236);
#1235 = CARTESIAN_POINT('',(11.,93.,127.1));
#1236 = VECTOR('',#1237,1.);
#1237 = DIRECTION('',(0.,1.,0.));
#1238 = ORIENTED_EDGE('',*,*,#1239,.T.);
#1239 = EDGE_CURVE('',#1232,#1240,#1242,.T.);
#1240 = VERTEX_POINT('',#1241);
#1241 = CARTESIAN_POINT('',(11.,136.18,136.12));
#1242 = LINE('',#1243,#1244);
#1243 = CARTESIAN_POINT('',(11.,136.18,127.1));
#1244 = VECTOR('',#1245,1.);
#1245 = DIRECTION('',(0.,0.,1.));
#1246 = ORIENTED_EDGE('',*,*,#1247,.F.);
#1247 = EDGE_CURVE('',#1224,#1240,#1248,.T.);
#1248 = LINE('',#1249,#1250);
#1249 = CARTESIAN_POINT('',(11.,93.,136.12));
#1250 = VECTOR('',#1251,1.);
#1251 = DIRECTION('',(0.,1.,0.));
#1252 = PLANE('',#1253);
#1253 = AXIS2_PLACEMENT_3D('',#1254,#1255,#1256);
#1254 = CARTESIAN_POINT('',(11.,93.,127.1));
#1255 = DIRECTION('',(1.,0.,0.));
#1256 = DIRECTION('',(0.,0.,1.));
#1257 = ADVANCED_FACE('',(#1258),#1292,.T.);
#1258 = FACE_BOUND('',#1259,.T.);
#1259 = EDGE_LOOP('',(#1260,#1270,#1278,#1286));
#1260 = ORIENTED_EDGE('',*,*,#1261,.F.);
#1261 = EDGE_CURVE('',#1262,#1264,#1266,.T.);
#1262 = VERTEX_POINT('',#1263);
#1263 = CARTESIAN_POINT('',(42.75,93.,127.1));
#1264 = VERTEX_POINT('',#1265);
#1265 = CARTESIAN_POINT('',(42.75,93.,136.12));
#1266 = LINE('',#1267,#1268);
#1267 = CARTESIAN_POINT('',(42.75,93.,127.1));
#1268 = VECTOR('',#1269,1.);
#1269 = DIRECTION('',(0.,0.,1.));
#1270 = ORIENTED_EDGE('',*,*,#1271,.T.);
#1271 = EDGE_CURVE('',#1262,#1272,#1274,.T.);
#1272 = VERTEX_POINT('',#1273);
#1273 = CARTESIAN_POINT('',(42.75,136.18,127.1));
#1274 = LINE('',#1275,#1276);
#1275 = CARTESIAN_POINT('',(42.75,93.,127.1));
#1276 = VECTOR('',#1277,1.);
#1277 = DIRECTION('',(0.,1.,0.));
#1278 = ORIENTED_EDGE('',*,*,#1279,.T.);
#1279 = EDGE_CURVE('',#1272,#1280,#1282,.T.);
#1280 = VERTEX_POINT('',#1281);
#1281 = CARTESIAN_POINT('',(42.75,136.18,136.12));
#1282 = LINE('',#1283,#1284);
#1283 = CARTESIAN_POINT('',(42.75,136.18,127.1));
#1284 = VECTOR('',#1285,1.);
#1285 = DIRECTION('',(0.,0.,1.));
#1286 = ORIENTED_EDGE('',*,*,#1287,.F.);
#1287 = EDGE_CURVE('',#1264,#1280,#1288,.T.);
#1288 = LINE('',#1289,#1290);
#1289 = CARTESIAN_POINT('',(42.75,93.,136.12));
#1290 = VECTOR('',#1291,1.);
#1291 = DIRECTION('',(0.,1.,0.));
#1292 = PLANE('',#1293);
#1293 = AXIS2_PLACEMENT_3D('',#1294,#1295,#1296);
#1294 = CARTESIAN_POINT('',(42.75,93.,127.1));
#1295 = DIRECTION('',(1.,0.,0.));
#1296 = DIRECTION('',(0.,0.,1.));
#1297 = ADVANCED_FACE('',(#1298),#1314,.F.);
#1298 = FACE_BOUND('',#1299,.F.);
#1299 = EDGE_LOOP('',(#1300,#1306,#1307,#1313));
#1300 = ORIENTED_EDGE('',*,*,#1301,.F.);
#1301 = EDGE_CURVE('',#1222,#1262,#1302,.T.);
#1302 = LINE('',#1303,#1304);
#1303 = CARTESIAN_POINT('',(11.,93.,127.1));
#1304 = VECTOR('',#1305,1.);
#1305 = DIRECTION('',(1.,0.,0.));
#1306 = ORIENTED_EDGE('',*,*,#1221,.T.);
#1307 = ORIENTED_EDGE('',*,*,#1308,.T.);
#1308 = EDGE_CURVE('',#1224,#1264,#1309,.T.);
#1309 = LINE('',#1310,#1311);
#1310 = CARTESIAN_POINT('',(11.,93.,136.12));
#1311 = VECTOR('',#1312,1.);
#1312 = DIRECTION('',(1.,0.,0.));
#1313 = ORIENTED_EDGE('',*,*,#1261,.F.);
#1314 = PLANE('',#1315);
#1315 = AXIS2_PLACEMENT_3D('',#1316,#1317,#1318);
#1316 = CARTESIAN_POINT('',(11.,93.,127.1));
#1317 = DIRECTION('',(0.,1.,0.));
#1318 = DIRECTION('',(0.,0.,1.));
#1319 = ADVANCED_FACE('',(#1320),#1336,.T.);
#1320 = FACE_BOUND('',#1321,.T.);
#1321 = EDGE_LOOP('',(#1322,#1328,#1329,#1335));
#1322 = ORIENTED_EDGE('',*,*,#1323,.F.);
#1323 = EDGE_CURVE('',#1232,#1272,#1324,.T.);
#1324 = LINE('',#1325,#1326);
#1325 = CARTESIAN_POINT('',(11.,136.18,127.1));
#1326 = VECTOR('',#1327,1.);
#1327 = DIRECTION('',(1.,0.,0.));
#1328 = ORIENTED_EDGE('',*,*,#1239,.T.);
#1329 = ORIENTED_EDGE('',*,*,#1330,.T.);
#1330 = EDGE_CURVE('',#1240,#1280,#1331,.T.);
#1331 = LINE('',#1332,#1333);
#1332 = CARTESIAN_POINT('',(11.,136.18,136.12));
#1333 = VECTOR('',#1334,1.);
#1334 = DIRECTION('',(1.,0.,0.));
#1335 = ORIENTED_EDGE('',*,*,#1279,.F.);
#1336 = PLANE('',#1337);
#1337 = AXIS2_PLACEMENT_3D('',#1338,#1339,#1340);
#1338 = CARTESIAN_POINT('',(11.,136.18,127.1));
#1339 = DIRECTION('',(0.,1.,0.));
#1340 = DIRECTION('',(0.,0.,1.));
#1341 = ADVANCED_FACE('',(#1342),#1348,.F.);
#1342 = FACE_BOUND('',#1343,.F.);
#1343 = EDGE_LOOP('',(#1344,#1345,#1346,#1347));
#1344 = ORIENTED_EDGE('',*,*,#1231,.F.);
#1345 = ORIENTED_EDGE('',*,*,#1301,.T.);
#1346 = ORIENTED_EDGE('',*,*,#1271,.T.);
#1347 = ORIENTED_EDGE('',*,*,#1323,.F.);
#1348 = PLANE('',#1349);
#1349 = AXIS2_PLACEMENT_3D('',#1350,#1351,#1352);
#1350 = CARTESIAN_POINT('',(11.,93.,127.1));
#1351 = DIRECTION('',(0.,0.,1.));
#1352 = DIRECTION('',(1.,0.,0.));
#1353 = ADVANCED_FACE('',(#1354),#1360,.T.);
#1354 = FACE_BOUND('',#1355,.T.);
#1355 = EDGE_LOOP('',(#1356,#1357,#1358,#1359));
#1356 = ORIENTED_EDGE('',*,*,#1247,.F.);
#1357 = ORIENTED_EDGE('',*,*,#1308,.T.);
#1358 = ORIENTED_EDGE('',*,*,#1287,.T.);
#1359 = ORIENTED_EDGE('',*,*,#1330,.F.);
#1360 = PLANE('',#1361);
#1361 = AXIS2_PLACEMENT_3D('',#1362,#1363,#1364);
#1362 = CARTESIAN_POINT('',(11.,93.,136.12));
#1363 = DIRECTION('',(0.,0.,1.));
#1364 = DIRECTION('',(1.,0.,0.));
#1365 = MANIFOLD_SOLID_BREP('',#1366);
#1366 = CLOSED_SHELL('',(#1367,#1407,#1438,#1473,#1497,#1525,#1537));
#1367 = ADVANCED_FACE('',(#1368),#1402,.F.);
#1368 = FACE_BOUND('',#1369,.F.);
#1369 = EDGE_LOOP('',(#1370,#1380,#1388,#1396));
#1370 = ORIENTED_EDGE('',*,*,#1371,.F.);
#1371 = EDGE_CURVE('',#1372,#1374,#1376,.T.);
#1372 = VERTEX_POINT('',#1373);
#1373 = CARTESIAN_POINT('',(5.,1.3,86.));
#1374 = VERTEX_POINT('',#1375);
#1375 = CARTESIAN_POINT('',(5.,1.3,89.175));
#1376 = LINE('',#1377,#1378);
#1377 = CARTESIAN_POINT('',(5.,1.3,86.));
#1378 = VECTOR('',#1379,1.);
#1379 = DIRECTION('',(0.,0.,1.));
#1380 = ORIENTED_EDGE('',*,*,#1381,.T.);
#1381 = EDGE_CURVE('',#1372,#1382,#1384,.T.);
#1382 = VERTEX_POINT('',#1383);
#1383 = CARTESIAN_POINT('',(5.,26.7,86.));
#1384 = LINE('',#1385,#1386);
#1385 = CARTESIAN_POINT('',(5.,1.3,86.));
#1386 = VECTOR('',#1387,1.);
#1387 = DIRECTION('',(0.,1.,0.));
#1388 = ORIENTED_EDGE('',*,*,#1389,.T.);
#1389 = EDGE_CURVE('',#1382,#1390,#1392,.T.);
#1390 = VERTEX_POINT('',#1391);
#1391 = CARTESIAN_POINT('',(5.,26.7,89.175));
#1392 = LINE('',#1393,#1394);
#1393 = CARTESIAN_POINT('',(5.,26.7,86.));
#1394 = VECTOR('',#1395,1.);
#1395 = DIRECTION('',(0.,0.,1.));
#1396 = ORIENTED_EDGE('',*,*,#1397,.F.);
#1397 = EDGE_CURVE('',#1374,#1390,#1398,.T.);
#1398 = LINE('',#1399,#1400);
#1399 = CARTESIAN_POINT('',(5.,1.3,89.175));
#1400 = VECTOR('',#1401,1.);
#1401 = DIRECTION('',(0.,1.,0.));
#1402 = PLANE('',#1403);
#1403 = AXIS2_PLACEMENT_3D('',#1404,#1405,#1406);
#1404 = CARTESIAN_POINT('',(5.,1.3,86.));
#1405 = DIRECTION('',(1.,0.,0.));
#1406 = DIRECTION('',(0.,0.,1.));
#1407 = ADVANCED_FACE('',(#1408),#1433,.F.);
#1408 = FACE_BOUND('',#1409,.F.);
#1409 = EDGE_LOOP('',(#1410,#1418,#1419,#1427));
#1410 = ORIENTED_EDGE('',*,*,#1411,.F.);
#1411 = EDGE_CURVE('',#1372,#1412,#1414,.T.);
#1412 = VERTEX_POINT('',#1413);
#1413 = CARTESIAN_POINT('',(23.,1.3,86.));
#1414 = LINE('',#1415,#1416);
#1415 = CARTESIAN_POINT('',(5.,1.3,86.));
#1416 = VECTOR('',#1417,1.);
#1417 = DIRECTION('',(1.,0.,0.));
#1418 = ORIENTED_EDGE('',*,*,#1371,.T.);
#1419 = ORIENTED_EDGE('',*,*,#1420,.T.);
#1420 = EDGE_CURVE('',#1374,#1421,#1423,.T.);
#1421 = VERTEX_POINT('',#1422);
#1422 = CARTESIAN_POINT('',(23.,1.3,89.175));
#1423 = LINE('',#1424,#1425);
#1424 = CARTESIAN_POINT('',(5.,1.3,89.175));
#1425 = VECTOR('',#1426,1.);
#1426 = DIRECTION('',(1.,0.,0.));
#1427 = ORIENTED_EDGE('',*,*,#1428,.F.);
#1428 = EDGE_CURVE('',#1412,#1421,#1429,.T.);
#1429 = LINE('',#1430,#1431);
#1430 = CARTESIAN_POINT('',(23.,1.3,86.));
#1431 = VECTOR('',#1432,1.);
#1432 = DIRECTION('',(0.,0.,1.));
#1433 = PLANE('',#1434);
#1434 = AXIS2_PLACEMENT_3D('',#1435,#1436,#1437);
#1435 = CARTESIAN_POINT('',(5.,1.3,86.));
#1436 = DIRECTION('',(0.,1.,0.));
#1437 = DIRECTION('',(0.,0.,1.));
#1438 = ADVANCED_FACE('',(#1439,#1457),#1468,.T.);
#1439 = FACE_BOUND('',#1440,.T.);
#1440 = EDGE_LOOP('',(#1441,#1442,#1443,#1451));
#1441 = ORIENTED_EDGE('',*,*,#1397,.F.);
#1442 = ORIENTED_EDGE('',*,*,#1420,.T.);
#1443 = ORIENTED_EDGE('',*,*,#1444,.T.);
#1444 = EDGE_CURVE('',#1421,#1445,#1447,.T.);
#1445 = VERTEX_POINT('',#1446);
#1446 = CARTESIAN_POINT('',(23.,26.7,89.175));
#1447 = LINE('',#1448,#1449);
#1448 = CARTESIAN_POINT('',(23.,1.3,89.175));
#1449 = VECTOR('',#1450,1.);
#1450 = DIRECTION('',(0.,1.,0.));
#1451 = ORIENTED_EDGE('',*,*,#1452,.F.);
#1452 = EDGE_CURVE('',#1390,#1445,#1453,.T.);
#1453 = LINE('',#1454,#1455);
#1454 = CARTESIAN_POINT('',(5.,26.7,89.175));
#1455 = VECTOR('',#1456,1.);
#1456 = DIRECTION('',(1.,0.,0.));
#1457 = FACE_BOUND('',#1458,.T.);
#1458 = EDGE_LOOP('',(#1459));
#1459 = ORIENTED_EDGE('',*,*,#1460,.F.);
#1460 = EDGE_CURVE('',#1461,#1461,#1463,.T.);
#1461 = VERTEX_POINT('',#1462);
#1462 = CARTESIAN_POINT('',(18.75,14.,89.175));
#1463 = CIRCLE('',#1464,4.75);
#1464 = AXIS2_PLACEMENT_3D('',#1465,#1466,#1467);
#1465 = CARTESIAN_POINT('',(14.,14.,89.175));
#1466 = DIRECTION('',(0.,0.,1.));
#1467 = DIRECTION('',(1.,0.,0.));
#1468 = PLANE('',#1469);
#1469 = AXIS2_PLACEMENT_3D('',#1470,#1471,#1472);
#1470 = CARTESIAN_POINT('',(5.,1.3,89.175));
#1471 = DIRECTION('',(0.,0.,1.));
#1472 = DIRECTION('',(1.,0.,0.));
#1473 = ADVANCED_FACE('',(#1474),#1492,.T.);
#1474 = FACE_BOUND('',#1475,.T.);
#1475 = EDGE_LOOP('',(#1476,#1484,#1485,#1486));
#1476 = ORIENTED_EDGE('',*,*,#1477,.F.);
#1477 = EDGE_CURVE('',#1382,#1478,#1480,.T.);
#1478 = VERTEX_POINT('',#1479);
#1479 = CARTESIAN_POINT('',(23.,26.7,86.));
#1480 = LINE('',#1481,#1482);
#1481 = CARTESIAN_POINT('',(5.,26.7,86.));
#1482 = VECTOR('',#1483,1.);
#1483 = DIRECTION('',(1.,0.,0.));
#1484 = ORIENTED_EDGE('',*,*,#1389,.T.);
#1485 = ORIENTED_EDGE('',*,*,#1452,.T.);
#1486 = ORIENTED_EDGE('',*,*,#1487,.F.);
#1487 = EDGE_CURVE('',#1478,#1445,#1488,.T.);
#1488 = LINE('',#1489,#1490);
#1489 = CARTESIAN_POINT('',(23.,26.7,86.));
#1490 = VECTOR('',#1491,1.);
#1491 = DIRECTION('',(0.,0.,1.));
#1492 = PLANE('',#1493);
#1493 = AXIS2_PLACEMENT_3D('',#1494,#1495,#1496);
#1494 = CARTESIAN_POINT('',(5.,26.7,86.));
#1495 = DIRECTION('',(0.,1.,0.));
#1496 = DIRECTION('',(0.,0.,1.));
#1497 = ADVANCED_FACE('',(#1498,#1509),#1520,.F.);
#1498 = FACE_BOUND('',#1499,.F.);
#1499 = EDGE_LOOP('',(#1500,#1501,#1502,#1508));
#1500 = ORIENTED_EDGE('',*,*,#1381,.F.);
#1501 = ORIENTED_EDGE('',*,*,#1411,.T.);
#1502 = ORIENTED_EDGE('',*,*,#1503,.T.);
#1503 = EDGE_CURVE('',#1412,#1478,#1504,.T.);
#1504 = LINE('',#1505,#1506);
#1505 = CARTESIAN_POINT('',(23.,1.3,86.));
#1506 = VECTOR('',#1507,1.);
#1507 = DIRECTION('',(0.,1.,0.));
#1508 = ORIENTED_EDGE('',*,*,#1477,.F.);
#1509 = FACE_BOUND('',#1510,.F.);
#1510 = EDGE_LOOP('',(#1511));
#1511 = ORIENTED_EDGE('',*,*,#1512,.F.);
#1512 = EDGE_CURVE('',#1513,#1513,#1515,.T.);
#1513 = VERTEX_POINT('',#1514);
#1514 = CARTESIAN_POINT('',(18.75,14.,86.));
#1515 = CIRCLE('',#1516,4.75);
#1516 = AXIS2_PLACEMENT_3D('',#1517,#1518,#1519);
#1517 = CARTESIAN_POINT('',(14.,14.,86.));
#1518 = DIRECTION('',(0.,0.,1.));
#1519 = DIRECTION('',(1.,0.,0.));
#1520 = PLANE('',#1521);
#1521 = AXIS2_PLACEMENT_3D('',#1522,#1523,#1524);
#1522 = CARTESIAN_POINT('',(5.,1.3,86.));
#1523 = DIRECTION('',(0.,0.,1.));
#1524 = DIRECTION('',(1.,0.,0.));
#1525 = ADVANCED_FACE('',(#1526),#1532,.T.);
#1526 = FACE_BOUND('',#1527,.T.);
#1527 = EDGE_LOOP('',(#1528,#1529,#1530,#1531));
#1528 = ORIENTED_EDGE('',*,*,#1428,.F.);
#1529 = ORIENTED_EDGE('',*,*,#1503,.T.);
#1530 = ORIENTED_EDGE('',*,*,#1487,.T.);
#1531 = ORIENTED_EDGE('',*,*,#1444,.F.);
#1532 = PLANE('',#1533);
#1533 = AXIS2_PLACEMENT_3D('',#1534,#1535,#1536);
#1534 = CARTESIAN_POINT('',(23.,1.3,86.));
#1535 = DIRECTION('',(1.,0.,0.));
#1536 = DIRECTION('',(0.,0.,1.));
#1537 = ADVANCED_FACE('',(#1538),#1549,.F.);
#1538 = FACE_BOUND('',#1539,.F.);
#1539 = EDGE_LOOP('',(#1540,#1541,#1547,#1548));
#1540 = ORIENTED_EDGE('',*,*,#1460,.F.);
#1541 = ORIENTED_EDGE('',*,*,#1542,.F.);
#1542 = EDGE_CURVE('',#1513,#1461,#1543,.T.);
#1543 = LINE('',#1544,#1545);
#1544 = CARTESIAN_POINT('',(18.75,14.,85.));
#1545 = VECTOR('',#1546,1.);
#1546 = DIRECTION('',(0.,0.,1.));
#1547 = ORIENTED_EDGE('',*,*,#1512,.T.);
#1548 = ORIENTED_EDGE('',*,*,#1542,.T.);
#1549 = CYLINDRICAL_SURFACE('',#1550,4.75);
#1550 = AXIS2_PLACEMENT_3D('',#1551,#1552,#1553);
#1551 = CARTESIAN_POINT('',(14.,14.,85.));
#1552 = DIRECTION('',(0.,0.,1.));
#1553 = DIRECTION('',(1.,0.,0.));
#1554 = MANIFOLD_SOLID_BREP('',#1555);
#1555 = CLOSED_SHELL('',(#1556,#1596,#1627,#1662,#1686,#1714,#1726));
#1556 = ADVANCED_FACE('',(#1557),#1591,.F.);
#1557 = FACE_BOUND('',#1558,.F.);
#1558 = EDGE_LOOP('',(#1559,#1569,#1577,#1585));
#1559 = ORIENTED_EDGE('',*,*,#1560,.F.);
#1560 = EDGE_CURVE('',#1561,#1563,#1565,.T.);
#1561 = VERTEX_POINT('',#1562);
#1562 = CARTESIAN_POINT('',(5.,1.3,120.925));
#1563 = VERTEX_POINT('',#1564);
#1564 = CARTESIAN_POINT('',(5.,1.3,124.1));
#1565 = LINE('',#1566,#1567);
#1566 = CARTESIAN_POINT('',(5.,1.3,120.925));
#1567 = VECTOR('',#1568,1.);
#1568 = DIRECTION('',(0.,0.,1.));
#1569 = ORIENTED_EDGE('',*,*,#1570,.T.);
#1570 = EDGE_CURVE('',#1561,#1571,#1573,.T.);
#1571 = VERTEX_POINT('',#1572);
#1572 = CARTESIAN_POINT('',(5.,26.7,120.925));
#1573 = LINE('',#1574,#1575);
#1574 = CARTESIAN_POINT('',(5.,1.3,120.925));
#1575 = VECTOR('',#1576,1.);
#1576 = DIRECTION('',(0.,1.,0.));
#1577 = ORIENTED_EDGE('',*,*,#1578,.T.);
#1578 = EDGE_CURVE('',#1571,#1579,#1581,.T.);
#1579 = VERTEX_POINT('',#1580);
#1580 = CARTESIAN_POINT('',(5.,26.7,124.1));
#1581 = LINE('',#1582,#1583);
#1582 = CARTESIAN_POINT('',(5.,26.7,120.925));
#1583 = VECTOR('',#1584,1.);
#1584 = DIRECTION('',(0.,0.,1.));
#1585 = ORIENTED_EDGE('',*,*,#1586,.F.);
#1586 = EDGE_CURVE('',#1563,#1579,#1587,.T.);
#1587 = LINE('',#1588,#1589);
#1588 = CARTESIAN_POINT('',(5.,1.3,124.1));
#1589 = VECTOR('',#1590,1.);
#1590 = DIRECTION('',(0.,1.,0.));
#1591 = PLANE('',#1592);
#1592 = AXIS2_PLACEMENT_3D('',#1593,#1594,#1595);
#1593 = CARTESIAN_POINT('',(5.,1.3,120.925));
#1594 = DIRECTION('',(1.,0.,0.));
#1595 = DIRECTION('',(0.,0.,1.));
#1596 = ADVANCED_FACE('',(#1597),#1622,.F.);
#1597 = FACE_BOUND('',#1598,.F.);
#1598 = EDGE_LOOP('',(#1599,#1607,#1608,#1616));
#1599 = ORIENTED_EDGE('',*,*,#1600,.F.);
#1600 = EDGE_CURVE('',#1561,#1601,#1603,.T.);
#1601 = VERTEX_POINT('',#1602);
#1602 = CARTESIAN_POINT('',(23.,1.3,120.925));
#1603 = LINE('',#1604,#1605);
#1604 = CARTESIAN_POINT('',(5.,1.3,120.925));
#1605 = VECTOR('',#1606,1.);
#1606 = DIRECTION('',(1.,0.,0.));
#1607 = ORIENTED_EDGE('',*,*,#1560,.T.);
#1608 = ORIENTED_EDGE('',*,*,#1609,.T.);
#1609 = EDGE_CURVE('',#1563,#1610,#1612,.T.);
#1610 = VERTEX_POINT('',#1611);
#1611 = CARTESIAN_POINT('',(23.,1.3,124.1));
#1612 = LINE('',#1613,#1614);
#1613 = CARTESIAN_POINT('',(5.,1.3,124.1));
#1614 = VECTOR('',#1615,1.);
#1615 = DIRECTION('',(1.,0.,0.));
#1616 = ORIENTED_EDGE('',*,*,#1617,.F.);
#1617 = EDGE_CURVE('',#1601,#1610,#1618,.T.);
#1618 = LINE('',#1619,#1620);
#1619 = CARTESIAN_POINT('',(23.,1.3,120.925));
#1620 = VECTOR('',#1621,1.);
#1621 = DIRECTION('',(0.,0.,1.));
#1622 = PLANE('',#1623);
#1623 = AXIS2_PLACEMENT_3D('',#1624,#1625,#1626);
#1624 = CARTESIAN_POINT('',(5.,1.3,120.925));
#1625 = DIRECTION('',(0.,1.,0.));
#1626 = DIRECTION('',(0.,0.,1.));
#1627 = ADVANCED_FACE('',(#1628,#1646),#1657,.T.);
#1628 = FACE_BOUND('',#1629,.T.);
#1629 = EDGE_LOOP('',(#1630,#1631,#1632,#1640));
#1630 = ORIENTED_EDGE('',*,*,#1586,.F.);
#1631 = ORIENTED_EDGE('',*,*,#1609,.T.);
#1632 = ORIENTED_EDGE('',*,*,#1633,.T.);
#1633 = EDGE_CURVE('',#1610,#1634,#1636,.T.);
#1634 = VERTEX_POINT('',#1635);
#1635 = CARTESIAN_POINT('',(23.,26.7,124.1));
#1636 = LINE('',#1637,#1638);
#1637 = CARTESIAN_POINT('',(23.,1.3,124.1));
#1638 = VECTOR('',#1639,1.);
#1639 = DIRECTION('',(0.,1.,0.));
#1640 = ORIENTED_EDGE('',*,*,#1641,.F.);
#1641 = EDGE_CURVE('',#1579,#1634,#1642,.T.);
#1642 = LINE('',#1643,#1644);
#1643 = CARTESIAN_POINT('',(5.,26.7,124.1));
#1644 = VECTOR('',#1645,1.);
#1645 = DIRECTION('',(1.,0.,0.));
#1646 = FACE_BOUND('',#1647,.T.);
#1647 = EDGE_LOOP('',(#1648));
#1648 = ORIENTED_EDGE('',*,*,#1649,.F.);
#1649 = EDGE_CURVE('',#1650,#1650,#1652,.T.);
#1650 = VERTEX_POINT('',#1651);
#1651 = CARTESIAN_POINT('',(18.75,14.,124.1));
#1652 = CIRCLE('',#1653,4.75);
#1653 = AXIS2_PLACEMENT_3D('',#1654,#1655,#1656);
#1654 = CARTESIAN_POINT('',(14.,14.,124.1));
#1655 = DIRECTION('',(0.,0.,1.));
#1656 = DIRECTION('',(1.,0.,0.));
#1657 = PLANE('',#1658);
#1658 = AXIS2_PLACEMENT_3D('',#1659,#1660,#1661);
#1659 = CARTESIAN_POINT('',(5.,1.3,124.1));
#1660 = DIRECTION('',(0.,0.,1.));
#1661 = DIRECTION('',(1.,0.,0.));
#1662 = ADVANCED_FACE('',(#1663),#1681,.T.);
#1663 = FACE_BOUND('',#1664,.T.);
#1664 = EDGE_LOOP('',(#1665,#1673,#1674,#1675));
#1665 = ORIENTED_EDGE('',*,*,#1666,.F.);
#1666 = EDGE_CURVE('',#1571,#1667,#1669,.T.);
#1667 = VERTEX_POINT('',#1668);
#1668 = CARTESIAN_POINT('',(23.,26.7,120.925));
#1669 = LINE('',#1670,#1671);
#1670 = CARTESIAN_POINT('',(5.,26.7,120.925));
#1671 = VECTOR('',#1672,1.);
#1672 = DIRECTION('',(1.,0.,0.));
#1673 = ORIENTED_EDGE('',*,*,#1578,.T.);
#1674 = ORIENTED_EDGE('',*,*,#1641,.T.);
#1675 = ORIENTED_EDGE('',*,*,#1676,.F.);
#1676 = EDGE_CURVE('',#1667,#1634,#1677,.T.);
#1677 = LINE('',#1678,#1679);
#1678 = CARTESIAN_POINT('',(23.,26.7,120.925));
#1679 = VECTOR('',#1680,1.);
#1680 = DIRECTION('',(0.,0.,1.));
#1681 = PLANE('',#1682);
#1682 = AXIS2_PLACEMENT_3D('',#1683,#1684,#1685);
#1683 = CARTESIAN_POINT('',(5.,26.7,120.925));
#1684 = DIRECTION('',(0.,1.,0.));
#1685 = DIRECTION('',(0.,0.,1.));
#1686 = ADVANCED_FACE('',(#1687,#1698),#1709,.F.);
#1687 = FACE_BOUND('',#1688,.F.);
#1688 = EDGE_LOOP('',(#1689,#1690,#1691,#1697));
#1689 = ORIENTED_EDGE('',*,*,#1570,.F.);
#1690 = ORIENTED_EDGE('',*,*,#1600,.T.);
#1691 = ORIENTED_EDGE('',*,*,#1692,.T.);
#1692 = EDGE_CURVE('',#1601,#1667,#1693,.T.);
#1693 = LINE('',#1694,#1695);
#1694 = CARTESIAN_POINT('',(23.,1.3,120.925));
#1695 = VECTOR('',#1696,1.);
#1696 = DIRECTION('',(0.,1.,0.));
#1697 = ORIENTED_EDGE('',*,*,#1666,.F.);
#1698 = FACE_BOUND('',#1699,.F.);
#1699 = EDGE_LOOP('',(#1700));
#1700 = ORIENTED_EDGE('',*,*,#1701,.F.);
#1701 = EDGE_CURVE('',#1702,#1702,#1704,.T.);
#1702 = VERTEX_POINT('',#1703);
#1703 = CARTESIAN_POINT('',(18.75,14.,120.925));
#1704 = CIRCLE('',#1705,4.75);
#1705 = AXIS2_PLACEMENT_3D('',#1706,#1707,#1708);
#1706 = CARTESIAN_POINT('',(14.,14.,120.925));
#1707 = DIRECTION('',(0.,0.,1.));
#1708 = DIRECTION('',(1.,0.,0.));
#1709 = PLANE('',#1710);
#1710 = AXIS2_PLACEMENT_3D('',#1711,#1712,#1713);
#1711 = CARTESIAN_POINT('',(5.,1.3,120.925));
#1712 = DIRECTION('',(0.,0.,1.));
#1713 = DIRECTION('',(1.,0.,0.));
#1714 = ADVANCED_FACE('',(#1715),#1721,.T.);
#1715 = FACE_BOUND('',#1716,.T.);
#1716 = EDGE_LOOP('',(#1717,#1718,#1719,#1720));
#1717 = ORIENTED_EDGE('',*,*,#1617,.F.);
#1718 = ORIENTED_EDGE('',*,*,#1692,.T.);
#1719 = ORIENTED_EDGE('',*,*,#1676,.T.);
#1720 = ORIENTED_EDGE('',*,*,#1633,.F.);
#1721 = PLANE('',#1722);
#1722 = AXIS2_PLACEMENT_3D('',#1723,#1724,#1725);
#1723 = CARTESIAN_POINT('',(23.,1.3,120.925));
#1724 = DIRECTION('',(1.,0.,0.));
#1725 = DIRECTION('',(0.,0.,1.));
#1726 = ADVANCED_FACE('',(#1727),#1738,.F.);
#1727 = FACE_BOUND('',#1728,.F.);
#1728 = EDGE_LOOP('',(#1729,#1730,#1736,#1737));
#1729 = ORIENTED_EDGE('',*,*,#1649,.F.);
#1730 = ORIENTED_EDGE('',*,*,#1731,.F.);
#1731 = EDGE_CURVE('',#1702,#1650,#1732,.T.);
#1732 = LINE('',#1733,#1734);
#1733 = CARTESIAN_POINT('',(18.75,14.,119.925));
#1734 = VECTOR('',#1735,1.);
#1735 = DIRECTION('',(0.,0.,1.));
#1736 = ORIENTED_EDGE('',*,*,#1701,.T.);
#1737 = ORIENTED_EDGE('',*,*,#1731,.T.);
#1738 = CYLINDRICAL_SURFACE('',#1739,4.75);
#1739 = AXIS2_PLACEMENT_3D('',#1740,#1741,#1742);
#1740 = CARTESIAN_POINT('',(14.,14.,119.925));
#1741 = DIRECTION('',(0.,0.,1.));
#1742 = DIRECTION('',(1.,0.,0.));
#1743 = MANIFOLD_SOLID_BREP('',#1744);
#1744 = CLOSED_SHELL('',(#1745,#1785,#1825,#1847,#1869,#1881));
#1745 = ADVANCED_FACE('',(#1746),#1780,.F.);
#1746 = FACE_BOUND('',#1747,.F.);
#1747 = EDGE_LOOP('',(#1748,#1758,#1766,#1774));
#1748 = ORIENTED_EDGE('',*,*,#1749,.F.);
#1749 = EDGE_CURVE('',#1750,#1752,#1754,.T.);
#1750 = VERTEX_POINT('',#1751);
#1751 = CARTESIAN_POINT('',(5.,1.3,89.175));
#1752 = VERTEX_POINT('',#1753);
#1753 = CARTESIAN_POINT('',(5.,1.3,120.925));
#1754 = LINE('',#1755,#1756);
#1755 = CARTESIAN_POINT('',(5.,1.3,89.175));
#1756 = VECTOR('',#1757,1.);
#1757 = DIRECTION('',(0.,0.,1.));
#1758 = ORIENTED_EDGE('',*,*,#1759,.T.);
#1759 = EDGE_CURVE('',#1750,#1760,#1762,.T.);
#1760 = VERTEX_POINT('',#1761);
#1761 = CARTESIAN_POINT('',(5.,4.475,89.175));
#1762 = LINE('',#1763,#1764);
#1763 = CARTESIAN_POINT('',(5.,1.3,89.175));
#1764 = VECTOR('',#1765,1.);
#1765 = DIRECTION('',(0.,1.,0.));
#1766 = ORIENTED_EDGE('',*,*,#1767,.T.);
#1767 = EDGE_CURVE('',#1760,#1768,#1770,.T.);
#1768 = VERTEX_POINT('',#1769);
#1769 = CARTESIAN_POINT('',(5.,4.475,120.925));
#1770 = LINE('',#1771,#1772);
#1771 = CARTESIAN_POINT('',(5.,4.475,89.175));
#1772 = VECTOR('',#1773,1.);
#1773 = DIRECTION('',(0.,0.,1.));
#1774 = ORIENTED_EDGE('',*,*,#1775,.F.);
#1775 = EDGE_CURVE('',#1752,#1768,#1776,.T.);
#1776 = LINE('',#1777,#1778);
#1777 = CARTESIAN_POINT('',(5.,1.3,120.925));
#1778 = VECTOR('',#1779,1.);
#1779 = DIRECTION('',(0.,1.,0.));
#1780 = PLANE('',#1781);
#1781 = AXIS2_PLACEMENT_3D('',#1782,#1783,#1784);
#1782 = CARTESIAN_POINT('',(5.,1.3,89.175));
#1783 = DIRECTION('',(1.,0.,0.));
#1784 = DIRECTION('',(0.,0.,1.));
#1785 = ADVANCED_FACE('',(#1786),#1820,.T.);
#1786 = FACE_BOUND('',#1787,.T.);
#1787 = EDGE_LOOP('',(#1788,#1798,#1806,#1814));
#1788 = ORIENTED_EDGE('',*,*,#1789,.F.);
#1789 = EDGE_CURVE('',#1790,#1792,#1794,.T.);
#1790 = VERTEX_POINT('',#1791);
#1791 = CARTESIAN_POINT('',(23.,1.3,89.175));
#1792 = VERTEX_POINT('',#1793);
#1793 = CARTESIAN_POINT('',(23.,1.3,120.925));
#1794 = LINE('',#1795,#1796);
#1795 = CARTESIAN_POINT('',(23.,1.3,89.175));
#1796 = VECTOR('',#1797,1.);
#1797 = DIRECTION('',(0.,0.,1.));
#1798 = ORIENTED_EDGE('',*,*,#1799,.T.);
#1799 = EDGE_CURVE('',#1790,#1800,#1802,.T.);
#1800 = VERTEX_POINT('',#1801);
#1801 = CARTESIAN_POINT('',(23.,4.475,89.175));
#1802 = LINE('',#1803,#1804);
#1803 = CARTESIAN_POINT('',(23.,1.3,89.175));
#1804 = VECTOR('',#1805,1.);
#1805 = DIRECTION('',(0.,1.,0.));
#1806 = ORIENTED_EDGE('',*,*,#1807,.T.);
#1807 = EDGE_CURVE('',#1800,#1808,#1810,.T.);
#1808 = VERTEX_POINT('',#1809);
#1809 = CARTESIAN_POINT('',(23.,4.475,120.925));
#1810 = LINE('',#1811,#1812);
#1811 = CARTESIAN_POINT('',(23.,4.475,89.175));
#1812 = VECTOR('',#1813,1.);
#1813 = DIRECTION('',(0.,0.,1.));
#1814 = ORIENTED_EDGE('',*,*,#1815,.F.);
#1815 = EDGE_CURVE('',#1792,#1808,#1816,.T.);
#1816 = LINE('',#1817,#1818);
#1817 = CARTESIAN_POINT('',(23.,1.3,120.925));
#1818 = VECTOR('',#1819,1.);
#1819 = DIRECTION('',(0.,1.,0.));
#1820 = PLANE('',#1821);
#1821 = AXIS2_PLACEMENT_3D('',#1822,#1823,#1824);
#1822 = CARTESIAN_POINT('',(23.,1.3,89.175));
#1823 = DIRECTION('',(1.,0.,0.));
#1824 = DIRECTION('',(0.,0.,1.));
#1825 = ADVANCED_FACE('',(#1826),#1842,.F.);
#1826 = FACE_BOUND('',#1827,.F.);
#1827 = EDGE_LOOP('',(#1828,#1834,#1835,#1841));
#1828 = ORIENTED_EDGE('',*,*,#1829,.F.);
#1829 = EDGE_CURVE('',#1750,#1790,#1830,.T.);
#1830 = LINE('',#1831,#1832);
#1831 = CARTESIAN_POINT('',(5.,1.3,89.175));
#1832 = VECTOR('',#1833,1.);
#1833 = DIRECTION('',(1.,0.,0.));
#1834 = ORIENTED_EDGE('',*,*,#1749,.T.);
#1835 = ORIENTED_EDGE('',*,*,#1836,.T.);
#1836 = EDGE_CURVE('',#1752,#1792,#1837,.T.);
#1837 = LINE('',#1838,#1839);
#1838 = CARTESIAN_POINT('',(5.,1.3,120.925));
#1839 = VECTOR('',#1840,1.);
#1840 = DIRECTION('',(1.,0.,0.));
#1841 = ORIENTED_EDGE('',*,*,#1789,.F.);
#1842 = PLANE('',#1843);
#1843 = AXIS2_PLACEMENT_3D('',#1844,#1845,#1846);
#1844 = CARTESIAN_POINT('',(5.,1.3,89.175));
#1845 = DIRECTION('',(0.,1.,0.));
#1846 = DIRECTION('',(0.,0.,1.));
#1847 = ADVANCED_FACE('',(#1848),#1864,.T.);
#1848 = FACE_BOUND('',#1849,.T.);
#1849 = EDGE_LOOP('',(#1850,#1856,#1857,#1863));
#1850 = ORIENTED_EDGE('',*,*,#1851,.F.);
#1851 = EDGE_CURVE('',#1760,#1800,#1852,.T.);
#1852 = LINE('',#1853,#1854);
#1853 = CARTESIAN_POINT('',(5.,4.475,89.175));
#1854 = VECTOR('',#1855,1.);
#1855 = DIRECTION('',(1.,0.,0.));
#1856 = ORIENTED_EDGE('',*,*,#1767,.T.);
#1857 = ORIENTED_EDGE('',*,*,#1858,.T.);
#1858 = EDGE_CURVE('',#1768,#1808,#1859,.T.);
#1859 = LINE('',#1860,#1861);
#1860 = CARTESIAN_POINT('',(5.,4.475,120.925));
#1861 = VECTOR('',#1862,1.);
#1862 = DIRECTION('',(1.,0.,0.));
#1863 = ORIENTED_EDGE('',*,*,#1807,.F.);
#1864 = PLANE('',#1865);
#1865 = AXIS2_PLACEMENT_3D('',#1866,#1867,#1868);
#1866 = CARTESIAN_POINT('',(5.,4.475,89.175));
#1867 = DIRECTION('',(0.,1.,0.));
#1868 = DIRECTION('',(0.,0.,1.));
#1869 = ADVANCED_FACE('',(#1870),#1876,.F.);
#1870 = FACE_BOUND('',#1871,.F.);
#1871 = EDGE_LOOP('',(#1872,#1873,#1874,#1875));
#1872 = ORIENTED_EDGE('',*,*,#1759,.F.);
#1873 = ORIENTED_EDGE('',*,*,#1829,.T.);
#1874 = ORIENTED_EDGE('',*,*,#1799,.T.);
#1875 = ORIENTED_EDGE('',*,*,#1851,.F.);
#1876 = PLANE('',#1877);
#1877 = AXIS2_PLACEMENT_3D('',#1878,#1879,#1880);
#1878 = CARTESIAN_POINT('',(5.,1.3,89.175));
#1879 = DIRECTION('',(0.,0.,1.));
#1880 = DIRECTION('',(1.,0.,0.));
#1881 = ADVANCED_FACE('',(#1882),#1888,.T.);
#1882 = FACE_BOUND('',#1883,.T.);
#1883 = EDGE_LOOP('',(#1884,#1885,#1886,#1887));
#1884 = ORIENTED_EDGE('',*,*,#1775,.F.);
#1885 = ORIENTED_EDGE('',*,*,#1836,.T.);
#1886 = ORIENTED_EDGE('',*,*,#1815,.T.);
#1887 = ORIENTED_EDGE('',*,*,#1858,.F.);
#1888 = PLANE('',#1889);
#1889 = AXIS2_PLACEMENT_3D('',#1890,#1891,#1892);
#1890 = CARTESIAN_POINT('',(5.,1.3,120.925));
#1891 = DIRECTION('',(0.,0.,1.));
#1892 = DIRECTION('',(1.,0.,0.));
#1893 = MANIFOLD_SOLID_BREP('',#1894);
#1894 = CLOSED_SHELL('',(#1895,#1935,#1975,#1997,#2019,#2031));
#1895 = ADVANCED_FACE('',(#1896),#1930,.F.);
#1896 = FACE_BOUND('',#1897,.F.);
#1897 = EDGE_LOOP('',(#1898,#1908,#1916,#1924));
#1898 = ORIENTED_EDGE('',*,*,#1899,.F.);
#1899 = EDGE_CURVE('',#1900,#1902,#1904,.T.);
#1900 = VERTEX_POINT('',#1901);
#1901 = CARTESIAN_POINT('',(5.,23.525,89.175));
#1902 = VERTEX_POINT('',#1903);
#1903 = CARTESIAN_POINT('',(5.,23.525,120.925));
#1904 = LINE('',#1905,#1906);
#1905 = CARTESIAN_POINT('',(5.,23.525,89.175));
#1906 = VECTOR('',#1907,1.);
#1907 = DIRECTION('',(0.,0.,1.));
#1908 = ORIENTED_EDGE('',*,*,#1909,.T.);
#1909 = EDGE_CURVE('',#1900,#1910,#1912,.T.);
#1910 = VERTEX_POINT('',#1911);
#1911 = CARTESIAN_POINT('',(5.,26.7,89.175));
#1912 = LINE('',#1913,#1914);
#1913 = CARTESIAN_POINT('',(5.,23.525,89.175));
#1914 = VECTOR('',#1915,1.);
#1915 = DIRECTION('',(0.,1.,0.));
#1916 = ORIENTED_EDGE('',*,*,#1917,.T.);
#1917 = EDGE_CURVE('',#1910,#1918,#1920,.T.);
#1918 = VERTEX_POINT('',#1919);
#1919 = CARTESIAN_POINT('',(5.,26.7,120.925));
#1920 = LINE('',#1921,#1922);
#1921 = CARTESIAN_POINT('',(5.,26.7,89.175));
#1922 = VECTOR('',#1923,1.);
#1923 = DIRECTION('',(0.,0.,1.));
#1924 = ORIENTED_EDGE('',*,*,#1925,.F.);
#1925 = EDGE_CURVE('',#1902,#1918,#1926,.T.);
#1926 = LINE('',#1927,#1928);
#1927 = CARTESIAN_POINT('',(5.,23.525,120.925));
#1928 = VECTOR('',#1929,1.);
#1929 = DIRECTION('',(0.,1.,0.));
#1930 = PLANE('',#1931);
#1931 = AXIS2_PLACEMENT_3D('',#1932,#1933,#1934);
#1932 = CARTESIAN_POINT('',(5.,23.525,89.175));
#1933 = DIRECTION('',(1.,0.,0.));
#1934 = DIRECTION('',(0.,0.,1.));
#1935 = ADVANCED_FACE('',(#1936),#1970,.T.);
#1936 = FACE_BOUND('',#1937,.T.);
#1937 = EDGE_LOOP('',(#1938,#1948,#1956,#1964));
#1938 = ORIENTED_EDGE('',*,*,#1939,.F.);
#1939 = EDGE_CURVE('',#1940,#1942,#1944,.T.);
#1940 = VERTEX_POINT('',#1941);
#1941 = CARTESIAN_POINT('',(23.,23.525,89.175));
#1942 = VERTEX_POINT('',#1943);
#1943 = CARTESIAN_POINT('',(23.,23.525,120.925));
#1944 = LINE('',#1945,#1946);
#1945 = CARTESIAN_POINT('',(23.,23.525,89.175));
#1946 = VECTOR('',#1947,1.);
#1947 = DIRECTION('',(0.,0.,1.));
#1948 = ORIENTED_EDGE('',*,*,#1949,.T.);
#1949 = EDGE_CURVE('',#1940,#1950,#1952,.T.);
#1950 = VERTEX_POINT('',#1951);
#1951 = CARTESIAN_POINT('',(23.,26.7,89.175));
#1952 = LINE('',#1953,#1954);
#1953 = CARTESIAN_POINT('',(23.,23.525,89.175));
#1954 = VECTOR('',#1955,1.);
#1955 = DIRECTION('',(0.,1.,0.));
#1956 = ORIENTED_EDGE('',*,*,#1957,.T.);
#1957 = EDGE_CURVE('',#1950,#1958,#1960,.T.);
#1958 = VERTEX_POINT('',#1959);
#1959 = CARTESIAN_POINT('',(23.,26.7,120.925));
#1960 = LINE('',#1961,#1962);
#1961 = CARTESIAN_POINT('',(23.,26.7,89.175));
#1962 = VECTOR('',#1963,1.);
#1963 = DIRECTION('',(0.,0.,1.));
#1964 = ORIENTED_EDGE('',*,*,#1965,.F.);
#1965 = EDGE_CURVE('',#1942,#1958,#1966,.T.);
#1966 = LINE('',#1967,#1968);
#1967 = CARTESIAN_POINT('',(23.,23.525,120.925));
#1968 = VECTOR('',#1969,1.);
#1969 = DIRECTION('',(0.,1.,0.));
#1970 = PLANE('',#1971);
#1971 = AXIS2_PLACEMENT_3D('',#1972,#1973,#1974);
#1972 = CARTESIAN_POINT('',(23.,23.525,89.175));
#1973 = DIRECTION('',(1.,0.,0.));
#1974 = DIRECTION('',(0.,0.,1.));
#1975 = ADVANCED_FACE('',(#1976),#1992,.F.);
#1976 = FACE_BOUND('',#1977,.F.);
#1977 = EDGE_LOOP('',(#1978,#1984,#1985,#1991));
#1978 = ORIENTED_EDGE('',*,*,#1979,.F.);
#1979 = EDGE_CURVE('',#1900,#1940,#1980,.T.);
#1980 = LINE('',#1981,#1982);
#1981 = CARTESIAN_POINT('',(5.,23.525,89.175));
#1982 = VECTOR('',#1983,1.);
#1983 = DIRECTION('',(1.,0.,0.));
#1984 = ORIENTED_EDGE('',*,*,#1899,.T.);
#1985 = ORIENTED_EDGE('',*,*,#1986,.T.);
#1986 = EDGE_CURVE('',#1902,#1942,#1987,.T.);
#1987 = LINE('',#1988,#1989);
#1988 = CARTESIAN_POINT('',(5.,23.525,120.925));
#1989 = VECTOR('',#1990,1.);
#1990 = DIRECTION('',(1.,0.,0.));
#1991 = ORIENTED_EDGE('',*,*,#1939,.F.);
#1992 = PLANE('',#1993);
#1993 = AXIS2_PLACEMENT_3D('',#1994,#1995,#1996);
#1994 = CARTESIAN_POINT('',(5.,23.525,89.175));
#1995 = DIRECTION('',(0.,1.,0.));
#1996 = DIRECTION('',(0.,0.,1.));
#1997 = ADVANCED_FACE('',(#1998),#2014,.T.);
#1998 = FACE_BOUND('',#1999,.T.);
#1999 = EDGE_LOOP('',(#2000,#2006,#2007,#2013));
#2000 = ORIENTED_EDGE('',*,*,#2001,.F.);
#2001 = EDGE_CURVE('',#1910,#1950,#2002,.T.);
#2002 = LINE('',#2003,#2004);
#2003 = CARTESIAN_POINT('',(5.,26.7,89.175));
#2004 = VECTOR('',#2005,1.);
#2005 = DIRECTION('',(1.,0.,0.));
#2006 = ORIENTED_EDGE('',*,*,#1917,.T.);
#2007 = ORIENTED_EDGE('',*,*,#2008,.T.);
#2008 = EDGE_CURVE('',#1918,#1958,#2009,.T.);
#2009 = LINE('',#2010,#2011);
#2010 = CARTESIAN_POINT('',(5.,26.7,120.925));
#2011 = VECTOR('',#2012,1.);
#2012 = DIRECTION('',(1.,0.,0.));
#2013 = ORIENTED_EDGE('',*,*,#1957,.F.);
#2014 = PLANE('',#2015);
#2015 = AXIS2_PLACEMENT_3D('',#2016,#2017,#2018);
#2016 = CARTESIAN_POINT('',(5.,26.7,89.175));
#2017 = DIRECTION('',(0.,1.,0.));
#2018 = DIRECTION('',(0.,0.,1.));
#2019 = ADVANCED_FACE('',(#2020),#2026,.F.);
#2020 = FACE_BOUND('',#2021,.F.);
#2021 = EDGE_LOOP('',(#2022,#2023,#2024,#2025));
#2022 = ORIENTED_EDGE('',*,*,#1909,.F.);
#2023 = ORIENTED_EDGE('',*,*,#1979,.T.);
#2024 = ORIENTED_EDGE('',*,*,#1949,.T.);
#2025 = ORIENTED_EDGE('',*,*,#2001,.F.);
#2026 = PLANE('',#2027);
#2027 = AXIS2_PLACEMENT_3D('',#2028,#2029,#2030);
#2028 = CARTESIAN_POINT('',(5.,23.525,89.175));
#2029 = DIRECTION('',(0.,0.,1.));
#2030 = DIRECTION('',(1.,0.,0.));
#2031 = ADVANCED_FACE('',(#2032),#2038,.T.);
#2032 = FACE_BOUND('',#2033,.T.);
#2033 = EDGE_LOOP('',(#2034,#2035,#2036,#2037));
#2034 = ORIENTED_EDGE('',*,*,#1925,.F.);
#2035 = ORIENTED_EDGE('',*,*,#1986,.T.);
#2036 = ORIENTED_EDGE('',*,*,#1965,.T.);
#2037 = ORIENTED_EDGE('',*,*,#2008,.F.);
#2038 = PLANE('',#2039);
#2039 = AXIS2_PLACEMENT_3D('',#2040,#2041,#2042);
#2040 = CARTESIAN_POINT('',(5.,23.525,120.925));
#2041 = DIRECTION('',(0.,0.,1.));
#2042 = DIRECTION('',(1.,0.,0.));
#2043 = MANIFOLD_SOLID_BREP('',#2044);
#2044 = CLOSED_SHELL('',(#2045,#2085,#2116,#2151,#2175,#2203,#2215));
#2045 = ADVANCED_FACE('',(#2046),#2080,.F.);
#2046 = FACE_BOUND('',#2047,.F.);
#2047 = EDGE_LOOP('',(#2048,#2058,#2066,#2074));
#2048 = ORIENTED_EDGE('',*,*,#2049,.F.);
#2049 = EDGE_CURVE('',#2050,#2052,#2054,.T.);
#2050 = VERTEX_POINT('',#2051);
#2051 = CARTESIAN_POINT('',(5.,8.,89.175));
#2052 = VERTEX_POINT('',#2053);
#2053 = CARTESIAN_POINT('',(5.,8.,91.175));
#2054 = LINE('',#2055,#2056);
#2055 = CARTESIAN_POINT('',(5.,8.,89.175));
#2056 = VECTOR('',#2057,1.);
#2057 = DIRECTION('',(0.,0.,1.));
#2058 = ORIENTED_EDGE('',*,*,#2059,.T.);
#2059 = EDGE_CURVE('',#2050,#2060,#2062,.T.);
#2060 = VERTEX_POINT('',#2061);
#2061 = CARTESIAN_POINT('',(5.,20.,89.175));
#2062 = LINE('',#2063,#2064);
#2063 = CARTESIAN_POINT('',(5.,8.,89.175));
#2064 = VECTOR('',#2065,1.);
#2065 = DIRECTION('',(0.,1.,0.));
#2066 = ORIENTED_EDGE('',*,*,#2067,.T.);
#2067 = EDGE_CURVE('',#2060,#2068,#2070,.T.);
#2068 = VERTEX_POINT('',#2069);
#2069 = CARTESIAN_POINT('',(5.,20.,91.175));
#2070 = LINE('',#2071,#2072);
#2071 = CARTESIAN_POINT('',(5.,20.,89.175));
#2072 = VECTOR('',#2073,1.);
#2073 = DIRECTION('',(0.,0.,1.));
#2074 = ORIENTED_EDGE('',*,*,#2075,.F.);
#2075 = EDGE_CURVE('',#2052,#2068,#2076,.T.);
#2076 = LINE('',#2077,#2078);
#2077 = CARTESIAN_POINT('',(5.,8.,91.175));
#2078 = VECTOR('',#2079,1.);
#2079 = DIRECTION('',(0.,1.,0.));
#2080 = PLANE('',#2081);
#2081 = AXIS2_PLACEMENT_3D('',#2082,#2083,#2084);
#2082 = CARTESIAN_POINT('',(5.,8.,89.175));
#2083 = DIRECTION('',(1.,0.,0.));
#2084 = DIRECTION('',(0.,0.,1.));
#2085 = ADVANCED_FACE('',(#2086),#2111,.F.);
#2086 = FACE_BOUND('',#2087,.F.);
#2087 = EDGE_LOOP('',(#2088,#2096,#2097,#2105));
#2088 = ORIENTED_EDGE('',*,*,#2089,.F.);
#2089 = EDGE_CURVE('',#2050,#2090,#2092,.T.);
#2090 = VERTEX_POINT('',#2091);
#2091 = CARTESIAN_POINT('',(23.,8.,89.175));
#2092 = LINE('',#2093,#2094);
#2093 = CARTESIAN_POINT('',(5.,8.,89.175));
#2094 = VECTOR('',#2095,1.);
#2095 = DIRECTION('',(1.,0.,0.));
#2096 = ORIENTED_EDGE('',*,*,#2049,.T.);
#2097 = ORIENTED_EDGE('',*,*,#2098,.T.);
#2098 = EDGE_CURVE('',#2052,#2099,#2101,.T.);
#2099 = VERTEX_POINT('',#2100);
#2100 = CARTESIAN_POINT('',(23.,8.,91.175));
#2101 = LINE('',#2102,#2103);
#2102 = CARTESIAN_POINT('',(5.,8.,91.175));
#2103 = VECTOR('',#2104,1.);
#2104 = DIRECTION('',(1.,0.,0.));
#2105 = ORIENTED_EDGE('',*,*,#2106,.F.);
#2106 = EDGE_CURVE('',#2090,#2099,#2107,.T.);
#2107 = LINE('',#2108,#2109);
#2108 = CARTESIAN_POINT('',(23.,8.,89.175));
#2109 = VECTOR('',#2110,1.);
#2110 = DIRECTION('',(0.,0.,1.));
#2111 = PLANE('',#2112);
#2112 = AXIS2_PLACEMENT_3D('',#2113,#2114,#2115);
#2113 = CARTESIAN_POINT('',(5.,8.,89.175));
#2114 = DIRECTION('',(0.,1.,0.));
#2115 = DIRECTION('',(0.,0.,1.));
#2116 = ADVANCED_FACE('',(#2117,#2135),#2146,.T.);
#2117 = FACE_BOUND('',#2118,.T.);
#2118 = EDGE_LOOP('',(#2119,#2120,#2121,#2129));
#2119 = ORIENTED_EDGE('',*,*,#2075,.F.);
#2120 = ORIENTED_EDGE('',*,*,#2098,.T.);
#2121 = ORIENTED_EDGE('',*,*,#2122,.T.);
#2122 = EDGE_CURVE('',#2099,#2123,#2125,.T.);
#2123 = VERTEX_POINT('',#2124);
#2124 = CARTESIAN_POINT('',(23.,20.,91.175));
#2125 = LINE('',#2126,#2127);
#2126 = CARTESIAN_POINT('',(23.,8.,91.175));
#2127 = VECTOR('',#2128,1.);
#2128 = DIRECTION('',(0.,1.,0.));
#2129 = ORIENTED_EDGE('',*,*,#2130,.F.);
#2130 = EDGE_CURVE('',#2068,#2123,#2131,.T.);
#2131 = LINE('',#2132,#2133);
#2132 = CARTESIAN_POINT('',(5.,20.,91.175));
#2133 = VECTOR('',#2134,1.);
#2134 = DIRECTION('',(1.,0.,0.));
#2135 = FACE_BOUND('',#2136,.T.);
#2136 = EDGE_LOOP('',(#2137));
#2137 = ORIENTED_EDGE('',*,*,#2138,.F.);
#2138 = EDGE_CURVE('',#2139,#2139,#2141,.T.);
#2139 = VERTEX_POINT('',#2140);
#2140 = CARTESIAN_POINT('',(18.75,14.,91.175));
#2141 = CIRCLE('',#2142,4.75);
#2142 = AXIS2_PLACEMENT_3D('',#2143,#2144,#2145);
#2143 = CARTESIAN_POINT('',(14.,14.,91.175));
#2144 = DIRECTION('',(0.,0.,1.));
#2145 = DIRECTION('',(1.,0.,0.));
#2146 = PLANE('',#2147);
#2147 = AXIS2_PLACEMENT_3D('',#2148,#2149,#2150);
#2148 = CARTESIAN_POINT('',(5.,8.,91.175));
#2149 = DIRECTION('',(0.,0.,1.));
#2150 = DIRECTION('',(1.,0.,0.));
#2151 = ADVANCED_FACE('',(#2152),#2170,.T.);
#2152 = FACE_BOUND('',#2153,.T.);
#2153 = EDGE_LOOP('',(#2154,#2162,#2163,#2164));
#2154 = ORIENTED_EDGE('',*,*,#2155,.F.);
#2155 = EDGE_CURVE('',#2060,#2156,#2158,.T.);
#2156 = VERTEX_POINT('',#2157);
#2157 = CARTESIAN_POINT('',(23.,20.,89.175));
#2158 = LINE('',#2159,#2160);
#2159 = CARTESIAN_POINT('',(5.,20.,89.175));
#2160 = VECTOR('',#2161,1.);
#2161 = DIRECTION('',(1.,0.,0.));
#2162 = ORIENTED_EDGE('',*,*,#2067,.T.);
#2163 = ORIENTED_EDGE('',*,*,#2130,.T.);
#2164 = ORIENTED_EDGE('',*,*,#2165,.F.);
#2165 = EDGE_CURVE('',#2156,#2123,#2166,.T.);
#2166 = LINE('',#2167,#2168);
#2167 = CARTESIAN_POINT('',(23.,20.,89.175));
#2168 = VECTOR('',#2169,1.);
#2169 = DIRECTION('',(0.,0.,1.));
#2170 = PLANE('',#2171);
#2171 = AXIS2_PLACEMENT_3D('',#2172,#2173,#2174);
#2172 = CARTESIAN_POINT('',(5.,20.,89.175));
#2173 = DIRECTION('',(0.,1.,0.));
#2174 = DIRECTION('',(0.,0.,1.));
#2175 = ADVANCED_FACE('',(#2176,#2187),#2198,.F.);
#2176 = FACE_BOUND('',#2177,.F.);
#2177 = EDGE_LOOP('',(#2178,#2179,#2180,#2186));
#2178 = ORIENTED_EDGE('',*,*,#2059,.F.);
#2179 = ORIENTED_EDGE('',*,*,#2089,.T.);
#2180 = ORIENTED_EDGE('',*,*,#2181,.T.);
#2181 = EDGE_CURVE('',#2090,#2156,#2182,.T.);
#2182 = LINE('',#2183,#2184);
#2183 = CARTESIAN_POINT('',(23.,8.,89.175));
#2184 = VECTOR('',#2185,1.);
#2185 = DIRECTION('',(0.,1.,0.));
#2186 = ORIENTED_EDGE('',*,*,#2155,.F.);
#2187 = FACE_BOUND('',#2188,.F.);
#2188 = EDGE_LOOP('',(#2189));
#2189 = ORIENTED_EDGE('',*,*,#2190,.F.);
#2190 = EDGE_CURVE('',#2191,#2191,#2193,.T.);
#2191 = VERTEX_POINT('',#2192);
#2192 = CARTESIAN_POINT('',(18.75,14.,89.175));
#2193 = CIRCLE('',#2194,4.75);
#2194 = AXIS2_PLACEMENT_3D('',#2195,#2196,#2197);
#2195 = CARTESIAN_POINT('',(14.,14.,89.175));
#2196 = DIRECTION('',(0.,0.,1.));
#2197 = DIRECTION('',(1.,0.,0.));
#2198 = PLANE('',#2199);
#2199 = AXIS2_PLACEMENT_3D('',#2200,#2201,#2202);
#2200 = CARTESIAN_POINT('',(5.,8.,89.175));
#2201 = DIRECTION('',(0.,0.,1.));
#2202 = DIRECTION('',(1.,0.,0.));
#2203 = ADVANCED_FACE('',(#2204),#2210,.T.);
#2204 = FACE_BOUND('',#2205,.T.);
#2205 = EDGE_LOOP('',(#2206,#2207,#2208,#2209));
#2206 = ORIENTED_EDGE('',*,*,#2106,.F.);
#2207 = ORIENTED_EDGE('',*,*,#2181,.T.);
#2208 = ORIENTED_EDGE('',*,*,#2165,.T.);
#2209 = ORIENTED_EDGE('',*,*,#2122,.F.);
#2210 = PLANE('',#2211);
#2211 = AXIS2_PLACEMENT_3D('',#2212,#2213,#2214);
#2212 = CARTESIAN_POINT('',(23.,8.,89.175));
#2213 = DIRECTION('',(1.,0.,0.));
#2214 = DIRECTION('',(0.,0.,1.));
#2215 = ADVANCED_FACE('',(#2216),#2227,.F.);
#2216 = FACE_BOUND('',#2217,.F.);
#2217 = EDGE_LOOP('',(#2218,#2219,#2225,#2226));
#2218 = ORIENTED_EDGE('',*,*,#2138,.F.);
#2219 = ORIENTED_EDGE('',*,*,#2220,.F.);
#2220 = EDGE_CURVE('',#2191,#2139,#2221,.T.);
#2221 = LINE('',#2222,#2223);
#2222 = CARTESIAN_POINT('',(18.75,14.,88.175));
#2223 = VECTOR('',#2224,1.);
#2224 = DIRECTION('',(0.,0.,1.));
#2225 = ORIENTED_EDGE('',*,*,#2190,.T.);
#2226 = ORIENTED_EDGE('',*,*,#2220,.T.);
#2227 = CYLINDRICAL_SURFACE('',#2228,4.75);
#2228 = AXIS2_PLACEMENT_3D('',#2229,#2230,#2231);
#2229 = CARTESIAN_POINT('',(14.,14.,88.175));
#2230 = DIRECTION('',(0.,0.,1.));
#2231 = DIRECTION('',(1.,0.,0.));
#2232 = MANIFOLD_SOLID_BREP('',#2233);
#2233 = CLOSED_SHELL('',(#2234,#2274,#2305,#2340,#2364,#2392,#2404));
#2234 = ADVANCED_FACE('',(#2235),#2269,.F.);
#2235 = FACE_BOUND('',#2236,.F.);
#2236 = EDGE_LOOP('',(#2237,#2247,#2255,#2263));
#2237 = ORIENTED_EDGE('',*,*,#2238,.F.);
#2238 = EDGE_CURVE('',#2239,#2241,#2243,.T.);
#2239 = VERTEX_POINT('',#2240);
#2240 = CARTESIAN_POINT('',(5.,8.,118.925));
#2241 = VERTEX_POINT('',#2242);
#2242 = CARTESIAN_POINT('',(5.,8.,120.925));
#2243 = LINE('',#2244,#2245);
#2244 = CARTESIAN_POINT('',(5.,8.,118.925));
#2245 = VECTOR('',#2246,1.);
#2246 = DIRECTION('',(0.,0.,1.));
#2247 = ORIENTED_EDGE('',*,*,#2248,.T.);
#2248 = EDGE_CURVE('',#2239,#2249,#2251,.T.);
#2249 = VERTEX_POINT('',#2250);
#2250 = CARTESIAN_POINT('',(5.,20.,118.925));
#2251 = LINE('',#2252,#2253);
#2252 = CARTESIAN_POINT('',(5.,8.,118.925));
#2253 = VECTOR('',#2254,1.);
#2254 = DIRECTION('',(0.,1.,0.));
#2255 = ORIENTED_EDGE('',*,*,#2256,.T.);
#2256 = EDGE_CURVE('',#2249,#2257,#2259,.T.);
#2257 = VERTEX_POINT('',#2258);
#2258 = CARTESIAN_POINT('',(5.,20.,120.925));
#2259 = LINE('',#2260,#2261);
#2260 = CARTESIAN_POINT('',(5.,20.,118.925));
#2261 = VECTOR('',#2262,1.);
#2262 = DIRECTION('',(0.,0.,1.));
#2263 = ORIENTED_EDGE('',*,*,#2264,.F.);
#2264 = EDGE_CURVE('',#2241,#2257,#2265,.T.);
#2265 = LINE('',#2266,#2267);
#2266 = CARTESIAN_POINT('',(5.,8.,120.925));
#2267 = VECTOR('',#2268,1.);
#2268 = DIRECTION('',(0.,1.,0.));
#2269 = PLANE('',#2270);
#2270 = AXIS2_PLACEMENT_3D('',#2271,#2272,#2273);
#2271 = CARTESIAN_POINT('',(5.,8.,118.925));
#2272 = DIRECTION('',(1.,0.,0.));
#2273 = DIRECTION('',(0.,0.,1.));
#2274 = ADVANCED_FACE('',(#2275),#2300,.F.);
#2275 = FACE_BOUND('',#2276,.F.);
#2276 = EDGE_LOOP('',(#2277,#2285,#2286,#2294));
#2277 = ORIENTED_EDGE('',*,*,#2278,.F.);
#2278 = EDGE_CURVE('',#2239,#2279,#2281,.T.);
#2279 = VERTEX_POINT('',#2280);
#2280 = CARTESIAN_POINT('',(23.,8.,118.925));
#2281 = LINE('',#2282,#2283);
#2282 = CARTESIAN_POINT('',(5.,8.,118.925));
#2283 = VECTOR('',#2284,1.);
#2284 = DIRECTION('',(1.,0.,0.));
#2285 = ORIENTED_EDGE('',*,*,#2238,.T.);
#2286 = ORIENTED_EDGE('',*,*,#2287,.T.);
#2287 = EDGE_CURVE('',#2241,#2288,#2290,.T.);
#2288 = VERTEX_POINT('',#2289);
#2289 = CARTESIAN_POINT('',(23.,8.,120.925));
#2290 = LINE('',#2291,#2292);
#2291 = CARTESIAN_POINT('',(5.,8.,120.925));
#2292 = VECTOR('',#2293,1.);
#2293 = DIRECTION('',(1.,0.,0.));
#2294 = ORIENTED_EDGE('',*,*,#2295,.F.);
#2295 = EDGE_CURVE('',#2279,#2288,#2296,.T.);
#2296 = LINE('',#2297,#2298);
#2297 = CARTESIAN_POINT('',(23.,8.,118.925));
#2298 = VECTOR('',#2299,1.);
#2299 = DIRECTION('',(0.,0.,1.));
#2300 = PLANE('',#2301);
#2301 = AXIS2_PLACEMENT_3D('',#2302,#2303,#2304);
#2302 = CARTESIAN_POINT('',(5.,8.,118.925));
#2303 = DIRECTION('',(0.,1.,0.));
#2304 = DIRECTION('',(0.,0.,1.));
#2305 = ADVANCED_FACE('',(#2306,#2324),#2335,.T.);
#2306 = FACE_BOUND('',#2307,.T.);
#2307 = EDGE_LOOP('',(#2308,#2309,#2310,#2318));
#2308 = ORIENTED_EDGE('',*,*,#2264,.F.);
#2309 = ORIENTED_EDGE('',*,*,#2287,.T.);
#2310 = ORIENTED_EDGE('',*,*,#2311,.T.);
#2311 = EDGE_CURVE('',#2288,#2312,#2314,.T.);
#2312 = VERTEX_POINT('',#2313);
#2313 = CARTESIAN_POINT('',(23.,20.,120.925));
#2314 = LINE('',#2315,#2316);
#2315 = CARTESIAN_POINT('',(23.,8.,120.925));
#2316 = VECTOR('',#2317,1.);
#2317 = DIRECTION('',(0.,1.,0.));
#2318 = ORIENTED_EDGE('',*,*,#2319,.F.);
#2319 = EDGE_CURVE('',#2257,#2312,#2320,.T.);
#2320 = LINE('',#2321,#2322);
#2321 = CARTESIAN_POINT('',(5.,20.,120.925));
#2322 = VECTOR('',#2323,1.);
#2323 = DIRECTION('',(1.,0.,0.));
#2324 = FACE_BOUND('',#2325,.T.);
#2325 = EDGE_LOOP('',(#2326));
#2326 = ORIENTED_EDGE('',*,*,#2327,.F.);
#2327 = EDGE_CURVE('',#2328,#2328,#2330,.T.);
#2328 = VERTEX_POINT('',#2329);
#2329 = CARTESIAN_POINT('',(18.75,14.,120.925));
#2330 = CIRCLE('',#2331,4.75);
#2331 = AXIS2_PLACEMENT_3D('',#2332,#2333,#2334);
#2332 = CARTESIAN_POINT('',(14.,14.,120.925));
#2333 = DIRECTION('',(0.,0.,1.));
#2334 = DIRECTION('',(1.,0.,0.));
#2335 = PLANE('',#2336);
#2336 = AXIS2_PLACEMENT_3D('',#2337,#2338,#2339);
#2337 = CARTESIAN_POINT('',(5.,8.,120.925));
#2338 = DIRECTION('',(0.,0.,1.));
#2339 = DIRECTION('',(1.,0.,0.));
#2340 = ADVANCED_FACE('',(#2341),#2359,.T.);
#2341 = FACE_BOUND('',#2342,.T.);
#2342 = EDGE_LOOP('',(#2343,#2351,#2352,#2353));
#2343 = ORIENTED_EDGE('',*,*,#2344,.F.);
#2344 = EDGE_CURVE('',#2249,#2345,#2347,.T.);
#2345 = VERTEX_POINT('',#2346);
#2346 = CARTESIAN_POINT('',(23.,20.,118.925));
#2347 = LINE('',#2348,#2349);
#2348 = CARTESIAN_POINT('',(5.,20.,118.925));
#2349 = VECTOR('',#2350,1.);
#2350 = DIRECTION('',(1.,0.,0.));
#2351 = ORIENTED_EDGE('',*,*,#2256,.T.);
#2352 = ORIENTED_EDGE('',*,*,#2319,.T.);
#2353 = ORIENTED_EDGE('',*,*,#2354,.F.);
#2354 = EDGE_CURVE('',#2345,#2312,#2355,.T.);
#2355 = LINE('',#2356,#2357);
#2356 = CARTESIAN_POINT('',(23.,20.,118.925));
#2357 = VECTOR('',#2358,1.);
#2358 = DIRECTION('',(0.,0.,1.));
#2359 = PLANE('',#2360);
#2360 = AXIS2_PLACEMENT_3D('',#2361,#2362,#2363);
#2361 = CARTESIAN_POINT('',(5.,20.,118.925));
#2362 = DIRECTION('',(0.,1.,0.));
#2363 = DIRECTION('',(0.,0.,1.));
#2364 = ADVANCED_FACE('',(#2365,#2376),#2387,.F.);
#2365 = FACE_BOUND('',#2366,.F.);
#2366 = EDGE_LOOP('',(#2367,#2368,#2369,#2375));
#2367 = ORIENTED_EDGE('',*,*,#2248,.F.);
#2368 = ORIENTED_EDGE('',*,*,#2278,.T.);
#2369 = ORIENTED_EDGE('',*,*,#2370,.T.);
#2370 = EDGE_CURVE('',#2279,#2345,#2371,.T.);
#2371 = LINE('',#2372,#2373);
#2372 = CARTESIAN_POINT('',(23.,8.,118.925));
#2373 = VECTOR('',#2374,1.);
#2374 = DIRECTION('',(0.,1.,0.));
#2375 = ORIENTED_EDGE('',*,*,#2344,.F.);
#2376 = FACE_BOUND('',#2377,.F.);
#2377 = EDGE_LOOP('',(#2378));
#2378 = ORIENTED_EDGE('',*,*,#2379,.F.);
#2379 = EDGE_CURVE('',#2380,#2380,#2382,.T.);
#2380 = VERTEX_POINT('',#2381);
#2381 = CARTESIAN_POINT('',(18.75,14.,118.925));
#2382 = CIRCLE('',#2383,4.75);
#2383 = AXIS2_PLACEMENT_3D('',#2384,#2385,#2386);
#2384 = CARTESIAN_POINT('',(14.,14.,118.925));
#2385 = DIRECTION('',(0.,0.,1.));
#2386 = DIRECTION('',(1.,0.,0.));
#2387 = PLANE('',#2388);
#2388 = AXIS2_PLACEMENT_3D('',#2389,#2390,#2391);
#2389 = CARTESIAN_POINT('',(5.,8.,118.925));
#2390 = DIRECTION('',(0.,0.,1.));
#2391 = DIRECTION('',(1.,0.,0.));
#2392 = ADVANCED_FACE('',(#2393),#2399,.T.);
#2393 = FACE_BOUND('',#2394,.T.);
#2394 = EDGE_LOOP('',(#2395,#2396,#2397,#2398));
#2395 = ORIENTED_EDGE('',*,*,#2295,.F.);
#2396 = ORIENTED_EDGE('',*,*,#2370,.T.);
#2397 = ORIENTED_EDGE('',*,*,#2354,.T.);
#2398 = ORIENTED_EDGE('',*,*,#2311,.F.);
#2399 = PLANE('',#2400);
#2400 = AXIS2_PLACEMENT_3D('',#2401,#2402,#2403);
#2401 = CARTESIAN_POINT('',(23.,8.,118.925));
#2402 = DIRECTION('',(1.,0.,0.));
#2403 = DIRECTION('',(0.,0.,1.));
#2404 = ADVANCED_FACE('',(#2405),#2416,.F.);
#2405 = FACE_BOUND('',#2406,.F.);
#2406 = EDGE_LOOP('',(#2407,#2408,#2414,#2415));
#2407 = ORIENTED_EDGE('',*,*,#2327,.F.);
#2408 = ORIENTED_EDGE('',*,*,#2409,.F.);
#2409 = EDGE_CURVE('',#2380,#2328,#2410,.T.);
#2410 = LINE('',#2411,#2412);
#2411 = CARTESIAN_POINT('',(18.75,14.,117.925));
#2412 = VECTOR('',#2413,1.);
#2413 = DIRECTION('',(0.,0.,1.));
#2414 = ORIENTED_EDGE('',*,*,#2379,.T.);
#2415 = ORIENTED_EDGE('',*,*,#2409,.T.);
#2416 = CYLINDRICAL_SURFACE('',#2417,4.75);
#2417 = AXIS2_PLACEMENT_3D('',#2418,#2419,#2420);
#2418 = CARTESIAN_POINT('',(14.,14.,117.925));
#2419 = DIRECTION('',(0.,0.,1.));
#2420 = DIRECTION('',(1.,0.,0.));
#2421 = MANIFOLD_SOLID_BREP('',#2422);
#2422 = CLOSED_SHELL('',(#2423,#2463,#2494,#2563,#2587,#2649,#2661,#2683
    ,#2700,#2717,#2734));
#2423 = ADVANCED_FACE('',(#2424),#2458,.F.);
#2424 = FACE_BOUND('',#2425,.F.);
#2425 = EDGE_LOOP('',(#2426,#2436,#2444,#2452));
#2426 = ORIENTED_EDGE('',*,*,#2427,.F.);
#2427 = EDGE_CURVE('',#2428,#2430,#2432,.T.);
#2428 = VERTEX_POINT('',#2429);
#2429 = CARTESIAN_POINT('',(8.,5.,91.675));
#2430 = VERTEX_POINT('',#2431);
#2431 = CARTESIAN_POINT('',(8.,5.,93.675));
#2432 = LINE('',#2433,#2434);
#2433 = CARTESIAN_POINT('',(8.,5.,91.675));
#2434 = VECTOR('',#2435,1.);
#2435 = DIRECTION('',(0.,0.,1.));
#2436 = ORIENTED_EDGE('',*,*,#2437,.T.);
#2437 = EDGE_CURVE('',#2428,#2438,#2440,.T.);
#2438 = VERTEX_POINT('',#2439);
#2439 = CARTESIAN_POINT('',(8.,23.,91.675));
#2440 = LINE('',#2441,#2442);
#2441 = CARTESIAN_POINT('',(8.,5.,91.675));
#2442 = VECTOR('',#2443,1.);
#2443 = DIRECTION('',(0.,1.,0.));
#2444 = ORIENTED_EDGE('',*,*,#2445,.T.);
#2445 = EDGE_CURVE('',#2438,#2446,#2448,.T.);
#2446 = VERTEX_POINT('',#2447);
#2447 = CARTESIAN_POINT('',(8.,23.,93.675));
#2448 = LINE('',#2449,#2450);
#2449 = CARTESIAN_POINT('',(8.,23.,91.675));
#2450 = VECTOR('',#2451,1.);
#2451 = DIRECTION('',(0.,0.,1.));
#2452 = ORIENTED_EDGE('',*,*,#2453,.F.);
#2453 = EDGE_CURVE('',#2430,#2446,#2454,.T.);
#2454 = LINE('',#2455,#2456);
#2455 = CARTESIAN_POINT('',(8.,5.,93.675));
#2456 = VECTOR('',#2457,1.);
#2457 = DIRECTION('',(0.,1.,0.));
#2458 = PLANE('',#2459);
#2459 = AXIS2_PLACEMENT_3D('',#2460,#2461,#2462);
#2460 = CARTESIAN_POINT('',(8.,5.,91.675));
#2461 = DIRECTION('',(1.,0.,0.));
#2462 = DIRECTION('',(0.,0.,1.));
#2463 = ADVANCED_FACE('',(#2464),#2489,.F.);
#2464 = FACE_BOUND('',#2465,.F.);
#2465 = EDGE_LOOP('',(#2466,#2474,#2475,#2483));
#2466 = ORIENTED_EDGE('',*,*,#2467,.F.);
#2467 = EDGE_CURVE('',#2428,#2468,#2470,.T.);
#2468 = VERTEX_POINT('',#2469);
#2469 = CARTESIAN_POINT('',(28.,5.,91.675));
#2470 = LINE('',#2471,#2472);
#2471 = CARTESIAN_POINT('',(8.,5.,91.675));
#2472 = VECTOR('',#2473,1.);
#2473 = DIRECTION('',(1.,0.,0.));
#2474 = ORIENTED_EDGE('',*,*,#2427,.T.);
#2475 = ORIENTED_EDGE('',*,*,#2476,.T.);
#2476 = EDGE_CURVE('',#2430,#2477,#2479,.T.);
#2477 = VERTEX_POINT('',#2478);
#2478 = CARTESIAN_POINT('',(28.,5.,93.675));
#2479 = LINE('',#2480,#2481);
#2480 = CARTESIAN_POINT('',(8.,5.,93.675));
#2481 = VECTOR('',#2482,1.);
#2482 = DIRECTION('',(1.,0.,0.));
#2483 = ORIENTED_EDGE('',*,*,#2484,.F.);
#2484 = EDGE_CURVE('',#2468,#2477,#2485,.T.);
#2485 = LINE('',#2486,#2487);
#2486 = CARTESIAN_POINT('',(28.,5.,91.675));
#2487 = VECTOR('',#2488,1.);
#2488 = DIRECTION('',(0.,0.,1.));
#2489 = PLANE('',#2490);
#2490 = AXIS2_PLACEMENT_3D('',#2491,#2492,#2493);
#2491 = CARTESIAN_POINT('',(8.,5.,91.675));
#2492 = DIRECTION('',(0.,1.,0.));
#2493 = DIRECTION('',(0.,0.,1.));
#2494 = ADVANCED_FACE('',(#2495,#2513),#2558,.T.);
#2495 = FACE_BOUND('',#2496,.T.);
#2496 = EDGE_LOOP('',(#2497,#2498,#2499,#2507));
#2497 = ORIENTED_EDGE('',*,*,#2453,.F.);
#2498 = ORIENTED_EDGE('',*,*,#2476,.T.);
#2499 = ORIENTED_EDGE('',*,*,#2500,.T.);
#2500 = EDGE_CURVE('',#2477,#2501,#2503,.T.);
#2501 = VERTEX_POINT('',#2502);
#2502 = CARTESIAN_POINT('',(28.,23.,93.675));
#2503 = LINE('',#2504,#2505);
#2504 = CARTESIAN_POINT('',(28.,5.,93.675));
#2505 = VECTOR('',#2506,1.);
#2506 = DIRECTION('',(0.,1.,0.));
#2507 = ORIENTED_EDGE('',*,*,#2508,.F.);
#2508 = EDGE_CURVE('',#2446,#2501,#2509,.T.);
#2509 = LINE('',#2510,#2511);
#2510 = CARTESIAN_POINT('',(8.,23.,93.675));
#2511 = VECTOR('',#2512,1.);
#2512 = DIRECTION('',(1.,0.,0.));
#2513 = FACE_BOUND('',#2514,.T.);
#2514 = EDGE_LOOP('',(#2515,#2525,#2534,#2543,#2551));
#2515 = ORIENTED_EDGE('',*,*,#2516,.F.);
#2516 = EDGE_CURVE('',#2517,#2519,#2521,.T.);
#2517 = VERTEX_POINT('',#2518);
#2518 = CARTESIAN_POINT('',(17.961126394649,16.5,93.675));
#2519 = VERTEX_POINT('',#2520);
#2520 = CARTESIAN_POINT('',(14.,16.5,93.675));
#2521 = LINE('',#2522,#2523);
#2522 = CARTESIAN_POINT('',(11.,16.5,93.675));
#2523 = VECTOR('',#2524,1.);
#2524 = DIRECTION('',(-1.,0.,0.));
#2525 = ORIENTED_EDGE('',*,*,#2526,.F.);
#2526 = EDGE_CURVE('',#2527,#2517,#2529,.T.);
#2527 = VERTEX_POINT('',#2528);
#2528 = CARTESIAN_POINT('',(26.75,14.,93.675));
#2529 = CIRCLE('',#2530,4.75);
#2530 = AXIS2_PLACEMENT_3D('',#2531,#2532,#2533);
#2531 = CARTESIAN_POINT('',(22.,14.,93.675));
#2532 = DIRECTION('',(0.,0.,1.));
#2533 = DIRECTION('',(1.,0.,0.));
#2534 = ORIENTED_EDGE('',*,*,#2535,.F.);
#2535 = EDGE_CURVE('',#2536,#2527,#2538,.T.);
#2536 = VERTEX_POINT('',#2537);
#2537 = CARTESIAN_POINT('',(17.961126394649,11.5,93.675));
#2538 = CIRCLE('',#2539,4.75);
#2539 = AXIS2_PLACEMENT_3D('',#2540,#2541,#2542);
#2540 = CARTESIAN_POINT('',(22.,14.,93.675));
#2541 = DIRECTION('',(0.,0.,1.));
#2542 = DIRECTION('',(1.,0.,0.));
#2543 = ORIENTED_EDGE('',*,*,#2544,.T.);
#2544 = EDGE_CURVE('',#2536,#2545,#2547,.T.);
#2545 = VERTEX_POINT('',#2546);
#2546 = CARTESIAN_POINT('',(14.,11.5,93.675));
#2547 = LINE('',#2548,#2549);
#2548 = CARTESIAN_POINT('',(11.,11.5,93.675));
#2549 = VECTOR('',#2550,1.);
#2550 = DIRECTION('',(-1.,0.,0.));
#2551 = ORIENTED_EDGE('',*,*,#2552,.F.);
#2552 = EDGE_CURVE('',#2519,#2545,#2553,.T.);
#2553 = CIRCLE('',#2554,2.5);
#2554 = AXIS2_PLACEMENT_3D('',#2555,#2556,#2557);
#2555 = CARTESIAN_POINT('',(14.,14.,93.675));
#2556 = DIRECTION('',(0.,0.,1.));
#2557 = DIRECTION('',(1.,0.,0.));
#2558 = PLANE('',#2559);
#2559 = AXIS2_PLACEMENT_3D('',#2560,#2561,#2562);
#2560 = CARTESIAN_POINT('',(8.,5.,93.675));
#2561 = DIRECTION('',(0.,0.,1.));
#2562 = DIRECTION('',(1.,0.,0.));
#2563 = ADVANCED_FACE('',(#2564),#2582,.T.);
#2564 = FACE_BOUND('',#2565,.T.);
#2565 = EDGE_LOOP('',(#2566,#2574,#2575,#2576));
#2566 = ORIENTED_EDGE('',*,*,#2567,.F.);
#2567 = EDGE_CURVE('',#2438,#2568,#2570,.T.);
#2568 = VERTEX_POINT('',#2569);
#2569 = CARTESIAN_POINT('',(28.,23.,91.675));
#2570 = LINE('',#2571,#2572);
#2571 = CARTESIAN_POINT('',(8.,23.,91.675));
#2572 = VECTOR('',#2573,1.);
#2573 = DIRECTION('',(1.,0.,0.));
#2574 = ORIENTED_EDGE('',*,*,#2445,.T.);
#2575 = ORIENTED_EDGE('',*,*,#2508,.T.);
#2576 = ORIENTED_EDGE('',*,*,#2577,.F.);
#2577 = EDGE_CURVE('',#2568,#2501,#2578,.T.);
#2578 = LINE('',#2579,#2580);
#2579 = CARTESIAN_POINT('',(28.,23.,91.675));
#2580 = VECTOR('',#2581,1.);
#2581 = DIRECTION('',(0.,0.,1.));
#2582 = PLANE('',#2583);
#2583 = AXIS2_PLACEMENT_3D('',#2584,#2585,#2586);
#2584 = CARTESIAN_POINT('',(8.,23.,91.675));
#2585 = DIRECTION('',(0.,1.,0.));
#2586 = DIRECTION('',(0.,0.,1.));
#2587 = ADVANCED_FACE('',(#2588,#2599),#2644,.F.);
#2588 = FACE_BOUND('',#2589,.F.);
#2589 = EDGE_LOOP('',(#2590,#2591,#2592,#2598));
#2590 = ORIENTED_EDGE('',*,*,#2437,.F.);
#2591 = ORIENTED_EDGE('',*,*,#2467,.T.);
#2592 = ORIENTED_EDGE('',*,*,#2593,.T.);
#2593 = EDGE_CURVE('',#2468,#2568,#2594,.T.);
#2594 = LINE('',#2595,#2596);
#2595 = CARTESIAN_POINT('',(28.,5.,91.675));
#2596 = VECTOR('',#2597,1.);
#2597 = DIRECTION('',(0.,1.,0.));
#2598 = ORIENTED_EDGE('',*,*,#2567,.F.);
#2599 = FACE_BOUND('',#2600,.F.);
#2600 = EDGE_LOOP('',(#2601,#2611,#2620,#2629,#2637));
#2601 = ORIENTED_EDGE('',*,*,#2602,.F.);
#2602 = EDGE_CURVE('',#2603,#2605,#2607,.T.);
#2603 = VERTEX_POINT('',#2604);
#2604 = CARTESIAN_POINT('',(17.961126394649,16.5,91.675));
#2605 = VERTEX_POINT('',#2606);
#2606 = CARTESIAN_POINT('',(14.,16.5,91.675));
#2607 = LINE('',#2608,#2609);
#2608 = CARTESIAN_POINT('',(11.,16.5,91.675));
#2609 = VECTOR('',#2610,1.);
#2610 = DIRECTION('',(-1.,0.,0.));
#2611 = ORIENTED_EDGE('',*,*,#2612,.F.);
#2612 = EDGE_CURVE('',#2613,#2603,#2615,.T.);
#2613 = VERTEX_POINT('',#2614);
#2614 = CARTESIAN_POINT('',(26.75,14.,91.675));
#2615 = CIRCLE('',#2616,4.75);
#2616 = AXIS2_PLACEMENT_3D('',#2617,#2618,#2619);
#2617 = CARTESIAN_POINT('',(22.,14.,91.675));
#2618 = DIRECTION('',(0.,0.,1.));
#2619 = DIRECTION('',(1.,0.,0.));
#2620 = ORIENTED_EDGE('',*,*,#2621,.F.);
#2621 = EDGE_CURVE('',#2622,#2613,#2624,.T.);
#2622 = VERTEX_POINT('',#2623);
#2623 = CARTESIAN_POINT('',(17.961126394649,11.5,91.675));
#2624 = CIRCLE('',#2625,4.75);
#2625 = AXIS2_PLACEMENT_3D('',#2626,#2627,#2628);
#2626 = CARTESIAN_POINT('',(22.,14.,91.675));
#2627 = DIRECTION('',(0.,0.,1.));
#2628 = DIRECTION('',(1.,0.,0.));
#2629 = ORIENTED_EDGE('',*,*,#2630,.T.);
#2630 = EDGE_CURVE('',#2622,#2631,#2633,.T.);
#2631 = VERTEX_POINT('',#2632);
#2632 = CARTESIAN_POINT('',(14.,11.5,91.675));
#2633 = LINE('',#2634,#2635);
#2634 = CARTESIAN_POINT('',(11.,11.5,91.675));
#2635 = VECTOR('',#2636,1.);
#2636 = DIRECTION('',(-1.,0.,0.));
#2637 = ORIENTED_EDGE('',*,*,#2638,.F.);
#2638 = EDGE_CURVE('',#2605,#2631,#2639,.T.);
#2639 = CIRCLE('',#2640,2.5);
#2640 = AXIS2_PLACEMENT_3D('',#2641,#2642,#2643);
#2641 = CARTESIAN_POINT('',(14.,14.,91.675));
#2642 = DIRECTION('',(0.,0.,1.));
#2643 = DIRECTION('',(1.,0.,0.));
#2644 = PLANE('',#2645);
#2645 = AXIS2_PLACEMENT_3D('',#2646,#2647,#2648);
#2646 = CARTESIAN_POINT('',(8.,5.,91.675));
#2647 = DIRECTION('',(0.,0.,1.));
#2648 = DIRECTION('',(1.,0.,0.));
#2649 = ADVANCED_FACE('',(#2650),#2656,.T.);
#2650 = FACE_BOUND('',#2651,.T.);
#2651 = EDGE_LOOP('',(#2652,#2653,#2654,#2655));
#2652 = ORIENTED_EDGE('',*,*,#2484,.F.);
#2653 = ORIENTED_EDGE('',*,*,#2593,.T.);
#2654 = ORIENTED_EDGE('',*,*,#2577,.T.);
#2655 = ORIENTED_EDGE('',*,*,#2500,.F.);
#2656 = PLANE('',#2657);
#2657 = AXIS2_PLACEMENT_3D('',#2658,#2659,#2660);
#2658 = CARTESIAN_POINT('',(28.,5.,91.675));
#2659 = DIRECTION('',(1.,0.,0.));
#2660 = DIRECTION('',(0.,0.,1.));
#2661 = ADVANCED_FACE('',(#2662),#2678,.F.);
#2662 = FACE_BOUND('',#2663,.F.);
#2663 = EDGE_LOOP('',(#2664,#2665,#2671,#2672));
#2664 = ORIENTED_EDGE('',*,*,#2602,.T.);
#2665 = ORIENTED_EDGE('',*,*,#2666,.T.);
#2666 = EDGE_CURVE('',#2605,#2519,#2667,.T.);
#2667 = LINE('',#2668,#2669);
#2668 = CARTESIAN_POINT('',(14.,16.5,90.675));
#2669 = VECTOR('',#2670,1.);
#2670 = DIRECTION('',(0.,0.,1.));
#2671 = ORIENTED_EDGE('',*,*,#2516,.F.);
#2672 = ORIENTED_EDGE('',*,*,#2673,.F.);
#2673 = EDGE_CURVE('',#2603,#2517,#2674,.T.);
#2674 = LINE('',#2675,#2676);
#2675 = CARTESIAN_POINT('',(17.961126394649,16.5,90.675));
#2676 = VECTOR('',#2677,1.);
#2677 = DIRECTION('',(0.,0.,1.));
#2678 = PLANE('',#2679);
#2679 = AXIS2_PLACEMENT_3D('',#2680,#2681,#2682);
#2680 = CARTESIAN_POINT('',(14.,16.5,90.675));
#2681 = DIRECTION('',(0.,1.,0.));
#2682 = DIRECTION('',(0.,0.,1.));
#2683 = ADVANCED_FACE('',(#2684),#2695,.F.);
#2684 = FACE_BOUND('',#2685,.F.);
#2685 = EDGE_LOOP('',(#2686,#2687,#2688,#2689));
#2686 = ORIENTED_EDGE('',*,*,#2552,.F.);
#2687 = ORIENTED_EDGE('',*,*,#2666,.F.);
#2688 = ORIENTED_EDGE('',*,*,#2638,.T.);
#2689 = ORIENTED_EDGE('',*,*,#2690,.T.);
#2690 = EDGE_CURVE('',#2631,#2545,#2691,.T.);
#2691 = LINE('',#2692,#2693);
#2692 = CARTESIAN_POINT('',(14.,11.5,90.675));
#2693 = VECTOR('',#2694,1.);
#2694 = DIRECTION('',(0.,0.,1.));
#2695 = CYLINDRICAL_SURFACE('',#2696,2.5);
#2696 = AXIS2_PLACEMENT_3D('',#2697,#2698,#2699);
#2697 = CARTESIAN_POINT('',(14.,14.,90.675));
#2698 = DIRECTION('',(0.,0.,1.));
#2699 = DIRECTION('',(1.,0.,0.));
#2700 = ADVANCED_FACE('',(#2701),#2712,.T.);
#2701 = FACE_BOUND('',#2702,.T.);
#2702 = EDGE_LOOP('',(#2703,#2704,#2705,#2706));
#2703 = ORIENTED_EDGE('',*,*,#2630,.T.);
#2704 = ORIENTED_EDGE('',*,*,#2690,.T.);
#2705 = ORIENTED_EDGE('',*,*,#2544,.F.);
#2706 = ORIENTED_EDGE('',*,*,#2707,.F.);
#2707 = EDGE_CURVE('',#2622,#2536,#2708,.T.);
#2708 = LINE('',#2709,#2710);
#2709 = CARTESIAN_POINT('',(17.961126394649,11.5,90.675));
#2710 = VECTOR('',#2711,1.);
#2711 = DIRECTION('',(0.,0.,1.));
#2712 = PLANE('',#2713);
#2713 = AXIS2_PLACEMENT_3D('',#2714,#2715,#2716);
#2714 = CARTESIAN_POINT('',(14.,11.5,90.675));
#2715 = DIRECTION('',(0.,1.,0.));
#2716 = DIRECTION('',(0.,0.,1.));
#2717 = ADVANCED_FACE('',(#2718),#2729,.F.);
#2718 = FACE_BOUND('',#2719,.F.);
#2719 = EDGE_LOOP('',(#2720,#2721,#2727,#2728));
#2720 = ORIENTED_EDGE('',*,*,#2621,.T.);
#2721 = ORIENTED_EDGE('',*,*,#2722,.T.);
#2722 = EDGE_CURVE('',#2613,#2527,#2723,.T.);
#2723 = LINE('',#2724,#2725);
#2724 = CARTESIAN_POINT('',(26.75,14.,90.675));
#2725 = VECTOR('',#2726,1.);
#2726 = DIRECTION('',(0.,0.,1.));
#2727 = ORIENTED_EDGE('',*,*,#2535,.F.);
#2728 = ORIENTED_EDGE('',*,*,#2707,.F.);
#2729 = CYLINDRICAL_SURFACE('',#2730,4.75);
#2730 = AXIS2_PLACEMENT_3D('',#2731,#2732,#2733);
#2731 = CARTESIAN_POINT('',(22.,14.,90.675));
#2732 = DIRECTION('',(0.,0.,1.));
#2733 = DIRECTION('',(1.,0.,0.));
#2734 = ADVANCED_FACE('',(#2735),#2741,.F.);
#2735 = FACE_BOUND('',#2736,.F.);
#2736 = EDGE_LOOP('',(#2737,#2738,#2739,#2740));
#2737 = ORIENTED_EDGE('',*,*,#2526,.F.);
#2738 = ORIENTED_EDGE('',*,*,#2722,.F.);
#2739 = ORIENTED_EDGE('',*,*,#2612,.T.);
#2740 = ORIENTED_EDGE('',*,*,#2673,.T.);
#2741 = CYLINDRICAL_SURFACE('',#2742,4.75);
#2742 = AXIS2_PLACEMENT_3D('',#2743,#2744,#2745);
#2743 = CARTESIAN_POINT('',(22.,14.,90.675));
#2744 = DIRECTION('',(0.,0.,1.));
#2745 = DIRECTION('',(1.,0.,0.));
#2746 = MANIFOLD_SOLID_BREP('',#2747);
#2747 = CLOSED_SHELL('',(#2748,#2788,#2819,#2888,#2912,#2974,#2986,#3008
    ,#3025,#3042,#3059));
#2748 = ADVANCED_FACE('',(#2749),#2783,.F.);
#2749 = FACE_BOUND('',#2750,.F.);
#2750 = EDGE_LOOP('',(#2751,#2761,#2769,#2777));
#2751 = ORIENTED_EDGE('',*,*,#2752,.F.);
#2752 = EDGE_CURVE('',#2753,#2755,#2757,.T.);
#2753 = VERTEX_POINT('',#2754);
#2754 = CARTESIAN_POINT('',(8.,5.,116.425));
#2755 = VERTEX_POINT('',#2756);
#2756 = CARTESIAN_POINT('',(8.,5.,118.425));
#2757 = LINE('',#2758,#2759);
#2758 = CARTESIAN_POINT('',(8.,5.,116.425));
#2759 = VECTOR('',#2760,1.);
#2760 = DIRECTION('',(0.,0.,1.));
#2761 = ORIENTED_EDGE('',*,*,#2762,.T.);
#2762 = EDGE_CURVE('',#2753,#2763,#2765,.T.);
#2763 = VERTEX_POINT('',#2764);
#2764 = CARTESIAN_POINT('',(8.,23.,116.425));
#2765 = LINE('',#2766,#2767);
#2766 = CARTESIAN_POINT('',(8.,5.,116.425));
#2767 = VECTOR('',#2768,1.);
#2768 = DIRECTION('',(0.,1.,0.));
#2769 = ORIENTED_EDGE('',*,*,#2770,.T.);
#2770 = EDGE_CURVE('',#2763,#2771,#2773,.T.);
#2771 = VERTEX_POINT('',#2772);
#2772 = CARTESIAN_POINT('',(8.,23.,118.425));
#2773 = LINE('',#2774,#2775);
#2774 = CARTESIAN_POINT('',(8.,23.,116.425));
#2775 = VECTOR('',#2776,1.);
#2776 = DIRECTION('',(0.,0.,1.));
#2777 = ORIENTED_EDGE('',*,*,#2778,.F.);
#2778 = EDGE_CURVE('',#2755,#2771,#2779,.T.);
#2779 = LINE('',#2780,#2781);
#2780 = CARTESIAN_POINT('',(8.,5.,118.425));
#2781 = VECTOR('',#2782,1.);
#2782 = DIRECTION('',(0.,1.,0.));
#2783 = PLANE('',#2784);
#2784 = AXIS2_PLACEMENT_3D('',#2785,#2786,#2787);
#2785 = CARTESIAN_POINT('',(8.,5.,116.425));
#2786 = DIRECTION('',(1.,0.,0.));
#2787 = DIRECTION('',(0.,0.,1.));
#2788 = ADVANCED_FACE('',(#2789),#2814,.F.);
#2789 = FACE_BOUND('',#2790,.F.);
#2790 = EDGE_LOOP('',(#2791,#2799,#2800,#2808));
#2791 = ORIENTED_EDGE('',*,*,#2792,.F.);
#2792 = EDGE_CURVE('',#2753,#2793,#2795,.T.);
#2793 = VERTEX_POINT('',#2794);
#2794 = CARTESIAN_POINT('',(28.,5.,116.425));
#2795 = LINE('',#2796,#2797);
#2796 = CARTESIAN_POINT('',(8.,5.,116.425));
#2797 = VECTOR('',#2798,1.);
#2798 = DIRECTION('',(1.,0.,0.));
#2799 = ORIENTED_EDGE('',*,*,#2752,.T.);
#2800 = ORIENTED_EDGE('',*,*,#2801,.T.);
#2801 = EDGE_CURVE('',#2755,#2802,#2804,.T.);
#2802 = VERTEX_POINT('',#2803);
#2803 = CARTESIAN_POINT('',(28.,5.,118.425));
#2804 = LINE('',#2805,#2806);
#2805 = CARTESIAN_POINT('',(8.,5.,118.425));
#2806 = VECTOR('',#2807,1.);
#2807 = DIRECTION('',(1.,0.,0.));
#2808 = ORIENTED_EDGE('',*,*,#2809,.F.);
#2809 = EDGE_CURVE('',#2793,#2802,#2810,.T.);
#2810 = LINE('',#2811,#2812);
#2811 = CARTESIAN_POINT('',(28.,5.,116.425));
#2812 = VECTOR('',#2813,1.);
#2813 = DIRECTION('',(0.,0.,1.));
#2814 = PLANE('',#2815);
#2815 = AXIS2_PLACEMENT_3D('',#2816,#2817,#2818);
#2816 = CARTESIAN_POINT('',(8.,5.,116.425));
#2817 = DIRECTION('',(0.,1.,0.));
#2818 = DIRECTION('',(0.,0.,1.));
#2819 = ADVANCED_FACE('',(#2820,#2838),#2883,.T.);
#2820 = FACE_BOUND('',#2821,.T.);
#2821 = EDGE_LOOP('',(#2822,#2823,#2824,#2832));
#2822 = ORIENTED_EDGE('',*,*,#2778,.F.);
#2823 = ORIENTED_EDGE('',*,*,#2801,.T.);
#2824 = ORIENTED_EDGE('',*,*,#2825,.T.);
#2825 = EDGE_CURVE('',#2802,#2826,#2828,.T.);
#2826 = VERTEX_POINT('',#2827);
#2827 = CARTESIAN_POINT('',(28.,23.,118.425));
#2828 = LINE('',#2829,#2830);
#2829 = CARTESIAN_POINT('',(28.,5.,118.425));
#2830 = VECTOR('',#2831,1.);
#2831 = DIRECTION('',(0.,1.,0.));
#2832 = ORIENTED_EDGE('',*,*,#2833,.F.);
#2833 = EDGE_CURVE('',#2771,#2826,#2834,.T.);
#2834 = LINE('',#2835,#2836);
#2835 = CARTESIAN_POINT('',(8.,23.,118.425));
#2836 = VECTOR('',#2837,1.);
#2837 = DIRECTION('',(1.,0.,0.));
#2838 = FACE_BOUND('',#2839,.T.);
#2839 = EDGE_LOOP('',(#2840,#2850,#2859,#2868,#2876));
#2840 = ORIENTED_EDGE('',*,*,#2841,.F.);
#2841 = EDGE_CURVE('',#2842,#2844,#2846,.T.);
#2842 = VERTEX_POINT('',#2843);
#2843 = CARTESIAN_POINT('',(17.961126394649,16.5,118.425));
#2844 = VERTEX_POINT('',#2845);
#2845 = CARTESIAN_POINT('',(14.,16.5,118.425));
#2846 = LINE('',#2847,#2848);
#2847 = CARTESIAN_POINT('',(11.,16.5,118.425));
#2848 = VECTOR('',#2849,1.);
#2849 = DIRECTION('',(-1.,0.,0.));
#2850 = ORIENTED_EDGE('',*,*,#2851,.F.);
#2851 = EDGE_CURVE('',#2852,#2842,#2854,.T.);
#2852 = VERTEX_POINT('',#2853);
#2853 = CARTESIAN_POINT('',(26.75,14.,118.425));
#2854 = CIRCLE('',#2855,4.75);
#2855 = AXIS2_PLACEMENT_3D('',#2856,#2857,#2858);
#2856 = CARTESIAN_POINT('',(22.,14.,118.425));
#2857 = DIRECTION('',(0.,0.,1.));
#2858 = DIRECTION('',(1.,0.,0.));
#2859 = ORIENTED_EDGE('',*,*,#2860,.F.);
#2860 = EDGE_CURVE('',#2861,#2852,#2863,.T.);
#2861 = VERTEX_POINT('',#2862);
#2862 = CARTESIAN_POINT('',(17.961126394649,11.5,118.425));
#2863 = CIRCLE('',#2864,4.75);
#2864 = AXIS2_PLACEMENT_3D('',#2865,#2866,#2867);
#2865 = CARTESIAN_POINT('',(22.,14.,118.425));
#2866 = DIRECTION('',(0.,0.,1.));
#2867 = DIRECTION('',(1.,0.,0.));
#2868 = ORIENTED_EDGE('',*,*,#2869,.T.);
#2869 = EDGE_CURVE('',#2861,#2870,#2872,.T.);
#2870 = VERTEX_POINT('',#2871);
#2871 = CARTESIAN_POINT('',(14.,11.5,118.425));
#2872 = LINE('',#2873,#2874);
#2873 = CARTESIAN_POINT('',(11.,11.5,118.425));
#2874 = VECTOR('',#2875,1.);
#2875 = DIRECTION('',(-1.,0.,0.));
#2876 = ORIENTED_EDGE('',*,*,#2877,.F.);
#2877 = EDGE_CURVE('',#2844,#2870,#2878,.T.);
#2878 = CIRCLE('',#2879,2.5);
#2879 = AXIS2_PLACEMENT_3D('',#2880,#2881,#2882);
#2880 = CARTESIAN_POINT('',(14.,14.,118.425));
#2881 = DIRECTION('',(0.,0.,1.));
#2882 = DIRECTION('',(1.,0.,0.));
#2883 = PLANE('',#2884);
#2884 = AXIS2_PLACEMENT_3D('',#2885,#2886,#2887);
#2885 = CARTESIAN_POINT('',(8.,5.,118.425));
#2886 = DIRECTION('',(0.,0.,1.));
#2887 = DIRECTION('',(1.,0.,0.));
#2888 = ADVANCED_FACE('',(#2889),#2907,.T.);
#2889 = FACE_BOUND('',#2890,.T.);
#2890 = EDGE_LOOP('',(#2891,#2899,#2900,#2901));
#2891 = ORIENTED_EDGE('',*,*,#2892,.F.);
#2892 = EDGE_CURVE('',#2763,#2893,#2895,.T.);
#2893 = VERTEX_POINT('',#2894);
#2894 = CARTESIAN_POINT('',(28.,23.,116.425));
#2895 = LINE('',#2896,#2897);
#2896 = CARTESIAN_POINT('',(8.,23.,116.425));
#2897 = VECTOR('',#2898,1.);
#2898 = DIRECTION('',(1.,0.,0.));
#2899 = ORIENTED_EDGE('',*,*,#2770,.T.);
#2900 = ORIENTED_EDGE('',*,*,#2833,.T.);
#2901 = ORIENTED_EDGE('',*,*,#2902,.F.);
#2902 = EDGE_CURVE('',#2893,#2826,#2903,.T.);
#2903 = LINE('',#2904,#2905);
#2904 = CARTESIAN_POINT('',(28.,23.,116.425));
#2905 = VECTOR('',#2906,1.);
#2906 = DIRECTION('',(0.,0.,1.));
#2907 = PLANE('',#2908);
#2908 = AXIS2_PLACEMENT_3D('',#2909,#2910,#2911);
#2909 = CARTESIAN_POINT('',(8.,23.,116.425));
#2910 = DIRECTION('',(0.,1.,0.));
#2911 = DIRECTION('',(0.,0.,1.));
#2912 = ADVANCED_FACE('',(#2913,#2924),#2969,.F.);
#2913 = FACE_BOUND('',#2914,.F.);
#2914 = EDGE_LOOP('',(#2915,#2916,#2917,#2923));
#2915 = ORIENTED_EDGE('',*,*,#2762,.F.);
#2916 = ORIENTED_EDGE('',*,*,#2792,.T.);
#2917 = ORIENTED_EDGE('',*,*,#2918,.T.);
#2918 = EDGE_CURVE('',#2793,#2893,#2919,.T.);
#2919 = LINE('',#2920,#2921);
#2920 = CARTESIAN_POINT('',(28.,5.,116.425));
#2921 = VECTOR('',#2922,1.);
#2922 = DIRECTION('',(0.,1.,0.));
#2923 = ORIENTED_EDGE('',*,*,#2892,.F.);
#2924 = FACE_BOUND('',#2925,.F.);
#2925 = EDGE_LOOP('',(#2926,#2936,#2945,#2954,#2962));
#2926 = ORIENTED_EDGE('',*,*,#2927,.F.);
#2927 = EDGE_CURVE('',#2928,#2930,#2932,.T.);
#2928 = VERTEX_POINT('',#2929);
#2929 = CARTESIAN_POINT('',(17.961126394649,16.5,116.425));
#2930 = VERTEX_POINT('',#2931);
#2931 = CARTESIAN_POINT('',(14.,16.5,116.425));
#2932 = LINE('',#2933,#2934);
#2933 = CARTESIAN_POINT('',(11.,16.5,116.425));
#2934 = VECTOR('',#2935,1.);
#2935 = DIRECTION('',(-1.,0.,0.));
#2936 = ORIENTED_EDGE('',*,*,#2937,.F.);
#2937 = EDGE_CURVE('',#2938,#2928,#2940,.T.);
#2938 = VERTEX_POINT('',#2939);
#2939 = CARTESIAN_POINT('',(26.75,14.,116.425));
#2940 = CIRCLE('',#2941,4.75);
#2941 = AXIS2_PLACEMENT_3D('',#2942,#2943,#2944);
#2942 = CARTESIAN_POINT('',(22.,14.,116.425));
#2943 = DIRECTION('',(0.,0.,1.));
#2944 = DIRECTION('',(1.,0.,0.));
#2945 = ORIENTED_EDGE('',*,*,#2946,.F.);
#2946 = EDGE_CURVE('',#2947,#2938,#2949,.T.);
#2947 = VERTEX_POINT('',#2948);
#2948 = CARTESIAN_POINT('',(17.961126394649,11.5,116.425));
#2949 = CIRCLE('',#2950,4.75);
#2950 = AXIS2_PLACEMENT_3D('',#2951,#2952,#2953);
#2951 = CARTESIAN_POINT('',(22.,14.,116.425));
#2952 = DIRECTION('',(0.,0.,1.));
#2953 = DIRECTION('',(1.,0.,0.));
#2954 = ORIENTED_EDGE('',*,*,#2955,.T.);
#2955 = EDGE_CURVE('',#2947,#2956,#2958,.T.);
#2956 = VERTEX_POINT('',#2957);
#2957 = CARTESIAN_POINT('',(14.,11.5,116.425));
#2958 = LINE('',#2959,#2960);
#2959 = CARTESIAN_POINT('',(11.,11.5,116.425));
#2960 = VECTOR('',#2961,1.);
#2961 = DIRECTION('',(-1.,0.,0.));
#2962 = ORIENTED_EDGE('',*,*,#2963,.F.);
#2963 = EDGE_CURVE('',#2930,#2956,#2964,.T.);
#2964 = CIRCLE('',#2965,2.5);
#2965 = AXIS2_PLACEMENT_3D('',#2966,#2967,#2968);
#2966 = CARTESIAN_POINT('',(14.,14.,116.425));
#2967 = DIRECTION('',(0.,0.,1.));
#2968 = DIRECTION('',(1.,0.,0.));
#2969 = PLANE('',#2970);
#2970 = AXIS2_PLACEMENT_3D('',#2971,#2972,#2973);
#2971 = CARTESIAN_POINT('',(8.,5.,116.425));
#2972 = DIRECTION('',(0.,0.,1.));
#2973 = DIRECTION('',(1.,0.,0.));
#2974 = ADVANCED_FACE('',(#2975),#2981,.T.);
#2975 = FACE_BOUND('',#2976,.T.);
#2976 = EDGE_LOOP('',(#2977,#2978,#2979,#2980));
#2977 = ORIENTED_EDGE('',*,*,#2809,.F.);
#2978 = ORIENTED_EDGE('',*,*,#2918,.T.);
#2979 = ORIENTED_EDGE('',*,*,#2902,.T.);
#2980 = ORIENTED_EDGE('',*,*,#2825,.F.);
#2981 = PLANE('',#2982);
#2982 = AXIS2_PLACEMENT_3D('',#2983,#2984,#2985);
#2983 = CARTESIAN_POINT('',(28.,5.,116.425));
#2984 = DIRECTION('',(1.,0.,0.));
#2985 = DIRECTION('',(0.,0.,1.));
#2986 = ADVANCED_FACE('',(#2987),#3003,.F.);
#2987 = FACE_BOUND('',#2988,.F.);
#2988 = EDGE_LOOP('',(#2989,#2990,#2996,#2997));
#2989 = ORIENTED_EDGE('',*,*,#2927,.T.);
#2990 = ORIENTED_EDGE('',*,*,#2991,.T.);
#2991 = EDGE_CURVE('',#2930,#2844,#2992,.T.);
#2992 = LINE('',#2993,#2994);
#2993 = CARTESIAN_POINT('',(14.,16.5,115.425));
#2994 = VECTOR('',#2995,1.);
#2995 = DIRECTION('',(0.,0.,1.));
#2996 = ORIENTED_EDGE('',*,*,#2841,.F.);
#2997 = ORIENTED_EDGE('',*,*,#2998,.F.);
#2998 = EDGE_CURVE('',#2928,#2842,#2999,.T.);
#2999 = LINE('',#3000,#3001);
#3000 = CARTESIAN_POINT('',(17.961126394649,16.5,115.425));
#3001 = VECTOR('',#3002,1.);
#3002 = DIRECTION('',(0.,0.,1.));
#3003 = PLANE('',#3004);
#3004 = AXIS2_PLACEMENT_3D('',#3005,#3006,#3007);
#3005 = CARTESIAN_POINT('',(14.,16.5,115.425));
#3006 = DIRECTION('',(0.,1.,0.));
#3007 = DIRECTION('',(0.,0.,1.));
#3008 = ADVANCED_FACE('',(#3009),#3020,.F.);
#3009 = FACE_BOUND('',#3010,.F.);
#3010 = EDGE_LOOP('',(#3011,#3012,#3013,#3014));
#3011 = ORIENTED_EDGE('',*,*,#2877,.F.);
#3012 = ORIENTED_EDGE('',*,*,#2991,.F.);
#3013 = ORIENTED_EDGE('',*,*,#2963,.T.);
#3014 = ORIENTED_EDGE('',*,*,#3015,.T.);
#3015 = EDGE_CURVE('',#2956,#2870,#3016,.T.);
#3016 = LINE('',#3017,#3018);
#3017 = CARTESIAN_POINT('',(14.,11.5,115.425));
#3018 = VECTOR('',#3019,1.);
#3019 = DIRECTION('',(0.,0.,1.));
#3020 = CYLINDRICAL_SURFACE('',#3021,2.5);
#3021 = AXIS2_PLACEMENT_3D('',#3022,#3023,#3024);
#3022 = CARTESIAN_POINT('',(14.,14.,115.425));
#3023 = DIRECTION('',(0.,0.,1.));
#3024 = DIRECTION('',(1.,0.,0.));
#3025 = ADVANCED_FACE('',(#3026),#3037,.T.);
#3026 = FACE_BOUND('',#3027,.T.);
#3027 = EDGE_LOOP('',(#3028,#3029,#3030,#3031));
#3028 = ORIENTED_EDGE('',*,*,#2955,.T.);
#3029 = ORIENTED_EDGE('',*,*,#3015,.T.);
#3030 = ORIENTED_EDGE('',*,*,#2869,.F.);
#3031 = ORIENTED_EDGE('',*,*,#3032,.F.);
#3032 = EDGE_CURVE('',#2947,#2861,#3033,.T.);
#3033 = LINE('',#3034,#3035);
#3034 = CARTESIAN_POINT('',(17.961126394649,11.5,115.425));
#3035 = VECTOR('',#3036,1.);
#3036 = DIRECTION('',(0.,0.,1.));
#3037 = PLANE('',#3038);
#3038 = AXIS2_PLACEMENT_3D('',#3039,#3040,#3041);
#3039 = CARTESIAN_POINT('',(14.,11.5,115.425));
#3040 = DIRECTION('',(0.,1.,0.));
#3041 = DIRECTION('',(0.,0.,1.));
#3042 = ADVANCED_FACE('',(#3043),#3054,.F.);
#3043 = FACE_BOUND('',#3044,.F.);
#3044 = EDGE_LOOP('',(#3045,#3046,#3052,#3053));
#3045 = ORIENTED_EDGE('',*,*,#2946,.T.);
#3046 = ORIENTED_EDGE('',*,*,#3047,.T.);
#3047 = EDGE_CURVE('',#2938,#2852,#3048,.T.);
#3048 = LINE('',#3049,#3050);
#3049 = CARTESIAN_POINT('',(26.75,14.,115.425));
#3050 = VECTOR('',#3051,1.);
#3051 = DIRECTION('',(0.,0.,1.));
#3052 = ORIENTED_EDGE('',*,*,#2860,.F.);
#3053 = ORIENTED_EDGE('',*,*,#3032,.F.);
#3054 = CYLINDRICAL_SURFACE('',#3055,4.75);
#3055 = AXIS2_PLACEMENT_3D('',#3056,#3057,#3058);
#3056 = CARTESIAN_POINT('',(22.,14.,115.425));
#3057 = DIRECTION('',(0.,0.,1.));
#3058 = DIRECTION('',(1.,0.,0.));
#3059 = ADVANCED_FACE('',(#3060),#3066,.F.);
#3060 = FACE_BOUND('',#3061,.F.);
#3061 = EDGE_LOOP('',(#3062,#3063,#3064,#3065));
#3062 = ORIENTED_EDGE('',*,*,#2851,.F.);
#3063 = ORIENTED_EDGE('',*,*,#3047,.F.);
#3064 = ORIENTED_EDGE('',*,*,#2937,.T.);
#3065 = ORIENTED_EDGE('',*,*,#2998,.T.);
#3066 = CYLINDRICAL_SURFACE('',#3067,4.75);
#3067 = AXIS2_PLACEMENT_3D('',#3068,#3069,#3070);
#3068 = CARTESIAN_POINT('',(22.,14.,115.425));
#3069 = DIRECTION('',(0.,0.,1.));
#3070 = DIRECTION('',(1.,0.,0.));
#3071 = MANIFOLD_SOLID_BREP('',#3072);
#3072 = CLOSED_SHELL('',(#3073,#3113,#3144,#3179,#3203,#3231,#3243));
#3073 = ADVANCED_FACE('',(#3074),#3108,.F.);
#3074 = FACE_BOUND('',#3075,.F.);
#3075 = EDGE_LOOP('',(#3076,#3086,#3094,#3102));
#3076 = ORIENTED_EDGE('',*,*,#3077,.F.);
#3077 = EDGE_CURVE('',#3078,#3080,#3082,.T.);
#3078 = VERTEX_POINT('',#3079);
#3079 = CARTESIAN_POINT('',(252.,1.3,86.));
#3080 = VERTEX_POINT('',#3081);
#3081 = CARTESIAN_POINT('',(252.,1.3,89.175));
#3082 = LINE('',#3083,#3084);
#3083 = CARTESIAN_POINT('',(252.,1.3,86.));
#3084 = VECTOR('',#3085,1.);
#3085 = DIRECTION('',(0.,0.,1.));
#3086 = ORIENTED_EDGE('',*,*,#3087,.T.);
#3087 = EDGE_CURVE('',#3078,#3088,#3090,.T.);
#3088 = VERTEX_POINT('',#3089);
#3089 = CARTESIAN_POINT('',(252.,26.7,86.));
#3090 = LINE('',#3091,#3092);
#3091 = CARTESIAN_POINT('',(252.,1.3,86.));
#3092 = VECTOR('',#3093,1.);
#3093 = DIRECTION('',(0.,1.,0.));
#3094 = ORIENTED_EDGE('',*,*,#3095,.T.);
#3095 = EDGE_CURVE('',#3088,#3096,#3098,.T.);
#3096 = VERTEX_POINT('',#3097);
#3097 = CARTESIAN_POINT('',(252.,26.7,89.175));
#3098 = LINE('',#3099,#3100);
#3099 = CARTESIAN_POINT('',(252.,26.7,86.));
#3100 = VECTOR('',#3101,1.);
#3101 = DIRECTION('',(0.,0.,1.));
#3102 = ORIENTED_EDGE('',*,*,#3103,.F.);
#3103 = EDGE_CURVE('',#3080,#3096,#3104,.T.);
#3104 = LINE('',#3105,#3106);
#3105 = CARTESIAN_POINT('',(252.,1.3,89.175));
#3106 = VECTOR('',#3107,1.);
#3107 = DIRECTION('',(0.,1.,0.));
#3108 = PLANE('',#3109);
#3109 = AXIS2_PLACEMENT_3D('',#3110,#3111,#3112);
#3110 = CARTESIAN_POINT('',(252.,1.3,86.));
#3111 = DIRECTION('',(1.,0.,0.));
#3112 = DIRECTION('',(0.,0.,1.));
#3113 = ADVANCED_FACE('',(#3114),#3139,.F.);
#3114 = FACE_BOUND('',#3115,.F.);
#3115 = EDGE_LOOP('',(#3116,#3124,#3125,#3133));
#3116 = ORIENTED_EDGE('',*,*,#3117,.F.);
#3117 = EDGE_CURVE('',#3078,#3118,#3120,.T.);
#3118 = VERTEX_POINT('',#3119);
#3119 = CARTESIAN_POINT('',(270.,1.3,86.));
#3120 = LINE('',#3121,#3122);
#3121 = CARTESIAN_POINT('',(252.,1.3,86.));
#3122 = VECTOR('',#3123,1.);
#3123 = DIRECTION('',(1.,0.,0.));
#3124 = ORIENTED_EDGE('',*,*,#3077,.T.);
#3125 = ORIENTED_EDGE('',*,*,#3126,.T.);
#3126 = EDGE_CURVE('',#3080,#3127,#3129,.T.);
#3127 = VERTEX_POINT('',#3128);
#3128 = CARTESIAN_POINT('',(270.,1.3,89.175));
#3129 = LINE('',#3130,#3131);
#3130 = CARTESIAN_POINT('',(252.,1.3,89.175));
#3131 = VECTOR('',#3132,1.);
#3132 = DIRECTION('',(1.,0.,0.));
#3133 = ORIENTED_EDGE('',*,*,#3134,.F.);
#3134 = EDGE_CURVE('',#3118,#3127,#3135,.T.);
#3135 = LINE('',#3136,#3137);
#3136 = CARTESIAN_POINT('',(270.,1.3,86.));
#3137 = VECTOR('',#3138,1.);
#3138 = DIRECTION('',(0.,0.,1.));
#3139 = PLANE('',#3140);
#3140 = AXIS2_PLACEMENT_3D('',#3141,#3142,#3143);
#3141 = CARTESIAN_POINT('',(252.,1.3,86.));
#3142 = DIRECTION('',(0.,1.,0.));
#3143 = DIRECTION('',(0.,0.,1.));
#3144 = ADVANCED_FACE('',(#3145,#3163),#3174,.T.);
#3145 = FACE_BOUND('',#3146,.T.);
#3146 = EDGE_LOOP('',(#3147,#3148,#3149,#3157));
#3147 = ORIENTED_EDGE('',*,*,#3103,.F.);
#3148 = ORIENTED_EDGE('',*,*,#3126,.T.);
#3149 = ORIENTED_EDGE('',*,*,#3150,.T.);
#3150 = EDGE_CURVE('',#3127,#3151,#3153,.T.);
#3151 = VERTEX_POINT('',#3152);
#3152 = CARTESIAN_POINT('',(270.,26.7,89.175));
#3153 = LINE('',#3154,#3155);
#3154 = CARTESIAN_POINT('',(270.,1.3,89.175));
#3155 = VECTOR('',#3156,1.);
#3156 = DIRECTION('',(0.,1.,0.));
#3157 = ORIENTED_EDGE('',*,*,#3158,.F.);
#3158 = EDGE_CURVE('',#3096,#3151,#3159,.T.);
#3159 = LINE('',#3160,#3161);
#3160 = CARTESIAN_POINT('',(252.,26.7,89.175));
#3161 = VECTOR('',#3162,1.);
#3162 = DIRECTION('',(1.,0.,0.));
#3163 = FACE_BOUND('',#3164,.T.);
#3164 = EDGE_LOOP('',(#3165));
#3165 = ORIENTED_EDGE('',*,*,#3166,.F.);
#3166 = EDGE_CURVE('',#3167,#3167,#3169,.T.);
#3167 = VERTEX_POINT('',#3168);
#3168 = CARTESIAN_POINT('',(265.75,14.,89.175));
#3169 = CIRCLE('',#3170,4.75);
#3170 = AXIS2_PLACEMENT_3D('',#3171,#3172,#3173);
#3171 = CARTESIAN_POINT('',(261.,14.,89.175));
#3172 = DIRECTION('',(0.,0.,1.));
#3173 = DIRECTION('',(1.,0.,0.));
#3174 = PLANE('',#3175);
#3175 = AXIS2_PLACEMENT_3D('',#3176,#3177,#3178);
#3176 = CARTESIAN_POINT('',(252.,1.3,89.175));
#3177 = DIRECTION('',(0.,0.,1.));
#3178 = DIRECTION('',(1.,0.,0.));
#3179 = ADVANCED_FACE('',(#3180),#3198,.T.);
#3180 = FACE_BOUND('',#3181,.T.);
#3181 = EDGE_LOOP('',(#3182,#3190,#3191,#3192));
#3182 = ORIENTED_EDGE('',*,*,#3183,.F.);
#3183 = EDGE_CURVE('',#3088,#3184,#3186,.T.);
#3184 = VERTEX_POINT('',#3185);
#3185 = CARTESIAN_POINT('',(270.,26.7,86.));
#3186 = LINE('',#3187,#3188);
#3187 = CARTESIAN_POINT('',(252.,26.7,86.));
#3188 = VECTOR('',#3189,1.);
#3189 = DIRECTION('',(1.,0.,0.));
#3190 = ORIENTED_EDGE('',*,*,#3095,.T.);
#3191 = ORIENTED_EDGE('',*,*,#3158,.T.);
#3192 = ORIENTED_EDGE('',*,*,#3193,.F.);
#3193 = EDGE_CURVE('',#3184,#3151,#3194,.T.);
#3194 = LINE('',#3195,#3196);
#3195 = CARTESIAN_POINT('',(270.,26.7,86.));
#3196 = VECTOR('',#3197,1.);
#3197 = DIRECTION('',(0.,0.,1.));
#3198 = PLANE('',#3199);
#3199 = AXIS2_PLACEMENT_3D('',#3200,#3201,#3202);
#3200 = CARTESIAN_POINT('',(252.,26.7,86.));
#3201 = DIRECTION('',(0.,1.,0.));
#3202 = DIRECTION('',(0.,0.,1.));
#3203 = ADVANCED_FACE('',(#3204,#3215),#3226,.F.);
#3204 = FACE_BOUND('',#3205,.F.);
#3205 = EDGE_LOOP('',(#3206,#3207,#3208,#3214));
#3206 = ORIENTED_EDGE('',*,*,#3087,.F.);
#3207 = ORIENTED_EDGE('',*,*,#3117,.T.);
#3208 = ORIENTED_EDGE('',*,*,#3209,.T.);
#3209 = EDGE_CURVE('',#3118,#3184,#3210,.T.);
#3210 = LINE('',#3211,#3212);
#3211 = CARTESIAN_POINT('',(270.,1.3,86.));
#3212 = VECTOR('',#3213,1.);
#3213 = DIRECTION('',(0.,1.,0.));
#3214 = ORIENTED_EDGE('',*,*,#3183,.F.);
#3215 = FACE_BOUND('',#3216,.F.);
#3216 = EDGE_LOOP('',(#3217));
#3217 = ORIENTED_EDGE('',*,*,#3218,.F.);
#3218 = EDGE_CURVE('',#3219,#3219,#3221,.T.);
#3219 = VERTEX_POINT('',#3220);
#3220 = CARTESIAN_POINT('',(265.75,14.,86.));
#3221 = CIRCLE('',#3222,4.75);
#3222 = AXIS2_PLACEMENT_3D('',#3223,#3224,#3225);
#3223 = CARTESIAN_POINT('',(261.,14.,86.));
#3224 = DIRECTION('',(0.,0.,1.));
#3225 = DIRECTION('',(1.,0.,0.));
#3226 = PLANE('',#3227);
#3227 = AXIS2_PLACEMENT_3D('',#3228,#3229,#3230);
#3228 = CARTESIAN_POINT('',(252.,1.3,86.));
#3229 = DIRECTION('',(0.,0.,1.));
#3230 = DIRECTION('',(1.,0.,0.));
#3231 = ADVANCED_FACE('',(#3232),#3238,.T.);
#3232 = FACE_BOUND('',#3233,.T.);
#3233 = EDGE_LOOP('',(#3234,#3235,#3236,#3237));
#3234 = ORIENTED_EDGE('',*,*,#3134,.F.);
#3235 = ORIENTED_EDGE('',*,*,#3209,.T.);
#3236 = ORIENTED_EDGE('',*,*,#3193,.T.);
#3237 = ORIENTED_EDGE('',*,*,#3150,.F.);
#3238 = PLANE('',#3239);
#3239 = AXIS2_PLACEMENT_3D('',#3240,#3241,#3242);
#3240 = CARTESIAN_POINT('',(270.,1.3,86.));
#3241 = DIRECTION('',(1.,0.,0.));
#3242 = DIRECTION('',(0.,0.,1.));
#3243 = ADVANCED_FACE('',(#3244),#3255,.F.);
#3244 = FACE_BOUND('',#3245,.F.);
#3245 = EDGE_LOOP('',(#3246,#3247,#3253,#3254));
#3246 = ORIENTED_EDGE('',*,*,#3166,.F.);
#3247 = ORIENTED_EDGE('',*,*,#3248,.F.);
#3248 = EDGE_CURVE('',#3219,#3167,#3249,.T.);
#3249 = LINE('',#3250,#3251);
#3250 = CARTESIAN_POINT('',(265.75,14.,85.));
#3251 = VECTOR('',#3252,1.);
#3252 = DIRECTION('',(0.,0.,1.));
#3253 = ORIENTED_EDGE('',*,*,#3218,.T.);
#3254 = ORIENTED_EDGE('',*,*,#3248,.T.);
#3255 = CYLINDRICAL_SURFACE('',#3256,4.75);
#3256 = AXIS2_PLACEMENT_3D('',#3257,#3258,#3259);
#3257 = CARTESIAN_POINT('',(261.,14.,85.));
#3258 = DIRECTION('',(0.,0.,1.));
#3259 = DIRECTION('',(1.,0.,0.));
#3260 = MANIFOLD_SOLID_BREP('',#3261);
#3261 = CLOSED_SHELL('',(#3262,#3302,#3333,#3368,#3392,#3420,#3432));
#3262 = ADVANCED_FACE('',(#3263),#3297,.F.);
#3263 = FACE_BOUND('',#3264,.F.);
#3264 = EDGE_LOOP('',(#3265,#3275,#3283,#3291));
#3265 = ORIENTED_EDGE('',*,*,#3266,.F.);
#3266 = EDGE_CURVE('',#3267,#3269,#3271,.T.);
#3267 = VERTEX_POINT('',#3268);
#3268 = CARTESIAN_POINT('',(252.,1.3,120.925));
#3269 = VERTEX_POINT('',#3270);
#3270 = CARTESIAN_POINT('',(252.,1.3,124.1));
#3271 = LINE('',#3272,#3273);
#3272 = CARTESIAN_POINT('',(252.,1.3,120.925));
#3273 = VECTOR('',#3274,1.);
#3274 = DIRECTION('',(0.,0.,1.));
#3275 = ORIENTED_EDGE('',*,*,#3276,.T.);
#3276 = EDGE_CURVE('',#3267,#3277,#3279,.T.);
#3277 = VERTEX_POINT('',#3278);
#3278 = CARTESIAN_POINT('',(252.,26.7,120.925));
#3279 = LINE('',#3280,#3281);
#3280 = CARTESIAN_POINT('',(252.,1.3,120.925));
#3281 = VECTOR('',#3282,1.);
#3282 = DIRECTION('',(0.,1.,0.));
#3283 = ORIENTED_EDGE('',*,*,#3284,.T.);
#3284 = EDGE_CURVE('',#3277,#3285,#3287,.T.);
#3285 = VERTEX_POINT('',#3286);
#3286 = CARTESIAN_POINT('',(252.,26.7,124.1));
#3287 = LINE('',#3288,#3289);
#3288 = CARTESIAN_POINT('',(252.,26.7,120.925));
#3289 = VECTOR('',#3290,1.);
#3290 = DIRECTION('',(0.,0.,1.));
#3291 = ORIENTED_EDGE('',*,*,#3292,.F.);
#3292 = EDGE_CURVE('',#3269,#3285,#3293,.T.);
#3293 = LINE('',#3294,#3295);
#3294 = CARTESIAN_POINT('',(252.,1.3,124.1));
#3295 = VECTOR('',#3296,1.);
#3296 = DIRECTION('',(0.,1.,0.));
#3297 = PLANE('',#3298);
#3298 = AXIS2_PLACEMENT_3D('',#3299,#3300,#3301);
#3299 = CARTESIAN_POINT('',(252.,1.3,120.925));
#3300 = DIRECTION('',(1.,0.,0.));
#3301 = DIRECTION('',(0.,0.,1.));
#3302 = ADVANCED_FACE('',(#3303),#3328,.F.);
#3303 = FACE_BOUND('',#3304,.F.);
#3304 = EDGE_LOOP('',(#3305,#3313,#3314,#3322));
#3305 = ORIENTED_EDGE('',*,*,#3306,.F.);
#3306 = EDGE_CURVE('',#3267,#3307,#3309,.T.);
#3307 = VERTEX_POINT('',#3308);
#3308 = CARTESIAN_POINT('',(270.,1.3,120.925));
#3309 = LINE('',#3310,#3311);
#3310 = CARTESIAN_POINT('',(252.,1.3,120.925));
#3311 = VECTOR('',#3312,1.);
#3312 = DIRECTION('',(1.,0.,0.));
#3313 = ORIENTED_EDGE('',*,*,#3266,.T.);
#3314 = ORIENTED_EDGE('',*,*,#3315,.T.);
#3315 = EDGE_CURVE('',#3269,#3316,#3318,.T.);
#3316 = VERTEX_POINT('',#3317);
#3317 = CARTESIAN_POINT('',(270.,1.3,124.1));
#3318 = LINE('',#3319,#3320);
#3319 = CARTESIAN_POINT('',(252.,1.3,124.1));
#3320 = VECTOR('',#3321,1.);
#3321 = DIRECTION('',(1.,0.,0.));
#3322 = ORIENTED_EDGE('',*,*,#3323,.F.);
#3323 = EDGE_CURVE('',#3307,#3316,#3324,.T.);
#3324 = LINE('',#3325,#3326);
#3325 = CARTESIAN_POINT('',(270.,1.3,120.925));
#3326 = VECTOR('',#3327,1.);
#3327 = DIRECTION('',(0.,0.,1.));
#3328 = PLANE('',#3329);
#3329 = AXIS2_PLACEMENT_3D('',#3330,#3331,#3332);
#3330 = CARTESIAN_POINT('',(252.,1.3,120.925));
#3331 = DIRECTION('',(0.,1.,0.));
#3332 = DIRECTION('',(0.,0.,1.));
#3333 = ADVANCED_FACE('',(#3334,#3352),#3363,.T.);
#3334 = FACE_BOUND('',#3335,.T.);
#3335 = EDGE_LOOP('',(#3336,#3337,#3338,#3346));
#3336 = ORIENTED_EDGE('',*,*,#3292,.F.);
#3337 = ORIENTED_EDGE('',*,*,#3315,.T.);
#3338 = ORIENTED_EDGE('',*,*,#3339,.T.);
#3339 = EDGE_CURVE('',#3316,#3340,#3342,.T.);
#3340 = VERTEX_POINT('',#3341);
#3341 = CARTESIAN_POINT('',(270.,26.7,124.1));
#3342 = LINE('',#3343,#3344);
#3343 = CARTESIAN_POINT('',(270.,1.3,124.1));
#3344 = VECTOR('',#3345,1.);
#3345 = DIRECTION('',(0.,1.,0.));
#3346 = ORIENTED_EDGE('',*,*,#3347,.F.);
#3347 = EDGE_CURVE('',#3285,#3340,#3348,.T.);
#3348 = LINE('',#3349,#3350);
#3349 = CARTESIAN_POINT('',(252.,26.7,124.1));
#3350 = VECTOR('',#3351,1.);
#3351 = DIRECTION('',(1.,0.,0.));
#3352 = FACE_BOUND('',#3353,.T.);
#3353 = EDGE_LOOP('',(#3354));
#3354 = ORIENTED_EDGE('',*,*,#3355,.F.);
#3355 = EDGE_CURVE('',#3356,#3356,#3358,.T.);
#3356 = VERTEX_POINT('',#3357);
#3357 = CARTESIAN_POINT('',(265.75,14.,124.1));
#3358 = CIRCLE('',#3359,4.75);
#3359 = AXIS2_PLACEMENT_3D('',#3360,#3361,#3362);
#3360 = CARTESIAN_POINT('',(261.,14.,124.1));
#3361 = DIRECTION('',(0.,0.,1.));
#3362 = DIRECTION('',(1.,0.,0.));
#3363 = PLANE('',#3364);
#3364 = AXIS2_PLACEMENT_3D('',#3365,#3366,#3367);
#3365 = CARTESIAN_POINT('',(252.,1.3,124.1));
#3366 = DIRECTION('',(0.,0.,1.));
#3367 = DIRECTION('',(1.,0.,0.));
#3368 = ADVANCED_FACE('',(#3369),#3387,.T.);
#3369 = FACE_BOUND('',#3370,.T.);
#3370 = EDGE_LOOP('',(#3371,#3379,#3380,#3381));
#3371 = ORIENTED_EDGE('',*,*,#3372,.F.);
#3372 = EDGE_CURVE('',#3277,#3373,#3375,.T.);
#3373 = VERTEX_POINT('',#3374);
#3374 = CARTESIAN_POINT('',(270.,26.7,120.925));
#3375 = LINE('',#3376,#3377);
#3376 = CARTESIAN_POINT('',(252.,26.7,120.925));
#3377 = VECTOR('',#3378,1.);
#3378 = DIRECTION('',(1.,0.,0.));
#3379 = ORIENTED_EDGE('',*,*,#3284,.T.);
#3380 = ORIENTED_EDGE('',*,*,#3347,.T.);
#3381 = ORIENTED_EDGE('',*,*,#3382,.F.);
#3382 = EDGE_CURVE('',#3373,#3340,#3383,.T.);
#3383 = LINE('',#3384,#3385);
#3384 = CARTESIAN_POINT('',(270.,26.7,120.925));
#3385 = VECTOR('',#3386,1.);
#3386 = DIRECTION('',(0.,0.,1.));
#3387 = PLANE('',#3388);
#3388 = AXIS2_PLACEMENT_3D('',#3389,#3390,#3391);
#3389 = CARTESIAN_POINT('',(252.,26.7,120.925));
#3390 = DIRECTION('',(0.,1.,0.));
#3391 = DIRECTION('',(0.,0.,1.));
#3392 = ADVANCED_FACE('',(#3393,#3404),#3415,.F.);
#3393 = FACE_BOUND('',#3394,.F.);
#3394 = EDGE_LOOP('',(#3395,#3396,#3397,#3403));
#3395 = ORIENTED_EDGE('',*,*,#3276,.F.);
#3396 = ORIENTED_EDGE('',*,*,#3306,.T.);
#3397 = ORIENTED_EDGE('',*,*,#3398,.T.);
#3398 = EDGE_CURVE('',#3307,#3373,#3399,.T.);
#3399 = LINE('',#3400,#3401);
#3400 = CARTESIAN_POINT('',(270.,1.3,120.925));
#3401 = VECTOR('',#3402,1.);
#3402 = DIRECTION('',(0.,1.,0.));
#3403 = ORIENTED_EDGE('',*,*,#3372,.F.);
#3404 = FACE_BOUND('',#3405,.F.);
#3405 = EDGE_LOOP('',(#3406));
#3406 = ORIENTED_EDGE('',*,*,#3407,.F.);
#3407 = EDGE_CURVE('',#3408,#3408,#3410,.T.);
#3408 = VERTEX_POINT('',#3409);
#3409 = CARTESIAN_POINT('',(265.75,14.,120.925));
#3410 = CIRCLE('',#3411,4.75);
#3411 = AXIS2_PLACEMENT_3D('',#3412,#3413,#3414);
#3412 = CARTESIAN_POINT('',(261.,14.,120.925));
#3413 = DIRECTION('',(0.,0.,1.));
#3414 = DIRECTION('',(1.,0.,0.));
#3415 = PLANE('',#3416);
#3416 = AXIS2_PLACEMENT_3D('',#3417,#3418,#3419);
#3417 = CARTESIAN_POINT('',(252.,1.3,120.925));
#3418 = DIRECTION('',(0.,0.,1.));
#3419 = DIRECTION('',(1.,0.,0.));
#3420 = ADVANCED_FACE('',(#3421),#3427,.T.);
#3421 = FACE_BOUND('',#3422,.T.);
#3422 = EDGE_LOOP('',(#3423,#3424,#3425,#3426));
#3423 = ORIENTED_EDGE('',*,*,#3323,.F.);
#3424 = ORIENTED_EDGE('',*,*,#3398,.T.);
#3425 = ORIENTED_EDGE('',*,*,#3382,.T.);
#3426 = ORIENTED_EDGE('',*,*,#3339,.F.);
#3427 = PLANE('',#3428);
#3428 = AXIS2_PLACEMENT_3D('',#3429,#3430,#3431);
#3429 = CARTESIAN_POINT('',(270.,1.3,120.925));
#3430 = DIRECTION('',(1.,0.,0.));
#3431 = DIRECTION('',(0.,0.,1.));
#3432 = ADVANCED_FACE('',(#3433),#3444,.F.);
#3433 = FACE_BOUND('',#3434,.F.);
#3434 = EDGE_LOOP('',(#3435,#3436,#3442,#3443));
#3435 = ORIENTED_EDGE('',*,*,#3355,.F.);
#3436 = ORIENTED_EDGE('',*,*,#3437,.F.);
#3437 = EDGE_CURVE('',#3408,#3356,#3438,.T.);
#3438 = LINE('',#3439,#3440);
#3439 = CARTESIAN_POINT('',(265.75,14.,119.925));
#3440 = VECTOR('',#3441,1.);
#3441 = DIRECTION('',(0.,0.,1.));
#3442 = ORIENTED_EDGE('',*,*,#3407,.T.);
#3443 = ORIENTED_EDGE('',*,*,#3437,.T.);
#3444 = CYLINDRICAL_SURFACE('',#3445,4.75);
#3445 = AXIS2_PLACEMENT_3D('',#3446,#3447,#3448);
#3446 = CARTESIAN_POINT('',(261.,14.,119.925));
#3447 = DIRECTION('',(0.,0.,1.));
#3448 = DIRECTION('',(1.,0.,0.));
#3449 = MANIFOLD_SOLID_BREP('',#3450);
#3450 = CLOSED_SHELL('',(#3451,#3491,#3531,#3553,#3575,#3587));
#3451 = ADVANCED_FACE('',(#3452),#3486,.F.);
#3452 = FACE_BOUND('',#3453,.F.);
#3453 = EDGE_LOOP('',(#3454,#3464,#3472,#3480));
#3454 = ORIENTED_EDGE('',*,*,#3455,.F.);
#3455 = EDGE_CURVE('',#3456,#3458,#3460,.T.);
#3456 = VERTEX_POINT('',#3457);
#3457 = CARTESIAN_POINT('',(252.,1.3,89.175));
#3458 = VERTEX_POINT('',#3459);
#3459 = CARTESIAN_POINT('',(252.,1.3,120.925));
#3460 = LINE('',#3461,#3462);
#3461 = CARTESIAN_POINT('',(252.,1.3,89.175));
#3462 = VECTOR('',#3463,1.);
#3463 = DIRECTION('',(0.,0.,1.));
#3464 = ORIENTED_EDGE('',*,*,#3465,.T.);
#3465 = EDGE_CURVE('',#3456,#3466,#3468,.T.);
#3466 = VERTEX_POINT('',#3467);
#3467 = CARTESIAN_POINT('',(252.,4.475,89.175));
#3468 = LINE('',#3469,#3470);
#3469 = CARTESIAN_POINT('',(252.,1.3,89.175));
#3470 = VECTOR('',#3471,1.);
#3471 = DIRECTION('',(0.,1.,0.));
#3472 = ORIENTED_EDGE('',*,*,#3473,.T.);
#3473 = EDGE_CURVE('',#3466,#3474,#3476,.T.);
#3474 = VERTEX_POINT('',#3475);
#3475 = CARTESIAN_POINT('',(252.,4.475,120.925));
#3476 = LINE('',#3477,#3478);
#3477 = CARTESIAN_POINT('',(252.,4.475,89.175));
#3478 = VECTOR('',#3479,1.);
#3479 = DIRECTION('',(0.,0.,1.));
#3480 = ORIENTED_EDGE('',*,*,#3481,.F.);
#3481 = EDGE_CURVE('',#3458,#3474,#3482,.T.);
#3482 = LINE('',#3483,#3484);
#3483 = CARTESIAN_POINT('',(252.,1.3,120.925));
#3484 = VECTOR('',#3485,1.);
#3485 = DIRECTION('',(0.,1.,0.));
#3486 = PLANE('',#3487);
#3487 = AXIS2_PLACEMENT_3D('',#3488,#3489,#3490);
#3488 = CARTESIAN_POINT('',(252.,1.3,89.175));
#3489 = DIRECTION('',(1.,0.,0.));
#3490 = DIRECTION('',(0.,0.,1.));
#3491 = ADVANCED_FACE('',(#3492),#3526,.T.);
#3492 = FACE_BOUND('',#3493,.T.);
#3493 = EDGE_LOOP('',(#3494,#3504,#3512,#3520));
#3494 = ORIENTED_EDGE('',*,*,#3495,.F.);
#3495 = EDGE_CURVE('',#3496,#3498,#3500,.T.);
#3496 = VERTEX_POINT('',#3497);
#3497 = CARTESIAN_POINT('',(270.,1.3,89.175));
#3498 = VERTEX_POINT('',#3499);
#3499 = CARTESIAN_POINT('',(270.,1.3,120.925));
#3500 = LINE('',#3501,#3502);
#3501 = CARTESIAN_POINT('',(270.,1.3,89.175));
#3502 = VECTOR('',#3503,1.);
#3503 = DIRECTION('',(0.,0.,1.));
#3504 = ORIENTED_EDGE('',*,*,#3505,.T.);
#3505 = EDGE_CURVE('',#3496,#3506,#3508,.T.);
#3506 = VERTEX_POINT('',#3507);
#3507 = CARTESIAN_POINT('',(270.,4.475,89.175));
#3508 = LINE('',#3509,#3510);
#3509 = CARTESIAN_POINT('',(270.,1.3,89.175));
#3510 = VECTOR('',#3511,1.);
#3511 = DIRECTION('',(0.,1.,0.));
#3512 = ORIENTED_EDGE('',*,*,#3513,.T.);
#3513 = EDGE_CURVE('',#3506,#3514,#3516,.T.);
#3514 = VERTEX_POINT('',#3515);
#3515 = CARTESIAN_POINT('',(270.,4.475,120.925));
#3516 = LINE('',#3517,#3518);
#3517 = CARTESIAN_POINT('',(270.,4.475,89.175));
#3518 = VECTOR('',#3519,1.);
#3519 = DIRECTION('',(0.,0.,1.));
#3520 = ORIENTED_EDGE('',*,*,#3521,.F.);
#3521 = EDGE_CURVE('',#3498,#3514,#3522,.T.);
#3522 = LINE('',#3523,#3524);
#3523 = CARTESIAN_POINT('',(270.,1.3,120.925));
#3524 = VECTOR('',#3525,1.);
#3525 = DIRECTION('',(0.,1.,0.));
#3526 = PLANE('',#3527);
#3527 = AXIS2_PLACEMENT_3D('',#3528,#3529,#3530);
#3528 = CARTESIAN_POINT('',(270.,1.3,89.175));
#3529 = DIRECTION('',(1.,0.,0.));
#3530 = DIRECTION('',(0.,0.,1.));
#3531 = ADVANCED_FACE('',(#3532),#3548,.F.);
#3532 = FACE_BOUND('',#3533,.F.);
#3533 = EDGE_LOOP('',(#3534,#3540,#3541,#3547));
#3534 = ORIENTED_EDGE('',*,*,#3535,.F.);
#3535 = EDGE_CURVE('',#3456,#3496,#3536,.T.);
#3536 = LINE('',#3537,#3538);
#3537 = CARTESIAN_POINT('',(252.,1.3,89.175));
#3538 = VECTOR('',#3539,1.);
#3539 = DIRECTION('',(1.,0.,0.));
#3540 = ORIENTED_EDGE('',*,*,#3455,.T.);
#3541 = ORIENTED_EDGE('',*,*,#3542,.T.);
#3542 = EDGE_CURVE('',#3458,#3498,#3543,.T.);
#3543 = LINE('',#3544,#3545);
#3544 = CARTESIAN_POINT('',(252.,1.3,120.925));
#3545 = VECTOR('',#3546,1.);
#3546 = DIRECTION('',(1.,0.,0.));
#3547 = ORIENTED_EDGE('',*,*,#3495,.F.);
#3548 = PLANE('',#3549);
#3549 = AXIS2_PLACEMENT_3D('',#3550,#3551,#3552);
#3550 = CARTESIAN_POINT('',(252.,1.3,89.175));
#3551 = DIRECTION('',(0.,1.,0.));
#3552 = DIRECTION('',(0.,0.,1.));
#3553 = ADVANCED_FACE('',(#3554),#3570,.T.);
#3554 = FACE_BOUND('',#3555,.T.);
#3555 = EDGE_LOOP('',(#3556,#3562,#3563,#3569));
#3556 = ORIENTED_EDGE('',*,*,#3557,.F.);
#3557 = EDGE_CURVE('',#3466,#3506,#3558,.T.);
#3558 = LINE('',#3559,#3560);
#3559 = CARTESIAN_POINT('',(252.,4.475,89.175));
#3560 = VECTOR('',#3561,1.);
#3561 = DIRECTION('',(1.,0.,0.));
#3562 = ORIENTED_EDGE('',*,*,#3473,.T.);
#3563 = ORIENTED_EDGE('',*,*,#3564,.T.);
#3564 = EDGE_CURVE('',#3474,#3514,#3565,.T.);
#3565 = LINE('',#3566,#3567);
#3566 = CARTESIAN_POINT('',(252.,4.475,120.925));
#3567 = VECTOR('',#3568,1.);
#3568 = DIRECTION('',(1.,0.,0.));
#3569 = ORIENTED_EDGE('',*,*,#3513,.F.);
#3570 = PLANE('',#3571);
#3571 = AXIS2_PLACEMENT_3D('',#3572,#3573,#3574);
#3572 = CARTESIAN_POINT('',(252.,4.475,89.175));
#3573 = DIRECTION('',(0.,1.,0.));
#3574 = DIRECTION('',(0.,0.,1.));
#3575 = ADVANCED_FACE('',(#3576),#3582,.F.);
#3576 = FACE_BOUND('',#3577,.F.);
#3577 = EDGE_LOOP('',(#3578,#3579,#3580,#3581));
#3578 = ORIENTED_EDGE('',*,*,#3465,.F.);
#3579 = ORIENTED_EDGE('',*,*,#3535,.T.);
#3580 = ORIENTED_EDGE('',*,*,#3505,.T.);
#3581 = ORIENTED_EDGE('',*,*,#3557,.F.);
#3582 = PLANE('',#3583);
#3583 = AXIS2_PLACEMENT_3D('',#3584,#3585,#3586);
#3584 = CARTESIAN_POINT('',(252.,1.3,89.175));
#3585 = DIRECTION('',(0.,0.,1.));
#3586 = DIRECTION('',(1.,0.,0.));
#3587 = ADVANCED_FACE('',(#3588),#3594,.T.);
#3588 = FACE_BOUND('',#3589,.T.);
#3589 = EDGE_LOOP('',(#3590,#3591,#3592,#3593));
#3590 = ORIENTED_EDGE('',*,*,#3481,.F.);
#3591 = ORIENTED_EDGE('',*,*,#3542,.T.);
#3592 = ORIENTED_EDGE('',*,*,#3521,.T.);
#3593 = ORIENTED_EDGE('',*,*,#3564,.F.);
#3594 = PLANE('',#3595);
#3595 = AXIS2_PLACEMENT_3D('',#3596,#3597,#3598);
#3596 = CARTESIAN_POINT('',(252.,1.3,120.925));
#3597 = DIRECTION('',(0.,0.,1.));
#3598 = DIRECTION('',(1.,0.,0.));
#3599 = MANIFOLD_SOLID_BREP('',#3600);
#3600 = CLOSED_SHELL('',(#3601,#3641,#3681,#3703,#3725,#3737));
#3601 = ADVANCED_FACE('',(#3602),#3636,.F.);
#3602 = FACE_BOUND('',#3603,.F.);
#3603 = EDGE_LOOP('',(#3604,#3614,#3622,#3630));
#3604 = ORIENTED_EDGE('',*,*,#3605,.F.);
#3605 = EDGE_CURVE('',#3606,#3608,#3610,.T.);
#3606 = VERTEX_POINT('',#3607);
#3607 = CARTESIAN_POINT('',(252.,23.525,89.175));
#3608 = VERTEX_POINT('',#3609);
#3609 = CARTESIAN_POINT('',(252.,23.525,120.925));
#3610 = LINE('',#3611,#3612);
#3611 = CARTESIAN_POINT('',(252.,23.525,89.175));
#3612 = VECTOR('',#3613,1.);
#3613 = DIRECTION('',(0.,0.,1.));
#3614 = ORIENTED_EDGE('',*,*,#3615,.T.);
#3615 = EDGE_CURVE('',#3606,#3616,#3618,.T.);
#3616 = VERTEX_POINT('',#3617);
#3617 = CARTESIAN_POINT('',(252.,26.7,89.175));
#3618 = LINE('',#3619,#3620);
#3619 = CARTESIAN_POINT('',(252.,23.525,89.175));
#3620 = VECTOR('',#3621,1.);
#3621 = DIRECTION('',(0.,1.,0.));
#3622 = ORIENTED_EDGE('',*,*,#3623,.T.);
#3623 = EDGE_CURVE('',#3616,#3624,#3626,.T.);
#3624 = VERTEX_POINT('',#3625);
#3625 = CARTESIAN_POINT('',(252.,26.7,120.925));
#3626 = LINE('',#3627,#3628);
#3627 = CARTESIAN_POINT('',(252.,26.7,89.175));
#3628 = VECTOR('',#3629,1.);
#3629 = DIRECTION('',(0.,0.,1.));
#3630 = ORIENTED_EDGE('',*,*,#3631,.F.);
#3631 = EDGE_CURVE('',#3608,#3624,#3632,.T.);
#3632 = LINE('',#3633,#3634);
#3633 = CARTESIAN_POINT('',(252.,23.525,120.925));
#3634 = VECTOR('',#3635,1.);
#3635 = DIRECTION('',(0.,1.,0.));
#3636 = PLANE('',#3637);
#3637 = AXIS2_PLACEMENT_3D('',#3638,#3639,#3640);
#3638 = CARTESIAN_POINT('',(252.,23.525,89.175));
#3639 = DIRECTION('',(1.,0.,0.));
#3640 = DIRECTION('',(0.,0.,1.));
#3641 = ADVANCED_FACE('',(#3642),#3676,.T.);
#3642 = FACE_BOUND('',#3643,.T.);
#3643 = EDGE_LOOP('',(#3644,#3654,#3662,#3670));
#3644 = ORIENTED_EDGE('',*,*,#3645,.F.);
#3645 = EDGE_CURVE('',#3646,#3648,#3650,.T.);
#3646 = VERTEX_POINT('',#3647);
#3647 = CARTESIAN_POINT('',(270.,23.525,89.175));
#3648 = VERTEX_POINT('',#3649);
#3649 = CARTESIAN_POINT('',(270.,23.525,120.925));
#3650 = LINE('',#3651,#3652);
#3651 = CARTESIAN_POINT('',(270.,23.525,89.175));
#3652 = VECTOR('',#3653,1.);
#3653 = DIRECTION('',(0.,0.,1.));
#3654 = ORIENTED_EDGE('',*,*,#3655,.T.);
#3655 = EDGE_CURVE('',#3646,#3656,#3658,.T.);
#3656 = VERTEX_POINT('',#3657);
#3657 = CARTESIAN_POINT('',(270.,26.7,89.175));
#3658 = LINE('',#3659,#3660);
#3659 = CARTESIAN_POINT('',(270.,23.525,89.175));
#3660 = VECTOR('',#3661,1.);
#3661 = DIRECTION('',(0.,1.,0.));
#3662 = ORIENTED_EDGE('',*,*,#3663,.T.);
#3663 = EDGE_CURVE('',#3656,#3664,#3666,.T.);
#3664 = VERTEX_POINT('',#3665);
#3665 = CARTESIAN_POINT('',(270.,26.7,120.925));
#3666 = LINE('',#3667,#3668);
#3667 = CARTESIAN_POINT('',(270.,26.7,89.175));
#3668 = VECTOR('',#3669,1.);
#3669 = DIRECTION('',(0.,0.,1.));
#3670 = ORIENTED_EDGE('',*,*,#3671,.F.);
#3671 = EDGE_CURVE('',#3648,#3664,#3672,.T.);
#3672 = LINE('',#3673,#3674);
#3673 = CARTESIAN_POINT('',(270.,23.525,120.925));
#3674 = VECTOR('',#3675,1.);
#3675 = DIRECTION('',(0.,1.,0.));
#3676 = PLANE('',#3677);
#3677 = AXIS2_PLACEMENT_3D('',#3678,#3679,#3680);
#3678 = CARTESIAN_POINT('',(270.,23.525,89.175));
#3679 = DIRECTION('',(1.,0.,0.));
#3680 = DIRECTION('',(0.,0.,1.));
#3681 = ADVANCED_FACE('',(#3682),#3698,.F.);
#3682 = FACE_BOUND('',#3683,.F.);
#3683 = EDGE_LOOP('',(#3684,#3690,#3691,#3697));
#3684 = ORIENTED_EDGE('',*,*,#3685,.F.);
#3685 = EDGE_CURVE('',#3606,#3646,#3686,.T.);
#3686 = LINE('',#3687,#3688);
#3687 = CARTESIAN_POINT('',(252.,23.525,89.175));
#3688 = VECTOR('',#3689,1.);
#3689 = DIRECTION('',(1.,0.,0.));
#3690 = ORIENTED_EDGE('',*,*,#3605,.T.);
#3691 = ORIENTED_EDGE('',*,*,#3692,.T.);
#3692 = EDGE_CURVE('',#3608,#3648,#3693,.T.);
#3693 = LINE('',#3694,#3695);
#3694 = CARTESIAN_POINT('',(252.,23.525,120.925));
#3695 = VECTOR('',#3696,1.);
#3696 = DIRECTION('',(1.,0.,0.));
#3697 = ORIENTED_EDGE('',*,*,#3645,.F.);
#3698 = PLANE('',#3699);
#3699 = AXIS2_PLACEMENT_3D('',#3700,#3701,#3702);
#3700 = CARTESIAN_POINT('',(252.,23.525,89.175));
#3701 = DIRECTION('',(0.,1.,0.));
#3702 = DIRECTION('',(0.,0.,1.));
#3703 = ADVANCED_FACE('',(#3704),#3720,.T.);
#3704 = FACE_BOUND('',#3705,.T.);
#3705 = EDGE_LOOP('',(#3706,#3712,#3713,#3719));
#3706 = ORIENTED_EDGE('',*,*,#3707,.F.);
#3707 = EDGE_CURVE('',#3616,#3656,#3708,.T.);
#3708 = LINE('',#3709,#3710);
#3709 = CARTESIAN_POINT('',(252.,26.7,89.175));
#3710 = VECTOR('',#3711,1.);
#3711 = DIRECTION('',(1.,0.,0.));
#3712 = ORIENTED_EDGE('',*,*,#3623,.T.);
#3713 = ORIENTED_EDGE('',*,*,#3714,.T.);
#3714 = EDGE_CURVE('',#3624,#3664,#3715,.T.);
#3715 = LINE('',#3716,#3717);
#3716 = CARTESIAN_POINT('',(252.,26.7,120.925));
#3717 = VECTOR('',#3718,1.);
#3718 = DIRECTION('',(1.,0.,0.));
#3719 = ORIENTED_EDGE('',*,*,#3663,.F.);
#3720 = PLANE('',#3721);
#3721 = AXIS2_PLACEMENT_3D('',#3722,#3723,#3724);
#3722 = CARTESIAN_POINT('',(252.,26.7,89.175));
#3723 = DIRECTION('',(0.,1.,0.));
#3724 = DIRECTION('',(0.,0.,1.));
#3725 = ADVANCED_FACE('',(#3726),#3732,.F.);
#3726 = FACE_BOUND('',#3727,.F.);
#3727 = EDGE_LOOP('',(#3728,#3729,#3730,#3731));
#3728 = ORIENTED_EDGE('',*,*,#3615,.F.);
#3729 = ORIENTED_EDGE('',*,*,#3685,.T.);
#3730 = ORIENTED_EDGE('',*,*,#3655,.T.);
#3731 = ORIENTED_EDGE('',*,*,#3707,.F.);
#3732 = PLANE('',#3733);
#3733 = AXIS2_PLACEMENT_3D('',#3734,#3735,#3736);
#3734 = CARTESIAN_POINT('',(252.,23.525,89.175));
#3735 = DIRECTION('',(0.,0.,1.));
#3736 = DIRECTION('',(1.,0.,0.));
#3737 = ADVANCED_FACE('',(#3738),#3744,.T.);
#3738 = FACE_BOUND('',#3739,.T.);
#3739 = EDGE_LOOP('',(#3740,#3741,#3742,#3743));
#3740 = ORIENTED_EDGE('',*,*,#3631,.F.);
#3741 = ORIENTED_EDGE('',*,*,#3692,.T.);
#3742 = ORIENTED_EDGE('',*,*,#3671,.T.);
#3743 = ORIENTED_EDGE('',*,*,#3714,.F.);
#3744 = PLANE('',#3745);
#3745 = AXIS2_PLACEMENT_3D('',#3746,#3747,#3748);
#3746 = CARTESIAN_POINT('',(252.,23.525,120.925));
#3747 = DIRECTION('',(0.,0.,1.));
#3748 = DIRECTION('',(1.,0.,0.));
#3749 = MANIFOLD_SOLID_BREP('',#3750);
#3750 = CLOSED_SHELL('',(#3751,#3791,#3822,#3857,#3881,#3909,#3921));
#3751 = ADVANCED_FACE('',(#3752),#3786,.F.);
#3752 = FACE_BOUND('',#3753,.F.);
#3753 = EDGE_LOOP('',(#3754,#3764,#3772,#3780));
#3754 = ORIENTED_EDGE('',*,*,#3755,.F.);
#3755 = EDGE_CURVE('',#3756,#3758,#3760,.T.);
#3756 = VERTEX_POINT('',#3757);
#3757 = CARTESIAN_POINT('',(252.,8.,89.175));
#3758 = VERTEX_POINT('',#3759);
#3759 = CARTESIAN_POINT('',(252.,8.,91.175));
#3760 = LINE('',#3761,#3762);
#3761 = CARTESIAN_POINT('',(252.,8.,89.175));
#3762 = VECTOR('',#3763,1.);
#3763 = DIRECTION('',(0.,0.,1.));
#3764 = ORIENTED_EDGE('',*,*,#3765,.T.);
#3765 = EDGE_CURVE('',#3756,#3766,#3768,.T.);
#3766 = VERTEX_POINT('',#3767);
#3767 = CARTESIAN_POINT('',(252.,20.,89.175));
#3768 = LINE('',#3769,#3770);
#3769 = CARTESIAN_POINT('',(252.,8.,89.175));
#3770 = VECTOR('',#3771,1.);
#3771 = DIRECTION('',(0.,1.,0.));
#3772 = ORIENTED_EDGE('',*,*,#3773,.T.);
#3773 = EDGE_CURVE('',#3766,#3774,#3776,.T.);
#3774 = VERTEX_POINT('',#3775);
#3775 = CARTESIAN_POINT('',(252.,20.,91.175));
#3776 = LINE('',#3777,#3778);
#3777 = CARTESIAN_POINT('',(252.,20.,89.175));
#3778 = VECTOR('',#3779,1.);
#3779 = DIRECTION('',(0.,0.,1.));
#3780 = ORIENTED_EDGE('',*,*,#3781,.F.);
#3781 = EDGE_CURVE('',#3758,#3774,#3782,.T.);
#3782 = LINE('',#3783,#3784);
#3783 = CARTESIAN_POINT('',(252.,8.,91.175));
#3784 = VECTOR('',#3785,1.);
#3785 = DIRECTION('',(0.,1.,0.));
#3786 = PLANE('',#3787);
#3787 = AXIS2_PLACEMENT_3D('',#3788,#3789,#3790);
#3788 = CARTESIAN_POINT('',(252.,8.,89.175));
#3789 = DIRECTION('',(1.,0.,0.));
#3790 = DIRECTION('',(0.,0.,1.));
#3791 = ADVANCED_FACE('',(#3792),#3817,.F.);
#3792 = FACE_BOUND('',#3793,.F.);
#3793 = EDGE_LOOP('',(#3794,#3802,#3803,#3811));
#3794 = ORIENTED_EDGE('',*,*,#3795,.F.);
#3795 = EDGE_CURVE('',#3756,#3796,#3798,.T.);
#3796 = VERTEX_POINT('',#3797);
#3797 = CARTESIAN_POINT('',(270.,8.,89.175));
#3798 = LINE('',#3799,#3800);
#3799 = CARTESIAN_POINT('',(252.,8.,89.175));
#3800 = VECTOR('',#3801,1.);
#3801 = DIRECTION('',(1.,0.,0.));
#3802 = ORIENTED_EDGE('',*,*,#3755,.T.);
#3803 = ORIENTED_EDGE('',*,*,#3804,.T.);
#3804 = EDGE_CURVE('',#3758,#3805,#3807,.T.);
#3805 = VERTEX_POINT('',#3806);
#3806 = CARTESIAN_POINT('',(270.,8.,91.175));
#3807 = LINE('',#3808,#3809);
#3808 = CARTESIAN_POINT('',(252.,8.,91.175));
#3809 = VECTOR('',#3810,1.);
#3810 = DIRECTION('',(1.,0.,0.));
#3811 = ORIENTED_EDGE('',*,*,#3812,.F.);
#3812 = EDGE_CURVE('',#3796,#3805,#3813,.T.);
#3813 = LINE('',#3814,#3815);
#3814 = CARTESIAN_POINT('',(270.,8.,89.175));
#3815 = VECTOR('',#3816,1.);
#3816 = DIRECTION('',(0.,0.,1.));
#3817 = PLANE('',#3818);
#3818 = AXIS2_PLACEMENT_3D('',#3819,#3820,#3821);
#3819 = CARTESIAN_POINT('',(252.,8.,89.175));
#3820 = DIRECTION('',(0.,1.,0.));
#3821 = DIRECTION('',(0.,0.,1.));
#3822 = ADVANCED_FACE('',(#3823,#3841),#3852,.T.);
#3823 = FACE_BOUND('',#3824,.T.);
#3824 = EDGE_LOOP('',(#3825,#3826,#3827,#3835));
#3825 = ORIENTED_EDGE('',*,*,#3781,.F.);
#3826 = ORIENTED_EDGE('',*,*,#3804,.T.);
#3827 = ORIENTED_EDGE('',*,*,#3828,.T.);
#3828 = EDGE_CURVE('',#3805,#3829,#3831,.T.);
#3829 = VERTEX_POINT('',#3830);
#3830 = CARTESIAN_POINT('',(270.,20.,91.175));
#3831 = LINE('',#3832,#3833);
#3832 = CARTESIAN_POINT('',(270.,8.,91.175));
#3833 = VECTOR('',#3834,1.);
#3834 = DIRECTION('',(0.,1.,0.));
#3835 = ORIENTED_EDGE('',*,*,#3836,.F.);
#3836 = EDGE_CURVE('',#3774,#3829,#3837,.T.);
#3837 = LINE('',#3838,#3839);
#3838 = CARTESIAN_POINT('',(252.,20.,91.175));
#3839 = VECTOR('',#3840,1.);
#3840 = DIRECTION('',(1.,0.,0.));
#3841 = FACE_BOUND('',#3842,.T.);
#3842 = EDGE_LOOP('',(#3843));
#3843 = ORIENTED_EDGE('',*,*,#3844,.F.);
#3844 = EDGE_CURVE('',#3845,#3845,#3847,.T.);
#3845 = VERTEX_POINT('',#3846);
#3846 = CARTESIAN_POINT('',(265.75,14.,91.175));
#3847 = CIRCLE('',#3848,4.75);
#3848 = AXIS2_PLACEMENT_3D('',#3849,#3850,#3851);
#3849 = CARTESIAN_POINT('',(261.,14.,91.175));
#3850 = DIRECTION('',(0.,0.,1.));
#3851 = DIRECTION('',(1.,0.,0.));
#3852 = PLANE('',#3853);
#3853 = AXIS2_PLACEMENT_3D('',#3854,#3855,#3856);
#3854 = CARTESIAN_POINT('',(252.,8.,91.175));
#3855 = DIRECTION('',(0.,0.,1.));
#3856 = DIRECTION('',(1.,0.,0.));
#3857 = ADVANCED_FACE('',(#3858),#3876,.T.);
#3858 = FACE_BOUND('',#3859,.T.);
#3859 = EDGE_LOOP('',(#3860,#3868,#3869,#3870));
#3860 = ORIENTED_EDGE('',*,*,#3861,.F.);
#3861 = EDGE_CURVE('',#3766,#3862,#3864,.T.);
#3862 = VERTEX_POINT('',#3863);
#3863 = CARTESIAN_POINT('',(270.,20.,89.175));
#3864 = LINE('',#3865,#3866);
#3865 = CARTESIAN_POINT('',(252.,20.,89.175));
#3866 = VECTOR('',#3867,1.);
#3867 = DIRECTION('',(1.,0.,0.));
#3868 = ORIENTED_EDGE('',*,*,#3773,.T.);
#3869 = ORIENTED_EDGE('',*,*,#3836,.T.);
#3870 = ORIENTED_EDGE('',*,*,#3871,.F.);
#3871 = EDGE_CURVE('',#3862,#3829,#3872,.T.);
#3872 = LINE('',#3873,#3874);
#3873 = CARTESIAN_POINT('',(270.,20.,89.175));
#3874 = VECTOR('',#3875,1.);
#3875 = DIRECTION('',(0.,0.,1.));
#3876 = PLANE('',#3877);
#3877 = AXIS2_PLACEMENT_3D('',#3878,#3879,#3880);
#3878 = CARTESIAN_POINT('',(252.,20.,89.175));
#3879 = DIRECTION('',(0.,1.,0.));
#3880 = DIRECTION('',(0.,0.,1.));
#3881 = ADVANCED_FACE('',(#3882,#3893),#3904,.F.);
#3882 = FACE_BOUND('',#3883,.F.);
#3883 = EDGE_LOOP('',(#3884,#3885,#3886,#3892));
#3884 = ORIENTED_EDGE('',*,*,#3765,.F.);
#3885 = ORIENTED_EDGE('',*,*,#3795,.T.);
#3886 = ORIENTED_EDGE('',*,*,#3887,.T.);
#3887 = EDGE_CURVE('',#3796,#3862,#3888,.T.);
#3888 = LINE('',#3889,#3890);
#3889 = CARTESIAN_POINT('',(270.,8.,89.175));
#3890 = VECTOR('',#3891,1.);
#3891 = DIRECTION('',(0.,1.,0.));
#3892 = ORIENTED_EDGE('',*,*,#3861,.F.);
#3893 = FACE_BOUND('',#3894,.F.);
#3894 = EDGE_LOOP('',(#3895));
#3895 = ORIENTED_EDGE('',*,*,#3896,.F.);
#3896 = EDGE_CURVE('',#3897,#3897,#3899,.T.);
#3897 = VERTEX_POINT('',#3898);
#3898 = CARTESIAN_POINT('',(265.75,14.,89.175));
#3899 = CIRCLE('',#3900,4.75);
#3900 = AXIS2_PLACEMENT_3D('',#3901,#3902,#3903);
#3901 = CARTESIAN_POINT('',(261.,14.,89.175));
#3902 = DIRECTION('',(0.,0.,1.));
#3903 = DIRECTION('',(1.,0.,0.));
#3904 = PLANE('',#3905);
#3905 = AXIS2_PLACEMENT_3D('',#3906,#3907,#3908);
#3906 = CARTESIAN_POINT('',(252.,8.,89.175));
#3907 = DIRECTION('',(0.,0.,1.));
#3908 = DIRECTION('',(1.,0.,0.));
#3909 = ADVANCED_FACE('',(#3910),#3916,.T.);
#3910 = FACE_BOUND('',#3911,.T.);
#3911 = EDGE_LOOP('',(#3912,#3913,#3914,#3915));
#3912 = ORIENTED_EDGE('',*,*,#3812,.F.);
#3913 = ORIENTED_EDGE('',*,*,#3887,.T.);
#3914 = ORIENTED_EDGE('',*,*,#3871,.T.);
#3915 = ORIENTED_EDGE('',*,*,#3828,.F.);
#3916 = PLANE('',#3917);
#3917 = AXIS2_PLACEMENT_3D('',#3918,#3919,#3920);
#3918 = CARTESIAN_POINT('',(270.,8.,89.175));
#3919 = DIRECTION('',(1.,0.,0.));
#3920 = DIRECTION('',(0.,0.,1.));
#3921 = ADVANCED_FACE('',(#3922),#3933,.F.);
#3922 = FACE_BOUND('',#3923,.F.);
#3923 = EDGE_LOOP('',(#3924,#3925,#3931,#3932));
#3924 = ORIENTED_EDGE('',*,*,#3844,.F.);
#3925 = ORIENTED_EDGE('',*,*,#3926,.F.);
#3926 = EDGE_CURVE('',#3897,#3845,#3927,.T.);
#3927 = LINE('',#3928,#3929);
#3928 = CARTESIAN_POINT('',(265.75,14.,88.175));
#3929 = VECTOR('',#3930,1.);
#3930 = DIRECTION('',(0.,0.,1.));
#3931 = ORIENTED_EDGE('',*,*,#3896,.T.);
#3932 = ORIENTED_EDGE('',*,*,#3926,.T.);
#3933 = CYLINDRICAL_SURFACE('',#3934,4.75);
#3934 = AXIS2_PLACEMENT_3D('',#3935,#3936,#3937);
#3935 = CARTESIAN_POINT('',(261.,14.,88.175));
#3936 = DIRECTION('',(0.,0.,1.));
#3937 = DIRECTION('',(1.,0.,0.));
#3938 = MANIFOLD_SOLID_BREP('',#3939);
#3939 = CLOSED_SHELL('',(#3940,#3980,#4011,#4046,#4070,#4098,#4110));
#3940 = ADVANCED_FACE('',(#3941),#3975,.F.);
#3941 = FACE_BOUND('',#3942,.F.);
#3942 = EDGE_LOOP('',(#3943,#3953,#3961,#3969));
#3943 = ORIENTED_EDGE('',*,*,#3944,.F.);
#3944 = EDGE_CURVE('',#3945,#3947,#3949,.T.);
#3945 = VERTEX_POINT('',#3946);
#3946 = CARTESIAN_POINT('',(252.,8.,118.925));
#3947 = VERTEX_POINT('',#3948);
#3948 = CARTESIAN_POINT('',(252.,8.,120.925));
#3949 = LINE('',#3950,#3951);
#3950 = CARTESIAN_POINT('',(252.,8.,118.925));
#3951 = VECTOR('',#3952,1.);
#3952 = DIRECTION('',(0.,0.,1.));
#3953 = ORIENTED_EDGE('',*,*,#3954,.T.);
#3954 = EDGE_CURVE('',#3945,#3955,#3957,.T.);
#3955 = VERTEX_POINT('',#3956);
#3956 = CARTESIAN_POINT('',(252.,20.,118.925));
#3957 = LINE('',#3958,#3959);
#3958 = CARTESIAN_POINT('',(252.,8.,118.925));
#3959 = VECTOR('',#3960,1.);
#3960 = DIRECTION('',(0.,1.,0.));
#3961 = ORIENTED_EDGE('',*,*,#3962,.T.);
#3962 = EDGE_CURVE('',#3955,#3963,#3965,.T.);
#3963 = VERTEX_POINT('',#3964);
#3964 = CARTESIAN_POINT('',(252.,20.,120.925));
#3965 = LINE('',#3966,#3967);
#3966 = CARTESIAN_POINT('',(252.,20.,118.925));
#3967 = VECTOR('',#3968,1.);
#3968 = DIRECTION('',(0.,0.,1.));
#3969 = ORIENTED_EDGE('',*,*,#3970,.F.);
#3970 = EDGE_CURVE('',#3947,#3963,#3971,.T.);
#3971 = LINE('',#3972,#3973);
#3972 = CARTESIAN_POINT('',(252.,8.,120.925));
#3973 = VECTOR('',#3974,1.);
#3974 = DIRECTION('',(0.,1.,0.));
#3975 = PLANE('',#3976);
#3976 = AXIS2_PLACEMENT_3D('',#3977,#3978,#3979);
#3977 = CARTESIAN_POINT('',(252.,8.,118.925));
#3978 = DIRECTION('',(1.,0.,0.));
#3979 = DIRECTION('',(0.,0.,1.));
#3980 = ADVANCED_FACE('',(#3981),#4006,.F.);
#3981 = FACE_BOUND('',#3982,.F.);
#3982 = EDGE_LOOP('',(#3983,#3991,#3992,#4000));
#3983 = ORIENTED_EDGE('',*,*,#3984,.F.);
#3984 = EDGE_CURVE('',#3945,#3985,#3987,.T.);
#3985 = VERTEX_POINT('',#3986);
#3986 = CARTESIAN_POINT('',(270.,8.,118.925));
#3987 = LINE('',#3988,#3989);
#3988 = CARTESIAN_POINT('',(252.,8.,118.925));
#3989 = VECTOR('',#3990,1.);
#3990 = DIRECTION('',(1.,0.,0.));
#3991 = ORIENTED_EDGE('',*,*,#3944,.T.);
#3992 = ORIENTED_EDGE('',*,*,#3993,.T.);
#3993 = EDGE_CURVE('',#3947,#3994,#3996,.T.);
#3994 = VERTEX_POINT('',#3995);
#3995 = CARTESIAN_POINT('',(270.,8.,120.925));
#3996 = LINE('',#3997,#3998);
#3997 = CARTESIAN_POINT('',(252.,8.,120.925));
#3998 = VECTOR('',#3999,1.);
#3999 = DIRECTION('',(1.,0.,0.));
#4000 = ORIENTED_EDGE('',*,*,#4001,.F.);
#4001 = EDGE_CURVE('',#3985,#3994,#4002,.T.);
#4002 = LINE('',#4003,#4004);
#4003 = CARTESIAN_POINT('',(270.,8.,118.925));
#4004 = VECTOR('',#4005,1.);
#4005 = DIRECTION('',(0.,0.,1.));
#4006 = PLANE('',#4007);
#4007 = AXIS2_PLACEMENT_3D('',#4008,#4009,#4010);
#4008 = CARTESIAN_POINT('',(252.,8.,118.925));
#4009 = DIRECTION('',(0.,1.,0.));
#4010 = DIRECTION('',(0.,0.,1.));
#4011 = ADVANCED_FACE('',(#4012,#4030),#4041,.T.);
#4012 = FACE_BOUND('',#4013,.T.);
#4013 = EDGE_LOOP('',(#4014,#4015,#4016,#4024));
#4014 = ORIENTED_EDGE('',*,*,#3970,.F.);
#4015 = ORIENTED_EDGE('',*,*,#3993,.T.);
#4016 = ORIENTED_EDGE('',*,*,#4017,.T.);
#4017 = EDGE_CURVE('',#3994,#4018,#4020,.T.);
#4018 = VERTEX_POINT('',#4019);
#4019 = CARTESIAN_POINT('',(270.,20.,120.925));
#4020 = LINE('',#4021,#4022);
#4021 = CARTESIAN_POINT('',(270.,8.,120.925));
#4022 = VECTOR('',#4023,1.);
#4023 = DIRECTION('',(0.,1.,0.));
#4024 = ORIENTED_EDGE('',*,*,#4025,.F.);
#4025 = EDGE_CURVE('',#3963,#4018,#4026,.T.);
#4026 = LINE('',#4027,#4028);
#4027 = CARTESIAN_POINT('',(252.,20.,120.925));
#4028 = VECTOR('',#4029,1.);
#4029 = DIRECTION('',(1.,0.,0.));
#4030 = FACE_BOUND('',#4031,.T.);
#4031 = EDGE_LOOP('',(#4032));
#4032 = ORIENTED_EDGE('',*,*,#4033,.F.);
#4033 = EDGE_CURVE('',#4034,#4034,#4036,.T.);
#4034 = VERTEX_POINT('',#4035);
#4035 = CARTESIAN_POINT('',(265.75,14.,120.925));
#4036 = CIRCLE('',#4037,4.75);
#4037 = AXIS2_PLACEMENT_3D('',#4038,#4039,#4040);
#4038 = CARTESIAN_POINT('',(261.,14.,120.925));
#4039 = DIRECTION('',(0.,0.,1.));
#4040 = DIRECTION('',(1.,0.,0.));
#4041 = PLANE('',#4042);
#4042 = AXIS2_PLACEMENT_3D('',#4043,#4044,#4045);
#4043 = CARTESIAN_POINT('',(252.,8.,120.925));
#4044 = DIRECTION('',(0.,0.,1.));
#4045 = DIRECTION('',(1.,0.,0.));
#4046 = ADVANCED_FACE('',(#4047),#4065,.T.);
#4047 = FACE_BOUND('',#4048,.T.);
#4048 = EDGE_LOOP('',(#4049,#4057,#4058,#4059));
#4049 = ORIENTED_EDGE('',*,*,#4050,.F.);
#4050 = EDGE_CURVE('',#3955,#4051,#4053,.T.);
#4051 = VERTEX_POINT('',#4052);
#4052 = CARTESIAN_POINT('',(270.,20.,118.925));
#4053 = LINE('',#4054,#4055);
#4054 = CARTESIAN_POINT('',(252.,20.,118.925));
#4055 = VECTOR('',#4056,1.);
#4056 = DIRECTION('',(1.,0.,0.));
#4057 = ORIENTED_EDGE('',*,*,#3962,.T.);
#4058 = ORIENTED_EDGE('',*,*,#4025,.T.);
#4059 = ORIENTED_EDGE('',*,*,#4060,.F.);
#4060 = EDGE_CURVE('',#4051,#4018,#4061,.T.);
#4061 = LINE('',#4062,#4063);
#4062 = CARTESIAN_POINT('',(270.,20.,118.925));
#4063 = VECTOR('',#4064,1.);
#4064 = DIRECTION('',(0.,0.,1.));
#4065 = PLANE('',#4066);
#4066 = AXIS2_PLACEMENT_3D('',#4067,#4068,#4069);
#4067 = CARTESIAN_POINT('',(252.,20.,118.925));
#4068 = DIRECTION('',(0.,1.,0.));
#4069 = DIRECTION('',(0.,0.,1.));
#4070 = ADVANCED_FACE('',(#4071,#4082),#4093,.F.);
#4071 = FACE_BOUND('',#4072,.F.);
#4072 = EDGE_LOOP('',(#4073,#4074,#4075,#4081));
#4073 = ORIENTED_EDGE('',*,*,#3954,.F.);
#4074 = ORIENTED_EDGE('',*,*,#3984,.T.);
#4075 = ORIENTED_EDGE('',*,*,#4076,.T.);
#4076 = EDGE_CURVE('',#3985,#4051,#4077,.T.);
#4077 = LINE('',#4078,#4079);
#4078 = CARTESIAN_POINT('',(270.,8.,118.925));
#4079 = VECTOR('',#4080,1.);
#4080 = DIRECTION('',(0.,1.,0.));
#4081 = ORIENTED_EDGE('',*,*,#4050,.F.);
#4082 = FACE_BOUND('',#4083,.F.);
#4083 = EDGE_LOOP('',(#4084));
#4084 = ORIENTED_EDGE('',*,*,#4085,.F.);
#4085 = EDGE_CURVE('',#4086,#4086,#4088,.T.);
#4086 = VERTEX_POINT('',#4087);
#4087 = CARTESIAN_POINT('',(265.75,14.,118.925));
#4088 = CIRCLE('',#4089,4.75);
#4089 = AXIS2_PLACEMENT_3D('',#4090,#4091,#4092);
#4090 = CARTESIAN_POINT('',(261.,14.,118.925));
#4091 = DIRECTION('',(0.,0.,1.));
#4092 = DIRECTION('',(1.,0.,0.));
#4093 = PLANE('',#4094);
#4094 = AXIS2_PLACEMENT_3D('',#4095,#4096,#4097);
#4095 = CARTESIAN_POINT('',(252.,8.,118.925));
#4096 = DIRECTION('',(0.,0.,1.));
#4097 = DIRECTION('',(1.,0.,0.));
#4098 = ADVANCED_FACE('',(#4099),#4105,.T.);
#4099 = FACE_BOUND('',#4100,.T.);
#4100 = EDGE_LOOP('',(#4101,#4102,#4103,#4104));
#4101 = ORIENTED_EDGE('',*,*,#4001,.F.);
#4102 = ORIENTED_EDGE('',*,*,#4076,.T.);
#4103 = ORIENTED_EDGE('',*,*,#4060,.T.);
#4104 = ORIENTED_EDGE('',*,*,#4017,.F.);
#4105 = PLANE('',#4106);
#4106 = AXIS2_PLACEMENT_3D('',#4107,#4108,#4109);
#4107 = CARTESIAN_POINT('',(270.,8.,118.925));
#4108 = DIRECTION('',(1.,0.,0.));
#4109 = DIRECTION('',(0.,0.,1.));
#4110 = ADVANCED_FACE('',(#4111),#4122,.F.);
#4111 = FACE_BOUND('',#4112,.F.);
#4112 = EDGE_LOOP('',(#4113,#4114,#4120,#4121));
#4113 = ORIENTED_EDGE('',*,*,#4033,.F.);
#4114 = ORIENTED_EDGE('',*,*,#4115,.F.);
#4115 = EDGE_CURVE('',#4086,#4034,#4116,.T.);
#4116 = LINE('',#4117,#4118);
#4117 = CARTESIAN_POINT('',(265.75,14.,117.925));
#4118 = VECTOR('',#4119,1.);
#4119 = DIRECTION('',(0.,0.,1.));
#4120 = ORIENTED_EDGE('',*,*,#4085,.T.);
#4121 = ORIENTED_EDGE('',*,*,#4115,.T.);
#4122 = CYLINDRICAL_SURFACE('',#4123,4.75);
#4123 = AXIS2_PLACEMENT_3D('',#4124,#4125,#4126);
#4124 = CARTESIAN_POINT('',(261.,14.,117.925));
#4125 = DIRECTION('',(0.,0.,1.));
#4126 = DIRECTION('',(1.,0.,0.));
#4127 = MANIFOLD_SOLID_BREP('',#4128);
#4128 = CLOSED_SHELL('',(#4129,#4169,#4200,#4269,#4293,#4355,#4367,#4389
    ,#4406,#4423,#4440));
#4129 = ADVANCED_FACE('',(#4130),#4164,.F.);
#4130 = FACE_BOUND('',#4131,.F.);
#4131 = EDGE_LOOP('',(#4132,#4142,#4150,#4158));
#4132 = ORIENTED_EDGE('',*,*,#4133,.F.);
#4133 = EDGE_CURVE('',#4134,#4136,#4138,.T.);
#4134 = VERTEX_POINT('',#4135);
#4135 = CARTESIAN_POINT('',(247.,5.,91.675));
#4136 = VERTEX_POINT('',#4137);
#4137 = CARTESIAN_POINT('',(247.,5.,93.675));
#4138 = LINE('',#4139,#4140);
#4139 = CARTESIAN_POINT('',(247.,5.,91.675));
#4140 = VECTOR('',#4141,1.);
#4141 = DIRECTION('',(0.,0.,1.));
#4142 = ORIENTED_EDGE('',*,*,#4143,.T.);
#4143 = EDGE_CURVE('',#4134,#4144,#4146,.T.);
#4144 = VERTEX_POINT('',#4145);
#4145 = CARTESIAN_POINT('',(247.,23.,91.675));
#4146 = LINE('',#4147,#4148);
#4147 = CARTESIAN_POINT('',(247.,5.,91.675));
#4148 = VECTOR('',#4149,1.);
#4149 = DIRECTION('',(0.,1.,0.));
#4150 = ORIENTED_EDGE('',*,*,#4151,.T.);
#4151 = EDGE_CURVE('',#4144,#4152,#4154,.T.);
#4152 = VERTEX_POINT('',#4153);
#4153 = CARTESIAN_POINT('',(247.,23.,93.675));
#4154 = LINE('',#4155,#4156);
#4155 = CARTESIAN_POINT('',(247.,23.,91.675));
#4156 = VECTOR('',#4157,1.);
#4157 = DIRECTION('',(0.,0.,1.));
#4158 = ORIENTED_EDGE('',*,*,#4159,.F.);
#4159 = EDGE_CURVE('',#4136,#4152,#4160,.T.);
#4160 = LINE('',#4161,#4162);
#4161 = CARTESIAN_POINT('',(247.,5.,93.675));
#4162 = VECTOR('',#4163,1.);
#4163 = DIRECTION('',(0.,1.,0.));
#4164 = PLANE('',#4165);
#4165 = AXIS2_PLACEMENT_3D('',#4166,#4167,#4168);
#4166 = CARTESIAN_POINT('',(247.,5.,91.675));
#4167 = DIRECTION('',(1.,0.,0.));
#4168 = DIRECTION('',(0.,0.,1.));
#4169 = ADVANCED_FACE('',(#4170),#4195,.F.);
#4170 = FACE_BOUND('',#4171,.F.);
#4171 = EDGE_LOOP('',(#4172,#4180,#4181,#4189));
#4172 = ORIENTED_EDGE('',*,*,#4173,.F.);
#4173 = EDGE_CURVE('',#4134,#4174,#4176,.T.);
#4174 = VERTEX_POINT('',#4175);
#4175 = CARTESIAN_POINT('',(267.,5.,91.675));
#4176 = LINE('',#4177,#4178);
#4177 = CARTESIAN_POINT('',(247.,5.,91.675));
#4178 = VECTOR('',#4179,1.);
#4179 = DIRECTION('',(1.,0.,0.));
#4180 = ORIENTED_EDGE('',*,*,#4133,.T.);
#4181 = ORIENTED_EDGE('',*,*,#4182,.T.);
#4182 = EDGE_CURVE('',#4136,#4183,#4185,.T.);
#4183 = VERTEX_POINT('',#4184);
#4184 = CARTESIAN_POINT('',(267.,5.,93.675));
#4185 = LINE('',#4186,#4187);
#4186 = CARTESIAN_POINT('',(247.,5.,93.675));
#4187 = VECTOR('',#4188,1.);
#4188 = DIRECTION('',(1.,0.,0.));
#4189 = ORIENTED_EDGE('',*,*,#4190,.F.);
#4190 = EDGE_CURVE('',#4174,#4183,#4191,.T.);
#4191 = LINE('',#4192,#4193);
#4192 = CARTESIAN_POINT('',(267.,5.,91.675));
#4193 = VECTOR('',#4194,1.);
#4194 = DIRECTION('',(0.,0.,1.));
#4195 = PLANE('',#4196);
#4196 = AXIS2_PLACEMENT_3D('',#4197,#4198,#4199);
#4197 = CARTESIAN_POINT('',(247.,5.,91.675));
#4198 = DIRECTION('',(0.,1.,0.));
#4199 = DIRECTION('',(0.,0.,1.));
#4200 = ADVANCED_FACE('',(#4201,#4219),#4264,.T.);
#4201 = FACE_BOUND('',#4202,.T.);
#4202 = EDGE_LOOP('',(#4203,#4204,#4205,#4213));
#4203 = ORIENTED_EDGE('',*,*,#4159,.F.);
#4204 = ORIENTED_EDGE('',*,*,#4182,.T.);
#4205 = ORIENTED_EDGE('',*,*,#4206,.T.);
#4206 = EDGE_CURVE('',#4183,#4207,#4209,.T.);
#4207 = VERTEX_POINT('',#4208);
#4208 = CARTESIAN_POINT('',(267.,23.,93.675));
#4209 = LINE('',#4210,#4211);
#4210 = CARTESIAN_POINT('',(267.,5.,93.675));
#4211 = VECTOR('',#4212,1.);
#4212 = DIRECTION('',(0.,1.,0.));
#4213 = ORIENTED_EDGE('',*,*,#4214,.F.);
#4214 = EDGE_CURVE('',#4152,#4207,#4215,.T.);
#4215 = LINE('',#4216,#4217);
#4216 = CARTESIAN_POINT('',(247.,23.,93.675));
#4217 = VECTOR('',#4218,1.);
#4218 = DIRECTION('',(1.,0.,0.));
#4219 = FACE_BOUND('',#4220,.T.);
#4220 = EDGE_LOOP('',(#4221,#4232,#4240,#4249,#4257));
#4221 = ORIENTED_EDGE('',*,*,#4222,.F.);
#4222 = EDGE_CURVE('',#4223,#4225,#4227,.T.);
#4223 = VERTEX_POINT('',#4224);
#4224 = CARTESIAN_POINT('',(261.,11.5,93.675));
#4225 = VERTEX_POINT('',#4226);
#4226 = CARTESIAN_POINT('',(263.5,14.,93.675));
#4227 = CIRCLE('',#4228,2.5);
#4228 = AXIS2_PLACEMENT_3D('',#4229,#4230,#4231);
#4229 = CARTESIAN_POINT('',(261.,14.,93.675));
#4230 = DIRECTION('',(0.,0.,1.));
#4231 = DIRECTION('',(1.,0.,0.));
#4232 = ORIENTED_EDGE('',*,*,#4233,.T.);
#4233 = EDGE_CURVE('',#4223,#4234,#4236,.T.);
#4234 = VERTEX_POINT('',#4235);
#4235 = CARTESIAN_POINT('',(257.03887360535,11.5,93.675));
#4236 = LINE('',#4237,#4238);
#4237 = CARTESIAN_POINT('',(250.,11.5,93.675));
#4238 = VECTOR('',#4239,1.);
#4239 = DIRECTION('',(-1.,0.,0.));
#4240 = ORIENTED_EDGE('',*,*,#4241,.F.);
#4241 = EDGE_CURVE('',#4242,#4234,#4244,.T.);
#4242 = VERTEX_POINT('',#4243);
#4243 = CARTESIAN_POINT('',(257.03887360535,16.5,93.675));
#4244 = CIRCLE('',#4245,4.75);
#4245 = AXIS2_PLACEMENT_3D('',#4246,#4247,#4248);
#4246 = CARTESIAN_POINT('',(253.,14.,93.675));
#4247 = DIRECTION('',(0.,0.,1.));
#4248 = DIRECTION('',(1.,0.,0.));
#4249 = ORIENTED_EDGE('',*,*,#4250,.F.);
#4250 = EDGE_CURVE('',#4251,#4242,#4253,.T.);
#4251 = VERTEX_POINT('',#4252);
#4252 = CARTESIAN_POINT('',(261.,16.5,93.675));
#4253 = LINE('',#4254,#4255);
#4254 = CARTESIAN_POINT('',(250.,16.5,93.675));
#4255 = VECTOR('',#4256,1.);
#4256 = DIRECTION('',(-1.,0.,0.));
#4257 = ORIENTED_EDGE('',*,*,#4258,.F.);
#4258 = EDGE_CURVE('',#4225,#4251,#4259,.T.);
#4259 = CIRCLE('',#4260,2.5);
#4260 = AXIS2_PLACEMENT_3D('',#4261,#4262,#4263);
#4261 = CARTESIAN_POINT('',(261.,14.,93.675));
#4262 = DIRECTION('',(0.,0.,1.));
#4263 = DIRECTION('',(1.,0.,0.));
#4264 = PLANE('',#4265);
#4265 = AXIS2_PLACEMENT_3D('',#4266,#4267,#4268);
#4266 = CARTESIAN_POINT('',(247.,5.,93.675));
#4267 = DIRECTION('',(0.,0.,1.));
#4268 = DIRECTION('',(1.,0.,0.));
#4269 = ADVANCED_FACE('',(#4270),#4288,.T.);
#4270 = FACE_BOUND('',#4271,.T.);
#4271 = EDGE_LOOP('',(#4272,#4280,#4281,#4282));
#4272 = ORIENTED_EDGE('',*,*,#4273,.F.);
#4273 = EDGE_CURVE('',#4144,#4274,#4276,.T.);
#4274 = VERTEX_POINT('',#4275);
#4275 = CARTESIAN_POINT('',(267.,23.,91.675));
#4276 = LINE('',#4277,#4278);
#4277 = CARTESIAN_POINT('',(247.,23.,91.675));
#4278 = VECTOR('',#4279,1.);
#4279 = DIRECTION('',(1.,0.,0.));
#4280 = ORIENTED_EDGE('',*,*,#4151,.T.);
#4281 = ORIENTED_EDGE('',*,*,#4214,.T.);
#4282 = ORIENTED_EDGE('',*,*,#4283,.F.);
#4283 = EDGE_CURVE('',#4274,#4207,#4284,.T.);
#4284 = LINE('',#4285,#4286);
#4285 = CARTESIAN_POINT('',(267.,23.,91.675));
#4286 = VECTOR('',#4287,1.);
#4287 = DIRECTION('',(0.,0.,1.));
#4288 = PLANE('',#4289);
#4289 = AXIS2_PLACEMENT_3D('',#4290,#4291,#4292);
#4290 = CARTESIAN_POINT('',(247.,23.,91.675));
#4291 = DIRECTION('',(0.,1.,0.));
#4292 = DIRECTION('',(0.,0.,1.));
#4293 = ADVANCED_FACE('',(#4294,#4305),#4350,.F.);
#4294 = FACE_BOUND('',#4295,.F.);
#4295 = EDGE_LOOP('',(#4296,#4297,#4298,#4304));
#4296 = ORIENTED_EDGE('',*,*,#4143,.F.);
#4297 = ORIENTED_EDGE('',*,*,#4173,.T.);
#4298 = ORIENTED_EDGE('',*,*,#4299,.T.);
#4299 = EDGE_CURVE('',#4174,#4274,#4300,.T.);
#4300 = LINE('',#4301,#4302);
#4301 = CARTESIAN_POINT('',(267.,5.,91.675));
#4302 = VECTOR('',#4303,1.);
#4303 = DIRECTION('',(0.,1.,0.));
#4304 = ORIENTED_EDGE('',*,*,#4273,.F.);
#4305 = FACE_BOUND('',#4306,.F.);
#4306 = EDGE_LOOP('',(#4307,#4318,#4326,#4335,#4343));
#4307 = ORIENTED_EDGE('',*,*,#4308,.F.);
#4308 = EDGE_CURVE('',#4309,#4311,#4313,.T.);
#4309 = VERTEX_POINT('',#4310);
#4310 = CARTESIAN_POINT('',(261.,11.5,91.675));
#4311 = VERTEX_POINT('',#4312);
#4312 = CARTESIAN_POINT('',(263.5,14.,91.675));
#4313 = CIRCLE('',#4314,2.5);
#4314 = AXIS2_PLACEMENT_3D('',#4315,#4316,#4317);
#4315 = CARTESIAN_POINT('',(261.,14.,91.675));
#4316 = DIRECTION('',(0.,0.,1.));
#4317 = DIRECTION('',(1.,0.,0.));
#4318 = ORIENTED_EDGE('',*,*,#4319,.T.);
#4319 = EDGE_CURVE('',#4309,#4320,#4322,.T.);
#4320 = VERTEX_POINT('',#4321);
#4321 = CARTESIAN_POINT('',(257.03887360535,11.5,91.675));
#4322 = LINE('',#4323,#4324);
#4323 = CARTESIAN_POINT('',(250.,11.5,91.675));
#4324 = VECTOR('',#4325,1.);
#4325 = DIRECTION('',(-1.,0.,0.));
#4326 = ORIENTED_EDGE('',*,*,#4327,.F.);
#4327 = EDGE_CURVE('',#4328,#4320,#4330,.T.);
#4328 = VERTEX_POINT('',#4329);
#4329 = CARTESIAN_POINT('',(257.03887360535,16.5,91.675));
#4330 = CIRCLE('',#4331,4.75);
#4331 = AXIS2_PLACEMENT_3D('',#4332,#4333,#4334);
#4332 = CARTESIAN_POINT('',(253.,14.,91.675));
#4333 = DIRECTION('',(0.,0.,1.));
#4334 = DIRECTION('',(1.,0.,0.));
#4335 = ORIENTED_EDGE('',*,*,#4336,.F.);
#4336 = EDGE_CURVE('',#4337,#4328,#4339,.T.);
#4337 = VERTEX_POINT('',#4338);
#4338 = CARTESIAN_POINT('',(261.,16.5,91.675));
#4339 = LINE('',#4340,#4341);
#4340 = CARTESIAN_POINT('',(250.,16.5,91.675));
#4341 = VECTOR('',#4342,1.);
#4342 = DIRECTION('',(-1.,0.,0.));
#4343 = ORIENTED_EDGE('',*,*,#4344,.F.);
#4344 = EDGE_CURVE('',#4311,#4337,#4345,.T.);
#4345 = CIRCLE('',#4346,2.5);
#4346 = AXIS2_PLACEMENT_3D('',#4347,#4348,#4349);
#4347 = CARTESIAN_POINT('',(261.,14.,91.675));
#4348 = DIRECTION('',(0.,0.,1.));
#4349 = DIRECTION('',(1.,0.,0.));
#4350 = PLANE('',#4351);
#4351 = AXIS2_PLACEMENT_3D('',#4352,#4353,#4354);
#4352 = CARTESIAN_POINT('',(247.,5.,91.675));
#4353 = DIRECTION('',(0.,0.,1.));
#4354 = DIRECTION('',(1.,0.,0.));
#4355 = ADVANCED_FACE('',(#4356),#4362,.T.);
#4356 = FACE_BOUND('',#4357,.T.);
#4357 = EDGE_LOOP('',(#4358,#4359,#4360,#4361));
#4358 = ORIENTED_EDGE('',*,*,#4190,.F.);
#4359 = ORIENTED_EDGE('',*,*,#4299,.T.);
#4360 = ORIENTED_EDGE('',*,*,#4283,.T.);
#4361 = ORIENTED_EDGE('',*,*,#4206,.F.);
#4362 = PLANE('',#4363);
#4363 = AXIS2_PLACEMENT_3D('',#4364,#4365,#4366);
#4364 = CARTESIAN_POINT('',(267.,5.,91.675));
#4365 = DIRECTION('',(1.,0.,0.));
#4366 = DIRECTION('',(0.,0.,1.));
#4367 = ADVANCED_FACE('',(#4368),#4384,.F.);
#4368 = FACE_BOUND('',#4369,.F.);
#4369 = EDGE_LOOP('',(#4370,#4371,#4377,#4378));
#4370 = ORIENTED_EDGE('',*,*,#4308,.T.);
#4371 = ORIENTED_EDGE('',*,*,#4372,.T.);
#4372 = EDGE_CURVE('',#4311,#4225,#4373,.T.);
#4373 = LINE('',#4374,#4375);
#4374 = CARTESIAN_POINT('',(263.5,14.,90.675));
#4375 = VECTOR('',#4376,1.);
#4376 = DIRECTION('',(0.,0.,1.));
#4377 = ORIENTED_EDGE('',*,*,#4222,.F.);
#4378 = ORIENTED_EDGE('',*,*,#4379,.F.);
#4379 = EDGE_CURVE('',#4309,#4223,#4380,.T.);
#4380 = LINE('',#4381,#4382);
#4381 = CARTESIAN_POINT('',(261.,11.5,90.675));
#4382 = VECTOR('',#4383,1.);
#4383 = DIRECTION('',(0.,0.,1.));
#4384 = CYLINDRICAL_SURFACE('',#4385,2.5);
#4385 = AXIS2_PLACEMENT_3D('',#4386,#4387,#4388);
#4386 = CARTESIAN_POINT('',(261.,14.,90.675));
#4387 = DIRECTION('',(0.,0.,1.));
#4388 = DIRECTION('',(1.,0.,0.));
#4389 = ADVANCED_FACE('',(#4390),#4401,.F.);
#4390 = FACE_BOUND('',#4391,.F.);
#4391 = EDGE_LOOP('',(#4392,#4393,#4394,#4395));
#4392 = ORIENTED_EDGE('',*,*,#4258,.F.);
#4393 = ORIENTED_EDGE('',*,*,#4372,.F.);
#4394 = ORIENTED_EDGE('',*,*,#4344,.T.);
#4395 = ORIENTED_EDGE('',*,*,#4396,.T.);
#4396 = EDGE_CURVE('',#4337,#4251,#4397,.T.);
#4397 = LINE('',#4398,#4399);
#4398 = CARTESIAN_POINT('',(261.,16.5,90.675));
#4399 = VECTOR('',#4400,1.);
#4400 = DIRECTION('',(0.,0.,1.));
#4401 = CYLINDRICAL_SURFACE('',#4402,2.5);
#4402 = AXIS2_PLACEMENT_3D('',#4403,#4404,#4405);
#4403 = CARTESIAN_POINT('',(261.,14.,90.675));
#4404 = DIRECTION('',(0.,0.,1.));
#4405 = DIRECTION('',(1.,0.,0.));
#4406 = ADVANCED_FACE('',(#4407),#4418,.F.);
#4407 = FACE_BOUND('',#4408,.F.);
#4408 = EDGE_LOOP('',(#4409,#4410,#4416,#4417));
#4409 = ORIENTED_EDGE('',*,*,#4336,.T.);
#4410 = ORIENTED_EDGE('',*,*,#4411,.T.);
#4411 = EDGE_CURVE('',#4328,#4242,#4412,.T.);
#4412 = LINE('',#4413,#4414);
#4413 = CARTESIAN_POINT('',(257.03887360535,16.5,90.675));
#4414 = VECTOR('',#4415,1.);
#4415 = DIRECTION('',(0.,0.,1.));
#4416 = ORIENTED_EDGE('',*,*,#4250,.F.);
#4417 = ORIENTED_EDGE('',*,*,#4396,.F.);
#4418 = PLANE('',#4419);
#4419 = AXIS2_PLACEMENT_3D('',#4420,#4421,#4422);
#4420 = CARTESIAN_POINT('',(253.,16.5,90.675));
#4421 = DIRECTION('',(0.,1.,0.));
#4422 = DIRECTION('',(0.,0.,1.));
#4423 = ADVANCED_FACE('',(#4424),#4435,.F.);
#4424 = FACE_BOUND('',#4425,.F.);
#4425 = EDGE_LOOP('',(#4426,#4427,#4428,#4429));
#4426 = ORIENTED_EDGE('',*,*,#4241,.F.);
#4427 = ORIENTED_EDGE('',*,*,#4411,.F.);
#4428 = ORIENTED_EDGE('',*,*,#4327,.T.);
#4429 = ORIENTED_EDGE('',*,*,#4430,.T.);
#4430 = EDGE_CURVE('',#4320,#4234,#4431,.T.);
#4431 = LINE('',#4432,#4433);
#4432 = CARTESIAN_POINT('',(257.03887360535,11.5,90.675));
#4433 = VECTOR('',#4434,1.);
#4434 = DIRECTION('',(0.,0.,1.));
#4435 = CYLINDRICAL_SURFACE('',#4436,4.75);
#4436 = AXIS2_PLACEMENT_3D('',#4437,#4438,#4439);
#4437 = CARTESIAN_POINT('',(253.,14.,90.675));
#4438 = DIRECTION('',(0.,0.,1.));
#4439 = DIRECTION('',(1.,0.,0.));
#4440 = ADVANCED_FACE('',(#4441),#4447,.T.);
#4441 = FACE_BOUND('',#4442,.T.);
#4442 = EDGE_LOOP('',(#4443,#4444,#4445,#4446));
#4443 = ORIENTED_EDGE('',*,*,#4319,.T.);
#4444 = ORIENTED_EDGE('',*,*,#4430,.T.);
#4445 = ORIENTED_EDGE('',*,*,#4233,.F.);
#4446 = ORIENTED_EDGE('',*,*,#4379,.F.);
#4447 = PLANE('',#4448);
#4448 = AXIS2_PLACEMENT_3D('',#4449,#4450,#4451);
#4449 = CARTESIAN_POINT('',(253.,11.5,90.675));
#4450 = DIRECTION('',(0.,1.,0.));
#4451 = DIRECTION('',(0.,0.,1.));
#4452 = MANIFOLD_SOLID_BREP('',#4453);
#4453 = CLOSED_SHELL('',(#4454,#4494,#4525,#4594,#4618,#4680,#4692,#4714
    ,#4731,#4748,#4765));
#4454 = ADVANCED_FACE('',(#4455),#4489,.F.);
#4455 = FACE_BOUND('',#4456,.F.);
#4456 = EDGE_LOOP('',(#4457,#4467,#4475,#4483));
#4457 = ORIENTED_EDGE('',*,*,#4458,.F.);
#4458 = EDGE_CURVE('',#4459,#4461,#4463,.T.);
#4459 = VERTEX_POINT('',#4460);
#4460 = CARTESIAN_POINT('',(247.,5.,116.425));
#4461 = VERTEX_POINT('',#4462);
#4462 = CARTESIAN_POINT('',(247.,5.,118.425));
#4463 = LINE('',#4464,#4465);
#4464 = CARTESIAN_POINT('',(247.,5.,116.425));
#4465 = VECTOR('',#4466,1.);
#4466 = DIRECTION('',(0.,0.,1.));
#4467 = ORIENTED_EDGE('',*,*,#4468,.T.);
#4468 = EDGE_CURVE('',#4459,#4469,#4471,.T.);
#4469 = VERTEX_POINT('',#4470);
#4470 = CARTESIAN_POINT('',(247.,23.,116.425));
#4471 = LINE('',#4472,#4473);
#4472 = CARTESIAN_POINT('',(247.,5.,116.425));
#4473 = VECTOR('',#4474,1.);
#4474 = DIRECTION('',(0.,1.,0.));
#4475 = ORIENTED_EDGE('',*,*,#4476,.T.);
#4476 = EDGE_CURVE('',#4469,#4477,#4479,.T.);
#4477 = VERTEX_POINT('',#4478);
#4478 = CARTESIAN_POINT('',(247.,23.,118.425));
#4479 = LINE('',#4480,#4481);
#4480 = CARTESIAN_POINT('',(247.,23.,116.425));
#4481 = VECTOR('',#4482,1.);
#4482 = DIRECTION('',(0.,0.,1.));
#4483 = ORIENTED_EDGE('',*,*,#4484,.F.);
#4484 = EDGE_CURVE('',#4461,#4477,#4485,.T.);
#4485 = LINE('',#4486,#4487);
#4486 = CARTESIAN_POINT('',(247.,5.,118.425));
#4487 = VECTOR('',#4488,1.);
#4488 = DIRECTION('',(0.,1.,0.));
#4489 = PLANE('',#4490);
#4490 = AXIS2_PLACEMENT_3D('',#4491,#4492,#4493);
#4491 = CARTESIAN_POINT('',(247.,5.,116.425));
#4492 = DIRECTION('',(1.,0.,0.));
#4493 = DIRECTION('',(0.,0.,1.));
#4494 = ADVANCED_FACE('',(#4495),#4520,.F.);
#4495 = FACE_BOUND('',#4496,.F.);
#4496 = EDGE_LOOP('',(#4497,#4505,#4506,#4514));
#4497 = ORIENTED_EDGE('',*,*,#4498,.F.);
#4498 = EDGE_CURVE('',#4459,#4499,#4501,.T.);
#4499 = VERTEX_POINT('',#4500);
#4500 = CARTESIAN_POINT('',(267.,5.,116.425));
#4501 = LINE('',#4502,#4503);
#4502 = CARTESIAN_POINT('',(247.,5.,116.425));
#4503 = VECTOR('',#4504,1.);
#4504 = DIRECTION('',(1.,0.,0.));
#4505 = ORIENTED_EDGE('',*,*,#4458,.T.);
#4506 = ORIENTED_EDGE('',*,*,#4507,.T.);
#4507 = EDGE_CURVE('',#4461,#4508,#4510,.T.);
#4508 = VERTEX_POINT('',#4509);
#4509 = CARTESIAN_POINT('',(267.,5.,118.425));
#4510 = LINE('',#4511,#4512);
#4511 = CARTESIAN_POINT('',(247.,5.,118.425));
#4512 = VECTOR('',#4513,1.);
#4513 = DIRECTION('',(1.,0.,0.));
#4514 = ORIENTED_EDGE('',*,*,#4515,.F.);
#4515 = EDGE_CURVE('',#4499,#4508,#4516,.T.);
#4516 = LINE('',#4517,#4518);
#4517 = CARTESIAN_POINT('',(267.,5.,116.425));
#4518 = VECTOR('',#4519,1.);
#4519 = DIRECTION('',(0.,0.,1.));
#4520 = PLANE('',#4521);
#4521 = AXIS2_PLACEMENT_3D('',#4522,#4523,#4524);
#4522 = CARTESIAN_POINT('',(247.,5.,116.425));
#4523 = DIRECTION('',(0.,1.,0.));
#4524 = DIRECTION('',(0.,0.,1.));
#4525 = ADVANCED_FACE('',(#4526,#4544),#4589,.T.);
#4526 = FACE_BOUND('',#4527,.T.);
#4527 = EDGE_LOOP('',(#4528,#4529,#4530,#4538));
#4528 = ORIENTED_EDGE('',*,*,#4484,.F.);
#4529 = ORIENTED_EDGE('',*,*,#4507,.T.);
#4530 = ORIENTED_EDGE('',*,*,#4531,.T.);
#4531 = EDGE_CURVE('',#4508,#4532,#4534,.T.);
#4532 = VERTEX_POINT('',#4533);
#4533 = CARTESIAN_POINT('',(267.,23.,118.425));
#4534 = LINE('',#4535,#4536);
#4535 = CARTESIAN_POINT('',(267.,5.,118.425));
#4536 = VECTOR('',#4537,1.);
#4537 = DIRECTION('',(0.,1.,0.));
#4538 = ORIENTED_EDGE('',*,*,#4539,.F.);
#4539 = EDGE_CURVE('',#4477,#4532,#4540,.T.);
#4540 = LINE('',#4541,#4542);
#4541 = CARTESIAN_POINT('',(247.,23.,118.425));
#4542 = VECTOR('',#4543,1.);
#4543 = DIRECTION('',(1.,0.,0.));
#4544 = FACE_BOUND('',#4545,.T.);
#4545 = EDGE_LOOP('',(#4546,#4557,#4565,#4574,#4582));
#4546 = ORIENTED_EDGE('',*,*,#4547,.F.);
#4547 = EDGE_CURVE('',#4548,#4550,#4552,.T.);
#4548 = VERTEX_POINT('',#4549);
#4549 = CARTESIAN_POINT('',(261.,11.5,118.425));
#4550 = VERTEX_POINT('',#4551);
#4551 = CARTESIAN_POINT('',(263.5,14.,118.425));
#4552 = CIRCLE('',#4553,2.5);
#4553 = AXIS2_PLACEMENT_3D('',#4554,#4555,#4556);
#4554 = CARTESIAN_POINT('',(261.,14.,118.425));
#4555 = DIRECTION('',(0.,0.,1.));
#4556 = DIRECTION('',(1.,0.,0.));
#4557 = ORIENTED_EDGE('',*,*,#4558,.T.);
#4558 = EDGE_CURVE('',#4548,#4559,#4561,.T.);
#4559 = VERTEX_POINT('',#4560);
#4560 = CARTESIAN_POINT('',(257.03887360535,11.5,118.425));
#4561 = LINE('',#4562,#4563);
#4562 = CARTESIAN_POINT('',(250.,11.5,118.425));
#4563 = VECTOR('',#4564,1.);
#4564 = DIRECTION('',(-1.,0.,0.));
#4565 = ORIENTED_EDGE('',*,*,#4566,.F.);
#4566 = EDGE_CURVE('',#4567,#4559,#4569,.T.);
#4567 = VERTEX_POINT('',#4568);
#4568 = CARTESIAN_POINT('',(257.03887360535,16.5,118.425));
#4569 = CIRCLE('',#4570,4.75);
#4570 = AXIS2_PLACEMENT_3D('',#4571,#4572,#4573);
#4571 = CARTESIAN_POINT('',(253.,14.,118.425));
#4572 = DIRECTION('',(0.,0.,1.));
#4573 = DIRECTION('',(1.,0.,0.));
#4574 = ORIENTED_EDGE('',*,*,#4575,.F.);
#4575 = EDGE_CURVE('',#4576,#4567,#4578,.T.);
#4576 = VERTEX_POINT('',#4577);
#4577 = CARTESIAN_POINT('',(261.,16.5,118.425));
#4578 = LINE('',#4579,#4580);
#4579 = CARTESIAN_POINT('',(250.,16.5,118.425));
#4580 = VECTOR('',#4581,1.);
#4581 = DIRECTION('',(-1.,0.,0.));
#4582 = ORIENTED_EDGE('',*,*,#4583,.F.);
#4583 = EDGE_CURVE('',#4550,#4576,#4584,.T.);
#4584 = CIRCLE('',#4585,2.5);
#4585 = AXIS2_PLACEMENT_3D('',#4586,#4587,#4588);
#4586 = CARTESIAN_POINT('',(261.,14.,118.425));
#4587 = DIRECTION('',(0.,0.,1.));
#4588 = DIRECTION('',(1.,0.,0.));
#4589 = PLANE('',#4590);
#4590 = AXIS2_PLACEMENT_3D('',#4591,#4592,#4593);
#4591 = CARTESIAN_POINT('',(247.,5.,118.425));
#4592 = DIRECTION('',(0.,0.,1.));
#4593 = DIRECTION('',(1.,0.,0.));
#4594 = ADVANCED_FACE('',(#4595),#4613,.T.);
#4595 = FACE_BOUND('',#4596,.T.);
#4596 = EDGE_LOOP('',(#4597,#4605,#4606,#4607));
#4597 = ORIENTED_EDGE('',*,*,#4598,.F.);
#4598 = EDGE_CURVE('',#4469,#4599,#4601,.T.);
#4599 = VERTEX_POINT('',#4600);
#4600 = CARTESIAN_POINT('',(267.,23.,116.425));
#4601 = LINE('',#4602,#4603);
#4602 = CARTESIAN_POINT('',(247.,23.,116.425));
#4603 = VECTOR('',#4604,1.);
#4604 = DIRECTION('',(1.,0.,0.));
#4605 = ORIENTED_EDGE('',*,*,#4476,.T.);
#4606 = ORIENTED_EDGE('',*,*,#4539,.T.);
#4607 = ORIENTED_EDGE('',*,*,#4608,.F.);
#4608 = EDGE_CURVE('',#4599,#4532,#4609,.T.);
#4609 = LINE('',#4610,#4611);
#4610 = CARTESIAN_POINT('',(267.,23.,116.425));
#4611 = VECTOR('',#4612,1.);
#4612 = DIRECTION('',(0.,0.,1.));
#4613 = PLANE('',#4614);
#4614 = AXIS2_PLACEMENT_3D('',#4615,#4616,#4617);
#4615 = CARTESIAN_POINT('',(247.,23.,116.425));
#4616 = DIRECTION('',(0.,1.,0.));
#4617 = DIRECTION('',(0.,0.,1.));
#4618 = ADVANCED_FACE('',(#4619,#4630),#4675,.F.);
#4619 = FACE_BOUND('',#4620,.F.);
#4620 = EDGE_LOOP('',(#4621,#4622,#4623,#4629));
#4621 = ORIENTED_EDGE('',*,*,#4468,.F.);
#4622 = ORIENTED_EDGE('',*,*,#4498,.T.);
#4623 = ORIENTED_EDGE('',*,*,#4624,.T.);
#4624 = EDGE_CURVE('',#4499,#4599,#4625,.T.);
#4625 = LINE('',#4626,#4627);
#4626 = CARTESIAN_POINT('',(267.,5.,116.425));
#4627 = VECTOR('',#4628,1.);
#4628 = DIRECTION('',(0.,1.,0.));
#4629 = ORIENTED_EDGE('',*,*,#4598,.F.);
#4630 = FACE_BOUND('',#4631,.F.);
#4631 = EDGE_LOOP('',(#4632,#4643,#4651,#4660,#4668));
#4632 = ORIENTED_EDGE('',*,*,#4633,.F.);
#4633 = EDGE_CURVE('',#4634,#4636,#4638,.T.);
#4634 = VERTEX_POINT('',#4635);
#4635 = CARTESIAN_POINT('',(261.,11.5,116.425));
#4636 = VERTEX_POINT('',#4637);
#4637 = CARTESIAN_POINT('',(263.5,14.,116.425));
#4638 = CIRCLE('',#4639,2.5);
#4639 = AXIS2_PLACEMENT_3D('',#4640,#4641,#4642);
#4640 = CARTESIAN_POINT('',(261.,14.,116.425));
#4641 = DIRECTION('',(0.,0.,1.));
#4642 = DIRECTION('',(1.,0.,0.));
#4643 = ORIENTED_EDGE('',*,*,#4644,.T.);
#4644 = EDGE_CURVE('',#4634,#4645,#4647,.T.);
#4645 = VERTEX_POINT('',#4646);
#4646 = CARTESIAN_POINT('',(257.03887360535,11.5,116.425));
#4647 = LINE('',#4648,#4649);
#4648 = CARTESIAN_POINT('',(250.,11.5,116.425));
#4649 = VECTOR('',#4650,1.);
#4650 = DIRECTION('',(-1.,0.,0.));
#4651 = ORIENTED_EDGE('',*,*,#4652,.F.);
#4652 = EDGE_CURVE('',#4653,#4645,#4655,.T.);
#4653 = VERTEX_POINT('',#4654);
#4654 = CARTESIAN_POINT('',(257.03887360535,16.5,116.425));
#4655 = CIRCLE('',#4656,4.75);
#4656 = AXIS2_PLACEMENT_3D('',#4657,#4658,#4659);
#4657 = CARTESIAN_POINT('',(253.,14.,116.425));
#4658 = DIRECTION('',(0.,0.,1.));
#4659 = DIRECTION('',(1.,0.,0.));
#4660 = ORIENTED_EDGE('',*,*,#4661,.F.);
#4661 = EDGE_CURVE('',#4662,#4653,#4664,.T.);
#4662 = VERTEX_POINT('',#4663);
#4663 = CARTESIAN_POINT('',(261.,16.5,116.425));
#4664 = LINE('',#4665,#4666);
#4665 = CARTESIAN_POINT('',(250.,16.5,116.425));
#4666 = VECTOR('',#4667,1.);
#4667 = DIRECTION('',(-1.,0.,0.));
#4668 = ORIENTED_EDGE('',*,*,#4669,.F.);
#4669 = EDGE_CURVE('',#4636,#4662,#4670,.T.);
#4670 = CIRCLE('',#4671,2.5);
#4671 = AXIS2_PLACEMENT_3D('',#4672,#4673,#4674);
#4672 = CARTESIAN_POINT('',(261.,14.,116.425));
#4673 = DIRECTION('',(0.,0.,1.));
#4674 = DIRECTION('',(1.,0.,0.));
#4675 = PLANE('',#4676);
#4676 = AXIS2_PLACEMENT_3D('',#4677,#4678,#4679);
#4677 = CARTESIAN_POINT('',(247.,5.,116.425));
#4678 = DIRECTION('',(0.,0.,1.));
#4679 = DIRECTION('',(1.,0.,0.));
#4680 = ADVANCED_FACE('',(#4681),#4687,.T.);
#4681 = FACE_BOUND('',#4682,.T.);
#4682 = EDGE_LOOP('',(#4683,#4684,#4685,#4686));
#4683 = ORIENTED_EDGE('',*,*,#4515,.F.);
#4684 = ORIENTED_EDGE('',*,*,#4624,.T.);
#4685 = ORIENTED_EDGE('',*,*,#4608,.T.);
#4686 = ORIENTED_EDGE('',*,*,#4531,.F.);
#4687 = PLANE('',#4688);
#4688 = AXIS2_PLACEMENT_3D('',#4689,#4690,#4691);
#4689 = CARTESIAN_POINT('',(267.,5.,116.425));
#4690 = DIRECTION('',(1.,0.,0.));
#4691 = DIRECTION('',(0.,0.,1.));
#4692 = ADVANCED_FACE('',(#4693),#4709,.F.);
#4693 = FACE_BOUND('',#4694,.F.);
#4694 = EDGE_LOOP('',(#4695,#4696,#4702,#4703));
#4695 = ORIENTED_EDGE('',*,*,#4633,.T.);
#4696 = ORIENTED_EDGE('',*,*,#4697,.T.);
#4697 = EDGE_CURVE('',#4636,#4550,#4698,.T.);
#4698 = LINE('',#4699,#4700);
#4699 = CARTESIAN_POINT('',(263.5,14.,115.425));
#4700 = VECTOR('',#4701,1.);
#4701 = DIRECTION('',(0.,0.,1.));
#4702 = ORIENTED_EDGE('',*,*,#4547,.F.);
#4703 = ORIENTED_EDGE('',*,*,#4704,.F.);
#4704 = EDGE_CURVE('',#4634,#4548,#4705,.T.);
#4705 = LINE('',#4706,#4707);
#4706 = CARTESIAN_POINT('',(261.,11.5,115.425));
#4707 = VECTOR('',#4708,1.);
#4708 = DIRECTION('',(0.,0.,1.));
#4709 = CYLINDRICAL_SURFACE('',#4710,2.5);
#4710 = AXIS2_PLACEMENT_3D('',#4711,#4712,#4713);
#4711 = CARTESIAN_POINT('',(261.,14.,115.425));
#4712 = DIRECTION('',(0.,0.,1.));
#4713 = DIRECTION('',(1.,0.,0.));
#4714 = ADVANCED_FACE('',(#4715),#4726,.F.);
#4715 = FACE_BOUND('',#4716,.F.);
#4716 = EDGE_LOOP('',(#4717,#4718,#4719,#4720));
#4717 = ORIENTED_EDGE('',*,*,#4583,.F.);
#4718 = ORIENTED_EDGE('',*,*,#4697,.F.);
#4719 = ORIENTED_EDGE('',*,*,#4669,.T.);
#4720 = ORIENTED_EDGE('',*,*,#4721,.T.);
#4721 = EDGE_CURVE('',#4662,#4576,#4722,.T.);
#4722 = LINE('',#4723,#4724);
#4723 = CARTESIAN_POINT('',(261.,16.5,115.425));
#4724 = VECTOR('',#4725,1.);
#4725 = DIRECTION('',(0.,0.,1.));
#4726 = CYLINDRICAL_SURFACE('',#4727,2.5);
#4727 = AXIS2_PLACEMENT_3D('',#4728,#4729,#4730);
#4728 = CARTESIAN_POINT('',(261.,14.,115.425));
#4729 = DIRECTION('',(0.,0.,1.));
#4730 = DIRECTION('',(1.,0.,0.));
#4731 = ADVANCED_FACE('',(#4732),#4743,.F.);
#4732 = FACE_BOUND('',#4733,.F.);
#4733 = EDGE_LOOP('',(#4734,#4735,#4741,#4742));
#4734 = ORIENTED_EDGE('',*,*,#4661,.T.);
#4735 = ORIENTED_EDGE('',*,*,#4736,.T.);
#4736 = EDGE_CURVE('',#4653,#4567,#4737,.T.);
#4737 = LINE('',#4738,#4739);
#4738 = CARTESIAN_POINT('',(257.03887360535,16.5,115.425));
#4739 = VECTOR('',#4740,1.);
#4740 = DIRECTION('',(0.,0.,1.));
#4741 = ORIENTED_EDGE('',*,*,#4575,.F.);
#4742 = ORIENTED_EDGE('',*,*,#4721,.F.);
#4743 = PLANE('',#4744);
#4744 = AXIS2_PLACEMENT_3D('',#4745,#4746,#4747);
#4745 = CARTESIAN_POINT('',(253.,16.5,115.425));
#4746 = DIRECTION('',(0.,1.,0.));
#4747 = DIRECTION('',(0.,0.,1.));
#4748 = ADVANCED_FACE('',(#4749),#4760,.F.);
#4749 = FACE_BOUND('',#4750,.F.);
#4750 = EDGE_LOOP('',(#4751,#4752,#4753,#4754));
#4751 = ORIENTED_EDGE('',*,*,#4566,.F.);
#4752 = ORIENTED_EDGE('',*,*,#4736,.F.);
#4753 = ORIENTED_EDGE('',*,*,#4652,.T.);
#4754 = ORIENTED_EDGE('',*,*,#4755,.T.);
#4755 = EDGE_CURVE('',#4645,#4559,#4756,.T.);
#4756 = LINE('',#4757,#4758);
#4757 = CARTESIAN_POINT('',(257.03887360535,11.5,115.425));
#4758 = VECTOR('',#4759,1.);
#4759 = DIRECTION('',(0.,0.,1.));
#4760 = CYLINDRICAL_SURFACE('',#4761,4.75);
#4761 = AXIS2_PLACEMENT_3D('',#4762,#4763,#4764);
#4762 = CARTESIAN_POINT('',(253.,14.,115.425));
#4763 = DIRECTION('',(0.,0.,1.));
#4764 = DIRECTION('',(1.,0.,0.));
#4765 = ADVANCED_FACE('',(#4766),#4772,.T.);
#4766 = FACE_BOUND('',#4767,.T.);
#4767 = EDGE_LOOP('',(#4768,#4769,#4770,#4771));
#4768 = ORIENTED_EDGE('',*,*,#4644,.T.);
#4769 = ORIENTED_EDGE('',*,*,#4755,.T.);
#4770 = ORIENTED_EDGE('',*,*,#4558,.F.);
#4771 = ORIENTED_EDGE('',*,*,#4704,.F.);
#4772 = PLANE('',#4773);
#4773 = AXIS2_PLACEMENT_3D('',#4774,#4775,#4776);
#4774 = CARTESIAN_POINT('',(253.,11.5,115.425));
#4775 = DIRECTION('',(0.,1.,0.));
#4776 = DIRECTION('',(0.,0.,1.));
#4777 = MANIFOLD_SOLID_BREP('',#4778);
#4778 = CLOSED_SHELL('',(#4779,#4819,#4850,#4885,#4909,#4937,#4949));
#4779 = ADVANCED_FACE('',(#4780),#4814,.F.);
#4780 = FACE_BOUND('',#4781,.F.);
#4781 = EDGE_LOOP('',(#4782,#4792,#4800,#4808));
#4782 = ORIENTED_EDGE('',*,*,#4783,.F.);
#4783 = EDGE_CURVE('',#4784,#4786,#4788,.T.);
#4784 = VERTEX_POINT('',#4785);
#4785 = CARTESIAN_POINT('',(5.,248.3,86.));
#4786 = VERTEX_POINT('',#4787);
#4787 = CARTESIAN_POINT('',(5.,248.3,89.175));
#4788 = LINE('',#4789,#4790);
#4789 = CARTESIAN_POINT('',(5.,248.3,86.));
#4790 = VECTOR('',#4791,1.);
#4791 = DIRECTION('',(0.,0.,1.));
#4792 = ORIENTED_EDGE('',*,*,#4793,.T.);
#4793 = EDGE_CURVE('',#4784,#4794,#4796,.T.);
#4794 = VERTEX_POINT('',#4795);
#4795 = CARTESIAN_POINT('',(5.,273.7,86.));
#4796 = LINE('',#4797,#4798);
#4797 = CARTESIAN_POINT('',(5.,248.3,86.));
#4798 = VECTOR('',#4799,1.);
#4799 = DIRECTION('',(0.,1.,0.));
#4800 = ORIENTED_EDGE('',*,*,#4801,.T.);
#4801 = EDGE_CURVE('',#4794,#4802,#4804,.T.);
#4802 = VERTEX_POINT('',#4803);
#4803 = CARTESIAN_POINT('',(5.,273.7,89.175));
#4804 = LINE('',#4805,#4806);
#4805 = CARTESIAN_POINT('',(5.,273.7,86.));
#4806 = VECTOR('',#4807,1.);
#4807 = DIRECTION('',(0.,0.,1.));
#4808 = ORIENTED_EDGE('',*,*,#4809,.F.);
#4809 = EDGE_CURVE('',#4786,#4802,#4810,.T.);
#4810 = LINE('',#4811,#4812);
#4811 = CARTESIAN_POINT('',(5.,248.3,89.175));
#4812 = VECTOR('',#4813,1.);
#4813 = DIRECTION('',(0.,1.,0.));
#4814 = PLANE('',#4815);
#4815 = AXIS2_PLACEMENT_3D('',#4816,#4817,#4818);
#4816 = CARTESIAN_POINT('',(5.,248.3,86.));
#4817 = DIRECTION('',(1.,0.,0.));
#4818 = DIRECTION('',(0.,0.,1.));
#4819 = ADVANCED_FACE('',(#4820),#4845,.F.);
#4820 = FACE_BOUND('',#4821,.F.);
#4821 = EDGE_LOOP('',(#4822,#4830,#4831,#4839));
#4822 = ORIENTED_EDGE('',*,*,#4823,.F.);
#4823 = EDGE_CURVE('',#4784,#4824,#4826,.T.);
#4824 = VERTEX_POINT('',#4825);
#4825 = CARTESIAN_POINT('',(23.,248.3,86.));
#4826 = LINE('',#4827,#4828);
#4827 = CARTESIAN_POINT('',(5.,248.3,86.));
#4828 = VECTOR('',#4829,1.);
#4829 = DIRECTION('',(1.,0.,0.));
#4830 = ORIENTED_EDGE('',*,*,#4783,.T.);
#4831 = ORIENTED_EDGE('',*,*,#4832,.T.);
#4832 = EDGE_CURVE('',#4786,#4833,#4835,.T.);
#4833 = VERTEX_POINT('',#4834);
#4834 = CARTESIAN_POINT('',(23.,248.3,89.175));
#4835 = LINE('',#4836,#4837);
#4836 = CARTESIAN_POINT('',(5.,248.3,89.175));
#4837 = VECTOR('',#4838,1.);
#4838 = DIRECTION('',(1.,0.,0.));
#4839 = ORIENTED_EDGE('',*,*,#4840,.F.);
#4840 = EDGE_CURVE('',#4824,#4833,#4841,.T.);
#4841 = LINE('',#4842,#4843);
#4842 = CARTESIAN_POINT('',(23.,248.3,86.));
#4843 = VECTOR('',#4844,1.);
#4844 = DIRECTION('',(0.,0.,1.));
#4845 = PLANE('',#4846);
#4846 = AXIS2_PLACEMENT_3D('',#4847,#4848,#4849);
#4847 = CARTESIAN_POINT('',(5.,248.3,86.));
#4848 = DIRECTION('',(0.,1.,0.));
#4849 = DIRECTION('',(0.,0.,1.));
#4850 = ADVANCED_FACE('',(#4851,#4869),#4880,.T.);
#4851 = FACE_BOUND('',#4852,.T.);
#4852 = EDGE_LOOP('',(#4853,#4854,#4855,#4863));
#4853 = ORIENTED_EDGE('',*,*,#4809,.F.);
#4854 = ORIENTED_EDGE('',*,*,#4832,.T.);
#4855 = ORIENTED_EDGE('',*,*,#4856,.T.);
#4856 = EDGE_CURVE('',#4833,#4857,#4859,.T.);
#4857 = VERTEX_POINT('',#4858);
#4858 = CARTESIAN_POINT('',(23.,273.7,89.175));
#4859 = LINE('',#4860,#4861);
#4860 = CARTESIAN_POINT('',(23.,248.3,89.175));
#4861 = VECTOR('',#4862,1.);
#4862 = DIRECTION('',(0.,1.,0.));
#4863 = ORIENTED_EDGE('',*,*,#4864,.F.);
#4864 = EDGE_CURVE('',#4802,#4857,#4865,.T.);
#4865 = LINE('',#4866,#4867);
#4866 = CARTESIAN_POINT('',(5.,273.7,89.175));
#4867 = VECTOR('',#4868,1.);
#4868 = DIRECTION('',(1.,0.,0.));
#4869 = FACE_BOUND('',#4870,.T.);
#4870 = EDGE_LOOP('',(#4871));
#4871 = ORIENTED_EDGE('',*,*,#4872,.F.);
#4872 = EDGE_CURVE('',#4873,#4873,#4875,.T.);
#4873 = VERTEX_POINT('',#4874);
#4874 = CARTESIAN_POINT('',(18.75,261.,89.175));
#4875 = CIRCLE('',#4876,4.75);
#4876 = AXIS2_PLACEMENT_3D('',#4877,#4878,#4879);
#4877 = CARTESIAN_POINT('',(14.,261.,89.175));
#4878 = DIRECTION('',(0.,0.,1.));
#4879 = DIRECTION('',(1.,0.,0.));
#4880 = PLANE('',#4881);
#4881 = AXIS2_PLACEMENT_3D('',#4882,#4883,#4884);
#4882 = CARTESIAN_POINT('',(5.,248.3,89.175));
#4883 = DIRECTION('',(0.,0.,1.));
#4884 = DIRECTION('',(1.,0.,0.));
#4885 = ADVANCED_FACE('',(#4886),#4904,.T.);
#4886 = FACE_BOUND('',#4887,.T.);
#4887 = EDGE_LOOP('',(#4888,#4896,#4897,#4898));
#4888 = ORIENTED_EDGE('',*,*,#4889,.F.);
#4889 = EDGE_CURVE('',#4794,#4890,#4892,.T.);
#4890 = VERTEX_POINT('',#4891);
#4891 = CARTESIAN_POINT('',(23.,273.7,86.));
#4892 = LINE('',#4893,#4894);
#4893 = CARTESIAN_POINT('',(5.,273.7,86.));
#4894 = VECTOR('',#4895,1.);
#4895 = DIRECTION('',(1.,0.,0.));
#4896 = ORIENTED_EDGE('',*,*,#4801,.T.);
#4897 = ORIENTED_EDGE('',*,*,#4864,.T.);
#4898 = ORIENTED_EDGE('',*,*,#4899,.F.);
#4899 = EDGE_CURVE('',#4890,#4857,#4900,.T.);
#4900 = LINE('',#4901,#4902);
#4901 = CARTESIAN_POINT('',(23.,273.7,86.));
#4902 = VECTOR('',#4903,1.);
#4903 = DIRECTION('',(0.,0.,1.));
#4904 = PLANE('',#4905);
#4905 = AXIS2_PLACEMENT_3D('',#4906,#4907,#4908);
#4906 = CARTESIAN_POINT('',(5.,273.7,86.));
#4907 = DIRECTION('',(0.,1.,0.));
#4908 = DIRECTION('',(0.,0.,1.));
#4909 = ADVANCED_FACE('',(#4910,#4921),#4932,.F.);
#4910 = FACE_BOUND('',#4911,.F.);
#4911 = EDGE_LOOP('',(#4912,#4913,#4914,#4920));
#4912 = ORIENTED_EDGE('',*,*,#4793,.F.);
#4913 = ORIENTED_EDGE('',*,*,#4823,.T.);
#4914 = ORIENTED_EDGE('',*,*,#4915,.T.);
#4915 = EDGE_CURVE('',#4824,#4890,#4916,.T.);
#4916 = LINE('',#4917,#4918);
#4917 = CARTESIAN_POINT('',(23.,248.3,86.));
#4918 = VECTOR('',#4919,1.);
#4919 = DIRECTION('',(0.,1.,0.));
#4920 = ORIENTED_EDGE('',*,*,#4889,.F.);
#4921 = FACE_BOUND('',#4922,.F.);
#4922 = EDGE_LOOP('',(#4923));
#4923 = ORIENTED_EDGE('',*,*,#4924,.F.);
#4924 = EDGE_CURVE('',#4925,#4925,#4927,.T.);
#4925 = VERTEX_POINT('',#4926);
#4926 = CARTESIAN_POINT('',(18.75,261.,86.));
#4927 = CIRCLE('',#4928,4.75);
#4928 = AXIS2_PLACEMENT_3D('',#4929,#4930,#4931);
#4929 = CARTESIAN_POINT('',(14.,261.,86.));
#4930 = DIRECTION('',(0.,0.,1.));
#4931 = DIRECTION('',(1.,0.,0.));
#4932 = PLANE('',#4933);
#4933 = AXIS2_PLACEMENT_3D('',#4934,#4935,#4936);
#4934 = CARTESIAN_POINT('',(5.,248.3,86.));
#4935 = DIRECTION('',(0.,0.,1.));
#4936 = DIRECTION('',(1.,0.,0.));
#4937 = ADVANCED_FACE('',(#4938),#4944,.T.);
#4938 = FACE_BOUND('',#4939,.T.);
#4939 = EDGE_LOOP('',(#4940,#4941,#4942,#4943));
#4940 = ORIENTED_EDGE('',*,*,#4840,.F.);
#4941 = ORIENTED_EDGE('',*,*,#4915,.T.);
#4942 = ORIENTED_EDGE('',*,*,#4899,.T.);
#4943 = ORIENTED_EDGE('',*,*,#4856,.F.);
#4944 = PLANE('',#4945);
#4945 = AXIS2_PLACEMENT_3D('',#4946,#4947,#4948);
#4946 = CARTESIAN_POINT('',(23.,248.3,86.));
#4947 = DIRECTION('',(1.,0.,0.));
#4948 = DIRECTION('',(0.,0.,1.));
#4949 = ADVANCED_FACE('',(#4950),#4961,.F.);
#4950 = FACE_BOUND('',#4951,.F.);
#4951 = EDGE_LOOP('',(#4952,#4953,#4959,#4960));
#4952 = ORIENTED_EDGE('',*,*,#4872,.F.);
#4953 = ORIENTED_EDGE('',*,*,#4954,.F.);
#4954 = EDGE_CURVE('',#4925,#4873,#4955,.T.);
#4955 = LINE('',#4956,#4957);
#4956 = CARTESIAN_POINT('',(18.75,261.,85.));
#4957 = VECTOR('',#4958,1.);
#4958 = DIRECTION('',(0.,0.,1.));
#4959 = ORIENTED_EDGE('',*,*,#4924,.T.);
#4960 = ORIENTED_EDGE('',*,*,#4954,.T.);
#4961 = CYLINDRICAL_SURFACE('',#4962,4.75);
#4962 = AXIS2_PLACEMENT_3D('',#4963,#4964,#4965);
#4963 = CARTESIAN_POINT('',(14.,261.,85.));
#4964 = DIRECTION('',(0.,0.,1.));
#4965 = DIRECTION('',(1.,0.,0.));
#4966 = MANIFOLD_SOLID_BREP('',#4967);
#4967 = CLOSED_SHELL('',(#4968,#5008,#5039,#5074,#5098,#5126,#5138));
#4968 = ADVANCED_FACE('',(#4969),#5003,.F.);
#4969 = FACE_BOUND('',#4970,.F.);
#4970 = EDGE_LOOP('',(#4971,#4981,#4989,#4997));
#4971 = ORIENTED_EDGE('',*,*,#4972,.F.);
#4972 = EDGE_CURVE('',#4973,#4975,#4977,.T.);
#4973 = VERTEX_POINT('',#4974);
#4974 = CARTESIAN_POINT('',(5.,248.3,120.925));
#4975 = VERTEX_POINT('',#4976);
#4976 = CARTESIAN_POINT('',(5.,248.3,124.1));
#4977 = LINE('',#4978,#4979);
#4978 = CARTESIAN_POINT('',(5.,248.3,120.925));
#4979 = VECTOR('',#4980,1.);
#4980 = DIRECTION('',(0.,0.,1.));
#4981 = ORIENTED_EDGE('',*,*,#4982,.T.);
#4982 = EDGE_CURVE('',#4973,#4983,#4985,.T.);
#4983 = VERTEX_POINT('',#4984);
#4984 = CARTESIAN_POINT('',(5.,273.7,120.925));
#4985 = LINE('',#4986,#4987);
#4986 = CARTESIAN_POINT('',(5.,248.3,120.925));
#4987 = VECTOR('',#4988,1.);
#4988 = DIRECTION('',(0.,1.,0.));
#4989 = ORIENTED_EDGE('',*,*,#4990,.T.);
#4990 = EDGE_CURVE('',#4983,#4991,#4993,.T.);
#4991 = VERTEX_POINT('',#4992);
#4992 = CARTESIAN_POINT('',(5.,273.7,124.1));
#4993 = LINE('',#4994,#4995);
#4994 = CARTESIAN_POINT('',(5.,273.7,120.925));
#4995 = VECTOR('',#4996,1.);
#4996 = DIRECTION('',(0.,0.,1.));
#4997 = ORIENTED_EDGE('',*,*,#4998,.F.);
#4998 = EDGE_CURVE('',#4975,#4991,#4999,.T.);
#4999 = LINE('',#5000,#5001);
#5000 = CARTESIAN_POINT('',(5.,248.3,124.1));
#5001 = VECTOR('',#5002,1.);
#5002 = DIRECTION('',(0.,1.,0.));
#5003 = PLANE('',#5004);
#5004 = AXIS2_PLACEMENT_3D('',#5005,#5006,#5007);
#5005 = CARTESIAN_POINT('',(5.,248.3,120.925));
#5006 = DIRECTION('',(1.,0.,0.));
#5007 = DIRECTION('',(0.,0.,1.));
#5008 = ADVANCED_FACE('',(#5009),#5034,.F.);
#5009 = FACE_BOUND('',#5010,.F.);
#5010 = EDGE_LOOP('',(#5011,#5019,#5020,#5028));
#5011 = ORIENTED_EDGE('',*,*,#5012,.F.);
#5012 = EDGE_CURVE('',#4973,#5013,#5015,.T.);
#5013 = VERTEX_POINT('',#5014);
#5014 = CARTESIAN_POINT('',(23.,248.3,120.925));
#5015 = LINE('',#5016,#5017);
#5016 = CARTESIAN_POINT('',(5.,248.3,120.925));
#5017 = VECTOR('',#5018,1.);
#5018 = DIRECTION('',(1.,0.,0.));
#5019 = ORIENTED_EDGE('',*,*,#4972,.T.);
#5020 = ORIENTED_EDGE('',*,*,#5021,.T.);
#5021 = EDGE_CURVE('',#4975,#5022,#5024,.T.);
#5022 = VERTEX_POINT('',#5023);
#5023 = CARTESIAN_POINT('',(23.,248.3,124.1));
#5024 = LINE('',#5025,#5026);
#5025 = CARTESIAN_POINT('',(5.,248.3,124.1));
#5026 = VECTOR('',#5027,1.);
#5027 = DIRECTION('',(1.,0.,0.));
#5028 = ORIENTED_EDGE('',*,*,#5029,.F.);
#5029 = EDGE_CURVE('',#5013,#5022,#5030,.T.);
#5030 = LINE('',#5031,#5032);
#5031 = CARTESIAN_POINT('',(23.,248.3,120.925));
#5032 = VECTOR('',#5033,1.);
#5033 = DIRECTION('',(0.,0.,1.));
#5034 = PLANE('',#5035);
#5035 = AXIS2_PLACEMENT_3D('',#5036,#5037,#5038);
#5036 = CARTESIAN_POINT('',(5.,248.3,120.925));
#5037 = DIRECTION('',(0.,1.,0.));
#5038 = DIRECTION('',(0.,0.,1.));
#5039 = ADVANCED_FACE('',(#5040,#5058),#5069,.T.);
#5040 = FACE_BOUND('',#5041,.T.);
#5041 = EDGE_LOOP('',(#5042,#5043,#5044,#5052));
#5042 = ORIENTED_EDGE('',*,*,#4998,.F.);
#5043 = ORIENTED_EDGE('',*,*,#5021,.T.);
#5044 = ORIENTED_EDGE('',*,*,#5045,.T.);
#5045 = EDGE_CURVE('',#5022,#5046,#5048,.T.);
#5046 = VERTEX_POINT('',#5047);
#5047 = CARTESIAN_POINT('',(23.,273.7,124.1));
#5048 = LINE('',#5049,#5050);
#5049 = CARTESIAN_POINT('',(23.,248.3,124.1));
#5050 = VECTOR('',#5051,1.);
#5051 = DIRECTION('',(0.,1.,0.));
#5052 = ORIENTED_EDGE('',*,*,#5053,.F.);
#5053 = EDGE_CURVE('',#4991,#5046,#5054,.T.);
#5054 = LINE('',#5055,#5056);
#5055 = CARTESIAN_POINT('',(5.,273.7,124.1));
#5056 = VECTOR('',#5057,1.);
#5057 = DIRECTION('',(1.,0.,0.));
#5058 = FACE_BOUND('',#5059,.T.);
#5059 = EDGE_LOOP('',(#5060));
#5060 = ORIENTED_EDGE('',*,*,#5061,.F.);
#5061 = EDGE_CURVE('',#5062,#5062,#5064,.T.);
#5062 = VERTEX_POINT('',#5063);
#5063 = CARTESIAN_POINT('',(18.75,261.,124.1));
#5064 = CIRCLE('',#5065,4.75);
#5065 = AXIS2_PLACEMENT_3D('',#5066,#5067,#5068);
#5066 = CARTESIAN_POINT('',(14.,261.,124.1));
#5067 = DIRECTION('',(0.,0.,1.));
#5068 = DIRECTION('',(1.,0.,0.));
#5069 = PLANE('',#5070);
#5070 = AXIS2_PLACEMENT_3D('',#5071,#5072,#5073);
#5071 = CARTESIAN_POINT('',(5.,248.3,124.1));
#5072 = DIRECTION('',(0.,0.,1.));
#5073 = DIRECTION('',(1.,0.,0.));
#5074 = ADVANCED_FACE('',(#5075),#5093,.T.);
#5075 = FACE_BOUND('',#5076,.T.);
#5076 = EDGE_LOOP('',(#5077,#5085,#5086,#5087));
#5077 = ORIENTED_EDGE('',*,*,#5078,.F.);
#5078 = EDGE_CURVE('',#4983,#5079,#5081,.T.);
#5079 = VERTEX_POINT('',#5080);
#5080 = CARTESIAN_POINT('',(23.,273.7,120.925));
#5081 = LINE('',#5082,#5083);
#5082 = CARTESIAN_POINT('',(5.,273.7,120.925));
#5083 = VECTOR('',#5084,1.);
#5084 = DIRECTION('',(1.,0.,0.));
#5085 = ORIENTED_EDGE('',*,*,#4990,.T.);
#5086 = ORIENTED_EDGE('',*,*,#5053,.T.);
#5087 = ORIENTED_EDGE('',*,*,#5088,.F.);
#5088 = EDGE_CURVE('',#5079,#5046,#5089,.T.);
#5089 = LINE('',#5090,#5091);
#5090 = CARTESIAN_POINT('',(23.,273.7,120.925));
#5091 = VECTOR('',#5092,1.);
#5092 = DIRECTION('',(0.,0.,1.));
#5093 = PLANE('',#5094);
#5094 = AXIS2_PLACEMENT_3D('',#5095,#5096,#5097);
#5095 = CARTESIAN_POINT('',(5.,273.7,120.925));
#5096 = DIRECTION('',(0.,1.,0.));
#5097 = DIRECTION('',(0.,0.,1.));
#5098 = ADVANCED_FACE('',(#5099,#5110),#5121,.F.);
#5099 = FACE_BOUND('',#5100,.F.);
#5100 = EDGE_LOOP('',(#5101,#5102,#5103,#5109));
#5101 = ORIENTED_EDGE('',*,*,#4982,.F.);
#5102 = ORIENTED_EDGE('',*,*,#5012,.T.);
#5103 = ORIENTED_EDGE('',*,*,#5104,.T.);
#5104 = EDGE_CURVE('',#5013,#5079,#5105,.T.);
#5105 = LINE('',#5106,#5107);
#5106 = CARTESIAN_POINT('',(23.,248.3,120.925));
#5107 = VECTOR('',#5108,1.);
#5108 = DIRECTION('',(0.,1.,0.));
#5109 = ORIENTED_EDGE('',*,*,#5078,.F.);
#5110 = FACE_BOUND('',#5111,.F.);
#5111 = EDGE_LOOP('',(#5112));
#5112 = ORIENTED_EDGE('',*,*,#5113,.F.);
#5113 = EDGE_CURVE('',#5114,#5114,#5116,.T.);
#5114 = VERTEX_POINT('',#5115);
#5115 = CARTESIAN_POINT('',(18.75,261.,120.925));
#5116 = CIRCLE('',#5117,4.75);
#5117 = AXIS2_PLACEMENT_3D('',#5118,#5119,#5120);
#5118 = CARTESIAN_POINT('',(14.,261.,120.925));
#5119 = DIRECTION('',(0.,0.,1.));
#5120 = DIRECTION('',(1.,0.,0.));
#5121 = PLANE('',#5122);
#5122 = AXIS2_PLACEMENT_3D('',#5123,#5124,#5125);
#5123 = CARTESIAN_POINT('',(5.,248.3,120.925));
#5124 = DIRECTION('',(0.,0.,1.));
#5125 = DIRECTION('',(1.,0.,0.));
#5126 = ADVANCED_FACE('',(#5127),#5133,.T.);
#5127 = FACE_BOUND('',#5128,.T.);
#5128 = EDGE_LOOP('',(#5129,#5130,#5131,#5132));
#5129 = ORIENTED_EDGE('',*,*,#5029,.F.);
#5130 = ORIENTED_EDGE('',*,*,#5104,.T.);
#5131 = ORIENTED_EDGE('',*,*,#5088,.T.);
#5132 = ORIENTED_EDGE('',*,*,#5045,.F.);
#5133 = PLANE('',#5134);
#5134 = AXIS2_PLACEMENT_3D('',#5135,#5136,#5137);
#5135 = CARTESIAN_POINT('',(23.,248.3,120.925));
#5136 = DIRECTION('',(1.,0.,0.));
#5137 = DIRECTION('',(0.,0.,1.));
#5138 = ADVANCED_FACE('',(#5139),#5150,.F.);
#5139 = FACE_BOUND('',#5140,.F.);
#5140 = EDGE_LOOP('',(#5141,#5142,#5148,#5149));
#5141 = ORIENTED_EDGE('',*,*,#5061,.F.);
#5142 = ORIENTED_EDGE('',*,*,#5143,.F.);
#5143 = EDGE_CURVE('',#5114,#5062,#5144,.T.);
#5144 = LINE('',#5145,#5146);
#5145 = CARTESIAN_POINT('',(18.75,261.,119.925));
#5146 = VECTOR('',#5147,1.);
#5147 = DIRECTION('',(0.,0.,1.));
#5148 = ORIENTED_EDGE('',*,*,#5113,.T.);
#5149 = ORIENTED_EDGE('',*,*,#5143,.T.);
#5150 = CYLINDRICAL_SURFACE('',#5151,4.75);
#5151 = AXIS2_PLACEMENT_3D('',#5152,#5153,#5154);
#5152 = CARTESIAN_POINT('',(14.,261.,119.925));
#5153 = DIRECTION('',(0.,0.,1.));
#5154 = DIRECTION('',(1.,0.,0.));
#5155 = MANIFOLD_SOLID_BREP('',#5156);
#5156 = CLOSED_SHELL('',(#5157,#5197,#5237,#5259,#5281,#5293));
#5157 = ADVANCED_FACE('',(#5158),#5192,.F.);
#5158 = FACE_BOUND('',#5159,.F.);
#5159 = EDGE_LOOP('',(#5160,#5170,#5178,#5186));
#5160 = ORIENTED_EDGE('',*,*,#5161,.F.);
#5161 = EDGE_CURVE('',#5162,#5164,#5166,.T.);
#5162 = VERTEX_POINT('',#5163);
#5163 = CARTESIAN_POINT('',(5.,248.3,89.175));
#5164 = VERTEX_POINT('',#5165);
#5165 = CARTESIAN_POINT('',(5.,248.3,120.925));
#5166 = LINE('',#5167,#5168);
#5167 = CARTESIAN_POINT('',(5.,248.3,89.175));
#5168 = VECTOR('',#5169,1.);
#5169 = DIRECTION('',(0.,0.,1.));
#5170 = ORIENTED_EDGE('',*,*,#5171,.T.);
#5171 = EDGE_CURVE('',#5162,#5172,#5174,.T.);
#5172 = VERTEX_POINT('',#5173);
#5173 = CARTESIAN_POINT('',(5.,251.475,89.175));
#5174 = LINE('',#5175,#5176);
#5175 = CARTESIAN_POINT('',(5.,248.3,89.175));
#5176 = VECTOR('',#5177,1.);
#5177 = DIRECTION('',(0.,1.,0.));
#5178 = ORIENTED_EDGE('',*,*,#5179,.T.);
#5179 = EDGE_CURVE('',#5172,#5180,#5182,.T.);
#5180 = VERTEX_POINT('',#5181);
#5181 = CARTESIAN_POINT('',(5.,251.475,120.925));
#5182 = LINE('',#5183,#5184);
#5183 = CARTESIAN_POINT('',(5.,251.475,89.175));
#5184 = VECTOR('',#5185,1.);
#5185 = DIRECTION('',(0.,0.,1.));
#5186 = ORIENTED_EDGE('',*,*,#5187,.F.);
#5187 = EDGE_CURVE('',#5164,#5180,#5188,.T.);
#5188 = LINE('',#5189,#5190);
#5189 = CARTESIAN_POINT('',(5.,248.3,120.925));
#5190 = VECTOR('',#5191,1.);
#5191 = DIRECTION('',(0.,1.,0.));
#5192 = PLANE('',#5193);
#5193 = AXIS2_PLACEMENT_3D('',#5194,#5195,#5196);
#5194 = CARTESIAN_POINT('',(5.,248.3,89.175));
#5195 = DIRECTION('',(1.,0.,0.));
#5196 = DIRECTION('',(0.,0.,1.));
#5197 = ADVANCED_FACE('',(#5198),#5232,.T.);
#5198 = FACE_BOUND('',#5199,.T.);
#5199 = EDGE_LOOP('',(#5200,#5210,#5218,#5226));
#5200 = ORIENTED_EDGE('',*,*,#5201,.F.);
#5201 = EDGE_CURVE('',#5202,#5204,#5206,.T.);
#5202 = VERTEX_POINT('',#5203);
#5203 = CARTESIAN_POINT('',(23.,248.3,89.175));
#5204 = VERTEX_POINT('',#5205);
#5205 = CARTESIAN_POINT('',(23.,248.3,120.925));
#5206 = LINE('',#5207,#5208);
#5207 = CARTESIAN_POINT('',(23.,248.3,89.175));
#5208 = VECTOR('',#5209,1.);
#5209 = DIRECTION('',(0.,0.,1.));
#5210 = ORIENTED_EDGE('',*,*,#5211,.T.);
#5211 = EDGE_CURVE('',#5202,#5212,#5214,.T.);
#5212 = VERTEX_POINT('',#5213);
#5213 = CARTESIAN_POINT('',(23.,251.475,89.175));
#5214 = LINE('',#5215,#5216);
#5215 = CARTESIAN_POINT('',(23.,248.3,89.175));
#5216 = VECTOR('',#5217,1.);
#5217 = DIRECTION('',(0.,1.,0.));
#5218 = ORIENTED_EDGE('',*,*,#5219,.T.);
#5219 = EDGE_CURVE('',#5212,#5220,#5222,.T.);
#5220 = VERTEX_POINT('',#5221);
#5221 = CARTESIAN_POINT('',(23.,251.475,120.925));
#5222 = LINE('',#5223,#5224);
#5223 = CARTESIAN_POINT('',(23.,251.475,89.175));
#5224 = VECTOR('',#5225,1.);
#5225 = DIRECTION('',(0.,0.,1.));
#5226 = ORIENTED_EDGE('',*,*,#5227,.F.);
#5227 = EDGE_CURVE('',#5204,#5220,#5228,.T.);
#5228 = LINE('',#5229,#5230);
#5229 = CARTESIAN_POINT('',(23.,248.3,120.925));
#5230 = VECTOR('',#5231,1.);
#5231 = DIRECTION('',(0.,1.,0.));
#5232 = PLANE('',#5233);
#5233 = AXIS2_PLACEMENT_3D('',#5234,#5235,#5236);
#5234 = CARTESIAN_POINT('',(23.,248.3,89.175));
#5235 = DIRECTION('',(1.,0.,0.));
#5236 = DIRECTION('',(0.,0.,1.));
#5237 = ADVANCED_FACE('',(#5238),#5254,.F.);
#5238 = FACE_BOUND('',#5239,.F.);
#5239 = EDGE_LOOP('',(#5240,#5246,#5247,#5253));
#5240 = ORIENTED_EDGE('',*,*,#5241,.F.);
#5241 = EDGE_CURVE('',#5162,#5202,#5242,.T.);
#5242 = LINE('',#5243,#5244);
#5243 = CARTESIAN_POINT('',(5.,248.3,89.175));
#5244 = VECTOR('',#5245,1.);
#5245 = DIRECTION('',(1.,0.,0.));
#5246 = ORIENTED_EDGE('',*,*,#5161,.T.);
#5247 = ORIENTED_EDGE('',*,*,#5248,.T.);
#5248 = EDGE_CURVE('',#5164,#5204,#5249,.T.);
#5249 = LINE('',#5250,#5251);
#5250 = CARTESIAN_POINT('',(5.,248.3,120.925));
#5251 = VECTOR('',#5252,1.);
#5252 = DIRECTION('',(1.,0.,0.));
#5253 = ORIENTED_EDGE('',*,*,#5201,.F.);
#5254 = PLANE('',#5255);
#5255 = AXIS2_PLACEMENT_3D('',#5256,#5257,#5258);
#5256 = CARTESIAN_POINT('',(5.,248.3,89.175));
#5257 = DIRECTION('',(0.,1.,0.));
#5258 = DIRECTION('',(0.,0.,1.));
#5259 = ADVANCED_FACE('',(#5260),#5276,.T.);
#5260 = FACE_BOUND('',#5261,.T.);
#5261 = EDGE_LOOP('',(#5262,#5268,#5269,#5275));
#5262 = ORIENTED_EDGE('',*,*,#5263,.F.);
#5263 = EDGE_CURVE('',#5172,#5212,#5264,.T.);
#5264 = LINE('',#5265,#5266);
#5265 = CARTESIAN_POINT('',(5.,251.475,89.175));
#5266 = VECTOR('',#5267,1.);
#5267 = DIRECTION('',(1.,0.,0.));
#5268 = ORIENTED_EDGE('',*,*,#5179,.T.);
#5269 = ORIENTED_EDGE('',*,*,#5270,.T.);
#5270 = EDGE_CURVE('',#5180,#5220,#5271,.T.);
#5271 = LINE('',#5272,#5273);
#5272 = CARTESIAN_POINT('',(5.,251.475,120.925));
#5273 = VECTOR('',#5274,1.);
#5274 = DIRECTION('',(1.,0.,0.));
#5275 = ORIENTED_EDGE('',*,*,#5219,.F.);
#5276 = PLANE('',#5277);
#5277 = AXIS2_PLACEMENT_3D('',#5278,#5279,#5280);
#5278 = CARTESIAN_POINT('',(5.,251.475,89.175));
#5279 = DIRECTION('',(0.,1.,0.));
#5280 = DIRECTION('',(0.,0.,1.));
#5281 = ADVANCED_FACE('',(#5282),#5288,.F.);
#5282 = FACE_BOUND('',#5283,.F.);
#5283 = EDGE_LOOP('',(#5284,#5285,#5286,#5287));
#5284 = ORIENTED_EDGE('',*,*,#5171,.F.);
#5285 = ORIENTED_EDGE('',*,*,#5241,.T.);
#5286 = ORIENTED_EDGE('',*,*,#5211,.T.);
#5287 = ORIENTED_EDGE('',*,*,#5263,.F.);
#5288 = PLANE('',#5289);
#5289 = AXIS2_PLACEMENT_3D('',#5290,#5291,#5292);
#5290 = CARTESIAN_POINT('',(5.,248.3,89.175));
#5291 = DIRECTION('',(0.,0.,1.));
#5292 = DIRECTION('',(1.,0.,0.));
#5293 = ADVANCED_FACE('',(#5294),#5300,.T.);
#5294 = FACE_BOUND('',#5295,.T.);
#5295 = EDGE_LOOP('',(#5296,#5297,#5298,#5299));
#5296 = ORIENTED_EDGE('',*,*,#5187,.F.);
#5297 = ORIENTED_EDGE('',*,*,#5248,.T.);
#5298 = ORIENTED_EDGE('',*,*,#5227,.T.);
#5299 = ORIENTED_EDGE('',*,*,#5270,.F.);
#5300 = PLANE('',#5301);
#5301 = AXIS2_PLACEMENT_3D('',#5302,#5303,#5304);
#5302 = CARTESIAN_POINT('',(5.,248.3,120.925));
#5303 = DIRECTION('',(0.,0.,1.));
#5304 = DIRECTION('',(1.,0.,0.));
#5305 = MANIFOLD_SOLID_BREP('',#5306);
#5306 = CLOSED_SHELL('',(#5307,#5347,#5387,#5409,#5431,#5443));
#5307 = ADVANCED_FACE('',(#5308),#5342,.F.);
#5308 = FACE_BOUND('',#5309,.F.);
#5309 = EDGE_LOOP('',(#5310,#5320,#5328,#5336));
#5310 = ORIENTED_EDGE('',*,*,#5311,.F.);
#5311 = EDGE_CURVE('',#5312,#5314,#5316,.T.);
#5312 = VERTEX_POINT('',#5313);
#5313 = CARTESIAN_POINT('',(5.,270.525,89.175));
#5314 = VERTEX_POINT('',#5315);
#5315 = CARTESIAN_POINT('',(5.,270.525,120.925));
#5316 = LINE('',#5317,#5318);
#5317 = CARTESIAN_POINT('',(5.,270.525,89.175));
#5318 = VECTOR('',#5319,1.);
#5319 = DIRECTION('',(0.,0.,1.));
#5320 = ORIENTED_EDGE('',*,*,#5321,.T.);
#5321 = EDGE_CURVE('',#5312,#5322,#5324,.T.);
#5322 = VERTEX_POINT('',#5323);
#5323 = CARTESIAN_POINT('',(5.,273.7,89.175));
#5324 = LINE('',#5325,#5326);
#5325 = CARTESIAN_POINT('',(5.,270.525,89.175));
#5326 = VECTOR('',#5327,1.);
#5327 = DIRECTION('',(0.,1.,0.));
#5328 = ORIENTED_EDGE('',*,*,#5329,.T.);
#5329 = EDGE_CURVE('',#5322,#5330,#5332,.T.);
#5330 = VERTEX_POINT('',#5331);
#5331 = CARTESIAN_POINT('',(5.,273.7,120.925));
#5332 = LINE('',#5333,#5334);
#5333 = CARTESIAN_POINT('',(5.,273.7,89.175));
#5334 = VECTOR('',#5335,1.);
#5335 = DIRECTION('',(0.,0.,1.));
#5336 = ORIENTED_EDGE('',*,*,#5337,.F.);
#5337 = EDGE_CURVE('',#5314,#5330,#5338,.T.);
#5338 = LINE('',#5339,#5340);
#5339 = CARTESIAN_POINT('',(5.,270.525,120.925));
#5340 = VECTOR('',#5341,1.);
#5341 = DIRECTION('',(0.,1.,0.));
#5342 = PLANE('',#5343);
#5343 = AXIS2_PLACEMENT_3D('',#5344,#5345,#5346);
#5344 = CARTESIAN_POINT('',(5.,270.525,89.175));
#5345 = DIRECTION('',(1.,0.,0.));
#5346 = DIRECTION('',(0.,0.,1.));
#5347 = ADVANCED_FACE('',(#5348),#5382,.T.);
#5348 = FACE_BOUND('',#5349,.T.);
#5349 = EDGE_LOOP('',(#5350,#5360,#5368,#5376));
#5350 = ORIENTED_EDGE('',*,*,#5351,.F.);
#5351 = EDGE_CURVE('',#5352,#5354,#5356,.T.);
#5352 = VERTEX_POINT('',#5353);
#5353 = CARTESIAN_POINT('',(23.,270.525,89.175));
#5354 = VERTEX_POINT('',#5355);
#5355 = CARTESIAN_POINT('',(23.,270.525,120.925));
#5356 = LINE('',#5357,#5358);
#5357 = CARTESIAN_POINT('',(23.,270.525,89.175));
#5358 = VECTOR('',#5359,1.);
#5359 = DIRECTION('',(0.,0.,1.));
#5360 = ORIENTED_EDGE('',*,*,#5361,.T.);
#5361 = EDGE_CURVE('',#5352,#5362,#5364,.T.);
#5362 = VERTEX_POINT('',#5363);
#5363 = CARTESIAN_POINT('',(23.,273.7,89.175));
#5364 = LINE('',#5365,#5366);
#5365 = CARTESIAN_POINT('',(23.,270.525,89.175));
#5366 = VECTOR('',#5367,1.);
#5367 = DIRECTION('',(0.,1.,0.));
#5368 = ORIENTED_EDGE('',*,*,#5369,.T.);
#5369 = EDGE_CURVE('',#5362,#5370,#5372,.T.);
#5370 = VERTEX_POINT('',#5371);
#5371 = CARTESIAN_POINT('',(23.,273.7,120.925));
#5372 = LINE('',#5373,#5374);
#5373 = CARTESIAN_POINT('',(23.,273.7,89.175));
#5374 = VECTOR('',#5375,1.);
#5375 = DIRECTION('',(0.,0.,1.));
#5376 = ORIENTED_EDGE('',*,*,#5377,.F.);
#5377 = EDGE_CURVE('',#5354,#5370,#5378,.T.);
#5378 = LINE('',#5379,#5380);
#5379 = CARTESIAN_POINT('',(23.,270.525,120.925));
#5380 = VECTOR('',#5381,1.);
#5381 = DIRECTION('',(0.,1.,0.));
#5382 = PLANE('',#5383);
#5383 = AXIS2_PLACEMENT_3D('',#5384,#5385,#5386);
#5384 = CARTESIAN_POINT('',(23.,270.525,89.175));
#5385 = DIRECTION('',(1.,0.,0.));
#5386 = DIRECTION('',(0.,0.,1.));
#5387 = ADVANCED_FACE('',(#5388),#5404,.F.);
#5388 = FACE_BOUND('',#5389,.F.);
#5389 = EDGE_LOOP('',(#5390,#5396,#5397,#5403));
#5390 = ORIENTED_EDGE('',*,*,#5391,.F.);
#5391 = EDGE_CURVE('',#5312,#5352,#5392,.T.);
#5392 = LINE('',#5393,#5394);
#5393 = CARTESIAN_POINT('',(5.,270.525,89.175));
#5394 = VECTOR('',#5395,1.);
#5395 = DIRECTION('',(1.,0.,0.));
#5396 = ORIENTED_EDGE('',*,*,#5311,.T.);
#5397 = ORIENTED_EDGE('',*,*,#5398,.T.);
#5398 = EDGE_CURVE('',#5314,#5354,#5399,.T.);
#5399 = LINE('',#5400,#5401);
#5400 = CARTESIAN_POINT('',(5.,270.525,120.925));
#5401 = VECTOR('',#5402,1.);
#5402 = DIRECTION('',(1.,0.,0.));
#5403 = ORIENTED_EDGE('',*,*,#5351,.F.);
#5404 = PLANE('',#5405);
#5405 = AXIS2_PLACEMENT_3D('',#5406,#5407,#5408);
#5406 = CARTESIAN_POINT('',(5.,270.525,89.175));
#5407 = DIRECTION('',(0.,1.,0.));
#5408 = DIRECTION('',(0.,0.,1.));
#5409 = ADVANCED_FACE('',(#5410),#5426,.T.);
#5410 = FACE_BOUND('',#5411,.T.);
#5411 = EDGE_LOOP('',(#5412,#5418,#5419,#5425));
#5412 = ORIENTED_EDGE('',*,*,#5413,.F.);
#5413 = EDGE_CURVE('',#5322,#5362,#5414,.T.);
#5414 = LINE('',#5415,#5416);
#5415 = CARTESIAN_POINT('',(5.,273.7,89.175));
#5416 = VECTOR('',#5417,1.);
#5417 = DIRECTION('',(1.,0.,0.));
#5418 = ORIENTED_EDGE('',*,*,#5329,.T.);
#5419 = ORIENTED_EDGE('',*,*,#5420,.T.);
#5420 = EDGE_CURVE('',#5330,#5370,#5421,.T.);
#5421 = LINE('',#5422,#5423);
#5422 = CARTESIAN_POINT('',(5.,273.7,120.925));
#5423 = VECTOR('',#5424,1.);
#5424 = DIRECTION('',(1.,0.,0.));
#5425 = ORIENTED_EDGE('',*,*,#5369,.F.);
#5426 = PLANE('',#5427);
#5427 = AXIS2_PLACEMENT_3D('',#5428,#5429,#5430);
#5428 = CARTESIAN_POINT('',(5.,273.7,89.175));
#5429 = DIRECTION('',(0.,1.,0.));
#5430 = DIRECTION('',(0.,0.,1.));
#5431 = ADVANCED_FACE('',(#5432),#5438,.F.);
#5432 = FACE_BOUND('',#5433,.F.);
#5433 = EDGE_LOOP('',(#5434,#5435,#5436,#5437));
#5434 = ORIENTED_EDGE('',*,*,#5321,.F.);
#5435 = ORIENTED_EDGE('',*,*,#5391,.T.);
#5436 = ORIENTED_EDGE('',*,*,#5361,.T.);
#5437 = ORIENTED_EDGE('',*,*,#5413,.F.);
#5438 = PLANE('',#5439);
#5439 = AXIS2_PLACEMENT_3D('',#5440,#5441,#5442);
#5440 = CARTESIAN_POINT('',(5.,270.525,89.175));
#5441 = DIRECTION('',(0.,0.,1.));
#5442 = DIRECTION('',(1.,0.,0.));
#5443 = ADVANCED_FACE('',(#5444),#5450,.T.);
#5444 = FACE_BOUND('',#5445,.T.);
#5445 = EDGE_LOOP('',(#5446,#5447,#5448,#5449));
#5446 = ORIENTED_EDGE('',*,*,#5337,.F.);
#5447 = ORIENTED_EDGE('',*,*,#5398,.T.);
#5448 = ORIENTED_EDGE('',*,*,#5377,.T.);
#5449 = ORIENTED_EDGE('',*,*,#5420,.F.);
#5450 = PLANE('',#5451);
#5451 = AXIS2_PLACEMENT_3D('',#5452,#5453,#5454);
#5452 = CARTESIAN_POINT('',(5.,270.525,120.925));
#5453 = DIRECTION('',(0.,0.,1.));
#5454 = DIRECTION('',(1.,0.,0.));
#5455 = MANIFOLD_SOLID_BREP('',#5456);
#5456 = CLOSED_SHELL('',(#5457,#5497,#5528,#5563,#5587,#5615,#5627));
#5457 = ADVANCED_FACE('',(#5458),#5492,.F.);
#5458 = FACE_BOUND('',#5459,.F.);
#5459 = EDGE_LOOP('',(#5460,#5470,#5478,#5486));
#5460 = ORIENTED_EDGE('',*,*,#5461,.F.);
#5461 = EDGE_CURVE('',#5462,#5464,#5466,.T.);
#5462 = VERTEX_POINT('',#5463);
#5463 = CARTESIAN_POINT('',(5.,255.,89.175));
#5464 = VERTEX_POINT('',#5465);
#5465 = CARTESIAN_POINT('',(5.,255.,91.175));
#5466 = LINE('',#5467,#5468);
#5467 = CARTESIAN_POINT('',(5.,255.,89.175));
#5468 = VECTOR('',#5469,1.);
#5469 = DIRECTION('',(0.,0.,1.));
#5470 = ORIENTED_EDGE('',*,*,#5471,.T.);
#5471 = EDGE_CURVE('',#5462,#5472,#5474,.T.);
#5472 = VERTEX_POINT('',#5473);
#5473 = CARTESIAN_POINT('',(5.,267.,89.175));
#5474 = LINE('',#5475,#5476);
#5475 = CARTESIAN_POINT('',(5.,255.,89.175));
#5476 = VECTOR('',#5477,1.);
#5477 = DIRECTION('',(0.,1.,0.));
#5478 = ORIENTED_EDGE('',*,*,#5479,.T.);
#5479 = EDGE_CURVE('',#5472,#5480,#5482,.T.);
#5480 = VERTEX_POINT('',#5481);
#5481 = CARTESIAN_POINT('',(5.,267.,91.175));
#5482 = LINE('',#5483,#5484);
#5483 = CARTESIAN_POINT('',(5.,267.,89.175));
#5484 = VECTOR('',#5485,1.);
#5485 = DIRECTION('',(0.,0.,1.));
#5486 = ORIENTED_EDGE('',*,*,#5487,.F.);
#5487 = EDGE_CURVE('',#5464,#5480,#5488,.T.);
#5488 = LINE('',#5489,#5490);
#5489 = CARTESIAN_POINT('',(5.,255.,91.175));
#5490 = VECTOR('',#5491,1.);
#5491 = DIRECTION('',(0.,1.,0.));
#5492 = PLANE('',#5493);
#5493 = AXIS2_PLACEMENT_3D('',#5494,#5495,#5496);
#5494 = CARTESIAN_POINT('',(5.,255.,89.175));
#5495 = DIRECTION('',(1.,0.,0.));
#5496 = DIRECTION('',(0.,0.,1.));
#5497 = ADVANCED_FACE('',(#5498),#5523,.F.);
#5498 = FACE_BOUND('',#5499,.F.);
#5499 = EDGE_LOOP('',(#5500,#5508,#5509,#5517));
#5500 = ORIENTED_EDGE('',*,*,#5501,.F.);
#5501 = EDGE_CURVE('',#5462,#5502,#5504,.T.);
#5502 = VERTEX_POINT('',#5503);
#5503 = CARTESIAN_POINT('',(23.,255.,89.175));
#5504 = LINE('',#5505,#5506);
#5505 = CARTESIAN_POINT('',(5.,255.,89.175));
#5506 = VECTOR('',#5507,1.);
#5507 = DIRECTION('',(1.,0.,0.));
#5508 = ORIENTED_EDGE('',*,*,#5461,.T.);
#5509 = ORIENTED_EDGE('',*,*,#5510,.T.);
#5510 = EDGE_CURVE('',#5464,#5511,#5513,.T.);
#5511 = VERTEX_POINT('',#5512);
#5512 = CARTESIAN_POINT('',(23.,255.,91.175));
#5513 = LINE('',#5514,#5515);
#5514 = CARTESIAN_POINT('',(5.,255.,91.175));
#5515 = VECTOR('',#5516,1.);
#5516 = DIRECTION('',(1.,0.,0.));
#5517 = ORIENTED_EDGE('',*,*,#5518,.F.);
#5518 = EDGE_CURVE('',#5502,#5511,#5519,.T.);
#5519 = LINE('',#5520,#5521);
#5520 = CARTESIAN_POINT('',(23.,255.,89.175));
#5521 = VECTOR('',#5522,1.);
#5522 = DIRECTION('',(0.,0.,1.));
#5523 = PLANE('',#5524);
#5524 = AXIS2_PLACEMENT_3D('',#5525,#5526,#5527);
#5525 = CARTESIAN_POINT('',(5.,255.,89.175));
#5526 = DIRECTION('',(0.,1.,0.));
#5527 = DIRECTION('',(0.,0.,1.));
#5528 = ADVANCED_FACE('',(#5529,#5547),#5558,.T.);
#5529 = FACE_BOUND('',#5530,.T.);
#5530 = EDGE_LOOP('',(#5531,#5532,#5533,#5541));
#5531 = ORIENTED_EDGE('',*,*,#5487,.F.);
#5532 = ORIENTED_EDGE('',*,*,#5510,.T.);
#5533 = ORIENTED_EDGE('',*,*,#5534,.T.);
#5534 = EDGE_CURVE('',#5511,#5535,#5537,.T.);
#5535 = VERTEX_POINT('',#5536);
#5536 = CARTESIAN_POINT('',(23.,267.,91.175));
#5537 = LINE('',#5538,#5539);
#5538 = CARTESIAN_POINT('',(23.,255.,91.175));
#5539 = VECTOR('',#5540,1.);
#5540 = DIRECTION('',(0.,1.,0.));
#5541 = ORIENTED_EDGE('',*,*,#5542,.F.);
#5542 = EDGE_CURVE('',#5480,#5535,#5543,.T.);
#5543 = LINE('',#5544,#5545);
#5544 = CARTESIAN_POINT('',(5.,267.,91.175));
#5545 = VECTOR('',#5546,1.);
#5546 = DIRECTION('',(1.,0.,0.));
#5547 = FACE_BOUND('',#5548,.T.);
#5548 = EDGE_LOOP('',(#5549));
#5549 = ORIENTED_EDGE('',*,*,#5550,.F.);
#5550 = EDGE_CURVE('',#5551,#5551,#5553,.T.);
#5551 = VERTEX_POINT('',#5552);
#5552 = CARTESIAN_POINT('',(18.75,261.,91.175));
#5553 = CIRCLE('',#5554,4.75);
#5554 = AXIS2_PLACEMENT_3D('',#5555,#5556,#5557);
#5555 = CARTESIAN_POINT('',(14.,261.,91.175));
#5556 = DIRECTION('',(0.,0.,1.));
#5557 = DIRECTION('',(1.,0.,0.));
#5558 = PLANE('',#5559);
#5559 = AXIS2_PLACEMENT_3D('',#5560,#5561,#5562);
#5560 = CARTESIAN_POINT('',(5.,255.,91.175));
#5561 = DIRECTION('',(0.,0.,1.));
#5562 = DIRECTION('',(1.,0.,0.));
#5563 = ADVANCED_FACE('',(#5564),#5582,.T.);
#5564 = FACE_BOUND('',#5565,.T.);
#5565 = EDGE_LOOP('',(#5566,#5574,#5575,#5576));
#5566 = ORIENTED_EDGE('',*,*,#5567,.F.);
#5567 = EDGE_CURVE('',#5472,#5568,#5570,.T.);
#5568 = VERTEX_POINT('',#5569);
#5569 = CARTESIAN_POINT('',(23.,267.,89.175));
#5570 = LINE('',#5571,#5572);
#5571 = CARTESIAN_POINT('',(5.,267.,89.175));
#5572 = VECTOR('',#5573,1.);
#5573 = DIRECTION('',(1.,0.,0.));
#5574 = ORIENTED_EDGE('',*,*,#5479,.T.);
#5575 = ORIENTED_EDGE('',*,*,#5542,.T.);
#5576 = ORIENTED_EDGE('',*,*,#5577,.F.);
#5577 = EDGE_CURVE('',#5568,#5535,#5578,.T.);
#5578 = LINE('',#5579,#5580);
#5579 = CARTESIAN_POINT('',(23.,267.,89.175));
#5580 = VECTOR('',#5581,1.);
#5581 = DIRECTION('',(0.,0.,1.));
#5582 = PLANE('',#5583);
#5583 = AXIS2_PLACEMENT_3D('',#5584,#5585,#5586);
#5584 = CARTESIAN_POINT('',(5.,267.,89.175));
#5585 = DIRECTION('',(0.,1.,0.));
#5586 = DIRECTION('',(0.,0.,1.));
#5587 = ADVANCED_FACE('',(#5588,#5599),#5610,.F.);
#5588 = FACE_BOUND('',#5589,.F.);
#5589 = EDGE_LOOP('',(#5590,#5591,#5592,#5598));
#5590 = ORIENTED_EDGE('',*,*,#5471,.F.);
#5591 = ORIENTED_EDGE('',*,*,#5501,.T.);
#5592 = ORIENTED_EDGE('',*,*,#5593,.T.);
#5593 = EDGE_CURVE('',#5502,#5568,#5594,.T.);
#5594 = LINE('',#5595,#5596);
#5595 = CARTESIAN_POINT('',(23.,255.,89.175));
#5596 = VECTOR('',#5597,1.);
#5597 = DIRECTION('',(0.,1.,0.));
#5598 = ORIENTED_EDGE('',*,*,#5567,.F.);
#5599 = FACE_BOUND('',#5600,.F.);
#5600 = EDGE_LOOP('',(#5601));
#5601 = ORIENTED_EDGE('',*,*,#5602,.F.);
#5602 = EDGE_CURVE('',#5603,#5603,#5605,.T.);
#5603 = VERTEX_POINT('',#5604);
#5604 = CARTESIAN_POINT('',(18.75,261.,89.175));
#5605 = CIRCLE('',#5606,4.75);
#5606 = AXIS2_PLACEMENT_3D('',#5607,#5608,#5609);
#5607 = CARTESIAN_POINT('',(14.,261.,89.175));
#5608 = DIRECTION('',(0.,0.,1.));
#5609 = DIRECTION('',(1.,0.,0.));
#5610 = PLANE('',#5611);
#5611 = AXIS2_PLACEMENT_3D('',#5612,#5613,#5614);
#5612 = CARTESIAN_POINT('',(5.,255.,89.175));
#5613 = DIRECTION('',(0.,0.,1.));
#5614 = DIRECTION('',(1.,0.,0.));
#5615 = ADVANCED_FACE('',(#5616),#5622,.T.);
#5616 = FACE_BOUND('',#5617,.T.);
#5617 = EDGE_LOOP('',(#5618,#5619,#5620,#5621));
#5618 = ORIENTED_EDGE('',*,*,#5518,.F.);
#5619 = ORIENTED_EDGE('',*,*,#5593,.T.);
#5620 = ORIENTED_EDGE('',*,*,#5577,.T.);
#5621 = ORIENTED_EDGE('',*,*,#5534,.F.);
#5622 = PLANE('',#5623);
#5623 = AXIS2_PLACEMENT_3D('',#5624,#5625,#5626);
#5624 = CARTESIAN_POINT('',(23.,255.,89.175));
#5625 = DIRECTION('',(1.,0.,0.));
#5626 = DIRECTION('',(0.,0.,1.));
#5627 = ADVANCED_FACE('',(#5628),#5639,.F.);
#5628 = FACE_BOUND('',#5629,.F.);
#5629 = EDGE_LOOP('',(#5630,#5631,#5637,#5638));
#5630 = ORIENTED_EDGE('',*,*,#5550,.F.);
#5631 = ORIENTED_EDGE('',*,*,#5632,.F.);
#5632 = EDGE_CURVE('',#5603,#5551,#5633,.T.);
#5633 = LINE('',#5634,#5635);
#5634 = CARTESIAN_POINT('',(18.75,261.,88.175));
#5635 = VECTOR('',#5636,1.);
#5636 = DIRECTION('',(0.,0.,1.));
#5637 = ORIENTED_EDGE('',*,*,#5602,.T.);
#5638 = ORIENTED_EDGE('',*,*,#5632,.T.);
#5639 = CYLINDRICAL_SURFACE('',#5640,4.75);
#5640 = AXIS2_PLACEMENT_3D('',#5641,#5642,#5643);
#5641 = CARTESIAN_POINT('',(14.,261.,88.175));
#5642 = DIRECTION('',(0.,0.,1.));
#5643 = DIRECTION('',(1.,0.,0.));
#5644 = MANIFOLD_SOLID_BREP('',#5645);
#5645 = CLOSED_SHELL('',(#5646,#5686,#5717,#5752,#5776,#5804,#5816));
#5646 = ADVANCED_FACE('',(#5647),#5681,.F.);
#5647 = FACE_BOUND('',#5648,.F.);
#5648 = EDGE_LOOP('',(#5649,#5659,#5667,#5675));
#5649 = ORIENTED_EDGE('',*,*,#5650,.F.);
#5650 = EDGE_CURVE('',#5651,#5653,#5655,.T.);
#5651 = VERTEX_POINT('',#5652);
#5652 = CARTESIAN_POINT('',(5.,255.,118.925));
#5653 = VERTEX_POINT('',#5654);
#5654 = CARTESIAN_POINT('',(5.,255.,120.925));
#5655 = LINE('',#5656,#5657);
#5656 = CARTESIAN_POINT('',(5.,255.,118.925));
#5657 = VECTOR('',#5658,1.);
#5658 = DIRECTION('',(0.,0.,1.));
#5659 = ORIENTED_EDGE('',*,*,#5660,.T.);
#5660 = EDGE_CURVE('',#5651,#5661,#5663,.T.);
#5661 = VERTEX_POINT('',#5662);
#5662 = CARTESIAN_POINT('',(5.,267.,118.925));
#5663 = LINE('',#5664,#5665);
#5664 = CARTESIAN_POINT('',(5.,255.,118.925));
#5665 = VECTOR('',#5666,1.);
#5666 = DIRECTION('',(0.,1.,0.));
#5667 = ORIENTED_EDGE('',*,*,#5668,.T.);
#5668 = EDGE_CURVE('',#5661,#5669,#5671,.T.);
#5669 = VERTEX_POINT('',#5670);
#5670 = CARTESIAN_POINT('',(5.,267.,120.925));
#5671 = LINE('',#5672,#5673);
#5672 = CARTESIAN_POINT('',(5.,267.,118.925));
#5673 = VECTOR('',#5674,1.);
#5674 = DIRECTION('',(0.,0.,1.));
#5675 = ORIENTED_EDGE('',*,*,#5676,.F.);
#5676 = EDGE_CURVE('',#5653,#5669,#5677,.T.);
#5677 = LINE('',#5678,#5679);
#5678 = CARTESIAN_POINT('',(5.,255.,120.925));
#5679 = VECTOR('',#5680,1.);
#5680 = DIRECTION('',(0.,1.,0.));
#5681 = PLANE('',#5682);
#5682 = AXIS2_PLACEMENT_3D('',#5683,#5684,#5685);
#5683 = CARTESIAN_POINT('',(5.,255.,118.925));
#5684 = DIRECTION('',(1.,0.,0.));
#5685 = DIRECTION('',(0.,0.,1.));
#5686 = ADVANCED_FACE('',(#5687),#5712,.F.);
#5687 = FACE_BOUND('',#5688,.F.);
#5688 = EDGE_LOOP('',(#5689,#5697,#5698,#5706));
#5689 = ORIENTED_EDGE('',*,*,#5690,.F.);
#5690 = EDGE_CURVE('',#5651,#5691,#5693,.T.);
#5691 = VERTEX_POINT('',#5692);
#5692 = CARTESIAN_POINT('',(23.,255.,118.925));
#5693 = LINE('',#5694,#5695);
#5694 = CARTESIAN_POINT('',(5.,255.,118.925));
#5695 = VECTOR('',#5696,1.);
#5696 = DIRECTION('',(1.,0.,0.));
#5697 = ORIENTED_EDGE('',*,*,#5650,.T.);
#5698 = ORIENTED_EDGE('',*,*,#5699,.T.);
#5699 = EDGE_CURVE('',#5653,#5700,#5702,.T.);
#5700 = VERTEX_POINT('',#5701);
#5701 = CARTESIAN_POINT('',(23.,255.,120.925));
#5702 = LINE('',#5703,#5704);
#5703 = CARTESIAN_POINT('',(5.,255.,120.925));
#5704 = VECTOR('',#5705,1.);
#5705 = DIRECTION('',(1.,0.,0.));
#5706 = ORIENTED_EDGE('',*,*,#5707,.F.);
#5707 = EDGE_CURVE('',#5691,#5700,#5708,.T.);
#5708 = LINE('',#5709,#5710);
#5709 = CARTESIAN_POINT('',(23.,255.,118.925));
#5710 = VECTOR('',#5711,1.);
#5711 = DIRECTION('',(0.,0.,1.));
#5712 = PLANE('',#5713);
#5713 = AXIS2_PLACEMENT_3D('',#5714,#5715,#5716);
#5714 = CARTESIAN_POINT('',(5.,255.,118.925));
#5715 = DIRECTION('',(0.,1.,0.));
#5716 = DIRECTION('',(0.,0.,1.));
#5717 = ADVANCED_FACE('',(#5718,#5736),#5747,.T.);
#5718 = FACE_BOUND('',#5719,.T.);
#5719 = EDGE_LOOP('',(#5720,#5721,#5722,#5730));
#5720 = ORIENTED_EDGE('',*,*,#5676,.F.);
#5721 = ORIENTED_EDGE('',*,*,#5699,.T.);
#5722 = ORIENTED_EDGE('',*,*,#5723,.T.);
#5723 = EDGE_CURVE('',#5700,#5724,#5726,.T.);
#5724 = VERTEX_POINT('',#5725);
#5725 = CARTESIAN_POINT('',(23.,267.,120.925));
#5726 = LINE('',#5727,#5728);
#5727 = CARTESIAN_POINT('',(23.,255.,120.925));
#5728 = VECTOR('',#5729,1.);
#5729 = DIRECTION('',(0.,1.,0.));
#5730 = ORIENTED_EDGE('',*,*,#5731,.F.);
#5731 = EDGE_CURVE('',#5669,#5724,#5732,.T.);
#5732 = LINE('',#5733,#5734);
#5733 = CARTESIAN_POINT('',(5.,267.,120.925));
#5734 = VECTOR('',#5735,1.);
#5735 = DIRECTION('',(1.,0.,0.));
#5736 = FACE_BOUND('',#5737,.T.);
#5737 = EDGE_LOOP('',(#5738));
#5738 = ORIENTED_EDGE('',*,*,#5739,.F.);
#5739 = EDGE_CURVE('',#5740,#5740,#5742,.T.);
#5740 = VERTEX_POINT('',#5741);
#5741 = CARTESIAN_POINT('',(18.75,261.,120.925));
#5742 = CIRCLE('',#5743,4.75);
#5743 = AXIS2_PLACEMENT_3D('',#5744,#5745,#5746);
#5744 = CARTESIAN_POINT('',(14.,261.,120.925));
#5745 = DIRECTION('',(0.,0.,1.));
#5746 = DIRECTION('',(1.,0.,0.));
#5747 = PLANE('',#5748);
#5748 = AXIS2_PLACEMENT_3D('',#5749,#5750,#5751);
#5749 = CARTESIAN_POINT('',(5.,255.,120.925));
#5750 = DIRECTION('',(0.,0.,1.));
#5751 = DIRECTION('',(1.,0.,0.));
#5752 = ADVANCED_FACE('',(#5753),#5771,.T.);
#5753 = FACE_BOUND('',#5754,.T.);
#5754 = EDGE_LOOP('',(#5755,#5763,#5764,#5765));
#5755 = ORIENTED_EDGE('',*,*,#5756,.F.);
#5756 = EDGE_CURVE('',#5661,#5757,#5759,.T.);
#5757 = VERTEX_POINT('',#5758);
#5758 = CARTESIAN_POINT('',(23.,267.,118.925));
#5759 = LINE('',#5760,#5761);
#5760 = CARTESIAN_POINT('',(5.,267.,118.925));
#5761 = VECTOR('',#5762,1.);
#5762 = DIRECTION('',(1.,0.,0.));
#5763 = ORIENTED_EDGE('',*,*,#5668,.T.);
#5764 = ORIENTED_EDGE('',*,*,#5731,.T.);
#5765 = ORIENTED_EDGE('',*,*,#5766,.F.);
#5766 = EDGE_CURVE('',#5757,#5724,#5767,.T.);
#5767 = LINE('',#5768,#5769);
#5768 = CARTESIAN_POINT('',(23.,267.,118.925));
#5769 = VECTOR('',#5770,1.);
#5770 = DIRECTION('',(0.,0.,1.));
#5771 = PLANE('',#5772);
#5772 = AXIS2_PLACEMENT_3D('',#5773,#5774,#5775);
#5773 = CARTESIAN_POINT('',(5.,267.,118.925));
#5774 = DIRECTION('',(0.,1.,0.));
#5775 = DIRECTION('',(0.,0.,1.));
#5776 = ADVANCED_FACE('',(#5777,#5788),#5799,.F.);
#5777 = FACE_BOUND('',#5778,.F.);
#5778 = EDGE_LOOP('',(#5779,#5780,#5781,#5787));
#5779 = ORIENTED_EDGE('',*,*,#5660,.F.);
#5780 = ORIENTED_EDGE('',*,*,#5690,.T.);
#5781 = ORIENTED_EDGE('',*,*,#5782,.T.);
#5782 = EDGE_CURVE('',#5691,#5757,#5783,.T.);
#5783 = LINE('',#5784,#5785);
#5784 = CARTESIAN_POINT('',(23.,255.,118.925));
#5785 = VECTOR('',#5786,1.);
#5786 = DIRECTION('',(0.,1.,0.));
#5787 = ORIENTED_EDGE('',*,*,#5756,.F.);
#5788 = FACE_BOUND('',#5789,.F.);
#5789 = EDGE_LOOP('',(#5790));
#5790 = ORIENTED_EDGE('',*,*,#5791,.F.);
#5791 = EDGE_CURVE('',#5792,#5792,#5794,.T.);
#5792 = VERTEX_POINT('',#5793);
#5793 = CARTESIAN_POINT('',(18.75,261.,118.925));
#5794 = CIRCLE('',#5795,4.75);
#5795 = AXIS2_PLACEMENT_3D('',#5796,#5797,#5798);
#5796 = CARTESIAN_POINT('',(14.,261.,118.925));
#5797 = DIRECTION('',(0.,0.,1.));
#5798 = DIRECTION('',(1.,0.,0.));
#5799 = PLANE('',#5800);
#5800 = AXIS2_PLACEMENT_3D('',#5801,#5802,#5803);
#5801 = CARTESIAN_POINT('',(5.,255.,118.925));
#5802 = DIRECTION('',(0.,0.,1.));
#5803 = DIRECTION('',(1.,0.,0.));
#5804 = ADVANCED_FACE('',(#5805),#5811,.T.);
#5805 = FACE_BOUND('',#5806,.T.);
#5806 = EDGE_LOOP('',(#5807,#5808,#5809,#5810));
#5807 = ORIENTED_EDGE('',*,*,#5707,.F.);
#5808 = ORIENTED_EDGE('',*,*,#5782,.T.);
#5809 = ORIENTED_EDGE('',*,*,#5766,.T.);
#5810 = ORIENTED_EDGE('',*,*,#5723,.F.);
#5811 = PLANE('',#5812);
#5812 = AXIS2_PLACEMENT_3D('',#5813,#5814,#5815);
#5813 = CARTESIAN_POINT('',(23.,255.,118.925));
#5814 = DIRECTION('',(1.,0.,0.));
#5815 = DIRECTION('',(0.,0.,1.));
#5816 = ADVANCED_FACE('',(#5817),#5828,.F.);
#5817 = FACE_BOUND('',#5818,.F.);
#5818 = EDGE_LOOP('',(#5819,#5820,#5826,#5827));
#5819 = ORIENTED_EDGE('',*,*,#5739,.F.);
#5820 = ORIENTED_EDGE('',*,*,#5821,.F.);
#5821 = EDGE_CURVE('',#5792,#5740,#5822,.T.);
#5822 = LINE('',#5823,#5824);
#5823 = CARTESIAN_POINT('',(18.75,261.,117.925));
#5824 = VECTOR('',#5825,1.);
#5825 = DIRECTION('',(0.,0.,1.));
#5826 = ORIENTED_EDGE('',*,*,#5791,.T.);
#5827 = ORIENTED_EDGE('',*,*,#5821,.T.);
#5828 = CYLINDRICAL_SURFACE('',#5829,4.75);
#5829 = AXIS2_PLACEMENT_3D('',#5830,#5831,#5832);
#5830 = CARTESIAN_POINT('',(14.,261.,117.925));
#5831 = DIRECTION('',(0.,0.,1.));
#5832 = DIRECTION('',(1.,0.,0.));
#5833 = MANIFOLD_SOLID_BREP('',#5834);
#5834 = CLOSED_SHELL('',(#5835,#5875,#5906,#5975,#5999,#6061,#6073,#6095
    ,#6112,#6129,#6146));
#5835 = ADVANCED_FACE('',(#5836),#5870,.F.);
#5836 = FACE_BOUND('',#5837,.F.);
#5837 = EDGE_LOOP('',(#5838,#5848,#5856,#5864));
#5838 = ORIENTED_EDGE('',*,*,#5839,.F.);
#5839 = EDGE_CURVE('',#5840,#5842,#5844,.T.);
#5840 = VERTEX_POINT('',#5841);
#5841 = CARTESIAN_POINT('',(8.,252.,91.675));
#5842 = VERTEX_POINT('',#5843);
#5843 = CARTESIAN_POINT('',(8.,252.,93.675));
#5844 = LINE('',#5845,#5846);
#5845 = CARTESIAN_POINT('',(8.,252.,91.675));
#5846 = VECTOR('',#5847,1.);
#5847 = DIRECTION('',(0.,0.,1.));
#5848 = ORIENTED_EDGE('',*,*,#5849,.T.);
#5849 = EDGE_CURVE('',#5840,#5850,#5852,.T.);
#5850 = VERTEX_POINT('',#5851);
#5851 = CARTESIAN_POINT('',(8.,270.,91.675));
#5852 = LINE('',#5853,#5854);
#5853 = CARTESIAN_POINT('',(8.,252.,91.675));
#5854 = VECTOR('',#5855,1.);
#5855 = DIRECTION('',(0.,1.,0.));
#5856 = ORIENTED_EDGE('',*,*,#5857,.T.);
#5857 = EDGE_CURVE('',#5850,#5858,#5860,.T.);
#5858 = VERTEX_POINT('',#5859);
#5859 = CARTESIAN_POINT('',(8.,270.,93.675));
#5860 = LINE('',#5861,#5862);
#5861 = CARTESIAN_POINT('',(8.,270.,91.675));
#5862 = VECTOR('',#5863,1.);
#5863 = DIRECTION('',(0.,0.,1.));
#5864 = ORIENTED_EDGE('',*,*,#5865,.F.);
#5865 = EDGE_CURVE('',#5842,#5858,#5866,.T.);
#5866 = LINE('',#5867,#5868);
#5867 = CARTESIAN_POINT('',(8.,252.,93.675));
#5868 = VECTOR('',#5869,1.);
#5869 = DIRECTION('',(0.,1.,0.));
#5870 = PLANE('',#5871);
#5871 = AXIS2_PLACEMENT_3D('',#5872,#5873,#5874);
#5872 = CARTESIAN_POINT('',(8.,252.,91.675));
#5873 = DIRECTION('',(1.,0.,0.));
#5874 = DIRECTION('',(0.,0.,1.));
#5875 = ADVANCED_FACE('',(#5876),#5901,.F.);
#5876 = FACE_BOUND('',#5877,.F.);
#5877 = EDGE_LOOP('',(#5878,#5886,#5887,#5895));
#5878 = ORIENTED_EDGE('',*,*,#5879,.F.);
#5879 = EDGE_CURVE('',#5840,#5880,#5882,.T.);
#5880 = VERTEX_POINT('',#5881);
#5881 = CARTESIAN_POINT('',(28.,252.,91.675));
#5882 = LINE('',#5883,#5884);
#5883 = CARTESIAN_POINT('',(8.,252.,91.675));
#5884 = VECTOR('',#5885,1.);
#5885 = DIRECTION('',(1.,0.,0.));
#5886 = ORIENTED_EDGE('',*,*,#5839,.T.);
#5887 = ORIENTED_EDGE('',*,*,#5888,.T.);
#5888 = EDGE_CURVE('',#5842,#5889,#5891,.T.);
#5889 = VERTEX_POINT('',#5890);
#5890 = CARTESIAN_POINT('',(28.,252.,93.675));
#5891 = LINE('',#5892,#5893);
#5892 = CARTESIAN_POINT('',(8.,252.,93.675));
#5893 = VECTOR('',#5894,1.);
#5894 = DIRECTION('',(1.,0.,0.));
#5895 = ORIENTED_EDGE('',*,*,#5896,.F.);
#5896 = EDGE_CURVE('',#5880,#5889,#5897,.T.);
#5897 = LINE('',#5898,#5899);
#5898 = CARTESIAN_POINT('',(28.,252.,91.675));
#5899 = VECTOR('',#5900,1.);
#5900 = DIRECTION('',(0.,0.,1.));
#5901 = PLANE('',#5902);
#5902 = AXIS2_PLACEMENT_3D('',#5903,#5904,#5905);
#5903 = CARTESIAN_POINT('',(8.,252.,91.675));
#5904 = DIRECTION('',(0.,1.,0.));
#5905 = DIRECTION('',(0.,0.,1.));
#5906 = ADVANCED_FACE('',(#5907,#5925),#5970,.T.);
#5907 = FACE_BOUND('',#5908,.T.);
#5908 = EDGE_LOOP('',(#5909,#5910,#5911,#5919));
#5909 = ORIENTED_EDGE('',*,*,#5865,.F.);
#5910 = ORIENTED_EDGE('',*,*,#5888,.T.);
#5911 = ORIENTED_EDGE('',*,*,#5912,.T.);
#5912 = EDGE_CURVE('',#5889,#5913,#5915,.T.);
#5913 = VERTEX_POINT('',#5914);
#5914 = CARTESIAN_POINT('',(28.,270.,93.675));
#5915 = LINE('',#5916,#5917);
#5916 = CARTESIAN_POINT('',(28.,252.,93.675));
#5917 = VECTOR('',#5918,1.);
#5918 = DIRECTION('',(0.,1.,0.));
#5919 = ORIENTED_EDGE('',*,*,#5920,.F.);
#5920 = EDGE_CURVE('',#5858,#5913,#5921,.T.);
#5921 = LINE('',#5922,#5923);
#5922 = CARTESIAN_POINT('',(8.,270.,93.675));
#5923 = VECTOR('',#5924,1.);
#5924 = DIRECTION('',(1.,0.,0.));
#5925 = FACE_BOUND('',#5926,.T.);
#5926 = EDGE_LOOP('',(#5927,#5937,#5946,#5955,#5963));
#5927 = ORIENTED_EDGE('',*,*,#5928,.F.);
#5928 = EDGE_CURVE('',#5929,#5931,#5933,.T.);
#5929 = VERTEX_POINT('',#5930);
#5930 = CARTESIAN_POINT('',(17.961126394649,263.5,93.675));
#5931 = VERTEX_POINT('',#5932);
#5932 = CARTESIAN_POINT('',(14.,263.5,93.675));
#5933 = LINE('',#5934,#5935);
#5934 = CARTESIAN_POINT('',(11.,263.5,93.675));
#5935 = VECTOR('',#5936,1.);
#5936 = DIRECTION('',(-1.,0.,0.));
#5937 = ORIENTED_EDGE('',*,*,#5938,.F.);
#5938 = EDGE_CURVE('',#5939,#5929,#5941,.T.);
#5939 = VERTEX_POINT('',#5940);
#5940 = CARTESIAN_POINT('',(26.75,261.,93.675));
#5941 = CIRCLE('',#5942,4.75);
#5942 = AXIS2_PLACEMENT_3D('',#5943,#5944,#5945);
#5943 = CARTESIAN_POINT('',(22.,261.,93.675));
#5944 = DIRECTION('',(0.,0.,1.));
#5945 = DIRECTION('',(1.,0.,0.));
#5946 = ORIENTED_EDGE('',*,*,#5947,.F.);
#5947 = EDGE_CURVE('',#5948,#5939,#5950,.T.);
#5948 = VERTEX_POINT('',#5949);
#5949 = CARTESIAN_POINT('',(17.961126394649,258.5,93.675));
#5950 = CIRCLE('',#5951,4.75);
#5951 = AXIS2_PLACEMENT_3D('',#5952,#5953,#5954);
#5952 = CARTESIAN_POINT('',(22.,261.,93.675));
#5953 = DIRECTION('',(0.,0.,1.));
#5954 = DIRECTION('',(1.,0.,0.));
#5955 = ORIENTED_EDGE('',*,*,#5956,.T.);
#5956 = EDGE_CURVE('',#5948,#5957,#5959,.T.);
#5957 = VERTEX_POINT('',#5958);
#5958 = CARTESIAN_POINT('',(14.,258.5,93.675));
#5959 = LINE('',#5960,#5961);
#5960 = CARTESIAN_POINT('',(11.,258.5,93.675));
#5961 = VECTOR('',#5962,1.);
#5962 = DIRECTION('',(-1.,0.,0.));
#5963 = ORIENTED_EDGE('',*,*,#5964,.F.);
#5964 = EDGE_CURVE('',#5931,#5957,#5965,.T.);
#5965 = CIRCLE('',#5966,2.5);
#5966 = AXIS2_PLACEMENT_3D('',#5967,#5968,#5969);
#5967 = CARTESIAN_POINT('',(14.,261.,93.675));
#5968 = DIRECTION('',(0.,0.,1.));
#5969 = DIRECTION('',(1.,0.,0.));
#5970 = PLANE('',#5971);
#5971 = AXIS2_PLACEMENT_3D('',#5972,#5973,#5974);
#5972 = CARTESIAN_POINT('',(8.,252.,93.675));
#5973 = DIRECTION('',(0.,0.,1.));
#5974 = DIRECTION('',(1.,0.,0.));
#5975 = ADVANCED_FACE('',(#5976),#5994,.T.);
#5976 = FACE_BOUND('',#5977,.T.);
#5977 = EDGE_LOOP('',(#5978,#5986,#5987,#5988));
#5978 = ORIENTED_EDGE('',*,*,#5979,.F.);
#5979 = EDGE_CURVE('',#5850,#5980,#5982,.T.);
#5980 = VERTEX_POINT('',#5981);
#5981 = CARTESIAN_POINT('',(28.,270.,91.675));
#5982 = LINE('',#5983,#5984);
#5983 = CARTESIAN_POINT('',(8.,270.,91.675));
#5984 = VECTOR('',#5985,1.);
#5985 = DIRECTION('',(1.,0.,0.));
#5986 = ORIENTED_EDGE('',*,*,#5857,.T.);
#5987 = ORIENTED_EDGE('',*,*,#5920,.T.);
#5988 = ORIENTED_EDGE('',*,*,#5989,.F.);
#5989 = EDGE_CURVE('',#5980,#5913,#5990,.T.);
#5990 = LINE('',#5991,#5992);
#5991 = CARTESIAN_POINT('',(28.,270.,91.675));
#5992 = VECTOR('',#5993,1.);
#5993 = DIRECTION('',(0.,0.,1.));
#5994 = PLANE('',#5995);
#5995 = AXIS2_PLACEMENT_3D('',#5996,#5997,#5998);
#5996 = CARTESIAN_POINT('',(8.,270.,91.675));
#5997 = DIRECTION('',(0.,1.,0.));
#5998 = DIRECTION('',(0.,0.,1.));
#5999 = ADVANCED_FACE('',(#6000,#6011),#6056,.F.);
#6000 = FACE_BOUND('',#6001,.F.);
#6001 = EDGE_LOOP('',(#6002,#6003,#6004,#6010));
#6002 = ORIENTED_EDGE('',*,*,#5849,.F.);
#6003 = ORIENTED_EDGE('',*,*,#5879,.T.);
#6004 = ORIENTED_EDGE('',*,*,#6005,.T.);
#6005 = EDGE_CURVE('',#5880,#5980,#6006,.T.);
#6006 = LINE('',#6007,#6008);
#6007 = CARTESIAN_POINT('',(28.,252.,91.675));
#6008 = VECTOR('',#6009,1.);
#6009 = DIRECTION('',(0.,1.,0.));
#6010 = ORIENTED_EDGE('',*,*,#5979,.F.);
#6011 = FACE_BOUND('',#6012,.F.);
#6012 = EDGE_LOOP('',(#6013,#6023,#6032,#6041,#6049));
#6013 = ORIENTED_EDGE('',*,*,#6014,.F.);
#6014 = EDGE_CURVE('',#6015,#6017,#6019,.T.);
#6015 = VERTEX_POINT('',#6016);
#6016 = CARTESIAN_POINT('',(17.961126394649,263.5,91.675));
#6017 = VERTEX_POINT('',#6018);
#6018 = CARTESIAN_POINT('',(14.,263.5,91.675));
#6019 = LINE('',#6020,#6021);
#6020 = CARTESIAN_POINT('',(11.,263.5,91.675));
#6021 = VECTOR('',#6022,1.);
#6022 = DIRECTION('',(-1.,0.,0.));
#6023 = ORIENTED_EDGE('',*,*,#6024,.F.);
#6024 = EDGE_CURVE('',#6025,#6015,#6027,.T.);
#6025 = VERTEX_POINT('',#6026);
#6026 = CARTESIAN_POINT('',(26.75,261.,91.675));
#6027 = CIRCLE('',#6028,4.75);
#6028 = AXIS2_PLACEMENT_3D('',#6029,#6030,#6031);
#6029 = CARTESIAN_POINT('',(22.,261.,91.675));
#6030 = DIRECTION('',(0.,0.,1.));
#6031 = DIRECTION('',(1.,0.,0.));
#6032 = ORIENTED_EDGE('',*,*,#6033,.F.);
#6033 = EDGE_CURVE('',#6034,#6025,#6036,.T.);
#6034 = VERTEX_POINT('',#6035);
#6035 = CARTESIAN_POINT('',(17.961126394649,258.5,91.675));
#6036 = CIRCLE('',#6037,4.75);
#6037 = AXIS2_PLACEMENT_3D('',#6038,#6039,#6040);
#6038 = CARTESIAN_POINT('',(22.,261.,91.675));
#6039 = DIRECTION('',(0.,0.,1.));
#6040 = DIRECTION('',(1.,0.,0.));
#6041 = ORIENTED_EDGE('',*,*,#6042,.T.);
#6042 = EDGE_CURVE('',#6034,#6043,#6045,.T.);
#6043 = VERTEX_POINT('',#6044);
#6044 = CARTESIAN_POINT('',(14.,258.5,91.675));
#6045 = LINE('',#6046,#6047);
#6046 = CARTESIAN_POINT('',(11.,258.5,91.675));
#6047 = VECTOR('',#6048,1.);
#6048 = DIRECTION('',(-1.,0.,0.));
#6049 = ORIENTED_EDGE('',*,*,#6050,.F.);
#6050 = EDGE_CURVE('',#6017,#6043,#6051,.T.);
#6051 = CIRCLE('',#6052,2.5);
#6052 = AXIS2_PLACEMENT_3D('',#6053,#6054,#6055);
#6053 = CARTESIAN_POINT('',(14.,261.,91.675));
#6054 = DIRECTION('',(0.,0.,1.));
#6055 = DIRECTION('',(1.,0.,0.));
#6056 = PLANE('',#6057);
#6057 = AXIS2_PLACEMENT_3D('',#6058,#6059,#6060);
#6058 = CARTESIAN_POINT('',(8.,252.,91.675));
#6059 = DIRECTION('',(0.,0.,1.));
#6060 = DIRECTION('',(1.,0.,0.));
#6061 = ADVANCED_FACE('',(#6062),#6068,.T.);
#6062 = FACE_BOUND('',#6063,.T.);
#6063 = EDGE_LOOP('',(#6064,#6065,#6066,#6067));
#6064 = ORIENTED_EDGE('',*,*,#5896,.F.);
#6065 = ORIENTED_EDGE('',*,*,#6005,.T.);
#6066 = ORIENTED_EDGE('',*,*,#5989,.T.);
#6067 = ORIENTED_EDGE('',*,*,#5912,.F.);
#6068 = PLANE('',#6069);
#6069 = AXIS2_PLACEMENT_3D('',#6070,#6071,#6072);
#6070 = CARTESIAN_POINT('',(28.,252.,91.675));
#6071 = DIRECTION('',(1.,0.,0.));
#6072 = DIRECTION('',(0.,0.,1.));
#6073 = ADVANCED_FACE('',(#6074),#6090,.F.);
#6074 = FACE_BOUND('',#6075,.F.);
#6075 = EDGE_LOOP('',(#6076,#6077,#6083,#6084));
#6076 = ORIENTED_EDGE('',*,*,#6014,.T.);
#6077 = ORIENTED_EDGE('',*,*,#6078,.T.);
#6078 = EDGE_CURVE('',#6017,#5931,#6079,.T.);
#6079 = LINE('',#6080,#6081);
#6080 = CARTESIAN_POINT('',(14.,263.5,90.675));
#6081 = VECTOR('',#6082,1.);
#6082 = DIRECTION('',(0.,0.,1.));
#6083 = ORIENTED_EDGE('',*,*,#5928,.F.);
#6084 = ORIENTED_EDGE('',*,*,#6085,.F.);
#6085 = EDGE_CURVE('',#6015,#5929,#6086,.T.);
#6086 = LINE('',#6087,#6088);
#6087 = CARTESIAN_POINT('',(17.961126394649,263.5,90.675));
#6088 = VECTOR('',#6089,1.);
#6089 = DIRECTION('',(0.,0.,1.));
#6090 = PLANE('',#6091);
#6091 = AXIS2_PLACEMENT_3D('',#6092,#6093,#6094);
#6092 = CARTESIAN_POINT('',(14.,263.5,90.675));
#6093 = DIRECTION('',(0.,1.,0.));
#6094 = DIRECTION('',(0.,0.,1.));
#6095 = ADVANCED_FACE('',(#6096),#6107,.F.);
#6096 = FACE_BOUND('',#6097,.F.);
#6097 = EDGE_LOOP('',(#6098,#6099,#6100,#6101));
#6098 = ORIENTED_EDGE('',*,*,#5964,.F.);
#6099 = ORIENTED_EDGE('',*,*,#6078,.F.);
#6100 = ORIENTED_EDGE('',*,*,#6050,.T.);
#6101 = ORIENTED_EDGE('',*,*,#6102,.T.);
#6102 = EDGE_CURVE('',#6043,#5957,#6103,.T.);
#6103 = LINE('',#6104,#6105);
#6104 = CARTESIAN_POINT('',(14.,258.5,90.675));
#6105 = VECTOR('',#6106,1.);
#6106 = DIRECTION('',(0.,0.,1.));
#6107 = CYLINDRICAL_SURFACE('',#6108,2.5);
#6108 = AXIS2_PLACEMENT_3D('',#6109,#6110,#6111);
#6109 = CARTESIAN_POINT('',(14.,261.,90.675));
#6110 = DIRECTION('',(0.,0.,1.));
#6111 = DIRECTION('',(1.,0.,0.));
#6112 = ADVANCED_FACE('',(#6113),#6124,.T.);
#6113 = FACE_BOUND('',#6114,.T.);
#6114 = EDGE_LOOP('',(#6115,#6116,#6117,#6118));
#6115 = ORIENTED_EDGE('',*,*,#6042,.T.);
#6116 = ORIENTED_EDGE('',*,*,#6102,.T.);
#6117 = ORIENTED_EDGE('',*,*,#5956,.F.);
#6118 = ORIENTED_EDGE('',*,*,#6119,.F.);
#6119 = EDGE_CURVE('',#6034,#5948,#6120,.T.);
#6120 = LINE('',#6121,#6122);
#6121 = CARTESIAN_POINT('',(17.961126394649,258.5,90.675));
#6122 = VECTOR('',#6123,1.);
#6123 = DIRECTION('',(0.,0.,1.));
#6124 = PLANE('',#6125);
#6125 = AXIS2_PLACEMENT_3D('',#6126,#6127,#6128);
#6126 = CARTESIAN_POINT('',(14.,258.5,90.675));
#6127 = DIRECTION('',(0.,1.,0.));
#6128 = DIRECTION('',(0.,0.,1.));
#6129 = ADVANCED_FACE('',(#6130),#6141,.F.);
#6130 = FACE_BOUND('',#6131,.F.);
#6131 = EDGE_LOOP('',(#6132,#6133,#6139,#6140));
#6132 = ORIENTED_EDGE('',*,*,#6033,.T.);
#6133 = ORIENTED_EDGE('',*,*,#6134,.T.);
#6134 = EDGE_CURVE('',#6025,#5939,#6135,.T.);
#6135 = LINE('',#6136,#6137);
#6136 = CARTESIAN_POINT('',(26.75,261.,90.675));
#6137 = VECTOR('',#6138,1.);
#6138 = DIRECTION('',(0.,0.,1.));
#6139 = ORIENTED_EDGE('',*,*,#5947,.F.);
#6140 = ORIENTED_EDGE('',*,*,#6119,.F.);
#6141 = CYLINDRICAL_SURFACE('',#6142,4.75);
#6142 = AXIS2_PLACEMENT_3D('',#6143,#6144,#6145);
#6143 = CARTESIAN_POINT('',(22.,261.,90.675));
#6144 = DIRECTION('',(0.,0.,1.));
#6145 = DIRECTION('',(1.,0.,0.));
#6146 = ADVANCED_FACE('',(#6147),#6153,.F.);
#6147 = FACE_BOUND('',#6148,.F.);
#6148 = EDGE_LOOP('',(#6149,#6150,#6151,#6152));
#6149 = ORIENTED_EDGE('',*,*,#5938,.F.);
#6150 = ORIENTED_EDGE('',*,*,#6134,.F.);
#6151 = ORIENTED_EDGE('',*,*,#6024,.T.);
#6152 = ORIENTED_EDGE('',*,*,#6085,.T.);
#6153 = CYLINDRICAL_SURFACE('',#6154,4.75);
#6154 = AXIS2_PLACEMENT_3D('',#6155,#6156,#6157);
#6155 = CARTESIAN_POINT('',(22.,261.,90.675));
#6156 = DIRECTION('',(0.,0.,1.));
#6157 = DIRECTION('',(1.,0.,0.));
#6158 = MANIFOLD_SOLID_BREP('',#6159);
#6159 = CLOSED_SHELL('',(#6160,#6200,#6231,#6300,#6324,#6386,#6398,#6420
    ,#6437,#6454,#6471));
#6160 = ADVANCED_FACE('',(#6161),#6195,.F.);
#6161 = FACE_BOUND('',#6162,.F.);
#6162 = EDGE_LOOP('',(#6163,#6173,#6181,#6189));
#6163 = ORIENTED_EDGE('',*,*,#6164,.F.);
#6164 = EDGE_CURVE('',#6165,#6167,#6169,.T.);
#6165 = VERTEX_POINT('',#6166);
#6166 = CARTESIAN_POINT('',(8.,252.,116.425));
#6167 = VERTEX_POINT('',#6168);
#6168 = CARTESIAN_POINT('',(8.,252.,118.425));
#6169 = LINE('',#6170,#6171);
#6170 = CARTESIAN_POINT('',(8.,252.,116.425));
#6171 = VECTOR('',#6172,1.);
#6172 = DIRECTION('',(0.,0.,1.));
#6173 = ORIENTED_EDGE('',*,*,#6174,.T.);
#6174 = EDGE_CURVE('',#6165,#6175,#6177,.T.);
#6175 = VERTEX_POINT('',#6176);
#6176 = CARTESIAN_POINT('',(8.,270.,116.425));
#6177 = LINE('',#6178,#6179);
#6178 = CARTESIAN_POINT('',(8.,252.,116.425));
#6179 = VECTOR('',#6180,1.);
#6180 = DIRECTION('',(0.,1.,0.));
#6181 = ORIENTED_EDGE('',*,*,#6182,.T.);
#6182 = EDGE_CURVE('',#6175,#6183,#6185,.T.);
#6183 = VERTEX_POINT('',#6184);
#6184 = CARTESIAN_POINT('',(8.,270.,118.425));
#6185 = LINE('',#6186,#6187);
#6186 = CARTESIAN_POINT('',(8.,270.,116.425));
#6187 = VECTOR('',#6188,1.);
#6188 = DIRECTION('',(0.,0.,1.));
#6189 = ORIENTED_EDGE('',*,*,#6190,.F.);
#6190 = EDGE_CURVE('',#6167,#6183,#6191,.T.);
#6191 = LINE('',#6192,#6193);
#6192 = CARTESIAN_POINT('',(8.,252.,118.425));
#6193 = VECTOR('',#6194,1.);
#6194 = DIRECTION('',(0.,1.,0.));
#6195 = PLANE('',#6196);
#6196 = AXIS2_PLACEMENT_3D('',#6197,#6198,#6199);
#6197 = CARTESIAN_POINT('',(8.,252.,116.425));
#6198 = DIRECTION('',(1.,0.,0.));
#6199 = DIRECTION('',(0.,0.,1.));
#6200 = ADVANCED_FACE('',(#6201),#6226,.F.);
#6201 = FACE_BOUND('',#6202,.F.);
#6202 = EDGE_LOOP('',(#6203,#6211,#6212,#6220));
#6203 = ORIENTED_EDGE('',*,*,#6204,.F.);
#6204 = EDGE_CURVE('',#6165,#6205,#6207,.T.);
#6205 = VERTEX_POINT('',#6206);
#6206 = CARTESIAN_POINT('',(28.,252.,116.425));
#6207 = LINE('',#6208,#6209);
#6208 = CARTESIAN_POINT('',(8.,252.,116.425));
#6209 = VECTOR('',#6210,1.);
#6210 = DIRECTION('',(1.,0.,0.));
#6211 = ORIENTED_EDGE('',*,*,#6164,.T.);
#6212 = ORIENTED_EDGE('',*,*,#6213,.T.);
#6213 = EDGE_CURVE('',#6167,#6214,#6216,.T.);
#6214 = VERTEX_POINT('',#6215);
#6215 = CARTESIAN_POINT('',(28.,252.,118.425));
#6216 = LINE('',#6217,#6218);
#6217 = CARTESIAN_POINT('',(8.,252.,118.425));
#6218 = VECTOR('',#6219,1.);
#6219 = DIRECTION('',(1.,0.,0.));
#6220 = ORIENTED_EDGE('',*,*,#6221,.F.);
#6221 = EDGE_CURVE('',#6205,#6214,#6222,.T.);
#6222 = LINE('',#6223,#6224);
#6223 = CARTESIAN_POINT('',(28.,252.,116.425));
#6224 = VECTOR('',#6225,1.);
#6225 = DIRECTION('',(0.,0.,1.));
#6226 = PLANE('',#6227);
#6227 = AXIS2_PLACEMENT_3D('',#6228,#6229,#6230);
#6228 = CARTESIAN_POINT('',(8.,252.,116.425));
#6229 = DIRECTION('',(0.,1.,0.));
#6230 = DIRECTION('',(0.,0.,1.));
#6231 = ADVANCED_FACE('',(#6232,#6250),#6295,.T.);
#6232 = FACE_BOUND('',#6233,.T.);
#6233 = EDGE_LOOP('',(#6234,#6235,#6236,#6244));
#6234 = ORIENTED_EDGE('',*,*,#6190,.F.);
#6235 = ORIENTED_EDGE('',*,*,#6213,.T.);
#6236 = ORIENTED_EDGE('',*,*,#6237,.T.);
#6237 = EDGE_CURVE('',#6214,#6238,#6240,.T.);
#6238 = VERTEX_POINT('',#6239);
#6239 = CARTESIAN_POINT('',(28.,270.,118.425));
#6240 = LINE('',#6241,#6242);
#6241 = CARTESIAN_POINT('',(28.,252.,118.425));
#6242 = VECTOR('',#6243,1.);
#6243 = DIRECTION('',(0.,1.,0.));
#6244 = ORIENTED_EDGE('',*,*,#6245,.F.);
#6245 = EDGE_CURVE('',#6183,#6238,#6246,.T.);
#6246 = LINE('',#6247,#6248);
#6247 = CARTESIAN_POINT('',(8.,270.,118.425));
#6248 = VECTOR('',#6249,1.);
#6249 = DIRECTION('',(1.,0.,0.));
#6250 = FACE_BOUND('',#6251,.T.);
#6251 = EDGE_LOOP('',(#6252,#6262,#6271,#6280,#6288));
#6252 = ORIENTED_EDGE('',*,*,#6253,.F.);
#6253 = EDGE_CURVE('',#6254,#6256,#6258,.T.);
#6254 = VERTEX_POINT('',#6255);
#6255 = CARTESIAN_POINT('',(17.961126394649,263.5,118.425));
#6256 = VERTEX_POINT('',#6257);
#6257 = CARTESIAN_POINT('',(14.,263.5,118.425));
#6258 = LINE('',#6259,#6260);
#6259 = CARTESIAN_POINT('',(11.,263.5,118.425));
#6260 = VECTOR('',#6261,1.);
#6261 = DIRECTION('',(-1.,0.,0.));
#6262 = ORIENTED_EDGE('',*,*,#6263,.F.);
#6263 = EDGE_CURVE('',#6264,#6254,#6266,.T.);
#6264 = VERTEX_POINT('',#6265);
#6265 = CARTESIAN_POINT('',(26.75,261.,118.425));
#6266 = CIRCLE('',#6267,4.75);
#6267 = AXIS2_PLACEMENT_3D('',#6268,#6269,#6270);
#6268 = CARTESIAN_POINT('',(22.,261.,118.425));
#6269 = DIRECTION('',(0.,0.,1.));
#6270 = DIRECTION('',(1.,0.,0.));
#6271 = ORIENTED_EDGE('',*,*,#6272,.F.);
#6272 = EDGE_CURVE('',#6273,#6264,#6275,.T.);
#6273 = VERTEX_POINT('',#6274);
#6274 = CARTESIAN_POINT('',(17.961126394649,258.5,118.425));
#6275 = CIRCLE('',#6276,4.75);
#6276 = AXIS2_PLACEMENT_3D('',#6277,#6278,#6279);
#6277 = CARTESIAN_POINT('',(22.,261.,118.425));
#6278 = DIRECTION('',(0.,0.,1.));
#6279 = DIRECTION('',(1.,0.,0.));
#6280 = ORIENTED_EDGE('',*,*,#6281,.T.);
#6281 = EDGE_CURVE('',#6273,#6282,#6284,.T.);
#6282 = VERTEX_POINT('',#6283);
#6283 = CARTESIAN_POINT('',(14.,258.5,118.425));
#6284 = LINE('',#6285,#6286);
#6285 = CARTESIAN_POINT('',(11.,258.5,118.425));
#6286 = VECTOR('',#6287,1.);
#6287 = DIRECTION('',(-1.,0.,0.));
#6288 = ORIENTED_EDGE('',*,*,#6289,.F.);
#6289 = EDGE_CURVE('',#6256,#6282,#6290,.T.);
#6290 = CIRCLE('',#6291,2.5);
#6291 = AXIS2_PLACEMENT_3D('',#6292,#6293,#6294);
#6292 = CARTESIAN_POINT('',(14.,261.,118.425));
#6293 = DIRECTION('',(0.,0.,1.));
#6294 = DIRECTION('',(1.,0.,0.));
#6295 = PLANE('',#6296);
#6296 = AXIS2_PLACEMENT_3D('',#6297,#6298,#6299);
#6297 = CARTESIAN_POINT('',(8.,252.,118.425));
#6298 = DIRECTION('',(0.,0.,1.));
#6299 = DIRECTION('',(1.,0.,0.));
#6300 = ADVANCED_FACE('',(#6301),#6319,.T.);
#6301 = FACE_BOUND('',#6302,.T.);
#6302 = EDGE_LOOP('',(#6303,#6311,#6312,#6313));
#6303 = ORIENTED_EDGE('',*,*,#6304,.F.);
#6304 = EDGE_CURVE('',#6175,#6305,#6307,.T.);
#6305 = VERTEX_POINT('',#6306);
#6306 = CARTESIAN_POINT('',(28.,270.,116.425));
#6307 = LINE('',#6308,#6309);
#6308 = CARTESIAN_POINT('',(8.,270.,116.425));
#6309 = VECTOR('',#6310,1.);
#6310 = DIRECTION('',(1.,0.,0.));
#6311 = ORIENTED_EDGE('',*,*,#6182,.T.);
#6312 = ORIENTED_EDGE('',*,*,#6245,.T.);
#6313 = ORIENTED_EDGE('',*,*,#6314,.F.);
#6314 = EDGE_CURVE('',#6305,#6238,#6315,.T.);
#6315 = LINE('',#6316,#6317);
#6316 = CARTESIAN_POINT('',(28.,270.,116.425));
#6317 = VECTOR('',#6318,1.);
#6318 = DIRECTION('',(0.,0.,1.));
#6319 = PLANE('',#6320);
#6320 = AXIS2_PLACEMENT_3D('',#6321,#6322,#6323);
#6321 = CARTESIAN_POINT('',(8.,270.,116.425));
#6322 = DIRECTION('',(0.,1.,0.));
#6323 = DIRECTION('',(0.,0.,1.));
#6324 = ADVANCED_FACE('',(#6325,#6336),#6381,.F.);
#6325 = FACE_BOUND('',#6326,.F.);
#6326 = EDGE_LOOP('',(#6327,#6328,#6329,#6335));
#6327 = ORIENTED_EDGE('',*,*,#6174,.F.);
#6328 = ORIENTED_EDGE('',*,*,#6204,.T.);
#6329 = ORIENTED_EDGE('',*,*,#6330,.T.);
#6330 = EDGE_CURVE('',#6205,#6305,#6331,.T.);
#6331 = LINE('',#6332,#6333);
#6332 = CARTESIAN_POINT('',(28.,252.,116.425));
#6333 = VECTOR('',#6334,1.);
#6334 = DIRECTION('',(0.,1.,0.));
#6335 = ORIENTED_EDGE('',*,*,#6304,.F.);
#6336 = FACE_BOUND('',#6337,.F.);
#6337 = EDGE_LOOP('',(#6338,#6348,#6357,#6366,#6374));
#6338 = ORIENTED_EDGE('',*,*,#6339,.F.);
#6339 = EDGE_CURVE('',#6340,#6342,#6344,.T.);
#6340 = VERTEX_POINT('',#6341);
#6341 = CARTESIAN_POINT('',(17.961126394649,263.5,116.425));
#6342 = VERTEX_POINT('',#6343);
#6343 = CARTESIAN_POINT('',(14.,263.5,116.425));
#6344 = LINE('',#6345,#6346);
#6345 = CARTESIAN_POINT('',(11.,263.5,116.425));
#6346 = VECTOR('',#6347,1.);
#6347 = DIRECTION('',(-1.,0.,0.));
#6348 = ORIENTED_EDGE('',*,*,#6349,.F.);
#6349 = EDGE_CURVE('',#6350,#6340,#6352,.T.);
#6350 = VERTEX_POINT('',#6351);
#6351 = CARTESIAN_POINT('',(26.75,261.,116.425));
#6352 = CIRCLE('',#6353,4.75);
#6353 = AXIS2_PLACEMENT_3D('',#6354,#6355,#6356);
#6354 = CARTESIAN_POINT('',(22.,261.,116.425));
#6355 = DIRECTION('',(0.,0.,1.));
#6356 = DIRECTION('',(1.,0.,0.));
#6357 = ORIENTED_EDGE('',*,*,#6358,.F.);
#6358 = EDGE_CURVE('',#6359,#6350,#6361,.T.);
#6359 = VERTEX_POINT('',#6360);
#6360 = CARTESIAN_POINT('',(17.961126394649,258.5,116.425));
#6361 = CIRCLE('',#6362,4.75);
#6362 = AXIS2_PLACEMENT_3D('',#6363,#6364,#6365);
#6363 = CARTESIAN_POINT('',(22.,261.,116.425));
#6364 = DIRECTION('',(0.,0.,1.));
#6365 = DIRECTION('',(1.,0.,0.));
#6366 = ORIENTED_EDGE('',*,*,#6367,.T.);
#6367 = EDGE_CURVE('',#6359,#6368,#6370,.T.);
#6368 = VERTEX_POINT('',#6369);
#6369 = CARTESIAN_POINT('',(14.,258.5,116.425));
#6370 = LINE('',#6371,#6372);
#6371 = CARTESIAN_POINT('',(11.,258.5,116.425));
#6372 = VECTOR('',#6373,1.);
#6373 = DIRECTION('',(-1.,0.,0.));
#6374 = ORIENTED_EDGE('',*,*,#6375,.F.);
#6375 = EDGE_CURVE('',#6342,#6368,#6376,.T.);
#6376 = CIRCLE('',#6377,2.5);
#6377 = AXIS2_PLACEMENT_3D('',#6378,#6379,#6380);
#6378 = CARTESIAN_POINT('',(14.,261.,116.425));
#6379 = DIRECTION('',(0.,0.,1.));
#6380 = DIRECTION('',(1.,0.,0.));
#6381 = PLANE('',#6382);
#6382 = AXIS2_PLACEMENT_3D('',#6383,#6384,#6385);
#6383 = CARTESIAN_POINT('',(8.,252.,116.425));
#6384 = DIRECTION('',(0.,0.,1.));
#6385 = DIRECTION('',(1.,0.,0.));
#6386 = ADVANCED_FACE('',(#6387),#6393,.T.);
#6387 = FACE_BOUND('',#6388,.T.);
#6388 = EDGE_LOOP('',(#6389,#6390,#6391,#6392));
#6389 = ORIENTED_EDGE('',*,*,#6221,.F.);
#6390 = ORIENTED_EDGE('',*,*,#6330,.T.);
#6391 = ORIENTED_EDGE('',*,*,#6314,.T.);
#6392 = ORIENTED_EDGE('',*,*,#6237,.F.);
#6393 = PLANE('',#6394);
#6394 = AXIS2_PLACEMENT_3D('',#6395,#6396,#6397);
#6395 = CARTESIAN_POINT('',(28.,252.,116.425));
#6396 = DIRECTION('',(1.,0.,0.));
#6397 = DIRECTION('',(0.,0.,1.));
#6398 = ADVANCED_FACE('',(#6399),#6415,.F.);
#6399 = FACE_BOUND('',#6400,.F.);
#6400 = EDGE_LOOP('',(#6401,#6402,#6408,#6409));
#6401 = ORIENTED_EDGE('',*,*,#6339,.T.);
#6402 = ORIENTED_EDGE('',*,*,#6403,.T.);
#6403 = EDGE_CURVE('',#6342,#6256,#6404,.T.);
#6404 = LINE('',#6405,#6406);
#6405 = CARTESIAN_POINT('',(14.,263.5,115.425));
#6406 = VECTOR('',#6407,1.);
#6407 = DIRECTION('',(0.,0.,1.));
#6408 = ORIENTED_EDGE('',*,*,#6253,.F.);
#6409 = ORIENTED_EDGE('',*,*,#6410,.F.);
#6410 = EDGE_CURVE('',#6340,#6254,#6411,.T.);
#6411 = LINE('',#6412,#6413);
#6412 = CARTESIAN_POINT('',(17.961126394649,263.5,115.425));
#6413 = VECTOR('',#6414,1.);
#6414 = DIRECTION('',(0.,0.,1.));
#6415 = PLANE('',#6416);
#6416 = AXIS2_PLACEMENT_3D('',#6417,#6418,#6419);
#6417 = CARTESIAN_POINT('',(14.,263.5,115.425));
#6418 = DIRECTION('',(0.,1.,0.));
#6419 = DIRECTION('',(0.,0.,1.));
#6420 = ADVANCED_FACE('',(#6421),#6432,.F.);
#6421 = FACE_BOUND('',#6422,.F.);
#6422 = EDGE_LOOP('',(#6423,#6424,#6425,#6426));
#6423 = ORIENTED_EDGE('',*,*,#6289,.F.);
#6424 = ORIENTED_EDGE('',*,*,#6403,.F.);
#6425 = ORIENTED_EDGE('',*,*,#6375,.T.);
#6426 = ORIENTED_EDGE('',*,*,#6427,.T.);
#6427 = EDGE_CURVE('',#6368,#6282,#6428,.T.);
#6428 = LINE('',#6429,#6430);
#6429 = CARTESIAN_POINT('',(14.,258.5,115.425));
#6430 = VECTOR('',#6431,1.);
#6431 = DIRECTION('',(0.,0.,1.));
#6432 = CYLINDRICAL_SURFACE('',#6433,2.5);
#6433 = AXIS2_PLACEMENT_3D('',#6434,#6435,#6436);
#6434 = CARTESIAN_POINT('',(14.,261.,115.425));
#6435 = DIRECTION('',(0.,0.,1.));
#6436 = DIRECTION('',(1.,0.,0.));
#6437 = ADVANCED_FACE('',(#6438),#6449,.T.);
#6438 = FACE_BOUND('',#6439,.T.);
#6439 = EDGE_LOOP('',(#6440,#6441,#6442,#6443));
#6440 = ORIENTED_EDGE('',*,*,#6367,.T.);
#6441 = ORIENTED_EDGE('',*,*,#6427,.T.);
#6442 = ORIENTED_EDGE('',*,*,#6281,.F.);
#6443 = ORIENTED_EDGE('',*,*,#6444,.F.);
#6444 = EDGE_CURVE('',#6359,#6273,#6445,.T.);
#6445 = LINE('',#6446,#6447);
#6446 = CARTESIAN_POINT('',(17.961126394649,258.5,115.425));
#6447 = VECTOR('',#6448,1.);
#6448 = DIRECTION('',(0.,0.,1.));
#6449 = PLANE('',#6450);
#6450 = AXIS2_PLACEMENT_3D('',#6451,#6452,#6453);
#6451 = CARTESIAN_POINT('',(14.,258.5,115.425));
#6452 = DIRECTION('',(0.,1.,0.));
#6453 = DIRECTION('',(0.,0.,1.));
#6454 = ADVANCED_FACE('',(#6455),#6466,.F.);
#6455 = FACE_BOUND('',#6456,.F.);
#6456 = EDGE_LOOP('',(#6457,#6458,#6464,#6465));
#6457 = ORIENTED_EDGE('',*,*,#6358,.T.);
#6458 = ORIENTED_EDGE('',*,*,#6459,.T.);
#6459 = EDGE_CURVE('',#6350,#6264,#6460,.T.);
#6460 = LINE('',#6461,#6462);
#6461 = CARTESIAN_POINT('',(26.75,261.,115.425));
#6462 = VECTOR('',#6463,1.);
#6463 = DIRECTION('',(0.,0.,1.));
#6464 = ORIENTED_EDGE('',*,*,#6272,.F.);
#6465 = ORIENTED_EDGE('',*,*,#6444,.F.);
#6466 = CYLINDRICAL_SURFACE('',#6467,4.75);
#6467 = AXIS2_PLACEMENT_3D('',#6468,#6469,#6470);
#6468 = CARTESIAN_POINT('',(22.,261.,115.425));
#6469 = DIRECTION('',(0.,0.,1.));
#6470 = DIRECTION('',(1.,0.,0.));
#6471 = ADVANCED_FACE('',(#6472),#6478,.F.);
#6472 = FACE_BOUND('',#6473,.F.);
#6473 = EDGE_LOOP('',(#6474,#6475,#6476,#6477));
#6474 = ORIENTED_EDGE('',*,*,#6263,.F.);
#6475 = ORIENTED_EDGE('',*,*,#6459,.F.);
#6476 = ORIENTED_EDGE('',*,*,#6349,.T.);
#6477 = ORIENTED_EDGE('',*,*,#6410,.T.);
#6478 = CYLINDRICAL_SURFACE('',#6479,4.75);
#6479 = AXIS2_PLACEMENT_3D('',#6480,#6481,#6482);
#6480 = CARTESIAN_POINT('',(22.,261.,115.425));
#6481 = DIRECTION('',(0.,0.,1.));
#6482 = DIRECTION('',(1.,0.,0.));
#6483 = MANIFOLD_SOLID_BREP('',#6484);
#6484 = CLOSED_SHELL('',(#6485,#6525,#6556,#6591,#6615,#6643,#6655));
#6485 = ADVANCED_FACE('',(#6486),#6520,.F.);
#6486 = FACE_BOUND('',#6487,.F.);
#6487 = EDGE_LOOP('',(#6488,#6498,#6506,#6514));
#6488 = ORIENTED_EDGE('',*,*,#6489,.F.);
#6489 = EDGE_CURVE('',#6490,#6492,#6494,.T.);
#6490 = VERTEX_POINT('',#6491);
#6491 = CARTESIAN_POINT('',(252.,248.3,86.));
#6492 = VERTEX_POINT('',#6493);
#6493 = CARTESIAN_POINT('',(252.,248.3,89.175));
#6494 = LINE('',#6495,#6496);
#6495 = CARTESIAN_POINT('',(252.,248.3,86.));
#6496 = VECTOR('',#6497,1.);
#6497 = DIRECTION('',(0.,0.,1.));
#6498 = ORIENTED_EDGE('',*,*,#6499,.T.);
#6499 = EDGE_CURVE('',#6490,#6500,#6502,.T.);
#6500 = VERTEX_POINT('',#6501);
#6501 = CARTESIAN_POINT('',(252.,273.7,86.));
#6502 = LINE('',#6503,#6504);
#6503 = CARTESIAN_POINT('',(252.,248.3,86.));
#6504 = VECTOR('',#6505,1.);
#6505 = DIRECTION('',(0.,1.,0.));
#6506 = ORIENTED_EDGE('',*,*,#6507,.T.);
#6507 = EDGE_CURVE('',#6500,#6508,#6510,.T.);
#6508 = VERTEX_POINT('',#6509);
#6509 = CARTESIAN_POINT('',(252.,273.7,89.175));
#6510 = LINE('',#6511,#6512);
#6511 = CARTESIAN_POINT('',(252.,273.7,86.));
#6512 = VECTOR('',#6513,1.);
#6513 = DIRECTION('',(0.,0.,1.));
#6514 = ORIENTED_EDGE('',*,*,#6515,.F.);
#6515 = EDGE_CURVE('',#6492,#6508,#6516,.T.);
#6516 = LINE('',#6517,#6518);
#6517 = CARTESIAN_POINT('',(252.,248.3,89.175));
#6518 = VECTOR('',#6519,1.);
#6519 = DIRECTION('',(0.,1.,0.));
#6520 = PLANE('',#6521);
#6521 = AXIS2_PLACEMENT_3D('',#6522,#6523,#6524);
#6522 = CARTESIAN_POINT('',(252.,248.3,86.));
#6523 = DIRECTION('',(1.,0.,0.));
#6524 = DIRECTION('',(0.,0.,1.));
#6525 = ADVANCED_FACE('',(#6526),#6551,.F.);
#6526 = FACE_BOUND('',#6527,.F.);
#6527 = EDGE_LOOP('',(#6528,#6536,#6537,#6545));
#6528 = ORIENTED_EDGE('',*,*,#6529,.F.);
#6529 = EDGE_CURVE('',#6490,#6530,#6532,.T.);
#6530 = VERTEX_POINT('',#6531);
#6531 = CARTESIAN_POINT('',(270.,248.3,86.));
#6532 = LINE('',#6533,#6534);
#6533 = CARTESIAN_POINT('',(252.,248.3,86.));
#6534 = VECTOR('',#6535,1.);
#6535 = DIRECTION('',(1.,0.,0.));
#6536 = ORIENTED_EDGE('',*,*,#6489,.T.);
#6537 = ORIENTED_EDGE('',*,*,#6538,.T.);
#6538 = EDGE_CURVE('',#6492,#6539,#6541,.T.);
#6539 = VERTEX_POINT('',#6540);
#6540 = CARTESIAN_POINT('',(270.,248.3,89.175));
#6541 = LINE('',#6542,#6543);
#6542 = CARTESIAN_POINT('',(252.,248.3,89.175));
#6543 = VECTOR('',#6544,1.);
#6544 = DIRECTION('',(1.,0.,0.));
#6545 = ORIENTED_EDGE('',*,*,#6546,.F.);
#6546 = EDGE_CURVE('',#6530,#6539,#6547,.T.);
#6547 = LINE('',#6548,#6549);
#6548 = CARTESIAN_POINT('',(270.,248.3,86.));
#6549 = VECTOR('',#6550,1.);
#6550 = DIRECTION('',(0.,0.,1.));
#6551 = PLANE('',#6552);
#6552 = AXIS2_PLACEMENT_3D('',#6553,#6554,#6555);
#6553 = CARTESIAN_POINT('',(252.,248.3,86.));
#6554 = DIRECTION('',(0.,1.,0.));
#6555 = DIRECTION('',(0.,0.,1.));
#6556 = ADVANCED_FACE('',(#6557,#6575),#6586,.T.);
#6557 = FACE_BOUND('',#6558,.T.);
#6558 = EDGE_LOOP('',(#6559,#6560,#6561,#6569));
#6559 = ORIENTED_EDGE('',*,*,#6515,.F.);
#6560 = ORIENTED_EDGE('',*,*,#6538,.T.);
#6561 = ORIENTED_EDGE('',*,*,#6562,.T.);
#6562 = EDGE_CURVE('',#6539,#6563,#6565,.T.);
#6563 = VERTEX_POINT('',#6564);
#6564 = CARTESIAN_POINT('',(270.,273.7,89.175));
#6565 = LINE('',#6566,#6567);
#6566 = CARTESIAN_POINT('',(270.,248.3,89.175));
#6567 = VECTOR('',#6568,1.);
#6568 = DIRECTION('',(0.,1.,0.));
#6569 = ORIENTED_EDGE('',*,*,#6570,.F.);
#6570 = EDGE_CURVE('',#6508,#6563,#6571,.T.);
#6571 = LINE('',#6572,#6573);
#6572 = CARTESIAN_POINT('',(252.,273.7,89.175));
#6573 = VECTOR('',#6574,1.);
#6574 = DIRECTION('',(1.,0.,0.));
#6575 = FACE_BOUND('',#6576,.T.);
#6576 = EDGE_LOOP('',(#6577));
#6577 = ORIENTED_EDGE('',*,*,#6578,.F.);
#6578 = EDGE_CURVE('',#6579,#6579,#6581,.T.);
#6579 = VERTEX_POINT('',#6580);
#6580 = CARTESIAN_POINT('',(265.75,261.,89.175));
#6581 = CIRCLE('',#6582,4.75);
#6582 = AXIS2_PLACEMENT_3D('',#6583,#6584,#6585);
#6583 = CARTESIAN_POINT('',(261.,261.,89.175));
#6584 = DIRECTION('',(0.,0.,1.));
#6585 = DIRECTION('',(1.,0.,0.));
#6586 = PLANE('',#6587);
#6587 = AXIS2_PLACEMENT_3D('',#6588,#6589,#6590);
#6588 = CARTESIAN_POINT('',(252.,248.3,89.175));
#6589 = DIRECTION('',(0.,0.,1.));
#6590 = DIRECTION('',(1.,0.,0.));
#6591 = ADVANCED_FACE('',(#6592),#6610,.T.);
#6592 = FACE_BOUND('',#6593,.T.);
#6593 = EDGE_LOOP('',(#6594,#6602,#6603,#6604));
#6594 = ORIENTED_EDGE('',*,*,#6595,.F.);
#6595 = EDGE_CURVE('',#6500,#6596,#6598,.T.);
#6596 = VERTEX_POINT('',#6597);
#6597 = CARTESIAN_POINT('',(270.,273.7,86.));
#6598 = LINE('',#6599,#6600);
#6599 = CARTESIAN_POINT('',(252.,273.7,86.));
#6600 = VECTOR('',#6601,1.);
#6601 = DIRECTION('',(1.,0.,0.));
#6602 = ORIENTED_EDGE('',*,*,#6507,.T.);
#6603 = ORIENTED_EDGE('',*,*,#6570,.T.);
#6604 = ORIENTED_EDGE('',*,*,#6605,.F.);
#6605 = EDGE_CURVE('',#6596,#6563,#6606,.T.);
#6606 = LINE('',#6607,#6608);
#6607 = CARTESIAN_POINT('',(270.,273.7,86.));
#6608 = VECTOR('',#6609,1.);
#6609 = DIRECTION('',(0.,0.,1.));
#6610 = PLANE('',#6611);
#6611 = AXIS2_PLACEMENT_3D('',#6612,#6613,#6614);
#6612 = CARTESIAN_POINT('',(252.,273.7,86.));
#6613 = DIRECTION('',(0.,1.,0.));
#6614 = DIRECTION('',(0.,0.,1.));
#6615 = ADVANCED_FACE('',(#6616,#6627),#6638,.F.);
#6616 = FACE_BOUND('',#6617,.F.);
#6617 = EDGE_LOOP('',(#6618,#6619,#6620,#6626));
#6618 = ORIENTED_EDGE('',*,*,#6499,.F.);
#6619 = ORIENTED_EDGE('',*,*,#6529,.T.);
#6620 = ORIENTED_EDGE('',*,*,#6621,.T.);
#6621 = EDGE_CURVE('',#6530,#6596,#6622,.T.);
#6622 = LINE('',#6623,#6624);
#6623 = CARTESIAN_POINT('',(270.,248.3,86.));
#6624 = VECTOR('',#6625,1.);
#6625 = DIRECTION('',(0.,1.,0.));
#6626 = ORIENTED_EDGE('',*,*,#6595,.F.);
#6627 = FACE_BOUND('',#6628,.F.);
#6628 = EDGE_LOOP('',(#6629));
#6629 = ORIENTED_EDGE('',*,*,#6630,.F.);
#6630 = EDGE_CURVE('',#6631,#6631,#6633,.T.);
#6631 = VERTEX_POINT('',#6632);
#6632 = CARTESIAN_POINT('',(265.75,261.,86.));
#6633 = CIRCLE('',#6634,4.75);
#6634 = AXIS2_PLACEMENT_3D('',#6635,#6636,#6637);
#6635 = CARTESIAN_POINT('',(261.,261.,86.));
#6636 = DIRECTION('',(0.,0.,1.));
#6637 = DIRECTION('',(1.,0.,0.));
#6638 = PLANE('',#6639);
#6639 = AXIS2_PLACEMENT_3D('',#6640,#6641,#6642);
#6640 = CARTESIAN_POINT('',(252.,248.3,86.));
#6641 = DIRECTION('',(0.,0.,1.));
#6642 = DIRECTION('',(1.,0.,0.));
#6643 = ADVANCED_FACE('',(#6644),#6650,.T.);
#6644 = FACE_BOUND('',#6645,.T.);
#6645 = EDGE_LOOP('',(#6646,#6647,#6648,#6649));
#6646 = ORIENTED_EDGE('',*,*,#6546,.F.);
#6647 = ORIENTED_EDGE('',*,*,#6621,.T.);
#6648 = ORIENTED_EDGE('',*,*,#6605,.T.);
#6649 = ORIENTED_EDGE('',*,*,#6562,.F.);
#6650 = PLANE('',#6651);
#6651 = AXIS2_PLACEMENT_3D('',#6652,#6653,#6654);
#6652 = CARTESIAN_POINT('',(270.,248.3,86.));
#6653 = DIRECTION('',(1.,0.,0.));
#6654 = DIRECTION('',(0.,0.,1.));
#6655 = ADVANCED_FACE('',(#6656),#6667,.F.);
#6656 = FACE_BOUND('',#6657,.F.);
#6657 = EDGE_LOOP('',(#6658,#6659,#6665,#6666));
#6658 = ORIENTED_EDGE('',*,*,#6578,.F.);
#6659 = ORIENTED_EDGE('',*,*,#6660,.F.);
#6660 = EDGE_CURVE('',#6631,#6579,#6661,.T.);
#6661 = LINE('',#6662,#6663);
#6662 = CARTESIAN_POINT('',(265.75,261.,85.));
#6663 = VECTOR('',#6664,1.);
#6664 = DIRECTION('',(0.,0.,1.));
#6665 = ORIENTED_EDGE('',*,*,#6630,.T.);
#6666 = ORIENTED_EDGE('',*,*,#6660,.T.);
#6667 = CYLINDRICAL_SURFACE('',#6668,4.75);
#6668 = AXIS2_PLACEMENT_3D('',#6669,#6670,#6671);
#6669 = CARTESIAN_POINT('',(261.,261.,85.));
#6670 = DIRECTION('',(0.,0.,1.));
#6671 = DIRECTION('',(1.,0.,0.));
#6672 = MANIFOLD_SOLID_BREP('',#6673);
#6673 = CLOSED_SHELL('',(#6674,#6714,#6745,#6780,#6804,#6832,#6844));
#6674 = ADVANCED_FACE('',(#6675),#6709,.F.);
#6675 = FACE_BOUND('',#6676,.F.);
#6676 = EDGE_LOOP('',(#6677,#6687,#6695,#6703));
#6677 = ORIENTED_EDGE('',*,*,#6678,.F.);
#6678 = EDGE_CURVE('',#6679,#6681,#6683,.T.);
#6679 = VERTEX_POINT('',#6680);
#6680 = CARTESIAN_POINT('',(252.,248.3,120.925));
#6681 = VERTEX_POINT('',#6682);
#6682 = CARTESIAN_POINT('',(252.,248.3,124.1));
#6683 = LINE('',#6684,#6685);
#6684 = CARTESIAN_POINT('',(252.,248.3,120.925));
#6685 = VECTOR('',#6686,1.);
#6686 = DIRECTION('',(0.,0.,1.));
#6687 = ORIENTED_EDGE('',*,*,#6688,.T.);
#6688 = EDGE_CURVE('',#6679,#6689,#6691,.T.);
#6689 = VERTEX_POINT('',#6690);
#6690 = CARTESIAN_POINT('',(252.,273.7,120.925));
#6691 = LINE('',#6692,#6693);
#6692 = CARTESIAN_POINT('',(252.,248.3,120.925));
#6693 = VECTOR('',#6694,1.);
#6694 = DIRECTION('',(0.,1.,0.));
#6695 = ORIENTED_EDGE('',*,*,#6696,.T.);
#6696 = EDGE_CURVE('',#6689,#6697,#6699,.T.);
#6697 = VERTEX_POINT('',#6698);
#6698 = CARTESIAN_POINT('',(252.,273.7,124.1));
#6699 = LINE('',#6700,#6701);
#6700 = CARTESIAN_POINT('',(252.,273.7,120.925));
#6701 = VECTOR('',#6702,1.);
#6702 = DIRECTION('',(0.,0.,1.));
#6703 = ORIENTED_EDGE('',*,*,#6704,.F.);
#6704 = EDGE_CURVE('',#6681,#6697,#6705,.T.);
#6705 = LINE('',#6706,#6707);
#6706 = CARTESIAN_POINT('',(252.,248.3,124.1));
#6707 = VECTOR('',#6708,1.);
#6708 = DIRECTION('',(0.,1.,0.));
#6709 = PLANE('',#6710);
#6710 = AXIS2_PLACEMENT_3D('',#6711,#6712,#6713);
#6711 = CARTESIAN_POINT('',(252.,248.3,120.925));
#6712 = DIRECTION('',(1.,0.,0.));
#6713 = DIRECTION('',(0.,0.,1.));
#6714 = ADVANCED_FACE('',(#6715),#6740,.F.);
#6715 = FACE_BOUND('',#6716,.F.);
#6716 = EDGE_LOOP('',(#6717,#6725,#6726,#6734));
#6717 = ORIENTED_EDGE('',*,*,#6718,.F.);
#6718 = EDGE_CURVE('',#6679,#6719,#6721,.T.);
#6719 = VERTEX_POINT('',#6720);
#6720 = CARTESIAN_POINT('',(270.,248.3,120.925));
#6721 = LINE('',#6722,#6723);
#6722 = CARTESIAN_POINT('',(252.,248.3,120.925));
#6723 = VECTOR('',#6724,1.);
#6724 = DIRECTION('',(1.,0.,0.));
#6725 = ORIENTED_EDGE('',*,*,#6678,.T.);
#6726 = ORIENTED_EDGE('',*,*,#6727,.T.);
#6727 = EDGE_CURVE('',#6681,#6728,#6730,.T.);
#6728 = VERTEX_POINT('',#6729);
#6729 = CARTESIAN_POINT('',(270.,248.3,124.1));
#6730 = LINE('',#6731,#6732);
#6731 = CARTESIAN_POINT('',(252.,248.3,124.1));
#6732 = VECTOR('',#6733,1.);
#6733 = DIRECTION('',(1.,0.,0.));
#6734 = ORIENTED_EDGE('',*,*,#6735,.F.);
#6735 = EDGE_CURVE('',#6719,#6728,#6736,.T.);
#6736 = LINE('',#6737,#6738);
#6737 = CARTESIAN_POINT('',(270.,248.3,120.925));
#6738 = VECTOR('',#6739,1.);
#6739 = DIRECTION('',(0.,0.,1.));
#6740 = PLANE('',#6741);
#6741 = AXIS2_PLACEMENT_3D('',#6742,#6743,#6744);
#6742 = CARTESIAN_POINT('',(252.,248.3,120.925));
#6743 = DIRECTION('',(0.,1.,0.));
#6744 = DIRECTION('',(0.,0.,1.));
#6745 = ADVANCED_FACE('',(#6746,#6764),#6775,.T.);
#6746 = FACE_BOUND('',#6747,.T.);
#6747 = EDGE_LOOP('',(#6748,#6749,#6750,#6758));
#6748 = ORIENTED_EDGE('',*,*,#6704,.F.);
#6749 = ORIENTED_EDGE('',*,*,#6727,.T.);
#6750 = ORIENTED_EDGE('',*,*,#6751,.T.);
#6751 = EDGE_CURVE('',#6728,#6752,#6754,.T.);
#6752 = VERTEX_POINT('',#6753);
#6753 = CARTESIAN_POINT('',(270.,273.7,124.1));
#6754 = LINE('',#6755,#6756);
#6755 = CARTESIAN_POINT('',(270.,248.3,124.1));
#6756 = VECTOR('',#6757,1.);
#6757 = DIRECTION('',(0.,1.,0.));
#6758 = ORIENTED_EDGE('',*,*,#6759,.F.);
#6759 = EDGE_CURVE('',#6697,#6752,#6760,.T.);
#6760 = LINE('',#6761,#6762);
#6761 = CARTESIAN_POINT('',(252.,273.7,124.1));
#6762 = VECTOR('',#6763,1.);
#6763 = DIRECTION('',(1.,0.,0.));
#6764 = FACE_BOUND('',#6765,.T.);
#6765 = EDGE_LOOP('',(#6766));
#6766 = ORIENTED_EDGE('',*,*,#6767,.F.);
#6767 = EDGE_CURVE('',#6768,#6768,#6770,.T.);
#6768 = VERTEX_POINT('',#6769);
#6769 = CARTESIAN_POINT('',(265.75,261.,124.1));
#6770 = CIRCLE('',#6771,4.75);
#6771 = AXIS2_PLACEMENT_3D('',#6772,#6773,#6774);
#6772 = CARTESIAN_POINT('',(261.,261.,124.1));
#6773 = DIRECTION('',(0.,0.,1.));
#6774 = DIRECTION('',(1.,0.,0.));
#6775 = PLANE('',#6776);
#6776 = AXIS2_PLACEMENT_3D('',#6777,#6778,#6779);
#6777 = CARTESIAN_POINT('',(252.,248.3,124.1));
#6778 = DIRECTION('',(0.,0.,1.));
#6779 = DIRECTION('',(1.,0.,0.));
#6780 = ADVANCED_FACE('',(#6781),#6799,.T.);
#6781 = FACE_BOUND('',#6782,.T.);
#6782 = EDGE_LOOP('',(#6783,#6791,#6792,#6793));
#6783 = ORIENTED_EDGE('',*,*,#6784,.F.);
#6784 = EDGE_CURVE('',#6689,#6785,#6787,.T.);
#6785 = VERTEX_POINT('',#6786);
#6786 = CARTESIAN_POINT('',(270.,273.7,120.925));
#6787 = LINE('',#6788,#6789);
#6788 = CARTESIAN_POINT('',(252.,273.7,120.925));
#6789 = VECTOR('',#6790,1.);
#6790 = DIRECTION('',(1.,0.,0.));
#6791 = ORIENTED_EDGE('',*,*,#6696,.T.);
#6792 = ORIENTED_EDGE('',*,*,#6759,.T.);
#6793 = ORIENTED_EDGE('',*,*,#6794,.F.);
#6794 = EDGE_CURVE('',#6785,#6752,#6795,.T.);
#6795 = LINE('',#6796,#6797);
#6796 = CARTESIAN_POINT('',(270.,273.7,120.925));
#6797 = VECTOR('',#6798,1.);
#6798 = DIRECTION('',(0.,0.,1.));
#6799 = PLANE('',#6800);
#6800 = AXIS2_PLACEMENT_3D('',#6801,#6802,#6803);
#6801 = CARTESIAN_POINT('',(252.,273.7,120.925));
#6802 = DIRECTION('',(0.,1.,0.));
#6803 = DIRECTION('',(0.,0.,1.));
#6804 = ADVANCED_FACE('',(#6805,#6816),#6827,.F.);
#6805 = FACE_BOUND('',#6806,.F.);
#6806 = EDGE_LOOP('',(#6807,#6808,#6809,#6815));
#6807 = ORIENTED_EDGE('',*,*,#6688,.F.);
#6808 = ORIENTED_EDGE('',*,*,#6718,.T.);
#6809 = ORIENTED_EDGE('',*,*,#6810,.T.);
#6810 = EDGE_CURVE('',#6719,#6785,#6811,.T.);
#6811 = LINE('',#6812,#6813);
#6812 = CARTESIAN_POINT('',(270.,248.3,120.925));
#6813 = VECTOR('',#6814,1.);
#6814 = DIRECTION('',(0.,1.,0.));
#6815 = ORIENTED_EDGE('',*,*,#6784,.F.);
#6816 = FACE_BOUND('',#6817,.F.);
#6817 = EDGE_LOOP('',(#6818));
#6818 = ORIENTED_EDGE('',*,*,#6819,.F.);
#6819 = EDGE_CURVE('',#6820,#6820,#6822,.T.);
#6820 = VERTEX_POINT('',#6821);
#6821 = CARTESIAN_POINT('',(265.75,261.,120.925));
#6822 = CIRCLE('',#6823,4.75);
#6823 = AXIS2_PLACEMENT_3D('',#6824,#6825,#6826);
#6824 = CARTESIAN_POINT('',(261.,261.,120.925));
#6825 = DIRECTION('',(0.,0.,1.));
#6826 = DIRECTION('',(1.,0.,0.));
#6827 = PLANE('',#6828);
#6828 = AXIS2_PLACEMENT_3D('',#6829,#6830,#6831);
#6829 = CARTESIAN_POINT('',(252.,248.3,120.925));
#6830 = DIRECTION('',(0.,0.,1.));
#6831 = DIRECTION('',(1.,0.,0.));
#6832 = ADVANCED_FACE('',(#6833),#6839,.T.);
#6833 = FACE_BOUND('',#6834,.T.);
#6834 = EDGE_LOOP('',(#6835,#6836,#6837,#6838));
#6835 = ORIENTED_EDGE('',*,*,#6735,.F.);
#6836 = ORIENTED_EDGE('',*,*,#6810,.T.);
#6837 = ORIENTED_EDGE('',*,*,#6794,.T.);
#6838 = ORIENTED_EDGE('',*,*,#6751,.F.);
#6839 = PLANE('',#6840);
#6840 = AXIS2_PLACEMENT_3D('',#6841,#6842,#6843);
#6841 = CARTESIAN_POINT('',(270.,248.3,120.925));
#6842 = DIRECTION('',(1.,0.,0.));
#6843 = DIRECTION('',(0.,0.,1.));
#6844 = ADVANCED_FACE('',(#6845),#6856,.F.);
#6845 = FACE_BOUND('',#6846,.F.);
#6846 = EDGE_LOOP('',(#6847,#6848,#6854,#6855));
#6847 = ORIENTED_EDGE('',*,*,#6767,.F.);
#6848 = ORIENTED_EDGE('',*,*,#6849,.F.);
#6849 = EDGE_CURVE('',#6820,#6768,#6850,.T.);
#6850 = LINE('',#6851,#6852);
#6851 = CARTESIAN_POINT('',(265.75,261.,119.925));
#6852 = VECTOR('',#6853,1.);
#6853 = DIRECTION('',(0.,0.,1.));
#6854 = ORIENTED_EDGE('',*,*,#6819,.T.);
#6855 = ORIENTED_EDGE('',*,*,#6849,.T.);
#6856 = CYLINDRICAL_SURFACE('',#6857,4.75);
#6857 = AXIS2_PLACEMENT_3D('',#6858,#6859,#6860);
#6858 = CARTESIAN_POINT('',(261.,261.,119.925));
#6859 = DIRECTION('',(0.,0.,1.));
#6860 = DIRECTION('',(1.,0.,0.));
#6861 = MANIFOLD_SOLID_BREP('',#6862);
#6862 = CLOSED_SHELL('',(#6863,#6903,#6943,#6965,#6987,#6999));
#6863 = ADVANCED_FACE('',(#6864),#6898,.F.);
#6864 = FACE_BOUND('',#6865,.F.);
#6865 = EDGE_LOOP('',(#6866,#6876,#6884,#6892));
#6866 = ORIENTED_EDGE('',*,*,#6867,.F.);
#6867 = EDGE_CURVE('',#6868,#6870,#6872,.T.);
#6868 = VERTEX_POINT('',#6869);
#6869 = CARTESIAN_POINT('',(252.,248.3,89.175));
#6870 = VERTEX_POINT('',#6871);
#6871 = CARTESIAN_POINT('',(252.,248.3,120.925));
#6872 = LINE('',#6873,#6874);
#6873 = CARTESIAN_POINT('',(252.,248.3,89.175));
#6874 = VECTOR('',#6875,1.);
#6875 = DIRECTION('',(0.,0.,1.));
#6876 = ORIENTED_EDGE('',*,*,#6877,.T.);
#6877 = EDGE_CURVE('',#6868,#6878,#6880,.T.);
#6878 = VERTEX_POINT('',#6879);
#6879 = CARTESIAN_POINT('',(252.,251.475,89.175));
#6880 = LINE('',#6881,#6882);
#6881 = CARTESIAN_POINT('',(252.,248.3,89.175));
#6882 = VECTOR('',#6883,1.);
#6883 = DIRECTION('',(0.,1.,0.));
#6884 = ORIENTED_EDGE('',*,*,#6885,.T.);
#6885 = EDGE_CURVE('',#6878,#6886,#6888,.T.);
#6886 = VERTEX_POINT('',#6887);
#6887 = CARTESIAN_POINT('',(252.,251.475,120.925));
#6888 = LINE('',#6889,#6890);
#6889 = CARTESIAN_POINT('',(252.,251.475,89.175));
#6890 = VECTOR('',#6891,1.);
#6891 = DIRECTION('',(0.,0.,1.));
#6892 = ORIENTED_EDGE('',*,*,#6893,.F.);
#6893 = EDGE_CURVE('',#6870,#6886,#6894,.T.);
#6894 = LINE('',#6895,#6896);
#6895 = CARTESIAN_POINT('',(252.,248.3,120.925));
#6896 = VECTOR('',#6897,1.);
#6897 = DIRECTION('',(0.,1.,0.));
#6898 = PLANE('',#6899);
#6899 = AXIS2_PLACEMENT_3D('',#6900,#6901,#6902);
#6900 = CARTESIAN_POINT('',(252.,248.3,89.175));
#6901 = DIRECTION('',(1.,0.,0.));
#6902 = DIRECTION('',(0.,0.,1.));
#6903 = ADVANCED_FACE('',(#6904),#6938,.T.);
#6904 = FACE_BOUND('',#6905,.T.);
#6905 = EDGE_LOOP('',(#6906,#6916,#6924,#6932));
#6906 = ORIENTED_EDGE('',*,*,#6907,.F.);
#6907 = EDGE_CURVE('',#6908,#6910,#6912,.T.);
#6908 = VERTEX_POINT('',#6909);
#6909 = CARTESIAN_POINT('',(270.,248.3,89.175));
#6910 = VERTEX_POINT('',#6911);
#6911 = CARTESIAN_POINT('',(270.,248.3,120.925));
#6912 = LINE('',#6913,#6914);
#6913 = CARTESIAN_POINT('',(270.,248.3,89.175));
#6914 = VECTOR('',#6915,1.);
#6915 = DIRECTION('',(0.,0.,1.));
#6916 = ORIENTED_EDGE('',*,*,#6917,.T.);
#6917 = EDGE_CURVE('',#6908,#6918,#6920,.T.);
#6918 = VERTEX_POINT('',#6919);
#6919 = CARTESIAN_POINT('',(270.,251.475,89.175));
#6920 = LINE('',#6921,#6922);
#6921 = CARTESIAN_POINT('',(270.,248.3,89.175));
#6922 = VECTOR('',#6923,1.);
#6923 = DIRECTION('',(0.,1.,0.));
#6924 = ORIENTED_EDGE('',*,*,#6925,.T.);
#6925 = EDGE_CURVE('',#6918,#6926,#6928,.T.);
#6926 = VERTEX_POINT('',#6927);
#6927 = CARTESIAN_POINT('',(270.,251.475,120.925));
#6928 = LINE('',#6929,#6930);
#6929 = CARTESIAN_POINT('',(270.,251.475,89.175));
#6930 = VECTOR('',#6931,1.);
#6931 = DIRECTION('',(0.,0.,1.));
#6932 = ORIENTED_EDGE('',*,*,#6933,.F.);
#6933 = EDGE_CURVE('',#6910,#6926,#6934,.T.);
#6934 = LINE('',#6935,#6936);
#6935 = CARTESIAN_POINT('',(270.,248.3,120.925));
#6936 = VECTOR('',#6937,1.);
#6937 = DIRECTION('',(0.,1.,0.));
#6938 = PLANE('',#6939);
#6939 = AXIS2_PLACEMENT_3D('',#6940,#6941,#6942);
#6940 = CARTESIAN_POINT('',(270.,248.3,89.175));
#6941 = DIRECTION('',(1.,0.,0.));
#6942 = DIRECTION('',(0.,0.,1.));
#6943 = ADVANCED_FACE('',(#6944),#6960,.F.);
#6944 = FACE_BOUND('',#6945,.F.);
#6945 = EDGE_LOOP('',(#6946,#6952,#6953,#6959));
#6946 = ORIENTED_EDGE('',*,*,#6947,.F.);
#6947 = EDGE_CURVE('',#6868,#6908,#6948,.T.);
#6948 = LINE('',#6949,#6950);
#6949 = CARTESIAN_POINT('',(252.,248.3,89.175));
#6950 = VECTOR('',#6951,1.);
#6951 = DIRECTION('',(1.,0.,0.));
#6952 = ORIENTED_EDGE('',*,*,#6867,.T.);
#6953 = ORIENTED_EDGE('',*,*,#6954,.T.);
#6954 = EDGE_CURVE('',#6870,#6910,#6955,.T.);
#6955 = LINE('',#6956,#6957);
#6956 = CARTESIAN_POINT('',(252.,248.3,120.925));
#6957 = VECTOR('',#6958,1.);
#6958 = DIRECTION('',(1.,0.,0.));
#6959 = ORIENTED_EDGE('',*,*,#6907,.F.);
#6960 = PLANE('',#6961);
#6961 = AXIS2_PLACEMENT_3D('',#6962,#6963,#6964);
#6962 = CARTESIAN_POINT('',(252.,248.3,89.175));
#6963 = DIRECTION('',(0.,1.,0.));
#6964 = DIRECTION('',(0.,0.,1.));
#6965 = ADVANCED_FACE('',(#6966),#6982,.T.);
#6966 = FACE_BOUND('',#6967,.T.);
#6967 = EDGE_LOOP('',(#6968,#6974,#6975,#6981));
#6968 = ORIENTED_EDGE('',*,*,#6969,.F.);
#6969 = EDGE_CURVE('',#6878,#6918,#6970,.T.);
#6970 = LINE('',#6971,#6972);
#6971 = CARTESIAN_POINT('',(252.,251.475,89.175));
#6972 = VECTOR('',#6973,1.);
#6973 = DIRECTION('',(1.,0.,0.));
#6974 = ORIENTED_EDGE('',*,*,#6885,.T.);
#6975 = ORIENTED_EDGE('',*,*,#6976,.T.);
#6976 = EDGE_CURVE('',#6886,#6926,#6977,.T.);
#6977 = LINE('',#6978,#6979);
#6978 = CARTESIAN_POINT('',(252.,251.475,120.925));
#6979 = VECTOR('',#6980,1.);
#6980 = DIRECTION('',(1.,0.,0.));
#6981 = ORIENTED_EDGE('',*,*,#6925,.F.);
#6982 = PLANE('',#6983);
#6983 = AXIS2_PLACEMENT_3D('',#6984,#6985,#6986);
#6984 = CARTESIAN_POINT('',(252.,251.475,89.175));
#6985 = DIRECTION('',(0.,1.,0.));
#6986 = DIRECTION('',(0.,0.,1.));
#6987 = ADVANCED_FACE('',(#6988),#6994,.F.);
#6988 = FACE_BOUND('',#6989,.F.);
#6989 = EDGE_LOOP('',(#6990,#6991,#6992,#6993));
#6990 = ORIENTED_EDGE('',*,*,#6877,.F.);
#6991 = ORIENTED_EDGE('',*,*,#6947,.T.);
#6992 = ORIENTED_EDGE('',*,*,#6917,.T.);
#6993 = ORIENTED_EDGE('',*,*,#6969,.F.);
#6994 = PLANE('',#6995);
#6995 = AXIS2_PLACEMENT_3D('',#6996,#6997,#6998);
#6996 = CARTESIAN_POINT('',(252.,248.3,89.175));
#6997 = DIRECTION('',(0.,0.,1.));
#6998 = DIRECTION('',(1.,0.,0.));
#6999 = ADVANCED_FACE('',(#7000),#7006,.T.);
#7000 = FACE_BOUND('',#7001,.T.);
#7001 = EDGE_LOOP('',(#7002,#7003,#7004,#7005));
#7002 = ORIENTED_EDGE('',*,*,#6893,.F.);
#7003 = ORIENTED_EDGE('',*,*,#6954,.T.);
#7004 = ORIENTED_EDGE('',*,*,#6933,.T.);
#7005 = ORIENTED_EDGE('',*,*,#6976,.F.);
#7006 = PLANE('',#7007);
#7007 = AXIS2_PLACEMENT_3D('',#7008,#7009,#7010);
#7008 = CARTESIAN_POINT('',(252.,248.3,120.925));
#7009 = DIRECTION('',(0.,0.,1.));
#7010 = DIRECTION('',(1.,0.,0.));
#7011 = MANIFOLD_SOLID_BREP('',#7012);
#7012 = CLOSED_SHELL('',(#7013,#7053,#7093,#7115,#7137,#7149));
#7013 = ADVANCED_FACE('',(#7014),#7048,.F.);
#7014 = FACE_BOUND('',#7015,.F.);
#7015 = EDGE_LOOP('',(#7016,#7026,#7034,#7042));
#7016 = ORIENTED_EDGE('',*,*,#7017,.F.);
#7017 = EDGE_CURVE('',#7018,#7020,#7022,.T.);
#7018 = VERTEX_POINT('',#7019);
#7019 = CARTESIAN_POINT('',(252.,270.525,89.175));
#7020 = VERTEX_POINT('',#7021);
#7021 = CARTESIAN_POINT('',(252.,270.525,120.925));
#7022 = LINE('',#7023,#7024);
#7023 = CARTESIAN_POINT('',(252.,270.525,89.175));
#7024 = VECTOR('',#7025,1.);
#7025 = DIRECTION('',(0.,0.,1.));
#7026 = ORIENTED_EDGE('',*,*,#7027,.T.);
#7027 = EDGE_CURVE('',#7018,#7028,#7030,.T.);
#7028 = VERTEX_POINT('',#7029);
#7029 = CARTESIAN_POINT('',(252.,273.7,89.175));
#7030 = LINE('',#7031,#7032);
#7031 = CARTESIAN_POINT('',(252.,270.525,89.175));
#7032 = VECTOR('',#7033,1.);
#7033 = DIRECTION('',(0.,1.,0.));
#7034 = ORIENTED_EDGE('',*,*,#7035,.T.);
#7035 = EDGE_CURVE('',#7028,#7036,#7038,.T.);
#7036 = VERTEX_POINT('',#7037);
#7037 = CARTESIAN_POINT('',(252.,273.7,120.925));
#7038 = LINE('',#7039,#7040);
#7039 = CARTESIAN_POINT('',(252.,273.7,89.175));
#7040 = VECTOR('',#7041,1.);
#7041 = DIRECTION('',(0.,0.,1.));
#7042 = ORIENTED_EDGE('',*,*,#7043,.F.);
#7043 = EDGE_CURVE('',#7020,#7036,#7044,.T.);
#7044 = LINE('',#7045,#7046);
#7045 = CARTESIAN_POINT('',(252.,270.525,120.925));
#7046 = VECTOR('',#7047,1.);
#7047 = DIRECTION('',(0.,1.,0.));
#7048 = PLANE('',#7049);
#7049 = AXIS2_PLACEMENT_3D('',#7050,#7051,#7052);
#7050 = CARTESIAN_POINT('',(252.,270.525,89.175));
#7051 = DIRECTION('',(1.,0.,0.));
#7052 = DIRECTION('',(0.,0.,1.));
#7053 = ADVANCED_FACE('',(#7054),#7088,.T.);
#7054 = FACE_BOUND('',#7055,.T.);
#7055 = EDGE_LOOP('',(#7056,#7066,#7074,#7082));
#7056 = ORIENTED_EDGE('',*,*,#7057,.F.);
#7057 = EDGE_CURVE('',#7058,#7060,#7062,.T.);
#7058 = VERTEX_POINT('',#7059);
#7059 = CARTESIAN_POINT('',(270.,270.525,89.175));
#7060 = VERTEX_POINT('',#7061);
#7061 = CARTESIAN_POINT('',(270.,270.525,120.925));
#7062 = LINE('',#7063,#7064);
#7063 = CARTESIAN_POINT('',(270.,270.525,89.175));
#7064 = VECTOR('',#7065,1.);
#7065 = DIRECTION('',(0.,0.,1.));
#7066 = ORIENTED_EDGE('',*,*,#7067,.T.);
#7067 = EDGE_CURVE('',#7058,#7068,#7070,.T.);
#7068 = VERTEX_POINT('',#7069);
#7069 = CARTESIAN_POINT('',(270.,273.7,89.175));
#7070 = LINE('',#7071,#7072);
#7071 = CARTESIAN_POINT('',(270.,270.525,89.175));
#7072 = VECTOR('',#7073,1.);
#7073 = DIRECTION('',(0.,1.,0.));
#7074 = ORIENTED_EDGE('',*,*,#7075,.T.);
#7075 = EDGE_CURVE('',#7068,#7076,#7078,.T.);
#7076 = VERTEX_POINT('',#7077);
#7077 = CARTESIAN_POINT('',(270.,273.7,120.925));
#7078 = LINE('',#7079,#7080);
#7079 = CARTESIAN_POINT('',(270.,273.7,89.175));
#7080 = VECTOR('',#7081,1.);
#7081 = DIRECTION('',(0.,0.,1.));
#7082 = ORIENTED_EDGE('',*,*,#7083,.F.);
#7083 = EDGE_CURVE('',#7060,#7076,#7084,.T.);
#7084 = LINE('',#7085,#7086);
#7085 = CARTESIAN_POINT('',(270.,270.525,120.925));
#7086 = VECTOR('',#7087,1.);
#7087 = DIRECTION('',(0.,1.,0.));
#7088 = PLANE('',#7089);
#7089 = AXIS2_PLACEMENT_3D('',#7090,#7091,#7092);
#7090 = CARTESIAN_POINT('',(270.,270.525,89.175));
#7091 = DIRECTION('',(1.,0.,0.));
#7092 = DIRECTION('',(0.,0.,1.));
#7093 = ADVANCED_FACE('',(#7094),#7110,.F.);
#7094 = FACE_BOUND('',#7095,.F.);
#7095 = EDGE_LOOP('',(#7096,#7102,#7103,#7109));
#7096 = ORIENTED_EDGE('',*,*,#7097,.F.);
#7097 = EDGE_CURVE('',#7018,#7058,#7098,.T.);
#7098 = LINE('',#7099,#7100);
#7099 = CARTESIAN_POINT('',(252.,270.525,89.175));
#7100 = VECTOR('',#7101,1.);
#7101 = DIRECTION('',(1.,0.,0.));
#7102 = ORIENTED_EDGE('',*,*,#7017,.T.);
#7103 = ORIENTED_EDGE('',*,*,#7104,.T.);
#7104 = EDGE_CURVE('',#7020,#7060,#7105,.T.);
#7105 = LINE('',#7106,#7107);
#7106 = CARTESIAN_POINT('',(252.,270.525,120.925));
#7107 = VECTOR('',#7108,1.);
#7108 = DIRECTION('',(1.,0.,0.));
#7109 = ORIENTED_EDGE('',*,*,#7057,.F.);
#7110 = PLANE('',#7111);
#7111 = AXIS2_PLACEMENT_3D('',#7112,#7113,#7114);
#7112 = CARTESIAN_POINT('',(252.,270.525,89.175));
#7113 = DIRECTION('',(0.,1.,0.));
#7114 = DIRECTION('',(0.,0.,1.));
#7115 = ADVANCED_FACE('',(#7116),#7132,.T.);
#7116 = FACE_BOUND('',#7117,.T.);
#7117 = EDGE_LOOP('',(#7118,#7124,#7125,#7131));
#7118 = ORIENTED_EDGE('',*,*,#7119,.F.);
#7119 = EDGE_CURVE('',#7028,#7068,#7120,.T.);
#7120 = LINE('',#7121,#7122);
#7121 = CARTESIAN_POINT('',(252.,273.7,89.175));
#7122 = VECTOR('',#7123,1.);
#7123 = DIRECTION('',(1.,0.,0.));
#7124 = ORIENTED_EDGE('',*,*,#7035,.T.);
#7125 = ORIENTED_EDGE('',*,*,#7126,.T.);
#7126 = EDGE_CURVE('',#7036,#7076,#7127,.T.);
#7127 = LINE('',#7128,#7129);
#7128 = CARTESIAN_POINT('',(252.,273.7,120.925));
#7129 = VECTOR('',#7130,1.);
#7130 = DIRECTION('',(1.,0.,0.));
#7131 = ORIENTED_EDGE('',*,*,#7075,.F.);
#7132 = PLANE('',#7133);
#7133 = AXIS2_PLACEMENT_3D('',#7134,#7135,#7136);
#7134 = CARTESIAN_POINT('',(252.,273.7,89.175));
#7135 = DIRECTION('',(0.,1.,0.));
#7136 = DIRECTION('',(0.,0.,1.));
#7137 = ADVANCED_FACE('',(#7138),#7144,.F.);
#7138 = FACE_BOUND('',#7139,.F.);
#7139 = EDGE_LOOP('',(#7140,#7141,#7142,#7143));
#7140 = ORIENTED_EDGE('',*,*,#7027,.F.);
#7141 = ORIENTED_EDGE('',*,*,#7097,.T.);
#7142 = ORIENTED_EDGE('',*,*,#7067,.T.);
#7143 = ORIENTED_EDGE('',*,*,#7119,.F.);
#7144 = PLANE('',#7145);
#7145 = AXIS2_PLACEMENT_3D('',#7146,#7147,#7148);
#7146 = CARTESIAN_POINT('',(252.,270.525,89.175));
#7147 = DIRECTION('',(0.,0.,1.));
#7148 = DIRECTION('',(1.,0.,0.));
#7149 = ADVANCED_FACE('',(#7150),#7156,.T.);
#7150 = FACE_BOUND('',#7151,.T.);
#7151 = EDGE_LOOP('',(#7152,#7153,#7154,#7155));
#7152 = ORIENTED_EDGE('',*,*,#7043,.F.);
#7153 = ORIENTED_EDGE('',*,*,#7104,.T.);
#7154 = ORIENTED_EDGE('',*,*,#7083,.T.);
#7155 = ORIENTED_EDGE('',*,*,#7126,.F.);
#7156 = PLANE('',#7157);
#7157 = AXIS2_PLACEMENT_3D('',#7158,#7159,#7160);
#7158 = CARTESIAN_POINT('',(252.,270.525,120.925));
#7159 = DIRECTION('',(0.,0.,1.));
#7160 = DIRECTION('',(1.,0.,0.));
#7161 = MANIFOLD_SOLID_BREP('',#7162);
#7162 = CLOSED_SHELL('',(#7163,#7203,#7234,#7269,#7293,#7321,#7333));
#7163 = ADVANCED_FACE('',(#7164),#7198,.F.);
#7164 = FACE_BOUND('',#7165,.F.);
#7165 = EDGE_LOOP('',(#7166,#7176,#7184,#7192));
#7166 = ORIENTED_EDGE('',*,*,#7167,.F.);
#7167 = EDGE_CURVE('',#7168,#7170,#7172,.T.);
#7168 = VERTEX_POINT('',#7169);
#7169 = CARTESIAN_POINT('',(252.,255.,89.175));
#7170 = VERTEX_POINT('',#7171);
#7171 = CARTESIAN_POINT('',(252.,255.,91.175));
#7172 = LINE('',#7173,#7174);
#7173 = CARTESIAN_POINT('',(252.,255.,89.175));
#7174 = VECTOR('',#7175,1.);
#7175 = DIRECTION('',(0.,0.,1.));
#7176 = ORIENTED_EDGE('',*,*,#7177,.T.);
#7177 = EDGE_CURVE('',#7168,#7178,#7180,.T.);
#7178 = VERTEX_POINT('',#7179);
#7179 = CARTESIAN_POINT('',(252.,267.,89.175));
#7180 = LINE('',#7181,#7182);
#7181 = CARTESIAN_POINT('',(252.,255.,89.175));
#7182 = VECTOR('',#7183,1.);
#7183 = DIRECTION('',(0.,1.,0.));
#7184 = ORIENTED_EDGE('',*,*,#7185,.T.);
#7185 = EDGE_CURVE('',#7178,#7186,#7188,.T.);
#7186 = VERTEX_POINT('',#7187);
#7187 = CARTESIAN_POINT('',(252.,267.,91.175));
#7188 = LINE('',#7189,#7190);
#7189 = CARTESIAN_POINT('',(252.,267.,89.175));
#7190 = VECTOR('',#7191,1.);
#7191 = DIRECTION('',(0.,0.,1.));
#7192 = ORIENTED_EDGE('',*,*,#7193,.F.);
#7193 = EDGE_CURVE('',#7170,#7186,#7194,.T.);
#7194 = LINE('',#7195,#7196);
#7195 = CARTESIAN_POINT('',(252.,255.,91.175));
#7196 = VECTOR('',#7197,1.);
#7197 = DIRECTION('',(0.,1.,0.));
#7198 = PLANE('',#7199);
#7199 = AXIS2_PLACEMENT_3D('',#7200,#7201,#7202);
#7200 = CARTESIAN_POINT('',(252.,255.,89.175));
#7201 = DIRECTION('',(1.,0.,0.));
#7202 = DIRECTION('',(0.,0.,1.));
#7203 = ADVANCED_FACE('',(#7204),#7229,.F.);
#7204 = FACE_BOUND('',#7205,.F.);
#7205 = EDGE_LOOP('',(#7206,#7214,#7215,#7223));
#7206 = ORIENTED_EDGE('',*,*,#7207,.F.);
#7207 = EDGE_CURVE('',#7168,#7208,#7210,.T.);
#7208 = VERTEX_POINT('',#7209);
#7209 = CARTESIAN_POINT('',(270.,255.,89.175));
#7210 = LINE('',#7211,#7212);
#7211 = CARTESIAN_POINT('',(252.,255.,89.175));
#7212 = VECTOR('',#7213,1.);
#7213 = DIRECTION('',(1.,0.,0.));
#7214 = ORIENTED_EDGE('',*,*,#7167,.T.);
#7215 = ORIENTED_EDGE('',*,*,#7216,.T.);
#7216 = EDGE_CURVE('',#7170,#7217,#7219,.T.);
#7217 = VERTEX_POINT('',#7218);
#7218 = CARTESIAN_POINT('',(270.,255.,91.175));
#7219 = LINE('',#7220,#7221);
#7220 = CARTESIAN_POINT('',(252.,255.,91.175));
#7221 = VECTOR('',#7222,1.);
#7222 = DIRECTION('',(1.,0.,0.));
#7223 = ORIENTED_EDGE('',*,*,#7224,.F.);
#7224 = EDGE_CURVE('',#7208,#7217,#7225,.T.);
#7225 = LINE('',#7226,#7227);
#7226 = CARTESIAN_POINT('',(270.,255.,89.175));
#7227 = VECTOR('',#7228,1.);
#7228 = DIRECTION('',(0.,0.,1.));
#7229 = PLANE('',#7230);
#7230 = AXIS2_PLACEMENT_3D('',#7231,#7232,#7233);
#7231 = CARTESIAN_POINT('',(252.,255.,89.175));
#7232 = DIRECTION('',(0.,1.,0.));
#7233 = DIRECTION('',(0.,0.,1.));
#7234 = ADVANCED_FACE('',(#7235,#7253),#7264,.T.);
#7235 = FACE_BOUND('',#7236,.T.);
#7236 = EDGE_LOOP('',(#7237,#7238,#7239,#7247));
#7237 = ORIENTED_EDGE('',*,*,#7193,.F.);
#7238 = ORIENTED_EDGE('',*,*,#7216,.T.);
#7239 = ORIENTED_EDGE('',*,*,#7240,.T.);
#7240 = EDGE_CURVE('',#7217,#7241,#7243,.T.);
#7241 = VERTEX_POINT('',#7242);
#7242 = CARTESIAN_POINT('',(270.,267.,91.175));
#7243 = LINE('',#7244,#7245);
#7244 = CARTESIAN_POINT('',(270.,255.,91.175));
#7245 = VECTOR('',#7246,1.);
#7246 = DIRECTION('',(0.,1.,0.));
#7247 = ORIENTED_EDGE('',*,*,#7248,.F.);
#7248 = EDGE_CURVE('',#7186,#7241,#7249,.T.);
#7249 = LINE('',#7250,#7251);
#7250 = CARTESIAN_POINT('',(252.,267.,91.175));
#7251 = VECTOR('',#7252,1.);
#7252 = DIRECTION('',(1.,0.,0.));
#7253 = FACE_BOUND('',#7254,.T.);
#7254 = EDGE_LOOP('',(#7255));
#7255 = ORIENTED_EDGE('',*,*,#7256,.F.);
#7256 = EDGE_CURVE('',#7257,#7257,#7259,.T.);
#7257 = VERTEX_POINT('',#7258);
#7258 = CARTESIAN_POINT('',(265.75,261.,91.175));
#7259 = CIRCLE('',#7260,4.75);
#7260 = AXIS2_PLACEMENT_3D('',#7261,#7262,#7263);
#7261 = CARTESIAN_POINT('',(261.,261.,91.175));
#7262 = DIRECTION('',(0.,0.,1.));
#7263 = DIRECTION('',(1.,0.,0.));
#7264 = PLANE('',#7265);
#7265 = AXIS2_PLACEMENT_3D('',#7266,#7267,#7268);
#7266 = CARTESIAN_POINT('',(252.,255.,91.175));
#7267 = DIRECTION('',(0.,0.,1.));
#7268 = DIRECTION('',(1.,0.,0.));
#7269 = ADVANCED_FACE('',(#7270),#7288,.T.);
#7270 = FACE_BOUND('',#7271,.T.);
#7271 = EDGE_LOOP('',(#7272,#7280,#7281,#7282));
#7272 = ORIENTED_EDGE('',*,*,#7273,.F.);
#7273 = EDGE_CURVE('',#7178,#7274,#7276,.T.);
#7274 = VERTEX_POINT('',#7275);
#7275 = CARTESIAN_POINT('',(270.,267.,89.175));
#7276 = LINE('',#7277,#7278);
#7277 = CARTESIAN_POINT('',(252.,267.,89.175));
#7278 = VECTOR('',#7279,1.);
#7279 = DIRECTION('',(1.,0.,0.));
#7280 = ORIENTED_EDGE('',*,*,#7185,.T.);
#7281 = ORIENTED_EDGE('',*,*,#7248,.T.);
#7282 = ORIENTED_EDGE('',*,*,#7283,.F.);
#7283 = EDGE_CURVE('',#7274,#7241,#7284,.T.);
#7284 = LINE('',#7285,#7286);
#7285 = CARTESIAN_POINT('',(270.,267.,89.175));
#7286 = VECTOR('',#7287,1.);
#7287 = DIRECTION('',(0.,0.,1.));
#7288 = PLANE('',#7289);
#7289 = AXIS2_PLACEMENT_3D('',#7290,#7291,#7292);
#7290 = CARTESIAN_POINT('',(252.,267.,89.175));
#7291 = DIRECTION('',(0.,1.,0.));
#7292 = DIRECTION('',(0.,0.,1.));
#7293 = ADVANCED_FACE('',(#7294,#7305),#7316,.F.);
#7294 = FACE_BOUND('',#7295,.F.);
#7295 = EDGE_LOOP('',(#7296,#7297,#7298,#7304));
#7296 = ORIENTED_EDGE('',*,*,#7177,.F.);
#7297 = ORIENTED_EDGE('',*,*,#7207,.T.);
#7298 = ORIENTED_EDGE('',*,*,#7299,.T.);
#7299 = EDGE_CURVE('',#7208,#7274,#7300,.T.);
#7300 = LINE('',#7301,#7302);
#7301 = CARTESIAN_POINT('',(270.,255.,89.175));
#7302 = VECTOR('',#7303,1.);
#7303 = DIRECTION('',(0.,1.,0.));
#7304 = ORIENTED_EDGE('',*,*,#7273,.F.);
#7305 = FACE_BOUND('',#7306,.F.);
#7306 = EDGE_LOOP('',(#7307));
#7307 = ORIENTED_EDGE('',*,*,#7308,.F.);
#7308 = EDGE_CURVE('',#7309,#7309,#7311,.T.);
#7309 = VERTEX_POINT('',#7310);
#7310 = CARTESIAN_POINT('',(265.75,261.,89.175));
#7311 = CIRCLE('',#7312,4.75);
#7312 = AXIS2_PLACEMENT_3D('',#7313,#7314,#7315);
#7313 = CARTESIAN_POINT('',(261.,261.,89.175));
#7314 = DIRECTION('',(0.,0.,1.));
#7315 = DIRECTION('',(1.,0.,0.));
#7316 = PLANE('',#7317);
#7317 = AXIS2_PLACEMENT_3D('',#7318,#7319,#7320);
#7318 = CARTESIAN_POINT('',(252.,255.,89.175));
#7319 = DIRECTION('',(0.,0.,1.));
#7320 = DIRECTION('',(1.,0.,0.));
#7321 = ADVANCED_FACE('',(#7322),#7328,.T.);
#7322 = FACE_BOUND('',#7323,.T.);
#7323 = EDGE_LOOP('',(#7324,#7325,#7326,#7327));
#7324 = ORIENTED_EDGE('',*,*,#7224,.F.);
#7325 = ORIENTED_EDGE('',*,*,#7299,.T.);
#7326 = ORIENTED_EDGE('',*,*,#7283,.T.);
#7327 = ORIENTED_EDGE('',*,*,#7240,.F.);
#7328 = PLANE('',#7329);
#7329 = AXIS2_PLACEMENT_3D('',#7330,#7331,#7332);
#7330 = CARTESIAN_POINT('',(270.,255.,89.175));
#7331 = DIRECTION('',(1.,0.,0.));
#7332 = DIRECTION('',(0.,0.,1.));
#7333 = ADVANCED_FACE('',(#7334),#7345,.F.);
#7334 = FACE_BOUND('',#7335,.F.);
#7335 = EDGE_LOOP('',(#7336,#7337,#7343,#7344));
#7336 = ORIENTED_EDGE('',*,*,#7256,.F.);
#7337 = ORIENTED_EDGE('',*,*,#7338,.F.);
#7338 = EDGE_CURVE('',#7309,#7257,#7339,.T.);
#7339 = LINE('',#7340,#7341);
#7340 = CARTESIAN_POINT('',(265.75,261.,88.175));
#7341 = VECTOR('',#7342,1.);
#7342 = DIRECTION('',(0.,0.,1.));
#7343 = ORIENTED_EDGE('',*,*,#7308,.T.);
#7344 = ORIENTED_EDGE('',*,*,#7338,.T.);
#7345 = CYLINDRICAL_SURFACE('',#7346,4.75);
#7346 = AXIS2_PLACEMENT_3D('',#7347,#7348,#7349);
#7347 = CARTESIAN_POINT('',(261.,261.,88.175));
#7348 = DIRECTION('',(0.,0.,1.));
#7349 = DIRECTION('',(1.,0.,0.));
#7350 = MANIFOLD_SOLID_BREP('',#7351);
#7351 = CLOSED_SHELL('',(#7352,#7392,#7423,#7458,#7482,#7510,#7522));
#7352 = ADVANCED_FACE('',(#7353),#7387,.F.);
#7353 = FACE_BOUND('',#7354,.F.);
#7354 = EDGE_LOOP('',(#7355,#7365,#7373,#7381));
#7355 = ORIENTED_EDGE('',*,*,#7356,.F.);
#7356 = EDGE_CURVE('',#7357,#7359,#7361,.T.);
#7357 = VERTEX_POINT('',#7358);
#7358 = CARTESIAN_POINT('',(252.,255.,118.925));
#7359 = VERTEX_POINT('',#7360);
#7360 = CARTESIAN_POINT('',(252.,255.,120.925));
#7361 = LINE('',#7362,#7363);
#7362 = CARTESIAN_POINT('',(252.,255.,118.925));
#7363 = VECTOR('',#7364,1.);
#7364 = DIRECTION('',(0.,0.,1.));
#7365 = ORIENTED_EDGE('',*,*,#7366,.T.);
#7366 = EDGE_CURVE('',#7357,#7367,#7369,.T.);
#7367 = VERTEX_POINT('',#7368);
#7368 = CARTESIAN_POINT('',(252.,267.,118.925));
#7369 = LINE('',#7370,#7371);
#7370 = CARTESIAN_POINT('',(252.,255.,118.925));
#7371 = VECTOR('',#7372,1.);
#7372 = DIRECTION('',(0.,1.,0.));
#7373 = ORIENTED_EDGE('',*,*,#7374,.T.);
#7374 = EDGE_CURVE('',#7367,#7375,#7377,.T.);
#7375 = VERTEX_POINT('',#7376);
#7376 = CARTESIAN_POINT('',(252.,267.,120.925));
#7377 = LINE('',#7378,#7379);
#7378 = CARTESIAN_POINT('',(252.,267.,118.925));
#7379 = VECTOR('',#7380,1.);
#7380 = DIRECTION('',(0.,0.,1.));
#7381 = ORIENTED_EDGE('',*,*,#7382,.F.);
#7382 = EDGE_CURVE('',#7359,#7375,#7383,.T.);
#7383 = LINE('',#7384,#7385);
#7384 = CARTESIAN_POINT('',(252.,255.,120.925));
#7385 = VECTOR('',#7386,1.);
#7386 = DIRECTION('',(0.,1.,0.));
#7387 = PLANE('',#7388);
#7388 = AXIS2_PLACEMENT_3D('',#7389,#7390,#7391);
#7389 = CARTESIAN_POINT('',(252.,255.,118.925));
#7390 = DIRECTION('',(1.,0.,0.));
#7391 = DIRECTION('',(0.,0.,1.));
#7392 = ADVANCED_FACE('',(#7393),#7418,.F.);
#7393 = FACE_BOUND('',#7394,.F.);
#7394 = EDGE_LOOP('',(#7395,#7403,#7404,#7412));
#7395 = ORIENTED_EDGE('',*,*,#7396,.F.);
#7396 = EDGE_CURVE('',#7357,#7397,#7399,.T.);
#7397 = VERTEX_POINT('',#7398);
#7398 = CARTESIAN_POINT('',(270.,255.,118.925));
#7399 = LINE('',#7400,#7401);
#7400 = CARTESIAN_POINT('',(252.,255.,118.925));
#7401 = VECTOR('',#7402,1.);
#7402 = DIRECTION('',(1.,0.,0.));
#7403 = ORIENTED_EDGE('',*,*,#7356,.T.);
#7404 = ORIENTED_EDGE('',*,*,#7405,.T.);
#7405 = EDGE_CURVE('',#7359,#7406,#7408,.T.);
#7406 = VERTEX_POINT('',#7407);
#7407 = CARTESIAN_POINT('',(270.,255.,120.925));
#7408 = LINE('',#7409,#7410);
#7409 = CARTESIAN_POINT('',(252.,255.,120.925));
#7410 = VECTOR('',#7411,1.);
#7411 = DIRECTION('',(1.,0.,0.));
#7412 = ORIENTED_EDGE('',*,*,#7413,.F.);
#7413 = EDGE_CURVE('',#7397,#7406,#7414,.T.);
#7414 = LINE('',#7415,#7416);
#7415 = CARTESIAN_POINT('',(270.,255.,118.925));
#7416 = VECTOR('',#7417,1.);
#7417 = DIRECTION('',(0.,0.,1.));
#7418 = PLANE('',#7419);
#7419 = AXIS2_PLACEMENT_3D('',#7420,#7421,#7422);
#7420 = CARTESIAN_POINT('',(252.,255.,118.925));
#7421 = DIRECTION('',(0.,1.,0.));
#7422 = DIRECTION('',(0.,0.,1.));
#7423 = ADVANCED_FACE('',(#7424,#7442),#7453,.T.);
#7424 = FACE_BOUND('',#7425,.T.);
#7425 = EDGE_LOOP('',(#7426,#7427,#7428,#7436));
#7426 = ORIENTED_EDGE('',*,*,#7382,.F.);
#7427 = ORIENTED_EDGE('',*,*,#7405,.T.);
#7428 = ORIENTED_EDGE('',*,*,#7429,.T.);
#7429 = EDGE_CURVE('',#7406,#7430,#7432,.T.);
#7430 = VERTEX_POINT('',#7431);
#7431 = CARTESIAN_POINT('',(270.,267.,120.925));
#7432 = LINE('',#7433,#7434);
#7433 = CARTESIAN_POINT('',(270.,255.,120.925));
#7434 = VECTOR('',#7435,1.);
#7435 = DIRECTION('',(0.,1.,0.));
#7436 = ORIENTED_EDGE('',*,*,#7437,.F.);
#7437 = EDGE_CURVE('',#7375,#7430,#7438,.T.);
#7438 = LINE('',#7439,#7440);
#7439 = CARTESIAN_POINT('',(252.,267.,120.925));
#7440 = VECTOR('',#7441,1.);
#7441 = DIRECTION('',(1.,0.,0.));
#7442 = FACE_BOUND('',#7443,.T.);
#7443 = EDGE_LOOP('',(#7444));
#7444 = ORIENTED_EDGE('',*,*,#7445,.F.);
#7445 = EDGE_CURVE('',#7446,#7446,#7448,.T.);
#7446 = VERTEX_POINT('',#7447);
#7447 = CARTESIAN_POINT('',(265.75,261.,120.925));
#7448 = CIRCLE('',#7449,4.75);
#7449 = AXIS2_PLACEMENT_3D('',#7450,#7451,#7452);
#7450 = CARTESIAN_POINT('',(261.,261.,120.925));
#7451 = DIRECTION('',(0.,0.,1.));
#7452 = DIRECTION('',(1.,0.,0.));
#7453 = PLANE('',#7454);
#7454 = AXIS2_PLACEMENT_3D('',#7455,#7456,#7457);
#7455 = CARTESIAN_POINT('',(252.,255.,120.925));
#7456 = DIRECTION('',(0.,0.,1.));
#7457 = DIRECTION('',(1.,0.,0.));
#7458 = ADVANCED_FACE('',(#7459),#7477,.T.);
#7459 = FACE_BOUND('',#7460,.T.);
#7460 = EDGE_LOOP('',(#7461,#7469,#7470,#7471));
#7461 = ORIENTED_EDGE('',*,*,#7462,.F.);
#7462 = EDGE_CURVE('',#7367,#7463,#7465,.T.);
#7463 = VERTEX_POINT('',#7464);
#7464 = CARTESIAN_POINT('',(270.,267.,118.925));
#7465 = LINE('',#7466,#7467);
#7466 = CARTESIAN_POINT('',(252.,267.,118.925));
#7467 = VECTOR('',#7468,1.);
#7468 = DIRECTION('',(1.,0.,0.));
#7469 = ORIENTED_EDGE('',*,*,#7374,.T.);
#7470 = ORIENTED_EDGE('',*,*,#7437,.T.);
#7471 = ORIENTED_EDGE('',*,*,#7472,.F.);
#7472 = EDGE_CURVE('',#7463,#7430,#7473,.T.);
#7473 = LINE('',#7474,#7475);
#7474 = CARTESIAN_POINT('',(270.,267.,118.925));
#7475 = VECTOR('',#7476,1.);
#7476 = DIRECTION('',(0.,0.,1.));
#7477 = PLANE('',#7478);
#7478 = AXIS2_PLACEMENT_3D('',#7479,#7480,#7481);
#7479 = CARTESIAN_POINT('',(252.,267.,118.925));
#7480 = DIRECTION('',(0.,1.,0.));
#7481 = DIRECTION('',(0.,0.,1.));
#7482 = ADVANCED_FACE('',(#7483,#7494),#7505,.F.);
#7483 = FACE_BOUND('',#7484,.F.);
#7484 = EDGE_LOOP('',(#7485,#7486,#7487,#7493));
#7485 = ORIENTED_EDGE('',*,*,#7366,.F.);
#7486 = ORIENTED_EDGE('',*,*,#7396,.T.);
#7487 = ORIENTED_EDGE('',*,*,#7488,.T.);
#7488 = EDGE_CURVE('',#7397,#7463,#7489,.T.);
#7489 = LINE('',#7490,#7491);
#7490 = CARTESIAN_POINT('',(270.,255.,118.925));
#7491 = VECTOR('',#7492,1.);
#7492 = DIRECTION('',(0.,1.,0.));
#7493 = ORIENTED_EDGE('',*,*,#7462,.F.);
#7494 = FACE_BOUND('',#7495,.F.);
#7495 = EDGE_LOOP('',(#7496));
#7496 = ORIENTED_EDGE('',*,*,#7497,.F.);
#7497 = EDGE_CURVE('',#7498,#7498,#7500,.T.);
#7498 = VERTEX_POINT('',#7499);
#7499 = CARTESIAN_POINT('',(265.75,261.,118.925));
#7500 = CIRCLE('',#7501,4.75);
#7501 = AXIS2_PLACEMENT_3D('',#7502,#7503,#7504);
#7502 = CARTESIAN_POINT('',(261.,261.,118.925));
#7503 = DIRECTION('',(0.,0.,1.));
#7504 = DIRECTION('',(1.,0.,0.));
#7505 = PLANE('',#7506);
#7506 = AXIS2_PLACEMENT_3D('',#7507,#7508,#7509);
#7507 = CARTESIAN_POINT('',(252.,255.,118.925));
#7508 = DIRECTION('',(0.,0.,1.));
#7509 = DIRECTION('',(1.,0.,0.));
#7510 = ADVANCED_FACE('',(#7511),#7517,.T.);
#7511 = FACE_BOUND('',#7512,.T.);
#7512 = EDGE_LOOP('',(#7513,#7514,#7515,#7516));
#7513 = ORIENTED_EDGE('',*,*,#7413,.F.);
#7514 = ORIENTED_EDGE('',*,*,#7488,.T.);
#7515 = ORIENTED_EDGE('',*,*,#7472,.T.);
#7516 = ORIENTED_EDGE('',*,*,#7429,.F.);
#7517 = PLANE('',#7518);
#7518 = AXIS2_PLACEMENT_3D('',#7519,#7520,#7521);
#7519 = CARTESIAN_POINT('',(270.,255.,118.925));
#7520 = DIRECTION('',(1.,0.,0.));
#7521 = DIRECTION('',(0.,0.,1.));
#7522 = ADVANCED_FACE('',(#7523),#7534,.F.);
#7523 = FACE_BOUND('',#7524,.F.);
#7524 = EDGE_LOOP('',(#7525,#7526,#7532,#7533));
#7525 = ORIENTED_EDGE('',*,*,#7445,.F.);
#7526 = ORIENTED_EDGE('',*,*,#7527,.F.);
#7527 = EDGE_CURVE('',#7498,#7446,#7528,.T.);
#7528 = LINE('',#7529,#7530);
#7529 = CARTESIAN_POINT('',(265.75,261.,117.925));
#7530 = VECTOR('',#7531,1.);
#7531 = DIRECTION('',(0.,0.,1.));
#7532 = ORIENTED_EDGE('',*,*,#7497,.T.);
#7533 = ORIENTED_EDGE('',*,*,#7527,.T.);
#7534 = CYLINDRICAL_SURFACE('',#7535,4.75);
#7535 = AXIS2_PLACEMENT_3D('',#7536,#7537,#7538);
#7536 = CARTESIAN_POINT('',(261.,261.,117.925));
#7537 = DIRECTION('',(0.,0.,1.));
#7538 = DIRECTION('',(1.,0.,0.));
#7539 = MANIFOLD_SOLID_BREP('',#7540);
#7540 = CLOSED_SHELL('',(#7541,#7581,#7612,#7681,#7705,#7767,#7779,#7801
    ,#7818,#7835,#7852));
#7541 = ADVANCED_FACE('',(#7542),#7576,.F.);
#7542 = FACE_BOUND('',#7543,.F.);
#7543 = EDGE_LOOP('',(#7544,#7554,#7562,#7570));
#7544 = ORIENTED_EDGE('',*,*,#7545,.F.);
#7545 = EDGE_CURVE('',#7546,#7548,#7550,.T.);
#7546 = VERTEX_POINT('',#7547);
#7547 = CARTESIAN_POINT('',(247.,252.,91.675));
#7548 = VERTEX_POINT('',#7549);
#7549 = CARTESIAN_POINT('',(247.,252.,93.675));
#7550 = LINE('',#7551,#7552);
#7551 = CARTESIAN_POINT('',(247.,252.,91.675));
#7552 = VECTOR('',#7553,1.);
#7553 = DIRECTION('',(0.,0.,1.));
#7554 = ORIENTED_EDGE('',*,*,#7555,.T.);
#7555 = EDGE_CURVE('',#7546,#7556,#7558,.T.);
#7556 = VERTEX_POINT('',#7557);
#7557 = CARTESIAN_POINT('',(247.,270.,91.675));
#7558 = LINE('',#7559,#7560);
#7559 = CARTESIAN_POINT('',(247.,252.,91.675));
#7560 = VECTOR('',#7561,1.);
#7561 = DIRECTION('',(0.,1.,0.));
#7562 = ORIENTED_EDGE('',*,*,#7563,.T.);
#7563 = EDGE_CURVE('',#7556,#7564,#7566,.T.);
#7564 = VERTEX_POINT('',#7565);
#7565 = CARTESIAN_POINT('',(247.,270.,93.675));
#7566 = LINE('',#7567,#7568);
#7567 = CARTESIAN_POINT('',(247.,270.,91.675));
#7568 = VECTOR('',#7569,1.);
#7569 = DIRECTION('',(0.,0.,1.));
#7570 = ORIENTED_EDGE('',*,*,#7571,.F.);
#7571 = EDGE_CURVE('',#7548,#7564,#7572,.T.);
#7572 = LINE('',#7573,#7574);
#7573 = CARTESIAN_POINT('',(247.,252.,93.675));
#7574 = VECTOR('',#7575,1.);
#7575 = DIRECTION('',(0.,1.,0.));
#7576 = PLANE('',#7577);
#7577 = AXIS2_PLACEMENT_3D('',#7578,#7579,#7580);
#7578 = CARTESIAN_POINT('',(247.,252.,91.675));
#7579 = DIRECTION('',(1.,0.,0.));
#7580 = DIRECTION('',(0.,0.,1.));
#7581 = ADVANCED_FACE('',(#7582),#7607,.F.);
#7582 = FACE_BOUND('',#7583,.F.);
#7583 = EDGE_LOOP('',(#7584,#7592,#7593,#7601));
#7584 = ORIENTED_EDGE('',*,*,#7585,.F.);
#7585 = EDGE_CURVE('',#7546,#7586,#7588,.T.);
#7586 = VERTEX_POINT('',#7587);
#7587 = CARTESIAN_POINT('',(267.,252.,91.675));
#7588 = LINE('',#7589,#7590);
#7589 = CARTESIAN_POINT('',(247.,252.,91.675));
#7590 = VECTOR('',#7591,1.);
#7591 = DIRECTION('',(1.,0.,0.));
#7592 = ORIENTED_EDGE('',*,*,#7545,.T.);
#7593 = ORIENTED_EDGE('',*,*,#7594,.T.);
#7594 = EDGE_CURVE('',#7548,#7595,#7597,.T.);
#7595 = VERTEX_POINT('',#7596);
#7596 = CARTESIAN_POINT('',(267.,252.,93.675));
#7597 = LINE('',#7598,#7599);
#7598 = CARTESIAN_POINT('',(247.,252.,93.675));
#7599 = VECTOR('',#7600,1.);
#7600 = DIRECTION('',(1.,0.,0.));
#7601 = ORIENTED_EDGE('',*,*,#7602,.F.);
#7602 = EDGE_CURVE('',#7586,#7595,#7603,.T.);
#7603 = LINE('',#7604,#7605);
#7604 = CARTESIAN_POINT('',(267.,252.,91.675));
#7605 = VECTOR('',#7606,1.);
#7606 = DIRECTION('',(0.,0.,1.));
#7607 = PLANE('',#7608);
#7608 = AXIS2_PLACEMENT_3D('',#7609,#7610,#7611);
#7609 = CARTESIAN_POINT('',(247.,252.,91.675));
#7610 = DIRECTION('',(0.,1.,0.));
#7611 = DIRECTION('',(0.,0.,1.));
#7612 = ADVANCED_FACE('',(#7613,#7631),#7676,.T.);
#7613 = FACE_BOUND('',#7614,.T.);
#7614 = EDGE_LOOP('',(#7615,#7616,#7617,#7625));
#7615 = ORIENTED_EDGE('',*,*,#7571,.F.);
#7616 = ORIENTED_EDGE('',*,*,#7594,.T.);
#7617 = ORIENTED_EDGE('',*,*,#7618,.T.);
#7618 = EDGE_CURVE('',#7595,#7619,#7621,.T.);
#7619 = VERTEX_POINT('',#7620);
#7620 = CARTESIAN_POINT('',(267.,270.,93.675));
#7621 = LINE('',#7622,#7623);
#7622 = CARTESIAN_POINT('',(267.,252.,93.675));
#7623 = VECTOR('',#7624,1.);
#7624 = DIRECTION('',(0.,1.,0.));
#7625 = ORIENTED_EDGE('',*,*,#7626,.F.);
#7626 = EDGE_CURVE('',#7564,#7619,#7627,.T.);
#7627 = LINE('',#7628,#7629);
#7628 = CARTESIAN_POINT('',(247.,270.,93.675));
#7629 = VECTOR('',#7630,1.);
#7630 = DIRECTION('',(1.,0.,0.));
#7631 = FACE_BOUND('',#7632,.T.);
#7632 = EDGE_LOOP('',(#7633,#7644,#7652,#7661,#7669));
#7633 = ORIENTED_EDGE('',*,*,#7634,.F.);
#7634 = EDGE_CURVE('',#7635,#7637,#7639,.T.);
#7635 = VERTEX_POINT('',#7636);
#7636 = CARTESIAN_POINT('',(261.,258.5,93.675));
#7637 = VERTEX_POINT('',#7638);
#7638 = CARTESIAN_POINT('',(263.5,261.,93.675));
#7639 = CIRCLE('',#7640,2.5);
#7640 = AXIS2_PLACEMENT_3D('',#7641,#7642,#7643);
#7641 = CARTESIAN_POINT('',(261.,261.,93.675));
#7642 = DIRECTION('',(0.,0.,1.));
#7643 = DIRECTION('',(1.,0.,0.));
#7644 = ORIENTED_EDGE('',*,*,#7645,.T.);
#7645 = EDGE_CURVE('',#7635,#7646,#7648,.T.);
#7646 = VERTEX_POINT('',#7647);
#7647 = CARTESIAN_POINT('',(257.03887360535,258.5,93.675));
#7648 = LINE('',#7649,#7650);
#7649 = CARTESIAN_POINT('',(250.,258.5,93.675));
#7650 = VECTOR('',#7651,1.);
#7651 = DIRECTION('',(-1.,0.,0.));
#7652 = ORIENTED_EDGE('',*,*,#7653,.F.);
#7653 = EDGE_CURVE('',#7654,#7646,#7656,.T.);
#7654 = VERTEX_POINT('',#7655);
#7655 = CARTESIAN_POINT('',(257.03887360535,263.5,93.675));
#7656 = CIRCLE('',#7657,4.75);
#7657 = AXIS2_PLACEMENT_3D('',#7658,#7659,#7660);
#7658 = CARTESIAN_POINT('',(253.,261.,93.675));
#7659 = DIRECTION('',(0.,0.,1.));
#7660 = DIRECTION('',(1.,0.,0.));
#7661 = ORIENTED_EDGE('',*,*,#7662,.F.);
#7662 = EDGE_CURVE('',#7663,#7654,#7665,.T.);
#7663 = VERTEX_POINT('',#7664);
#7664 = CARTESIAN_POINT('',(261.,263.5,93.675));
#7665 = LINE('',#7666,#7667);
#7666 = CARTESIAN_POINT('',(250.,263.5,93.675));
#7667 = VECTOR('',#7668,1.);
#7668 = DIRECTION('',(-1.,0.,0.));
#7669 = ORIENTED_EDGE('',*,*,#7670,.F.);
#7670 = EDGE_CURVE('',#7637,#7663,#7671,.T.);
#7671 = CIRCLE('',#7672,2.5);
#7672 = AXIS2_PLACEMENT_3D('',#7673,#7674,#7675);
#7673 = CARTESIAN_POINT('',(261.,261.,93.675));
#7674 = DIRECTION('',(0.,0.,1.));
#7675 = DIRECTION('',(1.,0.,0.));
#7676 = PLANE('',#7677);
#7677 = AXIS2_PLACEMENT_3D('',#7678,#7679,#7680);
#7678 = CARTESIAN_POINT('',(247.,252.,93.675));
#7679 = DIRECTION('',(0.,0.,1.));
#7680 = DIRECTION('',(1.,0.,0.));
#7681 = ADVANCED_FACE('',(#7682),#7700,.T.);
#7682 = FACE_BOUND('',#7683,.T.);
#7683 = EDGE_LOOP('',(#7684,#7692,#7693,#7694));
#7684 = ORIENTED_EDGE('',*,*,#7685,.F.);
#7685 = EDGE_CURVE('',#7556,#7686,#7688,.T.);
#7686 = VERTEX_POINT('',#7687);
#7687 = CARTESIAN_POINT('',(267.,270.,91.675));
#7688 = LINE('',#7689,#7690);
#7689 = CARTESIAN_POINT('',(247.,270.,91.675));
#7690 = VECTOR('',#7691,1.);
#7691 = DIRECTION('',(1.,0.,0.));
#7692 = ORIENTED_EDGE('',*,*,#7563,.T.);
#7693 = ORIENTED_EDGE('',*,*,#7626,.T.);
#7694 = ORIENTED_EDGE('',*,*,#7695,.F.);
#7695 = EDGE_CURVE('',#7686,#7619,#7696,.T.);
#7696 = LINE('',#7697,#7698);
#7697 = CARTESIAN_POINT('',(267.,270.,91.675));
#7698 = VECTOR('',#7699,1.);
#7699 = DIRECTION('',(0.,0.,1.));
#7700 = PLANE('',#7701);
#7701 = AXIS2_PLACEMENT_3D('',#7702,#7703,#7704);
#7702 = CARTESIAN_POINT('',(247.,270.,91.675));
#7703 = DIRECTION('',(0.,1.,0.));
#7704 = DIRECTION('',(0.,0.,1.));
#7705 = ADVANCED_FACE('',(#7706,#7717),#7762,.F.);
#7706 = FACE_BOUND('',#7707,.F.);
#7707 = EDGE_LOOP('',(#7708,#7709,#7710,#7716));
#7708 = ORIENTED_EDGE('',*,*,#7555,.F.);
#7709 = ORIENTED_EDGE('',*,*,#7585,.T.);
#7710 = ORIENTED_EDGE('',*,*,#7711,.T.);
#7711 = EDGE_CURVE('',#7586,#7686,#7712,.T.);
#7712 = LINE('',#7713,#7714);
#7713 = CARTESIAN_POINT('',(267.,252.,91.675));
#7714 = VECTOR('',#7715,1.);
#7715 = DIRECTION('',(0.,1.,0.));
#7716 = ORIENTED_EDGE('',*,*,#7685,.F.);
#7717 = FACE_BOUND('',#7718,.F.);
#7718 = EDGE_LOOP('',(#7719,#7730,#7738,#7747,#7755));
#7719 = ORIENTED_EDGE('',*,*,#7720,.F.);
#7720 = EDGE_CURVE('',#7721,#7723,#7725,.T.);
#7721 = VERTEX_POINT('',#7722);
#7722 = CARTESIAN_POINT('',(261.,258.5,91.675));
#7723 = VERTEX_POINT('',#7724);
#7724 = CARTESIAN_POINT('',(263.5,261.,91.675));
#7725 = CIRCLE('',#7726,2.5);
#7726 = AXIS2_PLACEMENT_3D('',#7727,#7728,#7729);
#7727 = CARTESIAN_POINT('',(261.,261.,91.675));
#7728 = DIRECTION('',(0.,0.,1.));
#7729 = DIRECTION('',(1.,0.,0.));
#7730 = ORIENTED_EDGE('',*,*,#7731,.T.);
#7731 = EDGE_CURVE('',#7721,#7732,#7734,.T.);
#7732 = VERTEX_POINT('',#7733);
#7733 = CARTESIAN_POINT('',(257.03887360535,258.5,91.675));
#7734 = LINE('',#7735,#7736);
#7735 = CARTESIAN_POINT('',(250.,258.5,91.675));
#7736 = VECTOR('',#7737,1.);
#7737 = DIRECTION('',(-1.,0.,0.));
#7738 = ORIENTED_EDGE('',*,*,#7739,.F.);
#7739 = EDGE_CURVE('',#7740,#7732,#7742,.T.);
#7740 = VERTEX_POINT('',#7741);
#7741 = CARTESIAN_POINT('',(257.03887360535,263.5,91.675));
#7742 = CIRCLE('',#7743,4.75);
#7743 = AXIS2_PLACEMENT_3D('',#7744,#7745,#7746);
#7744 = CARTESIAN_POINT('',(253.,261.,91.675));
#7745 = DIRECTION('',(0.,0.,1.));
#7746 = DIRECTION('',(1.,0.,0.));
#7747 = ORIENTED_EDGE('',*,*,#7748,.F.);
#7748 = EDGE_CURVE('',#7749,#7740,#7751,.T.);
#7749 = VERTEX_POINT('',#7750);
#7750 = CARTESIAN_POINT('',(261.,263.5,91.675));
#7751 = LINE('',#7752,#7753);
#7752 = CARTESIAN_POINT('',(250.,263.5,91.675));
#7753 = VECTOR('',#7754,1.);
#7754 = DIRECTION('',(-1.,0.,0.));
#7755 = ORIENTED_EDGE('',*,*,#7756,.F.);
#7756 = EDGE_CURVE('',#7723,#7749,#7757,.T.);
#7757 = CIRCLE('',#7758,2.5);
#7758 = AXIS2_PLACEMENT_3D('',#7759,#7760,#7761);
#7759 = CARTESIAN_POINT('',(261.,261.,91.675));
#7760 = DIRECTION('',(0.,0.,1.));
#7761 = DIRECTION('',(1.,0.,0.));
#7762 = PLANE('',#7763);
#7763 = AXIS2_PLACEMENT_3D('',#7764,#7765,#7766);
#7764 = CARTESIAN_POINT('',(247.,252.,91.675));
#7765 = DIRECTION('',(0.,0.,1.));
#7766 = DIRECTION('',(1.,0.,0.));
#7767 = ADVANCED_FACE('',(#7768),#7774,.T.);
#7768 = FACE_BOUND('',#7769,.T.);
#7769 = EDGE_LOOP('',(#7770,#7771,#7772,#7773));
#7770 = ORIENTED_EDGE('',*,*,#7602,.F.);
#7771 = ORIENTED_EDGE('',*,*,#7711,.T.);
#7772 = ORIENTED_EDGE('',*,*,#7695,.T.);
#7773 = ORIENTED_EDGE('',*,*,#7618,.F.);
#7774 = PLANE('',#7775);
#7775 = AXIS2_PLACEMENT_3D('',#7776,#7777,#7778);
#7776 = CARTESIAN_POINT('',(267.,252.,91.675));
#7777 = DIRECTION('',(1.,0.,0.));
#7778 = DIRECTION('',(0.,0.,1.));
#7779 = ADVANCED_FACE('',(#7780),#7796,.F.);
#7780 = FACE_BOUND('',#7781,.F.);
#7781 = EDGE_LOOP('',(#7782,#7783,#7789,#7790));
#7782 = ORIENTED_EDGE('',*,*,#7720,.T.);
#7783 = ORIENTED_EDGE('',*,*,#7784,.T.);
#7784 = EDGE_CURVE('',#7723,#7637,#7785,.T.);
#7785 = LINE('',#7786,#7787);
#7786 = CARTESIAN_POINT('',(263.5,261.,90.675));
#7787 = VECTOR('',#7788,1.);
#7788 = DIRECTION('',(0.,0.,1.));
#7789 = ORIENTED_EDGE('',*,*,#7634,.F.);
#7790 = ORIENTED_EDGE('',*,*,#7791,.F.);
#7791 = EDGE_CURVE('',#7721,#7635,#7792,.T.);
#7792 = LINE('',#7793,#7794);
#7793 = CARTESIAN_POINT('',(261.,258.5,90.675));
#7794 = VECTOR('',#7795,1.);
#7795 = DIRECTION('',(0.,0.,1.));
#7796 = CYLINDRICAL_SURFACE('',#7797,2.5);
#7797 = AXIS2_PLACEMENT_3D('',#7798,#7799,#7800);
#7798 = CARTESIAN_POINT('',(261.,261.,90.675));
#7799 = DIRECTION('',(0.,0.,1.));
#7800 = DIRECTION('',(1.,0.,0.));
#7801 = ADVANCED_FACE('',(#7802),#7813,.F.);
#7802 = FACE_BOUND('',#7803,.F.);
#7803 = EDGE_LOOP('',(#7804,#7805,#7806,#7807));
#7804 = ORIENTED_EDGE('',*,*,#7670,.F.);
#7805 = ORIENTED_EDGE('',*,*,#7784,.F.);
#7806 = ORIENTED_EDGE('',*,*,#7756,.T.);
#7807 = ORIENTED_EDGE('',*,*,#7808,.T.);
#7808 = EDGE_CURVE('',#7749,#7663,#7809,.T.);
#7809 = LINE('',#7810,#7811);
#7810 = CARTESIAN_POINT('',(261.,263.5,90.675));
#7811 = VECTOR('',#7812,1.);
#7812 = DIRECTION('',(0.,0.,1.));
#7813 = CYLINDRICAL_SURFACE('',#7814,2.5);
#7814 = AXIS2_PLACEMENT_3D('',#7815,#7816,#7817);
#7815 = CARTESIAN_POINT('',(261.,261.,90.675));
#7816 = DIRECTION('',(0.,0.,1.));
#7817 = DIRECTION('',(1.,0.,0.));
#7818 = ADVANCED_FACE('',(#7819),#7830,.F.);
#7819 = FACE_BOUND('',#7820,.F.);
#7820 = EDGE_LOOP('',(#7821,#7822,#7828,#7829));
#7821 = ORIENTED_EDGE('',*,*,#7748,.T.);
#7822 = ORIENTED_EDGE('',*,*,#7823,.T.);
#7823 = EDGE_CURVE('',#7740,#7654,#7824,.T.);
#7824 = LINE('',#7825,#7826);
#7825 = CARTESIAN_POINT('',(257.03887360535,263.5,90.675));
#7826 = VECTOR('',#7827,1.);
#7827 = DIRECTION('',(0.,0.,1.));
#7828 = ORIENTED_EDGE('',*,*,#7662,.F.);
#7829 = ORIENTED_EDGE('',*,*,#7808,.F.);
#7830 = PLANE('',#7831);
#7831 = AXIS2_PLACEMENT_3D('',#7832,#7833,#7834);
#7832 = CARTESIAN_POINT('',(253.,263.5,90.675));
#7833 = DIRECTION('',(0.,1.,0.));
#7834 = DIRECTION('',(0.,0.,1.));
#7835 = ADVANCED_FACE('',(#7836),#7847,.F.);
#7836 = FACE_BOUND('',#7837,.F.);
#7837 = EDGE_LOOP('',(#7838,#7839,#7840,#7841));
#7838 = ORIENTED_EDGE('',*,*,#7653,.F.);
#7839 = ORIENTED_EDGE('',*,*,#7823,.F.);
#7840 = ORIENTED_EDGE('',*,*,#7739,.T.);
#7841 = ORIENTED_EDGE('',*,*,#7842,.T.);
#7842 = EDGE_CURVE('',#7732,#7646,#7843,.T.);
#7843 = LINE('',#7844,#7845);
#7844 = CARTESIAN_POINT('',(257.03887360535,258.5,90.675));
#7845 = VECTOR('',#7846,1.);
#7846 = DIRECTION('',(0.,0.,1.));
#7847 = CYLINDRICAL_SURFACE('',#7848,4.75);
#7848 = AXIS2_PLACEMENT_3D('',#7849,#7850,#7851);
#7849 = CARTESIAN_POINT('',(253.,261.,90.675));
#7850 = DIRECTION('',(0.,0.,1.));
#7851 = DIRECTION('',(1.,0.,0.));
#7852 = ADVANCED_FACE('',(#7853),#7859,.T.);
#7853 = FACE_BOUND('',#7854,.T.);
#7854 = EDGE_LOOP('',(#7855,#7856,#7857,#7858));
#7855 = ORIENTED_EDGE('',*,*,#7731,.T.);
#7856 = ORIENTED_EDGE('',*,*,#7842,.T.);
#7857 = ORIENTED_EDGE('',*,*,#7645,.F.);
#7858 = ORIENTED_EDGE('',*,*,#7791,.F.);
#7859 = PLANE('',#7860);
#7860 = AXIS2_PLACEMENT_3D('',#7861,#7862,#7863);
#7861 = CARTESIAN_POINT('',(253.,258.5,90.675));
#7862 = DIRECTION('',(0.,1.,0.));
#7863 = DIRECTION('',(0.,0.,1.));
#7864 = MANIFOLD_SOLID_BREP('',#7865);
#7865 = CLOSED_SHELL('',(#7866,#7906,#7937,#8006,#8030,#8092,#8104,#8126
    ,#8143,#8160,#8177));
#7866 = ADVANCED_FACE('',(#7867),#7901,.F.);
#7867 = FACE_BOUND('',#7868,.F.);
#7868 = EDGE_LOOP('',(#7869,#7879,#7887,#7895));
#7869 = ORIENTED_EDGE('',*,*,#7870,.F.);
#7870 = EDGE_CURVE('',#7871,#7873,#7875,.T.);
#7871 = VERTEX_POINT('',#7872);
#7872 = CARTESIAN_POINT('',(247.,252.,116.425));
#7873 = VERTEX_POINT('',#7874);
#7874 = CARTESIAN_POINT('',(247.,252.,118.425));
#7875 = LINE('',#7876,#7877);
#7876 = CARTESIAN_POINT('',(247.,252.,116.425));
#7877 = VECTOR('',#7878,1.);
#7878 = DIRECTION('',(0.,0.,1.));
#7879 = ORIENTED_EDGE('',*,*,#7880,.T.);
#7880 = EDGE_CURVE('',#7871,#7881,#7883,.T.);
#7881 = VERTEX_POINT('',#7882);
#7882 = CARTESIAN_POINT('',(247.,270.,116.425));
#7883 = LINE('',#7884,#7885);
#7884 = CARTESIAN_POINT('',(247.,252.,116.425));
#7885 = VECTOR('',#7886,1.);
#7886 = DIRECTION('',(0.,1.,0.));
#7887 = ORIENTED_EDGE('',*,*,#7888,.T.);
#7888 = EDGE_CURVE('',#7881,#7889,#7891,.T.);
#7889 = VERTEX_POINT('',#7890);
#7890 = CARTESIAN_POINT('',(247.,270.,118.425));
#7891 = LINE('',#7892,#7893);
#7892 = CARTESIAN_POINT('',(247.,270.,116.425));
#7893 = VECTOR('',#7894,1.);
#7894 = DIRECTION('',(0.,0.,1.));
#7895 = ORIENTED_EDGE('',*,*,#7896,.F.);
#7896 = EDGE_CURVE('',#7873,#7889,#7897,.T.);
#7897 = LINE('',#7898,#7899);
#7898 = CARTESIAN_POINT('',(247.,252.,118.425));
#7899 = VECTOR('',#7900,1.);
#7900 = DIRECTION('',(0.,1.,0.));
#7901 = PLANE('',#7902);
#7902 = AXIS2_PLACEMENT_3D('',#7903,#7904,#7905);
#7903 = CARTESIAN_POINT('',(247.,252.,116.425));
#7904 = DIRECTION('',(1.,0.,0.));
#7905 = DIRECTION('',(0.,0.,1.));
#7906 = ADVANCED_FACE('',(#7907),#7932,.F.);
#7907 = FACE_BOUND('',#7908,.F.);
#7908 = EDGE_LOOP('',(#7909,#7917,#7918,#7926));
#7909 = ORIENTED_EDGE('',*,*,#7910,.F.);
#7910 = EDGE_CURVE('',#7871,#7911,#7913,.T.);
#7911 = VERTEX_POINT('',#7912);
#7912 = CARTESIAN_POINT('',(267.,252.,116.425));
#7913 = LINE('',#7914,#7915);
#7914 = CARTESIAN_POINT('',(247.,252.,116.425));
#7915 = VECTOR('',#7916,1.);
#7916 = DIRECTION('',(1.,0.,0.));
#7917 = ORIENTED_EDGE('',*,*,#7870,.T.);
#7918 = ORIENTED_EDGE('',*,*,#7919,.T.);
#7919 = EDGE_CURVE('',#7873,#7920,#7922,.T.);
#7920 = VERTEX_POINT('',#7921);
#7921 = CARTESIAN_POINT('',(267.,252.,118.425));
#7922 = LINE('',#7923,#7924);
#7923 = CARTESIAN_POINT('',(247.,252.,118.425));
#7924 = VECTOR('',#7925,1.);
#7925 = DIRECTION('',(1.,0.,0.));
#7926 = ORIENTED_EDGE('',*,*,#7927,.F.);
#7927 = EDGE_CURVE('',#7911,#7920,#7928,.T.);
#7928 = LINE('',#7929,#7930);
#7929 = CARTESIAN_POINT('',(267.,252.,116.425));
#7930 = VECTOR('',#7931,1.);
#7931 = DIRECTION('',(0.,0.,1.));
#7932 = PLANE('',#7933);
#7933 = AXIS2_PLACEMENT_3D('',#7934,#7935,#7936);
#7934 = CARTESIAN_POINT('',(247.,252.,116.425));
#7935 = DIRECTION('',(0.,1.,0.));
#7936 = DIRECTION('',(0.,0.,1.));
#7937 = ADVANCED_FACE('',(#7938,#7956),#8001,.T.);
#7938 = FACE_BOUND('',#7939,.T.);
#7939 = EDGE_LOOP('',(#7940,#7941,#7942,#7950));
#7940 = ORIENTED_EDGE('',*,*,#7896,.F.);
#7941 = ORIENTED_EDGE('',*,*,#7919,.T.);
#7942 = ORIENTED_EDGE('',*,*,#7943,.T.);
#7943 = EDGE_CURVE('',#7920,#7944,#7946,.T.);
#7944 = VERTEX_POINT('',#7945);
#7945 = CARTESIAN_POINT('',(267.,270.,118.425));
#7946 = LINE('',#7947,#7948);
#7947 = CARTESIAN_POINT('',(267.,252.,118.425));
#7948 = VECTOR('',#7949,1.);
#7949 = DIRECTION('',(0.,1.,0.));
#7950 = ORIENTED_EDGE('',*,*,#7951,.F.);
#7951 = EDGE_CURVE('',#7889,#7944,#7952,.T.);
#7952 = LINE('',#7953,#7954);
#7953 = CARTESIAN_POINT('',(247.,270.,118.425));
#7954 = VECTOR('',#7955,1.);
#7955 = DIRECTION('',(1.,0.,0.));
#7956 = FACE_BOUND('',#7957,.T.);
#7957 = EDGE_LOOP('',(#7958,#7969,#7977,#7986,#7994));
#7958 = ORIENTED_EDGE('',*,*,#7959,.F.);
#7959 = EDGE_CURVE('',#7960,#7962,#7964,.T.);
#7960 = VERTEX_POINT('',#7961);
#7961 = CARTESIAN_POINT('',(261.,258.5,118.425));
#7962 = VERTEX_POINT('',#7963);
#7963 = CARTESIAN_POINT('',(263.5,261.,118.425));
#7964 = CIRCLE('',#7965,2.5);
#7965 = AXIS2_PLACEMENT_3D('',#7966,#7967,#7968);
#7966 = CARTESIAN_POINT('',(261.,261.,118.425));
#7967 = DIRECTION('',(0.,0.,1.));
#7968 = DIRECTION('',(1.,0.,0.));
#7969 = ORIENTED_EDGE('',*,*,#7970,.T.);
#7970 = EDGE_CURVE('',#7960,#7971,#7973,.T.);
#7971 = VERTEX_POINT('',#7972);
#7972 = CARTESIAN_POINT('',(257.03887360535,258.5,118.425));
#7973 = LINE('',#7974,#7975);
#7974 = CARTESIAN_POINT('',(250.,258.5,118.425));
#7975 = VECTOR('',#7976,1.);
#7976 = DIRECTION('',(-1.,0.,0.));
#7977 = ORIENTED_EDGE('',*,*,#7978,.F.);
#7978 = EDGE_CURVE('',#7979,#7971,#7981,.T.);
#7979 = VERTEX_POINT('',#7980);
#7980 = CARTESIAN_POINT('',(257.03887360535,263.5,118.425));
#7981 = CIRCLE('',#7982,4.75);
#7982 = AXIS2_PLACEMENT_3D('',#7983,#7984,#7985);
#7983 = CARTESIAN_POINT('',(253.,261.,118.425));
#7984 = DIRECTION('',(0.,0.,1.));
#7985 = DIRECTION('',(1.,0.,0.));
#7986 = ORIENTED_EDGE('',*,*,#7987,.F.);
#7987 = EDGE_CURVE('',#7988,#7979,#7990,.T.);
#7988 = VERTEX_POINT('',#7989);
#7989 = CARTESIAN_POINT('',(261.,263.5,118.425));
#7990 = LINE('',#7991,#7992);
#7991 = CARTESIAN_POINT('',(250.,263.5,118.425));
#7992 = VECTOR('',#7993,1.);
#7993 = DIRECTION('',(-1.,0.,0.));
#7994 = ORIENTED_EDGE('',*,*,#7995,.F.);
#7995 = EDGE_CURVE('',#7962,#7988,#7996,.T.);
#7996 = CIRCLE('',#7997,2.5);
#7997 = AXIS2_PLACEMENT_3D('',#7998,#7999,#8000);
#7998 = CARTESIAN_POINT('',(261.,261.,118.425));
#7999 = DIRECTION('',(0.,0.,1.));
#8000 = DIRECTION('',(1.,0.,0.));
#8001 = PLANE('',#8002);
#8002 = AXIS2_PLACEMENT_3D('',#8003,#8004,#8005);
#8003 = CARTESIAN_POINT('',(247.,252.,118.425));
#8004 = DIRECTION('',(0.,0.,1.));
#8005 = DIRECTION('',(1.,0.,0.));
#8006 = ADVANCED_FACE('',(#8007),#8025,.T.);
#8007 = FACE_BOUND('',#8008,.T.);
#8008 = EDGE_LOOP('',(#8009,#8017,#8018,#8019));
#8009 = ORIENTED_EDGE('',*,*,#8010,.F.);
#8010 = EDGE_CURVE('',#7881,#8011,#8013,.T.);
#8011 = VERTEX_POINT('',#8012);
#8012 = CARTESIAN_POINT('',(267.,270.,116.425));
#8013 = LINE('',#8014,#8015);
#8014 = CARTESIAN_POINT('',(247.,270.,116.425));
#8015 = VECTOR('',#8016,1.);
#8016 = DIRECTION('',(1.,0.,0.));
#8017 = ORIENTED_EDGE('',*,*,#7888,.T.);
#8018 = ORIENTED_EDGE('',*,*,#7951,.T.);
#8019 = ORIENTED_EDGE('',*,*,#8020,.F.);
#8020 = EDGE_CURVE('',#8011,#7944,#8021,.T.);
#8021 = LINE('',#8022,#8023);
#8022 = CARTESIAN_POINT('',(267.,270.,116.425));
#8023 = VECTOR('',#8024,1.);
#8024 = DIRECTION('',(0.,0.,1.));
#8025 = PLANE('',#8026);
#8026 = AXIS2_PLACEMENT_3D('',#8027,#8028,#8029);
#8027 = CARTESIAN_POINT('',(247.,270.,116.425));
#8028 = DIRECTION('',(0.,1.,0.));
#8029 = DIRECTION('',(0.,0.,1.));
#8030 = ADVANCED_FACE('',(#8031,#8042),#8087,.F.);
#8031 = FACE_BOUND('',#8032,.F.);
#8032 = EDGE_LOOP('',(#8033,#8034,#8035,#8041));
#8033 = ORIENTED_EDGE('',*,*,#7880,.F.);
#8034 = ORIENTED_EDGE('',*,*,#7910,.T.);
#8035 = ORIENTED_EDGE('',*,*,#8036,.T.);
#8036 = EDGE_CURVE('',#7911,#8011,#8037,.T.);
#8037 = LINE('',#8038,#8039);
#8038 = CARTESIAN_POINT('',(267.,252.,116.425));
#8039 = VECTOR('',#8040,1.);
#8040 = DIRECTION('',(0.,1.,0.));
#8041 = ORIENTED_EDGE('',*,*,#8010,.F.);
#8042 = FACE_BOUND('',#8043,.F.);
#8043 = EDGE_LOOP('',(#8044,#8055,#8063,#8072,#8080));
#8044 = ORIENTED_EDGE('',*,*,#8045,.F.);
#8045 = EDGE_CURVE('',#8046,#8048,#8050,.T.);
#8046 = VERTEX_POINT('',#8047);
#8047 = CARTESIAN_POINT('',(261.,258.5,116.425));
#8048 = VERTEX_POINT('',#8049);
#8049 = CARTESIAN_POINT('',(263.5,261.,116.425));
#8050 = CIRCLE('',#8051,2.5);
#8051 = AXIS2_PLACEMENT_3D('',#8052,#8053,#8054);
#8052 = CARTESIAN_POINT('',(261.,261.,116.425));
#8053 = DIRECTION('',(0.,0.,1.));
#8054 = DIRECTION('',(1.,0.,0.));
#8055 = ORIENTED_EDGE('',*,*,#8056,.T.);
#8056 = EDGE_CURVE('',#8046,#8057,#8059,.T.);
#8057 = VERTEX_POINT('',#8058);
#8058 = CARTESIAN_POINT('',(257.03887360535,258.5,116.425));
#8059 = LINE('',#8060,#8061);
#8060 = CARTESIAN_POINT('',(250.,258.5,116.425));
#8061 = VECTOR('',#8062,1.);
#8062 = DIRECTION('',(-1.,0.,0.));
#8063 = ORIENTED_EDGE('',*,*,#8064,.F.);
#8064 = EDGE_CURVE('',#8065,#8057,#8067,.T.);
#8065 = VERTEX_POINT('',#8066);
#8066 = CARTESIAN_POINT('',(257.03887360535,263.5,116.425));
#8067 = CIRCLE('',#8068,4.75);
#8068 = AXIS2_PLACEMENT_3D('',#8069,#8070,#8071);
#8069 = CARTESIAN_POINT('',(253.,261.,116.425));
#8070 = DIRECTION('',(0.,0.,1.));
#8071 = DIRECTION('',(1.,0.,0.));
#8072 = ORIENTED_EDGE('',*,*,#8073,.F.);
#8073 = EDGE_CURVE('',#8074,#8065,#8076,.T.);
#8074 = VERTEX_POINT('',#8075);
#8075 = CARTESIAN_POINT('',(261.,263.5,116.425));
#8076 = LINE('',#8077,#8078);
#8077 = CARTESIAN_POINT('',(250.,263.5,116.425));
#8078 = VECTOR('',#8079,1.);
#8079 = DIRECTION('',(-1.,0.,0.));
#8080 = ORIENTED_EDGE('',*,*,#8081,.F.);
#8081 = EDGE_CURVE('',#8048,#8074,#8082,.T.);
#8082 = CIRCLE('',#8083,2.5);
#8083 = AXIS2_PLACEMENT_3D('',#8084,#8085,#8086);
#8084 = CARTESIAN_POINT('',(261.,261.,116.425));
#8085 = DIRECTION('',(0.,0.,1.));
#8086 = DIRECTION('',(1.,0.,0.));
#8087 = PLANE('',#8088);
#8088 = AXIS2_PLACEMENT_3D('',#8089,#8090,#8091);
#8089 = CARTESIAN_POINT('',(247.,252.,116.425));
#8090 = DIRECTION('',(0.,0.,1.));
#8091 = DIRECTION('',(1.,0.,0.));
#8092 = ADVANCED_FACE('',(#8093),#8099,.T.);
#8093 = FACE_BOUND('',#8094,.T.);
#8094 = EDGE_LOOP('',(#8095,#8096,#8097,#8098));
#8095 = ORIENTED_EDGE('',*,*,#7927,.F.);
#8096 = ORIENTED_EDGE('',*,*,#8036,.T.);
#8097 = ORIENTED_EDGE('',*,*,#8020,.T.);
#8098 = ORIENTED_EDGE('',*,*,#7943,.F.);
#8099 = PLANE('',#8100);
#8100 = AXIS2_PLACEMENT_3D('',#8101,#8102,#8103);
#8101 = CARTESIAN_POINT('',(267.,252.,116.425));
#8102 = DIRECTION('',(1.,0.,0.));
#8103 = DIRECTION('',(0.,0.,1.));
#8104 = ADVANCED_FACE('',(#8105),#8121,.F.);
#8105 = FACE_BOUND('',#8106,.F.);
#8106 = EDGE_LOOP('',(#8107,#8108,#8114,#8115));
#8107 = ORIENTED_EDGE('',*,*,#8045,.T.);
#8108 = ORIENTED_EDGE('',*,*,#8109,.T.);
#8109 = EDGE_CURVE('',#8048,#7962,#8110,.T.);
#8110 = LINE('',#8111,#8112);
#8111 = CARTESIAN_POINT('',(263.5,261.,115.425));
#8112 = VECTOR('',#8113,1.);
#8113 = DIRECTION('',(0.,0.,1.));
#8114 = ORIENTED_EDGE('',*,*,#7959,.F.);
#8115 = ORIENTED_EDGE('',*,*,#8116,.F.);
#8116 = EDGE_CURVE('',#8046,#7960,#8117,.T.);
#8117 = LINE('',#8118,#8119);
#8118 = CARTESIAN_POINT('',(261.,258.5,115.425));
#8119 = VECTOR('',#8120,1.);
#8120 = DIRECTION('',(0.,0.,1.));
#8121 = CYLINDRICAL_SURFACE('',#8122,2.5);
#8122 = AXIS2_PLACEMENT_3D('',#8123,#8124,#8125);
#8123 = CARTESIAN_POINT('',(261.,261.,115.425));
#8124 = DIRECTION('',(0.,0.,1.));
#8125 = DIRECTION('',(1.,0.,0.));
#8126 = ADVANCED_FACE('',(#8127),#8138,.F.);
#8127 = FACE_BOUND('',#8128,.F.);
#8128 = EDGE_LOOP('',(#8129,#8130,#8131,#8132));
#8129 = ORIENTED_EDGE('',*,*,#7995,.F.);
#8130 = ORIENTED_EDGE('',*,*,#8109,.F.);
#8131 = ORIENTED_EDGE('',*,*,#8081,.T.);
#8132 = ORIENTED_EDGE('',*,*,#8133,.T.);
#8133 = EDGE_CURVE('',#8074,#7988,#8134,.T.);
#8134 = LINE('',#8135,#8136);
#8135 = CARTESIAN_POINT('',(261.,263.5,115.425));
#8136 = VECTOR('',#8137,1.);
#8137 = DIRECTION('',(0.,0.,1.));
#8138 = CYLINDRICAL_SURFACE('',#8139,2.5);
#8139 = AXIS2_PLACEMENT_3D('',#8140,#8141,#8142);
#8140 = CARTESIAN_POINT('',(261.,261.,115.425));
#8141 = DIRECTION('',(0.,0.,1.));
#8142 = DIRECTION('',(1.,0.,0.));
#8143 = ADVANCED_FACE('',(#8144),#8155,.F.);
#8144 = FACE_BOUND('',#8145,.F.);
#8145 = EDGE_LOOP('',(#8146,#8147,#8153,#8154));
#8146 = ORIENTED_EDGE('',*,*,#8073,.T.);
#8147 = ORIENTED_EDGE('',*,*,#8148,.T.);
#8148 = EDGE_CURVE('',#8065,#7979,#8149,.T.);
#8149 = LINE('',#8150,#8151);
#8150 = CARTESIAN_POINT('',(257.03887360535,263.5,115.425));
#8151 = VECTOR('',#8152,1.);
#8152 = DIRECTION('',(0.,0.,1.));
#8153 = ORIENTED_EDGE('',*,*,#7987,.F.);
#8154 = ORIENTED_EDGE('',*,*,#8133,.F.);
#8155 = PLANE('',#8156);
#8156 = AXIS2_PLACEMENT_3D('',#8157,#8158,#8159);
#8157 = CARTESIAN_POINT('',(253.,263.5,115.425));
#8158 = DIRECTION('',(0.,1.,0.));
#8159 = DIRECTION('',(0.,0.,1.));
#8160 = ADVANCED_FACE('',(#8161),#8172,.F.);
#8161 = FACE_BOUND('',#8162,.F.);
#8162 = EDGE_LOOP('',(#8163,#8164,#8165,#8166));
#8163 = ORIENTED_EDGE('',*,*,#7978,.F.);
#8164 = ORIENTED_EDGE('',*,*,#8148,.F.);
#8165 = ORIENTED_EDGE('',*,*,#8064,.T.);
#8166 = ORIENTED_EDGE('',*,*,#8167,.T.);
#8167 = EDGE_CURVE('',#8057,#7971,#8168,.T.);
#8168 = LINE('',#8169,#8170);
#8169 = CARTESIAN_POINT('',(257.03887360535,258.5,115.425));
#8170 = VECTOR('',#8171,1.);
#8171 = DIRECTION('',(0.,0.,1.));
#8172 = CYLINDRICAL_SURFACE('',#8173,4.75);
#8173 = AXIS2_PLACEMENT_3D('',#8174,#8175,#8176);
#8174 = CARTESIAN_POINT('',(253.,261.,115.425));
#8175 = DIRECTION('',(0.,0.,1.));
#8176 = DIRECTION('',(1.,0.,0.));
#8177 = ADVANCED_FACE('',(#8178),#8184,.T.);
#8178 = FACE_BOUND('',#8179,.T.);
#8179 = EDGE_LOOP('',(#8180,#8181,#8182,#8183));
#8180 = ORIENTED_EDGE('',*,*,#8056,.T.);
#8181 = ORIENTED_EDGE('',*,*,#8167,.T.);
#8182 = ORIENTED_EDGE('',*,*,#7970,.F.);
#8183 = ORIENTED_EDGE('',*,*,#8116,.F.);
#8184 = PLANE('',#8185);
#8185 = AXIS2_PLACEMENT_3D('',#8186,#8187,#8188);
#8186 = CARTESIAN_POINT('',(253.,258.5,115.425));
#8187 = DIRECTION('',(0.,1.,0.));
#8188 = DIRECTION('',(0.,0.,1.));
#8189 = MANIFOLD_SOLID_BREP('',#8190);
#8190 = CLOSED_SHELL('',(#8191,#8231,#8271,#8293,#8315,#8327));
#8191 = ADVANCED_FACE('',(#8192),#8226,.F.);
#8192 = FACE_BOUND('',#8193,.F.);
#8193 = EDGE_LOOP('',(#8194,#8204,#8212,#8220));
#8194 = ORIENTED_EDGE('',*,*,#8195,.F.);
#8195 = EDGE_CURVE('',#8196,#8198,#8200,.T.);
#8196 = VERTEX_POINT('',#8197);
#8197 = CARTESIAN_POINT('',(10.,4.475,103.));
#8198 = VERTEX_POINT('',#8199);
#8199 = CARTESIAN_POINT('',(10.,4.475,115.7));
#8200 = LINE('',#8201,#8202);
#8201 = CARTESIAN_POINT('',(10.,4.475,103.));
#8202 = VECTOR('',#8203,1.);
#8203 = DIRECTION('',(0.,0.,1.));
#8204 = ORIENTED_EDGE('',*,*,#8205,.T.);
#8205 = EDGE_CURVE('',#8196,#8206,#8208,.T.);
#8206 = VERTEX_POINT('',#8207);
#8207 = CARTESIAN_POINT('',(10.,6.0625,103.));
#8208 = LINE('',#8209,#8210);
#8209 = CARTESIAN_POINT('',(10.,4.475,103.));
#8210 = VECTOR('',#8211,1.);
#8211 = DIRECTION('',(0.,1.,0.));
#8212 = ORIENTED_EDGE('',*,*,#8213,.T.);
#8213 = EDGE_CURVE('',#8206,#8214,#8216,.T.);
#8214 = VERTEX_POINT('',#8215);
#8215 = CARTESIAN_POINT('',(10.,6.0625,115.7));
#8216 = LINE('',#8217,#8218);
#8217 = CARTESIAN_POINT('',(10.,6.0625,103.));
#8218 = VECTOR('',#8219,1.);
#8219 = DIRECTION('',(0.,0.,1.));
#8220 = ORIENTED_EDGE('',*,*,#8221,.F.);
#8221 = EDGE_CURVE('',#8198,#8214,#8222,.T.);
#8222 = LINE('',#8223,#8224);
#8223 = CARTESIAN_POINT('',(10.,4.475,115.7));
#8224 = VECTOR('',#8225,1.);
#8225 = DIRECTION('',(0.,1.,0.));
#8226 = PLANE('',#8227);
#8227 = AXIS2_PLACEMENT_3D('',#8228,#8229,#8230);
#8228 = CARTESIAN_POINT('',(10.,4.475,103.));
#8229 = DIRECTION('',(1.,0.,0.));
#8230 = DIRECTION('',(0.,0.,1.));
#8231 = ADVANCED_FACE('',(#8232),#8266,.T.);
#8232 = FACE_BOUND('',#8233,.T.);
#8233 = EDGE_LOOP('',(#8234,#8244,#8252,#8260));
#8234 = ORIENTED_EDGE('',*,*,#8235,.F.);
#8235 = EDGE_CURVE('',#8236,#8238,#8240,.T.);
#8236 = VERTEX_POINT('',#8237);
#8237 = CARTESIAN_POINT('',(265.,4.475,103.));
#8238 = VERTEX_POINT('',#8239);
#8239 = CARTESIAN_POINT('',(265.,4.475,115.7));
#8240 = LINE('',#8241,#8242);
#8241 = CARTESIAN_POINT('',(265.,4.475,103.));
#8242 = VECTOR('',#8243,1.);
#8243 = DIRECTION('',(0.,0.,1.));
#8244 = ORIENTED_EDGE('',*,*,#8245,.T.);
#8245 = EDGE_CURVE('',#8236,#8246,#8248,.T.);
#8246 = VERTEX_POINT('',#8247);
#8247 = CARTESIAN_POINT('',(265.,6.0625,103.));
#8248 = LINE('',#8249,#8250);
#8249 = CARTESIAN_POINT('',(265.,4.475,103.));
#8250 = VECTOR('',#8251,1.);
#8251 = DIRECTION('',(0.,1.,0.));
#8252 = ORIENTED_EDGE('',*,*,#8253,.T.);
#8253 = EDGE_CURVE('',#8246,#8254,#8256,.T.);
#8254 = VERTEX_POINT('',#8255);
#8255 = CARTESIAN_POINT('',(265.,6.0625,115.7));
#8256 = LINE('',#8257,#8258);
#8257 = CARTESIAN_POINT('',(265.,6.0625,103.));
#8258 = VECTOR('',#8259,1.);
#8259 = DIRECTION('',(0.,0.,1.));
#8260 = ORIENTED_EDGE('',*,*,#8261,.F.);
#8261 = EDGE_CURVE('',#8238,#8254,#8262,.T.);
#8262 = LINE('',#8263,#8264);
#8263 = CARTESIAN_POINT('',(265.,4.475,115.7));
#8264 = VECTOR('',#8265,1.);
#8265 = DIRECTION('',(0.,1.,0.));
#8266 = PLANE('',#8267);
#8267 = AXIS2_PLACEMENT_3D('',#8268,#8269,#8270);
#8268 = CARTESIAN_POINT('',(265.,4.475,103.));
#8269 = DIRECTION('',(1.,0.,0.));
#8270 = DIRECTION('',(0.,0.,1.));
#8271 = ADVANCED_FACE('',(#8272),#8288,.F.);
#8272 = FACE_BOUND('',#8273,.F.);
#8273 = EDGE_LOOP('',(#8274,#8280,#8281,#8287));
#8274 = ORIENTED_EDGE('',*,*,#8275,.F.);
#8275 = EDGE_CURVE('',#8196,#8236,#8276,.T.);
#8276 = LINE('',#8277,#8278);
#8277 = CARTESIAN_POINT('',(10.,4.475,103.));
#8278 = VECTOR('',#8279,1.);
#8279 = DIRECTION('',(1.,0.,0.));
#8280 = ORIENTED_EDGE('',*,*,#8195,.T.);
#8281 = ORIENTED_EDGE('',*,*,#8282,.T.);
#8282 = EDGE_CURVE('',#8198,#8238,#8283,.T.);
#8283 = LINE('',#8284,#8285);
#8284 = CARTESIAN_POINT('',(10.,4.475,115.7));
#8285 = VECTOR('',#8286,1.);
#8286 = DIRECTION('',(1.,0.,0.));
#8287 = ORIENTED_EDGE('',*,*,#8235,.F.);
#8288 = PLANE('',#8289);
#8289 = AXIS2_PLACEMENT_3D('',#8290,#8291,#8292);
#8290 = CARTESIAN_POINT('',(10.,4.475,103.));
#8291 = DIRECTION('',(0.,1.,0.));
#8292 = DIRECTION('',(0.,0.,1.));
#8293 = ADVANCED_FACE('',(#8294),#8310,.T.);
#8294 = FACE_BOUND('',#8295,.T.);
#8295 = EDGE_LOOP('',(#8296,#8302,#8303,#8309));
#8296 = ORIENTED_EDGE('',*,*,#8297,.F.);
#8297 = EDGE_CURVE('',#8206,#8246,#8298,.T.);
#8298 = LINE('',#8299,#8300);
#8299 = CARTESIAN_POINT('',(10.,6.0625,103.));
#8300 = VECTOR('',#8301,1.);
#8301 = DIRECTION('',(1.,0.,0.));
#8302 = ORIENTED_EDGE('',*,*,#8213,.T.);
#8303 = ORIENTED_EDGE('',*,*,#8304,.T.);
#8304 = EDGE_CURVE('',#8214,#8254,#8305,.T.);
#8305 = LINE('',#8306,#8307);
#8306 = CARTESIAN_POINT('',(10.,6.0625,115.7));
#8307 = VECTOR('',#8308,1.);
#8308 = DIRECTION('',(1.,0.,0.));
#8309 = ORIENTED_EDGE('',*,*,#8253,.F.);
#8310 = PLANE('',#8311);
#8311 = AXIS2_PLACEMENT_3D('',#8312,#8313,#8314);
#8312 = CARTESIAN_POINT('',(10.,6.0625,103.));
#8313 = DIRECTION('',(0.,1.,0.));
#8314 = DIRECTION('',(0.,0.,1.));
#8315 = ADVANCED_FACE('',(#8316),#8322,.F.);
#8316 = FACE_BOUND('',#8317,.F.);
#8317 = EDGE_LOOP('',(#8318,#8319,#8320,#8321));
#8318 = ORIENTED_EDGE('',*,*,#8205,.F.);
#8319 = ORIENTED_EDGE('',*,*,#8275,.T.);
#8320 = ORIENTED_EDGE('',*,*,#8245,.T.);
#8321 = ORIENTED_EDGE('',*,*,#8297,.F.);
#8322 = PLANE('',#8323);
#8323 = AXIS2_PLACEMENT_3D('',#8324,#8325,#8326);
#8324 = CARTESIAN_POINT('',(10.,4.475,103.));
#8325 = DIRECTION('',(0.,0.,1.));
#8326 = DIRECTION('',(1.,0.,0.));
#8327 = ADVANCED_FACE('',(#8328),#8334,.T.);
#8328 = FACE_BOUND('',#8329,.T.);
#8329 = EDGE_LOOP('',(#8330,#8331,#8332,#8333));
#8330 = ORIENTED_EDGE('',*,*,#8221,.F.);
#8331 = ORIENTED_EDGE('',*,*,#8282,.T.);
#8332 = ORIENTED_EDGE('',*,*,#8261,.T.);
#8333 = ORIENTED_EDGE('',*,*,#8304,.F.);
#8334 = PLANE('',#8335);
#8335 = AXIS2_PLACEMENT_3D('',#8336,#8337,#8338);
#8336 = CARTESIAN_POINT('',(10.,4.475,115.7));
#8337 = DIRECTION('',(0.,0.,1.));
#8338 = DIRECTION('',(1.,0.,0.));
#8339 = MANIFOLD_SOLID_BREP('',#8340);
#8340 = CLOSED_SHELL('',(#8341,#8381,#8421,#8443,#8465,#8477));
#8341 = ADVANCED_FACE('',(#8342),#8376,.F.);
#8342 = FACE_BOUND('',#8343,.F.);
#8343 = EDGE_LOOP('',(#8344,#8354,#8362,#8370));
#8344 = ORIENTED_EDGE('',*,*,#8345,.F.);
#8345 = EDGE_CURVE('',#8346,#8348,#8350,.T.);
#8346 = VERTEX_POINT('',#8347);
#8347 = CARTESIAN_POINT('',(10.,268.9375,103.));
#8348 = VERTEX_POINT('',#8349);
#8349 = CARTESIAN_POINT('',(10.,268.9375,115.7));
#8350 = LINE('',#8351,#8352);
#8351 = CARTESIAN_POINT('',(10.,268.9375,103.));
#8352 = VECTOR('',#8353,1.);
#8353 = DIRECTION('',(0.,0.,1.));
#8354 = ORIENTED_EDGE('',*,*,#8355,.T.);
#8355 = EDGE_CURVE('',#8346,#8356,#8358,.T.);
#8356 = VERTEX_POINT('',#8357);
#8357 = CARTESIAN_POINT('',(10.,270.525,103.));
#8358 = LINE('',#8359,#8360);
#8359 = CARTESIAN_POINT('',(10.,268.9375,103.));
#8360 = VECTOR('',#8361,1.);
#8361 = DIRECTION('',(0.,1.,0.));
#8362 = ORIENTED_EDGE('',*,*,#8363,.T.);
#8363 = EDGE_CURVE('',#8356,#8364,#8366,.T.);
#8364 = VERTEX_POINT('',#8365);
#8365 = CARTESIAN_POINT('',(10.,270.525,115.7));
#8366 = LINE('',#8367,#8368);
#8367 = CARTESIAN_POINT('',(10.,270.525,103.));
#8368 = VECTOR('',#8369,1.);
#8369 = DIRECTION('',(0.,0.,1.));
#8370 = ORIENTED_EDGE('',*,*,#8371,.F.);
#8371 = EDGE_CURVE('',#8348,#8364,#8372,.T.);
#8372 = LINE('',#8373,#8374);
#8373 = CARTESIAN_POINT('',(10.,268.9375,115.7));
#8374 = VECTOR('',#8375,1.);
#8375 = DIRECTION('',(0.,1.,0.));
#8376 = PLANE('',#8377);
#8377 = AXIS2_PLACEMENT_3D('',#8378,#8379,#8380);
#8378 = CARTESIAN_POINT('',(10.,268.9375,103.));
#8379 = DIRECTION('',(1.,0.,0.));
#8380 = DIRECTION('',(0.,0.,1.));
#8381 = ADVANCED_FACE('',(#8382),#8416,.T.);
#8382 = FACE_BOUND('',#8383,.T.);
#8383 = EDGE_LOOP('',(#8384,#8394,#8402,#8410));
#8384 = ORIENTED_EDGE('',*,*,#8385,.F.);
#8385 = EDGE_CURVE('',#8386,#8388,#8390,.T.);
#8386 = VERTEX_POINT('',#8387);
#8387 = CARTESIAN_POINT('',(265.,268.9375,103.));
#8388 = VERTEX_POINT('',#8389);
#8389 = CARTESIAN_POINT('',(265.,268.9375,115.7));
#8390 = LINE('',#8391,#8392);
#8391 = CARTESIAN_POINT('',(265.,268.9375,103.));
#8392 = VECTOR('',#8393,1.);
#8393 = DIRECTION('',(0.,0.,1.));
#8394 = ORIENTED_EDGE('',*,*,#8395,.T.);
#8395 = EDGE_CURVE('',#8386,#8396,#8398,.T.);
#8396 = VERTEX_POINT('',#8397);
#8397 = CARTESIAN_POINT('',(265.,270.525,103.));
#8398 = LINE('',#8399,#8400);
#8399 = CARTESIAN_POINT('',(265.,268.9375,103.));
#8400 = VECTOR('',#8401,1.);
#8401 = DIRECTION('',(0.,1.,0.));
#8402 = ORIENTED_EDGE('',*,*,#8403,.T.);
#8403 = EDGE_CURVE('',#8396,#8404,#8406,.T.);
#8404 = VERTEX_POINT('',#8405);
#8405 = CARTESIAN_POINT('',(265.,270.525,115.7));
#8406 = LINE('',#8407,#8408);
#8407 = CARTESIAN_POINT('',(265.,270.525,103.));
#8408 = VECTOR('',#8409,1.);
#8409 = DIRECTION('',(0.,0.,1.));
#8410 = ORIENTED_EDGE('',*,*,#8411,.F.);
#8411 = EDGE_CURVE('',#8388,#8404,#8412,.T.);
#8412 = LINE('',#8413,#8414);
#8413 = CARTESIAN_POINT('',(265.,268.9375,115.7));
#8414 = VECTOR('',#8415,1.);
#8415 = DIRECTION('',(0.,1.,0.));
#8416 = PLANE('',#8417);
#8417 = AXIS2_PLACEMENT_3D('',#8418,#8419,#8420);
#8418 = CARTESIAN_POINT('',(265.,268.9375,103.));
#8419 = DIRECTION('',(1.,0.,0.));
#8420 = DIRECTION('',(0.,0.,1.));
#8421 = ADVANCED_FACE('',(#8422),#8438,.F.);
#8422 = FACE_BOUND('',#8423,.F.);
#8423 = EDGE_LOOP('',(#8424,#8430,#8431,#8437));
#8424 = ORIENTED_EDGE('',*,*,#8425,.F.);
#8425 = EDGE_CURVE('',#8346,#8386,#8426,.T.);
#8426 = LINE('',#8427,#8428);
#8427 = CARTESIAN_POINT('',(10.,268.9375,103.));
#8428 = VECTOR('',#8429,1.);
#8429 = DIRECTION('',(1.,0.,0.));
#8430 = ORIENTED_EDGE('',*,*,#8345,.T.);
#8431 = ORIENTED_EDGE('',*,*,#8432,.T.);
#8432 = EDGE_CURVE('',#8348,#8388,#8433,.T.);
#8433 = LINE('',#8434,#8435);
#8434 = CARTESIAN_POINT('',(10.,268.9375,115.7));
#8435 = VECTOR('',#8436,1.);
#8436 = DIRECTION('',(1.,0.,0.));
#8437 = ORIENTED_EDGE('',*,*,#8385,.F.);
#8438 = PLANE('',#8439);
#8439 = AXIS2_PLACEMENT_3D('',#8440,#8441,#8442);
#8440 = CARTESIAN_POINT('',(10.,268.9375,103.));
#8441 = DIRECTION('',(0.,1.,0.));
#8442 = DIRECTION('',(0.,0.,1.));
#8443 = ADVANCED_FACE('',(#8444),#8460,.T.);
#8444 = FACE_BOUND('',#8445,.T.);
#8445 = EDGE_LOOP('',(#8446,#8452,#8453,#8459));
#8446 = ORIENTED_EDGE('',*,*,#8447,.F.);
#8447 = EDGE_CURVE('',#8356,#8396,#8448,.T.);
#8448 = LINE('',#8449,#8450);
#8449 = CARTESIAN_POINT('',(10.,270.525,103.));
#8450 = VECTOR('',#8451,1.);
#8451 = DIRECTION('',(1.,0.,0.));
#8452 = ORIENTED_EDGE('',*,*,#8363,.T.);
#8453 = ORIENTED_EDGE('',*,*,#8454,.T.);
#8454 = EDGE_CURVE('',#8364,#8404,#8455,.T.);
#8455 = LINE('',#8456,#8457);
#8456 = CARTESIAN_POINT('',(10.,270.525,115.7));
#8457 = VECTOR('',#8458,1.);
#8458 = DIRECTION('',(1.,0.,0.));
#8459 = ORIENTED_EDGE('',*,*,#8403,.F.);
#8460 = PLANE('',#8461);
#8461 = AXIS2_PLACEMENT_3D('',#8462,#8463,#8464);
#8462 = CARTESIAN_POINT('',(10.,270.525,103.));
#8463 = DIRECTION('',(0.,1.,0.));
#8464 = DIRECTION('',(0.,0.,1.));
#8465 = ADVANCED_FACE('',(#8466),#8472,.F.);
#8466 = FACE_BOUND('',#8467,.F.);
#8467 = EDGE_LOOP('',(#8468,#8469,#8470,#8471));
#8468 = ORIENTED_EDGE('',*,*,#8355,.F.);
#8469 = ORIENTED_EDGE('',*,*,#8425,.T.);
#8470 = ORIENTED_EDGE('',*,*,#8395,.T.);
#8471 = ORIENTED_EDGE('',*,*,#8447,.F.);
#8472 = PLANE('',#8473);
#8473 = AXIS2_PLACEMENT_3D('',#8474,#8475,#8476);
#8474 = CARTESIAN_POINT('',(10.,268.9375,103.));
#8475 = DIRECTION('',(0.,0.,1.));
#8476 = DIRECTION('',(1.,0.,0.));
#8477 = ADVANCED_FACE('',(#8478),#8484,.T.);
#8478 = FACE_BOUND('',#8479,.T.);
#8479 = EDGE_LOOP('',(#8480,#8481,#8482,#8483));
#8480 = ORIENTED_EDGE('',*,*,#8371,.F.);
#8481 = ORIENTED_EDGE('',*,*,#8432,.T.);
#8482 = ORIENTED_EDGE('',*,*,#8411,.T.);
#8483 = ORIENTED_EDGE('',*,*,#8454,.F.);
#8484 = PLANE('',#8485);
#8485 = AXIS2_PLACEMENT_3D('',#8486,#8487,#8488);
#8486 = CARTESIAN_POINT('',(10.,268.9375,115.7));
#8487 = DIRECTION('',(0.,0.,1.));
#8488 = DIRECTION('',(1.,0.,0.));
#8489 = MANIFOLD_SOLID_BREP('',#8490);
#8490 = CLOSED_SHELL('',(#8491,#8531,#8571,#8593,#8615,#8627));
#8491 = ADVANCED_FACE('',(#8492),#8526,.F.);
#8492 = FACE_BOUND('',#8493,.F.);
#8493 = EDGE_LOOP('',(#8494,#8504,#8512,#8520));
#8494 = ORIENTED_EDGE('',*,*,#8495,.F.);
#8495 = EDGE_CURVE('',#8496,#8498,#8500,.T.);
#8496 = VERTEX_POINT('',#8497);
#8497 = CARTESIAN_POINT('',(2.5,20.,103.));
#8498 = VERTEX_POINT('',#8499);
#8499 = CARTESIAN_POINT('',(2.5,20.,115.7));
#8500 = LINE('',#8501,#8502);
#8501 = CARTESIAN_POINT('',(2.5,20.,103.));
#8502 = VECTOR('',#8503,1.);
#8503 = DIRECTION('',(0.,0.,1.));
#8504 = ORIENTED_EDGE('',*,*,#8505,.T.);
#8505 = EDGE_CURVE('',#8496,#8506,#8508,.T.);
#8506 = VERTEX_POINT('',#8507);
#8507 = CARTESIAN_POINT('',(2.5,255.,103.));
#8508 = LINE('',#8509,#8510);
#8509 = CARTESIAN_POINT('',(2.5,20.,103.));
#8510 = VECTOR('',#8511,1.);
#8511 = DIRECTION('',(0.,1.,0.));
#8512 = ORIENTED_EDGE('',*,*,#8513,.T.);
#8513 = EDGE_CURVE('',#8506,#8514,#8516,.T.);
#8514 = VERTEX_POINT('',#8515);
#8515 = CARTESIAN_POINT('',(2.5,255.,115.7));
#8516 = LINE('',#8517,#8518);
#8517 = CARTESIAN_POINT('',(2.5,255.,103.));
#8518 = VECTOR('',#8519,1.);
#8519 = DIRECTION('',(0.,0.,1.));
#8520 = ORIENTED_EDGE('',*,*,#8521,.F.);
#8521 = EDGE_CURVE('',#8498,#8514,#8522,.T.);
#8522 = LINE('',#8523,#8524);
#8523 = CARTESIAN_POINT('',(2.5,20.,115.7));
#8524 = VECTOR('',#8525,1.);
#8525 = DIRECTION('',(0.,1.,0.));
#8526 = PLANE('',#8527);
#8527 = AXIS2_PLACEMENT_3D('',#8528,#8529,#8530);
#8528 = CARTESIAN_POINT('',(2.5,20.,103.));
#8529 = DIRECTION('',(1.,0.,0.));
#8530 = DIRECTION('',(0.,0.,1.));
#8531 = ADVANCED_FACE('',(#8532),#8566,.T.);
#8532 = FACE_BOUND('',#8533,.T.);
#8533 = EDGE_LOOP('',(#8534,#8544,#8552,#8560));
#8534 = ORIENTED_EDGE('',*,*,#8535,.F.);
#8535 = EDGE_CURVE('',#8536,#8538,#8540,.T.);
#8536 = VERTEX_POINT('',#8537);
#8537 = CARTESIAN_POINT('',(4.0875,20.,103.));
#8538 = VERTEX_POINT('',#8539);
#8539 = CARTESIAN_POINT('',(4.0875,20.,115.7));
#8540 = LINE('',#8541,#8542);
#8541 = CARTESIAN_POINT('',(4.0875,20.,103.));
#8542 = VECTOR('',#8543,1.);
#8543 = DIRECTION('',(0.,0.,1.));
#8544 = ORIENTED_EDGE('',*,*,#8545,.T.);
#8545 = EDGE_CURVE('',#8536,#8546,#8548,.T.);
#8546 = VERTEX_POINT('',#8547);
#8547 = CARTESIAN_POINT('',(4.0875,255.,103.));
#8548 = LINE('',#8549,#8550);
#8549 = CARTESIAN_POINT('',(4.0875,20.,103.));
#8550 = VECTOR('',#8551,1.);
#8551 = DIRECTION('',(0.,1.,0.));
#8552 = ORIENTED_EDGE('',*,*,#8553,.T.);
#8553 = EDGE_CURVE('',#8546,#8554,#8556,.T.);
#8554 = VERTEX_POINT('',#8555);
#8555 = CARTESIAN_POINT('',(4.0875,255.,115.7));
#8556 = LINE('',#8557,#8558);
#8557 = CARTESIAN_POINT('',(4.0875,255.,103.));
#8558 = VECTOR('',#8559,1.);
#8559 = DIRECTION('',(0.,0.,1.));
#8560 = ORIENTED_EDGE('',*,*,#8561,.F.);
#8561 = EDGE_CURVE('',#8538,#8554,#8562,.T.);
#8562 = LINE('',#8563,#8564);
#8563 = CARTESIAN_POINT('',(4.0875,20.,115.7));
#8564 = VECTOR('',#8565,1.);
#8565 = DIRECTION('',(0.,1.,0.));
#8566 = PLANE('',#8567);
#8567 = AXIS2_PLACEMENT_3D('',#8568,#8569,#8570);
#8568 = CARTESIAN_POINT('',(4.0875,20.,103.));
#8569 = DIRECTION('',(1.,0.,0.));
#8570 = DIRECTION('',(0.,0.,1.));
#8571 = ADVANCED_FACE('',(#8572),#8588,.F.);
#8572 = FACE_BOUND('',#8573,.F.);
#8573 = EDGE_LOOP('',(#8574,#8580,#8581,#8587));
#8574 = ORIENTED_EDGE('',*,*,#8575,.F.);
#8575 = EDGE_CURVE('',#8496,#8536,#8576,.T.);
#8576 = LINE('',#8577,#8578);
#8577 = CARTESIAN_POINT('',(2.5,20.,103.));
#8578 = VECTOR('',#8579,1.);
#8579 = DIRECTION('',(1.,0.,0.));
#8580 = ORIENTED_EDGE('',*,*,#8495,.T.);
#8581 = ORIENTED_EDGE('',*,*,#8582,.T.);
#8582 = EDGE_CURVE('',#8498,#8538,#8583,.T.);
#8583 = LINE('',#8584,#8585);
#8584 = CARTESIAN_POINT('',(2.5,20.,115.7));
#8585 = VECTOR('',#8586,1.);
#8586 = DIRECTION('',(1.,0.,0.));
#8587 = ORIENTED_EDGE('',*,*,#8535,.F.);
#8588 = PLANE('',#8589);
#8589 = AXIS2_PLACEMENT_3D('',#8590,#8591,#8592);
#8590 = CARTESIAN_POINT('',(2.5,20.,103.));
#8591 = DIRECTION('',(0.,1.,0.));
#8592 = DIRECTION('',(0.,0.,1.));
#8593 = ADVANCED_FACE('',(#8594),#8610,.T.);
#8594 = FACE_BOUND('',#8595,.T.);
#8595 = EDGE_LOOP('',(#8596,#8602,#8603,#8609));
#8596 = ORIENTED_EDGE('',*,*,#8597,.F.);
#8597 = EDGE_CURVE('',#8506,#8546,#8598,.T.);
#8598 = LINE('',#8599,#8600);
#8599 = CARTESIAN_POINT('',(2.5,255.,103.));
#8600 = VECTOR('',#8601,1.);
#8601 = DIRECTION('',(1.,0.,0.));
#8602 = ORIENTED_EDGE('',*,*,#8513,.T.);
#8603 = ORIENTED_EDGE('',*,*,#8604,.T.);
#8604 = EDGE_CURVE('',#8514,#8554,#8605,.T.);
#8605 = LINE('',#8606,#8607);
#8606 = CARTESIAN_POINT('',(2.5,255.,115.7));
#8607 = VECTOR('',#8608,1.);
#8608 = DIRECTION('',(1.,0.,0.));
#8609 = ORIENTED_EDGE('',*,*,#8553,.F.);
#8610 = PLANE('',#8611);
#8611 = AXIS2_PLACEMENT_3D('',#8612,#8613,#8614);
#8612 = CARTESIAN_POINT('',(2.5,255.,103.));
#8613 = DIRECTION('',(0.,1.,0.));
#8614 = DIRECTION('',(0.,0.,1.));
#8615 = ADVANCED_FACE('',(#8616),#8622,.F.);
#8616 = FACE_BOUND('',#8617,.F.);
#8617 = EDGE_LOOP('',(#8618,#8619,#8620,#8621));
#8618 = ORIENTED_EDGE('',*,*,#8505,.F.);
#8619 = ORIENTED_EDGE('',*,*,#8575,.T.);
#8620 = ORIENTED_EDGE('',*,*,#8545,.T.);
#8621 = ORIENTED_EDGE('',*,*,#8597,.F.);
#8622 = PLANE('',#8623);
#8623 = AXIS2_PLACEMENT_3D('',#8624,#8625,#8626);
#8624 = CARTESIAN_POINT('',(2.5,20.,103.));
#8625 = DIRECTION('',(0.,0.,1.));
#8626 = DIRECTION('',(1.,0.,0.));
#8627 = ADVANCED_FACE('',(#8628),#8634,.T.);
#8628 = FACE_BOUND('',#8629,.T.);
#8629 = EDGE_LOOP('',(#8630,#8631,#8632,#8633));
#8630 = ORIENTED_EDGE('',*,*,#8521,.F.);
#8631 = ORIENTED_EDGE('',*,*,#8582,.T.);
#8632 = ORIENTED_EDGE('',*,*,#8561,.T.);
#8633 = ORIENTED_EDGE('',*,*,#8604,.F.);
#8634 = PLANE('',#8635);
#8635 = AXIS2_PLACEMENT_3D('',#8636,#8637,#8638);
#8636 = CARTESIAN_POINT('',(2.5,20.,115.7));
#8637 = DIRECTION('',(0.,0.,1.));
#8638 = DIRECTION('',(1.,0.,0.));
#8639 = MANIFOLD_SOLID_BREP('',#8640);
#8640 = CLOSED_SHELL('',(#8641,#8681,#8721,#8743,#8765,#8777));
#8641 = ADVANCED_FACE('',(#8642),#8676,.F.);
#8642 = FACE_BOUND('',#8643,.F.);
#8643 = EDGE_LOOP('',(#8644,#8654,#8662,#8670));
#8644 = ORIENTED_EDGE('',*,*,#8645,.F.);
#8645 = EDGE_CURVE('',#8646,#8648,#8650,.T.);
#8646 = VERTEX_POINT('',#8647);
#8647 = CARTESIAN_POINT('',(270.9125,20.,103.));
#8648 = VERTEX_POINT('',#8649);
#8649 = CARTESIAN_POINT('',(270.9125,20.,115.7));
#8650 = LINE('',#8651,#8652);
#8651 = CARTESIAN_POINT('',(270.9125,20.,103.));
#8652 = VECTOR('',#8653,1.);
#8653 = DIRECTION('',(0.,0.,1.));
#8654 = ORIENTED_EDGE('',*,*,#8655,.T.);
#8655 = EDGE_CURVE('',#8646,#8656,#8658,.T.);
#8656 = VERTEX_POINT('',#8657);
#8657 = CARTESIAN_POINT('',(270.9125,255.,103.));
#8658 = LINE('',#8659,#8660);
#8659 = CARTESIAN_POINT('',(270.9125,20.,103.));
#8660 = VECTOR('',#8661,1.);
#8661 = DIRECTION('',(0.,1.,0.));
#8662 = ORIENTED_EDGE('',*,*,#8663,.T.);
#8663 = EDGE_CURVE('',#8656,#8664,#8666,.T.);
#8664 = VERTEX_POINT('',#8665);
#8665 = CARTESIAN_POINT('',(270.9125,255.,115.7));
#8666 = LINE('',#8667,#8668);
#8667 = CARTESIAN_POINT('',(270.9125,255.,103.));
#8668 = VECTOR('',#8669,1.);
#8669 = DIRECTION('',(0.,0.,1.));
#8670 = ORIENTED_EDGE('',*,*,#8671,.F.);
#8671 = EDGE_CURVE('',#8648,#8664,#8672,.T.);
#8672 = LINE('',#8673,#8674);
#8673 = CARTESIAN_POINT('',(270.9125,20.,115.7));
#8674 = VECTOR('',#8675,1.);
#8675 = DIRECTION('',(0.,1.,0.));
#8676 = PLANE('',#8677);
#8677 = AXIS2_PLACEMENT_3D('',#8678,#8679,#8680);
#8678 = CARTESIAN_POINT('',(270.9125,20.,103.));
#8679 = DIRECTION('',(1.,0.,0.));
#8680 = DIRECTION('',(0.,0.,1.));
#8681 = ADVANCED_FACE('',(#8682),#8716,.T.);
#8682 = FACE_BOUND('',#8683,.T.);
#8683 = EDGE_LOOP('',(#8684,#8694,#8702,#8710));
#8684 = ORIENTED_EDGE('',*,*,#8685,.F.);
#8685 = EDGE_CURVE('',#8686,#8688,#8690,.T.);
#8686 = VERTEX_POINT('',#8687);
#8687 = CARTESIAN_POINT('',(272.5,20.,103.));
#8688 = VERTEX_POINT('',#8689);
#8689 = CARTESIAN_POINT('',(272.5,20.,115.7));
#8690 = LINE('',#8691,#8692);
#8691 = CARTESIAN_POINT('',(272.5,20.,103.));
#8692 = VECTOR('',#8693,1.);
#8693 = DIRECTION('',(0.,0.,1.));
#8694 = ORIENTED_EDGE('',*,*,#8695,.T.);
#8695 = EDGE_CURVE('',#8686,#8696,#8698,.T.);
#8696 = VERTEX_POINT('',#8697);
#8697 = CARTESIAN_POINT('',(272.5,255.,103.));
#8698 = LINE('',#8699,#8700);
#8699 = CARTESIAN_POINT('',(272.5,20.,103.));
#8700 = VECTOR('',#8701,1.);
#8701 = DIRECTION('',(0.,1.,0.));
#8702 = ORIENTED_EDGE('',*,*,#8703,.T.);
#8703 = EDGE_CURVE('',#8696,#8704,#8706,.T.);
#8704 = VERTEX_POINT('',#8705);
#8705 = CARTESIAN_POINT('',(272.5,255.,115.7));
#8706 = LINE('',#8707,#8708);
#8707 = CARTESIAN_POINT('',(272.5,255.,103.));
#8708 = VECTOR('',#8709,1.);
#8709 = DIRECTION('',(0.,0.,1.));
#8710 = ORIENTED_EDGE('',*,*,#8711,.F.);
#8711 = EDGE_CURVE('',#8688,#8704,#8712,.T.);
#8712 = LINE('',#8713,#8714);
#8713 = CARTESIAN_POINT('',(272.5,20.,115.7));
#8714 = VECTOR('',#8715,1.);
#8715 = DIRECTION('',(0.,1.,0.));
#8716 = PLANE('',#8717);
#8717 = AXIS2_PLACEMENT_3D('',#8718,#8719,#8720);
#8718 = CARTESIAN_POINT('',(272.5,20.,103.));
#8719 = DIRECTION('',(1.,0.,0.));
#8720 = DIRECTION('',(0.,0.,1.));
#8721 = ADVANCED_FACE('',(#8722),#8738,.F.);
#8722 = FACE_BOUND('',#8723,.F.);
#8723 = EDGE_LOOP('',(#8724,#8730,#8731,#8737));
#8724 = ORIENTED_EDGE('',*,*,#8725,.F.);
#8725 = EDGE_CURVE('',#8646,#8686,#8726,.T.);
#8726 = LINE('',#8727,#8728);
#8727 = CARTESIAN_POINT('',(270.9125,20.,103.));
#8728 = VECTOR('',#8729,1.);
#8729 = DIRECTION('',(1.,0.,0.));
#8730 = ORIENTED_EDGE('',*,*,#8645,.T.);
#8731 = ORIENTED_EDGE('',*,*,#8732,.T.);
#8732 = EDGE_CURVE('',#8648,#8688,#8733,.T.);
#8733 = LINE('',#8734,#8735);
#8734 = CARTESIAN_POINT('',(270.9125,20.,115.7));
#8735 = VECTOR('',#8736,1.);
#8736 = DIRECTION('',(1.,0.,0.));
#8737 = ORIENTED_EDGE('',*,*,#8685,.F.);
#8738 = PLANE('',#8739);
#8739 = AXIS2_PLACEMENT_3D('',#8740,#8741,#8742);
#8740 = CARTESIAN_POINT('',(270.9125,20.,103.));
#8741 = DIRECTION('',(0.,1.,0.));
#8742 = DIRECTION('',(0.,0.,1.));
#8743 = ADVANCED_FACE('',(#8744),#8760,.T.);
#8744 = FACE_BOUND('',#8745,.T.);
#8745 = EDGE_LOOP('',(#8746,#8752,#8753,#8759));
#8746 = ORIENTED_EDGE('',*,*,#8747,.F.);
#8747 = EDGE_CURVE('',#8656,#8696,#8748,.T.);
#8748 = LINE('',#8749,#8750);
#8749 = CARTESIAN_POINT('',(270.9125,255.,103.));
#8750 = VECTOR('',#8751,1.);
#8751 = DIRECTION('',(1.,0.,0.));
#8752 = ORIENTED_EDGE('',*,*,#8663,.T.);
#8753 = ORIENTED_EDGE('',*,*,#8754,.T.);
#8754 = EDGE_CURVE('',#8664,#8704,#8755,.T.);
#8755 = LINE('',#8756,#8757);
#8756 = CARTESIAN_POINT('',(270.9125,255.,115.7));
#8757 = VECTOR('',#8758,1.);
#8758 = DIRECTION('',(1.,0.,0.));
#8759 = ORIENTED_EDGE('',*,*,#8703,.F.);
#8760 = PLANE('',#8761);
#8761 = AXIS2_PLACEMENT_3D('',#8762,#8763,#8764);
#8762 = CARTESIAN_POINT('',(270.9125,255.,103.));
#8763 = DIRECTION('',(0.,1.,0.));
#8764 = DIRECTION('',(0.,0.,1.));
#8765 = ADVANCED_FACE('',(#8766),#8772,.F.);
#8766 = FACE_BOUND('',#8767,.F.);
#8767 = EDGE_LOOP('',(#8768,#8769,#8770,#8771));
#8768 = ORIENTED_EDGE('',*,*,#8655,.F.);
#8769 = ORIENTED_EDGE('',*,*,#8725,.T.);
#8770 = ORIENTED_EDGE('',*,*,#8695,.T.);
#8771 = ORIENTED_EDGE('',*,*,#8747,.F.);
#8772 = PLANE('',#8773);
#8773 = AXIS2_PLACEMENT_3D('',#8774,#8775,#8776);
#8774 = CARTESIAN_POINT('',(270.9125,20.,103.));
#8775 = DIRECTION('',(0.,0.,1.));
#8776 = DIRECTION('',(1.,0.,0.));
#8777 = ADVANCED_FACE('',(#8778),#8784,.T.);
#8778 = FACE_BOUND('',#8779,.T.);
#8779 = EDGE_LOOP('',(#8780,#8781,#8782,#8783));
#8780 = ORIENTED_EDGE('',*,*,#8671,.F.);
#8781 = ORIENTED_EDGE('',*,*,#8732,.T.);
#8782 = ORIENTED_EDGE('',*,*,#8711,.T.);
#8783 = ORIENTED_EDGE('',*,*,#8754,.F.);
#8784 = PLANE('',#8785);
#8785 = AXIS2_PLACEMENT_3D('',#8786,#8787,#8788);
#8786 = CARTESIAN_POINT('',(270.9125,20.,115.7));
#8787 = DIRECTION('',(0.,0.,1.));
#8788 = DIRECTION('',(1.,0.,0.));
#8789 = MANIFOLD_SOLID_BREP('',#8790);
#8790 = CLOSED_SHELL('',(#8791,#8831,#8871,#8893,#8915,#8927));
#8791 = ADVANCED_FACE('',(#8792),#8826,.F.);
#8792 = FACE_BOUND('',#8793,.F.);
#8793 = EDGE_LOOP('',(#8794,#8804,#8812,#8820));
#8794 = ORIENTED_EDGE('',*,*,#8795,.F.);
#8795 = EDGE_CURVE('',#8796,#8798,#8800,.T.);
#8796 = VERTEX_POINT('',#8797);
#8797 = CARTESIAN_POINT('',(4.0875,26.7,103.));
#8798 = VERTEX_POINT('',#8799);
#8799 = CARTESIAN_POINT('',(4.0875,26.7,115.7));
#8800 = LINE('',#8801,#8802);
#8801 = CARTESIAN_POINT('',(4.0875,26.7,103.));
#8802 = VECTOR('',#8803,1.);
#8803 = DIRECTION('',(0.,0.,1.));
#8804 = ORIENTED_EDGE('',*,*,#8805,.T.);
#8805 = EDGE_CURVE('',#8796,#8806,#8808,.T.);
#8806 = VERTEX_POINT('',#8807);
#8807 = CARTESIAN_POINT('',(4.0875,39.4,103.));
#8808 = LINE('',#8809,#8810);
#8809 = CARTESIAN_POINT('',(4.0875,26.7,103.));
#8810 = VECTOR('',#8811,1.);
#8811 = DIRECTION('',(0.,1.,0.));
#8812 = ORIENTED_EDGE('',*,*,#8813,.T.);
#8813 = EDGE_CURVE('',#8806,#8814,#8816,.T.);
#8814 = VERTEX_POINT('',#8815);
#8815 = CARTESIAN_POINT('',(4.0875,39.4,115.7));
#8816 = LINE('',#8817,#8818);
#8817 = CARTESIAN_POINT('',(4.0875,39.4,103.));
#8818 = VECTOR('',#8819,1.);
#8819 = DIRECTION('',(0.,0.,1.));
#8820 = ORIENTED_EDGE('',*,*,#8821,.F.);
#8821 = EDGE_CURVE('',#8798,#8814,#8822,.T.);
#8822 = LINE('',#8823,#8824);
#8823 = CARTESIAN_POINT('',(4.0875,26.7,115.7));
#8824 = VECTOR('',#8825,1.);
#8825 = DIRECTION('',(0.,1.,0.));
#8826 = PLANE('',#8827);
#8827 = AXIS2_PLACEMENT_3D('',#8828,#8829,#8830);
#8828 = CARTESIAN_POINT('',(4.0875,26.7,103.));
#8829 = DIRECTION('',(1.,0.,0.));
#8830 = DIRECTION('',(0.,0.,1.));
#8831 = ADVANCED_FACE('',(#8832),#8866,.T.);
#8832 = FACE_BOUND('',#8833,.T.);
#8833 = EDGE_LOOP('',(#8834,#8844,#8852,#8860));
#8834 = ORIENTED_EDGE('',*,*,#8835,.F.);
#8835 = EDGE_CURVE('',#8836,#8838,#8840,.T.);
#8836 = VERTEX_POINT('',#8837);
#8837 = CARTESIAN_POINT('',(5.675,26.7,103.));
#8838 = VERTEX_POINT('',#8839);
#8839 = CARTESIAN_POINT('',(5.675,26.7,115.7));
#8840 = LINE('',#8841,#8842);
#8841 = CARTESIAN_POINT('',(5.675,26.7,103.));
#8842 = VECTOR('',#8843,1.);
#8843 = DIRECTION('',(0.,0.,1.));
#8844 = ORIENTED_EDGE('',*,*,#8845,.T.);
#8845 = EDGE_CURVE('',#8836,#8846,#8848,.T.);
#8846 = VERTEX_POINT('',#8847);
#8847 = CARTESIAN_POINT('',(5.675,39.4,103.));
#8848 = LINE('',#8849,#8850);
#8849 = CARTESIAN_POINT('',(5.675,26.7,103.));
#8850 = VECTOR('',#8851,1.);
#8851 = DIRECTION('',(0.,1.,0.));
#8852 = ORIENTED_EDGE('',*,*,#8853,.T.);
#8853 = EDGE_CURVE('',#8846,#8854,#8856,.T.);
#8854 = VERTEX_POINT('',#8855);
#8855 = CARTESIAN_POINT('',(5.675,39.4,115.7));
#8856 = LINE('',#8857,#8858);
#8857 = CARTESIAN_POINT('',(5.675,39.4,103.));
#8858 = VECTOR('',#8859,1.);
#8859 = DIRECTION('',(0.,0.,1.));
#8860 = ORIENTED_EDGE('',*,*,#8861,.F.);
#8861 = EDGE_CURVE('',#8838,#8854,#8862,.T.);
#8862 = LINE('',#8863,#8864);
#8863 = CARTESIAN_POINT('',(5.675,26.7,115.7));
#8864 = VECTOR('',#8865,1.);
#8865 = DIRECTION('',(0.,1.,0.));
#8866 = PLANE('',#8867);
#8867 = AXIS2_PLACEMENT_3D('',#8868,#8869,#8870);
#8868 = CARTESIAN_POINT('',(5.675,26.7,103.));
#8869 = DIRECTION('',(1.,0.,0.));
#8870 = DIRECTION('',(0.,0.,1.));
#8871 = ADVANCED_FACE('',(#8872),#8888,.F.);
#8872 = FACE_BOUND('',#8873,.F.);
#8873 = EDGE_LOOP('',(#8874,#8880,#8881,#8887));
#8874 = ORIENTED_EDGE('',*,*,#8875,.F.);
#8875 = EDGE_CURVE('',#8796,#8836,#8876,.T.);
#8876 = LINE('',#8877,#8878);
#8877 = CARTESIAN_POINT('',(4.0875,26.7,103.));
#8878 = VECTOR('',#8879,1.);
#8879 = DIRECTION('',(1.,0.,0.));
#8880 = ORIENTED_EDGE('',*,*,#8795,.T.);
#8881 = ORIENTED_EDGE('',*,*,#8882,.T.);
#8882 = EDGE_CURVE('',#8798,#8838,#8883,.T.);
#8883 = LINE('',#8884,#8885);
#8884 = CARTESIAN_POINT('',(4.0875,26.7,115.7));
#8885 = VECTOR('',#8886,1.);
#8886 = DIRECTION('',(1.,0.,0.));
#8887 = ORIENTED_EDGE('',*,*,#8835,.F.);
#8888 = PLANE('',#8889);
#8889 = AXIS2_PLACEMENT_3D('',#8890,#8891,#8892);
#8890 = CARTESIAN_POINT('',(4.0875,26.7,103.));
#8891 = DIRECTION('',(0.,1.,0.));
#8892 = DIRECTION('',(0.,0.,1.));
#8893 = ADVANCED_FACE('',(#8894),#8910,.T.);
#8894 = FACE_BOUND('',#8895,.T.);
#8895 = EDGE_LOOP('',(#8896,#8902,#8903,#8909));
#8896 = ORIENTED_EDGE('',*,*,#8897,.F.);
#8897 = EDGE_CURVE('',#8806,#8846,#8898,.T.);
#8898 = LINE('',#8899,#8900);
#8899 = CARTESIAN_POINT('',(4.0875,39.4,103.));
#8900 = VECTOR('',#8901,1.);
#8901 = DIRECTION('',(1.,0.,0.));
#8902 = ORIENTED_EDGE('',*,*,#8813,.T.);
#8903 = ORIENTED_EDGE('',*,*,#8904,.T.);
#8904 = EDGE_CURVE('',#8814,#8854,#8905,.T.);
#8905 = LINE('',#8906,#8907);
#8906 = CARTESIAN_POINT('',(4.0875,39.4,115.7));
#8907 = VECTOR('',#8908,1.);
#8908 = DIRECTION('',(1.,0.,0.));
#8909 = ORIENTED_EDGE('',*,*,#8853,.F.);
#8910 = PLANE('',#8911);
#8911 = AXIS2_PLACEMENT_3D('',#8912,#8913,#8914);
#8912 = CARTESIAN_POINT('',(4.0875,39.4,103.));
#8913 = DIRECTION('',(0.,1.,0.));
#8914 = DIRECTION('',(0.,0.,1.));
#8915 = ADVANCED_FACE('',(#8916),#8922,.F.);
#8916 = FACE_BOUND('',#8917,.F.);
#8917 = EDGE_LOOP('',(#8918,#8919,#8920,#8921));
#8918 = ORIENTED_EDGE('',*,*,#8805,.F.);
#8919 = ORIENTED_EDGE('',*,*,#8875,.T.);
#8920 = ORIENTED_EDGE('',*,*,#8845,.T.);
#8921 = ORIENTED_EDGE('',*,*,#8897,.F.);
#8922 = PLANE('',#8923);
#8923 = AXIS2_PLACEMENT_3D('',#8924,#8925,#8926);
#8924 = CARTESIAN_POINT('',(4.0875,26.7,103.));
#8925 = DIRECTION('',(0.,0.,1.));
#8926 = DIRECTION('',(1.,0.,0.));
#8927 = ADVANCED_FACE('',(#8928),#8934,.T.);
#8928 = FACE_BOUND('',#8929,.T.);
#8929 = EDGE_LOOP('',(#8930,#8931,#8932,#8933));
#8930 = ORIENTED_EDGE('',*,*,#8821,.F.);
#8931 = ORIENTED_EDGE('',*,*,#8882,.T.);
#8932 = ORIENTED_EDGE('',*,*,#8861,.T.);
#8933 = ORIENTED_EDGE('',*,*,#8904,.F.);
#8934 = PLANE('',#8935);
#8935 = AXIS2_PLACEMENT_3D('',#8936,#8937,#8938);
#8936 = CARTESIAN_POINT('',(4.0875,26.7,115.7));
#8937 = DIRECTION('',(0.,0.,1.));
#8938 = DIRECTION('',(1.,0.,0.));
#8939 = MANIFOLD_SOLID_BREP('',#8940);
#8940 = CLOSED_SHELL('',(#8941,#8981,#9021,#9043,#9065,#9077));
#8941 = ADVANCED_FACE('',(#8942),#8976,.F.);
#8942 = FACE_BOUND('',#8943,.F.);
#8943 = EDGE_LOOP('',(#8944,#8954,#8962,#8970));
#8944 = ORIENTED_EDGE('',*,*,#8945,.F.);
#8945 = EDGE_CURVE('',#8946,#8948,#8950,.T.);
#8946 = VERTEX_POINT('',#8947);
#8947 = CARTESIAN_POINT('',(5.675,26.7,103.));
#8948 = VERTEX_POINT('',#8949);
#8949 = CARTESIAN_POINT('',(5.675,26.7,115.7));
#8950 = LINE('',#8951,#8952);
#8951 = CARTESIAN_POINT('',(5.675,26.7,103.));
#8952 = VECTOR('',#8953,1.);
#8953 = DIRECTION('',(0.,0.,1.));
#8954 = ORIENTED_EDGE('',*,*,#8955,.T.);
#8955 = EDGE_CURVE('',#8946,#8956,#8958,.T.);
#8956 = VERTEX_POINT('',#8957);
#8957 = CARTESIAN_POINT('',(5.675,28.2875,103.));
#8958 = LINE('',#8959,#8960);
#8959 = CARTESIAN_POINT('',(5.675,26.7,103.));
#8960 = VECTOR('',#8961,1.);
#8961 = DIRECTION('',(0.,1.,0.));
#8962 = ORIENTED_EDGE('',*,*,#8963,.T.);
#8963 = EDGE_CURVE('',#8956,#8964,#8966,.T.);
#8964 = VERTEX_POINT('',#8965);
#8965 = CARTESIAN_POINT('',(5.675,28.2875,115.7));
#8966 = LINE('',#8967,#8968);
#8967 = CARTESIAN_POINT('',(5.675,28.2875,103.));
#8968 = VECTOR('',#8969,1.);
#8969 = DIRECTION('',(0.,0.,1.));
#8970 = ORIENTED_EDGE('',*,*,#8971,.F.);
#8971 = EDGE_CURVE('',#8948,#8964,#8972,.T.);
#8972 = LINE('',#8973,#8974);
#8973 = CARTESIAN_POINT('',(5.675,26.7,115.7));
#8974 = VECTOR('',#8975,1.);
#8975 = DIRECTION('',(0.,1.,0.));
#8976 = PLANE('',#8977);
#8977 = AXIS2_PLACEMENT_3D('',#8978,#8979,#8980);
#8978 = CARTESIAN_POINT('',(5.675,26.7,103.));
#8979 = DIRECTION('',(1.,0.,0.));
#8980 = DIRECTION('',(0.,0.,1.));
#8981 = ADVANCED_FACE('',(#8982),#9016,.T.);
#8982 = FACE_BOUND('',#8983,.T.);
#8983 = EDGE_LOOP('',(#8984,#8994,#9002,#9010));
#8984 = ORIENTED_EDGE('',*,*,#8985,.F.);
#8985 = EDGE_CURVE('',#8986,#8988,#8990,.T.);
#8986 = VERTEX_POINT('',#8987);
#8987 = CARTESIAN_POINT('',(16.7875,26.7,103.));
#8988 = VERTEX_POINT('',#8989);
#8989 = CARTESIAN_POINT('',(16.7875,26.7,115.7));
#8990 = LINE('',#8991,#8992);
#8991 = CARTESIAN_POINT('',(16.7875,26.7,103.));
#8992 = VECTOR('',#8993,1.);
#8993 = DIRECTION('',(0.,0.,1.));
#8994 = ORIENTED_EDGE('',*,*,#8995,.T.);
#8995 = EDGE_CURVE('',#8986,#8996,#8998,.T.);
#8996 = VERTEX_POINT('',#8997);
#8997 = CARTESIAN_POINT('',(16.7875,28.2875,103.));
#8998 = LINE('',#8999,#9000);
#8999 = CARTESIAN_POINT('',(16.7875,26.7,103.));
#9000 = VECTOR('',#9001,1.);
#9001 = DIRECTION('',(0.,1.,0.));
#9002 = ORIENTED_EDGE('',*,*,#9003,.T.);
#9003 = EDGE_CURVE('',#8996,#9004,#9006,.T.);
#9004 = VERTEX_POINT('',#9005);
#9005 = CARTESIAN_POINT('',(16.7875,28.2875,115.7));
#9006 = LINE('',#9007,#9008);
#9007 = CARTESIAN_POINT('',(16.7875,28.2875,103.));
#9008 = VECTOR('',#9009,1.);
#9009 = DIRECTION('',(0.,0.,1.));
#9010 = ORIENTED_EDGE('',*,*,#9011,.F.);
#9011 = EDGE_CURVE('',#8988,#9004,#9012,.T.);
#9012 = LINE('',#9013,#9014);
#9013 = CARTESIAN_POINT('',(16.7875,26.7,115.7));
#9014 = VECTOR('',#9015,1.);
#9015 = DIRECTION('',(0.,1.,0.));
#9016 = PLANE('',#9017);
#9017 = AXIS2_PLACEMENT_3D('',#9018,#9019,#9020);
#9018 = CARTESIAN_POINT('',(16.7875,26.7,103.));
#9019 = DIRECTION('',(1.,0.,0.));
#9020 = DIRECTION('',(0.,0.,1.));
#9021 = ADVANCED_FACE('',(#9022),#9038,.F.);
#9022 = FACE_BOUND('',#9023,.F.);
#9023 = EDGE_LOOP('',(#9024,#9030,#9031,#9037));
#9024 = ORIENTED_EDGE('',*,*,#9025,.F.);
#9025 = EDGE_CURVE('',#8946,#8986,#9026,.T.);
#9026 = LINE('',#9027,#9028);
#9027 = CARTESIAN_POINT('',(5.675,26.7,103.));
#9028 = VECTOR('',#9029,1.);
#9029 = DIRECTION('',(1.,0.,0.));
#9030 = ORIENTED_EDGE('',*,*,#8945,.T.);
#9031 = ORIENTED_EDGE('',*,*,#9032,.T.);
#9032 = EDGE_CURVE('',#8948,#8988,#9033,.T.);
#9033 = LINE('',#9034,#9035);
#9034 = CARTESIAN_POINT('',(5.675,26.7,115.7));
#9035 = VECTOR('',#9036,1.);
#9036 = DIRECTION('',(1.,0.,0.));
#9037 = ORIENTED_EDGE('',*,*,#8985,.F.);
#9038 = PLANE('',#9039);
#9039 = AXIS2_PLACEMENT_3D('',#9040,#9041,#9042);
#9040 = CARTESIAN_POINT('',(5.675,26.7,103.));
#9041 = DIRECTION('',(0.,1.,0.));
#9042 = DIRECTION('',(0.,0.,1.));
#9043 = ADVANCED_FACE('',(#9044),#9060,.T.);
#9044 = FACE_BOUND('',#9045,.T.);
#9045 = EDGE_LOOP('',(#9046,#9052,#9053,#9059));
#9046 = ORIENTED_EDGE('',*,*,#9047,.F.);
#9047 = EDGE_CURVE('',#8956,#8996,#9048,.T.);
#9048 = LINE('',#9049,#9050);
#9049 = CARTESIAN_POINT('',(5.675,28.2875,103.));
#9050 = VECTOR('',#9051,1.);
#9051 = DIRECTION('',(1.,0.,0.));
#9052 = ORIENTED_EDGE('',*,*,#8963,.T.);
#9053 = ORIENTED_EDGE('',*,*,#9054,.T.);
#9054 = EDGE_CURVE('',#8964,#9004,#9055,.T.);
#9055 = LINE('',#9056,#9057);
#9056 = CARTESIAN_POINT('',(5.675,28.2875,115.7));
#9057 = VECTOR('',#9058,1.);
#9058 = DIRECTION('',(1.,0.,0.));
#9059 = ORIENTED_EDGE('',*,*,#9003,.F.);
#9060 = PLANE('',#9061);
#9061 = AXIS2_PLACEMENT_3D('',#9062,#9063,#9064);
#9062 = CARTESIAN_POINT('',(5.675,28.2875,103.));
#9063 = DIRECTION('',(0.,1.,0.));
#9064 = DIRECTION('',(0.,0.,1.));
#9065 = ADVANCED_FACE('',(#9066),#9072,.F.);
#9066 = FACE_BOUND('',#9067,.F.);
#9067 = EDGE_LOOP('',(#9068,#9069,#9070,#9071));
#9068 = ORIENTED_EDGE('',*,*,#8955,.F.);
#9069 = ORIENTED_EDGE('',*,*,#9025,.T.);
#9070 = ORIENTED_EDGE('',*,*,#8995,.T.);
#9071 = ORIENTED_EDGE('',*,*,#9047,.F.);
#9072 = PLANE('',#9073);
#9073 = AXIS2_PLACEMENT_3D('',#9074,#9075,#9076);
#9074 = CARTESIAN_POINT('',(5.675,26.7,103.));
#9075 = DIRECTION('',(0.,0.,1.));
#9076 = DIRECTION('',(1.,0.,0.));
#9077 = ADVANCED_FACE('',(#9078),#9084,.T.);
#9078 = FACE_BOUND('',#9079,.T.);
#9079 = EDGE_LOOP('',(#9080,#9081,#9082,#9083));
#9080 = ORIENTED_EDGE('',*,*,#8971,.F.);
#9081 = ORIENTED_EDGE('',*,*,#9032,.T.);
#9082 = ORIENTED_EDGE('',*,*,#9011,.T.);
#9083 = ORIENTED_EDGE('',*,*,#9054,.F.);
#9084 = PLANE('',#9085);
#9085 = AXIS2_PLACEMENT_3D('',#9086,#9087,#9088);
#9086 = CARTESIAN_POINT('',(5.675,26.7,115.7));
#9087 = DIRECTION('',(0.,0.,1.));
#9088 = DIRECTION('',(1.,0.,0.));
#9089 = MANIFOLD_SOLID_BREP('',#9090);
#9090 = CLOSED_SHELL('',(#9091,#9131,#9171,#9193,#9215,#9227));
#9091 = ADVANCED_FACE('',(#9092),#9126,.F.);
#9092 = FACE_BOUND('',#9093,.F.);
#9093 = EDGE_LOOP('',(#9094,#9104,#9112,#9120));
#9094 = ORIENTED_EDGE('',*,*,#9095,.F.);
#9095 = EDGE_CURVE('',#9096,#9098,#9100,.T.);
#9096 = VERTEX_POINT('',#9097);
#9097 = CARTESIAN_POINT('',(269.325,26.7,103.));
#9098 = VERTEX_POINT('',#9099);
#9099 = CARTESIAN_POINT('',(269.325,26.7,115.7));
#9100 = LINE('',#9101,#9102);
#9101 = CARTESIAN_POINT('',(269.325,26.7,103.));
#9102 = VECTOR('',#9103,1.);
#9103 = DIRECTION('',(0.,0.,1.));
#9104 = ORIENTED_EDGE('',*,*,#9105,.T.);
#9105 = EDGE_CURVE('',#9096,#9106,#9108,.T.);
#9106 = VERTEX_POINT('',#9107);
#9107 = CARTESIAN_POINT('',(269.325,39.4,103.));
#9108 = LINE('',#9109,#9110);
#9109 = CARTESIAN_POINT('',(269.325,26.7,103.));
#9110 = VECTOR('',#9111,1.);
#9111 = DIRECTION('',(0.,1.,0.));
#9112 = ORIENTED_EDGE('',*,*,#9113,.T.);
#9113 = EDGE_CURVE('',#9106,#9114,#9116,.T.);
#9114 = VERTEX_POINT('',#9115);
#9115 = CARTESIAN_POINT('',(269.325,39.4,115.7));
#9116 = LINE('',#9117,#9118);
#9117 = CARTESIAN_POINT('',(269.325,39.4,103.));
#9118 = VECTOR('',#9119,1.);
#9119 = DIRECTION('',(0.,0.,1.));
#9120 = ORIENTED_EDGE('',*,*,#9121,.F.);
#9121 = EDGE_CURVE('',#9098,#9114,#9122,.T.);
#9122 = LINE('',#9123,#9124);
#9123 = CARTESIAN_POINT('',(269.325,26.7,115.7));
#9124 = VECTOR('',#9125,1.);
#9125 = DIRECTION('',(0.,1.,0.));
#9126 = PLANE('',#9127);
#9127 = AXIS2_PLACEMENT_3D('',#9128,#9129,#9130);
#9128 = CARTESIAN_POINT('',(269.325,26.7,103.));
#9129 = DIRECTION('',(1.,0.,0.));
#9130 = DIRECTION('',(0.,0.,1.));
#9131 = ADVANCED_FACE('',(#9132),#9166,.T.);
#9132 = FACE_BOUND('',#9133,.T.);
#9133 = EDGE_LOOP('',(#9134,#9144,#9152,#9160));
#9134 = ORIENTED_EDGE('',*,*,#9135,.F.);
#9135 = EDGE_CURVE('',#9136,#9138,#9140,.T.);
#9136 = VERTEX_POINT('',#9137);
#9137 = CARTESIAN_POINT('',(270.9125,26.7,103.));
#9138 = VERTEX_POINT('',#9139);
#9139 = CARTESIAN_POINT('',(270.9125,26.7,115.7));
#9140 = LINE('',#9141,#9142);
#9141 = CARTESIAN_POINT('',(270.9125,26.7,103.));
#9142 = VECTOR('',#9143,1.);
#9143 = DIRECTION('',(0.,0.,1.));
#9144 = ORIENTED_EDGE('',*,*,#9145,.T.);
#9145 = EDGE_CURVE('',#9136,#9146,#9148,.T.);
#9146 = VERTEX_POINT('',#9147);
#9147 = CARTESIAN_POINT('',(270.9125,39.4,103.));
#9148 = LINE('',#9149,#9150);
#9149 = CARTESIAN_POINT('',(270.9125,26.7,103.));
#9150 = VECTOR('',#9151,1.);
#9151 = DIRECTION('',(0.,1.,0.));
#9152 = ORIENTED_EDGE('',*,*,#9153,.T.);
#9153 = EDGE_CURVE('',#9146,#9154,#9156,.T.);
#9154 = VERTEX_POINT('',#9155);
#9155 = CARTESIAN_POINT('',(270.9125,39.4,115.7));
#9156 = LINE('',#9157,#9158);
#9157 = CARTESIAN_POINT('',(270.9125,39.4,103.));
#9158 = VECTOR('',#9159,1.);
#9159 = DIRECTION('',(0.,0.,1.));
#9160 = ORIENTED_EDGE('',*,*,#9161,.F.);
#9161 = EDGE_CURVE('',#9138,#9154,#9162,.T.);
#9162 = LINE('',#9163,#9164);
#9163 = CARTESIAN_POINT('',(270.9125,26.7,115.7));
#9164 = VECTOR('',#9165,1.);
#9165 = DIRECTION('',(0.,1.,0.));
#9166 = PLANE('',#9167);
#9167 = AXIS2_PLACEMENT_3D('',#9168,#9169,#9170);
#9168 = CARTESIAN_POINT('',(270.9125,26.7,103.));
#9169 = DIRECTION('',(1.,0.,0.));
#9170 = DIRECTION('',(0.,0.,1.));
#9171 = ADVANCED_FACE('',(#9172),#9188,.F.);
#9172 = FACE_BOUND('',#9173,.F.);
#9173 = EDGE_LOOP('',(#9174,#9180,#9181,#9187));
#9174 = ORIENTED_EDGE('',*,*,#9175,.F.);
#9175 = EDGE_CURVE('',#9096,#9136,#9176,.T.);
#9176 = LINE('',#9177,#9178);
#9177 = CARTESIAN_POINT('',(269.325,26.7,103.));
#9178 = VECTOR('',#9179,1.);
#9179 = DIRECTION('',(1.,0.,0.));
#9180 = ORIENTED_EDGE('',*,*,#9095,.T.);
#9181 = ORIENTED_EDGE('',*,*,#9182,.T.);
#9182 = EDGE_CURVE('',#9098,#9138,#9183,.T.);
#9183 = LINE('',#9184,#9185);
#9184 = CARTESIAN_POINT('',(269.325,26.7,115.7));
#9185 = VECTOR('',#9186,1.);
#9186 = DIRECTION('',(1.,0.,0.));
#9187 = ORIENTED_EDGE('',*,*,#9135,.F.);
#9188 = PLANE('',#9189);
#9189 = AXIS2_PLACEMENT_3D('',#9190,#9191,#9192);
#9190 = CARTESIAN_POINT('',(269.325,26.7,103.));
#9191 = DIRECTION('',(0.,1.,0.));
#9192 = DIRECTION('',(0.,0.,1.));
#9193 = ADVANCED_FACE('',(#9194),#9210,.T.);
#9194 = FACE_BOUND('',#9195,.T.);
#9195 = EDGE_LOOP('',(#9196,#9202,#9203,#9209));
#9196 = ORIENTED_EDGE('',*,*,#9197,.F.);
#9197 = EDGE_CURVE('',#9106,#9146,#9198,.T.);
#9198 = LINE('',#9199,#9200);
#9199 = CARTESIAN_POINT('',(269.325,39.4,103.));
#9200 = VECTOR('',#9201,1.);
#9201 = DIRECTION('',(1.,0.,0.));
#9202 = ORIENTED_EDGE('',*,*,#9113,.T.);
#9203 = ORIENTED_EDGE('',*,*,#9204,.T.);
#9204 = EDGE_CURVE('',#9114,#9154,#9205,.T.);
#9205 = LINE('',#9206,#9207);
#9206 = CARTESIAN_POINT('',(269.325,39.4,115.7));
#9207 = VECTOR('',#9208,1.);
#9208 = DIRECTION('',(1.,0.,0.));
#9209 = ORIENTED_EDGE('',*,*,#9153,.F.);
#9210 = PLANE('',#9211);
#9211 = AXIS2_PLACEMENT_3D('',#9212,#9213,#9214);
#9212 = CARTESIAN_POINT('',(269.325,39.4,103.));
#9213 = DIRECTION('',(0.,1.,0.));
#9214 = DIRECTION('',(0.,0.,1.));
#9215 = ADVANCED_FACE('',(#9216),#9222,.F.);
#9216 = FACE_BOUND('',#9217,.F.);
#9217 = EDGE_LOOP('',(#9218,#9219,#9220,#9221));
#9218 = ORIENTED_EDGE('',*,*,#9105,.F.);
#9219 = ORIENTED_EDGE('',*,*,#9175,.T.);
#9220 = ORIENTED_EDGE('',*,*,#9145,.T.);
#9221 = ORIENTED_EDGE('',*,*,#9197,.F.);
#9222 = PLANE('',#9223);
#9223 = AXIS2_PLACEMENT_3D('',#9224,#9225,#9226);
#9224 = CARTESIAN_POINT('',(269.325,26.7,103.));
#9225 = DIRECTION('',(0.,0.,1.));
#9226 = DIRECTION('',(1.,0.,0.));
#9227 = ADVANCED_FACE('',(#9228),#9234,.T.);
#9228 = FACE_BOUND('',#9229,.T.);
#9229 = EDGE_LOOP('',(#9230,#9231,#9232,#9233));
#9230 = ORIENTED_EDGE('',*,*,#9121,.F.);
#9231 = ORIENTED_EDGE('',*,*,#9182,.T.);
#9232 = ORIENTED_EDGE('',*,*,#9161,.T.);
#9233 = ORIENTED_EDGE('',*,*,#9204,.F.);
#9234 = PLANE('',#9235);
#9235 = AXIS2_PLACEMENT_3D('',#9236,#9237,#9238);
#9236 = CARTESIAN_POINT('',(269.325,26.7,115.7));
#9237 = DIRECTION('',(0.,0.,1.));
#9238 = DIRECTION('',(1.,0.,0.));
#9239 = MANIFOLD_SOLID_BREP('',#9240);
#9240 = CLOSED_SHELL('',(#9241,#9281,#9321,#9343,#9365,#9377));
#9241 = ADVANCED_FACE('',(#9242),#9276,.F.);
#9242 = FACE_BOUND('',#9243,.F.);
#9243 = EDGE_LOOP('',(#9244,#9254,#9262,#9270));
#9244 = ORIENTED_EDGE('',*,*,#9245,.F.);
#9245 = EDGE_CURVE('',#9246,#9248,#9250,.T.);
#9246 = VERTEX_POINT('',#9247);
#9247 = CARTESIAN_POINT('',(258.2125,26.7,103.));
#9248 = VERTEX_POINT('',#9249);
#9249 = CARTESIAN_POINT('',(258.2125,26.7,115.7));
#9250 = LINE('',#9251,#9252);
#9251 = CARTESIAN_POINT('',(258.2125,26.7,103.));
#9252 = VECTOR('',#9253,1.);
#9253 = DIRECTION('',(0.,0.,1.));
#9254 = ORIENTED_EDGE('',*,*,#9255,.T.);
#9255 = EDGE_CURVE('',#9246,#9256,#9258,.T.);
#9256 = VERTEX_POINT('',#9257);
#9257 = CARTESIAN_POINT('',(258.2125,28.2875,103.));
#9258 = LINE('',#9259,#9260);
#9259 = CARTESIAN_POINT('',(258.2125,26.7,103.));
#9260 = VECTOR('',#9261,1.);
#9261 = DIRECTION('',(0.,1.,0.));
#9262 = ORIENTED_EDGE('',*,*,#9263,.T.);
#9263 = EDGE_CURVE('',#9256,#9264,#9266,.T.);
#9264 = VERTEX_POINT('',#9265);
#9265 = CARTESIAN_POINT('',(258.2125,28.2875,115.7));
#9266 = LINE('',#9267,#9268);
#9267 = CARTESIAN_POINT('',(258.2125,28.2875,103.));
#9268 = VECTOR('',#9269,1.);
#9269 = DIRECTION('',(0.,0.,1.));
#9270 = ORIENTED_EDGE('',*,*,#9271,.F.);
#9271 = EDGE_CURVE('',#9248,#9264,#9272,.T.);
#9272 = LINE('',#9273,#9274);
#9273 = CARTESIAN_POINT('',(258.2125,26.7,115.7));
#9274 = VECTOR('',#9275,1.);
#9275 = DIRECTION('',(0.,1.,0.));
#9276 = PLANE('',#9277);
#9277 = AXIS2_PLACEMENT_3D('',#9278,#9279,#9280);
#9278 = CARTESIAN_POINT('',(258.2125,26.7,103.));
#9279 = DIRECTION('',(1.,0.,0.));
#9280 = DIRECTION('',(0.,0.,1.));
#9281 = ADVANCED_FACE('',(#9282),#9316,.T.);
#9282 = FACE_BOUND('',#9283,.T.);
#9283 = EDGE_LOOP('',(#9284,#9294,#9302,#9310));
#9284 = ORIENTED_EDGE('',*,*,#9285,.F.);
#9285 = EDGE_CURVE('',#9286,#9288,#9290,.T.);
#9286 = VERTEX_POINT('',#9287);
#9287 = CARTESIAN_POINT('',(269.325,26.7,103.));
#9288 = VERTEX_POINT('',#9289);
#9289 = CARTESIAN_POINT('',(269.325,26.7,115.7));
#9290 = LINE('',#9291,#9292);
#9291 = CARTESIAN_POINT('',(269.325,26.7,103.));
#9292 = VECTOR('',#9293,1.);
#9293 = DIRECTION('',(0.,0.,1.));
#9294 = ORIENTED_EDGE('',*,*,#9295,.T.);
#9295 = EDGE_CURVE('',#9286,#9296,#9298,.T.);
#9296 = VERTEX_POINT('',#9297);
#9297 = CARTESIAN_POINT('',(269.325,28.2875,103.));
#9298 = LINE('',#9299,#9300);
#9299 = CARTESIAN_POINT('',(269.325,26.7,103.));
#9300 = VECTOR('',#9301,1.);
#9301 = DIRECTION('',(0.,1.,0.));
#9302 = ORIENTED_EDGE('',*,*,#9303,.T.);
#9303 = EDGE_CURVE('',#9296,#9304,#9306,.T.);
#9304 = VERTEX_POINT('',#9305);
#9305 = CARTESIAN_POINT('',(269.325,28.2875,115.7));
#9306 = LINE('',#9307,#9308);
#9307 = CARTESIAN_POINT('',(269.325,28.2875,103.));
#9308 = VECTOR('',#9309,1.);
#9309 = DIRECTION('',(0.,0.,1.));
#9310 = ORIENTED_EDGE('',*,*,#9311,.F.);
#9311 = EDGE_CURVE('',#9288,#9304,#9312,.T.);
#9312 = LINE('',#9313,#9314);
#9313 = CARTESIAN_POINT('',(269.325,26.7,115.7));
#9314 = VECTOR('',#9315,1.);
#9315 = DIRECTION('',(0.,1.,0.));
#9316 = PLANE('',#9317);
#9317 = AXIS2_PLACEMENT_3D('',#9318,#9319,#9320);
#9318 = CARTESIAN_POINT('',(269.325,26.7,103.));
#9319 = DIRECTION('',(1.,0.,0.));
#9320 = DIRECTION('',(0.,0.,1.));
#9321 = ADVANCED_FACE('',(#9322),#9338,.F.);
#9322 = FACE_BOUND('',#9323,.F.);
#9323 = EDGE_LOOP('',(#9324,#9330,#9331,#9337));
#9324 = ORIENTED_EDGE('',*,*,#9325,.F.);
#9325 = EDGE_CURVE('',#9246,#9286,#9326,.T.);
#9326 = LINE('',#9327,#9328);
#9327 = CARTESIAN_POINT('',(258.2125,26.7,103.));
#9328 = VECTOR('',#9329,1.);
#9329 = DIRECTION('',(1.,0.,0.));
#9330 = ORIENTED_EDGE('',*,*,#9245,.T.);
#9331 = ORIENTED_EDGE('',*,*,#9332,.T.);
#9332 = EDGE_CURVE('',#9248,#9288,#9333,.T.);
#9333 = LINE('',#9334,#9335);
#9334 = CARTESIAN_POINT('',(258.2125,26.7,115.7));
#9335 = VECTOR('',#9336,1.);
#9336 = DIRECTION('',(1.,0.,0.));
#9337 = ORIENTED_EDGE('',*,*,#9285,.F.);
#9338 = PLANE('',#9339);
#9339 = AXIS2_PLACEMENT_3D('',#9340,#9341,#9342);
#9340 = CARTESIAN_POINT('',(258.2125,26.7,103.));
#9341 = DIRECTION('',(0.,1.,0.));
#9342 = DIRECTION('',(0.,0.,1.));
#9343 = ADVANCED_FACE('',(#9344),#9360,.T.);
#9344 = FACE_BOUND('',#9345,.T.);
#9345 = EDGE_LOOP('',(#9346,#9352,#9353,#9359));
#9346 = ORIENTED_EDGE('',*,*,#9347,.F.);
#9347 = EDGE_CURVE('',#9256,#9296,#9348,.T.);
#9348 = LINE('',#9349,#9350);
#9349 = CARTESIAN_POINT('',(258.2125,28.2875,103.));
#9350 = VECTOR('',#9351,1.);
#9351 = DIRECTION('',(1.,0.,0.));
#9352 = ORIENTED_EDGE('',*,*,#9263,.T.);
#9353 = ORIENTED_EDGE('',*,*,#9354,.T.);
#9354 = EDGE_CURVE('',#9264,#9304,#9355,.T.);
#9355 = LINE('',#9356,#9357);
#9356 = CARTESIAN_POINT('',(258.2125,28.2875,115.7));
#9357 = VECTOR('',#9358,1.);
#9358 = DIRECTION('',(1.,0.,0.));
#9359 = ORIENTED_EDGE('',*,*,#9303,.F.);
#9360 = PLANE('',#9361);
#9361 = AXIS2_PLACEMENT_3D('',#9362,#9363,#9364);
#9362 = CARTESIAN_POINT('',(258.2125,28.2875,103.));
#9363 = DIRECTION('',(0.,1.,0.));
#9364 = DIRECTION('',(0.,0.,1.));
#9365 = ADVANCED_FACE('',(#9366),#9372,.F.);
#9366 = FACE_BOUND('',#9367,.F.);
#9367 = EDGE_LOOP('',(#9368,#9369,#9370,#9371));
#9368 = ORIENTED_EDGE('',*,*,#9255,.F.);
#9369 = ORIENTED_EDGE('',*,*,#9325,.T.);
#9370 = ORIENTED_EDGE('',*,*,#9295,.T.);
#9371 = ORIENTED_EDGE('',*,*,#9347,.F.);
#9372 = PLANE('',#9373);
#9373 = AXIS2_PLACEMENT_3D('',#9374,#9375,#9376);
#9374 = CARTESIAN_POINT('',(258.2125,26.7,103.));
#9375 = DIRECTION('',(0.,0.,1.));
#9376 = DIRECTION('',(1.,0.,0.));
#9377 = ADVANCED_FACE('',(#9378),#9384,.T.);
#9378 = FACE_BOUND('',#9379,.T.);
#9379 = EDGE_LOOP('',(#9380,#9381,#9382,#9383));
#9380 = ORIENTED_EDGE('',*,*,#9271,.F.);
#9381 = ORIENTED_EDGE('',*,*,#9332,.T.);
#9382 = ORIENTED_EDGE('',*,*,#9311,.T.);
#9383 = ORIENTED_EDGE('',*,*,#9354,.F.);
#9384 = PLANE('',#9385);
#9385 = AXIS2_PLACEMENT_3D('',#9386,#9387,#9388);
#9386 = CARTESIAN_POINT('',(258.2125,26.7,115.7));
#9387 = DIRECTION('',(0.,0.,1.));
#9388 = DIRECTION('',(1.,0.,0.));
#9389 = MANIFOLD_SOLID_BREP('',#9390);
#9390 = CLOSED_SHELL('',(#9391,#9431,#9471,#9493,#9515,#9527));
#9391 = ADVANCED_FACE('',(#9392),#9426,.F.);
#9392 = FACE_BOUND('',#9393,.F.);
#9393 = EDGE_LOOP('',(#9394,#9404,#9412,#9420));
#9394 = ORIENTED_EDGE('',*,*,#9395,.F.);
#9395 = EDGE_CURVE('',#9396,#9398,#9400,.T.);
#9396 = VERTEX_POINT('',#9397);
#9397 = CARTESIAN_POINT('',(4.0875,235.6,103.));
#9398 = VERTEX_POINT('',#9399);
#9399 = CARTESIAN_POINT('',(4.0875,235.6,115.7));
#9400 = LINE('',#9401,#9402);
#9401 = CARTESIAN_POINT('',(4.0875,235.6,103.));
#9402 = VECTOR('',#9403,1.);
#9403 = DIRECTION('',(0.,0.,1.));
#9404 = ORIENTED_EDGE('',*,*,#9405,.T.);
#9405 = EDGE_CURVE('',#9396,#9406,#9408,.T.);
#9406 = VERTEX_POINT('',#9407);
#9407 = CARTESIAN_POINT('',(4.0875,248.3,103.));
#9408 = LINE('',#9409,#9410);
#9409 = CARTESIAN_POINT('',(4.0875,235.6,103.));
#9410 = VECTOR('',#9411,1.);
#9411 = DIRECTION('',(0.,1.,0.));
#9412 = ORIENTED_EDGE('',*,*,#9413,.T.);
#9413 = EDGE_CURVE('',#9406,#9414,#9416,.T.);
#9414 = VERTEX_POINT('',#9415);
#9415 = CARTESIAN_POINT('',(4.0875,248.3,115.7));
#9416 = LINE('',#9417,#9418);
#9417 = CARTESIAN_POINT('',(4.0875,248.3,103.));
#9418 = VECTOR('',#9419,1.);
#9419 = DIRECTION('',(0.,0.,1.));
#9420 = ORIENTED_EDGE('',*,*,#9421,.F.);
#9421 = EDGE_CURVE('',#9398,#9414,#9422,.T.);
#9422 = LINE('',#9423,#9424);
#9423 = CARTESIAN_POINT('',(4.0875,235.6,115.7));
#9424 = VECTOR('',#9425,1.);
#9425 = DIRECTION('',(0.,1.,0.));
#9426 = PLANE('',#9427);
#9427 = AXIS2_PLACEMENT_3D('',#9428,#9429,#9430);
#9428 = CARTESIAN_POINT('',(4.0875,235.6,103.));
#9429 = DIRECTION('',(1.,0.,0.));
#9430 = DIRECTION('',(0.,0.,1.));
#9431 = ADVANCED_FACE('',(#9432),#9466,.T.);
#9432 = FACE_BOUND('',#9433,.T.);
#9433 = EDGE_LOOP('',(#9434,#9444,#9452,#9460));
#9434 = ORIENTED_EDGE('',*,*,#9435,.F.);
#9435 = EDGE_CURVE('',#9436,#9438,#9440,.T.);
#9436 = VERTEX_POINT('',#9437);
#9437 = CARTESIAN_POINT('',(5.675,235.6,103.));
#9438 = VERTEX_POINT('',#9439);
#9439 = CARTESIAN_POINT('',(5.675,235.6,115.7));
#9440 = LINE('',#9441,#9442);
#9441 = CARTESIAN_POINT('',(5.675,235.6,103.));
#9442 = VECTOR('',#9443,1.);
#9443 = DIRECTION('',(0.,0.,1.));
#9444 = ORIENTED_EDGE('',*,*,#9445,.T.);
#9445 = EDGE_CURVE('',#9436,#9446,#9448,.T.);
#9446 = VERTEX_POINT('',#9447);
#9447 = CARTESIAN_POINT('',(5.675,248.3,103.));
#9448 = LINE('',#9449,#9450);
#9449 = CARTESIAN_POINT('',(5.675,235.6,103.));
#9450 = VECTOR('',#9451,1.);
#9451 = DIRECTION('',(0.,1.,0.));
#9452 = ORIENTED_EDGE('',*,*,#9453,.T.);
#9453 = EDGE_CURVE('',#9446,#9454,#9456,.T.);
#9454 = VERTEX_POINT('',#9455);
#9455 = CARTESIAN_POINT('',(5.675,248.3,115.7));
#9456 = LINE('',#9457,#9458);
#9457 = CARTESIAN_POINT('',(5.675,248.3,103.));
#9458 = VECTOR('',#9459,1.);
#9459 = DIRECTION('',(0.,0.,1.));
#9460 = ORIENTED_EDGE('',*,*,#9461,.F.);
#9461 = EDGE_CURVE('',#9438,#9454,#9462,.T.);
#9462 = LINE('',#9463,#9464);
#9463 = CARTESIAN_POINT('',(5.675,235.6,115.7));
#9464 = VECTOR('',#9465,1.);
#9465 = DIRECTION('',(0.,1.,0.));
#9466 = PLANE('',#9467);
#9467 = AXIS2_PLACEMENT_3D('',#9468,#9469,#9470);
#9468 = CARTESIAN_POINT('',(5.675,235.6,103.));
#9469 = DIRECTION('',(1.,0.,0.));
#9470 = DIRECTION('',(0.,0.,1.));
#9471 = ADVANCED_FACE('',(#9472),#9488,.F.);
#9472 = FACE_BOUND('',#9473,.F.);
#9473 = EDGE_LOOP('',(#9474,#9480,#9481,#9487));
#9474 = ORIENTED_EDGE('',*,*,#9475,.F.);
#9475 = EDGE_CURVE('',#9396,#9436,#9476,.T.);
#9476 = LINE('',#9477,#9478);
#9477 = CARTESIAN_POINT('',(4.0875,235.6,103.));
#9478 = VECTOR('',#9479,1.);
#9479 = DIRECTION('',(1.,0.,0.));
#9480 = ORIENTED_EDGE('',*,*,#9395,.T.);
#9481 = ORIENTED_EDGE('',*,*,#9482,.T.);
#9482 = EDGE_CURVE('',#9398,#9438,#9483,.T.);
#9483 = LINE('',#9484,#9485);
#9484 = CARTESIAN_POINT('',(4.0875,235.6,115.7));
#9485 = VECTOR('',#9486,1.);
#9486 = DIRECTION('',(1.,0.,0.));
#9487 = ORIENTED_EDGE('',*,*,#9435,.F.);
#9488 = PLANE('',#9489);
#9489 = AXIS2_PLACEMENT_3D('',#9490,#9491,#9492);
#9490 = CARTESIAN_POINT('',(4.0875,235.6,103.));
#9491 = DIRECTION('',(0.,1.,0.));
#9492 = DIRECTION('',(0.,0.,1.));
#9493 = ADVANCED_FACE('',(#9494),#9510,.T.);
#9494 = FACE_BOUND('',#9495,.T.);
#9495 = EDGE_LOOP('',(#9496,#9502,#9503,#9509));
#9496 = ORIENTED_EDGE('',*,*,#9497,.F.);
#9497 = EDGE_CURVE('',#9406,#9446,#9498,.T.);
#9498 = LINE('',#9499,#9500);
#9499 = CARTESIAN_POINT('',(4.0875,248.3,103.));
#9500 = VECTOR('',#9501,1.);
#9501 = DIRECTION('',(1.,0.,0.));
#9502 = ORIENTED_EDGE('',*,*,#9413,.T.);
#9503 = ORIENTED_EDGE('',*,*,#9504,.T.);
#9504 = EDGE_CURVE('',#9414,#9454,#9505,.T.);
#9505 = LINE('',#9506,#9507);
#9506 = CARTESIAN_POINT('',(4.0875,248.3,115.7));
#9507 = VECTOR('',#9508,1.);
#9508 = DIRECTION('',(1.,0.,0.));
#9509 = ORIENTED_EDGE('',*,*,#9453,.F.);
#9510 = PLANE('',#9511);
#9511 = AXIS2_PLACEMENT_3D('',#9512,#9513,#9514);
#9512 = CARTESIAN_POINT('',(4.0875,248.3,103.));
#9513 = DIRECTION('',(0.,1.,0.));
#9514 = DIRECTION('',(0.,0.,1.));
#9515 = ADVANCED_FACE('',(#9516),#9522,.F.);
#9516 = FACE_BOUND('',#9517,.F.);
#9517 = EDGE_LOOP('',(#9518,#9519,#9520,#9521));
#9518 = ORIENTED_EDGE('',*,*,#9405,.F.);
#9519 = ORIENTED_EDGE('',*,*,#9475,.T.);
#9520 = ORIENTED_EDGE('',*,*,#9445,.T.);
#9521 = ORIENTED_EDGE('',*,*,#9497,.F.);
#9522 = PLANE('',#9523);
#9523 = AXIS2_PLACEMENT_3D('',#9524,#9525,#9526);
#9524 = CARTESIAN_POINT('',(4.0875,235.6,103.));
#9525 = DIRECTION('',(0.,0.,1.));
#9526 = DIRECTION('',(1.,0.,0.));
#9527 = ADVANCED_FACE('',(#9528),#9534,.T.);
#9528 = FACE_BOUND('',#9529,.T.);
#9529 = EDGE_LOOP('',(#9530,#9531,#9532,#9533));
#9530 = ORIENTED_EDGE('',*,*,#9421,.F.);
#9531 = ORIENTED_EDGE('',*,*,#9482,.T.);
#9532 = ORIENTED_EDGE('',*,*,#9461,.T.);
#9533 = ORIENTED_EDGE('',*,*,#9504,.F.);
#9534 = PLANE('',#9535);
#9535 = AXIS2_PLACEMENT_3D('',#9536,#9537,#9538);
#9536 = CARTESIAN_POINT('',(4.0875,235.6,115.7));
#9537 = DIRECTION('',(0.,0.,1.));
#9538 = DIRECTION('',(1.,0.,0.));
#9539 = MANIFOLD_SOLID_BREP('',#9540);
#9540 = CLOSED_SHELL('',(#9541,#9581,#9621,#9643,#9665,#9677));
#9541 = ADVANCED_FACE('',(#9542),#9576,.F.);
#9542 = FACE_BOUND('',#9543,.F.);
#9543 = EDGE_LOOP('',(#9544,#9554,#9562,#9570));
#9544 = ORIENTED_EDGE('',*,*,#9545,.F.);
#9545 = EDGE_CURVE('',#9546,#9548,#9550,.T.);
#9546 = VERTEX_POINT('',#9547);
#9547 = CARTESIAN_POINT('',(5.675,246.7125,103.));
#9548 = VERTEX_POINT('',#9549);
#9549 = CARTESIAN_POINT('',(5.675,246.7125,115.7));
#9550 = LINE('',#9551,#9552);
#9551 = CARTESIAN_POINT('',(5.675,246.7125,103.));
#9552 = VECTOR('',#9553,1.);
#9553 = DIRECTION('',(0.,0.,1.));
#9554 = ORIENTED_EDGE('',*,*,#9555,.T.);
#9555 = EDGE_CURVE('',#9546,#9556,#9558,.T.);
#9556 = VERTEX_POINT('',#9557);
#9557 = CARTESIAN_POINT('',(5.675,248.3,103.));
#9558 = LINE('',#9559,#9560);
#9559 = CARTESIAN_POINT('',(5.675,246.7125,103.));
#9560 = VECTOR('',#9561,1.);
#9561 = DIRECTION('',(0.,1.,0.));
#9562 = ORIENTED_EDGE('',*,*,#9563,.T.);
#9563 = EDGE_CURVE('',#9556,#9564,#9566,.T.);
#9564 = VERTEX_POINT('',#9565);
#9565 = CARTESIAN_POINT('',(5.675,248.3,115.7));
#9566 = LINE('',#9567,#9568);
#9567 = CARTESIAN_POINT('',(5.675,248.3,103.));
#9568 = VECTOR('',#9569,1.);
#9569 = DIRECTION('',(0.,0.,1.));
#9570 = ORIENTED_EDGE('',*,*,#9571,.F.);
#9571 = EDGE_CURVE('',#9548,#9564,#9572,.T.);
#9572 = LINE('',#9573,#9574);
#9573 = CARTESIAN_POINT('',(5.675,246.7125,115.7));
#9574 = VECTOR('',#9575,1.);
#9575 = DIRECTION('',(0.,1.,0.));
#9576 = PLANE('',#9577);
#9577 = AXIS2_PLACEMENT_3D('',#9578,#9579,#9580);
#9578 = CARTESIAN_POINT('',(5.675,246.7125,103.));
#9579 = DIRECTION('',(1.,0.,0.));
#9580 = DIRECTION('',(0.,0.,1.));
#9581 = ADVANCED_FACE('',(#9582),#9616,.T.);
#9582 = FACE_BOUND('',#9583,.T.);
#9583 = EDGE_LOOP('',(#9584,#9594,#9602,#9610));
#9584 = ORIENTED_EDGE('',*,*,#9585,.F.);
#9585 = EDGE_CURVE('',#9586,#9588,#9590,.T.);
#9586 = VERTEX_POINT('',#9587);
#9587 = CARTESIAN_POINT('',(16.7875,246.7125,103.));
#9588 = VERTEX_POINT('',#9589);
#9589 = CARTESIAN_POINT('',(16.7875,246.7125,115.7));
#9590 = LINE('',#9591,#9592);
#9591 = CARTESIAN_POINT('',(16.7875,246.7125,103.));
#9592 = VECTOR('',#9593,1.);
#9593 = DIRECTION('',(0.,0.,1.));
#9594 = ORIENTED_EDGE('',*,*,#9595,.T.);
#9595 = EDGE_CURVE('',#9586,#9596,#9598,.T.);
#9596 = VERTEX_POINT('',#9597);
#9597 = CARTESIAN_POINT('',(16.7875,248.3,103.));
#9598 = LINE('',#9599,#9600);
#9599 = CARTESIAN_POINT('',(16.7875,246.7125,103.));
#9600 = VECTOR('',#9601,1.);
#9601 = DIRECTION('',(0.,1.,0.));
#9602 = ORIENTED_EDGE('',*,*,#9603,.T.);
#9603 = EDGE_CURVE('',#9596,#9604,#9606,.T.);
#9604 = VERTEX_POINT('',#9605);
#9605 = CARTESIAN_POINT('',(16.7875,248.3,115.7));
#9606 = LINE('',#9607,#9608);
#9607 = CARTESIAN_POINT('',(16.7875,248.3,103.));
#9608 = VECTOR('',#9609,1.);
#9609 = DIRECTION('',(0.,0.,1.));
#9610 = ORIENTED_EDGE('',*,*,#9611,.F.);
#9611 = EDGE_CURVE('',#9588,#9604,#9612,.T.);
#9612 = LINE('',#9613,#9614);
#9613 = CARTESIAN_POINT('',(16.7875,246.7125,115.7));
#9614 = VECTOR('',#9615,1.);
#9615 = DIRECTION('',(0.,1.,0.));
#9616 = PLANE('',#9617);
#9617 = AXIS2_PLACEMENT_3D('',#9618,#9619,#9620);
#9618 = CARTESIAN_POINT('',(16.7875,246.7125,103.));
#9619 = DIRECTION('',(1.,0.,0.));
#9620 = DIRECTION('',(0.,0.,1.));
#9621 = ADVANCED_FACE('',(#9622),#9638,.F.);
#9622 = FACE_BOUND('',#9623,.F.);
#9623 = EDGE_LOOP('',(#9624,#9630,#9631,#9637));
#9624 = ORIENTED_EDGE('',*,*,#9625,.F.);
#9625 = EDGE_CURVE('',#9546,#9586,#9626,.T.);
#9626 = LINE('',#9627,#9628);
#9627 = CARTESIAN_POINT('',(5.675,246.7125,103.));
#9628 = VECTOR('',#9629,1.);
#9629 = DIRECTION('',(1.,0.,0.));
#9630 = ORIENTED_EDGE('',*,*,#9545,.T.);
#9631 = ORIENTED_EDGE('',*,*,#9632,.T.);
#9632 = EDGE_CURVE('',#9548,#9588,#9633,.T.);
#9633 = LINE('',#9634,#9635);
#9634 = CARTESIAN_POINT('',(5.675,246.7125,115.7));
#9635 = VECTOR('',#9636,1.);
#9636 = DIRECTION('',(1.,0.,0.));
#9637 = ORIENTED_EDGE('',*,*,#9585,.F.);
#9638 = PLANE('',#9639);
#9639 = AXIS2_PLACEMENT_3D('',#9640,#9641,#9642);
#9640 = CARTESIAN_POINT('',(5.675,246.7125,103.));
#9641 = DIRECTION('',(0.,1.,0.));
#9642 = DIRECTION('',(0.,0.,1.));
#9643 = ADVANCED_FACE('',(#9644),#9660,.T.);
#9644 = FACE_BOUND('',#9645,.T.);
#9645 = EDGE_LOOP('',(#9646,#9652,#9653,#9659));
#9646 = ORIENTED_EDGE('',*,*,#9647,.F.);
#9647 = EDGE_CURVE('',#9556,#9596,#9648,.T.);
#9648 = LINE('',#9649,#9650);
#9649 = CARTESIAN_POINT('',(5.675,248.3,103.));
#9650 = VECTOR('',#9651,1.);
#9651 = DIRECTION('',(1.,0.,0.));
#9652 = ORIENTED_EDGE('',*,*,#9563,.T.);
#9653 = ORIENTED_EDGE('',*,*,#9654,.T.);
#9654 = EDGE_CURVE('',#9564,#9604,#9655,.T.);
#9655 = LINE('',#9656,#9657);
#9656 = CARTESIAN_POINT('',(5.675,248.3,115.7));
#9657 = VECTOR('',#9658,1.);
#9658 = DIRECTION('',(1.,0.,0.));
#9659 = ORIENTED_EDGE('',*,*,#9603,.F.);
#9660 = PLANE('',#9661);
#9661 = AXIS2_PLACEMENT_3D('',#9662,#9663,#9664);
#9662 = CARTESIAN_POINT('',(5.675,248.3,103.));
#9663 = DIRECTION('',(0.,1.,0.));
#9664 = DIRECTION('',(0.,0.,1.));
#9665 = ADVANCED_FACE('',(#9666),#9672,.F.);
#9666 = FACE_BOUND('',#9667,.F.);
#9667 = EDGE_LOOP('',(#9668,#9669,#9670,#9671));
#9668 = ORIENTED_EDGE('',*,*,#9555,.F.);
#9669 = ORIENTED_EDGE('',*,*,#9625,.T.);
#9670 = ORIENTED_EDGE('',*,*,#9595,.T.);
#9671 = ORIENTED_EDGE('',*,*,#9647,.F.);
#9672 = PLANE('',#9673);
#9673 = AXIS2_PLACEMENT_3D('',#9674,#9675,#9676);
#9674 = CARTESIAN_POINT('',(5.675,246.7125,103.));
#9675 = DIRECTION('',(0.,0.,1.));
#9676 = DIRECTION('',(1.,0.,0.));
#9677 = ADVANCED_FACE('',(#9678),#9684,.T.);
#9678 = FACE_BOUND('',#9679,.T.);
#9679 = EDGE_LOOP('',(#9680,#9681,#9682,#9683));
#9680 = ORIENTED_EDGE('',*,*,#9571,.F.);
#9681 = ORIENTED_EDGE('',*,*,#9632,.T.);
#9682 = ORIENTED_EDGE('',*,*,#9611,.T.);
#9683 = ORIENTED_EDGE('',*,*,#9654,.F.);
#9684 = PLANE('',#9685);
#9685 = AXIS2_PLACEMENT_3D('',#9686,#9687,#9688);
#9686 = CARTESIAN_POINT('',(5.675,246.7125,115.7));
#9687 = DIRECTION('',(0.,0.,1.));
#9688 = DIRECTION('',(1.,0.,0.));
#9689 = MANIFOLD_SOLID_BREP('',#9690);
#9690 = CLOSED_SHELL('',(#9691,#9731,#9771,#9793,#9815,#9827));
#9691 = ADVANCED_FACE('',(#9692),#9726,.F.);
#9692 = FACE_BOUND('',#9693,.F.);
#9693 = EDGE_LOOP('',(#9694,#9704,#9712,#9720));
#9694 = ORIENTED_EDGE('',*,*,#9695,.F.);
#9695 = EDGE_CURVE('',#9696,#9698,#9700,.T.);
#9696 = VERTEX_POINT('',#9697);
#9697 = CARTESIAN_POINT('',(269.325,235.6,103.));
#9698 = VERTEX_POINT('',#9699);
#9699 = CARTESIAN_POINT('',(269.325,235.6,115.7));
#9700 = LINE('',#9701,#9702);
#9701 = CARTESIAN_POINT('',(269.325,235.6,103.));
#9702 = VECTOR('',#9703,1.);
#9703 = DIRECTION('',(0.,0.,1.));
#9704 = ORIENTED_EDGE('',*,*,#9705,.T.);
#9705 = EDGE_CURVE('',#9696,#9706,#9708,.T.);
#9706 = VERTEX_POINT('',#9707);
#9707 = CARTESIAN_POINT('',(269.325,248.3,103.));
#9708 = LINE('',#9709,#9710);
#9709 = CARTESIAN_POINT('',(269.325,235.6,103.));
#9710 = VECTOR('',#9711,1.);
#9711 = DIRECTION('',(0.,1.,0.));
#9712 = ORIENTED_EDGE('',*,*,#9713,.T.);
#9713 = EDGE_CURVE('',#9706,#9714,#9716,.T.);
#9714 = VERTEX_POINT('',#9715);
#9715 = CARTESIAN_POINT('',(269.325,248.3,115.7));
#9716 = LINE('',#9717,#9718);
#9717 = CARTESIAN_POINT('',(269.325,248.3,103.));
#9718 = VECTOR('',#9719,1.);
#9719 = DIRECTION('',(0.,0.,1.));
#9720 = ORIENTED_EDGE('',*,*,#9721,.F.);
#9721 = EDGE_CURVE('',#9698,#9714,#9722,.T.);
#9722 = LINE('',#9723,#9724);
#9723 = CARTESIAN_POINT('',(269.325,235.6,115.7));
#9724 = VECTOR('',#9725,1.);
#9725 = DIRECTION('',(0.,1.,0.));
#9726 = PLANE('',#9727);
#9727 = AXIS2_PLACEMENT_3D('',#9728,#9729,#9730);
#9728 = CARTESIAN_POINT('',(269.325,235.6,103.));
#9729 = DIRECTION('',(1.,0.,0.));
#9730 = DIRECTION('',(0.,0.,1.));
#9731 = ADVANCED_FACE('',(#9732),#9766,.T.);
#9732 = FACE_BOUND('',#9733,.T.);
#9733 = EDGE_LOOP('',(#9734,#9744,#9752,#9760));
#9734 = ORIENTED_EDGE('',*,*,#9735,.F.);
#9735 = EDGE_CURVE('',#9736,#9738,#9740,.T.);
#9736 = VERTEX_POINT('',#9737);
#9737 = CARTESIAN_POINT('',(270.9125,235.6,103.));
#9738 = VERTEX_POINT('',#9739);
#9739 = CARTESIAN_POINT('',(270.9125,235.6,115.7));
#9740 = LINE('',#9741,#9742);
#9741 = CARTESIAN_POINT('',(270.9125,235.6,103.));
#9742 = VECTOR('',#9743,1.);
#9743 = DIRECTION('',(0.,0.,1.));
#9744 = ORIENTED_EDGE('',*,*,#9745,.T.);
#9745 = EDGE_CURVE('',#9736,#9746,#9748,.T.);
#9746 = VERTEX_POINT('',#9747);
#9747 = CARTESIAN_POINT('',(270.9125,248.3,103.));
#9748 = LINE('',#9749,#9750);
#9749 = CARTESIAN_POINT('',(270.9125,235.6,103.));
#9750 = VECTOR('',#9751,1.);
#9751 = DIRECTION('',(0.,1.,0.));
#9752 = ORIENTED_EDGE('',*,*,#9753,.T.);
#9753 = EDGE_CURVE('',#9746,#9754,#9756,.T.);
#9754 = VERTEX_POINT('',#9755);
#9755 = CARTESIAN_POINT('',(270.9125,248.3,115.7));
#9756 = LINE('',#9757,#9758);
#9757 = CARTESIAN_POINT('',(270.9125,248.3,103.));
#9758 = VECTOR('',#9759,1.);
#9759 = DIRECTION('',(0.,0.,1.));
#9760 = ORIENTED_EDGE('',*,*,#9761,.F.);
#9761 = EDGE_CURVE('',#9738,#9754,#9762,.T.);
#9762 = LINE('',#9763,#9764);
#9763 = CARTESIAN_POINT('',(270.9125,235.6,115.7));
#9764 = VECTOR('',#9765,1.);
#9765 = DIRECTION('',(0.,1.,0.));
#9766 = PLANE('',#9767);
#9767 = AXIS2_PLACEMENT_3D('',#9768,#9769,#9770);
#9768 = CARTESIAN_POINT('',(270.9125,235.6,103.));
#9769 = DIRECTION('',(1.,0.,0.));
#9770 = DIRECTION('',(0.,0.,1.));
#9771 = ADVANCED_FACE('',(#9772),#9788,.F.);
#9772 = FACE_BOUND('',#9773,.F.);
#9773 = EDGE_LOOP('',(#9774,#9780,#9781,#9787));
#9774 = ORIENTED_EDGE('',*,*,#9775,.F.);
#9775 = EDGE_CURVE('',#9696,#9736,#9776,.T.);
#9776 = LINE('',#9777,#9778);
#9777 = CARTESIAN_POINT('',(269.325,235.6,103.));
#9778 = VECTOR('',#9779,1.);
#9779 = DIRECTION('',(1.,0.,0.));
#9780 = ORIENTED_EDGE('',*,*,#9695,.T.);
#9781 = ORIENTED_EDGE('',*,*,#9782,.T.);
#9782 = EDGE_CURVE('',#9698,#9738,#9783,.T.);
#9783 = LINE('',#9784,#9785);
#9784 = CARTESIAN_POINT('',(269.325,235.6,115.7));
#9785 = VECTOR('',#9786,1.);
#9786 = DIRECTION('',(1.,0.,0.));
#9787 = ORIENTED_EDGE('',*,*,#9735,.F.);
#9788 = PLANE('',#9789);
#9789 = AXIS2_PLACEMENT_3D('',#9790,#9791,#9792);
#9790 = CARTESIAN_POINT('',(269.325,235.6,103.));
#9791 = DIRECTION('',(0.,1.,0.));
#9792 = DIRECTION('',(0.,0.,1.));
#9793 = ADVANCED_FACE('',(#9794),#9810,.T.);
#9794 = FACE_BOUND('',#9795,.T.);
#9795 = EDGE_LOOP('',(#9796,#9802,#9803,#9809));
#9796 = ORIENTED_EDGE('',*,*,#9797,.F.);
#9797 = EDGE_CURVE('',#9706,#9746,#9798,.T.);
#9798 = LINE('',#9799,#9800);
#9799 = CARTESIAN_POINT('',(269.325,248.3,103.));
#9800 = VECTOR('',#9801,1.);
#9801 = DIRECTION('',(1.,0.,0.));
#9802 = ORIENTED_EDGE('',*,*,#9713,.T.);
#9803 = ORIENTED_EDGE('',*,*,#9804,.T.);
#9804 = EDGE_CURVE('',#9714,#9754,#9805,.T.);
#9805 = LINE('',#9806,#9807);
#9806 = CARTESIAN_POINT('',(269.325,248.3,115.7));
#9807 = VECTOR('',#9808,1.);
#9808 = DIRECTION('',(1.,0.,0.));
#9809 = ORIENTED_EDGE('',*,*,#9753,.F.);
#9810 = PLANE('',#9811);
#9811 = AXIS2_PLACEMENT_3D('',#9812,#9813,#9814);
#9812 = CARTESIAN_POINT('',(269.325,248.3,103.));
#9813 = DIRECTION('',(0.,1.,0.));
#9814 = DIRECTION('',(0.,0.,1.));
#9815 = ADVANCED_FACE('',(#9816),#9822,.F.);
#9816 = FACE_BOUND('',#9817,.F.);
#9817 = EDGE_LOOP('',(#9818,#9819,#9820,#9821));
#9818 = ORIENTED_EDGE('',*,*,#9705,.F.);
#9819 = ORIENTED_EDGE('',*,*,#9775,.T.);
#9820 = ORIENTED_EDGE('',*,*,#9745,.T.);
#9821 = ORIENTED_EDGE('',*,*,#9797,.F.);
#9822 = PLANE('',#9823);
#9823 = AXIS2_PLACEMENT_3D('',#9824,#9825,#9826);
#9824 = CARTESIAN_POINT('',(269.325,235.6,103.));
#9825 = DIRECTION('',(0.,0.,1.));
#9826 = DIRECTION('',(1.,0.,0.));
#9827 = ADVANCED_FACE('',(#9828),#9834,.T.);
#9828 = FACE_BOUND('',#9829,.T.);
#9829 = EDGE_LOOP('',(#9830,#9831,#9832,#9833));
#9830 = ORIENTED_EDGE('',*,*,#9721,.F.);
#9831 = ORIENTED_EDGE('',*,*,#9782,.T.);
#9832 = ORIENTED_EDGE('',*,*,#9761,.T.);
#9833 = ORIENTED_EDGE('',*,*,#9804,.F.);
#9834 = PLANE('',#9835);
#9835 = AXIS2_PLACEMENT_3D('',#9836,#9837,#9838);
#9836 = CARTESIAN_POINT('',(269.325,235.6,115.7));
#9837 = DIRECTION('',(0.,0.,1.));
#9838 = DIRECTION('',(1.,0.,0.));
#9839 = MANIFOLD_SOLID_BREP('',#9840);
#9840 = CLOSED_SHELL('',(#9841,#9881,#9921,#9943,#9965,#9977));
#9841 = ADVANCED_FACE('',(#9842),#9876,.F.);
#9842 = FACE_BOUND('',#9843,.F.);
#9843 = EDGE_LOOP('',(#9844,#9854,#9862,#9870));
#9844 = ORIENTED_EDGE('',*,*,#9845,.F.);
#9845 = EDGE_CURVE('',#9846,#9848,#9850,.T.);
#9846 = VERTEX_POINT('',#9847);
#9847 = CARTESIAN_POINT('',(258.2125,246.7125,103.));
#9848 = VERTEX_POINT('',#9849);
#9849 = CARTESIAN_POINT('',(258.2125,246.7125,115.7));
#9850 = LINE('',#9851,#9852);
#9851 = CARTESIAN_POINT('',(258.2125,246.7125,103.));
#9852 = VECTOR('',#9853,1.);
#9853 = DIRECTION('',(0.,0.,1.));
#9854 = ORIENTED_EDGE('',*,*,#9855,.T.);
#9855 = EDGE_CURVE('',#9846,#9856,#9858,.T.);
#9856 = VERTEX_POINT('',#9857);
#9857 = CARTESIAN_POINT('',(258.2125,248.3,103.));
#9858 = LINE('',#9859,#9860);
#9859 = CARTESIAN_POINT('',(258.2125,246.7125,103.));
#9860 = VECTOR('',#9861,1.);
#9861 = DIRECTION('',(0.,1.,0.));
#9862 = ORIENTED_EDGE('',*,*,#9863,.T.);
#9863 = EDGE_CURVE('',#9856,#9864,#9866,.T.);
#9864 = VERTEX_POINT('',#9865);
#9865 = CARTESIAN_POINT('',(258.2125,248.3,115.7));
#9866 = LINE('',#9867,#9868);
#9867 = CARTESIAN_POINT('',(258.2125,248.3,103.));
#9868 = VECTOR('',#9869,1.);
#9869 = DIRECTION('',(0.,0.,1.));
#9870 = ORIENTED_EDGE('',*,*,#9871,.F.);
#9871 = EDGE_CURVE('',#9848,#9864,#9872,.T.);
#9872 = LINE('',#9873,#9874);
#9873 = CARTESIAN_POINT('',(258.2125,246.7125,115.7));
#9874 = VECTOR('',#9875,1.);
#9875 = DIRECTION('',(0.,1.,0.));
#9876 = PLANE('',#9877);
#9877 = AXIS2_PLACEMENT_3D('',#9878,#9879,#9880);
#9878 = CARTESIAN_POINT('',(258.2125,246.7125,103.));
#9879 = DIRECTION('',(1.,0.,0.));
#9880 = DIRECTION('',(0.,0.,1.));
#9881 = ADVANCED_FACE('',(#9882),#9916,.T.);
#9882 = FACE_BOUND('',#9883,.T.);
#9883 = EDGE_LOOP('',(#9884,#9894,#9902,#9910));
#9884 = ORIENTED_EDGE('',*,*,#9885,.F.);
#9885 = EDGE_CURVE('',#9886,#9888,#9890,.T.);
#9886 = VERTEX_POINT('',#9887);
#9887 = CARTESIAN_POINT('',(269.325,246.7125,103.));
#9888 = VERTEX_POINT('',#9889);
#9889 = CARTESIAN_POINT('',(269.325,246.7125,115.7));
#9890 = LINE('',#9891,#9892);
#9891 = CARTESIAN_POINT('',(269.325,246.7125,103.));
#9892 = VECTOR('',#9893,1.);
#9893 = DIRECTION('',(0.,0.,1.));
#9894 = ORIENTED_EDGE('',*,*,#9895,.T.);
#9895 = EDGE_CURVE('',#9886,#9896,#9898,.T.);
#9896 = VERTEX_POINT('',#9897);
#9897 = CARTESIAN_POINT('',(269.325,248.3,103.));
#9898 = LINE('',#9899,#9900);
#9899 = CARTESIAN_POINT('',(269.325,246.7125,103.));
#9900 = VECTOR('',#9901,1.);
#9901 = DIRECTION('',(0.,1.,0.));
#9902 = ORIENTED_EDGE('',*,*,#9903,.T.);
#9903 = EDGE_CURVE('',#9896,#9904,#9906,.T.);
#9904 = VERTEX_POINT('',#9905);
#9905 = CARTESIAN_POINT('',(269.325,248.3,115.7));
#9906 = LINE('',#9907,#9908);
#9907 = CARTESIAN_POINT('',(269.325,248.3,103.));
#9908 = VECTOR('',#9909,1.);
#9909 = DIRECTION('',(0.,0.,1.));
#9910 = ORIENTED_EDGE('',*,*,#9911,.F.);
#9911 = EDGE_CURVE('',#9888,#9904,#9912,.T.);
#9912 = LINE('',#9913,#9914);
#9913 = CARTESIAN_POINT('',(269.325,246.7125,115.7));
#9914 = VECTOR('',#9915,1.);
#9915 = DIRECTION('',(0.,1.,0.));
#9916 = PLANE('',#9917);
#9917 = AXIS2_PLACEMENT_3D('',#9918,#9919,#9920);
#9918 = CARTESIAN_POINT('',(269.325,246.7125,103.));
#9919 = DIRECTION('',(1.,0.,0.));
#9920 = DIRECTION('',(0.,0.,1.));
#9921 = ADVANCED_FACE('',(#9922),#9938,.F.);
#9922 = FACE_BOUND('',#9923,.F.);
#9923 = EDGE_LOOP('',(#9924,#9930,#9931,#9937));
#9924 = ORIENTED_EDGE('',*,*,#9925,.F.);
#9925 = EDGE_CURVE('',#9846,#9886,#9926,.T.);
#9926 = LINE('',#9927,#9928);
#9927 = CARTESIAN_POINT('',(258.2125,246.7125,103.));
#9928 = VECTOR('',#9929,1.);
#9929 = DIRECTION('',(1.,0.,0.));
#9930 = ORIENTED_EDGE('',*,*,#9845,.T.);
#9931 = ORIENTED_EDGE('',*,*,#9932,.T.);
#9932 = EDGE_CURVE('',#9848,#9888,#9933,.T.);
#9933 = LINE('',#9934,#9935);
#9934 = CARTESIAN_POINT('',(258.2125,246.7125,115.7));
#9935 = VECTOR('',#9936,1.);
#9936 = DIRECTION('',(1.,0.,0.));
#9937 = ORIENTED_EDGE('',*,*,#9885,.F.);
#9938 = PLANE('',#9939);
#9939 = AXIS2_PLACEMENT_3D('',#9940,#9941,#9942);
#9940 = CARTESIAN_POINT('',(258.2125,246.7125,103.));
#9941 = DIRECTION('',(0.,1.,0.));
#9942 = DIRECTION('',(0.,0.,1.));
#9943 = ADVANCED_FACE('',(#9944),#9960,.T.);
#9944 = FACE_BOUND('',#9945,.T.);
#9945 = EDGE_LOOP('',(#9946,#9952,#9953,#9959));
#9946 = ORIENTED_EDGE('',*,*,#9947,.F.);
#9947 = EDGE_CURVE('',#9856,#9896,#9948,.T.);
#9948 = LINE('',#9949,#9950);
#9949 = CARTESIAN_POINT('',(258.2125,248.3,103.));
#9950 = VECTOR('',#9951,1.);
#9951 = DIRECTION('',(1.,0.,0.));
#9952 = ORIENTED_EDGE('',*,*,#9863,.T.);
#9953 = ORIENTED_EDGE('',*,*,#9954,.T.);
#9954 = EDGE_CURVE('',#9864,#9904,#9955,.T.);
#9955 = LINE('',#9956,#9957);
#9956 = CARTESIAN_POINT('',(258.2125,248.3,115.7));
#9957 = VECTOR('',#9958,1.);
#9958 = DIRECTION('',(1.,0.,0.));
#9959 = ORIENTED_EDGE('',*,*,#9903,.F.);
#9960 = PLANE('',#9961);
#9961 = AXIS2_PLACEMENT_3D('',#9962,#9963,#9964);
#9962 = CARTESIAN_POINT('',(258.2125,248.3,103.));
#9963 = DIRECTION('',(0.,1.,0.));
#9964 = DIRECTION('',(0.,0.,1.));
#9965 = ADVANCED_FACE('',(#9966),#9972,.F.);
#9966 = FACE_BOUND('',#9967,.F.);
#9967 = EDGE_LOOP('',(#9968,#9969,#9970,#9971));
#9968 = ORIENTED_EDGE('',*,*,#9855,.F.);
#9969 = ORIENTED_EDGE('',*,*,#9925,.T.);
#9970 = ORIENTED_EDGE('',*,*,#9895,.T.);
#9971 = ORIENTED_EDGE('',*,*,#9947,.F.);
#9972 = PLANE('',#9973);
#9973 = AXIS2_PLACEMENT_3D('',#9974,#9975,#9976);
#9974 = CARTESIAN_POINT('',(258.2125,246.7125,103.));
#9975 = DIRECTION('',(0.,0.,1.));
#9976 = DIRECTION('',(1.,0.,0.));
#9977 = ADVANCED_FACE('',(#9978),#9984,.T.);
#9978 = FACE_BOUND('',#9979,.T.);
#9979 = EDGE_LOOP('',(#9980,#9981,#9982,#9983));
#9980 = ORIENTED_EDGE('',*,*,#9871,.F.);
#9981 = ORIENTED_EDGE('',*,*,#9932,.T.);
#9982 = ORIENTED_EDGE('',*,*,#9911,.T.);
#9983 = ORIENTED_EDGE('',*,*,#9954,.F.);
#9984 = PLANE('',#9985);
#9985 = AXIS2_PLACEMENT_3D('',#9986,#9987,#9988);
#9986 = CARTESIAN_POINT('',(258.2125,246.7125,115.7));
#9987 = DIRECTION('',(0.,0.,1.));
#9988 = DIRECTION('',(1.,0.,0.));
#9989 = MANIFOLD_SOLID_BREP('',#9990);
#9990 = CLOSED_SHELL('',(#9991,#10031,#10071,#10093,#10115,#10127));
#9991 = ADVANCED_FACE('',(#9992),#10026,.F.);
#9992 = FACE_BOUND('',#9993,.F.);
#9993 = EDGE_LOOP('',(#9994,#10004,#10012,#10020));
#9994 = ORIENTED_EDGE('',*,*,#9995,.F.);
#9995 = EDGE_CURVE('',#9996,#9998,#10000,.T.);
#9996 = VERTEX_POINT('',#9997);
#9997 = CARTESIAN_POINT('',(10.,10.,0.));
#9998 = VERTEX_POINT('',#9999);
#9999 = CARTESIAN_POINT('',(10.,10.,16.));
#10000 = LINE('',#10001,#10002);
#10001 = CARTESIAN_POINT('',(10.,10.,0.));
#10002 = VECTOR('',#10003,1.);
#10003 = DIRECTION('',(0.,0.,1.));
#10004 = ORIENTED_EDGE('',*,*,#10005,.T.);
#10005 = EDGE_CURVE('',#9996,#10006,#10008,.T.);
#10006 = VERTEX_POINT('',#10007);
#10007 = CARTESIAN_POINT('',(10.,30.,0.));
#10008 = LINE('',#10009,#10010);
#10009 = CARTESIAN_POINT('',(10.,10.,0.));
#10010 = VECTOR('',#10011,1.);
#10011 = DIRECTION('',(0.,1.,0.));
#10012 = ORIENTED_EDGE('',*,*,#10013,.T.);
#10013 = EDGE_CURVE('',#10006,#10014,#10016,.T.);
#10014 = VERTEX_POINT('',#10015);
#10015 = CARTESIAN_POINT('',(10.,30.,16.));
#10016 = LINE('',#10017,#10018);
#10017 = CARTESIAN_POINT('',(10.,30.,0.));
#10018 = VECTOR('',#10019,1.);
#10019 = DIRECTION('',(0.,0.,1.));
#10020 = ORIENTED_EDGE('',*,*,#10021,.F.);
#10021 = EDGE_CURVE('',#9998,#10014,#10022,.T.);
#10022 = LINE('',#10023,#10024);
#10023 = CARTESIAN_POINT('',(10.,10.,16.));
#10024 = VECTOR('',#10025,1.);
#10025 = DIRECTION('',(0.,1.,0.));
#10026 = PLANE('',#10027);
#10027 = AXIS2_PLACEMENT_3D('',#10028,#10029,#10030);
#10028 = CARTESIAN_POINT('',(10.,10.,0.));
#10029 = DIRECTION('',(1.,0.,0.));
#10030 = DIRECTION('',(0.,0.,1.));
#10031 = ADVANCED_FACE('',(#10032),#10066,.T.);
#10032 = FACE_BOUND('',#10033,.T.);
#10033 = EDGE_LOOP('',(#10034,#10044,#10052,#10060));
#10034 = ORIENTED_EDGE('',*,*,#10035,.F.);
#10035 = EDGE_CURVE('',#10036,#10038,#10040,.T.);
#10036 = VERTEX_POINT('',#10037);
#10037 = CARTESIAN_POINT('',(30.,10.,0.));
#10038 = VERTEX_POINT('',#10039);
#10039 = CARTESIAN_POINT('',(30.,10.,16.));
#10040 = LINE('',#10041,#10042);
#10041 = CARTESIAN_POINT('',(30.,10.,0.));
#10042 = VECTOR('',#10043,1.);
#10043 = DIRECTION('',(0.,0.,1.));
#10044 = ORIENTED_EDGE('',*,*,#10045,.T.);
#10045 = EDGE_CURVE('',#10036,#10046,#10048,.T.);
#10046 = VERTEX_POINT('',#10047);
#10047 = CARTESIAN_POINT('',(30.,30.,0.));
#10048 = LINE('',#10049,#10050);
#10049 = CARTESIAN_POINT('',(30.,10.,0.));
#10050 = VECTOR('',#10051,1.);
#10051 = DIRECTION('',(0.,1.,0.));
#10052 = ORIENTED_EDGE('',*,*,#10053,.T.);
#10053 = EDGE_CURVE('',#10046,#10054,#10056,.T.);
#10054 = VERTEX_POINT('',#10055);
#10055 = CARTESIAN_POINT('',(30.,30.,16.));
#10056 = LINE('',#10057,#10058);
#10057 = CARTESIAN_POINT('',(30.,30.,0.));
#10058 = VECTOR('',#10059,1.);
#10059 = DIRECTION('',(0.,0.,1.));
#10060 = ORIENTED_EDGE('',*,*,#10061,.F.);
#10061 = EDGE_CURVE('',#10038,#10054,#10062,.T.);
#10062 = LINE('',#10063,#10064);
#10063 = CARTESIAN_POINT('',(30.,10.,16.));
#10064 = VECTOR('',#10065,1.);
#10065 = DIRECTION('',(0.,1.,0.));
#10066 = PLANE('',#10067);
#10067 = AXIS2_PLACEMENT_3D('',#10068,#10069,#10070);
#10068 = CARTESIAN_POINT('',(30.,10.,0.));
#10069 = DIRECTION('',(1.,0.,0.));
#10070 = DIRECTION('',(0.,0.,1.));
#10071 = ADVANCED_FACE('',(#10072),#10088,.F.);
#10072 = FACE_BOUND('',#10073,.F.);
#10073 = EDGE_LOOP('',(#10074,#10080,#10081,#10087));
#10074 = ORIENTED_EDGE('',*,*,#10075,.F.);
#10075 = EDGE_CURVE('',#9996,#10036,#10076,.T.);
#10076 = LINE('',#10077,#10078);
#10077 = CARTESIAN_POINT('',(10.,10.,0.));
#10078 = VECTOR('',#10079,1.);
#10079 = DIRECTION('',(1.,0.,0.));
#10080 = ORIENTED_EDGE('',*,*,#9995,.T.);
#10081 = ORIENTED_EDGE('',*,*,#10082,.T.);
#10082 = EDGE_CURVE('',#9998,#10038,#10083,.T.);
#10083 = LINE('',#10084,#10085);
#10084 = CARTESIAN_POINT('',(10.,10.,16.));
#10085 = VECTOR('',#10086,1.);
#10086 = DIRECTION('',(1.,0.,0.));
#10087 = ORIENTED_EDGE('',*,*,#10035,.F.);
#10088 = PLANE('',#10089);
#10089 = AXIS2_PLACEMENT_3D('',#10090,#10091,#10092);
#10090 = CARTESIAN_POINT('',(10.,10.,0.));
#10091 = DIRECTION('',(0.,1.,0.));
#10092 = DIRECTION('',(0.,0.,1.));
#10093 = ADVANCED_FACE('',(#10094),#10110,.T.);
#10094 = FACE_BOUND('',#10095,.T.);
#10095 = EDGE_LOOP('',(#10096,#10102,#10103,#10109));
#10096 = ORIENTED_EDGE('',*,*,#10097,.F.);
#10097 = EDGE_CURVE('',#10006,#10046,#10098,.T.);
#10098 = LINE('',#10099,#10100);
#10099 = CARTESIAN_POINT('',(10.,30.,0.));
#10100 = VECTOR('',#10101,1.);
#10101 = DIRECTION('',(1.,0.,0.));
#10102 = ORIENTED_EDGE('',*,*,#10013,.T.);
#10103 = ORIENTED_EDGE('',*,*,#10104,.T.);
#10104 = EDGE_CURVE('',#10014,#10054,#10105,.T.);
#10105 = LINE('',#10106,#10107);
#10106 = CARTESIAN_POINT('',(10.,30.,16.));
#10107 = VECTOR('',#10108,1.);
#10108 = DIRECTION('',(1.,0.,0.));
#10109 = ORIENTED_EDGE('',*,*,#10053,.F.);
#10110 = PLANE('',#10111);
#10111 = AXIS2_PLACEMENT_3D('',#10112,#10113,#10114);
#10112 = CARTESIAN_POINT('',(10.,30.,0.));
#10113 = DIRECTION('',(0.,1.,0.));
#10114 = DIRECTION('',(0.,0.,1.));
#10115 = ADVANCED_FACE('',(#10116),#10122,.F.);
#10116 = FACE_BOUND('',#10117,.F.);
#10117 = EDGE_LOOP('',(#10118,#10119,#10120,#10121));
#10118 = ORIENTED_EDGE('',*,*,#10005,.F.);
#10119 = ORIENTED_EDGE('',*,*,#10075,.T.);
#10120 = ORIENTED_EDGE('',*,*,#10045,.T.);
#10121 = ORIENTED_EDGE('',*,*,#10097,.F.);
#10122 = PLANE('',#10123);
#10123 = AXIS2_PLACEMENT_3D('',#10124,#10125,#10126);
#10124 = CARTESIAN_POINT('',(10.,10.,0.));
#10125 = DIRECTION('',(0.,0.,1.));
#10126 = DIRECTION('',(1.,0.,0.));
#10127 = ADVANCED_FACE('',(#10128),#10134,.T.);
#10128 = FACE_BOUND('',#10129,.T.);
#10129 = EDGE_LOOP('',(#10130,#10131,#10132,#10133));
#10130 = ORIENTED_EDGE('',*,*,#10021,.F.);
#10131 = ORIENTED_EDGE('',*,*,#10082,.T.);
#10132 = ORIENTED_EDGE('',*,*,#10061,.T.);
#10133 = ORIENTED_EDGE('',*,*,#10104,.F.);
#10134 = PLANE('',#10135);
#10135 = AXIS2_PLACEMENT_3D('',#10136,#10137,#10138);
#10136 = CARTESIAN_POINT('',(10.,10.,16.));
#10137 = DIRECTION('',(0.,0.,1.));
#10138 = DIRECTION('',(1.,0.,0.));
#10139 = MANIFOLD_SOLID_BREP('',#10140);
#10140 = CLOSED_SHELL('',(#10141,#10181,#10221,#10243,#10265,#10277));
#10141 = ADVANCED_FACE('',(#10142),#10176,.F.);
#10142 = FACE_BOUND('',#10143,.F.);
#10143 = EDGE_LOOP('',(#10144,#10154,#10162,#10170));
#10144 = ORIENTED_EDGE('',*,*,#10145,.F.);
#10145 = EDGE_CURVE('',#10146,#10148,#10150,.T.);
#10146 = VERTEX_POINT('',#10147);
#10147 = CARTESIAN_POINT('',(245.,10.,0.));
#10148 = VERTEX_POINT('',#10149);
#10149 = CARTESIAN_POINT('',(245.,10.,16.));
#10150 = LINE('',#10151,#10152);
#10151 = CARTESIAN_POINT('',(245.,10.,0.));
#10152 = VECTOR('',#10153,1.);
#10153 = DIRECTION('',(0.,0.,1.));
#10154 = ORIENTED_EDGE('',*,*,#10155,.T.);
#10155 = EDGE_CURVE('',#10146,#10156,#10158,.T.);
#10156 = VERTEX_POINT('',#10157);
#10157 = CARTESIAN_POINT('',(245.,30.,0.));
#10158 = LINE('',#10159,#10160);
#10159 = CARTESIAN_POINT('',(245.,10.,0.));
#10160 = VECTOR('',#10161,1.);
#10161 = DIRECTION('',(0.,1.,0.));
#10162 = ORIENTED_EDGE('',*,*,#10163,.T.);
#10163 = EDGE_CURVE('',#10156,#10164,#10166,.T.);
#10164 = VERTEX_POINT('',#10165);
#10165 = CARTESIAN_POINT('',(245.,30.,16.));
#10166 = LINE('',#10167,#10168);
#10167 = CARTESIAN_POINT('',(245.,30.,0.));
#10168 = VECTOR('',#10169,1.);
#10169 = DIRECTION('',(0.,0.,1.));
#10170 = ORIENTED_EDGE('',*,*,#10171,.F.);
#10171 = EDGE_CURVE('',#10148,#10164,#10172,.T.);
#10172 = LINE('',#10173,#10174);
#10173 = CARTESIAN_POINT('',(245.,10.,16.));
#10174 = VECTOR('',#10175,1.);
#10175 = DIRECTION('',(0.,1.,0.));
#10176 = PLANE('',#10177);
#10177 = AXIS2_PLACEMENT_3D('',#10178,#10179,#10180);
#10178 = CARTESIAN_POINT('',(245.,10.,0.));
#10179 = DIRECTION('',(1.,0.,0.));
#10180 = DIRECTION('',(0.,0.,1.));
#10181 = ADVANCED_FACE('',(#10182),#10216,.T.);
#10182 = FACE_BOUND('',#10183,.T.);
#10183 = EDGE_LOOP('',(#10184,#10194,#10202,#10210));
#10184 = ORIENTED_EDGE('',*,*,#10185,.F.);
#10185 = EDGE_CURVE('',#10186,#10188,#10190,.T.);
#10186 = VERTEX_POINT('',#10187);
#10187 = CARTESIAN_POINT('',(265.,10.,0.));
#10188 = VERTEX_POINT('',#10189);
#10189 = CARTESIAN_POINT('',(265.,10.,16.));
#10190 = LINE('',#10191,#10192);
#10191 = CARTESIAN_POINT('',(265.,10.,0.));
#10192 = VECTOR('',#10193,1.);
#10193 = DIRECTION('',(0.,0.,1.));
#10194 = ORIENTED_EDGE('',*,*,#10195,.T.);
#10195 = EDGE_CURVE('',#10186,#10196,#10198,.T.);
#10196 = VERTEX_POINT('',#10197);
#10197 = CARTESIAN_POINT('',(265.,30.,0.));
#10198 = LINE('',#10199,#10200);
#10199 = CARTESIAN_POINT('',(265.,10.,0.));
#10200 = VECTOR('',#10201,1.);
#10201 = DIRECTION('',(0.,1.,0.));
#10202 = ORIENTED_EDGE('',*,*,#10203,.T.);
#10203 = EDGE_CURVE('',#10196,#10204,#10206,.T.);
#10204 = VERTEX_POINT('',#10205);
#10205 = CARTESIAN_POINT('',(265.,30.,16.));
#10206 = LINE('',#10207,#10208);
#10207 = CARTESIAN_POINT('',(265.,30.,0.));
#10208 = VECTOR('',#10209,1.);
#10209 = DIRECTION('',(0.,0.,1.));
#10210 = ORIENTED_EDGE('',*,*,#10211,.F.);
#10211 = EDGE_CURVE('',#10188,#10204,#10212,.T.);
#10212 = LINE('',#10213,#10214);
#10213 = CARTESIAN_POINT('',(265.,10.,16.));
#10214 = VECTOR('',#10215,1.);
#10215 = DIRECTION('',(0.,1.,0.));
#10216 = PLANE('',#10217);
#10217 = AXIS2_PLACEMENT_3D('',#10218,#10219,#10220);
#10218 = CARTESIAN_POINT('',(265.,10.,0.));
#10219 = DIRECTION('',(1.,0.,0.));
#10220 = DIRECTION('',(0.,0.,1.));
#10221 = ADVANCED_FACE('',(#10222),#10238,.F.);
#10222 = FACE_BOUND('',#10223,.F.);
#10223 = EDGE_LOOP('',(#10224,#10230,#10231,#10237));
#10224 = ORIENTED_EDGE('',*,*,#10225,.F.);
#10225 = EDGE_CURVE('',#10146,#10186,#10226,.T.);
#10226 = LINE('',#10227,#10228);
#10227 = CARTESIAN_POINT('',(245.,10.,0.));
#10228 = VECTOR('',#10229,1.);
#10229 = DIRECTION('',(1.,0.,0.));
#10230 = ORIENTED_EDGE('',*,*,#10145,.T.);
#10231 = ORIENTED_EDGE('',*,*,#10232,.T.);
#10232 = EDGE_CURVE('',#10148,#10188,#10233,.T.);
#10233 = LINE('',#10234,#10235);
#10234 = CARTESIAN_POINT('',(245.,10.,16.));
#10235 = VECTOR('',#10236,1.);
#10236 = DIRECTION('',(1.,0.,0.));
#10237 = ORIENTED_EDGE('',*,*,#10185,.F.);
#10238 = PLANE('',#10239);
#10239 = AXIS2_PLACEMENT_3D('',#10240,#10241,#10242);
#10240 = CARTESIAN_POINT('',(245.,10.,0.));
#10241 = DIRECTION('',(0.,1.,0.));
#10242 = DIRECTION('',(0.,0.,1.));
#10243 = ADVANCED_FACE('',(#10244),#10260,.T.);
#10244 = FACE_BOUND('',#10245,.T.);
#10245 = EDGE_LOOP('',(#10246,#10252,#10253,#10259));
#10246 = ORIENTED_EDGE('',*,*,#10247,.F.);
#10247 = EDGE_CURVE('',#10156,#10196,#10248,.T.);
#10248 = LINE('',#10249,#10250);
#10249 = CARTESIAN_POINT('',(245.,30.,0.));
#10250 = VECTOR('',#10251,1.);
#10251 = DIRECTION('',(1.,0.,0.));
#10252 = ORIENTED_EDGE('',*,*,#10163,.T.);
#10253 = ORIENTED_EDGE('',*,*,#10254,.T.);
#10254 = EDGE_CURVE('',#10164,#10204,#10255,.T.);
#10255 = LINE('',#10256,#10257);
#10256 = CARTESIAN_POINT('',(245.,30.,16.));
#10257 = VECTOR('',#10258,1.);
#10258 = DIRECTION('',(1.,0.,0.));
#10259 = ORIENTED_EDGE('',*,*,#10203,.F.);
#10260 = PLANE('',#10261);
#10261 = AXIS2_PLACEMENT_3D('',#10262,#10263,#10264);
#10262 = CARTESIAN_POINT('',(245.,30.,0.));
#10263 = DIRECTION('',(0.,1.,0.));
#10264 = DIRECTION('',(0.,0.,1.));
#10265 = ADVANCED_FACE('',(#10266),#10272,.F.);
#10266 = FACE_BOUND('',#10267,.F.);
#10267 = EDGE_LOOP('',(#10268,#10269,#10270,#10271));
#10268 = ORIENTED_EDGE('',*,*,#10155,.F.);
#10269 = ORIENTED_EDGE('',*,*,#10225,.T.);
#10270 = ORIENTED_EDGE('',*,*,#10195,.T.);
#10271 = ORIENTED_EDGE('',*,*,#10247,.F.);
#10272 = PLANE('',#10273);
#10273 = AXIS2_PLACEMENT_3D('',#10274,#10275,#10276);
#10274 = CARTESIAN_POINT('',(245.,10.,0.));
#10275 = DIRECTION('',(0.,0.,1.));
#10276 = DIRECTION('',(1.,0.,0.));
#10277 = ADVANCED_FACE('',(#10278),#10284,.T.);
#10278 = FACE_BOUND('',#10279,.T.);
#10279 = EDGE_LOOP('',(#10280,#10281,#10282,#10283));
#10280 = ORIENTED_EDGE('',*,*,#10171,.F.);
#10281 = ORIENTED_EDGE('',*,*,#10232,.T.);
#10282 = ORIENTED_EDGE('',*,*,#10211,.T.);
#10283 = ORIENTED_EDGE('',*,*,#10254,.F.);
#10284 = PLANE('',#10285);
#10285 = AXIS2_PLACEMENT_3D('',#10286,#10287,#10288);
#10286 = CARTESIAN_POINT('',(245.,10.,16.));
#10287 = DIRECTION('',(0.,0.,1.));
#10288 = DIRECTION('',(1.,0.,0.));
#10289 = MANIFOLD_SOLID_BREP('',#10290);
#10290 = CLOSED_SHELL('',(#10291,#10331,#10371,#10393,#10415,#10427));
#10291 = ADVANCED_FACE('',(#10292),#10326,.F.);
#10292 = FACE_BOUND('',#10293,.F.);
#10293 = EDGE_LOOP('',(#10294,#10304,#10312,#10320));
#10294 = ORIENTED_EDGE('',*,*,#10295,.F.);
#10295 = EDGE_CURVE('',#10296,#10298,#10300,.T.);
#10296 = VERTEX_POINT('',#10297);
#10297 = CARTESIAN_POINT('',(245.,245.,0.));
#10298 = VERTEX_POINT('',#10299);
#10299 = CARTESIAN_POINT('',(245.,245.,16.));
#10300 = LINE('',#10301,#10302);
#10301 = CARTESIAN_POINT('',(245.,245.,0.));
#10302 = VECTOR('',#10303,1.);
#10303 = DIRECTION('',(0.,0.,1.));
#10304 = ORIENTED_EDGE('',*,*,#10305,.T.);
#10305 = EDGE_CURVE('',#10296,#10306,#10308,.T.);
#10306 = VERTEX_POINT('',#10307);
#10307 = CARTESIAN_POINT('',(245.,265.,0.));
#10308 = LINE('',#10309,#10310);
#10309 = CARTESIAN_POINT('',(245.,245.,0.));
#10310 = VECTOR('',#10311,1.);
#10311 = DIRECTION('',(0.,1.,0.));
#10312 = ORIENTED_EDGE('',*,*,#10313,.T.);
#10313 = EDGE_CURVE('',#10306,#10314,#10316,.T.);
#10314 = VERTEX_POINT('',#10315);
#10315 = CARTESIAN_POINT('',(245.,265.,16.));
#10316 = LINE('',#10317,#10318);
#10317 = CARTESIAN_POINT('',(245.,265.,0.));
#10318 = VECTOR('',#10319,1.);
#10319 = DIRECTION('',(0.,0.,1.));
#10320 = ORIENTED_EDGE('',*,*,#10321,.F.);
#10321 = EDGE_CURVE('',#10298,#10314,#10322,.T.);
#10322 = LINE('',#10323,#10324);
#10323 = CARTESIAN_POINT('',(245.,245.,16.));
#10324 = VECTOR('',#10325,1.);
#10325 = DIRECTION('',(0.,1.,0.));
#10326 = PLANE('',#10327);
#10327 = AXIS2_PLACEMENT_3D('',#10328,#10329,#10330);
#10328 = CARTESIAN_POINT('',(245.,245.,0.));
#10329 = DIRECTION('',(1.,0.,0.));
#10330 = DIRECTION('',(0.,0.,1.));
#10331 = ADVANCED_FACE('',(#10332),#10366,.T.);
#10332 = FACE_BOUND('',#10333,.T.);
#10333 = EDGE_LOOP('',(#10334,#10344,#10352,#10360));
#10334 = ORIENTED_EDGE('',*,*,#10335,.F.);
#10335 = EDGE_CURVE('',#10336,#10338,#10340,.T.);
#10336 = VERTEX_POINT('',#10337);
#10337 = CARTESIAN_POINT('',(265.,245.,0.));
#10338 = VERTEX_POINT('',#10339);
#10339 = CARTESIAN_POINT('',(265.,245.,16.));
#10340 = LINE('',#10341,#10342);
#10341 = CARTESIAN_POINT('',(265.,245.,0.));
#10342 = VECTOR('',#10343,1.);
#10343 = DIRECTION('',(0.,0.,1.));
#10344 = ORIENTED_EDGE('',*,*,#10345,.T.);
#10345 = EDGE_CURVE('',#10336,#10346,#10348,.T.);
#10346 = VERTEX_POINT('',#10347);
#10347 = CARTESIAN_POINT('',(265.,265.,0.));
#10348 = LINE('',#10349,#10350);
#10349 = CARTESIAN_POINT('',(265.,245.,0.));
#10350 = VECTOR('',#10351,1.);
#10351 = DIRECTION('',(0.,1.,0.));
#10352 = ORIENTED_EDGE('',*,*,#10353,.T.);
#10353 = EDGE_CURVE('',#10346,#10354,#10356,.T.);
#10354 = VERTEX_POINT('',#10355);
#10355 = CARTESIAN_POINT('',(265.,265.,16.));
#10356 = LINE('',#10357,#10358);
#10357 = CARTESIAN_POINT('',(265.,265.,0.));
#10358 = VECTOR('',#10359,1.);
#10359 = DIRECTION('',(0.,0.,1.));
#10360 = ORIENTED_EDGE('',*,*,#10361,.F.);
#10361 = EDGE_CURVE('',#10338,#10354,#10362,.T.);
#10362 = LINE('',#10363,#10364);
#10363 = CARTESIAN_POINT('',(265.,245.,16.));
#10364 = VECTOR('',#10365,1.);
#10365 = DIRECTION('',(0.,1.,0.));
#10366 = PLANE('',#10367);
#10367 = AXIS2_PLACEMENT_3D('',#10368,#10369,#10370);
#10368 = CARTESIAN_POINT('',(265.,245.,0.));
#10369 = DIRECTION('',(1.,0.,0.));
#10370 = DIRECTION('',(0.,0.,1.));
#10371 = ADVANCED_FACE('',(#10372),#10388,.F.);
#10372 = FACE_BOUND('',#10373,.F.);
#10373 = EDGE_LOOP('',(#10374,#10380,#10381,#10387));
#10374 = ORIENTED_EDGE('',*,*,#10375,.F.);
#10375 = EDGE_CURVE('',#10296,#10336,#10376,.T.);
#10376 = LINE('',#10377,#10378);
#10377 = CARTESIAN_POINT('',(245.,245.,0.));
#10378 = VECTOR('',#10379,1.);
#10379 = DIRECTION('',(1.,0.,0.));
#10380 = ORIENTED_EDGE('',*,*,#10295,.T.);
#10381 = ORIENTED_EDGE('',*,*,#10382,.T.);
#10382 = EDGE_CURVE('',#10298,#10338,#10383,.T.);
#10383 = LINE('',#10384,#10385);
#10384 = CARTESIAN_POINT('',(245.,245.,16.));
#10385 = VECTOR('',#10386,1.);
#10386 = DIRECTION('',(1.,0.,0.));
#10387 = ORIENTED_EDGE('',*,*,#10335,.F.);
#10388 = PLANE('',#10389);
#10389 = AXIS2_PLACEMENT_3D('',#10390,#10391,#10392);
#10390 = CARTESIAN_POINT('',(245.,245.,0.));
#10391 = DIRECTION('',(0.,1.,0.));
#10392 = DIRECTION('',(0.,0.,1.));
#10393 = ADVANCED_FACE('',(#10394),#10410,.T.);
#10394 = FACE_BOUND('',#10395,.T.);
#10395 = EDGE_LOOP('',(#10396,#10402,#10403,#10409));
#10396 = ORIENTED_EDGE('',*,*,#10397,.F.);
#10397 = EDGE_CURVE('',#10306,#10346,#10398,.T.);
#10398 = LINE('',#10399,#10400);
#10399 = CARTESIAN_POINT('',(245.,265.,0.));
#10400 = VECTOR('',#10401,1.);
#10401 = DIRECTION('',(1.,0.,0.));
#10402 = ORIENTED_EDGE('',*,*,#10313,.T.);
#10403 = ORIENTED_EDGE('',*,*,#10404,.T.);
#10404 = EDGE_CURVE('',#10314,#10354,#10405,.T.);
#10405 = LINE('',#10406,#10407);
#10406 = CARTESIAN_POINT('',(245.,265.,16.));
#10407 = VECTOR('',#10408,1.);
#10408 = DIRECTION('',(1.,0.,0.));
#10409 = ORIENTED_EDGE('',*,*,#10353,.F.);
#10410 = PLANE('',#10411);
#10411 = AXIS2_PLACEMENT_3D('',#10412,#10413,#10414);
#10412 = CARTESIAN_POINT('',(245.,265.,0.));
#10413 = DIRECTION('',(0.,1.,0.));
#10414 = DIRECTION('',(0.,0.,1.));
#10415 = ADVANCED_FACE('',(#10416),#10422,.F.);
#10416 = FACE_BOUND('',#10417,.F.);
#10417 = EDGE_LOOP('',(#10418,#10419,#10420,#10421));
#10418 = ORIENTED_EDGE('',*,*,#10305,.F.);
#10419 = ORIENTED_EDGE('',*,*,#10375,.T.);
#10420 = ORIENTED_EDGE('',*,*,#10345,.T.);
#10421 = ORIENTED_EDGE('',*,*,#10397,.F.);
#10422 = PLANE('',#10423);
#10423 = AXIS2_PLACEMENT_3D('',#10424,#10425,#10426);
#10424 = CARTESIAN_POINT('',(245.,245.,0.));
#10425 = DIRECTION('',(0.,0.,1.));
#10426 = DIRECTION('',(1.,0.,0.));
#10427 = ADVANCED_FACE('',(#10428),#10434,.T.);
#10428 = FACE_BOUND('',#10429,.T.);
#10429 = EDGE_LOOP('',(#10430,#10431,#10432,#10433));
#10430 = ORIENTED_EDGE('',*,*,#10321,.F.);
#10431 = ORIENTED_EDGE('',*,*,#10382,.T.);
#10432 = ORIENTED_EDGE('',*,*,#10361,.T.);
#10433 = ORIENTED_EDGE('',*,*,#10404,.F.);
#10434 = PLANE('',#10435);
#10435 = AXIS2_PLACEMENT_3D('',#10436,#10437,#10438);
#10436 = CARTESIAN_POINT('',(245.,245.,16.));
#10437 = DIRECTION('',(0.,0.,1.));
#10438 = DIRECTION('',(1.,0.,0.));
#10439 = MANIFOLD_SOLID_BREP('',#10440);
#10440 = CLOSED_SHELL('',(#10441,#10481,#10521,#10543,#10565,#10577));
#10441 = ADVANCED_FACE('',(#10442),#10476,.F.);
#10442 = FACE_BOUND('',#10443,.F.);
#10443 = EDGE_LOOP('',(#10444,#10454,#10462,#10470));
#10444 = ORIENTED_EDGE('',*,*,#10445,.F.);
#10445 = EDGE_CURVE('',#10446,#10448,#10450,.T.);
#10446 = VERTEX_POINT('',#10447);
#10447 = CARTESIAN_POINT('',(10.,245.,0.));
#10448 = VERTEX_POINT('',#10449);
#10449 = CARTESIAN_POINT('',(10.,245.,16.));
#10450 = LINE('',#10451,#10452);
#10451 = CARTESIAN_POINT('',(10.,245.,0.));
#10452 = VECTOR('',#10453,1.);
#10453 = DIRECTION('',(0.,0.,1.));
#10454 = ORIENTED_EDGE('',*,*,#10455,.T.);
#10455 = EDGE_CURVE('',#10446,#10456,#10458,.T.);
#10456 = VERTEX_POINT('',#10457);
#10457 = CARTESIAN_POINT('',(10.,265.,0.));
#10458 = LINE('',#10459,#10460);
#10459 = CARTESIAN_POINT('',(10.,245.,0.));
#10460 = VECTOR('',#10461,1.);
#10461 = DIRECTION('',(0.,1.,0.));
#10462 = ORIENTED_EDGE('',*,*,#10463,.T.);
#10463 = EDGE_CURVE('',#10456,#10464,#10466,.T.);
#10464 = VERTEX_POINT('',#10465);
#10465 = CARTESIAN_POINT('',(10.,265.,16.));
#10466 = LINE('',#10467,#10468);
#10467 = CARTESIAN_POINT('',(10.,265.,0.));
#10468 = VECTOR('',#10469,1.);
#10469 = DIRECTION('',(0.,0.,1.));
#10470 = ORIENTED_EDGE('',*,*,#10471,.F.);
#10471 = EDGE_CURVE('',#10448,#10464,#10472,.T.);
#10472 = LINE('',#10473,#10474);
#10473 = CARTESIAN_POINT('',(10.,245.,16.));
#10474 = VECTOR('',#10475,1.);
#10475 = DIRECTION('',(0.,1.,0.));
#10476 = PLANE('',#10477);
#10477 = AXIS2_PLACEMENT_3D('',#10478,#10479,#10480);
#10478 = CARTESIAN_POINT('',(10.,245.,0.));
#10479 = DIRECTION('',(1.,0.,0.));
#10480 = DIRECTION('',(0.,0.,1.));
#10481 = ADVANCED_FACE('',(#10482),#10516,.T.);
#10482 = FACE_BOUND('',#10483,.T.);
#10483 = EDGE_LOOP('',(#10484,#10494,#10502,#10510));
#10484 = ORIENTED_EDGE('',*,*,#10485,.F.);
#10485 = EDGE_CURVE('',#10486,#10488,#10490,.T.);
#10486 = VERTEX_POINT('',#10487);
#10487 = CARTESIAN_POINT('',(30.,245.,0.));
#10488 = VERTEX_POINT('',#10489);
#10489 = CARTESIAN_POINT('',(30.,245.,16.));
#10490 = LINE('',#10491,#10492);
#10491 = CARTESIAN_POINT('',(30.,245.,0.));
#10492 = VECTOR('',#10493,1.);
#10493 = DIRECTION('',(0.,0.,1.));
#10494 = ORIENTED_EDGE('',*,*,#10495,.T.);
#10495 = EDGE_CURVE('',#10486,#10496,#10498,.T.);
#10496 = VERTEX_POINT('',#10497);
#10497 = CARTESIAN_POINT('',(30.,265.,0.));
#10498 = LINE('',#10499,#10500);
#10499 = CARTESIAN_POINT('',(30.,245.,0.));
#10500 = VECTOR('',#10501,1.);
#10501 = DIRECTION('',(0.,1.,0.));
#10502 = ORIENTED_EDGE('',*,*,#10503,.T.);
#10503 = EDGE_CURVE('',#10496,#10504,#10506,.T.);
#10504 = VERTEX_POINT('',#10505);
#10505 = CARTESIAN_POINT('',(30.,265.,16.));
#10506 = LINE('',#10507,#10508);
#10507 = CARTESIAN_POINT('',(30.,265.,0.));
#10508 = VECTOR('',#10509,1.);
#10509 = DIRECTION('',(0.,0.,1.));
#10510 = ORIENTED_EDGE('',*,*,#10511,.F.);
#10511 = EDGE_CURVE('',#10488,#10504,#10512,.T.);
#10512 = LINE('',#10513,#10514);
#10513 = CARTESIAN_POINT('',(30.,245.,16.));
#10514 = VECTOR('',#10515,1.);
#10515 = DIRECTION('',(0.,1.,0.));
#10516 = PLANE('',#10517);
#10517 = AXIS2_PLACEMENT_3D('',#10518,#10519,#10520);
#10518 = CARTESIAN_POINT('',(30.,245.,0.));
#10519 = DIRECTION('',(1.,0.,0.));
#10520 = DIRECTION('',(0.,0.,1.));
#10521 = ADVANCED_FACE('',(#10522),#10538,.F.);
#10522 = FACE_BOUND('',#10523,.F.);
#10523 = EDGE_LOOP('',(#10524,#10530,#10531,#10537));
#10524 = ORIENTED_EDGE('',*,*,#10525,.F.);
#10525 = EDGE_CURVE('',#10446,#10486,#10526,.T.);
#10526 = LINE('',#10527,#10528);
#10527 = CARTESIAN_POINT('',(10.,245.,0.));
#10528 = VECTOR('',#10529,1.);
#10529 = DIRECTION('',(1.,0.,0.));
#10530 = ORIENTED_EDGE('',*,*,#10445,.T.);
#10531 = ORIENTED_EDGE('',*,*,#10532,.T.);
#10532 = EDGE_CURVE('',#10448,#10488,#10533,.T.);
#10533 = LINE('',#10534,#10535);
#10534 = CARTESIAN_POINT('',(10.,245.,16.));
#10535 = VECTOR('',#10536,1.);
#10536 = DIRECTION('',(1.,0.,0.));
#10537 = ORIENTED_EDGE('',*,*,#10485,.F.);
#10538 = PLANE('',#10539);
#10539 = AXIS2_PLACEMENT_3D('',#10540,#10541,#10542);
#10540 = CARTESIAN_POINT('',(10.,245.,0.));
#10541 = DIRECTION('',(0.,1.,0.));
#10542 = DIRECTION('',(0.,0.,1.));
#10543 = ADVANCED_FACE('',(#10544),#10560,.T.);
#10544 = FACE_BOUND('',#10545,.T.);
#10545 = EDGE_LOOP('',(#10546,#10552,#10553,#10559));
#10546 = ORIENTED_EDGE('',*,*,#10547,.F.);
#10547 = EDGE_CURVE('',#10456,#10496,#10548,.T.);
#10548 = LINE('',#10549,#10550);
#10549 = CARTESIAN_POINT('',(10.,265.,0.));
#10550 = VECTOR('',#10551,1.);
#10551 = DIRECTION('',(1.,0.,0.));
#10552 = ORIENTED_EDGE('',*,*,#10463,.T.);
#10553 = ORIENTED_EDGE('',*,*,#10554,.T.);
#10554 = EDGE_CURVE('',#10464,#10504,#10555,.T.);
#10555 = LINE('',#10556,#10557);
#10556 = CARTESIAN_POINT('',(10.,265.,16.));
#10557 = VECTOR('',#10558,1.);
#10558 = DIRECTION('',(1.,0.,0.));
#10559 = ORIENTED_EDGE('',*,*,#10503,.F.);
#10560 = PLANE('',#10561);
#10561 = AXIS2_PLACEMENT_3D('',#10562,#10563,#10564);
#10562 = CARTESIAN_POINT('',(10.,265.,0.));
#10563 = DIRECTION('',(0.,1.,0.));
#10564 = DIRECTION('',(0.,0.,1.));
#10565 = ADVANCED_FACE('',(#10566),#10572,.F.);
#10566 = FACE_BOUND('',#10567,.F.);
#10567 = EDGE_LOOP('',(#10568,#10569,#10570,#10571));
#10568 = ORIENTED_EDGE('',*,*,#10455,.F.);
#10569 = ORIENTED_EDGE('',*,*,#10525,.T.);
#10570 = ORIENTED_EDGE('',*,*,#10495,.T.);
#10571 = ORIENTED_EDGE('',*,*,#10547,.F.);
#10572 = PLANE('',#10573);
#10573 = AXIS2_PLACEMENT_3D('',#10574,#10575,#10576);
#10574 = CARTESIAN_POINT('',(10.,245.,0.));
#10575 = DIRECTION('',(0.,0.,1.));
#10576 = DIRECTION('',(1.,0.,0.));
#10577 = ADVANCED_FACE('',(#10578),#10584,.T.);
#10578 = FACE_BOUND('',#10579,.T.);
#10579 = EDGE_LOOP('',(#10580,#10581,#10582,#10583));
#10580 = ORIENTED_EDGE('',*,*,#10471,.F.);
#10581 = ORIENTED_EDGE('',*,*,#10532,.T.);
#10582 = ORIENTED_EDGE('',*,*,#10511,.T.);
#10583 = ORIENTED_EDGE('',*,*,#10554,.F.);
#10584 = PLANE('',#10585);
#10585 = AXIS2_PLACEMENT_3D('',#10586,#10587,#10588);
#10586 = CARTESIAN_POINT('',(10.,245.,16.));
#10587 = DIRECTION('',(0.,0.,1.));
#10588 = DIRECTION('',(1.,0.,0.));
#10589 = MANIFOLD_SOLID_BREP('',#10590);
#10590 = CLOSED_SHELL('',(#10591,#10631,#10671,#10693,#10715,#10727));
#10591 = ADVANCED_FACE('',(#10592),#10626,.F.);
#10592 = FACE_BOUND('',#10593,.F.);
#10593 = EDGE_LOOP('',(#10594,#10604,#10612,#10620));
#10594 = ORIENTED_EDGE('',*,*,#10595,.F.);
#10595 = EDGE_CURVE('',#10596,#10598,#10600,.T.);
#10596 = VERTEX_POINT('',#10597);
#10597 = CARTESIAN_POINT('',(10.,10.,16.));
#10598 = VERTEX_POINT('',#10599);
#10599 = CARTESIAN_POINT('',(10.,10.,86.));
#10600 = LINE('',#10601,#10602);
#10601 = CARTESIAN_POINT('',(10.,10.,16.));
#10602 = VECTOR('',#10603,1.);
#10603 = DIRECTION('',(0.,0.,1.));
#10604 = ORIENTED_EDGE('',*,*,#10605,.T.);
#10605 = EDGE_CURVE('',#10596,#10606,#10608,.T.);
#10606 = VERTEX_POINT('',#10607);
#10607 = CARTESIAN_POINT('',(10.,18.,16.));
#10608 = LINE('',#10609,#10610);
#10609 = CARTESIAN_POINT('',(10.,10.,16.));
#10610 = VECTOR('',#10611,1.);
#10611 = DIRECTION('',(0.,1.,0.));
#10612 = ORIENTED_EDGE('',*,*,#10613,.T.);
#10613 = EDGE_CURVE('',#10606,#10614,#10616,.T.);
#10614 = VERTEX_POINT('',#10615);
#10615 = CARTESIAN_POINT('',(10.,18.,86.));
#10616 = LINE('',#10617,#10618);
#10617 = CARTESIAN_POINT('',(10.,18.,16.));
#10618 = VECTOR('',#10619,1.);
#10619 = DIRECTION('',(0.,0.,1.));
#10620 = ORIENTED_EDGE('',*,*,#10621,.F.);
#10621 = EDGE_CURVE('',#10598,#10614,#10622,.T.);
#10622 = LINE('',#10623,#10624);
#10623 = CARTESIAN_POINT('',(10.,10.,86.));
#10624 = VECTOR('',#10625,1.);
#10625 = DIRECTION('',(0.,1.,0.));
#10626 = PLANE('',#10627);
#10627 = AXIS2_PLACEMENT_3D('',#10628,#10629,#10630);
#10628 = CARTESIAN_POINT('',(10.,10.,16.));
#10629 = DIRECTION('',(1.,0.,0.));
#10630 = DIRECTION('',(0.,0.,1.));
#10631 = ADVANCED_FACE('',(#10632),#10666,.T.);
#10632 = FACE_BOUND('',#10633,.T.);
#10633 = EDGE_LOOP('',(#10634,#10644,#10652,#10660));
#10634 = ORIENTED_EDGE('',*,*,#10635,.F.);
#10635 = EDGE_CURVE('',#10636,#10638,#10640,.T.);
#10636 = VERTEX_POINT('',#10637);
#10637 = CARTESIAN_POINT('',(18.,10.,16.));
#10638 = VERTEX_POINT('',#10639);
#10639 = CARTESIAN_POINT('',(18.,10.,86.));
#10640 = LINE('',#10641,#10642);
#10641 = CARTESIAN_POINT('',(18.,10.,16.));
#10642 = VECTOR('',#10643,1.);
#10643 = DIRECTION('',(0.,0.,1.));
#10644 = ORIENTED_EDGE('',*,*,#10645,.T.);
#10645 = EDGE_CURVE('',#10636,#10646,#10648,.T.);
#10646 = VERTEX_POINT('',#10647);
#10647 = CARTESIAN_POINT('',(18.,18.,16.));
#10648 = LINE('',#10649,#10650);
#10649 = CARTESIAN_POINT('',(18.,10.,16.));
#10650 = VECTOR('',#10651,1.);
#10651 = DIRECTION('',(0.,1.,0.));
#10652 = ORIENTED_EDGE('',*,*,#10653,.T.);
#10653 = EDGE_CURVE('',#10646,#10654,#10656,.T.);
#10654 = VERTEX_POINT('',#10655);
#10655 = CARTESIAN_POINT('',(18.,18.,86.));
#10656 = LINE('',#10657,#10658);
#10657 = CARTESIAN_POINT('',(18.,18.,16.));
#10658 = VECTOR('',#10659,1.);
#10659 = DIRECTION('',(0.,0.,1.));
#10660 = ORIENTED_EDGE('',*,*,#10661,.F.);
#10661 = EDGE_CURVE('',#10638,#10654,#10662,.T.);
#10662 = LINE('',#10663,#10664);
#10663 = CARTESIAN_POINT('',(18.,10.,86.));
#10664 = VECTOR('',#10665,1.);
#10665 = DIRECTION('',(0.,1.,0.));
#10666 = PLANE('',#10667);
#10667 = AXIS2_PLACEMENT_3D('',#10668,#10669,#10670);
#10668 = CARTESIAN_POINT('',(18.,10.,16.));
#10669 = DIRECTION('',(1.,0.,0.));
#10670 = DIRECTION('',(0.,0.,1.));
#10671 = ADVANCED_FACE('',(#10672),#10688,.F.);
#10672 = FACE_BOUND('',#10673,.F.);
#10673 = EDGE_LOOP('',(#10674,#10680,#10681,#10687));
#10674 = ORIENTED_EDGE('',*,*,#10675,.F.);
#10675 = EDGE_CURVE('',#10596,#10636,#10676,.T.);
#10676 = LINE('',#10677,#10678);
#10677 = CARTESIAN_POINT('',(10.,10.,16.));
#10678 = VECTOR('',#10679,1.);
#10679 = DIRECTION('',(1.,0.,0.));
#10680 = ORIENTED_EDGE('',*,*,#10595,.T.);
#10681 = ORIENTED_EDGE('',*,*,#10682,.T.);
#10682 = EDGE_CURVE('',#10598,#10638,#10683,.T.);
#10683 = LINE('',#10684,#10685);
#10684 = CARTESIAN_POINT('',(10.,10.,86.));
#10685 = VECTOR('',#10686,1.);
#10686 = DIRECTION('',(1.,0.,0.));
#10687 = ORIENTED_EDGE('',*,*,#10635,.F.);
#10688 = PLANE('',#10689);
#10689 = AXIS2_PLACEMENT_3D('',#10690,#10691,#10692);
#10690 = CARTESIAN_POINT('',(10.,10.,16.));
#10691 = DIRECTION('',(0.,1.,0.));
#10692 = DIRECTION('',(0.,0.,1.));
#10693 = ADVANCED_FACE('',(#10694),#10710,.T.);
#10694 = FACE_BOUND('',#10695,.T.);
#10695 = EDGE_LOOP('',(#10696,#10702,#10703,#10709));
#10696 = ORIENTED_EDGE('',*,*,#10697,.F.);
#10697 = EDGE_CURVE('',#10606,#10646,#10698,.T.);
#10698 = LINE('',#10699,#10700);
#10699 = CARTESIAN_POINT('',(10.,18.,16.));
#10700 = VECTOR('',#10701,1.);
#10701 = DIRECTION('',(1.,0.,0.));
#10702 = ORIENTED_EDGE('',*,*,#10613,.T.);
#10703 = ORIENTED_EDGE('',*,*,#10704,.T.);
#10704 = EDGE_CURVE('',#10614,#10654,#10705,.T.);
#10705 = LINE('',#10706,#10707);
#10706 = CARTESIAN_POINT('',(10.,18.,86.));
#10707 = VECTOR('',#10708,1.);
#10708 = DIRECTION('',(1.,0.,0.));
#10709 = ORIENTED_EDGE('',*,*,#10653,.F.);
#10710 = PLANE('',#10711);
#10711 = AXIS2_PLACEMENT_3D('',#10712,#10713,#10714);
#10712 = CARTESIAN_POINT('',(10.,18.,16.));
#10713 = DIRECTION('',(0.,1.,0.));
#10714 = DIRECTION('',(0.,0.,1.));
#10715 = ADVANCED_FACE('',(#10716),#10722,.F.);
#10716 = FACE_BOUND('',#10717,.F.);
#10717 = EDGE_LOOP('',(#10718,#10719,#10720,#10721));
#10718 = ORIENTED_EDGE('',*,*,#10605,.F.);
#10719 = ORIENTED_EDGE('',*,*,#10675,.T.);
#10720 = ORIENTED_EDGE('',*,*,#10645,.T.);
#10721 = ORIENTED_EDGE('',*,*,#10697,.F.);
#10722 = PLANE('',#10723);
#10723 = AXIS2_PLACEMENT_3D('',#10724,#10725,#10726);
#10724 = CARTESIAN_POINT('',(10.,10.,16.));
#10725 = DIRECTION('',(0.,0.,1.));
#10726 = DIRECTION('',(1.,0.,0.));
#10727 = ADVANCED_FACE('',(#10728),#10734,.T.);
#10728 = FACE_BOUND('',#10729,.T.);
#10729 = EDGE_LOOP('',(#10730,#10731,#10732,#10733));
#10730 = ORIENTED_EDGE('',*,*,#10621,.F.);
#10731 = ORIENTED_EDGE('',*,*,#10682,.T.);
#10732 = ORIENTED_EDGE('',*,*,#10661,.T.);
#10733 = ORIENTED_EDGE('',*,*,#10704,.F.);
#10734 = PLANE('',#10735);
#10735 = AXIS2_PLACEMENT_3D('',#10736,#10737,#10738);
#10736 = CARTESIAN_POINT('',(10.,10.,86.));
#10737 = DIRECTION('',(0.,0.,1.));
#10738 = DIRECTION('',(1.,0.,0.));
#10739 = MANIFOLD_SOLID_BREP('',#10740);
#10740 = CLOSED_SHELL('',(#10741,#10781,#10821,#10843,#10865,#10877));
#10741 = ADVANCED_FACE('',(#10742),#10776,.F.);
#10742 = FACE_BOUND('',#10743,.F.);
#10743 = EDGE_LOOP('',(#10744,#10754,#10762,#10770));
#10744 = ORIENTED_EDGE('',*,*,#10745,.F.);
#10745 = EDGE_CURVE('',#10746,#10748,#10750,.T.);
#10746 = VERTEX_POINT('',#10747);
#10747 = CARTESIAN_POINT('',(257.,10.,16.));
#10748 = VERTEX_POINT('',#10749);
#10749 = CARTESIAN_POINT('',(257.,10.,86.));
#10750 = LINE('',#10751,#10752);
#10751 = CARTESIAN_POINT('',(257.,10.,16.));
#10752 = VECTOR('',#10753,1.);
#10753 = DIRECTION('',(0.,0.,1.));
#10754 = ORIENTED_EDGE('',*,*,#10755,.T.);
#10755 = EDGE_CURVE('',#10746,#10756,#10758,.T.);
#10756 = VERTEX_POINT('',#10757);
#10757 = CARTESIAN_POINT('',(257.,18.,16.));
#10758 = LINE('',#10759,#10760);
#10759 = CARTESIAN_POINT('',(257.,10.,16.));
#10760 = VECTOR('',#10761,1.);
#10761 = DIRECTION('',(0.,1.,0.));
#10762 = ORIENTED_EDGE('',*,*,#10763,.T.);
#10763 = EDGE_CURVE('',#10756,#10764,#10766,.T.);
#10764 = VERTEX_POINT('',#10765);
#10765 = CARTESIAN_POINT('',(257.,18.,86.));
#10766 = LINE('',#10767,#10768);
#10767 = CARTESIAN_POINT('',(257.,18.,16.));
#10768 = VECTOR('',#10769,1.);
#10769 = DIRECTION('',(0.,0.,1.));
#10770 = ORIENTED_EDGE('',*,*,#10771,.F.);
#10771 = EDGE_CURVE('',#10748,#10764,#10772,.T.);
#10772 = LINE('',#10773,#10774);
#10773 = CARTESIAN_POINT('',(257.,10.,86.));
#10774 = VECTOR('',#10775,1.);
#10775 = DIRECTION('',(0.,1.,0.));
#10776 = PLANE('',#10777);
#10777 = AXIS2_PLACEMENT_3D('',#10778,#10779,#10780);
#10778 = CARTESIAN_POINT('',(257.,10.,16.));
#10779 = DIRECTION('',(1.,0.,0.));
#10780 = DIRECTION('',(0.,0.,1.));
#10781 = ADVANCED_FACE('',(#10782),#10816,.T.);
#10782 = FACE_BOUND('',#10783,.T.);
#10783 = EDGE_LOOP('',(#10784,#10794,#10802,#10810));
#10784 = ORIENTED_EDGE('',*,*,#10785,.F.);
#10785 = EDGE_CURVE('',#10786,#10788,#10790,.T.);
#10786 = VERTEX_POINT('',#10787);
#10787 = CARTESIAN_POINT('',(265.,10.,16.));
#10788 = VERTEX_POINT('',#10789);
#10789 = CARTESIAN_POINT('',(265.,10.,86.));
#10790 = LINE('',#10791,#10792);
#10791 = CARTESIAN_POINT('',(265.,10.,16.));
#10792 = VECTOR('',#10793,1.);
#10793 = DIRECTION('',(0.,0.,1.));
#10794 = ORIENTED_EDGE('',*,*,#10795,.T.);
#10795 = EDGE_CURVE('',#10786,#10796,#10798,.T.);
#10796 = VERTEX_POINT('',#10797);
#10797 = CARTESIAN_POINT('',(265.,18.,16.));
#10798 = LINE('',#10799,#10800);
#10799 = CARTESIAN_POINT('',(265.,10.,16.));
#10800 = VECTOR('',#10801,1.);
#10801 = DIRECTION('',(0.,1.,0.));
#10802 = ORIENTED_EDGE('',*,*,#10803,.T.);
#10803 = EDGE_CURVE('',#10796,#10804,#10806,.T.);
#10804 = VERTEX_POINT('',#10805);
#10805 = CARTESIAN_POINT('',(265.,18.,86.));
#10806 = LINE('',#10807,#10808);
#10807 = CARTESIAN_POINT('',(265.,18.,16.));
#10808 = VECTOR('',#10809,1.);
#10809 = DIRECTION('',(0.,0.,1.));
#10810 = ORIENTED_EDGE('',*,*,#10811,.F.);
#10811 = EDGE_CURVE('',#10788,#10804,#10812,.T.);
#10812 = LINE('',#10813,#10814);
#10813 = CARTESIAN_POINT('',(265.,10.,86.));
#10814 = VECTOR('',#10815,1.);
#10815 = DIRECTION('',(0.,1.,0.));
#10816 = PLANE('',#10817);
#10817 = AXIS2_PLACEMENT_3D('',#10818,#10819,#10820);
#10818 = CARTESIAN_POINT('',(265.,10.,16.));
#10819 = DIRECTION('',(1.,0.,0.));
#10820 = DIRECTION('',(0.,0.,1.));
#10821 = ADVANCED_FACE('',(#10822),#10838,.F.);
#10822 = FACE_BOUND('',#10823,.F.);
#10823 = EDGE_LOOP('',(#10824,#10830,#10831,#10837));
#10824 = ORIENTED_EDGE('',*,*,#10825,.F.);
#10825 = EDGE_CURVE('',#10746,#10786,#10826,.T.);
#10826 = LINE('',#10827,#10828);
#10827 = CARTESIAN_POINT('',(257.,10.,16.));
#10828 = VECTOR('',#10829,1.);
#10829 = DIRECTION('',(1.,0.,0.));
#10830 = ORIENTED_EDGE('',*,*,#10745,.T.);
#10831 = ORIENTED_EDGE('',*,*,#10832,.T.);
#10832 = EDGE_CURVE('',#10748,#10788,#10833,.T.);
#10833 = LINE('',#10834,#10835);
#10834 = CARTESIAN_POINT('',(257.,10.,86.));
#10835 = VECTOR('',#10836,1.);
#10836 = DIRECTION('',(1.,0.,0.));
#10837 = ORIENTED_EDGE('',*,*,#10785,.F.);
#10838 = PLANE('',#10839);
#10839 = AXIS2_PLACEMENT_3D('',#10840,#10841,#10842);
#10840 = CARTESIAN_POINT('',(257.,10.,16.));
#10841 = DIRECTION('',(0.,1.,0.));
#10842 = DIRECTION('',(0.,0.,1.));
#10843 = ADVANCED_FACE('',(#10844),#10860,.T.);
#10844 = FACE_BOUND('',#10845,.T.);
#10845 = EDGE_LOOP('',(#10846,#10852,#10853,#10859));
#10846 = ORIENTED_EDGE('',*,*,#10847,.F.);
#10847 = EDGE_CURVE('',#10756,#10796,#10848,.T.);
#10848 = LINE('',#10849,#10850);
#10849 = CARTESIAN_POINT('',(257.,18.,16.));
#10850 = VECTOR('',#10851,1.);
#10851 = DIRECTION('',(1.,0.,0.));
#10852 = ORIENTED_EDGE('',*,*,#10763,.T.);
#10853 = ORIENTED_EDGE('',*,*,#10854,.T.);
#10854 = EDGE_CURVE('',#10764,#10804,#10855,.T.);
#10855 = LINE('',#10856,#10857);
#10856 = CARTESIAN_POINT('',(257.,18.,86.));
#10857 = VECTOR('',#10858,1.);
#10858 = DIRECTION('',(1.,0.,0.));
#10859 = ORIENTED_EDGE('',*,*,#10803,.F.);
#10860 = PLANE('',#10861);
#10861 = AXIS2_PLACEMENT_3D('',#10862,#10863,#10864);
#10862 = CARTESIAN_POINT('',(257.,18.,16.));
#10863 = DIRECTION('',(0.,1.,0.));
#10864 = DIRECTION('',(0.,0.,1.));
#10865 = ADVANCED_FACE('',(#10866),#10872,.F.);
#10866 = FACE_BOUND('',#10867,.F.);
#10867 = EDGE_LOOP('',(#10868,#10869,#10870,#10871));
#10868 = ORIENTED_EDGE('',*,*,#10755,.F.);
#10869 = ORIENTED_EDGE('',*,*,#10825,.T.);
#10870 = ORIENTED_EDGE('',*,*,#10795,.T.);
#10871 = ORIENTED_EDGE('',*,*,#10847,.F.);
#10872 = PLANE('',#10873);
#10873 = AXIS2_PLACEMENT_3D('',#10874,#10875,#10876);
#10874 = CARTESIAN_POINT('',(257.,10.,16.));
#10875 = DIRECTION('',(0.,0.,1.));
#10876 = DIRECTION('',(1.,0.,0.));
#10877 = ADVANCED_FACE('',(#10878),#10884,.T.);
#10878 = FACE_BOUND('',#10879,.T.);
#10879 = EDGE_LOOP('',(#10880,#10881,#10882,#10883));
#10880 = ORIENTED_EDGE('',*,*,#10771,.F.);
#10881 = ORIENTED_EDGE('',*,*,#10832,.T.);
#10882 = ORIENTED_EDGE('',*,*,#10811,.T.);
#10883 = ORIENTED_EDGE('',*,*,#10854,.F.);
#10884 = PLANE('',#10885);
#10885 = AXIS2_PLACEMENT_3D('',#10886,#10887,#10888);
#10886 = CARTESIAN_POINT('',(257.,10.,86.));
#10887 = DIRECTION('',(0.,0.,1.));
#10888 = DIRECTION('',(1.,0.,0.));
#10889 = MANIFOLD_SOLID_BREP('',#10890);
#10890 = CLOSED_SHELL('',(#10891,#10931,#10971,#10993,#11015,#11027));
#10891 = ADVANCED_FACE('',(#10892),#10926,.F.);
#10892 = FACE_BOUND('',#10893,.F.);
#10893 = EDGE_LOOP('',(#10894,#10904,#10912,#10920));
#10894 = ORIENTED_EDGE('',*,*,#10895,.F.);
#10895 = EDGE_CURVE('',#10896,#10898,#10900,.T.);
#10896 = VERTEX_POINT('',#10897);
#10897 = CARTESIAN_POINT('',(10.,257.,16.));
#10898 = VERTEX_POINT('',#10899);
#10899 = CARTESIAN_POINT('',(10.,257.,86.));
#10900 = LINE('',#10901,#10902);
#10901 = CARTESIAN_POINT('',(10.,257.,16.));
#10902 = VECTOR('',#10903,1.);
#10903 = DIRECTION('',(0.,0.,1.));
#10904 = ORIENTED_EDGE('',*,*,#10905,.T.);
#10905 = EDGE_CURVE('',#10896,#10906,#10908,.T.);
#10906 = VERTEX_POINT('',#10907);
#10907 = CARTESIAN_POINT('',(10.,265.,16.));
#10908 = LINE('',#10909,#10910);
#10909 = CARTESIAN_POINT('',(10.,257.,16.));
#10910 = VECTOR('',#10911,1.);
#10911 = DIRECTION('',(0.,1.,0.));
#10912 = ORIENTED_EDGE('',*,*,#10913,.T.);
#10913 = EDGE_CURVE('',#10906,#10914,#10916,.T.);
#10914 = VERTEX_POINT('',#10915);
#10915 = CARTESIAN_POINT('',(10.,265.,86.));
#10916 = LINE('',#10917,#10918);
#10917 = CARTESIAN_POINT('',(10.,265.,16.));
#10918 = VECTOR('',#10919,1.);
#10919 = DIRECTION('',(0.,0.,1.));
#10920 = ORIENTED_EDGE('',*,*,#10921,.F.);
#10921 = EDGE_CURVE('',#10898,#10914,#10922,.T.);
#10922 = LINE('',#10923,#10924);
#10923 = CARTESIAN_POINT('',(10.,257.,86.));
#10924 = VECTOR('',#10925,1.);
#10925 = DIRECTION('',(0.,1.,0.));
#10926 = PLANE('',#10927);
#10927 = AXIS2_PLACEMENT_3D('',#10928,#10929,#10930);
#10928 = CARTESIAN_POINT('',(10.,257.,16.));
#10929 = DIRECTION('',(1.,0.,0.));
#10930 = DIRECTION('',(0.,0.,1.));
#10931 = ADVANCED_FACE('',(#10932),#10966,.T.);
#10932 = FACE_BOUND('',#10933,.T.);
#10933 = EDGE_LOOP('',(#10934,#10944,#10952,#10960));
#10934 = ORIENTED_EDGE('',*,*,#10935,.F.);
#10935 = EDGE_CURVE('',#10936,#10938,#10940,.T.);
#10936 = VERTEX_POINT('',#10937);
#10937 = CARTESIAN_POINT('',(18.,257.,16.));
#10938 = VERTEX_POINT('',#10939);
#10939 = CARTESIAN_POINT('',(18.,257.,86.));
#10940 = LINE('',#10941,#10942);
#10941 = CARTESIAN_POINT('',(18.,257.,16.));
#10942 = VECTOR('',#10943,1.);
#10943 = DIRECTION('',(0.,0.,1.));
#10944 = ORIENTED_EDGE('',*,*,#10945,.T.);
#10945 = EDGE_CURVE('',#10936,#10946,#10948,.T.);
#10946 = VERTEX_POINT('',#10947);
#10947 = CARTESIAN_POINT('',(18.,265.,16.));
#10948 = LINE('',#10949,#10950);
#10949 = CARTESIAN_POINT('',(18.,257.,16.));
#10950 = VECTOR('',#10951,1.);
#10951 = DIRECTION('',(0.,1.,0.));
#10952 = ORIENTED_EDGE('',*,*,#10953,.T.);
#10953 = EDGE_CURVE('',#10946,#10954,#10956,.T.);
#10954 = VERTEX_POINT('',#10955);
#10955 = CARTESIAN_POINT('',(18.,265.,86.));
#10956 = LINE('',#10957,#10958);
#10957 = CARTESIAN_POINT('',(18.,265.,16.));
#10958 = VECTOR('',#10959,1.);
#10959 = DIRECTION('',(0.,0.,1.));
#10960 = ORIENTED_EDGE('',*,*,#10961,.F.);
#10961 = EDGE_CURVE('',#10938,#10954,#10962,.T.);
#10962 = LINE('',#10963,#10964);
#10963 = CARTESIAN_POINT('',(18.,257.,86.));
#10964 = VECTOR('',#10965,1.);
#10965 = DIRECTION('',(0.,1.,0.));
#10966 = PLANE('',#10967);
#10967 = AXIS2_PLACEMENT_3D('',#10968,#10969,#10970);
#10968 = CARTESIAN_POINT('',(18.,257.,16.));
#10969 = DIRECTION('',(1.,0.,0.));
#10970 = DIRECTION('',(0.,0.,1.));
#10971 = ADVANCED_FACE('',(#10972),#10988,.F.);
#10972 = FACE_BOUND('',#10973,.F.);
#10973 = EDGE_LOOP('',(#10974,#10980,#10981,#10987));
#10974 = ORIENTED_EDGE('',*,*,#10975,.F.);
#10975 = EDGE_CURVE('',#10896,#10936,#10976,.T.);
#10976 = LINE('',#10977,#10978);
#10977 = CARTESIAN_POINT('',(10.,257.,16.));
#10978 = VECTOR('',#10979,1.);
#10979 = DIRECTION('',(1.,0.,0.));
#10980 = ORIENTED_EDGE('',*,*,#10895,.T.);
#10981 = ORIENTED_EDGE('',*,*,#10982,.T.);
#10982 = EDGE_CURVE('',#10898,#10938,#10983,.T.);
#10983 = LINE('',#10984,#10985);
#10984 = CARTESIAN_POINT('',(10.,257.,86.));
#10985 = VECTOR('',#10986,1.);
#10986 = DIRECTION('',(1.,0.,0.));
#10987 = ORIENTED_EDGE('',*,*,#10935,.F.);
#10988 = PLANE('',#10989);
#10989 = AXIS2_PLACEMENT_3D('',#10990,#10991,#10992);
#10990 = CARTESIAN_POINT('',(10.,257.,16.));
#10991 = DIRECTION('',(0.,1.,0.));
#10992 = DIRECTION('',(0.,0.,1.));
#10993 = ADVANCED_FACE('',(#10994),#11010,.T.);
#10994 = FACE_BOUND('',#10995,.T.);
#10995 = EDGE_LOOP('',(#10996,#11002,#11003,#11009));
#10996 = ORIENTED_EDGE('',*,*,#10997,.F.);
#10997 = EDGE_CURVE('',#10906,#10946,#10998,.T.);
#10998 = LINE('',#10999,#11000);
#10999 = CARTESIAN_POINT('',(10.,265.,16.));
#11000 = VECTOR('',#11001,1.);
#11001 = DIRECTION('',(1.,0.,0.));
#11002 = ORIENTED_EDGE('',*,*,#10913,.T.);
#11003 = ORIENTED_EDGE('',*,*,#11004,.T.);
#11004 = EDGE_CURVE('',#10914,#10954,#11005,.T.);
#11005 = LINE('',#11006,#11007);
#11006 = CARTESIAN_POINT('',(10.,265.,86.));
#11007 = VECTOR('',#11008,1.);
#11008 = DIRECTION('',(1.,0.,0.));
#11009 = ORIENTED_EDGE('',*,*,#10953,.F.);
#11010 = PLANE('',#11011);
#11011 = AXIS2_PLACEMENT_3D('',#11012,#11013,#11014);
#11012 = CARTESIAN_POINT('',(10.,265.,16.));
#11013 = DIRECTION('',(0.,1.,0.));
#11014 = DIRECTION('',(0.,0.,1.));
#11015 = ADVANCED_FACE('',(#11016),#11022,.F.);
#11016 = FACE_BOUND('',#11017,.F.);
#11017 = EDGE_LOOP('',(#11018,#11019,#11020,#11021));
#11018 = ORIENTED_EDGE('',*,*,#10905,.F.);
#11019 = ORIENTED_EDGE('',*,*,#10975,.T.);
#11020 = ORIENTED_EDGE('',*,*,#10945,.T.);
#11021 = ORIENTED_EDGE('',*,*,#10997,.F.);
#11022 = PLANE('',#11023);
#11023 = AXIS2_PLACEMENT_3D('',#11024,#11025,#11026);
#11024 = CARTESIAN_POINT('',(10.,257.,16.));
#11025 = DIRECTION('',(0.,0.,1.));
#11026 = DIRECTION('',(1.,0.,0.));
#11027 = ADVANCED_FACE('',(#11028),#11034,.T.);
#11028 = FACE_BOUND('',#11029,.T.);
#11029 = EDGE_LOOP('',(#11030,#11031,#11032,#11033));
#11030 = ORIENTED_EDGE('',*,*,#10921,.F.);
#11031 = ORIENTED_EDGE('',*,*,#10982,.T.);
#11032 = ORIENTED_EDGE('',*,*,#10961,.T.);
#11033 = ORIENTED_EDGE('',*,*,#11004,.F.);
#11034 = PLANE('',#11035);
#11035 = AXIS2_PLACEMENT_3D('',#11036,#11037,#11038);
#11036 = CARTESIAN_POINT('',(10.,257.,86.));
#11037 = DIRECTION('',(0.,0.,1.));
#11038 = DIRECTION('',(1.,0.,0.));
#11039 = MANIFOLD_SOLID_BREP('',#11040);
#11040 = CLOSED_SHELL('',(#11041,#11081,#11121,#11143,#11165,#11177));
#11041 = ADVANCED_FACE('',(#11042),#11076,.F.);
#11042 = FACE_BOUND('',#11043,.F.);
#11043 = EDGE_LOOP('',(#11044,#11054,#11062,#11070));
#11044 = ORIENTED_EDGE('',*,*,#11045,.F.);
#11045 = EDGE_CURVE('',#11046,#11048,#11050,.T.);
#11046 = VERTEX_POINT('',#11047);
#11047 = CARTESIAN_POINT('',(257.,257.,16.));
#11048 = VERTEX_POINT('',#11049);
#11049 = CARTESIAN_POINT('',(257.,257.,86.));
#11050 = LINE('',#11051,#11052);
#11051 = CARTESIAN_POINT('',(257.,257.,16.));
#11052 = VECTOR('',#11053,1.);
#11053 = DIRECTION('',(0.,0.,1.));
#11054 = ORIENTED_EDGE('',*,*,#11055,.T.);
#11055 = EDGE_CURVE('',#11046,#11056,#11058,.T.);
#11056 = VERTEX_POINT('',#11057);
#11057 = CARTESIAN_POINT('',(257.,265.,16.));
#11058 = LINE('',#11059,#11060);
#11059 = CARTESIAN_POINT('',(257.,257.,16.));
#11060 = VECTOR('',#11061,1.);
#11061 = DIRECTION('',(0.,1.,0.));
#11062 = ORIENTED_EDGE('',*,*,#11063,.T.);
#11063 = EDGE_CURVE('',#11056,#11064,#11066,.T.);
#11064 = VERTEX_POINT('',#11065);
#11065 = CARTESIAN_POINT('',(257.,265.,86.));
#11066 = LINE('',#11067,#11068);
#11067 = CARTESIAN_POINT('',(257.,265.,16.));
#11068 = VECTOR('',#11069,1.);
#11069 = DIRECTION('',(0.,0.,1.));
#11070 = ORIENTED_EDGE('',*,*,#11071,.F.);
#11071 = EDGE_CURVE('',#11048,#11064,#11072,.T.);
#11072 = LINE('',#11073,#11074);
#11073 = CARTESIAN_POINT('',(257.,257.,86.));
#11074 = VECTOR('',#11075,1.);
#11075 = DIRECTION('',(0.,1.,0.));
#11076 = PLANE('',#11077);
#11077 = AXIS2_PLACEMENT_3D('',#11078,#11079,#11080);
#11078 = CARTESIAN_POINT('',(257.,257.,16.));
#11079 = DIRECTION('',(1.,0.,0.));
#11080 = DIRECTION('',(0.,0.,1.));
#11081 = ADVANCED_FACE('',(#11082),#11116,.T.);
#11082 = FACE_BOUND('',#11083,.T.);
#11083 = EDGE_LOOP('',(#11084,#11094,#11102,#11110));
#11084 = ORIENTED_EDGE('',*,*,#11085,.F.);
#11085 = EDGE_CURVE('',#11086,#11088,#11090,.T.);
#11086 = VERTEX_POINT('',#11087);
#11087 = CARTESIAN_POINT('',(265.,257.,16.));
#11088 = VERTEX_POINT('',#11089);
#11089 = CARTESIAN_POINT('',(265.,257.,86.));
#11090 = LINE('',#11091,#11092);
#11091 = CARTESIAN_POINT('',(265.,257.,16.));
#11092 = VECTOR('',#11093,1.);
#11093 = DIRECTION('',(0.,0.,1.));
#11094 = ORIENTED_EDGE('',*,*,#11095,.T.);
#11095 = EDGE_CURVE('',#11086,#11096,#11098,.T.);
#11096 = VERTEX_POINT('',#11097);
#11097 = CARTESIAN_POINT('',(265.,265.,16.));
#11098 = LINE('',#11099,#11100);
#11099 = CARTESIAN_POINT('',(265.,257.,16.));
#11100 = VECTOR('',#11101,1.);
#11101 = DIRECTION('',(0.,1.,0.));
#11102 = ORIENTED_EDGE('',*,*,#11103,.T.);
#11103 = EDGE_CURVE('',#11096,#11104,#11106,.T.);
#11104 = VERTEX_POINT('',#11105);
#11105 = CARTESIAN_POINT('',(265.,265.,86.));
#11106 = LINE('',#11107,#11108);
#11107 = CARTESIAN_POINT('',(265.,265.,16.));
#11108 = VECTOR('',#11109,1.);
#11109 = DIRECTION('',(0.,0.,1.));
#11110 = ORIENTED_EDGE('',*,*,#11111,.F.);
#11111 = EDGE_CURVE('',#11088,#11104,#11112,.T.);
#11112 = LINE('',#11113,#11114);
#11113 = CARTESIAN_POINT('',(265.,257.,86.));
#11114 = VECTOR('',#11115,1.);
#11115 = DIRECTION('',(0.,1.,0.));
#11116 = PLANE('',#11117);
#11117 = AXIS2_PLACEMENT_3D('',#11118,#11119,#11120);
#11118 = CARTESIAN_POINT('',(265.,257.,16.));
#11119 = DIRECTION('',(1.,0.,0.));
#11120 = DIRECTION('',(0.,0.,1.));
#11121 = ADVANCED_FACE('',(#11122),#11138,.F.);
#11122 = FACE_BOUND('',#11123,.F.);
#11123 = EDGE_LOOP('',(#11124,#11130,#11131,#11137));
#11124 = ORIENTED_EDGE('',*,*,#11125,.F.);
#11125 = EDGE_CURVE('',#11046,#11086,#11126,.T.);
#11126 = LINE('',#11127,#11128);
#11127 = CARTESIAN_POINT('',(257.,257.,16.));
#11128 = VECTOR('',#11129,1.);
#11129 = DIRECTION('',(1.,0.,0.));
#11130 = ORIENTED_EDGE('',*,*,#11045,.T.);
#11131 = ORIENTED_EDGE('',*,*,#11132,.T.);
#11132 = EDGE_CURVE('',#11048,#11088,#11133,.T.);
#11133 = LINE('',#11134,#11135);
#11134 = CARTESIAN_POINT('',(257.,257.,86.));
#11135 = VECTOR('',#11136,1.);
#11136 = DIRECTION('',(1.,0.,0.));
#11137 = ORIENTED_EDGE('',*,*,#11085,.F.);
#11138 = PLANE('',#11139);
#11139 = AXIS2_PLACEMENT_3D('',#11140,#11141,#11142);
#11140 = CARTESIAN_POINT('',(257.,257.,16.));
#11141 = DIRECTION('',(0.,1.,0.));
#11142 = DIRECTION('',(0.,0.,1.));
#11143 = ADVANCED_FACE('',(#11144),#11160,.T.);
#11144 = FACE_BOUND('',#11145,.T.);
#11145 = EDGE_LOOP('',(#11146,#11152,#11153,#11159));
#11146 = ORIENTED_EDGE('',*,*,#11147,.F.);
#11147 = EDGE_CURVE('',#11056,#11096,#11148,.T.);
#11148 = LINE('',#11149,#11150);
#11149 = CARTESIAN_POINT('',(257.,265.,16.));
#11150 = VECTOR('',#11151,1.);
#11151 = DIRECTION('',(1.,0.,0.));
#11152 = ORIENTED_EDGE('',*,*,#11063,.T.);
#11153 = ORIENTED_EDGE('',*,*,#11154,.T.);
#11154 = EDGE_CURVE('',#11064,#11104,#11155,.T.);
#11155 = LINE('',#11156,#11157);
#11156 = CARTESIAN_POINT('',(257.,265.,86.));
#11157 = VECTOR('',#11158,1.);
#11158 = DIRECTION('',(1.,0.,0.));
#11159 = ORIENTED_EDGE('',*,*,#11103,.F.);
#11160 = PLANE('',#11161);
#11161 = AXIS2_PLACEMENT_3D('',#11162,#11163,#11164);
#11162 = CARTESIAN_POINT('',(257.,265.,16.));
#11163 = DIRECTION('',(0.,1.,0.));
#11164 = DIRECTION('',(0.,0.,1.));
#11165 = ADVANCED_FACE('',(#11166),#11172,.F.);
#11166 = FACE_BOUND('',#11167,.F.);
#11167 = EDGE_LOOP('',(#11168,#11169,#11170,#11171));
#11168 = ORIENTED_EDGE('',*,*,#11055,.F.);
#11169 = ORIENTED_EDGE('',*,*,#11125,.T.);
#11170 = ORIENTED_EDGE('',*,*,#11095,.T.);
#11171 = ORIENTED_EDGE('',*,*,#11147,.F.);
#11172 = PLANE('',#11173);
#11173 = AXIS2_PLACEMENT_3D('',#11174,#11175,#11176);
#11174 = CARTESIAN_POINT('',(257.,257.,16.));
#11175 = DIRECTION('',(0.,0.,1.));
#11176 = DIRECTION('',(1.,0.,0.));
#11177 = ADVANCED_FACE('',(#11178),#11184,.T.);
#11178 = FACE_BOUND('',#11179,.T.);
#11179 = EDGE_LOOP('',(#11180,#11181,#11182,#11183));
#11180 = ORIENTED_EDGE('',*,*,#11071,.F.);
#11181 = ORIENTED_EDGE('',*,*,#11132,.T.);
#11182 = ORIENTED_EDGE('',*,*,#11111,.T.);
#11183 = ORIENTED_EDGE('',*,*,#11154,.F.);
#11184 = PLANE('',#11185);
#11185 = AXIS2_PLACEMENT_3D('',#11186,#11187,#11188);
#11186 = CARTESIAN_POINT('',(257.,257.,86.));
#11187 = DIRECTION('',(0.,0.,1.));
#11188 = DIRECTION('',(1.,0.,0.));
#11189 = MANIFOLD_SOLID_BREP('',#11190);
#11190 = CLOSED_SHELL('',(#11191,#11231,#11271,#11293,#11315,#11327));
#11191 = ADVANCED_FACE('',(#11192),#11226,.F.);
#11192 = FACE_BOUND('',#11193,.F.);
#11193 = EDGE_LOOP('',(#11194,#11204,#11212,#11220));
#11194 = ORIENTED_EDGE('',*,*,#11195,.F.);
#11195 = EDGE_CURVE('',#11196,#11198,#11200,.T.);
#11196 = VERTEX_POINT('',#11197);
#11197 = CARTESIAN_POINT('',(2.5,2.5,16.));
#11198 = VERTEX_POINT('',#11199);
#11199 = CARTESIAN_POINT('',(2.5,2.5,36.));
#11200 = LINE('',#11201,#11202);
#11201 = CARTESIAN_POINT('',(2.5,2.5,16.));
#11202 = VECTOR('',#11203,1.);
#11203 = DIRECTION('',(0.,0.,1.));
#11204 = ORIENTED_EDGE('',*,*,#11205,.T.);
#11205 = EDGE_CURVE('',#11196,#11206,#11208,.T.);
#11206 = VERTEX_POINT('',#11207);
#11207 = CARTESIAN_POINT('',(2.5,4.5,16.));
#11208 = LINE('',#11209,#11210);
#11209 = CARTESIAN_POINT('',(2.5,2.5,16.));
#11210 = VECTOR('',#11211,1.);
#11211 = DIRECTION('',(0.,1.,0.));
#11212 = ORIENTED_EDGE('',*,*,#11213,.T.);
#11213 = EDGE_CURVE('',#11206,#11214,#11216,.T.);
#11214 = VERTEX_POINT('',#11215);
#11215 = CARTESIAN_POINT('',(2.5,4.5,36.));
#11216 = LINE('',#11217,#11218);
#11217 = CARTESIAN_POINT('',(2.5,4.5,16.));
#11218 = VECTOR('',#11219,1.);
#11219 = DIRECTION('',(0.,0.,1.));
#11220 = ORIENTED_EDGE('',*,*,#11221,.F.);
#11221 = EDGE_CURVE('',#11198,#11214,#11222,.T.);
#11222 = LINE('',#11223,#11224);
#11223 = CARTESIAN_POINT('',(2.5,2.5,36.));
#11224 = VECTOR('',#11225,1.);
#11225 = DIRECTION('',(0.,1.,0.));
#11226 = PLANE('',#11227);
#11227 = AXIS2_PLACEMENT_3D('',#11228,#11229,#11230);
#11228 = CARTESIAN_POINT('',(2.5,2.5,16.));
#11229 = DIRECTION('',(1.,0.,0.));
#11230 = DIRECTION('',(0.,0.,1.));
#11231 = ADVANCED_FACE('',(#11232),#11266,.T.);
#11232 = FACE_BOUND('',#11233,.T.);
#11233 = EDGE_LOOP('',(#11234,#11244,#11252,#11260));
#11234 = ORIENTED_EDGE('',*,*,#11235,.F.);
#11235 = EDGE_CURVE('',#11236,#11238,#11240,.T.);
#11236 = VERTEX_POINT('',#11237);
#11237 = CARTESIAN_POINT('',(272.5,2.5,16.));
#11238 = VERTEX_POINT('',#11239);
#11239 = CARTESIAN_POINT('',(272.5,2.5,36.));
#11240 = LINE('',#11241,#11242);
#11241 = CARTESIAN_POINT('',(272.5,2.5,16.));
#11242 = VECTOR('',#11243,1.);
#11243 = DIRECTION('',(0.,0.,1.));
#11244 = ORIENTED_EDGE('',*,*,#11245,.T.);
#11245 = EDGE_CURVE('',#11236,#11246,#11248,.T.);
#11246 = VERTEX_POINT('',#11247);
#11247 = CARTESIAN_POINT('',(272.5,4.5,16.));
#11248 = LINE('',#11249,#11250);
#11249 = CARTESIAN_POINT('',(272.5,2.5,16.));
#11250 = VECTOR('',#11251,1.);
#11251 = DIRECTION('',(0.,1.,0.));
#11252 = ORIENTED_EDGE('',*,*,#11253,.T.);
#11253 = EDGE_CURVE('',#11246,#11254,#11256,.T.);
#11254 = VERTEX_POINT('',#11255);
#11255 = CARTESIAN_POINT('',(272.5,4.5,36.));
#11256 = LINE('',#11257,#11258);
#11257 = CARTESIAN_POINT('',(272.5,4.5,16.));
#11258 = VECTOR('',#11259,1.);
#11259 = DIRECTION('',(0.,0.,1.));
#11260 = ORIENTED_EDGE('',*,*,#11261,.F.);
#11261 = EDGE_CURVE('',#11238,#11254,#11262,.T.);
#11262 = LINE('',#11263,#11264);
#11263 = CARTESIAN_POINT('',(272.5,2.5,36.));
#11264 = VECTOR('',#11265,1.);
#11265 = DIRECTION('',(0.,1.,0.));
#11266 = PLANE('',#11267);
#11267 = AXIS2_PLACEMENT_3D('',#11268,#11269,#11270);
#11268 = CARTESIAN_POINT('',(272.5,2.5,16.));
#11269 = DIRECTION('',(1.,0.,0.));
#11270 = DIRECTION('',(0.,0.,1.));
#11271 = ADVANCED_FACE('',(#11272),#11288,.F.);
#11272 = FACE_BOUND('',#11273,.F.);
#11273 = EDGE_LOOP('',(#11274,#11280,#11281,#11287));
#11274 = ORIENTED_EDGE('',*,*,#11275,.F.);
#11275 = EDGE_CURVE('',#11196,#11236,#11276,.T.);
#11276 = LINE('',#11277,#11278);
#11277 = CARTESIAN_POINT('',(2.5,2.5,16.));
#11278 = VECTOR('',#11279,1.);
#11279 = DIRECTION('',(1.,0.,0.));
#11280 = ORIENTED_EDGE('',*,*,#11195,.T.);
#11281 = ORIENTED_EDGE('',*,*,#11282,.T.);
#11282 = EDGE_CURVE('',#11198,#11238,#11283,.T.);
#11283 = LINE('',#11284,#11285);
#11284 = CARTESIAN_POINT('',(2.5,2.5,36.));
#11285 = VECTOR('',#11286,1.);
#11286 = DIRECTION('',(1.,0.,0.));
#11287 = ORIENTED_EDGE('',*,*,#11235,.F.);
#11288 = PLANE('',#11289);
#11289 = AXIS2_PLACEMENT_3D('',#11290,#11291,#11292);
#11290 = CARTESIAN_POINT('',(2.5,2.5,16.));
#11291 = DIRECTION('',(0.,1.,0.));
#11292 = DIRECTION('',(0.,0.,1.));
#11293 = ADVANCED_FACE('',(#11294),#11310,.T.);
#11294 = FACE_BOUND('',#11295,.T.);
#11295 = EDGE_LOOP('',(#11296,#11302,#11303,#11309));
#11296 = ORIENTED_EDGE('',*,*,#11297,.F.);
#11297 = EDGE_CURVE('',#11206,#11246,#11298,.T.);
#11298 = LINE('',#11299,#11300);
#11299 = CARTESIAN_POINT('',(2.5,4.5,16.));
#11300 = VECTOR('',#11301,1.);
#11301 = DIRECTION('',(1.,0.,0.));
#11302 = ORIENTED_EDGE('',*,*,#11213,.T.);
#11303 = ORIENTED_EDGE('',*,*,#11304,.T.);
#11304 = EDGE_CURVE('',#11214,#11254,#11305,.T.);
#11305 = LINE('',#11306,#11307);
#11306 = CARTESIAN_POINT('',(2.5,4.5,36.));
#11307 = VECTOR('',#11308,1.);
#11308 = DIRECTION('',(1.,0.,0.));
#11309 = ORIENTED_EDGE('',*,*,#11253,.F.);
#11310 = PLANE('',#11311);
#11311 = AXIS2_PLACEMENT_3D('',#11312,#11313,#11314);
#11312 = CARTESIAN_POINT('',(2.5,4.5,16.));
#11313 = DIRECTION('',(0.,1.,0.));
#11314 = DIRECTION('',(0.,0.,1.));
#11315 = ADVANCED_FACE('',(#11316),#11322,.F.);
#11316 = FACE_BOUND('',#11317,.F.);
#11317 = EDGE_LOOP('',(#11318,#11319,#11320,#11321));
#11318 = ORIENTED_EDGE('',*,*,#11205,.F.);
#11319 = ORIENTED_EDGE('',*,*,#11275,.T.);
#11320 = ORIENTED_EDGE('',*,*,#11245,.T.);
#11321 = ORIENTED_EDGE('',*,*,#11297,.F.);
#11322 = PLANE('',#11323);
#11323 = AXIS2_PLACEMENT_3D('',#11324,#11325,#11326);
#11324 = CARTESIAN_POINT('',(2.5,2.5,16.));
#11325 = DIRECTION('',(0.,0.,1.));
#11326 = DIRECTION('',(1.,0.,0.));
#11327 = ADVANCED_FACE('',(#11328),#11334,.T.);
#11328 = FACE_BOUND('',#11329,.T.);
#11329 = EDGE_LOOP('',(#11330,#11331,#11332,#11333));
#11330 = ORIENTED_EDGE('',*,*,#11221,.F.);
#11331 = ORIENTED_EDGE('',*,*,#11282,.T.);
#11332 = ORIENTED_EDGE('',*,*,#11261,.T.);
#11333 = ORIENTED_EDGE('',*,*,#11304,.F.);
#11334 = PLANE('',#11335);
#11335 = AXIS2_PLACEMENT_3D('',#11336,#11337,#11338);
#11336 = CARTESIAN_POINT('',(2.5,2.5,36.));
#11337 = DIRECTION('',(0.,0.,1.));
#11338 = DIRECTION('',(1.,0.,0.));
#11339 = MANIFOLD_SOLID_BREP('',#11340);
#11340 = CLOSED_SHELL('',(#11341,#11381,#11421,#11443,#11465,#11477));
#11341 = ADVANCED_FACE('',(#11342),#11376,.F.);
#11342 = FACE_BOUND('',#11343,.F.);
#11343 = EDGE_LOOP('',(#11344,#11354,#11362,#11370));
#11344 = ORIENTED_EDGE('',*,*,#11345,.F.);
#11345 = EDGE_CURVE('',#11346,#11348,#11350,.T.);
#11346 = VERTEX_POINT('',#11347);
#11347 = CARTESIAN_POINT('',(2.5,270.5,16.));
#11348 = VERTEX_POINT('',#11349);
#11349 = CARTESIAN_POINT('',(2.5,270.5,36.));
#11350 = LINE('',#11351,#11352);
#11351 = CARTESIAN_POINT('',(2.5,270.5,16.));
#11352 = VECTOR('',#11353,1.);
#11353 = DIRECTION('',(0.,0.,1.));
#11354 = ORIENTED_EDGE('',*,*,#11355,.T.);
#11355 = EDGE_CURVE('',#11346,#11356,#11358,.T.);
#11356 = VERTEX_POINT('',#11357);
#11357 = CARTESIAN_POINT('',(2.5,272.5,16.));
#11358 = LINE('',#11359,#11360);
#11359 = CARTESIAN_POINT('',(2.5,270.5,16.));
#11360 = VECTOR('',#11361,1.);
#11361 = DIRECTION('',(0.,1.,0.));
#11362 = ORIENTED_EDGE('',*,*,#11363,.T.);
#11363 = EDGE_CURVE('',#11356,#11364,#11366,.T.);
#11364 = VERTEX_POINT('',#11365);
#11365 = CARTESIAN_POINT('',(2.5,272.5,36.));
#11366 = LINE('',#11367,#11368);
#11367 = CARTESIAN_POINT('',(2.5,272.5,16.));
#11368 = VECTOR('',#11369,1.);
#11369 = DIRECTION('',(0.,0.,1.));
#11370 = ORIENTED_EDGE('',*,*,#11371,.F.);
#11371 = EDGE_CURVE('',#11348,#11364,#11372,.T.);
#11372 = LINE('',#11373,#11374);
#11373 = CARTESIAN_POINT('',(2.5,270.5,36.));
#11374 = VECTOR('',#11375,1.);
#11375 = DIRECTION('',(0.,1.,0.));
#11376 = PLANE('',#11377);
#11377 = AXIS2_PLACEMENT_3D('',#11378,#11379,#11380);
#11378 = CARTESIAN_POINT('',(2.5,270.5,16.));
#11379 = DIRECTION('',(1.,0.,0.));
#11380 = DIRECTION('',(0.,0.,1.));
#11381 = ADVANCED_FACE('',(#11382),#11416,.T.);
#11382 = FACE_BOUND('',#11383,.T.);
#11383 = EDGE_LOOP('',(#11384,#11394,#11402,#11410));
#11384 = ORIENTED_EDGE('',*,*,#11385,.F.);
#11385 = EDGE_CURVE('',#11386,#11388,#11390,.T.);
#11386 = VERTEX_POINT('',#11387);
#11387 = CARTESIAN_POINT('',(272.5,270.5,16.));
#11388 = VERTEX_POINT('',#11389);
#11389 = CARTESIAN_POINT('',(272.5,270.5,36.));
#11390 = LINE('',#11391,#11392);
#11391 = CARTESIAN_POINT('',(272.5,270.5,16.));
#11392 = VECTOR('',#11393,1.);
#11393 = DIRECTION('',(0.,0.,1.));
#11394 = ORIENTED_EDGE('',*,*,#11395,.T.);
#11395 = EDGE_CURVE('',#11386,#11396,#11398,.T.);
#11396 = VERTEX_POINT('',#11397);
#11397 = CARTESIAN_POINT('',(272.5,272.5,16.));
#11398 = LINE('',#11399,#11400);
#11399 = CARTESIAN_POINT('',(272.5,270.5,16.));
#11400 = VECTOR('',#11401,1.);
#11401 = DIRECTION('',(0.,1.,0.));
#11402 = ORIENTED_EDGE('',*,*,#11403,.T.);
#11403 = EDGE_CURVE('',#11396,#11404,#11406,.T.);
#11404 = VERTEX_POINT('',#11405);
#11405 = CARTESIAN_POINT('',(272.5,272.5,36.));
#11406 = LINE('',#11407,#11408);
#11407 = CARTESIAN_POINT('',(272.5,272.5,16.));
#11408 = VECTOR('',#11409,1.);
#11409 = DIRECTION('',(0.,0.,1.));
#11410 = ORIENTED_EDGE('',*,*,#11411,.F.);
#11411 = EDGE_CURVE('',#11388,#11404,#11412,.T.);
#11412 = LINE('',#11413,#11414);
#11413 = CARTESIAN_POINT('',(272.5,270.5,36.));
#11414 = VECTOR('',#11415,1.);
#11415 = DIRECTION('',(0.,1.,0.));
#11416 = PLANE('',#11417);
#11417 = AXIS2_PLACEMENT_3D('',#11418,#11419,#11420);
#11418 = CARTESIAN_POINT('',(272.5,270.5,16.));
#11419 = DIRECTION('',(1.,0.,0.));
#11420 = DIRECTION('',(0.,0.,1.));
#11421 = ADVANCED_FACE('',(#11422),#11438,.F.);
#11422 = FACE_BOUND('',#11423,.F.);
#11423 = EDGE_LOOP('',(#11424,#11430,#11431,#11437));
#11424 = ORIENTED_EDGE('',*,*,#11425,.F.);
#11425 = EDGE_CURVE('',#11346,#11386,#11426,.T.);
#11426 = LINE('',#11427,#11428);
#11427 = CARTESIAN_POINT('',(2.5,270.5,16.));
#11428 = VECTOR('',#11429,1.);
#11429 = DIRECTION('',(1.,0.,0.));
#11430 = ORIENTED_EDGE('',*,*,#11345,.T.);
#11431 = ORIENTED_EDGE('',*,*,#11432,.T.);
#11432 = EDGE_CURVE('',#11348,#11388,#11433,.T.);
#11433 = LINE('',#11434,#11435);
#11434 = CARTESIAN_POINT('',(2.5,270.5,36.));
#11435 = VECTOR('',#11436,1.);
#11436 = DIRECTION('',(1.,0.,0.));
#11437 = ORIENTED_EDGE('',*,*,#11385,.F.);
#11438 = PLANE('',#11439);
#11439 = AXIS2_PLACEMENT_3D('',#11440,#11441,#11442);
#11440 = CARTESIAN_POINT('',(2.5,270.5,16.));
#11441 = DIRECTION('',(0.,1.,0.));
#11442 = DIRECTION('',(0.,0.,1.));
#11443 = ADVANCED_FACE('',(#11444),#11460,.T.);
#11444 = FACE_BOUND('',#11445,.T.);
#11445 = EDGE_LOOP('',(#11446,#11452,#11453,#11459));
#11446 = ORIENTED_EDGE('',*,*,#11447,.F.);
#11447 = EDGE_CURVE('',#11356,#11396,#11448,.T.);
#11448 = LINE('',#11449,#11450);
#11449 = CARTESIAN_POINT('',(2.5,272.5,16.));
#11450 = VECTOR('',#11451,1.);
#11451 = DIRECTION('',(1.,0.,0.));
#11452 = ORIENTED_EDGE('',*,*,#11363,.T.);
#11453 = ORIENTED_EDGE('',*,*,#11454,.T.);
#11454 = EDGE_CURVE('',#11364,#11404,#11455,.T.);
#11455 = LINE('',#11456,#11457);
#11456 = CARTESIAN_POINT('',(2.5,272.5,36.));
#11457 = VECTOR('',#11458,1.);
#11458 = DIRECTION('',(1.,0.,0.));
#11459 = ORIENTED_EDGE('',*,*,#11403,.F.);
#11460 = PLANE('',#11461);
#11461 = AXIS2_PLACEMENT_3D('',#11462,#11463,#11464);
#11462 = CARTESIAN_POINT('',(2.5,272.5,16.));
#11463 = DIRECTION('',(0.,1.,0.));
#11464 = DIRECTION('',(0.,0.,1.));
#11465 = ADVANCED_FACE('',(#11466),#11472,.F.);
#11466 = FACE_BOUND('',#11467,.F.);
#11467 = EDGE_LOOP('',(#11468,#11469,#11470,#11471));
#11468 = ORIENTED_EDGE('',*,*,#11355,.F.);
#11469 = ORIENTED_EDGE('',*,*,#11425,.T.);
#11470 = ORIENTED_EDGE('',*,*,#11395,.T.);
#11471 = ORIENTED_EDGE('',*,*,#11447,.F.);
#11472 = PLANE('',#11473);
#11473 = AXIS2_PLACEMENT_3D('',#11474,#11475,#11476);
#11474 = CARTESIAN_POINT('',(2.5,270.5,16.));
#11475 = DIRECTION('',(0.,0.,1.));
#11476 = DIRECTION('',(1.,0.,0.));
#11477 = ADVANCED_FACE('',(#11478),#11484,.T.);
#11478 = FACE_BOUND('',#11479,.T.);
#11479 = EDGE_LOOP('',(#11480,#11481,#11482,#11483));
#11480 = ORIENTED_EDGE('',*,*,#11371,.F.);
#11481 = ORIENTED_EDGE('',*,*,#11432,.T.);
#11482 = ORIENTED_EDGE('',*,*,#11411,.T.);
#11483 = ORIENTED_EDGE('',*,*,#11454,.F.);
#11484 = PLANE('',#11485);
#11485 = AXIS2_PLACEMENT_3D('',#11486,#11487,#11488);
#11486 = CARTESIAN_POINT('',(2.5,270.5,36.));
#11487 = DIRECTION('',(0.,0.,1.));
#11488 = DIRECTION('',(1.,0.,0.));
#11489 = MANIFOLD_SOLID_BREP('',#11490);
#11490 = CLOSED_SHELL('',(#11491,#11531,#11571,#11593,#11615,#11627));
#11491 = ADVANCED_FACE('',(#11492),#11526,.F.);
#11492 = FACE_BOUND('',#11493,.F.);
#11493 = EDGE_LOOP('',(#11494,#11504,#11512,#11520));
#11494 = ORIENTED_EDGE('',*,*,#11495,.F.);
#11495 = EDGE_CURVE('',#11496,#11498,#11500,.T.);
#11496 = VERTEX_POINT('',#11497);
#11497 = CARTESIAN_POINT('',(2.5,4.5,16.));
#11498 = VERTEX_POINT('',#11499);
#11499 = CARTESIAN_POINT('',(2.5,4.5,36.));
#11500 = LINE('',#11501,#11502);
#11501 = CARTESIAN_POINT('',(2.5,4.5,16.));
#11502 = VECTOR('',#11503,1.);
#11503 = DIRECTION('',(0.,0.,1.));
#11504 = ORIENTED_EDGE('',*,*,#11505,.T.);
#11505 = EDGE_CURVE('',#11496,#11506,#11508,.T.);
#11506 = VERTEX_POINT('',#11507);
#11507 = CARTESIAN_POINT('',(2.5,270.5,16.));
#11508 = LINE('',#11509,#11510);
#11509 = CARTESIAN_POINT('',(2.5,4.5,16.));
#11510 = VECTOR('',#11511,1.);
#11511 = DIRECTION('',(0.,1.,0.));
#11512 = ORIENTED_EDGE('',*,*,#11513,.T.);
#11513 = EDGE_CURVE('',#11506,#11514,#11516,.T.);
#11514 = VERTEX_POINT('',#11515);
#11515 = CARTESIAN_POINT('',(2.5,270.5,36.));
#11516 = LINE('',#11517,#11518);
#11517 = CARTESIAN_POINT('',(2.5,270.5,16.));
#11518 = VECTOR('',#11519,1.);
#11519 = DIRECTION('',(0.,0.,1.));
#11520 = ORIENTED_EDGE('',*,*,#11521,.F.);
#11521 = EDGE_CURVE('',#11498,#11514,#11522,.T.);
#11522 = LINE('',#11523,#11524);
#11523 = CARTESIAN_POINT('',(2.5,4.5,36.));
#11524 = VECTOR('',#11525,1.);
#11525 = DIRECTION('',(0.,1.,0.));
#11526 = PLANE('',#11527);
#11527 = AXIS2_PLACEMENT_3D('',#11528,#11529,#11530);
#11528 = CARTESIAN_POINT('',(2.5,4.5,16.));
#11529 = DIRECTION('',(1.,0.,0.));
#11530 = DIRECTION('',(0.,0.,1.));
#11531 = ADVANCED_FACE('',(#11532),#11566,.T.);
#11532 = FACE_BOUND('',#11533,.T.);
#11533 = EDGE_LOOP('',(#11534,#11544,#11552,#11560));
#11534 = ORIENTED_EDGE('',*,*,#11535,.F.);
#11535 = EDGE_CURVE('',#11536,#11538,#11540,.T.);
#11536 = VERTEX_POINT('',#11537);
#11537 = CARTESIAN_POINT('',(12.5,4.5,16.));
#11538 = VERTEX_POINT('',#11539);
#11539 = CARTESIAN_POINT('',(12.5,4.5,36.));
#11540 = LINE('',#11541,#11542);
#11541 = CARTESIAN_POINT('',(12.5,4.5,16.));
#11542 = VECTOR('',#11543,1.);
#11543 = DIRECTION('',(0.,0.,1.));
#11544 = ORIENTED_EDGE('',*,*,#11545,.T.);
#11545 = EDGE_CURVE('',#11536,#11546,#11548,.T.);
#11546 = VERTEX_POINT('',#11547);
#11547 = CARTESIAN_POINT('',(12.5,270.5,16.));
#11548 = LINE('',#11549,#11550);
#11549 = CARTESIAN_POINT('',(12.5,4.5,16.));
#11550 = VECTOR('',#11551,1.);
#11551 = DIRECTION('',(0.,1.,0.));
#11552 = ORIENTED_EDGE('',*,*,#11553,.T.);
#11553 = EDGE_CURVE('',#11546,#11554,#11556,.T.);
#11554 = VERTEX_POINT('',#11555);
#11555 = CARTESIAN_POINT('',(12.5,270.5,36.));
#11556 = LINE('',#11557,#11558);
#11557 = CARTESIAN_POINT('',(12.5,270.5,16.));
#11558 = VECTOR('',#11559,1.);
#11559 = DIRECTION('',(0.,0.,1.));
#11560 = ORIENTED_EDGE('',*,*,#11561,.F.);
#11561 = EDGE_CURVE('',#11538,#11554,#11562,.T.);
#11562 = LINE('',#11563,#11564);
#11563 = CARTESIAN_POINT('',(12.5,4.5,36.));
#11564 = VECTOR('',#11565,1.);
#11565 = DIRECTION('',(0.,1.,0.));
#11566 = PLANE('',#11567);
#11567 = AXIS2_PLACEMENT_3D('',#11568,#11569,#11570);
#11568 = CARTESIAN_POINT('',(12.5,4.5,16.));
#11569 = DIRECTION('',(1.,0.,0.));
#11570 = DIRECTION('',(0.,0.,1.));
#11571 = ADVANCED_FACE('',(#11572),#11588,.F.);
#11572 = FACE_BOUND('',#11573,.F.);
#11573 = EDGE_LOOP('',(#11574,#11580,#11581,#11587));
#11574 = ORIENTED_EDGE('',*,*,#11575,.F.);
#11575 = EDGE_CURVE('',#11496,#11536,#11576,.T.);
#11576 = LINE('',#11577,#11578);
#11577 = CARTESIAN_POINT('',(2.5,4.5,16.));
#11578 = VECTOR('',#11579,1.);
#11579 = DIRECTION('',(1.,0.,0.));
#11580 = ORIENTED_EDGE('',*,*,#11495,.T.);
#11581 = ORIENTED_EDGE('',*,*,#11582,.T.);
#11582 = EDGE_CURVE('',#11498,#11538,#11583,.T.);
#11583 = LINE('',#11584,#11585);
#11584 = CARTESIAN_POINT('',(2.5,4.5,36.));
#11585 = VECTOR('',#11586,1.);
#11586 = DIRECTION('',(1.,0.,0.));
#11587 = ORIENTED_EDGE('',*,*,#11535,.F.);
#11588 = PLANE('',#11589);
#11589 = AXIS2_PLACEMENT_3D('',#11590,#11591,#11592);
#11590 = CARTESIAN_POINT('',(2.5,4.5,16.));
#11591 = DIRECTION('',(0.,1.,0.));
#11592 = DIRECTION('',(0.,0.,1.));
#11593 = ADVANCED_FACE('',(#11594),#11610,.T.);
#11594 = FACE_BOUND('',#11595,.T.);
#11595 = EDGE_LOOP('',(#11596,#11602,#11603,#11609));
#11596 = ORIENTED_EDGE('',*,*,#11597,.F.);
#11597 = EDGE_CURVE('',#11506,#11546,#11598,.T.);
#11598 = LINE('',#11599,#11600);
#11599 = CARTESIAN_POINT('',(2.5,270.5,16.));
#11600 = VECTOR('',#11601,1.);
#11601 = DIRECTION('',(1.,0.,0.));
#11602 = ORIENTED_EDGE('',*,*,#11513,.T.);
#11603 = ORIENTED_EDGE('',*,*,#11604,.T.);
#11604 = EDGE_CURVE('',#11514,#11554,#11605,.T.);
#11605 = LINE('',#11606,#11607);
#11606 = CARTESIAN_POINT('',(2.5,270.5,36.));
#11607 = VECTOR('',#11608,1.);
#11608 = DIRECTION('',(1.,0.,0.));
#11609 = ORIENTED_EDGE('',*,*,#11553,.F.);
#11610 = PLANE('',#11611);
#11611 = AXIS2_PLACEMENT_3D('',#11612,#11613,#11614);
#11612 = CARTESIAN_POINT('',(2.5,270.5,16.));
#11613 = DIRECTION('',(0.,1.,0.));
#11614 = DIRECTION('',(0.,0.,1.));
#11615 = ADVANCED_FACE('',(#11616),#11622,.F.);
#11616 = FACE_BOUND('',#11617,.F.);
#11617 = EDGE_LOOP('',(#11618,#11619,#11620,#11621));
#11618 = ORIENTED_EDGE('',*,*,#11505,.F.);
#11619 = ORIENTED_EDGE('',*,*,#11575,.T.);
#11620 = ORIENTED_EDGE('',*,*,#11545,.T.);
#11621 = ORIENTED_EDGE('',*,*,#11597,.F.);
#11622 = PLANE('',#11623);
#11623 = AXIS2_PLACEMENT_3D('',#11624,#11625,#11626);
#11624 = CARTESIAN_POINT('',(2.5,4.5,16.));
#11625 = DIRECTION('',(0.,0.,1.));
#11626 = DIRECTION('',(1.,0.,0.));
#11627 = ADVANCED_FACE('',(#11628),#11634,.T.);
#11628 = FACE_BOUND('',#11629,.T.);
#11629 = EDGE_LOOP('',(#11630,#11631,#11632,#11633));
#11630 = ORIENTED_EDGE('',*,*,#11521,.F.);
#11631 = ORIENTED_EDGE('',*,*,#11582,.T.);
#11632 = ORIENTED_EDGE('',*,*,#11561,.T.);
#11633 = ORIENTED_EDGE('',*,*,#11604,.F.);
#11634 = PLANE('',#11635);
#11635 = AXIS2_PLACEMENT_3D('',#11636,#11637,#11638);
#11636 = CARTESIAN_POINT('',(2.5,4.5,36.));
#11637 = DIRECTION('',(0.,0.,1.));
#11638 = DIRECTION('',(1.,0.,0.));
#11639 = MANIFOLD_SOLID_BREP('',#11640);
#11640 = CLOSED_SHELL('',(#11641,#11681,#11721,#11743,#11765,#11777));
#11641 = ADVANCED_FACE('',(#11642),#11676,.F.);
#11642 = FACE_BOUND('',#11643,.F.);
#11643 = EDGE_LOOP('',(#11644,#11654,#11662,#11670));
#11644 = ORIENTED_EDGE('',*,*,#11645,.F.);
#11645 = EDGE_CURVE('',#11646,#11648,#11650,.T.);
#11646 = VERTEX_POINT('',#11647);
#11647 = CARTESIAN_POINT('',(262.5,4.5,16.));
#11648 = VERTEX_POINT('',#11649);
#11649 = CARTESIAN_POINT('',(262.5,4.5,36.));
#11650 = LINE('',#11651,#11652);
#11651 = CARTESIAN_POINT('',(262.5,4.5,16.));
#11652 = VECTOR('',#11653,1.);
#11653 = DIRECTION('',(0.,0.,1.));
#11654 = ORIENTED_EDGE('',*,*,#11655,.T.);
#11655 = EDGE_CURVE('',#11646,#11656,#11658,.T.);
#11656 = VERTEX_POINT('',#11657);
#11657 = CARTESIAN_POINT('',(262.5,270.5,16.));
#11658 = LINE('',#11659,#11660);
#11659 = CARTESIAN_POINT('',(262.5,4.5,16.));
#11660 = VECTOR('',#11661,1.);
#11661 = DIRECTION('',(0.,1.,0.));
#11662 = ORIENTED_EDGE('',*,*,#11663,.T.);
#11663 = EDGE_CURVE('',#11656,#11664,#11666,.T.);
#11664 = VERTEX_POINT('',#11665);
#11665 = CARTESIAN_POINT('',(262.5,270.5,36.));
#11666 = LINE('',#11667,#11668);
#11667 = CARTESIAN_POINT('',(262.5,270.5,16.));
#11668 = VECTOR('',#11669,1.);
#11669 = DIRECTION('',(0.,0.,1.));
#11670 = ORIENTED_EDGE('',*,*,#11671,.F.);
#11671 = EDGE_CURVE('',#11648,#11664,#11672,.T.);
#11672 = LINE('',#11673,#11674);
#11673 = CARTESIAN_POINT('',(262.5,4.5,36.));
#11674 = VECTOR('',#11675,1.);
#11675 = DIRECTION('',(0.,1.,0.));
#11676 = PLANE('',#11677);
#11677 = AXIS2_PLACEMENT_3D('',#11678,#11679,#11680);
#11678 = CARTESIAN_POINT('',(262.5,4.5,16.));
#11679 = DIRECTION('',(1.,0.,0.));
#11680 = DIRECTION('',(0.,0.,1.));
#11681 = ADVANCED_FACE('',(#11682),#11716,.T.);
#11682 = FACE_BOUND('',#11683,.T.);
#11683 = EDGE_LOOP('',(#11684,#11694,#11702,#11710));
#11684 = ORIENTED_EDGE('',*,*,#11685,.F.);
#11685 = EDGE_CURVE('',#11686,#11688,#11690,.T.);
#11686 = VERTEX_POINT('',#11687);
#11687 = CARTESIAN_POINT('',(272.5,4.5,16.));
#11688 = VERTEX_POINT('',#11689);
#11689 = CARTESIAN_POINT('',(272.5,4.5,36.));
#11690 = LINE('',#11691,#11692);
#11691 = CARTESIAN_POINT('',(272.5,4.5,16.));
#11692 = VECTOR('',#11693,1.);
#11693 = DIRECTION('',(0.,0.,1.));
#11694 = ORIENTED_EDGE('',*,*,#11695,.T.);
#11695 = EDGE_CURVE('',#11686,#11696,#11698,.T.);
#11696 = VERTEX_POINT('',#11697);
#11697 = CARTESIAN_POINT('',(272.5,270.5,16.));
#11698 = LINE('',#11699,#11700);
#11699 = CARTESIAN_POINT('',(272.5,4.5,16.));
#11700 = VECTOR('',#11701,1.);
#11701 = DIRECTION('',(0.,1.,0.));
#11702 = ORIENTED_EDGE('',*,*,#11703,.T.);
#11703 = EDGE_CURVE('',#11696,#11704,#11706,.T.);
#11704 = VERTEX_POINT('',#11705);
#11705 = CARTESIAN_POINT('',(272.5,270.5,36.));
#11706 = LINE('',#11707,#11708);
#11707 = CARTESIAN_POINT('',(272.5,270.5,16.));
#11708 = VECTOR('',#11709,1.);
#11709 = DIRECTION('',(0.,0.,1.));
#11710 = ORIENTED_EDGE('',*,*,#11711,.F.);
#11711 = EDGE_CURVE('',#11688,#11704,#11712,.T.);
#11712 = LINE('',#11713,#11714);
#11713 = CARTESIAN_POINT('',(272.5,4.5,36.));
#11714 = VECTOR('',#11715,1.);
#11715 = DIRECTION('',(0.,1.,0.));
#11716 = PLANE('',#11717);
#11717 = AXIS2_PLACEMENT_3D('',#11718,#11719,#11720);
#11718 = CARTESIAN_POINT('',(272.5,4.5,16.));
#11719 = DIRECTION('',(1.,0.,0.));
#11720 = DIRECTION('',(0.,0.,1.));
#11721 = ADVANCED_FACE('',(#11722),#11738,.F.);
#11722 = FACE_BOUND('',#11723,.F.);
#11723 = EDGE_LOOP('',(#11724,#11730,#11731,#11737));
#11724 = ORIENTED_EDGE('',*,*,#11725,.F.);
#11725 = EDGE_CURVE('',#11646,#11686,#11726,.T.);
#11726 = LINE('',#11727,#11728);
#11727 = CARTESIAN_POINT('',(262.5,4.5,16.));
#11728 = VECTOR('',#11729,1.);
#11729 = DIRECTION('',(1.,0.,0.));
#11730 = ORIENTED_EDGE('',*,*,#11645,.T.);
#11731 = ORIENTED_EDGE('',*,*,#11732,.T.);
#11732 = EDGE_CURVE('',#11648,#11688,#11733,.T.);
#11733 = LINE('',#11734,#11735);
#11734 = CARTESIAN_POINT('',(262.5,4.5,36.));
#11735 = VECTOR('',#11736,1.);
#11736 = DIRECTION('',(1.,0.,0.));
#11737 = ORIENTED_EDGE('',*,*,#11685,.F.);
#11738 = PLANE('',#11739);
#11739 = AXIS2_PLACEMENT_3D('',#11740,#11741,#11742);
#11740 = CARTESIAN_POINT('',(262.5,4.5,16.));
#11741 = DIRECTION('',(0.,1.,0.));
#11742 = DIRECTION('',(0.,0.,1.));
#11743 = ADVANCED_FACE('',(#11744),#11760,.T.);
#11744 = FACE_BOUND('',#11745,.T.);
#11745 = EDGE_LOOP('',(#11746,#11752,#11753,#11759));
#11746 = ORIENTED_EDGE('',*,*,#11747,.F.);
#11747 = EDGE_CURVE('',#11656,#11696,#11748,.T.);
#11748 = LINE('',#11749,#11750);
#11749 = CARTESIAN_POINT('',(262.5,270.5,16.));
#11750 = VECTOR('',#11751,1.);
#11751 = DIRECTION('',(1.,0.,0.));
#11752 = ORIENTED_EDGE('',*,*,#11663,.T.);
#11753 = ORIENTED_EDGE('',*,*,#11754,.T.);
#11754 = EDGE_CURVE('',#11664,#11704,#11755,.T.);
#11755 = LINE('',#11756,#11757);
#11756 = CARTESIAN_POINT('',(262.5,270.5,36.));
#11757 = VECTOR('',#11758,1.);
#11758 = DIRECTION('',(1.,0.,0.));
#11759 = ORIENTED_EDGE('',*,*,#11703,.F.);
#11760 = PLANE('',#11761);
#11761 = AXIS2_PLACEMENT_3D('',#11762,#11763,#11764);
#11762 = CARTESIAN_POINT('',(262.5,270.5,16.));
#11763 = DIRECTION('',(0.,1.,0.));
#11764 = DIRECTION('',(0.,0.,1.));
#11765 = ADVANCED_FACE('',(#11766),#11772,.F.);
#11766 = FACE_BOUND('',#11767,.F.);
#11767 = EDGE_LOOP('',(#11768,#11769,#11770,#11771));
#11768 = ORIENTED_EDGE('',*,*,#11655,.F.);
#11769 = ORIENTED_EDGE('',*,*,#11725,.T.);
#11770 = ORIENTED_EDGE('',*,*,#11695,.T.);
#11771 = ORIENTED_EDGE('',*,*,#11747,.F.);
#11772 = PLANE('',#11773);
#11773 = AXIS2_PLACEMENT_3D('',#11774,#11775,#11776);
#11774 = CARTESIAN_POINT('',(262.5,4.5,16.));
#11775 = DIRECTION('',(0.,0.,1.));
#11776 = DIRECTION('',(1.,0.,0.));
#11777 = ADVANCED_FACE('',(#11778),#11784,.T.);
#11778 = FACE_BOUND('',#11779,.T.);
#11779 = EDGE_LOOP('',(#11780,#11781,#11782,#11783));
#11780 = ORIENTED_EDGE('',*,*,#11671,.F.);
#11781 = ORIENTED_EDGE('',*,*,#11732,.T.);
#11782 = ORIENTED_EDGE('',*,*,#11711,.T.);
#11783 = ORIENTED_EDGE('',*,*,#11754,.F.);
#11784 = PLANE('',#11785);
#11785 = AXIS2_PLACEMENT_3D('',#11786,#11787,#11788);
#11786 = CARTESIAN_POINT('',(262.5,4.5,36.));
#11787 = DIRECTION('',(0.,0.,1.));
#11788 = DIRECTION('',(1.,0.,0.));
#11789 = MANIFOLD_SOLID_BREP('',#11790);
#11790 = CLOSED_SHELL('',(#11791,#11831,#11871,#11893,#11915,#11927));
#11791 = ADVANCED_FACE('',(#11792),#11826,.F.);
#11792 = FACE_BOUND('',#11793,.F.);
#11793 = EDGE_LOOP('',(#11794,#11804,#11812,#11820));
#11794 = ORIENTED_EDGE('',*,*,#11795,.F.);
#11795 = EDGE_CURVE('',#11796,#11798,#11800,.T.);
#11796 = VERTEX_POINT('',#11797);
#11797 = CARTESIAN_POINT('',(150.,253.,24.));
#11798 = VERTEX_POINT('',#11799);
#11799 = CARTESIAN_POINT('',(150.,253.,48.));
#11800 = LINE('',#11801,#11802);
#11801 = CARTESIAN_POINT('',(150.,253.,24.));
#11802 = VECTOR('',#11803,1.);
#11803 = DIRECTION('',(0.,0.,1.));
#11804 = ORIENTED_EDGE('',*,*,#11805,.T.);
#11805 = EDGE_CURVE('',#11796,#11806,#11808,.T.);
#11806 = VERTEX_POINT('',#11807);
#11807 = CARTESIAN_POINT('',(150.,295.,24.));
#11808 = LINE('',#11809,#11810);
#11809 = CARTESIAN_POINT('',(150.,253.,24.));
#11810 = VECTOR('',#11811,1.);
#11811 = DIRECTION('',(0.,1.,0.));
#11812 = ORIENTED_EDGE('',*,*,#11813,.T.);
#11813 = EDGE_CURVE('',#11806,#11814,#11816,.T.);
#11814 = VERTEX_POINT('',#11815);
#11815 = CARTESIAN_POINT('',(150.,295.,48.));
#11816 = LINE('',#11817,#11818);
#11817 = CARTESIAN_POINT('',(150.,295.,24.));
#11818 = VECTOR('',#11819,1.);
#11819 = DIRECTION('',(0.,0.,1.));
#11820 = ORIENTED_EDGE('',*,*,#11821,.F.);
#11821 = EDGE_CURVE('',#11798,#11814,#11822,.T.);
#11822 = LINE('',#11823,#11824);
#11823 = CARTESIAN_POINT('',(150.,253.,48.));
#11824 = VECTOR('',#11825,1.);
#11825 = DIRECTION('',(0.,1.,0.));
#11826 = PLANE('',#11827);
#11827 = AXIS2_PLACEMENT_3D('',#11828,#11829,#11830);
#11828 = CARTESIAN_POINT('',(150.,253.,24.));
#11829 = DIRECTION('',(1.,0.,0.));
#11830 = DIRECTION('',(0.,0.,1.));
#11831 = ADVANCED_FACE('',(#11832),#11866,.T.);
#11832 = FACE_BOUND('',#11833,.T.);
#11833 = EDGE_LOOP('',(#11834,#11844,#11852,#11860));
#11834 = ORIENTED_EDGE('',*,*,#11835,.F.);
#11835 = EDGE_CURVE('',#11836,#11838,#11840,.T.);
#11836 = VERTEX_POINT('',#11837);
#11837 = CARTESIAN_POINT('',(180.,253.,24.));
#11838 = VERTEX_POINT('',#11839);
#11839 = CARTESIAN_POINT('',(180.,253.,48.));
#11840 = LINE('',#11841,#11842);
#11841 = CARTESIAN_POINT('',(180.,253.,24.));
#11842 = VECTOR('',#11843,1.);
#11843 = DIRECTION('',(0.,0.,1.));
#11844 = ORIENTED_EDGE('',*,*,#11845,.T.);
#11845 = EDGE_CURVE('',#11836,#11846,#11848,.T.);
#11846 = VERTEX_POINT('',#11847);
#11847 = CARTESIAN_POINT('',(180.,295.,24.));
#11848 = LINE('',#11849,#11850);
#11849 = CARTESIAN_POINT('',(180.,253.,24.));
#11850 = VECTOR('',#11851,1.);
#11851 = DIRECTION('',(0.,1.,0.));
#11852 = ORIENTED_EDGE('',*,*,#11853,.T.);
#11853 = EDGE_CURVE('',#11846,#11854,#11856,.T.);
#11854 = VERTEX_POINT('',#11855);
#11855 = CARTESIAN_POINT('',(180.,295.,48.));
#11856 = LINE('',#11857,#11858);
#11857 = CARTESIAN_POINT('',(180.,295.,24.));
#11858 = VECTOR('',#11859,1.);
#11859 = DIRECTION('',(0.,0.,1.));
#11860 = ORIENTED_EDGE('',*,*,#11861,.F.);
#11861 = EDGE_CURVE('',#11838,#11854,#11862,.T.);
#11862 = LINE('',#11863,#11864);
#11863 = CARTESIAN_POINT('',(180.,253.,48.));
#11864 = VECTOR('',#11865,1.);
#11865 = DIRECTION('',(0.,1.,0.));
#11866 = PLANE('',#11867);
#11867 = AXIS2_PLACEMENT_3D('',#11868,#11869,#11870);
#11868 = CARTESIAN_POINT('',(180.,253.,24.));
#11869 = DIRECTION('',(1.,0.,0.));
#11870 = DIRECTION('',(0.,0.,1.));
#11871 = ADVANCED_FACE('',(#11872),#11888,.F.);
#11872 = FACE_BOUND('',#11873,.F.);
#11873 = EDGE_LOOP('',(#11874,#11880,#11881,#11887));
#11874 = ORIENTED_EDGE('',*,*,#11875,.F.);
#11875 = EDGE_CURVE('',#11796,#11836,#11876,.T.);
#11876 = LINE('',#11877,#11878);
#11877 = CARTESIAN_POINT('',(150.,253.,24.));
#11878 = VECTOR('',#11879,1.);
#11879 = DIRECTION('',(1.,0.,0.));
#11880 = ORIENTED_EDGE('',*,*,#11795,.T.);
#11881 = ORIENTED_EDGE('',*,*,#11882,.T.);
#11882 = EDGE_CURVE('',#11798,#11838,#11883,.T.);
#11883 = LINE('',#11884,#11885);
#11884 = CARTESIAN_POINT('',(150.,253.,48.));
#11885 = VECTOR('',#11886,1.);
#11886 = DIRECTION('',(1.,0.,0.));
#11887 = ORIENTED_EDGE('',*,*,#11835,.F.);
#11888 = PLANE('',#11889);
#11889 = AXIS2_PLACEMENT_3D('',#11890,#11891,#11892);
#11890 = CARTESIAN_POINT('',(150.,253.,24.));
#11891 = DIRECTION('',(0.,1.,0.));
#11892 = DIRECTION('',(0.,0.,1.));
#11893 = ADVANCED_FACE('',(#11894),#11910,.T.);
#11894 = FACE_BOUND('',#11895,.T.);
#11895 = EDGE_LOOP('',(#11896,#11902,#11903,#11909));
#11896 = ORIENTED_EDGE('',*,*,#11897,.F.);
#11897 = EDGE_CURVE('',#11806,#11846,#11898,.T.);
#11898 = LINE('',#11899,#11900);
#11899 = CARTESIAN_POINT('',(150.,295.,24.));
#11900 = VECTOR('',#11901,1.);
#11901 = DIRECTION('',(1.,0.,0.));
#11902 = ORIENTED_EDGE('',*,*,#11813,.T.);
#11903 = ORIENTED_EDGE('',*,*,#11904,.T.);
#11904 = EDGE_CURVE('',#11814,#11854,#11905,.T.);
#11905 = LINE('',#11906,#11907);
#11906 = CARTESIAN_POINT('',(150.,295.,48.));
#11907 = VECTOR('',#11908,1.);
#11908 = DIRECTION('',(1.,0.,0.));
#11909 = ORIENTED_EDGE('',*,*,#11853,.F.);
#11910 = PLANE('',#11911);
#11911 = AXIS2_PLACEMENT_3D('',#11912,#11913,#11914);
#11912 = CARTESIAN_POINT('',(150.,295.,24.));
#11913 = DIRECTION('',(0.,1.,0.));
#11914 = DIRECTION('',(0.,0.,1.));
#11915 = ADVANCED_FACE('',(#11916),#11922,.F.);
#11916 = FACE_BOUND('',#11917,.F.);
#11917 = EDGE_LOOP('',(#11918,#11919,#11920,#11921));
#11918 = ORIENTED_EDGE('',*,*,#11805,.F.);
#11919 = ORIENTED_EDGE('',*,*,#11875,.T.);
#11920 = ORIENTED_EDGE('',*,*,#11845,.T.);
#11921 = ORIENTED_EDGE('',*,*,#11897,.F.);
#11922 = PLANE('',#11923);
#11923 = AXIS2_PLACEMENT_3D('',#11924,#11925,#11926);
#11924 = CARTESIAN_POINT('',(150.,253.,24.));
#11925 = DIRECTION('',(0.,0.,1.));
#11926 = DIRECTION('',(1.,0.,0.));
#11927 = ADVANCED_FACE('',(#11928),#11934,.T.);
#11928 = FACE_BOUND('',#11929,.T.);
#11929 = EDGE_LOOP('',(#11930,#11931,#11932,#11933));
#11930 = ORIENTED_EDGE('',*,*,#11821,.F.);
#11931 = ORIENTED_EDGE('',*,*,#11882,.T.);
#11932 = ORIENTED_EDGE('',*,*,#11861,.T.);
#11933 = ORIENTED_EDGE('',*,*,#11904,.F.);
#11934 = PLANE('',#11935);
#11935 = AXIS2_PLACEMENT_3D('',#11936,#11937,#11938);
#11936 = CARTESIAN_POINT('',(150.,253.,48.));
#11937 = DIRECTION('',(0.,0.,1.));
#11938 = DIRECTION('',(1.,0.,0.));
#11939 = MANIFOLD_SOLID_BREP('',#11940);
#11940 = CLOSED_SHELL('',(#11941,#11981,#12021,#12043,#12065,#12077));
#11941 = ADVANCED_FACE('',(#11942),#11976,.F.);
#11942 = FACE_BOUND('',#11943,.F.);
#11943 = EDGE_LOOP('',(#11944,#11954,#11962,#11970));
#11944 = ORIENTED_EDGE('',*,*,#11945,.F.);
#11945 = EDGE_CURVE('',#11946,#11948,#11950,.T.);
#11946 = VERTEX_POINT('',#11947);
#11947 = CARTESIAN_POINT('',(157.,164.,24.));
#11948 = VERTEX_POINT('',#11949);
#11949 = CARTESIAN_POINT('',(157.,164.,46.));
#11950 = LINE('',#11951,#11952);
#11951 = CARTESIAN_POINT('',(157.,164.,24.));
#11952 = VECTOR('',#11953,1.);
#11953 = DIRECTION('',(0.,0.,1.));
#11954 = ORIENTED_EDGE('',*,*,#11955,.T.);
#11955 = EDGE_CURVE('',#11946,#11956,#11958,.T.);
#11956 = VERTEX_POINT('',#11957);
#11957 = CARTESIAN_POINT('',(157.,224.,24.));
#11958 = LINE('',#11959,#11960);
#11959 = CARTESIAN_POINT('',(157.,164.,24.));
#11960 = VECTOR('',#11961,1.);
#11961 = DIRECTION('',(0.,1.,0.));
#11962 = ORIENTED_EDGE('',*,*,#11963,.T.);
#11963 = EDGE_CURVE('',#11956,#11964,#11966,.T.);
#11964 = VERTEX_POINT('',#11965);
#11965 = CARTESIAN_POINT('',(157.,224.,46.));
#11966 = LINE('',#11967,#11968);
#11967 = CARTESIAN_POINT('',(157.,224.,24.));
#11968 = VECTOR('',#11969,1.);
#11969 = DIRECTION('',(0.,0.,1.));
#11970 = ORIENTED_EDGE('',*,*,#11971,.F.);
#11971 = EDGE_CURVE('',#11948,#11964,#11972,.T.);
#11972 = LINE('',#11973,#11974);
#11973 = CARTESIAN_POINT('',(157.,164.,46.));
#11974 = VECTOR('',#11975,1.);
#11975 = DIRECTION('',(0.,1.,0.));
#11976 = PLANE('',#11977);
#11977 = AXIS2_PLACEMENT_3D('',#11978,#11979,#11980);
#11978 = CARTESIAN_POINT('',(157.,164.,24.));
#11979 = DIRECTION('',(1.,0.,0.));
#11980 = DIRECTION('',(0.,0.,1.));
#11981 = ADVANCED_FACE('',(#11982),#12016,.T.);
#11982 = FACE_BOUND('',#11983,.T.);
#11983 = EDGE_LOOP('',(#11984,#11994,#12002,#12010));
#11984 = ORIENTED_EDGE('',*,*,#11985,.F.);
#11985 = EDGE_CURVE('',#11986,#11988,#11990,.T.);
#11986 = VERTEX_POINT('',#11987);
#11987 = CARTESIAN_POINT('',(193.,164.,24.));
#11988 = VERTEX_POINT('',#11989);
#11989 = CARTESIAN_POINT('',(193.,164.,46.));
#11990 = LINE('',#11991,#11992);
#11991 = CARTESIAN_POINT('',(193.,164.,24.));
#11992 = VECTOR('',#11993,1.);
#11993 = DIRECTION('',(0.,0.,1.));
#11994 = ORIENTED_EDGE('',*,*,#11995,.T.);
#11995 = EDGE_CURVE('',#11986,#11996,#11998,.T.);
#11996 = VERTEX_POINT('',#11997);
#11997 = CARTESIAN_POINT('',(193.,224.,24.));
#11998 = LINE('',#11999,#12000);
#11999 = CARTESIAN_POINT('',(193.,164.,24.));
#12000 = VECTOR('',#12001,1.);
#12001 = DIRECTION('',(0.,1.,0.));
#12002 = ORIENTED_EDGE('',*,*,#12003,.T.);
#12003 = EDGE_CURVE('',#11996,#12004,#12006,.T.);
#12004 = VERTEX_POINT('',#12005);
#12005 = CARTESIAN_POINT('',(193.,224.,46.));
#12006 = LINE('',#12007,#12008);
#12007 = CARTESIAN_POINT('',(193.,224.,24.));
#12008 = VECTOR('',#12009,1.);
#12009 = DIRECTION('',(0.,0.,1.));
#12010 = ORIENTED_EDGE('',*,*,#12011,.F.);
#12011 = EDGE_CURVE('',#11988,#12004,#12012,.T.);
#12012 = LINE('',#12013,#12014);
#12013 = CARTESIAN_POINT('',(193.,164.,46.));
#12014 = VECTOR('',#12015,1.);
#12015 = DIRECTION('',(0.,1.,0.));
#12016 = PLANE('',#12017);
#12017 = AXIS2_PLACEMENT_3D('',#12018,#12019,#12020);
#12018 = CARTESIAN_POINT('',(193.,164.,24.));
#12019 = DIRECTION('',(1.,0.,0.));
#12020 = DIRECTION('',(0.,0.,1.));
#12021 = ADVANCED_FACE('',(#12022),#12038,.F.);
#12022 = FACE_BOUND('',#12023,.F.);
#12023 = EDGE_LOOP('',(#12024,#12030,#12031,#12037));
#12024 = ORIENTED_EDGE('',*,*,#12025,.F.);
#12025 = EDGE_CURVE('',#11946,#11986,#12026,.T.);
#12026 = LINE('',#12027,#12028);
#12027 = CARTESIAN_POINT('',(157.,164.,24.));
#12028 = VECTOR('',#12029,1.);
#12029 = DIRECTION('',(1.,0.,0.));
#12030 = ORIENTED_EDGE('',*,*,#11945,.T.);
#12031 = ORIENTED_EDGE('',*,*,#12032,.T.);
#12032 = EDGE_CURVE('',#11948,#11988,#12033,.T.);
#12033 = LINE('',#12034,#12035);
#12034 = CARTESIAN_POINT('',(157.,164.,46.));
#12035 = VECTOR('',#12036,1.);
#12036 = DIRECTION('',(1.,0.,0.));
#12037 = ORIENTED_EDGE('',*,*,#11985,.F.);
#12038 = PLANE('',#12039);
#12039 = AXIS2_PLACEMENT_3D('',#12040,#12041,#12042);
#12040 = CARTESIAN_POINT('',(157.,164.,24.));
#12041 = DIRECTION('',(0.,1.,0.));
#12042 = DIRECTION('',(0.,0.,1.));
#12043 = ADVANCED_FACE('',(#12044),#12060,.T.);
#12044 = FACE_BOUND('',#12045,.T.);
#12045 = EDGE_LOOP('',(#12046,#12052,#12053,#12059));
#12046 = ORIENTED_EDGE('',*,*,#12047,.F.);
#12047 = EDGE_CURVE('',#11956,#11996,#12048,.T.);
#12048 = LINE('',#12049,#12050);
#12049 = CARTESIAN_POINT('',(157.,224.,24.));
#12050 = VECTOR('',#12051,1.);
#12051 = DIRECTION('',(1.,0.,0.));
#12052 = ORIENTED_EDGE('',*,*,#11963,.T.);
#12053 = ORIENTED_EDGE('',*,*,#12054,.T.);
#12054 = EDGE_CURVE('',#11964,#12004,#12055,.T.);
#12055 = LINE('',#12056,#12057);
#12056 = CARTESIAN_POINT('',(157.,224.,46.));
#12057 = VECTOR('',#12058,1.);
#12058 = DIRECTION('',(1.,0.,0.));
#12059 = ORIENTED_EDGE('',*,*,#12003,.F.);
#12060 = PLANE('',#12061);
#12061 = AXIS2_PLACEMENT_3D('',#12062,#12063,#12064);
#12062 = CARTESIAN_POINT('',(157.,224.,24.));
#12063 = DIRECTION('',(0.,1.,0.));
#12064 = DIRECTION('',(0.,0.,1.));
#12065 = ADVANCED_FACE('',(#12066),#12072,.F.);
#12066 = FACE_BOUND('',#12067,.F.);
#12067 = EDGE_LOOP('',(#12068,#12069,#12070,#12071));
#12068 = ORIENTED_EDGE('',*,*,#11955,.F.);
#12069 = ORIENTED_EDGE('',*,*,#12025,.T.);
#12070 = ORIENTED_EDGE('',*,*,#11995,.T.);
#12071 = ORIENTED_EDGE('',*,*,#12047,.F.);
#12072 = PLANE('',#12073);
#12073 = AXIS2_PLACEMENT_3D('',#12074,#12075,#12076);
#12074 = CARTESIAN_POINT('',(157.,164.,24.));
#12075 = DIRECTION('',(0.,0.,1.));
#12076 = DIRECTION('',(1.,0.,0.));
#12077 = ADVANCED_FACE('',(#12078),#12084,.T.);
#12078 = FACE_BOUND('',#12079,.T.);
#12079 = EDGE_LOOP('',(#12080,#12081,#12082,#12083));
#12080 = ORIENTED_EDGE('',*,*,#11971,.F.);
#12081 = ORIENTED_EDGE('',*,*,#12032,.T.);
#12082 = ORIENTED_EDGE('',*,*,#12011,.T.);
#12083 = ORIENTED_EDGE('',*,*,#12054,.F.);
#12084 = PLANE('',#12085);
#12085 = AXIS2_PLACEMENT_3D('',#12086,#12087,#12088);
#12086 = CARTESIAN_POINT('',(157.,164.,46.));
#12087 = DIRECTION('',(0.,0.,1.));
#12088 = DIRECTION('',(1.,0.,0.));
#12089 = MANIFOLD_SOLID_BREP('',#12090);
#12090 = CLOSED_SHELL('',(#12091,#12124,#12144,#12164));
#12091 = ADVANCED_FACE('',(#12092),#12119,.T.);
#12092 = FACE_BOUND('',#12093,.T.);
#12093 = EDGE_LOOP('',(#12094,#12103,#12111,#12118));
#12094 = ORIENTED_EDGE('',*,*,#12095,.F.);
#12095 = EDGE_CURVE('',#12096,#12096,#12098,.T.);
#12096 = VERTEX_POINT('',#12097);
#12097 = CARTESIAN_POINT('',(165.,618.16861428242,379.65389565666));
#12098 = CIRCLE('',#12099,6.);
#12099 = AXIS2_PLACEMENT_3D('',#12100,#12101,#12102);
#12100 = CARTESIAN_POINT('',(165.,622.41125496954,375.41125496954));
#12101 = DIRECTION('',(-0.,0.707106781187,0.707106781187));
#12102 = DIRECTION('',(0.,-0.707106781187,0.707106781187));
#12103 = ORIENTED_EDGE('',*,*,#12104,.F.);
#12104 = EDGE_CURVE('',#12105,#12096,#12107,.T.);
#12105 = VERTEX_POINT('',#12106);
#12106 = CARTESIAN_POINT('',(165.,278.75735931288,40.242640687119));
#12107 = LINE('',#12108,#12109);
#12108 = CARTESIAN_POINT('',(165.,278.75735931288,40.242640687119));
#12109 = VECTOR('',#12110,1.);
#12110 = DIRECTION('',(0.,0.707106781187,0.707106781187));
#12111 = ORIENTED_EDGE('',*,*,#12112,.T.);
#12112 = EDGE_CURVE('',#12105,#12105,#12113,.T.);
#12113 = CIRCLE('',#12114,6.);
#12114 = AXIS2_PLACEMENT_3D('',#12115,#12116,#12117);
#12115 = CARTESIAN_POINT('',(165.,283.,36.));
#12116 = DIRECTION('',(-0.,0.707106781187,0.707106781187));
#12117 = DIRECTION('',(0.,-0.707106781187,0.707106781187));
#12118 = ORIENTED_EDGE('',*,*,#12104,.T.);
#12119 = CYLINDRICAL_SURFACE('',#12120,6.);
#12120 = AXIS2_PLACEMENT_3D('',#12121,#12122,#12123);
#12121 = CARTESIAN_POINT('',(165.,283.,36.));
#12122 = DIRECTION('',(0.,0.707106781187,0.707106781187));
#12123 = DIRECTION('',(0.,-0.707106781187,0.707106781187));
#12124 = ADVANCED_FACE('',(#12125,#12128),#12139,.T.);
#12125 = FACE_BOUND('',#12126,.T.);
#12126 = EDGE_LOOP('',(#12127));
#12127 = ORIENTED_EDGE('',*,*,#12095,.T.);
#12128 = FACE_BOUND('',#12129,.T.);
#12129 = EDGE_LOOP('',(#12130));
#12130 = ORIENTED_EDGE('',*,*,#12131,.F.);
#12131 = EDGE_CURVE('',#12132,#12132,#12134,.T.);
#12132 = VERTEX_POINT('',#12133);
#12133 = CARTESIAN_POINT('',(165.,618.87572106361,378.94678887547));
#12134 = CIRCLE('',#12135,5.);
#12135 = AXIS2_PLACEMENT_3D('',#12136,#12137,#12138);
#12136 = CARTESIAN_POINT('',(165.,622.41125496954,375.41125496954));
#12137 = DIRECTION('',(-0.,0.707106781187,0.707106781187));
#12138 = DIRECTION('',(0.,-0.707106781187,0.707106781187));
#12139 = PLANE('',#12140);
#12140 = AXIS2_PLACEMENT_3D('',#12141,#12142,#12143);
#12141 = CARTESIAN_POINT('',(165.,622.41125496954,375.41125496954));
#12142 = DIRECTION('',(0.,0.707106781187,0.707106781187));
#12143 = DIRECTION('',(0.,-0.707106781187,0.707106781187));
#12144 = ADVANCED_FACE('',(#12145,#12148),#12159,.F.);
#12145 = FACE_BOUND('',#12146,.F.);
#12146 = EDGE_LOOP('',(#12147));
#12147 = ORIENTED_EDGE('',*,*,#12112,.T.);
#12148 = FACE_BOUND('',#12149,.F.);
#12149 = EDGE_LOOP('',(#12150));
#12150 = ORIENTED_EDGE('',*,*,#12151,.F.);
#12151 = EDGE_CURVE('',#12152,#12152,#12154,.T.);
#12152 = VERTEX_POINT('',#12153);
#12153 = CARTESIAN_POINT('',(165.,279.46446609406,39.535533905933));
#12154 = CIRCLE('',#12155,5.);
#12155 = AXIS2_PLACEMENT_3D('',#12156,#12157,#12158);
#12156 = CARTESIAN_POINT('',(165.,283.,36.));
#12157 = DIRECTION('',(-0.,0.707106781187,0.707106781187));
#12158 = DIRECTION('',(0.,-0.707106781187,0.707106781187));
#12159 = PLANE('',#12160);
#12160 = AXIS2_PLACEMENT_3D('',#12161,#12162,#12163);
#12161 = CARTESIAN_POINT('',(165.,283.,36.));
#12162 = DIRECTION('',(0.,0.707106781187,0.707106781187));
#12163 = DIRECTION('',(0.,-0.707106781187,0.707106781187));
#12164 = ADVANCED_FACE('',(#12165),#12176,.F.);
#12165 = FACE_BOUND('',#12166,.F.);
#12166 = EDGE_LOOP('',(#12167,#12168,#12174,#12175));
#12167 = ORIENTED_EDGE('',*,*,#12131,.F.);
#12168 = ORIENTED_EDGE('',*,*,#12169,.F.);
#12169 = EDGE_CURVE('',#12152,#12132,#12170,.T.);
#12170 = LINE('',#12171,#12172);
#12171 = CARTESIAN_POINT('',(165.,279.46446609406,39.535533905933));
#12172 = VECTOR('',#12173,1.);
#12173 = DIRECTION('',(0.,0.707106781187,0.707106781187));
#12174 = ORIENTED_EDGE('',*,*,#12151,.T.);
#12175 = ORIENTED_EDGE('',*,*,#12169,.T.);
#12176 = CYLINDRICAL_SURFACE('',#12177,5.);
#12177 = AXIS2_PLACEMENT_3D('',#12178,#12179,#12180);
#12178 = CARTESIAN_POINT('',(165.,283.,36.));
#12179 = DIRECTION('',(0.,0.707106781187,0.707106781187));
#12180 = DIRECTION('',(0.,-0.707106781187,0.707106781187));
#12181 = MANIFOLD_SOLID_BREP('',#12182);
#12182 = CLOSED_SHELL('',(#12183,#12216,#12236,#12256));
#12183 = ADVANCED_FACE('',(#12184),#12211,.T.);
#12184 = FACE_BOUND('',#12185,.T.);
#12185 = EDGE_LOOP('',(#12186,#12195,#12203,#12210));
#12186 = ORIENTED_EDGE('',*,*,#12187,.F.);
#12187 = EDGE_CURVE('',#12188,#12188,#12190,.T.);
#12188 = VERTEX_POINT('',#12189);
#12189 = CARTESIAN_POINT('',(165.,722.41125496954,380.41125496954));
#12190 = CIRCLE('',#12191,5.);
#12191 = AXIS2_PLACEMENT_3D('',#12192,#12193,#12194);
#12192 = CARTESIAN_POINT('',(165.,722.41125496954,375.41125496954));
#12193 = DIRECTION('',(0.,1.,0.));
#12194 = DIRECTION('',(0.,0.,1.));
#12195 = ORIENTED_EDGE('',*,*,#12196,.F.);
#12196 = EDGE_CURVE('',#12197,#12188,#12199,.T.);
#12197 = VERTEX_POINT('',#12198);
#12198 = CARTESIAN_POINT('',(165.,622.41125496954,380.41125496954));
#12199 = LINE('',#12200,#12201);
#12200 = CARTESIAN_POINT('',(165.,622.41125496954,380.41125496954));
#12201 = VECTOR('',#12202,1.);
#12202 = DIRECTION('',(0.,1.,0.));
#12203 = ORIENTED_EDGE('',*,*,#12204,.T.);
#12204 = EDGE_CURVE('',#12197,#12197,#12205,.T.);
#12205 = CIRCLE('',#12206,5.);
#12206 = AXIS2_PLACEMENT_3D('',#12207,#12208,#12209);
#12207 = CARTESIAN_POINT('',(165.,622.41125496954,375.41125496954));
#12208 = DIRECTION('',(0.,1.,0.));
#12209 = DIRECTION('',(0.,0.,1.));
#12210 = ORIENTED_EDGE('',*,*,#12196,.T.);
#12211 = CYLINDRICAL_SURFACE('',#12212,5.);
#12212 = AXIS2_PLACEMENT_3D('',#12213,#12214,#12215);
#12213 = CARTESIAN_POINT('',(165.,622.41125496954,375.41125496954));
#12214 = DIRECTION('',(0.,1.,0.));
#12215 = DIRECTION('',(0.,0.,1.));
#12216 = ADVANCED_FACE('',(#12217,#12220),#12231,.T.);
#12217 = FACE_BOUND('',#12218,.T.);
#12218 = EDGE_LOOP('',(#12219));
#12219 = ORIENTED_EDGE('',*,*,#12187,.T.);
#12220 = FACE_BOUND('',#12221,.T.);
#12221 = EDGE_LOOP('',(#12222));
#12222 = ORIENTED_EDGE('',*,*,#12223,.F.);
#12223 = EDGE_CURVE('',#12224,#12224,#12226,.T.);
#12224 = VERTEX_POINT('',#12225);
#12225 = CARTESIAN_POINT('',(165.,722.41125496954,379.41125496954));
#12226 = CIRCLE('',#12227,4.);
#12227 = AXIS2_PLACEMENT_3D('',#12228,#12229,#12230);
#12228 = CARTESIAN_POINT('',(165.,722.41125496954,375.41125496954));
#12229 = DIRECTION('',(0.,1.,0.));
#12230 = DIRECTION('',(0.,0.,1.));
#12231 = PLANE('',#12232);
#12232 = AXIS2_PLACEMENT_3D('',#12233,#12234,#12235);
#12233 = CARTESIAN_POINT('',(165.,722.41125496954,375.41125496954));
#12234 = DIRECTION('',(0.,1.,0.));
#12235 = DIRECTION('',(0.,0.,1.));
#12236 = ADVANCED_FACE('',(#12237,#12240),#12251,.F.);
#12237 = FACE_BOUND('',#12238,.F.);
#12238 = EDGE_LOOP('',(#12239));
#12239 = ORIENTED_EDGE('',*,*,#12204,.T.);
#12240 = FACE_BOUND('',#12241,.F.);
#12241 = EDGE_LOOP('',(#12242));
#12242 = ORIENTED_EDGE('',*,*,#12243,.F.);
#12243 = EDGE_CURVE('',#12244,#12244,#12246,.T.);
#12244 = VERTEX_POINT('',#12245);
#12245 = CARTESIAN_POINT('',(165.,622.41125496954,379.41125496954));
#12246 = CIRCLE('',#12247,4.);
#12247 = AXIS2_PLACEMENT_3D('',#12248,#12249,#12250);
#12248 = CARTESIAN_POINT('',(165.,622.41125496954,375.41125496954));
#12249 = DIRECTION('',(0.,1.,0.));
#12250 = DIRECTION('',(0.,0.,1.));
#12251 = PLANE('',#12252);
#12252 = AXIS2_PLACEMENT_3D('',#12253,#12254,#12255);
#12253 = CARTESIAN_POINT('',(165.,622.41125496954,375.41125496954));
#12254 = DIRECTION('',(0.,1.,0.));
#12255 = DIRECTION('',(0.,0.,1.));
#12256 = ADVANCED_FACE('',(#12257),#12268,.F.);
#12257 = FACE_BOUND('',#12258,.F.);
#12258 = EDGE_LOOP('',(#12259,#12260,#12266,#12267));
#12259 = ORIENTED_EDGE('',*,*,#12223,.F.);
#12260 = ORIENTED_EDGE('',*,*,#12261,.F.);
#12261 = EDGE_CURVE('',#12244,#12224,#12262,.T.);
#12262 = LINE('',#12263,#12264);
#12263 = CARTESIAN_POINT('',(165.,622.41125496954,379.41125496954));
#12264 = VECTOR('',#12265,1.);
#12265 = DIRECTION('',(0.,1.,0.));
#12266 = ORIENTED_EDGE('',*,*,#12243,.T.);
#12267 = ORIENTED_EDGE('',*,*,#12261,.T.);
#12268 = CYLINDRICAL_SURFACE('',#12269,4.);
#12269 = AXIS2_PLACEMENT_3D('',#12270,#12271,#12272);
#12270 = CARTESIAN_POINT('',(165.,622.41125496954,375.41125496954));
#12271 = DIRECTION('',(0.,1.,0.));
#12272 = DIRECTION('',(0.,0.,1.));
#12273 = MANIFOLD_SOLID_BREP('',#12274);
#12274 = CLOSED_SHELL('',(#12275,#12315,#12355,#12377,#12399,#12411));
#12275 = ADVANCED_FACE('',(#12276),#12310,.F.);
#12276 = FACE_BOUND('',#12277,.F.);
#12277 = EDGE_LOOP('',(#12278,#12288,#12296,#12304));
#12278 = ORIENTED_EDGE('',*,*,#12279,.F.);
#12279 = EDGE_CURVE('',#12280,#12282,#12284,.T.);
#12280 = VERTEX_POINT('',#12281);
#12281 = CARTESIAN_POINT('',(135.,697.41125496954,345.41125496954));
#12282 = VERTEX_POINT('',#12283);
#12283 = CARTESIAN_POINT('',(135.,697.41125496954,365.41125496954));
#12284 = LINE('',#12285,#12286);
#12285 = CARTESIAN_POINT('',(135.,697.41125496954,345.41125496954));
#12286 = VECTOR('',#12287,1.);
#12287 = DIRECTION('',(0.,0.,1.));
#12288 = ORIENTED_EDGE('',*,*,#12289,.T.);
#12289 = EDGE_CURVE('',#12280,#12290,#12292,.T.);
#12290 = VERTEX_POINT('',#12291);
#12291 = CARTESIAN_POINT('',(135.,747.41125496954,345.41125496954));
#12292 = LINE('',#12293,#12294);
#12293 = CARTESIAN_POINT('',(135.,697.41125496954,345.41125496954));
#12294 = VECTOR('',#12295,1.);
#12295 = DIRECTION('',(0.,1.,0.));
#12296 = ORIENTED_EDGE('',*,*,#12297,.T.);
#12297 = EDGE_CURVE('',#12290,#12298,#12300,.T.);
#12298 = VERTEX_POINT('',#12299);
#12299 = CARTESIAN_POINT('',(135.,747.41125496954,365.41125496954));
#12300 = LINE('',#12301,#12302);
#12301 = CARTESIAN_POINT('',(135.,747.41125496954,345.41125496954));
#12302 = VECTOR('',#12303,1.);
#12303 = DIRECTION('',(0.,0.,1.));
#12304 = ORIENTED_EDGE('',*,*,#12305,.F.);
#12305 = EDGE_CURVE('',#12282,#12298,#12306,.T.);
#12306 = LINE('',#12307,#12308);
#12307 = CARTESIAN_POINT('',(135.,697.41125496954,365.41125496954));
#12308 = VECTOR('',#12309,1.);
#12309 = DIRECTION('',(0.,1.,0.));
#12310 = PLANE('',#12311);
#12311 = AXIS2_PLACEMENT_3D('',#12312,#12313,#12314);
#12312 = CARTESIAN_POINT('',(135.,697.41125496954,345.41125496954));
#12313 = DIRECTION('',(1.,0.,0.));
#12314 = DIRECTION('',(0.,0.,1.));
#12315 = ADVANCED_FACE('',(#12316),#12350,.T.);
#12316 = FACE_BOUND('',#12317,.T.);
#12317 = EDGE_LOOP('',(#12318,#12328,#12336,#12344));
#12318 = ORIENTED_EDGE('',*,*,#12319,.F.);
#12319 = EDGE_CURVE('',#12320,#12322,#12324,.T.);
#12320 = VERTEX_POINT('',#12321);
#12321 = CARTESIAN_POINT('',(195.,697.41125496954,345.41125496954));
#12322 = VERTEX_POINT('',#12323);
#12323 = CARTESIAN_POINT('',(195.,697.41125496954,365.41125496954));
#12324 = LINE('',#12325,#12326);
#12325 = CARTESIAN_POINT('',(195.,697.41125496954,345.41125496954));
#12326 = VECTOR('',#12327,1.);
#12327 = DIRECTION('',(0.,0.,1.));
#12328 = ORIENTED_EDGE('',*,*,#12329,.T.);
#12329 = EDGE_CURVE('',#12320,#12330,#12332,.T.);
#12330 = VERTEX_POINT('',#12331);
#12331 = CARTESIAN_POINT('',(195.,747.41125496954,345.41125496954));
#12332 = LINE('',#12333,#12334);
#12333 = CARTESIAN_POINT('',(195.,697.41125496954,345.41125496954));
#12334 = VECTOR('',#12335,1.);
#12335 = DIRECTION('',(0.,1.,0.));
#12336 = ORIENTED_EDGE('',*,*,#12337,.T.);
#12337 = EDGE_CURVE('',#12330,#12338,#12340,.T.);
#12338 = VERTEX_POINT('',#12339);
#12339 = CARTESIAN_POINT('',(195.,747.41125496954,365.41125496954));
#12340 = LINE('',#12341,#12342);
#12341 = CARTESIAN_POINT('',(195.,747.41125496954,345.41125496954));
#12342 = VECTOR('',#12343,1.);
#12343 = DIRECTION('',(0.,0.,1.));
#12344 = ORIENTED_EDGE('',*,*,#12345,.F.);
#12345 = EDGE_CURVE('',#12322,#12338,#12346,.T.);
#12346 = LINE('',#12347,#12348);
#12347 = CARTESIAN_POINT('',(195.,697.41125496954,365.41125496954));
#12348 = VECTOR('',#12349,1.);
#12349 = DIRECTION('',(0.,1.,0.));
#12350 = PLANE('',#12351);
#12351 = AXIS2_PLACEMENT_3D('',#12352,#12353,#12354);
#12352 = CARTESIAN_POINT('',(195.,697.41125496954,345.41125496954));
#12353 = DIRECTION('',(1.,0.,0.));
#12354 = DIRECTION('',(0.,0.,1.));
#12355 = ADVANCED_FACE('',(#12356),#12372,.F.);
#12356 = FACE_BOUND('',#12357,.F.);
#12357 = EDGE_LOOP('',(#12358,#12364,#12365,#12371));
#12358 = ORIENTED_EDGE('',*,*,#12359,.F.);
#12359 = EDGE_CURVE('',#12280,#12320,#12360,.T.);
#12360 = LINE('',#12361,#12362);
#12361 = CARTESIAN_POINT('',(135.,697.41125496954,345.41125496954));
#12362 = VECTOR('',#12363,1.);
#12363 = DIRECTION('',(1.,0.,0.));
#12364 = ORIENTED_EDGE('',*,*,#12279,.T.);
#12365 = ORIENTED_EDGE('',*,*,#12366,.T.);
#12366 = EDGE_CURVE('',#12282,#12322,#12367,.T.);
#12367 = LINE('',#12368,#12369);
#12368 = CARTESIAN_POINT('',(135.,697.41125496954,365.41125496954));
#12369 = VECTOR('',#12370,1.);
#12370 = DIRECTION('',(1.,0.,0.));
#12371 = ORIENTED_EDGE('',*,*,#12319,.F.);
#12372 = PLANE('',#12373);
#12373 = AXIS2_PLACEMENT_3D('',#12374,#12375,#12376);
#12374 = CARTESIAN_POINT('',(135.,697.41125496954,345.41125496954));
#12375 = DIRECTION('',(0.,1.,0.));
#12376 = DIRECTION('',(0.,0.,1.));
#12377 = ADVANCED_FACE('',(#12378),#12394,.T.);
#12378 = FACE_BOUND('',#12379,.T.);
#12379 = EDGE_LOOP('',(#12380,#12386,#12387,#12393));
#12380 = ORIENTED_EDGE('',*,*,#12381,.F.);
#12381 = EDGE_CURVE('',#12290,#12330,#12382,.T.);
#12382 = LINE('',#12383,#12384);
#12383 = CARTESIAN_POINT('',(135.,747.41125496954,345.41125496954));
#12384 = VECTOR('',#12385,1.);
#12385 = DIRECTION('',(1.,0.,0.));
#12386 = ORIENTED_EDGE('',*,*,#12297,.T.);
#12387 = ORIENTED_EDGE('',*,*,#12388,.T.);
#12388 = EDGE_CURVE('',#12298,#12338,#12389,.T.);
#12389 = LINE('',#12390,#12391);
#12390 = CARTESIAN_POINT('',(135.,747.41125496954,365.41125496954));
#12391 = VECTOR('',#12392,1.);
#12392 = DIRECTION('',(1.,0.,0.));
#12393 = ORIENTED_EDGE('',*,*,#12337,.F.);
#12394 = PLANE('',#12395);
#12395 = AXIS2_PLACEMENT_3D('',#12396,#12397,#12398);
#12396 = CARTESIAN_POINT('',(135.,747.41125496954,345.41125496954));
#12397 = DIRECTION('',(0.,1.,0.));
#12398 = DIRECTION('',(0.,0.,1.));
#12399 = ADVANCED_FACE('',(#12400),#12406,.F.);
#12400 = FACE_BOUND('',#12401,.F.);
#12401 = EDGE_LOOP('',(#12402,#12403,#12404,#12405));
#12402 = ORIENTED_EDGE('',*,*,#12289,.F.);
#12403 = ORIENTED_EDGE('',*,*,#12359,.T.);
#12404 = ORIENTED_EDGE('',*,*,#12329,.T.);
#12405 = ORIENTED_EDGE('',*,*,#12381,.F.);
#12406 = PLANE('',#12407);
#12407 = AXIS2_PLACEMENT_3D('',#12408,#12409,#12410);
#12408 = CARTESIAN_POINT('',(135.,697.41125496954,345.41125496954));
#12409 = DIRECTION('',(0.,0.,1.));
#12410 = DIRECTION('',(1.,0.,0.));
#12411 = ADVANCED_FACE('',(#12412),#12418,.T.);
#12412 = FACE_BOUND('',#12413,.T.);
#12413 = EDGE_LOOP('',(#12414,#12415,#12416,#12417));
#12414 = ORIENTED_EDGE('',*,*,#12305,.F.);
#12415 = ORIENTED_EDGE('',*,*,#12366,.T.);
#12416 = ORIENTED_EDGE('',*,*,#12345,.T.);
#12417 = ORIENTED_EDGE('',*,*,#12388,.F.);
#12418 = PLANE('',#12419);
#12419 = AXIS2_PLACEMENT_3D('',#12420,#12421,#12422);
#12420 = CARTESIAN_POINT('',(135.,697.41125496954,365.41125496954));
#12421 = DIRECTION('',(0.,0.,1.));
#12422 = DIRECTION('',(1.,0.,0.));
#12423 = MANIFOLD_SOLID_BREP('',#12424);
#12424 = CLOSED_SHELL('',(#12425,#12465,#12505,#12527,#12549,#12561));
#12425 = ADVANCED_FACE('',(#12426),#12460,.F.);
#12426 = FACE_BOUND('',#12427,.F.);
#12427 = EDGE_LOOP('',(#12428,#12438,#12446,#12454));
#12428 = ORIENTED_EDGE('',*,*,#12429,.F.);
#12429 = EDGE_CURVE('',#12430,#12432,#12434,.T.);
#12430 = VERTEX_POINT('',#12431);
#12431 = CARTESIAN_POINT('',(161.,718.41125496954,365.41125496954));
#12432 = VERTEX_POINT('',#12433);
#12433 = CARTESIAN_POINT('',(161.,718.41125496954,375.41125496954));
#12434 = LINE('',#12435,#12436);
#12435 = CARTESIAN_POINT('',(161.,718.41125496954,365.41125496954));
#12436 = VECTOR('',#12437,1.);
#12437 = DIRECTION('',(0.,0.,1.));
#12438 = ORIENTED_EDGE('',*,*,#12439,.T.);
#12439 = EDGE_CURVE('',#12430,#12440,#12442,.T.);
#12440 = VERTEX_POINT('',#12441);
#12441 = CARTESIAN_POINT('',(161.,726.41125496954,365.41125496954));
#12442 = LINE('',#12443,#12444);
#12443 = CARTESIAN_POINT('',(161.,718.41125496954,365.41125496954));
#12444 = VECTOR('',#12445,1.);
#12445 = DIRECTION('',(0.,1.,0.));
#12446 = ORIENTED_EDGE('',*,*,#12447,.T.);
#12447 = EDGE_CURVE('',#12440,#12448,#12450,.T.);
#12448 = VERTEX_POINT('',#12449);
#12449 = CARTESIAN_POINT('',(161.,726.41125496954,375.41125496954));
#12450 = LINE('',#12451,#12452);
#12451 = CARTESIAN_POINT('',(161.,726.41125496954,365.41125496954));
#12452 = VECTOR('',#12453,1.);
#12453 = DIRECTION('',(0.,0.,1.));
#12454 = ORIENTED_EDGE('',*,*,#12455,.F.);
#12455 = EDGE_CURVE('',#12432,#12448,#12456,.T.);
#12456 = LINE('',#12457,#12458);
#12457 = CARTESIAN_POINT('',(161.,718.41125496954,375.41125496954));
#12458 = VECTOR('',#12459,1.);
#12459 = DIRECTION('',(0.,1.,0.));
#12460 = PLANE('',#12461);
#12461 = AXIS2_PLACEMENT_3D('',#12462,#12463,#12464);
#12462 = CARTESIAN_POINT('',(161.,718.41125496954,365.41125496954));
#12463 = DIRECTION('',(1.,0.,0.));
#12464 = DIRECTION('',(0.,0.,1.));
#12465 = ADVANCED_FACE('',(#12466),#12500,.T.);
#12466 = FACE_BOUND('',#12467,.T.);
#12467 = EDGE_LOOP('',(#12468,#12478,#12486,#12494));
#12468 = ORIENTED_EDGE('',*,*,#12469,.F.);
#12469 = EDGE_CURVE('',#12470,#12472,#12474,.T.);
#12470 = VERTEX_POINT('',#12471);
#12471 = CARTESIAN_POINT('',(169.,718.41125496954,365.41125496954));
#12472 = VERTEX_POINT('',#12473);
#12473 = CARTESIAN_POINT('',(169.,718.41125496954,375.41125496954));
#12474 = LINE('',#12475,#12476);
#12475 = CARTESIAN_POINT('',(169.,718.41125496954,365.41125496954));
#12476 = VECTOR('',#12477,1.);
#12477 = DIRECTION('',(0.,0.,1.));
#12478 = ORIENTED_EDGE('',*,*,#12479,.T.);
#12479 = EDGE_CURVE('',#12470,#12480,#12482,.T.);
#12480 = VERTEX_POINT('',#12481);
#12481 = CARTESIAN_POINT('',(169.,726.41125496954,365.41125496954));
#12482 = LINE('',#12483,#12484);
#12483 = CARTESIAN_POINT('',(169.,718.41125496954,365.41125496954));
#12484 = VECTOR('',#12485,1.);
#12485 = DIRECTION('',(0.,1.,0.));
#12486 = ORIENTED_EDGE('',*,*,#12487,.T.);
#12487 = EDGE_CURVE('',#12480,#12488,#12490,.T.);
#12488 = VERTEX_POINT('',#12489);
#12489 = CARTESIAN_POINT('',(169.,726.41125496954,375.41125496954));
#12490 = LINE('',#12491,#12492);
#12491 = CARTESIAN_POINT('',(169.,726.41125496954,365.41125496954));
#12492 = VECTOR('',#12493,1.);
#12493 = DIRECTION('',(0.,0.,1.));
#12494 = ORIENTED_EDGE('',*,*,#12495,.F.);
#12495 = EDGE_CURVE('',#12472,#12488,#12496,.T.);
#12496 = LINE('',#12497,#12498);
#12497 = CARTESIAN_POINT('',(169.,718.41125496954,375.41125496954));
#12498 = VECTOR('',#12499,1.);
#12499 = DIRECTION('',(0.,1.,0.));
#12500 = PLANE('',#12501);
#12501 = AXIS2_PLACEMENT_3D('',#12502,#12503,#12504);
#12502 = CARTESIAN_POINT('',(169.,718.41125496954,365.41125496954));
#12503 = DIRECTION('',(1.,0.,0.));
#12504 = DIRECTION('',(0.,0.,1.));
#12505 = ADVANCED_FACE('',(#12506),#12522,.F.);
#12506 = FACE_BOUND('',#12507,.F.);
#12507 = EDGE_LOOP('',(#12508,#12514,#12515,#12521));
#12508 = ORIENTED_EDGE('',*,*,#12509,.F.);
#12509 = EDGE_CURVE('',#12430,#12470,#12510,.T.);
#12510 = LINE('',#12511,#12512);
#12511 = CARTESIAN_POINT('',(161.,718.41125496954,365.41125496954));
#12512 = VECTOR('',#12513,1.);
#12513 = DIRECTION('',(1.,0.,0.));
#12514 = ORIENTED_EDGE('',*,*,#12429,.T.);
#12515 = ORIENTED_EDGE('',*,*,#12516,.T.);
#12516 = EDGE_CURVE('',#12432,#12472,#12517,.T.);
#12517 = LINE('',#12518,#12519);
#12518 = CARTESIAN_POINT('',(161.,718.41125496954,375.41125496954));
#12519 = VECTOR('',#12520,1.);
#12520 = DIRECTION('',(1.,0.,0.));
#12521 = ORIENTED_EDGE('',*,*,#12469,.F.);
#12522 = PLANE('',#12523);
#12523 = AXIS2_PLACEMENT_3D('',#12524,#12525,#12526);
#12524 = CARTESIAN_POINT('',(161.,718.41125496954,365.41125496954));
#12525 = DIRECTION('',(0.,1.,0.));
#12526 = DIRECTION('',(0.,0.,1.));
#12527 = ADVANCED_FACE('',(#12528),#12544,.T.);
#12528 = FACE_BOUND('',#12529,.T.);
#12529 = EDGE_LOOP('',(#12530,#12536,#12537,#12543));
#12530 = ORIENTED_EDGE('',*,*,#12531,.F.);
#12531 = EDGE_CURVE('',#12440,#12480,#12532,.T.);
#12532 = LINE('',#12533,#12534);
#12533 = CARTESIAN_POINT('',(161.,726.41125496954,365.41125496954));
#12534 = VECTOR('',#12535,1.);
#12535 = DIRECTION('',(1.,0.,0.));
#12536 = ORIENTED_EDGE('',*,*,#12447,.T.);
#12537 = ORIENTED_EDGE('',*,*,#12538,.T.);
#12538 = EDGE_CURVE('',#12448,#12488,#12539,.T.);
#12539 = LINE('',#12540,#12541);
#12540 = CARTESIAN_POINT('',(161.,726.41125496954,375.41125496954));
#12541 = VECTOR('',#12542,1.);
#12542 = DIRECTION('',(1.,0.,0.));
#12543 = ORIENTED_EDGE('',*,*,#12487,.F.);
#12544 = PLANE('',#12545);
#12545 = AXIS2_PLACEMENT_3D('',#12546,#12547,#12548);
#12546 = CARTESIAN_POINT('',(161.,726.41125496954,365.41125496954));
#12547 = DIRECTION('',(0.,1.,0.));
#12548 = DIRECTION('',(0.,0.,1.));
#12549 = ADVANCED_FACE('',(#12550),#12556,.F.);
#12550 = FACE_BOUND('',#12551,.F.);
#12551 = EDGE_LOOP('',(#12552,#12553,#12554,#12555));
#12552 = ORIENTED_EDGE('',*,*,#12439,.F.);
#12553 = ORIENTED_EDGE('',*,*,#12509,.T.);
#12554 = ORIENTED_EDGE('',*,*,#12479,.T.);
#12555 = ORIENTED_EDGE('',*,*,#12531,.F.);
#12556 = PLANE('',#12557);
#12557 = AXIS2_PLACEMENT_3D('',#12558,#12559,#12560);
#12558 = CARTESIAN_POINT('',(161.,718.41125496954,365.41125496954));
#12559 = DIRECTION('',(0.,0.,1.));
#12560 = DIRECTION('',(1.,0.,0.));
#12561 = ADVANCED_FACE('',(#12562),#12568,.T.);
#12562 = FACE_BOUND('',#12563,.T.);
#12563 = EDGE_LOOP('',(#12564,#12565,#12566,#12567));
#12564 = ORIENTED_EDGE('',*,*,#12455,.F.);
#12565 = ORIENTED_EDGE('',*,*,#12516,.T.);
#12566 = ORIENTED_EDGE('',*,*,#12495,.T.);
#12567 = ORIENTED_EDGE('',*,*,#12538,.F.);
#12568 = PLANE('',#12569);
#12569 = AXIS2_PLACEMENT_3D('',#12570,#12571,#12572);
#12570 = CARTESIAN_POINT('',(161.,718.41125496954,375.41125496954));
#12571 = DIRECTION('',(0.,0.,1.));
#12572 = DIRECTION('',(1.,0.,0.));
#12573 = MANIFOLD_SOLID_BREP('',#12574);
#12574 = CLOSED_SHELL('',(#12575,#12608,#12617));
#12575 = ADVANCED_FACE('',(#12576),#12603,.T.);
#12576 = FACE_BOUND('',#12577,.T.);
#12577 = EDGE_LOOP('',(#12578,#12587,#12595,#12602));
#12578 = ORIENTED_EDGE('',*,*,#12579,.F.);
#12579 = EDGE_CURVE('',#12580,#12580,#12582,.T.);
#12580 = VERTEX_POINT('',#12581);
#12581 = CARTESIAN_POINT('',(-23.5,-142.5,161.));
#12582 = CIRCLE('',#12583,19.);
#12583 = AXIS2_PLACEMENT_3D('',#12584,#12585,#12586);
#12584 = CARTESIAN_POINT('',(-42.5,-142.5,161.));
#12585 = DIRECTION('',(0.,0.,1.));
#12586 = DIRECTION('',(1.,0.,0.));
#12587 = ORIENTED_EDGE('',*,*,#12588,.F.);
#12588 = EDGE_CURVE('',#12589,#12580,#12591,.T.);
#12589 = VERTEX_POINT('',#12590);
#12590 = CARTESIAN_POINT('',(-23.5,-142.5,101.));
#12591 = LINE('',#12592,#12593);
#12592 = CARTESIAN_POINT('',(-23.5,-142.5,101.));
#12593 = VECTOR('',#12594,1.);
#12594 = DIRECTION('',(0.,0.,1.));
#12595 = ORIENTED_EDGE('',*,*,#12596,.T.);
#12596 = EDGE_CURVE('',#12589,#12589,#12597,.T.);
#12597 = CIRCLE('',#12598,19.);
#12598 = AXIS2_PLACEMENT_3D('',#12599,#12600,#12601);
#12599 = CARTESIAN_POINT('',(-42.5,-142.5,101.));
#12600 = DIRECTION('',(0.,0.,1.));
#12601 = DIRECTION('',(1.,0.,0.));
#12602 = ORIENTED_EDGE('',*,*,#12588,.T.);
#12603 = CYLINDRICAL_SURFACE('',#12604,19.);
#12604 = AXIS2_PLACEMENT_3D('',#12605,#12606,#12607);
#12605 = CARTESIAN_POINT('',(-42.5,-142.5,101.));
#12606 = DIRECTION('',(0.,0.,1.));
#12607 = DIRECTION('',(1.,0.,0.));
#12608 = ADVANCED_FACE('',(#12609),#12612,.T.);
#12609 = FACE_BOUND('',#12610,.T.);
#12610 = EDGE_LOOP('',(#12611));
#12611 = ORIENTED_EDGE('',*,*,#12579,.T.);
#12612 = PLANE('',#12613);
#12613 = AXIS2_PLACEMENT_3D('',#12614,#12615,#12616);
#12614 = CARTESIAN_POINT('',(-42.5,-142.5,161.));
#12615 = DIRECTION('',(0.,0.,1.));
#12616 = DIRECTION('',(1.,0.,0.));
#12617 = ADVANCED_FACE('',(#12618),#12621,.F.);
#12618 = FACE_BOUND('',#12619,.T.);
#12619 = EDGE_LOOP('',(#12620));
#12620 = ORIENTED_EDGE('',*,*,#12596,.F.);
#12621 = PLANE('',#12622);
#12622 = AXIS2_PLACEMENT_3D('',#12623,#12624,#12625);
#12623 = CARTESIAN_POINT('',(-42.5,-142.5,101.));
#12624 = DIRECTION('',(0.,0.,1.));
#12625 = DIRECTION('',(1.,0.,0.));
#12626 = MANIFOLD_SOLID_BREP('',#12627);
#12627 = CLOSED_SHELL('',(#12628,#12661,#12681,#12701));
#12628 = ADVANCED_FACE('',(#12629),#12656,.T.);
#12629 = FACE_BOUND('',#12630,.T.);
#12630 = EDGE_LOOP('',(#12631,#12640,#12648,#12655));
#12631 = ORIENTED_EDGE('',*,*,#12632,.F.);
#12632 = EDGE_CURVE('',#12633,#12633,#12635,.T.);
#12633 = VERTEX_POINT('',#12634);
#12634 = CARTESIAN_POINT('',(99.5,-142.5,180.));
#12635 = CIRCLE('',#12636,142.);
#12636 = AXIS2_PLACEMENT_3D('',#12637,#12638,#12639);
#12637 = CARTESIAN_POINT('',(-42.5,-142.5,180.));
#12638 = DIRECTION('',(0.,0.,1.));
#12639 = DIRECTION('',(1.,0.,0.));
#12640 = ORIENTED_EDGE('',*,*,#12641,.F.);
#12641 = EDGE_CURVE('',#12642,#12633,#12644,.T.);
#12642 = VERTEX_POINT('',#12643);
#12643 = CARTESIAN_POINT('',(99.5,-142.5,118.));
#12644 = LINE('',#12645,#12646);
#12645 = CARTESIAN_POINT('',(99.5,-142.5,118.));
#12646 = VECTOR('',#12647,1.);
#12647 = DIRECTION('',(0.,0.,1.));
#12648 = ORIENTED_EDGE('',*,*,#12649,.T.);
#12649 = EDGE_CURVE('',#12642,#12642,#12650,.T.);
#12650 = CIRCLE('',#12651,142.);
#12651 = AXIS2_PLACEMENT_3D('',#12652,#12653,#12654);
#12652 = CARTESIAN_POINT('',(-42.5,-142.5,118.));
#12653 = DIRECTION('',(0.,0.,1.));
#12654 = DIRECTION('',(1.,0.,0.));
#12655 = ORIENTED_EDGE('',*,*,#12641,.T.);
#12656 = CYLINDRICAL_SURFACE('',#12657,142.);
#12657 = AXIS2_PLACEMENT_3D('',#12658,#12659,#12660);
#12658 = CARTESIAN_POINT('',(-42.5,-142.5,118.));
#12659 = DIRECTION('',(0.,0.,1.));
#12660 = DIRECTION('',(1.,0.,0.));
#12661 = ADVANCED_FACE('',(#12662,#12665),#12676,.T.);
#12662 = FACE_BOUND('',#12663,.T.);
#12663 = EDGE_LOOP('',(#12664));
#12664 = ORIENTED_EDGE('',*,*,#12632,.T.);
#12665 = FACE_BOUND('',#12666,.T.);
#12666 = EDGE_LOOP('',(#12667));
#12667 = ORIENTED_EDGE('',*,*,#12668,.F.);
#12668 = EDGE_CURVE('',#12669,#12669,#12671,.T.);
#12669 = VERTEX_POINT('',#12670);
#12670 = CARTESIAN_POINT('',(96.5,-142.5,180.));
#12671 = CIRCLE('',#12672,139.);
#12672 = AXIS2_PLACEMENT_3D('',#12673,#12674,#12675);
#12673 = CARTESIAN_POINT('',(-42.5,-142.5,180.));
#12674 = DIRECTION('',(0.,0.,1.));
#12675 = DIRECTION('',(1.,0.,0.));
#12676 = PLANE('',#12677);
#12677 = AXIS2_PLACEMENT_3D('',#12678,#12679,#12680);
#12678 = CARTESIAN_POINT('',(-42.5,-142.5,180.));
#12679 = DIRECTION('',(0.,0.,1.));
#12680 = DIRECTION('',(1.,0.,0.));
#12681 = ADVANCED_FACE('',(#12682,#12685),#12696,.F.);
#12682 = FACE_BOUND('',#12683,.F.);
#12683 = EDGE_LOOP('',(#12684));
#12684 = ORIENTED_EDGE('',*,*,#12649,.T.);
#12685 = FACE_BOUND('',#12686,.F.);
#12686 = EDGE_LOOP('',(#12687));
#12687 = ORIENTED_EDGE('',*,*,#12688,.F.);
#12688 = EDGE_CURVE('',#12689,#12689,#12691,.T.);
#12689 = VERTEX_POINT('',#12690);
#12690 = CARTESIAN_POINT('',(96.5,-142.5,118.));
#12691 = CIRCLE('',#12692,139.);
#12692 = AXIS2_PLACEMENT_3D('',#12693,#12694,#12695);
#12693 = CARTESIAN_POINT('',(-42.5,-142.5,118.));
#12694 = DIRECTION('',(0.,0.,1.));
#12695 = DIRECTION('',(1.,0.,0.));
#12696 = PLANE('',#12697);
#12697 = AXIS2_PLACEMENT_3D('',#12698,#12699,#12700);
#12698 = CARTESIAN_POINT('',(-42.5,-142.5,118.));
#12699 = DIRECTION('',(0.,0.,1.));
#12700 = DIRECTION('',(1.,0.,0.));
#12701 = ADVANCED_FACE('',(#12702),#12713,.F.);
#12702 = FACE_BOUND('',#12703,.F.);
#12703 = EDGE_LOOP('',(#12704,#12705,#12711,#12712));
#12704 = ORIENTED_EDGE('',*,*,#12668,.F.);
#12705 = ORIENTED_EDGE('',*,*,#12706,.F.);
#12706 = EDGE_CURVE('',#12689,#12669,#12707,.T.);
#12707 = LINE('',#12708,#12709);
#12708 = CARTESIAN_POINT('',(96.5,-142.5,118.));
#12709 = VECTOR('',#12710,1.);
#12710 = DIRECTION('',(0.,0.,1.));
#12711 = ORIENTED_EDGE('',*,*,#12688,.T.);
#12712 = ORIENTED_EDGE('',*,*,#12706,.T.);
#12713 = CYLINDRICAL_SURFACE('',#12714,139.);
#12714 = AXIS2_PLACEMENT_3D('',#12715,#12716,#12717);
#12715 = CARTESIAN_POINT('',(-42.5,-142.5,118.));
#12716 = DIRECTION('',(0.,0.,1.));
#12717 = DIRECTION('',(1.,0.,0.));
#12718 = MANIFOLD_SOLID_BREP('',#12719);
#12719 = CLOSED_SHELL('',(#12720,#12753,#12762));
#12720 = ADVANCED_FACE('',(#12721),#12748,.T.);
#12721 = FACE_BOUND('',#12722,.T.);
#12722 = EDGE_LOOP('',(#12723,#12732,#12740,#12747));
#12723 = ORIENTED_EDGE('',*,*,#12724,.F.);
#12724 = EDGE_CURVE('',#12725,#12725,#12727,.T.);
#12725 = VERTEX_POINT('',#12726);
#12726 = CARTESIAN_POINT('',(336.5,-142.5,161.));
#12727 = CIRCLE('',#12728,19.);
#12728 = AXIS2_PLACEMENT_3D('',#12729,#12730,#12731);
#12729 = CARTESIAN_POINT('',(317.5,-142.5,161.));
#12730 = DIRECTION('',(0.,0.,1.));
#12731 = DIRECTION('',(1.,0.,0.));
#12732 = ORIENTED_EDGE('',*,*,#12733,.F.);
#12733 = EDGE_CURVE('',#12734,#12725,#12736,.T.);
#12734 = VERTEX_POINT('',#12735);
#12735 = CARTESIAN_POINT('',(336.5,-142.5,101.));
#12736 = LINE('',#12737,#12738);
#12737 = CARTESIAN_POINT('',(336.5,-142.5,101.));
#12738 = VECTOR('',#12739,1.);
#12739 = DIRECTION('',(0.,0.,1.));
#12740 = ORIENTED_EDGE('',*,*,#12741,.T.);
#12741 = EDGE_CURVE('',#12734,#12734,#12742,.T.);
#12742 = CIRCLE('',#12743,19.);
#12743 = AXIS2_PLACEMENT_3D('',#12744,#12745,#12746);
#12744 = CARTESIAN_POINT('',(317.5,-142.5,101.));
#12745 = DIRECTION('',(0.,0.,1.));
#12746 = DIRECTION('',(1.,0.,0.));
#12747 = ORIENTED_EDGE('',*,*,#12733,.T.);
#12748 = CYLINDRICAL_SURFACE('',#12749,19.);
#12749 = AXIS2_PLACEMENT_3D('',#12750,#12751,#12752);
#12750 = CARTESIAN_POINT('',(317.5,-142.5,101.));
#12751 = DIRECTION('',(0.,0.,1.));
#12752 = DIRECTION('',(1.,0.,0.));
#12753 = ADVANCED_FACE('',(#12754),#12757,.T.);
#12754 = FACE_BOUND('',#12755,.T.);
#12755 = EDGE_LOOP('',(#12756));
#12756 = ORIENTED_EDGE('',*,*,#12724,.T.);
#12757 = PLANE('',#12758);
#12758 = AXIS2_PLACEMENT_3D('',#12759,#12760,#12761);
#12759 = CARTESIAN_POINT('',(317.5,-142.5,161.));
#12760 = DIRECTION('',(0.,0.,1.));
#12761 = DIRECTION('',(1.,0.,0.));
#12762 = ADVANCED_FACE('',(#12763),#12766,.F.);
#12763 = FACE_BOUND('',#12764,.T.);
#12764 = EDGE_LOOP('',(#12765));
#12765 = ORIENTED_EDGE('',*,*,#12741,.F.);
#12766 = PLANE('',#12767);
#12767 = AXIS2_PLACEMENT_3D('',#12768,#12769,#12770);
#12768 = CARTESIAN_POINT('',(317.5,-142.5,101.));
#12769 = DIRECTION('',(0.,0.,1.));
#12770 = DIRECTION('',(1.,0.,0.));
#12771 = MANIFOLD_SOLID_BREP('',#12772);
#12772 = CLOSED_SHELL('',(#12773,#12806,#12826,#12846));
#12773 = ADVANCED_FACE('',(#12774),#12801,.T.);
#12774 = FACE_BOUND('',#12775,.T.);
#12775 = EDGE_LOOP('',(#12776,#12785,#12793,#12800));
#12776 = ORIENTED_EDGE('',*,*,#12777,.F.);
#12777 = EDGE_CURVE('',#12778,#12778,#12780,.T.);
#12778 = VERTEX_POINT('',#12779);
#12779 = CARTESIAN_POINT('',(459.5,-142.5,180.));
#12780 = CIRCLE('',#12781,142.);
#12781 = AXIS2_PLACEMENT_3D('',#12782,#12783,#12784);
#12782 = CARTESIAN_POINT('',(317.5,-142.5,180.));
#12783 = DIRECTION('',(0.,0.,1.));
#12784 = DIRECTION('',(1.,0.,0.));
#12785 = ORIENTED_EDGE('',*,*,#12786,.F.);
#12786 = EDGE_CURVE('',#12787,#12778,#12789,.T.);
#12787 = VERTEX_POINT('',#12788);
#12788 = CARTESIAN_POINT('',(459.5,-142.5,118.));
#12789 = LINE('',#12790,#12791);
#12790 = CARTESIAN_POINT('',(459.5,-142.5,118.));
#12791 = VECTOR('',#12792,1.);
#12792 = DIRECTION('',(0.,0.,1.));
#12793 = ORIENTED_EDGE('',*,*,#12794,.T.);
#12794 = EDGE_CURVE('',#12787,#12787,#12795,.T.);
#12795 = CIRCLE('',#12796,142.);
#12796 = AXIS2_PLACEMENT_3D('',#12797,#12798,#12799);
#12797 = CARTESIAN_POINT('',(317.5,-142.5,118.));
#12798 = DIRECTION('',(0.,0.,1.));
#12799 = DIRECTION('',(1.,0.,0.));
#12800 = ORIENTED_EDGE('',*,*,#12786,.T.);
#12801 = CYLINDRICAL_SURFACE('',#12802,142.);
#12802 = AXIS2_PLACEMENT_3D('',#12803,#12804,#12805);
#12803 = CARTESIAN_POINT('',(317.5,-142.5,118.));
#12804 = DIRECTION('',(0.,0.,1.));
#12805 = DIRECTION('',(1.,0.,0.));
#12806 = ADVANCED_FACE('',(#12807,#12810),#12821,.T.);
#12807 = FACE_BOUND('',#12808,.T.);
#12808 = EDGE_LOOP('',(#12809));
#12809 = ORIENTED_EDGE('',*,*,#12777,.T.);
#12810 = FACE_BOUND('',#12811,.T.);
#12811 = EDGE_LOOP('',(#12812));
#12812 = ORIENTED_EDGE('',*,*,#12813,.F.);
#12813 = EDGE_CURVE('',#12814,#12814,#12816,.T.);
#12814 = VERTEX_POINT('',#12815);
#12815 = CARTESIAN_POINT('',(456.5,-142.5,180.));
#12816 = CIRCLE('',#12817,139.);
#12817 = AXIS2_PLACEMENT_3D('',#12818,#12819,#12820);
#12818 = CARTESIAN_POINT('',(317.5,-142.5,180.));
#12819 = DIRECTION('',(0.,0.,1.));
#12820 = DIRECTION('',(1.,0.,0.));
#12821 = PLANE('',#12822);
#12822 = AXIS2_PLACEMENT_3D('',#12823,#12824,#12825);
#12823 = CARTESIAN_POINT('',(317.5,-142.5,180.));
#12824 = DIRECTION('',(0.,0.,1.));
#12825 = DIRECTION('',(1.,0.,0.));
#12826 = ADVANCED_FACE('',(#12827,#12830),#12841,.F.);
#12827 = FACE_BOUND('',#12828,.F.);
#12828 = EDGE_LOOP('',(#12829));
#12829 = ORIENTED_EDGE('',*,*,#12794,.T.);
#12830 = FACE_BOUND('',#12831,.F.);
#12831 = EDGE_LOOP('',(#12832));
#12832 = ORIENTED_EDGE('',*,*,#12833,.F.);
#12833 = EDGE_CURVE('',#12834,#12834,#12836,.T.);
#12834 = VERTEX_POINT('',#12835);
#12835 = CARTESIAN_POINT('',(456.5,-142.5,118.));
#12836 = CIRCLE('',#12837,139.);
#12837 = AXIS2_PLACEMENT_3D('',#12838,#12839,#12840);
#12838 = CARTESIAN_POINT('',(317.5,-142.5,118.));
#12839 = DIRECTION('',(0.,0.,1.));
#12840 = DIRECTION('',(1.,0.,0.));
#12841 = PLANE('',#12842);
#12842 = AXIS2_PLACEMENT_3D('',#12843,#12844,#12845);
#12843 = CARTESIAN_POINT('',(317.5,-142.5,118.));
#12844 = DIRECTION('',(0.,0.,1.));
#12845 = DIRECTION('',(1.,0.,0.));
#12846 = ADVANCED_FACE('',(#12847),#12858,.F.);
#12847 = FACE_BOUND('',#12848,.F.);
#12848 = EDGE_LOOP('',(#12849,#12850,#12856,#12857));
#12849 = ORIENTED_EDGE('',*,*,#12813,.F.);
#12850 = ORIENTED_EDGE('',*,*,#12851,.F.);
#12851 = EDGE_CURVE('',#12834,#12814,#12852,.T.);
#12852 = LINE('',#12853,#12854);
#12853 = CARTESIAN_POINT('',(456.5,-142.5,118.));
#12854 = VECTOR('',#12855,1.);
#12855 = DIRECTION('',(0.,0.,1.));
#12856 = ORIENTED_EDGE('',*,*,#12833,.T.);
#12857 = ORIENTED_EDGE('',*,*,#12851,.T.);
#12858 = CYLINDRICAL_SURFACE('',#12859,139.);
#12859 = AXIS2_PLACEMENT_3D('',#12860,#12861,#12862);
#12860 = CARTESIAN_POINT('',(317.5,-142.5,118.));
#12861 = DIRECTION('',(0.,0.,1.));
#12862 = DIRECTION('',(1.,0.,0.));
#12863 = MANIFOLD_SOLID_BREP('',#12864);
#12864 = CLOSED_SHELL('',(#12865,#12898,#12907));
#12865 = ADVANCED_FACE('',(#12866),#12893,.T.);
#12866 = FACE_BOUND('',#12867,.T.);
#12867 = EDGE_LOOP('',(#12868,#12877,#12885,#12892));
#12868 = ORIENTED_EDGE('',*,*,#12869,.F.);
#12869 = EDGE_CURVE('',#12870,#12870,#12872,.T.);
#12870 = VERTEX_POINT('',#12871);
#12871 = CARTESIAN_POINT('',(336.5,417.5,161.));
#12872 = CIRCLE('',#12873,19.);
#12873 = AXIS2_PLACEMENT_3D('',#12874,#12875,#12876);
#12874 = CARTESIAN_POINT('',(317.5,417.5,161.));
#12875 = DIRECTION('',(0.,0.,1.));
#12876 = DIRECTION('',(1.,0.,0.));
#12877 = ORIENTED_EDGE('',*,*,#12878,.F.);
#12878 = EDGE_CURVE('',#12879,#12870,#12881,.T.);
#12879 = VERTEX_POINT('',#12880);
#12880 = CARTESIAN_POINT('',(336.5,417.5,101.));
#12881 = LINE('',#12882,#12883);
#12882 = CARTESIAN_POINT('',(336.5,417.5,101.));
#12883 = VECTOR('',#12884,1.);
#12884 = DIRECTION('',(0.,0.,1.));
#12885 = ORIENTED_EDGE('',*,*,#12886,.T.);
#12886 = EDGE_CURVE('',#12879,#12879,#12887,.T.);
#12887 = CIRCLE('',#12888,19.);
#12888 = AXIS2_PLACEMENT_3D('',#12889,#12890,#12891);
#12889 = CARTESIAN_POINT('',(317.5,417.5,101.));
#12890 = DIRECTION('',(0.,0.,1.));
#12891 = DIRECTION('',(1.,0.,0.));
#12892 = ORIENTED_EDGE('',*,*,#12878,.T.);
#12893 = CYLINDRICAL_SURFACE('',#12894,19.);
#12894 = AXIS2_PLACEMENT_3D('',#12895,#12896,#12897);
#12895 = CARTESIAN_POINT('',(317.5,417.5,101.));
#12896 = DIRECTION('',(0.,0.,1.));
#12897 = DIRECTION('',(1.,0.,0.));
#12898 = ADVANCED_FACE('',(#12899),#12902,.T.);
#12899 = FACE_BOUND('',#12900,.T.);
#12900 = EDGE_LOOP('',(#12901));
#12901 = ORIENTED_EDGE('',*,*,#12869,.T.);
#12902 = PLANE('',#12903);
#12903 = AXIS2_PLACEMENT_3D('',#12904,#12905,#12906);
#12904 = CARTESIAN_POINT('',(317.5,417.5,161.));
#12905 = DIRECTION('',(0.,0.,1.));
#12906 = DIRECTION('',(1.,0.,0.));
#12907 = ADVANCED_FACE('',(#12908),#12911,.F.);
#12908 = FACE_BOUND('',#12909,.T.);
#12909 = EDGE_LOOP('',(#12910));
#12910 = ORIENTED_EDGE('',*,*,#12886,.F.);
#12911 = PLANE('',#12912);
#12912 = AXIS2_PLACEMENT_3D('',#12913,#12914,#12915);
#12913 = CARTESIAN_POINT('',(317.5,417.5,101.));
#12914 = DIRECTION('',(0.,0.,1.));
#12915 = DIRECTION('',(1.,0.,0.));
#12916 = MANIFOLD_SOLID_BREP('',#12917);
#12917 = CLOSED_SHELL('',(#12918,#12951,#12971,#12991));
#12918 = ADVANCED_FACE('',(#12919),#12946,.T.);
#12919 = FACE_BOUND('',#12920,.T.);
#12920 = EDGE_LOOP('',(#12921,#12930,#12938,#12945));
#12921 = ORIENTED_EDGE('',*,*,#12922,.F.);
#12922 = EDGE_CURVE('',#12923,#12923,#12925,.T.);
#12923 = VERTEX_POINT('',#12924);
#12924 = CARTESIAN_POINT('',(459.5,417.5,180.));
#12925 = CIRCLE('',#12926,142.);
#12926 = AXIS2_PLACEMENT_3D('',#12927,#12928,#12929);
#12927 = CARTESIAN_POINT('',(317.5,417.5,180.));
#12928 = DIRECTION('',(0.,0.,1.));
#12929 = DIRECTION('',(1.,0.,0.));
#12930 = ORIENTED_EDGE('',*,*,#12931,.F.);
#12931 = EDGE_CURVE('',#12932,#12923,#12934,.T.);
#12932 = VERTEX_POINT('',#12933);
#12933 = CARTESIAN_POINT('',(459.5,417.5,118.));
#12934 = LINE('',#12935,#12936);
#12935 = CARTESIAN_POINT('',(459.5,417.5,118.));
#12936 = VECTOR('',#12937,1.);
#12937 = DIRECTION('',(0.,0.,1.));
#12938 = ORIENTED_EDGE('',*,*,#12939,.T.);
#12939 = EDGE_CURVE('',#12932,#12932,#12940,.T.);
#12940 = CIRCLE('',#12941,142.);
#12941 = AXIS2_PLACEMENT_3D('',#12942,#12943,#12944);
#12942 = CARTESIAN_POINT('',(317.5,417.5,118.));
#12943 = DIRECTION('',(0.,0.,1.));
#12944 = DIRECTION('',(1.,0.,0.));
#12945 = ORIENTED_EDGE('',*,*,#12931,.T.);
#12946 = CYLINDRICAL_SURFACE('',#12947,142.);
#12947 = AXIS2_PLACEMENT_3D('',#12948,#12949,#12950);
#12948 = CARTESIAN_POINT('',(317.5,417.5,118.));
#12949 = DIRECTION('',(0.,0.,1.));
#12950 = DIRECTION('',(1.,0.,0.));
#12951 = ADVANCED_FACE('',(#12952,#12955),#12966,.T.);
#12952 = FACE_BOUND('',#12953,.T.);
#12953 = EDGE_LOOP('',(#12954));
#12954 = ORIENTED_EDGE('',*,*,#12922,.T.);
#12955 = FACE_BOUND('',#12956,.T.);
#12956 = EDGE_LOOP('',(#12957));
#12957 = ORIENTED_EDGE('',*,*,#12958,.F.);
#12958 = EDGE_CURVE('',#12959,#12959,#12961,.T.);
#12959 = VERTEX_POINT('',#12960);
#12960 = CARTESIAN_POINT('',(456.5,417.5,180.));
#12961 = CIRCLE('',#12962,139.);
#12962 = AXIS2_PLACEMENT_3D('',#12963,#12964,#12965);
#12963 = CARTESIAN_POINT('',(317.5,417.5,180.));
#12964 = DIRECTION('',(0.,0.,1.));
#12965 = DIRECTION('',(1.,0.,0.));
#12966 = PLANE('',#12967);
#12967 = AXIS2_PLACEMENT_3D('',#12968,#12969,#12970);
#12968 = CARTESIAN_POINT('',(317.5,417.5,180.));
#12969 = DIRECTION('',(0.,0.,1.));
#12970 = DIRECTION('',(1.,0.,0.));
#12971 = ADVANCED_FACE('',(#12972,#12975),#12986,.F.);
#12972 = FACE_BOUND('',#12973,.F.);
#12973 = EDGE_LOOP('',(#12974));
#12974 = ORIENTED_EDGE('',*,*,#12939,.T.);
#12975 = FACE_BOUND('',#12976,.F.);
#12976 = EDGE_LOOP('',(#12977));
#12977 = ORIENTED_EDGE('',*,*,#12978,.F.);
#12978 = EDGE_CURVE('',#12979,#12979,#12981,.T.);
#12979 = VERTEX_POINT('',#12980);
#12980 = CARTESIAN_POINT('',(456.5,417.5,118.));
#12981 = CIRCLE('',#12982,139.);
#12982 = AXIS2_PLACEMENT_3D('',#12983,#12984,#12985);
#12983 = CARTESIAN_POINT('',(317.5,417.5,118.));
#12984 = DIRECTION('',(0.,0.,1.));
#12985 = DIRECTION('',(1.,0.,0.));
#12986 = PLANE('',#12987);
#12987 = AXIS2_PLACEMENT_3D('',#12988,#12989,#12990);
#12988 = CARTESIAN_POINT('',(317.5,417.5,118.));
#12989 = DIRECTION('',(0.,0.,1.));
#12990 = DIRECTION('',(1.,0.,0.));
#12991 = ADVANCED_FACE('',(#12992),#13003,.F.);
#12992 = FACE_BOUND('',#12993,.F.);
#12993 = EDGE_LOOP('',(#12994,#12995,#13001,#13002));
#12994 = ORIENTED_EDGE('',*,*,#12958,.F.);
#12995 = ORIENTED_EDGE('',*,*,#12996,.F.);
#12996 = EDGE_CURVE('',#12979,#12959,#12997,.T.);
#12997 = LINE('',#12998,#12999);
#12998 = CARTESIAN_POINT('',(456.5,417.5,118.));
#12999 = VECTOR('',#13000,1.);
#13000 = DIRECTION('',(0.,0.,1.));
#13001 = ORIENTED_EDGE('',*,*,#12978,.T.);
#13002 = ORIENTED_EDGE('',*,*,#12996,.T.);
#13003 = CYLINDRICAL_SURFACE('',#13004,139.);
#13004 = AXIS2_PLACEMENT_3D('',#13005,#13006,#13007);
#13005 = CARTESIAN_POINT('',(317.5,417.5,118.));
#13006 = DIRECTION('',(0.,0.,1.));
#13007 = DIRECTION('',(1.,0.,0.));
#13008 = MANIFOLD_SOLID_BREP('',#13009);
#13009 = CLOSED_SHELL('',(#13010,#13043,#13052));
#13010 = ADVANCED_FACE('',(#13011),#13038,.T.);
#13011 = FACE_BOUND('',#13012,.T.);
#13012 = EDGE_LOOP('',(#13013,#13022,#13030,#13037));
#13013 = ORIENTED_EDGE('',*,*,#13014,.F.);
#13014 = EDGE_CURVE('',#13015,#13015,#13017,.T.);
#13015 = VERTEX_POINT('',#13016);
#13016 = CARTESIAN_POINT('',(-23.5,417.5,161.));
#13017 = CIRCLE('',#13018,19.);
#13018 = AXIS2_PLACEMENT_3D('',#13019,#13020,#13021);
#13019 = CARTESIAN_POINT('',(-42.5,417.5,161.));
#13020 = DIRECTION('',(0.,0.,1.));
#13021 = DIRECTION('',(1.,0.,0.));
#13022 = ORIENTED_EDGE('',*,*,#13023,.F.);
#13023 = EDGE_CURVE('',#13024,#13015,#13026,.T.);
#13024 = VERTEX_POINT('',#13025);
#13025 = CARTESIAN_POINT('',(-23.5,417.5,101.));
#13026 = LINE('',#13027,#13028);
#13027 = CARTESIAN_POINT('',(-23.5,417.5,101.));
#13028 = VECTOR('',#13029,1.);
#13029 = DIRECTION('',(0.,0.,1.));
#13030 = ORIENTED_EDGE('',*,*,#13031,.T.);
#13031 = EDGE_CURVE('',#13024,#13024,#13032,.T.);
#13032 = CIRCLE('',#13033,19.);
#13033 = AXIS2_PLACEMENT_3D('',#13034,#13035,#13036);
#13034 = CARTESIAN_POINT('',(-42.5,417.5,101.));
#13035 = DIRECTION('',(0.,0.,1.));
#13036 = DIRECTION('',(1.,0.,0.));
#13037 = ORIENTED_EDGE('',*,*,#13023,.T.);
#13038 = CYLINDRICAL_SURFACE('',#13039,19.);
#13039 = AXIS2_PLACEMENT_3D('',#13040,#13041,#13042);
#13040 = CARTESIAN_POINT('',(-42.5,417.5,101.));
#13041 = DIRECTION('',(0.,0.,1.));
#13042 = DIRECTION('',(1.,0.,0.));
#13043 = ADVANCED_FACE('',(#13044),#13047,.T.);
#13044 = FACE_BOUND('',#13045,.T.);
#13045 = EDGE_LOOP('',(#13046));
#13046 = ORIENTED_EDGE('',*,*,#13014,.T.);
#13047 = PLANE('',#13048);
#13048 = AXIS2_PLACEMENT_3D('',#13049,#13050,#13051);
#13049 = CARTESIAN_POINT('',(-42.5,417.5,161.));
#13050 = DIRECTION('',(0.,0.,1.));
#13051 = DIRECTION('',(1.,0.,0.));
#13052 = ADVANCED_FACE('',(#13053),#13056,.F.);
#13053 = FACE_BOUND('',#13054,.T.);
#13054 = EDGE_LOOP('',(#13055));
#13055 = ORIENTED_EDGE('',*,*,#13031,.F.);
#13056 = PLANE('',#13057);
#13057 = AXIS2_PLACEMENT_3D('',#13058,#13059,#13060);
#13058 = CARTESIAN_POINT('',(-42.5,417.5,101.));
#13059 = DIRECTION('',(0.,0.,1.));
#13060 = DIRECTION('',(1.,0.,0.));
#13061 = MANIFOLD_SOLID_BREP('',#13062);
#13062 = CLOSED_SHELL('',(#13063,#13096,#13116,#13136));
#13063 = ADVANCED_FACE('',(#13064),#13091,.T.);
#13064 = FACE_BOUND('',#13065,.T.);
#13065 = EDGE_LOOP('',(#13066,#13075,#13083,#13090));
#13066 = ORIENTED_EDGE('',*,*,#13067,.F.);
#13067 = EDGE_CURVE('',#13068,#13068,#13070,.T.);
#13068 = VERTEX_POINT('',#13069);
#13069 = CARTESIAN_POINT('',(99.5,417.5,180.));
#13070 = CIRCLE('',#13071,142.);
#13071 = AXIS2_PLACEMENT_3D('',#13072,#13073,#13074);
#13072 = CARTESIAN_POINT('',(-42.5,417.5,180.));
#13073 = DIRECTION('',(0.,0.,1.));
#13074 = DIRECTION('',(1.,0.,0.));
#13075 = ORIENTED_EDGE('',*,*,#13076,.F.);
#13076 = EDGE_CURVE('',#13077,#13068,#13079,.T.);
#13077 = VERTEX_POINT('',#13078);
#13078 = CARTESIAN_POINT('',(99.5,417.5,118.));
#13079 = LINE('',#13080,#13081);
#13080 = CARTESIAN_POINT('',(99.5,417.5,118.));
#13081 = VECTOR('',#13082,1.);
#13082 = DIRECTION('',(0.,0.,1.));
#13083 = ORIENTED_EDGE('',*,*,#13084,.T.);
#13084 = EDGE_CURVE('',#13077,#13077,#13085,.T.);
#13085 = CIRCLE('',#13086,142.);
#13086 = AXIS2_PLACEMENT_3D('',#13087,#13088,#13089);
#13087 = CARTESIAN_POINT('',(-42.5,417.5,118.));
#13088 = DIRECTION('',(0.,0.,1.));
#13089 = DIRECTION('',(1.,0.,0.));
#13090 = ORIENTED_EDGE('',*,*,#13076,.T.);
#13091 = CYLINDRICAL_SURFACE('',#13092,142.);
#13092 = AXIS2_PLACEMENT_3D('',#13093,#13094,#13095);
#13093 = CARTESIAN_POINT('',(-42.5,417.5,118.));
#13094 = DIRECTION('',(0.,0.,1.));
#13095 = DIRECTION('',(1.,0.,0.));
#13096 = ADVANCED_FACE('',(#13097,#13100),#13111,.T.);
#13097 = FACE_BOUND('',#13098,.T.);
#13098 = EDGE_LOOP('',(#13099));
#13099 = ORIENTED_EDGE('',*,*,#13067,.T.);
#13100 = FACE_BOUND('',#13101,.T.);
#13101 = EDGE_LOOP('',(#13102));
#13102 = ORIENTED_EDGE('',*,*,#13103,.F.);
#13103 = EDGE_CURVE('',#13104,#13104,#13106,.T.);
#13104 = VERTEX_POINT('',#13105);
#13105 = CARTESIAN_POINT('',(96.5,417.5,180.));
#13106 = CIRCLE('',#13107,139.);
#13107 = AXIS2_PLACEMENT_3D('',#13108,#13109,#13110);
#13108 = CARTESIAN_POINT('',(-42.5,417.5,180.));
#13109 = DIRECTION('',(0.,0.,1.));
#13110 = DIRECTION('',(1.,0.,0.));
#13111 = PLANE('',#13112);
#13112 = AXIS2_PLACEMENT_3D('',#13113,#13114,#13115);
#13113 = CARTESIAN_POINT('',(-42.5,417.5,180.));
#13114 = DIRECTION('',(0.,0.,1.));
#13115 = DIRECTION('',(1.,0.,0.));
#13116 = ADVANCED_FACE('',(#13117,#13120),#13131,.F.);
#13117 = FACE_BOUND('',#13118,.F.);
#13118 = EDGE_LOOP('',(#13119));
#13119 = ORIENTED_EDGE('',*,*,#13084,.T.);
#13120 = FACE_BOUND('',#13121,.F.);
#13121 = EDGE_LOOP('',(#13122));
#13122 = ORIENTED_EDGE('',*,*,#13123,.F.);
#13123 = EDGE_CURVE('',#13124,#13124,#13126,.T.);
#13124 = VERTEX_POINT('',#13125);
#13125 = CARTESIAN_POINT('',(96.5,417.5,118.));
#13126 = CIRCLE('',#13127,139.);
#13127 = AXIS2_PLACEMENT_3D('',#13128,#13129,#13130);
#13128 = CARTESIAN_POINT('',(-42.5,417.5,118.));
#13129 = DIRECTION('',(0.,0.,1.));
#13130 = DIRECTION('',(1.,0.,0.));
#13131 = PLANE('',#13132);
#13132 = AXIS2_PLACEMENT_3D('',#13133,#13134,#13135);
#13133 = CARTESIAN_POINT('',(-42.5,417.5,118.));
#13134 = DIRECTION('',(0.,0.,1.));
#13135 = DIRECTION('',(1.,0.,0.));
#13136 = ADVANCED_FACE('',(#13137),#13148,.F.);
#13137 = FACE_BOUND('',#13138,.F.);
#13138 = EDGE_LOOP('',(#13139,#13140,#13146,#13147));
#13139 = ORIENTED_EDGE('',*,*,#13103,.F.);
#13140 = ORIENTED_EDGE('',*,*,#13141,.F.);
#13141 = EDGE_CURVE('',#13124,#13104,#13142,.T.);
#13142 = LINE('',#13143,#13144);
#13143 = CARTESIAN_POINT('',(96.5,417.5,118.));
#13144 = VECTOR('',#13145,1.);
#13145 = DIRECTION('',(0.,0.,1.));
#13146 = ORIENTED_EDGE('',*,*,#13123,.T.);
#13147 = ORIENTED_EDGE('',*,*,#13141,.T.);
#13148 = CYLINDRICAL_SURFACE('',#13149,139.);
#13149 = AXIS2_PLACEMENT_3D('',#13150,#13151,#13152);
#13150 = CARTESIAN_POINT('',(-42.5,417.5,118.));
#13151 = DIRECTION('',(0.,0.,1.));
#13152 = DIRECTION('',(1.,0.,0.));
#13153 = MANIFOLD_SOLID_BREP('',#13154);
#13154 = CLOSED_SHELL('',(#13155,#13188,#13197));
#13155 = ADVANCED_FACE('',(#13156),#13183,.T.);
#13156 = FACE_BOUND('',#13157,.T.);
#13157 = EDGE_LOOP('',(#13158,#13167,#13175,#13182));
#13158 = ORIENTED_EDGE('',*,*,#13159,.F.);
#13159 = EDGE_CURVE('',#13160,#13160,#13162,.T.);
#13160 = VERTEX_POINT('',#13161);
#13161 = CARTESIAN_POINT('',(-42.5,437.5,99.));
#13162 = CIRCLE('',#13163,10.);
#13163 = AXIS2_PLACEMENT_3D('',#13164,#13165,#13166);
#13164 = CARTESIAN_POINT('',(-42.5,437.5,89.));
#13165 = DIRECTION('',(0.,1.,0.));
#13166 = DIRECTION('',(0.,0.,1.));
#13167 = ORIENTED_EDGE('',*,*,#13168,.F.);
#13168 = EDGE_CURVE('',#13169,#13160,#13171,.T.);
#13169 = VERTEX_POINT('',#13170);
#13170 = CARTESIAN_POINT('',(-42.5,-162.5,99.));
#13171 = LINE('',#13172,#13173);
#13172 = CARTESIAN_POINT('',(-42.5,-162.5,99.));
#13173 = VECTOR('',#13174,1.);
#13174 = DIRECTION('',(0.,1.,0.));
#13175 = ORIENTED_EDGE('',*,*,#13176,.T.);
#13176 = EDGE_CURVE('',#13169,#13169,#13177,.T.);
#13177 = CIRCLE('',#13178,10.);
#13178 = AXIS2_PLACEMENT_3D('',#13179,#13180,#13181);
#13179 = CARTESIAN_POINT('',(-42.5,-162.5,89.));
#13180 = DIRECTION('',(0.,1.,0.));
#13181 = DIRECTION('',(0.,0.,1.));
#13182 = ORIENTED_EDGE('',*,*,#13168,.T.);
#13183 = CYLINDRICAL_SURFACE('',#13184,10.);
#13184 = AXIS2_PLACEMENT_3D('',#13185,#13186,#13187);
#13185 = CARTESIAN_POINT('',(-42.5,-162.5,89.));
#13186 = DIRECTION('',(0.,1.,0.));
#13187 = DIRECTION('',(0.,0.,1.));
#13188 = ADVANCED_FACE('',(#13189),#13192,.T.);
#13189 = FACE_BOUND('',#13190,.T.);
#13190 = EDGE_LOOP('',(#13191));
#13191 = ORIENTED_EDGE('',*,*,#13159,.T.);
#13192 = PLANE('',#13193);
#13193 = AXIS2_PLACEMENT_3D('',#13194,#13195,#13196);
#13194 = CARTESIAN_POINT('',(-42.5,437.5,89.));
#13195 = DIRECTION('',(0.,1.,0.));
#13196 = DIRECTION('',(0.,0.,1.));
#13197 = ADVANCED_FACE('',(#13198),#13201,.F.);
#13198 = FACE_BOUND('',#13199,.T.);
#13199 = EDGE_LOOP('',(#13200));
#13200 = ORIENTED_EDGE('',*,*,#13176,.F.);
#13201 = PLANE('',#13202);
#13202 = AXIS2_PLACEMENT_3D('',#13203,#13204,#13205);
#13203 = CARTESIAN_POINT('',(-42.5,-162.5,89.));
#13204 = DIRECTION('',(0.,1.,0.));
#13205 = DIRECTION('',(0.,0.,1.));
#13206 = MANIFOLD_SOLID_BREP('',#13207);
#13207 = CLOSED_SHELL('',(#13208,#13241,#13250));
#13208 = ADVANCED_FACE('',(#13209),#13236,.T.);
#13209 = FACE_BOUND('',#13210,.T.);
#13210 = EDGE_LOOP('',(#13211,#13220,#13228,#13235));
#13211 = ORIENTED_EDGE('',*,*,#13212,.F.);
#13212 = EDGE_CURVE('',#13213,#13213,#13215,.T.);
#13213 = VERTEX_POINT('',#13214);
#13214 = CARTESIAN_POINT('',(317.5,437.5,99.));
#13215 = CIRCLE('',#13216,10.);
#13216 = AXIS2_PLACEMENT_3D('',#13217,#13218,#13219);
#13217 = CARTESIAN_POINT('',(317.5,437.5,89.));
#13218 = DIRECTION('',(0.,1.,0.));
#13219 = DIRECTION('',(0.,0.,1.));
#13220 = ORIENTED_EDGE('',*,*,#13221,.F.);
#13221 = EDGE_CURVE('',#13222,#13213,#13224,.T.);
#13222 = VERTEX_POINT('',#13223);
#13223 = CARTESIAN_POINT('',(317.5,-162.5,99.));
#13224 = LINE('',#13225,#13226);
#13225 = CARTESIAN_POINT('',(317.5,-162.5,99.));
#13226 = VECTOR('',#13227,1.);
#13227 = DIRECTION('',(0.,1.,0.));
#13228 = ORIENTED_EDGE('',*,*,#13229,.T.);
#13229 = EDGE_CURVE('',#13222,#13222,#13230,.T.);
#13230 = CIRCLE('',#13231,10.);
#13231 = AXIS2_PLACEMENT_3D('',#13232,#13233,#13234);
#13232 = CARTESIAN_POINT('',(317.5,-162.5,89.));
#13233 = DIRECTION('',(0.,1.,0.));
#13234 = DIRECTION('',(0.,0.,1.));
#13235 = ORIENTED_EDGE('',*,*,#13221,.T.);
#13236 = CYLINDRICAL_SURFACE('',#13237,10.);
#13237 = AXIS2_PLACEMENT_3D('',#13238,#13239,#13240);
#13238 = CARTESIAN_POINT('',(317.5,-162.5,89.));
#13239 = DIRECTION('',(0.,1.,0.));
#13240 = DIRECTION('',(0.,0.,1.));
#13241 = ADVANCED_FACE('',(#13242),#13245,.T.);
#13242 = FACE_BOUND('',#13243,.T.);
#13243 = EDGE_LOOP('',(#13244));
#13244 = ORIENTED_EDGE('',*,*,#13212,.T.);
#13245 = PLANE('',#13246);
#13246 = AXIS2_PLACEMENT_3D('',#13247,#13248,#13249);
#13247 = CARTESIAN_POINT('',(317.5,437.5,89.));
#13248 = DIRECTION('',(0.,1.,0.));
#13249 = DIRECTION('',(0.,0.,1.));
#13250 = ADVANCED_FACE('',(#13251),#13254,.F.);
#13251 = FACE_BOUND('',#13252,.T.);
#13252 = EDGE_LOOP('',(#13253));
#13253 = ORIENTED_EDGE('',*,*,#13229,.F.);
#13254 = PLANE('',#13255);
#13255 = AXIS2_PLACEMENT_3D('',#13256,#13257,#13258);
#13256 = CARTESIAN_POINT('',(317.5,-162.5,89.));
#13257 = DIRECTION('',(0.,1.,0.));
#13258 = DIRECTION('',(0.,0.,1.));
#13259 = MANIFOLD_SOLID_BREP('',#13260);
#13260 = CLOSED_SHELL('',(#13261,#13294,#13303));
#13261 = ADVANCED_FACE('',(#13262),#13289,.T.);
#13262 = FACE_BOUND('',#13263,.T.);
#13263 = EDGE_LOOP('',(#13264,#13273,#13281,#13288));
#13264 = ORIENTED_EDGE('',*,*,#13265,.F.);
#13265 = EDGE_CURVE('',#13266,#13266,#13268,.T.);
#13266 = VERTEX_POINT('',#13267);
#13267 = CARTESIAN_POINT('',(307.5,-15.,99.));
#13268 = CIRCLE('',#13269,10.);
#13269 = AXIS2_PLACEMENT_3D('',#13270,#13271,#13272);
#13270 = CARTESIAN_POINT('',(307.5,-15.,89.));
#13271 = DIRECTION('',(1.,0.,-0.));
#13272 = DIRECTION('',(0.,0.,1.));
#13273 = ORIENTED_EDGE('',*,*,#13274,.F.);
#13274 = EDGE_CURVE('',#13275,#13266,#13277,.T.);
#13275 = VERTEX_POINT('',#13276);
#13276 = CARTESIAN_POINT('',(-32.5,-15.,99.));
#13277 = LINE('',#13278,#13279);
#13278 = CARTESIAN_POINT('',(-32.5,-15.,99.));
#13279 = VECTOR('',#13280,1.);
#13280 = DIRECTION('',(1.,0.,0.));
#13281 = ORIENTED_EDGE('',*,*,#13282,.T.);
#13282 = EDGE_CURVE('',#13275,#13275,#13283,.T.);
#13283 = CIRCLE('',#13284,10.);
#13284 = AXIS2_PLACEMENT_3D('',#13285,#13286,#13287);
#13285 = CARTESIAN_POINT('',(-32.5,-15.,89.));
#13286 = DIRECTION('',(1.,0.,-0.));
#13287 = DIRECTION('',(0.,0.,1.));
#13288 = ORIENTED_EDGE('',*,*,#13274,.T.);
#13289 = CYLINDRICAL_SURFACE('',#13290,10.);
#13290 = AXIS2_PLACEMENT_3D('',#13291,#13292,#13293);
#13291 = CARTESIAN_POINT('',(-32.5,-15.,89.));
#13292 = DIRECTION('',(1.,0.,0.));
#13293 = DIRECTION('',(0.,0.,1.));
#13294 = ADVANCED_FACE('',(#13295),#13298,.T.);
#13295 = FACE_BOUND('',#13296,.T.);
#13296 = EDGE_LOOP('',(#13297));
#13297 = ORIENTED_EDGE('',*,*,#13265,.T.);
#13298 = PLANE('',#13299);
#13299 = AXIS2_PLACEMENT_3D('',#13300,#13301,#13302);
#13300 = CARTESIAN_POINT('',(307.5,-15.,89.));
#13301 = DIRECTION('',(1.,0.,0.));
#13302 = DIRECTION('',(0.,0.,1.));
#13303 = ADVANCED_FACE('',(#13304),#13307,.F.);
#13304 = FACE_BOUND('',#13305,.T.);
#13305 = EDGE_LOOP('',(#13306));
#13306 = ORIENTED_EDGE('',*,*,#13282,.F.);
#13307 = PLANE('',#13308);
#13308 = AXIS2_PLACEMENT_3D('',#13309,#13310,#13311);
#13309 = CARTESIAN_POINT('',(-32.5,-15.,89.));
#13310 = DIRECTION('',(1.,0.,0.));
#13311 = DIRECTION('',(0.,0.,1.));
#13312 = MANIFOLD_SOLID_BREP('',#13313);
#13313 = CLOSED_SHELL('',(#13314,#13347,#13356));
#13314 = ADVANCED_FACE('',(#13315),#13342,.T.);
#13315 = FACE_BOUND('',#13316,.T.);
#13316 = EDGE_LOOP('',(#13317,#13326,#13334,#13341));
#13317 = ORIENTED_EDGE('',*,*,#13318,.F.);
#13318 = EDGE_CURVE('',#13319,#13319,#13321,.T.);
#13319 = VERTEX_POINT('',#13320);
#13320 = CARTESIAN_POINT('',(307.5,290.,99.));
#13321 = CIRCLE('',#13322,10.);
#13322 = AXIS2_PLACEMENT_3D('',#13323,#13324,#13325);
#13323 = CARTESIAN_POINT('',(307.5,290.,89.));
#13324 = DIRECTION('',(1.,0.,-0.));
#13325 = DIRECTION('',(0.,0.,1.));
#13326 = ORIENTED_EDGE('',*,*,#13327,.F.);
#13327 = EDGE_CURVE('',#13328,#13319,#13330,.T.);
#13328 = VERTEX_POINT('',#13329);
#13329 = CARTESIAN_POINT('',(-32.5,290.,99.));
#13330 = LINE('',#13331,#13332);
#13331 = CARTESIAN_POINT('',(-32.5,290.,99.));
#13332 = VECTOR('',#13333,1.);
#13333 = DIRECTION('',(1.,0.,0.));
#13334 = ORIENTED_EDGE('',*,*,#13335,.T.);
#13335 = EDGE_CURVE('',#13328,#13328,#13336,.T.);
#13336 = CIRCLE('',#13337,10.);
#13337 = AXIS2_PLACEMENT_3D('',#13338,#13339,#13340);
#13338 = CARTESIAN_POINT('',(-32.5,290.,89.));
#13339 = DIRECTION('',(1.,0.,-0.));
#13340 = DIRECTION('',(0.,0.,1.));
#13341 = ORIENTED_EDGE('',*,*,#13327,.T.);
#13342 = CYLINDRICAL_SURFACE('',#13343,10.);
#13343 = AXIS2_PLACEMENT_3D('',#13344,#13345,#13346);
#13344 = CARTESIAN_POINT('',(-32.5,290.,89.));
#13345 = DIRECTION('',(1.,0.,0.));
#13346 = DIRECTION('',(0.,0.,1.));
#13347 = ADVANCED_FACE('',(#13348),#13351,.T.);
#13348 = FACE_BOUND('',#13349,.T.);
#13349 = EDGE_LOOP('',(#13350));
#13350 = ORIENTED_EDGE('',*,*,#13318,.T.);
#13351 = PLANE('',#13352);
#13352 = AXIS2_PLACEMENT_3D('',#13353,#13354,#13355);
#13353 = CARTESIAN_POINT('',(307.5,290.,89.));
#13354 = DIRECTION('',(1.,0.,0.));
#13355 = DIRECTION('',(0.,0.,1.));
#13356 = ADVANCED_FACE('',(#13357),#13360,.F.);
#13357 = FACE_BOUND('',#13358,.T.);
#13358 = EDGE_LOOP('',(#13359));
#13359 = ORIENTED_EDGE('',*,*,#13335,.F.);
#13360 = PLANE('',#13361);
#13361 = AXIS2_PLACEMENT_3D('',#13362,#13363,#13364);
#13362 = CARTESIAN_POINT('',(-32.5,290.,89.));
#13363 = DIRECTION('',(1.,0.,0.));
#13364 = DIRECTION('',(0.,0.,1.));
#13365 = GEOMETRIC_CURVE_SET('',(#13366));
#13366 = TRIMMED_CURVE('',#13367,(#13371,PARAMETER_VALUE(0.)),(#13372,
    PARAMETER_VALUE(34.)),.T.,.PARAMETER.);
#13367 = LINE('',#13368,#13369);
#13368 = CARTESIAN_POINT('',(142.,13.,87.));
#13369 = VECTOR('',#13370,1.);
#13370 = DIRECTION('',(0.,0.,1.));
#13371 = CARTESIAN_POINT('',(142.,13.,87.));
#13372 = CARTESIAN_POINT('',(142.,13.,121.));
#13373 = GEOMETRIC_CURVE_SET('',(#13374));
#13374 = TRIMMED_CURVE('',#13375,(#13379,PARAMETER_VALUE(0.)),(#13380,
    PARAMETER_VALUE(70.)),.T.,.PARAMETER.);
#13375 = LINE('',#13376,#13377);
#13376 = CARTESIAN_POINT('',(142.,13.,121.));
#13377 = VECTOR('',#13378,1.);
#13378 = DIRECTION('',(0.,1.,0.));
#13379 = CARTESIAN_POINT('',(142.,13.,121.));
#13380 = CARTESIAN_POINT('',(142.,83.,121.));
#13381 = GEOMETRIC_CURVE_SET('',(#13382));
#13382 = TRIMMED_CURVE('',#13383,(#13387,PARAMETER_VALUE(0.)),(#13388,
    PARAMETER_VALUE(34.)),.T.,.PARAMETER.);
#13383 = LINE('',#13384,#13385);
#13384 = CARTESIAN_POINT('',(142.,83.,87.));
#13385 = VECTOR('',#13386,1.);
#13386 = DIRECTION('',(0.,0.,1.));
#13387 = CARTESIAN_POINT('',(142.,83.,87.));
#13388 = CARTESIAN_POINT('',(142.,83.,121.));
#13389 = GEOMETRIC_CURVE_SET('',(#13390));
#13390 = TRIMMED_CURVE('',#13391,(#13395,PARAMETER_VALUE(0.)),(#13396,
    PARAMETER_VALUE(70.)),.T.,.PARAMETER.);
#13391 = LINE('',#13392,#13393);
#13392 = CARTESIAN_POINT('',(142.,13.,87.));
#13393 = VECTOR('',#13394,1.);
#13394 = DIRECTION('',(0.,1.,0.));
#13395 = CARTESIAN_POINT('',(142.,13.,87.));
#13396 = CARTESIAN_POINT('',(142.,83.,87.));
#13397 = GEOMETRIC_CURVE_SET('',(#13398));
#13398 = TRIMMED_CURVE('',#13399,(#13403,PARAMETER_VALUE(0.)),(#13404,
    PARAMETER_VALUE(34.)),.T.,.PARAMETER.);
#13399 = LINE('',#13400,#13401);
#13400 = CARTESIAN_POINT('',(246.,13.,87.));
#13401 = VECTOR('',#13402,1.);
#13402 = DIRECTION('',(0.,0.,1.));
#13403 = CARTESIAN_POINT('',(246.,13.,87.));
#13404 = CARTESIAN_POINT('',(246.,13.,121.));
#13405 = GEOMETRIC_CURVE_SET('',(#13406));
#13406 = TRIMMED_CURVE('',#13407,(#13411,PARAMETER_VALUE(0.)),(#13412,
    PARAMETER_VALUE(70.)),.T.,.PARAMETER.);
#13407 = LINE('',#13408,#13409);
#13408 = CARTESIAN_POINT('',(246.,13.,121.));
#13409 = VECTOR('',#13410,1.);
#13410 = DIRECTION('',(0.,1.,0.));
#13411 = CARTESIAN_POINT('',(246.,13.,121.));
#13412 = CARTESIAN_POINT('',(246.,83.,121.));
#13413 = GEOMETRIC_CURVE_SET('',(#13414));
#13414 = TRIMMED_CURVE('',#13415,(#13419,PARAMETER_VALUE(0.)),(#13420,
    PARAMETER_VALUE(34.)),.T.,.PARAMETER.);
#13415 = LINE('',#13416,#13417);
#13416 = CARTESIAN_POINT('',(246.,83.,87.));
#13417 = VECTOR('',#13418,1.);
#13418 = DIRECTION('',(0.,0.,1.));
#13419 = CARTESIAN_POINT('',(246.,83.,87.));
#13420 = CARTESIAN_POINT('',(246.,83.,121.));
#13421 = GEOMETRIC_CURVE_SET('',(#13422));
#13422 = TRIMMED_CURVE('',#13423,(#13427,PARAMETER_VALUE(0.)),(#13428,
    PARAMETER_VALUE(70.)),.T.,.PARAMETER.);
#13423 = LINE('',#13424,#13425);
#13424 = CARTESIAN_POINT('',(246.,13.,87.));
#13425 = VECTOR('',#13426,1.);
#13426 = DIRECTION('',(0.,1.,0.));
#13427 = CARTESIAN_POINT('',(246.,13.,87.));
#13428 = CARTESIAN_POINT('',(246.,83.,87.));
#13429 = GEOMETRIC_CURVE_SET('',(#13430));
#13430 = TRIMMED_CURVE('',#13431,(#13435,PARAMETER_VALUE(0.)),(#13436,
    PARAMETER_VALUE(104.)),.T.,.PARAMETER.);
#13431 = LINE('',#13432,#13433);
#13432 = CARTESIAN_POINT('',(142.,13.,87.));
#13433 = VECTOR('',#13434,1.);
#13434 = DIRECTION('',(1.,0.,0.));
#13435 = CARTESIAN_POINT('',(142.,13.,87.));
#13436 = CARTESIAN_POINT('',(246.,13.,87.));
#13437 = GEOMETRIC_CURVE_SET('',(#13438));
#13438 = TRIMMED_CURVE('',#13439,(#13443,PARAMETER_VALUE(0.)),(#13444,
    PARAMETER_VALUE(104.)),.T.,.PARAMETER.);
#13439 = LINE('',#13440,#13441);
#13440 = CARTESIAN_POINT('',(142.,13.,121.));
#13441 = VECTOR('',#13442,1.);
#13442 = DIRECTION('',(1.,0.,0.));
#13443 = CARTESIAN_POINT('',(142.,13.,121.));
#13444 = CARTESIAN_POINT('',(246.,13.,121.));
#13445 = GEOMETRIC_CURVE_SET('',(#13446));
#13446 = TRIMMED_CURVE('',#13447,(#13451,PARAMETER_VALUE(0.)),(#13452,
    PARAMETER_VALUE(104.)),.T.,.PARAMETER.);
#13447 = LINE('',#13448,#13449);
#13448 = CARTESIAN_POINT('',(142.,83.,87.));
#13449 = VECTOR('',#13450,1.);
#13450 = DIRECTION('',(1.,0.,0.));
#13451 = CARTESIAN_POINT('',(142.,83.,87.));
#13452 = CARTESIAN_POINT('',(246.,83.,87.));
#13453 = GEOMETRIC_CURVE_SET('',(#13454));
#13454 = TRIMMED_CURVE('',#13455,(#13459,PARAMETER_VALUE(0.)),(#13460,
    PARAMETER_VALUE(104.)),.T.,.PARAMETER.);
#13455 = LINE('',#13456,#13457);
#13456 = CARTESIAN_POINT('',(142.,83.,121.));
#13457 = VECTOR('',#13458,1.);
#13458 = DIRECTION('',(1.,0.,0.));
#13459 = CARTESIAN_POINT('',(142.,83.,121.));
#13460 = CARTESIAN_POINT('',(246.,83.,121.));
#13461 = GEOMETRIC_CURVE_SET('',(#13462));
#13462 = TRIMMED_CURVE('',#13463,(#13467,PARAMETER_VALUE(0.)),(#13468,
    PARAMETER_VALUE(31.)),.T.,.PARAMETER.);
#13463 = LINE('',#13464,#13465);
#13464 = CARTESIAN_POINT('',(109.,2.,54.));
#13465 = VECTOR('',#13466,1.);
#13466 = DIRECTION('',(0.,0.,1.));
#13467 = CARTESIAN_POINT('',(109.,2.,54.));
#13468 = CARTESIAN_POINT('',(109.,2.,85.));
#13469 = GEOMETRIC_CURVE_SET('',(#13470));
#13470 = TRIMMED_CURVE('',#13471,(#13475,PARAMETER_VALUE(0.)),(#13476,
    PARAMETER_VALUE(26.)),.T.,.PARAMETER.);
#13471 = LINE('',#13472,#13473);
#13472 = CARTESIAN_POINT('',(109.,2.,85.));
#13473 = VECTOR('',#13474,1.);
#13474 = DIRECTION('',(0.,1.,0.));
#13475 = CARTESIAN_POINT('',(109.,2.,85.));
#13476 = CARTESIAN_POINT('',(109.,28.,85.));
#13477 = GEOMETRIC_CURVE_SET('',(#13478));
#13478 = TRIMMED_CURVE('',#13479,(#13483,PARAMETER_VALUE(0.)),(#13484,
    PARAMETER_VALUE(31.)),.T.,.PARAMETER.);
#13479 = LINE('',#13480,#13481);
#13480 = CARTESIAN_POINT('',(109.,28.,54.));
#13481 = VECTOR('',#13482,1.);
#13482 = DIRECTION('',(0.,0.,1.));
#13483 = CARTESIAN_POINT('',(109.,28.,54.));
#13484 = CARTESIAN_POINT('',(109.,28.,85.));
#13485 = GEOMETRIC_CURVE_SET('',(#13486));
#13486 = TRIMMED_CURVE('',#13487,(#13491,PARAMETER_VALUE(0.)),(#13492,
    PARAMETER_VALUE(26.)),.T.,.PARAMETER.);
#13487 = LINE('',#13488,#13489);
#13488 = CARTESIAN_POINT('',(109.,2.,54.));
#13489 = VECTOR('',#13490,1.);
#13490 = DIRECTION('',(0.,1.,0.));
#13491 = CARTESIAN_POINT('',(109.,2.,54.));
#13492 = CARTESIAN_POINT('',(109.,28.,54.));
#13493 = GEOMETRIC_CURVE_SET('',(#13494));
#13494 = TRIMMED_CURVE('',#13495,(#13499,PARAMETER_VALUE(0.)),(#13500,
    PARAMETER_VALUE(31.)),.T.,.PARAMETER.);
#13495 = LINE('',#13496,#13497);
#13496 = CARTESIAN_POINT('',(213.,2.,54.));
#13497 = VECTOR('',#13498,1.);
#13498 = DIRECTION('',(0.,0.,1.));
#13499 = CARTESIAN_POINT('',(213.,2.,54.));
#13500 = CARTESIAN_POINT('',(213.,2.,85.));
#13501 = GEOMETRIC_CURVE_SET('',(#13502));
#13502 = TRIMMED_CURVE('',#13503,(#13507,PARAMETER_VALUE(0.)),(#13508,
    PARAMETER_VALUE(26.)),.T.,.PARAMETER.);
#13503 = LINE('',#13504,#13505);
#13504 = CARTESIAN_POINT('',(213.,2.,85.));
#13505 = VECTOR('',#13506,1.);
#13506 = DIRECTION('',(0.,1.,0.));
#13507 = CARTESIAN_POINT('',(213.,2.,85.));
#13508 = CARTESIAN_POINT('',(213.,28.,85.));
#13509 = GEOMETRIC_CURVE_SET('',(#13510));
#13510 = TRIMMED_CURVE('',#13511,(#13515,PARAMETER_VALUE(0.)),(#13516,
    PARAMETER_VALUE(31.)),.T.,.PARAMETER.);
#13511 = LINE('',#13512,#13513);
#13512 = CARTESIAN_POINT('',(213.,28.,54.));
#13513 = VECTOR('',#13514,1.);
#13514 = DIRECTION('',(0.,0.,1.));
#13515 = CARTESIAN_POINT('',(213.,28.,54.));
#13516 = CARTESIAN_POINT('',(213.,28.,85.));
#13517 = GEOMETRIC_CURVE_SET('',(#13518));
#13518 = TRIMMED_CURVE('',#13519,(#13523,PARAMETER_VALUE(0.)),(#13524,
    PARAMETER_VALUE(26.)),.T.,.PARAMETER.);
#13519 = LINE('',#13520,#13521);
#13520 = CARTESIAN_POINT('',(213.,2.,54.));
#13521 = VECTOR('',#13522,1.);
#13522 = DIRECTION('',(0.,1.,0.));
#13523 = CARTESIAN_POINT('',(213.,2.,54.));
#13524 = CARTESIAN_POINT('',(213.,28.,54.));
#13525 = GEOMETRIC_CURVE_SET('',(#13526));
#13526 = TRIMMED_CURVE('',#13527,(#13531,PARAMETER_VALUE(0.)),(#13532,
    PARAMETER_VALUE(104.)),.T.,.PARAMETER.);
#13527 = LINE('',#13528,#13529);
#13528 = CARTESIAN_POINT('',(109.,2.,54.));
#13529 = VECTOR('',#13530,1.);
#13530 = DIRECTION('',(1.,0.,0.));
#13531 = CARTESIAN_POINT('',(109.,2.,54.));
#13532 = CARTESIAN_POINT('',(213.,2.,54.));
#13533 = GEOMETRIC_CURVE_SET('',(#13534));
#13534 = TRIMMED_CURVE('',#13535,(#13539,PARAMETER_VALUE(0.)),(#13540,
    PARAMETER_VALUE(104.)),.T.,.PARAMETER.);
#13535 = LINE('',#13536,#13537);
#13536 = CARTESIAN_POINT('',(109.,2.,85.));
#13537 = VECTOR('',#13538,1.);
#13538 = DIRECTION('',(1.,0.,0.));
#13539 = CARTESIAN_POINT('',(109.,2.,85.));
#13540 = CARTESIAN_POINT('',(213.,2.,85.));
#13541 = GEOMETRIC_CURVE_SET('',(#13542));
#13542 = TRIMMED_CURVE('',#13543,(#13547,PARAMETER_VALUE(0.)),(#13548,
    PARAMETER_VALUE(104.)),.T.,.PARAMETER.);
#13543 = LINE('',#13544,#13545);
#13544 = CARTESIAN_POINT('',(109.,28.,54.));
#13545 = VECTOR('',#13546,1.);
#13546 = DIRECTION('',(1.,0.,0.));
#13547 = CARTESIAN_POINT('',(109.,28.,54.));
#13548 = CARTESIAN_POINT('',(213.,28.,54.));
#13549 = GEOMETRIC_CURVE_SET('',(#13550));
#13550 = TRIMMED_CURVE('',#13551,(#13555,PARAMETER_VALUE(0.)),(#13556,
    PARAMETER_VALUE(104.)),.T.,.PARAMETER.);
#13551 = LINE('',#13552,#13553);
#13552 = CARTESIAN_POINT('',(109.,28.,85.));
#13553 = VECTOR('',#13554,1.);
#13554 = DIRECTION('',(1.,0.,0.));
#13555 = CARTESIAN_POINT('',(109.,28.,85.));
#13556 = CARTESIAN_POINT('',(213.,28.,85.));
#13557 = GEOMETRIC_CURVE_SET('',(#13558));
#13558 = TRIMMED_CURVE('',#13559,(#13563,PARAMETER_VALUE(0.)),(#13564,
    PARAMETER_VALUE(32.)),.T.,.PARAMETER.);
#13559 = LINE('',#13560,#13561);
#13560 = CARTESIAN_POINT('',(13.,96.,89.));
#13561 = VECTOR('',#13562,1.);
#13562 = DIRECTION('',(0.,0.,1.));
#13563 = CARTESIAN_POINT('',(13.,96.,89.));
#13564 = CARTESIAN_POINT('',(13.,96.,121.));
#13565 = GEOMETRIC_CURVE_SET('',(#13566));
#13566 = TRIMMED_CURVE('',#13567,(#13571,PARAMETER_VALUE(0.)),(#13572,
    PARAMETER_VALUE(58.)),.T.,.PARAMETER.);
#13567 = LINE('',#13568,#13569);
#13568 = CARTESIAN_POINT('',(13.,96.,121.));
#13569 = VECTOR('',#13570,1.);
#13570 = DIRECTION('',(0.,1.,0.));
#13571 = CARTESIAN_POINT('',(13.,96.,121.));
#13572 = CARTESIAN_POINT('',(13.,154.,121.));
#13573 = GEOMETRIC_CURVE_SET('',(#13574));
#13574 = TRIMMED_CURVE('',#13575,(#13579,PARAMETER_VALUE(0.)),(#13580,
    PARAMETER_VALUE(32.)),.T.,.PARAMETER.);
#13575 = LINE('',#13576,#13577);
#13576 = CARTESIAN_POINT('',(13.,154.,89.));
#13577 = VECTOR('',#13578,1.);
#13578 = DIRECTION('',(0.,0.,1.));
#13579 = CARTESIAN_POINT('',(13.,154.,89.));
#13580 = CARTESIAN_POINT('',(13.,154.,121.));
#13581 = GEOMETRIC_CURVE_SET('',(#13582));
#13582 = TRIMMED_CURVE('',#13583,(#13587,PARAMETER_VALUE(0.)),(#13588,
    PARAMETER_VALUE(58.)),.T.,.PARAMETER.);
#13583 = LINE('',#13584,#13585);
#13584 = CARTESIAN_POINT('',(13.,96.,89.));
#13585 = VECTOR('',#13586,1.);
#13586 = DIRECTION('',(0.,1.,0.));
#13587 = CARTESIAN_POINT('',(13.,96.,89.));
#13588 = CARTESIAN_POINT('',(13.,154.,89.));
#13589 = GEOMETRIC_CURVE_SET('',(#13590));
#13590 = TRIMMED_CURVE('',#13591,(#13595,PARAMETER_VALUE(0.)),(#13596,
    PARAMETER_VALUE(32.)),.T.,.PARAMETER.);
#13591 = LINE('',#13592,#13593);
#13592 = CARTESIAN_POINT('',(41.,96.,89.));
#13593 = VECTOR('',#13594,1.);
#13594 = DIRECTION('',(0.,0.,1.));
#13595 = CARTESIAN_POINT('',(41.,96.,89.));
#13596 = CARTESIAN_POINT('',(41.,96.,121.));
#13597 = GEOMETRIC_CURVE_SET('',(#13598));
#13598 = TRIMMED_CURVE('',#13599,(#13603,PARAMETER_VALUE(0.)),(#13604,
    PARAMETER_VALUE(58.)),.T.,.PARAMETER.);
#13599 = LINE('',#13600,#13601);
#13600 = CARTESIAN_POINT('',(41.,96.,121.));
#13601 = VECTOR('',#13602,1.);
#13602 = DIRECTION('',(0.,1.,0.));
#13603 = CARTESIAN_POINT('',(41.,96.,121.));
#13604 = CARTESIAN_POINT('',(41.,154.,121.));
#13605 = GEOMETRIC_CURVE_SET('',(#13606));
#13606 = TRIMMED_CURVE('',#13607,(#13611,PARAMETER_VALUE(0.)),(#13612,
    PARAMETER_VALUE(32.)),.T.,.PARAMETER.);
#13607 = LINE('',#13608,#13609);
#13608 = CARTESIAN_POINT('',(41.,154.,89.));
#13609 = VECTOR('',#13610,1.);
#13610 = DIRECTION('',(0.,0.,1.));
#13611 = CARTESIAN_POINT('',(41.,154.,89.));
#13612 = CARTESIAN_POINT('',(41.,154.,121.));
#13613 = GEOMETRIC_CURVE_SET('',(#13614));
#13614 = TRIMMED_CURVE('',#13615,(#13619,PARAMETER_VALUE(0.)),(#13620,
    PARAMETER_VALUE(58.)),.T.,.PARAMETER.);
#13615 = LINE('',#13616,#13617);
#13616 = CARTESIAN_POINT('',(41.,96.,89.));
#13617 = VECTOR('',#13618,1.);
#13618 = DIRECTION('',(0.,1.,0.));
#13619 = CARTESIAN_POINT('',(41.,96.,89.));
#13620 = CARTESIAN_POINT('',(41.,154.,89.));
#13621 = GEOMETRIC_CURVE_SET('',(#13622));
#13622 = TRIMMED_CURVE('',#13623,(#13627,PARAMETER_VALUE(0.)),(#13628,
    PARAMETER_VALUE(28.)),.T.,.PARAMETER.);
#13623 = LINE('',#13624,#13625);
#13624 = CARTESIAN_POINT('',(13.,96.,89.));
#13625 = VECTOR('',#13626,1.);
#13626 = DIRECTION('',(1.,0.,0.));
#13627 = CARTESIAN_POINT('',(13.,96.,89.));
#13628 = CARTESIAN_POINT('',(41.,96.,89.));
#13629 = GEOMETRIC_CURVE_SET('',(#13630));
#13630 = TRIMMED_CURVE('',#13631,(#13635,PARAMETER_VALUE(0.)),(#13636,
    PARAMETER_VALUE(28.)),.T.,.PARAMETER.);
#13631 = LINE('',#13632,#13633);
#13632 = CARTESIAN_POINT('',(13.,96.,121.));
#13633 = VECTOR('',#13634,1.);
#13634 = DIRECTION('',(1.,0.,0.));
#13635 = CARTESIAN_POINT('',(13.,96.,121.));
#13636 = CARTESIAN_POINT('',(41.,96.,121.));
#13637 = GEOMETRIC_CURVE_SET('',(#13638));
#13638 = TRIMMED_CURVE('',#13639,(#13643,PARAMETER_VALUE(0.)),(#13644,
    PARAMETER_VALUE(28.)),.T.,.PARAMETER.);
#13639 = LINE('',#13640,#13641);
#13640 = CARTESIAN_POINT('',(13.,154.,89.));
#13641 = VECTOR('',#13642,1.);
#13642 = DIRECTION('',(1.,0.,0.));
#13643 = CARTESIAN_POINT('',(13.,154.,89.));
#13644 = CARTESIAN_POINT('',(41.,154.,89.));
#13645 = GEOMETRIC_CURVE_SET('',(#13646));
#13646 = TRIMMED_CURVE('',#13647,(#13651,PARAMETER_VALUE(0.)),(#13652,
    PARAMETER_VALUE(28.)),.T.,.PARAMETER.);
#13647 = LINE('',#13648,#13649);
#13648 = CARTESIAN_POINT('',(13.,154.,121.));
#13649 = VECTOR('',#13650,1.);
#13650 = DIRECTION('',(1.,0.,0.));
#13651 = CARTESIAN_POINT('',(13.,154.,121.));
#13652 = CARTESIAN_POINT('',(41.,154.,121.));
#13653 = GEOMETRIC_CURVE_SET('',(#13654));
#13654 = TRIMMED_CURVE('',#13655,(#13659,PARAMETER_VALUE(0.)),(#13660,
    PARAMETER_VALUE(55.)),.T.,.PARAMETER.);
#13655 = LINE('',#13656,#13657);
#13656 = CARTESIAN_POINT('',(44.,86.,66.));
#13657 = VECTOR('',#13658,1.);
#13658 = DIRECTION('',(0.,0.,1.));
#13659 = CARTESIAN_POINT('',(44.,86.,66.));
#13660 = CARTESIAN_POINT('',(44.,86.,121.));
#13661 = GEOMETRIC_CURVE_SET('',(#13662));
#13662 = TRIMMED_CURVE('',#13663,(#13667,PARAMETER_VALUE(0.)),(#13668,
    PARAMETER_VALUE(66.)),.T.,.PARAMETER.);
#13663 = LINE('',#13664,#13665);
#13664 = CARTESIAN_POINT('',(44.,86.,121.));
#13665 = VECTOR('',#13666,1.);
#13666 = DIRECTION('',(0.,1.,0.));
#13667 = CARTESIAN_POINT('',(44.,86.,121.));
#13668 = CARTESIAN_POINT('',(44.,152.,121.));
#13669 = GEOMETRIC_CURVE_SET('',(#13670));
#13670 = TRIMMED_CURVE('',#13671,(#13675,PARAMETER_VALUE(0.)),(#13676,
    PARAMETER_VALUE(55.)),.T.,.PARAMETER.);
#13671 = LINE('',#13672,#13673);
#13672 = CARTESIAN_POINT('',(44.,152.,66.));
#13673 = VECTOR('',#13674,1.);
#13674 = DIRECTION('',(0.,0.,1.));
#13675 = CARTESIAN_POINT('',(44.,152.,66.));
#13676 = CARTESIAN_POINT('',(44.,152.,121.));
#13677 = GEOMETRIC_CURVE_SET('',(#13678));
#13678 = TRIMMED_CURVE('',#13679,(#13683,PARAMETER_VALUE(0.)),(#13684,
    PARAMETER_VALUE(66.)),.T.,.PARAMETER.);
#13679 = LINE('',#13680,#13681);
#13680 = CARTESIAN_POINT('',(44.,86.,66.));
#13681 = VECTOR('',#13682,1.);
#13682 = DIRECTION('',(0.,1.,0.));
#13683 = CARTESIAN_POINT('',(44.,86.,66.));
#13684 = CARTESIAN_POINT('',(44.,152.,66.));
#13685 = GEOMETRIC_CURVE_SET('',(#13686));
#13686 = TRIMMED_CURVE('',#13687,(#13691,PARAMETER_VALUE(0.)),(#13692,
    PARAMETER_VALUE(55.)),.T.,.PARAMETER.);
#13687 = LINE('',#13688,#13689);
#13688 = CARTESIAN_POINT('',(224.,86.,66.));
#13689 = VECTOR('',#13690,1.);
#13690 = DIRECTION('',(0.,0.,1.));
#13691 = CARTESIAN_POINT('',(224.,86.,66.));
#13692 = CARTESIAN_POINT('',(224.,86.,121.));
#13693 = GEOMETRIC_CURVE_SET('',(#13694));
#13694 = TRIMMED_CURVE('',#13695,(#13699,PARAMETER_VALUE(0.)),(#13700,
    PARAMETER_VALUE(66.)),.T.,.PARAMETER.);
#13695 = LINE('',#13696,#13697);
#13696 = CARTESIAN_POINT('',(224.,86.,121.));
#13697 = VECTOR('',#13698,1.);
#13698 = DIRECTION('',(0.,1.,0.));
#13699 = CARTESIAN_POINT('',(224.,86.,121.));
#13700 = CARTESIAN_POINT('',(224.,152.,121.));
#13701 = GEOMETRIC_CURVE_SET('',(#13702));
#13702 = TRIMMED_CURVE('',#13703,(#13707,PARAMETER_VALUE(0.)),(#13708,
    PARAMETER_VALUE(55.)),.T.,.PARAMETER.);
#13703 = LINE('',#13704,#13705);
#13704 = CARTESIAN_POINT('',(224.,152.,66.));
#13705 = VECTOR('',#13706,1.);
#13706 = DIRECTION('',(0.,0.,1.));
#13707 = CARTESIAN_POINT('',(224.,152.,66.));
#13708 = CARTESIAN_POINT('',(224.,152.,121.));
#13709 = GEOMETRIC_CURVE_SET('',(#13710));
#13710 = TRIMMED_CURVE('',#13711,(#13715,PARAMETER_VALUE(0.)),(#13716,
    PARAMETER_VALUE(66.)),.T.,.PARAMETER.);
#13711 = LINE('',#13712,#13713);
#13712 = CARTESIAN_POINT('',(224.,86.,66.));
#13713 = VECTOR('',#13714,1.);
#13714 = DIRECTION('',(0.,1.,0.));
#13715 = CARTESIAN_POINT('',(224.,86.,66.));
#13716 = CARTESIAN_POINT('',(224.,152.,66.));
#13717 = GEOMETRIC_CURVE_SET('',(#13718));
#13718 = TRIMMED_CURVE('',#13719,(#13723,PARAMETER_VALUE(0.)),(#13724,
    PARAMETER_VALUE(180.)),.T.,.PARAMETER.);
#13719 = LINE('',#13720,#13721);
#13720 = CARTESIAN_POINT('',(44.,86.,66.));
#13721 = VECTOR('',#13722,1.);
#13722 = DIRECTION('',(1.,0.,0.));
#13723 = CARTESIAN_POINT('',(44.,86.,66.));
#13724 = CARTESIAN_POINT('',(224.,86.,66.));
#13725 = GEOMETRIC_CURVE_SET('',(#13726));
#13726 = TRIMMED_CURVE('',#13727,(#13731,PARAMETER_VALUE(0.)),(#13732,
    PARAMETER_VALUE(180.)),.T.,.PARAMETER.);
#13727 = LINE('',#13728,#13729);
#13728 = CARTESIAN_POINT('',(44.,86.,121.));
#13729 = VECTOR('',#13730,1.);
#13730 = DIRECTION('',(1.,0.,0.));
#13731 = CARTESIAN_POINT('',(44.,86.,121.));
#13732 = CARTESIAN_POINT('',(224.,86.,121.));
#13733 = GEOMETRIC_CURVE_SET('',(#13734));
#13734 = TRIMMED_CURVE('',#13735,(#13739,PARAMETER_VALUE(0.)),(#13740,
    PARAMETER_VALUE(180.)),.T.,.PARAMETER.);
#13735 = LINE('',#13736,#13737);
#13736 = CARTESIAN_POINT('',(44.,152.,66.));
#13737 = VECTOR('',#13738,1.);
#13738 = DIRECTION('',(1.,0.,0.));
#13739 = CARTESIAN_POINT('',(44.,152.,66.));
#13740 = CARTESIAN_POINT('',(224.,152.,66.));
#13741 = GEOMETRIC_CURVE_SET('',(#13742));
#13742 = TRIMMED_CURVE('',#13743,(#13747,PARAMETER_VALUE(0.)),(#13748,
    PARAMETER_VALUE(180.)),.T.,.PARAMETER.);
#13743 = LINE('',#13744,#13745);
#13744 = CARTESIAN_POINT('',(44.,152.,121.));
#13745 = VECTOR('',#13746,1.);
#13746 = DIRECTION('',(1.,0.,0.));
#13747 = CARTESIAN_POINT('',(44.,152.,121.));
#13748 = CARTESIAN_POINT('',(224.,152.,121.));
#13749 = GEOMETRIC_CURVE_SET('',(#13750));
#13750 = TRIMMED_CURVE('',#13751,(#13755,PARAMETER_VALUE(0.)),(#13756,
    PARAMETER_VALUE(55.)),.T.,.PARAMETER.);
#13751 = LINE('',#13752,#13753);
#13752 = CARTESIAN_POINT('',(86.,94.,124.1));
#13753 = VECTOR('',#13754,1.);
#13754 = DIRECTION('',(0.,0.,1.));
#13755 = CARTESIAN_POINT('',(86.,94.,124.1));
#13756 = CARTESIAN_POINT('',(86.,94.,179.1));
#13757 = GEOMETRIC_CURVE_SET('',(#13758));
#13758 = TRIMMED_CURVE('',#13759,(#13763,PARAMETER_VALUE(0.)),(#13764,
    PARAMETER_VALUE(70.3)),.T.,.PARAMETER.);
#13759 = LINE('',#13760,#13761);
#13760 = CARTESIAN_POINT('',(86.,94.,179.1));
#13761 = VECTOR('',#13762,1.);
#13762 = DIRECTION('',(0.,1.,0.));
#13763 = CARTESIAN_POINT('',(86.,94.,179.1));
#13764 = CARTESIAN_POINT('',(86.,164.3,179.1));
#13765 = GEOMETRIC_CURVE_SET('',(#13766));
#13766 = TRIMMED_CURVE('',#13767,(#13771,PARAMETER_VALUE(0.)),(#13772,
    PARAMETER_VALUE(55.)),.T.,.PARAMETER.);
#13767 = LINE('',#13768,#13769);
#13768 = CARTESIAN_POINT('',(86.,164.3,124.1));
#13769 = VECTOR('',#13770,1.);
#13770 = DIRECTION('',(0.,0.,1.));
#13771 = CARTESIAN_POINT('',(86.,164.3,124.1));
#13772 = CARTESIAN_POINT('',(86.,164.3,179.1));
#13773 = GEOMETRIC_CURVE_SET('',(#13774));
#13774 = TRIMMED_CURVE('',#13775,(#13779,PARAMETER_VALUE(0.)),(#13780,
    PARAMETER_VALUE(70.3)),.T.,.PARAMETER.);
#13775 = LINE('',#13776,#13777);
#13776 = CARTESIAN_POINT('',(86.,94.,124.1));
#13777 = VECTOR('',#13778,1.);
#13778 = DIRECTION('',(0.,1.,0.));
#13779 = CARTESIAN_POINT('',(86.,94.,124.1));
#13780 = CARTESIAN_POINT('',(86.,164.3,124.1));
#13781 = GEOMETRIC_CURVE_SET('',(#13782));
#13782 = TRIMMED_CURVE('',#13783,(#13787,PARAMETER_VALUE(0.)),(#13788,
    PARAMETER_VALUE(55.)),.T.,.PARAMETER.);
#13783 = LINE('',#13784,#13785);
#13784 = CARTESIAN_POINT('',(182.8,94.,124.1));
#13785 = VECTOR('',#13786,1.);
#13786 = DIRECTION('',(0.,0.,1.));
#13787 = CARTESIAN_POINT('',(182.8,94.,124.1));
#13788 = CARTESIAN_POINT('',(182.8,94.,179.1));
#13789 = GEOMETRIC_CURVE_SET('',(#13790));
#13790 = TRIMMED_CURVE('',#13791,(#13795,PARAMETER_VALUE(0.)),(#13796,
    PARAMETER_VALUE(70.3)),.T.,.PARAMETER.);
#13791 = LINE('',#13792,#13793);
#13792 = CARTESIAN_POINT('',(182.8,94.,179.1));
#13793 = VECTOR('',#13794,1.);
#13794 = DIRECTION('',(0.,1.,0.));
#13795 = CARTESIAN_POINT('',(182.8,94.,179.1));
#13796 = CARTESIAN_POINT('',(182.8,164.3,179.1));
#13797 = GEOMETRIC_CURVE_SET('',(#13798));
#13798 = TRIMMED_CURVE('',#13799,(#13803,PARAMETER_VALUE(0.)),(#13804,
    PARAMETER_VALUE(55.)),.T.,.PARAMETER.);
#13799 = LINE('',#13800,#13801);
#13800 = CARTESIAN_POINT('',(182.8,164.3,124.1));
#13801 = VECTOR('',#13802,1.);
#13802 = DIRECTION('',(0.,0.,1.));
#13803 = CARTESIAN_POINT('',(182.8,164.3,124.1));
#13804 = CARTESIAN_POINT('',(182.8,164.3,179.1));
#13805 = GEOMETRIC_CURVE_SET('',(#13806));
#13806 = TRIMMED_CURVE('',#13807,(#13811,PARAMETER_VALUE(0.)),(#13812,
    PARAMETER_VALUE(70.3)),.T.,.PARAMETER.);
#13807 = LINE('',#13808,#13809);
#13808 = CARTESIAN_POINT('',(182.8,94.,124.1));
#13809 = VECTOR('',#13810,1.);
#13810 = DIRECTION('',(0.,1.,0.));
#13811 = CARTESIAN_POINT('',(182.8,94.,124.1));
#13812 = CARTESIAN_POINT('',(182.8,164.3,124.1));
#13813 = GEOMETRIC_CURVE_SET('',(#13814));
#13814 = TRIMMED_CURVE('',#13815,(#13819,PARAMETER_VALUE(0.)),(#13820,
    PARAMETER_VALUE(96.8)),.T.,.PARAMETER.);
#13815 = LINE('',#13816,#13817);
#13816 = CARTESIAN_POINT('',(86.,94.,124.1));
#13817 = VECTOR('',#13818,1.);
#13818 = DIRECTION('',(1.,0.,0.));
#13819 = CARTESIAN_POINT('',(86.,94.,124.1));
#13820 = CARTESIAN_POINT('',(182.8,94.,124.1));
#13821 = GEOMETRIC_CURVE_SET('',(#13822));
#13822 = TRIMMED_CURVE('',#13823,(#13827,PARAMETER_VALUE(0.)),(#13828,
    PARAMETER_VALUE(96.8)),.T.,.PARAMETER.);
#13823 = LINE('',#13824,#13825);
#13824 = CARTESIAN_POINT('',(86.,94.,179.1));
#13825 = VECTOR('',#13826,1.);
#13826 = DIRECTION('',(1.,0.,0.));
#13827 = CARTESIAN_POINT('',(86.,94.,179.1));
#13828 = CARTESIAN_POINT('',(182.8,94.,179.1));
#13829 = GEOMETRIC_CURVE_SET('',(#13830));
#13830 = TRIMMED_CURVE('',#13831,(#13835,PARAMETER_VALUE(0.)),(#13836,
    PARAMETER_VALUE(96.8)),.T.,.PARAMETER.);
#13831 = LINE('',#13832,#13833);
#13832 = CARTESIAN_POINT('',(86.,164.3,124.1));
#13833 = VECTOR('',#13834,1.);
#13834 = DIRECTION('',(1.,0.,0.));
#13835 = CARTESIAN_POINT('',(86.,164.3,124.1));
#13836 = CARTESIAN_POINT('',(182.8,164.3,124.1));
#13837 = GEOMETRIC_CURVE_SET('',(#13838));
#13838 = TRIMMED_CURVE('',#13839,(#13843,PARAMETER_VALUE(0.)),(#13844,
    PARAMETER_VALUE(96.8)),.T.,.PARAMETER.);
#13839 = LINE('',#13840,#13841);
#13840 = CARTESIAN_POINT('',(86.,164.3,179.1));
#13841 = VECTOR('',#13842,1.);
#13842 = DIRECTION('',(1.,0.,0.));
#13843 = CARTESIAN_POINT('',(86.,164.3,179.1));
#13844 = CARTESIAN_POINT('',(182.8,164.3,179.1));
#13845 = GEOMETRIC_CURVE_SET('',(#13846));
#13846 = TRIMMED_CURVE('',#13847,(#13851,PARAMETER_VALUE(0.)),(#13852,
    PARAMETER_VALUE(8.)),.T.,.PARAMETER.);
#13847 = LINE('',#13848,#13849);
#13848 = CARTESIAN_POINT('',(40.,2.,137.1));
#13849 = VECTOR('',#13850,1.);
#13850 = DIRECTION('',(0.,0.,1.));
#13851 = CARTESIAN_POINT('',(40.,2.,137.1));
#13852 = CARTESIAN_POINT('',(40.,2.,145.1));
#13853 = GEOMETRIC_CURVE_SET('',(#13854));
#13854 = TRIMMED_CURVE('',#13855,(#13859,PARAMETER_VALUE(0.)),(#13860,
    PARAMETER_VALUE(18.)),.T.,.PARAMETER.);
#13855 = LINE('',#13856,#13857);
#13856 = CARTESIAN_POINT('',(40.,2.,145.1));
#13857 = VECTOR('',#13858,1.);
#13858 = DIRECTION('',(0.,1.,0.));
#13859 = CARTESIAN_POINT('',(40.,2.,145.1));
#13860 = CARTESIAN_POINT('',(40.,20.,145.1));
#13861 = GEOMETRIC_CURVE_SET('',(#13862));
#13862 = TRIMMED_CURVE('',#13863,(#13867,PARAMETER_VALUE(0.)),(#13868,
    PARAMETER_VALUE(8.)),.T.,.PARAMETER.);
#13863 = LINE('',#13864,#13865);
#13864 = CARTESIAN_POINT('',(40.,20.,137.1));
#13865 = VECTOR('',#13866,1.);
#13866 = DIRECTION('',(0.,0.,1.));
#13867 = CARTESIAN_POINT('',(40.,20.,137.1));
#13868 = CARTESIAN_POINT('',(40.,20.,145.1));
#13869 = GEOMETRIC_CURVE_SET('',(#13870));
#13870 = TRIMMED_CURVE('',#13871,(#13875,PARAMETER_VALUE(0.)),(#13876,
    PARAMETER_VALUE(18.)),.T.,.PARAMETER.);
#13871 = LINE('',#13872,#13873);
#13872 = CARTESIAN_POINT('',(40.,2.,137.1));
#13873 = VECTOR('',#13874,1.);
#13874 = DIRECTION('',(0.,1.,0.));
#13875 = CARTESIAN_POINT('',(40.,2.,137.1));
#13876 = CARTESIAN_POINT('',(40.,20.,137.1));
#13877 = GEOMETRIC_CURVE_SET('',(#13878));
#13878 = TRIMMED_CURVE('',#13879,(#13883,PARAMETER_VALUE(0.)),(#13884,
    PARAMETER_VALUE(8.)),.T.,.PARAMETER.);
#13879 = LINE('',#13880,#13881);
#13880 = CARTESIAN_POINT('',(53.,2.,137.1));
#13881 = VECTOR('',#13882,1.);
#13882 = DIRECTION('',(0.,0.,1.));
#13883 = CARTESIAN_POINT('',(53.,2.,137.1));
#13884 = CARTESIAN_POINT('',(53.,2.,145.1));
#13885 = GEOMETRIC_CURVE_SET('',(#13886));
#13886 = TRIMMED_CURVE('',#13887,(#13891,PARAMETER_VALUE(0.)),(#13892,
    PARAMETER_VALUE(18.)),.T.,.PARAMETER.);
#13887 = LINE('',#13888,#13889);
#13888 = CARTESIAN_POINT('',(53.,2.,145.1));
#13889 = VECTOR('',#13890,1.);
#13890 = DIRECTION('',(0.,1.,0.));
#13891 = CARTESIAN_POINT('',(53.,2.,145.1));
#13892 = CARTESIAN_POINT('',(53.,20.,145.1));
#13893 = GEOMETRIC_CURVE_SET('',(#13894));
#13894 = TRIMMED_CURVE('',#13895,(#13899,PARAMETER_VALUE(0.)),(#13900,
    PARAMETER_VALUE(8.)),.T.,.PARAMETER.);
#13895 = LINE('',#13896,#13897);
#13896 = CARTESIAN_POINT('',(53.,20.,137.1));
#13897 = VECTOR('',#13898,1.);
#13898 = DIRECTION('',(0.,0.,1.));
#13899 = CARTESIAN_POINT('',(53.,20.,137.1));
#13900 = CARTESIAN_POINT('',(53.,20.,145.1));
#13901 = GEOMETRIC_CURVE_SET('',(#13902));
#13902 = TRIMMED_CURVE('',#13903,(#13907,PARAMETER_VALUE(0.)),(#13908,
    PARAMETER_VALUE(18.)),.T.,.PARAMETER.);
#13903 = LINE('',#13904,#13905);
#13904 = CARTESIAN_POINT('',(53.,2.,137.1));
#13905 = VECTOR('',#13906,1.);
#13906 = DIRECTION('',(0.,1.,0.));
#13907 = CARTESIAN_POINT('',(53.,2.,137.1));
#13908 = CARTESIAN_POINT('',(53.,20.,137.1));
#13909 = GEOMETRIC_CURVE_SET('',(#13910));
#13910 = TRIMMED_CURVE('',#13911,(#13915,PARAMETER_VALUE(0.)),(#13916,
    PARAMETER_VALUE(13.)),.T.,.PARAMETER.);
#13911 = LINE('',#13912,#13913);
#13912 = CARTESIAN_POINT('',(40.,2.,137.1));
#13913 = VECTOR('',#13914,1.);
#13914 = DIRECTION('',(1.,0.,0.));
#13915 = CARTESIAN_POINT('',(40.,2.,137.1));
#13916 = CARTESIAN_POINT('',(53.,2.,137.1));
#13917 = GEOMETRIC_CURVE_SET('',(#13918));
#13918 = TRIMMED_CURVE('',#13919,(#13923,PARAMETER_VALUE(0.)),(#13924,
    PARAMETER_VALUE(13.)),.T.,.PARAMETER.);
#13919 = LINE('',#13920,#13921);
#13920 = CARTESIAN_POINT('',(40.,2.,145.1));
#13921 = VECTOR('',#13922,1.);
#13922 = DIRECTION('',(1.,0.,0.));
#13923 = CARTESIAN_POINT('',(40.,2.,145.1));
#13924 = CARTESIAN_POINT('',(53.,2.,145.1));
#13925 = GEOMETRIC_CURVE_SET('',(#13926));
#13926 = TRIMMED_CURVE('',#13927,(#13931,PARAMETER_VALUE(0.)),(#13932,
    PARAMETER_VALUE(13.)),.T.,.PARAMETER.);
#13927 = LINE('',#13928,#13929);
#13928 = CARTESIAN_POINT('',(40.,20.,137.1));
#13929 = VECTOR('',#13930,1.);
#13930 = DIRECTION('',(1.,0.,0.));
#13931 = CARTESIAN_POINT('',(40.,20.,137.1));
#13932 = CARTESIAN_POINT('',(53.,20.,137.1));
#13933 = GEOMETRIC_CURVE_SET('',(#13934));
#13934 = TRIMMED_CURVE('',#13935,(#13939,PARAMETER_VALUE(0.)),(#13940,
    PARAMETER_VALUE(13.)),.T.,.PARAMETER.);
#13935 = LINE('',#13936,#13937);
#13936 = CARTESIAN_POINT('',(40.,20.,145.1));
#13937 = VECTOR('',#13938,1.);
#13938 = DIRECTION('',(1.,0.,0.));
#13939 = CARTESIAN_POINT('',(40.,20.,145.1));
#13940 = CARTESIAN_POINT('',(53.,20.,145.1));
#13941 = GEOMETRIC_CURVE_SET('',(#13942));
#13942 = TRIMMED_CURVE('',#13943,(#13947,PARAMETER_VALUE(0.)),(#13948,
    PARAMETER_VALUE(8.)),.T.,.PARAMETER.);
#13943 = LINE('',#13944,#13945);
#13944 = CARTESIAN_POINT('',(235.,2.,137.1));
#13945 = VECTOR('',#13946,1.);
#13946 = DIRECTION('',(0.,0.,1.));
#13947 = CARTESIAN_POINT('',(235.,2.,137.1));
#13948 = CARTESIAN_POINT('',(235.,2.,145.1));
#13949 = GEOMETRIC_CURVE_SET('',(#13950));
#13950 = TRIMMED_CURVE('',#13951,(#13955,PARAMETER_VALUE(0.)),(#13956,
    PARAMETER_VALUE(18.)),.T.,.PARAMETER.);
#13951 = LINE('',#13952,#13953);
#13952 = CARTESIAN_POINT('',(235.,2.,145.1));
#13953 = VECTOR('',#13954,1.);
#13954 = DIRECTION('',(0.,1.,0.));
#13955 = CARTESIAN_POINT('',(235.,2.,145.1));
#13956 = CARTESIAN_POINT('',(235.,20.,145.1));
#13957 = GEOMETRIC_CURVE_SET('',(#13958));
#13958 = TRIMMED_CURVE('',#13959,(#13963,PARAMETER_VALUE(0.)),(#13964,
    PARAMETER_VALUE(8.)),.T.,.PARAMETER.);
#13959 = LINE('',#13960,#13961);
#13960 = CARTESIAN_POINT('',(235.,20.,137.1));
#13961 = VECTOR('',#13962,1.);
#13962 = DIRECTION('',(0.,0.,1.));
#13963 = CARTESIAN_POINT('',(235.,20.,137.1));
#13964 = CARTESIAN_POINT('',(235.,20.,145.1));
#13965 = GEOMETRIC_CURVE_SET('',(#13966));
#13966 = TRIMMED_CURVE('',#13967,(#13971,PARAMETER_VALUE(0.)),(#13972,
    PARAMETER_VALUE(18.)),.T.,.PARAMETER.);
#13967 = LINE('',#13968,#13969);
#13968 = CARTESIAN_POINT('',(235.,2.,137.1));
#13969 = VECTOR('',#13970,1.);
#13970 = DIRECTION('',(0.,1.,0.));
#13971 = CARTESIAN_POINT('',(235.,2.,137.1));
#13972 = CARTESIAN_POINT('',(235.,20.,137.1));
#13973 = GEOMETRIC_CURVE_SET('',(#13974));
#13974 = TRIMMED_CURVE('',#13975,(#13979,PARAMETER_VALUE(0.)),(#13980,
    PARAMETER_VALUE(8.)),.T.,.PARAMETER.);
#13975 = LINE('',#13976,#13977);
#13976 = CARTESIAN_POINT('',(248.,2.,137.1));
#13977 = VECTOR('',#13978,1.);
#13978 = DIRECTION('',(0.,0.,1.));
#13979 = CARTESIAN_POINT('',(248.,2.,137.1));
#13980 = CARTESIAN_POINT('',(248.,2.,145.1));
#13981 = GEOMETRIC_CURVE_SET('',(#13982));
#13982 = TRIMMED_CURVE('',#13983,(#13987,PARAMETER_VALUE(0.)),(#13988,
    PARAMETER_VALUE(18.)),.T.,.PARAMETER.);
#13983 = LINE('',#13984,#13985);
#13984 = CARTESIAN_POINT('',(248.,2.,145.1));
#13985 = VECTOR('',#13986,1.);
#13986 = DIRECTION('',(0.,1.,0.));
#13987 = CARTESIAN_POINT('',(248.,2.,145.1));
#13988 = CARTESIAN_POINT('',(248.,20.,145.1));
#13989 = GEOMETRIC_CURVE_SET('',(#13990));
#13990 = TRIMMED_CURVE('',#13991,(#13995,PARAMETER_VALUE(0.)),(#13996,
    PARAMETER_VALUE(8.)),.T.,.PARAMETER.);
#13991 = LINE('',#13992,#13993);
#13992 = CARTESIAN_POINT('',(248.,20.,137.1));
#13993 = VECTOR('',#13994,1.);
#13994 = DIRECTION('',(0.,0.,1.));
#13995 = CARTESIAN_POINT('',(248.,20.,137.1));
#13996 = CARTESIAN_POINT('',(248.,20.,145.1));
#13997 = GEOMETRIC_CURVE_SET('',(#13998));
#13998 = TRIMMED_CURVE('',#13999,(#14003,PARAMETER_VALUE(0.)),(#14004,
    PARAMETER_VALUE(18.)),.T.,.PARAMETER.);
#13999 = LINE('',#14000,#14001);
#14000 = CARTESIAN_POINT('',(248.,2.,137.1));
#14001 = VECTOR('',#14002,1.);
#14002 = DIRECTION('',(0.,1.,0.));
#14003 = CARTESIAN_POINT('',(248.,2.,137.1));
#14004 = CARTESIAN_POINT('',(248.,20.,137.1));
#14005 = GEOMETRIC_CURVE_SET('',(#14006));
#14006 = TRIMMED_CURVE('',#14007,(#14011,PARAMETER_VALUE(0.)),(#14012,
    PARAMETER_VALUE(13.)),.T.,.PARAMETER.);
#14007 = LINE('',#14008,#14009);
#14008 = CARTESIAN_POINT('',(235.,2.,137.1));
#14009 = VECTOR('',#14010,1.);
#14010 = DIRECTION('',(1.,0.,0.));
#14011 = CARTESIAN_POINT('',(235.,2.,137.1));
#14012 = CARTESIAN_POINT('',(248.,2.,137.1));
#14013 = GEOMETRIC_CURVE_SET('',(#14014));
#14014 = TRIMMED_CURVE('',#14015,(#14019,PARAMETER_VALUE(0.)),(#14020,
    PARAMETER_VALUE(13.)),.T.,.PARAMETER.);
#14015 = LINE('',#14016,#14017);
#14016 = CARTESIAN_POINT('',(235.,2.,145.1));
#14017 = VECTOR('',#14018,1.);
#14018 = DIRECTION('',(1.,0.,0.));
#14019 = CARTESIAN_POINT('',(235.,2.,145.1));
#14020 = CARTESIAN_POINT('',(248.,2.,145.1));
#14021 = GEOMETRIC_CURVE_SET('',(#14022));
#14022 = TRIMMED_CURVE('',#14023,(#14027,PARAMETER_VALUE(0.)),(#14028,
    PARAMETER_VALUE(13.)),.T.,.PARAMETER.);
#14023 = LINE('',#14024,#14025);
#14024 = CARTESIAN_POINT('',(235.,20.,137.1));
#14025 = VECTOR('',#14026,1.);
#14026 = DIRECTION('',(1.,0.,0.));
#14027 = CARTESIAN_POINT('',(235.,20.,137.1));
#14028 = CARTESIAN_POINT('',(248.,20.,137.1));
#14029 = GEOMETRIC_CURVE_SET('',(#14030));
#14030 = TRIMMED_CURVE('',#14031,(#14035,PARAMETER_VALUE(0.)),(#14036,
    PARAMETER_VALUE(13.)),.T.,.PARAMETER.);
#14031 = LINE('',#14032,#14033);
#14032 = CARTESIAN_POINT('',(235.,20.,145.1));
#14033 = VECTOR('',#14034,1.);
#14034 = DIRECTION('',(1.,0.,0.));
#14035 = CARTESIAN_POINT('',(235.,20.,145.1));
#14036 = CARTESIAN_POINT('',(248.,20.,145.1));
#14037 = GEOMETRIC_CURVE_SET('',(#14038));
#14038 = TRIMMED_CURVE('',#14039,(#14043,PARAMETER_VALUE(0.)),(#14044,
    PARAMETER_VALUE(8.)),.T.,.PARAMETER.);
#14039 = LINE('',#14040,#14041);
#14040 = CARTESIAN_POINT('',(2.,140.,125.1));
#14041 = VECTOR('',#14042,1.);
#14042 = DIRECTION('',(0.,0.,1.));
#14043 = CARTESIAN_POINT('',(2.,140.,125.1));
#14044 = CARTESIAN_POINT('',(2.,140.,133.1));
#14045 = GEOMETRIC_CURVE_SET('',(#14046));
#14046 = TRIMMED_CURVE('',#14047,(#14051,PARAMETER_VALUE(0.)),(#14052,
    PARAMETER_VALUE(18.)),.T.,.PARAMETER.);
#14047 = LINE('',#14048,#14049);
#14048 = CARTESIAN_POINT('',(2.,140.,133.1));
#14049 = VECTOR('',#14050,1.);
#14050 = DIRECTION('',(0.,1.,0.));
#14051 = CARTESIAN_POINT('',(2.,140.,133.1));
#14052 = CARTESIAN_POINT('',(2.,158.,133.1));
#14053 = GEOMETRIC_CURVE_SET('',(#14054));
#14054 = TRIMMED_CURVE('',#14055,(#14059,PARAMETER_VALUE(0.)),(#14060,
    PARAMETER_VALUE(8.)),.T.,.PARAMETER.);
#14055 = LINE('',#14056,#14057);
#14056 = CARTESIAN_POINT('',(2.,158.,125.1));
#14057 = VECTOR('',#14058,1.);
#14058 = DIRECTION('',(0.,0.,1.));
#14059 = CARTESIAN_POINT('',(2.,158.,125.1));
#14060 = CARTESIAN_POINT('',(2.,158.,133.1));
#14061 = GEOMETRIC_CURVE_SET('',(#14062));
#14062 = TRIMMED_CURVE('',#14063,(#14067,PARAMETER_VALUE(0.)),(#14068,
    PARAMETER_VALUE(18.)),.T.,.PARAMETER.);
#14063 = LINE('',#14064,#14065);
#14064 = CARTESIAN_POINT('',(2.,140.,125.1));
#14065 = VECTOR('',#14066,1.);
#14066 = DIRECTION('',(0.,1.,0.));
#14067 = CARTESIAN_POINT('',(2.,140.,125.1));
#14068 = CARTESIAN_POINT('',(2.,158.,125.1));
#14069 = GEOMETRIC_CURVE_SET('',(#14070));
#14070 = TRIMMED_CURVE('',#14071,(#14075,PARAMETER_VALUE(0.)),(#14076,
    PARAMETER_VALUE(8.)),.T.,.PARAMETER.);
#14071 = LINE('',#14072,#14073);
#14072 = CARTESIAN_POINT('',(15.,140.,125.1));
#14073 = VECTOR('',#14074,1.);
#14074 = DIRECTION('',(0.,0.,1.));
#14075 = CARTESIAN_POINT('',(15.,140.,125.1));
#14076 = CARTESIAN_POINT('',(15.,140.,133.1));
#14077 = GEOMETRIC_CURVE_SET('',(#14078));
#14078 = TRIMMED_CURVE('',#14079,(#14083,PARAMETER_VALUE(0.)),(#14084,
    PARAMETER_VALUE(18.)),.T.,.PARAMETER.);
#14079 = LINE('',#14080,#14081);
#14080 = CARTESIAN_POINT('',(15.,140.,133.1));
#14081 = VECTOR('',#14082,1.);
#14082 = DIRECTION('',(0.,1.,0.));
#14083 = CARTESIAN_POINT('',(15.,140.,133.1));
#14084 = CARTESIAN_POINT('',(15.,158.,133.1));
#14085 = GEOMETRIC_CURVE_SET('',(#14086));
#14086 = TRIMMED_CURVE('',#14087,(#14091,PARAMETER_VALUE(0.)),(#14092,
    PARAMETER_VALUE(8.)),.T.,.PARAMETER.);
#14087 = LINE('',#14088,#14089);
#14088 = CARTESIAN_POINT('',(15.,158.,125.1));
#14089 = VECTOR('',#14090,1.);
#14090 = DIRECTION('',(0.,0.,1.));
#14091 = CARTESIAN_POINT('',(15.,158.,125.1));
#14092 = CARTESIAN_POINT('',(15.,158.,133.1));
#14093 = GEOMETRIC_CURVE_SET('',(#14094));
#14094 = TRIMMED_CURVE('',#14095,(#14099,PARAMETER_VALUE(0.)),(#14100,
    PARAMETER_VALUE(18.)),.T.,.PARAMETER.);
#14095 = LINE('',#14096,#14097);
#14096 = CARTESIAN_POINT('',(15.,140.,125.1));
#14097 = VECTOR('',#14098,1.);
#14098 = DIRECTION('',(0.,1.,0.));
#14099 = CARTESIAN_POINT('',(15.,140.,125.1));
#14100 = CARTESIAN_POINT('',(15.,158.,125.1));
#14101 = GEOMETRIC_CURVE_SET('',(#14102));
#14102 = TRIMMED_CURVE('',#14103,(#14107,PARAMETER_VALUE(0.)),(#14108,
    PARAMETER_VALUE(13.)),.T.,.PARAMETER.);
#14103 = LINE('',#14104,#14105);
#14104 = CARTESIAN_POINT('',(2.,140.,125.1));
#14105 = VECTOR('',#14106,1.);
#14106 = DIRECTION('',(1.,0.,0.));
#14107 = CARTESIAN_POINT('',(2.,140.,125.1));
#14108 = CARTESIAN_POINT('',(15.,140.,125.1));
#14109 = GEOMETRIC_CURVE_SET('',(#14110));
#14110 = TRIMMED_CURVE('',#14111,(#14115,PARAMETER_VALUE(0.)),(#14116,
    PARAMETER_VALUE(13.)),.T.,.PARAMETER.);
#14111 = LINE('',#14112,#14113);
#14112 = CARTESIAN_POINT('',(2.,140.,133.1));
#14113 = VECTOR('',#14114,1.);
#14114 = DIRECTION('',(1.,0.,0.));
#14115 = CARTESIAN_POINT('',(2.,140.,133.1));
#14116 = CARTESIAN_POINT('',(15.,140.,133.1));
#14117 = GEOMETRIC_CURVE_SET('',(#14118));
#14118 = TRIMMED_CURVE('',#14119,(#14123,PARAMETER_VALUE(0.)),(#14124,
    PARAMETER_VALUE(13.)),.T.,.PARAMETER.);
#14119 = LINE('',#14120,#14121);
#14120 = CARTESIAN_POINT('',(2.,158.,125.1));
#14121 = VECTOR('',#14122,1.);
#14122 = DIRECTION('',(1.,0.,0.));
#14123 = CARTESIAN_POINT('',(2.,158.,125.1));
#14124 = CARTESIAN_POINT('',(15.,158.,125.1));
#14125 = GEOMETRIC_CURVE_SET('',(#14126));
#14126 = TRIMMED_CURVE('',#14127,(#14131,PARAMETER_VALUE(0.)),(#14132,
    PARAMETER_VALUE(13.)),.T.,.PARAMETER.);
#14127 = LINE('',#14128,#14129);
#14128 = CARTESIAN_POINT('',(2.,158.,133.1));
#14129 = VECTOR('',#14130,1.);
#14130 = DIRECTION('',(1.,0.,0.));
#14131 = CARTESIAN_POINT('',(2.,158.,133.1));
#14132 = CARTESIAN_POINT('',(15.,158.,133.1));
#14133 = GEOMETRIC_CURVE_SET('',(#14134));
#14134 = TRIMMED_CURVE('',#14135,(#14139,PARAMETER_VALUE(0.)),(#14140,
    PARAMETER_VALUE(8.)),.T.,.PARAMETER.);
#14135 = LINE('',#14136,#14137);
#14136 = CARTESIAN_POINT('',(261.,140.,125.1));
#14137 = VECTOR('',#14138,1.);
#14138 = DIRECTION('',(0.,0.,1.));
#14139 = CARTESIAN_POINT('',(261.,140.,125.1));
#14140 = CARTESIAN_POINT('',(261.,140.,133.1));
#14141 = GEOMETRIC_CURVE_SET('',(#14142));
#14142 = TRIMMED_CURVE('',#14143,(#14147,PARAMETER_VALUE(0.)),(#14148,
    PARAMETER_VALUE(18.)),.T.,.PARAMETER.);
#14143 = LINE('',#14144,#14145);
#14144 = CARTESIAN_POINT('',(261.,140.,133.1));
#14145 = VECTOR('',#14146,1.);
#14146 = DIRECTION('',(0.,1.,0.));
#14147 = CARTESIAN_POINT('',(261.,140.,133.1));
#14148 = CARTESIAN_POINT('',(261.,158.,133.1));
#14149 = GEOMETRIC_CURVE_SET('',(#14150));
#14150 = TRIMMED_CURVE('',#14151,(#14155,PARAMETER_VALUE(0.)),(#14156,
    PARAMETER_VALUE(8.)),.T.,.PARAMETER.);
#14151 = LINE('',#14152,#14153);
#14152 = CARTESIAN_POINT('',(261.,158.,125.1));
#14153 = VECTOR('',#14154,1.);
#14154 = DIRECTION('',(0.,0.,1.));
#14155 = CARTESIAN_POINT('',(261.,158.,125.1));
#14156 = CARTESIAN_POINT('',(261.,158.,133.1));
#14157 = GEOMETRIC_CURVE_SET('',(#14158));
#14158 = TRIMMED_CURVE('',#14159,(#14163,PARAMETER_VALUE(0.)),(#14164,
    PARAMETER_VALUE(18.)),.T.,.PARAMETER.);
#14159 = LINE('',#14160,#14161);
#14160 = CARTESIAN_POINT('',(261.,140.,125.1));
#14161 = VECTOR('',#14162,1.);
#14162 = DIRECTION('',(0.,1.,0.));
#14163 = CARTESIAN_POINT('',(261.,140.,125.1));
#14164 = CARTESIAN_POINT('',(261.,158.,125.1));
#14165 = GEOMETRIC_CURVE_SET('',(#14166));
#14166 = TRIMMED_CURVE('',#14167,(#14171,PARAMETER_VALUE(0.)),(#14172,
    PARAMETER_VALUE(8.)),.T.,.PARAMETER.);
#14167 = LINE('',#14168,#14169);
#14168 = CARTESIAN_POINT('',(274.,140.,125.1));
#14169 = VECTOR('',#14170,1.);
#14170 = DIRECTION('',(0.,0.,1.));
#14171 = CARTESIAN_POINT('',(274.,140.,125.1));
#14172 = CARTESIAN_POINT('',(274.,140.,133.1));
#14173 = GEOMETRIC_CURVE_SET('',(#14174));
#14174 = TRIMMED_CURVE('',#14175,(#14179,PARAMETER_VALUE(0.)),(#14180,
    PARAMETER_VALUE(18.)),.T.,.PARAMETER.);
#14175 = LINE('',#14176,#14177);
#14176 = CARTESIAN_POINT('',(274.,140.,133.1));
#14177 = VECTOR('',#14178,1.);
#14178 = DIRECTION('',(0.,1.,0.));
#14179 = CARTESIAN_POINT('',(274.,140.,133.1));
#14180 = CARTESIAN_POINT('',(274.,158.,133.1));
#14181 = GEOMETRIC_CURVE_SET('',(#14182));
#14182 = TRIMMED_CURVE('',#14183,(#14187,PARAMETER_VALUE(0.)),(#14188,
    PARAMETER_VALUE(8.)),.T.,.PARAMETER.);
#14183 = LINE('',#14184,#14185);
#14184 = CARTESIAN_POINT('',(274.,158.,125.1));
#14185 = VECTOR('',#14186,1.);
#14186 = DIRECTION('',(0.,0.,1.));
#14187 = CARTESIAN_POINT('',(274.,158.,125.1));
#14188 = CARTESIAN_POINT('',(274.,158.,133.1));
#14189 = GEOMETRIC_CURVE_SET('',(#14190));
#14190 = TRIMMED_CURVE('',#14191,(#14195,PARAMETER_VALUE(0.)),(#14196,
    PARAMETER_VALUE(18.)),.T.,.PARAMETER.);
#14191 = LINE('',#14192,#14193);
#14192 = CARTESIAN_POINT('',(274.,140.,125.1));
#14193 = VECTOR('',#14194,1.);
#14194 = DIRECTION('',(0.,1.,0.));
#14195 = CARTESIAN_POINT('',(274.,140.,125.1));
#14196 = CARTESIAN_POINT('',(274.,158.,125.1));
#14197 = GEOMETRIC_CURVE_SET('',(#14198));
#14198 = TRIMMED_CURVE('',#14199,(#14203,PARAMETER_VALUE(0.)),(#14204,
    PARAMETER_VALUE(13.)),.T.,.PARAMETER.);
#14199 = LINE('',#14200,#14201);
#14200 = CARTESIAN_POINT('',(261.,140.,125.1));
#14201 = VECTOR('',#14202,1.);
#14202 = DIRECTION('',(1.,0.,0.));
#14203 = CARTESIAN_POINT('',(261.,140.,125.1));
#14204 = CARTESIAN_POINT('',(274.,140.,125.1));
#14205 = GEOMETRIC_CURVE_SET('',(#14206));
#14206 = TRIMMED_CURVE('',#14207,(#14211,PARAMETER_VALUE(0.)),(#14212,
    PARAMETER_VALUE(13.)),.T.,.PARAMETER.);
#14207 = LINE('',#14208,#14209);
#14208 = CARTESIAN_POINT('',(261.,140.,133.1));
#14209 = VECTOR('',#14210,1.);
#14210 = DIRECTION('',(1.,0.,0.));
#14211 = CARTESIAN_POINT('',(261.,140.,133.1));
#14212 = CARTESIAN_POINT('',(274.,140.,133.1));
#14213 = GEOMETRIC_CURVE_SET('',(#14214));
#14214 = TRIMMED_CURVE('',#14215,(#14219,PARAMETER_VALUE(0.)),(#14220,
    PARAMETER_VALUE(13.)),.T.,.PARAMETER.);
#14215 = LINE('',#14216,#14217);
#14216 = CARTESIAN_POINT('',(261.,158.,125.1));
#14217 = VECTOR('',#14218,1.);
#14218 = DIRECTION('',(1.,0.,0.));
#14219 = CARTESIAN_POINT('',(261.,158.,125.1));
#14220 = CARTESIAN_POINT('',(274.,158.,125.1));
#14221 = GEOMETRIC_CURVE_SET('',(#14222));
#14222 = TRIMMED_CURVE('',#14223,(#14227,PARAMETER_VALUE(0.)),(#14228,
    PARAMETER_VALUE(13.)),.T.,.PARAMETER.);
#14223 = LINE('',#14224,#14225);
#14224 = CARTESIAN_POINT('',(261.,158.,133.1));
#14225 = VECTOR('',#14226,1.);
#14226 = DIRECTION('',(1.,0.,0.));
#14227 = CARTESIAN_POINT('',(261.,158.,133.1));
#14228 = CARTESIAN_POINT('',(274.,158.,133.1));
#14229 = GEOMETRIC_CURVE_SET('',(#14230));
#14230 = TRIMMED_CURVE('',#14231,(#14235,PARAMETER_VALUE(0.)),(#14236,
    PARAMETER_VALUE(8.)),.T.,.PARAMETER.);
#14231 = LINE('',#14232,#14233);
#14232 = CARTESIAN_POINT('',(45.,253.,137.1));
#14233 = VECTOR('',#14234,1.);
#14234 = DIRECTION('',(0.,0.,1.));
#14235 = CARTESIAN_POINT('',(45.,253.,137.1));
#14236 = CARTESIAN_POINT('',(45.,253.,145.1));
#14237 = GEOMETRIC_CURVE_SET('',(#14238));
#14238 = TRIMMED_CURVE('',#14239,(#14243,PARAMETER_VALUE(0.)),(#14244,
    PARAMETER_VALUE(18.)),.T.,.PARAMETER.);
#14239 = LINE('',#14240,#14241);
#14240 = CARTESIAN_POINT('',(45.,253.,145.1));
#14241 = VECTOR('',#14242,1.);
#14242 = DIRECTION('',(0.,1.,0.));
#14243 = CARTESIAN_POINT('',(45.,253.,145.1));
#14244 = CARTESIAN_POINT('',(45.,271.,145.1));
#14245 = GEOMETRIC_CURVE_SET('',(#14246));
#14246 = TRIMMED_CURVE('',#14247,(#14251,PARAMETER_VALUE(0.)),(#14252,
    PARAMETER_VALUE(8.)),.T.,.PARAMETER.);
#14247 = LINE('',#14248,#14249);
#14248 = CARTESIAN_POINT('',(45.,271.,137.1));
#14249 = VECTOR('',#14250,1.);
#14250 = DIRECTION('',(0.,0.,1.));
#14251 = CARTESIAN_POINT('',(45.,271.,137.1));
#14252 = CARTESIAN_POINT('',(45.,271.,145.1));
#14253 = GEOMETRIC_CURVE_SET('',(#14254));
#14254 = TRIMMED_CURVE('',#14255,(#14259,PARAMETER_VALUE(0.)),(#14260,
    PARAMETER_VALUE(18.)),.T.,.PARAMETER.);
#14255 = LINE('',#14256,#14257);
#14256 = CARTESIAN_POINT('',(45.,253.,137.1));
#14257 = VECTOR('',#14258,1.);
#14258 = DIRECTION('',(0.,1.,0.));
#14259 = CARTESIAN_POINT('',(45.,253.,137.1));
#14260 = CARTESIAN_POINT('',(45.,271.,137.1));
#14261 = GEOMETRIC_CURVE_SET('',(#14262));
#14262 = TRIMMED_CURVE('',#14263,(#14267,PARAMETER_VALUE(0.)),(#14268,
    PARAMETER_VALUE(8.)),.T.,.PARAMETER.);
#14263 = LINE('',#14264,#14265);
#14264 = CARTESIAN_POINT('',(58.,253.,137.1));
#14265 = VECTOR('',#14266,1.);
#14266 = DIRECTION('',(0.,0.,1.));
#14267 = CARTESIAN_POINT('',(58.,253.,137.1));
#14268 = CARTESIAN_POINT('',(58.,253.,145.1));
#14269 = GEOMETRIC_CURVE_SET('',(#14270));
#14270 = TRIMMED_CURVE('',#14271,(#14275,PARAMETER_VALUE(0.)),(#14276,
    PARAMETER_VALUE(18.)),.T.,.PARAMETER.);
#14271 = LINE('',#14272,#14273);
#14272 = CARTESIAN_POINT('',(58.,253.,145.1));
#14273 = VECTOR('',#14274,1.);
#14274 = DIRECTION('',(0.,1.,0.));
#14275 = CARTESIAN_POINT('',(58.,253.,145.1));
#14276 = CARTESIAN_POINT('',(58.,271.,145.1));
#14277 = GEOMETRIC_CURVE_SET('',(#14278));
#14278 = TRIMMED_CURVE('',#14279,(#14283,PARAMETER_VALUE(0.)),(#14284,
    PARAMETER_VALUE(8.)),.T.,.PARAMETER.);
#14279 = LINE('',#14280,#14281);
#14280 = CARTESIAN_POINT('',(58.,271.,137.1));
#14281 = VECTOR('',#14282,1.);
#14282 = DIRECTION('',(0.,0.,1.));
#14283 = CARTESIAN_POINT('',(58.,271.,137.1));
#14284 = CARTESIAN_POINT('',(58.,271.,145.1));
#14285 = GEOMETRIC_CURVE_SET('',(#14286));
#14286 = TRIMMED_CURVE('',#14287,(#14291,PARAMETER_VALUE(0.)),(#14292,
    PARAMETER_VALUE(18.)),.T.,.PARAMETER.);
#14287 = LINE('',#14288,#14289);
#14288 = CARTESIAN_POINT('',(58.,253.,137.1));
#14289 = VECTOR('',#14290,1.);
#14290 = DIRECTION('',(0.,1.,0.));
#14291 = CARTESIAN_POINT('',(58.,253.,137.1));
#14292 = CARTESIAN_POINT('',(58.,271.,137.1));
#14293 = GEOMETRIC_CURVE_SET('',(#14294));
#14294 = TRIMMED_CURVE('',#14295,(#14299,PARAMETER_VALUE(0.)),(#14300,
    PARAMETER_VALUE(13.)),.T.,.PARAMETER.);
#14295 = LINE('',#14296,#14297);
#14296 = CARTESIAN_POINT('',(45.,253.,137.1));
#14297 = VECTOR('',#14298,1.);
#14298 = DIRECTION('',(1.,0.,0.));
#14299 = CARTESIAN_POINT('',(45.,253.,137.1));
#14300 = CARTESIAN_POINT('',(58.,253.,137.1));
#14301 = GEOMETRIC_CURVE_SET('',(#14302));
#14302 = TRIMMED_CURVE('',#14303,(#14307,PARAMETER_VALUE(0.)),(#14308,
    PARAMETER_VALUE(13.)),.T.,.PARAMETER.);
#14303 = LINE('',#14304,#14305);
#14304 = CARTESIAN_POINT('',(45.,253.,145.1));
#14305 = VECTOR('',#14306,1.);
#14306 = DIRECTION('',(1.,0.,0.));
#14307 = CARTESIAN_POINT('',(45.,253.,145.1));
#14308 = CARTESIAN_POINT('',(58.,253.,145.1));
#14309 = GEOMETRIC_CURVE_SET('',(#14310));
#14310 = TRIMMED_CURVE('',#14311,(#14315,PARAMETER_VALUE(0.)),(#14316,
    PARAMETER_VALUE(13.)),.T.,.PARAMETER.);
#14311 = LINE('',#14312,#14313);
#14312 = CARTESIAN_POINT('',(45.,271.,137.1));
#14313 = VECTOR('',#14314,1.);
#14314 = DIRECTION('',(1.,0.,0.));
#14315 = CARTESIAN_POINT('',(45.,271.,137.1));
#14316 = CARTESIAN_POINT('',(58.,271.,137.1));
#14317 = GEOMETRIC_CURVE_SET('',(#14318));
#14318 = TRIMMED_CURVE('',#14319,(#14323,PARAMETER_VALUE(0.)),(#14324,
    PARAMETER_VALUE(13.)),.T.,.PARAMETER.);
#14319 = LINE('',#14320,#14321);
#14320 = CARTESIAN_POINT('',(45.,271.,145.1));
#14321 = VECTOR('',#14322,1.);
#14322 = DIRECTION('',(1.,0.,0.));
#14323 = CARTESIAN_POINT('',(45.,271.,145.1));
#14324 = CARTESIAN_POINT('',(58.,271.,145.1));
#14325 = GEOMETRIC_CURVE_SET('',(#14326));
#14326 = TRIMMED_CURVE('',#14327,(#14331,PARAMETER_VALUE(0.)),(#14332,
    PARAMETER_VALUE(8.)),.T.,.PARAMETER.);
#14327 = LINE('',#14328,#14329);
#14328 = CARTESIAN_POINT('',(230.,253.,137.1));
#14329 = VECTOR('',#14330,1.);
#14330 = DIRECTION('',(0.,0.,1.));
#14331 = CARTESIAN_POINT('',(230.,253.,137.1));
#14332 = CARTESIAN_POINT('',(230.,253.,145.1));
#14333 = GEOMETRIC_CURVE_SET('',(#14334));
#14334 = TRIMMED_CURVE('',#14335,(#14339,PARAMETER_VALUE(0.)),(#14340,
    PARAMETER_VALUE(18.)),.T.,.PARAMETER.);
#14335 = LINE('',#14336,#14337);
#14336 = CARTESIAN_POINT('',(230.,253.,145.1));
#14337 = VECTOR('',#14338,1.);
#14338 = DIRECTION('',(0.,1.,0.));
#14339 = CARTESIAN_POINT('',(230.,253.,145.1));
#14340 = CARTESIAN_POINT('',(230.,271.,145.1));
#14341 = GEOMETRIC_CURVE_SET('',(#14342));
#14342 = TRIMMED_CURVE('',#14343,(#14347,PARAMETER_VALUE(0.)),(#14348,
    PARAMETER_VALUE(8.)),.T.,.PARAMETER.);
#14343 = LINE('',#14344,#14345);
#14344 = CARTESIAN_POINT('',(230.,271.,137.1));
#14345 = VECTOR('',#14346,1.);
#14346 = DIRECTION('',(0.,0.,1.));
#14347 = CARTESIAN_POINT('',(230.,271.,137.1));
#14348 = CARTESIAN_POINT('',(230.,271.,145.1));
#14349 = GEOMETRIC_CURVE_SET('',(#14350));
#14350 = TRIMMED_CURVE('',#14351,(#14355,PARAMETER_VALUE(0.)),(#14356,
    PARAMETER_VALUE(18.)),.T.,.PARAMETER.);
#14351 = LINE('',#14352,#14353);
#14352 = CARTESIAN_POINT('',(230.,253.,137.1));
#14353 = VECTOR('',#14354,1.);
#14354 = DIRECTION('',(0.,1.,0.));
#14355 = CARTESIAN_POINT('',(230.,253.,137.1));
#14356 = CARTESIAN_POINT('',(230.,271.,137.1));
#14357 = GEOMETRIC_CURVE_SET('',(#14358));
#14358 = TRIMMED_CURVE('',#14359,(#14363,PARAMETER_VALUE(0.)),(#14364,
    PARAMETER_VALUE(8.)),.T.,.PARAMETER.);
#14359 = LINE('',#14360,#14361);
#14360 = CARTESIAN_POINT('',(243.,253.,137.1));
#14361 = VECTOR('',#14362,1.);
#14362 = DIRECTION('',(0.,0.,1.));
#14363 = CARTESIAN_POINT('',(243.,253.,137.1));
#14364 = CARTESIAN_POINT('',(243.,253.,145.1));
#14365 = GEOMETRIC_CURVE_SET('',(#14366));
#14366 = TRIMMED_CURVE('',#14367,(#14371,PARAMETER_VALUE(0.)),(#14372,
    PARAMETER_VALUE(18.)),.T.,.PARAMETER.);
#14367 = LINE('',#14368,#14369);
#14368 = CARTESIAN_POINT('',(243.,253.,145.1));
#14369 = VECTOR('',#14370,1.);
#14370 = DIRECTION('',(0.,1.,0.));
#14371 = CARTESIAN_POINT('',(243.,253.,145.1));
#14372 = CARTESIAN_POINT('',(243.,271.,145.1));
#14373 = GEOMETRIC_CURVE_SET('',(#14374));
#14374 = TRIMMED_CURVE('',#14375,(#14379,PARAMETER_VALUE(0.)),(#14380,
    PARAMETER_VALUE(8.)),.T.,.PARAMETER.);
#14375 = LINE('',#14376,#14377);
#14376 = CARTESIAN_POINT('',(243.,271.,137.1));
#14377 = VECTOR('',#14378,1.);
#14378 = DIRECTION('',(0.,0.,1.));
#14379 = CARTESIAN_POINT('',(243.,271.,137.1));
#14380 = CARTESIAN_POINT('',(243.,271.,145.1));
#14381 = GEOMETRIC_CURVE_SET('',(#14382));
#14382 = TRIMMED_CURVE('',#14383,(#14387,PARAMETER_VALUE(0.)),(#14388,
    PARAMETER_VALUE(18.)),.T.,.PARAMETER.);
#14383 = LINE('',#14384,#14385);
#14384 = CARTESIAN_POINT('',(243.,253.,137.1));
#14385 = VECTOR('',#14386,1.);
#14386 = DIRECTION('',(0.,1.,0.));
#14387 = CARTESIAN_POINT('',(243.,253.,137.1));
#14388 = CARTESIAN_POINT('',(243.,271.,137.1));
#14389 = GEOMETRIC_CURVE_SET('',(#14390));
#14390 = TRIMMED_CURVE('',#14391,(#14395,PARAMETER_VALUE(0.)),(#14396,
    PARAMETER_VALUE(13.)),.T.,.PARAMETER.);
#14391 = LINE('',#14392,#14393);
#14392 = CARTESIAN_POINT('',(230.,253.,137.1));
#14393 = VECTOR('',#14394,1.);
#14394 = DIRECTION('',(1.,0.,0.));
#14395 = CARTESIAN_POINT('',(230.,253.,137.1));
#14396 = CARTESIAN_POINT('',(243.,253.,137.1));
#14397 = GEOMETRIC_CURVE_SET('',(#14398));
#14398 = TRIMMED_CURVE('',#14399,(#14403,PARAMETER_VALUE(0.)),(#14404,
    PARAMETER_VALUE(13.)),.T.,.PARAMETER.);
#14399 = LINE('',#14400,#14401);
#14400 = CARTESIAN_POINT('',(230.,253.,145.1));
#14401 = VECTOR('',#14402,1.);
#14402 = DIRECTION('',(1.,0.,0.));
#14403 = CARTESIAN_POINT('',(230.,253.,145.1));
#14404 = CARTESIAN_POINT('',(243.,253.,145.1));
#14405 = GEOMETRIC_CURVE_SET('',(#14406));
#14406 = TRIMMED_CURVE('',#14407,(#14411,PARAMETER_VALUE(0.)),(#14412,
    PARAMETER_VALUE(13.)),.T.,.PARAMETER.);
#14407 = LINE('',#14408,#14409);
#14408 = CARTESIAN_POINT('',(230.,271.,137.1));
#14409 = VECTOR('',#14410,1.);
#14410 = DIRECTION('',(1.,0.,0.));
#14411 = CARTESIAN_POINT('',(230.,271.,137.1));
#14412 = CARTESIAN_POINT('',(243.,271.,137.1));
#14413 = GEOMETRIC_CURVE_SET('',(#14414));
#14414 = TRIMMED_CURVE('',#14415,(#14419,PARAMETER_VALUE(0.)),(#14420,
    PARAMETER_VALUE(13.)),.T.,.PARAMETER.);
#14415 = LINE('',#14416,#14417);
#14416 = CARTESIAN_POINT('',(230.,271.,145.1));
#14417 = VECTOR('',#14418,1.);
#14418 = DIRECTION('',(1.,0.,0.));
#14419 = CARTESIAN_POINT('',(230.,271.,145.1));
#14420 = CARTESIAN_POINT('',(243.,271.,145.1));
#14421 = GEOMETRIC_CURVE_SET('',(#14422));
#14422 = TRIMMED_CURVE('',#14423,(#14427,PARAMETER_VALUE(0.)),(#14428,
    PARAMETER_VALUE(32.)),.T.,.PARAMETER.);
#14423 = LINE('',#14424,#14425);
#14424 = CARTESIAN_POINT('',(101.,282.,105.));
#14425 = VECTOR('',#14426,1.);
#14426 = DIRECTION('',(0.,0.,1.));
#14427 = CARTESIAN_POINT('',(101.,282.,105.));
#14428 = CARTESIAN_POINT('',(101.,282.,137.));
#14429 = GEOMETRIC_CURVE_SET('',(#14430));
#14430 = TRIMMED_CURVE('',#14431,(#14435,PARAMETER_VALUE(0.)),(#14436,
    PARAMETER_VALUE(53.)),.T.,.PARAMETER.);
#14431 = LINE('',#14432,#14433);
#14432 = CARTESIAN_POINT('',(101.,282.,137.));
#14433 = VECTOR('',#14434,1.);
#14434 = DIRECTION('',(0.,1.,0.));
#14435 = CARTESIAN_POINT('',(101.,282.,137.));
#14436 = CARTESIAN_POINT('',(101.,335.,137.));
#14437 = GEOMETRIC_CURVE_SET('',(#14438));
#14438 = TRIMMED_CURVE('',#14439,(#14443,PARAMETER_VALUE(0.)),(#14444,
    PARAMETER_VALUE(32.)),.T.,.PARAMETER.);
#14439 = LINE('',#14440,#14441);
#14440 = CARTESIAN_POINT('',(101.,335.,105.));
#14441 = VECTOR('',#14442,1.);
#14442 = DIRECTION('',(0.,0.,1.));
#14443 = CARTESIAN_POINT('',(101.,335.,105.));
#14444 = CARTESIAN_POINT('',(101.,335.,137.));
#14445 = GEOMETRIC_CURVE_SET('',(#14446));
#14446 = TRIMMED_CURVE('',#14447,(#14451,PARAMETER_VALUE(0.)),(#14452,
    PARAMETER_VALUE(53.)),.T.,.PARAMETER.);
#14447 = LINE('',#14448,#14449);
#14448 = CARTESIAN_POINT('',(101.,282.,105.));
#14449 = VECTOR('',#14450,1.);
#14450 = DIRECTION('',(0.,1.,0.));
#14451 = CARTESIAN_POINT('',(101.,282.,105.));
#14452 = CARTESIAN_POINT('',(101.,335.,105.));
#14453 = GEOMETRIC_CURVE_SET('',(#14454));
#14454 = TRIMMED_CURVE('',#14455,(#14459,PARAMETER_VALUE(0.)),(#14460,
    PARAMETER_VALUE(32.)),.T.,.PARAMETER.);
#14455 = LINE('',#14456,#14457);
#14456 = CARTESIAN_POINT('',(175.,282.,105.));
#14457 = VECTOR('',#14458,1.);
#14458 = DIRECTION('',(0.,0.,1.));
#14459 = CARTESIAN_POINT('',(175.,282.,105.));
#14460 = CARTESIAN_POINT('',(175.,282.,137.));
#14461 = GEOMETRIC_CURVE_SET('',(#14462));
#14462 = TRIMMED_CURVE('',#14463,(#14467,PARAMETER_VALUE(0.)),(#14468,
    PARAMETER_VALUE(53.)),.T.,.PARAMETER.);
#14463 = LINE('',#14464,#14465);
#14464 = CARTESIAN_POINT('',(175.,282.,137.));
#14465 = VECTOR('',#14466,1.);
#14466 = DIRECTION('',(0.,1.,0.));
#14467 = CARTESIAN_POINT('',(175.,282.,137.));
#14468 = CARTESIAN_POINT('',(175.,335.,137.));
#14469 = GEOMETRIC_CURVE_SET('',(#14470));
#14470 = TRIMMED_CURVE('',#14471,(#14475,PARAMETER_VALUE(0.)),(#14476,
    PARAMETER_VALUE(32.)),.T.,.PARAMETER.);
#14471 = LINE('',#14472,#14473);
#14472 = CARTESIAN_POINT('',(175.,335.,105.));
#14473 = VECTOR('',#14474,1.);
#14474 = DIRECTION('',(0.,0.,1.));
#14475 = CARTESIAN_POINT('',(175.,335.,105.));
#14476 = CARTESIAN_POINT('',(175.,335.,137.));
#14477 = GEOMETRIC_CURVE_SET('',(#14478));
#14478 = TRIMMED_CURVE('',#14479,(#14483,PARAMETER_VALUE(0.)),(#14484,
    PARAMETER_VALUE(53.)),.T.,.PARAMETER.);
#14479 = LINE('',#14480,#14481);
#14480 = CARTESIAN_POINT('',(175.,282.,105.));
#14481 = VECTOR('',#14482,1.);
#14482 = DIRECTION('',(0.,1.,0.));
#14483 = CARTESIAN_POINT('',(175.,282.,105.));
#14484 = CARTESIAN_POINT('',(175.,335.,105.));
#14485 = GEOMETRIC_CURVE_SET('',(#14486));
#14486 = TRIMMED_CURVE('',#14487,(#14491,PARAMETER_VALUE(0.)),(#14492,
    PARAMETER_VALUE(74.)),.T.,.PARAMETER.);
#14487 = LINE('',#14488,#14489);
#14488 = CARTESIAN_POINT('',(101.,282.,105.));
#14489 = VECTOR('',#14490,1.);
#14490 = DIRECTION('',(1.,0.,0.));
#14491 = CARTESIAN_POINT('',(101.,282.,105.));
#14492 = CARTESIAN_POINT('',(175.,282.,105.));
#14493 = GEOMETRIC_CURVE_SET('',(#14494));
#14494 = TRIMMED_CURVE('',#14495,(#14499,PARAMETER_VALUE(0.)),(#14500,
    PARAMETER_VALUE(74.)),.T.,.PARAMETER.);
#14495 = LINE('',#14496,#14497);
#14496 = CARTESIAN_POINT('',(101.,282.,137.));
#14497 = VECTOR('',#14498,1.);
#14498 = DIRECTION('',(1.,0.,0.));
#14499 = CARTESIAN_POINT('',(101.,282.,137.));
#14500 = CARTESIAN_POINT('',(175.,282.,137.));
#14501 = GEOMETRIC_CURVE_SET('',(#14502));
#14502 = TRIMMED_CURVE('',#14503,(#14507,PARAMETER_VALUE(0.)),(#14508,
    PARAMETER_VALUE(74.)),.T.,.PARAMETER.);
#14503 = LINE('',#14504,#14505);
#14504 = CARTESIAN_POINT('',(101.,335.,105.));
#14505 = VECTOR('',#14506,1.);
#14506 = DIRECTION('',(1.,0.,0.));
#14507 = CARTESIAN_POINT('',(101.,335.,105.));
#14508 = CARTESIAN_POINT('',(175.,335.,105.));
#14509 = GEOMETRIC_CURVE_SET('',(#14510));
#14510 = TRIMMED_CURVE('',#14511,(#14515,PARAMETER_VALUE(0.)),(#14516,
    PARAMETER_VALUE(74.)),.T.,.PARAMETER.);
#14511 = LINE('',#14512,#14513);
#14512 = CARTESIAN_POINT('',(101.,335.,137.));
#14513 = VECTOR('',#14514,1.);
#14514 = DIRECTION('',(1.,0.,0.));
#14515 = CARTESIAN_POINT('',(101.,335.,137.));
#14516 = CARTESIAN_POINT('',(175.,335.,137.));
#14517 = GEOMETRIC_CURVE_SET('',(#14518));
#14518 = TRIMMED_CURVE('',#14519,(#14523,PARAMETER_VALUE(0.)),(#14524,
    PARAMETER_VALUE(34.)),.T.,.PARAMETER.);
#14519 = LINE('',#14520,#14521);
#14520 = CARTESIAN_POINT('',(-34.5,278.,43.));
#14521 = VECTOR('',#14522,1.);
#14522 = DIRECTION('',(0.,0.,1.));
#14523 = CARTESIAN_POINT('',(-34.5,278.,43.));
#14524 = CARTESIAN_POINT('',(-34.5,278.,77.));
#14525 = GEOMETRIC_CURVE_SET('',(#14526));
#14526 = TRIMMED_CURVE('',#14527,(#14531,PARAMETER_VALUE(0.)),(#14532,
    PARAMETER_VALUE(27.)),.T.,.PARAMETER.);
#14527 = LINE('',#14528,#14529);
#14528 = CARTESIAN_POINT('',(-34.5,278.,77.));
#14529 = VECTOR('',#14530,1.);
#14530 = DIRECTION('',(0.,1.,0.));
#14531 = CARTESIAN_POINT('',(-34.5,278.,77.));
#14532 = CARTESIAN_POINT('',(-34.5,305.,77.));
#14533 = GEOMETRIC_CURVE_SET('',(#14534));
#14534 = TRIMMED_CURVE('',#14535,(#14539,PARAMETER_VALUE(0.)),(#14540,
    PARAMETER_VALUE(34.)),.T.,.PARAMETER.);
#14535 = LINE('',#14536,#14537);
#14536 = CARTESIAN_POINT('',(-34.5,305.,43.));
#14537 = VECTOR('',#14538,1.);
#14538 = DIRECTION('',(0.,0.,1.));
#14539 = CARTESIAN_POINT('',(-34.5,305.,43.));
#14540 = CARTESIAN_POINT('',(-34.5,305.,77.));
#14541 = GEOMETRIC_CURVE_SET('',(#14542));
#14542 = TRIMMED_CURVE('',#14543,(#14547,PARAMETER_VALUE(0.)),(#14548,
    PARAMETER_VALUE(27.)),.T.,.PARAMETER.);
#14543 = LINE('',#14544,#14545);
#14544 = CARTESIAN_POINT('',(-34.5,278.,43.));
#14545 = VECTOR('',#14546,1.);
#14546 = DIRECTION('',(0.,1.,0.));
#14547 = CARTESIAN_POINT('',(-34.5,278.,43.));
#14548 = CARTESIAN_POINT('',(-34.5,305.,43.));
#14549 = GEOMETRIC_CURVE_SET('',(#14550));
#14550 = TRIMMED_CURVE('',#14551,(#14555,PARAMETER_VALUE(0.)),(#14556,
    PARAMETER_VALUE(34.)),.T.,.PARAMETER.);
#14551 = LINE('',#14552,#14553);
#14552 = CARTESIAN_POINT('',(69.5,278.,43.));
#14553 = VECTOR('',#14554,1.);
#14554 = DIRECTION('',(0.,0.,1.));
#14555 = CARTESIAN_POINT('',(69.5,278.,43.));
#14556 = CARTESIAN_POINT('',(69.5,278.,77.));
#14557 = GEOMETRIC_CURVE_SET('',(#14558));
#14558 = TRIMMED_CURVE('',#14559,(#14563,PARAMETER_VALUE(0.)),(#14564,
    PARAMETER_VALUE(27.)),.T.,.PARAMETER.);
#14559 = LINE('',#14560,#14561);
#14560 = CARTESIAN_POINT('',(69.5,278.,77.));
#14561 = VECTOR('',#14562,1.);
#14562 = DIRECTION('',(0.,1.,0.));
#14563 = CARTESIAN_POINT('',(69.5,278.,77.));
#14564 = CARTESIAN_POINT('',(69.5,305.,77.));
#14565 = GEOMETRIC_CURVE_SET('',(#14566));
#14566 = TRIMMED_CURVE('',#14567,(#14571,PARAMETER_VALUE(0.)),(#14572,
    PARAMETER_VALUE(34.)),.T.,.PARAMETER.);
#14567 = LINE('',#14568,#14569);
#14568 = CARTESIAN_POINT('',(69.5,305.,43.));
#14569 = VECTOR('',#14570,1.);
#14570 = DIRECTION('',(0.,0.,1.));
#14571 = CARTESIAN_POINT('',(69.5,305.,43.));
#14572 = CARTESIAN_POINT('',(69.5,305.,77.));
#14573 = GEOMETRIC_CURVE_SET('',(#14574));
#14574 = TRIMMED_CURVE('',#14575,(#14579,PARAMETER_VALUE(0.)),(#14580,
    PARAMETER_VALUE(27.)),.T.,.PARAMETER.);
#14575 = LINE('',#14576,#14577);
#14576 = CARTESIAN_POINT('',(69.5,278.,43.));
#14577 = VECTOR('',#14578,1.);
#14578 = DIRECTION('',(0.,1.,0.));
#14579 = CARTESIAN_POINT('',(69.5,278.,43.));
#14580 = CARTESIAN_POINT('',(69.5,305.,43.));
#14581 = GEOMETRIC_CURVE_SET('',(#14582));
#14582 = TRIMMED_CURVE('',#14583,(#14587,PARAMETER_VALUE(0.)),(#14588,
    PARAMETER_VALUE(104.)),.T.,.PARAMETER.);
#14583 = LINE('',#14584,#14585);
#14584 = CARTESIAN_POINT('',(-34.5,278.,43.));
#14585 = VECTOR('',#14586,1.);
#14586 = DIRECTION('',(1.,0.,0.));
#14587 = CARTESIAN_POINT('',(-34.5,278.,43.));
#14588 = CARTESIAN_POINT('',(69.5,278.,43.));
#14589 = GEOMETRIC_CURVE_SET('',(#14590));
#14590 = TRIMMED_CURVE('',#14591,(#14595,PARAMETER_VALUE(0.)),(#14596,
    PARAMETER_VALUE(104.)),.T.,.PARAMETER.);
#14591 = LINE('',#14592,#14593);
#14592 = CARTESIAN_POINT('',(-34.5,278.,77.));
#14593 = VECTOR('',#14594,1.);
#14594 = DIRECTION('',(1.,0.,0.));
#14595 = CARTESIAN_POINT('',(-34.5,278.,77.));
#14596 = CARTESIAN_POINT('',(69.5,278.,77.));
#14597 = GEOMETRIC_CURVE_SET('',(#14598));
#14598 = TRIMMED_CURVE('',#14599,(#14603,PARAMETER_VALUE(0.)),(#14604,
    PARAMETER_VALUE(104.)),.T.,.PARAMETER.);
#14599 = LINE('',#14600,#14601);
#14600 = CARTESIAN_POINT('',(-34.5,305.,43.));
#14601 = VECTOR('',#14602,1.);
#14602 = DIRECTION('',(1.,0.,0.));
#14603 = CARTESIAN_POINT('',(-34.5,305.,43.));
#14604 = CARTESIAN_POINT('',(69.5,305.,43.));
#14605 = GEOMETRIC_CURVE_SET('',(#14606));
#14606 = TRIMMED_CURVE('',#14607,(#14611,PARAMETER_VALUE(0.)),(#14612,
    PARAMETER_VALUE(104.)),.T.,.PARAMETER.);
#14607 = LINE('',#14608,#14609);
#14608 = CARTESIAN_POINT('',(-34.5,305.,77.));
#14609 = VECTOR('',#14610,1.);
#14610 = DIRECTION('',(1.,0.,0.));
#14611 = CARTESIAN_POINT('',(-34.5,305.,77.));
#14612 = CARTESIAN_POINT('',(69.5,305.,77.));
#14613 = GEOMETRIC_CURVE_SET('',(#14614));
#14614 = TRIMMED_CURVE('',#14615,(#14619,PARAMETER_VALUE(0.)),(#14620,
    PARAMETER_VALUE(27.)),.T.,.PARAMETER.);
#14615 = LINE('',#14616,#14617);
#14616 = CARTESIAN_POINT('',(285.,112.,50.));
#14617 = VECTOR('',#14618,1.);
#14618 = DIRECTION('',(0.,0.,1.));
#14619 = CARTESIAN_POINT('',(285.,112.,50.));
#14620 = CARTESIAN_POINT('',(285.,112.,77.));
#14621 = GEOMETRIC_CURVE_SET('',(#14622));
#14622 = TRIMMED_CURVE('',#14623,(#14627,PARAMETER_VALUE(0.)),(#14628,
    PARAMETER_VALUE(34.)),.T.,.PARAMETER.);
#14623 = LINE('',#14624,#14625);
#14624 = CARTESIAN_POINT('',(285.,112.,77.));
#14625 = VECTOR('',#14626,1.);
#14626 = DIRECTION('',(0.,1.,0.));
#14627 = CARTESIAN_POINT('',(285.,112.,77.));
#14628 = CARTESIAN_POINT('',(285.,146.,77.));
#14629 = GEOMETRIC_CURVE_SET('',(#14630));
#14630 = TRIMMED_CURVE('',#14631,(#14635,PARAMETER_VALUE(0.)),(#14636,
    PARAMETER_VALUE(27.)),.T.,.PARAMETER.);
#14631 = LINE('',#14632,#14633);
#14632 = CARTESIAN_POINT('',(285.,146.,50.));
#14633 = VECTOR('',#14634,1.);
#14634 = DIRECTION('',(0.,0.,1.));
#14635 = CARTESIAN_POINT('',(285.,146.,50.));
#14636 = CARTESIAN_POINT('',(285.,146.,77.));
#14637 = GEOMETRIC_CURVE_SET('',(#14638));
#14638 = TRIMMED_CURVE('',#14639,(#14643,PARAMETER_VALUE(0.)),(#14644,
    PARAMETER_VALUE(34.)),.T.,.PARAMETER.);
#14639 = LINE('',#14640,#14641);
#14640 = CARTESIAN_POINT('',(285.,112.,50.));
#14641 = VECTOR('',#14642,1.);
#14642 = DIRECTION('',(0.,1.,0.));
#14643 = CARTESIAN_POINT('',(285.,112.,50.));
#14644 = CARTESIAN_POINT('',(285.,146.,50.));
#14645 = GEOMETRIC_CURVE_SET('',(#14646));
#14646 = TRIMMED_CURVE('',#14647,(#14651,PARAMETER_VALUE(0.)),(#14652,
    PARAMETER_VALUE(27.)),.T.,.PARAMETER.);
#14647 = LINE('',#14648,#14649);
#14648 = CARTESIAN_POINT('',(389.,112.,50.));
#14649 = VECTOR('',#14650,1.);
#14650 = DIRECTION('',(0.,0.,1.));
#14651 = CARTESIAN_POINT('',(389.,112.,50.));
#14652 = CARTESIAN_POINT('',(389.,112.,77.));
#14653 = GEOMETRIC_CURVE_SET('',(#14654));
#14654 = TRIMMED_CURVE('',#14655,(#14659,PARAMETER_VALUE(0.)),(#14660,
    PARAMETER_VALUE(34.)),.T.,.PARAMETER.);
#14655 = LINE('',#14656,#14657);
#14656 = CARTESIAN_POINT('',(389.,112.,77.));
#14657 = VECTOR('',#14658,1.);
#14658 = DIRECTION('',(0.,1.,0.));
#14659 = CARTESIAN_POINT('',(389.,112.,77.));
#14660 = CARTESIAN_POINT('',(389.,146.,77.));
#14661 = GEOMETRIC_CURVE_SET('',(#14662));
#14662 = TRIMMED_CURVE('',#14663,(#14667,PARAMETER_VALUE(0.)),(#14668,
    PARAMETER_VALUE(27.)),.T.,.PARAMETER.);
#14663 = LINE('',#14664,#14665);
#14664 = CARTESIAN_POINT('',(389.,146.,50.));
#14665 = VECTOR('',#14666,1.);
#14666 = DIRECTION('',(0.,0.,1.));
#14667 = CARTESIAN_POINT('',(389.,146.,50.));
#14668 = CARTESIAN_POINT('',(389.,146.,77.));
#14669 = GEOMETRIC_CURVE_SET('',(#14670));
#14670 = TRIMMED_CURVE('',#14671,(#14675,PARAMETER_VALUE(0.)),(#14676,
    PARAMETER_VALUE(34.)),.T.,.PARAMETER.);
#14671 = LINE('',#14672,#14673);
#14672 = CARTESIAN_POINT('',(389.,112.,50.));
#14673 = VECTOR('',#14674,1.);
#14674 = DIRECTION('',(0.,1.,0.));
#14675 = CARTESIAN_POINT('',(389.,112.,50.));
#14676 = CARTESIAN_POINT('',(389.,146.,50.));
#14677 = GEOMETRIC_CURVE_SET('',(#14678));
#14678 = TRIMMED_CURVE('',#14679,(#14683,PARAMETER_VALUE(0.)),(#14684,
    PARAMETER_VALUE(104.)),.T.,.PARAMETER.);
#14679 = LINE('',#14680,#14681);
#14680 = CARTESIAN_POINT('',(285.,112.,50.));
#14681 = VECTOR('',#14682,1.);
#14682 = DIRECTION('',(1.,0.,0.));
#14683 = CARTESIAN_POINT('',(285.,112.,50.));
#14684 = CARTESIAN_POINT('',(389.,112.,50.));
#14685 = GEOMETRIC_CURVE_SET('',(#14686));
#14686 = TRIMMED_CURVE('',#14687,(#14691,PARAMETER_VALUE(0.)),(#14692,
    PARAMETER_VALUE(104.)),.T.,.PARAMETER.);
#14687 = LINE('',#14688,#14689);
#14688 = CARTESIAN_POINT('',(285.,112.,77.));
#14689 = VECTOR('',#14690,1.);
#14690 = DIRECTION('',(1.,0.,0.));
#14691 = CARTESIAN_POINT('',(285.,112.,77.));
#14692 = CARTESIAN_POINT('',(389.,112.,77.));
#14693 = GEOMETRIC_CURVE_SET('',(#14694));
#14694 = TRIMMED_CURVE('',#14695,(#14699,PARAMETER_VALUE(0.)),(#14700,
    PARAMETER_VALUE(104.)),.T.,.PARAMETER.);
#14695 = LINE('',#14696,#14697);
#14696 = CARTESIAN_POINT('',(285.,146.,50.));
#14697 = VECTOR('',#14698,1.);
#14698 = DIRECTION('',(1.,0.,0.));
#14699 = CARTESIAN_POINT('',(285.,146.,50.));
#14700 = CARTESIAN_POINT('',(389.,146.,50.));
#14701 = GEOMETRIC_CURVE_SET('',(#14702));
#14702 = TRIMMED_CURVE('',#14703,(#14707,PARAMETER_VALUE(0.)),(#14708,
    PARAMETER_VALUE(104.)),.T.,.PARAMETER.);
#14703 = LINE('',#14704,#14705);
#14704 = CARTESIAN_POINT('',(285.,146.,77.));
#14705 = VECTOR('',#14706,1.);
#14706 = DIRECTION('',(1.,0.,0.));
#14707 = CARTESIAN_POINT('',(285.,146.,77.));
#14708 = CARTESIAN_POINT('',(389.,146.,77.));
#14709 = ( GEOMETRIC_REPRESENTATION_CONTEXT(3) 
GLOBAL_UNCERTAINTY_ASSIGNED_CONTEXT((#14713)) 
GLOBAL_UNIT_ASSIGNED_CONTEXT((#14710,#14711,#14712)) 
REPRESENTATION_CONTEXT('Context #1',
  '3D Context with UNIT and UNCERTAINTY') );
#14710 = ( LENGTH_UNIT() NAMED_UNIT(*) SI_UNIT(.MILLI.,.METRE.) );
#14711 = ( NAMED_UNIT(*) PLANE_ANGLE_UNIT() SI_UNIT($,.RADIAN.) );
#14712 = ( NAMED_UNIT(*) SI_UNIT($,.STERADIAN.) SOLID_ANGLE_UNIT() );
#14713 = UNCERTAINTY_MEASURE_WITH_UNIT(LENGTH_MEASURE(1.E-07),#14710,
  'distance_accuracy_value','confusion accuracy');
#14714 = PRODUCT_RELATED_PRODUCT_CATEGORY('part',$,(#7));
ENDSEC;
END-ISO-10303-21;
