ISO-10303-21;
HEADER;
FILE_DESCRIPTION(('FreeCAD Model'),'2;1');
FILE_NAME('Open CASCADE Shape Model','2026-09-13T23:05:50',('FreeCAD'),(
    'FreeCAD'),'Open CASCADE STEP processor 7.8','FreeCAD','Unknown');
FILE_SCHEMA(('AUTOMOTIVE_DESIGN { 1 0 10303 214 1 1 1 1 }'));
ENDSEC;
DATA;
#1 = APPLICATION_PROTOCOL_DEFINITION('international standard',
  'automotive_design',2000,#2);
#2 = APPLICATION_CONTEXT(
  'core data for automotive mechanical design processes');
#3 = SHAPE_DEFINITION_REPRESENTATION(#4,#10);
#4 = PRODUCT_DEFINITION_SHAPE('','',#5);
#5 = PRODUCT_DEFINITION('design','',#6,#9);
#6 = PRODUCT_DEFINITION_FORMATION('','',#7);
#7 = PRODUCT('Open CASCADE STEP translator 7.8 5',
  'Open CASCADE STEP translator 7.8 5','',(#8));
#8 = PRODUCT_CONTEXT('',#2,'mechanical');
#9 = PRODUCT_DEFINITION_CONTEXT('part definition',#2,'design');
#10 = SHAPE_REPRESENTATION('',(#11,#15,#204,#393,#543,#693,#882,#1071,
    #1396,#1721,#1910,#2099,#2249,#2399,#2588,#2777,#3102,#3427,#3616,
    #3805,#3955,#4105,#4294,#4483,#4808,#5133,#5322,#5511,#5661,#5811,
    #6000,#6189,#6514,#6839,#6989,#7139,#7289,#7439,#7589,#7739,#7889,
    #8039,#8189,#8339,#8489),#8639);
#11 = AXIS2_PLACEMENT_3D('',#12,#13,#14);
#12 = CARTESIAN_POINT('',(0.,0.,0.));
#13 = DIRECTION('',(0.,0.,1.));
#14 = DIRECTION('',(1.,0.,-0.));
#15 = MANIFOLD_SOLID_BREP('',#16);
#16 = CLOSED_SHELL('',(#17,#57,#88,#123,#147,#175,#187));
#17 = ADVANCED_FACE('',(#18),#52,.F.);
#18 = FACE_BOUND('',#19,.F.);
#19 = EDGE_LOOP('',(#20,#30,#38,#46));
#20 = ORIENTED_EDGE('',*,*,#21,.F.);
#21 = EDGE_CURVE('',#22,#24,#26,.T.);
#22 = VERTEX_POINT('',#23);
#23 = CARTESIAN_POINT('',(5.,1.3,86.));
#24 = VERTEX_POINT('',#25);
#25 = CARTESIAN_POINT('',(5.,1.3,89.175));
#26 = LINE('',#27,#28);
#27 = CARTESIAN_POINT('',(5.,1.3,86.));
#28 = VECTOR('',#29,1.);
#29 = DIRECTION('',(0.,0.,1.));
#30 = ORIENTED_EDGE('',*,*,#31,.T.);
#31 = EDGE_CURVE('',#22,#32,#34,.T.);
#32 = VERTEX_POINT('',#33);
#33 = CARTESIAN_POINT('',(5.,26.7,86.));
#34 = LINE('',#35,#36);
#35 = CARTESIAN_POINT('',(5.,1.3,86.));
#36 = VECTOR('',#37,1.);
#37 = DIRECTION('',(0.,1.,0.));
#38 = ORIENTED_EDGE('',*,*,#39,.T.);
#39 = EDGE_CURVE('',#32,#40,#42,.T.);
#40 = VERTEX_POINT('',#41);
#41 = CARTESIAN_POINT('',(5.,26.7,89.175));
#42 = LINE('',#43,#44);
#43 = CARTESIAN_POINT('',(5.,26.7,86.));
#44 = VECTOR('',#45,1.);
#45 = DIRECTION('',(0.,0.,1.));
#46 = ORIENTED_EDGE('',*,*,#47,.F.);
#47 = EDGE_CURVE('',#24,#40,#48,.T.);
#48 = LINE('',#49,#50);
#49 = CARTESIAN_POINT('',(5.,1.3,89.175));
#50 = VECTOR('',#51,1.);
#51 = DIRECTION('',(0.,1.,0.));
#52 = PLANE('',#53);
#53 = AXIS2_PLACEMENT_3D('',#54,#55,#56);
#54 = CARTESIAN_POINT('',(5.,1.3,86.));
#55 = DIRECTION('',(1.,0.,0.));
#56 = DIRECTION('',(0.,0.,1.));
#57 = ADVANCED_FACE('',(#58),#83,.F.);
#58 = FACE_BOUND('',#59,.F.);
#59 = EDGE_LOOP('',(#60,#68,#69,#77));
#60 = ORIENTED_EDGE('',*,*,#61,.F.);
#61 = EDGE_CURVE('',#22,#62,#64,.T.);
#62 = VERTEX_POINT('',#63);
#63 = CARTESIAN_POINT('',(23.,1.3,86.));
#64 = LINE('',#65,#66);
#65 = CARTESIAN_POINT('',(5.,1.3,86.));
#66 = VECTOR('',#67,1.);
#67 = DIRECTION('',(1.,0.,0.));
#68 = ORIENTED_EDGE('',*,*,#21,.T.);
#69 = ORIENTED_EDGE('',*,*,#70,.T.);
#70 = EDGE_CURVE('',#24,#71,#73,.T.);
#71 = VERTEX_POINT('',#72);
#72 = CARTESIAN_POINT('',(23.,1.3,89.175));
#73 = LINE('',#74,#75);
#74 = CARTESIAN_POINT('',(5.,1.3,89.175));
#75 = VECTOR('',#76,1.);
#76 = DIRECTION('',(1.,0.,0.));
#77 = ORIENTED_EDGE('',*,*,#78,.F.);
#78 = EDGE_CURVE('',#62,#71,#79,.T.);
#79 = LINE('',#80,#81);
#80 = CARTESIAN_POINT('',(23.,1.3,86.));
#81 = VECTOR('',#82,1.);
#82 = DIRECTION('',(0.,0.,1.));
#83 = PLANE('',#84);
#84 = AXIS2_PLACEMENT_3D('',#85,#86,#87);
#85 = CARTESIAN_POINT('',(5.,1.3,86.));
#86 = DIRECTION('',(0.,1.,0.));
#87 = DIRECTION('',(0.,0.,1.));
#88 = ADVANCED_FACE('',(#89,#107),#118,.T.);
#89 = FACE_BOUND('',#90,.T.);
#90 = EDGE_LOOP('',(#91,#92,#93,#101));
#91 = ORIENTED_EDGE('',*,*,#47,.F.);
#92 = ORIENTED_EDGE('',*,*,#70,.T.);
#93 = ORIENTED_EDGE('',*,*,#94,.T.);
#94 = EDGE_CURVE('',#71,#95,#97,.T.);
#95 = VERTEX_POINT('',#96);
#96 = CARTESIAN_POINT('',(23.,26.7,89.175));
#97 = LINE('',#98,#99);
#98 = CARTESIAN_POINT('',(23.,1.3,89.175));
#99 = VECTOR('',#100,1.);
#100 = DIRECTION('',(0.,1.,0.));
#101 = ORIENTED_EDGE('',*,*,#102,.F.);
#102 = EDGE_CURVE('',#40,#95,#103,.T.);
#103 = LINE('',#104,#105);
#104 = CARTESIAN_POINT('',(5.,26.7,89.175));
#105 = VECTOR('',#106,1.);
#106 = DIRECTION('',(1.,0.,0.));
#107 = FACE_BOUND('',#108,.T.);
#108 = EDGE_LOOP('',(#109));
#109 = ORIENTED_EDGE('',*,*,#110,.F.);
#110 = EDGE_CURVE('',#111,#111,#113,.T.);
#111 = VERTEX_POINT('',#112);
#112 = CARTESIAN_POINT('',(18.75,14.,89.175));
#113 = CIRCLE('',#114,4.75);
#114 = AXIS2_PLACEMENT_3D('',#115,#116,#117);
#115 = CARTESIAN_POINT('',(14.,14.,89.175));
#116 = DIRECTION('',(0.,0.,1.));
#117 = DIRECTION('',(1.,0.,0.));
#118 = PLANE('',#119);
#119 = AXIS2_PLACEMENT_3D('',#120,#121,#122);
#120 = CARTESIAN_POINT('',(5.,1.3,89.175));
#121 = DIRECTION('',(0.,0.,1.));
#122 = DIRECTION('',(1.,0.,0.));
#123 = ADVANCED_FACE('',(#124),#142,.T.);
#124 = FACE_BOUND('',#125,.T.);
#125 = EDGE_LOOP('',(#126,#134,#135,#136));
#126 = ORIENTED_EDGE('',*,*,#127,.F.);
#127 = EDGE_CURVE('',#32,#128,#130,.T.);
#128 = VERTEX_POINT('',#129);
#129 = CARTESIAN_POINT('',(23.,26.7,86.));
#130 = LINE('',#131,#132);
#131 = CARTESIAN_POINT('',(5.,26.7,86.));
#132 = VECTOR('',#133,1.);
#133 = DIRECTION('',(1.,0.,0.));
#134 = ORIENTED_EDGE('',*,*,#39,.T.);
#135 = ORIENTED_EDGE('',*,*,#102,.T.);
#136 = ORIENTED_EDGE('',*,*,#137,.F.);
#137 = EDGE_CURVE('',#128,#95,#138,.T.);
#138 = LINE('',#139,#140);
#139 = CARTESIAN_POINT('',(23.,26.7,86.));
#140 = VECTOR('',#141,1.);
#141 = DIRECTION('',(0.,0.,1.));
#142 = PLANE('',#143);
#143 = AXIS2_PLACEMENT_3D('',#144,#145,#146);
#144 = CARTESIAN_POINT('',(5.,26.7,86.));
#145 = DIRECTION('',(0.,1.,0.));
#146 = DIRECTION('',(0.,0.,1.));
#147 = ADVANCED_FACE('',(#148,#159),#170,.F.);
#148 = FACE_BOUND('',#149,.F.);
#149 = EDGE_LOOP('',(#150,#151,#152,#158));
#150 = ORIENTED_EDGE('',*,*,#31,.F.);
#151 = ORIENTED_EDGE('',*,*,#61,.T.);
#152 = ORIENTED_EDGE('',*,*,#153,.T.);
#153 = EDGE_CURVE('',#62,#128,#154,.T.);
#154 = LINE('',#155,#156);
#155 = CARTESIAN_POINT('',(23.,1.3,86.));
#156 = VECTOR('',#157,1.);
#157 = DIRECTION('',(0.,1.,0.));
#158 = ORIENTED_EDGE('',*,*,#127,.F.);
#159 = FACE_BOUND('',#160,.F.);
#160 = EDGE_LOOP('',(#161));
#161 = ORIENTED_EDGE('',*,*,#162,.F.);
#162 = EDGE_CURVE('',#163,#163,#165,.T.);
#163 = VERTEX_POINT('',#164);
#164 = CARTESIAN_POINT('',(18.75,14.,86.));
#165 = CIRCLE('',#166,4.75);
#166 = AXIS2_PLACEMENT_3D('',#167,#168,#169);
#167 = CARTESIAN_POINT('',(14.,14.,86.));
#168 = DIRECTION('',(0.,0.,1.));
#169 = DIRECTION('',(1.,0.,0.));
#170 = PLANE('',#171);
#171 = AXIS2_PLACEMENT_3D('',#172,#173,#174);
#172 = CARTESIAN_POINT('',(5.,1.3,86.));
#173 = DIRECTION('',(0.,0.,1.));
#174 = DIRECTION('',(1.,0.,0.));
#175 = ADVANCED_FACE('',(#176),#182,.T.);
#176 = FACE_BOUND('',#177,.T.);
#177 = EDGE_LOOP('',(#178,#179,#180,#181));
#178 = ORIENTED_EDGE('',*,*,#78,.F.);
#179 = ORIENTED_EDGE('',*,*,#153,.T.);
#180 = ORIENTED_EDGE('',*,*,#137,.T.);
#181 = ORIENTED_EDGE('',*,*,#94,.F.);
#182 = PLANE('',#183);
#183 = AXIS2_PLACEMENT_3D('',#184,#185,#186);
#184 = CARTESIAN_POINT('',(23.,1.3,86.));
#185 = DIRECTION('',(1.,0.,0.));
#186 = DIRECTION('',(0.,0.,1.));
#187 = ADVANCED_FACE('',(#188),#199,.F.);
#188 = FACE_BOUND('',#189,.F.);
#189 = EDGE_LOOP('',(#190,#191,#197,#198));
#190 = ORIENTED_EDGE('',*,*,#110,.F.);
#191 = ORIENTED_EDGE('',*,*,#192,.F.);
#192 = EDGE_CURVE('',#163,#111,#193,.T.);
#193 = LINE('',#194,#195);
#194 = CARTESIAN_POINT('',(18.75,14.,85.));
#195 = VECTOR('',#196,1.);
#196 = DIRECTION('',(0.,0.,1.));
#197 = ORIENTED_EDGE('',*,*,#162,.T.);
#198 = ORIENTED_EDGE('',*,*,#192,.T.);
#199 = CYLINDRICAL_SURFACE('',#200,4.75);
#200 = AXIS2_PLACEMENT_3D('',#201,#202,#203);
#201 = CARTESIAN_POINT('',(14.,14.,85.));
#202 = DIRECTION('',(0.,0.,1.));
#203 = DIRECTION('',(1.,0.,0.));
#204 = MANIFOLD_SOLID_BREP('',#205);
#205 = CLOSED_SHELL('',(#206,#246,#277,#312,#336,#364,#376));
#206 = ADVANCED_FACE('',(#207),#241,.F.);
#207 = FACE_BOUND('',#208,.F.);
#208 = EDGE_LOOP('',(#209,#219,#227,#235));
#209 = ORIENTED_EDGE('',*,*,#210,.F.);
#210 = EDGE_CURVE('',#211,#213,#215,.T.);
#211 = VERTEX_POINT('',#212);
#212 = CARTESIAN_POINT('',(5.,1.3,120.925));
#213 = VERTEX_POINT('',#214);
#214 = CARTESIAN_POINT('',(5.,1.3,124.1));
#215 = LINE('',#216,#217);
#216 = CARTESIAN_POINT('',(5.,1.3,120.925));
#217 = VECTOR('',#218,1.);
#218 = DIRECTION('',(0.,0.,1.));
#219 = ORIENTED_EDGE('',*,*,#220,.T.);
#220 = EDGE_CURVE('',#211,#221,#223,.T.);
#221 = VERTEX_POINT('',#222);
#222 = CARTESIAN_POINT('',(5.,26.7,120.925));
#223 = LINE('',#224,#225);
#224 = CARTESIAN_POINT('',(5.,1.3,120.925));
#225 = VECTOR('',#226,1.);
#226 = DIRECTION('',(0.,1.,0.));
#227 = ORIENTED_EDGE('',*,*,#228,.T.);
#228 = EDGE_CURVE('',#221,#229,#231,.T.);
#229 = VERTEX_POINT('',#230);
#230 = CARTESIAN_POINT('',(5.,26.7,124.1));
#231 = LINE('',#232,#233);
#232 = CARTESIAN_POINT('',(5.,26.7,120.925));
#233 = VECTOR('',#234,1.);
#234 = DIRECTION('',(0.,0.,1.));
#235 = ORIENTED_EDGE('',*,*,#236,.F.);
#236 = EDGE_CURVE('',#213,#229,#237,.T.);
#237 = LINE('',#238,#239);
#238 = CARTESIAN_POINT('',(5.,1.3,124.1));
#239 = VECTOR('',#240,1.);
#240 = DIRECTION('',(0.,1.,0.));
#241 = PLANE('',#242);
#242 = AXIS2_PLACEMENT_3D('',#243,#244,#245);
#243 = CARTESIAN_POINT('',(5.,1.3,120.925));
#244 = DIRECTION('',(1.,0.,0.));
#245 = DIRECTION('',(0.,0.,1.));
#246 = ADVANCED_FACE('',(#247),#272,.F.);
#247 = FACE_BOUND('',#248,.F.);
#248 = EDGE_LOOP('',(#249,#257,#258,#266));
#249 = ORIENTED_EDGE('',*,*,#250,.F.);
#250 = EDGE_CURVE('',#211,#251,#253,.T.);
#251 = VERTEX_POINT('',#252);
#252 = CARTESIAN_POINT('',(23.,1.3,120.925));
#253 = LINE('',#254,#255);
#254 = CARTESIAN_POINT('',(5.,1.3,120.925));
#255 = VECTOR('',#256,1.);
#256 = DIRECTION('',(1.,0.,0.));
#257 = ORIENTED_EDGE('',*,*,#210,.T.);
#258 = ORIENTED_EDGE('',*,*,#259,.T.);
#259 = EDGE_CURVE('',#213,#260,#262,.T.);
#260 = VERTEX_POINT('',#261);
#261 = CARTESIAN_POINT('',(23.,1.3,124.1));
#262 = LINE('',#263,#264);
#263 = CARTESIAN_POINT('',(5.,1.3,124.1));
#264 = VECTOR('',#265,1.);
#265 = DIRECTION('',(1.,0.,0.));
#266 = ORIENTED_EDGE('',*,*,#267,.F.);
#267 = EDGE_CURVE('',#251,#260,#268,.T.);
#268 = LINE('',#269,#270);
#269 = CARTESIAN_POINT('',(23.,1.3,120.925));
#270 = VECTOR('',#271,1.);
#271 = DIRECTION('',(0.,0.,1.));
#272 = PLANE('',#273);
#273 = AXIS2_PLACEMENT_3D('',#274,#275,#276);
#274 = CARTESIAN_POINT('',(5.,1.3,120.925));
#275 = DIRECTION('',(0.,1.,0.));
#276 = DIRECTION('',(0.,0.,1.));
#277 = ADVANCED_FACE('',(#278,#296),#307,.T.);
#278 = FACE_BOUND('',#279,.T.);
#279 = EDGE_LOOP('',(#280,#281,#282,#290));
#280 = ORIENTED_EDGE('',*,*,#236,.F.);
#281 = ORIENTED_EDGE('',*,*,#259,.T.);
#282 = ORIENTED_EDGE('',*,*,#283,.T.);
#283 = EDGE_CURVE('',#260,#284,#286,.T.);
#284 = VERTEX_POINT('',#285);
#285 = CARTESIAN_POINT('',(23.,26.7,124.1));
#286 = LINE('',#287,#288);
#287 = CARTESIAN_POINT('',(23.,1.3,124.1));
#288 = VECTOR('',#289,1.);
#289 = DIRECTION('',(0.,1.,0.));
#290 = ORIENTED_EDGE('',*,*,#291,.F.);
#291 = EDGE_CURVE('',#229,#284,#292,.T.);
#292 = LINE('',#293,#294);
#293 = CARTESIAN_POINT('',(5.,26.7,124.1));
#294 = VECTOR('',#295,1.);
#295 = DIRECTION('',(1.,0.,0.));
#296 = FACE_BOUND('',#297,.T.);
#297 = EDGE_LOOP('',(#298));
#298 = ORIENTED_EDGE('',*,*,#299,.F.);
#299 = EDGE_CURVE('',#300,#300,#302,.T.);
#300 = VERTEX_POINT('',#301);
#301 = CARTESIAN_POINT('',(18.75,14.,124.1));
#302 = CIRCLE('',#303,4.75);
#303 = AXIS2_PLACEMENT_3D('',#304,#305,#306);
#304 = CARTESIAN_POINT('',(14.,14.,124.1));
#305 = DIRECTION('',(0.,0.,1.));
#306 = DIRECTION('',(1.,0.,0.));
#307 = PLANE('',#308);
#308 = AXIS2_PLACEMENT_3D('',#309,#310,#311);
#309 = CARTESIAN_POINT('',(5.,1.3,124.1));
#310 = DIRECTION('',(0.,0.,1.));
#311 = DIRECTION('',(1.,0.,0.));
#312 = ADVANCED_FACE('',(#313),#331,.T.);
#313 = FACE_BOUND('',#314,.T.);
#314 = EDGE_LOOP('',(#315,#323,#324,#325));
#315 = ORIENTED_EDGE('',*,*,#316,.F.);
#316 = EDGE_CURVE('',#221,#317,#319,.T.);
#317 = VERTEX_POINT('',#318);
#318 = CARTESIAN_POINT('',(23.,26.7,120.925));
#319 = LINE('',#320,#321);
#320 = CARTESIAN_POINT('',(5.,26.7,120.925));
#321 = VECTOR('',#322,1.);
#322 = DIRECTION('',(1.,0.,0.));
#323 = ORIENTED_EDGE('',*,*,#228,.T.);
#324 = ORIENTED_EDGE('',*,*,#291,.T.);
#325 = ORIENTED_EDGE('',*,*,#326,.F.);
#326 = EDGE_CURVE('',#317,#284,#327,.T.);
#327 = LINE('',#328,#329);
#328 = CARTESIAN_POINT('',(23.,26.7,120.925));
#329 = VECTOR('',#330,1.);
#330 = DIRECTION('',(0.,0.,1.));
#331 = PLANE('',#332);
#332 = AXIS2_PLACEMENT_3D('',#333,#334,#335);
#333 = CARTESIAN_POINT('',(5.,26.7,120.925));
#334 = DIRECTION('',(0.,1.,0.));
#335 = DIRECTION('',(0.,0.,1.));
#336 = ADVANCED_FACE('',(#337,#348),#359,.F.);
#337 = FACE_BOUND('',#338,.F.);
#338 = EDGE_LOOP('',(#339,#340,#341,#347));
#339 = ORIENTED_EDGE('',*,*,#220,.F.);
#340 = ORIENTED_EDGE('',*,*,#250,.T.);
#341 = ORIENTED_EDGE('',*,*,#342,.T.);
#342 = EDGE_CURVE('',#251,#317,#343,.T.);
#343 = LINE('',#344,#345);
#344 = CARTESIAN_POINT('',(23.,1.3,120.925));
#345 = VECTOR('',#346,1.);
#346 = DIRECTION('',(0.,1.,0.));
#347 = ORIENTED_EDGE('',*,*,#316,.F.);
#348 = FACE_BOUND('',#349,.F.);
#349 = EDGE_LOOP('',(#350));
#350 = ORIENTED_EDGE('',*,*,#351,.F.);
#351 = EDGE_CURVE('',#352,#352,#354,.T.);
#352 = VERTEX_POINT('',#353);
#353 = CARTESIAN_POINT('',(18.75,14.,120.925));
#354 = CIRCLE('',#355,4.75);
#355 = AXIS2_PLACEMENT_3D('',#356,#357,#358);
#356 = CARTESIAN_POINT('',(14.,14.,120.925));
#357 = DIRECTION('',(0.,0.,1.));
#358 = DIRECTION('',(1.,0.,0.));
#359 = PLANE('',#360);
#360 = AXIS2_PLACEMENT_3D('',#361,#362,#363);
#361 = CARTESIAN_POINT('',(5.,1.3,120.925));
#362 = DIRECTION('',(0.,0.,1.));
#363 = DIRECTION('',(1.,0.,0.));
#364 = ADVANCED_FACE('',(#365),#371,.T.);
#365 = FACE_BOUND('',#366,.T.);
#366 = EDGE_LOOP('',(#367,#368,#369,#370));
#367 = ORIENTED_EDGE('',*,*,#267,.F.);
#368 = ORIENTED_EDGE('',*,*,#342,.T.);
#369 = ORIENTED_EDGE('',*,*,#326,.T.);
#370 = ORIENTED_EDGE('',*,*,#283,.F.);
#371 = PLANE('',#372);
#372 = AXIS2_PLACEMENT_3D('',#373,#374,#375);
#373 = CARTESIAN_POINT('',(23.,1.3,120.925));
#374 = DIRECTION('',(1.,0.,0.));
#375 = DIRECTION('',(0.,0.,1.));
#376 = ADVANCED_FACE('',(#377),#388,.F.);
#377 = FACE_BOUND('',#378,.F.);
#378 = EDGE_LOOP('',(#379,#380,#386,#387));
#379 = ORIENTED_EDGE('',*,*,#299,.F.);
#380 = ORIENTED_EDGE('',*,*,#381,.F.);
#381 = EDGE_CURVE('',#352,#300,#382,.T.);
#382 = LINE('',#383,#384);
#383 = CARTESIAN_POINT('',(18.75,14.,119.925));
#384 = VECTOR('',#385,1.);
#385 = DIRECTION('',(0.,0.,1.));
#386 = ORIENTED_EDGE('',*,*,#351,.T.);
#387 = ORIENTED_EDGE('',*,*,#381,.T.);
#388 = CYLINDRICAL_SURFACE('',#389,4.75);
#389 = AXIS2_PLACEMENT_3D('',#390,#391,#392);
#390 = CARTESIAN_POINT('',(14.,14.,119.925));
#391 = DIRECTION('',(0.,0.,1.));
#392 = DIRECTION('',(1.,0.,0.));
#393 = MANIFOLD_SOLID_BREP('',#394);
#394 = CLOSED_SHELL('',(#395,#435,#475,#497,#519,#531));
#395 = ADVANCED_FACE('',(#396),#430,.F.);
#396 = FACE_BOUND('',#397,.F.);
#397 = EDGE_LOOP('',(#398,#408,#416,#424));
#398 = ORIENTED_EDGE('',*,*,#399,.F.);
#399 = EDGE_CURVE('',#400,#402,#404,.T.);
#400 = VERTEX_POINT('',#401);
#401 = CARTESIAN_POINT('',(5.,1.3,89.175));
#402 = VERTEX_POINT('',#403);
#403 = CARTESIAN_POINT('',(5.,1.3,120.925));
#404 = LINE('',#405,#406);
#405 = CARTESIAN_POINT('',(5.,1.3,89.175));
#406 = VECTOR('',#407,1.);
#407 = DIRECTION('',(0.,0.,1.));
#408 = ORIENTED_EDGE('',*,*,#409,.T.);
#409 = EDGE_CURVE('',#400,#410,#412,.T.);
#410 = VERTEX_POINT('',#411);
#411 = CARTESIAN_POINT('',(5.,4.475,89.175));
#412 = LINE('',#413,#414);
#413 = CARTESIAN_POINT('',(5.,1.3,89.175));
#414 = VECTOR('',#415,1.);
#415 = DIRECTION('',(0.,1.,0.));
#416 = ORIENTED_EDGE('',*,*,#417,.T.);
#417 = EDGE_CURVE('',#410,#418,#420,.T.);
#418 = VERTEX_POINT('',#419);
#419 = CARTESIAN_POINT('',(5.,4.475,120.925));
#420 = LINE('',#421,#422);
#421 = CARTESIAN_POINT('',(5.,4.475,89.175));
#422 = VECTOR('',#423,1.);
#423 = DIRECTION('',(0.,0.,1.));
#424 = ORIENTED_EDGE('',*,*,#425,.F.);
#425 = EDGE_CURVE('',#402,#418,#426,.T.);
#426 = LINE('',#427,#428);
#427 = CARTESIAN_POINT('',(5.,1.3,120.925));
#428 = VECTOR('',#429,1.);
#429 = DIRECTION('',(0.,1.,0.));
#430 = PLANE('',#431);
#431 = AXIS2_PLACEMENT_3D('',#432,#433,#434);
#432 = CARTESIAN_POINT('',(5.,1.3,89.175));
#433 = DIRECTION('',(1.,0.,0.));
#434 = DIRECTION('',(0.,0.,1.));
#435 = ADVANCED_FACE('',(#436),#470,.T.);
#436 = FACE_BOUND('',#437,.T.);
#437 = EDGE_LOOP('',(#438,#448,#456,#464));
#438 = ORIENTED_EDGE('',*,*,#439,.F.);
#439 = EDGE_CURVE('',#440,#442,#444,.T.);
#440 = VERTEX_POINT('',#441);
#441 = CARTESIAN_POINT('',(23.,1.3,89.175));
#442 = VERTEX_POINT('',#443);
#443 = CARTESIAN_POINT('',(23.,1.3,120.925));
#444 = LINE('',#445,#446);
#445 = CARTESIAN_POINT('',(23.,1.3,89.175));
#446 = VECTOR('',#447,1.);
#447 = DIRECTION('',(0.,0.,1.));
#448 = ORIENTED_EDGE('',*,*,#449,.T.);
#449 = EDGE_CURVE('',#440,#450,#452,.T.);
#450 = VERTEX_POINT('',#451);
#451 = CARTESIAN_POINT('',(23.,4.475,89.175));
#452 = LINE('',#453,#454);
#453 = CARTESIAN_POINT('',(23.,1.3,89.175));
#454 = VECTOR('',#455,1.);
#455 = DIRECTION('',(0.,1.,0.));
#456 = ORIENTED_EDGE('',*,*,#457,.T.);
#457 = EDGE_CURVE('',#450,#458,#460,.T.);
#458 = VERTEX_POINT('',#459);
#459 = CARTESIAN_POINT('',(23.,4.475,120.925));
#460 = LINE('',#461,#462);
#461 = CARTESIAN_POINT('',(23.,4.475,89.175));
#462 = VECTOR('',#463,1.);
#463 = DIRECTION('',(0.,0.,1.));
#464 = ORIENTED_EDGE('',*,*,#465,.F.);
#465 = EDGE_CURVE('',#442,#458,#466,.T.);
#466 = LINE('',#467,#468);
#467 = CARTESIAN_POINT('',(23.,1.3,120.925));
#468 = VECTOR('',#469,1.);
#469 = DIRECTION('',(0.,1.,0.));
#470 = PLANE('',#471);
#471 = AXIS2_PLACEMENT_3D('',#472,#473,#474);
#472 = CARTESIAN_POINT('',(23.,1.3,89.175));
#473 = DIRECTION('',(1.,0.,0.));
#474 = DIRECTION('',(0.,0.,1.));
#475 = ADVANCED_FACE('',(#476),#492,.F.);
#476 = FACE_BOUND('',#477,.F.);
#477 = EDGE_LOOP('',(#478,#484,#485,#491));
#478 = ORIENTED_EDGE('',*,*,#479,.F.);
#479 = EDGE_CURVE('',#400,#440,#480,.T.);
#480 = LINE('',#481,#482);
#481 = CARTESIAN_POINT('',(5.,1.3,89.175));
#482 = VECTOR('',#483,1.);
#483 = DIRECTION('',(1.,0.,0.));
#484 = ORIENTED_EDGE('',*,*,#399,.T.);
#485 = ORIENTED_EDGE('',*,*,#486,.T.);
#486 = EDGE_CURVE('',#402,#442,#487,.T.);
#487 = LINE('',#488,#489);
#488 = CARTESIAN_POINT('',(5.,1.3,120.925));
#489 = VECTOR('',#490,1.);
#490 = DIRECTION('',(1.,0.,0.));
#491 = ORIENTED_EDGE('',*,*,#439,.F.);
#492 = PLANE('',#493);
#493 = AXIS2_PLACEMENT_3D('',#494,#495,#496);
#494 = CARTESIAN_POINT('',(5.,1.3,89.175));
#495 = DIRECTION('',(0.,1.,0.));
#496 = DIRECTION('',(0.,0.,1.));
#497 = ADVANCED_FACE('',(#498),#514,.T.);
#498 = FACE_BOUND('',#499,.T.);
#499 = EDGE_LOOP('',(#500,#506,#507,#513));
#500 = ORIENTED_EDGE('',*,*,#501,.F.);
#501 = EDGE_CURVE('',#410,#450,#502,.T.);
#502 = LINE('',#503,#504);
#503 = CARTESIAN_POINT('',(5.,4.475,89.175));
#504 = VECTOR('',#505,1.);
#505 = DIRECTION('',(1.,0.,0.));
#506 = ORIENTED_EDGE('',*,*,#417,.T.);
#507 = ORIENTED_EDGE('',*,*,#508,.T.);
#508 = EDGE_CURVE('',#418,#458,#509,.T.);
#509 = LINE('',#510,#511);
#510 = CARTESIAN_POINT('',(5.,4.475,120.925));
#511 = VECTOR('',#512,1.);
#512 = DIRECTION('',(1.,0.,0.));
#513 = ORIENTED_EDGE('',*,*,#457,.F.);
#514 = PLANE('',#515);
#515 = AXIS2_PLACEMENT_3D('',#516,#517,#518);
#516 = CARTESIAN_POINT('',(5.,4.475,89.175));
#517 = DIRECTION('',(0.,1.,0.));
#518 = DIRECTION('',(0.,0.,1.));
#519 = ADVANCED_FACE('',(#520),#526,.F.);
#520 = FACE_BOUND('',#521,.F.);
#521 = EDGE_LOOP('',(#522,#523,#524,#525));
#522 = ORIENTED_EDGE('',*,*,#409,.F.);
#523 = ORIENTED_EDGE('',*,*,#479,.T.);
#524 = ORIENTED_EDGE('',*,*,#449,.T.);
#525 = ORIENTED_EDGE('',*,*,#501,.F.);
#526 = PLANE('',#527);
#527 = AXIS2_PLACEMENT_3D('',#528,#529,#530);
#528 = CARTESIAN_POINT('',(5.,1.3,89.175));
#529 = DIRECTION('',(0.,0.,1.));
#530 = DIRECTION('',(1.,0.,0.));
#531 = ADVANCED_FACE('',(#532),#538,.T.);
#532 = FACE_BOUND('',#533,.T.);
#533 = EDGE_LOOP('',(#534,#535,#536,#537));
#534 = ORIENTED_EDGE('',*,*,#425,.F.);
#535 = ORIENTED_EDGE('',*,*,#486,.T.);
#536 = ORIENTED_EDGE('',*,*,#465,.T.);
#537 = ORIENTED_EDGE('',*,*,#508,.F.);
#538 = PLANE('',#539);
#539 = AXIS2_PLACEMENT_3D('',#540,#541,#542);
#540 = CARTESIAN_POINT('',(5.,1.3,120.925));
#541 = DIRECTION('',(0.,0.,1.));
#542 = DIRECTION('',(1.,0.,0.));
#543 = MANIFOLD_SOLID_BREP('',#544);
#544 = CLOSED_SHELL('',(#545,#585,#625,#647,#669,#681));
#545 = ADVANCED_FACE('',(#546),#580,.F.);
#546 = FACE_BOUND('',#547,.F.);
#547 = EDGE_LOOP('',(#548,#558,#566,#574));
#548 = ORIENTED_EDGE('',*,*,#549,.F.);
#549 = EDGE_CURVE('',#550,#552,#554,.T.);
#550 = VERTEX_POINT('',#551);
#551 = CARTESIAN_POINT('',(5.,23.525,89.175));
#552 = VERTEX_POINT('',#553);
#553 = CARTESIAN_POINT('',(5.,23.525,120.925));
#554 = LINE('',#555,#556);
#555 = CARTESIAN_POINT('',(5.,23.525,89.175));
#556 = VECTOR('',#557,1.);
#557 = DIRECTION('',(0.,0.,1.));
#558 = ORIENTED_EDGE('',*,*,#559,.T.);
#559 = EDGE_CURVE('',#550,#560,#562,.T.);
#560 = VERTEX_POINT('',#561);
#561 = CARTESIAN_POINT('',(5.,26.7,89.175));
#562 = LINE('',#563,#564);
#563 = CARTESIAN_POINT('',(5.,23.525,89.175));
#564 = VECTOR('',#565,1.);
#565 = DIRECTION('',(0.,1.,0.));
#566 = ORIENTED_EDGE('',*,*,#567,.T.);
#567 = EDGE_CURVE('',#560,#568,#570,.T.);
#568 = VERTEX_POINT('',#569);
#569 = CARTESIAN_POINT('',(5.,26.7,120.925));
#570 = LINE('',#571,#572);
#571 = CARTESIAN_POINT('',(5.,26.7,89.175));
#572 = VECTOR('',#573,1.);
#573 = DIRECTION('',(0.,0.,1.));
#574 = ORIENTED_EDGE('',*,*,#575,.F.);
#575 = EDGE_CURVE('',#552,#568,#576,.T.);
#576 = LINE('',#577,#578);
#577 = CARTESIAN_POINT('',(5.,23.525,120.925));
#578 = VECTOR('',#579,1.);
#579 = DIRECTION('',(0.,1.,0.));
#580 = PLANE('',#581);
#581 = AXIS2_PLACEMENT_3D('',#582,#583,#584);
#582 = CARTESIAN_POINT('',(5.,23.525,89.175));
#583 = DIRECTION('',(1.,0.,0.));
#584 = DIRECTION('',(0.,0.,1.));
#585 = ADVANCED_FACE('',(#586),#620,.T.);
#586 = FACE_BOUND('',#587,.T.);
#587 = EDGE_LOOP('',(#588,#598,#606,#614));
#588 = ORIENTED_EDGE('',*,*,#589,.F.);
#589 = EDGE_CURVE('',#590,#592,#594,.T.);
#590 = VERTEX_POINT('',#591);
#591 = CARTESIAN_POINT('',(23.,23.525,89.175));
#592 = VERTEX_POINT('',#593);
#593 = CARTESIAN_POINT('',(23.,23.525,120.925));
#594 = LINE('',#595,#596);
#595 = CARTESIAN_POINT('',(23.,23.525,89.175));
#596 = VECTOR('',#597,1.);
#597 = DIRECTION('',(0.,0.,1.));
#598 = ORIENTED_EDGE('',*,*,#599,.T.);
#599 = EDGE_CURVE('',#590,#600,#602,.T.);
#600 = VERTEX_POINT('',#601);
#601 = CARTESIAN_POINT('',(23.,26.7,89.175));
#602 = LINE('',#603,#604);
#603 = CARTESIAN_POINT('',(23.,23.525,89.175));
#604 = VECTOR('',#605,1.);
#605 = DIRECTION('',(0.,1.,0.));
#606 = ORIENTED_EDGE('',*,*,#607,.T.);
#607 = EDGE_CURVE('',#600,#608,#610,.T.);
#608 = VERTEX_POINT('',#609);
#609 = CARTESIAN_POINT('',(23.,26.7,120.925));
#610 = LINE('',#611,#612);
#611 = CARTESIAN_POINT('',(23.,26.7,89.175));
#612 = VECTOR('',#613,1.);
#613 = DIRECTION('',(0.,0.,1.));
#614 = ORIENTED_EDGE('',*,*,#615,.F.);
#615 = EDGE_CURVE('',#592,#608,#616,.T.);
#616 = LINE('',#617,#618);
#617 = CARTESIAN_POINT('',(23.,23.525,120.925));
#618 = VECTOR('',#619,1.);
#619 = DIRECTION('',(0.,1.,0.));
#620 = PLANE('',#621);
#621 = AXIS2_PLACEMENT_3D('',#622,#623,#624);
#622 = CARTESIAN_POINT('',(23.,23.525,89.175));
#623 = DIRECTION('',(1.,0.,0.));
#624 = DIRECTION('',(0.,0.,1.));
#625 = ADVANCED_FACE('',(#626),#642,.F.);
#626 = FACE_BOUND('',#627,.F.);
#627 = EDGE_LOOP('',(#628,#634,#635,#641));
#628 = ORIENTED_EDGE('',*,*,#629,.F.);
#629 = EDGE_CURVE('',#550,#590,#630,.T.);
#630 = LINE('',#631,#632);
#631 = CARTESIAN_POINT('',(5.,23.525,89.175));
#632 = VECTOR('',#633,1.);
#633 = DIRECTION('',(1.,0.,0.));
#634 = ORIENTED_EDGE('',*,*,#549,.T.);
#635 = ORIENTED_EDGE('',*,*,#636,.T.);
#636 = EDGE_CURVE('',#552,#592,#637,.T.);
#637 = LINE('',#638,#639);
#638 = CARTESIAN_POINT('',(5.,23.525,120.925));
#639 = VECTOR('',#640,1.);
#640 = DIRECTION('',(1.,0.,0.));
#641 = ORIENTED_EDGE('',*,*,#589,.F.);
#642 = PLANE('',#643);
#643 = AXIS2_PLACEMENT_3D('',#644,#645,#646);
#644 = CARTESIAN_POINT('',(5.,23.525,89.175));
#645 = DIRECTION('',(0.,1.,0.));
#646 = DIRECTION('',(0.,0.,1.));
#647 = ADVANCED_FACE('',(#648),#664,.T.);
#648 = FACE_BOUND('',#649,.T.);
#649 = EDGE_LOOP('',(#650,#656,#657,#663));
#650 = ORIENTED_EDGE('',*,*,#651,.F.);
#651 = EDGE_CURVE('',#560,#600,#652,.T.);
#652 = LINE('',#653,#654);
#653 = CARTESIAN_POINT('',(5.,26.7,89.175));
#654 = VECTOR('',#655,1.);
#655 = DIRECTION('',(1.,0.,0.));
#656 = ORIENTED_EDGE('',*,*,#567,.T.);
#657 = ORIENTED_EDGE('',*,*,#658,.T.);
#658 = EDGE_CURVE('',#568,#608,#659,.T.);
#659 = LINE('',#660,#661);
#660 = CARTESIAN_POINT('',(5.,26.7,120.925));
#661 = VECTOR('',#662,1.);
#662 = DIRECTION('',(1.,0.,0.));
#663 = ORIENTED_EDGE('',*,*,#607,.F.);
#664 = PLANE('',#665);
#665 = AXIS2_PLACEMENT_3D('',#666,#667,#668);
#666 = CARTESIAN_POINT('',(5.,26.7,89.175));
#667 = DIRECTION('',(0.,1.,0.));
#668 = DIRECTION('',(0.,0.,1.));
#669 = ADVANCED_FACE('',(#670),#676,.F.);
#670 = FACE_BOUND('',#671,.F.);
#671 = EDGE_LOOP('',(#672,#673,#674,#675));
#672 = ORIENTED_EDGE('',*,*,#559,.F.);
#673 = ORIENTED_EDGE('',*,*,#629,.T.);
#674 = ORIENTED_EDGE('',*,*,#599,.T.);
#675 = ORIENTED_EDGE('',*,*,#651,.F.);
#676 = PLANE('',#677);
#677 = AXIS2_PLACEMENT_3D('',#678,#679,#680);
#678 = CARTESIAN_POINT('',(5.,23.525,89.175));
#679 = DIRECTION('',(0.,0.,1.));
#680 = DIRECTION('',(1.,0.,0.));
#681 = ADVANCED_FACE('',(#682),#688,.T.);
#682 = FACE_BOUND('',#683,.T.);
#683 = EDGE_LOOP('',(#684,#685,#686,#687));
#684 = ORIENTED_EDGE('',*,*,#575,.F.);
#685 = ORIENTED_EDGE('',*,*,#636,.T.);
#686 = ORIENTED_EDGE('',*,*,#615,.T.);
#687 = ORIENTED_EDGE('',*,*,#658,.F.);
#688 = PLANE('',#689);
#689 = AXIS2_PLACEMENT_3D('',#690,#691,#692);
#690 = CARTESIAN_POINT('',(5.,23.525,120.925));
#691 = DIRECTION('',(0.,0.,1.));
#692 = DIRECTION('',(1.,0.,0.));
#693 = MANIFOLD_SOLID_BREP('',#694);
#694 = CLOSED_SHELL('',(#695,#735,#766,#801,#825,#853,#865));
#695 = ADVANCED_FACE('',(#696),#730,.F.);
#696 = FACE_BOUND('',#697,.F.);
#697 = EDGE_LOOP('',(#698,#708,#716,#724));
#698 = ORIENTED_EDGE('',*,*,#699,.F.);
#699 = EDGE_CURVE('',#700,#702,#704,.T.);
#700 = VERTEX_POINT('',#701);
#701 = CARTESIAN_POINT('',(5.,8.,89.175));
#702 = VERTEX_POINT('',#703);
#703 = CARTESIAN_POINT('',(5.,8.,91.175));
#704 = LINE('',#705,#706);
#705 = CARTESIAN_POINT('',(5.,8.,89.175));
#706 = VECTOR('',#707,1.);
#707 = DIRECTION('',(0.,0.,1.));
#708 = ORIENTED_EDGE('',*,*,#709,.T.);
#709 = EDGE_CURVE('',#700,#710,#712,.T.);
#710 = VERTEX_POINT('',#711);
#711 = CARTESIAN_POINT('',(5.,20.,89.175));
#712 = LINE('',#713,#714);
#713 = CARTESIAN_POINT('',(5.,8.,89.175));
#714 = VECTOR('',#715,1.);
#715 = DIRECTION('',(0.,1.,0.));
#716 = ORIENTED_EDGE('',*,*,#717,.T.);
#717 = EDGE_CURVE('',#710,#718,#720,.T.);
#718 = VERTEX_POINT('',#719);
#719 = CARTESIAN_POINT('',(5.,20.,91.175));
#720 = LINE('',#721,#722);
#721 = CARTESIAN_POINT('',(5.,20.,89.175));
#722 = VECTOR('',#723,1.);
#723 = DIRECTION('',(0.,0.,1.));
#724 = ORIENTED_EDGE('',*,*,#725,.F.);
#725 = EDGE_CURVE('',#702,#718,#726,.T.);
#726 = LINE('',#727,#728);
#727 = CARTESIAN_POINT('',(5.,8.,91.175));
#728 = VECTOR('',#729,1.);
#729 = DIRECTION('',(0.,1.,0.));
#730 = PLANE('',#731);
#731 = AXIS2_PLACEMENT_3D('',#732,#733,#734);
#732 = CARTESIAN_POINT('',(5.,8.,89.175));
#733 = DIRECTION('',(1.,0.,0.));
#734 = DIRECTION('',(0.,0.,1.));
#735 = ADVANCED_FACE('',(#736),#761,.F.);
#736 = FACE_BOUND('',#737,.F.);
#737 = EDGE_LOOP('',(#738,#746,#747,#755));
#738 = ORIENTED_EDGE('',*,*,#739,.F.);
#739 = EDGE_CURVE('',#700,#740,#742,.T.);
#740 = VERTEX_POINT('',#741);
#741 = CARTESIAN_POINT('',(23.,8.,89.175));
#742 = LINE('',#743,#744);
#743 = CARTESIAN_POINT('',(5.,8.,89.175));
#744 = VECTOR('',#745,1.);
#745 = DIRECTION('',(1.,0.,0.));
#746 = ORIENTED_EDGE('',*,*,#699,.T.);
#747 = ORIENTED_EDGE('',*,*,#748,.T.);
#748 = EDGE_CURVE('',#702,#749,#751,.T.);
#749 = VERTEX_POINT('',#750);
#750 = CARTESIAN_POINT('',(23.,8.,91.175));
#751 = LINE('',#752,#753);
#752 = CARTESIAN_POINT('',(5.,8.,91.175));
#753 = VECTOR('',#754,1.);
#754 = DIRECTION('',(1.,0.,0.));
#755 = ORIENTED_EDGE('',*,*,#756,.F.);
#756 = EDGE_CURVE('',#740,#749,#757,.T.);
#757 = LINE('',#758,#759);
#758 = CARTESIAN_POINT('',(23.,8.,89.175));
#759 = VECTOR('',#760,1.);
#760 = DIRECTION('',(0.,0.,1.));
#761 = PLANE('',#762);
#762 = AXIS2_PLACEMENT_3D('',#763,#764,#765);
#763 = CARTESIAN_POINT('',(5.,8.,89.175));
#764 = DIRECTION('',(0.,1.,0.));
#765 = DIRECTION('',(0.,0.,1.));
#766 = ADVANCED_FACE('',(#767,#785),#796,.T.);
#767 = FACE_BOUND('',#768,.T.);
#768 = EDGE_LOOP('',(#769,#770,#771,#779));
#769 = ORIENTED_EDGE('',*,*,#725,.F.);
#770 = ORIENTED_EDGE('',*,*,#748,.T.);
#771 = ORIENTED_EDGE('',*,*,#772,.T.);
#772 = EDGE_CURVE('',#749,#773,#775,.T.);
#773 = VERTEX_POINT('',#774);
#774 = CARTESIAN_POINT('',(23.,20.,91.175));
#775 = LINE('',#776,#777);
#776 = CARTESIAN_POINT('',(23.,8.,91.175));
#777 = VECTOR('',#778,1.);
#778 = DIRECTION('',(0.,1.,0.));
#779 = ORIENTED_EDGE('',*,*,#780,.F.);
#780 = EDGE_CURVE('',#718,#773,#781,.T.);
#781 = LINE('',#782,#783);
#782 = CARTESIAN_POINT('',(5.,20.,91.175));
#783 = VECTOR('',#784,1.);
#784 = DIRECTION('',(1.,0.,0.));
#785 = FACE_BOUND('',#786,.T.);
#786 = EDGE_LOOP('',(#787));
#787 = ORIENTED_EDGE('',*,*,#788,.F.);
#788 = EDGE_CURVE('',#789,#789,#791,.T.);
#789 = VERTEX_POINT('',#790);
#790 = CARTESIAN_POINT('',(18.75,14.,91.175));
#791 = CIRCLE('',#792,4.75);
#792 = AXIS2_PLACEMENT_3D('',#793,#794,#795);
#793 = CARTESIAN_POINT('',(14.,14.,91.175));
#794 = DIRECTION('',(0.,0.,1.));
#795 = DIRECTION('',(1.,0.,0.));
#796 = PLANE('',#797);
#797 = AXIS2_PLACEMENT_3D('',#798,#799,#800);
#798 = CARTESIAN_POINT('',(5.,8.,91.175));
#799 = DIRECTION('',(0.,0.,1.));
#800 = DIRECTION('',(1.,0.,0.));
#801 = ADVANCED_FACE('',(#802),#820,.T.);
#802 = FACE_BOUND('',#803,.T.);
#803 = EDGE_LOOP('',(#804,#812,#813,#814));
#804 = ORIENTED_EDGE('',*,*,#805,.F.);
#805 = EDGE_CURVE('',#710,#806,#808,.T.);
#806 = VERTEX_POINT('',#807);
#807 = CARTESIAN_POINT('',(23.,20.,89.175));
#808 = LINE('',#809,#810);
#809 = CARTESIAN_POINT('',(5.,20.,89.175));
#810 = VECTOR('',#811,1.);
#811 = DIRECTION('',(1.,0.,0.));
#812 = ORIENTED_EDGE('',*,*,#717,.T.);
#813 = ORIENTED_EDGE('',*,*,#780,.T.);
#814 = ORIENTED_EDGE('',*,*,#815,.F.);
#815 = EDGE_CURVE('',#806,#773,#816,.T.);
#816 = LINE('',#817,#818);
#817 = CARTESIAN_POINT('',(23.,20.,89.175));
#818 = VECTOR('',#819,1.);
#819 = DIRECTION('',(0.,0.,1.));
#820 = PLANE('',#821);
#821 = AXIS2_PLACEMENT_3D('',#822,#823,#824);
#822 = CARTESIAN_POINT('',(5.,20.,89.175));
#823 = DIRECTION('',(0.,1.,0.));
#824 = DIRECTION('',(0.,0.,1.));
#825 = ADVANCED_FACE('',(#826,#837),#848,.F.);
#826 = FACE_BOUND('',#827,.F.);
#827 = EDGE_LOOP('',(#828,#829,#830,#836));
#828 = ORIENTED_EDGE('',*,*,#709,.F.);
#829 = ORIENTED_EDGE('',*,*,#739,.T.);
#830 = ORIENTED_EDGE('',*,*,#831,.T.);
#831 = EDGE_CURVE('',#740,#806,#832,.T.);
#832 = LINE('',#833,#834);
#833 = CARTESIAN_POINT('',(23.,8.,89.175));
#834 = VECTOR('',#835,1.);
#835 = DIRECTION('',(0.,1.,0.));
#836 = ORIENTED_EDGE('',*,*,#805,.F.);
#837 = FACE_BOUND('',#838,.F.);
#838 = EDGE_LOOP('',(#839));
#839 = ORIENTED_EDGE('',*,*,#840,.F.);
#840 = EDGE_CURVE('',#841,#841,#843,.T.);
#841 = VERTEX_POINT('',#842);
#842 = CARTESIAN_POINT('',(18.75,14.,89.175));
#843 = CIRCLE('',#844,4.75);
#844 = AXIS2_PLACEMENT_3D('',#845,#846,#847);
#845 = CARTESIAN_POINT('',(14.,14.,89.175));
#846 = DIRECTION('',(0.,0.,1.));
#847 = DIRECTION('',(1.,0.,0.));
#848 = PLANE('',#849);
#849 = AXIS2_PLACEMENT_3D('',#850,#851,#852);
#850 = CARTESIAN_POINT('',(5.,8.,89.175));
#851 = DIRECTION('',(0.,0.,1.));
#852 = DIRECTION('',(1.,0.,0.));
#853 = ADVANCED_FACE('',(#854),#860,.T.);
#854 = FACE_BOUND('',#855,.T.);
#855 = EDGE_LOOP('',(#856,#857,#858,#859));
#856 = ORIENTED_EDGE('',*,*,#756,.F.);
#857 = ORIENTED_EDGE('',*,*,#831,.T.);
#858 = ORIENTED_EDGE('',*,*,#815,.T.);
#859 = ORIENTED_EDGE('',*,*,#772,.F.);
#860 = PLANE('',#861);
#861 = AXIS2_PLACEMENT_3D('',#862,#863,#864);
#862 = CARTESIAN_POINT('',(23.,8.,89.175));
#863 = DIRECTION('',(1.,0.,0.));
#864 = DIRECTION('',(0.,0.,1.));
#865 = ADVANCED_FACE('',(#866),#877,.F.);
#866 = FACE_BOUND('',#867,.F.);
#867 = EDGE_LOOP('',(#868,#869,#875,#876));
#868 = ORIENTED_EDGE('',*,*,#788,.F.);
#869 = ORIENTED_EDGE('',*,*,#870,.F.);
#870 = EDGE_CURVE('',#841,#789,#871,.T.);
#871 = LINE('',#872,#873);
#872 = CARTESIAN_POINT('',(18.75,14.,88.175));
#873 = VECTOR('',#874,1.);
#874 = DIRECTION('',(0.,0.,1.));
#875 = ORIENTED_EDGE('',*,*,#840,.T.);
#876 = ORIENTED_EDGE('',*,*,#870,.T.);
#877 = CYLINDRICAL_SURFACE('',#878,4.75);
#878 = AXIS2_PLACEMENT_3D('',#879,#880,#881);
#879 = CARTESIAN_POINT('',(14.,14.,88.175));
#880 = DIRECTION('',(0.,0.,1.));
#881 = DIRECTION('',(1.,0.,0.));
#882 = MANIFOLD_SOLID_BREP('',#883);
#883 = CLOSED_SHELL('',(#884,#924,#955,#990,#1014,#1042,#1054));
#884 = ADVANCED_FACE('',(#885),#919,.F.);
#885 = FACE_BOUND('',#886,.F.);
#886 = EDGE_LOOP('',(#887,#897,#905,#913));
#887 = ORIENTED_EDGE('',*,*,#888,.F.);
#888 = EDGE_CURVE('',#889,#891,#893,.T.);
#889 = VERTEX_POINT('',#890);
#890 = CARTESIAN_POINT('',(5.,8.,118.925));
#891 = VERTEX_POINT('',#892);
#892 = CARTESIAN_POINT('',(5.,8.,120.925));
#893 = LINE('',#894,#895);
#894 = CARTESIAN_POINT('',(5.,8.,118.925));
#895 = VECTOR('',#896,1.);
#896 = DIRECTION('',(0.,0.,1.));
#897 = ORIENTED_EDGE('',*,*,#898,.T.);
#898 = EDGE_CURVE('',#889,#899,#901,.T.);
#899 = VERTEX_POINT('',#900);
#900 = CARTESIAN_POINT('',(5.,20.,118.925));
#901 = LINE('',#902,#903);
#902 = CARTESIAN_POINT('',(5.,8.,118.925));
#903 = VECTOR('',#904,1.);
#904 = DIRECTION('',(0.,1.,0.));
#905 = ORIENTED_EDGE('',*,*,#906,.T.);
#906 = EDGE_CURVE('',#899,#907,#909,.T.);
#907 = VERTEX_POINT('',#908);
#908 = CARTESIAN_POINT('',(5.,20.,120.925));
#909 = LINE('',#910,#911);
#910 = CARTESIAN_POINT('',(5.,20.,118.925));
#911 = VECTOR('',#912,1.);
#912 = DIRECTION('',(0.,0.,1.));
#913 = ORIENTED_EDGE('',*,*,#914,.F.);
#914 = EDGE_CURVE('',#891,#907,#915,.T.);
#915 = LINE('',#916,#917);
#916 = CARTESIAN_POINT('',(5.,8.,120.925));
#917 = VECTOR('',#918,1.);
#918 = DIRECTION('',(0.,1.,0.));
#919 = PLANE('',#920);
#920 = AXIS2_PLACEMENT_3D('',#921,#922,#923);
#921 = CARTESIAN_POINT('',(5.,8.,118.925));
#922 = DIRECTION('',(1.,0.,0.));
#923 = DIRECTION('',(0.,0.,1.));
#924 = ADVANCED_FACE('',(#925),#950,.F.);
#925 = FACE_BOUND('',#926,.F.);
#926 = EDGE_LOOP('',(#927,#935,#936,#944));
#927 = ORIENTED_EDGE('',*,*,#928,.F.);
#928 = EDGE_CURVE('',#889,#929,#931,.T.);
#929 = VERTEX_POINT('',#930);
#930 = CARTESIAN_POINT('',(23.,8.,118.925));
#931 = LINE('',#932,#933);
#932 = CARTESIAN_POINT('',(5.,8.,118.925));
#933 = VECTOR('',#934,1.);
#934 = DIRECTION('',(1.,0.,0.));
#935 = ORIENTED_EDGE('',*,*,#888,.T.);
#936 = ORIENTED_EDGE('',*,*,#937,.T.);
#937 = EDGE_CURVE('',#891,#938,#940,.T.);
#938 = VERTEX_POINT('',#939);
#939 = CARTESIAN_POINT('',(23.,8.,120.925));
#940 = LINE('',#941,#942);
#941 = CARTESIAN_POINT('',(5.,8.,120.925));
#942 = VECTOR('',#943,1.);
#943 = DIRECTION('',(1.,0.,0.));
#944 = ORIENTED_EDGE('',*,*,#945,.F.);
#945 = EDGE_CURVE('',#929,#938,#946,.T.);
#946 = LINE('',#947,#948);
#947 = CARTESIAN_POINT('',(23.,8.,118.925));
#948 = VECTOR('',#949,1.);
#949 = DIRECTION('',(0.,0.,1.));
#950 = PLANE('',#951);
#951 = AXIS2_PLACEMENT_3D('',#952,#953,#954);
#952 = CARTESIAN_POINT('',(5.,8.,118.925));
#953 = DIRECTION('',(0.,1.,0.));
#954 = DIRECTION('',(0.,0.,1.));
#955 = ADVANCED_FACE('',(#956,#974),#985,.T.);
#956 = FACE_BOUND('',#957,.T.);
#957 = EDGE_LOOP('',(#958,#959,#960,#968));
#958 = ORIENTED_EDGE('',*,*,#914,.F.);
#959 = ORIENTED_EDGE('',*,*,#937,.T.);
#960 = ORIENTED_EDGE('',*,*,#961,.T.);
#961 = EDGE_CURVE('',#938,#962,#964,.T.);
#962 = VERTEX_POINT('',#963);
#963 = CARTESIAN_POINT('',(23.,20.,120.925));
#964 = LINE('',#965,#966);
#965 = CARTESIAN_POINT('',(23.,8.,120.925));
#966 = VECTOR('',#967,1.);
#967 = DIRECTION('',(0.,1.,0.));
#968 = ORIENTED_EDGE('',*,*,#969,.F.);
#969 = EDGE_CURVE('',#907,#962,#970,.T.);
#970 = LINE('',#971,#972);
#971 = CARTESIAN_POINT('',(5.,20.,120.925));
#972 = VECTOR('',#973,1.);
#973 = DIRECTION('',(1.,0.,0.));
#974 = FACE_BOUND('',#975,.T.);
#975 = EDGE_LOOP('',(#976));
#976 = ORIENTED_EDGE('',*,*,#977,.F.);
#977 = EDGE_CURVE('',#978,#978,#980,.T.);
#978 = VERTEX_POINT('',#979);
#979 = CARTESIAN_POINT('',(18.75,14.,120.925));
#980 = CIRCLE('',#981,4.75);
#981 = AXIS2_PLACEMENT_3D('',#982,#983,#984);
#982 = CARTESIAN_POINT('',(14.,14.,120.925));
#983 = DIRECTION('',(0.,0.,1.));
#984 = DIRECTION('',(1.,0.,0.));
#985 = PLANE('',#986);
#986 = AXIS2_PLACEMENT_3D('',#987,#988,#989);
#987 = CARTESIAN_POINT('',(5.,8.,120.925));
#988 = DIRECTION('',(0.,0.,1.));
#989 = DIRECTION('',(1.,0.,0.));
#990 = ADVANCED_FACE('',(#991),#1009,.T.);
#991 = FACE_BOUND('',#992,.T.);
#992 = EDGE_LOOP('',(#993,#1001,#1002,#1003));
#993 = ORIENTED_EDGE('',*,*,#994,.F.);
#994 = EDGE_CURVE('',#899,#995,#997,.T.);
#995 = VERTEX_POINT('',#996);
#996 = CARTESIAN_POINT('',(23.,20.,118.925));
#997 = LINE('',#998,#999);
#998 = CARTESIAN_POINT('',(5.,20.,118.925));
#999 = VECTOR('',#1000,1.);
#1000 = DIRECTION('',(1.,0.,0.));
#1001 = ORIENTED_EDGE('',*,*,#906,.T.);
#1002 = ORIENTED_EDGE('',*,*,#969,.T.);
#1003 = ORIENTED_EDGE('',*,*,#1004,.F.);
#1004 = EDGE_CURVE('',#995,#962,#1005,.T.);
#1005 = LINE('',#1006,#1007);
#1006 = CARTESIAN_POINT('',(23.,20.,118.925));
#1007 = VECTOR('',#1008,1.);
#1008 = DIRECTION('',(0.,0.,1.));
#1009 = PLANE('',#1010);
#1010 = AXIS2_PLACEMENT_3D('',#1011,#1012,#1013);
#1011 = CARTESIAN_POINT('',(5.,20.,118.925));
#1012 = DIRECTION('',(0.,1.,0.));
#1013 = DIRECTION('',(0.,0.,1.));
#1014 = ADVANCED_FACE('',(#1015,#1026),#1037,.F.);
#1015 = FACE_BOUND('',#1016,.F.);
#1016 = EDGE_LOOP('',(#1017,#1018,#1019,#1025));
#1017 = ORIENTED_EDGE('',*,*,#898,.F.);
#1018 = ORIENTED_EDGE('',*,*,#928,.T.);
#1019 = ORIENTED_EDGE('',*,*,#1020,.T.);
#1020 = EDGE_CURVE('',#929,#995,#1021,.T.);
#1021 = LINE('',#1022,#1023);
#1022 = CARTESIAN_POINT('',(23.,8.,118.925));
#1023 = VECTOR('',#1024,1.);
#1024 = DIRECTION('',(0.,1.,0.));
#1025 = ORIENTED_EDGE('',*,*,#994,.F.);
#1026 = FACE_BOUND('',#1027,.F.);
#1027 = EDGE_LOOP('',(#1028));
#1028 = ORIENTED_EDGE('',*,*,#1029,.F.);
#1029 = EDGE_CURVE('',#1030,#1030,#1032,.T.);
#1030 = VERTEX_POINT('',#1031);
#1031 = CARTESIAN_POINT('',(18.75,14.,118.925));
#1032 = CIRCLE('',#1033,4.75);
#1033 = AXIS2_PLACEMENT_3D('',#1034,#1035,#1036);
#1034 = CARTESIAN_POINT('',(14.,14.,118.925));
#1035 = DIRECTION('',(0.,0.,1.));
#1036 = DIRECTION('',(1.,0.,0.));
#1037 = PLANE('',#1038);
#1038 = AXIS2_PLACEMENT_3D('',#1039,#1040,#1041);
#1039 = CARTESIAN_POINT('',(5.,8.,118.925));
#1040 = DIRECTION('',(0.,0.,1.));
#1041 = DIRECTION('',(1.,0.,0.));
#1042 = ADVANCED_FACE('',(#1043),#1049,.T.);
#1043 = FACE_BOUND('',#1044,.T.);
#1044 = EDGE_LOOP('',(#1045,#1046,#1047,#1048));
#1045 = ORIENTED_EDGE('',*,*,#945,.F.);
#1046 = ORIENTED_EDGE('',*,*,#1020,.T.);
#1047 = ORIENTED_EDGE('',*,*,#1004,.T.);
#1048 = ORIENTED_EDGE('',*,*,#961,.F.);
#1049 = PLANE('',#1050);
#1050 = AXIS2_PLACEMENT_3D('',#1051,#1052,#1053);
#1051 = CARTESIAN_POINT('',(23.,8.,118.925));
#1052 = DIRECTION('',(1.,0.,0.));
#1053 = DIRECTION('',(0.,0.,1.));
#1054 = ADVANCED_FACE('',(#1055),#1066,.F.);
#1055 = FACE_BOUND('',#1056,.F.);
#1056 = EDGE_LOOP('',(#1057,#1058,#1064,#1065));
#1057 = ORIENTED_EDGE('',*,*,#977,.F.);
#1058 = ORIENTED_EDGE('',*,*,#1059,.F.);
#1059 = EDGE_CURVE('',#1030,#978,#1060,.T.);
#1060 = LINE('',#1061,#1062);
#1061 = CARTESIAN_POINT('',(18.75,14.,117.925));
#1062 = VECTOR('',#1063,1.);
#1063 = DIRECTION('',(0.,0.,1.));
#1064 = ORIENTED_EDGE('',*,*,#1029,.T.);
#1065 = ORIENTED_EDGE('',*,*,#1059,.T.);
#1066 = CYLINDRICAL_SURFACE('',#1067,4.75);
#1067 = AXIS2_PLACEMENT_3D('',#1068,#1069,#1070);
#1068 = CARTESIAN_POINT('',(14.,14.,117.925));
#1069 = DIRECTION('',(0.,0.,1.));
#1070 = DIRECTION('',(1.,0.,0.));
#1071 = MANIFOLD_SOLID_BREP('',#1072);
#1072 = CLOSED_SHELL('',(#1073,#1113,#1144,#1213,#1237,#1299,#1311,#1333
    ,#1350,#1367,#1384));
#1073 = ADVANCED_FACE('',(#1074),#1108,.F.);
#1074 = FACE_BOUND('',#1075,.F.);
#1075 = EDGE_LOOP('',(#1076,#1086,#1094,#1102));
#1076 = ORIENTED_EDGE('',*,*,#1077,.F.);
#1077 = EDGE_CURVE('',#1078,#1080,#1082,.T.);
#1078 = VERTEX_POINT('',#1079);
#1079 = CARTESIAN_POINT('',(8.,5.,91.675));
#1080 = VERTEX_POINT('',#1081);
#1081 = CARTESIAN_POINT('',(8.,5.,93.675));
#1082 = LINE('',#1083,#1084);
#1083 = CARTESIAN_POINT('',(8.,5.,91.675));
#1084 = VECTOR('',#1085,1.);
#1085 = DIRECTION('',(0.,0.,1.));
#1086 = ORIENTED_EDGE('',*,*,#1087,.T.);
#1087 = EDGE_CURVE('',#1078,#1088,#1090,.T.);
#1088 = VERTEX_POINT('',#1089);
#1089 = CARTESIAN_POINT('',(8.,23.,91.675));
#1090 = LINE('',#1091,#1092);
#1091 = CARTESIAN_POINT('',(8.,5.,91.675));
#1092 = VECTOR('',#1093,1.);
#1093 = DIRECTION('',(0.,1.,0.));
#1094 = ORIENTED_EDGE('',*,*,#1095,.T.);
#1095 = EDGE_CURVE('',#1088,#1096,#1098,.T.);
#1096 = VERTEX_POINT('',#1097);
#1097 = CARTESIAN_POINT('',(8.,23.,93.675));
#1098 = LINE('',#1099,#1100);
#1099 = CARTESIAN_POINT('',(8.,23.,91.675));
#1100 = VECTOR('',#1101,1.);
#1101 = DIRECTION('',(0.,0.,1.));
#1102 = ORIENTED_EDGE('',*,*,#1103,.F.);
#1103 = EDGE_CURVE('',#1080,#1096,#1104,.T.);
#1104 = LINE('',#1105,#1106);
#1105 = CARTESIAN_POINT('',(8.,5.,93.675));
#1106 = VECTOR('',#1107,1.);
#1107 = DIRECTION('',(0.,1.,0.));
#1108 = PLANE('',#1109);
#1109 = AXIS2_PLACEMENT_3D('',#1110,#1111,#1112);
#1110 = CARTESIAN_POINT('',(8.,5.,91.675));
#1111 = DIRECTION('',(1.,0.,0.));
#1112 = DIRECTION('',(0.,0.,1.));
#1113 = ADVANCED_FACE('',(#1114),#1139,.F.);
#1114 = FACE_BOUND('',#1115,.F.);
#1115 = EDGE_LOOP('',(#1116,#1124,#1125,#1133));
#1116 = ORIENTED_EDGE('',*,*,#1117,.F.);
#1117 = EDGE_CURVE('',#1078,#1118,#1120,.T.);
#1118 = VERTEX_POINT('',#1119);
#1119 = CARTESIAN_POINT('',(28.,5.,91.675));
#1120 = LINE('',#1121,#1122);
#1121 = CARTESIAN_POINT('',(8.,5.,91.675));
#1122 = VECTOR('',#1123,1.);
#1123 = DIRECTION('',(1.,0.,0.));
#1124 = ORIENTED_EDGE('',*,*,#1077,.T.);
#1125 = ORIENTED_EDGE('',*,*,#1126,.T.);
#1126 = EDGE_CURVE('',#1080,#1127,#1129,.T.);
#1127 = VERTEX_POINT('',#1128);
#1128 = CARTESIAN_POINT('',(28.,5.,93.675));
#1129 = LINE('',#1130,#1131);
#1130 = CARTESIAN_POINT('',(8.,5.,93.675));
#1131 = VECTOR('',#1132,1.);
#1132 = DIRECTION('',(1.,0.,0.));
#1133 = ORIENTED_EDGE('',*,*,#1134,.F.);
#1134 = EDGE_CURVE('',#1118,#1127,#1135,.T.);
#1135 = LINE('',#1136,#1137);
#1136 = CARTESIAN_POINT('',(28.,5.,91.675));
#1137 = VECTOR('',#1138,1.);
#1138 = DIRECTION('',(0.,0.,1.));
#1139 = PLANE('',#1140);
#1140 = AXIS2_PLACEMENT_3D('',#1141,#1142,#1143);
#1141 = CARTESIAN_POINT('',(8.,5.,91.675));
#1142 = DIRECTION('',(0.,1.,0.));
#1143 = DIRECTION('',(0.,0.,1.));
#1144 = ADVANCED_FACE('',(#1145,#1163),#1208,.T.);
#1145 = FACE_BOUND('',#1146,.T.);
#1146 = EDGE_LOOP('',(#1147,#1148,#1149,#1157));
#1147 = ORIENTED_EDGE('',*,*,#1103,.F.);
#1148 = ORIENTED_EDGE('',*,*,#1126,.T.);
#1149 = ORIENTED_EDGE('',*,*,#1150,.T.);
#1150 = EDGE_CURVE('',#1127,#1151,#1153,.T.);
#1151 = VERTEX_POINT('',#1152);
#1152 = CARTESIAN_POINT('',(28.,23.,93.675));
#1153 = LINE('',#1154,#1155);
#1154 = CARTESIAN_POINT('',(28.,5.,93.675));
#1155 = VECTOR('',#1156,1.);
#1156 = DIRECTION('',(0.,1.,0.));
#1157 = ORIENTED_EDGE('',*,*,#1158,.F.);
#1158 = EDGE_CURVE('',#1096,#1151,#1159,.T.);
#1159 = LINE('',#1160,#1161);
#1160 = CARTESIAN_POINT('',(8.,23.,93.675));
#1161 = VECTOR('',#1162,1.);
#1162 = DIRECTION('',(1.,0.,0.));
#1163 = FACE_BOUND('',#1164,.T.);
#1164 = EDGE_LOOP('',(#1165,#1175,#1184,#1193,#1201));
#1165 = ORIENTED_EDGE('',*,*,#1166,.F.);
#1166 = EDGE_CURVE('',#1167,#1169,#1171,.T.);
#1167 = VERTEX_POINT('',#1168);
#1168 = CARTESIAN_POINT('',(17.961126394649,16.5,93.675));
#1169 = VERTEX_POINT('',#1170);
#1170 = CARTESIAN_POINT('',(14.,16.5,93.675));
#1171 = LINE('',#1172,#1173);
#1172 = CARTESIAN_POINT('',(11.,16.5,93.675));
#1173 = VECTOR('',#1174,1.);
#1174 = DIRECTION('',(-1.,0.,0.));
#1175 = ORIENTED_EDGE('',*,*,#1176,.F.);
#1176 = EDGE_CURVE('',#1177,#1167,#1179,.T.);
#1177 = VERTEX_POINT('',#1178);
#1178 = CARTESIAN_POINT('',(26.75,14.,93.675));
#1179 = CIRCLE('',#1180,4.75);
#1180 = AXIS2_PLACEMENT_3D('',#1181,#1182,#1183);
#1181 = CARTESIAN_POINT('',(22.,14.,93.675));
#1182 = DIRECTION('',(0.,0.,1.));
#1183 = DIRECTION('',(1.,0.,0.));
#1184 = ORIENTED_EDGE('',*,*,#1185,.F.);
#1185 = EDGE_CURVE('',#1186,#1177,#1188,.T.);
#1186 = VERTEX_POINT('',#1187);
#1187 = CARTESIAN_POINT('',(17.961126394649,11.5,93.675));
#1188 = CIRCLE('',#1189,4.75);
#1189 = AXIS2_PLACEMENT_3D('',#1190,#1191,#1192);
#1190 = CARTESIAN_POINT('',(22.,14.,93.675));
#1191 = DIRECTION('',(0.,0.,1.));
#1192 = DIRECTION('',(1.,0.,0.));
#1193 = ORIENTED_EDGE('',*,*,#1194,.T.);
#1194 = EDGE_CURVE('',#1186,#1195,#1197,.T.);
#1195 = VERTEX_POINT('',#1196);
#1196 = CARTESIAN_POINT('',(14.,11.5,93.675));
#1197 = LINE('',#1198,#1199);
#1198 = CARTESIAN_POINT('',(11.,11.5,93.675));
#1199 = VECTOR('',#1200,1.);
#1200 = DIRECTION('',(-1.,0.,0.));
#1201 = ORIENTED_EDGE('',*,*,#1202,.F.);
#1202 = EDGE_CURVE('',#1169,#1195,#1203,.T.);
#1203 = CIRCLE('',#1204,2.5);
#1204 = AXIS2_PLACEMENT_3D('',#1205,#1206,#1207);
#1205 = CARTESIAN_POINT('',(14.,14.,93.675));
#1206 = DIRECTION('',(0.,0.,1.));
#1207 = DIRECTION('',(1.,0.,0.));
#1208 = PLANE('',#1209);
#1209 = AXIS2_PLACEMENT_3D('',#1210,#1211,#1212);
#1210 = CARTESIAN_POINT('',(8.,5.,93.675));
#1211 = DIRECTION('',(0.,0.,1.));
#1212 = DIRECTION('',(1.,0.,0.));
#1213 = ADVANCED_FACE('',(#1214),#1232,.T.);
#1214 = FACE_BOUND('',#1215,.T.);
#1215 = EDGE_LOOP('',(#1216,#1224,#1225,#1226));
#1216 = ORIENTED_EDGE('',*,*,#1217,.F.);
#1217 = EDGE_CURVE('',#1088,#1218,#1220,.T.);
#1218 = VERTEX_POINT('',#1219);
#1219 = CARTESIAN_POINT('',(28.,23.,91.675));
#1220 = LINE('',#1221,#1222);
#1221 = CARTESIAN_POINT('',(8.,23.,91.675));
#1222 = VECTOR('',#1223,1.);
#1223 = DIRECTION('',(1.,0.,0.));
#1224 = ORIENTED_EDGE('',*,*,#1095,.T.);
#1225 = ORIENTED_EDGE('',*,*,#1158,.T.);
#1226 = ORIENTED_EDGE('',*,*,#1227,.F.);
#1227 = EDGE_CURVE('',#1218,#1151,#1228,.T.);
#1228 = LINE('',#1229,#1230);
#1229 = CARTESIAN_POINT('',(28.,23.,91.675));
#1230 = VECTOR('',#1231,1.);
#1231 = DIRECTION('',(0.,0.,1.));
#1232 = PLANE('',#1233);
#1233 = AXIS2_PLACEMENT_3D('',#1234,#1235,#1236);
#1234 = CARTESIAN_POINT('',(8.,23.,91.675));
#1235 = DIRECTION('',(0.,1.,0.));
#1236 = DIRECTION('',(0.,0.,1.));
#1237 = ADVANCED_FACE('',(#1238,#1249),#1294,.F.);
#1238 = FACE_BOUND('',#1239,.F.);
#1239 = EDGE_LOOP('',(#1240,#1241,#1242,#1248));
#1240 = ORIENTED_EDGE('',*,*,#1087,.F.);
#1241 = ORIENTED_EDGE('',*,*,#1117,.T.);
#1242 = ORIENTED_EDGE('',*,*,#1243,.T.);
#1243 = EDGE_CURVE('',#1118,#1218,#1244,.T.);
#1244 = LINE('',#1245,#1246);
#1245 = CARTESIAN_POINT('',(28.,5.,91.675));
#1246 = VECTOR('',#1247,1.);
#1247 = DIRECTION('',(0.,1.,0.));
#1248 = ORIENTED_EDGE('',*,*,#1217,.F.);
#1249 = FACE_BOUND('',#1250,.F.);
#1250 = EDGE_LOOP('',(#1251,#1261,#1270,#1279,#1287));
#1251 = ORIENTED_EDGE('',*,*,#1252,.F.);
#1252 = EDGE_CURVE('',#1253,#1255,#1257,.T.);
#1253 = VERTEX_POINT('',#1254);
#1254 = CARTESIAN_POINT('',(17.961126394649,16.5,91.675));
#1255 = VERTEX_POINT('',#1256);
#1256 = CARTESIAN_POINT('',(14.,16.5,91.675));
#1257 = LINE('',#1258,#1259);
#1258 = CARTESIAN_POINT('',(11.,16.5,91.675));
#1259 = VECTOR('',#1260,1.);
#1260 = DIRECTION('',(-1.,0.,0.));
#1261 = ORIENTED_EDGE('',*,*,#1262,.F.);
#1262 = EDGE_CURVE('',#1263,#1253,#1265,.T.);
#1263 = VERTEX_POINT('',#1264);
#1264 = CARTESIAN_POINT('',(26.75,14.,91.675));
#1265 = CIRCLE('',#1266,4.75);
#1266 = AXIS2_PLACEMENT_3D('',#1267,#1268,#1269);
#1267 = CARTESIAN_POINT('',(22.,14.,91.675));
#1268 = DIRECTION('',(0.,0.,1.));
#1269 = DIRECTION('',(1.,0.,0.));
#1270 = ORIENTED_EDGE('',*,*,#1271,.F.);
#1271 = EDGE_CURVE('',#1272,#1263,#1274,.T.);
#1272 = VERTEX_POINT('',#1273);
#1273 = CARTESIAN_POINT('',(17.961126394649,11.5,91.675));
#1274 = CIRCLE('',#1275,4.75);
#1275 = AXIS2_PLACEMENT_3D('',#1276,#1277,#1278);
#1276 = CARTESIAN_POINT('',(22.,14.,91.675));
#1277 = DIRECTION('',(0.,0.,1.));
#1278 = DIRECTION('',(1.,0.,0.));
#1279 = ORIENTED_EDGE('',*,*,#1280,.T.);
#1280 = EDGE_CURVE('',#1272,#1281,#1283,.T.);
#1281 = VERTEX_POINT('',#1282);
#1282 = CARTESIAN_POINT('',(14.,11.5,91.675));
#1283 = LINE('',#1284,#1285);
#1284 = CARTESIAN_POINT('',(11.,11.5,91.675));
#1285 = VECTOR('',#1286,1.);
#1286 = DIRECTION('',(-1.,0.,0.));
#1287 = ORIENTED_EDGE('',*,*,#1288,.F.);
#1288 = EDGE_CURVE('',#1255,#1281,#1289,.T.);
#1289 = CIRCLE('',#1290,2.5);
#1290 = AXIS2_PLACEMENT_3D('',#1291,#1292,#1293);
#1291 = CARTESIAN_POINT('',(14.,14.,91.675));
#1292 = DIRECTION('',(0.,0.,1.));
#1293 = DIRECTION('',(1.,0.,0.));
#1294 = PLANE('',#1295);
#1295 = AXIS2_PLACEMENT_3D('',#1296,#1297,#1298);
#1296 = CARTESIAN_POINT('',(8.,5.,91.675));
#1297 = DIRECTION('',(0.,0.,1.));
#1298 = DIRECTION('',(1.,0.,0.));
#1299 = ADVANCED_FACE('',(#1300),#1306,.T.);
#1300 = FACE_BOUND('',#1301,.T.);
#1301 = EDGE_LOOP('',(#1302,#1303,#1304,#1305));
#1302 = ORIENTED_EDGE('',*,*,#1134,.F.);
#1303 = ORIENTED_EDGE('',*,*,#1243,.T.);
#1304 = ORIENTED_EDGE('',*,*,#1227,.T.);
#1305 = ORIENTED_EDGE('',*,*,#1150,.F.);
#1306 = PLANE('',#1307);
#1307 = AXIS2_PLACEMENT_3D('',#1308,#1309,#1310);
#1308 = CARTESIAN_POINT('',(28.,5.,91.675));
#1309 = DIRECTION('',(1.,0.,0.));
#1310 = DIRECTION('',(0.,0.,1.));
#1311 = ADVANCED_FACE('',(#1312),#1328,.F.);
#1312 = FACE_BOUND('',#1313,.F.);
#1313 = EDGE_LOOP('',(#1314,#1315,#1321,#1322));
#1314 = ORIENTED_EDGE('',*,*,#1252,.T.);
#1315 = ORIENTED_EDGE('',*,*,#1316,.T.);
#1316 = EDGE_CURVE('',#1255,#1169,#1317,.T.);
#1317 = LINE('',#1318,#1319);
#1318 = CARTESIAN_POINT('',(14.,16.5,90.675));
#1319 = VECTOR('',#1320,1.);
#1320 = DIRECTION('',(0.,0.,1.));
#1321 = ORIENTED_EDGE('',*,*,#1166,.F.);
#1322 = ORIENTED_EDGE('',*,*,#1323,.F.);
#1323 = EDGE_CURVE('',#1253,#1167,#1324,.T.);
#1324 = LINE('',#1325,#1326);
#1325 = CARTESIAN_POINT('',(17.961126394649,16.5,90.675));
#1326 = VECTOR('',#1327,1.);
#1327 = DIRECTION('',(0.,0.,1.));
#1328 = PLANE('',#1329);
#1329 = AXIS2_PLACEMENT_3D('',#1330,#1331,#1332);
#1330 = CARTESIAN_POINT('',(14.,16.5,90.675));
#1331 = DIRECTION('',(0.,1.,0.));
#1332 = DIRECTION('',(0.,0.,1.));
#1333 = ADVANCED_FACE('',(#1334),#1345,.F.);
#1334 = FACE_BOUND('',#1335,.F.);
#1335 = EDGE_LOOP('',(#1336,#1337,#1338,#1339));
#1336 = ORIENTED_EDGE('',*,*,#1202,.F.);
#1337 = ORIENTED_EDGE('',*,*,#1316,.F.);
#1338 = ORIENTED_EDGE('',*,*,#1288,.T.);
#1339 = ORIENTED_EDGE('',*,*,#1340,.T.);
#1340 = EDGE_CURVE('',#1281,#1195,#1341,.T.);
#1341 = LINE('',#1342,#1343);
#1342 = CARTESIAN_POINT('',(14.,11.5,90.675));
#1343 = VECTOR('',#1344,1.);
#1344 = DIRECTION('',(0.,0.,1.));
#1345 = CYLINDRICAL_SURFACE('',#1346,2.5);
#1346 = AXIS2_PLACEMENT_3D('',#1347,#1348,#1349);
#1347 = CARTESIAN_POINT('',(14.,14.,90.675));
#1348 = DIRECTION('',(0.,0.,1.));
#1349 = DIRECTION('',(1.,0.,0.));
#1350 = ADVANCED_FACE('',(#1351),#1362,.T.);
#1351 = FACE_BOUND('',#1352,.T.);
#1352 = EDGE_LOOP('',(#1353,#1354,#1355,#1356));
#1353 = ORIENTED_EDGE('',*,*,#1280,.T.);
#1354 = ORIENTED_EDGE('',*,*,#1340,.T.);
#1355 = ORIENTED_EDGE('',*,*,#1194,.F.);
#1356 = ORIENTED_EDGE('',*,*,#1357,.F.);
#1357 = EDGE_CURVE('',#1272,#1186,#1358,.T.);
#1358 = LINE('',#1359,#1360);
#1359 = CARTESIAN_POINT('',(17.961126394649,11.5,90.675));
#1360 = VECTOR('',#1361,1.);
#1361 = DIRECTION('',(0.,0.,1.));
#1362 = PLANE('',#1363);
#1363 = AXIS2_PLACEMENT_3D('',#1364,#1365,#1366);
#1364 = CARTESIAN_POINT('',(14.,11.5,90.675));
#1365 = DIRECTION('',(0.,1.,0.));
#1366 = DIRECTION('',(0.,0.,1.));
#1367 = ADVANCED_FACE('',(#1368),#1379,.F.);
#1368 = FACE_BOUND('',#1369,.F.);
#1369 = EDGE_LOOP('',(#1370,#1371,#1377,#1378));
#1370 = ORIENTED_EDGE('',*,*,#1271,.T.);
#1371 = ORIENTED_EDGE('',*,*,#1372,.T.);
#1372 = EDGE_CURVE('',#1263,#1177,#1373,.T.);
#1373 = LINE('',#1374,#1375);
#1374 = CARTESIAN_POINT('',(26.75,14.,90.675));
#1375 = VECTOR('',#1376,1.);
#1376 = DIRECTION('',(0.,0.,1.));
#1377 = ORIENTED_EDGE('',*,*,#1185,.F.);
#1378 = ORIENTED_EDGE('',*,*,#1357,.F.);
#1379 = CYLINDRICAL_SURFACE('',#1380,4.75);
#1380 = AXIS2_PLACEMENT_3D('',#1381,#1382,#1383);
#1381 = CARTESIAN_POINT('',(22.,14.,90.675));
#1382 = DIRECTION('',(0.,0.,1.));
#1383 = DIRECTION('',(1.,0.,0.));
#1384 = ADVANCED_FACE('',(#1385),#1391,.F.);
#1385 = FACE_BOUND('',#1386,.F.);
#1386 = EDGE_LOOP('',(#1387,#1388,#1389,#1390));
#1387 = ORIENTED_EDGE('',*,*,#1176,.F.);
#1388 = ORIENTED_EDGE('',*,*,#1372,.F.);
#1389 = ORIENTED_EDGE('',*,*,#1262,.T.);
#1390 = ORIENTED_EDGE('',*,*,#1323,.T.);
#1391 = CYLINDRICAL_SURFACE('',#1392,4.75);
#1392 = AXIS2_PLACEMENT_3D('',#1393,#1394,#1395);
#1393 = CARTESIAN_POINT('',(22.,14.,90.675));
#1394 = DIRECTION('',(0.,0.,1.));
#1395 = DIRECTION('',(1.,0.,0.));
#1396 = MANIFOLD_SOLID_BREP('',#1397);
#1397 = CLOSED_SHELL('',(#1398,#1438,#1469,#1538,#1562,#1624,#1636,#1658
    ,#1675,#1692,#1709));
#1398 = ADVANCED_FACE('',(#1399),#1433,.F.);
#1399 = FACE_BOUND('',#1400,.F.);
#1400 = EDGE_LOOP('',(#1401,#1411,#1419,#1427));
#1401 = ORIENTED_EDGE('',*,*,#1402,.F.);
#1402 = EDGE_CURVE('',#1403,#1405,#1407,.T.);
#1403 = VERTEX_POINT('',#1404);
#1404 = CARTESIAN_POINT('',(8.,5.,116.425));
#1405 = VERTEX_POINT('',#1406);
#1406 = CARTESIAN_POINT('',(8.,5.,118.425));
#1407 = LINE('',#1408,#1409);
#1408 = CARTESIAN_POINT('',(8.,5.,116.425));
#1409 = VECTOR('',#1410,1.);
#1410 = DIRECTION('',(0.,0.,1.));
#1411 = ORIENTED_EDGE('',*,*,#1412,.T.);
#1412 = EDGE_CURVE('',#1403,#1413,#1415,.T.);
#1413 = VERTEX_POINT('',#1414);
#1414 = CARTESIAN_POINT('',(8.,23.,116.425));
#1415 = LINE('',#1416,#1417);
#1416 = CARTESIAN_POINT('',(8.,5.,116.425));
#1417 = VECTOR('',#1418,1.);
#1418 = DIRECTION('',(0.,1.,0.));
#1419 = ORIENTED_EDGE('',*,*,#1420,.T.);
#1420 = EDGE_CURVE('',#1413,#1421,#1423,.T.);
#1421 = VERTEX_POINT('',#1422);
#1422 = CARTESIAN_POINT('',(8.,23.,118.425));
#1423 = LINE('',#1424,#1425);
#1424 = CARTESIAN_POINT('',(8.,23.,116.425));
#1425 = VECTOR('',#1426,1.);
#1426 = DIRECTION('',(0.,0.,1.));
#1427 = ORIENTED_EDGE('',*,*,#1428,.F.);
#1428 = EDGE_CURVE('',#1405,#1421,#1429,.T.);
#1429 = LINE('',#1430,#1431);
#1430 = CARTESIAN_POINT('',(8.,5.,118.425));
#1431 = VECTOR('',#1432,1.);
#1432 = DIRECTION('',(0.,1.,0.));
#1433 = PLANE('',#1434);
#1434 = AXIS2_PLACEMENT_3D('',#1435,#1436,#1437);
#1435 = CARTESIAN_POINT('',(8.,5.,116.425));
#1436 = DIRECTION('',(1.,0.,0.));
#1437 = DIRECTION('',(0.,0.,1.));
#1438 = ADVANCED_FACE('',(#1439),#1464,.F.);
#1439 = FACE_BOUND('',#1440,.F.);
#1440 = EDGE_LOOP('',(#1441,#1449,#1450,#1458));
#1441 = ORIENTED_EDGE('',*,*,#1442,.F.);
#1442 = EDGE_CURVE('',#1403,#1443,#1445,.T.);
#1443 = VERTEX_POINT('',#1444);
#1444 = CARTESIAN_POINT('',(28.,5.,116.425));
#1445 = LINE('',#1446,#1447);
#1446 = CARTESIAN_POINT('',(8.,5.,116.425));
#1447 = VECTOR('',#1448,1.);
#1448 = DIRECTION('',(1.,0.,0.));
#1449 = ORIENTED_EDGE('',*,*,#1402,.T.);
#1450 = ORIENTED_EDGE('',*,*,#1451,.T.);
#1451 = EDGE_CURVE('',#1405,#1452,#1454,.T.);
#1452 = VERTEX_POINT('',#1453);
#1453 = CARTESIAN_POINT('',(28.,5.,118.425));
#1454 = LINE('',#1455,#1456);
#1455 = CARTESIAN_POINT('',(8.,5.,118.425));
#1456 = VECTOR('',#1457,1.);
#1457 = DIRECTION('',(1.,0.,0.));
#1458 = ORIENTED_EDGE('',*,*,#1459,.F.);
#1459 = EDGE_CURVE('',#1443,#1452,#1460,.T.);
#1460 = LINE('',#1461,#1462);
#1461 = CARTESIAN_POINT('',(28.,5.,116.425));
#1462 = VECTOR('',#1463,1.);
#1463 = DIRECTION('',(0.,0.,1.));
#1464 = PLANE('',#1465);
#1465 = AXIS2_PLACEMENT_3D('',#1466,#1467,#1468);
#1466 = CARTESIAN_POINT('',(8.,5.,116.425));
#1467 = DIRECTION('',(0.,1.,0.));
#1468 = DIRECTION('',(0.,0.,1.));
#1469 = ADVANCED_FACE('',(#1470,#1488),#1533,.T.);
#1470 = FACE_BOUND('',#1471,.T.);
#1471 = EDGE_LOOP('',(#1472,#1473,#1474,#1482));
#1472 = ORIENTED_EDGE('',*,*,#1428,.F.);
#1473 = ORIENTED_EDGE('',*,*,#1451,.T.);
#1474 = ORIENTED_EDGE('',*,*,#1475,.T.);
#1475 = EDGE_CURVE('',#1452,#1476,#1478,.T.);
#1476 = VERTEX_POINT('',#1477);
#1477 = CARTESIAN_POINT('',(28.,23.,118.425));
#1478 = LINE('',#1479,#1480);
#1479 = CARTESIAN_POINT('',(28.,5.,118.425));
#1480 = VECTOR('',#1481,1.);
#1481 = DIRECTION('',(0.,1.,0.));
#1482 = ORIENTED_EDGE('',*,*,#1483,.F.);
#1483 = EDGE_CURVE('',#1421,#1476,#1484,.T.);
#1484 = LINE('',#1485,#1486);
#1485 = CARTESIAN_POINT('',(8.,23.,118.425));
#1486 = VECTOR('',#1487,1.);
#1487 = DIRECTION('',(1.,0.,0.));
#1488 = FACE_BOUND('',#1489,.T.);
#1489 = EDGE_LOOP('',(#1490,#1500,#1509,#1518,#1526));
#1490 = ORIENTED_EDGE('',*,*,#1491,.F.);
#1491 = EDGE_CURVE('',#1492,#1494,#1496,.T.);
#1492 = VERTEX_POINT('',#1493);
#1493 = CARTESIAN_POINT('',(17.961126394649,16.5,118.425));
#1494 = VERTEX_POINT('',#1495);
#1495 = CARTESIAN_POINT('',(14.,16.5,118.425));
#1496 = LINE('',#1497,#1498);
#1497 = CARTESIAN_POINT('',(11.,16.5,118.425));
#1498 = VECTOR('',#1499,1.);
#1499 = DIRECTION('',(-1.,0.,0.));
#1500 = ORIENTED_EDGE('',*,*,#1501,.F.);
#1501 = EDGE_CURVE('',#1502,#1492,#1504,.T.);
#1502 = VERTEX_POINT('',#1503);
#1503 = CARTESIAN_POINT('',(26.75,14.,118.425));
#1504 = CIRCLE('',#1505,4.75);
#1505 = AXIS2_PLACEMENT_3D('',#1506,#1507,#1508);
#1506 = CARTESIAN_POINT('',(22.,14.,118.425));
#1507 = DIRECTION('',(0.,0.,1.));
#1508 = DIRECTION('',(1.,0.,0.));
#1509 = ORIENTED_EDGE('',*,*,#1510,.F.);
#1510 = EDGE_CURVE('',#1511,#1502,#1513,.T.);
#1511 = VERTEX_POINT('',#1512);
#1512 = CARTESIAN_POINT('',(17.961126394649,11.5,118.425));
#1513 = CIRCLE('',#1514,4.75);
#1514 = AXIS2_PLACEMENT_3D('',#1515,#1516,#1517);
#1515 = CARTESIAN_POINT('',(22.,14.,118.425));
#1516 = DIRECTION('',(0.,0.,1.));
#1517 = DIRECTION('',(1.,0.,0.));
#1518 = ORIENTED_EDGE('',*,*,#1519,.T.);
#1519 = EDGE_CURVE('',#1511,#1520,#1522,.T.);
#1520 = VERTEX_POINT('',#1521);
#1521 = CARTESIAN_POINT('',(14.,11.5,118.425));
#1522 = LINE('',#1523,#1524);
#1523 = CARTESIAN_POINT('',(11.,11.5,118.425));
#1524 = VECTOR('',#1525,1.);
#1525 = DIRECTION('',(-1.,0.,0.));
#1526 = ORIENTED_EDGE('',*,*,#1527,.F.);
#1527 = EDGE_CURVE('',#1494,#1520,#1528,.T.);
#1528 = CIRCLE('',#1529,2.5);
#1529 = AXIS2_PLACEMENT_3D('',#1530,#1531,#1532);
#1530 = CARTESIAN_POINT('',(14.,14.,118.425));
#1531 = DIRECTION('',(0.,0.,1.));
#1532 = DIRECTION('',(1.,0.,0.));
#1533 = PLANE('',#1534);
#1534 = AXIS2_PLACEMENT_3D('',#1535,#1536,#1537);
#1535 = CARTESIAN_POINT('',(8.,5.,118.425));
#1536 = DIRECTION('',(0.,0.,1.));
#1537 = DIRECTION('',(1.,0.,0.));
#1538 = ADVANCED_FACE('',(#1539),#1557,.T.);
#1539 = FACE_BOUND('',#1540,.T.);
#1540 = EDGE_LOOP('',(#1541,#1549,#1550,#1551));
#1541 = ORIENTED_EDGE('',*,*,#1542,.F.);
#1542 = EDGE_CURVE('',#1413,#1543,#1545,.T.);
#1543 = VERTEX_POINT('',#1544);
#1544 = CARTESIAN_POINT('',(28.,23.,116.425));
#1545 = LINE('',#1546,#1547);
#1546 = CARTESIAN_POINT('',(8.,23.,116.425));
#1547 = VECTOR('',#1548,1.);
#1548 = DIRECTION('',(1.,0.,0.));
#1549 = ORIENTED_EDGE('',*,*,#1420,.T.);
#1550 = ORIENTED_EDGE('',*,*,#1483,.T.);
#1551 = ORIENTED_EDGE('',*,*,#1552,.F.);
#1552 = EDGE_CURVE('',#1543,#1476,#1553,.T.);
#1553 = LINE('',#1554,#1555);
#1554 = CARTESIAN_POINT('',(28.,23.,116.425));
#1555 = VECTOR('',#1556,1.);
#1556 = DIRECTION('',(0.,0.,1.));
#1557 = PLANE('',#1558);
#1558 = AXIS2_PLACEMENT_3D('',#1559,#1560,#1561);
#1559 = CARTESIAN_POINT('',(8.,23.,116.425));
#1560 = DIRECTION('',(0.,1.,0.));
#1561 = DIRECTION('',(0.,0.,1.));
#1562 = ADVANCED_FACE('',(#1563,#1574),#1619,.F.);
#1563 = FACE_BOUND('',#1564,.F.);
#1564 = EDGE_LOOP('',(#1565,#1566,#1567,#1573));
#1565 = ORIENTED_EDGE('',*,*,#1412,.F.);
#1566 = ORIENTED_EDGE('',*,*,#1442,.T.);
#1567 = ORIENTED_EDGE('',*,*,#1568,.T.);
#1568 = EDGE_CURVE('',#1443,#1543,#1569,.T.);
#1569 = LINE('',#1570,#1571);
#1570 = CARTESIAN_POINT('',(28.,5.,116.425));
#1571 = VECTOR('',#1572,1.);
#1572 = DIRECTION('',(0.,1.,0.));
#1573 = ORIENTED_EDGE('',*,*,#1542,.F.);
#1574 = FACE_BOUND('',#1575,.F.);
#1575 = EDGE_LOOP('',(#1576,#1586,#1595,#1604,#1612));
#1576 = ORIENTED_EDGE('',*,*,#1577,.F.);
#1577 = EDGE_CURVE('',#1578,#1580,#1582,.T.);
#1578 = VERTEX_POINT('',#1579);
#1579 = CARTESIAN_POINT('',(17.961126394649,16.5,116.425));
#1580 = VERTEX_POINT('',#1581);
#1581 = CARTESIAN_POINT('',(14.,16.5,116.425));
#1582 = LINE('',#1583,#1584);
#1583 = CARTESIAN_POINT('',(11.,16.5,116.425));
#1584 = VECTOR('',#1585,1.);
#1585 = DIRECTION('',(-1.,0.,0.));
#1586 = ORIENTED_EDGE('',*,*,#1587,.F.);
#1587 = EDGE_CURVE('',#1588,#1578,#1590,.T.);
#1588 = VERTEX_POINT('',#1589);
#1589 = CARTESIAN_POINT('',(26.75,14.,116.425));
#1590 = CIRCLE('',#1591,4.75);
#1591 = AXIS2_PLACEMENT_3D('',#1592,#1593,#1594);
#1592 = CARTESIAN_POINT('',(22.,14.,116.425));
#1593 = DIRECTION('',(0.,0.,1.));
#1594 = DIRECTION('',(1.,0.,0.));
#1595 = ORIENTED_EDGE('',*,*,#1596,.F.);
#1596 = EDGE_CURVE('',#1597,#1588,#1599,.T.);
#1597 = VERTEX_POINT('',#1598);
#1598 = CARTESIAN_POINT('',(17.961126394649,11.5,116.425));
#1599 = CIRCLE('',#1600,4.75);
#1600 = AXIS2_PLACEMENT_3D('',#1601,#1602,#1603);
#1601 = CARTESIAN_POINT('',(22.,14.,116.425));
#1602 = DIRECTION('',(0.,0.,1.));
#1603 = DIRECTION('',(1.,0.,0.));
#1604 = ORIENTED_EDGE('',*,*,#1605,.T.);
#1605 = EDGE_CURVE('',#1597,#1606,#1608,.T.);
#1606 = VERTEX_POINT('',#1607);
#1607 = CARTESIAN_POINT('',(14.,11.5,116.425));
#1608 = LINE('',#1609,#1610);
#1609 = CARTESIAN_POINT('',(11.,11.5,116.425));
#1610 = VECTOR('',#1611,1.);
#1611 = DIRECTION('',(-1.,0.,0.));
#1612 = ORIENTED_EDGE('',*,*,#1613,.F.);
#1613 = EDGE_CURVE('',#1580,#1606,#1614,.T.);
#1614 = CIRCLE('',#1615,2.5);
#1615 = AXIS2_PLACEMENT_3D('',#1616,#1617,#1618);
#1616 = CARTESIAN_POINT('',(14.,14.,116.425));
#1617 = DIRECTION('',(0.,0.,1.));
#1618 = DIRECTION('',(1.,0.,0.));
#1619 = PLANE('',#1620);
#1620 = AXIS2_PLACEMENT_3D('',#1621,#1622,#1623);
#1621 = CARTESIAN_POINT('',(8.,5.,116.425));
#1622 = DIRECTION('',(0.,0.,1.));
#1623 = DIRECTION('',(1.,0.,0.));
#1624 = ADVANCED_FACE('',(#1625),#1631,.T.);
#1625 = FACE_BOUND('',#1626,.T.);
#1626 = EDGE_LOOP('',(#1627,#1628,#1629,#1630));
#1627 = ORIENTED_EDGE('',*,*,#1459,.F.);
#1628 = ORIENTED_EDGE('',*,*,#1568,.T.);
#1629 = ORIENTED_EDGE('',*,*,#1552,.T.);
#1630 = ORIENTED_EDGE('',*,*,#1475,.F.);
#1631 = PLANE('',#1632);
#1632 = AXIS2_PLACEMENT_3D('',#1633,#1634,#1635);
#1633 = CARTESIAN_POINT('',(28.,5.,116.425));
#1634 = DIRECTION('',(1.,0.,0.));
#1635 = DIRECTION('',(0.,0.,1.));
#1636 = ADVANCED_FACE('',(#1637),#1653,.F.);
#1637 = FACE_BOUND('',#1638,.F.);
#1638 = EDGE_LOOP('',(#1639,#1640,#1646,#1647));
#1639 = ORIENTED_EDGE('',*,*,#1577,.T.);
#1640 = ORIENTED_EDGE('',*,*,#1641,.T.);
#1641 = EDGE_CURVE('',#1580,#1494,#1642,.T.);
#1642 = LINE('',#1643,#1644);
#1643 = CARTESIAN_POINT('',(14.,16.5,115.425));
#1644 = VECTOR('',#1645,1.);
#1645 = DIRECTION('',(0.,0.,1.));
#1646 = ORIENTED_EDGE('',*,*,#1491,.F.);
#1647 = ORIENTED_EDGE('',*,*,#1648,.F.);
#1648 = EDGE_CURVE('',#1578,#1492,#1649,.T.);
#1649 = LINE('',#1650,#1651);
#1650 = CARTESIAN_POINT('',(17.961126394649,16.5,115.425));
#1651 = VECTOR('',#1652,1.);
#1652 = DIRECTION('',(0.,0.,1.));
#1653 = PLANE('',#1654);
#1654 = AXIS2_PLACEMENT_3D('',#1655,#1656,#1657);
#1655 = CARTESIAN_POINT('',(14.,16.5,115.425));
#1656 = DIRECTION('',(0.,1.,0.));
#1657 = DIRECTION('',(0.,0.,1.));
#1658 = ADVANCED_FACE('',(#1659),#1670,.F.);
#1659 = FACE_BOUND('',#1660,.F.);
#1660 = EDGE_LOOP('',(#1661,#1662,#1663,#1664));
#1661 = ORIENTED_EDGE('',*,*,#1527,.F.);
#1662 = ORIENTED_EDGE('',*,*,#1641,.F.);
#1663 = ORIENTED_EDGE('',*,*,#1613,.T.);
#1664 = ORIENTED_EDGE('',*,*,#1665,.T.);
#1665 = EDGE_CURVE('',#1606,#1520,#1666,.T.);
#1666 = LINE('',#1667,#1668);
#1667 = CARTESIAN_POINT('',(14.,11.5,115.425));
#1668 = VECTOR('',#1669,1.);
#1669 = DIRECTION('',(0.,0.,1.));
#1670 = CYLINDRICAL_SURFACE('',#1671,2.5);
#1671 = AXIS2_PLACEMENT_3D('',#1672,#1673,#1674);
#1672 = CARTESIAN_POINT('',(14.,14.,115.425));
#1673 = DIRECTION('',(0.,0.,1.));
#1674 = DIRECTION('',(1.,0.,0.));
#1675 = ADVANCED_FACE('',(#1676),#1687,.T.);
#1676 = FACE_BOUND('',#1677,.T.);
#1677 = EDGE_LOOP('',(#1678,#1679,#1680,#1681));
#1678 = ORIENTED_EDGE('',*,*,#1605,.T.);
#1679 = ORIENTED_EDGE('',*,*,#1665,.T.);
#1680 = ORIENTED_EDGE('',*,*,#1519,.F.);
#1681 = ORIENTED_EDGE('',*,*,#1682,.F.);
#1682 = EDGE_CURVE('',#1597,#1511,#1683,.T.);
#1683 = LINE('',#1684,#1685);
#1684 = CARTESIAN_POINT('',(17.961126394649,11.5,115.425));
#1685 = VECTOR('',#1686,1.);
#1686 = DIRECTION('',(0.,0.,1.));
#1687 = PLANE('',#1688);
#1688 = AXIS2_PLACEMENT_3D('',#1689,#1690,#1691);
#1689 = CARTESIAN_POINT('',(14.,11.5,115.425));
#1690 = DIRECTION('',(0.,1.,0.));
#1691 = DIRECTION('',(0.,0.,1.));
#1692 = ADVANCED_FACE('',(#1693),#1704,.F.);
#1693 = FACE_BOUND('',#1694,.F.);
#1694 = EDGE_LOOP('',(#1695,#1696,#1702,#1703));
#1695 = ORIENTED_EDGE('',*,*,#1596,.T.);
#1696 = ORIENTED_EDGE('',*,*,#1697,.T.);
#1697 = EDGE_CURVE('',#1588,#1502,#1698,.T.);
#1698 = LINE('',#1699,#1700);
#1699 = CARTESIAN_POINT('',(26.75,14.,115.425));
#1700 = VECTOR('',#1701,1.);
#1701 = DIRECTION('',(0.,0.,1.));
#1702 = ORIENTED_EDGE('',*,*,#1510,.F.);
#1703 = ORIENTED_EDGE('',*,*,#1682,.F.);
#1704 = CYLINDRICAL_SURFACE('',#1705,4.75);
#1705 = AXIS2_PLACEMENT_3D('',#1706,#1707,#1708);
#1706 = CARTESIAN_POINT('',(22.,14.,115.425));
#1707 = DIRECTION('',(0.,0.,1.));
#1708 = DIRECTION('',(1.,0.,0.));
#1709 = ADVANCED_FACE('',(#1710),#1716,.F.);
#1710 = FACE_BOUND('',#1711,.F.);
#1711 = EDGE_LOOP('',(#1712,#1713,#1714,#1715));
#1712 = ORIENTED_EDGE('',*,*,#1501,.F.);
#1713 = ORIENTED_EDGE('',*,*,#1697,.F.);
#1714 = ORIENTED_EDGE('',*,*,#1587,.T.);
#1715 = ORIENTED_EDGE('',*,*,#1648,.T.);
#1716 = CYLINDRICAL_SURFACE('',#1717,4.75);
#1717 = AXIS2_PLACEMENT_3D('',#1718,#1719,#1720);
#1718 = CARTESIAN_POINT('',(22.,14.,115.425));
#1719 = DIRECTION('',(0.,0.,1.));
#1720 = DIRECTION('',(1.,0.,0.));
#1721 = MANIFOLD_SOLID_BREP('',#1722);
#1722 = CLOSED_SHELL('',(#1723,#1763,#1794,#1829,#1853,#1881,#1893));
#1723 = ADVANCED_FACE('',(#1724),#1758,.F.);
#1724 = FACE_BOUND('',#1725,.F.);
#1725 = EDGE_LOOP('',(#1726,#1736,#1744,#1752));
#1726 = ORIENTED_EDGE('',*,*,#1727,.F.);
#1727 = EDGE_CURVE('',#1728,#1730,#1732,.T.);
#1728 = VERTEX_POINT('',#1729);
#1729 = CARTESIAN_POINT('',(252.,1.3,86.));
#1730 = VERTEX_POINT('',#1731);
#1731 = CARTESIAN_POINT('',(252.,1.3,89.175));
#1732 = LINE('',#1733,#1734);
#1733 = CARTESIAN_POINT('',(252.,1.3,86.));
#1734 = VECTOR('',#1735,1.);
#1735 = DIRECTION('',(0.,0.,1.));
#1736 = ORIENTED_EDGE('',*,*,#1737,.T.);
#1737 = EDGE_CURVE('',#1728,#1738,#1740,.T.);
#1738 = VERTEX_POINT('',#1739);
#1739 = CARTESIAN_POINT('',(252.,26.7,86.));
#1740 = LINE('',#1741,#1742);
#1741 = CARTESIAN_POINT('',(252.,1.3,86.));
#1742 = VECTOR('',#1743,1.);
#1743 = DIRECTION('',(0.,1.,0.));
#1744 = ORIENTED_EDGE('',*,*,#1745,.T.);
#1745 = EDGE_CURVE('',#1738,#1746,#1748,.T.);
#1746 = VERTEX_POINT('',#1747);
#1747 = CARTESIAN_POINT('',(252.,26.7,89.175));
#1748 = LINE('',#1749,#1750);
#1749 = CARTESIAN_POINT('',(252.,26.7,86.));
#1750 = VECTOR('',#1751,1.);
#1751 = DIRECTION('',(0.,0.,1.));
#1752 = ORIENTED_EDGE('',*,*,#1753,.F.);
#1753 = EDGE_CURVE('',#1730,#1746,#1754,.T.);
#1754 = LINE('',#1755,#1756);
#1755 = CARTESIAN_POINT('',(252.,1.3,89.175));
#1756 = VECTOR('',#1757,1.);
#1757 = DIRECTION('',(0.,1.,0.));
#1758 = PLANE('',#1759);
#1759 = AXIS2_PLACEMENT_3D('',#1760,#1761,#1762);
#1760 = CARTESIAN_POINT('',(252.,1.3,86.));
#1761 = DIRECTION('',(1.,0.,0.));
#1762 = DIRECTION('',(0.,0.,1.));
#1763 = ADVANCED_FACE('',(#1764),#1789,.F.);
#1764 = FACE_BOUND('',#1765,.F.);
#1765 = EDGE_LOOP('',(#1766,#1774,#1775,#1783));
#1766 = ORIENTED_EDGE('',*,*,#1767,.F.);
#1767 = EDGE_CURVE('',#1728,#1768,#1770,.T.);
#1768 = VERTEX_POINT('',#1769);
#1769 = CARTESIAN_POINT('',(270.,1.3,86.));
#1770 = LINE('',#1771,#1772);
#1771 = CARTESIAN_POINT('',(252.,1.3,86.));
#1772 = VECTOR('',#1773,1.);
#1773 = DIRECTION('',(1.,0.,0.));
#1774 = ORIENTED_EDGE('',*,*,#1727,.T.);
#1775 = ORIENTED_EDGE('',*,*,#1776,.T.);
#1776 = EDGE_CURVE('',#1730,#1777,#1779,.T.);
#1777 = VERTEX_POINT('',#1778);
#1778 = CARTESIAN_POINT('',(270.,1.3,89.175));
#1779 = LINE('',#1780,#1781);
#1780 = CARTESIAN_POINT('',(252.,1.3,89.175));
#1781 = VECTOR('',#1782,1.);
#1782 = DIRECTION('',(1.,0.,0.));
#1783 = ORIENTED_EDGE('',*,*,#1784,.F.);
#1784 = EDGE_CURVE('',#1768,#1777,#1785,.T.);
#1785 = LINE('',#1786,#1787);
#1786 = CARTESIAN_POINT('',(270.,1.3,86.));
#1787 = VECTOR('',#1788,1.);
#1788 = DIRECTION('',(0.,0.,1.));
#1789 = PLANE('',#1790);
#1790 = AXIS2_PLACEMENT_3D('',#1791,#1792,#1793);
#1791 = CARTESIAN_POINT('',(252.,1.3,86.));
#1792 = DIRECTION('',(0.,1.,0.));
#1793 = DIRECTION('',(0.,0.,1.));
#1794 = ADVANCED_FACE('',(#1795,#1813),#1824,.T.);
#1795 = FACE_BOUND('',#1796,.T.);
#1796 = EDGE_LOOP('',(#1797,#1798,#1799,#1807));
#1797 = ORIENTED_EDGE('',*,*,#1753,.F.);
#1798 = ORIENTED_EDGE('',*,*,#1776,.T.);
#1799 = ORIENTED_EDGE('',*,*,#1800,.T.);
#1800 = EDGE_CURVE('',#1777,#1801,#1803,.T.);
#1801 = VERTEX_POINT('',#1802);
#1802 = CARTESIAN_POINT('',(270.,26.7,89.175));
#1803 = LINE('',#1804,#1805);
#1804 = CARTESIAN_POINT('',(270.,1.3,89.175));
#1805 = VECTOR('',#1806,1.);
#1806 = DIRECTION('',(0.,1.,0.));
#1807 = ORIENTED_EDGE('',*,*,#1808,.F.);
#1808 = EDGE_CURVE('',#1746,#1801,#1809,.T.);
#1809 = LINE('',#1810,#1811);
#1810 = CARTESIAN_POINT('',(252.,26.7,89.175));
#1811 = VECTOR('',#1812,1.);
#1812 = DIRECTION('',(1.,0.,0.));
#1813 = FACE_BOUND('',#1814,.T.);
#1814 = EDGE_LOOP('',(#1815));
#1815 = ORIENTED_EDGE('',*,*,#1816,.F.);
#1816 = EDGE_CURVE('',#1817,#1817,#1819,.T.);
#1817 = VERTEX_POINT('',#1818);
#1818 = CARTESIAN_POINT('',(265.75,14.,89.175));
#1819 = CIRCLE('',#1820,4.75);
#1820 = AXIS2_PLACEMENT_3D('',#1821,#1822,#1823);
#1821 = CARTESIAN_POINT('',(261.,14.,89.175));
#1822 = DIRECTION('',(0.,0.,1.));
#1823 = DIRECTION('',(1.,0.,0.));
#1824 = PLANE('',#1825);
#1825 = AXIS2_PLACEMENT_3D('',#1826,#1827,#1828);
#1826 = CARTESIAN_POINT('',(252.,1.3,89.175));
#1827 = DIRECTION('',(0.,0.,1.));
#1828 = DIRECTION('',(1.,0.,0.));
#1829 = ADVANCED_FACE('',(#1830),#1848,.T.);
#1830 = FACE_BOUND('',#1831,.T.);
#1831 = EDGE_LOOP('',(#1832,#1840,#1841,#1842));
#1832 = ORIENTED_EDGE('',*,*,#1833,.F.);
#1833 = EDGE_CURVE('',#1738,#1834,#1836,.T.);
#1834 = VERTEX_POINT('',#1835);
#1835 = CARTESIAN_POINT('',(270.,26.7,86.));
#1836 = LINE('',#1837,#1838);
#1837 = CARTESIAN_POINT('',(252.,26.7,86.));
#1838 = VECTOR('',#1839,1.);
#1839 = DIRECTION('',(1.,0.,0.));
#1840 = ORIENTED_EDGE('',*,*,#1745,.T.);
#1841 = ORIENTED_EDGE('',*,*,#1808,.T.);
#1842 = ORIENTED_EDGE('',*,*,#1843,.F.);
#1843 = EDGE_CURVE('',#1834,#1801,#1844,.T.);
#1844 = LINE('',#1845,#1846);
#1845 = CARTESIAN_POINT('',(270.,26.7,86.));
#1846 = VECTOR('',#1847,1.);
#1847 = DIRECTION('',(0.,0.,1.));
#1848 = PLANE('',#1849);
#1849 = AXIS2_PLACEMENT_3D('',#1850,#1851,#1852);
#1850 = CARTESIAN_POINT('',(252.,26.7,86.));
#1851 = DIRECTION('',(0.,1.,0.));
#1852 = DIRECTION('',(0.,0.,1.));
#1853 = ADVANCED_FACE('',(#1854,#1865),#1876,.F.);
#1854 = FACE_BOUND('',#1855,.F.);
#1855 = EDGE_LOOP('',(#1856,#1857,#1858,#1864));
#1856 = ORIENTED_EDGE('',*,*,#1737,.F.);
#1857 = ORIENTED_EDGE('',*,*,#1767,.T.);
#1858 = ORIENTED_EDGE('',*,*,#1859,.T.);
#1859 = EDGE_CURVE('',#1768,#1834,#1860,.T.);
#1860 = LINE('',#1861,#1862);
#1861 = CARTESIAN_POINT('',(270.,1.3,86.));
#1862 = VECTOR('',#1863,1.);
#1863 = DIRECTION('',(0.,1.,0.));
#1864 = ORIENTED_EDGE('',*,*,#1833,.F.);
#1865 = FACE_BOUND('',#1866,.F.);
#1866 = EDGE_LOOP('',(#1867));
#1867 = ORIENTED_EDGE('',*,*,#1868,.F.);
#1868 = EDGE_CURVE('',#1869,#1869,#1871,.T.);
#1869 = VERTEX_POINT('',#1870);
#1870 = CARTESIAN_POINT('',(265.75,14.,86.));
#1871 = CIRCLE('',#1872,4.75);
#1872 = AXIS2_PLACEMENT_3D('',#1873,#1874,#1875);
#1873 = CARTESIAN_POINT('',(261.,14.,86.));
#1874 = DIRECTION('',(0.,0.,1.));
#1875 = DIRECTION('',(1.,0.,0.));
#1876 = PLANE('',#1877);
#1877 = AXIS2_PLACEMENT_3D('',#1878,#1879,#1880);
#1878 = CARTESIAN_POINT('',(252.,1.3,86.));
#1879 = DIRECTION('',(0.,0.,1.));
#1880 = DIRECTION('',(1.,0.,0.));
#1881 = ADVANCED_FACE('',(#1882),#1888,.T.);
#1882 = FACE_BOUND('',#1883,.T.);
#1883 = EDGE_LOOP('',(#1884,#1885,#1886,#1887));
#1884 = ORIENTED_EDGE('',*,*,#1784,.F.);
#1885 = ORIENTED_EDGE('',*,*,#1859,.T.);
#1886 = ORIENTED_EDGE('',*,*,#1843,.T.);
#1887 = ORIENTED_EDGE('',*,*,#1800,.F.);
#1888 = PLANE('',#1889);
#1889 = AXIS2_PLACEMENT_3D('',#1890,#1891,#1892);
#1890 = CARTESIAN_POINT('',(270.,1.3,86.));
#1891 = DIRECTION('',(1.,0.,0.));
#1892 = DIRECTION('',(0.,0.,1.));
#1893 = ADVANCED_FACE('',(#1894),#1905,.F.);
#1894 = FACE_BOUND('',#1895,.F.);
#1895 = EDGE_LOOP('',(#1896,#1897,#1903,#1904));
#1896 = ORIENTED_EDGE('',*,*,#1816,.F.);
#1897 = ORIENTED_EDGE('',*,*,#1898,.F.);
#1898 = EDGE_CURVE('',#1869,#1817,#1899,.T.);
#1899 = LINE('',#1900,#1901);
#1900 = CARTESIAN_POINT('',(265.75,14.,85.));
#1901 = VECTOR('',#1902,1.);
#1902 = DIRECTION('',(0.,0.,1.));
#1903 = ORIENTED_EDGE('',*,*,#1868,.T.);
#1904 = ORIENTED_EDGE('',*,*,#1898,.T.);
#1905 = CYLINDRICAL_SURFACE('',#1906,4.75);
#1906 = AXIS2_PLACEMENT_3D('',#1907,#1908,#1909);
#1907 = CARTESIAN_POINT('',(261.,14.,85.));
#1908 = DIRECTION('',(0.,0.,1.));
#1909 = DIRECTION('',(1.,0.,0.));
#1910 = MANIFOLD_SOLID_BREP('',#1911);
#1911 = CLOSED_SHELL('',(#1912,#1952,#1983,#2018,#2042,#2070,#2082));
#1912 = ADVANCED_FACE('',(#1913),#1947,.F.);
#1913 = FACE_BOUND('',#1914,.F.);
#1914 = EDGE_LOOP('',(#1915,#1925,#1933,#1941));
#1915 = ORIENTED_EDGE('',*,*,#1916,.F.);
#1916 = EDGE_CURVE('',#1917,#1919,#1921,.T.);
#1917 = VERTEX_POINT('',#1918);
#1918 = CARTESIAN_POINT('',(252.,1.3,120.925));
#1919 = VERTEX_POINT('',#1920);
#1920 = CARTESIAN_POINT('',(252.,1.3,124.1));
#1921 = LINE('',#1922,#1923);
#1922 = CARTESIAN_POINT('',(252.,1.3,120.925));
#1923 = VECTOR('',#1924,1.);
#1924 = DIRECTION('',(0.,0.,1.));
#1925 = ORIENTED_EDGE('',*,*,#1926,.T.);
#1926 = EDGE_CURVE('',#1917,#1927,#1929,.T.);
#1927 = VERTEX_POINT('',#1928);
#1928 = CARTESIAN_POINT('',(252.,26.7,120.925));
#1929 = LINE('',#1930,#1931);
#1930 = CARTESIAN_POINT('',(252.,1.3,120.925));
#1931 = VECTOR('',#1932,1.);
#1932 = DIRECTION('',(0.,1.,0.));
#1933 = ORIENTED_EDGE('',*,*,#1934,.T.);
#1934 = EDGE_CURVE('',#1927,#1935,#1937,.T.);
#1935 = VERTEX_POINT('',#1936);
#1936 = CARTESIAN_POINT('',(252.,26.7,124.1));
#1937 = LINE('',#1938,#1939);
#1938 = CARTESIAN_POINT('',(252.,26.7,120.925));
#1939 = VECTOR('',#1940,1.);
#1940 = DIRECTION('',(0.,0.,1.));
#1941 = ORIENTED_EDGE('',*,*,#1942,.F.);
#1942 = EDGE_CURVE('',#1919,#1935,#1943,.T.);
#1943 = LINE('',#1944,#1945);
#1944 = CARTESIAN_POINT('',(252.,1.3,124.1));
#1945 = VECTOR('',#1946,1.);
#1946 = DIRECTION('',(0.,1.,0.));
#1947 = PLANE('',#1948);
#1948 = AXIS2_PLACEMENT_3D('',#1949,#1950,#1951);
#1949 = CARTESIAN_POINT('',(252.,1.3,120.925));
#1950 = DIRECTION('',(1.,0.,0.));
#1951 = DIRECTION('',(0.,0.,1.));
#1952 = ADVANCED_FACE('',(#1953),#1978,.F.);
#1953 = FACE_BOUND('',#1954,.F.);
#1954 = EDGE_LOOP('',(#1955,#1963,#1964,#1972));
#1955 = ORIENTED_EDGE('',*,*,#1956,.F.);
#1956 = EDGE_CURVE('',#1917,#1957,#1959,.T.);
#1957 = VERTEX_POINT('',#1958);
#1958 = CARTESIAN_POINT('',(270.,1.3,120.925));
#1959 = LINE('',#1960,#1961);
#1960 = CARTESIAN_POINT('',(252.,1.3,120.925));
#1961 = VECTOR('',#1962,1.);
#1962 = DIRECTION('',(1.,0.,0.));
#1963 = ORIENTED_EDGE('',*,*,#1916,.T.);
#1964 = ORIENTED_EDGE('',*,*,#1965,.T.);
#1965 = EDGE_CURVE('',#1919,#1966,#1968,.T.);
#1966 = VERTEX_POINT('',#1967);
#1967 = CARTESIAN_POINT('',(270.,1.3,124.1));
#1968 = LINE('',#1969,#1970);
#1969 = CARTESIAN_POINT('',(252.,1.3,124.1));
#1970 = VECTOR('',#1971,1.);
#1971 = DIRECTION('',(1.,0.,0.));
#1972 = ORIENTED_EDGE('',*,*,#1973,.F.);
#1973 = EDGE_CURVE('',#1957,#1966,#1974,.T.);
#1974 = LINE('',#1975,#1976);
#1975 = CARTESIAN_POINT('',(270.,1.3,120.925));
#1976 = VECTOR('',#1977,1.);
#1977 = DIRECTION('',(0.,0.,1.));
#1978 = PLANE('',#1979);
#1979 = AXIS2_PLACEMENT_3D('',#1980,#1981,#1982);
#1980 = CARTESIAN_POINT('',(252.,1.3,120.925));
#1981 = DIRECTION('',(0.,1.,0.));
#1982 = DIRECTION('',(0.,0.,1.));
#1983 = ADVANCED_FACE('',(#1984,#2002),#2013,.T.);
#1984 = FACE_BOUND('',#1985,.T.);
#1985 = EDGE_LOOP('',(#1986,#1987,#1988,#1996));
#1986 = ORIENTED_EDGE('',*,*,#1942,.F.);
#1987 = ORIENTED_EDGE('',*,*,#1965,.T.);
#1988 = ORIENTED_EDGE('',*,*,#1989,.T.);
#1989 = EDGE_CURVE('',#1966,#1990,#1992,.T.);
#1990 = VERTEX_POINT('',#1991);
#1991 = CARTESIAN_POINT('',(270.,26.7,124.1));
#1992 = LINE('',#1993,#1994);
#1993 = CARTESIAN_POINT('',(270.,1.3,124.1));
#1994 = VECTOR('',#1995,1.);
#1995 = DIRECTION('',(0.,1.,0.));
#1996 = ORIENTED_EDGE('',*,*,#1997,.F.);
#1997 = EDGE_CURVE('',#1935,#1990,#1998,.T.);
#1998 = LINE('',#1999,#2000);
#1999 = CARTESIAN_POINT('',(252.,26.7,124.1));
#2000 = VECTOR('',#2001,1.);
#2001 = DIRECTION('',(1.,0.,0.));
#2002 = FACE_BOUND('',#2003,.T.);
#2003 = EDGE_LOOP('',(#2004));
#2004 = ORIENTED_EDGE('',*,*,#2005,.F.);
#2005 = EDGE_CURVE('',#2006,#2006,#2008,.T.);
#2006 = VERTEX_POINT('',#2007);
#2007 = CARTESIAN_POINT('',(265.75,14.,124.1));
#2008 = CIRCLE('',#2009,4.75);
#2009 = AXIS2_PLACEMENT_3D('',#2010,#2011,#2012);
#2010 = CARTESIAN_POINT('',(261.,14.,124.1));
#2011 = DIRECTION('',(0.,0.,1.));
#2012 = DIRECTION('',(1.,0.,0.));
#2013 = PLANE('',#2014);
#2014 = AXIS2_PLACEMENT_3D('',#2015,#2016,#2017);
#2015 = CARTESIAN_POINT('',(252.,1.3,124.1));
#2016 = DIRECTION('',(0.,0.,1.));
#2017 = DIRECTION('',(1.,0.,0.));
#2018 = ADVANCED_FACE('',(#2019),#2037,.T.);
#2019 = FACE_BOUND('',#2020,.T.);
#2020 = EDGE_LOOP('',(#2021,#2029,#2030,#2031));
#2021 = ORIENTED_EDGE('',*,*,#2022,.F.);
#2022 = EDGE_CURVE('',#1927,#2023,#2025,.T.);
#2023 = VERTEX_POINT('',#2024);
#2024 = CARTESIAN_POINT('',(270.,26.7,120.925));
#2025 = LINE('',#2026,#2027);
#2026 = CARTESIAN_POINT('',(252.,26.7,120.925));
#2027 = VECTOR('',#2028,1.);
#2028 = DIRECTION('',(1.,0.,0.));
#2029 = ORIENTED_EDGE('',*,*,#1934,.T.);
#2030 = ORIENTED_EDGE('',*,*,#1997,.T.);
#2031 = ORIENTED_EDGE('',*,*,#2032,.F.);
#2032 = EDGE_CURVE('',#2023,#1990,#2033,.T.);
#2033 = LINE('',#2034,#2035);
#2034 = CARTESIAN_POINT('',(270.,26.7,120.925));
#2035 = VECTOR('',#2036,1.);
#2036 = DIRECTION('',(0.,0.,1.));
#2037 = PLANE('',#2038);
#2038 = AXIS2_PLACEMENT_3D('',#2039,#2040,#2041);
#2039 = CARTESIAN_POINT('',(252.,26.7,120.925));
#2040 = DIRECTION('',(0.,1.,0.));
#2041 = DIRECTION('',(0.,0.,1.));
#2042 = ADVANCED_FACE('',(#2043,#2054),#2065,.F.);
#2043 = FACE_BOUND('',#2044,.F.);
#2044 = EDGE_LOOP('',(#2045,#2046,#2047,#2053));
#2045 = ORIENTED_EDGE('',*,*,#1926,.F.);
#2046 = ORIENTED_EDGE('',*,*,#1956,.T.);
#2047 = ORIENTED_EDGE('',*,*,#2048,.T.);
#2048 = EDGE_CURVE('',#1957,#2023,#2049,.T.);
#2049 = LINE('',#2050,#2051);
#2050 = CARTESIAN_POINT('',(270.,1.3,120.925));
#2051 = VECTOR('',#2052,1.);
#2052 = DIRECTION('',(0.,1.,0.));
#2053 = ORIENTED_EDGE('',*,*,#2022,.F.);
#2054 = FACE_BOUND('',#2055,.F.);
#2055 = EDGE_LOOP('',(#2056));
#2056 = ORIENTED_EDGE('',*,*,#2057,.F.);
#2057 = EDGE_CURVE('',#2058,#2058,#2060,.T.);
#2058 = VERTEX_POINT('',#2059);
#2059 = CARTESIAN_POINT('',(265.75,14.,120.925));
#2060 = CIRCLE('',#2061,4.75);
#2061 = AXIS2_PLACEMENT_3D('',#2062,#2063,#2064);
#2062 = CARTESIAN_POINT('',(261.,14.,120.925));
#2063 = DIRECTION('',(0.,0.,1.));
#2064 = DIRECTION('',(1.,0.,0.));
#2065 = PLANE('',#2066);
#2066 = AXIS2_PLACEMENT_3D('',#2067,#2068,#2069);
#2067 = CARTESIAN_POINT('',(252.,1.3,120.925));
#2068 = DIRECTION('',(0.,0.,1.));
#2069 = DIRECTION('',(1.,0.,0.));
#2070 = ADVANCED_FACE('',(#2071),#2077,.T.);
#2071 = FACE_BOUND('',#2072,.T.);
#2072 = EDGE_LOOP('',(#2073,#2074,#2075,#2076));
#2073 = ORIENTED_EDGE('',*,*,#1973,.F.);
#2074 = ORIENTED_EDGE('',*,*,#2048,.T.);
#2075 = ORIENTED_EDGE('',*,*,#2032,.T.);
#2076 = ORIENTED_EDGE('',*,*,#1989,.F.);
#2077 = PLANE('',#2078);
#2078 = AXIS2_PLACEMENT_3D('',#2079,#2080,#2081);
#2079 = CARTESIAN_POINT('',(270.,1.3,120.925));
#2080 = DIRECTION('',(1.,0.,0.));
#2081 = DIRECTION('',(0.,0.,1.));
#2082 = ADVANCED_FACE('',(#2083),#2094,.F.);
#2083 = FACE_BOUND('',#2084,.F.);
#2084 = EDGE_LOOP('',(#2085,#2086,#2092,#2093));
#2085 = ORIENTED_EDGE('',*,*,#2005,.F.);
#2086 = ORIENTED_EDGE('',*,*,#2087,.F.);
#2087 = EDGE_CURVE('',#2058,#2006,#2088,.T.);
#2088 = LINE('',#2089,#2090);
#2089 = CARTESIAN_POINT('',(265.75,14.,119.925));
#2090 = VECTOR('',#2091,1.);
#2091 = DIRECTION('',(0.,0.,1.));
#2092 = ORIENTED_EDGE('',*,*,#2057,.T.);
#2093 = ORIENTED_EDGE('',*,*,#2087,.T.);
#2094 = CYLINDRICAL_SURFACE('',#2095,4.75);
#2095 = AXIS2_PLACEMENT_3D('',#2096,#2097,#2098);
#2096 = CARTESIAN_POINT('',(261.,14.,119.925));
#2097 = DIRECTION('',(0.,0.,1.));
#2098 = DIRECTION('',(1.,0.,0.));
#2099 = MANIFOLD_SOLID_BREP('',#2100);
#2100 = CLOSED_SHELL('',(#2101,#2141,#2181,#2203,#2225,#2237));
#2101 = ADVANCED_FACE('',(#2102),#2136,.F.);
#2102 = FACE_BOUND('',#2103,.F.);
#2103 = EDGE_LOOP('',(#2104,#2114,#2122,#2130));
#2104 = ORIENTED_EDGE('',*,*,#2105,.F.);
#2105 = EDGE_CURVE('',#2106,#2108,#2110,.T.);
#2106 = VERTEX_POINT('',#2107);
#2107 = CARTESIAN_POINT('',(252.,1.3,89.175));
#2108 = VERTEX_POINT('',#2109);
#2109 = CARTESIAN_POINT('',(252.,1.3,120.925));
#2110 = LINE('',#2111,#2112);
#2111 = CARTESIAN_POINT('',(252.,1.3,89.175));
#2112 = VECTOR('',#2113,1.);
#2113 = DIRECTION('',(0.,0.,1.));
#2114 = ORIENTED_EDGE('',*,*,#2115,.T.);
#2115 = EDGE_CURVE('',#2106,#2116,#2118,.T.);
#2116 = VERTEX_POINT('',#2117);
#2117 = CARTESIAN_POINT('',(252.,4.475,89.175));
#2118 = LINE('',#2119,#2120);
#2119 = CARTESIAN_POINT('',(252.,1.3,89.175));
#2120 = VECTOR('',#2121,1.);
#2121 = DIRECTION('',(0.,1.,0.));
#2122 = ORIENTED_EDGE('',*,*,#2123,.T.);
#2123 = EDGE_CURVE('',#2116,#2124,#2126,.T.);
#2124 = VERTEX_POINT('',#2125);
#2125 = CARTESIAN_POINT('',(252.,4.475,120.925));
#2126 = LINE('',#2127,#2128);
#2127 = CARTESIAN_POINT('',(252.,4.475,89.175));
#2128 = VECTOR('',#2129,1.);
#2129 = DIRECTION('',(0.,0.,1.));
#2130 = ORIENTED_EDGE('',*,*,#2131,.F.);
#2131 = EDGE_CURVE('',#2108,#2124,#2132,.T.);
#2132 = LINE('',#2133,#2134);
#2133 = CARTESIAN_POINT('',(252.,1.3,120.925));
#2134 = VECTOR('',#2135,1.);
#2135 = DIRECTION('',(0.,1.,0.));
#2136 = PLANE('',#2137);
#2137 = AXIS2_PLACEMENT_3D('',#2138,#2139,#2140);
#2138 = CARTESIAN_POINT('',(252.,1.3,89.175));
#2139 = DIRECTION('',(1.,0.,0.));
#2140 = DIRECTION('',(0.,0.,1.));
#2141 = ADVANCED_FACE('',(#2142),#2176,.T.);
#2142 = FACE_BOUND('',#2143,.T.);
#2143 = EDGE_LOOP('',(#2144,#2154,#2162,#2170));
#2144 = ORIENTED_EDGE('',*,*,#2145,.F.);
#2145 = EDGE_CURVE('',#2146,#2148,#2150,.T.);
#2146 = VERTEX_POINT('',#2147);
#2147 = CARTESIAN_POINT('',(270.,1.3,89.175));
#2148 = VERTEX_POINT('',#2149);
#2149 = CARTESIAN_POINT('',(270.,1.3,120.925));
#2150 = LINE('',#2151,#2152);
#2151 = CARTESIAN_POINT('',(270.,1.3,89.175));
#2152 = VECTOR('',#2153,1.);
#2153 = DIRECTION('',(0.,0.,1.));
#2154 = ORIENTED_EDGE('',*,*,#2155,.T.);
#2155 = EDGE_CURVE('',#2146,#2156,#2158,.T.);
#2156 = VERTEX_POINT('',#2157);
#2157 = CARTESIAN_POINT('',(270.,4.475,89.175));
#2158 = LINE('',#2159,#2160);
#2159 = CARTESIAN_POINT('',(270.,1.3,89.175));
#2160 = VECTOR('',#2161,1.);
#2161 = DIRECTION('',(0.,1.,0.));
#2162 = ORIENTED_EDGE('',*,*,#2163,.T.);
#2163 = EDGE_CURVE('',#2156,#2164,#2166,.T.);
#2164 = VERTEX_POINT('',#2165);
#2165 = CARTESIAN_POINT('',(270.,4.475,120.925));
#2166 = LINE('',#2167,#2168);
#2167 = CARTESIAN_POINT('',(270.,4.475,89.175));
#2168 = VECTOR('',#2169,1.);
#2169 = DIRECTION('',(0.,0.,1.));
#2170 = ORIENTED_EDGE('',*,*,#2171,.F.);
#2171 = EDGE_CURVE('',#2148,#2164,#2172,.T.);
#2172 = LINE('',#2173,#2174);
#2173 = CARTESIAN_POINT('',(270.,1.3,120.925));
#2174 = VECTOR('',#2175,1.);
#2175 = DIRECTION('',(0.,1.,0.));
#2176 = PLANE('',#2177);
#2177 = AXIS2_PLACEMENT_3D('',#2178,#2179,#2180);
#2178 = CARTESIAN_POINT('',(270.,1.3,89.175));
#2179 = DIRECTION('',(1.,0.,0.));
#2180 = DIRECTION('',(0.,0.,1.));
#2181 = ADVANCED_FACE('',(#2182),#2198,.F.);
#2182 = FACE_BOUND('',#2183,.F.);
#2183 = EDGE_LOOP('',(#2184,#2190,#2191,#2197));
#2184 = ORIENTED_EDGE('',*,*,#2185,.F.);
#2185 = EDGE_CURVE('',#2106,#2146,#2186,.T.);
#2186 = LINE('',#2187,#2188);
#2187 = CARTESIAN_POINT('',(252.,1.3,89.175));
#2188 = VECTOR('',#2189,1.);
#2189 = DIRECTION('',(1.,0.,0.));
#2190 = ORIENTED_EDGE('',*,*,#2105,.T.);
#2191 = ORIENTED_EDGE('',*,*,#2192,.T.);
#2192 = EDGE_CURVE('',#2108,#2148,#2193,.T.);
#2193 = LINE('',#2194,#2195);
#2194 = CARTESIAN_POINT('',(252.,1.3,120.925));
#2195 = VECTOR('',#2196,1.);
#2196 = DIRECTION('',(1.,0.,0.));
#2197 = ORIENTED_EDGE('',*,*,#2145,.F.);
#2198 = PLANE('',#2199);
#2199 = AXIS2_PLACEMENT_3D('',#2200,#2201,#2202);
#2200 = CARTESIAN_POINT('',(252.,1.3,89.175));
#2201 = DIRECTION('',(0.,1.,0.));
#2202 = DIRECTION('',(0.,0.,1.));
#2203 = ADVANCED_FACE('',(#2204),#2220,.T.);
#2204 = FACE_BOUND('',#2205,.T.);
#2205 = EDGE_LOOP('',(#2206,#2212,#2213,#2219));
#2206 = ORIENTED_EDGE('',*,*,#2207,.F.);
#2207 = EDGE_CURVE('',#2116,#2156,#2208,.T.);
#2208 = LINE('',#2209,#2210);
#2209 = CARTESIAN_POINT('',(252.,4.475,89.175));
#2210 = VECTOR('',#2211,1.);
#2211 = DIRECTION('',(1.,0.,0.));
#2212 = ORIENTED_EDGE('',*,*,#2123,.T.);
#2213 = ORIENTED_EDGE('',*,*,#2214,.T.);
#2214 = EDGE_CURVE('',#2124,#2164,#2215,.T.);
#2215 = LINE('',#2216,#2217);
#2216 = CARTESIAN_POINT('',(252.,4.475,120.925));
#2217 = VECTOR('',#2218,1.);
#2218 = DIRECTION('',(1.,0.,0.));
#2219 = ORIENTED_EDGE('',*,*,#2163,.F.);
#2220 = PLANE('',#2221);
#2221 = AXIS2_PLACEMENT_3D('',#2222,#2223,#2224);
#2222 = CARTESIAN_POINT('',(252.,4.475,89.175));
#2223 = DIRECTION('',(0.,1.,0.));
#2224 = DIRECTION('',(0.,0.,1.));
#2225 = ADVANCED_FACE('',(#2226),#2232,.F.);
#2226 = FACE_BOUND('',#2227,.F.);
#2227 = EDGE_LOOP('',(#2228,#2229,#2230,#2231));
#2228 = ORIENTED_EDGE('',*,*,#2115,.F.);
#2229 = ORIENTED_EDGE('',*,*,#2185,.T.);
#2230 = ORIENTED_EDGE('',*,*,#2155,.T.);
#2231 = ORIENTED_EDGE('',*,*,#2207,.F.);
#2232 = PLANE('',#2233);
#2233 = AXIS2_PLACEMENT_3D('',#2234,#2235,#2236);
#2234 = CARTESIAN_POINT('',(252.,1.3,89.175));
#2235 = DIRECTION('',(0.,0.,1.));
#2236 = DIRECTION('',(1.,0.,0.));
#2237 = ADVANCED_FACE('',(#2238),#2244,.T.);
#2238 = FACE_BOUND('',#2239,.T.);
#2239 = EDGE_LOOP('',(#2240,#2241,#2242,#2243));
#2240 = ORIENTED_EDGE('',*,*,#2131,.F.);
#2241 = ORIENTED_EDGE('',*,*,#2192,.T.);
#2242 = ORIENTED_EDGE('',*,*,#2171,.T.);
#2243 = ORIENTED_EDGE('',*,*,#2214,.F.);
#2244 = PLANE('',#2245);
#2245 = AXIS2_PLACEMENT_3D('',#2246,#2247,#2248);
#2246 = CARTESIAN_POINT('',(252.,1.3,120.925));
#2247 = DIRECTION('',(0.,0.,1.));
#2248 = DIRECTION('',(1.,0.,0.));
#2249 = MANIFOLD_SOLID_BREP('',#2250);
#2250 = CLOSED_SHELL('',(#2251,#2291,#2331,#2353,#2375,#2387));
#2251 = ADVANCED_FACE('',(#2252),#2286,.F.);
#2252 = FACE_BOUND('',#2253,.F.);
#2253 = EDGE_LOOP('',(#2254,#2264,#2272,#2280));
#2254 = ORIENTED_EDGE('',*,*,#2255,.F.);
#2255 = EDGE_CURVE('',#2256,#2258,#2260,.T.);
#2256 = VERTEX_POINT('',#2257);
#2257 = CARTESIAN_POINT('',(252.,23.525,89.175));
#2258 = VERTEX_POINT('',#2259);
#2259 = CARTESIAN_POINT('',(252.,23.525,120.925));
#2260 = LINE('',#2261,#2262);
#2261 = CARTESIAN_POINT('',(252.,23.525,89.175));
#2262 = VECTOR('',#2263,1.);
#2263 = DIRECTION('',(0.,0.,1.));
#2264 = ORIENTED_EDGE('',*,*,#2265,.T.);
#2265 = EDGE_CURVE('',#2256,#2266,#2268,.T.);
#2266 = VERTEX_POINT('',#2267);
#2267 = CARTESIAN_POINT('',(252.,26.7,89.175));
#2268 = LINE('',#2269,#2270);
#2269 = CARTESIAN_POINT('',(252.,23.525,89.175));
#2270 = VECTOR('',#2271,1.);
#2271 = DIRECTION('',(0.,1.,0.));
#2272 = ORIENTED_EDGE('',*,*,#2273,.T.);
#2273 = EDGE_CURVE('',#2266,#2274,#2276,.T.);
#2274 = VERTEX_POINT('',#2275);
#2275 = CARTESIAN_POINT('',(252.,26.7,120.925));
#2276 = LINE('',#2277,#2278);
#2277 = CARTESIAN_POINT('',(252.,26.7,89.175));
#2278 = VECTOR('',#2279,1.);
#2279 = DIRECTION('',(0.,0.,1.));
#2280 = ORIENTED_EDGE('',*,*,#2281,.F.);
#2281 = EDGE_CURVE('',#2258,#2274,#2282,.T.);
#2282 = LINE('',#2283,#2284);
#2283 = CARTESIAN_POINT('',(252.,23.525,120.925));
#2284 = VECTOR('',#2285,1.);
#2285 = DIRECTION('',(0.,1.,0.));
#2286 = PLANE('',#2287);
#2287 = AXIS2_PLACEMENT_3D('',#2288,#2289,#2290);
#2288 = CARTESIAN_POINT('',(252.,23.525,89.175));
#2289 = DIRECTION('',(1.,0.,0.));
#2290 = DIRECTION('',(0.,0.,1.));
#2291 = ADVANCED_FACE('',(#2292),#2326,.T.);
#2292 = FACE_BOUND('',#2293,.T.);
#2293 = EDGE_LOOP('',(#2294,#2304,#2312,#2320));
#2294 = ORIENTED_EDGE('',*,*,#2295,.F.);
#2295 = EDGE_CURVE('',#2296,#2298,#2300,.T.);
#2296 = VERTEX_POINT('',#2297);
#2297 = CARTESIAN_POINT('',(270.,23.525,89.175));
#2298 = VERTEX_POINT('',#2299);
#2299 = CARTESIAN_POINT('',(270.,23.525,120.925));
#2300 = LINE('',#2301,#2302);
#2301 = CARTESIAN_POINT('',(270.,23.525,89.175));
#2302 = VECTOR('',#2303,1.);
#2303 = DIRECTION('',(0.,0.,1.));
#2304 = ORIENTED_EDGE('',*,*,#2305,.T.);
#2305 = EDGE_CURVE('',#2296,#2306,#2308,.T.);
#2306 = VERTEX_POINT('',#2307);
#2307 = CARTESIAN_POINT('',(270.,26.7,89.175));
#2308 = LINE('',#2309,#2310);
#2309 = CARTESIAN_POINT('',(270.,23.525,89.175));
#2310 = VECTOR('',#2311,1.);
#2311 = DIRECTION('',(0.,1.,0.));
#2312 = ORIENTED_EDGE('',*,*,#2313,.T.);
#2313 = EDGE_CURVE('',#2306,#2314,#2316,.T.);
#2314 = VERTEX_POINT('',#2315);
#2315 = CARTESIAN_POINT('',(270.,26.7,120.925));
#2316 = LINE('',#2317,#2318);
#2317 = CARTESIAN_POINT('',(270.,26.7,89.175));
#2318 = VECTOR('',#2319,1.);
#2319 = DIRECTION('',(0.,0.,1.));
#2320 = ORIENTED_EDGE('',*,*,#2321,.F.);
#2321 = EDGE_CURVE('',#2298,#2314,#2322,.T.);
#2322 = LINE('',#2323,#2324);
#2323 = CARTESIAN_POINT('',(270.,23.525,120.925));
#2324 = VECTOR('',#2325,1.);
#2325 = DIRECTION('',(0.,1.,0.));
#2326 = PLANE('',#2327);
#2327 = AXIS2_PLACEMENT_3D('',#2328,#2329,#2330);
#2328 = CARTESIAN_POINT('',(270.,23.525,89.175));
#2329 = DIRECTION('',(1.,0.,0.));
#2330 = DIRECTION('',(0.,0.,1.));
#2331 = ADVANCED_FACE('',(#2332),#2348,.F.);
#2332 = FACE_BOUND('',#2333,.F.);
#2333 = EDGE_LOOP('',(#2334,#2340,#2341,#2347));
#2334 = ORIENTED_EDGE('',*,*,#2335,.F.);
#2335 = EDGE_CURVE('',#2256,#2296,#2336,.T.);
#2336 = LINE('',#2337,#2338);
#2337 = CARTESIAN_POINT('',(252.,23.525,89.175));
#2338 = VECTOR('',#2339,1.);
#2339 = DIRECTION('',(1.,0.,0.));
#2340 = ORIENTED_EDGE('',*,*,#2255,.T.);
#2341 = ORIENTED_EDGE('',*,*,#2342,.T.);
#2342 = EDGE_CURVE('',#2258,#2298,#2343,.T.);
#2343 = LINE('',#2344,#2345);
#2344 = CARTESIAN_POINT('',(252.,23.525,120.925));
#2345 = VECTOR('',#2346,1.);
#2346 = DIRECTION('',(1.,0.,0.));
#2347 = ORIENTED_EDGE('',*,*,#2295,.F.);
#2348 = PLANE('',#2349);
#2349 = AXIS2_PLACEMENT_3D('',#2350,#2351,#2352);
#2350 = CARTESIAN_POINT('',(252.,23.525,89.175));
#2351 = DIRECTION('',(0.,1.,0.));
#2352 = DIRECTION('',(0.,0.,1.));
#2353 = ADVANCED_FACE('',(#2354),#2370,.T.);
#2354 = FACE_BOUND('',#2355,.T.);
#2355 = EDGE_LOOP('',(#2356,#2362,#2363,#2369));
#2356 = ORIENTED_EDGE('',*,*,#2357,.F.);
#2357 = EDGE_CURVE('',#2266,#2306,#2358,.T.);
#2358 = LINE('',#2359,#2360);
#2359 = CARTESIAN_POINT('',(252.,26.7,89.175));
#2360 = VECTOR('',#2361,1.);
#2361 = DIRECTION('',(1.,0.,0.));
#2362 = ORIENTED_EDGE('',*,*,#2273,.T.);
#2363 = ORIENTED_EDGE('',*,*,#2364,.T.);
#2364 = EDGE_CURVE('',#2274,#2314,#2365,.T.);
#2365 = LINE('',#2366,#2367);
#2366 = CARTESIAN_POINT('',(252.,26.7,120.925));
#2367 = VECTOR('',#2368,1.);
#2368 = DIRECTION('',(1.,0.,0.));
#2369 = ORIENTED_EDGE('',*,*,#2313,.F.);
#2370 = PLANE('',#2371);
#2371 = AXIS2_PLACEMENT_3D('',#2372,#2373,#2374);
#2372 = CARTESIAN_POINT('',(252.,26.7,89.175));
#2373 = DIRECTION('',(0.,1.,0.));
#2374 = DIRECTION('',(0.,0.,1.));
#2375 = ADVANCED_FACE('',(#2376),#2382,.F.);
#2376 = FACE_BOUND('',#2377,.F.);
#2377 = EDGE_LOOP('',(#2378,#2379,#2380,#2381));
#2378 = ORIENTED_EDGE('',*,*,#2265,.F.);
#2379 = ORIENTED_EDGE('',*,*,#2335,.T.);
#2380 = ORIENTED_EDGE('',*,*,#2305,.T.);
#2381 = ORIENTED_EDGE('',*,*,#2357,.F.);
#2382 = PLANE('',#2383);
#2383 = AXIS2_PLACEMENT_3D('',#2384,#2385,#2386);
#2384 = CARTESIAN_POINT('',(252.,23.525,89.175));
#2385 = DIRECTION('',(0.,0.,1.));
#2386 = DIRECTION('',(1.,0.,0.));
#2387 = ADVANCED_FACE('',(#2388),#2394,.T.);
#2388 = FACE_BOUND('',#2389,.T.);
#2389 = EDGE_LOOP('',(#2390,#2391,#2392,#2393));
#2390 = ORIENTED_EDGE('',*,*,#2281,.F.);
#2391 = ORIENTED_EDGE('',*,*,#2342,.T.);
#2392 = ORIENTED_EDGE('',*,*,#2321,.T.);
#2393 = ORIENTED_EDGE('',*,*,#2364,.F.);
#2394 = PLANE('',#2395);
#2395 = AXIS2_PLACEMENT_3D('',#2396,#2397,#2398);
#2396 = CARTESIAN_POINT('',(252.,23.525,120.925));
#2397 = DIRECTION('',(0.,0.,1.));
#2398 = DIRECTION('',(1.,0.,0.));
#2399 = MANIFOLD_SOLID_BREP('',#2400);
#2400 = CLOSED_SHELL('',(#2401,#2441,#2472,#2507,#2531,#2559,#2571));
#2401 = ADVANCED_FACE('',(#2402),#2436,.F.);
#2402 = FACE_BOUND('',#2403,.F.);
#2403 = EDGE_LOOP('',(#2404,#2414,#2422,#2430));
#2404 = ORIENTED_EDGE('',*,*,#2405,.F.);
#2405 = EDGE_CURVE('',#2406,#2408,#2410,.T.);
#2406 = VERTEX_POINT('',#2407);
#2407 = CARTESIAN_POINT('',(252.,8.,89.175));
#2408 = VERTEX_POINT('',#2409);
#2409 = CARTESIAN_POINT('',(252.,8.,91.175));
#2410 = LINE('',#2411,#2412);
#2411 = CARTESIAN_POINT('',(252.,8.,89.175));
#2412 = VECTOR('',#2413,1.);
#2413 = DIRECTION('',(0.,0.,1.));
#2414 = ORIENTED_EDGE('',*,*,#2415,.T.);
#2415 = EDGE_CURVE('',#2406,#2416,#2418,.T.);
#2416 = VERTEX_POINT('',#2417);
#2417 = CARTESIAN_POINT('',(252.,20.,89.175));
#2418 = LINE('',#2419,#2420);
#2419 = CARTESIAN_POINT('',(252.,8.,89.175));
#2420 = VECTOR('',#2421,1.);
#2421 = DIRECTION('',(0.,1.,0.));
#2422 = ORIENTED_EDGE('',*,*,#2423,.T.);
#2423 = EDGE_CURVE('',#2416,#2424,#2426,.T.);
#2424 = VERTEX_POINT('',#2425);
#2425 = CARTESIAN_POINT('',(252.,20.,91.175));
#2426 = LINE('',#2427,#2428);
#2427 = CARTESIAN_POINT('',(252.,20.,89.175));
#2428 = VECTOR('',#2429,1.);
#2429 = DIRECTION('',(0.,0.,1.));
#2430 = ORIENTED_EDGE('',*,*,#2431,.F.);
#2431 = EDGE_CURVE('',#2408,#2424,#2432,.T.);
#2432 = LINE('',#2433,#2434);
#2433 = CARTESIAN_POINT('',(252.,8.,91.175));
#2434 = VECTOR('',#2435,1.);
#2435 = DIRECTION('',(0.,1.,0.));
#2436 = PLANE('',#2437);
#2437 = AXIS2_PLACEMENT_3D('',#2438,#2439,#2440);
#2438 = CARTESIAN_POINT('',(252.,8.,89.175));
#2439 = DIRECTION('',(1.,0.,0.));
#2440 = DIRECTION('',(0.,0.,1.));
#2441 = ADVANCED_FACE('',(#2442),#2467,.F.);
#2442 = FACE_BOUND('',#2443,.F.);
#2443 = EDGE_LOOP('',(#2444,#2452,#2453,#2461));
#2444 = ORIENTED_EDGE('',*,*,#2445,.F.);
#2445 = EDGE_CURVE('',#2406,#2446,#2448,.T.);
#2446 = VERTEX_POINT('',#2447);
#2447 = CARTESIAN_POINT('',(270.,8.,89.175));
#2448 = LINE('',#2449,#2450);
#2449 = CARTESIAN_POINT('',(252.,8.,89.175));
#2450 = VECTOR('',#2451,1.);
#2451 = DIRECTION('',(1.,0.,0.));
#2452 = ORIENTED_EDGE('',*,*,#2405,.T.);
#2453 = ORIENTED_EDGE('',*,*,#2454,.T.);
#2454 = EDGE_CURVE('',#2408,#2455,#2457,.T.);
#2455 = VERTEX_POINT('',#2456);
#2456 = CARTESIAN_POINT('',(270.,8.,91.175));
#2457 = LINE('',#2458,#2459);
#2458 = CARTESIAN_POINT('',(252.,8.,91.175));
#2459 = VECTOR('',#2460,1.);
#2460 = DIRECTION('',(1.,0.,0.));
#2461 = ORIENTED_EDGE('',*,*,#2462,.F.);
#2462 = EDGE_CURVE('',#2446,#2455,#2463,.T.);
#2463 = LINE('',#2464,#2465);
#2464 = CARTESIAN_POINT('',(270.,8.,89.175));
#2465 = VECTOR('',#2466,1.);
#2466 = DIRECTION('',(0.,0.,1.));
#2467 = PLANE('',#2468);
#2468 = AXIS2_PLACEMENT_3D('',#2469,#2470,#2471);
#2469 = CARTESIAN_POINT('',(252.,8.,89.175));
#2470 = DIRECTION('',(0.,1.,0.));
#2471 = DIRECTION('',(0.,0.,1.));
#2472 = ADVANCED_FACE('',(#2473,#2491),#2502,.T.);
#2473 = FACE_BOUND('',#2474,.T.);
#2474 = EDGE_LOOP('',(#2475,#2476,#2477,#2485));
#2475 = ORIENTED_EDGE('',*,*,#2431,.F.);
#2476 = ORIENTED_EDGE('',*,*,#2454,.T.);
#2477 = ORIENTED_EDGE('',*,*,#2478,.T.);
#2478 = EDGE_CURVE('',#2455,#2479,#2481,.T.);
#2479 = VERTEX_POINT('',#2480);
#2480 = CARTESIAN_POINT('',(270.,20.,91.175));
#2481 = LINE('',#2482,#2483);
#2482 = CARTESIAN_POINT('',(270.,8.,91.175));
#2483 = VECTOR('',#2484,1.);
#2484 = DIRECTION('',(0.,1.,0.));
#2485 = ORIENTED_EDGE('',*,*,#2486,.F.);
#2486 = EDGE_CURVE('',#2424,#2479,#2487,.T.);
#2487 = LINE('',#2488,#2489);
#2488 = CARTESIAN_POINT('',(252.,20.,91.175));
#2489 = VECTOR('',#2490,1.);
#2490 = DIRECTION('',(1.,0.,0.));
#2491 = FACE_BOUND('',#2492,.T.);
#2492 = EDGE_LOOP('',(#2493));
#2493 = ORIENTED_EDGE('',*,*,#2494,.F.);
#2494 = EDGE_CURVE('',#2495,#2495,#2497,.T.);
#2495 = VERTEX_POINT('',#2496);
#2496 = CARTESIAN_POINT('',(265.75,14.,91.175));
#2497 = CIRCLE('',#2498,4.75);
#2498 = AXIS2_PLACEMENT_3D('',#2499,#2500,#2501);
#2499 = CARTESIAN_POINT('',(261.,14.,91.175));
#2500 = DIRECTION('',(0.,0.,1.));
#2501 = DIRECTION('',(1.,0.,0.));
#2502 = PLANE('',#2503);
#2503 = AXIS2_PLACEMENT_3D('',#2504,#2505,#2506);
#2504 = CARTESIAN_POINT('',(252.,8.,91.175));
#2505 = DIRECTION('',(0.,0.,1.));
#2506 = DIRECTION('',(1.,0.,0.));
#2507 = ADVANCED_FACE('',(#2508),#2526,.T.);
#2508 = FACE_BOUND('',#2509,.T.);
#2509 = EDGE_LOOP('',(#2510,#2518,#2519,#2520));
#2510 = ORIENTED_EDGE('',*,*,#2511,.F.);
#2511 = EDGE_CURVE('',#2416,#2512,#2514,.T.);
#2512 = VERTEX_POINT('',#2513);
#2513 = CARTESIAN_POINT('',(270.,20.,89.175));
#2514 = LINE('',#2515,#2516);
#2515 = CARTESIAN_POINT('',(252.,20.,89.175));
#2516 = VECTOR('',#2517,1.);
#2517 = DIRECTION('',(1.,0.,0.));
#2518 = ORIENTED_EDGE('',*,*,#2423,.T.);
#2519 = ORIENTED_EDGE('',*,*,#2486,.T.);
#2520 = ORIENTED_EDGE('',*,*,#2521,.F.);
#2521 = EDGE_CURVE('',#2512,#2479,#2522,.T.);
#2522 = LINE('',#2523,#2524);
#2523 = CARTESIAN_POINT('',(270.,20.,89.175));
#2524 = VECTOR('',#2525,1.);
#2525 = DIRECTION('',(0.,0.,1.));
#2526 = PLANE('',#2527);
#2527 = AXIS2_PLACEMENT_3D('',#2528,#2529,#2530);
#2528 = CARTESIAN_POINT('',(252.,20.,89.175));
#2529 = DIRECTION('',(0.,1.,0.));
#2530 = DIRECTION('',(0.,0.,1.));
#2531 = ADVANCED_FACE('',(#2532,#2543),#2554,.F.);
#2532 = FACE_BOUND('',#2533,.F.);
#2533 = EDGE_LOOP('',(#2534,#2535,#2536,#2542));
#2534 = ORIENTED_EDGE('',*,*,#2415,.F.);
#2535 = ORIENTED_EDGE('',*,*,#2445,.T.);
#2536 = ORIENTED_EDGE('',*,*,#2537,.T.);
#2537 = EDGE_CURVE('',#2446,#2512,#2538,.T.);
#2538 = LINE('',#2539,#2540);
#2539 = CARTESIAN_POINT('',(270.,8.,89.175));
#2540 = VECTOR('',#2541,1.);
#2541 = DIRECTION('',(0.,1.,0.));
#2542 = ORIENTED_EDGE('',*,*,#2511,.F.);
#2543 = FACE_BOUND('',#2544,.F.);
#2544 = EDGE_LOOP('',(#2545));
#2545 = ORIENTED_EDGE('',*,*,#2546,.F.);
#2546 = EDGE_CURVE('',#2547,#2547,#2549,.T.);
#2547 = VERTEX_POINT('',#2548);
#2548 = CARTESIAN_POINT('',(265.75,14.,89.175));
#2549 = CIRCLE('',#2550,4.75);
#2550 = AXIS2_PLACEMENT_3D('',#2551,#2552,#2553);
#2551 = CARTESIAN_POINT('',(261.,14.,89.175));
#2552 = DIRECTION('',(0.,0.,1.));
#2553 = DIRECTION('',(1.,0.,0.));
#2554 = PLANE('',#2555);
#2555 = AXIS2_PLACEMENT_3D('',#2556,#2557,#2558);
#2556 = CARTESIAN_POINT('',(252.,8.,89.175));
#2557 = DIRECTION('',(0.,0.,1.));
#2558 = DIRECTION('',(1.,0.,0.));
#2559 = ADVANCED_FACE('',(#2560),#2566,.T.);
#2560 = FACE_BOUND('',#2561,.T.);
#2561 = EDGE_LOOP('',(#2562,#2563,#2564,#2565));
#2562 = ORIENTED_EDGE('',*,*,#2462,.F.);
#2563 = ORIENTED_EDGE('',*,*,#2537,.T.);
#2564 = ORIENTED_EDGE('',*,*,#2521,.T.);
#2565 = ORIENTED_EDGE('',*,*,#2478,.F.);
#2566 = PLANE('',#2567);
#2567 = AXIS2_PLACEMENT_3D('',#2568,#2569,#2570);
#2568 = CARTESIAN_POINT('',(270.,8.,89.175));
#2569 = DIRECTION('',(1.,0.,0.));
#2570 = DIRECTION('',(0.,0.,1.));
#2571 = ADVANCED_FACE('',(#2572),#2583,.F.);
#2572 = FACE_BOUND('',#2573,.F.);
#2573 = EDGE_LOOP('',(#2574,#2575,#2581,#2582));
#2574 = ORIENTED_EDGE('',*,*,#2494,.F.);
#2575 = ORIENTED_EDGE('',*,*,#2576,.F.);
#2576 = EDGE_CURVE('',#2547,#2495,#2577,.T.);
#2577 = LINE('',#2578,#2579);
#2578 = CARTESIAN_POINT('',(265.75,14.,88.175));
#2579 = VECTOR('',#2580,1.);
#2580 = DIRECTION('',(0.,0.,1.));
#2581 = ORIENTED_EDGE('',*,*,#2546,.T.);
#2582 = ORIENTED_EDGE('',*,*,#2576,.T.);
#2583 = CYLINDRICAL_SURFACE('',#2584,4.75);
#2584 = AXIS2_PLACEMENT_3D('',#2585,#2586,#2587);
#2585 = CARTESIAN_POINT('',(261.,14.,88.175));
#2586 = DIRECTION('',(0.,0.,1.));
#2587 = DIRECTION('',(1.,0.,0.));
#2588 = MANIFOLD_SOLID_BREP('',#2589);
#2589 = CLOSED_SHELL('',(#2590,#2630,#2661,#2696,#2720,#2748,#2760));
#2590 = ADVANCED_FACE('',(#2591),#2625,.F.);
#2591 = FACE_BOUND('',#2592,.F.);
#2592 = EDGE_LOOP('',(#2593,#2603,#2611,#2619));
#2593 = ORIENTED_EDGE('',*,*,#2594,.F.);
#2594 = EDGE_CURVE('',#2595,#2597,#2599,.T.);
#2595 = VERTEX_POINT('',#2596);
#2596 = CARTESIAN_POINT('',(252.,8.,118.925));
#2597 = VERTEX_POINT('',#2598);
#2598 = CARTESIAN_POINT('',(252.,8.,120.925));
#2599 = LINE('',#2600,#2601);
#2600 = CARTESIAN_POINT('',(252.,8.,118.925));
#2601 = VECTOR('',#2602,1.);
#2602 = DIRECTION('',(0.,0.,1.));
#2603 = ORIENTED_EDGE('',*,*,#2604,.T.);
#2604 = EDGE_CURVE('',#2595,#2605,#2607,.T.);
#2605 = VERTEX_POINT('',#2606);
#2606 = CARTESIAN_POINT('',(252.,20.,118.925));
#2607 = LINE('',#2608,#2609);
#2608 = CARTESIAN_POINT('',(252.,8.,118.925));
#2609 = VECTOR('',#2610,1.);
#2610 = DIRECTION('',(0.,1.,0.));
#2611 = ORIENTED_EDGE('',*,*,#2612,.T.);
#2612 = EDGE_CURVE('',#2605,#2613,#2615,.T.);
#2613 = VERTEX_POINT('',#2614);
#2614 = CARTESIAN_POINT('',(252.,20.,120.925));
#2615 = LINE('',#2616,#2617);
#2616 = CARTESIAN_POINT('',(252.,20.,118.925));
#2617 = VECTOR('',#2618,1.);
#2618 = DIRECTION('',(0.,0.,1.));
#2619 = ORIENTED_EDGE('',*,*,#2620,.F.);
#2620 = EDGE_CURVE('',#2597,#2613,#2621,.T.);
#2621 = LINE('',#2622,#2623);
#2622 = CARTESIAN_POINT('',(252.,8.,120.925));
#2623 = VECTOR('',#2624,1.);
#2624 = DIRECTION('',(0.,1.,0.));
#2625 = PLANE('',#2626);
#2626 = AXIS2_PLACEMENT_3D('',#2627,#2628,#2629);
#2627 = CARTESIAN_POINT('',(252.,8.,118.925));
#2628 = DIRECTION('',(1.,0.,0.));
#2629 = DIRECTION('',(0.,0.,1.));
#2630 = ADVANCED_FACE('',(#2631),#2656,.F.);
#2631 = FACE_BOUND('',#2632,.F.);
#2632 = EDGE_LOOP('',(#2633,#2641,#2642,#2650));
#2633 = ORIENTED_EDGE('',*,*,#2634,.F.);
#2634 = EDGE_CURVE('',#2595,#2635,#2637,.T.);
#2635 = VERTEX_POINT('',#2636);
#2636 = CARTESIAN_POINT('',(270.,8.,118.925));
#2637 = LINE('',#2638,#2639);
#2638 = CARTESIAN_POINT('',(252.,8.,118.925));
#2639 = VECTOR('',#2640,1.);
#2640 = DIRECTION('',(1.,0.,0.));
#2641 = ORIENTED_EDGE('',*,*,#2594,.T.);
#2642 = ORIENTED_EDGE('',*,*,#2643,.T.);
#2643 = EDGE_CURVE('',#2597,#2644,#2646,.T.);
#2644 = VERTEX_POINT('',#2645);
#2645 = CARTESIAN_POINT('',(270.,8.,120.925));
#2646 = LINE('',#2647,#2648);
#2647 = CARTESIAN_POINT('',(252.,8.,120.925));
#2648 = VECTOR('',#2649,1.);
#2649 = DIRECTION('',(1.,0.,0.));
#2650 = ORIENTED_EDGE('',*,*,#2651,.F.);
#2651 = EDGE_CURVE('',#2635,#2644,#2652,.T.);
#2652 = LINE('',#2653,#2654);
#2653 = CARTESIAN_POINT('',(270.,8.,118.925));
#2654 = VECTOR('',#2655,1.);
#2655 = DIRECTION('',(0.,0.,1.));
#2656 = PLANE('',#2657);
#2657 = AXIS2_PLACEMENT_3D('',#2658,#2659,#2660);
#2658 = CARTESIAN_POINT('',(252.,8.,118.925));
#2659 = DIRECTION('',(0.,1.,0.));
#2660 = DIRECTION('',(0.,0.,1.));
#2661 = ADVANCED_FACE('',(#2662,#2680),#2691,.T.);
#2662 = FACE_BOUND('',#2663,.T.);
#2663 = EDGE_LOOP('',(#2664,#2665,#2666,#2674));
#2664 = ORIENTED_EDGE('',*,*,#2620,.F.);
#2665 = ORIENTED_EDGE('',*,*,#2643,.T.);
#2666 = ORIENTED_EDGE('',*,*,#2667,.T.);
#2667 = EDGE_CURVE('',#2644,#2668,#2670,.T.);
#2668 = VERTEX_POINT('',#2669);
#2669 = CARTESIAN_POINT('',(270.,20.,120.925));
#2670 = LINE('',#2671,#2672);
#2671 = CARTESIAN_POINT('',(270.,8.,120.925));
#2672 = VECTOR('',#2673,1.);
#2673 = DIRECTION('',(0.,1.,0.));
#2674 = ORIENTED_EDGE('',*,*,#2675,.F.);
#2675 = EDGE_CURVE('',#2613,#2668,#2676,.T.);
#2676 = LINE('',#2677,#2678);
#2677 = CARTESIAN_POINT('',(252.,20.,120.925));
#2678 = VECTOR('',#2679,1.);
#2679 = DIRECTION('',(1.,0.,0.));
#2680 = FACE_BOUND('',#2681,.T.);
#2681 = EDGE_LOOP('',(#2682));
#2682 = ORIENTED_EDGE('',*,*,#2683,.F.);
#2683 = EDGE_CURVE('',#2684,#2684,#2686,.T.);
#2684 = VERTEX_POINT('',#2685);
#2685 = CARTESIAN_POINT('',(265.75,14.,120.925));
#2686 = CIRCLE('',#2687,4.75);
#2687 = AXIS2_PLACEMENT_3D('',#2688,#2689,#2690);
#2688 = CARTESIAN_POINT('',(261.,14.,120.925));
#2689 = DIRECTION('',(0.,0.,1.));
#2690 = DIRECTION('',(1.,0.,0.));
#2691 = PLANE('',#2692);
#2692 = AXIS2_PLACEMENT_3D('',#2693,#2694,#2695);
#2693 = CARTESIAN_POINT('',(252.,8.,120.925));
#2694 = DIRECTION('',(0.,0.,1.));
#2695 = DIRECTION('',(1.,0.,0.));
#2696 = ADVANCED_FACE('',(#2697),#2715,.T.);
#2697 = FACE_BOUND('',#2698,.T.);
#2698 = EDGE_LOOP('',(#2699,#2707,#2708,#2709));
#2699 = ORIENTED_EDGE('',*,*,#2700,.F.);
#2700 = EDGE_CURVE('',#2605,#2701,#2703,.T.);
#2701 = VERTEX_POINT('',#2702);
#2702 = CARTESIAN_POINT('',(270.,20.,118.925));
#2703 = LINE('',#2704,#2705);
#2704 = CARTESIAN_POINT('',(252.,20.,118.925));
#2705 = VECTOR('',#2706,1.);
#2706 = DIRECTION('',(1.,0.,0.));
#2707 = ORIENTED_EDGE('',*,*,#2612,.T.);
#2708 = ORIENTED_EDGE('',*,*,#2675,.T.);
#2709 = ORIENTED_EDGE('',*,*,#2710,.F.);
#2710 = EDGE_CURVE('',#2701,#2668,#2711,.T.);
#2711 = LINE('',#2712,#2713);
#2712 = CARTESIAN_POINT('',(270.,20.,118.925));
#2713 = VECTOR('',#2714,1.);
#2714 = DIRECTION('',(0.,0.,1.));
#2715 = PLANE('',#2716);
#2716 = AXIS2_PLACEMENT_3D('',#2717,#2718,#2719);
#2717 = CARTESIAN_POINT('',(252.,20.,118.925));
#2718 = DIRECTION('',(0.,1.,0.));
#2719 = DIRECTION('',(0.,0.,1.));
#2720 = ADVANCED_FACE('',(#2721,#2732),#2743,.F.);
#2721 = FACE_BOUND('',#2722,.F.);
#2722 = EDGE_LOOP('',(#2723,#2724,#2725,#2731));
#2723 = ORIENTED_EDGE('',*,*,#2604,.F.);
#2724 = ORIENTED_EDGE('',*,*,#2634,.T.);
#2725 = ORIENTED_EDGE('',*,*,#2726,.T.);
#2726 = EDGE_CURVE('',#2635,#2701,#2727,.T.);
#2727 = LINE('',#2728,#2729);
#2728 = CARTESIAN_POINT('',(270.,8.,118.925));
#2729 = VECTOR('',#2730,1.);
#2730 = DIRECTION('',(0.,1.,0.));
#2731 = ORIENTED_EDGE('',*,*,#2700,.F.);
#2732 = FACE_BOUND('',#2733,.F.);
#2733 = EDGE_LOOP('',(#2734));
#2734 = ORIENTED_EDGE('',*,*,#2735,.F.);
#2735 = EDGE_CURVE('',#2736,#2736,#2738,.T.);
#2736 = VERTEX_POINT('',#2737);
#2737 = CARTESIAN_POINT('',(265.75,14.,118.925));
#2738 = CIRCLE('',#2739,4.75);
#2739 = AXIS2_PLACEMENT_3D('',#2740,#2741,#2742);
#2740 = CARTESIAN_POINT('',(261.,14.,118.925));
#2741 = DIRECTION('',(0.,0.,1.));
#2742 = DIRECTION('',(1.,0.,0.));
#2743 = PLANE('',#2744);
#2744 = AXIS2_PLACEMENT_3D('',#2745,#2746,#2747);
#2745 = CARTESIAN_POINT('',(252.,8.,118.925));
#2746 = DIRECTION('',(0.,0.,1.));
#2747 = DIRECTION('',(1.,0.,0.));
#2748 = ADVANCED_FACE('',(#2749),#2755,.T.);
#2749 = FACE_BOUND('',#2750,.T.);
#2750 = EDGE_LOOP('',(#2751,#2752,#2753,#2754));
#2751 = ORIENTED_EDGE('',*,*,#2651,.F.);
#2752 = ORIENTED_EDGE('',*,*,#2726,.T.);
#2753 = ORIENTED_EDGE('',*,*,#2710,.T.);
#2754 = ORIENTED_EDGE('',*,*,#2667,.F.);
#2755 = PLANE('',#2756);
#2756 = AXIS2_PLACEMENT_3D('',#2757,#2758,#2759);
#2757 = CARTESIAN_POINT('',(270.,8.,118.925));
#2758 = DIRECTION('',(1.,0.,0.));
#2759 = DIRECTION('',(0.,0.,1.));
#2760 = ADVANCED_FACE('',(#2761),#2772,.F.);
#2761 = FACE_BOUND('',#2762,.F.);
#2762 = EDGE_LOOP('',(#2763,#2764,#2770,#2771));
#2763 = ORIENTED_EDGE('',*,*,#2683,.F.);
#2764 = ORIENTED_EDGE('',*,*,#2765,.F.);
#2765 = EDGE_CURVE('',#2736,#2684,#2766,.T.);
#2766 = LINE('',#2767,#2768);
#2767 = CARTESIAN_POINT('',(265.75,14.,117.925));
#2768 = VECTOR('',#2769,1.);
#2769 = DIRECTION('',(0.,0.,1.));
#2770 = ORIENTED_EDGE('',*,*,#2735,.T.);
#2771 = ORIENTED_EDGE('',*,*,#2765,.T.);
#2772 = CYLINDRICAL_SURFACE('',#2773,4.75);
#2773 = AXIS2_PLACEMENT_3D('',#2774,#2775,#2776);
#2774 = CARTESIAN_POINT('',(261.,14.,117.925));
#2775 = DIRECTION('',(0.,0.,1.));
#2776 = DIRECTION('',(1.,0.,0.));
#2777 = MANIFOLD_SOLID_BREP('',#2778);
#2778 = CLOSED_SHELL('',(#2779,#2819,#2850,#2919,#2943,#3005,#3017,#3039
    ,#3056,#3073,#3090));
#2779 = ADVANCED_FACE('',(#2780),#2814,.F.);
#2780 = FACE_BOUND('',#2781,.F.);
#2781 = EDGE_LOOP('',(#2782,#2792,#2800,#2808));
#2782 = ORIENTED_EDGE('',*,*,#2783,.F.);
#2783 = EDGE_CURVE('',#2784,#2786,#2788,.T.);
#2784 = VERTEX_POINT('',#2785);
#2785 = CARTESIAN_POINT('',(247.,5.,91.675));
#2786 = VERTEX_POINT('',#2787);
#2787 = CARTESIAN_POINT('',(247.,5.,93.675));
#2788 = LINE('',#2789,#2790);
#2789 = CARTESIAN_POINT('',(247.,5.,91.675));
#2790 = VECTOR('',#2791,1.);
#2791 = DIRECTION('',(0.,0.,1.));
#2792 = ORIENTED_EDGE('',*,*,#2793,.T.);
#2793 = EDGE_CURVE('',#2784,#2794,#2796,.T.);
#2794 = VERTEX_POINT('',#2795);
#2795 = CARTESIAN_POINT('',(247.,23.,91.675));
#2796 = LINE('',#2797,#2798);
#2797 = CARTESIAN_POINT('',(247.,5.,91.675));
#2798 = VECTOR('',#2799,1.);
#2799 = DIRECTION('',(0.,1.,0.));
#2800 = ORIENTED_EDGE('',*,*,#2801,.T.);
#2801 = EDGE_CURVE('',#2794,#2802,#2804,.T.);
#2802 = VERTEX_POINT('',#2803);
#2803 = CARTESIAN_POINT('',(247.,23.,93.675));
#2804 = LINE('',#2805,#2806);
#2805 = CARTESIAN_POINT('',(247.,23.,91.675));
#2806 = VECTOR('',#2807,1.);
#2807 = DIRECTION('',(0.,0.,1.));
#2808 = ORIENTED_EDGE('',*,*,#2809,.F.);
#2809 = EDGE_CURVE('',#2786,#2802,#2810,.T.);
#2810 = LINE('',#2811,#2812);
#2811 = CARTESIAN_POINT('',(247.,5.,93.675));
#2812 = VECTOR('',#2813,1.);
#2813 = DIRECTION('',(0.,1.,0.));
#2814 = PLANE('',#2815);
#2815 = AXIS2_PLACEMENT_3D('',#2816,#2817,#2818);
#2816 = CARTESIAN_POINT('',(247.,5.,91.675));
#2817 = DIRECTION('',(1.,0.,0.));
#2818 = DIRECTION('',(0.,0.,1.));
#2819 = ADVANCED_FACE('',(#2820),#2845,.F.);
#2820 = FACE_BOUND('',#2821,.F.);
#2821 = EDGE_LOOP('',(#2822,#2830,#2831,#2839));
#2822 = ORIENTED_EDGE('',*,*,#2823,.F.);
#2823 = EDGE_CURVE('',#2784,#2824,#2826,.T.);
#2824 = VERTEX_POINT('',#2825);
#2825 = CARTESIAN_POINT('',(267.,5.,91.675));
#2826 = LINE('',#2827,#2828);
#2827 = CARTESIAN_POINT('',(247.,5.,91.675));
#2828 = VECTOR('',#2829,1.);
#2829 = DIRECTION('',(1.,0.,0.));
#2830 = ORIENTED_EDGE('',*,*,#2783,.T.);
#2831 = ORIENTED_EDGE('',*,*,#2832,.T.);
#2832 = EDGE_CURVE('',#2786,#2833,#2835,.T.);
#2833 = VERTEX_POINT('',#2834);
#2834 = CARTESIAN_POINT('',(267.,5.,93.675));
#2835 = LINE('',#2836,#2837);
#2836 = CARTESIAN_POINT('',(247.,5.,93.675));
#2837 = VECTOR('',#2838,1.);
#2838 = DIRECTION('',(1.,0.,0.));
#2839 = ORIENTED_EDGE('',*,*,#2840,.F.);
#2840 = EDGE_CURVE('',#2824,#2833,#2841,.T.);
#2841 = LINE('',#2842,#2843);
#2842 = CARTESIAN_POINT('',(267.,5.,91.675));
#2843 = VECTOR('',#2844,1.);
#2844 = DIRECTION('',(0.,0.,1.));
#2845 = PLANE('',#2846);
#2846 = AXIS2_PLACEMENT_3D('',#2847,#2848,#2849);
#2847 = CARTESIAN_POINT('',(247.,5.,91.675));
#2848 = DIRECTION('',(0.,1.,0.));
#2849 = DIRECTION('',(0.,0.,1.));
#2850 = ADVANCED_FACE('',(#2851,#2869),#2914,.T.);
#2851 = FACE_BOUND('',#2852,.T.);
#2852 = EDGE_LOOP('',(#2853,#2854,#2855,#2863));
#2853 = ORIENTED_EDGE('',*,*,#2809,.F.);
#2854 = ORIENTED_EDGE('',*,*,#2832,.T.);
#2855 = ORIENTED_EDGE('',*,*,#2856,.T.);
#2856 = EDGE_CURVE('',#2833,#2857,#2859,.T.);
#2857 = VERTEX_POINT('',#2858);
#2858 = CARTESIAN_POINT('',(267.,23.,93.675));
#2859 = LINE('',#2860,#2861);
#2860 = CARTESIAN_POINT('',(267.,5.,93.675));
#2861 = VECTOR('',#2862,1.);
#2862 = DIRECTION('',(0.,1.,0.));
#2863 = ORIENTED_EDGE('',*,*,#2864,.F.);
#2864 = EDGE_CURVE('',#2802,#2857,#2865,.T.);
#2865 = LINE('',#2866,#2867);
#2866 = CARTESIAN_POINT('',(247.,23.,93.675));
#2867 = VECTOR('',#2868,1.);
#2868 = DIRECTION('',(1.,0.,0.));
#2869 = FACE_BOUND('',#2870,.T.);
#2870 = EDGE_LOOP('',(#2871,#2882,#2890,#2899,#2907));
#2871 = ORIENTED_EDGE('',*,*,#2872,.F.);
#2872 = EDGE_CURVE('',#2873,#2875,#2877,.T.);
#2873 = VERTEX_POINT('',#2874);
#2874 = CARTESIAN_POINT('',(261.,11.5,93.675));
#2875 = VERTEX_POINT('',#2876);
#2876 = CARTESIAN_POINT('',(263.5,14.,93.675));
#2877 = CIRCLE('',#2878,2.5);
#2878 = AXIS2_PLACEMENT_3D('',#2879,#2880,#2881);
#2879 = CARTESIAN_POINT('',(261.,14.,93.675));
#2880 = DIRECTION('',(0.,0.,1.));
#2881 = DIRECTION('',(1.,0.,0.));
#2882 = ORIENTED_EDGE('',*,*,#2883,.T.);
#2883 = EDGE_CURVE('',#2873,#2884,#2886,.T.);
#2884 = VERTEX_POINT('',#2885);
#2885 = CARTESIAN_POINT('',(257.03887360535,11.5,93.675));
#2886 = LINE('',#2887,#2888);
#2887 = CARTESIAN_POINT('',(250.,11.5,93.675));
#2888 = VECTOR('',#2889,1.);
#2889 = DIRECTION('',(-1.,0.,0.));
#2890 = ORIENTED_EDGE('',*,*,#2891,.F.);
#2891 = EDGE_CURVE('',#2892,#2884,#2894,.T.);
#2892 = VERTEX_POINT('',#2893);
#2893 = CARTESIAN_POINT('',(257.03887360535,16.5,93.675));
#2894 = CIRCLE('',#2895,4.75);
#2895 = AXIS2_PLACEMENT_3D('',#2896,#2897,#2898);
#2896 = CARTESIAN_POINT('',(253.,14.,93.675));
#2897 = DIRECTION('',(0.,0.,1.));
#2898 = DIRECTION('',(1.,0.,0.));
#2899 = ORIENTED_EDGE('',*,*,#2900,.F.);
#2900 = EDGE_CURVE('',#2901,#2892,#2903,.T.);
#2901 = VERTEX_POINT('',#2902);
#2902 = CARTESIAN_POINT('',(261.,16.5,93.675));
#2903 = LINE('',#2904,#2905);
#2904 = CARTESIAN_POINT('',(250.,16.5,93.675));
#2905 = VECTOR('',#2906,1.);
#2906 = DIRECTION('',(-1.,0.,0.));
#2907 = ORIENTED_EDGE('',*,*,#2908,.F.);
#2908 = EDGE_CURVE('',#2875,#2901,#2909,.T.);
#2909 = CIRCLE('',#2910,2.5);
#2910 = AXIS2_PLACEMENT_3D('',#2911,#2912,#2913);
#2911 = CARTESIAN_POINT('',(261.,14.,93.675));
#2912 = DIRECTION('',(0.,0.,1.));
#2913 = DIRECTION('',(1.,0.,0.));
#2914 = PLANE('',#2915);
#2915 = AXIS2_PLACEMENT_3D('',#2916,#2917,#2918);
#2916 = CARTESIAN_POINT('',(247.,5.,93.675));
#2917 = DIRECTION('',(0.,0.,1.));
#2918 = DIRECTION('',(1.,0.,0.));
#2919 = ADVANCED_FACE('',(#2920),#2938,.T.);
#2920 = FACE_BOUND('',#2921,.T.);
#2921 = EDGE_LOOP('',(#2922,#2930,#2931,#2932));
#2922 = ORIENTED_EDGE('',*,*,#2923,.F.);
#2923 = EDGE_CURVE('',#2794,#2924,#2926,.T.);
#2924 = VERTEX_POINT('',#2925);
#2925 = CARTESIAN_POINT('',(267.,23.,91.675));
#2926 = LINE('',#2927,#2928);
#2927 = CARTESIAN_POINT('',(247.,23.,91.675));
#2928 = VECTOR('',#2929,1.);
#2929 = DIRECTION('',(1.,0.,0.));
#2930 = ORIENTED_EDGE('',*,*,#2801,.T.);
#2931 = ORIENTED_EDGE('',*,*,#2864,.T.);
#2932 = ORIENTED_EDGE('',*,*,#2933,.F.);
#2933 = EDGE_CURVE('',#2924,#2857,#2934,.T.);
#2934 = LINE('',#2935,#2936);
#2935 = CARTESIAN_POINT('',(267.,23.,91.675));
#2936 = VECTOR('',#2937,1.);
#2937 = DIRECTION('',(0.,0.,1.));
#2938 = PLANE('',#2939);
#2939 = AXIS2_PLACEMENT_3D('',#2940,#2941,#2942);
#2940 = CARTESIAN_POINT('',(247.,23.,91.675));
#2941 = DIRECTION('',(0.,1.,0.));
#2942 = DIRECTION('',(0.,0.,1.));
#2943 = ADVANCED_FACE('',(#2944,#2955),#3000,.F.);
#2944 = FACE_BOUND('',#2945,.F.);
#2945 = EDGE_LOOP('',(#2946,#2947,#2948,#2954));
#2946 = ORIENTED_EDGE('',*,*,#2793,.F.);
#2947 = ORIENTED_EDGE('',*,*,#2823,.T.);
#2948 = ORIENTED_EDGE('',*,*,#2949,.T.);
#2949 = EDGE_CURVE('',#2824,#2924,#2950,.T.);
#2950 = LINE('',#2951,#2952);
#2951 = CARTESIAN_POINT('',(267.,5.,91.675));
#2952 = VECTOR('',#2953,1.);
#2953 = DIRECTION('',(0.,1.,0.));
#2954 = ORIENTED_EDGE('',*,*,#2923,.F.);
#2955 = FACE_BOUND('',#2956,.F.);
#2956 = EDGE_LOOP('',(#2957,#2968,#2976,#2985,#2993));
#2957 = ORIENTED_EDGE('',*,*,#2958,.F.);
#2958 = EDGE_CURVE('',#2959,#2961,#2963,.T.);
#2959 = VERTEX_POINT('',#2960);
#2960 = CARTESIAN_POINT('',(261.,11.5,91.675));
#2961 = VERTEX_POINT('',#2962);
#2962 = CARTESIAN_POINT('',(263.5,14.,91.675));
#2963 = CIRCLE('',#2964,2.5);
#2964 = AXIS2_PLACEMENT_3D('',#2965,#2966,#2967);
#2965 = CARTESIAN_POINT('',(261.,14.,91.675));
#2966 = DIRECTION('',(0.,0.,1.));
#2967 = DIRECTION('',(1.,0.,0.));
#2968 = ORIENTED_EDGE('',*,*,#2969,.T.);
#2969 = EDGE_CURVE('',#2959,#2970,#2972,.T.);
#2970 = VERTEX_POINT('',#2971);
#2971 = CARTESIAN_POINT('',(257.03887360535,11.5,91.675));
#2972 = LINE('',#2973,#2974);
#2973 = CARTESIAN_POINT('',(250.,11.5,91.675));
#2974 = VECTOR('',#2975,1.);
#2975 = DIRECTION('',(-1.,0.,0.));
#2976 = ORIENTED_EDGE('',*,*,#2977,.F.);
#2977 = EDGE_CURVE('',#2978,#2970,#2980,.T.);
#2978 = VERTEX_POINT('',#2979);
#2979 = CARTESIAN_POINT('',(257.03887360535,16.5,91.675));
#2980 = CIRCLE('',#2981,4.75);
#2981 = AXIS2_PLACEMENT_3D('',#2982,#2983,#2984);
#2982 = CARTESIAN_POINT('',(253.,14.,91.675));
#2983 = DIRECTION('',(0.,0.,1.));
#2984 = DIRECTION('',(1.,0.,0.));
#2985 = ORIENTED_EDGE('',*,*,#2986,.F.);
#2986 = EDGE_CURVE('',#2987,#2978,#2989,.T.);
#2987 = VERTEX_POINT('',#2988);
#2988 = CARTESIAN_POINT('',(261.,16.5,91.675));
#2989 = LINE('',#2990,#2991);
#2990 = CARTESIAN_POINT('',(250.,16.5,91.675));
#2991 = VECTOR('',#2992,1.);
#2992 = DIRECTION('',(-1.,0.,0.));
#2993 = ORIENTED_EDGE('',*,*,#2994,.F.);
#2994 = EDGE_CURVE('',#2961,#2987,#2995,.T.);
#2995 = CIRCLE('',#2996,2.5);
#2996 = AXIS2_PLACEMENT_3D('',#2997,#2998,#2999);
#2997 = CARTESIAN_POINT('',(261.,14.,91.675));
#2998 = DIRECTION('',(0.,0.,1.));
#2999 = DIRECTION('',(1.,0.,0.));
#3000 = PLANE('',#3001);
#3001 = AXIS2_PLACEMENT_3D('',#3002,#3003,#3004);
#3002 = CARTESIAN_POINT('',(247.,5.,91.675));
#3003 = DIRECTION('',(0.,0.,1.));
#3004 = DIRECTION('',(1.,0.,0.));
#3005 = ADVANCED_FACE('',(#3006),#3012,.T.);
#3006 = FACE_BOUND('',#3007,.T.);
#3007 = EDGE_LOOP('',(#3008,#3009,#3010,#3011));
#3008 = ORIENTED_EDGE('',*,*,#2840,.F.);
#3009 = ORIENTED_EDGE('',*,*,#2949,.T.);
#3010 = ORIENTED_EDGE('',*,*,#2933,.T.);
#3011 = ORIENTED_EDGE('',*,*,#2856,.F.);
#3012 = PLANE('',#3013);
#3013 = AXIS2_PLACEMENT_3D('',#3014,#3015,#3016);
#3014 = CARTESIAN_POINT('',(267.,5.,91.675));
#3015 = DIRECTION('',(1.,0.,0.));
#3016 = DIRECTION('',(0.,0.,1.));
#3017 = ADVANCED_FACE('',(#3018),#3034,.F.);
#3018 = FACE_BOUND('',#3019,.F.);
#3019 = EDGE_LOOP('',(#3020,#3021,#3027,#3028));
#3020 = ORIENTED_EDGE('',*,*,#2958,.T.);
#3021 = ORIENTED_EDGE('',*,*,#3022,.T.);
#3022 = EDGE_CURVE('',#2961,#2875,#3023,.T.);
#3023 = LINE('',#3024,#3025);
#3024 = CARTESIAN_POINT('',(263.5,14.,90.675));
#3025 = VECTOR('',#3026,1.);
#3026 = DIRECTION('',(0.,0.,1.));
#3027 = ORIENTED_EDGE('',*,*,#2872,.F.);
#3028 = ORIENTED_EDGE('',*,*,#3029,.F.);
#3029 = EDGE_CURVE('',#2959,#2873,#3030,.T.);
#3030 = LINE('',#3031,#3032);
#3031 = CARTESIAN_POINT('',(261.,11.5,90.675));
#3032 = VECTOR('',#3033,1.);
#3033 = DIRECTION('',(0.,0.,1.));
#3034 = CYLINDRICAL_SURFACE('',#3035,2.5);
#3035 = AXIS2_PLACEMENT_3D('',#3036,#3037,#3038);
#3036 = CARTESIAN_POINT('',(261.,14.,90.675));
#3037 = DIRECTION('',(0.,0.,1.));
#3038 = DIRECTION('',(1.,0.,0.));
#3039 = ADVANCED_FACE('',(#3040),#3051,.F.);
#3040 = FACE_BOUND('',#3041,.F.);
#3041 = EDGE_LOOP('',(#3042,#3043,#3044,#3045));
#3042 = ORIENTED_EDGE('',*,*,#2908,.F.);
#3043 = ORIENTED_EDGE('',*,*,#3022,.F.);
#3044 = ORIENTED_EDGE('',*,*,#2994,.T.);
#3045 = ORIENTED_EDGE('',*,*,#3046,.T.);
#3046 = EDGE_CURVE('',#2987,#2901,#3047,.T.);
#3047 = LINE('',#3048,#3049);
#3048 = CARTESIAN_POINT('',(261.,16.5,90.675));
#3049 = VECTOR('',#3050,1.);
#3050 = DIRECTION('',(0.,0.,1.));
#3051 = CYLINDRICAL_SURFACE('',#3052,2.5);
#3052 = AXIS2_PLACEMENT_3D('',#3053,#3054,#3055);
#3053 = CARTESIAN_POINT('',(261.,14.,90.675));
#3054 = DIRECTION('',(0.,0.,1.));
#3055 = DIRECTION('',(1.,0.,0.));
#3056 = ADVANCED_FACE('',(#3057),#3068,.F.);
#3057 = FACE_BOUND('',#3058,.F.);
#3058 = EDGE_LOOP('',(#3059,#3060,#3066,#3067));
#3059 = ORIENTED_EDGE('',*,*,#2986,.T.);
#3060 = ORIENTED_EDGE('',*,*,#3061,.T.);
#3061 = EDGE_CURVE('',#2978,#2892,#3062,.T.);
#3062 = LINE('',#3063,#3064);
#3063 = CARTESIAN_POINT('',(257.03887360535,16.5,90.675));
#3064 = VECTOR('',#3065,1.);
#3065 = DIRECTION('',(0.,0.,1.));
#3066 = ORIENTED_EDGE('',*,*,#2900,.F.);
#3067 = ORIENTED_EDGE('',*,*,#3046,.F.);
#3068 = PLANE('',#3069);
#3069 = AXIS2_PLACEMENT_3D('',#3070,#3071,#3072);
#3070 = CARTESIAN_POINT('',(253.,16.5,90.675));
#3071 = DIRECTION('',(0.,1.,0.));
#3072 = DIRECTION('',(0.,0.,1.));
#3073 = ADVANCED_FACE('',(#3074),#3085,.F.);
#3074 = FACE_BOUND('',#3075,.F.);
#3075 = EDGE_LOOP('',(#3076,#3077,#3078,#3079));
#3076 = ORIENTED_EDGE('',*,*,#2891,.F.);
#3077 = ORIENTED_EDGE('',*,*,#3061,.F.);
#3078 = ORIENTED_EDGE('',*,*,#2977,.T.);
#3079 = ORIENTED_EDGE('',*,*,#3080,.T.);
#3080 = EDGE_CURVE('',#2970,#2884,#3081,.T.);
#3081 = LINE('',#3082,#3083);
#3082 = CARTESIAN_POINT('',(257.03887360535,11.5,90.675));
#3083 = VECTOR('',#3084,1.);
#3084 = DIRECTION('',(0.,0.,1.));
#3085 = CYLINDRICAL_SURFACE('',#3086,4.75);
#3086 = AXIS2_PLACEMENT_3D('',#3087,#3088,#3089);
#3087 = CARTESIAN_POINT('',(253.,14.,90.675));
#3088 = DIRECTION('',(0.,0.,1.));
#3089 = DIRECTION('',(1.,0.,0.));
#3090 = ADVANCED_FACE('',(#3091),#3097,.T.);
#3091 = FACE_BOUND('',#3092,.T.);
#3092 = EDGE_LOOP('',(#3093,#3094,#3095,#3096));
#3093 = ORIENTED_EDGE('',*,*,#2969,.T.);
#3094 = ORIENTED_EDGE('',*,*,#3080,.T.);
#3095 = ORIENTED_EDGE('',*,*,#2883,.F.);
#3096 = ORIENTED_EDGE('',*,*,#3029,.F.);
#3097 = PLANE('',#3098);
#3098 = AXIS2_PLACEMENT_3D('',#3099,#3100,#3101);
#3099 = CARTESIAN_POINT('',(253.,11.5,90.675));
#3100 = DIRECTION('',(0.,1.,0.));
#3101 = DIRECTION('',(0.,0.,1.));
#3102 = MANIFOLD_SOLID_BREP('',#3103);
#3103 = CLOSED_SHELL('',(#3104,#3144,#3175,#3244,#3268,#3330,#3342,#3364
    ,#3381,#3398,#3415));
#3104 = ADVANCED_FACE('',(#3105),#3139,.F.);
#3105 = FACE_BOUND('',#3106,.F.);
#3106 = EDGE_LOOP('',(#3107,#3117,#3125,#3133));
#3107 = ORIENTED_EDGE('',*,*,#3108,.F.);
#3108 = EDGE_CURVE('',#3109,#3111,#3113,.T.);
#3109 = VERTEX_POINT('',#3110);
#3110 = CARTESIAN_POINT('',(247.,5.,116.425));
#3111 = VERTEX_POINT('',#3112);
#3112 = CARTESIAN_POINT('',(247.,5.,118.425));
#3113 = LINE('',#3114,#3115);
#3114 = CARTESIAN_POINT('',(247.,5.,116.425));
#3115 = VECTOR('',#3116,1.);
#3116 = DIRECTION('',(0.,0.,1.));
#3117 = ORIENTED_EDGE('',*,*,#3118,.T.);
#3118 = EDGE_CURVE('',#3109,#3119,#3121,.T.);
#3119 = VERTEX_POINT('',#3120);
#3120 = CARTESIAN_POINT('',(247.,23.,116.425));
#3121 = LINE('',#3122,#3123);
#3122 = CARTESIAN_POINT('',(247.,5.,116.425));
#3123 = VECTOR('',#3124,1.);
#3124 = DIRECTION('',(0.,1.,0.));
#3125 = ORIENTED_EDGE('',*,*,#3126,.T.);
#3126 = EDGE_CURVE('',#3119,#3127,#3129,.T.);
#3127 = VERTEX_POINT('',#3128);
#3128 = CARTESIAN_POINT('',(247.,23.,118.425));
#3129 = LINE('',#3130,#3131);
#3130 = CARTESIAN_POINT('',(247.,23.,116.425));
#3131 = VECTOR('',#3132,1.);
#3132 = DIRECTION('',(0.,0.,1.));
#3133 = ORIENTED_EDGE('',*,*,#3134,.F.);
#3134 = EDGE_CURVE('',#3111,#3127,#3135,.T.);
#3135 = LINE('',#3136,#3137);
#3136 = CARTESIAN_POINT('',(247.,5.,118.425));
#3137 = VECTOR('',#3138,1.);
#3138 = DIRECTION('',(0.,1.,0.));
#3139 = PLANE('',#3140);
#3140 = AXIS2_PLACEMENT_3D('',#3141,#3142,#3143);
#3141 = CARTESIAN_POINT('',(247.,5.,116.425));
#3142 = DIRECTION('',(1.,0.,0.));
#3143 = DIRECTION('',(0.,0.,1.));
#3144 = ADVANCED_FACE('',(#3145),#3170,.F.);
#3145 = FACE_BOUND('',#3146,.F.);
#3146 = EDGE_LOOP('',(#3147,#3155,#3156,#3164));
#3147 = ORIENTED_EDGE('',*,*,#3148,.F.);
#3148 = EDGE_CURVE('',#3109,#3149,#3151,.T.);
#3149 = VERTEX_POINT('',#3150);
#3150 = CARTESIAN_POINT('',(267.,5.,116.425));
#3151 = LINE('',#3152,#3153);
#3152 = CARTESIAN_POINT('',(247.,5.,116.425));
#3153 = VECTOR('',#3154,1.);
#3154 = DIRECTION('',(1.,0.,0.));
#3155 = ORIENTED_EDGE('',*,*,#3108,.T.);
#3156 = ORIENTED_EDGE('',*,*,#3157,.T.);
#3157 = EDGE_CURVE('',#3111,#3158,#3160,.T.);
#3158 = VERTEX_POINT('',#3159);
#3159 = CARTESIAN_POINT('',(267.,5.,118.425));
#3160 = LINE('',#3161,#3162);
#3161 = CARTESIAN_POINT('',(247.,5.,118.425));
#3162 = VECTOR('',#3163,1.);
#3163 = DIRECTION('',(1.,0.,0.));
#3164 = ORIENTED_EDGE('',*,*,#3165,.F.);
#3165 = EDGE_CURVE('',#3149,#3158,#3166,.T.);
#3166 = LINE('',#3167,#3168);
#3167 = CARTESIAN_POINT('',(267.,5.,116.425));
#3168 = VECTOR('',#3169,1.);
#3169 = DIRECTION('',(0.,0.,1.));
#3170 = PLANE('',#3171);
#3171 = AXIS2_PLACEMENT_3D('',#3172,#3173,#3174);
#3172 = CARTESIAN_POINT('',(247.,5.,116.425));
#3173 = DIRECTION('',(0.,1.,0.));
#3174 = DIRECTION('',(0.,0.,1.));
#3175 = ADVANCED_FACE('',(#3176,#3194),#3239,.T.);
#3176 = FACE_BOUND('',#3177,.T.);
#3177 = EDGE_LOOP('',(#3178,#3179,#3180,#3188));
#3178 = ORIENTED_EDGE('',*,*,#3134,.F.);
#3179 = ORIENTED_EDGE('',*,*,#3157,.T.);
#3180 = ORIENTED_EDGE('',*,*,#3181,.T.);
#3181 = EDGE_CURVE('',#3158,#3182,#3184,.T.);
#3182 = VERTEX_POINT('',#3183);
#3183 = CARTESIAN_POINT('',(267.,23.,118.425));
#3184 = LINE('',#3185,#3186);
#3185 = CARTESIAN_POINT('',(267.,5.,118.425));
#3186 = VECTOR('',#3187,1.);
#3187 = DIRECTION('',(0.,1.,0.));
#3188 = ORIENTED_EDGE('',*,*,#3189,.F.);
#3189 = EDGE_CURVE('',#3127,#3182,#3190,.T.);
#3190 = LINE('',#3191,#3192);
#3191 = CARTESIAN_POINT('',(247.,23.,118.425));
#3192 = VECTOR('',#3193,1.);
#3193 = DIRECTION('',(1.,0.,0.));
#3194 = FACE_BOUND('',#3195,.T.);
#3195 = EDGE_LOOP('',(#3196,#3207,#3215,#3224,#3232));
#3196 = ORIENTED_EDGE('',*,*,#3197,.F.);
#3197 = EDGE_CURVE('',#3198,#3200,#3202,.T.);
#3198 = VERTEX_POINT('',#3199);
#3199 = CARTESIAN_POINT('',(261.,11.5,118.425));
#3200 = VERTEX_POINT('',#3201);
#3201 = CARTESIAN_POINT('',(263.5,14.,118.425));
#3202 = CIRCLE('',#3203,2.5);
#3203 = AXIS2_PLACEMENT_3D('',#3204,#3205,#3206);
#3204 = CARTESIAN_POINT('',(261.,14.,118.425));
#3205 = DIRECTION('',(0.,0.,1.));
#3206 = DIRECTION('',(1.,0.,0.));
#3207 = ORIENTED_EDGE('',*,*,#3208,.T.);
#3208 = EDGE_CURVE('',#3198,#3209,#3211,.T.);
#3209 = VERTEX_POINT('',#3210);
#3210 = CARTESIAN_POINT('',(257.03887360535,11.5,118.425));
#3211 = LINE('',#3212,#3213);
#3212 = CARTESIAN_POINT('',(250.,11.5,118.425));
#3213 = VECTOR('',#3214,1.);
#3214 = DIRECTION('',(-1.,0.,0.));
#3215 = ORIENTED_EDGE('',*,*,#3216,.F.);
#3216 = EDGE_CURVE('',#3217,#3209,#3219,.T.);
#3217 = VERTEX_POINT('',#3218);
#3218 = CARTESIAN_POINT('',(257.03887360535,16.5,118.425));
#3219 = CIRCLE('',#3220,4.75);
#3220 = AXIS2_PLACEMENT_3D('',#3221,#3222,#3223);
#3221 = CARTESIAN_POINT('',(253.,14.,118.425));
#3222 = DIRECTION('',(0.,0.,1.));
#3223 = DIRECTION('',(1.,0.,0.));
#3224 = ORIENTED_EDGE('',*,*,#3225,.F.);
#3225 = EDGE_CURVE('',#3226,#3217,#3228,.T.);
#3226 = VERTEX_POINT('',#3227);
#3227 = CARTESIAN_POINT('',(261.,16.5,118.425));
#3228 = LINE('',#3229,#3230);
#3229 = CARTESIAN_POINT('',(250.,16.5,118.425));
#3230 = VECTOR('',#3231,1.);
#3231 = DIRECTION('',(-1.,0.,0.));
#3232 = ORIENTED_EDGE('',*,*,#3233,.F.);
#3233 = EDGE_CURVE('',#3200,#3226,#3234,.T.);
#3234 = CIRCLE('',#3235,2.5);
#3235 = AXIS2_PLACEMENT_3D('',#3236,#3237,#3238);
#3236 = CARTESIAN_POINT('',(261.,14.,118.425));
#3237 = DIRECTION('',(0.,0.,1.));
#3238 = DIRECTION('',(1.,0.,0.));
#3239 = PLANE('',#3240);
#3240 = AXIS2_PLACEMENT_3D('',#3241,#3242,#3243);
#3241 = CARTESIAN_POINT('',(247.,5.,118.425));
#3242 = DIRECTION('',(0.,0.,1.));
#3243 = DIRECTION('',(1.,0.,0.));
#3244 = ADVANCED_FACE('',(#3245),#3263,.T.);
#3245 = FACE_BOUND('',#3246,.T.);
#3246 = EDGE_LOOP('',(#3247,#3255,#3256,#3257));
#3247 = ORIENTED_EDGE('',*,*,#3248,.F.);
#3248 = EDGE_CURVE('',#3119,#3249,#3251,.T.);
#3249 = VERTEX_POINT('',#3250);
#3250 = CARTESIAN_POINT('',(267.,23.,116.425));
#3251 = LINE('',#3252,#3253);
#3252 = CARTESIAN_POINT('',(247.,23.,116.425));
#3253 = VECTOR('',#3254,1.);
#3254 = DIRECTION('',(1.,0.,0.));
#3255 = ORIENTED_EDGE('',*,*,#3126,.T.);
#3256 = ORIENTED_EDGE('',*,*,#3189,.T.);
#3257 = ORIENTED_EDGE('',*,*,#3258,.F.);
#3258 = EDGE_CURVE('',#3249,#3182,#3259,.T.);
#3259 = LINE('',#3260,#3261);
#3260 = CARTESIAN_POINT('',(267.,23.,116.425));
#3261 = VECTOR('',#3262,1.);
#3262 = DIRECTION('',(0.,0.,1.));
#3263 = PLANE('',#3264);
#3264 = AXIS2_PLACEMENT_3D('',#3265,#3266,#3267);
#3265 = CARTESIAN_POINT('',(247.,23.,116.425));
#3266 = DIRECTION('',(0.,1.,0.));
#3267 = DIRECTION('',(0.,0.,1.));
#3268 = ADVANCED_FACE('',(#3269,#3280),#3325,.F.);
#3269 = FACE_BOUND('',#3270,.F.);
#3270 = EDGE_LOOP('',(#3271,#3272,#3273,#3279));
#3271 = ORIENTED_EDGE('',*,*,#3118,.F.);
#3272 = ORIENTED_EDGE('',*,*,#3148,.T.);
#3273 = ORIENTED_EDGE('',*,*,#3274,.T.);
#3274 = EDGE_CURVE('',#3149,#3249,#3275,.T.);
#3275 = LINE('',#3276,#3277);
#3276 = CARTESIAN_POINT('',(267.,5.,116.425));
#3277 = VECTOR('',#3278,1.);
#3278 = DIRECTION('',(0.,1.,0.));
#3279 = ORIENTED_EDGE('',*,*,#3248,.F.);
#3280 = FACE_BOUND('',#3281,.F.);
#3281 = EDGE_LOOP('',(#3282,#3293,#3301,#3310,#3318));
#3282 = ORIENTED_EDGE('',*,*,#3283,.F.);
#3283 = EDGE_CURVE('',#3284,#3286,#3288,.T.);
#3284 = VERTEX_POINT('',#3285);
#3285 = CARTESIAN_POINT('',(261.,11.5,116.425));
#3286 = VERTEX_POINT('',#3287);
#3287 = CARTESIAN_POINT('',(263.5,14.,116.425));
#3288 = CIRCLE('',#3289,2.5);
#3289 = AXIS2_PLACEMENT_3D('',#3290,#3291,#3292);
#3290 = CARTESIAN_POINT('',(261.,14.,116.425));
#3291 = DIRECTION('',(0.,0.,1.));
#3292 = DIRECTION('',(1.,0.,0.));
#3293 = ORIENTED_EDGE('',*,*,#3294,.T.);
#3294 = EDGE_CURVE('',#3284,#3295,#3297,.T.);
#3295 = VERTEX_POINT('',#3296);
#3296 = CARTESIAN_POINT('',(257.03887360535,11.5,116.425));
#3297 = LINE('',#3298,#3299);
#3298 = CARTESIAN_POINT('',(250.,11.5,116.425));
#3299 = VECTOR('',#3300,1.);
#3300 = DIRECTION('',(-1.,0.,0.));
#3301 = ORIENTED_EDGE('',*,*,#3302,.F.);
#3302 = EDGE_CURVE('',#3303,#3295,#3305,.T.);
#3303 = VERTEX_POINT('',#3304);
#3304 = CARTESIAN_POINT('',(257.03887360535,16.5,116.425));
#3305 = CIRCLE('',#3306,4.75);
#3306 = AXIS2_PLACEMENT_3D('',#3307,#3308,#3309);
#3307 = CARTESIAN_POINT('',(253.,14.,116.425));
#3308 = DIRECTION('',(0.,0.,1.));
#3309 = DIRECTION('',(1.,0.,0.));
#3310 = ORIENTED_EDGE('',*,*,#3311,.F.);
#3311 = EDGE_CURVE('',#3312,#3303,#3314,.T.);
#3312 = VERTEX_POINT('',#3313);
#3313 = CARTESIAN_POINT('',(261.,16.5,116.425));
#3314 = LINE('',#3315,#3316);
#3315 = CARTESIAN_POINT('',(250.,16.5,116.425));
#3316 = VECTOR('',#3317,1.);
#3317 = DIRECTION('',(-1.,0.,0.));
#3318 = ORIENTED_EDGE('',*,*,#3319,.F.);
#3319 = EDGE_CURVE('',#3286,#3312,#3320,.T.);
#3320 = CIRCLE('',#3321,2.5);
#3321 = AXIS2_PLACEMENT_3D('',#3322,#3323,#3324);
#3322 = CARTESIAN_POINT('',(261.,14.,116.425));
#3323 = DIRECTION('',(0.,0.,1.));
#3324 = DIRECTION('',(1.,0.,0.));
#3325 = PLANE('',#3326);
#3326 = AXIS2_PLACEMENT_3D('',#3327,#3328,#3329);
#3327 = CARTESIAN_POINT('',(247.,5.,116.425));
#3328 = DIRECTION('',(0.,0.,1.));
#3329 = DIRECTION('',(1.,0.,0.));
#3330 = ADVANCED_FACE('',(#3331),#3337,.T.);
#3331 = FACE_BOUND('',#3332,.T.);
#3332 = EDGE_LOOP('',(#3333,#3334,#3335,#3336));
#3333 = ORIENTED_EDGE('',*,*,#3165,.F.);
#3334 = ORIENTED_EDGE('',*,*,#3274,.T.);
#3335 = ORIENTED_EDGE('',*,*,#3258,.T.);
#3336 = ORIENTED_EDGE('',*,*,#3181,.F.);
#3337 = PLANE('',#3338);
#3338 = AXIS2_PLACEMENT_3D('',#3339,#3340,#3341);
#3339 = CARTESIAN_POINT('',(267.,5.,116.425));
#3340 = DIRECTION('',(1.,0.,0.));
#3341 = DIRECTION('',(0.,0.,1.));
#3342 = ADVANCED_FACE('',(#3343),#3359,.F.);
#3343 = FACE_BOUND('',#3344,.F.);
#3344 = EDGE_LOOP('',(#3345,#3346,#3352,#3353));
#3345 = ORIENTED_EDGE('',*,*,#3283,.T.);
#3346 = ORIENTED_EDGE('',*,*,#3347,.T.);
#3347 = EDGE_CURVE('',#3286,#3200,#3348,.T.);
#3348 = LINE('',#3349,#3350);
#3349 = CARTESIAN_POINT('',(263.5,14.,115.425));
#3350 = VECTOR('',#3351,1.);
#3351 = DIRECTION('',(0.,0.,1.));
#3352 = ORIENTED_EDGE('',*,*,#3197,.F.);
#3353 = ORIENTED_EDGE('',*,*,#3354,.F.);
#3354 = EDGE_CURVE('',#3284,#3198,#3355,.T.);
#3355 = LINE('',#3356,#3357);
#3356 = CARTESIAN_POINT('',(261.,11.5,115.425));
#3357 = VECTOR('',#3358,1.);
#3358 = DIRECTION('',(0.,0.,1.));
#3359 = CYLINDRICAL_SURFACE('',#3360,2.5);
#3360 = AXIS2_PLACEMENT_3D('',#3361,#3362,#3363);
#3361 = CARTESIAN_POINT('',(261.,14.,115.425));
#3362 = DIRECTION('',(0.,0.,1.));
#3363 = DIRECTION('',(1.,0.,0.));
#3364 = ADVANCED_FACE('',(#3365),#3376,.F.);
#3365 = FACE_BOUND('',#3366,.F.);
#3366 = EDGE_LOOP('',(#3367,#3368,#3369,#3370));
#3367 = ORIENTED_EDGE('',*,*,#3233,.F.);
#3368 = ORIENTED_EDGE('',*,*,#3347,.F.);
#3369 = ORIENTED_EDGE('',*,*,#3319,.T.);
#3370 = ORIENTED_EDGE('',*,*,#3371,.T.);
#3371 = EDGE_CURVE('',#3312,#3226,#3372,.T.);
#3372 = LINE('',#3373,#3374);
#3373 = CARTESIAN_POINT('',(261.,16.5,115.425));
#3374 = VECTOR('',#3375,1.);
#3375 = DIRECTION('',(0.,0.,1.));
#3376 = CYLINDRICAL_SURFACE('',#3377,2.5);
#3377 = AXIS2_PLACEMENT_3D('',#3378,#3379,#3380);
#3378 = CARTESIAN_POINT('',(261.,14.,115.425));
#3379 = DIRECTION('',(0.,0.,1.));
#3380 = DIRECTION('',(1.,0.,0.));
#3381 = ADVANCED_FACE('',(#3382),#3393,.F.);
#3382 = FACE_BOUND('',#3383,.F.);
#3383 = EDGE_LOOP('',(#3384,#3385,#3391,#3392));
#3384 = ORIENTED_EDGE('',*,*,#3311,.T.);
#3385 = ORIENTED_EDGE('',*,*,#3386,.T.);
#3386 = EDGE_CURVE('',#3303,#3217,#3387,.T.);
#3387 = LINE('',#3388,#3389);
#3388 = CARTESIAN_POINT('',(257.03887360535,16.5,115.425));
#3389 = VECTOR('',#3390,1.);
#3390 = DIRECTION('',(0.,0.,1.));
#3391 = ORIENTED_EDGE('',*,*,#3225,.F.);
#3392 = ORIENTED_EDGE('',*,*,#3371,.F.);
#3393 = PLANE('',#3394);
#3394 = AXIS2_PLACEMENT_3D('',#3395,#3396,#3397);
#3395 = CARTESIAN_POINT('',(253.,16.5,115.425));
#3396 = DIRECTION('',(0.,1.,0.));
#3397 = DIRECTION('',(0.,0.,1.));
#3398 = ADVANCED_FACE('',(#3399),#3410,.F.);
#3399 = FACE_BOUND('',#3400,.F.);
#3400 = EDGE_LOOP('',(#3401,#3402,#3403,#3404));
#3401 = ORIENTED_EDGE('',*,*,#3216,.F.);
#3402 = ORIENTED_EDGE('',*,*,#3386,.F.);
#3403 = ORIENTED_EDGE('',*,*,#3302,.T.);
#3404 = ORIENTED_EDGE('',*,*,#3405,.T.);
#3405 = EDGE_CURVE('',#3295,#3209,#3406,.T.);
#3406 = LINE('',#3407,#3408);
#3407 = CARTESIAN_POINT('',(257.03887360535,11.5,115.425));
#3408 = VECTOR('',#3409,1.);
#3409 = DIRECTION('',(0.,0.,1.));
#3410 = CYLINDRICAL_SURFACE('',#3411,4.75);
#3411 = AXIS2_PLACEMENT_3D('',#3412,#3413,#3414);
#3412 = CARTESIAN_POINT('',(253.,14.,115.425));
#3413 = DIRECTION('',(0.,0.,1.));
#3414 = DIRECTION('',(1.,0.,0.));
#3415 = ADVANCED_FACE('',(#3416),#3422,.T.);
#3416 = FACE_BOUND('',#3417,.T.);
#3417 = EDGE_LOOP('',(#3418,#3419,#3420,#3421));
#3418 = ORIENTED_EDGE('',*,*,#3294,.T.);
#3419 = ORIENTED_EDGE('',*,*,#3405,.T.);
#3420 = ORIENTED_EDGE('',*,*,#3208,.F.);
#3421 = ORIENTED_EDGE('',*,*,#3354,.F.);
#3422 = PLANE('',#3423);
#3423 = AXIS2_PLACEMENT_3D('',#3424,#3425,#3426);
#3424 = CARTESIAN_POINT('',(253.,11.5,115.425));
#3425 = DIRECTION('',(0.,1.,0.));
#3426 = DIRECTION('',(0.,0.,1.));
#3427 = MANIFOLD_SOLID_BREP('',#3428);
#3428 = CLOSED_SHELL('',(#3429,#3469,#3500,#3535,#3559,#3587,#3599));
#3429 = ADVANCED_FACE('',(#3430),#3464,.F.);
#3430 = FACE_BOUND('',#3431,.F.);
#3431 = EDGE_LOOP('',(#3432,#3442,#3450,#3458));
#3432 = ORIENTED_EDGE('',*,*,#3433,.F.);
#3433 = EDGE_CURVE('',#3434,#3436,#3438,.T.);
#3434 = VERTEX_POINT('',#3435);
#3435 = CARTESIAN_POINT('',(5.,248.3,86.));
#3436 = VERTEX_POINT('',#3437);
#3437 = CARTESIAN_POINT('',(5.,248.3,89.175));
#3438 = LINE('',#3439,#3440);
#3439 = CARTESIAN_POINT('',(5.,248.3,86.));
#3440 = VECTOR('',#3441,1.);
#3441 = DIRECTION('',(0.,0.,1.));
#3442 = ORIENTED_EDGE('',*,*,#3443,.T.);
#3443 = EDGE_CURVE('',#3434,#3444,#3446,.T.);
#3444 = VERTEX_POINT('',#3445);
#3445 = CARTESIAN_POINT('',(5.,273.7,86.));
#3446 = LINE('',#3447,#3448);
#3447 = CARTESIAN_POINT('',(5.,248.3,86.));
#3448 = VECTOR('',#3449,1.);
#3449 = DIRECTION('',(0.,1.,0.));
#3450 = ORIENTED_EDGE('',*,*,#3451,.T.);
#3451 = EDGE_CURVE('',#3444,#3452,#3454,.T.);
#3452 = VERTEX_POINT('',#3453);
#3453 = CARTESIAN_POINT('',(5.,273.7,89.175));
#3454 = LINE('',#3455,#3456);
#3455 = CARTESIAN_POINT('',(5.,273.7,86.));
#3456 = VECTOR('',#3457,1.);
#3457 = DIRECTION('',(0.,0.,1.));
#3458 = ORIENTED_EDGE('',*,*,#3459,.F.);
#3459 = EDGE_CURVE('',#3436,#3452,#3460,.T.);
#3460 = LINE('',#3461,#3462);
#3461 = CARTESIAN_POINT('',(5.,248.3,89.175));
#3462 = VECTOR('',#3463,1.);
#3463 = DIRECTION('',(0.,1.,0.));
#3464 = PLANE('',#3465);
#3465 = AXIS2_PLACEMENT_3D('',#3466,#3467,#3468);
#3466 = CARTESIAN_POINT('',(5.,248.3,86.));
#3467 = DIRECTION('',(1.,0.,0.));
#3468 = DIRECTION('',(0.,0.,1.));
#3469 = ADVANCED_FACE('',(#3470),#3495,.F.);
#3470 = FACE_BOUND('',#3471,.F.);
#3471 = EDGE_LOOP('',(#3472,#3480,#3481,#3489));
#3472 = ORIENTED_EDGE('',*,*,#3473,.F.);
#3473 = EDGE_CURVE('',#3434,#3474,#3476,.T.);
#3474 = VERTEX_POINT('',#3475);
#3475 = CARTESIAN_POINT('',(23.,248.3,86.));
#3476 = LINE('',#3477,#3478);
#3477 = CARTESIAN_POINT('',(5.,248.3,86.));
#3478 = VECTOR('',#3479,1.);
#3479 = DIRECTION('',(1.,0.,0.));
#3480 = ORIENTED_EDGE('',*,*,#3433,.T.);
#3481 = ORIENTED_EDGE('',*,*,#3482,.T.);
#3482 = EDGE_CURVE('',#3436,#3483,#3485,.T.);
#3483 = VERTEX_POINT('',#3484);
#3484 = CARTESIAN_POINT('',(23.,248.3,89.175));
#3485 = LINE('',#3486,#3487);
#3486 = CARTESIAN_POINT('',(5.,248.3,89.175));
#3487 = VECTOR('',#3488,1.);
#3488 = DIRECTION('',(1.,0.,0.));
#3489 = ORIENTED_EDGE('',*,*,#3490,.F.);
#3490 = EDGE_CURVE('',#3474,#3483,#3491,.T.);
#3491 = LINE('',#3492,#3493);
#3492 = CARTESIAN_POINT('',(23.,248.3,86.));
#3493 = VECTOR('',#3494,1.);
#3494 = DIRECTION('',(0.,0.,1.));
#3495 = PLANE('',#3496);
#3496 = AXIS2_PLACEMENT_3D('',#3497,#3498,#3499);
#3497 = CARTESIAN_POINT('',(5.,248.3,86.));
#3498 = DIRECTION('',(0.,1.,0.));
#3499 = DIRECTION('',(0.,0.,1.));
#3500 = ADVANCED_FACE('',(#3501,#3519),#3530,.T.);
#3501 = FACE_BOUND('',#3502,.T.);
#3502 = EDGE_LOOP('',(#3503,#3504,#3505,#3513));
#3503 = ORIENTED_EDGE('',*,*,#3459,.F.);
#3504 = ORIENTED_EDGE('',*,*,#3482,.T.);
#3505 = ORIENTED_EDGE('',*,*,#3506,.T.);
#3506 = EDGE_CURVE('',#3483,#3507,#3509,.T.);
#3507 = VERTEX_POINT('',#3508);
#3508 = CARTESIAN_POINT('',(23.,273.7,89.175));
#3509 = LINE('',#3510,#3511);
#3510 = CARTESIAN_POINT('',(23.,248.3,89.175));
#3511 = VECTOR('',#3512,1.);
#3512 = DIRECTION('',(0.,1.,0.));
#3513 = ORIENTED_EDGE('',*,*,#3514,.F.);
#3514 = EDGE_CURVE('',#3452,#3507,#3515,.T.);
#3515 = LINE('',#3516,#3517);
#3516 = CARTESIAN_POINT('',(5.,273.7,89.175));
#3517 = VECTOR('',#3518,1.);
#3518 = DIRECTION('',(1.,0.,0.));
#3519 = FACE_BOUND('',#3520,.T.);
#3520 = EDGE_LOOP('',(#3521));
#3521 = ORIENTED_EDGE('',*,*,#3522,.F.);
#3522 = EDGE_CURVE('',#3523,#3523,#3525,.T.);
#3523 = VERTEX_POINT('',#3524);
#3524 = CARTESIAN_POINT('',(18.75,261.,89.175));
#3525 = CIRCLE('',#3526,4.75);
#3526 = AXIS2_PLACEMENT_3D('',#3527,#3528,#3529);
#3527 = CARTESIAN_POINT('',(14.,261.,89.175));
#3528 = DIRECTION('',(0.,0.,1.));
#3529 = DIRECTION('',(1.,0.,0.));
#3530 = PLANE('',#3531);
#3531 = AXIS2_PLACEMENT_3D('',#3532,#3533,#3534);
#3532 = CARTESIAN_POINT('',(5.,248.3,89.175));
#3533 = DIRECTION('',(0.,0.,1.));
#3534 = DIRECTION('',(1.,0.,0.));
#3535 = ADVANCED_FACE('',(#3536),#3554,.T.);
#3536 = FACE_BOUND('',#3537,.T.);
#3537 = EDGE_LOOP('',(#3538,#3546,#3547,#3548));
#3538 = ORIENTED_EDGE('',*,*,#3539,.F.);
#3539 = EDGE_CURVE('',#3444,#3540,#3542,.T.);
#3540 = VERTEX_POINT('',#3541);
#3541 = CARTESIAN_POINT('',(23.,273.7,86.));
#3542 = LINE('',#3543,#3544);
#3543 = CARTESIAN_POINT('',(5.,273.7,86.));
#3544 = VECTOR('',#3545,1.);
#3545 = DIRECTION('',(1.,0.,0.));
#3546 = ORIENTED_EDGE('',*,*,#3451,.T.);
#3547 = ORIENTED_EDGE('',*,*,#3514,.T.);
#3548 = ORIENTED_EDGE('',*,*,#3549,.F.);
#3549 = EDGE_CURVE('',#3540,#3507,#3550,.T.);
#3550 = LINE('',#3551,#3552);
#3551 = CARTESIAN_POINT('',(23.,273.7,86.));
#3552 = VECTOR('',#3553,1.);
#3553 = DIRECTION('',(0.,0.,1.));
#3554 = PLANE('',#3555);
#3555 = AXIS2_PLACEMENT_3D('',#3556,#3557,#3558);
#3556 = CARTESIAN_POINT('',(5.,273.7,86.));
#3557 = DIRECTION('',(0.,1.,0.));
#3558 = DIRECTION('',(0.,0.,1.));
#3559 = ADVANCED_FACE('',(#3560,#3571),#3582,.F.);
#3560 = FACE_BOUND('',#3561,.F.);
#3561 = EDGE_LOOP('',(#3562,#3563,#3564,#3570));
#3562 = ORIENTED_EDGE('',*,*,#3443,.F.);
#3563 = ORIENTED_EDGE('',*,*,#3473,.T.);
#3564 = ORIENTED_EDGE('',*,*,#3565,.T.);
#3565 = EDGE_CURVE('',#3474,#3540,#3566,.T.);
#3566 = LINE('',#3567,#3568);
#3567 = CARTESIAN_POINT('',(23.,248.3,86.));
#3568 = VECTOR('',#3569,1.);
#3569 = DIRECTION('',(0.,1.,0.));
#3570 = ORIENTED_EDGE('',*,*,#3539,.F.);
#3571 = FACE_BOUND('',#3572,.F.);
#3572 = EDGE_LOOP('',(#3573));
#3573 = ORIENTED_EDGE('',*,*,#3574,.F.);
#3574 = EDGE_CURVE('',#3575,#3575,#3577,.T.);
#3575 = VERTEX_POINT('',#3576);
#3576 = CARTESIAN_POINT('',(18.75,261.,86.));
#3577 = CIRCLE('',#3578,4.75);
#3578 = AXIS2_PLACEMENT_3D('',#3579,#3580,#3581);
#3579 = CARTESIAN_POINT('',(14.,261.,86.));
#3580 = DIRECTION('',(0.,0.,1.));
#3581 = DIRECTION('',(1.,0.,0.));
#3582 = PLANE('',#3583);
#3583 = AXIS2_PLACEMENT_3D('',#3584,#3585,#3586);
#3584 = CARTESIAN_POINT('',(5.,248.3,86.));
#3585 = DIRECTION('',(0.,0.,1.));
#3586 = DIRECTION('',(1.,0.,0.));
#3587 = ADVANCED_FACE('',(#3588),#3594,.T.);
#3588 = FACE_BOUND('',#3589,.T.);
#3589 = EDGE_LOOP('',(#3590,#3591,#3592,#3593));
#3590 = ORIENTED_EDGE('',*,*,#3490,.F.);
#3591 = ORIENTED_EDGE('',*,*,#3565,.T.);
#3592 = ORIENTED_EDGE('',*,*,#3549,.T.);
#3593 = ORIENTED_EDGE('',*,*,#3506,.F.);
#3594 = PLANE('',#3595);
#3595 = AXIS2_PLACEMENT_3D('',#3596,#3597,#3598);
#3596 = CARTESIAN_POINT('',(23.,248.3,86.));
#3597 = DIRECTION('',(1.,0.,0.));
#3598 = DIRECTION('',(0.,0.,1.));
#3599 = ADVANCED_FACE('',(#3600),#3611,.F.);
#3600 = FACE_BOUND('',#3601,.F.);
#3601 = EDGE_LOOP('',(#3602,#3603,#3609,#3610));
#3602 = ORIENTED_EDGE('',*,*,#3522,.F.);
#3603 = ORIENTED_EDGE('',*,*,#3604,.F.);
#3604 = EDGE_CURVE('',#3575,#3523,#3605,.T.);
#3605 = LINE('',#3606,#3607);
#3606 = CARTESIAN_POINT('',(18.75,261.,85.));
#3607 = VECTOR('',#3608,1.);
#3608 = DIRECTION('',(0.,0.,1.));
#3609 = ORIENTED_EDGE('',*,*,#3574,.T.);
#3610 = ORIENTED_EDGE('',*,*,#3604,.T.);
#3611 = CYLINDRICAL_SURFACE('',#3612,4.75);
#3612 = AXIS2_PLACEMENT_3D('',#3613,#3614,#3615);
#3613 = CARTESIAN_POINT('',(14.,261.,85.));
#3614 = DIRECTION('',(0.,0.,1.));
#3615 = DIRECTION('',(1.,0.,0.));
#3616 = MANIFOLD_SOLID_BREP('',#3617);
#3617 = CLOSED_SHELL('',(#3618,#3658,#3689,#3724,#3748,#3776,#3788));
#3618 = ADVANCED_FACE('',(#3619),#3653,.F.);
#3619 = FACE_BOUND('',#3620,.F.);
#3620 = EDGE_LOOP('',(#3621,#3631,#3639,#3647));
#3621 = ORIENTED_EDGE('',*,*,#3622,.F.);
#3622 = EDGE_CURVE('',#3623,#3625,#3627,.T.);
#3623 = VERTEX_POINT('',#3624);
#3624 = CARTESIAN_POINT('',(5.,248.3,120.925));
#3625 = VERTEX_POINT('',#3626);
#3626 = CARTESIAN_POINT('',(5.,248.3,124.1));
#3627 = LINE('',#3628,#3629);
#3628 = CARTESIAN_POINT('',(5.,248.3,120.925));
#3629 = VECTOR('',#3630,1.);
#3630 = DIRECTION('',(0.,0.,1.));
#3631 = ORIENTED_EDGE('',*,*,#3632,.T.);
#3632 = EDGE_CURVE('',#3623,#3633,#3635,.T.);
#3633 = VERTEX_POINT('',#3634);
#3634 = CARTESIAN_POINT('',(5.,273.7,120.925));
#3635 = LINE('',#3636,#3637);
#3636 = CARTESIAN_POINT('',(5.,248.3,120.925));
#3637 = VECTOR('',#3638,1.);
#3638 = DIRECTION('',(0.,1.,0.));
#3639 = ORIENTED_EDGE('',*,*,#3640,.T.);
#3640 = EDGE_CURVE('',#3633,#3641,#3643,.T.);
#3641 = VERTEX_POINT('',#3642);
#3642 = CARTESIAN_POINT('',(5.,273.7,124.1));
#3643 = LINE('',#3644,#3645);
#3644 = CARTESIAN_POINT('',(5.,273.7,120.925));
#3645 = VECTOR('',#3646,1.);
#3646 = DIRECTION('',(0.,0.,1.));
#3647 = ORIENTED_EDGE('',*,*,#3648,.F.);
#3648 = EDGE_CURVE('',#3625,#3641,#3649,.T.);
#3649 = LINE('',#3650,#3651);
#3650 = CARTESIAN_POINT('',(5.,248.3,124.1));
#3651 = VECTOR('',#3652,1.);
#3652 = DIRECTION('',(0.,1.,0.));
#3653 = PLANE('',#3654);
#3654 = AXIS2_PLACEMENT_3D('',#3655,#3656,#3657);
#3655 = CARTESIAN_POINT('',(5.,248.3,120.925));
#3656 = DIRECTION('',(1.,0.,0.));
#3657 = DIRECTION('',(0.,0.,1.));
#3658 = ADVANCED_FACE('',(#3659),#3684,.F.);
#3659 = FACE_BOUND('',#3660,.F.);
#3660 = EDGE_LOOP('',(#3661,#3669,#3670,#3678));
#3661 = ORIENTED_EDGE('',*,*,#3662,.F.);
#3662 = EDGE_CURVE('',#3623,#3663,#3665,.T.);
#3663 = VERTEX_POINT('',#3664);
#3664 = CARTESIAN_POINT('',(23.,248.3,120.925));
#3665 = LINE('',#3666,#3667);
#3666 = CARTESIAN_POINT('',(5.,248.3,120.925));
#3667 = VECTOR('',#3668,1.);
#3668 = DIRECTION('',(1.,0.,0.));
#3669 = ORIENTED_EDGE('',*,*,#3622,.T.);
#3670 = ORIENTED_EDGE('',*,*,#3671,.T.);
#3671 = EDGE_CURVE('',#3625,#3672,#3674,.T.);
#3672 = VERTEX_POINT('',#3673);
#3673 = CARTESIAN_POINT('',(23.,248.3,124.1));
#3674 = LINE('',#3675,#3676);
#3675 = CARTESIAN_POINT('',(5.,248.3,124.1));
#3676 = VECTOR('',#3677,1.);
#3677 = DIRECTION('',(1.,0.,0.));
#3678 = ORIENTED_EDGE('',*,*,#3679,.F.);
#3679 = EDGE_CURVE('',#3663,#3672,#3680,.T.);
#3680 = LINE('',#3681,#3682);
#3681 = CARTESIAN_POINT('',(23.,248.3,120.925));
#3682 = VECTOR('',#3683,1.);
#3683 = DIRECTION('',(0.,0.,1.));
#3684 = PLANE('',#3685);
#3685 = AXIS2_PLACEMENT_3D('',#3686,#3687,#3688);
#3686 = CARTESIAN_POINT('',(5.,248.3,120.925));
#3687 = DIRECTION('',(0.,1.,0.));
#3688 = DIRECTION('',(0.,0.,1.));
#3689 = ADVANCED_FACE('',(#3690,#3708),#3719,.T.);
#3690 = FACE_BOUND('',#3691,.T.);
#3691 = EDGE_LOOP('',(#3692,#3693,#3694,#3702));
#3692 = ORIENTED_EDGE('',*,*,#3648,.F.);
#3693 = ORIENTED_EDGE('',*,*,#3671,.T.);
#3694 = ORIENTED_EDGE('',*,*,#3695,.T.);
#3695 = EDGE_CURVE('',#3672,#3696,#3698,.T.);
#3696 = VERTEX_POINT('',#3697);
#3697 = CARTESIAN_POINT('',(23.,273.7,124.1));
#3698 = LINE('',#3699,#3700);
#3699 = CARTESIAN_POINT('',(23.,248.3,124.1));
#3700 = VECTOR('',#3701,1.);
#3701 = DIRECTION('',(0.,1.,0.));
#3702 = ORIENTED_EDGE('',*,*,#3703,.F.);
#3703 = EDGE_CURVE('',#3641,#3696,#3704,.T.);
#3704 = LINE('',#3705,#3706);
#3705 = CARTESIAN_POINT('',(5.,273.7,124.1));
#3706 = VECTOR('',#3707,1.);
#3707 = DIRECTION('',(1.,0.,0.));
#3708 = FACE_BOUND('',#3709,.T.);
#3709 = EDGE_LOOP('',(#3710));
#3710 = ORIENTED_EDGE('',*,*,#3711,.F.);
#3711 = EDGE_CURVE('',#3712,#3712,#3714,.T.);
#3712 = VERTEX_POINT('',#3713);
#3713 = CARTESIAN_POINT('',(18.75,261.,124.1));
#3714 = CIRCLE('',#3715,4.75);
#3715 = AXIS2_PLACEMENT_3D('',#3716,#3717,#3718);
#3716 = CARTESIAN_POINT('',(14.,261.,124.1));
#3717 = DIRECTION('',(0.,0.,1.));
#3718 = DIRECTION('',(1.,0.,0.));
#3719 = PLANE('',#3720);
#3720 = AXIS2_PLACEMENT_3D('',#3721,#3722,#3723);
#3721 = CARTESIAN_POINT('',(5.,248.3,124.1));
#3722 = DIRECTION('',(0.,0.,1.));
#3723 = DIRECTION('',(1.,0.,0.));
#3724 = ADVANCED_FACE('',(#3725),#3743,.T.);
#3725 = FACE_BOUND('',#3726,.T.);
#3726 = EDGE_LOOP('',(#3727,#3735,#3736,#3737));
#3727 = ORIENTED_EDGE('',*,*,#3728,.F.);
#3728 = EDGE_CURVE('',#3633,#3729,#3731,.T.);
#3729 = VERTEX_POINT('',#3730);
#3730 = CARTESIAN_POINT('',(23.,273.7,120.925));
#3731 = LINE('',#3732,#3733);
#3732 = CARTESIAN_POINT('',(5.,273.7,120.925));
#3733 = VECTOR('',#3734,1.);
#3734 = DIRECTION('',(1.,0.,0.));
#3735 = ORIENTED_EDGE('',*,*,#3640,.T.);
#3736 = ORIENTED_EDGE('',*,*,#3703,.T.);
#3737 = ORIENTED_EDGE('',*,*,#3738,.F.);
#3738 = EDGE_CURVE('',#3729,#3696,#3739,.T.);
#3739 = LINE('',#3740,#3741);
#3740 = CARTESIAN_POINT('',(23.,273.7,120.925));
#3741 = VECTOR('',#3742,1.);
#3742 = DIRECTION('',(0.,0.,1.));
#3743 = PLANE('',#3744);
#3744 = AXIS2_PLACEMENT_3D('',#3745,#3746,#3747);
#3745 = CARTESIAN_POINT('',(5.,273.7,120.925));
#3746 = DIRECTION('',(0.,1.,0.));
#3747 = DIRECTION('',(0.,0.,1.));
#3748 = ADVANCED_FACE('',(#3749,#3760),#3771,.F.);
#3749 = FACE_BOUND('',#3750,.F.);
#3750 = EDGE_LOOP('',(#3751,#3752,#3753,#3759));
#3751 = ORIENTED_EDGE('',*,*,#3632,.F.);
#3752 = ORIENTED_EDGE('',*,*,#3662,.T.);
#3753 = ORIENTED_EDGE('',*,*,#3754,.T.);
#3754 = EDGE_CURVE('',#3663,#3729,#3755,.T.);
#3755 = LINE('',#3756,#3757);
#3756 = CARTESIAN_POINT('',(23.,248.3,120.925));
#3757 = VECTOR('',#3758,1.);
#3758 = DIRECTION('',(0.,1.,0.));
#3759 = ORIENTED_EDGE('',*,*,#3728,.F.);
#3760 = FACE_BOUND('',#3761,.F.);
#3761 = EDGE_LOOP('',(#3762));
#3762 = ORIENTED_EDGE('',*,*,#3763,.F.);
#3763 = EDGE_CURVE('',#3764,#3764,#3766,.T.);
#3764 = VERTEX_POINT('',#3765);
#3765 = CARTESIAN_POINT('',(18.75,261.,120.925));
#3766 = CIRCLE('',#3767,4.75);
#3767 = AXIS2_PLACEMENT_3D('',#3768,#3769,#3770);
#3768 = CARTESIAN_POINT('',(14.,261.,120.925));
#3769 = DIRECTION('',(0.,0.,1.));
#3770 = DIRECTION('',(1.,0.,0.));
#3771 = PLANE('',#3772);
#3772 = AXIS2_PLACEMENT_3D('',#3773,#3774,#3775);
#3773 = CARTESIAN_POINT('',(5.,248.3,120.925));
#3774 = DIRECTION('',(0.,0.,1.));
#3775 = DIRECTION('',(1.,0.,0.));
#3776 = ADVANCED_FACE('',(#3777),#3783,.T.);
#3777 = FACE_BOUND('',#3778,.T.);
#3778 = EDGE_LOOP('',(#3779,#3780,#3781,#3782));
#3779 = ORIENTED_EDGE('',*,*,#3679,.F.);
#3780 = ORIENTED_EDGE('',*,*,#3754,.T.);
#3781 = ORIENTED_EDGE('',*,*,#3738,.T.);
#3782 = ORIENTED_EDGE('',*,*,#3695,.F.);
#3783 = PLANE('',#3784);
#3784 = AXIS2_PLACEMENT_3D('',#3785,#3786,#3787);
#3785 = CARTESIAN_POINT('',(23.,248.3,120.925));
#3786 = DIRECTION('',(1.,0.,0.));
#3787 = DIRECTION('',(0.,0.,1.));
#3788 = ADVANCED_FACE('',(#3789),#3800,.F.);
#3789 = FACE_BOUND('',#3790,.F.);
#3790 = EDGE_LOOP('',(#3791,#3792,#3798,#3799));
#3791 = ORIENTED_EDGE('',*,*,#3711,.F.);
#3792 = ORIENTED_EDGE('',*,*,#3793,.F.);
#3793 = EDGE_CURVE('',#3764,#3712,#3794,.T.);
#3794 = LINE('',#3795,#3796);
#3795 = CARTESIAN_POINT('',(18.75,261.,119.925));
#3796 = VECTOR('',#3797,1.);
#3797 = DIRECTION('',(0.,0.,1.));
#3798 = ORIENTED_EDGE('',*,*,#3763,.T.);
#3799 = ORIENTED_EDGE('',*,*,#3793,.T.);
#3800 = CYLINDRICAL_SURFACE('',#3801,4.75);
#3801 = AXIS2_PLACEMENT_3D('',#3802,#3803,#3804);
#3802 = CARTESIAN_POINT('',(14.,261.,119.925));
#3803 = DIRECTION('',(0.,0.,1.));
#3804 = DIRECTION('',(1.,0.,0.));
#3805 = MANIFOLD_SOLID_BREP('',#3806);
#3806 = CLOSED_SHELL('',(#3807,#3847,#3887,#3909,#3931,#3943));
#3807 = ADVANCED_FACE('',(#3808),#3842,.F.);
#3808 = FACE_BOUND('',#3809,.F.);
#3809 = EDGE_LOOP('',(#3810,#3820,#3828,#3836));
#3810 = ORIENTED_EDGE('',*,*,#3811,.F.);
#3811 = EDGE_CURVE('',#3812,#3814,#3816,.T.);
#3812 = VERTEX_POINT('',#3813);
#3813 = CARTESIAN_POINT('',(5.,248.3,89.175));
#3814 = VERTEX_POINT('',#3815);
#3815 = CARTESIAN_POINT('',(5.,248.3,120.925));
#3816 = LINE('',#3817,#3818);
#3817 = CARTESIAN_POINT('',(5.,248.3,89.175));
#3818 = VECTOR('',#3819,1.);
#3819 = DIRECTION('',(0.,0.,1.));
#3820 = ORIENTED_EDGE('',*,*,#3821,.T.);
#3821 = EDGE_CURVE('',#3812,#3822,#3824,.T.);
#3822 = VERTEX_POINT('',#3823);
#3823 = CARTESIAN_POINT('',(5.,251.475,89.175));
#3824 = LINE('',#3825,#3826);
#3825 = CARTESIAN_POINT('',(5.,248.3,89.175));
#3826 = VECTOR('',#3827,1.);
#3827 = DIRECTION('',(0.,1.,0.));
#3828 = ORIENTED_EDGE('',*,*,#3829,.T.);
#3829 = EDGE_CURVE('',#3822,#3830,#3832,.T.);
#3830 = VERTEX_POINT('',#3831);
#3831 = CARTESIAN_POINT('',(5.,251.475,120.925));
#3832 = LINE('',#3833,#3834);
#3833 = CARTESIAN_POINT('',(5.,251.475,89.175));
#3834 = VECTOR('',#3835,1.);
#3835 = DIRECTION('',(0.,0.,1.));
#3836 = ORIENTED_EDGE('',*,*,#3837,.F.);
#3837 = EDGE_CURVE('',#3814,#3830,#3838,.T.);
#3838 = LINE('',#3839,#3840);
#3839 = CARTESIAN_POINT('',(5.,248.3,120.925));
#3840 = VECTOR('',#3841,1.);
#3841 = DIRECTION('',(0.,1.,0.));
#3842 = PLANE('',#3843);
#3843 = AXIS2_PLACEMENT_3D('',#3844,#3845,#3846);
#3844 = CARTESIAN_POINT('',(5.,248.3,89.175));
#3845 = DIRECTION('',(1.,0.,0.));
#3846 = DIRECTION('',(0.,0.,1.));
#3847 = ADVANCED_FACE('',(#3848),#3882,.T.);
#3848 = FACE_BOUND('',#3849,.T.);
#3849 = EDGE_LOOP('',(#3850,#3860,#3868,#3876));
#3850 = ORIENTED_EDGE('',*,*,#3851,.F.);
#3851 = EDGE_CURVE('',#3852,#3854,#3856,.T.);
#3852 = VERTEX_POINT('',#3853);
#3853 = CARTESIAN_POINT('',(23.,248.3,89.175));
#3854 = VERTEX_POINT('',#3855);
#3855 = CARTESIAN_POINT('',(23.,248.3,120.925));
#3856 = LINE('',#3857,#3858);
#3857 = CARTESIAN_POINT('',(23.,248.3,89.175));
#3858 = VECTOR('',#3859,1.);
#3859 = DIRECTION('',(0.,0.,1.));
#3860 = ORIENTED_EDGE('',*,*,#3861,.T.);
#3861 = EDGE_CURVE('',#3852,#3862,#3864,.T.);
#3862 = VERTEX_POINT('',#3863);
#3863 = CARTESIAN_POINT('',(23.,251.475,89.175));
#3864 = LINE('',#3865,#3866);
#3865 = CARTESIAN_POINT('',(23.,248.3,89.175));
#3866 = VECTOR('',#3867,1.);
#3867 = DIRECTION('',(0.,1.,0.));
#3868 = ORIENTED_EDGE('',*,*,#3869,.T.);
#3869 = EDGE_CURVE('',#3862,#3870,#3872,.T.);
#3870 = VERTEX_POINT('',#3871);
#3871 = CARTESIAN_POINT('',(23.,251.475,120.925));
#3872 = LINE('',#3873,#3874);
#3873 = CARTESIAN_POINT('',(23.,251.475,89.175));
#3874 = VECTOR('',#3875,1.);
#3875 = DIRECTION('',(0.,0.,1.));
#3876 = ORIENTED_EDGE('',*,*,#3877,.F.);
#3877 = EDGE_CURVE('',#3854,#3870,#3878,.T.);
#3878 = LINE('',#3879,#3880);
#3879 = CARTESIAN_POINT('',(23.,248.3,120.925));
#3880 = VECTOR('',#3881,1.);
#3881 = DIRECTION('',(0.,1.,0.));
#3882 = PLANE('',#3883);
#3883 = AXIS2_PLACEMENT_3D('',#3884,#3885,#3886);
#3884 = CARTESIAN_POINT('',(23.,248.3,89.175));
#3885 = DIRECTION('',(1.,0.,0.));
#3886 = DIRECTION('',(0.,0.,1.));
#3887 = ADVANCED_FACE('',(#3888),#3904,.F.);
#3888 = FACE_BOUND('',#3889,.F.);
#3889 = EDGE_LOOP('',(#3890,#3896,#3897,#3903));
#3890 = ORIENTED_EDGE('',*,*,#3891,.F.);
#3891 = EDGE_CURVE('',#3812,#3852,#3892,.T.);
#3892 = LINE('',#3893,#3894);
#3893 = CARTESIAN_POINT('',(5.,248.3,89.175));
#3894 = VECTOR('',#3895,1.);
#3895 = DIRECTION('',(1.,0.,0.));
#3896 = ORIENTED_EDGE('',*,*,#3811,.T.);
#3897 = ORIENTED_EDGE('',*,*,#3898,.T.);
#3898 = EDGE_CURVE('',#3814,#3854,#3899,.T.);
#3899 = LINE('',#3900,#3901);
#3900 = CARTESIAN_POINT('',(5.,248.3,120.925));
#3901 = VECTOR('',#3902,1.);
#3902 = DIRECTION('',(1.,0.,0.));
#3903 = ORIENTED_EDGE('',*,*,#3851,.F.);
#3904 = PLANE('',#3905);
#3905 = AXIS2_PLACEMENT_3D('',#3906,#3907,#3908);
#3906 = CARTESIAN_POINT('',(5.,248.3,89.175));
#3907 = DIRECTION('',(0.,1.,0.));
#3908 = DIRECTION('',(0.,0.,1.));
#3909 = ADVANCED_FACE('',(#3910),#3926,.T.);
#3910 = FACE_BOUND('',#3911,.T.);
#3911 = EDGE_LOOP('',(#3912,#3918,#3919,#3925));
#3912 = ORIENTED_EDGE('',*,*,#3913,.F.);
#3913 = EDGE_CURVE('',#3822,#3862,#3914,.T.);
#3914 = LINE('',#3915,#3916);
#3915 = CARTESIAN_POINT('',(5.,251.475,89.175));
#3916 = VECTOR('',#3917,1.);
#3917 = DIRECTION('',(1.,0.,0.));
#3918 = ORIENTED_EDGE('',*,*,#3829,.T.);
#3919 = ORIENTED_EDGE('',*,*,#3920,.T.);
#3920 = EDGE_CURVE('',#3830,#3870,#3921,.T.);
#3921 = LINE('',#3922,#3923);
#3922 = CARTESIAN_POINT('',(5.,251.475,120.925));
#3923 = VECTOR('',#3924,1.);
#3924 = DIRECTION('',(1.,0.,0.));
#3925 = ORIENTED_EDGE('',*,*,#3869,.F.);
#3926 = PLANE('',#3927);
#3927 = AXIS2_PLACEMENT_3D('',#3928,#3929,#3930);
#3928 = CARTESIAN_POINT('',(5.,251.475,89.175));
#3929 = DIRECTION('',(0.,1.,0.));
#3930 = DIRECTION('',(0.,0.,1.));
#3931 = ADVANCED_FACE('',(#3932),#3938,.F.);
#3932 = FACE_BOUND('',#3933,.F.);
#3933 = EDGE_LOOP('',(#3934,#3935,#3936,#3937));
#3934 = ORIENTED_EDGE('',*,*,#3821,.F.);
#3935 = ORIENTED_EDGE('',*,*,#3891,.T.);
#3936 = ORIENTED_EDGE('',*,*,#3861,.T.);
#3937 = ORIENTED_EDGE('',*,*,#3913,.F.);
#3938 = PLANE('',#3939);
#3939 = AXIS2_PLACEMENT_3D('',#3940,#3941,#3942);
#3940 = CARTESIAN_POINT('',(5.,248.3,89.175));
#3941 = DIRECTION('',(0.,0.,1.));
#3942 = DIRECTION('',(1.,0.,0.));
#3943 = ADVANCED_FACE('',(#3944),#3950,.T.);
#3944 = FACE_BOUND('',#3945,.T.);
#3945 = EDGE_LOOP('',(#3946,#3947,#3948,#3949));
#3946 = ORIENTED_EDGE('',*,*,#3837,.F.);
#3947 = ORIENTED_EDGE('',*,*,#3898,.T.);
#3948 = ORIENTED_EDGE('',*,*,#3877,.T.);
#3949 = ORIENTED_EDGE('',*,*,#3920,.F.);
#3950 = PLANE('',#3951);
#3951 = AXIS2_PLACEMENT_3D('',#3952,#3953,#3954);
#3952 = CARTESIAN_POINT('',(5.,248.3,120.925));
#3953 = DIRECTION('',(0.,0.,1.));
#3954 = DIRECTION('',(1.,0.,0.));
#3955 = MANIFOLD_SOLID_BREP('',#3956);
#3956 = CLOSED_SHELL('',(#3957,#3997,#4037,#4059,#4081,#4093));
#3957 = ADVANCED_FACE('',(#3958),#3992,.F.);
#3958 = FACE_BOUND('',#3959,.F.);
#3959 = EDGE_LOOP('',(#3960,#3970,#3978,#3986));
#3960 = ORIENTED_EDGE('',*,*,#3961,.F.);
#3961 = EDGE_CURVE('',#3962,#3964,#3966,.T.);
#3962 = VERTEX_POINT('',#3963);
#3963 = CARTESIAN_POINT('',(5.,270.525,89.175));
#3964 = VERTEX_POINT('',#3965);
#3965 = CARTESIAN_POINT('',(5.,270.525,120.925));
#3966 = LINE('',#3967,#3968);
#3967 = CARTESIAN_POINT('',(5.,270.525,89.175));
#3968 = VECTOR('',#3969,1.);
#3969 = DIRECTION('',(0.,0.,1.));
#3970 = ORIENTED_EDGE('',*,*,#3971,.T.);
#3971 = EDGE_CURVE('',#3962,#3972,#3974,.T.);
#3972 = VERTEX_POINT('',#3973);
#3973 = CARTESIAN_POINT('',(5.,273.7,89.175));
#3974 = LINE('',#3975,#3976);
#3975 = CARTESIAN_POINT('',(5.,270.525,89.175));
#3976 = VECTOR('',#3977,1.);
#3977 = DIRECTION('',(0.,1.,0.));
#3978 = ORIENTED_EDGE('',*,*,#3979,.T.);
#3979 = EDGE_CURVE('',#3972,#3980,#3982,.T.);
#3980 = VERTEX_POINT('',#3981);
#3981 = CARTESIAN_POINT('',(5.,273.7,120.925));
#3982 = LINE('',#3983,#3984);
#3983 = CARTESIAN_POINT('',(5.,273.7,89.175));
#3984 = VECTOR('',#3985,1.);
#3985 = DIRECTION('',(0.,0.,1.));
#3986 = ORIENTED_EDGE('',*,*,#3987,.F.);
#3987 = EDGE_CURVE('',#3964,#3980,#3988,.T.);
#3988 = LINE('',#3989,#3990);
#3989 = CARTESIAN_POINT('',(5.,270.525,120.925));
#3990 = VECTOR('',#3991,1.);
#3991 = DIRECTION('',(0.,1.,0.));
#3992 = PLANE('',#3993);
#3993 = AXIS2_PLACEMENT_3D('',#3994,#3995,#3996);
#3994 = CARTESIAN_POINT('',(5.,270.525,89.175));
#3995 = DIRECTION('',(1.,0.,0.));
#3996 = DIRECTION('',(0.,0.,1.));
#3997 = ADVANCED_FACE('',(#3998),#4032,.T.);
#3998 = FACE_BOUND('',#3999,.T.);
#3999 = EDGE_LOOP('',(#4000,#4010,#4018,#4026));
#4000 = ORIENTED_EDGE('',*,*,#4001,.F.);
#4001 = EDGE_CURVE('',#4002,#4004,#4006,.T.);
#4002 = VERTEX_POINT('',#4003);
#4003 = CARTESIAN_POINT('',(23.,270.525,89.175));
#4004 = VERTEX_POINT('',#4005);
#4005 = CARTESIAN_POINT('',(23.,270.525,120.925));
#4006 = LINE('',#4007,#4008);
#4007 = CARTESIAN_POINT('',(23.,270.525,89.175));
#4008 = VECTOR('',#4009,1.);
#4009 = DIRECTION('',(0.,0.,1.));
#4010 = ORIENTED_EDGE('',*,*,#4011,.T.);
#4011 = EDGE_CURVE('',#4002,#4012,#4014,.T.);
#4012 = VERTEX_POINT('',#4013);
#4013 = CARTESIAN_POINT('',(23.,273.7,89.175));
#4014 = LINE('',#4015,#4016);
#4015 = CARTESIAN_POINT('',(23.,270.525,89.175));
#4016 = VECTOR('',#4017,1.);
#4017 = DIRECTION('',(0.,1.,0.));
#4018 = ORIENTED_EDGE('',*,*,#4019,.T.);
#4019 = EDGE_CURVE('',#4012,#4020,#4022,.T.);
#4020 = VERTEX_POINT('',#4021);
#4021 = CARTESIAN_POINT('',(23.,273.7,120.925));
#4022 = LINE('',#4023,#4024);
#4023 = CARTESIAN_POINT('',(23.,273.7,89.175));
#4024 = VECTOR('',#4025,1.);
#4025 = DIRECTION('',(0.,0.,1.));
#4026 = ORIENTED_EDGE('',*,*,#4027,.F.);
#4027 = EDGE_CURVE('',#4004,#4020,#4028,.T.);
#4028 = LINE('',#4029,#4030);
#4029 = CARTESIAN_POINT('',(23.,270.525,120.925));
#4030 = VECTOR('',#4031,1.);
#4031 = DIRECTION('',(0.,1.,0.));
#4032 = PLANE('',#4033);
#4033 = AXIS2_PLACEMENT_3D('',#4034,#4035,#4036);
#4034 = CARTESIAN_POINT('',(23.,270.525,89.175));
#4035 = DIRECTION('',(1.,0.,0.));
#4036 = DIRECTION('',(0.,0.,1.));
#4037 = ADVANCED_FACE('',(#4038),#4054,.F.);
#4038 = FACE_BOUND('',#4039,.F.);
#4039 = EDGE_LOOP('',(#4040,#4046,#4047,#4053));
#4040 = ORIENTED_EDGE('',*,*,#4041,.F.);
#4041 = EDGE_CURVE('',#3962,#4002,#4042,.T.);
#4042 = LINE('',#4043,#4044);
#4043 = CARTESIAN_POINT('',(5.,270.525,89.175));
#4044 = VECTOR('',#4045,1.);
#4045 = DIRECTION('',(1.,0.,0.));
#4046 = ORIENTED_EDGE('',*,*,#3961,.T.);
#4047 = ORIENTED_EDGE('',*,*,#4048,.T.);
#4048 = EDGE_CURVE('',#3964,#4004,#4049,.T.);
#4049 = LINE('',#4050,#4051);
#4050 = CARTESIAN_POINT('',(5.,270.525,120.925));
#4051 = VECTOR('',#4052,1.);
#4052 = DIRECTION('',(1.,0.,0.));
#4053 = ORIENTED_EDGE('',*,*,#4001,.F.);
#4054 = PLANE('',#4055);
#4055 = AXIS2_PLACEMENT_3D('',#4056,#4057,#4058);
#4056 = CARTESIAN_POINT('',(5.,270.525,89.175));
#4057 = DIRECTION('',(0.,1.,0.));
#4058 = DIRECTION('',(0.,0.,1.));
#4059 = ADVANCED_FACE('',(#4060),#4076,.T.);
#4060 = FACE_BOUND('',#4061,.T.);
#4061 = EDGE_LOOP('',(#4062,#4068,#4069,#4075));
#4062 = ORIENTED_EDGE('',*,*,#4063,.F.);
#4063 = EDGE_CURVE('',#3972,#4012,#4064,.T.);
#4064 = LINE('',#4065,#4066);
#4065 = CARTESIAN_POINT('',(5.,273.7,89.175));
#4066 = VECTOR('',#4067,1.);
#4067 = DIRECTION('',(1.,0.,0.));
#4068 = ORIENTED_EDGE('',*,*,#3979,.T.);
#4069 = ORIENTED_EDGE('',*,*,#4070,.T.);
#4070 = EDGE_CURVE('',#3980,#4020,#4071,.T.);
#4071 = LINE('',#4072,#4073);
#4072 = CARTESIAN_POINT('',(5.,273.7,120.925));
#4073 = VECTOR('',#4074,1.);
#4074 = DIRECTION('',(1.,0.,0.));
#4075 = ORIENTED_EDGE('',*,*,#4019,.F.);
#4076 = PLANE('',#4077);
#4077 = AXIS2_PLACEMENT_3D('',#4078,#4079,#4080);
#4078 = CARTESIAN_POINT('',(5.,273.7,89.175));
#4079 = DIRECTION('',(0.,1.,0.));
#4080 = DIRECTION('',(0.,0.,1.));
#4081 = ADVANCED_FACE('',(#4082),#4088,.F.);
#4082 = FACE_BOUND('',#4083,.F.);
#4083 = EDGE_LOOP('',(#4084,#4085,#4086,#4087));
#4084 = ORIENTED_EDGE('',*,*,#3971,.F.);
#4085 = ORIENTED_EDGE('',*,*,#4041,.T.);
#4086 = ORIENTED_EDGE('',*,*,#4011,.T.);
#4087 = ORIENTED_EDGE('',*,*,#4063,.F.);
#4088 = PLANE('',#4089);
#4089 = AXIS2_PLACEMENT_3D('',#4090,#4091,#4092);
#4090 = CARTESIAN_POINT('',(5.,270.525,89.175));
#4091 = DIRECTION('',(0.,0.,1.));
#4092 = DIRECTION('',(1.,0.,0.));
#4093 = ADVANCED_FACE('',(#4094),#4100,.T.);
#4094 = FACE_BOUND('',#4095,.T.);
#4095 = EDGE_LOOP('',(#4096,#4097,#4098,#4099));
#4096 = ORIENTED_EDGE('',*,*,#3987,.F.);
#4097 = ORIENTED_EDGE('',*,*,#4048,.T.);
#4098 = ORIENTED_EDGE('',*,*,#4027,.T.);
#4099 = ORIENTED_EDGE('',*,*,#4070,.F.);
#4100 = PLANE('',#4101);
#4101 = AXIS2_PLACEMENT_3D('',#4102,#4103,#4104);
#4102 = CARTESIAN_POINT('',(5.,270.525,120.925));
#4103 = DIRECTION('',(0.,0.,1.));
#4104 = DIRECTION('',(1.,0.,0.));
#4105 = MANIFOLD_SOLID_BREP('',#4106);
#4106 = CLOSED_SHELL('',(#4107,#4147,#4178,#4213,#4237,#4265,#4277));
#4107 = ADVANCED_FACE('',(#4108),#4142,.F.);
#4108 = FACE_BOUND('',#4109,.F.);
#4109 = EDGE_LOOP('',(#4110,#4120,#4128,#4136));
#4110 = ORIENTED_EDGE('',*,*,#4111,.F.);
#4111 = EDGE_CURVE('',#4112,#4114,#4116,.T.);
#4112 = VERTEX_POINT('',#4113);
#4113 = CARTESIAN_POINT('',(5.,255.,89.175));
#4114 = VERTEX_POINT('',#4115);
#4115 = CARTESIAN_POINT('',(5.,255.,91.175));
#4116 = LINE('',#4117,#4118);
#4117 = CARTESIAN_POINT('',(5.,255.,89.175));
#4118 = VECTOR('',#4119,1.);
#4119 = DIRECTION('',(0.,0.,1.));
#4120 = ORIENTED_EDGE('',*,*,#4121,.T.);
#4121 = EDGE_CURVE('',#4112,#4122,#4124,.T.);
#4122 = VERTEX_POINT('',#4123);
#4123 = CARTESIAN_POINT('',(5.,267.,89.175));
#4124 = LINE('',#4125,#4126);
#4125 = CARTESIAN_POINT('',(5.,255.,89.175));
#4126 = VECTOR('',#4127,1.);
#4127 = DIRECTION('',(0.,1.,0.));
#4128 = ORIENTED_EDGE('',*,*,#4129,.T.);
#4129 = EDGE_CURVE('',#4122,#4130,#4132,.T.);
#4130 = VERTEX_POINT('',#4131);
#4131 = CARTESIAN_POINT('',(5.,267.,91.175));
#4132 = LINE('',#4133,#4134);
#4133 = CARTESIAN_POINT('',(5.,267.,89.175));
#4134 = VECTOR('',#4135,1.);
#4135 = DIRECTION('',(0.,0.,1.));
#4136 = ORIENTED_EDGE('',*,*,#4137,.F.);
#4137 = EDGE_CURVE('',#4114,#4130,#4138,.T.);
#4138 = LINE('',#4139,#4140);
#4139 = CARTESIAN_POINT('',(5.,255.,91.175));
#4140 = VECTOR('',#4141,1.);
#4141 = DIRECTION('',(0.,1.,0.));
#4142 = PLANE('',#4143);
#4143 = AXIS2_PLACEMENT_3D('',#4144,#4145,#4146);
#4144 = CARTESIAN_POINT('',(5.,255.,89.175));
#4145 = DIRECTION('',(1.,0.,0.));
#4146 = DIRECTION('',(0.,0.,1.));
#4147 = ADVANCED_FACE('',(#4148),#4173,.F.);
#4148 = FACE_BOUND('',#4149,.F.);
#4149 = EDGE_LOOP('',(#4150,#4158,#4159,#4167));
#4150 = ORIENTED_EDGE('',*,*,#4151,.F.);
#4151 = EDGE_CURVE('',#4112,#4152,#4154,.T.);
#4152 = VERTEX_POINT('',#4153);
#4153 = CARTESIAN_POINT('',(23.,255.,89.175));
#4154 = LINE('',#4155,#4156);
#4155 = CARTESIAN_POINT('',(5.,255.,89.175));
#4156 = VECTOR('',#4157,1.);
#4157 = DIRECTION('',(1.,0.,0.));
#4158 = ORIENTED_EDGE('',*,*,#4111,.T.);
#4159 = ORIENTED_EDGE('',*,*,#4160,.T.);
#4160 = EDGE_CURVE('',#4114,#4161,#4163,.T.);
#4161 = VERTEX_POINT('',#4162);
#4162 = CARTESIAN_POINT('',(23.,255.,91.175));
#4163 = LINE('',#4164,#4165);
#4164 = CARTESIAN_POINT('',(5.,255.,91.175));
#4165 = VECTOR('',#4166,1.);
#4166 = DIRECTION('',(1.,0.,0.));
#4167 = ORIENTED_EDGE('',*,*,#4168,.F.);
#4168 = EDGE_CURVE('',#4152,#4161,#4169,.T.);
#4169 = LINE('',#4170,#4171);
#4170 = CARTESIAN_POINT('',(23.,255.,89.175));
#4171 = VECTOR('',#4172,1.);
#4172 = DIRECTION('',(0.,0.,1.));
#4173 = PLANE('',#4174);
#4174 = AXIS2_PLACEMENT_3D('',#4175,#4176,#4177);
#4175 = CARTESIAN_POINT('',(5.,255.,89.175));
#4176 = DIRECTION('',(0.,1.,0.));
#4177 = DIRECTION('',(0.,0.,1.));
#4178 = ADVANCED_FACE('',(#4179,#4197),#4208,.T.);
#4179 = FACE_BOUND('',#4180,.T.);
#4180 = EDGE_LOOP('',(#4181,#4182,#4183,#4191));
#4181 = ORIENTED_EDGE('',*,*,#4137,.F.);
#4182 = ORIENTED_EDGE('',*,*,#4160,.T.);
#4183 = ORIENTED_EDGE('',*,*,#4184,.T.);
#4184 = EDGE_CURVE('',#4161,#4185,#4187,.T.);
#4185 = VERTEX_POINT('',#4186);
#4186 = CARTESIAN_POINT('',(23.,267.,91.175));
#4187 = LINE('',#4188,#4189);
#4188 = CARTESIAN_POINT('',(23.,255.,91.175));
#4189 = VECTOR('',#4190,1.);
#4190 = DIRECTION('',(0.,1.,0.));
#4191 = ORIENTED_EDGE('',*,*,#4192,.F.);
#4192 = EDGE_CURVE('',#4130,#4185,#4193,.T.);
#4193 = LINE('',#4194,#4195);
#4194 = CARTESIAN_POINT('',(5.,267.,91.175));
#4195 = VECTOR('',#4196,1.);
#4196 = DIRECTION('',(1.,0.,0.));
#4197 = FACE_BOUND('',#4198,.T.);
#4198 = EDGE_LOOP('',(#4199));
#4199 = ORIENTED_EDGE('',*,*,#4200,.F.);
#4200 = EDGE_CURVE('',#4201,#4201,#4203,.T.);
#4201 = VERTEX_POINT('',#4202);
#4202 = CARTESIAN_POINT('',(18.75,261.,91.175));
#4203 = CIRCLE('',#4204,4.75);
#4204 = AXIS2_PLACEMENT_3D('',#4205,#4206,#4207);
#4205 = CARTESIAN_POINT('',(14.,261.,91.175));
#4206 = DIRECTION('',(0.,0.,1.));
#4207 = DIRECTION('',(1.,0.,0.));
#4208 = PLANE('',#4209);
#4209 = AXIS2_PLACEMENT_3D('',#4210,#4211,#4212);
#4210 = CARTESIAN_POINT('',(5.,255.,91.175));
#4211 = DIRECTION('',(0.,0.,1.));
#4212 = DIRECTION('',(1.,0.,0.));
#4213 = ADVANCED_FACE('',(#4214),#4232,.T.);
#4214 = FACE_BOUND('',#4215,.T.);
#4215 = EDGE_LOOP('',(#4216,#4224,#4225,#4226));
#4216 = ORIENTED_EDGE('',*,*,#4217,.F.);
#4217 = EDGE_CURVE('',#4122,#4218,#4220,.T.);
#4218 = VERTEX_POINT('',#4219);
#4219 = CARTESIAN_POINT('',(23.,267.,89.175));
#4220 = LINE('',#4221,#4222);
#4221 = CARTESIAN_POINT('',(5.,267.,89.175));
#4222 = VECTOR('',#4223,1.);
#4223 = DIRECTION('',(1.,0.,0.));
#4224 = ORIENTED_EDGE('',*,*,#4129,.T.);
#4225 = ORIENTED_EDGE('',*,*,#4192,.T.);
#4226 = ORIENTED_EDGE('',*,*,#4227,.F.);
#4227 = EDGE_CURVE('',#4218,#4185,#4228,.T.);
#4228 = LINE('',#4229,#4230);
#4229 = CARTESIAN_POINT('',(23.,267.,89.175));
#4230 = VECTOR('',#4231,1.);
#4231 = DIRECTION('',(0.,0.,1.));
#4232 = PLANE('',#4233);
#4233 = AXIS2_PLACEMENT_3D('',#4234,#4235,#4236);
#4234 = CARTESIAN_POINT('',(5.,267.,89.175));
#4235 = DIRECTION('',(0.,1.,0.));
#4236 = DIRECTION('',(0.,0.,1.));
#4237 = ADVANCED_FACE('',(#4238,#4249),#4260,.F.);
#4238 = FACE_BOUND('',#4239,.F.);
#4239 = EDGE_LOOP('',(#4240,#4241,#4242,#4248));
#4240 = ORIENTED_EDGE('',*,*,#4121,.F.);
#4241 = ORIENTED_EDGE('',*,*,#4151,.T.);
#4242 = ORIENTED_EDGE('',*,*,#4243,.T.);
#4243 = EDGE_CURVE('',#4152,#4218,#4244,.T.);
#4244 = LINE('',#4245,#4246);
#4245 = CARTESIAN_POINT('',(23.,255.,89.175));
#4246 = VECTOR('',#4247,1.);
#4247 = DIRECTION('',(0.,1.,0.));
#4248 = ORIENTED_EDGE('',*,*,#4217,.F.);
#4249 = FACE_BOUND('',#4250,.F.);
#4250 = EDGE_LOOP('',(#4251));
#4251 = ORIENTED_EDGE('',*,*,#4252,.F.);
#4252 = EDGE_CURVE('',#4253,#4253,#4255,.T.);
#4253 = VERTEX_POINT('',#4254);
#4254 = CARTESIAN_POINT('',(18.75,261.,89.175));
#4255 = CIRCLE('',#4256,4.75);
#4256 = AXIS2_PLACEMENT_3D('',#4257,#4258,#4259);
#4257 = CARTESIAN_POINT('',(14.,261.,89.175));
#4258 = DIRECTION('',(0.,0.,1.));
#4259 = DIRECTION('',(1.,0.,0.));
#4260 = PLANE('',#4261);
#4261 = AXIS2_PLACEMENT_3D('',#4262,#4263,#4264);
#4262 = CARTESIAN_POINT('',(5.,255.,89.175));
#4263 = DIRECTION('',(0.,0.,1.));
#4264 = DIRECTION('',(1.,0.,0.));
#4265 = ADVANCED_FACE('',(#4266),#4272,.T.);
#4266 = FACE_BOUND('',#4267,.T.);
#4267 = EDGE_LOOP('',(#4268,#4269,#4270,#4271));
#4268 = ORIENTED_EDGE('',*,*,#4168,.F.);
#4269 = ORIENTED_EDGE('',*,*,#4243,.T.);
#4270 = ORIENTED_EDGE('',*,*,#4227,.T.);
#4271 = ORIENTED_EDGE('',*,*,#4184,.F.);
#4272 = PLANE('',#4273);
#4273 = AXIS2_PLACEMENT_3D('',#4274,#4275,#4276);
#4274 = CARTESIAN_POINT('',(23.,255.,89.175));
#4275 = DIRECTION('',(1.,0.,0.));
#4276 = DIRECTION('',(0.,0.,1.));
#4277 = ADVANCED_FACE('',(#4278),#4289,.F.);
#4278 = FACE_BOUND('',#4279,.F.);
#4279 = EDGE_LOOP('',(#4280,#4281,#4287,#4288));
#4280 = ORIENTED_EDGE('',*,*,#4200,.F.);
#4281 = ORIENTED_EDGE('',*,*,#4282,.F.);
#4282 = EDGE_CURVE('',#4253,#4201,#4283,.T.);
#4283 = LINE('',#4284,#4285);
#4284 = CARTESIAN_POINT('',(18.75,261.,88.175));
#4285 = VECTOR('',#4286,1.);
#4286 = DIRECTION('',(0.,0.,1.));
#4287 = ORIENTED_EDGE('',*,*,#4252,.T.);
#4288 = ORIENTED_EDGE('',*,*,#4282,.T.);
#4289 = CYLINDRICAL_SURFACE('',#4290,4.75);
#4290 = AXIS2_PLACEMENT_3D('',#4291,#4292,#4293);
#4291 = CARTESIAN_POINT('',(14.,261.,88.175));
#4292 = DIRECTION('',(0.,0.,1.));
#4293 = DIRECTION('',(1.,0.,0.));
#4294 = MANIFOLD_SOLID_BREP('',#4295);
#4295 = CLOSED_SHELL('',(#4296,#4336,#4367,#4402,#4426,#4454,#4466));
#4296 = ADVANCED_FACE('',(#4297),#4331,.F.);
#4297 = FACE_BOUND('',#4298,.F.);
#4298 = EDGE_LOOP('',(#4299,#4309,#4317,#4325));
#4299 = ORIENTED_EDGE('',*,*,#4300,.F.);
#4300 = EDGE_CURVE('',#4301,#4303,#4305,.T.);
#4301 = VERTEX_POINT('',#4302);
#4302 = CARTESIAN_POINT('',(5.,255.,118.925));
#4303 = VERTEX_POINT('',#4304);
#4304 = CARTESIAN_POINT('',(5.,255.,120.925));
#4305 = LINE('',#4306,#4307);
#4306 = CARTESIAN_POINT('',(5.,255.,118.925));
#4307 = VECTOR('',#4308,1.);
#4308 = DIRECTION('',(0.,0.,1.));
#4309 = ORIENTED_EDGE('',*,*,#4310,.T.);
#4310 = EDGE_CURVE('',#4301,#4311,#4313,.T.);
#4311 = VERTEX_POINT('',#4312);
#4312 = CARTESIAN_POINT('',(5.,267.,118.925));
#4313 = LINE('',#4314,#4315);
#4314 = CARTESIAN_POINT('',(5.,255.,118.925));
#4315 = VECTOR('',#4316,1.);
#4316 = DIRECTION('',(0.,1.,0.));
#4317 = ORIENTED_EDGE('',*,*,#4318,.T.);
#4318 = EDGE_CURVE('',#4311,#4319,#4321,.T.);
#4319 = VERTEX_POINT('',#4320);
#4320 = CARTESIAN_POINT('',(5.,267.,120.925));
#4321 = LINE('',#4322,#4323);
#4322 = CARTESIAN_POINT('',(5.,267.,118.925));
#4323 = VECTOR('',#4324,1.);
#4324 = DIRECTION('',(0.,0.,1.));
#4325 = ORIENTED_EDGE('',*,*,#4326,.F.);
#4326 = EDGE_CURVE('',#4303,#4319,#4327,.T.);
#4327 = LINE('',#4328,#4329);
#4328 = CARTESIAN_POINT('',(5.,255.,120.925));
#4329 = VECTOR('',#4330,1.);
#4330 = DIRECTION('',(0.,1.,0.));
#4331 = PLANE('',#4332);
#4332 = AXIS2_PLACEMENT_3D('',#4333,#4334,#4335);
#4333 = CARTESIAN_POINT('',(5.,255.,118.925));
#4334 = DIRECTION('',(1.,0.,0.));
#4335 = DIRECTION('',(0.,0.,1.));
#4336 = ADVANCED_FACE('',(#4337),#4362,.F.);
#4337 = FACE_BOUND('',#4338,.F.);
#4338 = EDGE_LOOP('',(#4339,#4347,#4348,#4356));
#4339 = ORIENTED_EDGE('',*,*,#4340,.F.);
#4340 = EDGE_CURVE('',#4301,#4341,#4343,.T.);
#4341 = VERTEX_POINT('',#4342);
#4342 = CARTESIAN_POINT('',(23.,255.,118.925));
#4343 = LINE('',#4344,#4345);
#4344 = CARTESIAN_POINT('',(5.,255.,118.925));
#4345 = VECTOR('',#4346,1.);
#4346 = DIRECTION('',(1.,0.,0.));
#4347 = ORIENTED_EDGE('',*,*,#4300,.T.);
#4348 = ORIENTED_EDGE('',*,*,#4349,.T.);
#4349 = EDGE_CURVE('',#4303,#4350,#4352,.T.);
#4350 = VERTEX_POINT('',#4351);
#4351 = CARTESIAN_POINT('',(23.,255.,120.925));
#4352 = LINE('',#4353,#4354);
#4353 = CARTESIAN_POINT('',(5.,255.,120.925));
#4354 = VECTOR('',#4355,1.);
#4355 = DIRECTION('',(1.,0.,0.));
#4356 = ORIENTED_EDGE('',*,*,#4357,.F.);
#4357 = EDGE_CURVE('',#4341,#4350,#4358,.T.);
#4358 = LINE('',#4359,#4360);
#4359 = CARTESIAN_POINT('',(23.,255.,118.925));
#4360 = VECTOR('',#4361,1.);
#4361 = DIRECTION('',(0.,0.,1.));
#4362 = PLANE('',#4363);
#4363 = AXIS2_PLACEMENT_3D('',#4364,#4365,#4366);
#4364 = CARTESIAN_POINT('',(5.,255.,118.925));
#4365 = DIRECTION('',(0.,1.,0.));
#4366 = DIRECTION('',(0.,0.,1.));
#4367 = ADVANCED_FACE('',(#4368,#4386),#4397,.T.);
#4368 = FACE_BOUND('',#4369,.T.);
#4369 = EDGE_LOOP('',(#4370,#4371,#4372,#4380));
#4370 = ORIENTED_EDGE('',*,*,#4326,.F.);
#4371 = ORIENTED_EDGE('',*,*,#4349,.T.);
#4372 = ORIENTED_EDGE('',*,*,#4373,.T.);
#4373 = EDGE_CURVE('',#4350,#4374,#4376,.T.);
#4374 = VERTEX_POINT('',#4375);
#4375 = CARTESIAN_POINT('',(23.,267.,120.925));
#4376 = LINE('',#4377,#4378);
#4377 = CARTESIAN_POINT('',(23.,255.,120.925));
#4378 = VECTOR('',#4379,1.);
#4379 = DIRECTION('',(0.,1.,0.));
#4380 = ORIENTED_EDGE('',*,*,#4381,.F.);
#4381 = EDGE_CURVE('',#4319,#4374,#4382,.T.);
#4382 = LINE('',#4383,#4384);
#4383 = CARTESIAN_POINT('',(5.,267.,120.925));
#4384 = VECTOR('',#4385,1.);
#4385 = DIRECTION('',(1.,0.,0.));
#4386 = FACE_BOUND('',#4387,.T.);
#4387 = EDGE_LOOP('',(#4388));
#4388 = ORIENTED_EDGE('',*,*,#4389,.F.);
#4389 = EDGE_CURVE('',#4390,#4390,#4392,.T.);
#4390 = VERTEX_POINT('',#4391);
#4391 = CARTESIAN_POINT('',(18.75,261.,120.925));
#4392 = CIRCLE('',#4393,4.75);
#4393 = AXIS2_PLACEMENT_3D('',#4394,#4395,#4396);
#4394 = CARTESIAN_POINT('',(14.,261.,120.925));
#4395 = DIRECTION('',(0.,0.,1.));
#4396 = DIRECTION('',(1.,0.,0.));
#4397 = PLANE('',#4398);
#4398 = AXIS2_PLACEMENT_3D('',#4399,#4400,#4401);
#4399 = CARTESIAN_POINT('',(5.,255.,120.925));
#4400 = DIRECTION('',(0.,0.,1.));
#4401 = DIRECTION('',(1.,0.,0.));
#4402 = ADVANCED_FACE('',(#4403),#4421,.T.);
#4403 = FACE_BOUND('',#4404,.T.);
#4404 = EDGE_LOOP('',(#4405,#4413,#4414,#4415));
#4405 = ORIENTED_EDGE('',*,*,#4406,.F.);
#4406 = EDGE_CURVE('',#4311,#4407,#4409,.T.);
#4407 = VERTEX_POINT('',#4408);
#4408 = CARTESIAN_POINT('',(23.,267.,118.925));
#4409 = LINE('',#4410,#4411);
#4410 = CARTESIAN_POINT('',(5.,267.,118.925));
#4411 = VECTOR('',#4412,1.);
#4412 = DIRECTION('',(1.,0.,0.));
#4413 = ORIENTED_EDGE('',*,*,#4318,.T.);
#4414 = ORIENTED_EDGE('',*,*,#4381,.T.);
#4415 = ORIENTED_EDGE('',*,*,#4416,.F.);
#4416 = EDGE_CURVE('',#4407,#4374,#4417,.T.);
#4417 = LINE('',#4418,#4419);
#4418 = CARTESIAN_POINT('',(23.,267.,118.925));
#4419 = VECTOR('',#4420,1.);
#4420 = DIRECTION('',(0.,0.,1.));
#4421 = PLANE('',#4422);
#4422 = AXIS2_PLACEMENT_3D('',#4423,#4424,#4425);
#4423 = CARTESIAN_POINT('',(5.,267.,118.925));
#4424 = DIRECTION('',(0.,1.,0.));
#4425 = DIRECTION('',(0.,0.,1.));
#4426 = ADVANCED_FACE('',(#4427,#4438),#4449,.F.);
#4427 = FACE_BOUND('',#4428,.F.);
#4428 = EDGE_LOOP('',(#4429,#4430,#4431,#4437));
#4429 = ORIENTED_EDGE('',*,*,#4310,.F.);
#4430 = ORIENTED_EDGE('',*,*,#4340,.T.);
#4431 = ORIENTED_EDGE('',*,*,#4432,.T.);
#4432 = EDGE_CURVE('',#4341,#4407,#4433,.T.);
#4433 = LINE('',#4434,#4435);
#4434 = CARTESIAN_POINT('',(23.,255.,118.925));
#4435 = VECTOR('',#4436,1.);
#4436 = DIRECTION('',(0.,1.,0.));
#4437 = ORIENTED_EDGE('',*,*,#4406,.F.);
#4438 = FACE_BOUND('',#4439,.F.);
#4439 = EDGE_LOOP('',(#4440));
#4440 = ORIENTED_EDGE('',*,*,#4441,.F.);
#4441 = EDGE_CURVE('',#4442,#4442,#4444,.T.);
#4442 = VERTEX_POINT('',#4443);
#4443 = CARTESIAN_POINT('',(18.75,261.,118.925));
#4444 = CIRCLE('',#4445,4.75);
#4445 = AXIS2_PLACEMENT_3D('',#4446,#4447,#4448);
#4446 = CARTESIAN_POINT('',(14.,261.,118.925));
#4447 = DIRECTION('',(0.,0.,1.));
#4448 = DIRECTION('',(1.,0.,0.));
#4449 = PLANE('',#4450);
#4450 = AXIS2_PLACEMENT_3D('',#4451,#4452,#4453);
#4451 = CARTESIAN_POINT('',(5.,255.,118.925));
#4452 = DIRECTION('',(0.,0.,1.));
#4453 = DIRECTION('',(1.,0.,0.));
#4454 = ADVANCED_FACE('',(#4455),#4461,.T.);
#4455 = FACE_BOUND('',#4456,.T.);
#4456 = EDGE_LOOP('',(#4457,#4458,#4459,#4460));
#4457 = ORIENTED_EDGE('',*,*,#4357,.F.);
#4458 = ORIENTED_EDGE('',*,*,#4432,.T.);
#4459 = ORIENTED_EDGE('',*,*,#4416,.T.);
#4460 = ORIENTED_EDGE('',*,*,#4373,.F.);
#4461 = PLANE('',#4462);
#4462 = AXIS2_PLACEMENT_3D('',#4463,#4464,#4465);
#4463 = CARTESIAN_POINT('',(23.,255.,118.925));
#4464 = DIRECTION('',(1.,0.,0.));
#4465 = DIRECTION('',(0.,0.,1.));
#4466 = ADVANCED_FACE('',(#4467),#4478,.F.);
#4467 = FACE_BOUND('',#4468,.F.);
#4468 = EDGE_LOOP('',(#4469,#4470,#4476,#4477));
#4469 = ORIENTED_EDGE('',*,*,#4389,.F.);
#4470 = ORIENTED_EDGE('',*,*,#4471,.F.);
#4471 = EDGE_CURVE('',#4442,#4390,#4472,.T.);
#4472 = LINE('',#4473,#4474);
#4473 = CARTESIAN_POINT('',(18.75,261.,117.925));
#4474 = VECTOR('',#4475,1.);
#4475 = DIRECTION('',(0.,0.,1.));
#4476 = ORIENTED_EDGE('',*,*,#4441,.T.);
#4477 = ORIENTED_EDGE('',*,*,#4471,.T.);
#4478 = CYLINDRICAL_SURFACE('',#4479,4.75);
#4479 = AXIS2_PLACEMENT_3D('',#4480,#4481,#4482);
#4480 = CARTESIAN_POINT('',(14.,261.,117.925));
#4481 = DIRECTION('',(0.,0.,1.));
#4482 = DIRECTION('',(1.,0.,0.));
#4483 = MANIFOLD_SOLID_BREP('',#4484);
#4484 = CLOSED_SHELL('',(#4485,#4525,#4556,#4625,#4649,#4711,#4723,#4745
    ,#4762,#4779,#4796));
#4485 = ADVANCED_FACE('',(#4486),#4520,.F.);
#4486 = FACE_BOUND('',#4487,.F.);
#4487 = EDGE_LOOP('',(#4488,#4498,#4506,#4514));
#4488 = ORIENTED_EDGE('',*,*,#4489,.F.);
#4489 = EDGE_CURVE('',#4490,#4492,#4494,.T.);
#4490 = VERTEX_POINT('',#4491);
#4491 = CARTESIAN_POINT('',(8.,252.,91.675));
#4492 = VERTEX_POINT('',#4493);
#4493 = CARTESIAN_POINT('',(8.,252.,93.675));
#4494 = LINE('',#4495,#4496);
#4495 = CARTESIAN_POINT('',(8.,252.,91.675));
#4496 = VECTOR('',#4497,1.);
#4497 = DIRECTION('',(0.,0.,1.));
#4498 = ORIENTED_EDGE('',*,*,#4499,.T.);
#4499 = EDGE_CURVE('',#4490,#4500,#4502,.T.);
#4500 = VERTEX_POINT('',#4501);
#4501 = CARTESIAN_POINT('',(8.,270.,91.675));
#4502 = LINE('',#4503,#4504);
#4503 = CARTESIAN_POINT('',(8.,252.,91.675));
#4504 = VECTOR('',#4505,1.);
#4505 = DIRECTION('',(0.,1.,0.));
#4506 = ORIENTED_EDGE('',*,*,#4507,.T.);
#4507 = EDGE_CURVE('',#4500,#4508,#4510,.T.);
#4508 = VERTEX_POINT('',#4509);
#4509 = CARTESIAN_POINT('',(8.,270.,93.675));
#4510 = LINE('',#4511,#4512);
#4511 = CARTESIAN_POINT('',(8.,270.,91.675));
#4512 = VECTOR('',#4513,1.);
#4513 = DIRECTION('',(0.,0.,1.));
#4514 = ORIENTED_EDGE('',*,*,#4515,.F.);
#4515 = EDGE_CURVE('',#4492,#4508,#4516,.T.);
#4516 = LINE('',#4517,#4518);
#4517 = CARTESIAN_POINT('',(8.,252.,93.675));
#4518 = VECTOR('',#4519,1.);
#4519 = DIRECTION('',(0.,1.,0.));
#4520 = PLANE('',#4521);
#4521 = AXIS2_PLACEMENT_3D('',#4522,#4523,#4524);
#4522 = CARTESIAN_POINT('',(8.,252.,91.675));
#4523 = DIRECTION('',(1.,0.,0.));
#4524 = DIRECTION('',(0.,0.,1.));
#4525 = ADVANCED_FACE('',(#4526),#4551,.F.);
#4526 = FACE_BOUND('',#4527,.F.);
#4527 = EDGE_LOOP('',(#4528,#4536,#4537,#4545));
#4528 = ORIENTED_EDGE('',*,*,#4529,.F.);
#4529 = EDGE_CURVE('',#4490,#4530,#4532,.T.);
#4530 = VERTEX_POINT('',#4531);
#4531 = CARTESIAN_POINT('',(28.,252.,91.675));
#4532 = LINE('',#4533,#4534);
#4533 = CARTESIAN_POINT('',(8.,252.,91.675));
#4534 = VECTOR('',#4535,1.);
#4535 = DIRECTION('',(1.,0.,0.));
#4536 = ORIENTED_EDGE('',*,*,#4489,.T.);
#4537 = ORIENTED_EDGE('',*,*,#4538,.T.);
#4538 = EDGE_CURVE('',#4492,#4539,#4541,.T.);
#4539 = VERTEX_POINT('',#4540);
#4540 = CARTESIAN_POINT('',(28.,252.,93.675));
#4541 = LINE('',#4542,#4543);
#4542 = CARTESIAN_POINT('',(8.,252.,93.675));
#4543 = VECTOR('',#4544,1.);
#4544 = DIRECTION('',(1.,0.,0.));
#4545 = ORIENTED_EDGE('',*,*,#4546,.F.);
#4546 = EDGE_CURVE('',#4530,#4539,#4547,.T.);
#4547 = LINE('',#4548,#4549);
#4548 = CARTESIAN_POINT('',(28.,252.,91.675));
#4549 = VECTOR('',#4550,1.);
#4550 = DIRECTION('',(0.,0.,1.));
#4551 = PLANE('',#4552);
#4552 = AXIS2_PLACEMENT_3D('',#4553,#4554,#4555);
#4553 = CARTESIAN_POINT('',(8.,252.,91.675));
#4554 = DIRECTION('',(0.,1.,0.));
#4555 = DIRECTION('',(0.,0.,1.));
#4556 = ADVANCED_FACE('',(#4557,#4575),#4620,.T.);
#4557 = FACE_BOUND('',#4558,.T.);
#4558 = EDGE_LOOP('',(#4559,#4560,#4561,#4569));
#4559 = ORIENTED_EDGE('',*,*,#4515,.F.);
#4560 = ORIENTED_EDGE('',*,*,#4538,.T.);
#4561 = ORIENTED_EDGE('',*,*,#4562,.T.);
#4562 = EDGE_CURVE('',#4539,#4563,#4565,.T.);
#4563 = VERTEX_POINT('',#4564);
#4564 = CARTESIAN_POINT('',(28.,270.,93.675));
#4565 = LINE('',#4566,#4567);
#4566 = CARTESIAN_POINT('',(28.,252.,93.675));
#4567 = VECTOR('',#4568,1.);
#4568 = DIRECTION('',(0.,1.,0.));
#4569 = ORIENTED_EDGE('',*,*,#4570,.F.);
#4570 = EDGE_CURVE('',#4508,#4563,#4571,.T.);
#4571 = LINE('',#4572,#4573);
#4572 = CARTESIAN_POINT('',(8.,270.,93.675));
#4573 = VECTOR('',#4574,1.);
#4574 = DIRECTION('',(1.,0.,0.));
#4575 = FACE_BOUND('',#4576,.T.);
#4576 = EDGE_LOOP('',(#4577,#4587,#4596,#4605,#4613));
#4577 = ORIENTED_EDGE('',*,*,#4578,.F.);
#4578 = EDGE_CURVE('',#4579,#4581,#4583,.T.);
#4579 = VERTEX_POINT('',#4580);
#4580 = CARTESIAN_POINT('',(17.961126394649,263.5,93.675));
#4581 = VERTEX_POINT('',#4582);
#4582 = CARTESIAN_POINT('',(14.,263.5,93.675));
#4583 = LINE('',#4584,#4585);
#4584 = CARTESIAN_POINT('',(11.,263.5,93.675));
#4585 = VECTOR('',#4586,1.);
#4586 = DIRECTION('',(-1.,0.,0.));
#4587 = ORIENTED_EDGE('',*,*,#4588,.F.);
#4588 = EDGE_CURVE('',#4589,#4579,#4591,.T.);
#4589 = VERTEX_POINT('',#4590);
#4590 = CARTESIAN_POINT('',(26.75,261.,93.675));
#4591 = CIRCLE('',#4592,4.75);
#4592 = AXIS2_PLACEMENT_3D('',#4593,#4594,#4595);
#4593 = CARTESIAN_POINT('',(22.,261.,93.675));
#4594 = DIRECTION('',(0.,0.,1.));
#4595 = DIRECTION('',(1.,0.,0.));
#4596 = ORIENTED_EDGE('',*,*,#4597,.F.);
#4597 = EDGE_CURVE('',#4598,#4589,#4600,.T.);
#4598 = VERTEX_POINT('',#4599);
#4599 = CARTESIAN_POINT('',(17.961126394649,258.5,93.675));
#4600 = CIRCLE('',#4601,4.75);
#4601 = AXIS2_PLACEMENT_3D('',#4602,#4603,#4604);
#4602 = CARTESIAN_POINT('',(22.,261.,93.675));
#4603 = DIRECTION('',(0.,0.,1.));
#4604 = DIRECTION('',(1.,0.,0.));
#4605 = ORIENTED_EDGE('',*,*,#4606,.T.);
#4606 = EDGE_CURVE('',#4598,#4607,#4609,.T.);
#4607 = VERTEX_POINT('',#4608);
#4608 = CARTESIAN_POINT('',(14.,258.5,93.675));
#4609 = LINE('',#4610,#4611);
#4610 = CARTESIAN_POINT('',(11.,258.5,93.675));
#4611 = VECTOR('',#4612,1.);
#4612 = DIRECTION('',(-1.,0.,0.));
#4613 = ORIENTED_EDGE('',*,*,#4614,.F.);
#4614 = EDGE_CURVE('',#4581,#4607,#4615,.T.);
#4615 = CIRCLE('',#4616,2.5);
#4616 = AXIS2_PLACEMENT_3D('',#4617,#4618,#4619);
#4617 = CARTESIAN_POINT('',(14.,261.,93.675));
#4618 = DIRECTION('',(0.,0.,1.));
#4619 = DIRECTION('',(1.,0.,0.));
#4620 = PLANE('',#4621);
#4621 = AXIS2_PLACEMENT_3D('',#4622,#4623,#4624);
#4622 = CARTESIAN_POINT('',(8.,252.,93.675));
#4623 = DIRECTION('',(0.,0.,1.));
#4624 = DIRECTION('',(1.,0.,0.));
#4625 = ADVANCED_FACE('',(#4626),#4644,.T.);
#4626 = FACE_BOUND('',#4627,.T.);
#4627 = EDGE_LOOP('',(#4628,#4636,#4637,#4638));
#4628 = ORIENTED_EDGE('',*,*,#4629,.F.);
#4629 = EDGE_CURVE('',#4500,#4630,#4632,.T.);
#4630 = VERTEX_POINT('',#4631);
#4631 = CARTESIAN_POINT('',(28.,270.,91.675));
#4632 = LINE('',#4633,#4634);
#4633 = CARTESIAN_POINT('',(8.,270.,91.675));
#4634 = VECTOR('',#4635,1.);
#4635 = DIRECTION('',(1.,0.,0.));
#4636 = ORIENTED_EDGE('',*,*,#4507,.T.);
#4637 = ORIENTED_EDGE('',*,*,#4570,.T.);
#4638 = ORIENTED_EDGE('',*,*,#4639,.F.);
#4639 = EDGE_CURVE('',#4630,#4563,#4640,.T.);
#4640 = LINE('',#4641,#4642);
#4641 = CARTESIAN_POINT('',(28.,270.,91.675));
#4642 = VECTOR('',#4643,1.);
#4643 = DIRECTION('',(0.,0.,1.));
#4644 = PLANE('',#4645);
#4645 = AXIS2_PLACEMENT_3D('',#4646,#4647,#4648);
#4646 = CARTESIAN_POINT('',(8.,270.,91.675));
#4647 = DIRECTION('',(0.,1.,0.));
#4648 = DIRECTION('',(0.,0.,1.));
#4649 = ADVANCED_FACE('',(#4650,#4661),#4706,.F.);
#4650 = FACE_BOUND('',#4651,.F.);
#4651 = EDGE_LOOP('',(#4652,#4653,#4654,#4660));
#4652 = ORIENTED_EDGE('',*,*,#4499,.F.);
#4653 = ORIENTED_EDGE('',*,*,#4529,.T.);
#4654 = ORIENTED_EDGE('',*,*,#4655,.T.);
#4655 = EDGE_CURVE('',#4530,#4630,#4656,.T.);
#4656 = LINE('',#4657,#4658);
#4657 = CARTESIAN_POINT('',(28.,252.,91.675));
#4658 = VECTOR('',#4659,1.);
#4659 = DIRECTION('',(0.,1.,0.));
#4660 = ORIENTED_EDGE('',*,*,#4629,.F.);
#4661 = FACE_BOUND('',#4662,.F.);
#4662 = EDGE_LOOP('',(#4663,#4673,#4682,#4691,#4699));
#4663 = ORIENTED_EDGE('',*,*,#4664,.F.);
#4664 = EDGE_CURVE('',#4665,#4667,#4669,.T.);
#4665 = VERTEX_POINT('',#4666);
#4666 = CARTESIAN_POINT('',(17.961126394649,263.5,91.675));
#4667 = VERTEX_POINT('',#4668);
#4668 = CARTESIAN_POINT('',(14.,263.5,91.675));
#4669 = LINE('',#4670,#4671);
#4670 = CARTESIAN_POINT('',(11.,263.5,91.675));
#4671 = VECTOR('',#4672,1.);
#4672 = DIRECTION('',(-1.,0.,0.));
#4673 = ORIENTED_EDGE('',*,*,#4674,.F.);
#4674 = EDGE_CURVE('',#4675,#4665,#4677,.T.);
#4675 = VERTEX_POINT('',#4676);
#4676 = CARTESIAN_POINT('',(26.75,261.,91.675));
#4677 = CIRCLE('',#4678,4.75);
#4678 = AXIS2_PLACEMENT_3D('',#4679,#4680,#4681);
#4679 = CARTESIAN_POINT('',(22.,261.,91.675));
#4680 = DIRECTION('',(0.,0.,1.));
#4681 = DIRECTION('',(1.,0.,0.));
#4682 = ORIENTED_EDGE('',*,*,#4683,.F.);
#4683 = EDGE_CURVE('',#4684,#4675,#4686,.T.);
#4684 = VERTEX_POINT('',#4685);
#4685 = CARTESIAN_POINT('',(17.961126394649,258.5,91.675));
#4686 = CIRCLE('',#4687,4.75);
#4687 = AXIS2_PLACEMENT_3D('',#4688,#4689,#4690);
#4688 = CARTESIAN_POINT('',(22.,261.,91.675));
#4689 = DIRECTION('',(0.,0.,1.));
#4690 = DIRECTION('',(1.,0.,0.));
#4691 = ORIENTED_EDGE('',*,*,#4692,.T.);
#4692 = EDGE_CURVE('',#4684,#4693,#4695,.T.);
#4693 = VERTEX_POINT('',#4694);
#4694 = CARTESIAN_POINT('',(14.,258.5,91.675));
#4695 = LINE('',#4696,#4697);
#4696 = CARTESIAN_POINT('',(11.,258.5,91.675));
#4697 = VECTOR('',#4698,1.);
#4698 = DIRECTION('',(-1.,0.,0.));
#4699 = ORIENTED_EDGE('',*,*,#4700,.F.);
#4700 = EDGE_CURVE('',#4667,#4693,#4701,.T.);
#4701 = CIRCLE('',#4702,2.5);
#4702 = AXIS2_PLACEMENT_3D('',#4703,#4704,#4705);
#4703 = CARTESIAN_POINT('',(14.,261.,91.675));
#4704 = DIRECTION('',(0.,0.,1.));
#4705 = DIRECTION('',(1.,0.,0.));
#4706 = PLANE('',#4707);
#4707 = AXIS2_PLACEMENT_3D('',#4708,#4709,#4710);
#4708 = CARTESIAN_POINT('',(8.,252.,91.675));
#4709 = DIRECTION('',(0.,0.,1.));
#4710 = DIRECTION('',(1.,0.,0.));
#4711 = ADVANCED_FACE('',(#4712),#4718,.T.);
#4712 = FACE_BOUND('',#4713,.T.);
#4713 = EDGE_LOOP('',(#4714,#4715,#4716,#4717));
#4714 = ORIENTED_EDGE('',*,*,#4546,.F.);
#4715 = ORIENTED_EDGE('',*,*,#4655,.T.);
#4716 = ORIENTED_EDGE('',*,*,#4639,.T.);
#4717 = ORIENTED_EDGE('',*,*,#4562,.F.);
#4718 = PLANE('',#4719);
#4719 = AXIS2_PLACEMENT_3D('',#4720,#4721,#4722);
#4720 = CARTESIAN_POINT('',(28.,252.,91.675));
#4721 = DIRECTION('',(1.,0.,0.));
#4722 = DIRECTION('',(0.,0.,1.));
#4723 = ADVANCED_FACE('',(#4724),#4740,.F.);
#4724 = FACE_BOUND('',#4725,.F.);
#4725 = EDGE_LOOP('',(#4726,#4727,#4733,#4734));
#4726 = ORIENTED_EDGE('',*,*,#4664,.T.);
#4727 = ORIENTED_EDGE('',*,*,#4728,.T.);
#4728 = EDGE_CURVE('',#4667,#4581,#4729,.T.);
#4729 = LINE('',#4730,#4731);
#4730 = CARTESIAN_POINT('',(14.,263.5,90.675));
#4731 = VECTOR('',#4732,1.);
#4732 = DIRECTION('',(0.,0.,1.));
#4733 = ORIENTED_EDGE('',*,*,#4578,.F.);
#4734 = ORIENTED_EDGE('',*,*,#4735,.F.);
#4735 = EDGE_CURVE('',#4665,#4579,#4736,.T.);
#4736 = LINE('',#4737,#4738);
#4737 = CARTESIAN_POINT('',(17.961126394649,263.5,90.675));
#4738 = VECTOR('',#4739,1.);
#4739 = DIRECTION('',(0.,0.,1.));
#4740 = PLANE('',#4741);
#4741 = AXIS2_PLACEMENT_3D('',#4742,#4743,#4744);
#4742 = CARTESIAN_POINT('',(14.,263.5,90.675));
#4743 = DIRECTION('',(0.,1.,0.));
#4744 = DIRECTION('',(0.,0.,1.));
#4745 = ADVANCED_FACE('',(#4746),#4757,.F.);
#4746 = FACE_BOUND('',#4747,.F.);
#4747 = EDGE_LOOP('',(#4748,#4749,#4750,#4751));
#4748 = ORIENTED_EDGE('',*,*,#4614,.F.);
#4749 = ORIENTED_EDGE('',*,*,#4728,.F.);
#4750 = ORIENTED_EDGE('',*,*,#4700,.T.);
#4751 = ORIENTED_EDGE('',*,*,#4752,.T.);
#4752 = EDGE_CURVE('',#4693,#4607,#4753,.T.);
#4753 = LINE('',#4754,#4755);
#4754 = CARTESIAN_POINT('',(14.,258.5,90.675));
#4755 = VECTOR('',#4756,1.);
#4756 = DIRECTION('',(0.,0.,1.));
#4757 = CYLINDRICAL_SURFACE('',#4758,2.5);
#4758 = AXIS2_PLACEMENT_3D('',#4759,#4760,#4761);
#4759 = CARTESIAN_POINT('',(14.,261.,90.675));
#4760 = DIRECTION('',(0.,0.,1.));
#4761 = DIRECTION('',(1.,0.,0.));
#4762 = ADVANCED_FACE('',(#4763),#4774,.T.);
#4763 = FACE_BOUND('',#4764,.T.);
#4764 = EDGE_LOOP('',(#4765,#4766,#4767,#4768));
#4765 = ORIENTED_EDGE('',*,*,#4692,.T.);
#4766 = ORIENTED_EDGE('',*,*,#4752,.T.);
#4767 = ORIENTED_EDGE('',*,*,#4606,.F.);
#4768 = ORIENTED_EDGE('',*,*,#4769,.F.);
#4769 = EDGE_CURVE('',#4684,#4598,#4770,.T.);
#4770 = LINE('',#4771,#4772);
#4771 = CARTESIAN_POINT('',(17.961126394649,258.5,90.675));
#4772 = VECTOR('',#4773,1.);
#4773 = DIRECTION('',(0.,0.,1.));
#4774 = PLANE('',#4775);
#4775 = AXIS2_PLACEMENT_3D('',#4776,#4777,#4778);
#4776 = CARTESIAN_POINT('',(14.,258.5,90.675));
#4777 = DIRECTION('',(0.,1.,0.));
#4778 = DIRECTION('',(0.,0.,1.));
#4779 = ADVANCED_FACE('',(#4780),#4791,.F.);
#4780 = FACE_BOUND('',#4781,.F.);
#4781 = EDGE_LOOP('',(#4782,#4783,#4789,#4790));
#4782 = ORIENTED_EDGE('',*,*,#4683,.T.);
#4783 = ORIENTED_EDGE('',*,*,#4784,.T.);
#4784 = EDGE_CURVE('',#4675,#4589,#4785,.T.);
#4785 = LINE('',#4786,#4787);
#4786 = CARTESIAN_POINT('',(26.75,261.,90.675));
#4787 = VECTOR('',#4788,1.);
#4788 = DIRECTION('',(0.,0.,1.));
#4789 = ORIENTED_EDGE('',*,*,#4597,.F.);
#4790 = ORIENTED_EDGE('',*,*,#4769,.F.);
#4791 = CYLINDRICAL_SURFACE('',#4792,4.75);
#4792 = AXIS2_PLACEMENT_3D('',#4793,#4794,#4795);
#4793 = CARTESIAN_POINT('',(22.,261.,90.675));
#4794 = DIRECTION('',(0.,0.,1.));
#4795 = DIRECTION('',(1.,0.,0.));
#4796 = ADVANCED_FACE('',(#4797),#4803,.F.);
#4797 = FACE_BOUND('',#4798,.F.);
#4798 = EDGE_LOOP('',(#4799,#4800,#4801,#4802));
#4799 = ORIENTED_EDGE('',*,*,#4588,.F.);
#4800 = ORIENTED_EDGE('',*,*,#4784,.F.);
#4801 = ORIENTED_EDGE('',*,*,#4674,.T.);
#4802 = ORIENTED_EDGE('',*,*,#4735,.T.);
#4803 = CYLINDRICAL_SURFACE('',#4804,4.75);
#4804 = AXIS2_PLACEMENT_3D('',#4805,#4806,#4807);
#4805 = CARTESIAN_POINT('',(22.,261.,90.675));
#4806 = DIRECTION('',(0.,0.,1.));
#4807 = DIRECTION('',(1.,0.,0.));
#4808 = MANIFOLD_SOLID_BREP('',#4809);
#4809 = CLOSED_SHELL('',(#4810,#4850,#4881,#4950,#4974,#5036,#5048,#5070
    ,#5087,#5104,#5121));
#4810 = ADVANCED_FACE('',(#4811),#4845,.F.);
#4811 = FACE_BOUND('',#4812,.F.);
#4812 = EDGE_LOOP('',(#4813,#4823,#4831,#4839));
#4813 = ORIENTED_EDGE('',*,*,#4814,.F.);
#4814 = EDGE_CURVE('',#4815,#4817,#4819,.T.);
#4815 = VERTEX_POINT('',#4816);
#4816 = CARTESIAN_POINT('',(8.,252.,116.425));
#4817 = VERTEX_POINT('',#4818);
#4818 = CARTESIAN_POINT('',(8.,252.,118.425));
#4819 = LINE('',#4820,#4821);
#4820 = CARTESIAN_POINT('',(8.,252.,116.425));
#4821 = VECTOR('',#4822,1.);
#4822 = DIRECTION('',(0.,0.,1.));
#4823 = ORIENTED_EDGE('',*,*,#4824,.T.);
#4824 = EDGE_CURVE('',#4815,#4825,#4827,.T.);
#4825 = VERTEX_POINT('',#4826);
#4826 = CARTESIAN_POINT('',(8.,270.,116.425));
#4827 = LINE('',#4828,#4829);
#4828 = CARTESIAN_POINT('',(8.,252.,116.425));
#4829 = VECTOR('',#4830,1.);
#4830 = DIRECTION('',(0.,1.,0.));
#4831 = ORIENTED_EDGE('',*,*,#4832,.T.);
#4832 = EDGE_CURVE('',#4825,#4833,#4835,.T.);
#4833 = VERTEX_POINT('',#4834);
#4834 = CARTESIAN_POINT('',(8.,270.,118.425));
#4835 = LINE('',#4836,#4837);
#4836 = CARTESIAN_POINT('',(8.,270.,116.425));
#4837 = VECTOR('',#4838,1.);
#4838 = DIRECTION('',(0.,0.,1.));
#4839 = ORIENTED_EDGE('',*,*,#4840,.F.);
#4840 = EDGE_CURVE('',#4817,#4833,#4841,.T.);
#4841 = LINE('',#4842,#4843);
#4842 = CARTESIAN_POINT('',(8.,252.,118.425));
#4843 = VECTOR('',#4844,1.);
#4844 = DIRECTION('',(0.,1.,0.));
#4845 = PLANE('',#4846);
#4846 = AXIS2_PLACEMENT_3D('',#4847,#4848,#4849);
#4847 = CARTESIAN_POINT('',(8.,252.,116.425));
#4848 = DIRECTION('',(1.,0.,0.));
#4849 = DIRECTION('',(0.,0.,1.));
#4850 = ADVANCED_FACE('',(#4851),#4876,.F.);
#4851 = FACE_BOUND('',#4852,.F.);
#4852 = EDGE_LOOP('',(#4853,#4861,#4862,#4870));
#4853 = ORIENTED_EDGE('',*,*,#4854,.F.);
#4854 = EDGE_CURVE('',#4815,#4855,#4857,.T.);
#4855 = VERTEX_POINT('',#4856);
#4856 = CARTESIAN_POINT('',(28.,252.,116.425));
#4857 = LINE('',#4858,#4859);
#4858 = CARTESIAN_POINT('',(8.,252.,116.425));
#4859 = VECTOR('',#4860,1.);
#4860 = DIRECTION('',(1.,0.,0.));
#4861 = ORIENTED_EDGE('',*,*,#4814,.T.);
#4862 = ORIENTED_EDGE('',*,*,#4863,.T.);
#4863 = EDGE_CURVE('',#4817,#4864,#4866,.T.);
#4864 = VERTEX_POINT('',#4865);
#4865 = CARTESIAN_POINT('',(28.,252.,118.425));
#4866 = LINE('',#4867,#4868);
#4867 = CARTESIAN_POINT('',(8.,252.,118.425));
#4868 = VECTOR('',#4869,1.);
#4869 = DIRECTION('',(1.,0.,0.));
#4870 = ORIENTED_EDGE('',*,*,#4871,.F.);
#4871 = EDGE_CURVE('',#4855,#4864,#4872,.T.);
#4872 = LINE('',#4873,#4874);
#4873 = CARTESIAN_POINT('',(28.,252.,116.425));
#4874 = VECTOR('',#4875,1.);
#4875 = DIRECTION('',(0.,0.,1.));
#4876 = PLANE('',#4877);
#4877 = AXIS2_PLACEMENT_3D('',#4878,#4879,#4880);
#4878 = CARTESIAN_POINT('',(8.,252.,116.425));
#4879 = DIRECTION('',(0.,1.,0.));
#4880 = DIRECTION('',(0.,0.,1.));
#4881 = ADVANCED_FACE('',(#4882,#4900),#4945,.T.);
#4882 = FACE_BOUND('',#4883,.T.);
#4883 = EDGE_LOOP('',(#4884,#4885,#4886,#4894));
#4884 = ORIENTED_EDGE('',*,*,#4840,.F.);
#4885 = ORIENTED_EDGE('',*,*,#4863,.T.);
#4886 = ORIENTED_EDGE('',*,*,#4887,.T.);
#4887 = EDGE_CURVE('',#4864,#4888,#4890,.T.);
#4888 = VERTEX_POINT('',#4889);
#4889 = CARTESIAN_POINT('',(28.,270.,118.425));
#4890 = LINE('',#4891,#4892);
#4891 = CARTESIAN_POINT('',(28.,252.,118.425));
#4892 = VECTOR('',#4893,1.);
#4893 = DIRECTION('',(0.,1.,0.));
#4894 = ORIENTED_EDGE('',*,*,#4895,.F.);
#4895 = EDGE_CURVE('',#4833,#4888,#4896,.T.);
#4896 = LINE('',#4897,#4898);
#4897 = CARTESIAN_POINT('',(8.,270.,118.425));
#4898 = VECTOR('',#4899,1.);
#4899 = DIRECTION('',(1.,0.,0.));
#4900 = FACE_BOUND('',#4901,.T.);
#4901 = EDGE_LOOP('',(#4902,#4912,#4921,#4930,#4938));
#4902 = ORIENTED_EDGE('',*,*,#4903,.F.);
#4903 = EDGE_CURVE('',#4904,#4906,#4908,.T.);
#4904 = VERTEX_POINT('',#4905);
#4905 = CARTESIAN_POINT('',(17.961126394649,263.5,118.425));
#4906 = VERTEX_POINT('',#4907);
#4907 = CARTESIAN_POINT('',(14.,263.5,118.425));
#4908 = LINE('',#4909,#4910);
#4909 = CARTESIAN_POINT('',(11.,263.5,118.425));
#4910 = VECTOR('',#4911,1.);
#4911 = DIRECTION('',(-1.,0.,0.));
#4912 = ORIENTED_EDGE('',*,*,#4913,.F.);
#4913 = EDGE_CURVE('',#4914,#4904,#4916,.T.);
#4914 = VERTEX_POINT('',#4915);
#4915 = CARTESIAN_POINT('',(26.75,261.,118.425));
#4916 = CIRCLE('',#4917,4.75);
#4917 = AXIS2_PLACEMENT_3D('',#4918,#4919,#4920);
#4918 = CARTESIAN_POINT('',(22.,261.,118.425));
#4919 = DIRECTION('',(0.,0.,1.));
#4920 = DIRECTION('',(1.,0.,0.));
#4921 = ORIENTED_EDGE('',*,*,#4922,.F.);
#4922 = EDGE_CURVE('',#4923,#4914,#4925,.T.);
#4923 = VERTEX_POINT('',#4924);
#4924 = CARTESIAN_POINT('',(17.961126394649,258.5,118.425));
#4925 = CIRCLE('',#4926,4.75);
#4926 = AXIS2_PLACEMENT_3D('',#4927,#4928,#4929);
#4927 = CARTESIAN_POINT('',(22.,261.,118.425));
#4928 = DIRECTION('',(0.,0.,1.));
#4929 = DIRECTION('',(1.,0.,0.));
#4930 = ORIENTED_EDGE('',*,*,#4931,.T.);
#4931 = EDGE_CURVE('',#4923,#4932,#4934,.T.);
#4932 = VERTEX_POINT('',#4933);
#4933 = CARTESIAN_POINT('',(14.,258.5,118.425));
#4934 = LINE('',#4935,#4936);
#4935 = CARTESIAN_POINT('',(11.,258.5,118.425));
#4936 = VECTOR('',#4937,1.);
#4937 = DIRECTION('',(-1.,0.,0.));
#4938 = ORIENTED_EDGE('',*,*,#4939,.F.);
#4939 = EDGE_CURVE('',#4906,#4932,#4940,.T.);
#4940 = CIRCLE('',#4941,2.5);
#4941 = AXIS2_PLACEMENT_3D('',#4942,#4943,#4944);
#4942 = CARTESIAN_POINT('',(14.,261.,118.425));
#4943 = DIRECTION('',(0.,0.,1.));
#4944 = DIRECTION('',(1.,0.,0.));
#4945 = PLANE('',#4946);
#4946 = AXIS2_PLACEMENT_3D('',#4947,#4948,#4949);
#4947 = CARTESIAN_POINT('',(8.,252.,118.425));
#4948 = DIRECTION('',(0.,0.,1.));
#4949 = DIRECTION('',(1.,0.,0.));
#4950 = ADVANCED_FACE('',(#4951),#4969,.T.);
#4951 = FACE_BOUND('',#4952,.T.);
#4952 = EDGE_LOOP('',(#4953,#4961,#4962,#4963));
#4953 = ORIENTED_EDGE('',*,*,#4954,.F.);
#4954 = EDGE_CURVE('',#4825,#4955,#4957,.T.);
#4955 = VERTEX_POINT('',#4956);
#4956 = CARTESIAN_POINT('',(28.,270.,116.425));
#4957 = LINE('',#4958,#4959);
#4958 = CARTESIAN_POINT('',(8.,270.,116.425));
#4959 = VECTOR('',#4960,1.);
#4960 = DIRECTION('',(1.,0.,0.));
#4961 = ORIENTED_EDGE('',*,*,#4832,.T.);
#4962 = ORIENTED_EDGE('',*,*,#4895,.T.);
#4963 = ORIENTED_EDGE('',*,*,#4964,.F.);
#4964 = EDGE_CURVE('',#4955,#4888,#4965,.T.);
#4965 = LINE('',#4966,#4967);
#4966 = CARTESIAN_POINT('',(28.,270.,116.425));
#4967 = VECTOR('',#4968,1.);
#4968 = DIRECTION('',(0.,0.,1.));
#4969 = PLANE('',#4970);
#4970 = AXIS2_PLACEMENT_3D('',#4971,#4972,#4973);
#4971 = CARTESIAN_POINT('',(8.,270.,116.425));
#4972 = DIRECTION('',(0.,1.,0.));
#4973 = DIRECTION('',(0.,0.,1.));
#4974 = ADVANCED_FACE('',(#4975,#4986),#5031,.F.);
#4975 = FACE_BOUND('',#4976,.F.);
#4976 = EDGE_LOOP('',(#4977,#4978,#4979,#4985));
#4977 = ORIENTED_EDGE('',*,*,#4824,.F.);
#4978 = ORIENTED_EDGE('',*,*,#4854,.T.);
#4979 = ORIENTED_EDGE('',*,*,#4980,.T.);
#4980 = EDGE_CURVE('',#4855,#4955,#4981,.T.);
#4981 = LINE('',#4982,#4983);
#4982 = CARTESIAN_POINT('',(28.,252.,116.425));
#4983 = VECTOR('',#4984,1.);
#4984 = DIRECTION('',(0.,1.,0.));
#4985 = ORIENTED_EDGE('',*,*,#4954,.F.);
#4986 = FACE_BOUND('',#4987,.F.);
#4987 = EDGE_LOOP('',(#4988,#4998,#5007,#5016,#5024));
#4988 = ORIENTED_EDGE('',*,*,#4989,.F.);
#4989 = EDGE_CURVE('',#4990,#4992,#4994,.T.);
#4990 = VERTEX_POINT('',#4991);
#4991 = CARTESIAN_POINT('',(17.961126394649,263.5,116.425));
#4992 = VERTEX_POINT('',#4993);
#4993 = CARTESIAN_POINT('',(14.,263.5,116.425));
#4994 = LINE('',#4995,#4996);
#4995 = CARTESIAN_POINT('',(11.,263.5,116.425));
#4996 = VECTOR('',#4997,1.);
#4997 = DIRECTION('',(-1.,0.,0.));
#4998 = ORIENTED_EDGE('',*,*,#4999,.F.);
#4999 = EDGE_CURVE('',#5000,#4990,#5002,.T.);
#5000 = VERTEX_POINT('',#5001);
#5001 = CARTESIAN_POINT('',(26.75,261.,116.425));
#5002 = CIRCLE('',#5003,4.75);
#5003 = AXIS2_PLACEMENT_3D('',#5004,#5005,#5006);
#5004 = CARTESIAN_POINT('',(22.,261.,116.425));
#5005 = DIRECTION('',(0.,0.,1.));
#5006 = DIRECTION('',(1.,0.,0.));
#5007 = ORIENTED_EDGE('',*,*,#5008,.F.);
#5008 = EDGE_CURVE('',#5009,#5000,#5011,.T.);
#5009 = VERTEX_POINT('',#5010);
#5010 = CARTESIAN_POINT('',(17.961126394649,258.5,116.425));
#5011 = CIRCLE('',#5012,4.75);
#5012 = AXIS2_PLACEMENT_3D('',#5013,#5014,#5015);
#5013 = CARTESIAN_POINT('',(22.,261.,116.425));
#5014 = DIRECTION('',(0.,0.,1.));
#5015 = DIRECTION('',(1.,0.,0.));
#5016 = ORIENTED_EDGE('',*,*,#5017,.T.);
#5017 = EDGE_CURVE('',#5009,#5018,#5020,.T.);
#5018 = VERTEX_POINT('',#5019);
#5019 = CARTESIAN_POINT('',(14.,258.5,116.425));
#5020 = LINE('',#5021,#5022);
#5021 = CARTESIAN_POINT('',(11.,258.5,116.425));
#5022 = VECTOR('',#5023,1.);
#5023 = DIRECTION('',(-1.,0.,0.));
#5024 = ORIENTED_EDGE('',*,*,#5025,.F.);
#5025 = EDGE_CURVE('',#4992,#5018,#5026,.T.);
#5026 = CIRCLE('',#5027,2.5);
#5027 = AXIS2_PLACEMENT_3D('',#5028,#5029,#5030);
#5028 = CARTESIAN_POINT('',(14.,261.,116.425));
#5029 = DIRECTION('',(0.,0.,1.));
#5030 = DIRECTION('',(1.,0.,0.));
#5031 = PLANE('',#5032);
#5032 = AXIS2_PLACEMENT_3D('',#5033,#5034,#5035);
#5033 = CARTESIAN_POINT('',(8.,252.,116.425));
#5034 = DIRECTION('',(0.,0.,1.));
#5035 = DIRECTION('',(1.,0.,0.));
#5036 = ADVANCED_FACE('',(#5037),#5043,.T.);
#5037 = FACE_BOUND('',#5038,.T.);
#5038 = EDGE_LOOP('',(#5039,#5040,#5041,#5042));
#5039 = ORIENTED_EDGE('',*,*,#4871,.F.);
#5040 = ORIENTED_EDGE('',*,*,#4980,.T.);
#5041 = ORIENTED_EDGE('',*,*,#4964,.T.);
#5042 = ORIENTED_EDGE('',*,*,#4887,.F.);
#5043 = PLANE('',#5044);
#5044 = AXIS2_PLACEMENT_3D('',#5045,#5046,#5047);
#5045 = CARTESIAN_POINT('',(28.,252.,116.425));
#5046 = DIRECTION('',(1.,0.,0.));
#5047 = DIRECTION('',(0.,0.,1.));
#5048 = ADVANCED_FACE('',(#5049),#5065,.F.);
#5049 = FACE_BOUND('',#5050,.F.);
#5050 = EDGE_LOOP('',(#5051,#5052,#5058,#5059));
#5051 = ORIENTED_EDGE('',*,*,#4989,.T.);
#5052 = ORIENTED_EDGE('',*,*,#5053,.T.);
#5053 = EDGE_CURVE('',#4992,#4906,#5054,.T.);
#5054 = LINE('',#5055,#5056);
#5055 = CARTESIAN_POINT('',(14.,263.5,115.425));
#5056 = VECTOR('',#5057,1.);
#5057 = DIRECTION('',(0.,0.,1.));
#5058 = ORIENTED_EDGE('',*,*,#4903,.F.);
#5059 = ORIENTED_EDGE('',*,*,#5060,.F.);
#5060 = EDGE_CURVE('',#4990,#4904,#5061,.T.);
#5061 = LINE('',#5062,#5063);
#5062 = CARTESIAN_POINT('',(17.961126394649,263.5,115.425));
#5063 = VECTOR('',#5064,1.);
#5064 = DIRECTION('',(0.,0.,1.));
#5065 = PLANE('',#5066);
#5066 = AXIS2_PLACEMENT_3D('',#5067,#5068,#5069);
#5067 = CARTESIAN_POINT('',(14.,263.5,115.425));
#5068 = DIRECTION('',(0.,1.,0.));
#5069 = DIRECTION('',(0.,0.,1.));
#5070 = ADVANCED_FACE('',(#5071),#5082,.F.);
#5071 = FACE_BOUND('',#5072,.F.);
#5072 = EDGE_LOOP('',(#5073,#5074,#5075,#5076));
#5073 = ORIENTED_EDGE('',*,*,#4939,.F.);
#5074 = ORIENTED_EDGE('',*,*,#5053,.F.);
#5075 = ORIENTED_EDGE('',*,*,#5025,.T.);
#5076 = ORIENTED_EDGE('',*,*,#5077,.T.);
#5077 = EDGE_CURVE('',#5018,#4932,#5078,.T.);
#5078 = LINE('',#5079,#5080);
#5079 = CARTESIAN_POINT('',(14.,258.5,115.425));
#5080 = VECTOR('',#5081,1.);
#5081 = DIRECTION('',(0.,0.,1.));
#5082 = CYLINDRICAL_SURFACE('',#5083,2.5);
#5083 = AXIS2_PLACEMENT_3D('',#5084,#5085,#5086);
#5084 = CARTESIAN_POINT('',(14.,261.,115.425));
#5085 = DIRECTION('',(0.,0.,1.));
#5086 = DIRECTION('',(1.,0.,0.));
#5087 = ADVANCED_FACE('',(#5088),#5099,.T.);
#5088 = FACE_BOUND('',#5089,.T.);
#5089 = EDGE_LOOP('',(#5090,#5091,#5092,#5093));
#5090 = ORIENTED_EDGE('',*,*,#5017,.T.);
#5091 = ORIENTED_EDGE('',*,*,#5077,.T.);
#5092 = ORIENTED_EDGE('',*,*,#4931,.F.);
#5093 = ORIENTED_EDGE('',*,*,#5094,.F.);
#5094 = EDGE_CURVE('',#5009,#4923,#5095,.T.);
#5095 = LINE('',#5096,#5097);
#5096 = CARTESIAN_POINT('',(17.961126394649,258.5,115.425));
#5097 = VECTOR('',#5098,1.);
#5098 = DIRECTION('',(0.,0.,1.));
#5099 = PLANE('',#5100);
#5100 = AXIS2_PLACEMENT_3D('',#5101,#5102,#5103);
#5101 = CARTESIAN_POINT('',(14.,258.5,115.425));
#5102 = DIRECTION('',(0.,1.,0.));
#5103 = DIRECTION('',(0.,0.,1.));
#5104 = ADVANCED_FACE('',(#5105),#5116,.F.);
#5105 = FACE_BOUND('',#5106,.F.);
#5106 = EDGE_LOOP('',(#5107,#5108,#5114,#5115));
#5107 = ORIENTED_EDGE('',*,*,#5008,.T.);
#5108 = ORIENTED_EDGE('',*,*,#5109,.T.);
#5109 = EDGE_CURVE('',#5000,#4914,#5110,.T.);
#5110 = LINE('',#5111,#5112);
#5111 = CARTESIAN_POINT('',(26.75,261.,115.425));
#5112 = VECTOR('',#5113,1.);
#5113 = DIRECTION('',(0.,0.,1.));
#5114 = ORIENTED_EDGE('',*,*,#4922,.F.);
#5115 = ORIENTED_EDGE('',*,*,#5094,.F.);
#5116 = CYLINDRICAL_SURFACE('',#5117,4.75);
#5117 = AXIS2_PLACEMENT_3D('',#5118,#5119,#5120);
#5118 = CARTESIAN_POINT('',(22.,261.,115.425));
#5119 = DIRECTION('',(0.,0.,1.));
#5120 = DIRECTION('',(1.,0.,0.));
#5121 = ADVANCED_FACE('',(#5122),#5128,.F.);
#5122 = FACE_BOUND('',#5123,.F.);
#5123 = EDGE_LOOP('',(#5124,#5125,#5126,#5127));
#5124 = ORIENTED_EDGE('',*,*,#4913,.F.);
#5125 = ORIENTED_EDGE('',*,*,#5109,.F.);
#5126 = ORIENTED_EDGE('',*,*,#4999,.T.);
#5127 = ORIENTED_EDGE('',*,*,#5060,.T.);
#5128 = CYLINDRICAL_SURFACE('',#5129,4.75);
#5129 = AXIS2_PLACEMENT_3D('',#5130,#5131,#5132);
#5130 = CARTESIAN_POINT('',(22.,261.,115.425));
#5131 = DIRECTION('',(0.,0.,1.));
#5132 = DIRECTION('',(1.,0.,0.));
#5133 = MANIFOLD_SOLID_BREP('',#5134);
#5134 = CLOSED_SHELL('',(#5135,#5175,#5206,#5241,#5265,#5293,#5305));
#5135 = ADVANCED_FACE('',(#5136),#5170,.F.);
#5136 = FACE_BOUND('',#5137,.F.);
#5137 = EDGE_LOOP('',(#5138,#5148,#5156,#5164));
#5138 = ORIENTED_EDGE('',*,*,#5139,.F.);
#5139 = EDGE_CURVE('',#5140,#5142,#5144,.T.);
#5140 = VERTEX_POINT('',#5141);
#5141 = CARTESIAN_POINT('',(252.,248.3,86.));
#5142 = VERTEX_POINT('',#5143);
#5143 = CARTESIAN_POINT('',(252.,248.3,89.175));
#5144 = LINE('',#5145,#5146);
#5145 = CARTESIAN_POINT('',(252.,248.3,86.));
#5146 = VECTOR('',#5147,1.);
#5147 = DIRECTION('',(0.,0.,1.));
#5148 = ORIENTED_EDGE('',*,*,#5149,.T.);
#5149 = EDGE_CURVE('',#5140,#5150,#5152,.T.);
#5150 = VERTEX_POINT('',#5151);
#5151 = CARTESIAN_POINT('',(252.,273.7,86.));
#5152 = LINE('',#5153,#5154);
#5153 = CARTESIAN_POINT('',(252.,248.3,86.));
#5154 = VECTOR('',#5155,1.);
#5155 = DIRECTION('',(0.,1.,0.));
#5156 = ORIENTED_EDGE('',*,*,#5157,.T.);
#5157 = EDGE_CURVE('',#5150,#5158,#5160,.T.);
#5158 = VERTEX_POINT('',#5159);
#5159 = CARTESIAN_POINT('',(252.,273.7,89.175));
#5160 = LINE('',#5161,#5162);
#5161 = CARTESIAN_POINT('',(252.,273.7,86.));
#5162 = VECTOR('',#5163,1.);
#5163 = DIRECTION('',(0.,0.,1.));
#5164 = ORIENTED_EDGE('',*,*,#5165,.F.);
#5165 = EDGE_CURVE('',#5142,#5158,#5166,.T.);
#5166 = LINE('',#5167,#5168);
#5167 = CARTESIAN_POINT('',(252.,248.3,89.175));
#5168 = VECTOR('',#5169,1.);
#5169 = DIRECTION('',(0.,1.,0.));
#5170 = PLANE('',#5171);
#5171 = AXIS2_PLACEMENT_3D('',#5172,#5173,#5174);
#5172 = CARTESIAN_POINT('',(252.,248.3,86.));
#5173 = DIRECTION('',(1.,0.,0.));
#5174 = DIRECTION('',(0.,0.,1.));
#5175 = ADVANCED_FACE('',(#5176),#5201,.F.);
#5176 = FACE_BOUND('',#5177,.F.);
#5177 = EDGE_LOOP('',(#5178,#5186,#5187,#5195));
#5178 = ORIENTED_EDGE('',*,*,#5179,.F.);
#5179 = EDGE_CURVE('',#5140,#5180,#5182,.T.);
#5180 = VERTEX_POINT('',#5181);
#5181 = CARTESIAN_POINT('',(270.,248.3,86.));
#5182 = LINE('',#5183,#5184);
#5183 = CARTESIAN_POINT('',(252.,248.3,86.));
#5184 = VECTOR('',#5185,1.);
#5185 = DIRECTION('',(1.,0.,0.));
#5186 = ORIENTED_EDGE('',*,*,#5139,.T.);
#5187 = ORIENTED_EDGE('',*,*,#5188,.T.);
#5188 = EDGE_CURVE('',#5142,#5189,#5191,.T.);
#5189 = VERTEX_POINT('',#5190);
#5190 = CARTESIAN_POINT('',(270.,248.3,89.175));
#5191 = LINE('',#5192,#5193);
#5192 = CARTESIAN_POINT('',(252.,248.3,89.175));
#5193 = VECTOR('',#5194,1.);
#5194 = DIRECTION('',(1.,0.,0.));
#5195 = ORIENTED_EDGE('',*,*,#5196,.F.);
#5196 = EDGE_CURVE('',#5180,#5189,#5197,.T.);
#5197 = LINE('',#5198,#5199);
#5198 = CARTESIAN_POINT('',(270.,248.3,86.));
#5199 = VECTOR('',#5200,1.);
#5200 = DIRECTION('',(0.,0.,1.));
#5201 = PLANE('',#5202);
#5202 = AXIS2_PLACEMENT_3D('',#5203,#5204,#5205);
#5203 = CARTESIAN_POINT('',(252.,248.3,86.));
#5204 = DIRECTION('',(0.,1.,0.));
#5205 = DIRECTION('',(0.,0.,1.));
#5206 = ADVANCED_FACE('',(#5207,#5225),#5236,.T.);
#5207 = FACE_BOUND('',#5208,.T.);
#5208 = EDGE_LOOP('',(#5209,#5210,#5211,#5219));
#5209 = ORIENTED_EDGE('',*,*,#5165,.F.);
#5210 = ORIENTED_EDGE('',*,*,#5188,.T.);
#5211 = ORIENTED_EDGE('',*,*,#5212,.T.);
#5212 = EDGE_CURVE('',#5189,#5213,#5215,.T.);
#5213 = VERTEX_POINT('',#5214);
#5214 = CARTESIAN_POINT('',(270.,273.7,89.175));
#5215 = LINE('',#5216,#5217);
#5216 = CARTESIAN_POINT('',(270.,248.3,89.175));
#5217 = VECTOR('',#5218,1.);
#5218 = DIRECTION('',(0.,1.,0.));
#5219 = ORIENTED_EDGE('',*,*,#5220,.F.);
#5220 = EDGE_CURVE('',#5158,#5213,#5221,.T.);
#5221 = LINE('',#5222,#5223);
#5222 = CARTESIAN_POINT('',(252.,273.7,89.175));
#5223 = VECTOR('',#5224,1.);
#5224 = DIRECTION('',(1.,0.,0.));
#5225 = FACE_BOUND('',#5226,.T.);
#5226 = EDGE_LOOP('',(#5227));
#5227 = ORIENTED_EDGE('',*,*,#5228,.F.);
#5228 = EDGE_CURVE('',#5229,#5229,#5231,.T.);
#5229 = VERTEX_POINT('',#5230);
#5230 = CARTESIAN_POINT('',(265.75,261.,89.175));
#5231 = CIRCLE('',#5232,4.75);
#5232 = AXIS2_PLACEMENT_3D('',#5233,#5234,#5235);
#5233 = CARTESIAN_POINT('',(261.,261.,89.175));
#5234 = DIRECTION('',(0.,0.,1.));
#5235 = DIRECTION('',(1.,0.,0.));
#5236 = PLANE('',#5237);
#5237 = AXIS2_PLACEMENT_3D('',#5238,#5239,#5240);
#5238 = CARTESIAN_POINT('',(252.,248.3,89.175));
#5239 = DIRECTION('',(0.,0.,1.));
#5240 = DIRECTION('',(1.,0.,0.));
#5241 = ADVANCED_FACE('',(#5242),#5260,.T.);
#5242 = FACE_BOUND('',#5243,.T.);
#5243 = EDGE_LOOP('',(#5244,#5252,#5253,#5254));
#5244 = ORIENTED_EDGE('',*,*,#5245,.F.);
#5245 = EDGE_CURVE('',#5150,#5246,#5248,.T.);
#5246 = VERTEX_POINT('',#5247);
#5247 = CARTESIAN_POINT('',(270.,273.7,86.));
#5248 = LINE('',#5249,#5250);
#5249 = CARTESIAN_POINT('',(252.,273.7,86.));
#5250 = VECTOR('',#5251,1.);
#5251 = DIRECTION('',(1.,0.,0.));
#5252 = ORIENTED_EDGE('',*,*,#5157,.T.);
#5253 = ORIENTED_EDGE('',*,*,#5220,.T.);
#5254 = ORIENTED_EDGE('',*,*,#5255,.F.);
#5255 = EDGE_CURVE('',#5246,#5213,#5256,.T.);
#5256 = LINE('',#5257,#5258);
#5257 = CARTESIAN_POINT('',(270.,273.7,86.));
#5258 = VECTOR('',#5259,1.);
#5259 = DIRECTION('',(0.,0.,1.));
#5260 = PLANE('',#5261);
#5261 = AXIS2_PLACEMENT_3D('',#5262,#5263,#5264);
#5262 = CARTESIAN_POINT('',(252.,273.7,86.));
#5263 = DIRECTION('',(0.,1.,0.));
#5264 = DIRECTION('',(0.,0.,1.));
#5265 = ADVANCED_FACE('',(#5266,#5277),#5288,.F.);
#5266 = FACE_BOUND('',#5267,.F.);
#5267 = EDGE_LOOP('',(#5268,#5269,#5270,#5276));
#5268 = ORIENTED_EDGE('',*,*,#5149,.F.);
#5269 = ORIENTED_EDGE('',*,*,#5179,.T.);
#5270 = ORIENTED_EDGE('',*,*,#5271,.T.);
#5271 = EDGE_CURVE('',#5180,#5246,#5272,.T.);
#5272 = LINE('',#5273,#5274);
#5273 = CARTESIAN_POINT('',(270.,248.3,86.));
#5274 = VECTOR('',#5275,1.);
#5275 = DIRECTION('',(0.,1.,0.));
#5276 = ORIENTED_EDGE('',*,*,#5245,.F.);
#5277 = FACE_BOUND('',#5278,.F.);
#5278 = EDGE_LOOP('',(#5279));
#5279 = ORIENTED_EDGE('',*,*,#5280,.F.);
#5280 = EDGE_CURVE('',#5281,#5281,#5283,.T.);
#5281 = VERTEX_POINT('',#5282);
#5282 = CARTESIAN_POINT('',(265.75,261.,86.));
#5283 = CIRCLE('',#5284,4.75);
#5284 = AXIS2_PLACEMENT_3D('',#5285,#5286,#5287);
#5285 = CARTESIAN_POINT('',(261.,261.,86.));
#5286 = DIRECTION('',(0.,0.,1.));
#5287 = DIRECTION('',(1.,0.,0.));
#5288 = PLANE('',#5289);
#5289 = AXIS2_PLACEMENT_3D('',#5290,#5291,#5292);
#5290 = CARTESIAN_POINT('',(252.,248.3,86.));
#5291 = DIRECTION('',(0.,0.,1.));
#5292 = DIRECTION('',(1.,0.,0.));
#5293 = ADVANCED_FACE('',(#5294),#5300,.T.);
#5294 = FACE_BOUND('',#5295,.T.);
#5295 = EDGE_LOOP('',(#5296,#5297,#5298,#5299));
#5296 = ORIENTED_EDGE('',*,*,#5196,.F.);
#5297 = ORIENTED_EDGE('',*,*,#5271,.T.);
#5298 = ORIENTED_EDGE('',*,*,#5255,.T.);
#5299 = ORIENTED_EDGE('',*,*,#5212,.F.);
#5300 = PLANE('',#5301);
#5301 = AXIS2_PLACEMENT_3D('',#5302,#5303,#5304);
#5302 = CARTESIAN_POINT('',(270.,248.3,86.));
#5303 = DIRECTION('',(1.,0.,0.));
#5304 = DIRECTION('',(0.,0.,1.));
#5305 = ADVANCED_FACE('',(#5306),#5317,.F.);
#5306 = FACE_BOUND('',#5307,.F.);
#5307 = EDGE_LOOP('',(#5308,#5309,#5315,#5316));
#5308 = ORIENTED_EDGE('',*,*,#5228,.F.);
#5309 = ORIENTED_EDGE('',*,*,#5310,.F.);
#5310 = EDGE_CURVE('',#5281,#5229,#5311,.T.);
#5311 = LINE('',#5312,#5313);
#5312 = CARTESIAN_POINT('',(265.75,261.,85.));
#5313 = VECTOR('',#5314,1.);
#5314 = DIRECTION('',(0.,0.,1.));
#5315 = ORIENTED_EDGE('',*,*,#5280,.T.);
#5316 = ORIENTED_EDGE('',*,*,#5310,.T.);
#5317 = CYLINDRICAL_SURFACE('',#5318,4.75);
#5318 = AXIS2_PLACEMENT_3D('',#5319,#5320,#5321);
#5319 = CARTESIAN_POINT('',(261.,261.,85.));
#5320 = DIRECTION('',(0.,0.,1.));
#5321 = DIRECTION('',(1.,0.,0.));
#5322 = MANIFOLD_SOLID_BREP('',#5323);
#5323 = CLOSED_SHELL('',(#5324,#5364,#5395,#5430,#5454,#5482,#5494));
#5324 = ADVANCED_FACE('',(#5325),#5359,.F.);
#5325 = FACE_BOUND('',#5326,.F.);
#5326 = EDGE_LOOP('',(#5327,#5337,#5345,#5353));
#5327 = ORIENTED_EDGE('',*,*,#5328,.F.);
#5328 = EDGE_CURVE('',#5329,#5331,#5333,.T.);
#5329 = VERTEX_POINT('',#5330);
#5330 = CARTESIAN_POINT('',(252.,248.3,120.925));
#5331 = VERTEX_POINT('',#5332);
#5332 = CARTESIAN_POINT('',(252.,248.3,124.1));
#5333 = LINE('',#5334,#5335);
#5334 = CARTESIAN_POINT('',(252.,248.3,120.925));
#5335 = VECTOR('',#5336,1.);
#5336 = DIRECTION('',(0.,0.,1.));
#5337 = ORIENTED_EDGE('',*,*,#5338,.T.);
#5338 = EDGE_CURVE('',#5329,#5339,#5341,.T.);
#5339 = VERTEX_POINT('',#5340);
#5340 = CARTESIAN_POINT('',(252.,273.7,120.925));
#5341 = LINE('',#5342,#5343);
#5342 = CARTESIAN_POINT('',(252.,248.3,120.925));
#5343 = VECTOR('',#5344,1.);
#5344 = DIRECTION('',(0.,1.,0.));
#5345 = ORIENTED_EDGE('',*,*,#5346,.T.);
#5346 = EDGE_CURVE('',#5339,#5347,#5349,.T.);
#5347 = VERTEX_POINT('',#5348);
#5348 = CARTESIAN_POINT('',(252.,273.7,124.1));
#5349 = LINE('',#5350,#5351);
#5350 = CARTESIAN_POINT('',(252.,273.7,120.925));
#5351 = VECTOR('',#5352,1.);
#5352 = DIRECTION('',(0.,0.,1.));
#5353 = ORIENTED_EDGE('',*,*,#5354,.F.);
#5354 = EDGE_CURVE('',#5331,#5347,#5355,.T.);
#5355 = LINE('',#5356,#5357);
#5356 = CARTESIAN_POINT('',(252.,248.3,124.1));
#5357 = VECTOR('',#5358,1.);
#5358 = DIRECTION('',(0.,1.,0.));
#5359 = PLANE('',#5360);
#5360 = AXIS2_PLACEMENT_3D('',#5361,#5362,#5363);
#5361 = CARTESIAN_POINT('',(252.,248.3,120.925));
#5362 = DIRECTION('',(1.,0.,0.));
#5363 = DIRECTION('',(0.,0.,1.));
#5364 = ADVANCED_FACE('',(#5365),#5390,.F.);
#5365 = FACE_BOUND('',#5366,.F.);
#5366 = EDGE_LOOP('',(#5367,#5375,#5376,#5384));
#5367 = ORIENTED_EDGE('',*,*,#5368,.F.);
#5368 = EDGE_CURVE('',#5329,#5369,#5371,.T.);
#5369 = VERTEX_POINT('',#5370);
#5370 = CARTESIAN_POINT('',(270.,248.3,120.925));
#5371 = LINE('',#5372,#5373);
#5372 = CARTESIAN_POINT('',(252.,248.3,120.925));
#5373 = VECTOR('',#5374,1.);
#5374 = DIRECTION('',(1.,0.,0.));
#5375 = ORIENTED_EDGE('',*,*,#5328,.T.);
#5376 = ORIENTED_EDGE('',*,*,#5377,.T.);
#5377 = EDGE_CURVE('',#5331,#5378,#5380,.T.);
#5378 = VERTEX_POINT('',#5379);
#5379 = CARTESIAN_POINT('',(270.,248.3,124.1));
#5380 = LINE('',#5381,#5382);
#5381 = CARTESIAN_POINT('',(252.,248.3,124.1));
#5382 = VECTOR('',#5383,1.);
#5383 = DIRECTION('',(1.,0.,0.));
#5384 = ORIENTED_EDGE('',*,*,#5385,.F.);
#5385 = EDGE_CURVE('',#5369,#5378,#5386,.T.);
#5386 = LINE('',#5387,#5388);
#5387 = CARTESIAN_POINT('',(270.,248.3,120.925));
#5388 = VECTOR('',#5389,1.);
#5389 = DIRECTION('',(0.,0.,1.));
#5390 = PLANE('',#5391);
#5391 = AXIS2_PLACEMENT_3D('',#5392,#5393,#5394);
#5392 = CARTESIAN_POINT('',(252.,248.3,120.925));
#5393 = DIRECTION('',(0.,1.,0.));
#5394 = DIRECTION('',(0.,0.,1.));
#5395 = ADVANCED_FACE('',(#5396,#5414),#5425,.T.);
#5396 = FACE_BOUND('',#5397,.T.);
#5397 = EDGE_LOOP('',(#5398,#5399,#5400,#5408));
#5398 = ORIENTED_EDGE('',*,*,#5354,.F.);
#5399 = ORIENTED_EDGE('',*,*,#5377,.T.);
#5400 = ORIENTED_EDGE('',*,*,#5401,.T.);
#5401 = EDGE_CURVE('',#5378,#5402,#5404,.T.);
#5402 = VERTEX_POINT('',#5403);
#5403 = CARTESIAN_POINT('',(270.,273.7,124.1));
#5404 = LINE('',#5405,#5406);
#5405 = CARTESIAN_POINT('',(270.,248.3,124.1));
#5406 = VECTOR('',#5407,1.);
#5407 = DIRECTION('',(0.,1.,0.));
#5408 = ORIENTED_EDGE('',*,*,#5409,.F.);
#5409 = EDGE_CURVE('',#5347,#5402,#5410,.T.);
#5410 = LINE('',#5411,#5412);
#5411 = CARTESIAN_POINT('',(252.,273.7,124.1));
#5412 = VECTOR('',#5413,1.);
#5413 = DIRECTION('',(1.,0.,0.));
#5414 = FACE_BOUND('',#5415,.T.);
#5415 = EDGE_LOOP('',(#5416));
#5416 = ORIENTED_EDGE('',*,*,#5417,.F.);
#5417 = EDGE_CURVE('',#5418,#5418,#5420,.T.);
#5418 = VERTEX_POINT('',#5419);
#5419 = CARTESIAN_POINT('',(265.75,261.,124.1));
#5420 = CIRCLE('',#5421,4.75);
#5421 = AXIS2_PLACEMENT_3D('',#5422,#5423,#5424);
#5422 = CARTESIAN_POINT('',(261.,261.,124.1));
#5423 = DIRECTION('',(0.,0.,1.));
#5424 = DIRECTION('',(1.,0.,0.));
#5425 = PLANE('',#5426);
#5426 = AXIS2_PLACEMENT_3D('',#5427,#5428,#5429);
#5427 = CARTESIAN_POINT('',(252.,248.3,124.1));
#5428 = DIRECTION('',(0.,0.,1.));
#5429 = DIRECTION('',(1.,0.,0.));
#5430 = ADVANCED_FACE('',(#5431),#5449,.T.);
#5431 = FACE_BOUND('',#5432,.T.);
#5432 = EDGE_LOOP('',(#5433,#5441,#5442,#5443));
#5433 = ORIENTED_EDGE('',*,*,#5434,.F.);
#5434 = EDGE_CURVE('',#5339,#5435,#5437,.T.);
#5435 = VERTEX_POINT('',#5436);
#5436 = CARTESIAN_POINT('',(270.,273.7,120.925));
#5437 = LINE('',#5438,#5439);
#5438 = CARTESIAN_POINT('',(252.,273.7,120.925));
#5439 = VECTOR('',#5440,1.);
#5440 = DIRECTION('',(1.,0.,0.));
#5441 = ORIENTED_EDGE('',*,*,#5346,.T.);
#5442 = ORIENTED_EDGE('',*,*,#5409,.T.);
#5443 = ORIENTED_EDGE('',*,*,#5444,.F.);
#5444 = EDGE_CURVE('',#5435,#5402,#5445,.T.);
#5445 = LINE('',#5446,#5447);
#5446 = CARTESIAN_POINT('',(270.,273.7,120.925));
#5447 = VECTOR('',#5448,1.);
#5448 = DIRECTION('',(0.,0.,1.));
#5449 = PLANE('',#5450);
#5450 = AXIS2_PLACEMENT_3D('',#5451,#5452,#5453);
#5451 = CARTESIAN_POINT('',(252.,273.7,120.925));
#5452 = DIRECTION('',(0.,1.,0.));
#5453 = DIRECTION('',(0.,0.,1.));
#5454 = ADVANCED_FACE('',(#5455,#5466),#5477,.F.);
#5455 = FACE_BOUND('',#5456,.F.);
#5456 = EDGE_LOOP('',(#5457,#5458,#5459,#5465));
#5457 = ORIENTED_EDGE('',*,*,#5338,.F.);
#5458 = ORIENTED_EDGE('',*,*,#5368,.T.);
#5459 = ORIENTED_EDGE('',*,*,#5460,.T.);
#5460 = EDGE_CURVE('',#5369,#5435,#5461,.T.);
#5461 = LINE('',#5462,#5463);
#5462 = CARTESIAN_POINT('',(270.,248.3,120.925));
#5463 = VECTOR('',#5464,1.);
#5464 = DIRECTION('',(0.,1.,0.));
#5465 = ORIENTED_EDGE('',*,*,#5434,.F.);
#5466 = FACE_BOUND('',#5467,.F.);
#5467 = EDGE_LOOP('',(#5468));
#5468 = ORIENTED_EDGE('',*,*,#5469,.F.);
#5469 = EDGE_CURVE('',#5470,#5470,#5472,.T.);
#5470 = VERTEX_POINT('',#5471);
#5471 = CARTESIAN_POINT('',(265.75,261.,120.925));
#5472 = CIRCLE('',#5473,4.75);
#5473 = AXIS2_PLACEMENT_3D('',#5474,#5475,#5476);
#5474 = CARTESIAN_POINT('',(261.,261.,120.925));
#5475 = DIRECTION('',(0.,0.,1.));
#5476 = DIRECTION('',(1.,0.,0.));
#5477 = PLANE('',#5478);
#5478 = AXIS2_PLACEMENT_3D('',#5479,#5480,#5481);
#5479 = CARTESIAN_POINT('',(252.,248.3,120.925));
#5480 = DIRECTION('',(0.,0.,1.));
#5481 = DIRECTION('',(1.,0.,0.));
#5482 = ADVANCED_FACE('',(#5483),#5489,.T.);
#5483 = FACE_BOUND('',#5484,.T.);
#5484 = EDGE_LOOP('',(#5485,#5486,#5487,#5488));
#5485 = ORIENTED_EDGE('',*,*,#5385,.F.);
#5486 = ORIENTED_EDGE('',*,*,#5460,.T.);
#5487 = ORIENTED_EDGE('',*,*,#5444,.T.);
#5488 = ORIENTED_EDGE('',*,*,#5401,.F.);
#5489 = PLANE('',#5490);
#5490 = AXIS2_PLACEMENT_3D('',#5491,#5492,#5493);
#5491 = CARTESIAN_POINT('',(270.,248.3,120.925));
#5492 = DIRECTION('',(1.,0.,0.));
#5493 = DIRECTION('',(0.,0.,1.));
#5494 = ADVANCED_FACE('',(#5495),#5506,.F.);
#5495 = FACE_BOUND('',#5496,.F.);
#5496 = EDGE_LOOP('',(#5497,#5498,#5504,#5505));
#5497 = ORIENTED_EDGE('',*,*,#5417,.F.);
#5498 = ORIENTED_EDGE('',*,*,#5499,.F.);
#5499 = EDGE_CURVE('',#5470,#5418,#5500,.T.);
#5500 = LINE('',#5501,#5502);
#5501 = CARTESIAN_POINT('',(265.75,261.,119.925));
#5502 = VECTOR('',#5503,1.);
#5503 = DIRECTION('',(0.,0.,1.));
#5504 = ORIENTED_EDGE('',*,*,#5469,.T.);
#5505 = ORIENTED_EDGE('',*,*,#5499,.T.);
#5506 = CYLINDRICAL_SURFACE('',#5507,4.75);
#5507 = AXIS2_PLACEMENT_3D('',#5508,#5509,#5510);
#5508 = CARTESIAN_POINT('',(261.,261.,119.925));
#5509 = DIRECTION('',(0.,0.,1.));
#5510 = DIRECTION('',(1.,0.,0.));
#5511 = MANIFOLD_SOLID_BREP('',#5512);
#5512 = CLOSED_SHELL('',(#5513,#5553,#5593,#5615,#5637,#5649));
#5513 = ADVANCED_FACE('',(#5514),#5548,.F.);
#5514 = FACE_BOUND('',#5515,.F.);
#5515 = EDGE_LOOP('',(#5516,#5526,#5534,#5542));
#5516 = ORIENTED_EDGE('',*,*,#5517,.F.);
#5517 = EDGE_CURVE('',#5518,#5520,#5522,.T.);
#5518 = VERTEX_POINT('',#5519);
#5519 = CARTESIAN_POINT('',(252.,248.3,89.175));
#5520 = VERTEX_POINT('',#5521);
#5521 = CARTESIAN_POINT('',(252.,248.3,120.925));
#5522 = LINE('',#5523,#5524);
#5523 = CARTESIAN_POINT('',(252.,248.3,89.175));
#5524 = VECTOR('',#5525,1.);
#5525 = DIRECTION('',(0.,0.,1.));
#5526 = ORIENTED_EDGE('',*,*,#5527,.T.);
#5527 = EDGE_CURVE('',#5518,#5528,#5530,.T.);
#5528 = VERTEX_POINT('',#5529);
#5529 = CARTESIAN_POINT('',(252.,251.475,89.175));
#5530 = LINE('',#5531,#5532);
#5531 = CARTESIAN_POINT('',(252.,248.3,89.175));
#5532 = VECTOR('',#5533,1.);
#5533 = DIRECTION('',(0.,1.,0.));
#5534 = ORIENTED_EDGE('',*,*,#5535,.T.);
#5535 = EDGE_CURVE('',#5528,#5536,#5538,.T.);
#5536 = VERTEX_POINT('',#5537);
#5537 = CARTESIAN_POINT('',(252.,251.475,120.925));
#5538 = LINE('',#5539,#5540);
#5539 = CARTESIAN_POINT('',(252.,251.475,89.175));
#5540 = VECTOR('',#5541,1.);
#5541 = DIRECTION('',(0.,0.,1.));
#5542 = ORIENTED_EDGE('',*,*,#5543,.F.);
#5543 = EDGE_CURVE('',#5520,#5536,#5544,.T.);
#5544 = LINE('',#5545,#5546);
#5545 = CARTESIAN_POINT('',(252.,248.3,120.925));
#5546 = VECTOR('',#5547,1.);
#5547 = DIRECTION('',(0.,1.,0.));
#5548 = PLANE('',#5549);
#5549 = AXIS2_PLACEMENT_3D('',#5550,#5551,#5552);
#5550 = CARTESIAN_POINT('',(252.,248.3,89.175));
#5551 = DIRECTION('',(1.,0.,0.));
#5552 = DIRECTION('',(0.,0.,1.));
#5553 = ADVANCED_FACE('',(#5554),#5588,.T.);
#5554 = FACE_BOUND('',#5555,.T.);
#5555 = EDGE_LOOP('',(#5556,#5566,#5574,#5582));
#5556 = ORIENTED_EDGE('',*,*,#5557,.F.);
#5557 = EDGE_CURVE('',#5558,#5560,#5562,.T.);
#5558 = VERTEX_POINT('',#5559);
#5559 = CARTESIAN_POINT('',(270.,248.3,89.175));
#5560 = VERTEX_POINT('',#5561);
#5561 = CARTESIAN_POINT('',(270.,248.3,120.925));
#5562 = LINE('',#5563,#5564);
#5563 = CARTESIAN_POINT('',(270.,248.3,89.175));
#5564 = VECTOR('',#5565,1.);
#5565 = DIRECTION('',(0.,0.,1.));
#5566 = ORIENTED_EDGE('',*,*,#5567,.T.);
#5567 = EDGE_CURVE('',#5558,#5568,#5570,.T.);
#5568 = VERTEX_POINT('',#5569);
#5569 = CARTESIAN_POINT('',(270.,251.475,89.175));
#5570 = LINE('',#5571,#5572);
#5571 = CARTESIAN_POINT('',(270.,248.3,89.175));
#5572 = VECTOR('',#5573,1.);
#5573 = DIRECTION('',(0.,1.,0.));
#5574 = ORIENTED_EDGE('',*,*,#5575,.T.);
#5575 = EDGE_CURVE('',#5568,#5576,#5578,.T.);
#5576 = VERTEX_POINT('',#5577);
#5577 = CARTESIAN_POINT('',(270.,251.475,120.925));
#5578 = LINE('',#5579,#5580);
#5579 = CARTESIAN_POINT('',(270.,251.475,89.175));
#5580 = VECTOR('',#5581,1.);
#5581 = DIRECTION('',(0.,0.,1.));
#5582 = ORIENTED_EDGE('',*,*,#5583,.F.);
#5583 = EDGE_CURVE('',#5560,#5576,#5584,.T.);
#5584 = LINE('',#5585,#5586);
#5585 = CARTESIAN_POINT('',(270.,248.3,120.925));
#5586 = VECTOR('',#5587,1.);
#5587 = DIRECTION('',(0.,1.,0.));
#5588 = PLANE('',#5589);
#5589 = AXIS2_PLACEMENT_3D('',#5590,#5591,#5592);
#5590 = CARTESIAN_POINT('',(270.,248.3,89.175));
#5591 = DIRECTION('',(1.,0.,0.));
#5592 = DIRECTION('',(0.,0.,1.));
#5593 = ADVANCED_FACE('',(#5594),#5610,.F.);
#5594 = FACE_BOUND('',#5595,.F.);
#5595 = EDGE_LOOP('',(#5596,#5602,#5603,#5609));
#5596 = ORIENTED_EDGE('',*,*,#5597,.F.);
#5597 = EDGE_CURVE('',#5518,#5558,#5598,.T.);
#5598 = LINE('',#5599,#5600);
#5599 = CARTESIAN_POINT('',(252.,248.3,89.175));
#5600 = VECTOR('',#5601,1.);
#5601 = DIRECTION('',(1.,0.,0.));
#5602 = ORIENTED_EDGE('',*,*,#5517,.T.);
#5603 = ORIENTED_EDGE('',*,*,#5604,.T.);
#5604 = EDGE_CURVE('',#5520,#5560,#5605,.T.);
#5605 = LINE('',#5606,#5607);
#5606 = CARTESIAN_POINT('',(252.,248.3,120.925));
#5607 = VECTOR('',#5608,1.);
#5608 = DIRECTION('',(1.,0.,0.));
#5609 = ORIENTED_EDGE('',*,*,#5557,.F.);
#5610 = PLANE('',#5611);
#5611 = AXIS2_PLACEMENT_3D('',#5612,#5613,#5614);
#5612 = CARTESIAN_POINT('',(252.,248.3,89.175));
#5613 = DIRECTION('',(0.,1.,0.));
#5614 = DIRECTION('',(0.,0.,1.));
#5615 = ADVANCED_FACE('',(#5616),#5632,.T.);
#5616 = FACE_BOUND('',#5617,.T.);
#5617 = EDGE_LOOP('',(#5618,#5624,#5625,#5631));
#5618 = ORIENTED_EDGE('',*,*,#5619,.F.);
#5619 = EDGE_CURVE('',#5528,#5568,#5620,.T.);
#5620 = LINE('',#5621,#5622);
#5621 = CARTESIAN_POINT('',(252.,251.475,89.175));
#5622 = VECTOR('',#5623,1.);
#5623 = DIRECTION('',(1.,0.,0.));
#5624 = ORIENTED_EDGE('',*,*,#5535,.T.);
#5625 = ORIENTED_EDGE('',*,*,#5626,.T.);
#5626 = EDGE_CURVE('',#5536,#5576,#5627,.T.);
#5627 = LINE('',#5628,#5629);
#5628 = CARTESIAN_POINT('',(252.,251.475,120.925));
#5629 = VECTOR('',#5630,1.);
#5630 = DIRECTION('',(1.,0.,0.));
#5631 = ORIENTED_EDGE('',*,*,#5575,.F.);
#5632 = PLANE('',#5633);
#5633 = AXIS2_PLACEMENT_3D('',#5634,#5635,#5636);
#5634 = CARTESIAN_POINT('',(252.,251.475,89.175));
#5635 = DIRECTION('',(0.,1.,0.));
#5636 = DIRECTION('',(0.,0.,1.));
#5637 = ADVANCED_FACE('',(#5638),#5644,.F.);
#5638 = FACE_BOUND('',#5639,.F.);
#5639 = EDGE_LOOP('',(#5640,#5641,#5642,#5643));
#5640 = ORIENTED_EDGE('',*,*,#5527,.F.);
#5641 = ORIENTED_EDGE('',*,*,#5597,.T.);
#5642 = ORIENTED_EDGE('',*,*,#5567,.T.);
#5643 = ORIENTED_EDGE('',*,*,#5619,.F.);
#5644 = PLANE('',#5645);
#5645 = AXIS2_PLACEMENT_3D('',#5646,#5647,#5648);
#5646 = CARTESIAN_POINT('',(252.,248.3,89.175));
#5647 = DIRECTION('',(0.,0.,1.));
#5648 = DIRECTION('',(1.,0.,0.));
#5649 = ADVANCED_FACE('',(#5650),#5656,.T.);
#5650 = FACE_BOUND('',#5651,.T.);
#5651 = EDGE_LOOP('',(#5652,#5653,#5654,#5655));
#5652 = ORIENTED_EDGE('',*,*,#5543,.F.);
#5653 = ORIENTED_EDGE('',*,*,#5604,.T.);
#5654 = ORIENTED_EDGE('',*,*,#5583,.T.);
#5655 = ORIENTED_EDGE('',*,*,#5626,.F.);
#5656 = PLANE('',#5657);
#5657 = AXIS2_PLACEMENT_3D('',#5658,#5659,#5660);
#5658 = CARTESIAN_POINT('',(252.,248.3,120.925));
#5659 = DIRECTION('',(0.,0.,1.));
#5660 = DIRECTION('',(1.,0.,0.));
#5661 = MANIFOLD_SOLID_BREP('',#5662);
#5662 = CLOSED_SHELL('',(#5663,#5703,#5743,#5765,#5787,#5799));
#5663 = ADVANCED_FACE('',(#5664),#5698,.F.);
#5664 = FACE_BOUND('',#5665,.F.);
#5665 = EDGE_LOOP('',(#5666,#5676,#5684,#5692));
#5666 = ORIENTED_EDGE('',*,*,#5667,.F.);
#5667 = EDGE_CURVE('',#5668,#5670,#5672,.T.);
#5668 = VERTEX_POINT('',#5669);
#5669 = CARTESIAN_POINT('',(252.,270.525,89.175));
#5670 = VERTEX_POINT('',#5671);
#5671 = CARTESIAN_POINT('',(252.,270.525,120.925));
#5672 = LINE('',#5673,#5674);
#5673 = CARTESIAN_POINT('',(252.,270.525,89.175));
#5674 = VECTOR('',#5675,1.);
#5675 = DIRECTION('',(0.,0.,1.));
#5676 = ORIENTED_EDGE('',*,*,#5677,.T.);
#5677 = EDGE_CURVE('',#5668,#5678,#5680,.T.);
#5678 = VERTEX_POINT('',#5679);
#5679 = CARTESIAN_POINT('',(252.,273.7,89.175));
#5680 = LINE('',#5681,#5682);
#5681 = CARTESIAN_POINT('',(252.,270.525,89.175));
#5682 = VECTOR('',#5683,1.);
#5683 = DIRECTION('',(0.,1.,0.));
#5684 = ORIENTED_EDGE('',*,*,#5685,.T.);
#5685 = EDGE_CURVE('',#5678,#5686,#5688,.T.);
#5686 = VERTEX_POINT('',#5687);
#5687 = CARTESIAN_POINT('',(252.,273.7,120.925));
#5688 = LINE('',#5689,#5690);
#5689 = CARTESIAN_POINT('',(252.,273.7,89.175));
#5690 = VECTOR('',#5691,1.);
#5691 = DIRECTION('',(0.,0.,1.));
#5692 = ORIENTED_EDGE('',*,*,#5693,.F.);
#5693 = EDGE_CURVE('',#5670,#5686,#5694,.T.);
#5694 = LINE('',#5695,#5696);
#5695 = CARTESIAN_POINT('',(252.,270.525,120.925));
#5696 = VECTOR('',#5697,1.);
#5697 = DIRECTION('',(0.,1.,0.));
#5698 = PLANE('',#5699);
#5699 = AXIS2_PLACEMENT_3D('',#5700,#5701,#5702);
#5700 = CARTESIAN_POINT('',(252.,270.525,89.175));
#5701 = DIRECTION('',(1.,0.,0.));
#5702 = DIRECTION('',(0.,0.,1.));
#5703 = ADVANCED_FACE('',(#5704),#5738,.T.);
#5704 = FACE_BOUND('',#5705,.T.);
#5705 = EDGE_LOOP('',(#5706,#5716,#5724,#5732));
#5706 = ORIENTED_EDGE('',*,*,#5707,.F.);
#5707 = EDGE_CURVE('',#5708,#5710,#5712,.T.);
#5708 = VERTEX_POINT('',#5709);
#5709 = CARTESIAN_POINT('',(270.,270.525,89.175));
#5710 = VERTEX_POINT('',#5711);
#5711 = CARTESIAN_POINT('',(270.,270.525,120.925));
#5712 = LINE('',#5713,#5714);
#5713 = CARTESIAN_POINT('',(270.,270.525,89.175));
#5714 = VECTOR('',#5715,1.);
#5715 = DIRECTION('',(0.,0.,1.));
#5716 = ORIENTED_EDGE('',*,*,#5717,.T.);
#5717 = EDGE_CURVE('',#5708,#5718,#5720,.T.);
#5718 = VERTEX_POINT('',#5719);
#5719 = CARTESIAN_POINT('',(270.,273.7,89.175));
#5720 = LINE('',#5721,#5722);
#5721 = CARTESIAN_POINT('',(270.,270.525,89.175));
#5722 = VECTOR('',#5723,1.);
#5723 = DIRECTION('',(0.,1.,0.));
#5724 = ORIENTED_EDGE('',*,*,#5725,.T.);
#5725 = EDGE_CURVE('',#5718,#5726,#5728,.T.);
#5726 = VERTEX_POINT('',#5727);
#5727 = CARTESIAN_POINT('',(270.,273.7,120.925));
#5728 = LINE('',#5729,#5730);
#5729 = CARTESIAN_POINT('',(270.,273.7,89.175));
#5730 = VECTOR('',#5731,1.);
#5731 = DIRECTION('',(0.,0.,1.));
#5732 = ORIENTED_EDGE('',*,*,#5733,.F.);
#5733 = EDGE_CURVE('',#5710,#5726,#5734,.T.);
#5734 = LINE('',#5735,#5736);
#5735 = CARTESIAN_POINT('',(270.,270.525,120.925));
#5736 = VECTOR('',#5737,1.);
#5737 = DIRECTION('',(0.,1.,0.));
#5738 = PLANE('',#5739);
#5739 = AXIS2_PLACEMENT_3D('',#5740,#5741,#5742);
#5740 = CARTESIAN_POINT('',(270.,270.525,89.175));
#5741 = DIRECTION('',(1.,0.,0.));
#5742 = DIRECTION('',(0.,0.,1.));
#5743 = ADVANCED_FACE('',(#5744),#5760,.F.);
#5744 = FACE_BOUND('',#5745,.F.);
#5745 = EDGE_LOOP('',(#5746,#5752,#5753,#5759));
#5746 = ORIENTED_EDGE('',*,*,#5747,.F.);
#5747 = EDGE_CURVE('',#5668,#5708,#5748,.T.);
#5748 = LINE('',#5749,#5750);
#5749 = CARTESIAN_POINT('',(252.,270.525,89.175));
#5750 = VECTOR('',#5751,1.);
#5751 = DIRECTION('',(1.,0.,0.));
#5752 = ORIENTED_EDGE('',*,*,#5667,.T.);
#5753 = ORIENTED_EDGE('',*,*,#5754,.T.);
#5754 = EDGE_CURVE('',#5670,#5710,#5755,.T.);
#5755 = LINE('',#5756,#5757);
#5756 = CARTESIAN_POINT('',(252.,270.525,120.925));
#5757 = VECTOR('',#5758,1.);
#5758 = DIRECTION('',(1.,0.,0.));
#5759 = ORIENTED_EDGE('',*,*,#5707,.F.);
#5760 = PLANE('',#5761);
#5761 = AXIS2_PLACEMENT_3D('',#5762,#5763,#5764);
#5762 = CARTESIAN_POINT('',(252.,270.525,89.175));
#5763 = DIRECTION('',(0.,1.,0.));
#5764 = DIRECTION('',(0.,0.,1.));
#5765 = ADVANCED_FACE('',(#5766),#5782,.T.);
#5766 = FACE_BOUND('',#5767,.T.);
#5767 = EDGE_LOOP('',(#5768,#5774,#5775,#5781));
#5768 = ORIENTED_EDGE('',*,*,#5769,.F.);
#5769 = EDGE_CURVE('',#5678,#5718,#5770,.T.);
#5770 = LINE('',#5771,#5772);
#5771 = CARTESIAN_POINT('',(252.,273.7,89.175));
#5772 = VECTOR('',#5773,1.);
#5773 = DIRECTION('',(1.,0.,0.));
#5774 = ORIENTED_EDGE('',*,*,#5685,.T.);
#5775 = ORIENTED_EDGE('',*,*,#5776,.T.);
#5776 = EDGE_CURVE('',#5686,#5726,#5777,.T.);
#5777 = LINE('',#5778,#5779);
#5778 = CARTESIAN_POINT('',(252.,273.7,120.925));
#5779 = VECTOR('',#5780,1.);
#5780 = DIRECTION('',(1.,0.,0.));
#5781 = ORIENTED_EDGE('',*,*,#5725,.F.);
#5782 = PLANE('',#5783);
#5783 = AXIS2_PLACEMENT_3D('',#5784,#5785,#5786);
#5784 = CARTESIAN_POINT('',(252.,273.7,89.175));
#5785 = DIRECTION('',(0.,1.,0.));
#5786 = DIRECTION('',(0.,0.,1.));
#5787 = ADVANCED_FACE('',(#5788),#5794,.F.);
#5788 = FACE_BOUND('',#5789,.F.);
#5789 = EDGE_LOOP('',(#5790,#5791,#5792,#5793));
#5790 = ORIENTED_EDGE('',*,*,#5677,.F.);
#5791 = ORIENTED_EDGE('',*,*,#5747,.T.);
#5792 = ORIENTED_EDGE('',*,*,#5717,.T.);
#5793 = ORIENTED_EDGE('',*,*,#5769,.F.);
#5794 = PLANE('',#5795);
#5795 = AXIS2_PLACEMENT_3D('',#5796,#5797,#5798);
#5796 = CARTESIAN_POINT('',(252.,270.525,89.175));
#5797 = DIRECTION('',(0.,0.,1.));
#5798 = DIRECTION('',(1.,0.,0.));
#5799 = ADVANCED_FACE('',(#5800),#5806,.T.);
#5800 = FACE_BOUND('',#5801,.T.);
#5801 = EDGE_LOOP('',(#5802,#5803,#5804,#5805));
#5802 = ORIENTED_EDGE('',*,*,#5693,.F.);
#5803 = ORIENTED_EDGE('',*,*,#5754,.T.);
#5804 = ORIENTED_EDGE('',*,*,#5733,.T.);
#5805 = ORIENTED_EDGE('',*,*,#5776,.F.);
#5806 = PLANE('',#5807);
#5807 = AXIS2_PLACEMENT_3D('',#5808,#5809,#5810);
#5808 = CARTESIAN_POINT('',(252.,270.525,120.925));
#5809 = DIRECTION('',(0.,0.,1.));
#5810 = DIRECTION('',(1.,0.,0.));
#5811 = MANIFOLD_SOLID_BREP('',#5812);
#5812 = CLOSED_SHELL('',(#5813,#5853,#5884,#5919,#5943,#5971,#5983));
#5813 = ADVANCED_FACE('',(#5814),#5848,.F.);
#5814 = FACE_BOUND('',#5815,.F.);
#5815 = EDGE_LOOP('',(#5816,#5826,#5834,#5842));
#5816 = ORIENTED_EDGE('',*,*,#5817,.F.);
#5817 = EDGE_CURVE('',#5818,#5820,#5822,.T.);
#5818 = VERTEX_POINT('',#5819);
#5819 = CARTESIAN_POINT('',(252.,255.,89.175));
#5820 = VERTEX_POINT('',#5821);
#5821 = CARTESIAN_POINT('',(252.,255.,91.175));
#5822 = LINE('',#5823,#5824);
#5823 = CARTESIAN_POINT('',(252.,255.,89.175));
#5824 = VECTOR('',#5825,1.);
#5825 = DIRECTION('',(0.,0.,1.));
#5826 = ORIENTED_EDGE('',*,*,#5827,.T.);
#5827 = EDGE_CURVE('',#5818,#5828,#5830,.T.);
#5828 = VERTEX_POINT('',#5829);
#5829 = CARTESIAN_POINT('',(252.,267.,89.175));
#5830 = LINE('',#5831,#5832);
#5831 = CARTESIAN_POINT('',(252.,255.,89.175));
#5832 = VECTOR('',#5833,1.);
#5833 = DIRECTION('',(0.,1.,0.));
#5834 = ORIENTED_EDGE('',*,*,#5835,.T.);
#5835 = EDGE_CURVE('',#5828,#5836,#5838,.T.);
#5836 = VERTEX_POINT('',#5837);
#5837 = CARTESIAN_POINT('',(252.,267.,91.175));
#5838 = LINE('',#5839,#5840);
#5839 = CARTESIAN_POINT('',(252.,267.,89.175));
#5840 = VECTOR('',#5841,1.);
#5841 = DIRECTION('',(0.,0.,1.));
#5842 = ORIENTED_EDGE('',*,*,#5843,.F.);
#5843 = EDGE_CURVE('',#5820,#5836,#5844,.T.);
#5844 = LINE('',#5845,#5846);
#5845 = CARTESIAN_POINT('',(252.,255.,91.175));
#5846 = VECTOR('',#5847,1.);
#5847 = DIRECTION('',(0.,1.,0.));
#5848 = PLANE('',#5849);
#5849 = AXIS2_PLACEMENT_3D('',#5850,#5851,#5852);
#5850 = CARTESIAN_POINT('',(252.,255.,89.175));
#5851 = DIRECTION('',(1.,0.,0.));
#5852 = DIRECTION('',(0.,0.,1.));
#5853 = ADVANCED_FACE('',(#5854),#5879,.F.);
#5854 = FACE_BOUND('',#5855,.F.);
#5855 = EDGE_LOOP('',(#5856,#5864,#5865,#5873));
#5856 = ORIENTED_EDGE('',*,*,#5857,.F.);
#5857 = EDGE_CURVE('',#5818,#5858,#5860,.T.);
#5858 = VERTEX_POINT('',#5859);
#5859 = CARTESIAN_POINT('',(270.,255.,89.175));
#5860 = LINE('',#5861,#5862);
#5861 = CARTESIAN_POINT('',(252.,255.,89.175));
#5862 = VECTOR('',#5863,1.);
#5863 = DIRECTION('',(1.,0.,0.));
#5864 = ORIENTED_EDGE('',*,*,#5817,.T.);
#5865 = ORIENTED_EDGE('',*,*,#5866,.T.);
#5866 = EDGE_CURVE('',#5820,#5867,#5869,.T.);
#5867 = VERTEX_POINT('',#5868);
#5868 = CARTESIAN_POINT('',(270.,255.,91.175));
#5869 = LINE('',#5870,#5871);
#5870 = CARTESIAN_POINT('',(252.,255.,91.175));
#5871 = VECTOR('',#5872,1.);
#5872 = DIRECTION('',(1.,0.,0.));
#5873 = ORIENTED_EDGE('',*,*,#5874,.F.);
#5874 = EDGE_CURVE('',#5858,#5867,#5875,.T.);
#5875 = LINE('',#5876,#5877);
#5876 = CARTESIAN_POINT('',(270.,255.,89.175));
#5877 = VECTOR('',#5878,1.);
#5878 = DIRECTION('',(0.,0.,1.));
#5879 = PLANE('',#5880);
#5880 = AXIS2_PLACEMENT_3D('',#5881,#5882,#5883);
#5881 = CARTESIAN_POINT('',(252.,255.,89.175));
#5882 = DIRECTION('',(0.,1.,0.));
#5883 = DIRECTION('',(0.,0.,1.));
#5884 = ADVANCED_FACE('',(#5885,#5903),#5914,.T.);
#5885 = FACE_BOUND('',#5886,.T.);
#5886 = EDGE_LOOP('',(#5887,#5888,#5889,#5897));
#5887 = ORIENTED_EDGE('',*,*,#5843,.F.);
#5888 = ORIENTED_EDGE('',*,*,#5866,.T.);
#5889 = ORIENTED_EDGE('',*,*,#5890,.T.);
#5890 = EDGE_CURVE('',#5867,#5891,#5893,.T.);
#5891 = VERTEX_POINT('',#5892);
#5892 = CARTESIAN_POINT('',(270.,267.,91.175));
#5893 = LINE('',#5894,#5895);
#5894 = CARTESIAN_POINT('',(270.,255.,91.175));
#5895 = VECTOR('',#5896,1.);
#5896 = DIRECTION('',(0.,1.,0.));
#5897 = ORIENTED_EDGE('',*,*,#5898,.F.);
#5898 = EDGE_CURVE('',#5836,#5891,#5899,.T.);
#5899 = LINE('',#5900,#5901);
#5900 = CARTESIAN_POINT('',(252.,267.,91.175));
#5901 = VECTOR('',#5902,1.);
#5902 = DIRECTION('',(1.,0.,0.));
#5903 = FACE_BOUND('',#5904,.T.);
#5904 = EDGE_LOOP('',(#5905));
#5905 = ORIENTED_EDGE('',*,*,#5906,.F.);
#5906 = EDGE_CURVE('',#5907,#5907,#5909,.T.);
#5907 = VERTEX_POINT('',#5908);
#5908 = CARTESIAN_POINT('',(265.75,261.,91.175));
#5909 = CIRCLE('',#5910,4.75);
#5910 = AXIS2_PLACEMENT_3D('',#5911,#5912,#5913);
#5911 = CARTESIAN_POINT('',(261.,261.,91.175));
#5912 = DIRECTION('',(0.,0.,1.));
#5913 = DIRECTION('',(1.,0.,0.));
#5914 = PLANE('',#5915);
#5915 = AXIS2_PLACEMENT_3D('',#5916,#5917,#5918);
#5916 = CARTESIAN_POINT('',(252.,255.,91.175));
#5917 = DIRECTION('',(0.,0.,1.));
#5918 = DIRECTION('',(1.,0.,0.));
#5919 = ADVANCED_FACE('',(#5920),#5938,.T.);
#5920 = FACE_BOUND('',#5921,.T.);
#5921 = EDGE_LOOP('',(#5922,#5930,#5931,#5932));
#5922 = ORIENTED_EDGE('',*,*,#5923,.F.);
#5923 = EDGE_CURVE('',#5828,#5924,#5926,.T.);
#5924 = VERTEX_POINT('',#5925);
#5925 = CARTESIAN_POINT('',(270.,267.,89.175));
#5926 = LINE('',#5927,#5928);
#5927 = CARTESIAN_POINT('',(252.,267.,89.175));
#5928 = VECTOR('',#5929,1.);
#5929 = DIRECTION('',(1.,0.,0.));
#5930 = ORIENTED_EDGE('',*,*,#5835,.T.);
#5931 = ORIENTED_EDGE('',*,*,#5898,.T.);
#5932 = ORIENTED_EDGE('',*,*,#5933,.F.);
#5933 = EDGE_CURVE('',#5924,#5891,#5934,.T.);
#5934 = LINE('',#5935,#5936);
#5935 = CARTESIAN_POINT('',(270.,267.,89.175));
#5936 = VECTOR('',#5937,1.);
#5937 = DIRECTION('',(0.,0.,1.));
#5938 = PLANE('',#5939);
#5939 = AXIS2_PLACEMENT_3D('',#5940,#5941,#5942);
#5940 = CARTESIAN_POINT('',(252.,267.,89.175));
#5941 = DIRECTION('',(0.,1.,0.));
#5942 = DIRECTION('',(0.,0.,1.));
#5943 = ADVANCED_FACE('',(#5944,#5955),#5966,.F.);
#5944 = FACE_BOUND('',#5945,.F.);
#5945 = EDGE_LOOP('',(#5946,#5947,#5948,#5954));
#5946 = ORIENTED_EDGE('',*,*,#5827,.F.);
#5947 = ORIENTED_EDGE('',*,*,#5857,.T.);
#5948 = ORIENTED_EDGE('',*,*,#5949,.T.);
#5949 = EDGE_CURVE('',#5858,#5924,#5950,.T.);
#5950 = LINE('',#5951,#5952);
#5951 = CARTESIAN_POINT('',(270.,255.,89.175));
#5952 = VECTOR('',#5953,1.);
#5953 = DIRECTION('',(0.,1.,0.));
#5954 = ORIENTED_EDGE('',*,*,#5923,.F.);
#5955 = FACE_BOUND('',#5956,.F.);
#5956 = EDGE_LOOP('',(#5957));
#5957 = ORIENTED_EDGE('',*,*,#5958,.F.);
#5958 = EDGE_CURVE('',#5959,#5959,#5961,.T.);
#5959 = VERTEX_POINT('',#5960);
#5960 = CARTESIAN_POINT('',(265.75,261.,89.175));
#5961 = CIRCLE('',#5962,4.75);
#5962 = AXIS2_PLACEMENT_3D('',#5963,#5964,#5965);
#5963 = CARTESIAN_POINT('',(261.,261.,89.175));
#5964 = DIRECTION('',(0.,0.,1.));
#5965 = DIRECTION('',(1.,0.,0.));
#5966 = PLANE('',#5967);
#5967 = AXIS2_PLACEMENT_3D('',#5968,#5969,#5970);
#5968 = CARTESIAN_POINT('',(252.,255.,89.175));
#5969 = DIRECTION('',(0.,0.,1.));
#5970 = DIRECTION('',(1.,0.,0.));
#5971 = ADVANCED_FACE('',(#5972),#5978,.T.);
#5972 = FACE_BOUND('',#5973,.T.);
#5973 = EDGE_LOOP('',(#5974,#5975,#5976,#5977));
#5974 = ORIENTED_EDGE('',*,*,#5874,.F.);
#5975 = ORIENTED_EDGE('',*,*,#5949,.T.);
#5976 = ORIENTED_EDGE('',*,*,#5933,.T.);
#5977 = ORIENTED_EDGE('',*,*,#5890,.F.);
#5978 = PLANE('',#5979);
#5979 = AXIS2_PLACEMENT_3D('',#5980,#5981,#5982);
#5980 = CARTESIAN_POINT('',(270.,255.,89.175));
#5981 = DIRECTION('',(1.,0.,0.));
#5982 = DIRECTION('',(0.,0.,1.));
#5983 = ADVANCED_FACE('',(#5984),#5995,.F.);
#5984 = FACE_BOUND('',#5985,.F.);
#5985 = EDGE_LOOP('',(#5986,#5987,#5993,#5994));
#5986 = ORIENTED_EDGE('',*,*,#5906,.F.);
#5987 = ORIENTED_EDGE('',*,*,#5988,.F.);
#5988 = EDGE_CURVE('',#5959,#5907,#5989,.T.);
#5989 = LINE('',#5990,#5991);
#5990 = CARTESIAN_POINT('',(265.75,261.,88.175));
#5991 = VECTOR('',#5992,1.);
#5992 = DIRECTION('',(0.,0.,1.));
#5993 = ORIENTED_EDGE('',*,*,#5958,.T.);
#5994 = ORIENTED_EDGE('',*,*,#5988,.T.);
#5995 = CYLINDRICAL_SURFACE('',#5996,4.75);
#5996 = AXIS2_PLACEMENT_3D('',#5997,#5998,#5999);
#5997 = CARTESIAN_POINT('',(261.,261.,88.175));
#5998 = DIRECTION('',(0.,0.,1.));
#5999 = DIRECTION('',(1.,0.,0.));
#6000 = MANIFOLD_SOLID_BREP('',#6001);
#6001 = CLOSED_SHELL('',(#6002,#6042,#6073,#6108,#6132,#6160,#6172));
#6002 = ADVANCED_FACE('',(#6003),#6037,.F.);
#6003 = FACE_BOUND('',#6004,.F.);
#6004 = EDGE_LOOP('',(#6005,#6015,#6023,#6031));
#6005 = ORIENTED_EDGE('',*,*,#6006,.F.);
#6006 = EDGE_CURVE('',#6007,#6009,#6011,.T.);
#6007 = VERTEX_POINT('',#6008);
#6008 = CARTESIAN_POINT('',(252.,255.,118.925));
#6009 = VERTEX_POINT('',#6010);
#6010 = CARTESIAN_POINT('',(252.,255.,120.925));
#6011 = LINE('',#6012,#6013);
#6012 = CARTESIAN_POINT('',(252.,255.,118.925));
#6013 = VECTOR('',#6014,1.);
#6014 = DIRECTION('',(0.,0.,1.));
#6015 = ORIENTED_EDGE('',*,*,#6016,.T.);
#6016 = EDGE_CURVE('',#6007,#6017,#6019,.T.);
#6017 = VERTEX_POINT('',#6018);
#6018 = CARTESIAN_POINT('',(252.,267.,118.925));
#6019 = LINE('',#6020,#6021);
#6020 = CARTESIAN_POINT('',(252.,255.,118.925));
#6021 = VECTOR('',#6022,1.);
#6022 = DIRECTION('',(0.,1.,0.));
#6023 = ORIENTED_EDGE('',*,*,#6024,.T.);
#6024 = EDGE_CURVE('',#6017,#6025,#6027,.T.);
#6025 = VERTEX_POINT('',#6026);
#6026 = CARTESIAN_POINT('',(252.,267.,120.925));
#6027 = LINE('',#6028,#6029);
#6028 = CARTESIAN_POINT('',(252.,267.,118.925));
#6029 = VECTOR('',#6030,1.);
#6030 = DIRECTION('',(0.,0.,1.));
#6031 = ORIENTED_EDGE('',*,*,#6032,.F.);
#6032 = EDGE_CURVE('',#6009,#6025,#6033,.T.);
#6033 = LINE('',#6034,#6035);
#6034 = CARTESIAN_POINT('',(252.,255.,120.925));
#6035 = VECTOR('',#6036,1.);
#6036 = DIRECTION('',(0.,1.,0.));
#6037 = PLANE('',#6038);
#6038 = AXIS2_PLACEMENT_3D('',#6039,#6040,#6041);
#6039 = CARTESIAN_POINT('',(252.,255.,118.925));
#6040 = DIRECTION('',(1.,0.,0.));
#6041 = DIRECTION('',(0.,0.,1.));
#6042 = ADVANCED_FACE('',(#6043),#6068,.F.);
#6043 = FACE_BOUND('',#6044,.F.);
#6044 = EDGE_LOOP('',(#6045,#6053,#6054,#6062));
#6045 = ORIENTED_EDGE('',*,*,#6046,.F.);
#6046 = EDGE_CURVE('',#6007,#6047,#6049,.T.);
#6047 = VERTEX_POINT('',#6048);
#6048 = CARTESIAN_POINT('',(270.,255.,118.925));
#6049 = LINE('',#6050,#6051);
#6050 = CARTESIAN_POINT('',(252.,255.,118.925));
#6051 = VECTOR('',#6052,1.);
#6052 = DIRECTION('',(1.,0.,0.));
#6053 = ORIENTED_EDGE('',*,*,#6006,.T.);
#6054 = ORIENTED_EDGE('',*,*,#6055,.T.);
#6055 = EDGE_CURVE('',#6009,#6056,#6058,.T.);
#6056 = VERTEX_POINT('',#6057);
#6057 = CARTESIAN_POINT('',(270.,255.,120.925));
#6058 = LINE('',#6059,#6060);
#6059 = CARTESIAN_POINT('',(252.,255.,120.925));
#6060 = VECTOR('',#6061,1.);
#6061 = DIRECTION('',(1.,0.,0.));
#6062 = ORIENTED_EDGE('',*,*,#6063,.F.);
#6063 = EDGE_CURVE('',#6047,#6056,#6064,.T.);
#6064 = LINE('',#6065,#6066);
#6065 = CARTESIAN_POINT('',(270.,255.,118.925));
#6066 = VECTOR('',#6067,1.);
#6067 = DIRECTION('',(0.,0.,1.));
#6068 = PLANE('',#6069);
#6069 = AXIS2_PLACEMENT_3D('',#6070,#6071,#6072);
#6070 = CARTESIAN_POINT('',(252.,255.,118.925));
#6071 = DIRECTION('',(0.,1.,0.));
#6072 = DIRECTION('',(0.,0.,1.));
#6073 = ADVANCED_FACE('',(#6074,#6092),#6103,.T.);
#6074 = FACE_BOUND('',#6075,.T.);
#6075 = EDGE_LOOP('',(#6076,#6077,#6078,#6086));
#6076 = ORIENTED_EDGE('',*,*,#6032,.F.);
#6077 = ORIENTED_EDGE('',*,*,#6055,.T.);
#6078 = ORIENTED_EDGE('',*,*,#6079,.T.);
#6079 = EDGE_CURVE('',#6056,#6080,#6082,.T.);
#6080 = VERTEX_POINT('',#6081);
#6081 = CARTESIAN_POINT('',(270.,267.,120.925));
#6082 = LINE('',#6083,#6084);
#6083 = CARTESIAN_POINT('',(270.,255.,120.925));
#6084 = VECTOR('',#6085,1.);
#6085 = DIRECTION('',(0.,1.,0.));
#6086 = ORIENTED_EDGE('',*,*,#6087,.F.);
#6087 = EDGE_CURVE('',#6025,#6080,#6088,.T.);
#6088 = LINE('',#6089,#6090);
#6089 = CARTESIAN_POINT('',(252.,267.,120.925));
#6090 = VECTOR('',#6091,1.);
#6091 = DIRECTION('',(1.,0.,0.));
#6092 = FACE_BOUND('',#6093,.T.);
#6093 = EDGE_LOOP('',(#6094));
#6094 = ORIENTED_EDGE('',*,*,#6095,.F.);
#6095 = EDGE_CURVE('',#6096,#6096,#6098,.T.);
#6096 = VERTEX_POINT('',#6097);
#6097 = CARTESIAN_POINT('',(265.75,261.,120.925));
#6098 = CIRCLE('',#6099,4.75);
#6099 = AXIS2_PLACEMENT_3D('',#6100,#6101,#6102);
#6100 = CARTESIAN_POINT('',(261.,261.,120.925));
#6101 = DIRECTION('',(0.,0.,1.));
#6102 = DIRECTION('',(1.,0.,0.));
#6103 = PLANE('',#6104);
#6104 = AXIS2_PLACEMENT_3D('',#6105,#6106,#6107);
#6105 = CARTESIAN_POINT('',(252.,255.,120.925));
#6106 = DIRECTION('',(0.,0.,1.));
#6107 = DIRECTION('',(1.,0.,0.));
#6108 = ADVANCED_FACE('',(#6109),#6127,.T.);
#6109 = FACE_BOUND('',#6110,.T.);
#6110 = EDGE_LOOP('',(#6111,#6119,#6120,#6121));
#6111 = ORIENTED_EDGE('',*,*,#6112,.F.);
#6112 = EDGE_CURVE('',#6017,#6113,#6115,.T.);
#6113 = VERTEX_POINT('',#6114);
#6114 = CARTESIAN_POINT('',(270.,267.,118.925));
#6115 = LINE('',#6116,#6117);
#6116 = CARTESIAN_POINT('',(252.,267.,118.925));
#6117 = VECTOR('',#6118,1.);
#6118 = DIRECTION('',(1.,0.,0.));
#6119 = ORIENTED_EDGE('',*,*,#6024,.T.);
#6120 = ORIENTED_EDGE('',*,*,#6087,.T.);
#6121 = ORIENTED_EDGE('',*,*,#6122,.F.);
#6122 = EDGE_CURVE('',#6113,#6080,#6123,.T.);
#6123 = LINE('',#6124,#6125);
#6124 = CARTESIAN_POINT('',(270.,267.,118.925));
#6125 = VECTOR('',#6126,1.);
#6126 = DIRECTION('',(0.,0.,1.));
#6127 = PLANE('',#6128);
#6128 = AXIS2_PLACEMENT_3D('',#6129,#6130,#6131);
#6129 = CARTESIAN_POINT('',(252.,267.,118.925));
#6130 = DIRECTION('',(0.,1.,0.));
#6131 = DIRECTION('',(0.,0.,1.));
#6132 = ADVANCED_FACE('',(#6133,#6144),#6155,.F.);
#6133 = FACE_BOUND('',#6134,.F.);
#6134 = EDGE_LOOP('',(#6135,#6136,#6137,#6143));
#6135 = ORIENTED_EDGE('',*,*,#6016,.F.);
#6136 = ORIENTED_EDGE('',*,*,#6046,.T.);
#6137 = ORIENTED_EDGE('',*,*,#6138,.T.);
#6138 = EDGE_CURVE('',#6047,#6113,#6139,.T.);
#6139 = LINE('',#6140,#6141);
#6140 = CARTESIAN_POINT('',(270.,255.,118.925));
#6141 = VECTOR('',#6142,1.);
#6142 = DIRECTION('',(0.,1.,0.));
#6143 = ORIENTED_EDGE('',*,*,#6112,.F.);
#6144 = FACE_BOUND('',#6145,.F.);
#6145 = EDGE_LOOP('',(#6146));
#6146 = ORIENTED_EDGE('',*,*,#6147,.F.);
#6147 = EDGE_CURVE('',#6148,#6148,#6150,.T.);
#6148 = VERTEX_POINT('',#6149);
#6149 = CARTESIAN_POINT('',(265.75,261.,118.925));
#6150 = CIRCLE('',#6151,4.75);
#6151 = AXIS2_PLACEMENT_3D('',#6152,#6153,#6154);
#6152 = CARTESIAN_POINT('',(261.,261.,118.925));
#6153 = DIRECTION('',(0.,0.,1.));
#6154 = DIRECTION('',(1.,0.,0.));
#6155 = PLANE('',#6156);
#6156 = AXIS2_PLACEMENT_3D('',#6157,#6158,#6159);
#6157 = CARTESIAN_POINT('',(252.,255.,118.925));
#6158 = DIRECTION('',(0.,0.,1.));
#6159 = DIRECTION('',(1.,0.,0.));
#6160 = ADVANCED_FACE('',(#6161),#6167,.T.);
#6161 = FACE_BOUND('',#6162,.T.);
#6162 = EDGE_LOOP('',(#6163,#6164,#6165,#6166));
#6163 = ORIENTED_EDGE('',*,*,#6063,.F.);
#6164 = ORIENTED_EDGE('',*,*,#6138,.T.);
#6165 = ORIENTED_EDGE('',*,*,#6122,.T.);
#6166 = ORIENTED_EDGE('',*,*,#6079,.F.);
#6167 = PLANE('',#6168);
#6168 = AXIS2_PLACEMENT_3D('',#6169,#6170,#6171);
#6169 = CARTESIAN_POINT('',(270.,255.,118.925));
#6170 = DIRECTION('',(1.,0.,0.));
#6171 = DIRECTION('',(0.,0.,1.));
#6172 = ADVANCED_FACE('',(#6173),#6184,.F.);
#6173 = FACE_BOUND('',#6174,.F.);
#6174 = EDGE_LOOP('',(#6175,#6176,#6182,#6183));
#6175 = ORIENTED_EDGE('',*,*,#6095,.F.);
#6176 = ORIENTED_EDGE('',*,*,#6177,.F.);
#6177 = EDGE_CURVE('',#6148,#6096,#6178,.T.);
#6178 = LINE('',#6179,#6180);
#6179 = CARTESIAN_POINT('',(265.75,261.,117.925));
#6180 = VECTOR('',#6181,1.);
#6181 = DIRECTION('',(0.,0.,1.));
#6182 = ORIENTED_EDGE('',*,*,#6147,.T.);
#6183 = ORIENTED_EDGE('',*,*,#6177,.T.);
#6184 = CYLINDRICAL_SURFACE('',#6185,4.75);
#6185 = AXIS2_PLACEMENT_3D('',#6186,#6187,#6188);
#6186 = CARTESIAN_POINT('',(261.,261.,117.925));
#6187 = DIRECTION('',(0.,0.,1.));
#6188 = DIRECTION('',(1.,0.,0.));
#6189 = MANIFOLD_SOLID_BREP('',#6190);
#6190 = CLOSED_SHELL('',(#6191,#6231,#6262,#6331,#6355,#6417,#6429,#6451
    ,#6468,#6485,#6502));
#6191 = ADVANCED_FACE('',(#6192),#6226,.F.);
#6192 = FACE_BOUND('',#6193,.F.);
#6193 = EDGE_LOOP('',(#6194,#6204,#6212,#6220));
#6194 = ORIENTED_EDGE('',*,*,#6195,.F.);
#6195 = EDGE_CURVE('',#6196,#6198,#6200,.T.);
#6196 = VERTEX_POINT('',#6197);
#6197 = CARTESIAN_POINT('',(247.,252.,91.675));
#6198 = VERTEX_POINT('',#6199);
#6199 = CARTESIAN_POINT('',(247.,252.,93.675));
#6200 = LINE('',#6201,#6202);
#6201 = CARTESIAN_POINT('',(247.,252.,91.675));
#6202 = VECTOR('',#6203,1.);
#6203 = DIRECTION('',(0.,0.,1.));
#6204 = ORIENTED_EDGE('',*,*,#6205,.T.);
#6205 = EDGE_CURVE('',#6196,#6206,#6208,.T.);
#6206 = VERTEX_POINT('',#6207);
#6207 = CARTESIAN_POINT('',(247.,270.,91.675));
#6208 = LINE('',#6209,#6210);
#6209 = CARTESIAN_POINT('',(247.,252.,91.675));
#6210 = VECTOR('',#6211,1.);
#6211 = DIRECTION('',(0.,1.,0.));
#6212 = ORIENTED_EDGE('',*,*,#6213,.T.);
#6213 = EDGE_CURVE('',#6206,#6214,#6216,.T.);
#6214 = VERTEX_POINT('',#6215);
#6215 = CARTESIAN_POINT('',(247.,270.,93.675));
#6216 = LINE('',#6217,#6218);
#6217 = CARTESIAN_POINT('',(247.,270.,91.675));
#6218 = VECTOR('',#6219,1.);
#6219 = DIRECTION('',(0.,0.,1.));
#6220 = ORIENTED_EDGE('',*,*,#6221,.F.);
#6221 = EDGE_CURVE('',#6198,#6214,#6222,.T.);
#6222 = LINE('',#6223,#6224);
#6223 = CARTESIAN_POINT('',(247.,252.,93.675));
#6224 = VECTOR('',#6225,1.);
#6225 = DIRECTION('',(0.,1.,0.));
#6226 = PLANE('',#6227);
#6227 = AXIS2_PLACEMENT_3D('',#6228,#6229,#6230);
#6228 = CARTESIAN_POINT('',(247.,252.,91.675));
#6229 = DIRECTION('',(1.,0.,0.));
#6230 = DIRECTION('',(0.,0.,1.));
#6231 = ADVANCED_FACE('',(#6232),#6257,.F.);
#6232 = FACE_BOUND('',#6233,.F.);
#6233 = EDGE_LOOP('',(#6234,#6242,#6243,#6251));
#6234 = ORIENTED_EDGE('',*,*,#6235,.F.);
#6235 = EDGE_CURVE('',#6196,#6236,#6238,.T.);
#6236 = VERTEX_POINT('',#6237);
#6237 = CARTESIAN_POINT('',(267.,252.,91.675));
#6238 = LINE('',#6239,#6240);
#6239 = CARTESIAN_POINT('',(247.,252.,91.675));
#6240 = VECTOR('',#6241,1.);
#6241 = DIRECTION('',(1.,0.,0.));
#6242 = ORIENTED_EDGE('',*,*,#6195,.T.);
#6243 = ORIENTED_EDGE('',*,*,#6244,.T.);
#6244 = EDGE_CURVE('',#6198,#6245,#6247,.T.);
#6245 = VERTEX_POINT('',#6246);
#6246 = CARTESIAN_POINT('',(267.,252.,93.675));
#6247 = LINE('',#6248,#6249);
#6248 = CARTESIAN_POINT('',(247.,252.,93.675));
#6249 = VECTOR('',#6250,1.);
#6250 = DIRECTION('',(1.,0.,0.));
#6251 = ORIENTED_EDGE('',*,*,#6252,.F.);
#6252 = EDGE_CURVE('',#6236,#6245,#6253,.T.);
#6253 = LINE('',#6254,#6255);
#6254 = CARTESIAN_POINT('',(267.,252.,91.675));
#6255 = VECTOR('',#6256,1.);
#6256 = DIRECTION('',(0.,0.,1.));
#6257 = PLANE('',#6258);
#6258 = AXIS2_PLACEMENT_3D('',#6259,#6260,#6261);
#6259 = CARTESIAN_POINT('',(247.,252.,91.675));
#6260 = DIRECTION('',(0.,1.,0.));
#6261 = DIRECTION('',(0.,0.,1.));
#6262 = ADVANCED_FACE('',(#6263,#6281),#6326,.T.);
#6263 = FACE_BOUND('',#6264,.T.);
#6264 = EDGE_LOOP('',(#6265,#6266,#6267,#6275));
#6265 = ORIENTED_EDGE('',*,*,#6221,.F.);
#6266 = ORIENTED_EDGE('',*,*,#6244,.T.);
#6267 = ORIENTED_EDGE('',*,*,#6268,.T.);
#6268 = EDGE_CURVE('',#6245,#6269,#6271,.T.);
#6269 = VERTEX_POINT('',#6270);
#6270 = CARTESIAN_POINT('',(267.,270.,93.675));
#6271 = LINE('',#6272,#6273);
#6272 = CARTESIAN_POINT('',(267.,252.,93.675));
#6273 = VECTOR('',#6274,1.);
#6274 = DIRECTION('',(0.,1.,0.));
#6275 = ORIENTED_EDGE('',*,*,#6276,.F.);
#6276 = EDGE_CURVE('',#6214,#6269,#6277,.T.);
#6277 = LINE('',#6278,#6279);
#6278 = CARTESIAN_POINT('',(247.,270.,93.675));
#6279 = VECTOR('',#6280,1.);
#6280 = DIRECTION('',(1.,0.,0.));
#6281 = FACE_BOUND('',#6282,.T.);
#6282 = EDGE_LOOP('',(#6283,#6294,#6302,#6311,#6319));
#6283 = ORIENTED_EDGE('',*,*,#6284,.F.);
#6284 = EDGE_CURVE('',#6285,#6287,#6289,.T.);
#6285 = VERTEX_POINT('',#6286);
#6286 = CARTESIAN_POINT('',(261.,258.5,93.675));
#6287 = VERTEX_POINT('',#6288);
#6288 = CARTESIAN_POINT('',(263.5,261.,93.675));
#6289 = CIRCLE('',#6290,2.5);
#6290 = AXIS2_PLACEMENT_3D('',#6291,#6292,#6293);
#6291 = CARTESIAN_POINT('',(261.,261.,93.675));
#6292 = DIRECTION('',(0.,0.,1.));
#6293 = DIRECTION('',(1.,0.,0.));
#6294 = ORIENTED_EDGE('',*,*,#6295,.T.);
#6295 = EDGE_CURVE('',#6285,#6296,#6298,.T.);
#6296 = VERTEX_POINT('',#6297);
#6297 = CARTESIAN_POINT('',(257.03887360535,258.5,93.675));
#6298 = LINE('',#6299,#6300);
#6299 = CARTESIAN_POINT('',(250.,258.5,93.675));
#6300 = VECTOR('',#6301,1.);
#6301 = DIRECTION('',(-1.,0.,0.));
#6302 = ORIENTED_EDGE('',*,*,#6303,.F.);
#6303 = EDGE_CURVE('',#6304,#6296,#6306,.T.);
#6304 = VERTEX_POINT('',#6305);
#6305 = CARTESIAN_POINT('',(257.03887360535,263.5,93.675));
#6306 = CIRCLE('',#6307,4.75);
#6307 = AXIS2_PLACEMENT_3D('',#6308,#6309,#6310);
#6308 = CARTESIAN_POINT('',(253.,261.,93.675));
#6309 = DIRECTION('',(0.,0.,1.));
#6310 = DIRECTION('',(1.,0.,0.));
#6311 = ORIENTED_EDGE('',*,*,#6312,.F.);
#6312 = EDGE_CURVE('',#6313,#6304,#6315,.T.);
#6313 = VERTEX_POINT('',#6314);
#6314 = CARTESIAN_POINT('',(261.,263.5,93.675));
#6315 = LINE('',#6316,#6317);
#6316 = CARTESIAN_POINT('',(250.,263.5,93.675));
#6317 = VECTOR('',#6318,1.);
#6318 = DIRECTION('',(-1.,0.,0.));
#6319 = ORIENTED_EDGE('',*,*,#6320,.F.);
#6320 = EDGE_CURVE('',#6287,#6313,#6321,.T.);
#6321 = CIRCLE('',#6322,2.5);
#6322 = AXIS2_PLACEMENT_3D('',#6323,#6324,#6325);
#6323 = CARTESIAN_POINT('',(261.,261.,93.675));
#6324 = DIRECTION('',(0.,0.,1.));
#6325 = DIRECTION('',(1.,0.,0.));
#6326 = PLANE('',#6327);
#6327 = AXIS2_PLACEMENT_3D('',#6328,#6329,#6330);
#6328 = CARTESIAN_POINT('',(247.,252.,93.675));
#6329 = DIRECTION('',(0.,0.,1.));
#6330 = DIRECTION('',(1.,0.,0.));
#6331 = ADVANCED_FACE('',(#6332),#6350,.T.);
#6332 = FACE_BOUND('',#6333,.T.);
#6333 = EDGE_LOOP('',(#6334,#6342,#6343,#6344));
#6334 = ORIENTED_EDGE('',*,*,#6335,.F.);
#6335 = EDGE_CURVE('',#6206,#6336,#6338,.T.);
#6336 = VERTEX_POINT('',#6337);
#6337 = CARTESIAN_POINT('',(267.,270.,91.675));
#6338 = LINE('',#6339,#6340);
#6339 = CARTESIAN_POINT('',(247.,270.,91.675));
#6340 = VECTOR('',#6341,1.);
#6341 = DIRECTION('',(1.,0.,0.));
#6342 = ORIENTED_EDGE('',*,*,#6213,.T.);
#6343 = ORIENTED_EDGE('',*,*,#6276,.T.);
#6344 = ORIENTED_EDGE('',*,*,#6345,.F.);
#6345 = EDGE_CURVE('',#6336,#6269,#6346,.T.);
#6346 = LINE('',#6347,#6348);
#6347 = CARTESIAN_POINT('',(267.,270.,91.675));
#6348 = VECTOR('',#6349,1.);
#6349 = DIRECTION('',(0.,0.,1.));
#6350 = PLANE('',#6351);
#6351 = AXIS2_PLACEMENT_3D('',#6352,#6353,#6354);
#6352 = CARTESIAN_POINT('',(247.,270.,91.675));
#6353 = DIRECTION('',(0.,1.,0.));
#6354 = DIRECTION('',(0.,0.,1.));
#6355 = ADVANCED_FACE('',(#6356,#6367),#6412,.F.);
#6356 = FACE_BOUND('',#6357,.F.);
#6357 = EDGE_LOOP('',(#6358,#6359,#6360,#6366));
#6358 = ORIENTED_EDGE('',*,*,#6205,.F.);
#6359 = ORIENTED_EDGE('',*,*,#6235,.T.);
#6360 = ORIENTED_EDGE('',*,*,#6361,.T.);
#6361 = EDGE_CURVE('',#6236,#6336,#6362,.T.);
#6362 = LINE('',#6363,#6364);
#6363 = CARTESIAN_POINT('',(267.,252.,91.675));
#6364 = VECTOR('',#6365,1.);
#6365 = DIRECTION('',(0.,1.,0.));
#6366 = ORIENTED_EDGE('',*,*,#6335,.F.);
#6367 = FACE_BOUND('',#6368,.F.);
#6368 = EDGE_LOOP('',(#6369,#6380,#6388,#6397,#6405));
#6369 = ORIENTED_EDGE('',*,*,#6370,.F.);
#6370 = EDGE_CURVE('',#6371,#6373,#6375,.T.);
#6371 = VERTEX_POINT('',#6372);
#6372 = CARTESIAN_POINT('',(261.,258.5,91.675));
#6373 = VERTEX_POINT('',#6374);
#6374 = CARTESIAN_POINT('',(263.5,261.,91.675));
#6375 = CIRCLE('',#6376,2.5);
#6376 = AXIS2_PLACEMENT_3D('',#6377,#6378,#6379);
#6377 = CARTESIAN_POINT('',(261.,261.,91.675));
#6378 = DIRECTION('',(0.,0.,1.));
#6379 = DIRECTION('',(1.,0.,0.));
#6380 = ORIENTED_EDGE('',*,*,#6381,.T.);
#6381 = EDGE_CURVE('',#6371,#6382,#6384,.T.);
#6382 = VERTEX_POINT('',#6383);
#6383 = CARTESIAN_POINT('',(257.03887360535,258.5,91.675));
#6384 = LINE('',#6385,#6386);
#6385 = CARTESIAN_POINT('',(250.,258.5,91.675));
#6386 = VECTOR('',#6387,1.);
#6387 = DIRECTION('',(-1.,0.,0.));
#6388 = ORIENTED_EDGE('',*,*,#6389,.F.);
#6389 = EDGE_CURVE('',#6390,#6382,#6392,.T.);
#6390 = VERTEX_POINT('',#6391);
#6391 = CARTESIAN_POINT('',(257.03887360535,263.5,91.675));
#6392 = CIRCLE('',#6393,4.75);
#6393 = AXIS2_PLACEMENT_3D('',#6394,#6395,#6396);
#6394 = CARTESIAN_POINT('',(253.,261.,91.675));
#6395 = DIRECTION('',(0.,0.,1.));
#6396 = DIRECTION('',(1.,0.,0.));
#6397 = ORIENTED_EDGE('',*,*,#6398,.F.);
#6398 = EDGE_CURVE('',#6399,#6390,#6401,.T.);
#6399 = VERTEX_POINT('',#6400);
#6400 = CARTESIAN_POINT('',(261.,263.5,91.675));
#6401 = LINE('',#6402,#6403);
#6402 = CARTESIAN_POINT('',(250.,263.5,91.675));
#6403 = VECTOR('',#6404,1.);
#6404 = DIRECTION('',(-1.,0.,0.));
#6405 = ORIENTED_EDGE('',*,*,#6406,.F.);
#6406 = EDGE_CURVE('',#6373,#6399,#6407,.T.);
#6407 = CIRCLE('',#6408,2.5);
#6408 = AXIS2_PLACEMENT_3D('',#6409,#6410,#6411);
#6409 = CARTESIAN_POINT('',(261.,261.,91.675));
#6410 = DIRECTION('',(0.,0.,1.));
#6411 = DIRECTION('',(1.,0.,0.));
#6412 = PLANE('',#6413);
#6413 = AXIS2_PLACEMENT_3D('',#6414,#6415,#6416);
#6414 = CARTESIAN_POINT('',(247.,252.,91.675));
#6415 = DIRECTION('',(0.,0.,1.));
#6416 = DIRECTION('',(1.,0.,0.));
#6417 = ADVANCED_FACE('',(#6418),#6424,.T.);
#6418 = FACE_BOUND('',#6419,.T.);
#6419 = EDGE_LOOP('',(#6420,#6421,#6422,#6423));
#6420 = ORIENTED_EDGE('',*,*,#6252,.F.);
#6421 = ORIENTED_EDGE('',*,*,#6361,.T.);
#6422 = ORIENTED_EDGE('',*,*,#6345,.T.);
#6423 = ORIENTED_EDGE('',*,*,#6268,.F.);
#6424 = PLANE('',#6425);
#6425 = AXIS2_PLACEMENT_3D('',#6426,#6427,#6428);
#6426 = CARTESIAN_POINT('',(267.,252.,91.675));
#6427 = DIRECTION('',(1.,0.,0.));
#6428 = DIRECTION('',(0.,0.,1.));
#6429 = ADVANCED_FACE('',(#6430),#6446,.F.);
#6430 = FACE_BOUND('',#6431,.F.);
#6431 = EDGE_LOOP('',(#6432,#6433,#6439,#6440));
#6432 = ORIENTED_EDGE('',*,*,#6370,.T.);
#6433 = ORIENTED_EDGE('',*,*,#6434,.T.);
#6434 = EDGE_CURVE('',#6373,#6287,#6435,.T.);
#6435 = LINE('',#6436,#6437);
#6436 = CARTESIAN_POINT('',(263.5,261.,90.675));
#6437 = VECTOR('',#6438,1.);
#6438 = DIRECTION('',(0.,0.,1.));
#6439 = ORIENTED_EDGE('',*,*,#6284,.F.);
#6440 = ORIENTED_EDGE('',*,*,#6441,.F.);
#6441 = EDGE_CURVE('',#6371,#6285,#6442,.T.);
#6442 = LINE('',#6443,#6444);
#6443 = CARTESIAN_POINT('',(261.,258.5,90.675));
#6444 = VECTOR('',#6445,1.);
#6445 = DIRECTION('',(0.,0.,1.));
#6446 = CYLINDRICAL_SURFACE('',#6447,2.5);
#6447 = AXIS2_PLACEMENT_3D('',#6448,#6449,#6450);
#6448 = CARTESIAN_POINT('',(261.,261.,90.675));
#6449 = DIRECTION('',(0.,0.,1.));
#6450 = DIRECTION('',(1.,0.,0.));
#6451 = ADVANCED_FACE('',(#6452),#6463,.F.);
#6452 = FACE_BOUND('',#6453,.F.);
#6453 = EDGE_LOOP('',(#6454,#6455,#6456,#6457));
#6454 = ORIENTED_EDGE('',*,*,#6320,.F.);
#6455 = ORIENTED_EDGE('',*,*,#6434,.F.);
#6456 = ORIENTED_EDGE('',*,*,#6406,.T.);
#6457 = ORIENTED_EDGE('',*,*,#6458,.T.);
#6458 = EDGE_CURVE('',#6399,#6313,#6459,.T.);
#6459 = LINE('',#6460,#6461);
#6460 = CARTESIAN_POINT('',(261.,263.5,90.675));
#6461 = VECTOR('',#6462,1.);
#6462 = DIRECTION('',(0.,0.,1.));
#6463 = CYLINDRICAL_SURFACE('',#6464,2.5);
#6464 = AXIS2_PLACEMENT_3D('',#6465,#6466,#6467);
#6465 = CARTESIAN_POINT('',(261.,261.,90.675));
#6466 = DIRECTION('',(0.,0.,1.));
#6467 = DIRECTION('',(1.,0.,0.));
#6468 = ADVANCED_FACE('',(#6469),#6480,.F.);
#6469 = FACE_BOUND('',#6470,.F.);
#6470 = EDGE_LOOP('',(#6471,#6472,#6478,#6479));
#6471 = ORIENTED_EDGE('',*,*,#6398,.T.);
#6472 = ORIENTED_EDGE('',*,*,#6473,.T.);
#6473 = EDGE_CURVE('',#6390,#6304,#6474,.T.);
#6474 = LINE('',#6475,#6476);
#6475 = CARTESIAN_POINT('',(257.03887360535,263.5,90.675));
#6476 = VECTOR('',#6477,1.);
#6477 = DIRECTION('',(0.,0.,1.));
#6478 = ORIENTED_EDGE('',*,*,#6312,.F.);
#6479 = ORIENTED_EDGE('',*,*,#6458,.F.);
#6480 = PLANE('',#6481);
#6481 = AXIS2_PLACEMENT_3D('',#6482,#6483,#6484);
#6482 = CARTESIAN_POINT('',(253.,263.5,90.675));
#6483 = DIRECTION('',(0.,1.,0.));
#6484 = DIRECTION('',(0.,0.,1.));
#6485 = ADVANCED_FACE('',(#6486),#6497,.F.);
#6486 = FACE_BOUND('',#6487,.F.);
#6487 = EDGE_LOOP('',(#6488,#6489,#6490,#6491));
#6488 = ORIENTED_EDGE('',*,*,#6303,.F.);
#6489 = ORIENTED_EDGE('',*,*,#6473,.F.);
#6490 = ORIENTED_EDGE('',*,*,#6389,.T.);
#6491 = ORIENTED_EDGE('',*,*,#6492,.T.);
#6492 = EDGE_CURVE('',#6382,#6296,#6493,.T.);
#6493 = LINE('',#6494,#6495);
#6494 = CARTESIAN_POINT('',(257.03887360535,258.5,90.675));
#6495 = VECTOR('',#6496,1.);
#6496 = DIRECTION('',(0.,0.,1.));
#6497 = CYLINDRICAL_SURFACE('',#6498,4.75);
#6498 = AXIS2_PLACEMENT_3D('',#6499,#6500,#6501);
#6499 = CARTESIAN_POINT('',(253.,261.,90.675));
#6500 = DIRECTION('',(0.,0.,1.));
#6501 = DIRECTION('',(1.,0.,0.));
#6502 = ADVANCED_FACE('',(#6503),#6509,.T.);
#6503 = FACE_BOUND('',#6504,.T.);
#6504 = EDGE_LOOP('',(#6505,#6506,#6507,#6508));
#6505 = ORIENTED_EDGE('',*,*,#6381,.T.);
#6506 = ORIENTED_EDGE('',*,*,#6492,.T.);
#6507 = ORIENTED_EDGE('',*,*,#6295,.F.);
#6508 = ORIENTED_EDGE('',*,*,#6441,.F.);
#6509 = PLANE('',#6510);
#6510 = AXIS2_PLACEMENT_3D('',#6511,#6512,#6513);
#6511 = CARTESIAN_POINT('',(253.,258.5,90.675));
#6512 = DIRECTION('',(0.,1.,0.));
#6513 = DIRECTION('',(0.,0.,1.));
#6514 = MANIFOLD_SOLID_BREP('',#6515);
#6515 = CLOSED_SHELL('',(#6516,#6556,#6587,#6656,#6680,#6742,#6754,#6776
    ,#6793,#6810,#6827));
#6516 = ADVANCED_FACE('',(#6517),#6551,.F.);
#6517 = FACE_BOUND('',#6518,.F.);
#6518 = EDGE_LOOP('',(#6519,#6529,#6537,#6545));
#6519 = ORIENTED_EDGE('',*,*,#6520,.F.);
#6520 = EDGE_CURVE('',#6521,#6523,#6525,.T.);
#6521 = VERTEX_POINT('',#6522);
#6522 = CARTESIAN_POINT('',(247.,252.,116.425));
#6523 = VERTEX_POINT('',#6524);
#6524 = CARTESIAN_POINT('',(247.,252.,118.425));
#6525 = LINE('',#6526,#6527);
#6526 = CARTESIAN_POINT('',(247.,252.,116.425));
#6527 = VECTOR('',#6528,1.);
#6528 = DIRECTION('',(0.,0.,1.));
#6529 = ORIENTED_EDGE('',*,*,#6530,.T.);
#6530 = EDGE_CURVE('',#6521,#6531,#6533,.T.);
#6531 = VERTEX_POINT('',#6532);
#6532 = CARTESIAN_POINT('',(247.,270.,116.425));
#6533 = LINE('',#6534,#6535);
#6534 = CARTESIAN_POINT('',(247.,252.,116.425));
#6535 = VECTOR('',#6536,1.);
#6536 = DIRECTION('',(0.,1.,0.));
#6537 = ORIENTED_EDGE('',*,*,#6538,.T.);
#6538 = EDGE_CURVE('',#6531,#6539,#6541,.T.);
#6539 = VERTEX_POINT('',#6540);
#6540 = CARTESIAN_POINT('',(247.,270.,118.425));
#6541 = LINE('',#6542,#6543);
#6542 = CARTESIAN_POINT('',(247.,270.,116.425));
#6543 = VECTOR('',#6544,1.);
#6544 = DIRECTION('',(0.,0.,1.));
#6545 = ORIENTED_EDGE('',*,*,#6546,.F.);
#6546 = EDGE_CURVE('',#6523,#6539,#6547,.T.);
#6547 = LINE('',#6548,#6549);
#6548 = CARTESIAN_POINT('',(247.,252.,118.425));
#6549 = VECTOR('',#6550,1.);
#6550 = DIRECTION('',(0.,1.,0.));
#6551 = PLANE('',#6552);
#6552 = AXIS2_PLACEMENT_3D('',#6553,#6554,#6555);
#6553 = CARTESIAN_POINT('',(247.,252.,116.425));
#6554 = DIRECTION('',(1.,0.,0.));
#6555 = DIRECTION('',(0.,0.,1.));
#6556 = ADVANCED_FACE('',(#6557),#6582,.F.);
#6557 = FACE_BOUND('',#6558,.F.);
#6558 = EDGE_LOOP('',(#6559,#6567,#6568,#6576));
#6559 = ORIENTED_EDGE('',*,*,#6560,.F.);
#6560 = EDGE_CURVE('',#6521,#6561,#6563,.T.);
#6561 = VERTEX_POINT('',#6562);
#6562 = CARTESIAN_POINT('',(267.,252.,116.425));
#6563 = LINE('',#6564,#6565);
#6564 = CARTESIAN_POINT('',(247.,252.,116.425));
#6565 = VECTOR('',#6566,1.);
#6566 = DIRECTION('',(1.,0.,0.));
#6567 = ORIENTED_EDGE('',*,*,#6520,.T.);
#6568 = ORIENTED_EDGE('',*,*,#6569,.T.);
#6569 = EDGE_CURVE('',#6523,#6570,#6572,.T.);
#6570 = VERTEX_POINT('',#6571);
#6571 = CARTESIAN_POINT('',(267.,252.,118.425));
#6572 = LINE('',#6573,#6574);
#6573 = CARTESIAN_POINT('',(247.,252.,118.425));
#6574 = VECTOR('',#6575,1.);
#6575 = DIRECTION('',(1.,0.,0.));
#6576 = ORIENTED_EDGE('',*,*,#6577,.F.);
#6577 = EDGE_CURVE('',#6561,#6570,#6578,.T.);
#6578 = LINE('',#6579,#6580);
#6579 = CARTESIAN_POINT('',(267.,252.,116.425));
#6580 = VECTOR('',#6581,1.);
#6581 = DIRECTION('',(0.,0.,1.));
#6582 = PLANE('',#6583);
#6583 = AXIS2_PLACEMENT_3D('',#6584,#6585,#6586);
#6584 = CARTESIAN_POINT('',(247.,252.,116.425));
#6585 = DIRECTION('',(0.,1.,0.));
#6586 = DIRECTION('',(0.,0.,1.));
#6587 = ADVANCED_FACE('',(#6588,#6606),#6651,.T.);
#6588 = FACE_BOUND('',#6589,.T.);
#6589 = EDGE_LOOP('',(#6590,#6591,#6592,#6600));
#6590 = ORIENTED_EDGE('',*,*,#6546,.F.);
#6591 = ORIENTED_EDGE('',*,*,#6569,.T.);
#6592 = ORIENTED_EDGE('',*,*,#6593,.T.);
#6593 = EDGE_CURVE('',#6570,#6594,#6596,.T.);
#6594 = VERTEX_POINT('',#6595);
#6595 = CARTESIAN_POINT('',(267.,270.,118.425));
#6596 = LINE('',#6597,#6598);
#6597 = CARTESIAN_POINT('',(267.,252.,118.425));
#6598 = VECTOR('',#6599,1.);
#6599 = DIRECTION('',(0.,1.,0.));
#6600 = ORIENTED_EDGE('',*,*,#6601,.F.);
#6601 = EDGE_CURVE('',#6539,#6594,#6602,.T.);
#6602 = LINE('',#6603,#6604);
#6603 = CARTESIAN_POINT('',(247.,270.,118.425));
#6604 = VECTOR('',#6605,1.);
#6605 = DIRECTION('',(1.,0.,0.));
#6606 = FACE_BOUND('',#6607,.T.);
#6607 = EDGE_LOOP('',(#6608,#6619,#6627,#6636,#6644));
#6608 = ORIENTED_EDGE('',*,*,#6609,.F.);
#6609 = EDGE_CURVE('',#6610,#6612,#6614,.T.);
#6610 = VERTEX_POINT('',#6611);
#6611 = CARTESIAN_POINT('',(261.,258.5,118.425));
#6612 = VERTEX_POINT('',#6613);
#6613 = CARTESIAN_POINT('',(263.5,261.,118.425));
#6614 = CIRCLE('',#6615,2.5);
#6615 = AXIS2_PLACEMENT_3D('',#6616,#6617,#6618);
#6616 = CARTESIAN_POINT('',(261.,261.,118.425));
#6617 = DIRECTION('',(0.,0.,1.));
#6618 = DIRECTION('',(1.,0.,0.));
#6619 = ORIENTED_EDGE('',*,*,#6620,.T.);
#6620 = EDGE_CURVE('',#6610,#6621,#6623,.T.);
#6621 = VERTEX_POINT('',#6622);
#6622 = CARTESIAN_POINT('',(257.03887360535,258.5,118.425));
#6623 = LINE('',#6624,#6625);
#6624 = CARTESIAN_POINT('',(250.,258.5,118.425));
#6625 = VECTOR('',#6626,1.);
#6626 = DIRECTION('',(-1.,0.,0.));
#6627 = ORIENTED_EDGE('',*,*,#6628,.F.);
#6628 = EDGE_CURVE('',#6629,#6621,#6631,.T.);
#6629 = VERTEX_POINT('',#6630);
#6630 = CARTESIAN_POINT('',(257.03887360535,263.5,118.425));
#6631 = CIRCLE('',#6632,4.75);
#6632 = AXIS2_PLACEMENT_3D('',#6633,#6634,#6635);
#6633 = CARTESIAN_POINT('',(253.,261.,118.425));
#6634 = DIRECTION('',(0.,0.,1.));
#6635 = DIRECTION('',(1.,0.,0.));
#6636 = ORIENTED_EDGE('',*,*,#6637,.F.);
#6637 = EDGE_CURVE('',#6638,#6629,#6640,.T.);
#6638 = VERTEX_POINT('',#6639);
#6639 = CARTESIAN_POINT('',(261.,263.5,118.425));
#6640 = LINE('',#6641,#6642);
#6641 = CARTESIAN_POINT('',(250.,263.5,118.425));
#6642 = VECTOR('',#6643,1.);
#6643 = DIRECTION('',(-1.,0.,0.));
#6644 = ORIENTED_EDGE('',*,*,#6645,.F.);
#6645 = EDGE_CURVE('',#6612,#6638,#6646,.T.);
#6646 = CIRCLE('',#6647,2.5);
#6647 = AXIS2_PLACEMENT_3D('',#6648,#6649,#6650);
#6648 = CARTESIAN_POINT('',(261.,261.,118.425));
#6649 = DIRECTION('',(0.,0.,1.));
#6650 = DIRECTION('',(1.,0.,0.));
#6651 = PLANE('',#6652);
#6652 = AXIS2_PLACEMENT_3D('',#6653,#6654,#6655);
#6653 = CARTESIAN_POINT('',(247.,252.,118.425));
#6654 = DIRECTION('',(0.,0.,1.));
#6655 = DIRECTION('',(1.,0.,0.));
#6656 = ADVANCED_FACE('',(#6657),#6675,.T.);
#6657 = FACE_BOUND('',#6658,.T.);
#6658 = EDGE_LOOP('',(#6659,#6667,#6668,#6669));
#6659 = ORIENTED_EDGE('',*,*,#6660,.F.);
#6660 = EDGE_CURVE('',#6531,#6661,#6663,.T.);
#6661 = VERTEX_POINT('',#6662);
#6662 = CARTESIAN_POINT('',(267.,270.,116.425));
#6663 = LINE('',#6664,#6665);
#6664 = CARTESIAN_POINT('',(247.,270.,116.425));
#6665 = VECTOR('',#6666,1.);
#6666 = DIRECTION('',(1.,0.,0.));
#6667 = ORIENTED_EDGE('',*,*,#6538,.T.);
#6668 = ORIENTED_EDGE('',*,*,#6601,.T.);
#6669 = ORIENTED_EDGE('',*,*,#6670,.F.);
#6670 = EDGE_CURVE('',#6661,#6594,#6671,.T.);
#6671 = LINE('',#6672,#6673);
#6672 = CARTESIAN_POINT('',(267.,270.,116.425));
#6673 = VECTOR('',#6674,1.);
#6674 = DIRECTION('',(0.,0.,1.));
#6675 = PLANE('',#6676);
#6676 = AXIS2_PLACEMENT_3D('',#6677,#6678,#6679);
#6677 = CARTESIAN_POINT('',(247.,270.,116.425));
#6678 = DIRECTION('',(0.,1.,0.));
#6679 = DIRECTION('',(0.,0.,1.));
#6680 = ADVANCED_FACE('',(#6681,#6692),#6737,.F.);
#6681 = FACE_BOUND('',#6682,.F.);
#6682 = EDGE_LOOP('',(#6683,#6684,#6685,#6691));
#6683 = ORIENTED_EDGE('',*,*,#6530,.F.);
#6684 = ORIENTED_EDGE('',*,*,#6560,.T.);
#6685 = ORIENTED_EDGE('',*,*,#6686,.T.);
#6686 = EDGE_CURVE('',#6561,#6661,#6687,.T.);
#6687 = LINE('',#6688,#6689);
#6688 = CARTESIAN_POINT('',(267.,252.,116.425));
#6689 = VECTOR('',#6690,1.);
#6690 = DIRECTION('',(0.,1.,0.));
#6691 = ORIENTED_EDGE('',*,*,#6660,.F.);
#6692 = FACE_BOUND('',#6693,.F.);
#6693 = EDGE_LOOP('',(#6694,#6705,#6713,#6722,#6730));
#6694 = ORIENTED_EDGE('',*,*,#6695,.F.);
#6695 = EDGE_CURVE('',#6696,#6698,#6700,.T.);
#6696 = VERTEX_POINT('',#6697);
#6697 = CARTESIAN_POINT('',(261.,258.5,116.425));
#6698 = VERTEX_POINT('',#6699);
#6699 = CARTESIAN_POINT('',(263.5,261.,116.425));
#6700 = CIRCLE('',#6701,2.5);
#6701 = AXIS2_PLACEMENT_3D('',#6702,#6703,#6704);
#6702 = CARTESIAN_POINT('',(261.,261.,116.425));
#6703 = DIRECTION('',(0.,0.,1.));
#6704 = DIRECTION('',(1.,0.,0.));
#6705 = ORIENTED_EDGE('',*,*,#6706,.T.);
#6706 = EDGE_CURVE('',#6696,#6707,#6709,.T.);
#6707 = VERTEX_POINT('',#6708);
#6708 = CARTESIAN_POINT('',(257.03887360535,258.5,116.425));
#6709 = LINE('',#6710,#6711);
#6710 = CARTESIAN_POINT('',(250.,258.5,116.425));
#6711 = VECTOR('',#6712,1.);
#6712 = DIRECTION('',(-1.,0.,0.));
#6713 = ORIENTED_EDGE('',*,*,#6714,.F.);
#6714 = EDGE_CURVE('',#6715,#6707,#6717,.T.);
#6715 = VERTEX_POINT('',#6716);
#6716 = CARTESIAN_POINT('',(257.03887360535,263.5,116.425));
#6717 = CIRCLE('',#6718,4.75);
#6718 = AXIS2_PLACEMENT_3D('',#6719,#6720,#6721);
#6719 = CARTESIAN_POINT('',(253.,261.,116.425));
#6720 = DIRECTION('',(0.,0.,1.));
#6721 = DIRECTION('',(1.,0.,0.));
#6722 = ORIENTED_EDGE('',*,*,#6723,.F.);
#6723 = EDGE_CURVE('',#6724,#6715,#6726,.T.);
#6724 = VERTEX_POINT('',#6725);
#6725 = CARTESIAN_POINT('',(261.,263.5,116.425));
#6726 = LINE('',#6727,#6728);
#6727 = CARTESIAN_POINT('',(250.,263.5,116.425));
#6728 = VECTOR('',#6729,1.);
#6729 = DIRECTION('',(-1.,0.,0.));
#6730 = ORIENTED_EDGE('',*,*,#6731,.F.);
#6731 = EDGE_CURVE('',#6698,#6724,#6732,.T.);
#6732 = CIRCLE('',#6733,2.5);
#6733 = AXIS2_PLACEMENT_3D('',#6734,#6735,#6736);
#6734 = CARTESIAN_POINT('',(261.,261.,116.425));
#6735 = DIRECTION('',(0.,0.,1.));
#6736 = DIRECTION('',(1.,0.,0.));
#6737 = PLANE('',#6738);
#6738 = AXIS2_PLACEMENT_3D('',#6739,#6740,#6741);
#6739 = CARTESIAN_POINT('',(247.,252.,116.425));
#6740 = DIRECTION('',(0.,0.,1.));
#6741 = DIRECTION('',(1.,0.,0.));
#6742 = ADVANCED_FACE('',(#6743),#6749,.T.);
#6743 = FACE_BOUND('',#6744,.T.);
#6744 = EDGE_LOOP('',(#6745,#6746,#6747,#6748));
#6745 = ORIENTED_EDGE('',*,*,#6577,.F.);
#6746 = ORIENTED_EDGE('',*,*,#6686,.T.);
#6747 = ORIENTED_EDGE('',*,*,#6670,.T.);
#6748 = ORIENTED_EDGE('',*,*,#6593,.F.);
#6749 = PLANE('',#6750);
#6750 = AXIS2_PLACEMENT_3D('',#6751,#6752,#6753);
#6751 = CARTESIAN_POINT('',(267.,252.,116.425));
#6752 = DIRECTION('',(1.,0.,0.));
#6753 = DIRECTION('',(0.,0.,1.));
#6754 = ADVANCED_FACE('',(#6755),#6771,.F.);
#6755 = FACE_BOUND('',#6756,.F.);
#6756 = EDGE_LOOP('',(#6757,#6758,#6764,#6765));
#6757 = ORIENTED_EDGE('',*,*,#6695,.T.);
#6758 = ORIENTED_EDGE('',*,*,#6759,.T.);
#6759 = EDGE_CURVE('',#6698,#6612,#6760,.T.);
#6760 = LINE('',#6761,#6762);
#6761 = CARTESIAN_POINT('',(263.5,261.,115.425));
#6762 = VECTOR('',#6763,1.);
#6763 = DIRECTION('',(0.,0.,1.));
#6764 = ORIENTED_EDGE('',*,*,#6609,.F.);
#6765 = ORIENTED_EDGE('',*,*,#6766,.F.);
#6766 = EDGE_CURVE('',#6696,#6610,#6767,.T.);
#6767 = LINE('',#6768,#6769);
#6768 = CARTESIAN_POINT('',(261.,258.5,115.425));
#6769 = VECTOR('',#6770,1.);
#6770 = DIRECTION('',(0.,0.,1.));
#6771 = CYLINDRICAL_SURFACE('',#6772,2.5);
#6772 = AXIS2_PLACEMENT_3D('',#6773,#6774,#6775);
#6773 = CARTESIAN_POINT('',(261.,261.,115.425));
#6774 = DIRECTION('',(0.,0.,1.));
#6775 = DIRECTION('',(1.,0.,0.));
#6776 = ADVANCED_FACE('',(#6777),#6788,.F.);
#6777 = FACE_BOUND('',#6778,.F.);
#6778 = EDGE_LOOP('',(#6779,#6780,#6781,#6782));
#6779 = ORIENTED_EDGE('',*,*,#6645,.F.);
#6780 = ORIENTED_EDGE('',*,*,#6759,.F.);
#6781 = ORIENTED_EDGE('',*,*,#6731,.T.);
#6782 = ORIENTED_EDGE('',*,*,#6783,.T.);
#6783 = EDGE_CURVE('',#6724,#6638,#6784,.T.);
#6784 = LINE('',#6785,#6786);
#6785 = CARTESIAN_POINT('',(261.,263.5,115.425));
#6786 = VECTOR('',#6787,1.);
#6787 = DIRECTION('',(0.,0.,1.));
#6788 = CYLINDRICAL_SURFACE('',#6789,2.5);
#6789 = AXIS2_PLACEMENT_3D('',#6790,#6791,#6792);
#6790 = CARTESIAN_POINT('',(261.,261.,115.425));
#6791 = DIRECTION('',(0.,0.,1.));
#6792 = DIRECTION('',(1.,0.,0.));
#6793 = ADVANCED_FACE('',(#6794),#6805,.F.);
#6794 = FACE_BOUND('',#6795,.F.);
#6795 = EDGE_LOOP('',(#6796,#6797,#6803,#6804));
#6796 = ORIENTED_EDGE('',*,*,#6723,.T.);
#6797 = ORIENTED_EDGE('',*,*,#6798,.T.);
#6798 = EDGE_CURVE('',#6715,#6629,#6799,.T.);
#6799 = LINE('',#6800,#6801);
#6800 = CARTESIAN_POINT('',(257.03887360535,263.5,115.425));
#6801 = VECTOR('',#6802,1.);
#6802 = DIRECTION('',(0.,0.,1.));
#6803 = ORIENTED_EDGE('',*,*,#6637,.F.);
#6804 = ORIENTED_EDGE('',*,*,#6783,.F.);
#6805 = PLANE('',#6806);
#6806 = AXIS2_PLACEMENT_3D('',#6807,#6808,#6809);
#6807 = CARTESIAN_POINT('',(253.,263.5,115.425));
#6808 = DIRECTION('',(0.,1.,0.));
#6809 = DIRECTION('',(0.,0.,1.));
#6810 = ADVANCED_FACE('',(#6811),#6822,.F.);
#6811 = FACE_BOUND('',#6812,.F.);
#6812 = EDGE_LOOP('',(#6813,#6814,#6815,#6816));
#6813 = ORIENTED_EDGE('',*,*,#6628,.F.);
#6814 = ORIENTED_EDGE('',*,*,#6798,.F.);
#6815 = ORIENTED_EDGE('',*,*,#6714,.T.);
#6816 = ORIENTED_EDGE('',*,*,#6817,.T.);
#6817 = EDGE_CURVE('',#6707,#6621,#6818,.T.);
#6818 = LINE('',#6819,#6820);
#6819 = CARTESIAN_POINT('',(257.03887360535,258.5,115.425));
#6820 = VECTOR('',#6821,1.);
#6821 = DIRECTION('',(0.,0.,1.));
#6822 = CYLINDRICAL_SURFACE('',#6823,4.75);
#6823 = AXIS2_PLACEMENT_3D('',#6824,#6825,#6826);
#6824 = CARTESIAN_POINT('',(253.,261.,115.425));
#6825 = DIRECTION('',(0.,0.,1.));
#6826 = DIRECTION('',(1.,0.,0.));
#6827 = ADVANCED_FACE('',(#6828),#6834,.T.);
#6828 = FACE_BOUND('',#6829,.T.);
#6829 = EDGE_LOOP('',(#6830,#6831,#6832,#6833));
#6830 = ORIENTED_EDGE('',*,*,#6706,.T.);
#6831 = ORIENTED_EDGE('',*,*,#6817,.T.);
#6832 = ORIENTED_EDGE('',*,*,#6620,.F.);
#6833 = ORIENTED_EDGE('',*,*,#6766,.F.);
#6834 = PLANE('',#6835);
#6835 = AXIS2_PLACEMENT_3D('',#6836,#6837,#6838);
#6836 = CARTESIAN_POINT('',(253.,258.5,115.425));
#6837 = DIRECTION('',(0.,1.,0.));
#6838 = DIRECTION('',(0.,0.,1.));
#6839 = MANIFOLD_SOLID_BREP('',#6840);
#6840 = CLOSED_SHELL('',(#6841,#6881,#6921,#6943,#6965,#6977));
#6841 = ADVANCED_FACE('',(#6842),#6876,.F.);
#6842 = FACE_BOUND('',#6843,.F.);
#6843 = EDGE_LOOP('',(#6844,#6854,#6862,#6870));
#6844 = ORIENTED_EDGE('',*,*,#6845,.F.);
#6845 = EDGE_CURVE('',#6846,#6848,#6850,.T.);
#6846 = VERTEX_POINT('',#6847);
#6847 = CARTESIAN_POINT('',(10.,4.475,103.));
#6848 = VERTEX_POINT('',#6849);
#6849 = CARTESIAN_POINT('',(10.,4.475,115.7));
#6850 = LINE('',#6851,#6852);
#6851 = CARTESIAN_POINT('',(10.,4.475,103.));
#6852 = VECTOR('',#6853,1.);
#6853 = DIRECTION('',(0.,0.,1.));
#6854 = ORIENTED_EDGE('',*,*,#6855,.T.);
#6855 = EDGE_CURVE('',#6846,#6856,#6858,.T.);
#6856 = VERTEX_POINT('',#6857);
#6857 = CARTESIAN_POINT('',(10.,6.0625,103.));
#6858 = LINE('',#6859,#6860);
#6859 = CARTESIAN_POINT('',(10.,4.475,103.));
#6860 = VECTOR('',#6861,1.);
#6861 = DIRECTION('',(0.,1.,0.));
#6862 = ORIENTED_EDGE('',*,*,#6863,.T.);
#6863 = EDGE_CURVE('',#6856,#6864,#6866,.T.);
#6864 = VERTEX_POINT('',#6865);
#6865 = CARTESIAN_POINT('',(10.,6.0625,115.7));
#6866 = LINE('',#6867,#6868);
#6867 = CARTESIAN_POINT('',(10.,6.0625,103.));
#6868 = VECTOR('',#6869,1.);
#6869 = DIRECTION('',(0.,0.,1.));
#6870 = ORIENTED_EDGE('',*,*,#6871,.F.);
#6871 = EDGE_CURVE('',#6848,#6864,#6872,.T.);
#6872 = LINE('',#6873,#6874);
#6873 = CARTESIAN_POINT('',(10.,4.475,115.7));
#6874 = VECTOR('',#6875,1.);
#6875 = DIRECTION('',(0.,1.,0.));
#6876 = PLANE('',#6877);
#6877 = AXIS2_PLACEMENT_3D('',#6878,#6879,#6880);
#6878 = CARTESIAN_POINT('',(10.,4.475,103.));
#6879 = DIRECTION('',(1.,0.,0.));
#6880 = DIRECTION('',(0.,0.,1.));
#6881 = ADVANCED_FACE('',(#6882),#6916,.T.);
#6882 = FACE_BOUND('',#6883,.T.);
#6883 = EDGE_LOOP('',(#6884,#6894,#6902,#6910));
#6884 = ORIENTED_EDGE('',*,*,#6885,.F.);
#6885 = EDGE_CURVE('',#6886,#6888,#6890,.T.);
#6886 = VERTEX_POINT('',#6887);
#6887 = CARTESIAN_POINT('',(265.,4.475,103.));
#6888 = VERTEX_POINT('',#6889);
#6889 = CARTESIAN_POINT('',(265.,4.475,115.7));
#6890 = LINE('',#6891,#6892);
#6891 = CARTESIAN_POINT('',(265.,4.475,103.));
#6892 = VECTOR('',#6893,1.);
#6893 = DIRECTION('',(0.,0.,1.));
#6894 = ORIENTED_EDGE('',*,*,#6895,.T.);
#6895 = EDGE_CURVE('',#6886,#6896,#6898,.T.);
#6896 = VERTEX_POINT('',#6897);
#6897 = CARTESIAN_POINT('',(265.,6.0625,103.));
#6898 = LINE('',#6899,#6900);
#6899 = CARTESIAN_POINT('',(265.,4.475,103.));
#6900 = VECTOR('',#6901,1.);
#6901 = DIRECTION('',(0.,1.,0.));
#6902 = ORIENTED_EDGE('',*,*,#6903,.T.);
#6903 = EDGE_CURVE('',#6896,#6904,#6906,.T.);
#6904 = VERTEX_POINT('',#6905);
#6905 = CARTESIAN_POINT('',(265.,6.0625,115.7));
#6906 = LINE('',#6907,#6908);
#6907 = CARTESIAN_POINT('',(265.,6.0625,103.));
#6908 = VECTOR('',#6909,1.);
#6909 = DIRECTION('',(0.,0.,1.));
#6910 = ORIENTED_EDGE('',*,*,#6911,.F.);
#6911 = EDGE_CURVE('',#6888,#6904,#6912,.T.);
#6912 = LINE('',#6913,#6914);
#6913 = CARTESIAN_POINT('',(265.,4.475,115.7));
#6914 = VECTOR('',#6915,1.);
#6915 = DIRECTION('',(0.,1.,0.));
#6916 = PLANE('',#6917);
#6917 = AXIS2_PLACEMENT_3D('',#6918,#6919,#6920);
#6918 = CARTESIAN_POINT('',(265.,4.475,103.));
#6919 = DIRECTION('',(1.,0.,0.));
#6920 = DIRECTION('',(0.,0.,1.));
#6921 = ADVANCED_FACE('',(#6922),#6938,.F.);
#6922 = FACE_BOUND('',#6923,.F.);
#6923 = EDGE_LOOP('',(#6924,#6930,#6931,#6937));
#6924 = ORIENTED_EDGE('',*,*,#6925,.F.);
#6925 = EDGE_CURVE('',#6846,#6886,#6926,.T.);
#6926 = LINE('',#6927,#6928);
#6927 = CARTESIAN_POINT('',(10.,4.475,103.));
#6928 = VECTOR('',#6929,1.);
#6929 = DIRECTION('',(1.,0.,0.));
#6930 = ORIENTED_EDGE('',*,*,#6845,.T.);
#6931 = ORIENTED_EDGE('',*,*,#6932,.T.);
#6932 = EDGE_CURVE('',#6848,#6888,#6933,.T.);
#6933 = LINE('',#6934,#6935);
#6934 = CARTESIAN_POINT('',(10.,4.475,115.7));
#6935 = VECTOR('',#6936,1.);
#6936 = DIRECTION('',(1.,0.,0.));
#6937 = ORIENTED_EDGE('',*,*,#6885,.F.);
#6938 = PLANE('',#6939);
#6939 = AXIS2_PLACEMENT_3D('',#6940,#6941,#6942);
#6940 = CARTESIAN_POINT('',(10.,4.475,103.));
#6941 = DIRECTION('',(0.,1.,0.));
#6942 = DIRECTION('',(0.,0.,1.));
#6943 = ADVANCED_FACE('',(#6944),#6960,.T.);
#6944 = FACE_BOUND('',#6945,.T.);
#6945 = EDGE_LOOP('',(#6946,#6952,#6953,#6959));
#6946 = ORIENTED_EDGE('',*,*,#6947,.F.);
#6947 = EDGE_CURVE('',#6856,#6896,#6948,.T.);
#6948 = LINE('',#6949,#6950);
#6949 = CARTESIAN_POINT('',(10.,6.0625,103.));
#6950 = VECTOR('',#6951,1.);
#6951 = DIRECTION('',(1.,0.,0.));
#6952 = ORIENTED_EDGE('',*,*,#6863,.T.);
#6953 = ORIENTED_EDGE('',*,*,#6954,.T.);
#6954 = EDGE_CURVE('',#6864,#6904,#6955,.T.);
#6955 = LINE('',#6956,#6957);
#6956 = CARTESIAN_POINT('',(10.,6.0625,115.7));
#6957 = VECTOR('',#6958,1.);
#6958 = DIRECTION('',(1.,0.,0.));
#6959 = ORIENTED_EDGE('',*,*,#6903,.F.);
#6960 = PLANE('',#6961);
#6961 = AXIS2_PLACEMENT_3D('',#6962,#6963,#6964);
#6962 = CARTESIAN_POINT('',(10.,6.0625,103.));
#6963 = DIRECTION('',(0.,1.,0.));
#6964 = DIRECTION('',(0.,0.,1.));
#6965 = ADVANCED_FACE('',(#6966),#6972,.F.);
#6966 = FACE_BOUND('',#6967,.F.);
#6967 = EDGE_LOOP('',(#6968,#6969,#6970,#6971));
#6968 = ORIENTED_EDGE('',*,*,#6855,.F.);
#6969 = ORIENTED_EDGE('',*,*,#6925,.T.);
#6970 = ORIENTED_EDGE('',*,*,#6895,.T.);
#6971 = ORIENTED_EDGE('',*,*,#6947,.F.);
#6972 = PLANE('',#6973);
#6973 = AXIS2_PLACEMENT_3D('',#6974,#6975,#6976);
#6974 = CARTESIAN_POINT('',(10.,4.475,103.));
#6975 = DIRECTION('',(0.,0.,1.));
#6976 = DIRECTION('',(1.,0.,0.));
#6977 = ADVANCED_FACE('',(#6978),#6984,.T.);
#6978 = FACE_BOUND('',#6979,.T.);
#6979 = EDGE_LOOP('',(#6980,#6981,#6982,#6983));
#6980 = ORIENTED_EDGE('',*,*,#6871,.F.);
#6981 = ORIENTED_EDGE('',*,*,#6932,.T.);
#6982 = ORIENTED_EDGE('',*,*,#6911,.T.);
#6983 = ORIENTED_EDGE('',*,*,#6954,.F.);
#6984 = PLANE('',#6985);
#6985 = AXIS2_PLACEMENT_3D('',#6986,#6987,#6988);
#6986 = CARTESIAN_POINT('',(10.,4.475,115.7));
#6987 = DIRECTION('',(0.,0.,1.));
#6988 = DIRECTION('',(1.,0.,0.));
#6989 = MANIFOLD_SOLID_BREP('',#6990);
#6990 = CLOSED_SHELL('',(#6991,#7031,#7071,#7093,#7115,#7127));
#6991 = ADVANCED_FACE('',(#6992),#7026,.F.);
#6992 = FACE_BOUND('',#6993,.F.);
#6993 = EDGE_LOOP('',(#6994,#7004,#7012,#7020));
#6994 = ORIENTED_EDGE('',*,*,#6995,.F.);
#6995 = EDGE_CURVE('',#6996,#6998,#7000,.T.);
#6996 = VERTEX_POINT('',#6997);
#6997 = CARTESIAN_POINT('',(10.,268.9375,103.));
#6998 = VERTEX_POINT('',#6999);
#6999 = CARTESIAN_POINT('',(10.,268.9375,115.7));
#7000 = LINE('',#7001,#7002);
#7001 = CARTESIAN_POINT('',(10.,268.9375,103.));
#7002 = VECTOR('',#7003,1.);
#7003 = DIRECTION('',(0.,0.,1.));
#7004 = ORIENTED_EDGE('',*,*,#7005,.T.);
#7005 = EDGE_CURVE('',#6996,#7006,#7008,.T.);
#7006 = VERTEX_POINT('',#7007);
#7007 = CARTESIAN_POINT('',(10.,270.525,103.));
#7008 = LINE('',#7009,#7010);
#7009 = CARTESIAN_POINT('',(10.,268.9375,103.));
#7010 = VECTOR('',#7011,1.);
#7011 = DIRECTION('',(0.,1.,0.));
#7012 = ORIENTED_EDGE('',*,*,#7013,.T.);
#7013 = EDGE_CURVE('',#7006,#7014,#7016,.T.);
#7014 = VERTEX_POINT('',#7015);
#7015 = CARTESIAN_POINT('',(10.,270.525,115.7));
#7016 = LINE('',#7017,#7018);
#7017 = CARTESIAN_POINT('',(10.,270.525,103.));
#7018 = VECTOR('',#7019,1.);
#7019 = DIRECTION('',(0.,0.,1.));
#7020 = ORIENTED_EDGE('',*,*,#7021,.F.);
#7021 = EDGE_CURVE('',#6998,#7014,#7022,.T.);
#7022 = LINE('',#7023,#7024);
#7023 = CARTESIAN_POINT('',(10.,268.9375,115.7));
#7024 = VECTOR('',#7025,1.);
#7025 = DIRECTION('',(0.,1.,0.));
#7026 = PLANE('',#7027);
#7027 = AXIS2_PLACEMENT_3D('',#7028,#7029,#7030);
#7028 = CARTESIAN_POINT('',(10.,268.9375,103.));
#7029 = DIRECTION('',(1.,0.,0.));
#7030 = DIRECTION('',(0.,0.,1.));
#7031 = ADVANCED_FACE('',(#7032),#7066,.T.);
#7032 = FACE_BOUND('',#7033,.T.);
#7033 = EDGE_LOOP('',(#7034,#7044,#7052,#7060));
#7034 = ORIENTED_EDGE('',*,*,#7035,.F.);
#7035 = EDGE_CURVE('',#7036,#7038,#7040,.T.);
#7036 = VERTEX_POINT('',#7037);
#7037 = CARTESIAN_POINT('',(265.,268.9375,103.));
#7038 = VERTEX_POINT('',#7039);
#7039 = CARTESIAN_POINT('',(265.,268.9375,115.7));
#7040 = LINE('',#7041,#7042);
#7041 = CARTESIAN_POINT('',(265.,268.9375,103.));
#7042 = VECTOR('',#7043,1.);
#7043 = DIRECTION('',(0.,0.,1.));
#7044 = ORIENTED_EDGE('',*,*,#7045,.T.);
#7045 = EDGE_CURVE('',#7036,#7046,#7048,.T.);
#7046 = VERTEX_POINT('',#7047);
#7047 = CARTESIAN_POINT('',(265.,270.525,103.));
#7048 = LINE('',#7049,#7050);
#7049 = CARTESIAN_POINT('',(265.,268.9375,103.));
#7050 = VECTOR('',#7051,1.);
#7051 = DIRECTION('',(0.,1.,0.));
#7052 = ORIENTED_EDGE('',*,*,#7053,.T.);
#7053 = EDGE_CURVE('',#7046,#7054,#7056,.T.);
#7054 = VERTEX_POINT('',#7055);
#7055 = CARTESIAN_POINT('',(265.,270.525,115.7));
#7056 = LINE('',#7057,#7058);
#7057 = CARTESIAN_POINT('',(265.,270.525,103.));
#7058 = VECTOR('',#7059,1.);
#7059 = DIRECTION('',(0.,0.,1.));
#7060 = ORIENTED_EDGE('',*,*,#7061,.F.);
#7061 = EDGE_CURVE('',#7038,#7054,#7062,.T.);
#7062 = LINE('',#7063,#7064);
#7063 = CARTESIAN_POINT('',(265.,268.9375,115.7));
#7064 = VECTOR('',#7065,1.);
#7065 = DIRECTION('',(0.,1.,0.));
#7066 = PLANE('',#7067);
#7067 = AXIS2_PLACEMENT_3D('',#7068,#7069,#7070);
#7068 = CARTESIAN_POINT('',(265.,268.9375,103.));
#7069 = DIRECTION('',(1.,0.,0.));
#7070 = DIRECTION('',(0.,0.,1.));
#7071 = ADVANCED_FACE('',(#7072),#7088,.F.);
#7072 = FACE_BOUND('',#7073,.F.);
#7073 = EDGE_LOOP('',(#7074,#7080,#7081,#7087));
#7074 = ORIENTED_EDGE('',*,*,#7075,.F.);
#7075 = EDGE_CURVE('',#6996,#7036,#7076,.T.);
#7076 = LINE('',#7077,#7078);
#7077 = CARTESIAN_POINT('',(10.,268.9375,103.));
#7078 = VECTOR('',#7079,1.);
#7079 = DIRECTION('',(1.,0.,0.));
#7080 = ORIENTED_EDGE('',*,*,#6995,.T.);
#7081 = ORIENTED_EDGE('',*,*,#7082,.T.);
#7082 = EDGE_CURVE('',#6998,#7038,#7083,.T.);
#7083 = LINE('',#7084,#7085);
#7084 = CARTESIAN_POINT('',(10.,268.9375,115.7));
#7085 = VECTOR('',#7086,1.);
#7086 = DIRECTION('',(1.,0.,0.));
#7087 = ORIENTED_EDGE('',*,*,#7035,.F.);
#7088 = PLANE('',#7089);
#7089 = AXIS2_PLACEMENT_3D('',#7090,#7091,#7092);
#7090 = CARTESIAN_POINT('',(10.,268.9375,103.));
#7091 = DIRECTION('',(0.,1.,0.));
#7092 = DIRECTION('',(0.,0.,1.));
#7093 = ADVANCED_FACE('',(#7094),#7110,.T.);
#7094 = FACE_BOUND('',#7095,.T.);
#7095 = EDGE_LOOP('',(#7096,#7102,#7103,#7109));
#7096 = ORIENTED_EDGE('',*,*,#7097,.F.);
#7097 = EDGE_CURVE('',#7006,#7046,#7098,.T.);
#7098 = LINE('',#7099,#7100);
#7099 = CARTESIAN_POINT('',(10.,270.525,103.));
#7100 = VECTOR('',#7101,1.);
#7101 = DIRECTION('',(1.,0.,0.));
#7102 = ORIENTED_EDGE('',*,*,#7013,.T.);
#7103 = ORIENTED_EDGE('',*,*,#7104,.T.);
#7104 = EDGE_CURVE('',#7014,#7054,#7105,.T.);
#7105 = LINE('',#7106,#7107);
#7106 = CARTESIAN_POINT('',(10.,270.525,115.7));
#7107 = VECTOR('',#7108,1.);
#7108 = DIRECTION('',(1.,0.,0.));
#7109 = ORIENTED_EDGE('',*,*,#7053,.F.);
#7110 = PLANE('',#7111);
#7111 = AXIS2_PLACEMENT_3D('',#7112,#7113,#7114);
#7112 = CARTESIAN_POINT('',(10.,270.525,103.));
#7113 = DIRECTION('',(0.,1.,0.));
#7114 = DIRECTION('',(0.,0.,1.));
#7115 = ADVANCED_FACE('',(#7116),#7122,.F.);
#7116 = FACE_BOUND('',#7117,.F.);
#7117 = EDGE_LOOP('',(#7118,#7119,#7120,#7121));
#7118 = ORIENTED_EDGE('',*,*,#7005,.F.);
#7119 = ORIENTED_EDGE('',*,*,#7075,.T.);
#7120 = ORIENTED_EDGE('',*,*,#7045,.T.);
#7121 = ORIENTED_EDGE('',*,*,#7097,.F.);
#7122 = PLANE('',#7123);
#7123 = AXIS2_PLACEMENT_3D('',#7124,#7125,#7126);
#7124 = CARTESIAN_POINT('',(10.,268.9375,103.));
#7125 = DIRECTION('',(0.,0.,1.));
#7126 = DIRECTION('',(1.,0.,0.));
#7127 = ADVANCED_FACE('',(#7128),#7134,.T.);
#7128 = FACE_BOUND('',#7129,.T.);
#7129 = EDGE_LOOP('',(#7130,#7131,#7132,#7133));
#7130 = ORIENTED_EDGE('',*,*,#7021,.F.);
#7131 = ORIENTED_EDGE('',*,*,#7082,.T.);
#7132 = ORIENTED_EDGE('',*,*,#7061,.T.);
#7133 = ORIENTED_EDGE('',*,*,#7104,.F.);
#7134 = PLANE('',#7135);
#7135 = AXIS2_PLACEMENT_3D('',#7136,#7137,#7138);
#7136 = CARTESIAN_POINT('',(10.,268.9375,115.7));
#7137 = DIRECTION('',(0.,0.,1.));
#7138 = DIRECTION('',(1.,0.,0.));
#7139 = MANIFOLD_SOLID_BREP('',#7140);
#7140 = CLOSED_SHELL('',(#7141,#7181,#7221,#7243,#7265,#7277));
#7141 = ADVANCED_FACE('',(#7142),#7176,.F.);
#7142 = FACE_BOUND('',#7143,.F.);
#7143 = EDGE_LOOP('',(#7144,#7154,#7162,#7170));
#7144 = ORIENTED_EDGE('',*,*,#7145,.F.);
#7145 = EDGE_CURVE('',#7146,#7148,#7150,.T.);
#7146 = VERTEX_POINT('',#7147);
#7147 = CARTESIAN_POINT('',(2.5,20.,103.));
#7148 = VERTEX_POINT('',#7149);
#7149 = CARTESIAN_POINT('',(2.5,20.,115.7));
#7150 = LINE('',#7151,#7152);
#7151 = CARTESIAN_POINT('',(2.5,20.,103.));
#7152 = VECTOR('',#7153,1.);
#7153 = DIRECTION('',(0.,0.,1.));
#7154 = ORIENTED_EDGE('',*,*,#7155,.T.);
#7155 = EDGE_CURVE('',#7146,#7156,#7158,.T.);
#7156 = VERTEX_POINT('',#7157);
#7157 = CARTESIAN_POINT('',(2.5,255.,103.));
#7158 = LINE('',#7159,#7160);
#7159 = CARTESIAN_POINT('',(2.5,20.,103.));
#7160 = VECTOR('',#7161,1.);
#7161 = DIRECTION('',(0.,1.,0.));
#7162 = ORIENTED_EDGE('',*,*,#7163,.T.);
#7163 = EDGE_CURVE('',#7156,#7164,#7166,.T.);
#7164 = VERTEX_POINT('',#7165);
#7165 = CARTESIAN_POINT('',(2.5,255.,115.7));
#7166 = LINE('',#7167,#7168);
#7167 = CARTESIAN_POINT('',(2.5,255.,103.));
#7168 = VECTOR('',#7169,1.);
#7169 = DIRECTION('',(0.,0.,1.));
#7170 = ORIENTED_EDGE('',*,*,#7171,.F.);
#7171 = EDGE_CURVE('',#7148,#7164,#7172,.T.);
#7172 = LINE('',#7173,#7174);
#7173 = CARTESIAN_POINT('',(2.5,20.,115.7));
#7174 = VECTOR('',#7175,1.);
#7175 = DIRECTION('',(0.,1.,0.));
#7176 = PLANE('',#7177);
#7177 = AXIS2_PLACEMENT_3D('',#7178,#7179,#7180);
#7178 = CARTESIAN_POINT('',(2.5,20.,103.));
#7179 = DIRECTION('',(1.,0.,0.));
#7180 = DIRECTION('',(0.,0.,1.));
#7181 = ADVANCED_FACE('',(#7182),#7216,.T.);
#7182 = FACE_BOUND('',#7183,.T.);
#7183 = EDGE_LOOP('',(#7184,#7194,#7202,#7210));
#7184 = ORIENTED_EDGE('',*,*,#7185,.F.);
#7185 = EDGE_CURVE('',#7186,#7188,#7190,.T.);
#7186 = VERTEX_POINT('',#7187);
#7187 = CARTESIAN_POINT('',(4.0875,20.,103.));
#7188 = VERTEX_POINT('',#7189);
#7189 = CARTESIAN_POINT('',(4.0875,20.,115.7));
#7190 = LINE('',#7191,#7192);
#7191 = CARTESIAN_POINT('',(4.0875,20.,103.));
#7192 = VECTOR('',#7193,1.);
#7193 = DIRECTION('',(0.,0.,1.));
#7194 = ORIENTED_EDGE('',*,*,#7195,.T.);
#7195 = EDGE_CURVE('',#7186,#7196,#7198,.T.);
#7196 = VERTEX_POINT('',#7197);
#7197 = CARTESIAN_POINT('',(4.0875,255.,103.));
#7198 = LINE('',#7199,#7200);
#7199 = CARTESIAN_POINT('',(4.0875,20.,103.));
#7200 = VECTOR('',#7201,1.);
#7201 = DIRECTION('',(0.,1.,0.));
#7202 = ORIENTED_EDGE('',*,*,#7203,.T.);
#7203 = EDGE_CURVE('',#7196,#7204,#7206,.T.);
#7204 = VERTEX_POINT('',#7205);
#7205 = CARTESIAN_POINT('',(4.0875,255.,115.7));
#7206 = LINE('',#7207,#7208);
#7207 = CARTESIAN_POINT('',(4.0875,255.,103.));
#7208 = VECTOR('',#7209,1.);
#7209 = DIRECTION('',(0.,0.,1.));
#7210 = ORIENTED_EDGE('',*,*,#7211,.F.);
#7211 = EDGE_CURVE('',#7188,#7204,#7212,.T.);
#7212 = LINE('',#7213,#7214);
#7213 = CARTESIAN_POINT('',(4.0875,20.,115.7));
#7214 = VECTOR('',#7215,1.);
#7215 = DIRECTION('',(0.,1.,0.));
#7216 = PLANE('',#7217);
#7217 = AXIS2_PLACEMENT_3D('',#7218,#7219,#7220);
#7218 = CARTESIAN_POINT('',(4.0875,20.,103.));
#7219 = DIRECTION('',(1.,0.,0.));
#7220 = DIRECTION('',(0.,0.,1.));
#7221 = ADVANCED_FACE('',(#7222),#7238,.F.);
#7222 = FACE_BOUND('',#7223,.F.);
#7223 = EDGE_LOOP('',(#7224,#7230,#7231,#7237));
#7224 = ORIENTED_EDGE('',*,*,#7225,.F.);
#7225 = EDGE_CURVE('',#7146,#7186,#7226,.T.);
#7226 = LINE('',#7227,#7228);
#7227 = CARTESIAN_POINT('',(2.5,20.,103.));
#7228 = VECTOR('',#7229,1.);
#7229 = DIRECTION('',(1.,0.,0.));
#7230 = ORIENTED_EDGE('',*,*,#7145,.T.);
#7231 = ORIENTED_EDGE('',*,*,#7232,.T.);
#7232 = EDGE_CURVE('',#7148,#7188,#7233,.T.);
#7233 = LINE('',#7234,#7235);
#7234 = CARTESIAN_POINT('',(2.5,20.,115.7));
#7235 = VECTOR('',#7236,1.);
#7236 = DIRECTION('',(1.,0.,0.));
#7237 = ORIENTED_EDGE('',*,*,#7185,.F.);
#7238 = PLANE('',#7239);
#7239 = AXIS2_PLACEMENT_3D('',#7240,#7241,#7242);
#7240 = CARTESIAN_POINT('',(2.5,20.,103.));
#7241 = DIRECTION('',(0.,1.,0.));
#7242 = DIRECTION('',(0.,0.,1.));
#7243 = ADVANCED_FACE('',(#7244),#7260,.T.);
#7244 = FACE_BOUND('',#7245,.T.);
#7245 = EDGE_LOOP('',(#7246,#7252,#7253,#7259));
#7246 = ORIENTED_EDGE('',*,*,#7247,.F.);
#7247 = EDGE_CURVE('',#7156,#7196,#7248,.T.);
#7248 = LINE('',#7249,#7250);
#7249 = CARTESIAN_POINT('',(2.5,255.,103.));
#7250 = VECTOR('',#7251,1.);
#7251 = DIRECTION('',(1.,0.,0.));
#7252 = ORIENTED_EDGE('',*,*,#7163,.T.);
#7253 = ORIENTED_EDGE('',*,*,#7254,.T.);
#7254 = EDGE_CURVE('',#7164,#7204,#7255,.T.);
#7255 = LINE('',#7256,#7257);
#7256 = CARTESIAN_POINT('',(2.5,255.,115.7));
#7257 = VECTOR('',#7258,1.);
#7258 = DIRECTION('',(1.,0.,0.));
#7259 = ORIENTED_EDGE('',*,*,#7203,.F.);
#7260 = PLANE('',#7261);
#7261 = AXIS2_PLACEMENT_3D('',#7262,#7263,#7264);
#7262 = CARTESIAN_POINT('',(2.5,255.,103.));
#7263 = DIRECTION('',(0.,1.,0.));
#7264 = DIRECTION('',(0.,0.,1.));
#7265 = ADVANCED_FACE('',(#7266),#7272,.F.);
#7266 = FACE_BOUND('',#7267,.F.);
#7267 = EDGE_LOOP('',(#7268,#7269,#7270,#7271));
#7268 = ORIENTED_EDGE('',*,*,#7155,.F.);
#7269 = ORIENTED_EDGE('',*,*,#7225,.T.);
#7270 = ORIENTED_EDGE('',*,*,#7195,.T.);
#7271 = ORIENTED_EDGE('',*,*,#7247,.F.);
#7272 = PLANE('',#7273);
#7273 = AXIS2_PLACEMENT_3D('',#7274,#7275,#7276);
#7274 = CARTESIAN_POINT('',(2.5,20.,103.));
#7275 = DIRECTION('',(0.,0.,1.));
#7276 = DIRECTION('',(1.,0.,0.));
#7277 = ADVANCED_FACE('',(#7278),#7284,.T.);
#7278 = FACE_BOUND('',#7279,.T.);
#7279 = EDGE_LOOP('',(#7280,#7281,#7282,#7283));
#7280 = ORIENTED_EDGE('',*,*,#7171,.F.);
#7281 = ORIENTED_EDGE('',*,*,#7232,.T.);
#7282 = ORIENTED_EDGE('',*,*,#7211,.T.);
#7283 = ORIENTED_EDGE('',*,*,#7254,.F.);
#7284 = PLANE('',#7285);
#7285 = AXIS2_PLACEMENT_3D('',#7286,#7287,#7288);
#7286 = CARTESIAN_POINT('',(2.5,20.,115.7));
#7287 = DIRECTION('',(0.,0.,1.));
#7288 = DIRECTION('',(1.,0.,0.));
#7289 = MANIFOLD_SOLID_BREP('',#7290);
#7290 = CLOSED_SHELL('',(#7291,#7331,#7371,#7393,#7415,#7427));
#7291 = ADVANCED_FACE('',(#7292),#7326,.F.);
#7292 = FACE_BOUND('',#7293,.F.);
#7293 = EDGE_LOOP('',(#7294,#7304,#7312,#7320));
#7294 = ORIENTED_EDGE('',*,*,#7295,.F.);
#7295 = EDGE_CURVE('',#7296,#7298,#7300,.T.);
#7296 = VERTEX_POINT('',#7297);
#7297 = CARTESIAN_POINT('',(270.9125,20.,103.));
#7298 = VERTEX_POINT('',#7299);
#7299 = CARTESIAN_POINT('',(270.9125,20.,115.7));
#7300 = LINE('',#7301,#7302);
#7301 = CARTESIAN_POINT('',(270.9125,20.,103.));
#7302 = VECTOR('',#7303,1.);
#7303 = DIRECTION('',(0.,0.,1.));
#7304 = ORIENTED_EDGE('',*,*,#7305,.T.);
#7305 = EDGE_CURVE('',#7296,#7306,#7308,.T.);
#7306 = VERTEX_POINT('',#7307);
#7307 = CARTESIAN_POINT('',(270.9125,255.,103.));
#7308 = LINE('',#7309,#7310);
#7309 = CARTESIAN_POINT('',(270.9125,20.,103.));
#7310 = VECTOR('',#7311,1.);
#7311 = DIRECTION('',(0.,1.,0.));
#7312 = ORIENTED_EDGE('',*,*,#7313,.T.);
#7313 = EDGE_CURVE('',#7306,#7314,#7316,.T.);
#7314 = VERTEX_POINT('',#7315);
#7315 = CARTESIAN_POINT('',(270.9125,255.,115.7));
#7316 = LINE('',#7317,#7318);
#7317 = CARTESIAN_POINT('',(270.9125,255.,103.));
#7318 = VECTOR('',#7319,1.);
#7319 = DIRECTION('',(0.,0.,1.));
#7320 = ORIENTED_EDGE('',*,*,#7321,.F.);
#7321 = EDGE_CURVE('',#7298,#7314,#7322,.T.);
#7322 = LINE('',#7323,#7324);
#7323 = CARTESIAN_POINT('',(270.9125,20.,115.7));
#7324 = VECTOR('',#7325,1.);
#7325 = DIRECTION('',(0.,1.,0.));
#7326 = PLANE('',#7327);
#7327 = AXIS2_PLACEMENT_3D('',#7328,#7329,#7330);
#7328 = CARTESIAN_POINT('',(270.9125,20.,103.));
#7329 = DIRECTION('',(1.,0.,0.));
#7330 = DIRECTION('',(0.,0.,1.));
#7331 = ADVANCED_FACE('',(#7332),#7366,.T.);
#7332 = FACE_BOUND('',#7333,.T.);
#7333 = EDGE_LOOP('',(#7334,#7344,#7352,#7360));
#7334 = ORIENTED_EDGE('',*,*,#7335,.F.);
#7335 = EDGE_CURVE('',#7336,#7338,#7340,.T.);
#7336 = VERTEX_POINT('',#7337);
#7337 = CARTESIAN_POINT('',(272.5,20.,103.));
#7338 = VERTEX_POINT('',#7339);
#7339 = CARTESIAN_POINT('',(272.5,20.,115.7));
#7340 = LINE('',#7341,#7342);
#7341 = CARTESIAN_POINT('',(272.5,20.,103.));
#7342 = VECTOR('',#7343,1.);
#7343 = DIRECTION('',(0.,0.,1.));
#7344 = ORIENTED_EDGE('',*,*,#7345,.T.);
#7345 = EDGE_CURVE('',#7336,#7346,#7348,.T.);
#7346 = VERTEX_POINT('',#7347);
#7347 = CARTESIAN_POINT('',(272.5,255.,103.));
#7348 = LINE('',#7349,#7350);
#7349 = CARTESIAN_POINT('',(272.5,20.,103.));
#7350 = VECTOR('',#7351,1.);
#7351 = DIRECTION('',(0.,1.,0.));
#7352 = ORIENTED_EDGE('',*,*,#7353,.T.);
#7353 = EDGE_CURVE('',#7346,#7354,#7356,.T.);
#7354 = VERTEX_POINT('',#7355);
#7355 = CARTESIAN_POINT('',(272.5,255.,115.7));
#7356 = LINE('',#7357,#7358);
#7357 = CARTESIAN_POINT('',(272.5,255.,103.));
#7358 = VECTOR('',#7359,1.);
#7359 = DIRECTION('',(0.,0.,1.));
#7360 = ORIENTED_EDGE('',*,*,#7361,.F.);
#7361 = EDGE_CURVE('',#7338,#7354,#7362,.T.);
#7362 = LINE('',#7363,#7364);
#7363 = CARTESIAN_POINT('',(272.5,20.,115.7));
#7364 = VECTOR('',#7365,1.);
#7365 = DIRECTION('',(0.,1.,0.));
#7366 = PLANE('',#7367);
#7367 = AXIS2_PLACEMENT_3D('',#7368,#7369,#7370);
#7368 = CARTESIAN_POINT('',(272.5,20.,103.));
#7369 = DIRECTION('',(1.,0.,0.));
#7370 = DIRECTION('',(0.,0.,1.));
#7371 = ADVANCED_FACE('',(#7372),#7388,.F.);
#7372 = FACE_BOUND('',#7373,.F.);
#7373 = EDGE_LOOP('',(#7374,#7380,#7381,#7387));
#7374 = ORIENTED_EDGE('',*,*,#7375,.F.);
#7375 = EDGE_CURVE('',#7296,#7336,#7376,.T.);
#7376 = LINE('',#7377,#7378);
#7377 = CARTESIAN_POINT('',(270.9125,20.,103.));
#7378 = VECTOR('',#7379,1.);
#7379 = DIRECTION('',(1.,0.,0.));
#7380 = ORIENTED_EDGE('',*,*,#7295,.T.);
#7381 = ORIENTED_EDGE('',*,*,#7382,.T.);
#7382 = EDGE_CURVE('',#7298,#7338,#7383,.T.);
#7383 = LINE('',#7384,#7385);
#7384 = CARTESIAN_POINT('',(270.9125,20.,115.7));
#7385 = VECTOR('',#7386,1.);
#7386 = DIRECTION('',(1.,0.,0.));
#7387 = ORIENTED_EDGE('',*,*,#7335,.F.);
#7388 = PLANE('',#7389);
#7389 = AXIS2_PLACEMENT_3D('',#7390,#7391,#7392);
#7390 = CARTESIAN_POINT('',(270.9125,20.,103.));
#7391 = DIRECTION('',(0.,1.,0.));
#7392 = DIRECTION('',(0.,0.,1.));
#7393 = ADVANCED_FACE('',(#7394),#7410,.T.);
#7394 = FACE_BOUND('',#7395,.T.);
#7395 = EDGE_LOOP('',(#7396,#7402,#7403,#7409));
#7396 = ORIENTED_EDGE('',*,*,#7397,.F.);
#7397 = EDGE_CURVE('',#7306,#7346,#7398,.T.);
#7398 = LINE('',#7399,#7400);
#7399 = CARTESIAN_POINT('',(270.9125,255.,103.));
#7400 = VECTOR('',#7401,1.);
#7401 = DIRECTION('',(1.,0.,0.));
#7402 = ORIENTED_EDGE('',*,*,#7313,.T.);
#7403 = ORIENTED_EDGE('',*,*,#7404,.T.);
#7404 = EDGE_CURVE('',#7314,#7354,#7405,.T.);
#7405 = LINE('',#7406,#7407);
#7406 = CARTESIAN_POINT('',(270.9125,255.,115.7));
#7407 = VECTOR('',#7408,1.);
#7408 = DIRECTION('',(1.,0.,0.));
#7409 = ORIENTED_EDGE('',*,*,#7353,.F.);
#7410 = PLANE('',#7411);
#7411 = AXIS2_PLACEMENT_3D('',#7412,#7413,#7414);
#7412 = CARTESIAN_POINT('',(270.9125,255.,103.));
#7413 = DIRECTION('',(0.,1.,0.));
#7414 = DIRECTION('',(0.,0.,1.));
#7415 = ADVANCED_FACE('',(#7416),#7422,.F.);
#7416 = FACE_BOUND('',#7417,.F.);
#7417 = EDGE_LOOP('',(#7418,#7419,#7420,#7421));
#7418 = ORIENTED_EDGE('',*,*,#7305,.F.);
#7419 = ORIENTED_EDGE('',*,*,#7375,.T.);
#7420 = ORIENTED_EDGE('',*,*,#7345,.T.);
#7421 = ORIENTED_EDGE('',*,*,#7397,.F.);
#7422 = PLANE('',#7423);
#7423 = AXIS2_PLACEMENT_3D('',#7424,#7425,#7426);
#7424 = CARTESIAN_POINT('',(270.9125,20.,103.));
#7425 = DIRECTION('',(0.,0.,1.));
#7426 = DIRECTION('',(1.,0.,0.));
#7427 = ADVANCED_FACE('',(#7428),#7434,.T.);
#7428 = FACE_BOUND('',#7429,.T.);
#7429 = EDGE_LOOP('',(#7430,#7431,#7432,#7433));
#7430 = ORIENTED_EDGE('',*,*,#7321,.F.);
#7431 = ORIENTED_EDGE('',*,*,#7382,.T.);
#7432 = ORIENTED_EDGE('',*,*,#7361,.T.);
#7433 = ORIENTED_EDGE('',*,*,#7404,.F.);
#7434 = PLANE('',#7435);
#7435 = AXIS2_PLACEMENT_3D('',#7436,#7437,#7438);
#7436 = CARTESIAN_POINT('',(270.9125,20.,115.7));
#7437 = DIRECTION('',(0.,0.,1.));
#7438 = DIRECTION('',(1.,0.,0.));
#7439 = MANIFOLD_SOLID_BREP('',#7440);
#7440 = CLOSED_SHELL('',(#7441,#7481,#7521,#7543,#7565,#7577));
#7441 = ADVANCED_FACE('',(#7442),#7476,.F.);
#7442 = FACE_BOUND('',#7443,.F.);
#7443 = EDGE_LOOP('',(#7444,#7454,#7462,#7470));
#7444 = ORIENTED_EDGE('',*,*,#7445,.F.);
#7445 = EDGE_CURVE('',#7446,#7448,#7450,.T.);
#7446 = VERTEX_POINT('',#7447);
#7447 = CARTESIAN_POINT('',(4.0875,26.7,103.));
#7448 = VERTEX_POINT('',#7449);
#7449 = CARTESIAN_POINT('',(4.0875,26.7,115.7));
#7450 = LINE('',#7451,#7452);
#7451 = CARTESIAN_POINT('',(4.0875,26.7,103.));
#7452 = VECTOR('',#7453,1.);
#7453 = DIRECTION('',(0.,0.,1.));
#7454 = ORIENTED_EDGE('',*,*,#7455,.T.);
#7455 = EDGE_CURVE('',#7446,#7456,#7458,.T.);
#7456 = VERTEX_POINT('',#7457);
#7457 = CARTESIAN_POINT('',(4.0875,39.4,103.));
#7458 = LINE('',#7459,#7460);
#7459 = CARTESIAN_POINT('',(4.0875,26.7,103.));
#7460 = VECTOR('',#7461,1.);
#7461 = DIRECTION('',(0.,1.,0.));
#7462 = ORIENTED_EDGE('',*,*,#7463,.T.);
#7463 = EDGE_CURVE('',#7456,#7464,#7466,.T.);
#7464 = VERTEX_POINT('',#7465);
#7465 = CARTESIAN_POINT('',(4.0875,39.4,115.7));
#7466 = LINE('',#7467,#7468);
#7467 = CARTESIAN_POINT('',(4.0875,39.4,103.));
#7468 = VECTOR('',#7469,1.);
#7469 = DIRECTION('',(0.,0.,1.));
#7470 = ORIENTED_EDGE('',*,*,#7471,.F.);
#7471 = EDGE_CURVE('',#7448,#7464,#7472,.T.);
#7472 = LINE('',#7473,#7474);
#7473 = CARTESIAN_POINT('',(4.0875,26.7,115.7));
#7474 = VECTOR('',#7475,1.);
#7475 = DIRECTION('',(0.,1.,0.));
#7476 = PLANE('',#7477);
#7477 = AXIS2_PLACEMENT_3D('',#7478,#7479,#7480);
#7478 = CARTESIAN_POINT('',(4.0875,26.7,103.));
#7479 = DIRECTION('',(1.,0.,0.));
#7480 = DIRECTION('',(0.,0.,1.));
#7481 = ADVANCED_FACE('',(#7482),#7516,.T.);
#7482 = FACE_BOUND('',#7483,.T.);
#7483 = EDGE_LOOP('',(#7484,#7494,#7502,#7510));
#7484 = ORIENTED_EDGE('',*,*,#7485,.F.);
#7485 = EDGE_CURVE('',#7486,#7488,#7490,.T.);
#7486 = VERTEX_POINT('',#7487);
#7487 = CARTESIAN_POINT('',(5.675,26.7,103.));
#7488 = VERTEX_POINT('',#7489);
#7489 = CARTESIAN_POINT('',(5.675,26.7,115.7));
#7490 = LINE('',#7491,#7492);
#7491 = CARTESIAN_POINT('',(5.675,26.7,103.));
#7492 = VECTOR('',#7493,1.);
#7493 = DIRECTION('',(0.,0.,1.));
#7494 = ORIENTED_EDGE('',*,*,#7495,.T.);
#7495 = EDGE_CURVE('',#7486,#7496,#7498,.T.);
#7496 = VERTEX_POINT('',#7497);
#7497 = CARTESIAN_POINT('',(5.675,39.4,103.));
#7498 = LINE('',#7499,#7500);
#7499 = CARTESIAN_POINT('',(5.675,26.7,103.));
#7500 = VECTOR('',#7501,1.);
#7501 = DIRECTION('',(0.,1.,0.));
#7502 = ORIENTED_EDGE('',*,*,#7503,.T.);
#7503 = EDGE_CURVE('',#7496,#7504,#7506,.T.);
#7504 = VERTEX_POINT('',#7505);
#7505 = CARTESIAN_POINT('',(5.675,39.4,115.7));
#7506 = LINE('',#7507,#7508);
#7507 = CARTESIAN_POINT('',(5.675,39.4,103.));
#7508 = VECTOR('',#7509,1.);
#7509 = DIRECTION('',(0.,0.,1.));
#7510 = ORIENTED_EDGE('',*,*,#7511,.F.);
#7511 = EDGE_CURVE('',#7488,#7504,#7512,.T.);
#7512 = LINE('',#7513,#7514);
#7513 = CARTESIAN_POINT('',(5.675,26.7,115.7));
#7514 = VECTOR('',#7515,1.);
#7515 = DIRECTION('',(0.,1.,0.));
#7516 = PLANE('',#7517);
#7517 = AXIS2_PLACEMENT_3D('',#7518,#7519,#7520);
#7518 = CARTESIAN_POINT('',(5.675,26.7,103.));
#7519 = DIRECTION('',(1.,0.,0.));
#7520 = DIRECTION('',(0.,0.,1.));
#7521 = ADVANCED_FACE('',(#7522),#7538,.F.);
#7522 = FACE_BOUND('',#7523,.F.);
#7523 = EDGE_LOOP('',(#7524,#7530,#7531,#7537));
#7524 = ORIENTED_EDGE('',*,*,#7525,.F.);
#7525 = EDGE_CURVE('',#7446,#7486,#7526,.T.);
#7526 = LINE('',#7527,#7528);
#7527 = CARTESIAN_POINT('',(4.0875,26.7,103.));
#7528 = VECTOR('',#7529,1.);
#7529 = DIRECTION('',(1.,0.,0.));
#7530 = ORIENTED_EDGE('',*,*,#7445,.T.);
#7531 = ORIENTED_EDGE('',*,*,#7532,.T.);
#7532 = EDGE_CURVE('',#7448,#7488,#7533,.T.);
#7533 = LINE('',#7534,#7535);
#7534 = CARTESIAN_POINT('',(4.0875,26.7,115.7));
#7535 = VECTOR('',#7536,1.);
#7536 = DIRECTION('',(1.,0.,0.));
#7537 = ORIENTED_EDGE('',*,*,#7485,.F.);
#7538 = PLANE('',#7539);
#7539 = AXIS2_PLACEMENT_3D('',#7540,#7541,#7542);
#7540 = CARTESIAN_POINT('',(4.0875,26.7,103.));
#7541 = DIRECTION('',(0.,1.,0.));
#7542 = DIRECTION('',(0.,0.,1.));
#7543 = ADVANCED_FACE('',(#7544),#7560,.T.);
#7544 = FACE_BOUND('',#7545,.T.);
#7545 = EDGE_LOOP('',(#7546,#7552,#7553,#7559));
#7546 = ORIENTED_EDGE('',*,*,#7547,.F.);
#7547 = EDGE_CURVE('',#7456,#7496,#7548,.T.);
#7548 = LINE('',#7549,#7550);
#7549 = CARTESIAN_POINT('',(4.0875,39.4,103.));
#7550 = VECTOR('',#7551,1.);
#7551 = DIRECTION('',(1.,0.,0.));
#7552 = ORIENTED_EDGE('',*,*,#7463,.T.);
#7553 = ORIENTED_EDGE('',*,*,#7554,.T.);
#7554 = EDGE_CURVE('',#7464,#7504,#7555,.T.);
#7555 = LINE('',#7556,#7557);
#7556 = CARTESIAN_POINT('',(4.0875,39.4,115.7));
#7557 = VECTOR('',#7558,1.);
#7558 = DIRECTION('',(1.,0.,0.));
#7559 = ORIENTED_EDGE('',*,*,#7503,.F.);
#7560 = PLANE('',#7561);
#7561 = AXIS2_PLACEMENT_3D('',#7562,#7563,#7564);
#7562 = CARTESIAN_POINT('',(4.0875,39.4,103.));
#7563 = DIRECTION('',(0.,1.,0.));
#7564 = DIRECTION('',(0.,0.,1.));
#7565 = ADVANCED_FACE('',(#7566),#7572,.F.);
#7566 = FACE_BOUND('',#7567,.F.);
#7567 = EDGE_LOOP('',(#7568,#7569,#7570,#7571));
#7568 = ORIENTED_EDGE('',*,*,#7455,.F.);
#7569 = ORIENTED_EDGE('',*,*,#7525,.T.);
#7570 = ORIENTED_EDGE('',*,*,#7495,.T.);
#7571 = ORIENTED_EDGE('',*,*,#7547,.F.);
#7572 = PLANE('',#7573);
#7573 = AXIS2_PLACEMENT_3D('',#7574,#7575,#7576);
#7574 = CARTESIAN_POINT('',(4.0875,26.7,103.));
#7575 = DIRECTION('',(0.,0.,1.));
#7576 = DIRECTION('',(1.,0.,0.));
#7577 = ADVANCED_FACE('',(#7578),#7584,.T.);
#7578 = FACE_BOUND('',#7579,.T.);
#7579 = EDGE_LOOP('',(#7580,#7581,#7582,#7583));
#7580 = ORIENTED_EDGE('',*,*,#7471,.F.);
#7581 = ORIENTED_EDGE('',*,*,#7532,.T.);
#7582 = ORIENTED_EDGE('',*,*,#7511,.T.);
#7583 = ORIENTED_EDGE('',*,*,#7554,.F.);
#7584 = PLANE('',#7585);
#7585 = AXIS2_PLACEMENT_3D('',#7586,#7587,#7588);
#7586 = CARTESIAN_POINT('',(4.0875,26.7,115.7));
#7587 = DIRECTION('',(0.,0.,1.));
#7588 = DIRECTION('',(1.,0.,0.));
#7589 = MANIFOLD_SOLID_BREP('',#7590);
#7590 = CLOSED_SHELL('',(#7591,#7631,#7671,#7693,#7715,#7727));
#7591 = ADVANCED_FACE('',(#7592),#7626,.F.);
#7592 = FACE_BOUND('',#7593,.F.);
#7593 = EDGE_LOOP('',(#7594,#7604,#7612,#7620));
#7594 = ORIENTED_EDGE('',*,*,#7595,.F.);
#7595 = EDGE_CURVE('',#7596,#7598,#7600,.T.);
#7596 = VERTEX_POINT('',#7597);
#7597 = CARTESIAN_POINT('',(5.675,26.7,103.));
#7598 = VERTEX_POINT('',#7599);
#7599 = CARTESIAN_POINT('',(5.675,26.7,115.7));
#7600 = LINE('',#7601,#7602);
#7601 = CARTESIAN_POINT('',(5.675,26.7,103.));
#7602 = VECTOR('',#7603,1.);
#7603 = DIRECTION('',(0.,0.,1.));
#7604 = ORIENTED_EDGE('',*,*,#7605,.T.);
#7605 = EDGE_CURVE('',#7596,#7606,#7608,.T.);
#7606 = VERTEX_POINT('',#7607);
#7607 = CARTESIAN_POINT('',(5.675,28.2875,103.));
#7608 = LINE('',#7609,#7610);
#7609 = CARTESIAN_POINT('',(5.675,26.7,103.));
#7610 = VECTOR('',#7611,1.);
#7611 = DIRECTION('',(0.,1.,0.));
#7612 = ORIENTED_EDGE('',*,*,#7613,.T.);
#7613 = EDGE_CURVE('',#7606,#7614,#7616,.T.);
#7614 = VERTEX_POINT('',#7615);
#7615 = CARTESIAN_POINT('',(5.675,28.2875,115.7));
#7616 = LINE('',#7617,#7618);
#7617 = CARTESIAN_POINT('',(5.675,28.2875,103.));
#7618 = VECTOR('',#7619,1.);
#7619 = DIRECTION('',(0.,0.,1.));
#7620 = ORIENTED_EDGE('',*,*,#7621,.F.);
#7621 = EDGE_CURVE('',#7598,#7614,#7622,.T.);
#7622 = LINE('',#7623,#7624);
#7623 = CARTESIAN_POINT('',(5.675,26.7,115.7));
#7624 = VECTOR('',#7625,1.);
#7625 = DIRECTION('',(0.,1.,0.));
#7626 = PLANE('',#7627);
#7627 = AXIS2_PLACEMENT_3D('',#7628,#7629,#7630);
#7628 = CARTESIAN_POINT('',(5.675,26.7,103.));
#7629 = DIRECTION('',(1.,0.,0.));
#7630 = DIRECTION('',(0.,0.,1.));
#7631 = ADVANCED_FACE('',(#7632),#7666,.T.);
#7632 = FACE_BOUND('',#7633,.T.);
#7633 = EDGE_LOOP('',(#7634,#7644,#7652,#7660));
#7634 = ORIENTED_EDGE('',*,*,#7635,.F.);
#7635 = EDGE_CURVE('',#7636,#7638,#7640,.T.);
#7636 = VERTEX_POINT('',#7637);
#7637 = CARTESIAN_POINT('',(16.7875,26.7,103.));
#7638 = VERTEX_POINT('',#7639);
#7639 = CARTESIAN_POINT('',(16.7875,26.7,115.7));
#7640 = LINE('',#7641,#7642);
#7641 = CARTESIAN_POINT('',(16.7875,26.7,103.));
#7642 = VECTOR('',#7643,1.);
#7643 = DIRECTION('',(0.,0.,1.));
#7644 = ORIENTED_EDGE('',*,*,#7645,.T.);
#7645 = EDGE_CURVE('',#7636,#7646,#7648,.T.);
#7646 = VERTEX_POINT('',#7647);
#7647 = CARTESIAN_POINT('',(16.7875,28.2875,103.));
#7648 = LINE('',#7649,#7650);
#7649 = CARTESIAN_POINT('',(16.7875,26.7,103.));
#7650 = VECTOR('',#7651,1.);
#7651 = DIRECTION('',(0.,1.,0.));
#7652 = ORIENTED_EDGE('',*,*,#7653,.T.);
#7653 = EDGE_CURVE('',#7646,#7654,#7656,.T.);
#7654 = VERTEX_POINT('',#7655);
#7655 = CARTESIAN_POINT('',(16.7875,28.2875,115.7));
#7656 = LINE('',#7657,#7658);
#7657 = CARTESIAN_POINT('',(16.7875,28.2875,103.));
#7658 = VECTOR('',#7659,1.);
#7659 = DIRECTION('',(0.,0.,1.));
#7660 = ORIENTED_EDGE('',*,*,#7661,.F.);
#7661 = EDGE_CURVE('',#7638,#7654,#7662,.T.);
#7662 = LINE('',#7663,#7664);
#7663 = CARTESIAN_POINT('',(16.7875,26.7,115.7));
#7664 = VECTOR('',#7665,1.);
#7665 = DIRECTION('',(0.,1.,0.));
#7666 = PLANE('',#7667);
#7667 = AXIS2_PLACEMENT_3D('',#7668,#7669,#7670);
#7668 = CARTESIAN_POINT('',(16.7875,26.7,103.));
#7669 = DIRECTION('',(1.,0.,0.));
#7670 = DIRECTION('',(0.,0.,1.));
#7671 = ADVANCED_FACE('',(#7672),#7688,.F.);
#7672 = FACE_BOUND('',#7673,.F.);
#7673 = EDGE_LOOP('',(#7674,#7680,#7681,#7687));
#7674 = ORIENTED_EDGE('',*,*,#7675,.F.);
#7675 = EDGE_CURVE('',#7596,#7636,#7676,.T.);
#7676 = LINE('',#7677,#7678);
#7677 = CARTESIAN_POINT('',(5.675,26.7,103.));
#7678 = VECTOR('',#7679,1.);
#7679 = DIRECTION('',(1.,0.,0.));
#7680 = ORIENTED_EDGE('',*,*,#7595,.T.);
#7681 = ORIENTED_EDGE('',*,*,#7682,.T.);
#7682 = EDGE_CURVE('',#7598,#7638,#7683,.T.);
#7683 = LINE('',#7684,#7685);
#7684 = CARTESIAN_POINT('',(5.675,26.7,115.7));
#7685 = VECTOR('',#7686,1.);
#7686 = DIRECTION('',(1.,0.,0.));
#7687 = ORIENTED_EDGE('',*,*,#7635,.F.);
#7688 = PLANE('',#7689);
#7689 = AXIS2_PLACEMENT_3D('',#7690,#7691,#7692);
#7690 = CARTESIAN_POINT('',(5.675,26.7,103.));
#7691 = DIRECTION('',(0.,1.,0.));
#7692 = DIRECTION('',(0.,0.,1.));
#7693 = ADVANCED_FACE('',(#7694),#7710,.T.);
#7694 = FACE_BOUND('',#7695,.T.);
#7695 = EDGE_LOOP('',(#7696,#7702,#7703,#7709));
#7696 = ORIENTED_EDGE('',*,*,#7697,.F.);
#7697 = EDGE_CURVE('',#7606,#7646,#7698,.T.);
#7698 = LINE('',#7699,#7700);
#7699 = CARTESIAN_POINT('',(5.675,28.2875,103.));
#7700 = VECTOR('',#7701,1.);
#7701 = DIRECTION('',(1.,0.,0.));
#7702 = ORIENTED_EDGE('',*,*,#7613,.T.);
#7703 = ORIENTED_EDGE('',*,*,#7704,.T.);
#7704 = EDGE_CURVE('',#7614,#7654,#7705,.T.);
#7705 = LINE('',#7706,#7707);
#7706 = CARTESIAN_POINT('',(5.675,28.2875,115.7));
#7707 = VECTOR('',#7708,1.);
#7708 = DIRECTION('',(1.,0.,0.));
#7709 = ORIENTED_EDGE('',*,*,#7653,.F.);
#7710 = PLANE('',#7711);
#7711 = AXIS2_PLACEMENT_3D('',#7712,#7713,#7714);
#7712 = CARTESIAN_POINT('',(5.675,28.2875,103.));
#7713 = DIRECTION('',(0.,1.,0.));
#7714 = DIRECTION('',(0.,0.,1.));
#7715 = ADVANCED_FACE('',(#7716),#7722,.F.);
#7716 = FACE_BOUND('',#7717,.F.);
#7717 = EDGE_LOOP('',(#7718,#7719,#7720,#7721));
#7718 = ORIENTED_EDGE('',*,*,#7605,.F.);
#7719 = ORIENTED_EDGE('',*,*,#7675,.T.);
#7720 = ORIENTED_EDGE('',*,*,#7645,.T.);
#7721 = ORIENTED_EDGE('',*,*,#7697,.F.);
#7722 = PLANE('',#7723);
#7723 = AXIS2_PLACEMENT_3D('',#7724,#7725,#7726);
#7724 = CARTESIAN_POINT('',(5.675,26.7,103.));
#7725 = DIRECTION('',(0.,0.,1.));
#7726 = DIRECTION('',(1.,0.,0.));
#7727 = ADVANCED_FACE('',(#7728),#7734,.T.);
#7728 = FACE_BOUND('',#7729,.T.);
#7729 = EDGE_LOOP('',(#7730,#7731,#7732,#7733));
#7730 = ORIENTED_EDGE('',*,*,#7621,.F.);
#7731 = ORIENTED_EDGE('',*,*,#7682,.T.);
#7732 = ORIENTED_EDGE('',*,*,#7661,.T.);
#7733 = ORIENTED_EDGE('',*,*,#7704,.F.);
#7734 = PLANE('',#7735);
#7735 = AXIS2_PLACEMENT_3D('',#7736,#7737,#7738);
#7736 = CARTESIAN_POINT('',(5.675,26.7,115.7));
#7737 = DIRECTION('',(0.,0.,1.));
#7738 = DIRECTION('',(1.,0.,0.));
#7739 = MANIFOLD_SOLID_BREP('',#7740);
#7740 = CLOSED_SHELL('',(#7741,#7781,#7821,#7843,#7865,#7877));
#7741 = ADVANCED_FACE('',(#7742),#7776,.F.);
#7742 = FACE_BOUND('',#7743,.F.);
#7743 = EDGE_LOOP('',(#7744,#7754,#7762,#7770));
#7744 = ORIENTED_EDGE('',*,*,#7745,.F.);
#7745 = EDGE_CURVE('',#7746,#7748,#7750,.T.);
#7746 = VERTEX_POINT('',#7747);
#7747 = CARTESIAN_POINT('',(269.325,26.7,103.));
#7748 = VERTEX_POINT('',#7749);
#7749 = CARTESIAN_POINT('',(269.325,26.7,115.7));
#7750 = LINE('',#7751,#7752);
#7751 = CARTESIAN_POINT('',(269.325,26.7,103.));
#7752 = VECTOR('',#7753,1.);
#7753 = DIRECTION('',(0.,0.,1.));
#7754 = ORIENTED_EDGE('',*,*,#7755,.T.);
#7755 = EDGE_CURVE('',#7746,#7756,#7758,.T.);
#7756 = VERTEX_POINT('',#7757);
#7757 = CARTESIAN_POINT('',(269.325,39.4,103.));
#7758 = LINE('',#7759,#7760);
#7759 = CARTESIAN_POINT('',(269.325,26.7,103.));
#7760 = VECTOR('',#7761,1.);
#7761 = DIRECTION('',(0.,1.,0.));
#7762 = ORIENTED_EDGE('',*,*,#7763,.T.);
#7763 = EDGE_CURVE('',#7756,#7764,#7766,.T.);
#7764 = VERTEX_POINT('',#7765);
#7765 = CARTESIAN_POINT('',(269.325,39.4,115.7));
#7766 = LINE('',#7767,#7768);
#7767 = CARTESIAN_POINT('',(269.325,39.4,103.));
#7768 = VECTOR('',#7769,1.);
#7769 = DIRECTION('',(0.,0.,1.));
#7770 = ORIENTED_EDGE('',*,*,#7771,.F.);
#7771 = EDGE_CURVE('',#7748,#7764,#7772,.T.);
#7772 = LINE('',#7773,#7774);
#7773 = CARTESIAN_POINT('',(269.325,26.7,115.7));
#7774 = VECTOR('',#7775,1.);
#7775 = DIRECTION('',(0.,1.,0.));
#7776 = PLANE('',#7777);
#7777 = AXIS2_PLACEMENT_3D('',#7778,#7779,#7780);
#7778 = CARTESIAN_POINT('',(269.325,26.7,103.));
#7779 = DIRECTION('',(1.,0.,0.));
#7780 = DIRECTION('',(0.,0.,1.));
#7781 = ADVANCED_FACE('',(#7782),#7816,.T.);
#7782 = FACE_BOUND('',#7783,.T.);
#7783 = EDGE_LOOP('',(#7784,#7794,#7802,#7810));
#7784 = ORIENTED_EDGE('',*,*,#7785,.F.);
#7785 = EDGE_CURVE('',#7786,#7788,#7790,.T.);
#7786 = VERTEX_POINT('',#7787);
#7787 = CARTESIAN_POINT('',(270.9125,26.7,103.));
#7788 = VERTEX_POINT('',#7789);
#7789 = CARTESIAN_POINT('',(270.9125,26.7,115.7));
#7790 = LINE('',#7791,#7792);
#7791 = CARTESIAN_POINT('',(270.9125,26.7,103.));
#7792 = VECTOR('',#7793,1.);
#7793 = DIRECTION('',(0.,0.,1.));
#7794 = ORIENTED_EDGE('',*,*,#7795,.T.);
#7795 = EDGE_CURVE('',#7786,#7796,#7798,.T.);
#7796 = VERTEX_POINT('',#7797);
#7797 = CARTESIAN_POINT('',(270.9125,39.4,103.));
#7798 = LINE('',#7799,#7800);
#7799 = CARTESIAN_POINT('',(270.9125,26.7,103.));
#7800 = VECTOR('',#7801,1.);
#7801 = DIRECTION('',(0.,1.,0.));
#7802 = ORIENTED_EDGE('',*,*,#7803,.T.);
#7803 = EDGE_CURVE('',#7796,#7804,#7806,.T.);
#7804 = VERTEX_POINT('',#7805);
#7805 = CARTESIAN_POINT('',(270.9125,39.4,115.7));
#7806 = LINE('',#7807,#7808);
#7807 = CARTESIAN_POINT('',(270.9125,39.4,103.));
#7808 = VECTOR('',#7809,1.);
#7809 = DIRECTION('',(0.,0.,1.));
#7810 = ORIENTED_EDGE('',*,*,#7811,.F.);
#7811 = EDGE_CURVE('',#7788,#7804,#7812,.T.);
#7812 = LINE('',#7813,#7814);
#7813 = CARTESIAN_POINT('',(270.9125,26.7,115.7));
#7814 = VECTOR('',#7815,1.);
#7815 = DIRECTION('',(0.,1.,0.));
#7816 = PLANE('',#7817);
#7817 = AXIS2_PLACEMENT_3D('',#7818,#7819,#7820);
#7818 = CARTESIAN_POINT('',(270.9125,26.7,103.));
#7819 = DIRECTION('',(1.,0.,0.));
#7820 = DIRECTION('',(0.,0.,1.));
#7821 = ADVANCED_FACE('',(#7822),#7838,.F.);
#7822 = FACE_BOUND('',#7823,.F.);
#7823 = EDGE_LOOP('',(#7824,#7830,#7831,#7837));
#7824 = ORIENTED_EDGE('',*,*,#7825,.F.);
#7825 = EDGE_CURVE('',#7746,#7786,#7826,.T.);
#7826 = LINE('',#7827,#7828);
#7827 = CARTESIAN_POINT('',(269.325,26.7,103.));
#7828 = VECTOR('',#7829,1.);
#7829 = DIRECTION('',(1.,0.,0.));
#7830 = ORIENTED_EDGE('',*,*,#7745,.T.);
#7831 = ORIENTED_EDGE('',*,*,#7832,.T.);
#7832 = EDGE_CURVE('',#7748,#7788,#7833,.T.);
#7833 = LINE('',#7834,#7835);
#7834 = CARTESIAN_POINT('',(269.325,26.7,115.7));
#7835 = VECTOR('',#7836,1.);
#7836 = DIRECTION('',(1.,0.,0.));
#7837 = ORIENTED_EDGE('',*,*,#7785,.F.);
#7838 = PLANE('',#7839);
#7839 = AXIS2_PLACEMENT_3D('',#7840,#7841,#7842);
#7840 = CARTESIAN_POINT('',(269.325,26.7,103.));
#7841 = DIRECTION('',(0.,1.,0.));
#7842 = DIRECTION('',(0.,0.,1.));
#7843 = ADVANCED_FACE('',(#7844),#7860,.T.);
#7844 = FACE_BOUND('',#7845,.T.);
#7845 = EDGE_LOOP('',(#7846,#7852,#7853,#7859));
#7846 = ORIENTED_EDGE('',*,*,#7847,.F.);
#7847 = EDGE_CURVE('',#7756,#7796,#7848,.T.);
#7848 = LINE('',#7849,#7850);
#7849 = CARTESIAN_POINT('',(269.325,39.4,103.));
#7850 = VECTOR('',#7851,1.);
#7851 = DIRECTION('',(1.,0.,0.));
#7852 = ORIENTED_EDGE('',*,*,#7763,.T.);
#7853 = ORIENTED_EDGE('',*,*,#7854,.T.);
#7854 = EDGE_CURVE('',#7764,#7804,#7855,.T.);
#7855 = LINE('',#7856,#7857);
#7856 = CARTESIAN_POINT('',(269.325,39.4,115.7));
#7857 = VECTOR('',#7858,1.);
#7858 = DIRECTION('',(1.,0.,0.));
#7859 = ORIENTED_EDGE('',*,*,#7803,.F.);
#7860 = PLANE('',#7861);
#7861 = AXIS2_PLACEMENT_3D('',#7862,#7863,#7864);
#7862 = CARTESIAN_POINT('',(269.325,39.4,103.));
#7863 = DIRECTION('',(0.,1.,0.));
#7864 = DIRECTION('',(0.,0.,1.));
#7865 = ADVANCED_FACE('',(#7866),#7872,.F.);
#7866 = FACE_BOUND('',#7867,.F.);
#7867 = EDGE_LOOP('',(#7868,#7869,#7870,#7871));
#7868 = ORIENTED_EDGE('',*,*,#7755,.F.);
#7869 = ORIENTED_EDGE('',*,*,#7825,.T.);
#7870 = ORIENTED_EDGE('',*,*,#7795,.T.);
#7871 = ORIENTED_EDGE('',*,*,#7847,.F.);
#7872 = PLANE('',#7873);
#7873 = AXIS2_PLACEMENT_3D('',#7874,#7875,#7876);
#7874 = CARTESIAN_POINT('',(269.325,26.7,103.));
#7875 = DIRECTION('',(0.,0.,1.));
#7876 = DIRECTION('',(1.,0.,0.));
#7877 = ADVANCED_FACE('',(#7878),#7884,.T.);
#7878 = FACE_BOUND('',#7879,.T.);
#7879 = EDGE_LOOP('',(#7880,#7881,#7882,#7883));
#7880 = ORIENTED_EDGE('',*,*,#7771,.F.);
#7881 = ORIENTED_EDGE('',*,*,#7832,.T.);
#7882 = ORIENTED_EDGE('',*,*,#7811,.T.);
#7883 = ORIENTED_EDGE('',*,*,#7854,.F.);
#7884 = PLANE('',#7885);
#7885 = AXIS2_PLACEMENT_3D('',#7886,#7887,#7888);
#7886 = CARTESIAN_POINT('',(269.325,26.7,115.7));
#7887 = DIRECTION('',(0.,0.,1.));
#7888 = DIRECTION('',(1.,0.,0.));
#7889 = MANIFOLD_SOLID_BREP('',#7890);
#7890 = CLOSED_SHELL('',(#7891,#7931,#7971,#7993,#8015,#8027));
#7891 = ADVANCED_FACE('',(#7892),#7926,.F.);
#7892 = FACE_BOUND('',#7893,.F.);
#7893 = EDGE_LOOP('',(#7894,#7904,#7912,#7920));
#7894 = ORIENTED_EDGE('',*,*,#7895,.F.);
#7895 = EDGE_CURVE('',#7896,#7898,#7900,.T.);
#7896 = VERTEX_POINT('',#7897);
#7897 = CARTESIAN_POINT('',(258.2125,26.7,103.));
#7898 = VERTEX_POINT('',#7899);
#7899 = CARTESIAN_POINT('',(258.2125,26.7,115.7));
#7900 = LINE('',#7901,#7902);
#7901 = CARTESIAN_POINT('',(258.2125,26.7,103.));
#7902 = VECTOR('',#7903,1.);
#7903 = DIRECTION('',(0.,0.,1.));
#7904 = ORIENTED_EDGE('',*,*,#7905,.T.);
#7905 = EDGE_CURVE('',#7896,#7906,#7908,.T.);
#7906 = VERTEX_POINT('',#7907);
#7907 = CARTESIAN_POINT('',(258.2125,28.2875,103.));
#7908 = LINE('',#7909,#7910);
#7909 = CARTESIAN_POINT('',(258.2125,26.7,103.));
#7910 = VECTOR('',#7911,1.);
#7911 = DIRECTION('',(0.,1.,0.));
#7912 = ORIENTED_EDGE('',*,*,#7913,.T.);
#7913 = EDGE_CURVE('',#7906,#7914,#7916,.T.);
#7914 = VERTEX_POINT('',#7915);
#7915 = CARTESIAN_POINT('',(258.2125,28.2875,115.7));
#7916 = LINE('',#7917,#7918);
#7917 = CARTESIAN_POINT('',(258.2125,28.2875,103.));
#7918 = VECTOR('',#7919,1.);
#7919 = DIRECTION('',(0.,0.,1.));
#7920 = ORIENTED_EDGE('',*,*,#7921,.F.);
#7921 = EDGE_CURVE('',#7898,#7914,#7922,.T.);
#7922 = LINE('',#7923,#7924);
#7923 = CARTESIAN_POINT('',(258.2125,26.7,115.7));
#7924 = VECTOR('',#7925,1.);
#7925 = DIRECTION('',(0.,1.,0.));
#7926 = PLANE('',#7927);
#7927 = AXIS2_PLACEMENT_3D('',#7928,#7929,#7930);
#7928 = CARTESIAN_POINT('',(258.2125,26.7,103.));
#7929 = DIRECTION('',(1.,0.,0.));
#7930 = DIRECTION('',(0.,0.,1.));
#7931 = ADVANCED_FACE('',(#7932),#7966,.T.);
#7932 = FACE_BOUND('',#7933,.T.);
#7933 = EDGE_LOOP('',(#7934,#7944,#7952,#7960));
#7934 = ORIENTED_EDGE('',*,*,#7935,.F.);
#7935 = EDGE_CURVE('',#7936,#7938,#7940,.T.);
#7936 = VERTEX_POINT('',#7937);
#7937 = CARTESIAN_POINT('',(269.325,26.7,103.));
#7938 = VERTEX_POINT('',#7939);
#7939 = CARTESIAN_POINT('',(269.325,26.7,115.7));
#7940 = LINE('',#7941,#7942);
#7941 = CARTESIAN_POINT('',(269.325,26.7,103.));
#7942 = VECTOR('',#7943,1.);
#7943 = DIRECTION('',(0.,0.,1.));
#7944 = ORIENTED_EDGE('',*,*,#7945,.T.);
#7945 = EDGE_CURVE('',#7936,#7946,#7948,.T.);
#7946 = VERTEX_POINT('',#7947);
#7947 = CARTESIAN_POINT('',(269.325,28.2875,103.));
#7948 = LINE('',#7949,#7950);
#7949 = CARTESIAN_POINT('',(269.325,26.7,103.));
#7950 = VECTOR('',#7951,1.);
#7951 = DIRECTION('',(0.,1.,0.));
#7952 = ORIENTED_EDGE('',*,*,#7953,.T.);
#7953 = EDGE_CURVE('',#7946,#7954,#7956,.T.);
#7954 = VERTEX_POINT('',#7955);
#7955 = CARTESIAN_POINT('',(269.325,28.2875,115.7));
#7956 = LINE('',#7957,#7958);
#7957 = CARTESIAN_POINT('',(269.325,28.2875,103.));
#7958 = VECTOR('',#7959,1.);
#7959 = DIRECTION('',(0.,0.,1.));
#7960 = ORIENTED_EDGE('',*,*,#7961,.F.);
#7961 = EDGE_CURVE('',#7938,#7954,#7962,.T.);
#7962 = LINE('',#7963,#7964);
#7963 = CARTESIAN_POINT('',(269.325,26.7,115.7));
#7964 = VECTOR('',#7965,1.);
#7965 = DIRECTION('',(0.,1.,0.));
#7966 = PLANE('',#7967);
#7967 = AXIS2_PLACEMENT_3D('',#7968,#7969,#7970);
#7968 = CARTESIAN_POINT('',(269.325,26.7,103.));
#7969 = DIRECTION('',(1.,0.,0.));
#7970 = DIRECTION('',(0.,0.,1.));
#7971 = ADVANCED_FACE('',(#7972),#7988,.F.);
#7972 = FACE_BOUND('',#7973,.F.);
#7973 = EDGE_LOOP('',(#7974,#7980,#7981,#7987));
#7974 = ORIENTED_EDGE('',*,*,#7975,.F.);
#7975 = EDGE_CURVE('',#7896,#7936,#7976,.T.);
#7976 = LINE('',#7977,#7978);
#7977 = CARTESIAN_POINT('',(258.2125,26.7,103.));
#7978 = VECTOR('',#7979,1.);
#7979 = DIRECTION('',(1.,0.,0.));
#7980 = ORIENTED_EDGE('',*,*,#7895,.T.);
#7981 = ORIENTED_EDGE('',*,*,#7982,.T.);
#7982 = EDGE_CURVE('',#7898,#7938,#7983,.T.);
#7983 = LINE('',#7984,#7985);
#7984 = CARTESIAN_POINT('',(258.2125,26.7,115.7));
#7985 = VECTOR('',#7986,1.);
#7986 = DIRECTION('',(1.,0.,0.));
#7987 = ORIENTED_EDGE('',*,*,#7935,.F.);
#7988 = PLANE('',#7989);
#7989 = AXIS2_PLACEMENT_3D('',#7990,#7991,#7992);
#7990 = CARTESIAN_POINT('',(258.2125,26.7,103.));
#7991 = DIRECTION('',(0.,1.,0.));
#7992 = DIRECTION('',(0.,0.,1.));
#7993 = ADVANCED_FACE('',(#7994),#8010,.T.);
#7994 = FACE_BOUND('',#7995,.T.);
#7995 = EDGE_LOOP('',(#7996,#8002,#8003,#8009));
#7996 = ORIENTED_EDGE('',*,*,#7997,.F.);
#7997 = EDGE_CURVE('',#7906,#7946,#7998,.T.);
#7998 = LINE('',#7999,#8000);
#7999 = CARTESIAN_POINT('',(258.2125,28.2875,103.));
#8000 = VECTOR('',#8001,1.);
#8001 = DIRECTION('',(1.,0.,0.));
#8002 = ORIENTED_EDGE('',*,*,#7913,.T.);
#8003 = ORIENTED_EDGE('',*,*,#8004,.T.);
#8004 = EDGE_CURVE('',#7914,#7954,#8005,.T.);
#8005 = LINE('',#8006,#8007);
#8006 = CARTESIAN_POINT('',(258.2125,28.2875,115.7));
#8007 = VECTOR('',#8008,1.);
#8008 = DIRECTION('',(1.,0.,0.));
#8009 = ORIENTED_EDGE('',*,*,#7953,.F.);
#8010 = PLANE('',#8011);
#8011 = AXIS2_PLACEMENT_3D('',#8012,#8013,#8014);
#8012 = CARTESIAN_POINT('',(258.2125,28.2875,103.));
#8013 = DIRECTION('',(0.,1.,0.));
#8014 = DIRECTION('',(0.,0.,1.));
#8015 = ADVANCED_FACE('',(#8016),#8022,.F.);
#8016 = FACE_BOUND('',#8017,.F.);
#8017 = EDGE_LOOP('',(#8018,#8019,#8020,#8021));
#8018 = ORIENTED_EDGE('',*,*,#7905,.F.);
#8019 = ORIENTED_EDGE('',*,*,#7975,.T.);
#8020 = ORIENTED_EDGE('',*,*,#7945,.T.);
#8021 = ORIENTED_EDGE('',*,*,#7997,.F.);
#8022 = PLANE('',#8023);
#8023 = AXIS2_PLACEMENT_3D('',#8024,#8025,#8026);
#8024 = CARTESIAN_POINT('',(258.2125,26.7,103.));
#8025 = DIRECTION('',(0.,0.,1.));
#8026 = DIRECTION('',(1.,0.,0.));
#8027 = ADVANCED_FACE('',(#8028),#8034,.T.);
#8028 = FACE_BOUND('',#8029,.T.);
#8029 = EDGE_LOOP('',(#8030,#8031,#8032,#8033));
#8030 = ORIENTED_EDGE('',*,*,#7921,.F.);
#8031 = ORIENTED_EDGE('',*,*,#7982,.T.);
#8032 = ORIENTED_EDGE('',*,*,#7961,.T.);
#8033 = ORIENTED_EDGE('',*,*,#8004,.F.);
#8034 = PLANE('',#8035);
#8035 = AXIS2_PLACEMENT_3D('',#8036,#8037,#8038);
#8036 = CARTESIAN_POINT('',(258.2125,26.7,115.7));
#8037 = DIRECTION('',(0.,0.,1.));
#8038 = DIRECTION('',(1.,0.,0.));
#8039 = MANIFOLD_SOLID_BREP('',#8040);
#8040 = CLOSED_SHELL('',(#8041,#8081,#8121,#8143,#8165,#8177));
#8041 = ADVANCED_FACE('',(#8042),#8076,.F.);
#8042 = FACE_BOUND('',#8043,.F.);
#8043 = EDGE_LOOP('',(#8044,#8054,#8062,#8070));
#8044 = ORIENTED_EDGE('',*,*,#8045,.F.);
#8045 = EDGE_CURVE('',#8046,#8048,#8050,.T.);
#8046 = VERTEX_POINT('',#8047);
#8047 = CARTESIAN_POINT('',(4.0875,235.6,103.));
#8048 = VERTEX_POINT('',#8049);
#8049 = CARTESIAN_POINT('',(4.0875,235.6,115.7));
#8050 = LINE('',#8051,#8052);
#8051 = CARTESIAN_POINT('',(4.0875,235.6,103.));
#8052 = VECTOR('',#8053,1.);
#8053 = DIRECTION('',(0.,0.,1.));
#8054 = ORIENTED_EDGE('',*,*,#8055,.T.);
#8055 = EDGE_CURVE('',#8046,#8056,#8058,.T.);
#8056 = VERTEX_POINT('',#8057);
#8057 = CARTESIAN_POINT('',(4.0875,248.3,103.));
#8058 = LINE('',#8059,#8060);
#8059 = CARTESIAN_POINT('',(4.0875,235.6,103.));
#8060 = VECTOR('',#8061,1.);
#8061 = DIRECTION('',(0.,1.,0.));
#8062 = ORIENTED_EDGE('',*,*,#8063,.T.);
#8063 = EDGE_CURVE('',#8056,#8064,#8066,.T.);
#8064 = VERTEX_POINT('',#8065);
#8065 = CARTESIAN_POINT('',(4.0875,248.3,115.7));
#8066 = LINE('',#8067,#8068);
#8067 = CARTESIAN_POINT('',(4.0875,248.3,103.));
#8068 = VECTOR('',#8069,1.);
#8069 = DIRECTION('',(0.,0.,1.));
#8070 = ORIENTED_EDGE('',*,*,#8071,.F.);
#8071 = EDGE_CURVE('',#8048,#8064,#8072,.T.);
#8072 = LINE('',#8073,#8074);
#8073 = CARTESIAN_POINT('',(4.0875,235.6,115.7));
#8074 = VECTOR('',#8075,1.);
#8075 = DIRECTION('',(0.,1.,0.));
#8076 = PLANE('',#8077);
#8077 = AXIS2_PLACEMENT_3D('',#8078,#8079,#8080);
#8078 = CARTESIAN_POINT('',(4.0875,235.6,103.));
#8079 = DIRECTION('',(1.,0.,0.));
#8080 = DIRECTION('',(0.,0.,1.));
#8081 = ADVANCED_FACE('',(#8082),#8116,.T.);
#8082 = FACE_BOUND('',#8083,.T.);
#8083 = EDGE_LOOP('',(#8084,#8094,#8102,#8110));
#8084 = ORIENTED_EDGE('',*,*,#8085,.F.);
#8085 = EDGE_CURVE('',#8086,#8088,#8090,.T.);
#8086 = VERTEX_POINT('',#8087);
#8087 = CARTESIAN_POINT('',(5.675,235.6,103.));
#8088 = VERTEX_POINT('',#8089);
#8089 = CARTESIAN_POINT('',(5.675,235.6,115.7));
#8090 = LINE('',#8091,#8092);
#8091 = CARTESIAN_POINT('',(5.675,235.6,103.));
#8092 = VECTOR('',#8093,1.);
#8093 = DIRECTION('',(0.,0.,1.));
#8094 = ORIENTED_EDGE('',*,*,#8095,.T.);
#8095 = EDGE_CURVE('',#8086,#8096,#8098,.T.);
#8096 = VERTEX_POINT('',#8097);
#8097 = CARTESIAN_POINT('',(5.675,248.3,103.));
#8098 = LINE('',#8099,#8100);
#8099 = CARTESIAN_POINT('',(5.675,235.6,103.));
#8100 = VECTOR('',#8101,1.);
#8101 = DIRECTION('',(0.,1.,0.));
#8102 = ORIENTED_EDGE('',*,*,#8103,.T.);
#8103 = EDGE_CURVE('',#8096,#8104,#8106,.T.);
#8104 = VERTEX_POINT('',#8105);
#8105 = CARTESIAN_POINT('',(5.675,248.3,115.7));
#8106 = LINE('',#8107,#8108);
#8107 = CARTESIAN_POINT('',(5.675,248.3,103.));
#8108 = VECTOR('',#8109,1.);
#8109 = DIRECTION('',(0.,0.,1.));
#8110 = ORIENTED_EDGE('',*,*,#8111,.F.);
#8111 = EDGE_CURVE('',#8088,#8104,#8112,.T.);
#8112 = LINE('',#8113,#8114);
#8113 = CARTESIAN_POINT('',(5.675,235.6,115.7));
#8114 = VECTOR('',#8115,1.);
#8115 = DIRECTION('',(0.,1.,0.));
#8116 = PLANE('',#8117);
#8117 = AXIS2_PLACEMENT_3D('',#8118,#8119,#8120);
#8118 = CARTESIAN_POINT('',(5.675,235.6,103.));
#8119 = DIRECTION('',(1.,0.,0.));
#8120 = DIRECTION('',(0.,0.,1.));
#8121 = ADVANCED_FACE('',(#8122),#8138,.F.);
#8122 = FACE_BOUND('',#8123,.F.);
#8123 = EDGE_LOOP('',(#8124,#8130,#8131,#8137));
#8124 = ORIENTED_EDGE('',*,*,#8125,.F.);
#8125 = EDGE_CURVE('',#8046,#8086,#8126,.T.);
#8126 = LINE('',#8127,#8128);
#8127 = CARTESIAN_POINT('',(4.0875,235.6,103.));
#8128 = VECTOR('',#8129,1.);
#8129 = DIRECTION('',(1.,0.,0.));
#8130 = ORIENTED_EDGE('',*,*,#8045,.T.);
#8131 = ORIENTED_EDGE('',*,*,#8132,.T.);
#8132 = EDGE_CURVE('',#8048,#8088,#8133,.T.);
#8133 = LINE('',#8134,#8135);
#8134 = CARTESIAN_POINT('',(4.0875,235.6,115.7));
#8135 = VECTOR('',#8136,1.);
#8136 = DIRECTION('',(1.,0.,0.));
#8137 = ORIENTED_EDGE('',*,*,#8085,.F.);
#8138 = PLANE('',#8139);
#8139 = AXIS2_PLACEMENT_3D('',#8140,#8141,#8142);
#8140 = CARTESIAN_POINT('',(4.0875,235.6,103.));
#8141 = DIRECTION('',(0.,1.,0.));
#8142 = DIRECTION('',(0.,0.,1.));
#8143 = ADVANCED_FACE('',(#8144),#8160,.T.);
#8144 = FACE_BOUND('',#8145,.T.);
#8145 = EDGE_LOOP('',(#8146,#8152,#8153,#8159));
#8146 = ORIENTED_EDGE('',*,*,#8147,.F.);
#8147 = EDGE_CURVE('',#8056,#8096,#8148,.T.);
#8148 = LINE('',#8149,#8150);
#8149 = CARTESIAN_POINT('',(4.0875,248.3,103.));
#8150 = VECTOR('',#8151,1.);
#8151 = DIRECTION('',(1.,0.,0.));
#8152 = ORIENTED_EDGE('',*,*,#8063,.T.);
#8153 = ORIENTED_EDGE('',*,*,#8154,.T.);
#8154 = EDGE_CURVE('',#8064,#8104,#8155,.T.);
#8155 = LINE('',#8156,#8157);
#8156 = CARTESIAN_POINT('',(4.0875,248.3,115.7));
#8157 = VECTOR('',#8158,1.);
#8158 = DIRECTION('',(1.,0.,0.));
#8159 = ORIENTED_EDGE('',*,*,#8103,.F.);
#8160 = PLANE('',#8161);
#8161 = AXIS2_PLACEMENT_3D('',#8162,#8163,#8164);
#8162 = CARTESIAN_POINT('',(4.0875,248.3,103.));
#8163 = DIRECTION('',(0.,1.,0.));
#8164 = DIRECTION('',(0.,0.,1.));
#8165 = ADVANCED_FACE('',(#8166),#8172,.F.);
#8166 = FACE_BOUND('',#8167,.F.);
#8167 = EDGE_LOOP('',(#8168,#8169,#8170,#8171));
#8168 = ORIENTED_EDGE('',*,*,#8055,.F.);
#8169 = ORIENTED_EDGE('',*,*,#8125,.T.);
#8170 = ORIENTED_EDGE('',*,*,#8095,.T.);
#8171 = ORIENTED_EDGE('',*,*,#8147,.F.);
#8172 = PLANE('',#8173);
#8173 = AXIS2_PLACEMENT_3D('',#8174,#8175,#8176);
#8174 = CARTESIAN_POINT('',(4.0875,235.6,103.));
#8175 = DIRECTION('',(0.,0.,1.));
#8176 = DIRECTION('',(1.,0.,0.));
#8177 = ADVANCED_FACE('',(#8178),#8184,.T.);
#8178 = FACE_BOUND('',#8179,.T.);
#8179 = EDGE_LOOP('',(#8180,#8181,#8182,#8183));
#8180 = ORIENTED_EDGE('',*,*,#8071,.F.);
#8181 = ORIENTED_EDGE('',*,*,#8132,.T.);
#8182 = ORIENTED_EDGE('',*,*,#8111,.T.);
#8183 = ORIENTED_EDGE('',*,*,#8154,.F.);
#8184 = PLANE('',#8185);
#8185 = AXIS2_PLACEMENT_3D('',#8186,#8187,#8188);
#8186 = CARTESIAN_POINT('',(4.0875,235.6,115.7));
#8187 = DIRECTION('',(0.,0.,1.));
#8188 = DIRECTION('',(1.,0.,0.));
#8189 = MANIFOLD_SOLID_BREP('',#8190);
#8190 = CLOSED_SHELL('',(#8191,#8231,#8271,#8293,#8315,#8327));
#8191 = ADVANCED_FACE('',(#8192),#8226,.F.);
#8192 = FACE_BOUND('',#8193,.F.);
#8193 = EDGE_LOOP('',(#8194,#8204,#8212,#8220));
#8194 = ORIENTED_EDGE('',*,*,#8195,.F.);
#8195 = EDGE_CURVE('',#8196,#8198,#8200,.T.);
#8196 = VERTEX_POINT('',#8197);
#8197 = CARTESIAN_POINT('',(5.675,246.7125,103.));
#8198 = VERTEX_POINT('',#8199);
#8199 = CARTESIAN_POINT('',(5.675,246.7125,115.7));
#8200 = LINE('',#8201,#8202);
#8201 = CARTESIAN_POINT('',(5.675,246.7125,103.));
#8202 = VECTOR('',#8203,1.);
#8203 = DIRECTION('',(0.,0.,1.));
#8204 = ORIENTED_EDGE('',*,*,#8205,.T.);
#8205 = EDGE_CURVE('',#8196,#8206,#8208,.T.);
#8206 = VERTEX_POINT('',#8207);
#8207 = CARTESIAN_POINT('',(5.675,248.3,103.));
#8208 = LINE('',#8209,#8210);
#8209 = CARTESIAN_POINT('',(5.675,246.7125,103.));
#8210 = VECTOR('',#8211,1.);
#8211 = DIRECTION('',(0.,1.,0.));
#8212 = ORIENTED_EDGE('',*,*,#8213,.T.);
#8213 = EDGE_CURVE('',#8206,#8214,#8216,.T.);
#8214 = VERTEX_POINT('',#8215);
#8215 = CARTESIAN_POINT('',(5.675,248.3,115.7));
#8216 = LINE('',#8217,#8218);
#8217 = CARTESIAN_POINT('',(5.675,248.3,103.));
#8218 = VECTOR('',#8219,1.);
#8219 = DIRECTION('',(0.,0.,1.));
#8220 = ORIENTED_EDGE('',*,*,#8221,.F.);
#8221 = EDGE_CURVE('',#8198,#8214,#8222,.T.);
#8222 = LINE('',#8223,#8224);
#8223 = CARTESIAN_POINT('',(5.675,246.7125,115.7));
#8224 = VECTOR('',#8225,1.);
#8225 = DIRECTION('',(0.,1.,0.));
#8226 = PLANE('',#8227);
#8227 = AXIS2_PLACEMENT_3D('',#8228,#8229,#8230);
#8228 = CARTESIAN_POINT('',(5.675,246.7125,103.));
#8229 = DIRECTION('',(1.,0.,0.));
#8230 = DIRECTION('',(0.,0.,1.));
#8231 = ADVANCED_FACE('',(#8232),#8266,.T.);
#8232 = FACE_BOUND('',#8233,.T.);
#8233 = EDGE_LOOP('',(#8234,#8244,#8252,#8260));
#8234 = ORIENTED_EDGE('',*,*,#8235,.F.);
#8235 = EDGE_CURVE('',#8236,#8238,#8240,.T.);
#8236 = VERTEX_POINT('',#8237);
#8237 = CARTESIAN_POINT('',(16.7875,246.7125,103.));
#8238 = VERTEX_POINT('',#8239);
#8239 = CARTESIAN_POINT('',(16.7875,246.7125,115.7));
#8240 = LINE('',#8241,#8242);
#8241 = CARTESIAN_POINT('',(16.7875,246.7125,103.));
#8242 = VECTOR('',#8243,1.);
#8243 = DIRECTION('',(0.,0.,1.));
#8244 = ORIENTED_EDGE('',*,*,#8245,.T.);
#8245 = EDGE_CURVE('',#8236,#8246,#8248,.T.);
#8246 = VERTEX_POINT('',#8247);
#8247 = CARTESIAN_POINT('',(16.7875,248.3,103.));
#8248 = LINE('',#8249,#8250);
#8249 = CARTESIAN_POINT('',(16.7875,246.7125,103.));
#8250 = VECTOR('',#8251,1.);
#8251 = DIRECTION('',(0.,1.,0.));
#8252 = ORIENTED_EDGE('',*,*,#8253,.T.);
#8253 = EDGE_CURVE('',#8246,#8254,#8256,.T.);
#8254 = VERTEX_POINT('',#8255);
#8255 = CARTESIAN_POINT('',(16.7875,248.3,115.7));
#8256 = LINE('',#8257,#8258);
#8257 = CARTESIAN_POINT('',(16.7875,248.3,103.));
#8258 = VECTOR('',#8259,1.);
#8259 = DIRECTION('',(0.,0.,1.));
#8260 = ORIENTED_EDGE('',*,*,#8261,.F.);
#8261 = EDGE_CURVE('',#8238,#8254,#8262,.T.);
#8262 = LINE('',#8263,#8264);
#8263 = CARTESIAN_POINT('',(16.7875,246.7125,115.7));
#8264 = VECTOR('',#8265,1.);
#8265 = DIRECTION('',(0.,1.,0.));
#8266 = PLANE('',#8267);
#8267 = AXIS2_PLACEMENT_3D('',#8268,#8269,#8270);
#8268 = CARTESIAN_POINT('',(16.7875,246.7125,103.));
#8269 = DIRECTION('',(1.,0.,0.));
#8270 = DIRECTION('',(0.,0.,1.));
#8271 = ADVANCED_FACE('',(#8272),#8288,.F.);
#8272 = FACE_BOUND('',#8273,.F.);
#8273 = EDGE_LOOP('',(#8274,#8280,#8281,#8287));
#8274 = ORIENTED_EDGE('',*,*,#8275,.F.);
#8275 = EDGE_CURVE('',#8196,#8236,#8276,.T.);
#8276 = LINE('',#8277,#8278);
#8277 = CARTESIAN_POINT('',(5.675,246.7125,103.));
#8278 = VECTOR('',#8279,1.);
#8279 = DIRECTION('',(1.,0.,0.));
#8280 = ORIENTED_EDGE('',*,*,#8195,.T.);
#8281 = ORIENTED_EDGE('',*,*,#8282,.T.);
#8282 = EDGE_CURVE('',#8198,#8238,#8283,.T.);
#8283 = LINE('',#8284,#8285);
#8284 = CARTESIAN_POINT('',(5.675,246.7125,115.7));
#8285 = VECTOR('',#8286,1.);
#8286 = DIRECTION('',(1.,0.,0.));
#8287 = ORIENTED_EDGE('',*,*,#8235,.F.);
#8288 = PLANE('',#8289);
#8289 = AXIS2_PLACEMENT_3D('',#8290,#8291,#8292);
#8290 = CARTESIAN_POINT('',(5.675,246.7125,103.));
#8291 = DIRECTION('',(0.,1.,0.));
#8292 = DIRECTION('',(0.,0.,1.));
#8293 = ADVANCED_FACE('',(#8294),#8310,.T.);
#8294 = FACE_BOUND('',#8295,.T.);
#8295 = EDGE_LOOP('',(#8296,#8302,#8303,#8309));
#8296 = ORIENTED_EDGE('',*,*,#8297,.F.);
#8297 = EDGE_CURVE('',#8206,#8246,#8298,.T.);
#8298 = LINE('',#8299,#8300);
#8299 = CARTESIAN_POINT('',(5.675,248.3,103.));
#8300 = VECTOR('',#8301,1.);
#8301 = DIRECTION('',(1.,0.,0.));
#8302 = ORIENTED_EDGE('',*,*,#8213,.T.);
#8303 = ORIENTED_EDGE('',*,*,#8304,.T.);
#8304 = EDGE_CURVE('',#8214,#8254,#8305,.T.);
#8305 = LINE('',#8306,#8307);
#8306 = CARTESIAN_POINT('',(5.675,248.3,115.7));
#8307 = VECTOR('',#8308,1.);
#8308 = DIRECTION('',(1.,0.,0.));
#8309 = ORIENTED_EDGE('',*,*,#8253,.F.);
#8310 = PLANE('',#8311);
#8311 = AXIS2_PLACEMENT_3D('',#8312,#8313,#8314);
#8312 = CARTESIAN_POINT('',(5.675,248.3,103.));
#8313 = DIRECTION('',(0.,1.,0.));
#8314 = DIRECTION('',(0.,0.,1.));
#8315 = ADVANCED_FACE('',(#8316),#8322,.F.);
#8316 = FACE_BOUND('',#8317,.F.);
#8317 = EDGE_LOOP('',(#8318,#8319,#8320,#8321));
#8318 = ORIENTED_EDGE('',*,*,#8205,.F.);
#8319 = ORIENTED_EDGE('',*,*,#8275,.T.);
#8320 = ORIENTED_EDGE('',*,*,#8245,.T.);
#8321 = ORIENTED_EDGE('',*,*,#8297,.F.);
#8322 = PLANE('',#8323);
#8323 = AXIS2_PLACEMENT_3D('',#8324,#8325,#8326);
#8324 = CARTESIAN_POINT('',(5.675,246.7125,103.));
#8325 = DIRECTION('',(0.,0.,1.));
#8326 = DIRECTION('',(1.,0.,0.));
#8327 = ADVANCED_FACE('',(#8328),#8334,.T.);
#8328 = FACE_BOUND('',#8329,.T.);
#8329 = EDGE_LOOP('',(#8330,#8331,#8332,#8333));
#8330 = ORIENTED_EDGE('',*,*,#8221,.F.);
#8331 = ORIENTED_EDGE('',*,*,#8282,.T.);
#8332 = ORIENTED_EDGE('',*,*,#8261,.T.);
#8333 = ORIENTED_EDGE('',*,*,#8304,.F.);
#8334 = PLANE('',#8335);
#8335 = AXIS2_PLACEMENT_3D('',#8336,#8337,#8338);
#8336 = CARTESIAN_POINT('',(5.675,246.7125,115.7));
#8337 = DIRECTION('',(0.,0.,1.));
#8338 = DIRECTION('',(1.,0.,0.));
#8339 = MANIFOLD_SOLID_BREP('',#8340);
#8340 = CLOSED_SHELL('',(#8341,#8381,#8421,#8443,#8465,#8477));
#8341 = ADVANCED_FACE('',(#8342),#8376,.F.);
#8342 = FACE_BOUND('',#8343,.F.);
#8343 = EDGE_LOOP('',(#8344,#8354,#8362,#8370));
#8344 = ORIENTED_EDGE('',*,*,#8345,.F.);
#8345 = EDGE_CURVE('',#8346,#8348,#8350,.T.);
#8346 = VERTEX_POINT('',#8347);
#8347 = CARTESIAN_POINT('',(269.325,235.6,103.));
#8348 = VERTEX_POINT('',#8349);
#8349 = CARTESIAN_POINT('',(269.325,235.6,115.7));
#8350 = LINE('',#8351,#8352);
#8351 = CARTESIAN_POINT('',(269.325,235.6,103.));
#8352 = VECTOR('',#8353,1.);
#8353 = DIRECTION('',(0.,0.,1.));
#8354 = ORIENTED_EDGE('',*,*,#8355,.T.);
#8355 = EDGE_CURVE('',#8346,#8356,#8358,.T.);
#8356 = VERTEX_POINT('',#8357);
#8357 = CARTESIAN_POINT('',(269.325,248.3,103.));
#8358 = LINE('',#8359,#8360);
#8359 = CARTESIAN_POINT('',(269.325,235.6,103.));
#8360 = VECTOR('',#8361,1.);
#8361 = DIRECTION('',(0.,1.,0.));
#8362 = ORIENTED_EDGE('',*,*,#8363,.T.);
#8363 = EDGE_CURVE('',#8356,#8364,#8366,.T.);
#8364 = VERTEX_POINT('',#8365);
#8365 = CARTESIAN_POINT('',(269.325,248.3,115.7));
#8366 = LINE('',#8367,#8368);
#8367 = CARTESIAN_POINT('',(269.325,248.3,103.));
#8368 = VECTOR('',#8369,1.);
#8369 = DIRECTION('',(0.,0.,1.));
#8370 = ORIENTED_EDGE('',*,*,#8371,.F.);
#8371 = EDGE_CURVE('',#8348,#8364,#8372,.T.);
#8372 = LINE('',#8373,#8374);
#8373 = CARTESIAN_POINT('',(269.325,235.6,115.7));
#8374 = VECTOR('',#8375,1.);
#8375 = DIRECTION('',(0.,1.,0.));
#8376 = PLANE('',#8377);
#8377 = AXIS2_PLACEMENT_3D('',#8378,#8379,#8380);
#8378 = CARTESIAN_POINT('',(269.325,235.6,103.));
#8379 = DIRECTION('',(1.,0.,0.));
#8380 = DIRECTION('',(0.,0.,1.));
#8381 = ADVANCED_FACE('',(#8382),#8416,.T.);
#8382 = FACE_BOUND('',#8383,.T.);
#8383 = EDGE_LOOP('',(#8384,#8394,#8402,#8410));
#8384 = ORIENTED_EDGE('',*,*,#8385,.F.);
#8385 = EDGE_CURVE('',#8386,#8388,#8390,.T.);
#8386 = VERTEX_POINT('',#8387);
#8387 = CARTESIAN_POINT('',(270.9125,235.6,103.));
#8388 = VERTEX_POINT('',#8389);
#8389 = CARTESIAN_POINT('',(270.9125,235.6,115.7));
#8390 = LINE('',#8391,#8392);
#8391 = CARTESIAN_POINT('',(270.9125,235.6,103.));
#8392 = VECTOR('',#8393,1.);
#8393 = DIRECTION('',(0.,0.,1.));
#8394 = ORIENTED_EDGE('',*,*,#8395,.T.);
#8395 = EDGE_CURVE('',#8386,#8396,#8398,.T.);
#8396 = VERTEX_POINT('',#8397);
#8397 = CARTESIAN_POINT('',(270.9125,248.3,103.));
#8398 = LINE('',#8399,#8400);
#8399 = CARTESIAN_POINT('',(270.9125,235.6,103.));
#8400 = VECTOR('',#8401,1.);
#8401 = DIRECTION('',(0.,1.,0.));
#8402 = ORIENTED_EDGE('',*,*,#8403,.T.);
#8403 = EDGE_CURVE('',#8396,#8404,#8406,.T.);
#8404 = VERTEX_POINT('',#8405);
#8405 = CARTESIAN_POINT('',(270.9125,248.3,115.7));
#8406 = LINE('',#8407,#8408);
#8407 = CARTESIAN_POINT('',(270.9125,248.3,103.));
#8408 = VECTOR('',#8409,1.);
#8409 = DIRECTION('',(0.,0.,1.));
#8410 = ORIENTED_EDGE('',*,*,#8411,.F.);
#8411 = EDGE_CURVE('',#8388,#8404,#8412,.T.);
#8412 = LINE('',#8413,#8414);
#8413 = CARTESIAN_POINT('',(270.9125,235.6,115.7));
#8414 = VECTOR('',#8415,1.);
#8415 = DIRECTION('',(0.,1.,0.));
#8416 = PLANE('',#8417);
#8417 = AXIS2_PLACEMENT_3D('',#8418,#8419,#8420);
#8418 = CARTESIAN_POINT('',(270.9125,235.6,103.));
#8419 = DIRECTION('',(1.,0.,0.));
#8420 = DIRECTION('',(0.,0.,1.));
#8421 = ADVANCED_FACE('',(#8422),#8438,.F.);
#8422 = FACE_BOUND('',#8423,.F.);
#8423 = EDGE_LOOP('',(#8424,#8430,#8431,#8437));
#8424 = ORIENTED_EDGE('',*,*,#8425,.F.);
#8425 = EDGE_CURVE('',#8346,#8386,#8426,.T.);
#8426 = LINE('',#8427,#8428);
#8427 = CARTESIAN_POINT('',(269.325,235.6,103.));
#8428 = VECTOR('',#8429,1.);
#8429 = DIRECTION('',(1.,0.,0.));
#8430 = ORIENTED_EDGE('',*,*,#8345,.T.);
#8431 = ORIENTED_EDGE('',*,*,#8432,.T.);
#8432 = EDGE_CURVE('',#8348,#8388,#8433,.T.);
#8433 = LINE('',#8434,#8435);
#8434 = CARTESIAN_POINT('',(269.325,235.6,115.7));
#8435 = VECTOR('',#8436,1.);
#8436 = DIRECTION('',(1.,0.,0.));
#8437 = ORIENTED_EDGE('',*,*,#8385,.F.);
#8438 = PLANE('',#8439);
#8439 = AXIS2_PLACEMENT_3D('',#8440,#8441,#8442);
#8440 = CARTESIAN_POINT('',(269.325,235.6,103.));
#8441 = DIRECTION('',(0.,1.,0.));
#8442 = DIRECTION('',(0.,0.,1.));
#8443 = ADVANCED_FACE('',(#8444),#8460,.T.);
#8444 = FACE_BOUND('',#8445,.T.);
#8445 = EDGE_LOOP('',(#8446,#8452,#8453,#8459));
#8446 = ORIENTED_EDGE('',*,*,#8447,.F.);
#8447 = EDGE_CURVE('',#8356,#8396,#8448,.T.);
#8448 = LINE('',#8449,#8450);
#8449 = CARTESIAN_POINT('',(269.325,248.3,103.));
#8450 = VECTOR('',#8451,1.);
#8451 = DIRECTION('',(1.,0.,0.));
#8452 = ORIENTED_EDGE('',*,*,#8363,.T.);
#8453 = ORIENTED_EDGE('',*,*,#8454,.T.);
#8454 = EDGE_CURVE('',#8364,#8404,#8455,.T.);
#8455 = LINE('',#8456,#8457);
#8456 = CARTESIAN_POINT('',(269.325,248.3,115.7));
#8457 = VECTOR('',#8458,1.);
#8458 = DIRECTION('',(1.,0.,0.));
#8459 = ORIENTED_EDGE('',*,*,#8403,.F.);
#8460 = PLANE('',#8461);
#8461 = AXIS2_PLACEMENT_3D('',#8462,#8463,#8464);
#8462 = CARTESIAN_POINT('',(269.325,248.3,103.));
#8463 = DIRECTION('',(0.,1.,0.));
#8464 = DIRECTION('',(0.,0.,1.));
#8465 = ADVANCED_FACE('',(#8466),#8472,.F.);
#8466 = FACE_BOUND('',#8467,.F.);
#8467 = EDGE_LOOP('',(#8468,#8469,#8470,#8471));
#8468 = ORIENTED_EDGE('',*,*,#8355,.F.);
#8469 = ORIENTED_EDGE('',*,*,#8425,.T.);
#8470 = ORIENTED_EDGE('',*,*,#8395,.T.);
#8471 = ORIENTED_EDGE('',*,*,#8447,.F.);
#8472 = PLANE('',#8473);
#8473 = AXIS2_PLACEMENT_3D('',#8474,#8475,#8476);
#8474 = CARTESIAN_POINT('',(269.325,235.6,103.));
#8475 = DIRECTION('',(0.,0.,1.));
#8476 = DIRECTION('',(1.,0.,0.));
#8477 = ADVANCED_FACE('',(#8478),#8484,.T.);
#8478 = FACE_BOUND('',#8479,.T.);
#8479 = EDGE_LOOP('',(#8480,#8481,#8482,#8483));
#8480 = ORIENTED_EDGE('',*,*,#8371,.F.);
#8481 = ORIENTED_EDGE('',*,*,#8432,.T.);
#8482 = ORIENTED_EDGE('',*,*,#8411,.T.);
#8483 = ORIENTED_EDGE('',*,*,#8454,.F.);
#8484 = PLANE('',#8485);
#8485 = AXIS2_PLACEMENT_3D('',#8486,#8487,#8488);
#8486 = CARTESIAN_POINT('',(269.325,235.6,115.7));
#8487 = DIRECTION('',(0.,0.,1.));
#8488 = DIRECTION('',(1.,0.,0.));
#8489 = MANIFOLD_SOLID_BREP('',#8490);
#8490 = CLOSED_SHELL('',(#8491,#8531,#8571,#8593,#8615,#8627));
#8491 = ADVANCED_FACE('',(#8492),#8526,.F.);
#8492 = FACE_BOUND('',#8493,.F.);
#8493 = EDGE_LOOP('',(#8494,#8504,#8512,#8520));
#8494 = ORIENTED_EDGE('',*,*,#8495,.F.);
#8495 = EDGE_CURVE('',#8496,#8498,#8500,.T.);
#8496 = VERTEX_POINT('',#8497);
#8497 = CARTESIAN_POINT('',(258.2125,246.7125,103.));
#8498 = VERTEX_POINT('',#8499);
#8499 = CARTESIAN_POINT('',(258.2125,246.7125,115.7));
#8500 = LINE('',#8501,#8502);
#8501 = CARTESIAN_POINT('',(258.2125,246.7125,103.));
#8502 = VECTOR('',#8503,1.);
#8503 = DIRECTION('',(0.,0.,1.));
#8504 = ORIENTED_EDGE('',*,*,#8505,.T.);
#8505 = EDGE_CURVE('',#8496,#8506,#8508,.T.);
#8506 = VERTEX_POINT('',#8507);
#8507 = CARTESIAN_POINT('',(258.2125,248.3,103.));
#8508 = LINE('',#8509,#8510);
#8509 = CARTESIAN_POINT('',(258.2125,246.7125,103.));
#8510 = VECTOR('',#8511,1.);
#8511 = DIRECTION('',(0.,1.,0.));
#8512 = ORIENTED_EDGE('',*,*,#8513,.T.);
#8513 = EDGE_CURVE('',#8506,#8514,#8516,.T.);
#8514 = VERTEX_POINT('',#8515);
#8515 = CARTESIAN_POINT('',(258.2125,248.3,115.7));
#8516 = LINE('',#8517,#8518);
#8517 = CARTESIAN_POINT('',(258.2125,248.3,103.));
#8518 = VECTOR('',#8519,1.);
#8519 = DIRECTION('',(0.,0.,1.));
#8520 = ORIENTED_EDGE('',*,*,#8521,.F.);
#8521 = EDGE_CURVE('',#8498,#8514,#8522,.T.);
#8522 = LINE('',#8523,#8524);
#8523 = CARTESIAN_POINT('',(258.2125,246.7125,115.7));
#8524 = VECTOR('',#8525,1.);
#8525 = DIRECTION('',(0.,1.,0.));
#8526 = PLANE('',#8527);
#8527 = AXIS2_PLACEMENT_3D('',#8528,#8529,#8530);
#8528 = CARTESIAN_POINT('',(258.2125,246.7125,103.));
#8529 = DIRECTION('',(1.,0.,0.));
#8530 = DIRECTION('',(0.,0.,1.));
#8531 = ADVANCED_FACE('',(#8532),#8566,.T.);
#8532 = FACE_BOUND('',#8533,.T.);
#8533 = EDGE_LOOP('',(#8534,#8544,#8552,#8560));
#8534 = ORIENTED_EDGE('',*,*,#8535,.F.);
#8535 = EDGE_CURVE('',#8536,#8538,#8540,.T.);
#8536 = VERTEX_POINT('',#8537);
#8537 = CARTESIAN_POINT('',(269.325,246.7125,103.));
#8538 = VERTEX_POINT('',#8539);
#8539 = CARTESIAN_POINT('',(269.325,246.7125,115.7));
#8540 = LINE('',#8541,#8542);
#8541 = CARTESIAN_POINT('',(269.325,246.7125,103.));
#8542 = VECTOR('',#8543,1.);
#8543 = DIRECTION('',(0.,0.,1.));
#8544 = ORIENTED_EDGE('',*,*,#8545,.T.);
#8545 = EDGE_CURVE('',#8536,#8546,#8548,.T.);
#8546 = VERTEX_POINT('',#8547);
#8547 = CARTESIAN_POINT('',(269.325,248.3,103.));
#8548 = LINE('',#8549,#8550);
#8549 = CARTESIAN_POINT('',(269.325,246.7125,103.));
#8550 = VECTOR('',#8551,1.);
#8551 = DIRECTION('',(0.,1.,0.));
#8552 = ORIENTED_EDGE('',*,*,#8553,.T.);
#8553 = EDGE_CURVE('',#8546,#8554,#8556,.T.);
#8554 = VERTEX_POINT('',#8555);
#8555 = CARTESIAN_POINT('',(269.325,248.3,115.7));
#8556 = LINE('',#8557,#8558);
#8557 = CARTESIAN_POINT('',(269.325,248.3,103.));
#8558 = VECTOR('',#8559,1.);
#8559 = DIRECTION('',(0.,0.,1.));
#8560 = ORIENTED_EDGE('',*,*,#8561,.F.);
#8561 = EDGE_CURVE('',#8538,#8554,#8562,.T.);
#8562 = LINE('',#8563,#8564);
#8563 = CARTESIAN_POINT('',(269.325,246.7125,115.7));
#8564 = VECTOR('',#8565,1.);
#8565 = DIRECTION('',(0.,1.,0.));
#8566 = PLANE('',#8567);
#8567 = AXIS2_PLACEMENT_3D('',#8568,#8569,#8570);
#8568 = CARTESIAN_POINT('',(269.325,246.7125,103.));
#8569 = DIRECTION('',(1.,0.,0.));
#8570 = DIRECTION('',(0.,0.,1.));
#8571 = ADVANCED_FACE('',(#8572),#8588,.F.);
#8572 = FACE_BOUND('',#8573,.F.);
#8573 = EDGE_LOOP('',(#8574,#8580,#8581,#8587));
#8574 = ORIENTED_EDGE('',*,*,#8575,.F.);
#8575 = EDGE_CURVE('',#8496,#8536,#8576,.T.);
#8576 = LINE('',#8577,#8578);
#8577 = CARTESIAN_POINT('',(258.2125,246.7125,103.));
#8578 = VECTOR('',#8579,1.);
#8579 = DIRECTION('',(1.,0.,0.));
#8580 = ORIENTED_EDGE('',*,*,#8495,.T.);
#8581 = ORIENTED_EDGE('',*,*,#8582,.T.);
#8582 = EDGE_CURVE('',#8498,#8538,#8583,.T.);
#8583 = LINE('',#8584,#8585);
#8584 = CARTESIAN_POINT('',(258.2125,246.7125,115.7));
#8585 = VECTOR('',#8586,1.);
#8586 = DIRECTION('',(1.,0.,0.));
#8587 = ORIENTED_EDGE('',*,*,#8535,.F.);
#8588 = PLANE('',#8589);
#8589 = AXIS2_PLACEMENT_3D('',#8590,#8591,#8592);
#8590 = CARTESIAN_POINT('',(258.2125,246.7125,103.));
#8591 = DIRECTION('',(0.,1.,0.));
#8592 = DIRECTION('',(0.,0.,1.));
#8593 = ADVANCED_FACE('',(#8594),#8610,.T.);
#8594 = FACE_BOUND('',#8595,.T.);
#8595 = EDGE_LOOP('',(#8596,#8602,#8603,#8609));
#8596 = ORIENTED_EDGE('',*,*,#8597,.F.);
#8597 = EDGE_CURVE('',#8506,#8546,#8598,.T.);
#8598 = LINE('',#8599,#8600);
#8599 = CARTESIAN_POINT('',(258.2125,248.3,103.));
#8600 = VECTOR('',#8601,1.);
#8601 = DIRECTION('',(1.,0.,0.));
#8602 = ORIENTED_EDGE('',*,*,#8513,.T.);
#8603 = ORIENTED_EDGE('',*,*,#8604,.T.);
#8604 = EDGE_CURVE('',#8514,#8554,#8605,.T.);
#8605 = LINE('',#8606,#8607);
#8606 = CARTESIAN_POINT('',(258.2125,248.3,115.7));
#8607 = VECTOR('',#8608,1.);
#8608 = DIRECTION('',(1.,0.,0.));
#8609 = ORIENTED_EDGE('',*,*,#8553,.F.);
#8610 = PLANE('',#8611);
#8611 = AXIS2_PLACEMENT_3D('',#8612,#8613,#8614);
#8612 = CARTESIAN_POINT('',(258.2125,248.3,103.));
#8613 = DIRECTION('',(0.,1.,0.));
#8614 = DIRECTION('',(0.,0.,1.));
#8615 = ADVANCED_FACE('',(#8616),#8622,.F.);
#8616 = FACE_BOUND('',#8617,.F.);
#8617 = EDGE_LOOP('',(#8618,#8619,#8620,#8621));
#8618 = ORIENTED_EDGE('',*,*,#8505,.F.);
#8619 = ORIENTED_EDGE('',*,*,#8575,.T.);
#8620 = ORIENTED_EDGE('',*,*,#8545,.T.);
#8621 = ORIENTED_EDGE('',*,*,#8597,.F.);
#8622 = PLANE('',#8623);
#8623 = AXIS2_PLACEMENT_3D('',#8624,#8625,#8626);
#8624 = CARTESIAN_POINT('',(258.2125,246.7125,103.));
#8625 = DIRECTION('',(0.,0.,1.));
#8626 = DIRECTION('',(1.,0.,0.));
#8627 = ADVANCED_FACE('',(#8628),#8634,.T.);
#8628 = FACE_BOUND('',#8629,.T.);
#8629 = EDGE_LOOP('',(#8630,#8631,#8632,#8633));
#8630 = ORIENTED_EDGE('',*,*,#8521,.F.);
#8631 = ORIENTED_EDGE('',*,*,#8582,.T.);
#8632 = ORIENTED_EDGE('',*,*,#8561,.T.);
#8633 = ORIENTED_EDGE('',*,*,#8604,.F.);
#8634 = PLANE('',#8635);
#8635 = AXIS2_PLACEMENT_3D('',#8636,#8637,#8638);
#8636 = CARTESIAN_POINT('',(258.2125,246.7125,115.7));
#8637 = DIRECTION('',(0.,0.,1.));
#8638 = DIRECTION('',(1.,0.,0.));
#8639 = ( GEOMETRIC_REPRESENTATION_CONTEXT(3) 
GLOBAL_UNCERTAINTY_ASSIGNED_CONTEXT((#8643)) 
GLOBAL_UNIT_ASSIGNED_CONTEXT((#8640,#8641,#8642)) REPRESENTATION_CONTEXT
('Context #1','3D Context with UNIT and UNCERTAINTY') );
#8640 = ( LENGTH_UNIT() NAMED_UNIT(*) SI_UNIT(.MILLI.,.METRE.) );
#8641 = ( NAMED_UNIT(*) PLANE_ANGLE_UNIT() SI_UNIT($,.RADIAN.) );
#8642 = ( NAMED_UNIT(*) SI_UNIT($,.STERADIAN.) SOLID_ANGLE_UNIT() );
#8643 = UNCERTAINTY_MEASURE_WITH_UNIT(LENGTH_MEASURE(1.E-07),#8640,
  'distance_accuracy_value','confusion accuracy');
#8644 = PRODUCT_RELATED_PRODUCT_CATEGORY('part',$,(#7));
ENDSEC;
END-ISO-10303-21;
