ISO-10303-21;
HEADER;
FILE_DESCRIPTION(('FreeCAD Model'),'2;1');
FILE_NAME('Open CASCADE Shape Model','2026-09-14T06:44:01',('FreeCAD'),(
    'FreeCAD'),'Open CASCADE STEP processor 7.8','FreeCAD','Unknown');
FILE_SCHEMA(('AUTOMOTIVE_DESIGN { 1 0 10303 214 1 1 1 1 }'));
ENDSEC;
DATA;
#1 = APPLICATION_PROTOCOL_DEFINITION('international standard',
  'automotive_design',2000,#2);
#2 = APPLICATION_CONTEXT(
  'core data for automotive mechanical design processes');
#3 = SHAPE_DEFINITION_REPRESENTATION(#4,#10);
#4 = PRODUCT_DEFINITION_SHAPE('','',#5);
#5 = PRODUCT_DEFINITION('design','',#6,#9);
#6 = PRODUCT_DEFINITION_FORMATION('','',#7);
#7 = PRODUCT('Open CASCADE STEP translator 7.8 3',
  'Open CASCADE STEP translator 7.8 3','',(#8));
#8 = PRODUCT_CONTEXT('',#2,'mechanical');
#9 = PRODUCT_DEFINITION_CONTEXT('part definition',#2,'design');
#10 = SHAPE_REPRESENTATION('',(#11,#15,#204,#393,#543,#732,#921,#1071,
    #1221,#1371,#1521,#1671,#1821,#1971,#2121,#2310,#2460,#2513,#2605,
    #2697,#2750,#2803,#2811,#2819,#2827,#2835,#2843,#2851,#2859,#2867,
    #2875,#2883,#2891,#2899,#2907,#2915,#2923,#2931,#2939,#2947,#2955,
    #2963,#2971,#2979,#2987,#2995,#3003,#3011,#3019,#3027,#3035,#3043,
    #3051,#3059,#3067,#3075,#3083,#3091,#3099,#3107,#3115,#3123,#3131,
    #3139,#3147,#3155,#3163,#3171,#3179,#3187,#3195,#3203,#3211,#3219,
    #3227,#3235,#3243,#3251,#3259,#3267,#3275,#3283,#3291,#3299,#3307,
    #3315,#3323,#3331,#3339,#3347,#3355,#3363,#3371,#3379,#3387,#3395,
    #3403,#3411,#3419,#3427,#3435,#3443,#3451,#3459,#3467,#3475,#3483,
    #3491,#3499,#3507,#3515,#3523,#3531,#3539,#3547,#3555,#3563,#3571,
    #3579,#3587,#3595,#3603,#3611,#3619,#3627,#3635,#3643,#3651,#3659,
    #3667,#3675,#3683,#3691,#3699,#3707,#3715,#3723,#3731,#3739,#3747,
    #3755,#3763,#3771,#3779,#3787,#3795,#3803,#3811,#3819,#3827,#3835,
    #3843,#3851,#3859,#3867,#3875,#3883,#3891,#3899,#3907,#3915,#3923,
    #3931,#3939,#3947,#3955,#3963,#3971,#3979,#3987,#3995,#4003,#4011,
    #4019,#4027,#4035,#4043,#4051,#4059,#4067,#4075,#4083,#4091,#4099,
    #4107,#4115,#4123,#4131,#4139,#4147,#4155,#4163,#4171,#4179,#4187,
    #4195,#4203,#4211,#4219,#4227,#4235,#4243,#4251,#4259,#4267,#4275,
    #4283,#4291,#4299,#4307,#4315,#4323,#4331,#4339,#4347,#4355,#4363,
    #4371,#4379,#4387,#4395,#4403,#4411,#4419,#4427,#4435,#4443,#4451,
    #4459,#4467,#4475,#4483,#4491,#4499,#4507,#4515,#4523,#4531,#4539,
    #4547,#4555,#4563,#4571,#4579,#4587,#4595,#4603,#4611,#4619,#4627,
    #4635,#4643,#4651,#4659,#4667,#4675,#4683,#4691,#4699,#4707,#4715,
    #4723,#4731,#4739,#4747,#4755,#4763,#4771,#4779,#4787,#4795,#4803,
    #4811,#4819,#4827,#4835,#4843,#4851,#4859,#4867,#4875,#4883,#4891,
    #4899,#4907,#4915,#4923,#4931,#4939,#4947,#4955,#4963,#4971,#4979,
    #4987,#4995,#5003,#5011,#5019,#5027,#5035,#5043,#5051,#5059,#5067,
    #5075,#5083,#5091,#5099,#5107,#5115,#5123,#5131,#5139,#5147,#5155,
    #5163,#5171,#5179,#5187,#5195,#5203,#5211,#5219,#5227,#5235,#5243,
    #5251,#5259,#5267,#5275,#5283,#5291,#5299,#5307,#5315,#5323,#5331,
    #5339,#5347,#5355,#5363,#5371,#5379,#5387,#5395,#5403,#5411,#5419,
    #5427,#5435,#5443,#5451,#5459,#5467,#5475,#5483,#5491,#5499,#5507,
    #5515,#5523,#5531,#5539,#5547,#5555,#5563,#5571,#5579,#5587,#5595,
    #5603,#5611,#5619,#5627,#5635,#5643,#5651,#5659,#5667,#5675,#5683,
    #5691,#5699,#5707,#5715,#5723,#5731,#5739,#5747,#5755,#5763,#5771,
    #5779,#5787,#5795,#5803,#5811,#5819,#5827,#5835,#5843,#5851,#5859,
    #5867,#5875,#5883,#5891,#5899,#5907,#5915,#5923,#5931,#5939,#5947,
    #5955,#5963,#5971,#5979,#5987,#5995,#6003,#6011,#6019,#6027,#6035,
    #6043,#6051,#6059,#6067,#6075,#6083,#6091,#6099,#6107,#6115,#6123,
    #6131,#6139,#6147,#6155,#6163,#6171,#6179,#6187,#6195,#6203,#6211,
    #6219,#6227,#6235,#6243,#6251,#6259,#6267,#6275,#6283,#6291,#6299,
    #6307,#6315,#6323,#6331,#6339,#6347,#6355,#6363,#6371,#6379,#6387,
    #6395,#6403,#6411,#6419,#6427,#6435,#6443,#6451,#6459,#6467,#6475,
    #6483,#6491,#6499,#6507,#6515,#6523,#6531,#6539,#6547,#6555,#6563,
    #6571,#6579,#6587,#6595,#6603,#6611,#6619,#6627,#6635,#6643,#6651,
    #6659,#6667,#6675,#6683,#6691,#6699,#6707,#6715,#6723,#6731,#6739,
    #6747,#6755,#6763,#6771,#6779,#6787,#6795,#6803,#6811,#6819,#6827,
    #6835,#6843,#6851,#6859,#6867,#6875,#6883,#6891,#6899,#6907,#6915,
    #6923,#6931,#6939,#6947,#6955,#6963,#6971,#6979,#6987,#6995,#7003,
    #7011,#7019,#7027,#7035,#7043,#7051,#7059,#7067,#7075,#7083,#7091,
    #7099,#7107,#7115,#7123,#7131,#7139,#7147,#7155,#7163,#7171,#7179,
    #7187,#7195,#7203,#7211,#7219,#7227,#7235,#7243,#7251,#7259,#7267,
    #7275,#7283,#7291,#7299,#7307,#7315,#7323,#7331,#7339,#7347,#7355,
    #7363,#7371,#7379,#7387,#7395,#7403,#7411,#7419,#7427,#7435,#7443,
    #7451,#7459,#7467,#7475,#7483,#7491,#7499,#7507,#7515,#7523,#7531,
    #7539,#7547,#7555,#7563,#7571,#7579,#7587,#7595,#7603,#7611,#7619,
    #7627,#7635,#7643,#7651,#7659,#7667,#7675,#7683,#7691,#7699,#7707,
    #7715,#7723,#7731,#7739,#7747,#7755,#7763,#7771,#7779,#7787,#7795,
    #7803,#7811,#7819,#7827,#7835,#7843,#7851,#7859,#7867,#7875,#7883,
    #7891,#7899,#7907,#7915,#7923,#7931,#7939,#7947,#7955,#7963,#7971,
    #7979,#7987,#7995,#8003,#8011,#8019,#8027,#8035,#8043,#8051,#8059,
    #8067,#8075,#8083,#8091,#8099,#8107,#8115,#8123,#8131,#8139,#8147,
    #8155,#8163,#8171,#8179,#8187,#8195,#8203,#8211,#8219,#8227,#8235,
    #8243,#8251,#8259,#8267,#8275,#8283,#8291,#8299,#8307,#8315,#8323,
    #8331,#8339,#8347,#8355,#8363,#8371,#8379,#8387,#8395,#8403,#8411,
    #8419,#8427,#8435,#8443,#8451,#8459,#8467,#8475,#8483,#8491,#8499,
    #8507,#8515,#8523,#8531,#8539,#8547,#8555,#8563,#8571,#8579,#8587,
    #8595,#8603,#8611,#8619,#8627,#8635,#8643,#8651,#8659,#8667,#8675,
    #8683,#8691,#8699,#8707,#8715,#8723,#8731,#8739,#8747,#8755,#8763,
    #8771,#8779,#8787,#8795,#8803,#8811,#8819,#8827,#8835,#8843,#8851,
    #8859,#8867,#8875,#8883,#8891,#8899,#8907,#8915,#8923,#8931,#8939,
    #8947,#8955,#8963,#8971,#8979,#8987,#8995,#9003,#9011,#9019,#9027,
    #9035,#9043,#9051,#9059,#9067,#9075,#9083,#9091,#9099,#9107,#9115,
    #9123,#9131,#9139,#9147,#9155,#9163,#9171,#9179,#9187,#9195,#9203,
    #9211,#9219,#9227,#9235,#9243,#9251,#9259,#9267,#9275,#9283,#9291,
    #9299,#9307,#9315,#9323,#9331,#9339,#9347,#9355,#9363,#9371,#9379,
    #9387,#9395,#9403,#9411,#9419,#9427,#9435,#9443,#9451,#9459,#9467,
    #9475,#9483,#9491,#9499,#9507,#9515,#9523,#9531,#9539,#9547,#9555,
    #9563,#9571,#9579,#9587,#9595,#9603,#9611,#9619,#9627,#9635,#9643,
    #9651,#9659,#9667,#9675,#9683,#9691,#9699,#9707,#9715,#9723,#9731,
    #9739,#9747,#9755,#9763,#9771,#9779,#9787,#9795,#9803,#9811,#9819,
    #9827,#9835,#9843,#9851,#9859,#9867,#9875,#9883,#9891,#9899,#9907,
    #9915,#9923,#9931,#9939,#9947,#9955,#9963,#9971,#9979,#9987,#9995,
    #10003,#10011,#10019,#10027,#10035,#10043,#10051,#10059,#10067,
    #10075,#10083,#10091,#10099,#10107,#10115,#10123,#10131,#10139,
    #10147,#10155,#10163,#10171,#10179,#10187,#10195,#10203,#10211,
    #10219,#10227,#10235,#10243,#10251,#10259,#10267,#10275,#10283,
    #10291,#10299,#10307,#10315,#10323,#10331,#10339,#10347,#10355,
    #10363,#10371,#10379,#10387,#10395,#10403,#10411,#10419,#10427,
    #10435,#10443,#10451,#10459,#10467,#10475,#10483,#10491,#10499,
    #10507,#10515,#10523,#10531,#10539,#10547,#10555,#10563,#10571,
    #10579,#10587,#10595,#10603,#10611,#10619,#10627,#10635,#10643,
    #10651,#10659,#10667,#10675,#10683,#10691,#10699,#10707,#10715,
    #10723,#10731,#10739,#10747,#10755,#10763,#10771,#10779,#10787,
    #10795,#10803,#10811,#10819,#10827,#10835,#10843,#10851,#10859,
    #10867,#10875,#10883,#10891,#10899,#10907,#10915,#10923,#10931,
    #10939,#10947,#10955,#10963,#10971,#10979,#10987,#10995,#11003,
    #11011,#11019,#11027,#11035,#11043,#11051,#11059,#11067,#11075,
    #11083,#11091,#11099,#11107,#11115,#11123,#11131,#11139,#11147,
    #11155,#11163,#11171,#11179,#11187,#11195,#11203,#11211,#11219,
    #11227,#11235,#11243,#11251,#11259,#11267,#11275,#11283,#11291,
    #11299,#11307,#11315,#11323,#11331,#11339,#11347,#11355,#11363,
    #11371,#11379,#11387,#11395,#11403,#11411,#11419,#11427,#11435,
    #11443,#11451,#11459,#11467,#11475,#11483,#11491,#11499,#11507,
    #11515,#11523,#11531,#11539,#11547,#11555,#11563,#11571,#11579,
    #11587,#11595,#11603,#11611,#11619,#11627,#11635,#11643,#11651,
    #11659,#11667,#11675,#11683,#11691,#11699,#11707,#11715,#11723,
    #11731,#11739,#11747,#11755,#11763,#11771,#11779,#11787,#11795,
    #11803,#11811,#11819,#11827,#11835,#11843,#11851,#11859,#11867,
    #11875,#11883,#11891,#11899,#11907,#11915,#11923,#11932,#11940,
    #11949,#11958,#11966,#11975,#11983,#11991,#11999,#12007,#12015,
    #12023,#12031,#12039,#12047,#12055,#12063,#12071,#12079,#12087,
    #12095),#12103);
#11 = AXIS2_PLACEMENT_3D('',#12,#13,#14);
#12 = CARTESIAN_POINT('',(0.,0.,0.));
#13 = DIRECTION('',(0.,0.,1.));
#14 = DIRECTION('',(1.,0.,-0.));
#15 = MANIFOLD_SOLID_BREP('',#16);
#16 = CLOSED_SHELL('',(#17,#68,#99,#123,#147,#164,#189));
#17 = ADVANCED_FACE('',(#18,#52),#63,.F.);
#18 = FACE_BOUND('',#19,.F.);
#19 = EDGE_LOOP('',(#20,#30,#38,#46));
#20 = ORIENTED_EDGE('',*,*,#21,.F.);
#21 = EDGE_CURVE('',#22,#24,#26,.T.);
#22 = VERTEX_POINT('',#23);
#23 = CARTESIAN_POINT('',(26.,132.,26.));
#24 = VERTEX_POINT('',#25);
#25 = CARTESIAN_POINT('',(26.,132.,62.));
#26 = LINE('',#27,#28);
#27 = CARTESIAN_POINT('',(26.,132.,26.));
#28 = VECTOR('',#29,1.);
#29 = DIRECTION('',(0.,0.,1.));
#30 = ORIENTED_EDGE('',*,*,#31,.T.);
#31 = EDGE_CURVE('',#22,#32,#34,.T.);
#32 = VERTEX_POINT('',#33);
#33 = CARTESIAN_POINT('',(26.,154.,26.));
#34 = LINE('',#35,#36);
#35 = CARTESIAN_POINT('',(26.,132.,26.));
#36 = VECTOR('',#37,1.);
#37 = DIRECTION('',(0.,1.,0.));
#38 = ORIENTED_EDGE('',*,*,#39,.T.);
#39 = EDGE_CURVE('',#32,#40,#42,.T.);
#40 = VERTEX_POINT('',#41);
#41 = CARTESIAN_POINT('',(26.,154.,62.));
#42 = LINE('',#43,#44);
#43 = CARTESIAN_POINT('',(26.,154.,26.));
#44 = VECTOR('',#45,1.);
#45 = DIRECTION('',(0.,0.,1.));
#46 = ORIENTED_EDGE('',*,*,#47,.F.);
#47 = EDGE_CURVE('',#24,#40,#48,.T.);
#48 = LINE('',#49,#50);
#49 = CARTESIAN_POINT('',(26.,132.,62.));
#50 = VECTOR('',#51,1.);
#51 = DIRECTION('',(0.,1.,0.));
#52 = FACE_BOUND('',#53,.F.);
#53 = EDGE_LOOP('',(#54));
#54 = ORIENTED_EDGE('',*,*,#55,.F.);
#55 = EDGE_CURVE('',#56,#56,#58,.T.);
#56 = VERTEX_POINT('',#57);
#57 = CARTESIAN_POINT('',(26.,145.,39.1));
#58 = CIRCLE('',#59,3.1);
#59 = AXIS2_PLACEMENT_3D('',#60,#61,#62);
#60 = CARTESIAN_POINT('',(26.,145.,36.));
#61 = DIRECTION('',(1.,0.,-0.));
#62 = DIRECTION('',(0.,0.,1.));
#63 = PLANE('',#64);
#64 = AXIS2_PLACEMENT_3D('',#65,#66,#67);
#65 = CARTESIAN_POINT('',(26.,132.,26.));
#66 = DIRECTION('',(1.,0.,0.));
#67 = DIRECTION('',(0.,0.,1.));
#68 = ADVANCED_FACE('',(#69),#94,.F.);
#69 = FACE_BOUND('',#70,.F.);
#70 = EDGE_LOOP('',(#71,#79,#80,#88));
#71 = ORIENTED_EDGE('',*,*,#72,.F.);
#72 = EDGE_CURVE('',#22,#73,#75,.T.);
#73 = VERTEX_POINT('',#74);
#74 = CARTESIAN_POINT('',(29.,132.,26.));
#75 = LINE('',#76,#77);
#76 = CARTESIAN_POINT('',(26.,132.,26.));
#77 = VECTOR('',#78,1.);
#78 = DIRECTION('',(1.,0.,0.));
#79 = ORIENTED_EDGE('',*,*,#21,.T.);
#80 = ORIENTED_EDGE('',*,*,#81,.T.);
#81 = EDGE_CURVE('',#24,#82,#84,.T.);
#82 = VERTEX_POINT('',#83);
#83 = CARTESIAN_POINT('',(29.,132.,62.));
#84 = LINE('',#85,#86);
#85 = CARTESIAN_POINT('',(26.,132.,62.));
#86 = VECTOR('',#87,1.);
#87 = DIRECTION('',(1.,0.,0.));
#88 = ORIENTED_EDGE('',*,*,#89,.F.);
#89 = EDGE_CURVE('',#73,#82,#90,.T.);
#90 = LINE('',#91,#92);
#91 = CARTESIAN_POINT('',(29.,132.,26.));
#92 = VECTOR('',#93,1.);
#93 = DIRECTION('',(0.,0.,1.));
#94 = PLANE('',#95);
#95 = AXIS2_PLACEMENT_3D('',#96,#97,#98);
#96 = CARTESIAN_POINT('',(26.,132.,26.));
#97 = DIRECTION('',(0.,1.,0.));
#98 = DIRECTION('',(0.,0.,1.));
#99 = ADVANCED_FACE('',(#100),#118,.T.);
#100 = FACE_BOUND('',#101,.T.);
#101 = EDGE_LOOP('',(#102,#103,#104,#112));
#102 = ORIENTED_EDGE('',*,*,#47,.F.);
#103 = ORIENTED_EDGE('',*,*,#81,.T.);
#104 = ORIENTED_EDGE('',*,*,#105,.T.);
#105 = EDGE_CURVE('',#82,#106,#108,.T.);
#106 = VERTEX_POINT('',#107);
#107 = CARTESIAN_POINT('',(29.,154.,62.));
#108 = LINE('',#109,#110);
#109 = CARTESIAN_POINT('',(29.,132.,62.));
#110 = VECTOR('',#111,1.);
#111 = DIRECTION('',(0.,1.,0.));
#112 = ORIENTED_EDGE('',*,*,#113,.F.);
#113 = EDGE_CURVE('',#40,#106,#114,.T.);
#114 = LINE('',#115,#116);
#115 = CARTESIAN_POINT('',(26.,154.,62.));
#116 = VECTOR('',#117,1.);
#117 = DIRECTION('',(1.,0.,0.));
#118 = PLANE('',#119);
#119 = AXIS2_PLACEMENT_3D('',#120,#121,#122);
#120 = CARTESIAN_POINT('',(26.,132.,62.));
#121 = DIRECTION('',(0.,0.,1.));
#122 = DIRECTION('',(1.,0.,0.));
#123 = ADVANCED_FACE('',(#124),#142,.F.);
#124 = FACE_BOUND('',#125,.F.);
#125 = EDGE_LOOP('',(#126,#127,#128,#136));
#126 = ORIENTED_EDGE('',*,*,#31,.F.);
#127 = ORIENTED_EDGE('',*,*,#72,.T.);
#128 = ORIENTED_EDGE('',*,*,#129,.T.);
#129 = EDGE_CURVE('',#73,#130,#132,.T.);
#130 = VERTEX_POINT('',#131);
#131 = CARTESIAN_POINT('',(29.,154.,26.));
#132 = LINE('',#133,#134);
#133 = CARTESIAN_POINT('',(29.,132.,26.));
#134 = VECTOR('',#135,1.);
#135 = DIRECTION('',(0.,1.,0.));
#136 = ORIENTED_EDGE('',*,*,#137,.F.);
#137 = EDGE_CURVE('',#32,#130,#138,.T.);
#138 = LINE('',#139,#140);
#139 = CARTESIAN_POINT('',(26.,154.,26.));
#140 = VECTOR('',#141,1.);
#141 = DIRECTION('',(1.,0.,0.));
#142 = PLANE('',#143);
#143 = AXIS2_PLACEMENT_3D('',#144,#145,#146);
#144 = CARTESIAN_POINT('',(26.,132.,26.));
#145 = DIRECTION('',(0.,0.,1.));
#146 = DIRECTION('',(1.,0.,0.));
#147 = ADVANCED_FACE('',(#148),#159,.T.);
#148 = FACE_BOUND('',#149,.T.);
#149 = EDGE_LOOP('',(#150,#151,#152,#153));
#150 = ORIENTED_EDGE('',*,*,#137,.F.);
#151 = ORIENTED_EDGE('',*,*,#39,.T.);
#152 = ORIENTED_EDGE('',*,*,#113,.T.);
#153 = ORIENTED_EDGE('',*,*,#154,.F.);
#154 = EDGE_CURVE('',#130,#106,#155,.T.);
#155 = LINE('',#156,#157);
#156 = CARTESIAN_POINT('',(29.,154.,26.));
#157 = VECTOR('',#158,1.);
#158 = DIRECTION('',(0.,0.,1.));
#159 = PLANE('',#160);
#160 = AXIS2_PLACEMENT_3D('',#161,#162,#163);
#161 = CARTESIAN_POINT('',(26.,154.,26.));
#162 = DIRECTION('',(0.,1.,0.));
#163 = DIRECTION('',(0.,0.,1.));
#164 = ADVANCED_FACE('',(#165),#184,.F.);
#165 = FACE_BOUND('',#166,.F.);
#166 = EDGE_LOOP('',(#167,#176,#182,#183));
#167 = ORIENTED_EDGE('',*,*,#168,.F.);
#168 = EDGE_CURVE('',#169,#169,#171,.T.);
#169 = VERTEX_POINT('',#170);
#170 = CARTESIAN_POINT('',(29.,145.,39.1));
#171 = CIRCLE('',#172,3.1);
#172 = AXIS2_PLACEMENT_3D('',#173,#174,#175);
#173 = CARTESIAN_POINT('',(29.,145.,36.));
#174 = DIRECTION('',(1.,0.,-0.));
#175 = DIRECTION('',(0.,0.,1.));
#176 = ORIENTED_EDGE('',*,*,#177,.F.);
#177 = EDGE_CURVE('',#56,#169,#178,.T.);
#178 = LINE('',#179,#180);
#179 = CARTESIAN_POINT('',(25.,145.,39.1));
#180 = VECTOR('',#181,1.);
#181 = DIRECTION('',(1.,0.,0.));
#182 = ORIENTED_EDGE('',*,*,#55,.T.);
#183 = ORIENTED_EDGE('',*,*,#177,.T.);
#184 = CYLINDRICAL_SURFACE('',#185,3.1);
#185 = AXIS2_PLACEMENT_3D('',#186,#187,#188);
#186 = CARTESIAN_POINT('',(25.,145.,36.));
#187 = DIRECTION('',(1.,0.,0.));
#188 = DIRECTION('',(0.,0.,1.));
#189 = ADVANCED_FACE('',(#190,#196),#199,.T.);
#190 = FACE_BOUND('',#191,.T.);
#191 = EDGE_LOOP('',(#192,#193,#194,#195));
#192 = ORIENTED_EDGE('',*,*,#89,.F.);
#193 = ORIENTED_EDGE('',*,*,#129,.T.);
#194 = ORIENTED_EDGE('',*,*,#154,.T.);
#195 = ORIENTED_EDGE('',*,*,#105,.F.);
#196 = FACE_BOUND('',#197,.T.);
#197 = EDGE_LOOP('',(#198));
#198 = ORIENTED_EDGE('',*,*,#168,.F.);
#199 = PLANE('',#200);
#200 = AXIS2_PLACEMENT_3D('',#201,#202,#203);
#201 = CARTESIAN_POINT('',(29.,132.,26.));
#202 = DIRECTION('',(1.,0.,0.));
#203 = DIRECTION('',(0.,0.,1.));
#204 = MANIFOLD_SOLID_BREP('',#205);
#205 = CLOSED_SHELL('',(#206,#257,#288,#312,#336,#353,#378));
#206 = ADVANCED_FACE('',(#207,#241),#252,.F.);
#207 = FACE_BOUND('',#208,.F.);
#208 = EDGE_LOOP('',(#209,#219,#227,#235));
#209 = ORIENTED_EDGE('',*,*,#210,.F.);
#210 = EDGE_CURVE('',#211,#213,#215,.T.);
#211 = VERTEX_POINT('',#212);
#212 = CARTESIAN_POINT('',(103.,132.,26.));
#213 = VERTEX_POINT('',#214);
#214 = CARTESIAN_POINT('',(103.,132.,62.));
#215 = LINE('',#216,#217);
#216 = CARTESIAN_POINT('',(103.,132.,26.));
#217 = VECTOR('',#218,1.);
#218 = DIRECTION('',(0.,0.,1.));
#219 = ORIENTED_EDGE('',*,*,#220,.T.);
#220 = EDGE_CURVE('',#211,#221,#223,.T.);
#221 = VERTEX_POINT('',#222);
#222 = CARTESIAN_POINT('',(103.,154.,26.));
#223 = LINE('',#224,#225);
#224 = CARTESIAN_POINT('',(103.,132.,26.));
#225 = VECTOR('',#226,1.);
#226 = DIRECTION('',(0.,1.,0.));
#227 = ORIENTED_EDGE('',*,*,#228,.T.);
#228 = EDGE_CURVE('',#221,#229,#231,.T.);
#229 = VERTEX_POINT('',#230);
#230 = CARTESIAN_POINT('',(103.,154.,62.));
#231 = LINE('',#232,#233);
#232 = CARTESIAN_POINT('',(103.,154.,26.));
#233 = VECTOR('',#234,1.);
#234 = DIRECTION('',(0.,0.,1.));
#235 = ORIENTED_EDGE('',*,*,#236,.F.);
#236 = EDGE_CURVE('',#213,#229,#237,.T.);
#237 = LINE('',#238,#239);
#238 = CARTESIAN_POINT('',(103.,132.,62.));
#239 = VECTOR('',#240,1.);
#240 = DIRECTION('',(0.,1.,0.));
#241 = FACE_BOUND('',#242,.F.);
#242 = EDGE_LOOP('',(#243));
#243 = ORIENTED_EDGE('',*,*,#244,.F.);
#244 = EDGE_CURVE('',#245,#245,#247,.T.);
#245 = VERTEX_POINT('',#246);
#246 = CARTESIAN_POINT('',(103.,145.,39.1));
#247 = CIRCLE('',#248,3.1);
#248 = AXIS2_PLACEMENT_3D('',#249,#250,#251);
#249 = CARTESIAN_POINT('',(103.,145.,36.));
#250 = DIRECTION('',(1.,0.,-0.));
#251 = DIRECTION('',(0.,0.,1.));
#252 = PLANE('',#253);
#253 = AXIS2_PLACEMENT_3D('',#254,#255,#256);
#254 = CARTESIAN_POINT('',(103.,132.,26.));
#255 = DIRECTION('',(1.,0.,0.));
#256 = DIRECTION('',(0.,0.,1.));
#257 = ADVANCED_FACE('',(#258),#283,.F.);
#258 = FACE_BOUND('',#259,.F.);
#259 = EDGE_LOOP('',(#260,#268,#269,#277));
#260 = ORIENTED_EDGE('',*,*,#261,.F.);
#261 = EDGE_CURVE('',#211,#262,#264,.T.);
#262 = VERTEX_POINT('',#263);
#263 = CARTESIAN_POINT('',(106.,132.,26.));
#264 = LINE('',#265,#266);
#265 = CARTESIAN_POINT('',(103.,132.,26.));
#266 = VECTOR('',#267,1.);
#267 = DIRECTION('',(1.,0.,0.));
#268 = ORIENTED_EDGE('',*,*,#210,.T.);
#269 = ORIENTED_EDGE('',*,*,#270,.T.);
#270 = EDGE_CURVE('',#213,#271,#273,.T.);
#271 = VERTEX_POINT('',#272);
#272 = CARTESIAN_POINT('',(106.,132.,62.));
#273 = LINE('',#274,#275);
#274 = CARTESIAN_POINT('',(103.,132.,62.));
#275 = VECTOR('',#276,1.);
#276 = DIRECTION('',(1.,0.,0.));
#277 = ORIENTED_EDGE('',*,*,#278,.F.);
#278 = EDGE_CURVE('',#262,#271,#279,.T.);
#279 = LINE('',#280,#281);
#280 = CARTESIAN_POINT('',(106.,132.,26.));
#281 = VECTOR('',#282,1.);
#282 = DIRECTION('',(0.,0.,1.));
#283 = PLANE('',#284);
#284 = AXIS2_PLACEMENT_3D('',#285,#286,#287);
#285 = CARTESIAN_POINT('',(103.,132.,26.));
#286 = DIRECTION('',(0.,1.,0.));
#287 = DIRECTION('',(0.,0.,1.));
#288 = ADVANCED_FACE('',(#289),#307,.T.);
#289 = FACE_BOUND('',#290,.T.);
#290 = EDGE_LOOP('',(#291,#292,#293,#301));
#291 = ORIENTED_EDGE('',*,*,#236,.F.);
#292 = ORIENTED_EDGE('',*,*,#270,.T.);
#293 = ORIENTED_EDGE('',*,*,#294,.T.);
#294 = EDGE_CURVE('',#271,#295,#297,.T.);
#295 = VERTEX_POINT('',#296);
#296 = CARTESIAN_POINT('',(106.,154.,62.));
#297 = LINE('',#298,#299);
#298 = CARTESIAN_POINT('',(106.,132.,62.));
#299 = VECTOR('',#300,1.);
#300 = DIRECTION('',(0.,1.,0.));
#301 = ORIENTED_EDGE('',*,*,#302,.F.);
#302 = EDGE_CURVE('',#229,#295,#303,.T.);
#303 = LINE('',#304,#305);
#304 = CARTESIAN_POINT('',(103.,154.,62.));
#305 = VECTOR('',#306,1.);
#306 = DIRECTION('',(1.,0.,0.));
#307 = PLANE('',#308);
#308 = AXIS2_PLACEMENT_3D('',#309,#310,#311);
#309 = CARTESIAN_POINT('',(103.,132.,62.));
#310 = DIRECTION('',(0.,0.,1.));
#311 = DIRECTION('',(1.,0.,0.));
#312 = ADVANCED_FACE('',(#313),#331,.F.);
#313 = FACE_BOUND('',#314,.F.);
#314 = EDGE_LOOP('',(#315,#316,#317,#325));
#315 = ORIENTED_EDGE('',*,*,#220,.F.);
#316 = ORIENTED_EDGE('',*,*,#261,.T.);
#317 = ORIENTED_EDGE('',*,*,#318,.T.);
#318 = EDGE_CURVE('',#262,#319,#321,.T.);
#319 = VERTEX_POINT('',#320);
#320 = CARTESIAN_POINT('',(106.,154.,26.));
#321 = LINE('',#322,#323);
#322 = CARTESIAN_POINT('',(106.,132.,26.));
#323 = VECTOR('',#324,1.);
#324 = DIRECTION('',(0.,1.,0.));
#325 = ORIENTED_EDGE('',*,*,#326,.F.);
#326 = EDGE_CURVE('',#221,#319,#327,.T.);
#327 = LINE('',#328,#329);
#328 = CARTESIAN_POINT('',(103.,154.,26.));
#329 = VECTOR('',#330,1.);
#330 = DIRECTION('',(1.,0.,0.));
#331 = PLANE('',#332);
#332 = AXIS2_PLACEMENT_3D('',#333,#334,#335);
#333 = CARTESIAN_POINT('',(103.,132.,26.));
#334 = DIRECTION('',(0.,0.,1.));
#335 = DIRECTION('',(1.,0.,0.));
#336 = ADVANCED_FACE('',(#337),#348,.T.);
#337 = FACE_BOUND('',#338,.T.);
#338 = EDGE_LOOP('',(#339,#340,#341,#342));
#339 = ORIENTED_EDGE('',*,*,#326,.F.);
#340 = ORIENTED_EDGE('',*,*,#228,.T.);
#341 = ORIENTED_EDGE('',*,*,#302,.T.);
#342 = ORIENTED_EDGE('',*,*,#343,.F.);
#343 = EDGE_CURVE('',#319,#295,#344,.T.);
#344 = LINE('',#345,#346);
#345 = CARTESIAN_POINT('',(106.,154.,26.));
#346 = VECTOR('',#347,1.);
#347 = DIRECTION('',(0.,0.,1.));
#348 = PLANE('',#349);
#349 = AXIS2_PLACEMENT_3D('',#350,#351,#352);
#350 = CARTESIAN_POINT('',(103.,154.,26.));
#351 = DIRECTION('',(0.,1.,0.));
#352 = DIRECTION('',(0.,0.,1.));
#353 = ADVANCED_FACE('',(#354),#373,.F.);
#354 = FACE_BOUND('',#355,.F.);
#355 = EDGE_LOOP('',(#356,#365,#371,#372));
#356 = ORIENTED_EDGE('',*,*,#357,.F.);
#357 = EDGE_CURVE('',#358,#358,#360,.T.);
#358 = VERTEX_POINT('',#359);
#359 = CARTESIAN_POINT('',(106.,145.,39.1));
#360 = CIRCLE('',#361,3.1);
#361 = AXIS2_PLACEMENT_3D('',#362,#363,#364);
#362 = CARTESIAN_POINT('',(106.,145.,36.));
#363 = DIRECTION('',(1.,0.,-0.));
#364 = DIRECTION('',(0.,0.,1.));
#365 = ORIENTED_EDGE('',*,*,#366,.F.);
#366 = EDGE_CURVE('',#245,#358,#367,.T.);
#367 = LINE('',#368,#369);
#368 = CARTESIAN_POINT('',(102.,145.,39.1));
#369 = VECTOR('',#370,1.);
#370 = DIRECTION('',(1.,0.,0.));
#371 = ORIENTED_EDGE('',*,*,#244,.T.);
#372 = ORIENTED_EDGE('',*,*,#366,.T.);
#373 = CYLINDRICAL_SURFACE('',#374,3.1);
#374 = AXIS2_PLACEMENT_3D('',#375,#376,#377);
#375 = CARTESIAN_POINT('',(102.,145.,36.));
#376 = DIRECTION('',(1.,0.,0.));
#377 = DIRECTION('',(0.,0.,1.));
#378 = ADVANCED_FACE('',(#379,#385),#388,.T.);
#379 = FACE_BOUND('',#380,.T.);
#380 = EDGE_LOOP('',(#381,#382,#383,#384));
#381 = ORIENTED_EDGE('',*,*,#278,.F.);
#382 = ORIENTED_EDGE('',*,*,#318,.T.);
#383 = ORIENTED_EDGE('',*,*,#343,.T.);
#384 = ORIENTED_EDGE('',*,*,#294,.F.);
#385 = FACE_BOUND('',#386,.T.);
#386 = EDGE_LOOP('',(#387));
#387 = ORIENTED_EDGE('',*,*,#357,.F.);
#388 = PLANE('',#389);
#389 = AXIS2_PLACEMENT_3D('',#390,#391,#392);
#390 = CARTESIAN_POINT('',(106.,132.,26.));
#391 = DIRECTION('',(1.,0.,0.));
#392 = DIRECTION('',(0.,0.,1.));
#393 = MANIFOLD_SOLID_BREP('',#394);
#394 = CLOSED_SHELL('',(#395,#435,#475,#497,#519,#531));
#395 = ADVANCED_FACE('',(#396),#430,.F.);
#396 = FACE_BOUND('',#397,.F.);
#397 = EDGE_LOOP('',(#398,#408,#416,#424));
#398 = ORIENTED_EDGE('',*,*,#399,.F.);
#399 = EDGE_CURVE('',#400,#402,#404,.T.);
#400 = VERTEX_POINT('',#401);
#401 = CARTESIAN_POINT('',(26.,109.,62.));
#402 = VERTEX_POINT('',#403);
#403 = CARTESIAN_POINT('',(26.,109.,65.));
#404 = LINE('',#405,#406);
#405 = CARTESIAN_POINT('',(26.,109.,62.));
#406 = VECTOR('',#407,1.);
#407 = DIRECTION('',(0.,0.,1.));
#408 = ORIENTED_EDGE('',*,*,#409,.T.);
#409 = EDGE_CURVE('',#400,#410,#412,.T.);
#410 = VERTEX_POINT('',#411);
#411 = CARTESIAN_POINT('',(26.,154.,62.));
#412 = LINE('',#413,#414);
#413 = CARTESIAN_POINT('',(26.,109.,62.));
#414 = VECTOR('',#415,1.);
#415 = DIRECTION('',(0.,1.,0.));
#416 = ORIENTED_EDGE('',*,*,#417,.T.);
#417 = EDGE_CURVE('',#410,#418,#420,.T.);
#418 = VERTEX_POINT('',#419);
#419 = CARTESIAN_POINT('',(26.,154.,65.));
#420 = LINE('',#421,#422);
#421 = CARTESIAN_POINT('',(26.,154.,62.));
#422 = VECTOR('',#423,1.);
#423 = DIRECTION('',(0.,0.,1.));
#424 = ORIENTED_EDGE('',*,*,#425,.F.);
#425 = EDGE_CURVE('',#402,#418,#426,.T.);
#426 = LINE('',#427,#428);
#427 = CARTESIAN_POINT('',(26.,109.,65.));
#428 = VECTOR('',#429,1.);
#429 = DIRECTION('',(0.,1.,0.));
#430 = PLANE('',#431);
#431 = AXIS2_PLACEMENT_3D('',#432,#433,#434);
#432 = CARTESIAN_POINT('',(26.,109.,62.));
#433 = DIRECTION('',(1.,0.,0.));
#434 = DIRECTION('',(0.,0.,1.));
#435 = ADVANCED_FACE('',(#436),#470,.T.);
#436 = FACE_BOUND('',#437,.T.);
#437 = EDGE_LOOP('',(#438,#448,#456,#464));
#438 = ORIENTED_EDGE('',*,*,#439,.F.);
#439 = EDGE_CURVE('',#440,#442,#444,.T.);
#440 = VERTEX_POINT('',#441);
#441 = CARTESIAN_POINT('',(106.,109.,62.));
#442 = VERTEX_POINT('',#443);
#443 = CARTESIAN_POINT('',(106.,109.,65.));
#444 = LINE('',#445,#446);
#445 = CARTESIAN_POINT('',(106.,109.,62.));
#446 = VECTOR('',#447,1.);
#447 = DIRECTION('',(0.,0.,1.));
#448 = ORIENTED_EDGE('',*,*,#449,.T.);
#449 = EDGE_CURVE('',#440,#450,#452,.T.);
#450 = VERTEX_POINT('',#451);
#451 = CARTESIAN_POINT('',(106.,154.,62.));
#452 = LINE('',#453,#454);
#453 = CARTESIAN_POINT('',(106.,109.,62.));
#454 = VECTOR('',#455,1.);
#455 = DIRECTION('',(0.,1.,0.));
#456 = ORIENTED_EDGE('',*,*,#457,.T.);
#457 = EDGE_CURVE('',#450,#458,#460,.T.);
#458 = VERTEX_POINT('',#459);
#459 = CARTESIAN_POINT('',(106.,154.,65.));
#460 = LINE('',#461,#462);
#461 = CARTESIAN_POINT('',(106.,154.,62.));
#462 = VECTOR('',#463,1.);
#463 = DIRECTION('',(0.,0.,1.));
#464 = ORIENTED_EDGE('',*,*,#465,.F.);
#465 = EDGE_CURVE('',#442,#458,#466,.T.);
#466 = LINE('',#467,#468);
#467 = CARTESIAN_POINT('',(106.,109.,65.));
#468 = VECTOR('',#469,1.);
#469 = DIRECTION('',(0.,1.,0.));
#470 = PLANE('',#471);
#471 = AXIS2_PLACEMENT_3D('',#472,#473,#474);
#472 = CARTESIAN_POINT('',(106.,109.,62.));
#473 = DIRECTION('',(1.,0.,0.));
#474 = DIRECTION('',(0.,0.,1.));
#475 = ADVANCED_FACE('',(#476),#492,.F.);
#476 = FACE_BOUND('',#477,.F.);
#477 = EDGE_LOOP('',(#478,#484,#485,#491));
#478 = ORIENTED_EDGE('',*,*,#479,.F.);
#479 = EDGE_CURVE('',#400,#440,#480,.T.);
#480 = LINE('',#481,#482);
#481 = CARTESIAN_POINT('',(26.,109.,62.));
#482 = VECTOR('',#483,1.);
#483 = DIRECTION('',(1.,0.,0.));
#484 = ORIENTED_EDGE('',*,*,#399,.T.);
#485 = ORIENTED_EDGE('',*,*,#486,.T.);
#486 = EDGE_CURVE('',#402,#442,#487,.T.);
#487 = LINE('',#488,#489);
#488 = CARTESIAN_POINT('',(26.,109.,65.));
#489 = VECTOR('',#490,1.);
#490 = DIRECTION('',(1.,0.,0.));
#491 = ORIENTED_EDGE('',*,*,#439,.F.);
#492 = PLANE('',#493);
#493 = AXIS2_PLACEMENT_3D('',#494,#495,#496);
#494 = CARTESIAN_POINT('',(26.,109.,62.));
#495 = DIRECTION('',(0.,1.,0.));
#496 = DIRECTION('',(0.,0.,1.));
#497 = ADVANCED_FACE('',(#498),#514,.T.);
#498 = FACE_BOUND('',#499,.T.);
#499 = EDGE_LOOP('',(#500,#506,#507,#513));
#500 = ORIENTED_EDGE('',*,*,#501,.F.);
#501 = EDGE_CURVE('',#410,#450,#502,.T.);
#502 = LINE('',#503,#504);
#503 = CARTESIAN_POINT('',(26.,154.,62.));
#504 = VECTOR('',#505,1.);
#505 = DIRECTION('',(1.,0.,0.));
#506 = ORIENTED_EDGE('',*,*,#417,.T.);
#507 = ORIENTED_EDGE('',*,*,#508,.T.);
#508 = EDGE_CURVE('',#418,#458,#509,.T.);
#509 = LINE('',#510,#511);
#510 = CARTESIAN_POINT('',(26.,154.,65.));
#511 = VECTOR('',#512,1.);
#512 = DIRECTION('',(1.,0.,0.));
#513 = ORIENTED_EDGE('',*,*,#457,.F.);
#514 = PLANE('',#515);
#515 = AXIS2_PLACEMENT_3D('',#516,#517,#518);
#516 = CARTESIAN_POINT('',(26.,154.,62.));
#517 = DIRECTION('',(0.,1.,0.));
#518 = DIRECTION('',(0.,0.,1.));
#519 = ADVANCED_FACE('',(#520),#526,.F.);
#520 = FACE_BOUND('',#521,.F.);
#521 = EDGE_LOOP('',(#522,#523,#524,#525));
#522 = ORIENTED_EDGE('',*,*,#409,.F.);
#523 = ORIENTED_EDGE('',*,*,#479,.T.);
#524 = ORIENTED_EDGE('',*,*,#449,.T.);
#525 = ORIENTED_EDGE('',*,*,#501,.F.);
#526 = PLANE('',#527);
#527 = AXIS2_PLACEMENT_3D('',#528,#529,#530);
#528 = CARTESIAN_POINT('',(26.,109.,62.));
#529 = DIRECTION('',(0.,0.,1.));
#530 = DIRECTION('',(1.,0.,0.));
#531 = ADVANCED_FACE('',(#532),#538,.T.);
#532 = FACE_BOUND('',#533,.T.);
#533 = EDGE_LOOP('',(#534,#535,#536,#537));
#534 = ORIENTED_EDGE('',*,*,#425,.F.);
#535 = ORIENTED_EDGE('',*,*,#486,.T.);
#536 = ORIENTED_EDGE('',*,*,#465,.T.);
#537 = ORIENTED_EDGE('',*,*,#508,.F.);
#538 = PLANE('',#539);
#539 = AXIS2_PLACEMENT_3D('',#540,#541,#542);
#540 = CARTESIAN_POINT('',(26.,109.,65.));
#541 = DIRECTION('',(0.,0.,1.));
#542 = DIRECTION('',(1.,0.,0.));
#543 = MANIFOLD_SOLID_BREP('',#544);
#544 = CLOSED_SHELL('',(#545,#596,#627,#651,#675,#692,#717));
#545 = ADVANCED_FACE('',(#546,#580),#591,.F.);
#546 = FACE_BOUND('',#547,.F.);
#547 = EDGE_LOOP('',(#548,#558,#566,#574));
#548 = ORIENTED_EDGE('',*,*,#549,.F.);
#549 = EDGE_CURVE('',#550,#552,#554,.T.);
#550 = VERTEX_POINT('',#551);
#551 = CARTESIAN_POINT('',(246.,132.,26.));
#552 = VERTEX_POINT('',#553);
#553 = CARTESIAN_POINT('',(246.,132.,62.));
#554 = LINE('',#555,#556);
#555 = CARTESIAN_POINT('',(246.,132.,26.));
#556 = VECTOR('',#557,1.);
#557 = DIRECTION('',(0.,0.,1.));
#558 = ORIENTED_EDGE('',*,*,#559,.T.);
#559 = EDGE_CURVE('',#550,#560,#562,.T.);
#560 = VERTEX_POINT('',#561);
#561 = CARTESIAN_POINT('',(246.,154.,26.));
#562 = LINE('',#563,#564);
#563 = CARTESIAN_POINT('',(246.,132.,26.));
#564 = VECTOR('',#565,1.);
#565 = DIRECTION('',(0.,1.,0.));
#566 = ORIENTED_EDGE('',*,*,#567,.T.);
#567 = EDGE_CURVE('',#560,#568,#570,.T.);
#568 = VERTEX_POINT('',#569);
#569 = CARTESIAN_POINT('',(246.,154.,62.));
#570 = LINE('',#571,#572);
#571 = CARTESIAN_POINT('',(246.,154.,26.));
#572 = VECTOR('',#573,1.);
#573 = DIRECTION('',(0.,0.,1.));
#574 = ORIENTED_EDGE('',*,*,#575,.F.);
#575 = EDGE_CURVE('',#552,#568,#576,.T.);
#576 = LINE('',#577,#578);
#577 = CARTESIAN_POINT('',(246.,132.,62.));
#578 = VECTOR('',#579,1.);
#579 = DIRECTION('',(0.,1.,0.));
#580 = FACE_BOUND('',#581,.F.);
#581 = EDGE_LOOP('',(#582));
#582 = ORIENTED_EDGE('',*,*,#583,.F.);
#583 = EDGE_CURVE('',#584,#584,#586,.T.);
#584 = VERTEX_POINT('',#585);
#585 = CARTESIAN_POINT('',(246.,145.,39.1));
#586 = CIRCLE('',#587,3.1);
#587 = AXIS2_PLACEMENT_3D('',#588,#589,#590);
#588 = CARTESIAN_POINT('',(246.,145.,36.));
#589 = DIRECTION('',(1.,0.,-0.));
#590 = DIRECTION('',(0.,0.,1.));
#591 = PLANE('',#592);
#592 = AXIS2_PLACEMENT_3D('',#593,#594,#595);
#593 = CARTESIAN_POINT('',(246.,132.,26.));
#594 = DIRECTION('',(1.,0.,0.));
#595 = DIRECTION('',(0.,0.,1.));
#596 = ADVANCED_FACE('',(#597),#622,.F.);
#597 = FACE_BOUND('',#598,.F.);
#598 = EDGE_LOOP('',(#599,#607,#608,#616));
#599 = ORIENTED_EDGE('',*,*,#600,.F.);
#600 = EDGE_CURVE('',#550,#601,#603,.T.);
#601 = VERTEX_POINT('',#602);
#602 = CARTESIAN_POINT('',(249.,132.,26.));
#603 = LINE('',#604,#605);
#604 = CARTESIAN_POINT('',(246.,132.,26.));
#605 = VECTOR('',#606,1.);
#606 = DIRECTION('',(1.,0.,0.));
#607 = ORIENTED_EDGE('',*,*,#549,.T.);
#608 = ORIENTED_EDGE('',*,*,#609,.T.);
#609 = EDGE_CURVE('',#552,#610,#612,.T.);
#610 = VERTEX_POINT('',#611);
#611 = CARTESIAN_POINT('',(249.,132.,62.));
#612 = LINE('',#613,#614);
#613 = CARTESIAN_POINT('',(246.,132.,62.));
#614 = VECTOR('',#615,1.);
#615 = DIRECTION('',(1.,0.,0.));
#616 = ORIENTED_EDGE('',*,*,#617,.F.);
#617 = EDGE_CURVE('',#601,#610,#618,.T.);
#618 = LINE('',#619,#620);
#619 = CARTESIAN_POINT('',(249.,132.,26.));
#620 = VECTOR('',#621,1.);
#621 = DIRECTION('',(0.,0.,1.));
#622 = PLANE('',#623);
#623 = AXIS2_PLACEMENT_3D('',#624,#625,#626);
#624 = CARTESIAN_POINT('',(246.,132.,26.));
#625 = DIRECTION('',(0.,1.,0.));
#626 = DIRECTION('',(0.,0.,1.));
#627 = ADVANCED_FACE('',(#628),#646,.T.);
#628 = FACE_BOUND('',#629,.T.);
#629 = EDGE_LOOP('',(#630,#631,#632,#640));
#630 = ORIENTED_EDGE('',*,*,#575,.F.);
#631 = ORIENTED_EDGE('',*,*,#609,.T.);
#632 = ORIENTED_EDGE('',*,*,#633,.T.);
#633 = EDGE_CURVE('',#610,#634,#636,.T.);
#634 = VERTEX_POINT('',#635);
#635 = CARTESIAN_POINT('',(249.,154.,62.));
#636 = LINE('',#637,#638);
#637 = CARTESIAN_POINT('',(249.,132.,62.));
#638 = VECTOR('',#639,1.);
#639 = DIRECTION('',(0.,1.,0.));
#640 = ORIENTED_EDGE('',*,*,#641,.F.);
#641 = EDGE_CURVE('',#568,#634,#642,.T.);
#642 = LINE('',#643,#644);
#643 = CARTESIAN_POINT('',(246.,154.,62.));
#644 = VECTOR('',#645,1.);
#645 = DIRECTION('',(1.,0.,0.));
#646 = PLANE('',#647);
#647 = AXIS2_PLACEMENT_3D('',#648,#649,#650);
#648 = CARTESIAN_POINT('',(246.,132.,62.));
#649 = DIRECTION('',(0.,0.,1.));
#650 = DIRECTION('',(1.,0.,0.));
#651 = ADVANCED_FACE('',(#652),#670,.F.);
#652 = FACE_BOUND('',#653,.F.);
#653 = EDGE_LOOP('',(#654,#655,#656,#664));
#654 = ORIENTED_EDGE('',*,*,#559,.F.);
#655 = ORIENTED_EDGE('',*,*,#600,.T.);
#656 = ORIENTED_EDGE('',*,*,#657,.T.);
#657 = EDGE_CURVE('',#601,#658,#660,.T.);
#658 = VERTEX_POINT('',#659);
#659 = CARTESIAN_POINT('',(249.,154.,26.));
#660 = LINE('',#661,#662);
#661 = CARTESIAN_POINT('',(249.,132.,26.));
#662 = VECTOR('',#663,1.);
#663 = DIRECTION('',(0.,1.,0.));
#664 = ORIENTED_EDGE('',*,*,#665,.F.);
#665 = EDGE_CURVE('',#560,#658,#666,.T.);
#666 = LINE('',#667,#668);
#667 = CARTESIAN_POINT('',(246.,154.,26.));
#668 = VECTOR('',#669,1.);
#669 = DIRECTION('',(1.,0.,0.));
#670 = PLANE('',#671);
#671 = AXIS2_PLACEMENT_3D('',#672,#673,#674);
#672 = CARTESIAN_POINT('',(246.,132.,26.));
#673 = DIRECTION('',(0.,0.,1.));
#674 = DIRECTION('',(1.,0.,0.));
#675 = ADVANCED_FACE('',(#676),#687,.T.);
#676 = FACE_BOUND('',#677,.T.);
#677 = EDGE_LOOP('',(#678,#679,#680,#681));
#678 = ORIENTED_EDGE('',*,*,#665,.F.);
#679 = ORIENTED_EDGE('',*,*,#567,.T.);
#680 = ORIENTED_EDGE('',*,*,#641,.T.);
#681 = ORIENTED_EDGE('',*,*,#682,.F.);
#682 = EDGE_CURVE('',#658,#634,#683,.T.);
#683 = LINE('',#684,#685);
#684 = CARTESIAN_POINT('',(249.,154.,26.));
#685 = VECTOR('',#686,1.);
#686 = DIRECTION('',(0.,0.,1.));
#687 = PLANE('',#688);
#688 = AXIS2_PLACEMENT_3D('',#689,#690,#691);
#689 = CARTESIAN_POINT('',(246.,154.,26.));
#690 = DIRECTION('',(0.,1.,0.));
#691 = DIRECTION('',(0.,0.,1.));
#692 = ADVANCED_FACE('',(#693),#712,.F.);
#693 = FACE_BOUND('',#694,.F.);
#694 = EDGE_LOOP('',(#695,#704,#710,#711));
#695 = ORIENTED_EDGE('',*,*,#696,.F.);
#696 = EDGE_CURVE('',#697,#697,#699,.T.);
#697 = VERTEX_POINT('',#698);
#698 = CARTESIAN_POINT('',(249.,145.,39.1));
#699 = CIRCLE('',#700,3.1);
#700 = AXIS2_PLACEMENT_3D('',#701,#702,#703);
#701 = CARTESIAN_POINT('',(249.,145.,36.));
#702 = DIRECTION('',(1.,0.,-0.));
#703 = DIRECTION('',(0.,0.,1.));
#704 = ORIENTED_EDGE('',*,*,#705,.F.);
#705 = EDGE_CURVE('',#584,#697,#706,.T.);
#706 = LINE('',#707,#708);
#707 = CARTESIAN_POINT('',(245.,145.,39.1));
#708 = VECTOR('',#709,1.);
#709 = DIRECTION('',(1.,0.,0.));
#710 = ORIENTED_EDGE('',*,*,#583,.T.);
#711 = ORIENTED_EDGE('',*,*,#705,.T.);
#712 = CYLINDRICAL_SURFACE('',#713,3.1);
#713 = AXIS2_PLACEMENT_3D('',#714,#715,#716);
#714 = CARTESIAN_POINT('',(245.,145.,36.));
#715 = DIRECTION('',(1.,0.,0.));
#716 = DIRECTION('',(0.,0.,1.));
#717 = ADVANCED_FACE('',(#718,#724),#727,.T.);
#718 = FACE_BOUND('',#719,.T.);
#719 = EDGE_LOOP('',(#720,#721,#722,#723));
#720 = ORIENTED_EDGE('',*,*,#617,.F.);
#721 = ORIENTED_EDGE('',*,*,#657,.T.);
#722 = ORIENTED_EDGE('',*,*,#682,.T.);
#723 = ORIENTED_EDGE('',*,*,#633,.F.);
#724 = FACE_BOUND('',#725,.T.);
#725 = EDGE_LOOP('',(#726));
#726 = ORIENTED_EDGE('',*,*,#696,.F.);
#727 = PLANE('',#728);
#728 = AXIS2_PLACEMENT_3D('',#729,#730,#731);
#729 = CARTESIAN_POINT('',(249.,132.,26.));
#730 = DIRECTION('',(1.,0.,0.));
#731 = DIRECTION('',(0.,0.,1.));
#732 = MANIFOLD_SOLID_BREP('',#733);
#733 = CLOSED_SHELL('',(#734,#785,#816,#840,#864,#881,#906));
#734 = ADVANCED_FACE('',(#735,#769),#780,.F.);
#735 = FACE_BOUND('',#736,.F.);
#736 = EDGE_LOOP('',(#737,#747,#755,#763));
#737 = ORIENTED_EDGE('',*,*,#738,.F.);
#738 = EDGE_CURVE('',#739,#741,#743,.T.);
#739 = VERTEX_POINT('',#740);
#740 = CARTESIAN_POINT('',(169.,132.,26.));
#741 = VERTEX_POINT('',#742);
#742 = CARTESIAN_POINT('',(169.,132.,62.));
#743 = LINE('',#744,#745);
#744 = CARTESIAN_POINT('',(169.,132.,26.));
#745 = VECTOR('',#746,1.);
#746 = DIRECTION('',(0.,0.,1.));
#747 = ORIENTED_EDGE('',*,*,#748,.T.);
#748 = EDGE_CURVE('',#739,#749,#751,.T.);
#749 = VERTEX_POINT('',#750);
#750 = CARTESIAN_POINT('',(169.,154.,26.));
#751 = LINE('',#752,#753);
#752 = CARTESIAN_POINT('',(169.,132.,26.));
#753 = VECTOR('',#754,1.);
#754 = DIRECTION('',(0.,1.,0.));
#755 = ORIENTED_EDGE('',*,*,#756,.T.);
#756 = EDGE_CURVE('',#749,#757,#759,.T.);
#757 = VERTEX_POINT('',#758);
#758 = CARTESIAN_POINT('',(169.,154.,62.));
#759 = LINE('',#760,#761);
#760 = CARTESIAN_POINT('',(169.,154.,26.));
#761 = VECTOR('',#762,1.);
#762 = DIRECTION('',(0.,0.,1.));
#763 = ORIENTED_EDGE('',*,*,#764,.F.);
#764 = EDGE_CURVE('',#741,#757,#765,.T.);
#765 = LINE('',#766,#767);
#766 = CARTESIAN_POINT('',(169.,132.,62.));
#767 = VECTOR('',#768,1.);
#768 = DIRECTION('',(0.,1.,0.));
#769 = FACE_BOUND('',#770,.F.);
#770 = EDGE_LOOP('',(#771));
#771 = ORIENTED_EDGE('',*,*,#772,.F.);
#772 = EDGE_CURVE('',#773,#773,#775,.T.);
#773 = VERTEX_POINT('',#774);
#774 = CARTESIAN_POINT('',(169.,145.,39.1));
#775 = CIRCLE('',#776,3.1);
#776 = AXIS2_PLACEMENT_3D('',#777,#778,#779);
#777 = CARTESIAN_POINT('',(169.,145.,36.));
#778 = DIRECTION('',(1.,0.,-0.));
#779 = DIRECTION('',(0.,0.,1.));
#780 = PLANE('',#781);
#781 = AXIS2_PLACEMENT_3D('',#782,#783,#784);
#782 = CARTESIAN_POINT('',(169.,132.,26.));
#783 = DIRECTION('',(1.,0.,0.));
#784 = DIRECTION('',(0.,0.,1.));
#785 = ADVANCED_FACE('',(#786),#811,.F.);
#786 = FACE_BOUND('',#787,.F.);
#787 = EDGE_LOOP('',(#788,#796,#797,#805));
#788 = ORIENTED_EDGE('',*,*,#789,.F.);
#789 = EDGE_CURVE('',#739,#790,#792,.T.);
#790 = VERTEX_POINT('',#791);
#791 = CARTESIAN_POINT('',(172.,132.,26.));
#792 = LINE('',#793,#794);
#793 = CARTESIAN_POINT('',(169.,132.,26.));
#794 = VECTOR('',#795,1.);
#795 = DIRECTION('',(1.,0.,0.));
#796 = ORIENTED_EDGE('',*,*,#738,.T.);
#797 = ORIENTED_EDGE('',*,*,#798,.T.);
#798 = EDGE_CURVE('',#741,#799,#801,.T.);
#799 = VERTEX_POINT('',#800);
#800 = CARTESIAN_POINT('',(172.,132.,62.));
#801 = LINE('',#802,#803);
#802 = CARTESIAN_POINT('',(169.,132.,62.));
#803 = VECTOR('',#804,1.);
#804 = DIRECTION('',(1.,0.,0.));
#805 = ORIENTED_EDGE('',*,*,#806,.F.);
#806 = EDGE_CURVE('',#790,#799,#807,.T.);
#807 = LINE('',#808,#809);
#808 = CARTESIAN_POINT('',(172.,132.,26.));
#809 = VECTOR('',#810,1.);
#810 = DIRECTION('',(0.,0.,1.));
#811 = PLANE('',#812);
#812 = AXIS2_PLACEMENT_3D('',#813,#814,#815);
#813 = CARTESIAN_POINT('',(169.,132.,26.));
#814 = DIRECTION('',(0.,1.,0.));
#815 = DIRECTION('',(0.,0.,1.));
#816 = ADVANCED_FACE('',(#817),#835,.T.);
#817 = FACE_BOUND('',#818,.T.);
#818 = EDGE_LOOP('',(#819,#820,#821,#829));
#819 = ORIENTED_EDGE('',*,*,#764,.F.);
#820 = ORIENTED_EDGE('',*,*,#798,.T.);
#821 = ORIENTED_EDGE('',*,*,#822,.T.);
#822 = EDGE_CURVE('',#799,#823,#825,.T.);
#823 = VERTEX_POINT('',#824);
#824 = CARTESIAN_POINT('',(172.,154.,62.));
#825 = LINE('',#826,#827);
#826 = CARTESIAN_POINT('',(172.,132.,62.));
#827 = VECTOR('',#828,1.);
#828 = DIRECTION('',(0.,1.,0.));
#829 = ORIENTED_EDGE('',*,*,#830,.F.);
#830 = EDGE_CURVE('',#757,#823,#831,.T.);
#831 = LINE('',#832,#833);
#832 = CARTESIAN_POINT('',(169.,154.,62.));
#833 = VECTOR('',#834,1.);
#834 = DIRECTION('',(1.,0.,0.));
#835 = PLANE('',#836);
#836 = AXIS2_PLACEMENT_3D('',#837,#838,#839);
#837 = CARTESIAN_POINT('',(169.,132.,62.));
#838 = DIRECTION('',(0.,0.,1.));
#839 = DIRECTION('',(1.,0.,0.));
#840 = ADVANCED_FACE('',(#841),#859,.F.);
#841 = FACE_BOUND('',#842,.F.);
#842 = EDGE_LOOP('',(#843,#844,#845,#853));
#843 = ORIENTED_EDGE('',*,*,#748,.F.);
#844 = ORIENTED_EDGE('',*,*,#789,.T.);
#845 = ORIENTED_EDGE('',*,*,#846,.T.);
#846 = EDGE_CURVE('',#790,#847,#849,.T.);
#847 = VERTEX_POINT('',#848);
#848 = CARTESIAN_POINT('',(172.,154.,26.));
#849 = LINE('',#850,#851);
#850 = CARTESIAN_POINT('',(172.,132.,26.));
#851 = VECTOR('',#852,1.);
#852 = DIRECTION('',(0.,1.,0.));
#853 = ORIENTED_EDGE('',*,*,#854,.F.);
#854 = EDGE_CURVE('',#749,#847,#855,.T.);
#855 = LINE('',#856,#857);
#856 = CARTESIAN_POINT('',(169.,154.,26.));
#857 = VECTOR('',#858,1.);
#858 = DIRECTION('',(1.,0.,0.));
#859 = PLANE('',#860);
#860 = AXIS2_PLACEMENT_3D('',#861,#862,#863);
#861 = CARTESIAN_POINT('',(169.,132.,26.));
#862 = DIRECTION('',(0.,0.,1.));
#863 = DIRECTION('',(1.,0.,0.));
#864 = ADVANCED_FACE('',(#865),#876,.T.);
#865 = FACE_BOUND('',#866,.T.);
#866 = EDGE_LOOP('',(#867,#868,#869,#870));
#867 = ORIENTED_EDGE('',*,*,#854,.F.);
#868 = ORIENTED_EDGE('',*,*,#756,.T.);
#869 = ORIENTED_EDGE('',*,*,#830,.T.);
#870 = ORIENTED_EDGE('',*,*,#871,.F.);
#871 = EDGE_CURVE('',#847,#823,#872,.T.);
#872 = LINE('',#873,#874);
#873 = CARTESIAN_POINT('',(172.,154.,26.));
#874 = VECTOR('',#875,1.);
#875 = DIRECTION('',(0.,0.,1.));
#876 = PLANE('',#877);
#877 = AXIS2_PLACEMENT_3D('',#878,#879,#880);
#878 = CARTESIAN_POINT('',(169.,154.,26.));
#879 = DIRECTION('',(0.,1.,0.));
#880 = DIRECTION('',(0.,0.,1.));
#881 = ADVANCED_FACE('',(#882),#901,.F.);
#882 = FACE_BOUND('',#883,.F.);
#883 = EDGE_LOOP('',(#884,#893,#899,#900));
#884 = ORIENTED_EDGE('',*,*,#885,.F.);
#885 = EDGE_CURVE('',#886,#886,#888,.T.);
#886 = VERTEX_POINT('',#887);
#887 = CARTESIAN_POINT('',(172.,145.,39.1));
#888 = CIRCLE('',#889,3.1);
#889 = AXIS2_PLACEMENT_3D('',#890,#891,#892);
#890 = CARTESIAN_POINT('',(172.,145.,36.));
#891 = DIRECTION('',(1.,0.,-0.));
#892 = DIRECTION('',(0.,0.,1.));
#893 = ORIENTED_EDGE('',*,*,#894,.F.);
#894 = EDGE_CURVE('',#773,#886,#895,.T.);
#895 = LINE('',#896,#897);
#896 = CARTESIAN_POINT('',(168.,145.,39.1));
#897 = VECTOR('',#898,1.);
#898 = DIRECTION('',(1.,0.,0.));
#899 = ORIENTED_EDGE('',*,*,#772,.T.);
#900 = ORIENTED_EDGE('',*,*,#894,.T.);
#901 = CYLINDRICAL_SURFACE('',#902,3.1);
#902 = AXIS2_PLACEMENT_3D('',#903,#904,#905);
#903 = CARTESIAN_POINT('',(168.,145.,36.));
#904 = DIRECTION('',(1.,0.,0.));
#905 = DIRECTION('',(0.,0.,1.));
#906 = ADVANCED_FACE('',(#907,#913),#916,.T.);
#907 = FACE_BOUND('',#908,.T.);
#908 = EDGE_LOOP('',(#909,#910,#911,#912));
#909 = ORIENTED_EDGE('',*,*,#806,.F.);
#910 = ORIENTED_EDGE('',*,*,#846,.T.);
#911 = ORIENTED_EDGE('',*,*,#871,.T.);
#912 = ORIENTED_EDGE('',*,*,#822,.F.);
#913 = FACE_BOUND('',#914,.T.);
#914 = EDGE_LOOP('',(#915));
#915 = ORIENTED_EDGE('',*,*,#885,.F.);
#916 = PLANE('',#917);
#917 = AXIS2_PLACEMENT_3D('',#918,#919,#920);
#918 = CARTESIAN_POINT('',(172.,132.,26.));
#919 = DIRECTION('',(1.,0.,0.));
#920 = DIRECTION('',(0.,0.,1.));
#921 = MANIFOLD_SOLID_BREP('',#922);
#922 = CLOSED_SHELL('',(#923,#963,#1003,#1025,#1047,#1059));
#923 = ADVANCED_FACE('',(#924),#958,.F.);
#924 = FACE_BOUND('',#925,.F.);
#925 = EDGE_LOOP('',(#926,#936,#944,#952));
#926 = ORIENTED_EDGE('',*,*,#927,.F.);
#927 = EDGE_CURVE('',#928,#930,#932,.T.);
#928 = VERTEX_POINT('',#929);
#929 = CARTESIAN_POINT('',(169.,109.,62.));
#930 = VERTEX_POINT('',#931);
#931 = CARTESIAN_POINT('',(169.,109.,65.));
#932 = LINE('',#933,#934);
#933 = CARTESIAN_POINT('',(169.,109.,62.));
#934 = VECTOR('',#935,1.);
#935 = DIRECTION('',(0.,0.,1.));
#936 = ORIENTED_EDGE('',*,*,#937,.T.);
#937 = EDGE_CURVE('',#928,#938,#940,.T.);
#938 = VERTEX_POINT('',#939);
#939 = CARTESIAN_POINT('',(169.,154.,62.));
#940 = LINE('',#941,#942);
#941 = CARTESIAN_POINT('',(169.,109.,62.));
#942 = VECTOR('',#943,1.);
#943 = DIRECTION('',(0.,1.,0.));
#944 = ORIENTED_EDGE('',*,*,#945,.T.);
#945 = EDGE_CURVE('',#938,#946,#948,.T.);
#946 = VERTEX_POINT('',#947);
#947 = CARTESIAN_POINT('',(169.,154.,65.));
#948 = LINE('',#949,#950);
#949 = CARTESIAN_POINT('',(169.,154.,62.));
#950 = VECTOR('',#951,1.);
#951 = DIRECTION('',(0.,0.,1.));
#952 = ORIENTED_EDGE('',*,*,#953,.F.);
#953 = EDGE_CURVE('',#930,#946,#954,.T.);
#954 = LINE('',#955,#956);
#955 = CARTESIAN_POINT('',(169.,109.,65.));
#956 = VECTOR('',#957,1.);
#957 = DIRECTION('',(0.,1.,0.));
#958 = PLANE('',#959);
#959 = AXIS2_PLACEMENT_3D('',#960,#961,#962);
#960 = CARTESIAN_POINT('',(169.,109.,62.));
#961 = DIRECTION('',(1.,0.,0.));
#962 = DIRECTION('',(0.,0.,1.));
#963 = ADVANCED_FACE('',(#964),#998,.T.);
#964 = FACE_BOUND('',#965,.T.);
#965 = EDGE_LOOP('',(#966,#976,#984,#992));
#966 = ORIENTED_EDGE('',*,*,#967,.F.);
#967 = EDGE_CURVE('',#968,#970,#972,.T.);
#968 = VERTEX_POINT('',#969);
#969 = CARTESIAN_POINT('',(249.,109.,62.));
#970 = VERTEX_POINT('',#971);
#971 = CARTESIAN_POINT('',(249.,109.,65.));
#972 = LINE('',#973,#974);
#973 = CARTESIAN_POINT('',(249.,109.,62.));
#974 = VECTOR('',#975,1.);
#975 = DIRECTION('',(0.,0.,1.));
#976 = ORIENTED_EDGE('',*,*,#977,.T.);
#977 = EDGE_CURVE('',#968,#978,#980,.T.);
#978 = VERTEX_POINT('',#979);
#979 = CARTESIAN_POINT('',(249.,154.,62.));
#980 = LINE('',#981,#982);
#981 = CARTESIAN_POINT('',(249.,109.,62.));
#982 = VECTOR('',#983,1.);
#983 = DIRECTION('',(0.,1.,0.));
#984 = ORIENTED_EDGE('',*,*,#985,.T.);
#985 = EDGE_CURVE('',#978,#986,#988,.T.);
#986 = VERTEX_POINT('',#987);
#987 = CARTESIAN_POINT('',(249.,154.,65.));
#988 = LINE('',#989,#990);
#989 = CARTESIAN_POINT('',(249.,154.,62.));
#990 = VECTOR('',#991,1.);
#991 = DIRECTION('',(0.,0.,1.));
#992 = ORIENTED_EDGE('',*,*,#993,.F.);
#993 = EDGE_CURVE('',#970,#986,#994,.T.);
#994 = LINE('',#995,#996);
#995 = CARTESIAN_POINT('',(249.,109.,65.));
#996 = VECTOR('',#997,1.);
#997 = DIRECTION('',(0.,1.,0.));
#998 = PLANE('',#999);
#999 = AXIS2_PLACEMENT_3D('',#1000,#1001,#1002);
#1000 = CARTESIAN_POINT('',(249.,109.,62.));
#1001 = DIRECTION('',(1.,0.,0.));
#1002 = DIRECTION('',(0.,0.,1.));
#1003 = ADVANCED_FACE('',(#1004),#1020,.F.);
#1004 = FACE_BOUND('',#1005,.F.);
#1005 = EDGE_LOOP('',(#1006,#1012,#1013,#1019));
#1006 = ORIENTED_EDGE('',*,*,#1007,.F.);
#1007 = EDGE_CURVE('',#928,#968,#1008,.T.);
#1008 = LINE('',#1009,#1010);
#1009 = CARTESIAN_POINT('',(169.,109.,62.));
#1010 = VECTOR('',#1011,1.);
#1011 = DIRECTION('',(1.,0.,0.));
#1012 = ORIENTED_EDGE('',*,*,#927,.T.);
#1013 = ORIENTED_EDGE('',*,*,#1014,.T.);
#1014 = EDGE_CURVE('',#930,#970,#1015,.T.);
#1015 = LINE('',#1016,#1017);
#1016 = CARTESIAN_POINT('',(169.,109.,65.));
#1017 = VECTOR('',#1018,1.);
#1018 = DIRECTION('',(1.,0.,0.));
#1019 = ORIENTED_EDGE('',*,*,#967,.F.);
#1020 = PLANE('',#1021);
#1021 = AXIS2_PLACEMENT_3D('',#1022,#1023,#1024);
#1022 = CARTESIAN_POINT('',(169.,109.,62.));
#1023 = DIRECTION('',(0.,1.,0.));
#1024 = DIRECTION('',(0.,0.,1.));
#1025 = ADVANCED_FACE('',(#1026),#1042,.T.);
#1026 = FACE_BOUND('',#1027,.T.);
#1027 = EDGE_LOOP('',(#1028,#1034,#1035,#1041));
#1028 = ORIENTED_EDGE('',*,*,#1029,.F.);
#1029 = EDGE_CURVE('',#938,#978,#1030,.T.);
#1030 = LINE('',#1031,#1032);
#1031 = CARTESIAN_POINT('',(169.,154.,62.));
#1032 = VECTOR('',#1033,1.);
#1033 = DIRECTION('',(1.,0.,0.));
#1034 = ORIENTED_EDGE('',*,*,#945,.T.);
#1035 = ORIENTED_EDGE('',*,*,#1036,.T.);
#1036 = EDGE_CURVE('',#946,#986,#1037,.T.);
#1037 = LINE('',#1038,#1039);
#1038 = CARTESIAN_POINT('',(169.,154.,65.));
#1039 = VECTOR('',#1040,1.);
#1040 = DIRECTION('',(1.,0.,0.));
#1041 = ORIENTED_EDGE('',*,*,#985,.F.);
#1042 = PLANE('',#1043);
#1043 = AXIS2_PLACEMENT_3D('',#1044,#1045,#1046);
#1044 = CARTESIAN_POINT('',(169.,154.,62.));
#1045 = DIRECTION('',(0.,1.,0.));
#1046 = DIRECTION('',(0.,0.,1.));
#1047 = ADVANCED_FACE('',(#1048),#1054,.F.);
#1048 = FACE_BOUND('',#1049,.F.);
#1049 = EDGE_LOOP('',(#1050,#1051,#1052,#1053));
#1050 = ORIENTED_EDGE('',*,*,#937,.F.);
#1051 = ORIENTED_EDGE('',*,*,#1007,.T.);
#1052 = ORIENTED_EDGE('',*,*,#977,.T.);
#1053 = ORIENTED_EDGE('',*,*,#1029,.F.);
#1054 = PLANE('',#1055);
#1055 = AXIS2_PLACEMENT_3D('',#1056,#1057,#1058);
#1056 = CARTESIAN_POINT('',(169.,109.,62.));
#1057 = DIRECTION('',(0.,0.,1.));
#1058 = DIRECTION('',(1.,0.,0.));
#1059 = ADVANCED_FACE('',(#1060),#1066,.T.);
#1060 = FACE_BOUND('',#1061,.T.);
#1061 = EDGE_LOOP('',(#1062,#1063,#1064,#1065));
#1062 = ORIENTED_EDGE('',*,*,#953,.F.);
#1063 = ORIENTED_EDGE('',*,*,#1014,.T.);
#1064 = ORIENTED_EDGE('',*,*,#993,.T.);
#1065 = ORIENTED_EDGE('',*,*,#1036,.F.);
#1066 = PLANE('',#1067);
#1067 = AXIS2_PLACEMENT_3D('',#1068,#1069,#1070);
#1068 = CARTESIAN_POINT('',(169.,109.,65.));
#1069 = DIRECTION('',(0.,0.,1.));
#1070 = DIRECTION('',(1.,0.,0.));
#1071 = MANIFOLD_SOLID_BREP('',#1072);
#1072 = CLOSED_SHELL('',(#1073,#1113,#1153,#1175,#1197,#1209));
#1073 = ADVANCED_FACE('',(#1074),#1108,.F.);
#1074 = FACE_BOUND('',#1075,.F.);
#1075 = EDGE_LOOP('',(#1076,#1086,#1094,#1102));
#1076 = ORIENTED_EDGE('',*,*,#1077,.F.);
#1077 = EDGE_CURVE('',#1078,#1080,#1082,.T.);
#1078 = VERTEX_POINT('',#1079);
#1079 = CARTESIAN_POINT('',(28.,83.5,65.));
#1080 = VERTEX_POINT('',#1081);
#1081 = CARTESIAN_POINT('',(28.,83.5,85.));
#1082 = LINE('',#1083,#1084);
#1083 = CARTESIAN_POINT('',(28.,83.5,65.));
#1084 = VECTOR('',#1085,1.);
#1085 = DIRECTION('',(0.,0.,1.));
#1086 = ORIENTED_EDGE('',*,*,#1087,.T.);
#1087 = EDGE_CURVE('',#1078,#1088,#1090,.T.);
#1088 = VERTEX_POINT('',#1089);
#1089 = CARTESIAN_POINT('',(28.,85.,65.));
#1090 = LINE('',#1091,#1092);
#1091 = CARTESIAN_POINT('',(28.,83.5,65.));
#1092 = VECTOR('',#1093,1.);
#1093 = DIRECTION('',(0.,1.,0.));
#1094 = ORIENTED_EDGE('',*,*,#1095,.T.);
#1095 = EDGE_CURVE('',#1088,#1096,#1098,.T.);
#1096 = VERTEX_POINT('',#1097);
#1097 = CARTESIAN_POINT('',(28.,85.,85.));
#1098 = LINE('',#1099,#1100);
#1099 = CARTESIAN_POINT('',(28.,85.,65.));
#1100 = VECTOR('',#1101,1.);
#1101 = DIRECTION('',(0.,0.,1.));
#1102 = ORIENTED_EDGE('',*,*,#1103,.F.);
#1103 = EDGE_CURVE('',#1080,#1096,#1104,.T.);
#1104 = LINE('',#1105,#1106);
#1105 = CARTESIAN_POINT('',(28.,83.5,85.));
#1106 = VECTOR('',#1107,1.);
#1107 = DIRECTION('',(0.,1.,0.));
#1108 = PLANE('',#1109);
#1109 = AXIS2_PLACEMENT_3D('',#1110,#1111,#1112);
#1110 = CARTESIAN_POINT('',(28.,83.5,65.));
#1111 = DIRECTION('',(1.,0.,0.));
#1112 = DIRECTION('',(0.,0.,1.));
#1113 = ADVANCED_FACE('',(#1114),#1148,.T.);
#1114 = FACE_BOUND('',#1115,.T.);
#1115 = EDGE_LOOP('',(#1116,#1126,#1134,#1142));
#1116 = ORIENTED_EDGE('',*,*,#1117,.F.);
#1117 = EDGE_CURVE('',#1118,#1120,#1122,.T.);
#1118 = VERTEX_POINT('',#1119);
#1119 = CARTESIAN_POINT('',(247.,83.5,65.));
#1120 = VERTEX_POINT('',#1121);
#1121 = CARTESIAN_POINT('',(247.,83.5,85.));
#1122 = LINE('',#1123,#1124);
#1123 = CARTESIAN_POINT('',(247.,83.5,65.));
#1124 = VECTOR('',#1125,1.);
#1125 = DIRECTION('',(0.,0.,1.));
#1126 = ORIENTED_EDGE('',*,*,#1127,.T.);
#1127 = EDGE_CURVE('',#1118,#1128,#1130,.T.);
#1128 = VERTEX_POINT('',#1129);
#1129 = CARTESIAN_POINT('',(247.,85.,65.));
#1130 = LINE('',#1131,#1132);
#1131 = CARTESIAN_POINT('',(247.,83.5,65.));
#1132 = VECTOR('',#1133,1.);
#1133 = DIRECTION('',(0.,1.,0.));
#1134 = ORIENTED_EDGE('',*,*,#1135,.T.);
#1135 = EDGE_CURVE('',#1128,#1136,#1138,.T.);
#1136 = VERTEX_POINT('',#1137);
#1137 = CARTESIAN_POINT('',(247.,85.,85.));
#1138 = LINE('',#1139,#1140);
#1139 = CARTESIAN_POINT('',(247.,85.,65.));
#1140 = VECTOR('',#1141,1.);
#1141 = DIRECTION('',(0.,0.,1.));
#1142 = ORIENTED_EDGE('',*,*,#1143,.F.);
#1143 = EDGE_CURVE('',#1120,#1136,#1144,.T.);
#1144 = LINE('',#1145,#1146);
#1145 = CARTESIAN_POINT('',(247.,83.5,85.));
#1146 = VECTOR('',#1147,1.);
#1147 = DIRECTION('',(0.,1.,0.));
#1148 = PLANE('',#1149);
#1149 = AXIS2_PLACEMENT_3D('',#1150,#1151,#1152);
#1150 = CARTESIAN_POINT('',(247.,83.5,65.));
#1151 = DIRECTION('',(1.,0.,0.));
#1152 = DIRECTION('',(0.,0.,1.));
#1153 = ADVANCED_FACE('',(#1154),#1170,.F.);
#1154 = FACE_BOUND('',#1155,.F.);
#1155 = EDGE_LOOP('',(#1156,#1162,#1163,#1169));
#1156 = ORIENTED_EDGE('',*,*,#1157,.F.);
#1157 = EDGE_CURVE('',#1078,#1118,#1158,.T.);
#1158 = LINE('',#1159,#1160);
#1159 = CARTESIAN_POINT('',(28.,83.5,65.));
#1160 = VECTOR('',#1161,1.);
#1161 = DIRECTION('',(1.,0.,0.));
#1162 = ORIENTED_EDGE('',*,*,#1077,.T.);
#1163 = ORIENTED_EDGE('',*,*,#1164,.T.);
#1164 = EDGE_CURVE('',#1080,#1120,#1165,.T.);
#1165 = LINE('',#1166,#1167);
#1166 = CARTESIAN_POINT('',(28.,83.5,85.));
#1167 = VECTOR('',#1168,1.);
#1168 = DIRECTION('',(1.,0.,0.));
#1169 = ORIENTED_EDGE('',*,*,#1117,.F.);
#1170 = PLANE('',#1171);
#1171 = AXIS2_PLACEMENT_3D('',#1172,#1173,#1174);
#1172 = CARTESIAN_POINT('',(28.,83.5,65.));
#1173 = DIRECTION('',(0.,1.,0.));
#1174 = DIRECTION('',(0.,0.,1.));
#1175 = ADVANCED_FACE('',(#1176),#1192,.T.);
#1176 = FACE_BOUND('',#1177,.T.);
#1177 = EDGE_LOOP('',(#1178,#1184,#1185,#1191));
#1178 = ORIENTED_EDGE('',*,*,#1179,.F.);
#1179 = EDGE_CURVE('',#1088,#1128,#1180,.T.);
#1180 = LINE('',#1181,#1182);
#1181 = CARTESIAN_POINT('',(28.,85.,65.));
#1182 = VECTOR('',#1183,1.);
#1183 = DIRECTION('',(1.,0.,0.));
#1184 = ORIENTED_EDGE('',*,*,#1095,.T.);
#1185 = ORIENTED_EDGE('',*,*,#1186,.T.);
#1186 = EDGE_CURVE('',#1096,#1136,#1187,.T.);
#1187 = LINE('',#1188,#1189);
#1188 = CARTESIAN_POINT('',(28.,85.,85.));
#1189 = VECTOR('',#1190,1.);
#1190 = DIRECTION('',(1.,0.,0.));
#1191 = ORIENTED_EDGE('',*,*,#1135,.F.);
#1192 = PLANE('',#1193);
#1193 = AXIS2_PLACEMENT_3D('',#1194,#1195,#1196);
#1194 = CARTESIAN_POINT('',(28.,85.,65.));
#1195 = DIRECTION('',(0.,1.,0.));
#1196 = DIRECTION('',(0.,0.,1.));
#1197 = ADVANCED_FACE('',(#1198),#1204,.F.);
#1198 = FACE_BOUND('',#1199,.F.);
#1199 = EDGE_LOOP('',(#1200,#1201,#1202,#1203));
#1200 = ORIENTED_EDGE('',*,*,#1087,.F.);
#1201 = ORIENTED_EDGE('',*,*,#1157,.T.);
#1202 = ORIENTED_EDGE('',*,*,#1127,.T.);
#1203 = ORIENTED_EDGE('',*,*,#1179,.F.);
#1204 = PLANE('',#1205);
#1205 = AXIS2_PLACEMENT_3D('',#1206,#1207,#1208);
#1206 = CARTESIAN_POINT('',(28.,83.5,65.));
#1207 = DIRECTION('',(0.,0.,1.));
#1208 = DIRECTION('',(1.,0.,0.));
#1209 = ADVANCED_FACE('',(#1210),#1216,.T.);
#1210 = FACE_BOUND('',#1211,.T.);
#1211 = EDGE_LOOP('',(#1212,#1213,#1214,#1215));
#1212 = ORIENTED_EDGE('',*,*,#1103,.F.);
#1213 = ORIENTED_EDGE('',*,*,#1164,.T.);
#1214 = ORIENTED_EDGE('',*,*,#1143,.T.);
#1215 = ORIENTED_EDGE('',*,*,#1186,.F.);
#1216 = PLANE('',#1217);
#1217 = AXIS2_PLACEMENT_3D('',#1218,#1219,#1220);
#1218 = CARTESIAN_POINT('',(28.,83.5,85.));
#1219 = DIRECTION('',(0.,0.,1.));
#1220 = DIRECTION('',(1.,0.,0.));
#1221 = MANIFOLD_SOLID_BREP('',#1222);
#1222 = CLOSED_SHELL('',(#1223,#1263,#1303,#1325,#1347,#1359));
#1223 = ADVANCED_FACE('',(#1224),#1258,.F.);
#1224 = FACE_BOUND('',#1225,.F.);
#1225 = EDGE_LOOP('',(#1226,#1236,#1244,#1252));
#1226 = ORIENTED_EDGE('',*,*,#1227,.F.);
#1227 = EDGE_CURVE('',#1228,#1230,#1232,.T.);
#1228 = VERTEX_POINT('',#1229);
#1229 = CARTESIAN_POINT('',(26.,13.,65.));
#1230 = VERTEX_POINT('',#1231);
#1231 = CARTESIAN_POINT('',(26.,13.,86.));
#1232 = LINE('',#1233,#1234);
#1233 = CARTESIAN_POINT('',(26.,13.,65.));
#1234 = VECTOR('',#1235,1.);
#1235 = DIRECTION('',(0.,0.,1.));
#1236 = ORIENTED_EDGE('',*,*,#1237,.T.);
#1237 = EDGE_CURVE('',#1228,#1238,#1240,.T.);
#1238 = VERTEX_POINT('',#1239);
#1239 = CARTESIAN_POINT('',(26.,153.,65.));
#1240 = LINE('',#1241,#1242);
#1241 = CARTESIAN_POINT('',(26.,13.,65.));
#1242 = VECTOR('',#1243,1.);
#1243 = DIRECTION('',(0.,1.,0.));
#1244 = ORIENTED_EDGE('',*,*,#1245,.T.);
#1245 = EDGE_CURVE('',#1238,#1246,#1248,.T.);
#1246 = VERTEX_POINT('',#1247);
#1247 = CARTESIAN_POINT('',(26.,153.,86.));
#1248 = LINE('',#1249,#1250);
#1249 = CARTESIAN_POINT('',(26.,153.,65.));
#1250 = VECTOR('',#1251,1.);
#1251 = DIRECTION('',(0.,0.,1.));
#1252 = ORIENTED_EDGE('',*,*,#1253,.F.);
#1253 = EDGE_CURVE('',#1230,#1246,#1254,.T.);
#1254 = LINE('',#1255,#1256);
#1255 = CARTESIAN_POINT('',(26.,13.,86.));
#1256 = VECTOR('',#1257,1.);
#1257 = DIRECTION('',(0.,1.,0.));
#1258 = PLANE('',#1259);
#1259 = AXIS2_PLACEMENT_3D('',#1260,#1261,#1262);
#1260 = CARTESIAN_POINT('',(26.,13.,65.));
#1261 = DIRECTION('',(1.,0.,0.));
#1262 = DIRECTION('',(0.,0.,1.));
#1263 = ADVANCED_FACE('',(#1264),#1298,.T.);
#1264 = FACE_BOUND('',#1265,.T.);
#1265 = EDGE_LOOP('',(#1266,#1276,#1284,#1292));
#1266 = ORIENTED_EDGE('',*,*,#1267,.F.);
#1267 = EDGE_CURVE('',#1268,#1270,#1272,.T.);
#1268 = VERTEX_POINT('',#1269);
#1269 = CARTESIAN_POINT('',(28.,13.,65.));
#1270 = VERTEX_POINT('',#1271);
#1271 = CARTESIAN_POINT('',(28.,13.,86.));
#1272 = LINE('',#1273,#1274);
#1273 = CARTESIAN_POINT('',(28.,13.,65.));
#1274 = VECTOR('',#1275,1.);
#1275 = DIRECTION('',(0.,0.,1.));
#1276 = ORIENTED_EDGE('',*,*,#1277,.T.);
#1277 = EDGE_CURVE('',#1268,#1278,#1280,.T.);
#1278 = VERTEX_POINT('',#1279);
#1279 = CARTESIAN_POINT('',(28.,153.,65.));
#1280 = LINE('',#1281,#1282);
#1281 = CARTESIAN_POINT('',(28.,13.,65.));
#1282 = VECTOR('',#1283,1.);
#1283 = DIRECTION('',(0.,1.,0.));
#1284 = ORIENTED_EDGE('',*,*,#1285,.T.);
#1285 = EDGE_CURVE('',#1278,#1286,#1288,.T.);
#1286 = VERTEX_POINT('',#1287);
#1287 = CARTESIAN_POINT('',(28.,153.,86.));
#1288 = LINE('',#1289,#1290);
#1289 = CARTESIAN_POINT('',(28.,153.,65.));
#1290 = VECTOR('',#1291,1.);
#1291 = DIRECTION('',(0.,0.,1.));
#1292 = ORIENTED_EDGE('',*,*,#1293,.F.);
#1293 = EDGE_CURVE('',#1270,#1286,#1294,.T.);
#1294 = LINE('',#1295,#1296);
#1295 = CARTESIAN_POINT('',(28.,13.,86.));
#1296 = VECTOR('',#1297,1.);
#1297 = DIRECTION('',(0.,1.,0.));
#1298 = PLANE('',#1299);
#1299 = AXIS2_PLACEMENT_3D('',#1300,#1301,#1302);
#1300 = CARTESIAN_POINT('',(28.,13.,65.));
#1301 = DIRECTION('',(1.,0.,0.));
#1302 = DIRECTION('',(0.,0.,1.));
#1303 = ADVANCED_FACE('',(#1304),#1320,.F.);
#1304 = FACE_BOUND('',#1305,.F.);
#1305 = EDGE_LOOP('',(#1306,#1312,#1313,#1319));
#1306 = ORIENTED_EDGE('',*,*,#1307,.F.);
#1307 = EDGE_CURVE('',#1228,#1268,#1308,.T.);
#1308 = LINE('',#1309,#1310);
#1309 = CARTESIAN_POINT('',(26.,13.,65.));
#1310 = VECTOR('',#1311,1.);
#1311 = DIRECTION('',(1.,0.,0.));
#1312 = ORIENTED_EDGE('',*,*,#1227,.T.);
#1313 = ORIENTED_EDGE('',*,*,#1314,.T.);
#1314 = EDGE_CURVE('',#1230,#1270,#1315,.T.);
#1315 = LINE('',#1316,#1317);
#1316 = CARTESIAN_POINT('',(26.,13.,86.));
#1317 = VECTOR('',#1318,1.);
#1318 = DIRECTION('',(1.,0.,0.));
#1319 = ORIENTED_EDGE('',*,*,#1267,.F.);
#1320 = PLANE('',#1321);
#1321 = AXIS2_PLACEMENT_3D('',#1322,#1323,#1324);
#1322 = CARTESIAN_POINT('',(26.,13.,65.));
#1323 = DIRECTION('',(0.,1.,0.));
#1324 = DIRECTION('',(0.,0.,1.));
#1325 = ADVANCED_FACE('',(#1326),#1342,.T.);
#1326 = FACE_BOUND('',#1327,.T.);
#1327 = EDGE_LOOP('',(#1328,#1334,#1335,#1341));
#1328 = ORIENTED_EDGE('',*,*,#1329,.F.);
#1329 = EDGE_CURVE('',#1238,#1278,#1330,.T.);
#1330 = LINE('',#1331,#1332);
#1331 = CARTESIAN_POINT('',(26.,153.,65.));
#1332 = VECTOR('',#1333,1.);
#1333 = DIRECTION('',(1.,0.,0.));
#1334 = ORIENTED_EDGE('',*,*,#1245,.T.);
#1335 = ORIENTED_EDGE('',*,*,#1336,.T.);
#1336 = EDGE_CURVE('',#1246,#1286,#1337,.T.);
#1337 = LINE('',#1338,#1339);
#1338 = CARTESIAN_POINT('',(26.,153.,86.));
#1339 = VECTOR('',#1340,1.);
#1340 = DIRECTION('',(1.,0.,0.));
#1341 = ORIENTED_EDGE('',*,*,#1285,.F.);
#1342 = PLANE('',#1343);
#1343 = AXIS2_PLACEMENT_3D('',#1344,#1345,#1346);
#1344 = CARTESIAN_POINT('',(26.,153.,65.));
#1345 = DIRECTION('',(0.,1.,0.));
#1346 = DIRECTION('',(0.,0.,1.));
#1347 = ADVANCED_FACE('',(#1348),#1354,.F.);
#1348 = FACE_BOUND('',#1349,.F.);
#1349 = EDGE_LOOP('',(#1350,#1351,#1352,#1353));
#1350 = ORIENTED_EDGE('',*,*,#1237,.F.);
#1351 = ORIENTED_EDGE('',*,*,#1307,.T.);
#1352 = ORIENTED_EDGE('',*,*,#1277,.T.);
#1353 = ORIENTED_EDGE('',*,*,#1329,.F.);
#1354 = PLANE('',#1355);
#1355 = AXIS2_PLACEMENT_3D('',#1356,#1357,#1358);
#1356 = CARTESIAN_POINT('',(26.,13.,65.));
#1357 = DIRECTION('',(0.,0.,1.));
#1358 = DIRECTION('',(1.,0.,0.));
#1359 = ADVANCED_FACE('',(#1360),#1366,.T.);
#1360 = FACE_BOUND('',#1361,.T.);
#1361 = EDGE_LOOP('',(#1362,#1363,#1364,#1365));
#1362 = ORIENTED_EDGE('',*,*,#1253,.F.);
#1363 = ORIENTED_EDGE('',*,*,#1314,.T.);
#1364 = ORIENTED_EDGE('',*,*,#1293,.T.);
#1365 = ORIENTED_EDGE('',*,*,#1336,.F.);
#1366 = PLANE('',#1367);
#1367 = AXIS2_PLACEMENT_3D('',#1368,#1369,#1370);
#1368 = CARTESIAN_POINT('',(26.,13.,86.));
#1369 = DIRECTION('',(0.,0.,1.));
#1370 = DIRECTION('',(1.,0.,0.));
#1371 = MANIFOLD_SOLID_BREP('',#1372);
#1372 = CLOSED_SHELL('',(#1373,#1413,#1453,#1475,#1497,#1509));
#1373 = ADVANCED_FACE('',(#1374),#1408,.F.);
#1374 = FACE_BOUND('',#1375,.F.);
#1375 = EDGE_LOOP('',(#1376,#1386,#1394,#1402));
#1376 = ORIENTED_EDGE('',*,*,#1377,.F.);
#1377 = EDGE_CURVE('',#1378,#1380,#1382,.T.);
#1378 = VERTEX_POINT('',#1379);
#1379 = CARTESIAN_POINT('',(247.,27.,65.));
#1380 = VERTEX_POINT('',#1381);
#1381 = CARTESIAN_POINT('',(247.,27.,85.));
#1382 = LINE('',#1383,#1384);
#1383 = CARTESIAN_POINT('',(247.,27.,65.));
#1384 = VECTOR('',#1385,1.);
#1385 = DIRECTION('',(0.,0.,1.));
#1386 = ORIENTED_EDGE('',*,*,#1387,.T.);
#1387 = EDGE_CURVE('',#1378,#1388,#1390,.T.);
#1388 = VERTEX_POINT('',#1389);
#1389 = CARTESIAN_POINT('',(247.,153.,65.));
#1390 = LINE('',#1391,#1392);
#1391 = CARTESIAN_POINT('',(247.,27.,65.));
#1392 = VECTOR('',#1393,1.);
#1393 = DIRECTION('',(0.,1.,0.));
#1394 = ORIENTED_EDGE('',*,*,#1395,.T.);
#1395 = EDGE_CURVE('',#1388,#1396,#1398,.T.);
#1396 = VERTEX_POINT('',#1397);
#1397 = CARTESIAN_POINT('',(247.,153.,85.));
#1398 = LINE('',#1399,#1400);
#1399 = CARTESIAN_POINT('',(247.,153.,65.));
#1400 = VECTOR('',#1401,1.);
#1401 = DIRECTION('',(0.,0.,1.));
#1402 = ORIENTED_EDGE('',*,*,#1403,.F.);
#1403 = EDGE_CURVE('',#1380,#1396,#1404,.T.);
#1404 = LINE('',#1405,#1406);
#1405 = CARTESIAN_POINT('',(247.,27.,85.));
#1406 = VECTOR('',#1407,1.);
#1407 = DIRECTION('',(0.,1.,0.));
#1408 = PLANE('',#1409);
#1409 = AXIS2_PLACEMENT_3D('',#1410,#1411,#1412);
#1410 = CARTESIAN_POINT('',(247.,27.,65.));
#1411 = DIRECTION('',(1.,0.,0.));
#1412 = DIRECTION('',(0.,0.,1.));
#1413 = ADVANCED_FACE('',(#1414),#1448,.T.);
#1414 = FACE_BOUND('',#1415,.T.);
#1415 = EDGE_LOOP('',(#1416,#1426,#1434,#1442));
#1416 = ORIENTED_EDGE('',*,*,#1417,.F.);
#1417 = EDGE_CURVE('',#1418,#1420,#1422,.T.);
#1418 = VERTEX_POINT('',#1419);
#1419 = CARTESIAN_POINT('',(249.,27.,65.));
#1420 = VERTEX_POINT('',#1421);
#1421 = CARTESIAN_POINT('',(249.,27.,85.));
#1422 = LINE('',#1423,#1424);
#1423 = CARTESIAN_POINT('',(249.,27.,65.));
#1424 = VECTOR('',#1425,1.);
#1425 = DIRECTION('',(0.,0.,1.));
#1426 = ORIENTED_EDGE('',*,*,#1427,.T.);
#1427 = EDGE_CURVE('',#1418,#1428,#1430,.T.);
#1428 = VERTEX_POINT('',#1429);
#1429 = CARTESIAN_POINT('',(249.,153.,65.));
#1430 = LINE('',#1431,#1432);
#1431 = CARTESIAN_POINT('',(249.,27.,65.));
#1432 = VECTOR('',#1433,1.);
#1433 = DIRECTION('',(0.,1.,0.));
#1434 = ORIENTED_EDGE('',*,*,#1435,.T.);
#1435 = EDGE_CURVE('',#1428,#1436,#1438,.T.);
#1436 = VERTEX_POINT('',#1437);
#1437 = CARTESIAN_POINT('',(249.,153.,85.));
#1438 = LINE('',#1439,#1440);
#1439 = CARTESIAN_POINT('',(249.,153.,65.));
#1440 = VECTOR('',#1441,1.);
#1441 = DIRECTION('',(0.,0.,1.));
#1442 = ORIENTED_EDGE('',*,*,#1443,.F.);
#1443 = EDGE_CURVE('',#1420,#1436,#1444,.T.);
#1444 = LINE('',#1445,#1446);
#1445 = CARTESIAN_POINT('',(249.,27.,85.));
#1446 = VECTOR('',#1447,1.);
#1447 = DIRECTION('',(0.,1.,0.));
#1448 = PLANE('',#1449);
#1449 = AXIS2_PLACEMENT_3D('',#1450,#1451,#1452);
#1450 = CARTESIAN_POINT('',(249.,27.,65.));
#1451 = DIRECTION('',(1.,0.,0.));
#1452 = DIRECTION('',(0.,0.,1.));
#1453 = ADVANCED_FACE('',(#1454),#1470,.F.);
#1454 = FACE_BOUND('',#1455,.F.);
#1455 = EDGE_LOOP('',(#1456,#1462,#1463,#1469));
#1456 = ORIENTED_EDGE('',*,*,#1457,.F.);
#1457 = EDGE_CURVE('',#1378,#1418,#1458,.T.);
#1458 = LINE('',#1459,#1460);
#1459 = CARTESIAN_POINT('',(247.,27.,65.));
#1460 = VECTOR('',#1461,1.);
#1461 = DIRECTION('',(1.,0.,0.));
#1462 = ORIENTED_EDGE('',*,*,#1377,.T.);
#1463 = ORIENTED_EDGE('',*,*,#1464,.T.);
#1464 = EDGE_CURVE('',#1380,#1420,#1465,.T.);
#1465 = LINE('',#1466,#1467);
#1466 = CARTESIAN_POINT('',(247.,27.,85.));
#1467 = VECTOR('',#1468,1.);
#1468 = DIRECTION('',(1.,0.,0.));
#1469 = ORIENTED_EDGE('',*,*,#1417,.F.);
#1470 = PLANE('',#1471);
#1471 = AXIS2_PLACEMENT_3D('',#1472,#1473,#1474);
#1472 = CARTESIAN_POINT('',(247.,27.,65.));
#1473 = DIRECTION('',(0.,1.,0.));
#1474 = DIRECTION('',(0.,0.,1.));
#1475 = ADVANCED_FACE('',(#1476),#1492,.T.);
#1476 = FACE_BOUND('',#1477,.T.);
#1477 = EDGE_LOOP('',(#1478,#1484,#1485,#1491));
#1478 = ORIENTED_EDGE('',*,*,#1479,.F.);
#1479 = EDGE_CURVE('',#1388,#1428,#1480,.T.);
#1480 = LINE('',#1481,#1482);
#1481 = CARTESIAN_POINT('',(247.,153.,65.));
#1482 = VECTOR('',#1483,1.);
#1483 = DIRECTION('',(1.,0.,0.));
#1484 = ORIENTED_EDGE('',*,*,#1395,.T.);
#1485 = ORIENTED_EDGE('',*,*,#1486,.T.);
#1486 = EDGE_CURVE('',#1396,#1436,#1487,.T.);
#1487 = LINE('',#1488,#1489);
#1488 = CARTESIAN_POINT('',(247.,153.,85.));
#1489 = VECTOR('',#1490,1.);
#1490 = DIRECTION('',(1.,0.,0.));
#1491 = ORIENTED_EDGE('',*,*,#1435,.F.);
#1492 = PLANE('',#1493);
#1493 = AXIS2_PLACEMENT_3D('',#1494,#1495,#1496);
#1494 = CARTESIAN_POINT('',(247.,153.,65.));
#1495 = DIRECTION('',(0.,1.,0.));
#1496 = DIRECTION('',(0.,0.,1.));
#1497 = ADVANCED_FACE('',(#1498),#1504,.F.);
#1498 = FACE_BOUND('',#1499,.F.);
#1499 = EDGE_LOOP('',(#1500,#1501,#1502,#1503));
#1500 = ORIENTED_EDGE('',*,*,#1387,.F.);
#1501 = ORIENTED_EDGE('',*,*,#1457,.T.);
#1502 = ORIENTED_EDGE('',*,*,#1427,.T.);
#1503 = ORIENTED_EDGE('',*,*,#1479,.F.);
#1504 = PLANE('',#1505);
#1505 = AXIS2_PLACEMENT_3D('',#1506,#1507,#1508);
#1506 = CARTESIAN_POINT('',(247.,27.,65.));
#1507 = DIRECTION('',(0.,0.,1.));
#1508 = DIRECTION('',(1.,0.,0.));
#1509 = ADVANCED_FACE('',(#1510),#1516,.T.);
#1510 = FACE_BOUND('',#1511,.T.);
#1511 = EDGE_LOOP('',(#1512,#1513,#1514,#1515));
#1512 = ORIENTED_EDGE('',*,*,#1403,.F.);
#1513 = ORIENTED_EDGE('',*,*,#1464,.T.);
#1514 = ORIENTED_EDGE('',*,*,#1443,.T.);
#1515 = ORIENTED_EDGE('',*,*,#1486,.F.);
#1516 = PLANE('',#1517);
#1517 = AXIS2_PLACEMENT_3D('',#1518,#1519,#1520);
#1518 = CARTESIAN_POINT('',(247.,27.,85.));
#1519 = DIRECTION('',(0.,0.,1.));
#1520 = DIRECTION('',(1.,0.,0.));
#1521 = MANIFOLD_SOLID_BREP('',#1522);
#1522 = CLOSED_SHELL('',(#1523,#1563,#1603,#1625,#1647,#1659));
#1523 = ADVANCED_FACE('',(#1524),#1558,.F.);
#1524 = FACE_BOUND('',#1525,.F.);
#1525 = EDGE_LOOP('',(#1526,#1536,#1544,#1552));
#1526 = ORIENTED_EDGE('',*,*,#1527,.F.);
#1527 = EDGE_CURVE('',#1528,#1530,#1532,.T.);
#1528 = VERTEX_POINT('',#1529);
#1529 = CARTESIAN_POINT('',(105.,13.,78.));
#1530 = VERTEX_POINT('',#1531);
#1531 = CARTESIAN_POINT('',(105.,13.,86.));
#1532 = LINE('',#1533,#1534);
#1533 = CARTESIAN_POINT('',(105.,13.,78.));
#1534 = VECTOR('',#1535,1.);
#1535 = DIRECTION('',(0.,0.,1.));
#1536 = ORIENTED_EDGE('',*,*,#1537,.T.);
#1537 = EDGE_CURVE('',#1528,#1538,#1540,.T.);
#1538 = VERTEX_POINT('',#1539);
#1539 = CARTESIAN_POINT('',(105.,83.,78.));
#1540 = LINE('',#1541,#1542);
#1541 = CARTESIAN_POINT('',(105.,13.,78.));
#1542 = VECTOR('',#1543,1.);
#1543 = DIRECTION('',(0.,1.,0.));
#1544 = ORIENTED_EDGE('',*,*,#1545,.T.);
#1545 = EDGE_CURVE('',#1538,#1546,#1548,.T.);
#1546 = VERTEX_POINT('',#1547);
#1547 = CARTESIAN_POINT('',(105.,83.,86.));
#1548 = LINE('',#1549,#1550);
#1549 = CARTESIAN_POINT('',(105.,83.,78.));
#1550 = VECTOR('',#1551,1.);
#1551 = DIRECTION('',(0.,0.,1.));
#1552 = ORIENTED_EDGE('',*,*,#1553,.F.);
#1553 = EDGE_CURVE('',#1530,#1546,#1554,.T.);
#1554 = LINE('',#1555,#1556);
#1555 = CARTESIAN_POINT('',(105.,13.,86.));
#1556 = VECTOR('',#1557,1.);
#1557 = DIRECTION('',(0.,1.,0.));
#1558 = PLANE('',#1559);
#1559 = AXIS2_PLACEMENT_3D('',#1560,#1561,#1562);
#1560 = CARTESIAN_POINT('',(105.,13.,78.));
#1561 = DIRECTION('',(1.,0.,0.));
#1562 = DIRECTION('',(0.,0.,1.));
#1563 = ADVANCED_FACE('',(#1564),#1598,.T.);
#1564 = FACE_BOUND('',#1565,.T.);
#1565 = EDGE_LOOP('',(#1566,#1576,#1584,#1592));
#1566 = ORIENTED_EDGE('',*,*,#1567,.F.);
#1567 = EDGE_CURVE('',#1568,#1570,#1572,.T.);
#1568 = VERTEX_POINT('',#1569);
#1569 = CARTESIAN_POINT('',(107.,13.,78.));
#1570 = VERTEX_POINT('',#1571);
#1571 = CARTESIAN_POINT('',(107.,13.,86.));
#1572 = LINE('',#1573,#1574);
#1573 = CARTESIAN_POINT('',(107.,13.,78.));
#1574 = VECTOR('',#1575,1.);
#1575 = DIRECTION('',(0.,0.,1.));
#1576 = ORIENTED_EDGE('',*,*,#1577,.T.);
#1577 = EDGE_CURVE('',#1568,#1578,#1580,.T.);
#1578 = VERTEX_POINT('',#1579);
#1579 = CARTESIAN_POINT('',(107.,83.,78.));
#1580 = LINE('',#1581,#1582);
#1581 = CARTESIAN_POINT('',(107.,13.,78.));
#1582 = VECTOR('',#1583,1.);
#1583 = DIRECTION('',(0.,1.,0.));
#1584 = ORIENTED_EDGE('',*,*,#1585,.T.);
#1585 = EDGE_CURVE('',#1578,#1586,#1588,.T.);
#1586 = VERTEX_POINT('',#1587);
#1587 = CARTESIAN_POINT('',(107.,83.,86.));
#1588 = LINE('',#1589,#1590);
#1589 = CARTESIAN_POINT('',(107.,83.,78.));
#1590 = VECTOR('',#1591,1.);
#1591 = DIRECTION('',(0.,0.,1.));
#1592 = ORIENTED_EDGE('',*,*,#1593,.F.);
#1593 = EDGE_CURVE('',#1570,#1586,#1594,.T.);
#1594 = LINE('',#1595,#1596);
#1595 = CARTESIAN_POINT('',(107.,13.,86.));
#1596 = VECTOR('',#1597,1.);
#1597 = DIRECTION('',(0.,1.,0.));
#1598 = PLANE('',#1599);
#1599 = AXIS2_PLACEMENT_3D('',#1600,#1601,#1602);
#1600 = CARTESIAN_POINT('',(107.,13.,78.));
#1601 = DIRECTION('',(1.,0.,0.));
#1602 = DIRECTION('',(0.,0.,1.));
#1603 = ADVANCED_FACE('',(#1604),#1620,.F.);
#1604 = FACE_BOUND('',#1605,.F.);
#1605 = EDGE_LOOP('',(#1606,#1612,#1613,#1619));
#1606 = ORIENTED_EDGE('',*,*,#1607,.F.);
#1607 = EDGE_CURVE('',#1528,#1568,#1608,.T.);
#1608 = LINE('',#1609,#1610);
#1609 = CARTESIAN_POINT('',(105.,13.,78.));
#1610 = VECTOR('',#1611,1.);
#1611 = DIRECTION('',(1.,0.,0.));
#1612 = ORIENTED_EDGE('',*,*,#1527,.T.);
#1613 = ORIENTED_EDGE('',*,*,#1614,.T.);
#1614 = EDGE_CURVE('',#1530,#1570,#1615,.T.);
#1615 = LINE('',#1616,#1617);
#1616 = CARTESIAN_POINT('',(105.,13.,86.));
#1617 = VECTOR('',#1618,1.);
#1618 = DIRECTION('',(1.,0.,0.));
#1619 = ORIENTED_EDGE('',*,*,#1567,.F.);
#1620 = PLANE('',#1621);
#1621 = AXIS2_PLACEMENT_3D('',#1622,#1623,#1624);
#1622 = CARTESIAN_POINT('',(105.,13.,78.));
#1623 = DIRECTION('',(0.,1.,0.));
#1624 = DIRECTION('',(0.,0.,1.));
#1625 = ADVANCED_FACE('',(#1626),#1642,.T.);
#1626 = FACE_BOUND('',#1627,.T.);
#1627 = EDGE_LOOP('',(#1628,#1634,#1635,#1641));
#1628 = ORIENTED_EDGE('',*,*,#1629,.F.);
#1629 = EDGE_CURVE('',#1538,#1578,#1630,.T.);
#1630 = LINE('',#1631,#1632);
#1631 = CARTESIAN_POINT('',(105.,83.,78.));
#1632 = VECTOR('',#1633,1.);
#1633 = DIRECTION('',(1.,0.,0.));
#1634 = ORIENTED_EDGE('',*,*,#1545,.T.);
#1635 = ORIENTED_EDGE('',*,*,#1636,.T.);
#1636 = EDGE_CURVE('',#1546,#1586,#1637,.T.);
#1637 = LINE('',#1638,#1639);
#1638 = CARTESIAN_POINT('',(105.,83.,86.));
#1639 = VECTOR('',#1640,1.);
#1640 = DIRECTION('',(1.,0.,0.));
#1641 = ORIENTED_EDGE('',*,*,#1585,.F.);
#1642 = PLANE('',#1643);
#1643 = AXIS2_PLACEMENT_3D('',#1644,#1645,#1646);
#1644 = CARTESIAN_POINT('',(105.,83.,78.));
#1645 = DIRECTION('',(0.,1.,0.));
#1646 = DIRECTION('',(0.,0.,1.));
#1647 = ADVANCED_FACE('',(#1648),#1654,.F.);
#1648 = FACE_BOUND('',#1649,.F.);
#1649 = EDGE_LOOP('',(#1650,#1651,#1652,#1653));
#1650 = ORIENTED_EDGE('',*,*,#1537,.F.);
#1651 = ORIENTED_EDGE('',*,*,#1607,.T.);
#1652 = ORIENTED_EDGE('',*,*,#1577,.T.);
#1653 = ORIENTED_EDGE('',*,*,#1629,.F.);
#1654 = PLANE('',#1655);
#1655 = AXIS2_PLACEMENT_3D('',#1656,#1657,#1658);
#1656 = CARTESIAN_POINT('',(105.,13.,78.));
#1657 = DIRECTION('',(0.,0.,1.));
#1658 = DIRECTION('',(1.,0.,0.));
#1659 = ADVANCED_FACE('',(#1660),#1666,.T.);
#1660 = FACE_BOUND('',#1661,.T.);
#1661 = EDGE_LOOP('',(#1662,#1663,#1664,#1665));
#1662 = ORIENTED_EDGE('',*,*,#1553,.F.);
#1663 = ORIENTED_EDGE('',*,*,#1614,.T.);
#1664 = ORIENTED_EDGE('',*,*,#1593,.T.);
#1665 = ORIENTED_EDGE('',*,*,#1636,.F.);
#1666 = PLANE('',#1667);
#1667 = AXIS2_PLACEMENT_3D('',#1668,#1669,#1670);
#1668 = CARTESIAN_POINT('',(105.,13.,86.));
#1669 = DIRECTION('',(0.,0.,1.));
#1670 = DIRECTION('',(1.,0.,0.));
#1671 = MANIFOLD_SOLID_BREP('',#1672);
#1672 = CLOSED_SHELL('',(#1673,#1713,#1753,#1775,#1797,#1809));
#1673 = ADVANCED_FACE('',(#1674),#1708,.F.);
#1674 = FACE_BOUND('',#1675,.F.);
#1675 = EDGE_LOOP('',(#1676,#1686,#1694,#1702));
#1676 = ORIENTED_EDGE('',*,*,#1677,.F.);
#1677 = EDGE_CURVE('',#1678,#1680,#1682,.T.);
#1678 = VERTEX_POINT('',#1679);
#1679 = CARTESIAN_POINT('',(106.,85.,54.));
#1680 = VERTEX_POINT('',#1681);
#1681 = CARTESIAN_POINT('',(106.,85.,65.));
#1682 = LINE('',#1683,#1684);
#1683 = CARTESIAN_POINT('',(106.,85.,54.));
#1684 = VECTOR('',#1685,1.);
#1685 = DIRECTION('',(0.,0.,1.));
#1686 = ORIENTED_EDGE('',*,*,#1687,.T.);
#1687 = EDGE_CURVE('',#1678,#1688,#1690,.T.);
#1688 = VERTEX_POINT('',#1689);
#1689 = CARTESIAN_POINT('',(106.,153.,54.));
#1690 = LINE('',#1691,#1692);
#1691 = CARTESIAN_POINT('',(106.,85.,54.));
#1692 = VECTOR('',#1693,1.);
#1693 = DIRECTION('',(0.,1.,0.));
#1694 = ORIENTED_EDGE('',*,*,#1695,.T.);
#1695 = EDGE_CURVE('',#1688,#1696,#1698,.T.);
#1696 = VERTEX_POINT('',#1697);
#1697 = CARTESIAN_POINT('',(106.,153.,65.));
#1698 = LINE('',#1699,#1700);
#1699 = CARTESIAN_POINT('',(106.,153.,54.));
#1700 = VECTOR('',#1701,1.);
#1701 = DIRECTION('',(0.,0.,1.));
#1702 = ORIENTED_EDGE('',*,*,#1703,.F.);
#1703 = EDGE_CURVE('',#1680,#1696,#1704,.T.);
#1704 = LINE('',#1705,#1706);
#1705 = CARTESIAN_POINT('',(106.,85.,65.));
#1706 = VECTOR('',#1707,1.);
#1707 = DIRECTION('',(0.,1.,0.));
#1708 = PLANE('',#1709);
#1709 = AXIS2_PLACEMENT_3D('',#1710,#1711,#1712);
#1710 = CARTESIAN_POINT('',(106.,85.,54.));
#1711 = DIRECTION('',(1.,0.,0.));
#1712 = DIRECTION('',(0.,0.,1.));
#1713 = ADVANCED_FACE('',(#1714),#1748,.T.);
#1714 = FACE_BOUND('',#1715,.T.);
#1715 = EDGE_LOOP('',(#1716,#1726,#1734,#1742));
#1716 = ORIENTED_EDGE('',*,*,#1717,.F.);
#1717 = EDGE_CURVE('',#1718,#1720,#1722,.T.);
#1718 = VERTEX_POINT('',#1719);
#1719 = CARTESIAN_POINT('',(109.,85.,54.));
#1720 = VERTEX_POINT('',#1721);
#1721 = CARTESIAN_POINT('',(109.,85.,65.));
#1722 = LINE('',#1723,#1724);
#1723 = CARTESIAN_POINT('',(109.,85.,54.));
#1724 = VECTOR('',#1725,1.);
#1725 = DIRECTION('',(0.,0.,1.));
#1726 = ORIENTED_EDGE('',*,*,#1727,.T.);
#1727 = EDGE_CURVE('',#1718,#1728,#1730,.T.);
#1728 = VERTEX_POINT('',#1729);
#1729 = CARTESIAN_POINT('',(109.,153.,54.));
#1730 = LINE('',#1731,#1732);
#1731 = CARTESIAN_POINT('',(109.,85.,54.));
#1732 = VECTOR('',#1733,1.);
#1733 = DIRECTION('',(0.,1.,0.));
#1734 = ORIENTED_EDGE('',*,*,#1735,.T.);
#1735 = EDGE_CURVE('',#1728,#1736,#1738,.T.);
#1736 = VERTEX_POINT('',#1737);
#1737 = CARTESIAN_POINT('',(109.,153.,65.));
#1738 = LINE('',#1739,#1740);
#1739 = CARTESIAN_POINT('',(109.,153.,54.));
#1740 = VECTOR('',#1741,1.);
#1741 = DIRECTION('',(0.,0.,1.));
#1742 = ORIENTED_EDGE('',*,*,#1743,.F.);
#1743 = EDGE_CURVE('',#1720,#1736,#1744,.T.);
#1744 = LINE('',#1745,#1746);
#1745 = CARTESIAN_POINT('',(109.,85.,65.));
#1746 = VECTOR('',#1747,1.);
#1747 = DIRECTION('',(0.,1.,0.));
#1748 = PLANE('',#1749);
#1749 = AXIS2_PLACEMENT_3D('',#1750,#1751,#1752);
#1750 = CARTESIAN_POINT('',(109.,85.,54.));
#1751 = DIRECTION('',(1.,0.,0.));
#1752 = DIRECTION('',(0.,0.,1.));
#1753 = ADVANCED_FACE('',(#1754),#1770,.F.);
#1754 = FACE_BOUND('',#1755,.F.);
#1755 = EDGE_LOOP('',(#1756,#1762,#1763,#1769));
#1756 = ORIENTED_EDGE('',*,*,#1757,.F.);
#1757 = EDGE_CURVE('',#1678,#1718,#1758,.T.);
#1758 = LINE('',#1759,#1760);
#1759 = CARTESIAN_POINT('',(106.,85.,54.));
#1760 = VECTOR('',#1761,1.);
#1761 = DIRECTION('',(1.,0.,0.));
#1762 = ORIENTED_EDGE('',*,*,#1677,.T.);
#1763 = ORIENTED_EDGE('',*,*,#1764,.T.);
#1764 = EDGE_CURVE('',#1680,#1720,#1765,.T.);
#1765 = LINE('',#1766,#1767);
#1766 = CARTESIAN_POINT('',(106.,85.,65.));
#1767 = VECTOR('',#1768,1.);
#1768 = DIRECTION('',(1.,0.,0.));
#1769 = ORIENTED_EDGE('',*,*,#1717,.F.);
#1770 = PLANE('',#1771);
#1771 = AXIS2_PLACEMENT_3D('',#1772,#1773,#1774);
#1772 = CARTESIAN_POINT('',(106.,85.,54.));
#1773 = DIRECTION('',(0.,1.,0.));
#1774 = DIRECTION('',(0.,0.,1.));
#1775 = ADVANCED_FACE('',(#1776),#1792,.T.);
#1776 = FACE_BOUND('',#1777,.T.);
#1777 = EDGE_LOOP('',(#1778,#1784,#1785,#1791));
#1778 = ORIENTED_EDGE('',*,*,#1779,.F.);
#1779 = EDGE_CURVE('',#1688,#1728,#1780,.T.);
#1780 = LINE('',#1781,#1782);
#1781 = CARTESIAN_POINT('',(106.,153.,54.));
#1782 = VECTOR('',#1783,1.);
#1783 = DIRECTION('',(1.,0.,0.));
#1784 = ORIENTED_EDGE('',*,*,#1695,.T.);
#1785 = ORIENTED_EDGE('',*,*,#1786,.T.);
#1786 = EDGE_CURVE('',#1696,#1736,#1787,.T.);
#1787 = LINE('',#1788,#1789);
#1788 = CARTESIAN_POINT('',(106.,153.,65.));
#1789 = VECTOR('',#1790,1.);
#1790 = DIRECTION('',(1.,0.,0.));
#1791 = ORIENTED_EDGE('',*,*,#1735,.F.);
#1792 = PLANE('',#1793);
#1793 = AXIS2_PLACEMENT_3D('',#1794,#1795,#1796);
#1794 = CARTESIAN_POINT('',(106.,153.,54.));
#1795 = DIRECTION('',(0.,1.,0.));
#1796 = DIRECTION('',(0.,0.,1.));
#1797 = ADVANCED_FACE('',(#1798),#1804,.F.);
#1798 = FACE_BOUND('',#1799,.F.);
#1799 = EDGE_LOOP('',(#1800,#1801,#1802,#1803));
#1800 = ORIENTED_EDGE('',*,*,#1687,.F.);
#1801 = ORIENTED_EDGE('',*,*,#1757,.T.);
#1802 = ORIENTED_EDGE('',*,*,#1727,.T.);
#1803 = ORIENTED_EDGE('',*,*,#1779,.F.);
#1804 = PLANE('',#1805);
#1805 = AXIS2_PLACEMENT_3D('',#1806,#1807,#1808);
#1806 = CARTESIAN_POINT('',(106.,85.,54.));
#1807 = DIRECTION('',(0.,0.,1.));
#1808 = DIRECTION('',(1.,0.,0.));
#1809 = ADVANCED_FACE('',(#1810),#1816,.T.);
#1810 = FACE_BOUND('',#1811,.T.);
#1811 = EDGE_LOOP('',(#1812,#1813,#1814,#1815));
#1812 = ORIENTED_EDGE('',*,*,#1703,.F.);
#1813 = ORIENTED_EDGE('',*,*,#1764,.T.);
#1814 = ORIENTED_EDGE('',*,*,#1743,.T.);
#1815 = ORIENTED_EDGE('',*,*,#1786,.F.);
#1816 = PLANE('',#1817);
#1817 = AXIS2_PLACEMENT_3D('',#1818,#1819,#1820);
#1818 = CARTESIAN_POINT('',(106.,85.,65.));
#1819 = DIRECTION('',(0.,0.,1.));
#1820 = DIRECTION('',(1.,0.,0.));
#1821 = MANIFOLD_SOLID_BREP('',#1822);
#1822 = CLOSED_SHELL('',(#1823,#1863,#1903,#1925,#1947,#1959));
#1823 = ADVANCED_FACE('',(#1824),#1858,.F.);
#1824 = FACE_BOUND('',#1825,.F.);
#1825 = EDGE_LOOP('',(#1826,#1836,#1844,#1852));
#1826 = ORIENTED_EDGE('',*,*,#1827,.F.);
#1827 = EDGE_CURVE('',#1828,#1830,#1832,.T.);
#1828 = VERTEX_POINT('',#1829);
#1829 = CARTESIAN_POINT('',(166.,85.,54.));
#1830 = VERTEX_POINT('',#1831);
#1831 = CARTESIAN_POINT('',(166.,85.,65.));
#1832 = LINE('',#1833,#1834);
#1833 = CARTESIAN_POINT('',(166.,85.,54.));
#1834 = VECTOR('',#1835,1.);
#1835 = DIRECTION('',(0.,0.,1.));
#1836 = ORIENTED_EDGE('',*,*,#1837,.T.);
#1837 = EDGE_CURVE('',#1828,#1838,#1840,.T.);
#1838 = VERTEX_POINT('',#1839);
#1839 = CARTESIAN_POINT('',(166.,153.,54.));
#1840 = LINE('',#1841,#1842);
#1841 = CARTESIAN_POINT('',(166.,85.,54.));
#1842 = VECTOR('',#1843,1.);
#1843 = DIRECTION('',(0.,1.,0.));
#1844 = ORIENTED_EDGE('',*,*,#1845,.T.);
#1845 = EDGE_CURVE('',#1838,#1846,#1848,.T.);
#1846 = VERTEX_POINT('',#1847);
#1847 = CARTESIAN_POINT('',(166.,153.,65.));
#1848 = LINE('',#1849,#1850);
#1849 = CARTESIAN_POINT('',(166.,153.,54.));
#1850 = VECTOR('',#1851,1.);
#1851 = DIRECTION('',(0.,0.,1.));
#1852 = ORIENTED_EDGE('',*,*,#1853,.F.);
#1853 = EDGE_CURVE('',#1830,#1846,#1854,.T.);
#1854 = LINE('',#1855,#1856);
#1855 = CARTESIAN_POINT('',(166.,85.,65.));
#1856 = VECTOR('',#1857,1.);
#1857 = DIRECTION('',(0.,1.,0.));
#1858 = PLANE('',#1859);
#1859 = AXIS2_PLACEMENT_3D('',#1860,#1861,#1862);
#1860 = CARTESIAN_POINT('',(166.,85.,54.));
#1861 = DIRECTION('',(1.,0.,0.));
#1862 = DIRECTION('',(0.,0.,1.));
#1863 = ADVANCED_FACE('',(#1864),#1898,.T.);
#1864 = FACE_BOUND('',#1865,.T.);
#1865 = EDGE_LOOP('',(#1866,#1876,#1884,#1892));
#1866 = ORIENTED_EDGE('',*,*,#1867,.F.);
#1867 = EDGE_CURVE('',#1868,#1870,#1872,.T.);
#1868 = VERTEX_POINT('',#1869);
#1869 = CARTESIAN_POINT('',(169.,85.,54.));
#1870 = VERTEX_POINT('',#1871);
#1871 = CARTESIAN_POINT('',(169.,85.,65.));
#1872 = LINE('',#1873,#1874);
#1873 = CARTESIAN_POINT('',(169.,85.,54.));
#1874 = VECTOR('',#1875,1.);
#1875 = DIRECTION('',(0.,0.,1.));
#1876 = ORIENTED_EDGE('',*,*,#1877,.T.);
#1877 = EDGE_CURVE('',#1868,#1878,#1880,.T.);
#1878 = VERTEX_POINT('',#1879);
#1879 = CARTESIAN_POINT('',(169.,153.,54.));
#1880 = LINE('',#1881,#1882);
#1881 = CARTESIAN_POINT('',(169.,85.,54.));
#1882 = VECTOR('',#1883,1.);
#1883 = DIRECTION('',(0.,1.,0.));
#1884 = ORIENTED_EDGE('',*,*,#1885,.T.);
#1885 = EDGE_CURVE('',#1878,#1886,#1888,.T.);
#1886 = VERTEX_POINT('',#1887);
#1887 = CARTESIAN_POINT('',(169.,153.,65.));
#1888 = LINE('',#1889,#1890);
#1889 = CARTESIAN_POINT('',(169.,153.,54.));
#1890 = VECTOR('',#1891,1.);
#1891 = DIRECTION('',(0.,0.,1.));
#1892 = ORIENTED_EDGE('',*,*,#1893,.F.);
#1893 = EDGE_CURVE('',#1870,#1886,#1894,.T.);
#1894 = LINE('',#1895,#1896);
#1895 = CARTESIAN_POINT('',(169.,85.,65.));
#1896 = VECTOR('',#1897,1.);
#1897 = DIRECTION('',(0.,1.,0.));
#1898 = PLANE('',#1899);
#1899 = AXIS2_PLACEMENT_3D('',#1900,#1901,#1902);
#1900 = CARTESIAN_POINT('',(169.,85.,54.));
#1901 = DIRECTION('',(1.,0.,0.));
#1902 = DIRECTION('',(0.,0.,1.));
#1903 = ADVANCED_FACE('',(#1904),#1920,.F.);
#1904 = FACE_BOUND('',#1905,.F.);
#1905 = EDGE_LOOP('',(#1906,#1912,#1913,#1919));
#1906 = ORIENTED_EDGE('',*,*,#1907,.F.);
#1907 = EDGE_CURVE('',#1828,#1868,#1908,.T.);
#1908 = LINE('',#1909,#1910);
#1909 = CARTESIAN_POINT('',(166.,85.,54.));
#1910 = VECTOR('',#1911,1.);
#1911 = DIRECTION('',(1.,0.,0.));
#1912 = ORIENTED_EDGE('',*,*,#1827,.T.);
#1913 = ORIENTED_EDGE('',*,*,#1914,.T.);
#1914 = EDGE_CURVE('',#1830,#1870,#1915,.T.);
#1915 = LINE('',#1916,#1917);
#1916 = CARTESIAN_POINT('',(166.,85.,65.));
#1917 = VECTOR('',#1918,1.);
#1918 = DIRECTION('',(1.,0.,0.));
#1919 = ORIENTED_EDGE('',*,*,#1867,.F.);
#1920 = PLANE('',#1921);
#1921 = AXIS2_PLACEMENT_3D('',#1922,#1923,#1924);
#1922 = CARTESIAN_POINT('',(166.,85.,54.));
#1923 = DIRECTION('',(0.,1.,0.));
#1924 = DIRECTION('',(0.,0.,1.));
#1925 = ADVANCED_FACE('',(#1926),#1942,.T.);
#1926 = FACE_BOUND('',#1927,.T.);
#1927 = EDGE_LOOP('',(#1928,#1934,#1935,#1941));
#1928 = ORIENTED_EDGE('',*,*,#1929,.F.);
#1929 = EDGE_CURVE('',#1838,#1878,#1930,.T.);
#1930 = LINE('',#1931,#1932);
#1931 = CARTESIAN_POINT('',(166.,153.,54.));
#1932 = VECTOR('',#1933,1.);
#1933 = DIRECTION('',(1.,0.,0.));
#1934 = ORIENTED_EDGE('',*,*,#1845,.T.);
#1935 = ORIENTED_EDGE('',*,*,#1936,.T.);
#1936 = EDGE_CURVE('',#1846,#1886,#1937,.T.);
#1937 = LINE('',#1938,#1939);
#1938 = CARTESIAN_POINT('',(166.,153.,65.));
#1939 = VECTOR('',#1940,1.);
#1940 = DIRECTION('',(1.,0.,0.));
#1941 = ORIENTED_EDGE('',*,*,#1885,.F.);
#1942 = PLANE('',#1943);
#1943 = AXIS2_PLACEMENT_3D('',#1944,#1945,#1946);
#1944 = CARTESIAN_POINT('',(166.,153.,54.));
#1945 = DIRECTION('',(0.,1.,0.));
#1946 = DIRECTION('',(0.,0.,1.));
#1947 = ADVANCED_FACE('',(#1948),#1954,.F.);
#1948 = FACE_BOUND('',#1949,.F.);
#1949 = EDGE_LOOP('',(#1950,#1951,#1952,#1953));
#1950 = ORIENTED_EDGE('',*,*,#1837,.F.);
#1951 = ORIENTED_EDGE('',*,*,#1907,.T.);
#1952 = ORIENTED_EDGE('',*,*,#1877,.T.);
#1953 = ORIENTED_EDGE('',*,*,#1929,.F.);
#1954 = PLANE('',#1955);
#1955 = AXIS2_PLACEMENT_3D('',#1956,#1957,#1958);
#1956 = CARTESIAN_POINT('',(166.,85.,54.));
#1957 = DIRECTION('',(0.,0.,1.));
#1958 = DIRECTION('',(1.,0.,0.));
#1959 = ADVANCED_FACE('',(#1960),#1966,.T.);
#1960 = FACE_BOUND('',#1961,.T.);
#1961 = EDGE_LOOP('',(#1962,#1963,#1964,#1965));
#1962 = ORIENTED_EDGE('',*,*,#1853,.F.);
#1963 = ORIENTED_EDGE('',*,*,#1914,.T.);
#1964 = ORIENTED_EDGE('',*,*,#1893,.T.);
#1965 = ORIENTED_EDGE('',*,*,#1936,.F.);
#1966 = PLANE('',#1967);
#1967 = AXIS2_PLACEMENT_3D('',#1968,#1969,#1970);
#1968 = CARTESIAN_POINT('',(166.,85.,65.));
#1969 = DIRECTION('',(0.,0.,1.));
#1970 = DIRECTION('',(1.,0.,0.));
#1971 = MANIFOLD_SOLID_BREP('',#1972);
#1972 = CLOSED_SHELL('',(#1973,#2013,#2053,#2075,#2097,#2109));
#1973 = ADVANCED_FACE('',(#1974),#2008,.F.);
#1974 = FACE_BOUND('',#1975,.F.);
#1975 = EDGE_LOOP('',(#1976,#1986,#1994,#2002));
#1976 = ORIENTED_EDGE('',*,*,#1977,.F.);
#1977 = EDGE_CURVE('',#1978,#1980,#1982,.T.);
#1978 = VERTEX_POINT('',#1979);
#1979 = CARTESIAN_POINT('',(29.,263.,65.));
#1980 = VERTEX_POINT('',#1981);
#1981 = CARTESIAN_POINT('',(29.,263.,84.));
#1982 = LINE('',#1983,#1984);
#1983 = CARTESIAN_POINT('',(29.,263.,65.));
#1984 = VECTOR('',#1985,1.);
#1985 = DIRECTION('',(0.,0.,1.));
#1986 = ORIENTED_EDGE('',*,*,#1987,.T.);
#1987 = EDGE_CURVE('',#1978,#1988,#1990,.T.);
#1988 = VERTEX_POINT('',#1989);
#1989 = CARTESIAN_POINT('',(29.,266.,65.));
#1990 = LINE('',#1991,#1992);
#1991 = CARTESIAN_POINT('',(29.,263.,65.));
#1992 = VECTOR('',#1993,1.);
#1993 = DIRECTION('',(0.,1.,0.));
#1994 = ORIENTED_EDGE('',*,*,#1995,.T.);
#1995 = EDGE_CURVE('',#1988,#1996,#1998,.T.);
#1996 = VERTEX_POINT('',#1997);
#1997 = CARTESIAN_POINT('',(29.,266.,84.));
#1998 = LINE('',#1999,#2000);
#1999 = CARTESIAN_POINT('',(29.,266.,65.));
#2000 = VECTOR('',#2001,1.);
#2001 = DIRECTION('',(0.,0.,1.));
#2002 = ORIENTED_EDGE('',*,*,#2003,.F.);
#2003 = EDGE_CURVE('',#1980,#1996,#2004,.T.);
#2004 = LINE('',#2005,#2006);
#2005 = CARTESIAN_POINT('',(29.,263.,84.));
#2006 = VECTOR('',#2007,1.);
#2007 = DIRECTION('',(0.,1.,0.));
#2008 = PLANE('',#2009);
#2009 = AXIS2_PLACEMENT_3D('',#2010,#2011,#2012);
#2010 = CARTESIAN_POINT('',(29.,263.,65.));
#2011 = DIRECTION('',(1.,0.,0.));
#2012 = DIRECTION('',(0.,0.,1.));
#2013 = ADVANCED_FACE('',(#2014),#2048,.T.);
#2014 = FACE_BOUND('',#2015,.T.);
#2015 = EDGE_LOOP('',(#2016,#2026,#2034,#2042));
#2016 = ORIENTED_EDGE('',*,*,#2017,.F.);
#2017 = EDGE_CURVE('',#2018,#2020,#2022,.T.);
#2018 = VERTEX_POINT('',#2019);
#2019 = CARTESIAN_POINT('',(246.,263.,65.));
#2020 = VERTEX_POINT('',#2021);
#2021 = CARTESIAN_POINT('',(246.,263.,84.));
#2022 = LINE('',#2023,#2024);
#2023 = CARTESIAN_POINT('',(246.,263.,65.));
#2024 = VECTOR('',#2025,1.);
#2025 = DIRECTION('',(0.,0.,1.));
#2026 = ORIENTED_EDGE('',*,*,#2027,.T.);
#2027 = EDGE_CURVE('',#2018,#2028,#2030,.T.);
#2028 = VERTEX_POINT('',#2029);
#2029 = CARTESIAN_POINT('',(246.,266.,65.));
#2030 = LINE('',#2031,#2032);
#2031 = CARTESIAN_POINT('',(246.,263.,65.));
#2032 = VECTOR('',#2033,1.);
#2033 = DIRECTION('',(0.,1.,0.));
#2034 = ORIENTED_EDGE('',*,*,#2035,.T.);
#2035 = EDGE_CURVE('',#2028,#2036,#2038,.T.);
#2036 = VERTEX_POINT('',#2037);
#2037 = CARTESIAN_POINT('',(246.,266.,84.));
#2038 = LINE('',#2039,#2040);
#2039 = CARTESIAN_POINT('',(246.,266.,65.));
#2040 = VECTOR('',#2041,1.);
#2041 = DIRECTION('',(0.,0.,1.));
#2042 = ORIENTED_EDGE('',*,*,#2043,.F.);
#2043 = EDGE_CURVE('',#2020,#2036,#2044,.T.);
#2044 = LINE('',#2045,#2046);
#2045 = CARTESIAN_POINT('',(246.,263.,84.));
#2046 = VECTOR('',#2047,1.);
#2047 = DIRECTION('',(0.,1.,0.));
#2048 = PLANE('',#2049);
#2049 = AXIS2_PLACEMENT_3D('',#2050,#2051,#2052);
#2050 = CARTESIAN_POINT('',(246.,263.,65.));
#2051 = DIRECTION('',(1.,0.,0.));
#2052 = DIRECTION('',(0.,0.,1.));
#2053 = ADVANCED_FACE('',(#2054),#2070,.F.);
#2054 = FACE_BOUND('',#2055,.F.);
#2055 = EDGE_LOOP('',(#2056,#2062,#2063,#2069));
#2056 = ORIENTED_EDGE('',*,*,#2057,.F.);
#2057 = EDGE_CURVE('',#1978,#2018,#2058,.T.);
#2058 = LINE('',#2059,#2060);
#2059 = CARTESIAN_POINT('',(29.,263.,65.));
#2060 = VECTOR('',#2061,1.);
#2061 = DIRECTION('',(1.,0.,0.));
#2062 = ORIENTED_EDGE('',*,*,#1977,.T.);
#2063 = ORIENTED_EDGE('',*,*,#2064,.T.);
#2064 = EDGE_CURVE('',#1980,#2020,#2065,.T.);
#2065 = LINE('',#2066,#2067);
#2066 = CARTESIAN_POINT('',(29.,263.,84.));
#2067 = VECTOR('',#2068,1.);
#2068 = DIRECTION('',(1.,0.,0.));
#2069 = ORIENTED_EDGE('',*,*,#2017,.F.);
#2070 = PLANE('',#2071);
#2071 = AXIS2_PLACEMENT_3D('',#2072,#2073,#2074);
#2072 = CARTESIAN_POINT('',(29.,263.,65.));
#2073 = DIRECTION('',(0.,1.,0.));
#2074 = DIRECTION('',(0.,0.,1.));
#2075 = ADVANCED_FACE('',(#2076),#2092,.T.);
#2076 = FACE_BOUND('',#2077,.T.);
#2077 = EDGE_LOOP('',(#2078,#2084,#2085,#2091));
#2078 = ORIENTED_EDGE('',*,*,#2079,.F.);
#2079 = EDGE_CURVE('',#1988,#2028,#2080,.T.);
#2080 = LINE('',#2081,#2082);
#2081 = CARTESIAN_POINT('',(29.,266.,65.));
#2082 = VECTOR('',#2083,1.);
#2083 = DIRECTION('',(1.,0.,0.));
#2084 = ORIENTED_EDGE('',*,*,#1995,.T.);
#2085 = ORIENTED_EDGE('',*,*,#2086,.T.);
#2086 = EDGE_CURVE('',#1996,#2036,#2087,.T.);
#2087 = LINE('',#2088,#2089);
#2088 = CARTESIAN_POINT('',(29.,266.,84.));
#2089 = VECTOR('',#2090,1.);
#2090 = DIRECTION('',(1.,0.,0.));
#2091 = ORIENTED_EDGE('',*,*,#2035,.F.);
#2092 = PLANE('',#2093);
#2093 = AXIS2_PLACEMENT_3D('',#2094,#2095,#2096);
#2094 = CARTESIAN_POINT('',(29.,266.,65.));
#2095 = DIRECTION('',(0.,1.,0.));
#2096 = DIRECTION('',(0.,0.,1.));
#2097 = ADVANCED_FACE('',(#2098),#2104,.F.);
#2098 = FACE_BOUND('',#2099,.F.);
#2099 = EDGE_LOOP('',(#2100,#2101,#2102,#2103));
#2100 = ORIENTED_EDGE('',*,*,#1987,.F.);
#2101 = ORIENTED_EDGE('',*,*,#2057,.T.);
#2102 = ORIENTED_EDGE('',*,*,#2027,.T.);
#2103 = ORIENTED_EDGE('',*,*,#2079,.F.);
#2104 = PLANE('',#2105);
#2105 = AXIS2_PLACEMENT_3D('',#2106,#2107,#2108);
#2106 = CARTESIAN_POINT('',(29.,263.,65.));
#2107 = DIRECTION('',(0.,0.,1.));
#2108 = DIRECTION('',(1.,0.,0.));
#2109 = ADVANCED_FACE('',(#2110),#2116,.T.);
#2110 = FACE_BOUND('',#2111,.T.);
#2111 = EDGE_LOOP('',(#2112,#2113,#2114,#2115));
#2112 = ORIENTED_EDGE('',*,*,#2003,.F.);
#2113 = ORIENTED_EDGE('',*,*,#2064,.T.);
#2114 = ORIENTED_EDGE('',*,*,#2043,.T.);
#2115 = ORIENTED_EDGE('',*,*,#2086,.F.);
#2116 = PLANE('',#2117);
#2117 = AXIS2_PLACEMENT_3D('',#2118,#2119,#2120);
#2118 = CARTESIAN_POINT('',(29.,263.,84.));
#2119 = DIRECTION('',(0.,0.,1.));
#2120 = DIRECTION('',(1.,0.,0.));
#2121 = MANIFOLD_SOLID_BREP('',#2122);
#2122 = CLOSED_SHELL('',(#2123,#2163,#2194,#2229,#2253,#2281,#2293));
#2123 = ADVANCED_FACE('',(#2124),#2158,.F.);
#2124 = FACE_BOUND('',#2125,.F.);
#2125 = EDGE_LOOP('',(#2126,#2136,#2144,#2152));
#2126 = ORIENTED_EDGE('',*,*,#2127,.F.);
#2127 = EDGE_CURVE('',#2128,#2130,#2132,.T.);
#2128 = VERTEX_POINT('',#2129);
#2129 = CARTESIAN_POINT('',(210.,222.,56.5));
#2130 = VERTEX_POINT('',#2131);
#2131 = CARTESIAN_POINT('',(210.,222.,59.5));
#2132 = LINE('',#2133,#2134);
#2133 = CARTESIAN_POINT('',(210.,222.,56.5));
#2134 = VECTOR('',#2135,1.);
#2135 = DIRECTION('',(0.,0.,1.));
#2136 = ORIENTED_EDGE('',*,*,#2137,.T.);
#2137 = EDGE_CURVE('',#2128,#2138,#2140,.T.);
#2138 = VERTEX_POINT('',#2139);
#2139 = CARTESIAN_POINT('',(210.,266.,56.5));
#2140 = LINE('',#2141,#2142);
#2141 = CARTESIAN_POINT('',(210.,222.,56.5));
#2142 = VECTOR('',#2143,1.);
#2143 = DIRECTION('',(0.,1.,0.));
#2144 = ORIENTED_EDGE('',*,*,#2145,.T.);
#2145 = EDGE_CURVE('',#2138,#2146,#2148,.T.);
#2146 = VERTEX_POINT('',#2147);
#2147 = CARTESIAN_POINT('',(210.,266.,59.5));
#2148 = LINE('',#2149,#2150);
#2149 = CARTESIAN_POINT('',(210.,266.,56.5));
#2150 = VECTOR('',#2151,1.);
#2151 = DIRECTION('',(0.,0.,1.));
#2152 = ORIENTED_EDGE('',*,*,#2153,.F.);
#2153 = EDGE_CURVE('',#2130,#2146,#2154,.T.);
#2154 = LINE('',#2155,#2156);
#2155 = CARTESIAN_POINT('',(210.,222.,59.5));
#2156 = VECTOR('',#2157,1.);
#2157 = DIRECTION('',(0.,1.,0.));
#2158 = PLANE('',#2159);
#2159 = AXIS2_PLACEMENT_3D('',#2160,#2161,#2162);
#2160 = CARTESIAN_POINT('',(210.,222.,56.5));
#2161 = DIRECTION('',(1.,0.,0.));
#2162 = DIRECTION('',(0.,0.,1.));
#2163 = ADVANCED_FACE('',(#2164),#2189,.F.);
#2164 = FACE_BOUND('',#2165,.F.);
#2165 = EDGE_LOOP('',(#2166,#2174,#2175,#2183));
#2166 = ORIENTED_EDGE('',*,*,#2167,.F.);
#2167 = EDGE_CURVE('',#2128,#2168,#2170,.T.);
#2168 = VERTEX_POINT('',#2169);
#2169 = CARTESIAN_POINT('',(250.,222.,56.5));
#2170 = LINE('',#2171,#2172);
#2171 = CARTESIAN_POINT('',(210.,222.,56.5));
#2172 = VECTOR('',#2173,1.);
#2173 = DIRECTION('',(1.,0.,0.));
#2174 = ORIENTED_EDGE('',*,*,#2127,.T.);
#2175 = ORIENTED_EDGE('',*,*,#2176,.T.);
#2176 = EDGE_CURVE('',#2130,#2177,#2179,.T.);
#2177 = VERTEX_POINT('',#2178);
#2178 = CARTESIAN_POINT('',(250.,222.,59.5));
#2179 = LINE('',#2180,#2181);
#2180 = CARTESIAN_POINT('',(210.,222.,59.5));
#2181 = VECTOR('',#2182,1.);
#2182 = DIRECTION('',(1.,0.,0.));
#2183 = ORIENTED_EDGE('',*,*,#2184,.F.);
#2184 = EDGE_CURVE('',#2168,#2177,#2185,.T.);
#2185 = LINE('',#2186,#2187);
#2186 = CARTESIAN_POINT('',(250.,222.,56.5));
#2187 = VECTOR('',#2188,1.);
#2188 = DIRECTION('',(0.,0.,1.));
#2189 = PLANE('',#2190);
#2190 = AXIS2_PLACEMENT_3D('',#2191,#2192,#2193);
#2191 = CARTESIAN_POINT('',(210.,222.,56.5));
#2192 = DIRECTION('',(0.,1.,0.));
#2193 = DIRECTION('',(0.,0.,1.));
#2194 = ADVANCED_FACE('',(#2195,#2213),#2224,.T.);
#2195 = FACE_BOUND('',#2196,.T.);
#2196 = EDGE_LOOP('',(#2197,#2198,#2199,#2207));
#2197 = ORIENTED_EDGE('',*,*,#2153,.F.);
#2198 = ORIENTED_EDGE('',*,*,#2176,.T.);
#2199 = ORIENTED_EDGE('',*,*,#2200,.T.);
#2200 = EDGE_CURVE('',#2177,#2201,#2203,.T.);
#2201 = VERTEX_POINT('',#2202);
#2202 = CARTESIAN_POINT('',(250.,266.,59.5));
#2203 = LINE('',#2204,#2205);
#2204 = CARTESIAN_POINT('',(250.,222.,59.5));
#2205 = VECTOR('',#2206,1.);
#2206 = DIRECTION('',(0.,1.,0.));
#2207 = ORIENTED_EDGE('',*,*,#2208,.F.);
#2208 = EDGE_CURVE('',#2146,#2201,#2209,.T.);
#2209 = LINE('',#2210,#2211);
#2210 = CARTESIAN_POINT('',(210.,266.,59.5));
#2211 = VECTOR('',#2212,1.);
#2212 = DIRECTION('',(1.,0.,0.));
#2213 = FACE_BOUND('',#2214,.T.);
#2214 = EDGE_LOOP('',(#2215));
#2215 = ORIENTED_EDGE('',*,*,#2216,.F.);
#2216 = EDGE_CURVE('',#2217,#2217,#2219,.T.);
#2217 = VERTEX_POINT('',#2218);
#2218 = CARTESIAN_POINT('',(234.25,232.,59.5));
#2219 = CIRCLE('',#2220,4.25);
#2220 = AXIS2_PLACEMENT_3D('',#2221,#2222,#2223);
#2221 = CARTESIAN_POINT('',(230.,232.,59.5));
#2222 = DIRECTION('',(0.,0.,1.));
#2223 = DIRECTION('',(1.,0.,0.));
#2224 = PLANE('',#2225);
#2225 = AXIS2_PLACEMENT_3D('',#2226,#2227,#2228);
#2226 = CARTESIAN_POINT('',(210.,222.,59.5));
#2227 = DIRECTION('',(0.,0.,1.));
#2228 = DIRECTION('',(1.,0.,0.));
#2229 = ADVANCED_FACE('',(#2230),#2248,.T.);
#2230 = FACE_BOUND('',#2231,.T.);
#2231 = EDGE_LOOP('',(#2232,#2240,#2241,#2242));
#2232 = ORIENTED_EDGE('',*,*,#2233,.F.);
#2233 = EDGE_CURVE('',#2138,#2234,#2236,.T.);
#2234 = VERTEX_POINT('',#2235);
#2235 = CARTESIAN_POINT('',(250.,266.,56.5));
#2236 = LINE('',#2237,#2238);
#2237 = CARTESIAN_POINT('',(210.,266.,56.5));
#2238 = VECTOR('',#2239,1.);
#2239 = DIRECTION('',(1.,0.,0.));
#2240 = ORIENTED_EDGE('',*,*,#2145,.T.);
#2241 = ORIENTED_EDGE('',*,*,#2208,.T.);
#2242 = ORIENTED_EDGE('',*,*,#2243,.F.);
#2243 = EDGE_CURVE('',#2234,#2201,#2244,.T.);
#2244 = LINE('',#2245,#2246);
#2245 = CARTESIAN_POINT('',(250.,266.,56.5));
#2246 = VECTOR('',#2247,1.);
#2247 = DIRECTION('',(0.,0.,1.));
#2248 = PLANE('',#2249);
#2249 = AXIS2_PLACEMENT_3D('',#2250,#2251,#2252);
#2250 = CARTESIAN_POINT('',(210.,266.,56.5));
#2251 = DIRECTION('',(0.,1.,0.));
#2252 = DIRECTION('',(0.,0.,1.));
#2253 = ADVANCED_FACE('',(#2254,#2265),#2276,.F.);
#2254 = FACE_BOUND('',#2255,.F.);
#2255 = EDGE_LOOP('',(#2256,#2257,#2258,#2264));
#2256 = ORIENTED_EDGE('',*,*,#2137,.F.);
#2257 = ORIENTED_EDGE('',*,*,#2167,.T.);
#2258 = ORIENTED_EDGE('',*,*,#2259,.T.);
#2259 = EDGE_CURVE('',#2168,#2234,#2260,.T.);
#2260 = LINE('',#2261,#2262);
#2261 = CARTESIAN_POINT('',(250.,222.,56.5));
#2262 = VECTOR('',#2263,1.);
#2263 = DIRECTION('',(0.,1.,0.));
#2264 = ORIENTED_EDGE('',*,*,#2233,.F.);
#2265 = FACE_BOUND('',#2266,.F.);
#2266 = EDGE_LOOP('',(#2267));
#2267 = ORIENTED_EDGE('',*,*,#2268,.F.);
#2268 = EDGE_CURVE('',#2269,#2269,#2271,.T.);
#2269 = VERTEX_POINT('',#2270);
#2270 = CARTESIAN_POINT('',(234.25,232.,56.5));
#2271 = CIRCLE('',#2272,4.25);
#2272 = AXIS2_PLACEMENT_3D('',#2273,#2274,#2275);
#2273 = CARTESIAN_POINT('',(230.,232.,56.5));
#2274 = DIRECTION('',(0.,0.,1.));
#2275 = DIRECTION('',(1.,0.,0.));
#2276 = PLANE('',#2277);
#2277 = AXIS2_PLACEMENT_3D('',#2278,#2279,#2280);
#2278 = CARTESIAN_POINT('',(210.,222.,56.5));
#2279 = DIRECTION('',(0.,0.,1.));
#2280 = DIRECTION('',(1.,0.,0.));
#2281 = ADVANCED_FACE('',(#2282),#2288,.T.);
#2282 = FACE_BOUND('',#2283,.T.);
#2283 = EDGE_LOOP('',(#2284,#2285,#2286,#2287));
#2284 = ORIENTED_EDGE('',*,*,#2184,.F.);
#2285 = ORIENTED_EDGE('',*,*,#2259,.T.);
#2286 = ORIENTED_EDGE('',*,*,#2243,.T.);
#2287 = ORIENTED_EDGE('',*,*,#2200,.F.);
#2288 = PLANE('',#2289);
#2289 = AXIS2_PLACEMENT_3D('',#2290,#2291,#2292);
#2290 = CARTESIAN_POINT('',(250.,222.,56.5));
#2291 = DIRECTION('',(1.,0.,0.));
#2292 = DIRECTION('',(0.,0.,1.));
#2293 = ADVANCED_FACE('',(#2294),#2305,.F.);
#2294 = FACE_BOUND('',#2295,.F.);
#2295 = EDGE_LOOP('',(#2296,#2297,#2303,#2304));
#2296 = ORIENTED_EDGE('',*,*,#2216,.F.);
#2297 = ORIENTED_EDGE('',*,*,#2298,.F.);
#2298 = EDGE_CURVE('',#2269,#2217,#2299,.T.);
#2299 = LINE('',#2300,#2301);
#2300 = CARTESIAN_POINT('',(234.25,232.,55.5));
#2301 = VECTOR('',#2302,1.);
#2302 = DIRECTION('',(0.,0.,1.));
#2303 = ORIENTED_EDGE('',*,*,#2268,.T.);
#2304 = ORIENTED_EDGE('',*,*,#2298,.T.);
#2305 = CYLINDRICAL_SURFACE('',#2306,4.25);
#2306 = AXIS2_PLACEMENT_3D('',#2307,#2308,#2309);
#2307 = CARTESIAN_POINT('',(230.,232.,55.5));
#2308 = DIRECTION('',(0.,0.,1.));
#2309 = DIRECTION('',(1.,0.,0.));
#2310 = MANIFOLD_SOLID_BREP('',#2311);
#2311 = CLOSED_SHELL('',(#2312,#2352,#2392,#2414,#2436,#2448));
#2312 = ADVANCED_FACE('',(#2313),#2347,.F.);
#2313 = FACE_BOUND('',#2314,.F.);
#2314 = EDGE_LOOP('',(#2315,#2325,#2333,#2341));
#2315 = ORIENTED_EDGE('',*,*,#2316,.F.);
#2316 = EDGE_CURVE('',#2317,#2319,#2321,.T.);
#2317 = VERTEX_POINT('',#2318);
#2318 = CARTESIAN_POINT('',(210.,263.,59.5));
#2319 = VERTEX_POINT('',#2320);
#2320 = CARTESIAN_POINT('',(210.,263.,65.));
#2321 = LINE('',#2322,#2323);
#2322 = CARTESIAN_POINT('',(210.,263.,59.5));
#2323 = VECTOR('',#2324,1.);
#2324 = DIRECTION('',(0.,0.,1.));
#2325 = ORIENTED_EDGE('',*,*,#2326,.T.);
#2326 = EDGE_CURVE('',#2317,#2327,#2329,.T.);
#2327 = VERTEX_POINT('',#2328);
#2328 = CARTESIAN_POINT('',(210.,266.,59.5));
#2329 = LINE('',#2330,#2331);
#2330 = CARTESIAN_POINT('',(210.,263.,59.5));
#2331 = VECTOR('',#2332,1.);
#2332 = DIRECTION('',(0.,1.,0.));
#2333 = ORIENTED_EDGE('',*,*,#2334,.T.);
#2334 = EDGE_CURVE('',#2327,#2335,#2337,.T.);
#2335 = VERTEX_POINT('',#2336);
#2336 = CARTESIAN_POINT('',(210.,266.,65.));
#2337 = LINE('',#2338,#2339);
#2338 = CARTESIAN_POINT('',(210.,266.,59.5));
#2339 = VECTOR('',#2340,1.);
#2340 = DIRECTION('',(0.,0.,1.));
#2341 = ORIENTED_EDGE('',*,*,#2342,.F.);
#2342 = EDGE_CURVE('',#2319,#2335,#2343,.T.);
#2343 = LINE('',#2344,#2345);
#2344 = CARTESIAN_POINT('',(210.,263.,65.));
#2345 = VECTOR('',#2346,1.);
#2346 = DIRECTION('',(0.,1.,0.));
#2347 = PLANE('',#2348);
#2348 = AXIS2_PLACEMENT_3D('',#2349,#2350,#2351);
#2349 = CARTESIAN_POINT('',(210.,263.,59.5));
#2350 = DIRECTION('',(1.,0.,0.));
#2351 = DIRECTION('',(0.,0.,1.));
#2352 = ADVANCED_FACE('',(#2353),#2387,.T.);
#2353 = FACE_BOUND('',#2354,.T.);
#2354 = EDGE_LOOP('',(#2355,#2365,#2373,#2381));
#2355 = ORIENTED_EDGE('',*,*,#2356,.F.);
#2356 = EDGE_CURVE('',#2357,#2359,#2361,.T.);
#2357 = VERTEX_POINT('',#2358);
#2358 = CARTESIAN_POINT('',(250.,263.,59.5));
#2359 = VERTEX_POINT('',#2360);
#2360 = CARTESIAN_POINT('',(250.,263.,65.));
#2361 = LINE('',#2362,#2363);
#2362 = CARTESIAN_POINT('',(250.,263.,59.5));
#2363 = VECTOR('',#2364,1.);
#2364 = DIRECTION('',(0.,0.,1.));
#2365 = ORIENTED_EDGE('',*,*,#2366,.T.);
#2366 = EDGE_CURVE('',#2357,#2367,#2369,.T.);
#2367 = VERTEX_POINT('',#2368);
#2368 = CARTESIAN_POINT('',(250.,266.,59.5));
#2369 = LINE('',#2370,#2371);
#2370 = CARTESIAN_POINT('',(250.,263.,59.5));
#2371 = VECTOR('',#2372,1.);
#2372 = DIRECTION('',(0.,1.,0.));
#2373 = ORIENTED_EDGE('',*,*,#2374,.T.);
#2374 = EDGE_CURVE('',#2367,#2375,#2377,.T.);
#2375 = VERTEX_POINT('',#2376);
#2376 = CARTESIAN_POINT('',(250.,266.,65.));
#2377 = LINE('',#2378,#2379);
#2378 = CARTESIAN_POINT('',(250.,266.,59.5));
#2379 = VECTOR('',#2380,1.);
#2380 = DIRECTION('',(0.,0.,1.));
#2381 = ORIENTED_EDGE('',*,*,#2382,.F.);
#2382 = EDGE_CURVE('',#2359,#2375,#2383,.T.);
#2383 = LINE('',#2384,#2385);
#2384 = CARTESIAN_POINT('',(250.,263.,65.));
#2385 = VECTOR('',#2386,1.);
#2386 = DIRECTION('',(0.,1.,0.));
#2387 = PLANE('',#2388);
#2388 = AXIS2_PLACEMENT_3D('',#2389,#2390,#2391);
#2389 = CARTESIAN_POINT('',(250.,263.,59.5));
#2390 = DIRECTION('',(1.,0.,0.));
#2391 = DIRECTION('',(0.,0.,1.));
#2392 = ADVANCED_FACE('',(#2393),#2409,.F.);
#2393 = FACE_BOUND('',#2394,.F.);
#2394 = EDGE_LOOP('',(#2395,#2401,#2402,#2408));
#2395 = ORIENTED_EDGE('',*,*,#2396,.F.);
#2396 = EDGE_CURVE('',#2317,#2357,#2397,.T.);
#2397 = LINE('',#2398,#2399);
#2398 = CARTESIAN_POINT('',(210.,263.,59.5));
#2399 = VECTOR('',#2400,1.);
#2400 = DIRECTION('',(1.,0.,0.));
#2401 = ORIENTED_EDGE('',*,*,#2316,.T.);
#2402 = ORIENTED_EDGE('',*,*,#2403,.T.);
#2403 = EDGE_CURVE('',#2319,#2359,#2404,.T.);
#2404 = LINE('',#2405,#2406);
#2405 = CARTESIAN_POINT('',(210.,263.,65.));
#2406 = VECTOR('',#2407,1.);
#2407 = DIRECTION('',(1.,0.,0.));
#2408 = ORIENTED_EDGE('',*,*,#2356,.F.);
#2409 = PLANE('',#2410);
#2410 = AXIS2_PLACEMENT_3D('',#2411,#2412,#2413);
#2411 = CARTESIAN_POINT('',(210.,263.,59.5));
#2412 = DIRECTION('',(0.,1.,0.));
#2413 = DIRECTION('',(0.,0.,1.));
#2414 = ADVANCED_FACE('',(#2415),#2431,.T.);
#2415 = FACE_BOUND('',#2416,.T.);
#2416 = EDGE_LOOP('',(#2417,#2423,#2424,#2430));
#2417 = ORIENTED_EDGE('',*,*,#2418,.F.);
#2418 = EDGE_CURVE('',#2327,#2367,#2419,.T.);
#2419 = LINE('',#2420,#2421);
#2420 = CARTESIAN_POINT('',(210.,266.,59.5));
#2421 = VECTOR('',#2422,1.);
#2422 = DIRECTION('',(1.,0.,0.));
#2423 = ORIENTED_EDGE('',*,*,#2334,.T.);
#2424 = ORIENTED_EDGE('',*,*,#2425,.T.);
#2425 = EDGE_CURVE('',#2335,#2375,#2426,.T.);
#2426 = LINE('',#2427,#2428);
#2427 = CARTESIAN_POINT('',(210.,266.,65.));
#2428 = VECTOR('',#2429,1.);
#2429 = DIRECTION('',(1.,0.,0.));
#2430 = ORIENTED_EDGE('',*,*,#2374,.F.);
#2431 = PLANE('',#2432);
#2432 = AXIS2_PLACEMENT_3D('',#2433,#2434,#2435);
#2433 = CARTESIAN_POINT('',(210.,266.,59.5));
#2434 = DIRECTION('',(0.,1.,0.));
#2435 = DIRECTION('',(0.,0.,1.));
#2436 = ADVANCED_FACE('',(#2437),#2443,.F.);
#2437 = FACE_BOUND('',#2438,.F.);
#2438 = EDGE_LOOP('',(#2439,#2440,#2441,#2442));
#2439 = ORIENTED_EDGE('',*,*,#2326,.F.);
#2440 = ORIENTED_EDGE('',*,*,#2396,.T.);
#2441 = ORIENTED_EDGE('',*,*,#2366,.T.);
#2442 = ORIENTED_EDGE('',*,*,#2418,.F.);
#2443 = PLANE('',#2444);
#2444 = AXIS2_PLACEMENT_3D('',#2445,#2446,#2447);
#2445 = CARTESIAN_POINT('',(210.,263.,59.5));
#2446 = DIRECTION('',(0.,0.,1.));
#2447 = DIRECTION('',(1.,0.,0.));
#2448 = ADVANCED_FACE('',(#2449),#2455,.T.);
#2449 = FACE_BOUND('',#2450,.T.);
#2450 = EDGE_LOOP('',(#2451,#2452,#2453,#2454));
#2451 = ORIENTED_EDGE('',*,*,#2342,.F.);
#2452 = ORIENTED_EDGE('',*,*,#2403,.T.);
#2453 = ORIENTED_EDGE('',*,*,#2382,.T.);
#2454 = ORIENTED_EDGE('',*,*,#2425,.F.);
#2455 = PLANE('',#2456);
#2456 = AXIS2_PLACEMENT_3D('',#2457,#2458,#2459);
#2457 = CARTESIAN_POINT('',(210.,263.,65.));
#2458 = DIRECTION('',(0.,0.,1.));
#2459 = DIRECTION('',(1.,0.,0.));
#2460 = MANIFOLD_SOLID_BREP('',#2461);
#2461 = CLOSED_SHELL('',(#2462,#2495,#2504));
#2462 = ADVANCED_FACE('',(#2463),#2490,.T.);
#2463 = FACE_BOUND('',#2464,.T.);
#2464 = EDGE_LOOP('',(#2465,#2474,#2482,#2489));
#2465 = ORIENTED_EDGE('',*,*,#2466,.F.);
#2466 = EDGE_CURVE('',#2467,#2467,#2469,.T.);
#2467 = VERTEX_POINT('',#2468);
#2468 = CARTESIAN_POINT('',(234.,232.,71.5));
#2469 = CIRCLE('',#2470,4.);
#2470 = AXIS2_PLACEMENT_3D('',#2471,#2472,#2473);
#2471 = CARTESIAN_POINT('',(230.,232.,71.5));
#2472 = DIRECTION('',(0.,0.,1.));
#2473 = DIRECTION('',(1.,0.,0.));
#2474 = ORIENTED_EDGE('',*,*,#2475,.F.);
#2475 = EDGE_CURVE('',#2476,#2467,#2478,.T.);
#2476 = VERTEX_POINT('',#2477);
#2477 = CARTESIAN_POINT('',(234.,232.,56.5));
#2478 = LINE('',#2479,#2480);
#2479 = CARTESIAN_POINT('',(234.,232.,56.5));
#2480 = VECTOR('',#2481,1.);
#2481 = DIRECTION('',(0.,0.,1.));
#2482 = ORIENTED_EDGE('',*,*,#2483,.T.);
#2483 = EDGE_CURVE('',#2476,#2476,#2484,.T.);
#2484 = CIRCLE('',#2485,4.);
#2485 = AXIS2_PLACEMENT_3D('',#2486,#2487,#2488);
#2486 = CARTESIAN_POINT('',(230.,232.,56.5));
#2487 = DIRECTION('',(0.,0.,1.));
#2488 = DIRECTION('',(1.,0.,0.));
#2489 = ORIENTED_EDGE('',*,*,#2475,.T.);
#2490 = CYLINDRICAL_SURFACE('',#2491,4.);
#2491 = AXIS2_PLACEMENT_3D('',#2492,#2493,#2494);
#2492 = CARTESIAN_POINT('',(230.,232.,56.5));
#2493 = DIRECTION('',(0.,0.,1.));
#2494 = DIRECTION('',(1.,0.,0.));
#2495 = ADVANCED_FACE('',(#2496),#2499,.T.);
#2496 = FACE_BOUND('',#2497,.T.);
#2497 = EDGE_LOOP('',(#2498));
#2498 = ORIENTED_EDGE('',*,*,#2466,.T.);
#2499 = PLANE('',#2500);
#2500 = AXIS2_PLACEMENT_3D('',#2501,#2502,#2503);
#2501 = CARTESIAN_POINT('',(230.,232.,71.5));
#2502 = DIRECTION('',(0.,0.,1.));
#2503 = DIRECTION('',(1.,0.,0.));
#2504 = ADVANCED_FACE('',(#2505),#2508,.F.);
#2505 = FACE_BOUND('',#2506,.T.);
#2506 = EDGE_LOOP('',(#2507));
#2507 = ORIENTED_EDGE('',*,*,#2483,.F.);
#2508 = PLANE('',#2509);
#2509 = AXIS2_PLACEMENT_3D('',#2510,#2511,#2512);
#2510 = CARTESIAN_POINT('',(230.,232.,56.5));
#2511 = DIRECTION('',(0.,0.,1.));
#2512 = DIRECTION('',(1.,0.,0.));
#2513 = MANIFOLD_SOLID_BREP('',#2514);
#2514 = CLOSED_SHELL('',(#2515,#2548,#2568,#2588));
#2515 = ADVANCED_FACE('',(#2516),#2543,.T.);
#2516 = FACE_BOUND('',#2517,.T.);
#2517 = EDGE_LOOP('',(#2518,#2527,#2535,#2542));
#2518 = ORIENTED_EDGE('',*,*,#2519,.F.);
#2519 = EDGE_CURVE('',#2520,#2520,#2522,.T.);
#2520 = VERTEX_POINT('',#2521);
#2521 = CARTESIAN_POINT('',(238.,232.,61.1));
#2522 = CIRCLE('',#2523,8.);
#2523 = AXIS2_PLACEMENT_3D('',#2524,#2525,#2526);
#2524 = CARTESIAN_POINT('',(230.,232.,61.1));
#2525 = DIRECTION('',(0.,0.,1.));
#2526 = DIRECTION('',(1.,0.,0.));
#2527 = ORIENTED_EDGE('',*,*,#2528,.F.);
#2528 = EDGE_CURVE('',#2529,#2520,#2531,.T.);
#2529 = VERTEX_POINT('',#2530);
#2530 = CARTESIAN_POINT('',(238.,232.,59.5));
#2531 = LINE('',#2532,#2533);
#2532 = CARTESIAN_POINT('',(238.,232.,59.5));
#2533 = VECTOR('',#2534,1.);
#2534 = DIRECTION('',(0.,0.,1.));
#2535 = ORIENTED_EDGE('',*,*,#2536,.T.);
#2536 = EDGE_CURVE('',#2529,#2529,#2537,.T.);
#2537 = CIRCLE('',#2538,8.);
#2538 = AXIS2_PLACEMENT_3D('',#2539,#2540,#2541);
#2539 = CARTESIAN_POINT('',(230.,232.,59.5));
#2540 = DIRECTION('',(0.,0.,1.));
#2541 = DIRECTION('',(1.,0.,0.));
#2542 = ORIENTED_EDGE('',*,*,#2528,.T.);
#2543 = CYLINDRICAL_SURFACE('',#2544,8.);
#2544 = AXIS2_PLACEMENT_3D('',#2545,#2546,#2547);
#2545 = CARTESIAN_POINT('',(230.,232.,59.5));
#2546 = DIRECTION('',(0.,0.,1.));
#2547 = DIRECTION('',(1.,0.,0.));
#2548 = ADVANCED_FACE('',(#2549,#2552),#2563,.T.);
#2549 = FACE_BOUND('',#2550,.T.);
#2550 = EDGE_LOOP('',(#2551));
#2551 = ORIENTED_EDGE('',*,*,#2519,.T.);
#2552 = FACE_BOUND('',#2553,.T.);
#2553 = EDGE_LOOP('',(#2554));
#2554 = ORIENTED_EDGE('',*,*,#2555,.F.);
#2555 = EDGE_CURVE('',#2556,#2556,#2558,.T.);
#2556 = VERTEX_POINT('',#2557);
#2557 = CARTESIAN_POINT('',(234.,232.,61.1));
#2558 = CIRCLE('',#2559,4.);
#2559 = AXIS2_PLACEMENT_3D('',#2560,#2561,#2562);
#2560 = CARTESIAN_POINT('',(230.,232.,61.1));
#2561 = DIRECTION('',(0.,0.,1.));
#2562 = DIRECTION('',(1.,0.,0.));
#2563 = PLANE('',#2564);
#2564 = AXIS2_PLACEMENT_3D('',#2565,#2566,#2567);
#2565 = CARTESIAN_POINT('',(230.,232.,61.1));
#2566 = DIRECTION('',(0.,0.,1.));
#2567 = DIRECTION('',(1.,0.,0.));
#2568 = ADVANCED_FACE('',(#2569,#2572),#2583,.F.);
#2569 = FACE_BOUND('',#2570,.F.);
#2570 = EDGE_LOOP('',(#2571));
#2571 = ORIENTED_EDGE('',*,*,#2536,.T.);
#2572 = FACE_BOUND('',#2573,.F.);
#2573 = EDGE_LOOP('',(#2574));
#2574 = ORIENTED_EDGE('',*,*,#2575,.F.);
#2575 = EDGE_CURVE('',#2576,#2576,#2578,.T.);
#2576 = VERTEX_POINT('',#2577);
#2577 = CARTESIAN_POINT('',(234.,232.,59.5));
#2578 = CIRCLE('',#2579,4.);
#2579 = AXIS2_PLACEMENT_3D('',#2580,#2581,#2582);
#2580 = CARTESIAN_POINT('',(230.,232.,59.5));
#2581 = DIRECTION('',(0.,0.,1.));
#2582 = DIRECTION('',(1.,0.,0.));
#2583 = PLANE('',#2584);
#2584 = AXIS2_PLACEMENT_3D('',#2585,#2586,#2587);
#2585 = CARTESIAN_POINT('',(230.,232.,59.5));
#2586 = DIRECTION('',(0.,0.,1.));
#2587 = DIRECTION('',(1.,0.,0.));
#2588 = ADVANCED_FACE('',(#2589),#2600,.F.);
#2589 = FACE_BOUND('',#2590,.F.);
#2590 = EDGE_LOOP('',(#2591,#2592,#2598,#2599));
#2591 = ORIENTED_EDGE('',*,*,#2555,.F.);
#2592 = ORIENTED_EDGE('',*,*,#2593,.F.);
#2593 = EDGE_CURVE('',#2576,#2556,#2594,.T.);
#2594 = LINE('',#2595,#2596);
#2595 = CARTESIAN_POINT('',(234.,232.,59.5));
#2596 = VECTOR('',#2597,1.);
#2597 = DIRECTION('',(0.,0.,1.));
#2598 = ORIENTED_EDGE('',*,*,#2575,.T.);
#2599 = ORIENTED_EDGE('',*,*,#2593,.T.);
#2600 = CYLINDRICAL_SURFACE('',#2601,4.);
#2601 = AXIS2_PLACEMENT_3D('',#2602,#2603,#2604);
#2602 = CARTESIAN_POINT('',(230.,232.,59.5));
#2603 = DIRECTION('',(0.,0.,1.));
#2604 = DIRECTION('',(1.,0.,0.));
#2605 = MANIFOLD_SOLID_BREP('',#2606);
#2606 = CLOSED_SHELL('',(#2607,#2640,#2660,#2680));
#2607 = ADVANCED_FACE('',(#2608),#2635,.T.);
#2608 = FACE_BOUND('',#2609,.T.);
#2609 = EDGE_LOOP('',(#2610,#2619,#2627,#2634));
#2610 = ORIENTED_EDGE('',*,*,#2611,.F.);
#2611 = EDGE_CURVE('',#2612,#2612,#2614,.T.);
#2612 = VERTEX_POINT('',#2613);
#2613 = CARTESIAN_POINT('',(237.5,232.,69.1));
#2614 = CIRCLE('',#2615,7.5);
#2615 = AXIS2_PLACEMENT_3D('',#2616,#2617,#2618);
#2616 = CARTESIAN_POINT('',(230.,232.,69.1));
#2617 = DIRECTION('',(0.,0.,1.));
#2618 = DIRECTION('',(1.,0.,0.));
#2619 = ORIENTED_EDGE('',*,*,#2620,.F.);
#2620 = EDGE_CURVE('',#2621,#2612,#2623,.T.);
#2621 = VERTEX_POINT('',#2622);
#2622 = CARTESIAN_POINT('',(237.5,232.,61.1));
#2623 = LINE('',#2624,#2625);
#2624 = CARTESIAN_POINT('',(237.5,232.,61.1));
#2625 = VECTOR('',#2626,1.);
#2626 = DIRECTION('',(0.,0.,1.));
#2627 = ORIENTED_EDGE('',*,*,#2628,.T.);
#2628 = EDGE_CURVE('',#2621,#2621,#2629,.T.);
#2629 = CIRCLE('',#2630,7.5);
#2630 = AXIS2_PLACEMENT_3D('',#2631,#2632,#2633);
#2631 = CARTESIAN_POINT('',(230.,232.,61.1));
#2632 = DIRECTION('',(0.,0.,1.));
#2633 = DIRECTION('',(1.,0.,0.));
#2634 = ORIENTED_EDGE('',*,*,#2620,.T.);
#2635 = CYLINDRICAL_SURFACE('',#2636,7.5);
#2636 = AXIS2_PLACEMENT_3D('',#2637,#2638,#2639);
#2637 = CARTESIAN_POINT('',(230.,232.,61.1));
#2638 = DIRECTION('',(0.,0.,1.));
#2639 = DIRECTION('',(1.,0.,0.));
#2640 = ADVANCED_FACE('',(#2641,#2644),#2655,.T.);
#2641 = FACE_BOUND('',#2642,.T.);
#2642 = EDGE_LOOP('',(#2643));
#2643 = ORIENTED_EDGE('',*,*,#2611,.T.);
#2644 = FACE_BOUND('',#2645,.T.);
#2645 = EDGE_LOOP('',(#2646));
#2646 = ORIENTED_EDGE('',*,*,#2647,.F.);
#2647 = EDGE_CURVE('',#2648,#2648,#2650,.T.);
#2648 = VERTEX_POINT('',#2649);
#2649 = CARTESIAN_POINT('',(234.,232.,69.1));
#2650 = CIRCLE('',#2651,4.);
#2651 = AXIS2_PLACEMENT_3D('',#2652,#2653,#2654);
#2652 = CARTESIAN_POINT('',(230.,232.,69.1));
#2653 = DIRECTION('',(0.,0.,1.));
#2654 = DIRECTION('',(1.,0.,0.));
#2655 = PLANE('',#2656);
#2656 = AXIS2_PLACEMENT_3D('',#2657,#2658,#2659);
#2657 = CARTESIAN_POINT('',(230.,232.,69.1));
#2658 = DIRECTION('',(0.,0.,1.));
#2659 = DIRECTION('',(1.,0.,0.));
#2660 = ADVANCED_FACE('',(#2661,#2664),#2675,.F.);
#2661 = FACE_BOUND('',#2662,.F.);
#2662 = EDGE_LOOP('',(#2663));
#2663 = ORIENTED_EDGE('',*,*,#2628,.T.);
#2664 = FACE_BOUND('',#2665,.F.);
#2665 = EDGE_LOOP('',(#2666));
#2666 = ORIENTED_EDGE('',*,*,#2667,.F.);
#2667 = EDGE_CURVE('',#2668,#2668,#2670,.T.);
#2668 = VERTEX_POINT('',#2669);
#2669 = CARTESIAN_POINT('',(234.,232.,61.1));
#2670 = CIRCLE('',#2671,4.);
#2671 = AXIS2_PLACEMENT_3D('',#2672,#2673,#2674);
#2672 = CARTESIAN_POINT('',(230.,232.,61.1));
#2673 = DIRECTION('',(0.,0.,1.));
#2674 = DIRECTION('',(1.,0.,0.));
#2675 = PLANE('',#2676);
#2676 = AXIS2_PLACEMENT_3D('',#2677,#2678,#2679);
#2677 = CARTESIAN_POINT('',(230.,232.,61.1));
#2678 = DIRECTION('',(0.,0.,1.));
#2679 = DIRECTION('',(1.,0.,0.));
#2680 = ADVANCED_FACE('',(#2681),#2692,.F.);
#2681 = FACE_BOUND('',#2682,.F.);
#2682 = EDGE_LOOP('',(#2683,#2684,#2690,#2691));
#2683 = ORIENTED_EDGE('',*,*,#2647,.F.);
#2684 = ORIENTED_EDGE('',*,*,#2685,.F.);
#2685 = EDGE_CURVE('',#2668,#2648,#2686,.T.);
#2686 = LINE('',#2687,#2688);
#2687 = CARTESIAN_POINT('',(234.,232.,61.1));
#2688 = VECTOR('',#2689,1.);
#2689 = DIRECTION('',(0.,0.,1.));
#2690 = ORIENTED_EDGE('',*,*,#2667,.T.);
#2691 = ORIENTED_EDGE('',*,*,#2685,.T.);
#2692 = CYLINDRICAL_SURFACE('',#2693,4.);
#2693 = AXIS2_PLACEMENT_3D('',#2694,#2695,#2696);
#2694 = CARTESIAN_POINT('',(230.,232.,61.1));
#2695 = DIRECTION('',(0.,0.,1.));
#2696 = DIRECTION('',(1.,0.,0.));
#2697 = MANIFOLD_SOLID_BREP('',#2698);
#2698 = CLOSED_SHELL('',(#2699,#2732,#2741));
#2699 = ADVANCED_FACE('',(#2700),#2727,.T.);
#2700 = FACE_BOUND('',#2701,.T.);
#2701 = EDGE_LOOP('',(#2702,#2711,#2719,#2726));
#2702 = ORIENTED_EDGE('',*,*,#2703,.F.);
#2703 = EDGE_CURVE('',#2704,#2704,#2706,.T.);
#2704 = VERTEX_POINT('',#2705);
#2705 = CARTESIAN_POINT('',(26.,105.,72.));
#2706 = CIRCLE('',#2707,36.);
#2707 = AXIS2_PLACEMENT_3D('',#2708,#2709,#2710);
#2708 = CARTESIAN_POINT('',(26.,105.,36.));
#2709 = DIRECTION('',(1.,0.,-0.));
#2710 = DIRECTION('',(0.,0.,1.));
#2711 = ORIENTED_EDGE('',*,*,#2712,.F.);
#2712 = EDGE_CURVE('',#2713,#2704,#2715,.T.);
#2713 = VERTEX_POINT('',#2714);
#2714 = CARTESIAN_POINT('',(2.,105.,72.));
#2715 = LINE('',#2716,#2717);
#2716 = CARTESIAN_POINT('',(2.,105.,72.));
#2717 = VECTOR('',#2718,1.);
#2718 = DIRECTION('',(1.,0.,0.));
#2719 = ORIENTED_EDGE('',*,*,#2720,.T.);
#2720 = EDGE_CURVE('',#2713,#2713,#2721,.T.);
#2721 = CIRCLE('',#2722,36.);
#2722 = AXIS2_PLACEMENT_3D('',#2723,#2724,#2725);
#2723 = CARTESIAN_POINT('',(2.,105.,36.));
#2724 = DIRECTION('',(1.,0.,-0.));
#2725 = DIRECTION('',(0.,0.,1.));
#2726 = ORIENTED_EDGE('',*,*,#2712,.T.);
#2727 = CYLINDRICAL_SURFACE('',#2728,36.);
#2728 = AXIS2_PLACEMENT_3D('',#2729,#2730,#2731);
#2729 = CARTESIAN_POINT('',(2.,105.,36.));
#2730 = DIRECTION('',(1.,0.,0.));
#2731 = DIRECTION('',(0.,0.,1.));
#2732 = ADVANCED_FACE('',(#2733),#2736,.T.);
#2733 = FACE_BOUND('',#2734,.T.);
#2734 = EDGE_LOOP('',(#2735));
#2735 = ORIENTED_EDGE('',*,*,#2703,.T.);
#2736 = PLANE('',#2737);
#2737 = AXIS2_PLACEMENT_3D('',#2738,#2739,#2740);
#2738 = CARTESIAN_POINT('',(26.,105.,36.));
#2739 = DIRECTION('',(1.,0.,0.));
#2740 = DIRECTION('',(0.,0.,1.));
#2741 = ADVANCED_FACE('',(#2742),#2745,.F.);
#2742 = FACE_BOUND('',#2743,.T.);
#2743 = EDGE_LOOP('',(#2744));
#2744 = ORIENTED_EDGE('',*,*,#2720,.F.);
#2745 = PLANE('',#2746);
#2746 = AXIS2_PLACEMENT_3D('',#2747,#2748,#2749);
#2747 = CARTESIAN_POINT('',(2.,105.,36.));
#2748 = DIRECTION('',(1.,0.,0.));
#2749 = DIRECTION('',(0.,0.,1.));
#2750 = MANIFOLD_SOLID_BREP('',#2751);
#2751 = CLOSED_SHELL('',(#2752,#2785,#2794));
#2752 = ADVANCED_FACE('',(#2753),#2780,.T.);
#2753 = FACE_BOUND('',#2754,.T.);
#2754 = EDGE_LOOP('',(#2755,#2764,#2772,#2779));
#2755 = ORIENTED_EDGE('',*,*,#2756,.F.);
#2756 = EDGE_CURVE('',#2757,#2757,#2759,.T.);
#2757 = VERTEX_POINT('',#2758);
#2758 = CARTESIAN_POINT('',(273.,105.,72.));
#2759 = CIRCLE('',#2760,36.);
#2760 = AXIS2_PLACEMENT_3D('',#2761,#2762,#2763);
#2761 = CARTESIAN_POINT('',(273.,105.,36.));
#2762 = DIRECTION('',(1.,0.,-0.));
#2763 = DIRECTION('',(0.,0.,1.));
#2764 = ORIENTED_EDGE('',*,*,#2765,.F.);
#2765 = EDGE_CURVE('',#2766,#2757,#2768,.T.);
#2766 = VERTEX_POINT('',#2767);
#2767 = CARTESIAN_POINT('',(249.,105.,72.));
#2768 = LINE('',#2769,#2770);
#2769 = CARTESIAN_POINT('',(249.,105.,72.));
#2770 = VECTOR('',#2771,1.);
#2771 = DIRECTION('',(1.,0.,0.));
#2772 = ORIENTED_EDGE('',*,*,#2773,.T.);
#2773 = EDGE_CURVE('',#2766,#2766,#2774,.T.);
#2774 = CIRCLE('',#2775,36.);
#2775 = AXIS2_PLACEMENT_3D('',#2776,#2777,#2778);
#2776 = CARTESIAN_POINT('',(249.,105.,36.));
#2777 = DIRECTION('',(1.,0.,-0.));
#2778 = DIRECTION('',(0.,0.,1.));
#2779 = ORIENTED_EDGE('',*,*,#2765,.T.);
#2780 = CYLINDRICAL_SURFACE('',#2781,36.);
#2781 = AXIS2_PLACEMENT_3D('',#2782,#2783,#2784);
#2782 = CARTESIAN_POINT('',(249.,105.,36.));
#2783 = DIRECTION('',(1.,0.,0.));
#2784 = DIRECTION('',(0.,0.,1.));
#2785 = ADVANCED_FACE('',(#2786),#2789,.T.);
#2786 = FACE_BOUND('',#2787,.T.);
#2787 = EDGE_LOOP('',(#2788));
#2788 = ORIENTED_EDGE('',*,*,#2756,.T.);
#2789 = PLANE('',#2790);
#2790 = AXIS2_PLACEMENT_3D('',#2791,#2792,#2793);
#2791 = CARTESIAN_POINT('',(273.,105.,36.));
#2792 = DIRECTION('',(1.,0.,0.));
#2793 = DIRECTION('',(0.,0.,1.));
#2794 = ADVANCED_FACE('',(#2795),#2798,.F.);
#2795 = FACE_BOUND('',#2796,.T.);
#2796 = EDGE_LOOP('',(#2797));
#2797 = ORIENTED_EDGE('',*,*,#2773,.F.);
#2798 = PLANE('',#2799);
#2799 = AXIS2_PLACEMENT_3D('',#2800,#2801,#2802);
#2800 = CARTESIAN_POINT('',(249.,105.,36.));
#2801 = DIRECTION('',(1.,0.,0.));
#2802 = DIRECTION('',(0.,0.,1.));
#2803 = GEOMETRIC_CURVE_SET('',(#2804));
#2804 = TRIMMED_CURVE('',#2805,(#2809,PARAMETER_VALUE(0.)),(#2810,
    PARAMETER_VALUE(34.)),.T.,.PARAMETER.);
#2805 = LINE('',#2806,#2807);
#2806 = CARTESIAN_POINT('',(142.,13.,87.));
#2807 = VECTOR('',#2808,1.);
#2808 = DIRECTION('',(0.,0.,1.));
#2809 = CARTESIAN_POINT('',(142.,13.,87.));
#2810 = CARTESIAN_POINT('',(142.,13.,121.));
#2811 = GEOMETRIC_CURVE_SET('',(#2812));
#2812 = TRIMMED_CURVE('',#2813,(#2817,PARAMETER_VALUE(0.)),(#2818,
    PARAMETER_VALUE(70.)),.T.,.PARAMETER.);
#2813 = LINE('',#2814,#2815);
#2814 = CARTESIAN_POINT('',(142.,13.,121.));
#2815 = VECTOR('',#2816,1.);
#2816 = DIRECTION('',(0.,1.,0.));
#2817 = CARTESIAN_POINT('',(142.,13.,121.));
#2818 = CARTESIAN_POINT('',(142.,83.,121.));
#2819 = GEOMETRIC_CURVE_SET('',(#2820));
#2820 = TRIMMED_CURVE('',#2821,(#2825,PARAMETER_VALUE(0.)),(#2826,
    PARAMETER_VALUE(34.)),.T.,.PARAMETER.);
#2821 = LINE('',#2822,#2823);
#2822 = CARTESIAN_POINT('',(142.,83.,87.));
#2823 = VECTOR('',#2824,1.);
#2824 = DIRECTION('',(0.,0.,1.));
#2825 = CARTESIAN_POINT('',(142.,83.,87.));
#2826 = CARTESIAN_POINT('',(142.,83.,121.));
#2827 = GEOMETRIC_CURVE_SET('',(#2828));
#2828 = TRIMMED_CURVE('',#2829,(#2833,PARAMETER_VALUE(0.)),(#2834,
    PARAMETER_VALUE(70.)),.T.,.PARAMETER.);
#2829 = LINE('',#2830,#2831);
#2830 = CARTESIAN_POINT('',(142.,13.,87.));
#2831 = VECTOR('',#2832,1.);
#2832 = DIRECTION('',(0.,1.,0.));
#2833 = CARTESIAN_POINT('',(142.,13.,87.));
#2834 = CARTESIAN_POINT('',(142.,83.,87.));
#2835 = GEOMETRIC_CURVE_SET('',(#2836));
#2836 = TRIMMED_CURVE('',#2837,(#2841,PARAMETER_VALUE(0.)),(#2842,
    PARAMETER_VALUE(34.)),.T.,.PARAMETER.);
#2837 = LINE('',#2838,#2839);
#2838 = CARTESIAN_POINT('',(246.,13.,87.));
#2839 = VECTOR('',#2840,1.);
#2840 = DIRECTION('',(0.,0.,1.));
#2841 = CARTESIAN_POINT('',(246.,13.,87.));
#2842 = CARTESIAN_POINT('',(246.,13.,121.));
#2843 = GEOMETRIC_CURVE_SET('',(#2844));
#2844 = TRIMMED_CURVE('',#2845,(#2849,PARAMETER_VALUE(0.)),(#2850,
    PARAMETER_VALUE(70.)),.T.,.PARAMETER.);
#2845 = LINE('',#2846,#2847);
#2846 = CARTESIAN_POINT('',(246.,13.,121.));
#2847 = VECTOR('',#2848,1.);
#2848 = DIRECTION('',(0.,1.,0.));
#2849 = CARTESIAN_POINT('',(246.,13.,121.));
#2850 = CARTESIAN_POINT('',(246.,83.,121.));
#2851 = GEOMETRIC_CURVE_SET('',(#2852));
#2852 = TRIMMED_CURVE('',#2853,(#2857,PARAMETER_VALUE(0.)),(#2858,
    PARAMETER_VALUE(34.)),.T.,.PARAMETER.);
#2853 = LINE('',#2854,#2855);
#2854 = CARTESIAN_POINT('',(246.,83.,87.));
#2855 = VECTOR('',#2856,1.);
#2856 = DIRECTION('',(0.,0.,1.));
#2857 = CARTESIAN_POINT('',(246.,83.,87.));
#2858 = CARTESIAN_POINT('',(246.,83.,121.));
#2859 = GEOMETRIC_CURVE_SET('',(#2860));
#2860 = TRIMMED_CURVE('',#2861,(#2865,PARAMETER_VALUE(0.)),(#2866,
    PARAMETER_VALUE(70.)),.T.,.PARAMETER.);
#2861 = LINE('',#2862,#2863);
#2862 = CARTESIAN_POINT('',(246.,13.,87.));
#2863 = VECTOR('',#2864,1.);
#2864 = DIRECTION('',(0.,1.,0.));
#2865 = CARTESIAN_POINT('',(246.,13.,87.));
#2866 = CARTESIAN_POINT('',(246.,83.,87.));
#2867 = GEOMETRIC_CURVE_SET('',(#2868));
#2868 = TRIMMED_CURVE('',#2869,(#2873,PARAMETER_VALUE(0.)),(#2874,
    PARAMETER_VALUE(104.)),.T.,.PARAMETER.);
#2869 = LINE('',#2870,#2871);
#2870 = CARTESIAN_POINT('',(142.,13.,87.));
#2871 = VECTOR('',#2872,1.);
#2872 = DIRECTION('',(1.,0.,0.));
#2873 = CARTESIAN_POINT('',(142.,13.,87.));
#2874 = CARTESIAN_POINT('',(246.,13.,87.));
#2875 = GEOMETRIC_CURVE_SET('',(#2876));
#2876 = TRIMMED_CURVE('',#2877,(#2881,PARAMETER_VALUE(0.)),(#2882,
    PARAMETER_VALUE(104.)),.T.,.PARAMETER.);
#2877 = LINE('',#2878,#2879);
#2878 = CARTESIAN_POINT('',(142.,13.,121.));
#2879 = VECTOR('',#2880,1.);
#2880 = DIRECTION('',(1.,0.,0.));
#2881 = CARTESIAN_POINT('',(142.,13.,121.));
#2882 = CARTESIAN_POINT('',(246.,13.,121.));
#2883 = GEOMETRIC_CURVE_SET('',(#2884));
#2884 = TRIMMED_CURVE('',#2885,(#2889,PARAMETER_VALUE(0.)),(#2890,
    PARAMETER_VALUE(104.)),.T.,.PARAMETER.);
#2885 = LINE('',#2886,#2887);
#2886 = CARTESIAN_POINT('',(142.,83.,87.));
#2887 = VECTOR('',#2888,1.);
#2888 = DIRECTION('',(1.,0.,0.));
#2889 = CARTESIAN_POINT('',(142.,83.,87.));
#2890 = CARTESIAN_POINT('',(246.,83.,87.));
#2891 = GEOMETRIC_CURVE_SET('',(#2892));
#2892 = TRIMMED_CURVE('',#2893,(#2897,PARAMETER_VALUE(0.)),(#2898,
    PARAMETER_VALUE(104.)),.T.,.PARAMETER.);
#2893 = LINE('',#2894,#2895);
#2894 = CARTESIAN_POINT('',(142.,83.,121.));
#2895 = VECTOR('',#2896,1.);
#2896 = DIRECTION('',(1.,0.,0.));
#2897 = CARTESIAN_POINT('',(142.,83.,121.));
#2898 = CARTESIAN_POINT('',(246.,83.,121.));
#2899 = GEOMETRIC_CURVE_SET('',(#2900));
#2900 = TRIMMED_CURVE('',#2901,(#2905,PARAMETER_VALUE(0.)),(#2906,
    PARAMETER_VALUE(31.)),.T.,.PARAMETER.);
#2901 = LINE('',#2902,#2903);
#2902 = CARTESIAN_POINT('',(109.,2.,54.));
#2903 = VECTOR('',#2904,1.);
#2904 = DIRECTION('',(0.,0.,1.));
#2905 = CARTESIAN_POINT('',(109.,2.,54.));
#2906 = CARTESIAN_POINT('',(109.,2.,85.));
#2907 = GEOMETRIC_CURVE_SET('',(#2908));
#2908 = TRIMMED_CURVE('',#2909,(#2913,PARAMETER_VALUE(0.)),(#2914,
    PARAMETER_VALUE(26.)),.T.,.PARAMETER.);
#2909 = LINE('',#2910,#2911);
#2910 = CARTESIAN_POINT('',(109.,2.,85.));
#2911 = VECTOR('',#2912,1.);
#2912 = DIRECTION('',(0.,1.,0.));
#2913 = CARTESIAN_POINT('',(109.,2.,85.));
#2914 = CARTESIAN_POINT('',(109.,28.,85.));
#2915 = GEOMETRIC_CURVE_SET('',(#2916));
#2916 = TRIMMED_CURVE('',#2917,(#2921,PARAMETER_VALUE(0.)),(#2922,
    PARAMETER_VALUE(31.)),.T.,.PARAMETER.);
#2917 = LINE('',#2918,#2919);
#2918 = CARTESIAN_POINT('',(109.,28.,54.));
#2919 = VECTOR('',#2920,1.);
#2920 = DIRECTION('',(0.,0.,1.));
#2921 = CARTESIAN_POINT('',(109.,28.,54.));
#2922 = CARTESIAN_POINT('',(109.,28.,85.));
#2923 = GEOMETRIC_CURVE_SET('',(#2924));
#2924 = TRIMMED_CURVE('',#2925,(#2929,PARAMETER_VALUE(0.)),(#2930,
    PARAMETER_VALUE(26.)),.T.,.PARAMETER.);
#2925 = LINE('',#2926,#2927);
#2926 = CARTESIAN_POINT('',(109.,2.,54.));
#2927 = VECTOR('',#2928,1.);
#2928 = DIRECTION('',(0.,1.,0.));
#2929 = CARTESIAN_POINT('',(109.,2.,54.));
#2930 = CARTESIAN_POINT('',(109.,28.,54.));
#2931 = GEOMETRIC_CURVE_SET('',(#2932));
#2932 = TRIMMED_CURVE('',#2933,(#2937,PARAMETER_VALUE(0.)),(#2938,
    PARAMETER_VALUE(31.)),.T.,.PARAMETER.);
#2933 = LINE('',#2934,#2935);
#2934 = CARTESIAN_POINT('',(213.,2.,54.));
#2935 = VECTOR('',#2936,1.);
#2936 = DIRECTION('',(0.,0.,1.));
#2937 = CARTESIAN_POINT('',(213.,2.,54.));
#2938 = CARTESIAN_POINT('',(213.,2.,85.));
#2939 = GEOMETRIC_CURVE_SET('',(#2940));
#2940 = TRIMMED_CURVE('',#2941,(#2945,PARAMETER_VALUE(0.)),(#2946,
    PARAMETER_VALUE(26.)),.T.,.PARAMETER.);
#2941 = LINE('',#2942,#2943);
#2942 = CARTESIAN_POINT('',(213.,2.,85.));
#2943 = VECTOR('',#2944,1.);
#2944 = DIRECTION('',(0.,1.,0.));
#2945 = CARTESIAN_POINT('',(213.,2.,85.));
#2946 = CARTESIAN_POINT('',(213.,28.,85.));
#2947 = GEOMETRIC_CURVE_SET('',(#2948));
#2948 = TRIMMED_CURVE('',#2949,(#2953,PARAMETER_VALUE(0.)),(#2954,
    PARAMETER_VALUE(31.)),.T.,.PARAMETER.);
#2949 = LINE('',#2950,#2951);
#2950 = CARTESIAN_POINT('',(213.,28.,54.));
#2951 = VECTOR('',#2952,1.);
#2952 = DIRECTION('',(0.,0.,1.));
#2953 = CARTESIAN_POINT('',(213.,28.,54.));
#2954 = CARTESIAN_POINT('',(213.,28.,85.));
#2955 = GEOMETRIC_CURVE_SET('',(#2956));
#2956 = TRIMMED_CURVE('',#2957,(#2961,PARAMETER_VALUE(0.)),(#2962,
    PARAMETER_VALUE(26.)),.T.,.PARAMETER.);
#2957 = LINE('',#2958,#2959);
#2958 = CARTESIAN_POINT('',(213.,2.,54.));
#2959 = VECTOR('',#2960,1.);
#2960 = DIRECTION('',(0.,1.,0.));
#2961 = CARTESIAN_POINT('',(213.,2.,54.));
#2962 = CARTESIAN_POINT('',(213.,28.,54.));
#2963 = GEOMETRIC_CURVE_SET('',(#2964));
#2964 = TRIMMED_CURVE('',#2965,(#2969,PARAMETER_VALUE(0.)),(#2970,
    PARAMETER_VALUE(104.)),.T.,.PARAMETER.);
#2965 = LINE('',#2966,#2967);
#2966 = CARTESIAN_POINT('',(109.,2.,54.));
#2967 = VECTOR('',#2968,1.);
#2968 = DIRECTION('',(1.,0.,0.));
#2969 = CARTESIAN_POINT('',(109.,2.,54.));
#2970 = CARTESIAN_POINT('',(213.,2.,54.));
#2971 = GEOMETRIC_CURVE_SET('',(#2972));
#2972 = TRIMMED_CURVE('',#2973,(#2977,PARAMETER_VALUE(0.)),(#2978,
    PARAMETER_VALUE(104.)),.T.,.PARAMETER.);
#2973 = LINE('',#2974,#2975);
#2974 = CARTESIAN_POINT('',(109.,2.,85.));
#2975 = VECTOR('',#2976,1.);
#2976 = DIRECTION('',(1.,0.,0.));
#2977 = CARTESIAN_POINT('',(109.,2.,85.));
#2978 = CARTESIAN_POINT('',(213.,2.,85.));
#2979 = GEOMETRIC_CURVE_SET('',(#2980));
#2980 = TRIMMED_CURVE('',#2981,(#2985,PARAMETER_VALUE(0.)),(#2986,
    PARAMETER_VALUE(104.)),.T.,.PARAMETER.);
#2981 = LINE('',#2982,#2983);
#2982 = CARTESIAN_POINT('',(109.,28.,54.));
#2983 = VECTOR('',#2984,1.);
#2984 = DIRECTION('',(1.,0.,0.));
#2985 = CARTESIAN_POINT('',(109.,28.,54.));
#2986 = CARTESIAN_POINT('',(213.,28.,54.));
#2987 = GEOMETRIC_CURVE_SET('',(#2988));
#2988 = TRIMMED_CURVE('',#2989,(#2993,PARAMETER_VALUE(0.)),(#2994,
    PARAMETER_VALUE(104.)),.T.,.PARAMETER.);
#2989 = LINE('',#2990,#2991);
#2990 = CARTESIAN_POINT('',(109.,28.,85.));
#2991 = VECTOR('',#2992,1.);
#2992 = DIRECTION('',(1.,0.,0.));
#2993 = CARTESIAN_POINT('',(109.,28.,85.));
#2994 = CARTESIAN_POINT('',(213.,28.,85.));
#2995 = GEOMETRIC_CURVE_SET('',(#2996));
#2996 = TRIMMED_CURVE('',#2997,(#3001,PARAMETER_VALUE(0.)),(#3002,
    PARAMETER_VALUE(32.)),.T.,.PARAMETER.);
#2997 = LINE('',#2998,#2999);
#2998 = CARTESIAN_POINT('',(13.,96.,89.));
#2999 = VECTOR('',#3000,1.);
#3000 = DIRECTION('',(0.,0.,1.));
#3001 = CARTESIAN_POINT('',(13.,96.,89.));
#3002 = CARTESIAN_POINT('',(13.,96.,121.));
#3003 = GEOMETRIC_CURVE_SET('',(#3004));
#3004 = TRIMMED_CURVE('',#3005,(#3009,PARAMETER_VALUE(0.)),(#3010,
    PARAMETER_VALUE(58.)),.T.,.PARAMETER.);
#3005 = LINE('',#3006,#3007);
#3006 = CARTESIAN_POINT('',(13.,96.,121.));
#3007 = VECTOR('',#3008,1.);
#3008 = DIRECTION('',(0.,1.,0.));
#3009 = CARTESIAN_POINT('',(13.,96.,121.));
#3010 = CARTESIAN_POINT('',(13.,154.,121.));
#3011 = GEOMETRIC_CURVE_SET('',(#3012));
#3012 = TRIMMED_CURVE('',#3013,(#3017,PARAMETER_VALUE(0.)),(#3018,
    PARAMETER_VALUE(32.)),.T.,.PARAMETER.);
#3013 = LINE('',#3014,#3015);
#3014 = CARTESIAN_POINT('',(13.,154.,89.));
#3015 = VECTOR('',#3016,1.);
#3016 = DIRECTION('',(0.,0.,1.));
#3017 = CARTESIAN_POINT('',(13.,154.,89.));
#3018 = CARTESIAN_POINT('',(13.,154.,121.));
#3019 = GEOMETRIC_CURVE_SET('',(#3020));
#3020 = TRIMMED_CURVE('',#3021,(#3025,PARAMETER_VALUE(0.)),(#3026,
    PARAMETER_VALUE(58.)),.T.,.PARAMETER.);
#3021 = LINE('',#3022,#3023);
#3022 = CARTESIAN_POINT('',(13.,96.,89.));
#3023 = VECTOR('',#3024,1.);
#3024 = DIRECTION('',(0.,1.,0.));
#3025 = CARTESIAN_POINT('',(13.,96.,89.));
#3026 = CARTESIAN_POINT('',(13.,154.,89.));
#3027 = GEOMETRIC_CURVE_SET('',(#3028));
#3028 = TRIMMED_CURVE('',#3029,(#3033,PARAMETER_VALUE(0.)),(#3034,
    PARAMETER_VALUE(32.)),.T.,.PARAMETER.);
#3029 = LINE('',#3030,#3031);
#3030 = CARTESIAN_POINT('',(41.,96.,89.));
#3031 = VECTOR('',#3032,1.);
#3032 = DIRECTION('',(0.,0.,1.));
#3033 = CARTESIAN_POINT('',(41.,96.,89.));
#3034 = CARTESIAN_POINT('',(41.,96.,121.));
#3035 = GEOMETRIC_CURVE_SET('',(#3036));
#3036 = TRIMMED_CURVE('',#3037,(#3041,PARAMETER_VALUE(0.)),(#3042,
    PARAMETER_VALUE(58.)),.T.,.PARAMETER.);
#3037 = LINE('',#3038,#3039);
#3038 = CARTESIAN_POINT('',(41.,96.,121.));
#3039 = VECTOR('',#3040,1.);
#3040 = DIRECTION('',(0.,1.,0.));
#3041 = CARTESIAN_POINT('',(41.,96.,121.));
#3042 = CARTESIAN_POINT('',(41.,154.,121.));
#3043 = GEOMETRIC_CURVE_SET('',(#3044));
#3044 = TRIMMED_CURVE('',#3045,(#3049,PARAMETER_VALUE(0.)),(#3050,
    PARAMETER_VALUE(32.)),.T.,.PARAMETER.);
#3045 = LINE('',#3046,#3047);
#3046 = CARTESIAN_POINT('',(41.,154.,89.));
#3047 = VECTOR('',#3048,1.);
#3048 = DIRECTION('',(0.,0.,1.));
#3049 = CARTESIAN_POINT('',(41.,154.,89.));
#3050 = CARTESIAN_POINT('',(41.,154.,121.));
#3051 = GEOMETRIC_CURVE_SET('',(#3052));
#3052 = TRIMMED_CURVE('',#3053,(#3057,PARAMETER_VALUE(0.)),(#3058,
    PARAMETER_VALUE(58.)),.T.,.PARAMETER.);
#3053 = LINE('',#3054,#3055);
#3054 = CARTESIAN_POINT('',(41.,96.,89.));
#3055 = VECTOR('',#3056,1.);
#3056 = DIRECTION('',(0.,1.,0.));
#3057 = CARTESIAN_POINT('',(41.,96.,89.));
#3058 = CARTESIAN_POINT('',(41.,154.,89.));
#3059 = GEOMETRIC_CURVE_SET('',(#3060));
#3060 = TRIMMED_CURVE('',#3061,(#3065,PARAMETER_VALUE(0.)),(#3066,
    PARAMETER_VALUE(28.)),.T.,.PARAMETER.);
#3061 = LINE('',#3062,#3063);
#3062 = CARTESIAN_POINT('',(13.,96.,89.));
#3063 = VECTOR('',#3064,1.);
#3064 = DIRECTION('',(1.,0.,0.));
#3065 = CARTESIAN_POINT('',(13.,96.,89.));
#3066 = CARTESIAN_POINT('',(41.,96.,89.));
#3067 = GEOMETRIC_CURVE_SET('',(#3068));
#3068 = TRIMMED_CURVE('',#3069,(#3073,PARAMETER_VALUE(0.)),(#3074,
    PARAMETER_VALUE(28.)),.T.,.PARAMETER.);
#3069 = LINE('',#3070,#3071);
#3070 = CARTESIAN_POINT('',(13.,96.,121.));
#3071 = VECTOR('',#3072,1.);
#3072 = DIRECTION('',(1.,0.,0.));
#3073 = CARTESIAN_POINT('',(13.,96.,121.));
#3074 = CARTESIAN_POINT('',(41.,96.,121.));
#3075 = GEOMETRIC_CURVE_SET('',(#3076));
#3076 = TRIMMED_CURVE('',#3077,(#3081,PARAMETER_VALUE(0.)),(#3082,
    PARAMETER_VALUE(28.)),.T.,.PARAMETER.);
#3077 = LINE('',#3078,#3079);
#3078 = CARTESIAN_POINT('',(13.,154.,89.));
#3079 = VECTOR('',#3080,1.);
#3080 = DIRECTION('',(1.,0.,0.));
#3081 = CARTESIAN_POINT('',(13.,154.,89.));
#3082 = CARTESIAN_POINT('',(41.,154.,89.));
#3083 = GEOMETRIC_CURVE_SET('',(#3084));
#3084 = TRIMMED_CURVE('',#3085,(#3089,PARAMETER_VALUE(0.)),(#3090,
    PARAMETER_VALUE(28.)),.T.,.PARAMETER.);
#3085 = LINE('',#3086,#3087);
#3086 = CARTESIAN_POINT('',(13.,154.,121.));
#3087 = VECTOR('',#3088,1.);
#3088 = DIRECTION('',(1.,0.,0.));
#3089 = CARTESIAN_POINT('',(13.,154.,121.));
#3090 = CARTESIAN_POINT('',(41.,154.,121.));
#3091 = GEOMETRIC_CURVE_SET('',(#3092));
#3092 = TRIMMED_CURVE('',#3093,(#3097,PARAMETER_VALUE(0.)),(#3098,
    PARAMETER_VALUE(55.)),.T.,.PARAMETER.);
#3093 = LINE('',#3094,#3095);
#3094 = CARTESIAN_POINT('',(44.,86.,66.));
#3095 = VECTOR('',#3096,1.);
#3096 = DIRECTION('',(0.,0.,1.));
#3097 = CARTESIAN_POINT('',(44.,86.,66.));
#3098 = CARTESIAN_POINT('',(44.,86.,121.));
#3099 = GEOMETRIC_CURVE_SET('',(#3100));
#3100 = TRIMMED_CURVE('',#3101,(#3105,PARAMETER_VALUE(0.)),(#3106,
    PARAMETER_VALUE(66.)),.T.,.PARAMETER.);
#3101 = LINE('',#3102,#3103);
#3102 = CARTESIAN_POINT('',(44.,86.,121.));
#3103 = VECTOR('',#3104,1.);
#3104 = DIRECTION('',(0.,1.,0.));
#3105 = CARTESIAN_POINT('',(44.,86.,121.));
#3106 = CARTESIAN_POINT('',(44.,152.,121.));
#3107 = GEOMETRIC_CURVE_SET('',(#3108));
#3108 = TRIMMED_CURVE('',#3109,(#3113,PARAMETER_VALUE(0.)),(#3114,
    PARAMETER_VALUE(55.)),.T.,.PARAMETER.);
#3109 = LINE('',#3110,#3111);
#3110 = CARTESIAN_POINT('',(44.,152.,66.));
#3111 = VECTOR('',#3112,1.);
#3112 = DIRECTION('',(0.,0.,1.));
#3113 = CARTESIAN_POINT('',(44.,152.,66.));
#3114 = CARTESIAN_POINT('',(44.,152.,121.));
#3115 = GEOMETRIC_CURVE_SET('',(#3116));
#3116 = TRIMMED_CURVE('',#3117,(#3121,PARAMETER_VALUE(0.)),(#3122,
    PARAMETER_VALUE(66.)),.T.,.PARAMETER.);
#3117 = LINE('',#3118,#3119);
#3118 = CARTESIAN_POINT('',(44.,86.,66.));
#3119 = VECTOR('',#3120,1.);
#3120 = DIRECTION('',(0.,1.,0.));
#3121 = CARTESIAN_POINT('',(44.,86.,66.));
#3122 = CARTESIAN_POINT('',(44.,152.,66.));
#3123 = GEOMETRIC_CURVE_SET('',(#3124));
#3124 = TRIMMED_CURVE('',#3125,(#3129,PARAMETER_VALUE(0.)),(#3130,
    PARAMETER_VALUE(55.)),.T.,.PARAMETER.);
#3125 = LINE('',#3126,#3127);
#3126 = CARTESIAN_POINT('',(224.,86.,66.));
#3127 = VECTOR('',#3128,1.);
#3128 = DIRECTION('',(0.,0.,1.));
#3129 = CARTESIAN_POINT('',(224.,86.,66.));
#3130 = CARTESIAN_POINT('',(224.,86.,121.));
#3131 = GEOMETRIC_CURVE_SET('',(#3132));
#3132 = TRIMMED_CURVE('',#3133,(#3137,PARAMETER_VALUE(0.)),(#3138,
    PARAMETER_VALUE(66.)),.T.,.PARAMETER.);
#3133 = LINE('',#3134,#3135);
#3134 = CARTESIAN_POINT('',(224.,86.,121.));
#3135 = VECTOR('',#3136,1.);
#3136 = DIRECTION('',(0.,1.,0.));
#3137 = CARTESIAN_POINT('',(224.,86.,121.));
#3138 = CARTESIAN_POINT('',(224.,152.,121.));
#3139 = GEOMETRIC_CURVE_SET('',(#3140));
#3140 = TRIMMED_CURVE('',#3141,(#3145,PARAMETER_VALUE(0.)),(#3146,
    PARAMETER_VALUE(55.)),.T.,.PARAMETER.);
#3141 = LINE('',#3142,#3143);
#3142 = CARTESIAN_POINT('',(224.,152.,66.));
#3143 = VECTOR('',#3144,1.);
#3144 = DIRECTION('',(0.,0.,1.));
#3145 = CARTESIAN_POINT('',(224.,152.,66.));
#3146 = CARTESIAN_POINT('',(224.,152.,121.));
#3147 = GEOMETRIC_CURVE_SET('',(#3148));
#3148 = TRIMMED_CURVE('',#3149,(#3153,PARAMETER_VALUE(0.)),(#3154,
    PARAMETER_VALUE(66.)),.T.,.PARAMETER.);
#3149 = LINE('',#3150,#3151);
#3150 = CARTESIAN_POINT('',(224.,86.,66.));
#3151 = VECTOR('',#3152,1.);
#3152 = DIRECTION('',(0.,1.,0.));
#3153 = CARTESIAN_POINT('',(224.,86.,66.));
#3154 = CARTESIAN_POINT('',(224.,152.,66.));
#3155 = GEOMETRIC_CURVE_SET('',(#3156));
#3156 = TRIMMED_CURVE('',#3157,(#3161,PARAMETER_VALUE(0.)),(#3162,
    PARAMETER_VALUE(180.)),.T.,.PARAMETER.);
#3157 = LINE('',#3158,#3159);
#3158 = CARTESIAN_POINT('',(44.,86.,66.));
#3159 = VECTOR('',#3160,1.);
#3160 = DIRECTION('',(1.,0.,0.));
#3161 = CARTESIAN_POINT('',(44.,86.,66.));
#3162 = CARTESIAN_POINT('',(224.,86.,66.));
#3163 = GEOMETRIC_CURVE_SET('',(#3164));
#3164 = TRIMMED_CURVE('',#3165,(#3169,PARAMETER_VALUE(0.)),(#3170,
    PARAMETER_VALUE(180.)),.T.,.PARAMETER.);
#3165 = LINE('',#3166,#3167);
#3166 = CARTESIAN_POINT('',(44.,86.,121.));
#3167 = VECTOR('',#3168,1.);
#3168 = DIRECTION('',(1.,0.,0.));
#3169 = CARTESIAN_POINT('',(44.,86.,121.));
#3170 = CARTESIAN_POINT('',(224.,86.,121.));
#3171 = GEOMETRIC_CURVE_SET('',(#3172));
#3172 = TRIMMED_CURVE('',#3173,(#3177,PARAMETER_VALUE(0.)),(#3178,
    PARAMETER_VALUE(180.)),.T.,.PARAMETER.);
#3173 = LINE('',#3174,#3175);
#3174 = CARTESIAN_POINT('',(44.,152.,66.));
#3175 = VECTOR('',#3176,1.);
#3176 = DIRECTION('',(1.,0.,0.));
#3177 = CARTESIAN_POINT('',(44.,152.,66.));
#3178 = CARTESIAN_POINT('',(224.,152.,66.));
#3179 = GEOMETRIC_CURVE_SET('',(#3180));
#3180 = TRIMMED_CURVE('',#3181,(#3185,PARAMETER_VALUE(0.)),(#3186,
    PARAMETER_VALUE(180.)),.T.,.PARAMETER.);
#3181 = LINE('',#3182,#3183);
#3182 = CARTESIAN_POINT('',(44.,152.,121.));
#3183 = VECTOR('',#3184,1.);
#3184 = DIRECTION('',(1.,0.,0.));
#3185 = CARTESIAN_POINT('',(44.,152.,121.));
#3186 = CARTESIAN_POINT('',(224.,152.,121.));
#3187 = GEOMETRIC_CURVE_SET('',(#3188));
#3188 = TRIMMED_CURVE('',#3189,(#3193,PARAMETER_VALUE(0.)),(#3194,
    PARAMETER_VALUE(32.)),.T.,.PARAMETER.);
#3189 = LINE('',#3190,#3191);
#3190 = CARTESIAN_POINT('',(227.,86.,89.));
#3191 = VECTOR('',#3192,1.);
#3192 = DIRECTION('',(0.,0.,1.));
#3193 = CARTESIAN_POINT('',(227.,86.,89.));
#3194 = CARTESIAN_POINT('',(227.,86.,121.));
#3195 = GEOMETRIC_CURVE_SET('',(#3196));
#3196 = TRIMMED_CURVE('',#3197,(#3201,PARAMETER_VALUE(0.)),(#3202,
    PARAMETER_VALUE(68.)),.T.,.PARAMETER.);
#3197 = LINE('',#3198,#3199);
#3198 = CARTESIAN_POINT('',(227.,86.,121.));
#3199 = VECTOR('',#3200,1.);
#3200 = DIRECTION('',(0.,1.,0.));
#3201 = CARTESIAN_POINT('',(227.,86.,121.));
#3202 = CARTESIAN_POINT('',(227.,154.,121.));
#3203 = GEOMETRIC_CURVE_SET('',(#3204));
#3204 = TRIMMED_CURVE('',#3205,(#3209,PARAMETER_VALUE(0.)),(#3210,
    PARAMETER_VALUE(32.)),.T.,.PARAMETER.);
#3205 = LINE('',#3206,#3207);
#3206 = CARTESIAN_POINT('',(227.,154.,89.));
#3207 = VECTOR('',#3208,1.);
#3208 = DIRECTION('',(0.,0.,1.));
#3209 = CARTESIAN_POINT('',(227.,154.,89.));
#3210 = CARTESIAN_POINT('',(227.,154.,121.));
#3211 = GEOMETRIC_CURVE_SET('',(#3212));
#3212 = TRIMMED_CURVE('',#3213,(#3217,PARAMETER_VALUE(0.)),(#3218,
    PARAMETER_VALUE(68.)),.T.,.PARAMETER.);
#3213 = LINE('',#3214,#3215);
#3214 = CARTESIAN_POINT('',(227.,86.,89.));
#3215 = VECTOR('',#3216,1.);
#3216 = DIRECTION('',(0.,1.,0.));
#3217 = CARTESIAN_POINT('',(227.,86.,89.));
#3218 = CARTESIAN_POINT('',(227.,154.,89.));
#3219 = GEOMETRIC_CURVE_SET('',(#3220));
#3220 = TRIMMED_CURVE('',#3221,(#3225,PARAMETER_VALUE(0.)),(#3226,
    PARAMETER_VALUE(32.)),.T.,.PARAMETER.);
#3221 = LINE('',#3222,#3223);
#3222 = CARTESIAN_POINT('',(270.,86.,89.));
#3223 = VECTOR('',#3224,1.);
#3224 = DIRECTION('',(0.,0.,1.));
#3225 = CARTESIAN_POINT('',(270.,86.,89.));
#3226 = CARTESIAN_POINT('',(270.,86.,121.));
#3227 = GEOMETRIC_CURVE_SET('',(#3228));
#3228 = TRIMMED_CURVE('',#3229,(#3233,PARAMETER_VALUE(0.)),(#3234,
    PARAMETER_VALUE(68.)),.T.,.PARAMETER.);
#3229 = LINE('',#3230,#3231);
#3230 = CARTESIAN_POINT('',(270.,86.,121.));
#3231 = VECTOR('',#3232,1.);
#3232 = DIRECTION('',(0.,1.,0.));
#3233 = CARTESIAN_POINT('',(270.,86.,121.));
#3234 = CARTESIAN_POINT('',(270.,154.,121.));
#3235 = GEOMETRIC_CURVE_SET('',(#3236));
#3236 = TRIMMED_CURVE('',#3237,(#3241,PARAMETER_VALUE(0.)),(#3242,
    PARAMETER_VALUE(32.)),.T.,.PARAMETER.);
#3237 = LINE('',#3238,#3239);
#3238 = CARTESIAN_POINT('',(270.,154.,89.));
#3239 = VECTOR('',#3240,1.);
#3240 = DIRECTION('',(0.,0.,1.));
#3241 = CARTESIAN_POINT('',(270.,154.,89.));
#3242 = CARTESIAN_POINT('',(270.,154.,121.));
#3243 = GEOMETRIC_CURVE_SET('',(#3244));
#3244 = TRIMMED_CURVE('',#3245,(#3249,PARAMETER_VALUE(0.)),(#3250,
    PARAMETER_VALUE(68.)),.T.,.PARAMETER.);
#3245 = LINE('',#3246,#3247);
#3246 = CARTESIAN_POINT('',(270.,86.,89.));
#3247 = VECTOR('',#3248,1.);
#3248 = DIRECTION('',(0.,1.,0.));
#3249 = CARTESIAN_POINT('',(270.,86.,89.));
#3250 = CARTESIAN_POINT('',(270.,154.,89.));
#3251 = GEOMETRIC_CURVE_SET('',(#3252));
#3252 = TRIMMED_CURVE('',#3253,(#3257,PARAMETER_VALUE(0.)),(#3258,
    PARAMETER_VALUE(43.)),.T.,.PARAMETER.);
#3253 = LINE('',#3254,#3255);
#3254 = CARTESIAN_POINT('',(227.,86.,89.));
#3255 = VECTOR('',#3256,1.);
#3256 = DIRECTION('',(1.,0.,0.));
#3257 = CARTESIAN_POINT('',(227.,86.,89.));
#3258 = CARTESIAN_POINT('',(270.,86.,89.));
#3259 = GEOMETRIC_CURVE_SET('',(#3260));
#3260 = TRIMMED_CURVE('',#3261,(#3265,PARAMETER_VALUE(0.)),(#3266,
    PARAMETER_VALUE(43.)),.T.,.PARAMETER.);
#3261 = LINE('',#3262,#3263);
#3262 = CARTESIAN_POINT('',(227.,86.,121.));
#3263 = VECTOR('',#3264,1.);
#3264 = DIRECTION('',(1.,0.,0.));
#3265 = CARTESIAN_POINT('',(227.,86.,121.));
#3266 = CARTESIAN_POINT('',(270.,86.,121.));
#3267 = GEOMETRIC_CURVE_SET('',(#3268));
#3268 = TRIMMED_CURVE('',#3269,(#3273,PARAMETER_VALUE(0.)),(#3274,
    PARAMETER_VALUE(43.)),.T.,.PARAMETER.);
#3269 = LINE('',#3270,#3271);
#3270 = CARTESIAN_POINT('',(227.,154.,89.));
#3271 = VECTOR('',#3272,1.);
#3272 = DIRECTION('',(1.,0.,0.));
#3273 = CARTESIAN_POINT('',(227.,154.,89.));
#3274 = CARTESIAN_POINT('',(270.,154.,89.));
#3275 = GEOMETRIC_CURVE_SET('',(#3276));
#3276 = TRIMMED_CURVE('',#3277,(#3281,PARAMETER_VALUE(0.)),(#3282,
    PARAMETER_VALUE(43.)),.T.,.PARAMETER.);
#3277 = LINE('',#3278,#3279);
#3278 = CARTESIAN_POINT('',(227.,154.,121.));
#3279 = VECTOR('',#3280,1.);
#3280 = DIRECTION('',(1.,0.,0.));
#3281 = CARTESIAN_POINT('',(227.,154.,121.));
#3282 = CARTESIAN_POINT('',(270.,154.,121.));
#3283 = GEOMETRIC_CURVE_SET('',(#3284));
#3284 = TRIMMED_CURVE('',#3285,(#3289,PARAMETER_VALUE(0.)),(#3290,
    PARAMETER_VALUE(41.3)),.T.,.PARAMETER.);
#3285 = LINE('',#3286,#3287);
#3286 = CARTESIAN_POINT('',(106.6,101.35,133.5));
#3287 = VECTOR('',#3288,1.);
#3288 = DIRECTION('',(0.,0.,1.));
#3289 = CARTESIAN_POINT('',(106.6,101.35,133.5));
#3290 = CARTESIAN_POINT('',(106.6,101.35,174.8));
#3291 = GEOMETRIC_CURVE_SET('',(#3292));
#3292 = TRIMMED_CURVE('',#3293,(#3297,PARAMETER_VALUE(0.)),(#3298,
    PARAMETER_VALUE(55.6)),.T.,.PARAMETER.);
#3293 = LINE('',#3294,#3295);
#3294 = CARTESIAN_POINT('',(106.6,101.35,174.8));
#3295 = VECTOR('',#3296,1.);
#3296 = DIRECTION('',(0.,1.,0.));
#3297 = CARTESIAN_POINT('',(106.6,101.35,174.8));
#3298 = CARTESIAN_POINT('',(106.6,156.95,174.8));
#3299 = GEOMETRIC_CURVE_SET('',(#3300));
#3300 = TRIMMED_CURVE('',#3301,(#3305,PARAMETER_VALUE(0.)),(#3306,
    PARAMETER_VALUE(41.3)),.T.,.PARAMETER.);
#3301 = LINE('',#3302,#3303);
#3302 = CARTESIAN_POINT('',(106.6,156.95,133.5));
#3303 = VECTOR('',#3304,1.);
#3304 = DIRECTION('',(0.,0.,1.));
#3305 = CARTESIAN_POINT('',(106.6,156.95,133.5));
#3306 = CARTESIAN_POINT('',(106.6,156.95,174.8));
#3307 = GEOMETRIC_CURVE_SET('',(#3308));
#3308 = TRIMMED_CURVE('',#3309,(#3313,PARAMETER_VALUE(0.)),(#3314,
    PARAMETER_VALUE(55.6)),.T.,.PARAMETER.);
#3309 = LINE('',#3310,#3311);
#3310 = CARTESIAN_POINT('',(106.6,101.35,133.5));
#3311 = VECTOR('',#3312,1.);
#3312 = DIRECTION('',(0.,1.,0.));
#3313 = CARTESIAN_POINT('',(106.6,101.35,133.5));
#3314 = CARTESIAN_POINT('',(106.6,156.95,133.5));
#3315 = GEOMETRIC_CURVE_SET('',(#3316));
#3316 = TRIMMED_CURVE('',#3317,(#3321,PARAMETER_VALUE(0.)),(#3322,
    PARAMETER_VALUE(41.3)),.T.,.PARAMETER.);
#3317 = LINE('',#3318,#3319);
#3318 = CARTESIAN_POINT('',(162.2,101.35,133.5));
#3319 = VECTOR('',#3320,1.);
#3320 = DIRECTION('',(0.,0.,1.));
#3321 = CARTESIAN_POINT('',(162.2,101.35,133.5));
#3322 = CARTESIAN_POINT('',(162.2,101.35,174.8));
#3323 = GEOMETRIC_CURVE_SET('',(#3324));
#3324 = TRIMMED_CURVE('',#3325,(#3329,PARAMETER_VALUE(0.)),(#3330,
    PARAMETER_VALUE(55.6)),.T.,.PARAMETER.);
#3325 = LINE('',#3326,#3327);
#3326 = CARTESIAN_POINT('',(162.2,101.35,174.8));
#3327 = VECTOR('',#3328,1.);
#3328 = DIRECTION('',(0.,1.,0.));
#3329 = CARTESIAN_POINT('',(162.2,101.35,174.8));
#3330 = CARTESIAN_POINT('',(162.2,156.95,174.8));
#3331 = GEOMETRIC_CURVE_SET('',(#3332));
#3332 = TRIMMED_CURVE('',#3333,(#3337,PARAMETER_VALUE(0.)),(#3338,
    PARAMETER_VALUE(41.3)),.T.,.PARAMETER.);
#3333 = LINE('',#3334,#3335);
#3334 = CARTESIAN_POINT('',(162.2,156.95,133.5));
#3335 = VECTOR('',#3336,1.);
#3336 = DIRECTION('',(0.,0.,1.));
#3337 = CARTESIAN_POINT('',(162.2,156.95,133.5));
#3338 = CARTESIAN_POINT('',(162.2,156.95,174.8));
#3339 = GEOMETRIC_CURVE_SET('',(#3340));
#3340 = TRIMMED_CURVE('',#3341,(#3345,PARAMETER_VALUE(0.)),(#3346,
    PARAMETER_VALUE(55.6)),.T.,.PARAMETER.);
#3341 = LINE('',#3342,#3343);
#3342 = CARTESIAN_POINT('',(162.2,101.35,133.5));
#3343 = VECTOR('',#3344,1.);
#3344 = DIRECTION('',(0.,1.,0.));
#3345 = CARTESIAN_POINT('',(162.2,101.35,133.5));
#3346 = CARTESIAN_POINT('',(162.2,156.95,133.5));
#3347 = GEOMETRIC_CURVE_SET('',(#3348));
#3348 = TRIMMED_CURVE('',#3349,(#3353,PARAMETER_VALUE(0.)),(#3354,
    PARAMETER_VALUE(55.6)),.T.,.PARAMETER.);
#3349 = LINE('',#3350,#3351);
#3350 = CARTESIAN_POINT('',(106.6,101.35,133.5));
#3351 = VECTOR('',#3352,1.);
#3352 = DIRECTION('',(1.,0.,0.));
#3353 = CARTESIAN_POINT('',(106.6,101.35,133.5));
#3354 = CARTESIAN_POINT('',(162.2,101.35,133.5));
#3355 = GEOMETRIC_CURVE_SET('',(#3356));
#3356 = TRIMMED_CURVE('',#3357,(#3361,PARAMETER_VALUE(0.)),(#3362,
    PARAMETER_VALUE(55.6)),.T.,.PARAMETER.);
#3357 = LINE('',#3358,#3359);
#3358 = CARTESIAN_POINT('',(106.6,101.35,174.8));
#3359 = VECTOR('',#3360,1.);
#3360 = DIRECTION('',(1.,0.,0.));
#3361 = CARTESIAN_POINT('',(106.6,101.35,174.8));
#3362 = CARTESIAN_POINT('',(162.2,101.35,174.8));
#3363 = GEOMETRIC_CURVE_SET('',(#3364));
#3364 = TRIMMED_CURVE('',#3365,(#3369,PARAMETER_VALUE(0.)),(#3370,
    PARAMETER_VALUE(55.6)),.T.,.PARAMETER.);
#3365 = LINE('',#3366,#3367);
#3366 = CARTESIAN_POINT('',(106.6,156.95,133.5));
#3367 = VECTOR('',#3368,1.);
#3368 = DIRECTION('',(1.,0.,0.));
#3369 = CARTESIAN_POINT('',(106.6,156.95,133.5));
#3370 = CARTESIAN_POINT('',(162.2,156.95,133.5));
#3371 = GEOMETRIC_CURVE_SET('',(#3372));
#3372 = TRIMMED_CURVE('',#3373,(#3377,PARAMETER_VALUE(0.)),(#3378,
    PARAMETER_VALUE(55.6)),.T.,.PARAMETER.);
#3373 = LINE('',#3374,#3375);
#3374 = CARTESIAN_POINT('',(106.6,156.95,174.8));
#3375 = VECTOR('',#3376,1.);
#3376 = DIRECTION('',(1.,0.,0.));
#3377 = CARTESIAN_POINT('',(106.6,156.95,174.8));
#3378 = CARTESIAN_POINT('',(162.2,156.95,174.8));
#3379 = GEOMETRIC_CURVE_SET('',(#3380));
#3380 = TRIMMED_CURVE('',#3381,(#3385,PARAMETER_VALUE(0.)),(#3386,
    PARAMETER_VALUE(30.)),.T.,.PARAMETER.);
#3381 = LINE('',#3382,#3383);
#3382 = CARTESIAN_POINT('',(153.,29.,56.));
#3383 = VECTOR('',#3384,1.);
#3384 = DIRECTION('',(0.,0.,1.));
#3385 = CARTESIAN_POINT('',(153.,29.,56.));
#3386 = CARTESIAN_POINT('',(153.,29.,86.));
#3387 = GEOMETRIC_CURVE_SET('',(#3388));
#3388 = TRIMMED_CURVE('',#3389,(#3393,PARAMETER_VALUE(0.)),(#3394,
    PARAMETER_VALUE(53.)),.T.,.PARAMETER.);
#3389 = LINE('',#3390,#3391);
#3390 = CARTESIAN_POINT('',(153.,29.,86.));
#3391 = VECTOR('',#3392,1.);
#3392 = DIRECTION('',(0.,1.,0.));
#3393 = CARTESIAN_POINT('',(153.,29.,86.));
#3394 = CARTESIAN_POINT('',(153.,82.,86.));
#3395 = GEOMETRIC_CURVE_SET('',(#3396));
#3396 = TRIMMED_CURVE('',#3397,(#3401,PARAMETER_VALUE(0.)),(#3402,
    PARAMETER_VALUE(30.)),.T.,.PARAMETER.);
#3397 = LINE('',#3398,#3399);
#3398 = CARTESIAN_POINT('',(153.,82.,56.));
#3399 = VECTOR('',#3400,1.);
#3400 = DIRECTION('',(0.,0.,1.));
#3401 = CARTESIAN_POINT('',(153.,82.,56.));
#3402 = CARTESIAN_POINT('',(153.,82.,86.));
#3403 = GEOMETRIC_CURVE_SET('',(#3404));
#3404 = TRIMMED_CURVE('',#3405,(#3409,PARAMETER_VALUE(0.)),(#3410,
    PARAMETER_VALUE(53.)),.T.,.PARAMETER.);
#3405 = LINE('',#3406,#3407);
#3406 = CARTESIAN_POINT('',(153.,29.,56.));
#3407 = VECTOR('',#3408,1.);
#3408 = DIRECTION('',(0.,1.,0.));
#3409 = CARTESIAN_POINT('',(153.,29.,56.));
#3410 = CARTESIAN_POINT('',(153.,82.,56.));
#3411 = GEOMETRIC_CURVE_SET('',(#3412));
#3412 = TRIMMED_CURVE('',#3413,(#3417,PARAMETER_VALUE(0.)),(#3418,
    PARAMETER_VALUE(30.)),.T.,.PARAMETER.);
#3413 = LINE('',#3414,#3415);
#3414 = CARTESIAN_POINT('',(211.,29.,56.));
#3415 = VECTOR('',#3416,1.);
#3416 = DIRECTION('',(0.,0.,1.));
#3417 = CARTESIAN_POINT('',(211.,29.,56.));
#3418 = CARTESIAN_POINT('',(211.,29.,86.));
#3419 = GEOMETRIC_CURVE_SET('',(#3420));
#3420 = TRIMMED_CURVE('',#3421,(#3425,PARAMETER_VALUE(0.)),(#3426,
    PARAMETER_VALUE(53.)),.T.,.PARAMETER.);
#3421 = LINE('',#3422,#3423);
#3422 = CARTESIAN_POINT('',(211.,29.,86.));
#3423 = VECTOR('',#3424,1.);
#3424 = DIRECTION('',(0.,1.,0.));
#3425 = CARTESIAN_POINT('',(211.,29.,86.));
#3426 = CARTESIAN_POINT('',(211.,82.,86.));
#3427 = GEOMETRIC_CURVE_SET('',(#3428));
#3428 = TRIMMED_CURVE('',#3429,(#3433,PARAMETER_VALUE(0.)),(#3434,
    PARAMETER_VALUE(30.)),.T.,.PARAMETER.);
#3429 = LINE('',#3430,#3431);
#3430 = CARTESIAN_POINT('',(211.,82.,56.));
#3431 = VECTOR('',#3432,1.);
#3432 = DIRECTION('',(0.,0.,1.));
#3433 = CARTESIAN_POINT('',(211.,82.,56.));
#3434 = CARTESIAN_POINT('',(211.,82.,86.));
#3435 = GEOMETRIC_CURVE_SET('',(#3436));
#3436 = TRIMMED_CURVE('',#3437,(#3441,PARAMETER_VALUE(0.)),(#3442,
    PARAMETER_VALUE(53.)),.T.,.PARAMETER.);
#3437 = LINE('',#3438,#3439);
#3438 = CARTESIAN_POINT('',(211.,29.,56.));
#3439 = VECTOR('',#3440,1.);
#3440 = DIRECTION('',(0.,1.,0.));
#3441 = CARTESIAN_POINT('',(211.,29.,56.));
#3442 = CARTESIAN_POINT('',(211.,82.,56.));
#3443 = GEOMETRIC_CURVE_SET('',(#3444));
#3444 = TRIMMED_CURVE('',#3445,(#3449,PARAMETER_VALUE(0.)),(#3450,
    PARAMETER_VALUE(58.)),.T.,.PARAMETER.);
#3445 = LINE('',#3446,#3447);
#3446 = CARTESIAN_POINT('',(153.,29.,56.));
#3447 = VECTOR('',#3448,1.);
#3448 = DIRECTION('',(1.,0.,0.));
#3449 = CARTESIAN_POINT('',(153.,29.,56.));
#3450 = CARTESIAN_POINT('',(211.,29.,56.));
#3451 = GEOMETRIC_CURVE_SET('',(#3452));
#3452 = TRIMMED_CURVE('',#3453,(#3457,PARAMETER_VALUE(0.)),(#3458,
    PARAMETER_VALUE(58.)),.T.,.PARAMETER.);
#3453 = LINE('',#3454,#3455);
#3454 = CARTESIAN_POINT('',(153.,29.,86.));
#3455 = VECTOR('',#3456,1.);
#3456 = DIRECTION('',(1.,0.,0.));
#3457 = CARTESIAN_POINT('',(153.,29.,86.));
#3458 = CARTESIAN_POINT('',(211.,29.,86.));
#3459 = GEOMETRIC_CURVE_SET('',(#3460));
#3460 = TRIMMED_CURVE('',#3461,(#3465,PARAMETER_VALUE(0.)),(#3466,
    PARAMETER_VALUE(58.)),.T.,.PARAMETER.);
#3461 = LINE('',#3462,#3463);
#3462 = CARTESIAN_POINT('',(153.,82.,56.));
#3463 = VECTOR('',#3464,1.);
#3464 = DIRECTION('',(1.,0.,0.));
#3465 = CARTESIAN_POINT('',(153.,82.,56.));
#3466 = CARTESIAN_POINT('',(211.,82.,56.));
#3467 = GEOMETRIC_CURVE_SET('',(#3468));
#3468 = TRIMMED_CURVE('',#3469,(#3473,PARAMETER_VALUE(0.)),(#3474,
    PARAMETER_VALUE(58.)),.T.,.PARAMETER.);
#3469 = LINE('',#3470,#3471);
#3470 = CARTESIAN_POINT('',(153.,82.,86.));
#3471 = VECTOR('',#3472,1.);
#3472 = DIRECTION('',(1.,0.,0.));
#3473 = CARTESIAN_POINT('',(153.,82.,86.));
#3474 = CARTESIAN_POINT('',(211.,82.,86.));
#3475 = GEOMETRIC_CURVE_SET('',(#3476));
#3476 = TRIMMED_CURVE('',#3477,(#3481,PARAMETER_VALUE(0.)),(#3482,
    PARAMETER_VALUE(35.)),.T.,.PARAMETER.);
#3477 = LINE('',#3478,#3479);
#3478 = CARTESIAN_POINT('',(29.,166.,96.));
#3479 = VECTOR('',#3480,1.);
#3480 = DIRECTION('',(0.,0.,1.));
#3481 = CARTESIAN_POINT('',(29.,166.,96.));
#3482 = CARTESIAN_POINT('',(29.,166.,131.));
#3483 = GEOMETRIC_CURVE_SET('',(#3484));
#3484 = TRIMMED_CURVE('',#3485,(#3489,PARAMETER_VALUE(0.)),(#3490,
    PARAMETER_VALUE(96.)),.T.,.PARAMETER.);
#3485 = LINE('',#3486,#3487);
#3486 = CARTESIAN_POINT('',(29.,166.,131.));
#3487 = VECTOR('',#3488,1.);
#3488 = DIRECTION('',(0.,1.,0.));
#3489 = CARTESIAN_POINT('',(29.,166.,131.));
#3490 = CARTESIAN_POINT('',(29.,262.,131.));
#3491 = GEOMETRIC_CURVE_SET('',(#3492));
#3492 = TRIMMED_CURVE('',#3493,(#3497,PARAMETER_VALUE(0.)),(#3498,
    PARAMETER_VALUE(35.)),.T.,.PARAMETER.);
#3493 = LINE('',#3494,#3495);
#3494 = CARTESIAN_POINT('',(29.,262.,96.));
#3495 = VECTOR('',#3496,1.);
#3496 = DIRECTION('',(0.,0.,1.));
#3497 = CARTESIAN_POINT('',(29.,262.,96.));
#3498 = CARTESIAN_POINT('',(29.,262.,131.));
#3499 = GEOMETRIC_CURVE_SET('',(#3500));
#3500 = TRIMMED_CURVE('',#3501,(#3505,PARAMETER_VALUE(0.)),(#3506,
    PARAMETER_VALUE(96.)),.T.,.PARAMETER.);
#3501 = LINE('',#3502,#3503);
#3502 = CARTESIAN_POINT('',(29.,166.,96.));
#3503 = VECTOR('',#3504,1.);
#3504 = DIRECTION('',(0.,1.,0.));
#3505 = CARTESIAN_POINT('',(29.,166.,96.));
#3506 = CARTESIAN_POINT('',(29.,262.,96.));
#3507 = GEOMETRIC_CURVE_SET('',(#3508));
#3508 = TRIMMED_CURVE('',#3509,(#3513,PARAMETER_VALUE(0.)),(#3514,
    PARAMETER_VALUE(35.)),.T.,.PARAMETER.);
#3509 = LINE('',#3510,#3511);
#3510 = CARTESIAN_POINT('',(182.,166.,96.));
#3511 = VECTOR('',#3512,1.);
#3512 = DIRECTION('',(0.,0.,1.));
#3513 = CARTESIAN_POINT('',(182.,166.,96.));
#3514 = CARTESIAN_POINT('',(182.,166.,131.));
#3515 = GEOMETRIC_CURVE_SET('',(#3516));
#3516 = TRIMMED_CURVE('',#3517,(#3521,PARAMETER_VALUE(0.)),(#3522,
    PARAMETER_VALUE(96.)),.T.,.PARAMETER.);
#3517 = LINE('',#3518,#3519);
#3518 = CARTESIAN_POINT('',(182.,166.,131.));
#3519 = VECTOR('',#3520,1.);
#3520 = DIRECTION('',(0.,1.,0.));
#3521 = CARTESIAN_POINT('',(182.,166.,131.));
#3522 = CARTESIAN_POINT('',(182.,262.,131.));
#3523 = GEOMETRIC_CURVE_SET('',(#3524));
#3524 = TRIMMED_CURVE('',#3525,(#3529,PARAMETER_VALUE(0.)),(#3530,
    PARAMETER_VALUE(35.)),.T.,.PARAMETER.);
#3525 = LINE('',#3526,#3527);
#3526 = CARTESIAN_POINT('',(182.,262.,96.));
#3527 = VECTOR('',#3528,1.);
#3528 = DIRECTION('',(0.,0.,1.));
#3529 = CARTESIAN_POINT('',(182.,262.,96.));
#3530 = CARTESIAN_POINT('',(182.,262.,131.));
#3531 = GEOMETRIC_CURVE_SET('',(#3532));
#3532 = TRIMMED_CURVE('',#3533,(#3537,PARAMETER_VALUE(0.)),(#3538,
    PARAMETER_VALUE(96.)),.T.,.PARAMETER.);
#3533 = LINE('',#3534,#3535);
#3534 = CARTESIAN_POINT('',(182.,166.,96.));
#3535 = VECTOR('',#3536,1.);
#3536 = DIRECTION('',(0.,1.,0.));
#3537 = CARTESIAN_POINT('',(182.,166.,96.));
#3538 = CARTESIAN_POINT('',(182.,262.,96.));
#3539 = GEOMETRIC_CURVE_SET('',(#3540));
#3540 = TRIMMED_CURVE('',#3541,(#3545,PARAMETER_VALUE(0.)),(#3546,
    PARAMETER_VALUE(153.)),.T.,.PARAMETER.);
#3541 = LINE('',#3542,#3543);
#3542 = CARTESIAN_POINT('',(29.,166.,96.));
#3543 = VECTOR('',#3544,1.);
#3544 = DIRECTION('',(1.,0.,0.));
#3545 = CARTESIAN_POINT('',(29.,166.,96.));
#3546 = CARTESIAN_POINT('',(182.,166.,96.));
#3547 = GEOMETRIC_CURVE_SET('',(#3548));
#3548 = TRIMMED_CURVE('',#3549,(#3553,PARAMETER_VALUE(0.)),(#3554,
    PARAMETER_VALUE(153.)),.T.,.PARAMETER.);
#3549 = LINE('',#3550,#3551);
#3550 = CARTESIAN_POINT('',(29.,166.,131.));
#3551 = VECTOR('',#3552,1.);
#3552 = DIRECTION('',(1.,0.,0.));
#3553 = CARTESIAN_POINT('',(29.,166.,131.));
#3554 = CARTESIAN_POINT('',(182.,166.,131.));
#3555 = GEOMETRIC_CURVE_SET('',(#3556));
#3556 = TRIMMED_CURVE('',#3557,(#3561,PARAMETER_VALUE(0.)),(#3562,
    PARAMETER_VALUE(153.)),.T.,.PARAMETER.);
#3557 = LINE('',#3558,#3559);
#3558 = CARTESIAN_POINT('',(29.,262.,96.));
#3559 = VECTOR('',#3560,1.);
#3560 = DIRECTION('',(1.,0.,0.));
#3561 = CARTESIAN_POINT('',(29.,262.,96.));
#3562 = CARTESIAN_POINT('',(182.,262.,96.));
#3563 = GEOMETRIC_CURVE_SET('',(#3564));
#3564 = TRIMMED_CURVE('',#3565,(#3569,PARAMETER_VALUE(0.)),(#3570,
    PARAMETER_VALUE(153.)),.T.,.PARAMETER.);
#3565 = LINE('',#3566,#3567);
#3566 = CARTESIAN_POINT('',(29.,262.,131.));
#3567 = VECTOR('',#3568,1.);
#3568 = DIRECTION('',(1.,0.,0.));
#3569 = CARTESIAN_POINT('',(29.,262.,131.));
#3570 = CARTESIAN_POINT('',(182.,262.,131.));
#3571 = GEOMETRIC_CURVE_SET('',(#3572));
#3572 = TRIMMED_CURVE('',#3573,(#3577,PARAMETER_VALUE(0.)),(#3578,
    PARAMETER_VALUE(19.)),.T.,.PARAMETER.);
#3573 = LINE('',#3574,#3575);
#3574 = CARTESIAN_POINT('',(182.,177.,112.));
#3575 = VECTOR('',#3576,1.);
#3576 = DIRECTION('',(0.,0.,1.));
#3577 = CARTESIAN_POINT('',(182.,177.,112.));
#3578 = CARTESIAN_POINT('',(182.,177.,131.));
#3579 = GEOMETRIC_CURVE_SET('',(#3580));
#3580 = TRIMMED_CURVE('',#3581,(#3585,PARAMETER_VALUE(0.)),(#3586,
    PARAMETER_VALUE(57.)),.T.,.PARAMETER.);
#3581 = LINE('',#3582,#3583);
#3582 = CARTESIAN_POINT('',(182.,177.,131.));
#3583 = VECTOR('',#3584,1.);
#3584 = DIRECTION('',(0.,1.,0.));
#3585 = CARTESIAN_POINT('',(182.,177.,131.));
#3586 = CARTESIAN_POINT('',(182.,234.,131.));
#3587 = GEOMETRIC_CURVE_SET('',(#3588));
#3588 = TRIMMED_CURVE('',#3589,(#3593,PARAMETER_VALUE(0.)),(#3594,
    PARAMETER_VALUE(19.)),.T.,.PARAMETER.);
#3589 = LINE('',#3590,#3591);
#3590 = CARTESIAN_POINT('',(182.,234.,112.));
#3591 = VECTOR('',#3592,1.);
#3592 = DIRECTION('',(0.,0.,1.));
#3593 = CARTESIAN_POINT('',(182.,234.,112.));
#3594 = CARTESIAN_POINT('',(182.,234.,131.));
#3595 = GEOMETRIC_CURVE_SET('',(#3596));
#3596 = TRIMMED_CURVE('',#3597,(#3601,PARAMETER_VALUE(0.)),(#3602,
    PARAMETER_VALUE(57.)),.T.,.PARAMETER.);
#3597 = LINE('',#3598,#3599);
#3598 = CARTESIAN_POINT('',(182.,177.,112.));
#3599 = VECTOR('',#3600,1.);
#3600 = DIRECTION('',(0.,1.,0.));
#3601 = CARTESIAN_POINT('',(182.,177.,112.));
#3602 = CARTESIAN_POINT('',(182.,234.,112.));
#3603 = GEOMETRIC_CURVE_SET('',(#3604));
#3604 = TRIMMED_CURVE('',#3605,(#3609,PARAMETER_VALUE(0.)),(#3610,
    PARAMETER_VALUE(19.)),.T.,.PARAMETER.);
#3605 = LINE('',#3606,#3607);
#3606 = CARTESIAN_POINT('',(185.,177.,112.));
#3607 = VECTOR('',#3608,1.);
#3608 = DIRECTION('',(0.,0.,1.));
#3609 = CARTESIAN_POINT('',(185.,177.,112.));
#3610 = CARTESIAN_POINT('',(185.,177.,131.));
#3611 = GEOMETRIC_CURVE_SET('',(#3612));
#3612 = TRIMMED_CURVE('',#3613,(#3617,PARAMETER_VALUE(0.)),(#3618,
    PARAMETER_VALUE(57.)),.T.,.PARAMETER.);
#3613 = LINE('',#3614,#3615);
#3614 = CARTESIAN_POINT('',(185.,177.,131.));
#3615 = VECTOR('',#3616,1.);
#3616 = DIRECTION('',(0.,1.,0.));
#3617 = CARTESIAN_POINT('',(185.,177.,131.));
#3618 = CARTESIAN_POINT('',(185.,234.,131.));
#3619 = GEOMETRIC_CURVE_SET('',(#3620));
#3620 = TRIMMED_CURVE('',#3621,(#3625,PARAMETER_VALUE(0.)),(#3626,
    PARAMETER_VALUE(19.)),.T.,.PARAMETER.);
#3621 = LINE('',#3622,#3623);
#3622 = CARTESIAN_POINT('',(185.,234.,112.));
#3623 = VECTOR('',#3624,1.);
#3624 = DIRECTION('',(0.,0.,1.));
#3625 = CARTESIAN_POINT('',(185.,234.,112.));
#3626 = CARTESIAN_POINT('',(185.,234.,131.));
#3627 = GEOMETRIC_CURVE_SET('',(#3628));
#3628 = TRIMMED_CURVE('',#3629,(#3633,PARAMETER_VALUE(0.)),(#3634,
    PARAMETER_VALUE(57.)),.T.,.PARAMETER.);
#3629 = LINE('',#3630,#3631);
#3630 = CARTESIAN_POINT('',(185.,177.,112.));
#3631 = VECTOR('',#3632,1.);
#3632 = DIRECTION('',(0.,1.,0.));
#3633 = CARTESIAN_POINT('',(185.,177.,112.));
#3634 = CARTESIAN_POINT('',(185.,234.,112.));
#3635 = GEOMETRIC_CURVE_SET('',(#3636));
#3636 = TRIMMED_CURVE('',#3637,(#3641,PARAMETER_VALUE(0.)),(#3642,
    PARAMETER_VALUE(3.)),.T.,.PARAMETER.);
#3637 = LINE('',#3638,#3639);
#3638 = CARTESIAN_POINT('',(182.,177.,112.));
#3639 = VECTOR('',#3640,1.);
#3640 = DIRECTION('',(1.,0.,0.));
#3641 = CARTESIAN_POINT('',(182.,177.,112.));
#3642 = CARTESIAN_POINT('',(185.,177.,112.));
#3643 = GEOMETRIC_CURVE_SET('',(#3644));
#3644 = TRIMMED_CURVE('',#3645,(#3649,PARAMETER_VALUE(0.)),(#3650,
    PARAMETER_VALUE(3.)),.T.,.PARAMETER.);
#3645 = LINE('',#3646,#3647);
#3646 = CARTESIAN_POINT('',(182.,177.,131.));
#3647 = VECTOR('',#3648,1.);
#3648 = DIRECTION('',(1.,0.,0.));
#3649 = CARTESIAN_POINT('',(182.,177.,131.));
#3650 = CARTESIAN_POINT('',(185.,177.,131.));
#3651 = GEOMETRIC_CURVE_SET('',(#3652));
#3652 = TRIMMED_CURVE('',#3653,(#3657,PARAMETER_VALUE(0.)),(#3658,
    PARAMETER_VALUE(3.)),.T.,.PARAMETER.);
#3653 = LINE('',#3654,#3655);
#3654 = CARTESIAN_POINT('',(182.,234.,112.));
#3655 = VECTOR('',#3656,1.);
#3656 = DIRECTION('',(1.,0.,0.));
#3657 = CARTESIAN_POINT('',(182.,234.,112.));
#3658 = CARTESIAN_POINT('',(185.,234.,112.));
#3659 = GEOMETRIC_CURVE_SET('',(#3660));
#3660 = TRIMMED_CURVE('',#3661,(#3665,PARAMETER_VALUE(0.)),(#3666,
    PARAMETER_VALUE(3.)),.T.,.PARAMETER.);
#3661 = LINE('',#3662,#3663);
#3662 = CARTESIAN_POINT('',(182.,234.,131.));
#3663 = VECTOR('',#3664,1.);
#3664 = DIRECTION('',(1.,0.,0.));
#3665 = CARTESIAN_POINT('',(182.,234.,131.));
#3666 = CARTESIAN_POINT('',(185.,234.,131.));
#3667 = GEOMETRIC_CURVE_SET('',(#3668));
#3668 = TRIMMED_CURVE('',#3669,(#3673,PARAMETER_VALUE(0.)),(#3674,
    PARAMETER_VALUE(68.)),.T.,.PARAMETER.);
#3669 = LINE('',#3670,#3671);
#3670 = CARTESIAN_POINT('',(185.,158.,74.));
#3671 = VECTOR('',#3672,1.);
#3672 = DIRECTION('',(0.,0.,1.));
#3673 = CARTESIAN_POINT('',(185.,158.,74.));
#3674 = CARTESIAN_POINT('',(185.,158.,142.));
#3675 = GEOMETRIC_CURVE_SET('',(#3676));
#3676 = TRIMMED_CURVE('',#3677,(#3681,PARAMETER_VALUE(0.)),(#3682,
    PARAMETER_VALUE(86.)),.T.,.PARAMETER.);
#3677 = LINE('',#3678,#3679);
#3678 = CARTESIAN_POINT('',(185.,158.,142.));
#3679 = VECTOR('',#3680,1.);
#3680 = DIRECTION('',(0.,1.,0.));
#3681 = CARTESIAN_POINT('',(185.,158.,142.));
#3682 = CARTESIAN_POINT('',(185.,244.,142.));
#3683 = GEOMETRIC_CURVE_SET('',(#3684));
#3684 = TRIMMED_CURVE('',#3685,(#3689,PARAMETER_VALUE(0.)),(#3690,
    PARAMETER_VALUE(68.)),.T.,.PARAMETER.);
#3685 = LINE('',#3686,#3687);
#3686 = CARTESIAN_POINT('',(185.,244.,74.));
#3687 = VECTOR('',#3688,1.);
#3688 = DIRECTION('',(0.,0.,1.));
#3689 = CARTESIAN_POINT('',(185.,244.,74.));
#3690 = CARTESIAN_POINT('',(185.,244.,142.));
#3691 = GEOMETRIC_CURVE_SET('',(#3692));
#3692 = TRIMMED_CURVE('',#3693,(#3697,PARAMETER_VALUE(0.)),(#3698,
    PARAMETER_VALUE(86.)),.T.,.PARAMETER.);
#3693 = LINE('',#3694,#3695);
#3694 = CARTESIAN_POINT('',(185.,158.,74.));
#3695 = VECTOR('',#3696,1.);
#3696 = DIRECTION('',(0.,1.,0.));
#3697 = CARTESIAN_POINT('',(185.,158.,74.));
#3698 = CARTESIAN_POINT('',(185.,244.,74.));
#3699 = GEOMETRIC_CURVE_SET('',(#3700));
#3700 = TRIMMED_CURVE('',#3701,(#3705,PARAMETER_VALUE(0.)),(#3706,
    PARAMETER_VALUE(68.)),.T.,.PARAMETER.);
#3701 = LINE('',#3702,#3703);
#3702 = CARTESIAN_POINT('',(262.,158.,74.));
#3703 = VECTOR('',#3704,1.);
#3704 = DIRECTION('',(0.,0.,1.));
#3705 = CARTESIAN_POINT('',(262.,158.,74.));
#3706 = CARTESIAN_POINT('',(262.,158.,142.));
#3707 = GEOMETRIC_CURVE_SET('',(#3708));
#3708 = TRIMMED_CURVE('',#3709,(#3713,PARAMETER_VALUE(0.)),(#3714,
    PARAMETER_VALUE(86.)),.T.,.PARAMETER.);
#3709 = LINE('',#3710,#3711);
#3710 = CARTESIAN_POINT('',(262.,158.,142.));
#3711 = VECTOR('',#3712,1.);
#3712 = DIRECTION('',(0.,1.,0.));
#3713 = CARTESIAN_POINT('',(262.,158.,142.));
#3714 = CARTESIAN_POINT('',(262.,244.,142.));
#3715 = GEOMETRIC_CURVE_SET('',(#3716));
#3716 = TRIMMED_CURVE('',#3717,(#3721,PARAMETER_VALUE(0.)),(#3722,
    PARAMETER_VALUE(68.)),.T.,.PARAMETER.);
#3717 = LINE('',#3718,#3719);
#3718 = CARTESIAN_POINT('',(262.,244.,74.));
#3719 = VECTOR('',#3720,1.);
#3720 = DIRECTION('',(0.,0.,1.));
#3721 = CARTESIAN_POINT('',(262.,244.,74.));
#3722 = CARTESIAN_POINT('',(262.,244.,142.));
#3723 = GEOMETRIC_CURVE_SET('',(#3724));
#3724 = TRIMMED_CURVE('',#3725,(#3729,PARAMETER_VALUE(0.)),(#3730,
    PARAMETER_VALUE(86.)),.T.,.PARAMETER.);
#3725 = LINE('',#3726,#3727);
#3726 = CARTESIAN_POINT('',(262.,158.,74.));
#3727 = VECTOR('',#3728,1.);
#3728 = DIRECTION('',(0.,1.,0.));
#3729 = CARTESIAN_POINT('',(262.,158.,74.));
#3730 = CARTESIAN_POINT('',(262.,244.,74.));
#3731 = GEOMETRIC_CURVE_SET('',(#3732));
#3732 = TRIMMED_CURVE('',#3733,(#3737,PARAMETER_VALUE(0.)),(#3738,
    PARAMETER_VALUE(77.)),.T.,.PARAMETER.);
#3733 = LINE('',#3734,#3735);
#3734 = CARTESIAN_POINT('',(185.,158.,74.));
#3735 = VECTOR('',#3736,1.);
#3736 = DIRECTION('',(1.,0.,0.));
#3737 = CARTESIAN_POINT('',(185.,158.,74.));
#3738 = CARTESIAN_POINT('',(262.,158.,74.));
#3739 = GEOMETRIC_CURVE_SET('',(#3740));
#3740 = TRIMMED_CURVE('',#3741,(#3745,PARAMETER_VALUE(0.)),(#3746,
    PARAMETER_VALUE(77.)),.T.,.PARAMETER.);
#3741 = LINE('',#3742,#3743);
#3742 = CARTESIAN_POINT('',(185.,158.,142.));
#3743 = VECTOR('',#3744,1.);
#3744 = DIRECTION('',(1.,0.,0.));
#3745 = CARTESIAN_POINT('',(185.,158.,142.));
#3746 = CARTESIAN_POINT('',(262.,158.,142.));
#3747 = GEOMETRIC_CURVE_SET('',(#3748));
#3748 = TRIMMED_CURVE('',#3749,(#3753,PARAMETER_VALUE(0.)),(#3754,
    PARAMETER_VALUE(77.)),.T.,.PARAMETER.);
#3749 = LINE('',#3750,#3751);
#3750 = CARTESIAN_POINT('',(185.,244.,74.));
#3751 = VECTOR('',#3752,1.);
#3752 = DIRECTION('',(1.,0.,0.));
#3753 = CARTESIAN_POINT('',(185.,244.,74.));
#3754 = CARTESIAN_POINT('',(262.,244.,74.));
#3755 = GEOMETRIC_CURVE_SET('',(#3756));
#3756 = TRIMMED_CURVE('',#3757,(#3761,PARAMETER_VALUE(0.)),(#3762,
    PARAMETER_VALUE(77.)),.T.,.PARAMETER.);
#3757 = LINE('',#3758,#3759);
#3758 = CARTESIAN_POINT('',(185.,244.,142.));
#3759 = VECTOR('',#3760,1.);
#3760 = DIRECTION('',(1.,0.,0.));
#3761 = CARTESIAN_POINT('',(185.,244.,142.));
#3762 = CARTESIAN_POINT('',(262.,244.,142.));
#3763 = GEOMETRIC_CURVE_SET('',(#3764));
#3764 = TRIMMED_CURVE('',#3765,(#3769,PARAMETER_VALUE(0.)),(#3770,
    PARAMETER_VALUE(32.)),.T.,.PARAMETER.);
#3765 = LINE('',#3766,#3767);
#3766 = CARTESIAN_POINT('',(194.,245.,85.));
#3767 = VECTOR('',#3768,1.);
#3768 = DIRECTION('',(0.,0.,1.));
#3769 = CARTESIAN_POINT('',(194.,245.,85.));
#3770 = CARTESIAN_POINT('',(194.,245.,117.));
#3771 = GEOMETRIC_CURVE_SET('',(#3772));
#3772 = TRIMMED_CURVE('',#3773,(#3777,PARAMETER_VALUE(0.)),(#3778,
    PARAMETER_VALUE(17.)),.T.,.PARAMETER.);
#3773 = LINE('',#3774,#3775);
#3774 = CARTESIAN_POINT('',(194.,245.,117.));
#3775 = VECTOR('',#3776,1.);
#3776 = DIRECTION('',(0.,1.,0.));
#3777 = CARTESIAN_POINT('',(194.,245.,117.));
#3778 = CARTESIAN_POINT('',(194.,262.,117.));
#3779 = GEOMETRIC_CURVE_SET('',(#3780));
#3780 = TRIMMED_CURVE('',#3781,(#3785,PARAMETER_VALUE(0.)),(#3786,
    PARAMETER_VALUE(32.)),.T.,.PARAMETER.);
#3781 = LINE('',#3782,#3783);
#3782 = CARTESIAN_POINT('',(194.,262.,85.));
#3783 = VECTOR('',#3784,1.);
#3784 = DIRECTION('',(0.,0.,1.));
#3785 = CARTESIAN_POINT('',(194.,262.,85.));
#3786 = CARTESIAN_POINT('',(194.,262.,117.));
#3787 = GEOMETRIC_CURVE_SET('',(#3788));
#3788 = TRIMMED_CURVE('',#3789,(#3793,PARAMETER_VALUE(0.)),(#3794,
    PARAMETER_VALUE(17.)),.T.,.PARAMETER.);
#3789 = LINE('',#3790,#3791);
#3790 = CARTESIAN_POINT('',(194.,245.,85.));
#3791 = VECTOR('',#3792,1.);
#3792 = DIRECTION('',(0.,1.,0.));
#3793 = CARTESIAN_POINT('',(194.,245.,85.));
#3794 = CARTESIAN_POINT('',(194.,262.,85.));
#3795 = GEOMETRIC_CURVE_SET('',(#3796));
#3796 = TRIMMED_CURVE('',#3797,(#3801,PARAMETER_VALUE(0.)),(#3802,
    PARAMETER_VALUE(32.)),.T.,.PARAMETER.);
#3797 = LINE('',#3798,#3799);
#3798 = CARTESIAN_POINT('',(244.,245.,85.));
#3799 = VECTOR('',#3800,1.);
#3800 = DIRECTION('',(0.,0.,1.));
#3801 = CARTESIAN_POINT('',(244.,245.,85.));
#3802 = CARTESIAN_POINT('',(244.,245.,117.));
#3803 = GEOMETRIC_CURVE_SET('',(#3804));
#3804 = TRIMMED_CURVE('',#3805,(#3809,PARAMETER_VALUE(0.)),(#3810,
    PARAMETER_VALUE(17.)),.T.,.PARAMETER.);
#3805 = LINE('',#3806,#3807);
#3806 = CARTESIAN_POINT('',(244.,245.,117.));
#3807 = VECTOR('',#3808,1.);
#3808 = DIRECTION('',(0.,1.,0.));
#3809 = CARTESIAN_POINT('',(244.,245.,117.));
#3810 = CARTESIAN_POINT('',(244.,262.,117.));
#3811 = GEOMETRIC_CURVE_SET('',(#3812));
#3812 = TRIMMED_CURVE('',#3813,(#3817,PARAMETER_VALUE(0.)),(#3818,
    PARAMETER_VALUE(32.)),.T.,.PARAMETER.);
#3813 = LINE('',#3814,#3815);
#3814 = CARTESIAN_POINT('',(244.,262.,85.));
#3815 = VECTOR('',#3816,1.);
#3816 = DIRECTION('',(0.,0.,1.));
#3817 = CARTESIAN_POINT('',(244.,262.,85.));
#3818 = CARTESIAN_POINT('',(244.,262.,117.));
#3819 = GEOMETRIC_CURVE_SET('',(#3820));
#3820 = TRIMMED_CURVE('',#3821,(#3825,PARAMETER_VALUE(0.)),(#3826,
    PARAMETER_VALUE(17.)),.T.,.PARAMETER.);
#3821 = LINE('',#3822,#3823);
#3822 = CARTESIAN_POINT('',(244.,245.,85.));
#3823 = VECTOR('',#3824,1.);
#3824 = DIRECTION('',(0.,1.,0.));
#3825 = CARTESIAN_POINT('',(244.,245.,85.));
#3826 = CARTESIAN_POINT('',(244.,262.,85.));
#3827 = GEOMETRIC_CURVE_SET('',(#3828));
#3828 = TRIMMED_CURVE('',#3829,(#3833,PARAMETER_VALUE(0.)),(#3834,
    PARAMETER_VALUE(50.)),.T.,.PARAMETER.);
#3829 = LINE('',#3830,#3831);
#3830 = CARTESIAN_POINT('',(194.,245.,85.));
#3831 = VECTOR('',#3832,1.);
#3832 = DIRECTION('',(1.,0.,0.));
#3833 = CARTESIAN_POINT('',(194.,245.,85.));
#3834 = CARTESIAN_POINT('',(244.,245.,85.));
#3835 = GEOMETRIC_CURVE_SET('',(#3836));
#3836 = TRIMMED_CURVE('',#3837,(#3841,PARAMETER_VALUE(0.)),(#3842,
    PARAMETER_VALUE(50.)),.T.,.PARAMETER.);
#3837 = LINE('',#3838,#3839);
#3838 = CARTESIAN_POINT('',(194.,245.,117.));
#3839 = VECTOR('',#3840,1.);
#3840 = DIRECTION('',(1.,0.,0.));
#3841 = CARTESIAN_POINT('',(194.,245.,117.));
#3842 = CARTESIAN_POINT('',(244.,245.,117.));
#3843 = GEOMETRIC_CURVE_SET('',(#3844));
#3844 = TRIMMED_CURVE('',#3845,(#3849,PARAMETER_VALUE(0.)),(#3850,
    PARAMETER_VALUE(50.)),.T.,.PARAMETER.);
#3845 = LINE('',#3846,#3847);
#3846 = CARTESIAN_POINT('',(194.,262.,85.));
#3847 = VECTOR('',#3848,1.);
#3848 = DIRECTION('',(1.,0.,0.));
#3849 = CARTESIAN_POINT('',(194.,262.,85.));
#3850 = CARTESIAN_POINT('',(244.,262.,85.));
#3851 = GEOMETRIC_CURVE_SET('',(#3852));
#3852 = TRIMMED_CURVE('',#3853,(#3857,PARAMETER_VALUE(0.)),(#3858,
    PARAMETER_VALUE(50.)),.T.,.PARAMETER.);
#3853 = LINE('',#3854,#3855);
#3854 = CARTESIAN_POINT('',(194.,262.,117.));
#3855 = VECTOR('',#3856,1.);
#3856 = DIRECTION('',(1.,0.,0.));
#3857 = CARTESIAN_POINT('',(194.,262.,117.));
#3858 = CARTESIAN_POINT('',(244.,262.,117.));
#3859 = GEOMETRIC_CURVE_SET('',(#3860));
#3860 = TRIMMED_CURVE('',#3861,(#3865,PARAMETER_VALUE(0.)),(#3866,
    PARAMETER_VALUE(30.)),.T.,.PARAMETER.);
#3861 = LINE('',#3862,#3863);
#3862 = CARTESIAN_POINT('',(108.,31.,56.));
#3863 = VECTOR('',#3864,1.);
#3864 = DIRECTION('',(0.,0.,1.));
#3865 = CARTESIAN_POINT('',(108.,31.,56.));
#3866 = CARTESIAN_POINT('',(108.,31.,86.));
#3867 = GEOMETRIC_CURVE_SET('',(#3868));
#3868 = TRIMMED_CURVE('',#3869,(#3873,PARAMETER_VALUE(0.)),(#3874,
    PARAMETER_VALUE(52.)),.T.,.PARAMETER.);
#3869 = LINE('',#3870,#3871);
#3870 = CARTESIAN_POINT('',(108.,31.,86.));
#3871 = VECTOR('',#3872,1.);
#3872 = DIRECTION('',(0.,1.,0.));
#3873 = CARTESIAN_POINT('',(108.,31.,86.));
#3874 = CARTESIAN_POINT('',(108.,83.,86.));
#3875 = GEOMETRIC_CURVE_SET('',(#3876));
#3876 = TRIMMED_CURVE('',#3877,(#3881,PARAMETER_VALUE(0.)),(#3882,
    PARAMETER_VALUE(30.)),.T.,.PARAMETER.);
#3877 = LINE('',#3878,#3879);
#3878 = CARTESIAN_POINT('',(108.,83.,56.));
#3879 = VECTOR('',#3880,1.);
#3880 = DIRECTION('',(0.,0.,1.));
#3881 = CARTESIAN_POINT('',(108.,83.,56.));
#3882 = CARTESIAN_POINT('',(108.,83.,86.));
#3883 = GEOMETRIC_CURVE_SET('',(#3884));
#3884 = TRIMMED_CURVE('',#3885,(#3889,PARAMETER_VALUE(0.)),(#3890,
    PARAMETER_VALUE(52.)),.T.,.PARAMETER.);
#3885 = LINE('',#3886,#3887);
#3886 = CARTESIAN_POINT('',(108.,31.,56.));
#3887 = VECTOR('',#3888,1.);
#3888 = DIRECTION('',(0.,1.,0.));
#3889 = CARTESIAN_POINT('',(108.,31.,56.));
#3890 = CARTESIAN_POINT('',(108.,83.,56.));
#3891 = GEOMETRIC_CURVE_SET('',(#3892));
#3892 = TRIMMED_CURVE('',#3893,(#3897,PARAMETER_VALUE(0.)),(#3898,
    PARAMETER_VALUE(30.)),.T.,.PARAMETER.);
#3893 = LINE('',#3894,#3895);
#3894 = CARTESIAN_POINT('',(148.,31.,56.));
#3895 = VECTOR('',#3896,1.);
#3896 = DIRECTION('',(0.,0.,1.));
#3897 = CARTESIAN_POINT('',(148.,31.,56.));
#3898 = CARTESIAN_POINT('',(148.,31.,86.));
#3899 = GEOMETRIC_CURVE_SET('',(#3900));
#3900 = TRIMMED_CURVE('',#3901,(#3905,PARAMETER_VALUE(0.)),(#3906,
    PARAMETER_VALUE(52.)),.T.,.PARAMETER.);
#3901 = LINE('',#3902,#3903);
#3902 = CARTESIAN_POINT('',(148.,31.,86.));
#3903 = VECTOR('',#3904,1.);
#3904 = DIRECTION('',(0.,1.,0.));
#3905 = CARTESIAN_POINT('',(148.,31.,86.));
#3906 = CARTESIAN_POINT('',(148.,83.,86.));
#3907 = GEOMETRIC_CURVE_SET('',(#3908));
#3908 = TRIMMED_CURVE('',#3909,(#3913,PARAMETER_VALUE(0.)),(#3914,
    PARAMETER_VALUE(30.)),.T.,.PARAMETER.);
#3909 = LINE('',#3910,#3911);
#3910 = CARTESIAN_POINT('',(148.,83.,56.));
#3911 = VECTOR('',#3912,1.);
#3912 = DIRECTION('',(0.,0.,1.));
#3913 = CARTESIAN_POINT('',(148.,83.,56.));
#3914 = CARTESIAN_POINT('',(148.,83.,86.));
#3915 = GEOMETRIC_CURVE_SET('',(#3916));
#3916 = TRIMMED_CURVE('',#3917,(#3921,PARAMETER_VALUE(0.)),(#3922,
    PARAMETER_VALUE(52.)),.T.,.PARAMETER.);
#3917 = LINE('',#3918,#3919);
#3918 = CARTESIAN_POINT('',(148.,31.,56.));
#3919 = VECTOR('',#3920,1.);
#3920 = DIRECTION('',(0.,1.,0.));
#3921 = CARTESIAN_POINT('',(148.,31.,56.));
#3922 = CARTESIAN_POINT('',(148.,83.,56.));
#3923 = GEOMETRIC_CURVE_SET('',(#3924));
#3924 = TRIMMED_CURVE('',#3925,(#3929,PARAMETER_VALUE(0.)),(#3930,
    PARAMETER_VALUE(40.)),.T.,.PARAMETER.);
#3925 = LINE('',#3926,#3927);
#3926 = CARTESIAN_POINT('',(108.,31.,56.));
#3927 = VECTOR('',#3928,1.);
#3928 = DIRECTION('',(1.,0.,0.));
#3929 = CARTESIAN_POINT('',(108.,31.,56.));
#3930 = CARTESIAN_POINT('',(148.,31.,56.));
#3931 = GEOMETRIC_CURVE_SET('',(#3932));
#3932 = TRIMMED_CURVE('',#3933,(#3937,PARAMETER_VALUE(0.)),(#3938,
    PARAMETER_VALUE(40.)),.T.,.PARAMETER.);
#3933 = LINE('',#3934,#3935);
#3934 = CARTESIAN_POINT('',(108.,31.,86.));
#3935 = VECTOR('',#3936,1.);
#3936 = DIRECTION('',(1.,0.,0.));
#3937 = CARTESIAN_POINT('',(108.,31.,86.));
#3938 = CARTESIAN_POINT('',(148.,31.,86.));
#3939 = GEOMETRIC_CURVE_SET('',(#3940));
#3940 = TRIMMED_CURVE('',#3941,(#3945,PARAMETER_VALUE(0.)),(#3946,
    PARAMETER_VALUE(40.)),.T.,.PARAMETER.);
#3941 = LINE('',#3942,#3943);
#3942 = CARTESIAN_POINT('',(108.,83.,56.));
#3943 = VECTOR('',#3944,1.);
#3944 = DIRECTION('',(1.,0.,0.));
#3945 = CARTESIAN_POINT('',(108.,83.,56.));
#3946 = CARTESIAN_POINT('',(148.,83.,56.));
#3947 = GEOMETRIC_CURVE_SET('',(#3948));
#3948 = TRIMMED_CURVE('',#3949,(#3953,PARAMETER_VALUE(0.)),(#3954,
    PARAMETER_VALUE(40.)),.T.,.PARAMETER.);
#3949 = LINE('',#3950,#3951);
#3950 = CARTESIAN_POINT('',(108.,83.,86.));
#3951 = VECTOR('',#3952,1.);
#3952 = DIRECTION('',(1.,0.,0.));
#3953 = CARTESIAN_POINT('',(108.,83.,86.));
#3954 = CARTESIAN_POINT('',(148.,83.,86.));
#3955 = GEOMETRIC_CURVE_SET('',(#3956));
#3956 = TRIMMED_CURVE('',#3957,(#3961,PARAMETER_VALUE(0.)),(#3962,
    PARAMETER_VALUE(36.)),.T.,.PARAMETER.);
#3957 = LINE('',#3958,#3959);
#3958 = CARTESIAN_POINT('',(109.,0.,16.));
#3959 = VECTOR('',#3960,1.);
#3960 = DIRECTION('',(0.,0.,1.));
#3961 = CARTESIAN_POINT('',(109.,0.,16.));
#3962 = CARTESIAN_POINT('',(109.,0.,52.));
#3963 = GEOMETRIC_CURVE_SET('',(#3964));
#3964 = TRIMMED_CURVE('',#3965,(#3969,PARAMETER_VALUE(0.)),(#3970,
    PARAMETER_VALUE(245.)),.T.,.PARAMETER.);
#3965 = LINE('',#3966,#3967);
#3966 = CARTESIAN_POINT('',(109.,0.,52.));
#3967 = VECTOR('',#3968,1.);
#3968 = DIRECTION('',(0.,1.,0.));
#3969 = CARTESIAN_POINT('',(109.,0.,52.));
#3970 = CARTESIAN_POINT('',(109.,245.,52.));
#3971 = GEOMETRIC_CURVE_SET('',(#3972));
#3972 = TRIMMED_CURVE('',#3973,(#3977,PARAMETER_VALUE(0.)),(#3978,
    PARAMETER_VALUE(36.)),.T.,.PARAMETER.);
#3973 = LINE('',#3974,#3975);
#3974 = CARTESIAN_POINT('',(109.,245.,16.));
#3975 = VECTOR('',#3976,1.);
#3976 = DIRECTION('',(0.,0.,1.));
#3977 = CARTESIAN_POINT('',(109.,245.,16.));
#3978 = CARTESIAN_POINT('',(109.,245.,52.));
#3979 = GEOMETRIC_CURVE_SET('',(#3980));
#3980 = TRIMMED_CURVE('',#3981,(#3985,PARAMETER_VALUE(0.)),(#3986,
    PARAMETER_VALUE(245.)),.T.,.PARAMETER.);
#3981 = LINE('',#3982,#3983);
#3982 = CARTESIAN_POINT('',(109.,0.,16.));
#3983 = VECTOR('',#3984,1.);
#3984 = DIRECTION('',(0.,1.,0.));
#3985 = CARTESIAN_POINT('',(109.,0.,16.));
#3986 = CARTESIAN_POINT('',(109.,245.,16.));
#3987 = GEOMETRIC_CURVE_SET('',(#3988));
#3988 = TRIMMED_CURVE('',#3989,(#3993,PARAMETER_VALUE(0.)),(#3994,
    PARAMETER_VALUE(36.)),.T.,.PARAMETER.);
#3989 = LINE('',#3990,#3991);
#3990 = CARTESIAN_POINT('',(157.,0.,16.));
#3991 = VECTOR('',#3992,1.);
#3992 = DIRECTION('',(0.,0.,1.));
#3993 = CARTESIAN_POINT('',(157.,0.,16.));
#3994 = CARTESIAN_POINT('',(157.,0.,52.));
#3995 = GEOMETRIC_CURVE_SET('',(#3996));
#3996 = TRIMMED_CURVE('',#3997,(#4001,PARAMETER_VALUE(0.)),(#4002,
    PARAMETER_VALUE(245.)),.T.,.PARAMETER.);
#3997 = LINE('',#3998,#3999);
#3998 = CARTESIAN_POINT('',(157.,0.,52.));
#3999 = VECTOR('',#4000,1.);
#4000 = DIRECTION('',(0.,1.,0.));
#4001 = CARTESIAN_POINT('',(157.,0.,52.));
#4002 = CARTESIAN_POINT('',(157.,245.,52.));
#4003 = GEOMETRIC_CURVE_SET('',(#4004));
#4004 = TRIMMED_CURVE('',#4005,(#4009,PARAMETER_VALUE(0.)),(#4010,
    PARAMETER_VALUE(36.)),.T.,.PARAMETER.);
#4005 = LINE('',#4006,#4007);
#4006 = CARTESIAN_POINT('',(157.,245.,16.));
#4007 = VECTOR('',#4008,1.);
#4008 = DIRECTION('',(0.,0.,1.));
#4009 = CARTESIAN_POINT('',(157.,245.,16.));
#4010 = CARTESIAN_POINT('',(157.,245.,52.));
#4011 = GEOMETRIC_CURVE_SET('',(#4012));
#4012 = TRIMMED_CURVE('',#4013,(#4017,PARAMETER_VALUE(0.)),(#4018,
    PARAMETER_VALUE(245.)),.T.,.PARAMETER.);
#4013 = LINE('',#4014,#4015);
#4014 = CARTESIAN_POINT('',(157.,0.,16.));
#4015 = VECTOR('',#4016,1.);
#4016 = DIRECTION('',(0.,1.,0.));
#4017 = CARTESIAN_POINT('',(157.,0.,16.));
#4018 = CARTESIAN_POINT('',(157.,245.,16.));
#4019 = GEOMETRIC_CURVE_SET('',(#4020));
#4020 = TRIMMED_CURVE('',#4021,(#4025,PARAMETER_VALUE(0.)),(#4026,
    PARAMETER_VALUE(48.)),.T.,.PARAMETER.);
#4021 = LINE('',#4022,#4023);
#4022 = CARTESIAN_POINT('',(109.,0.,16.));
#4023 = VECTOR('',#4024,1.);
#4024 = DIRECTION('',(1.,0.,0.));
#4025 = CARTESIAN_POINT('',(109.,0.,16.));
#4026 = CARTESIAN_POINT('',(157.,0.,16.));
#4027 = GEOMETRIC_CURVE_SET('',(#4028));
#4028 = TRIMMED_CURVE('',#4029,(#4033,PARAMETER_VALUE(0.)),(#4034,
    PARAMETER_VALUE(48.)),.T.,.PARAMETER.);
#4029 = LINE('',#4030,#4031);
#4030 = CARTESIAN_POINT('',(109.,0.,52.));
#4031 = VECTOR('',#4032,1.);
#4032 = DIRECTION('',(1.,0.,0.));
#4033 = CARTESIAN_POINT('',(109.,0.,52.));
#4034 = CARTESIAN_POINT('',(157.,0.,52.));
#4035 = GEOMETRIC_CURVE_SET('',(#4036));
#4036 = TRIMMED_CURVE('',#4037,(#4041,PARAMETER_VALUE(0.)),(#4042,
    PARAMETER_VALUE(48.)),.T.,.PARAMETER.);
#4037 = LINE('',#4038,#4039);
#4038 = CARTESIAN_POINT('',(109.,245.,16.));
#4039 = VECTOR('',#4040,1.);
#4040 = DIRECTION('',(1.,0.,0.));
#4041 = CARTESIAN_POINT('',(109.,245.,16.));
#4042 = CARTESIAN_POINT('',(157.,245.,16.));
#4043 = GEOMETRIC_CURVE_SET('',(#4044));
#4044 = TRIMMED_CURVE('',#4045,(#4049,PARAMETER_VALUE(0.)),(#4050,
    PARAMETER_VALUE(48.)),.T.,.PARAMETER.);
#4045 = LINE('',#4046,#4047);
#4046 = CARTESIAN_POINT('',(109.,245.,52.));
#4047 = VECTOR('',#4048,1.);
#4048 = DIRECTION('',(1.,0.,0.));
#4049 = CARTESIAN_POINT('',(109.,245.,52.));
#4050 = CARTESIAN_POINT('',(157.,245.,52.));
#4051 = GEOMETRIC_CURVE_SET('',(#4052));
#4052 = TRIMMED_CURVE('',#4053,(#4057,PARAMETER_VALUE(0.)),(#4058,
    PARAMETER_VALUE(35.)),.T.,.PARAMETER.);
#4053 = LINE('',#4054,#4055);
#4054 = CARTESIAN_POINT('',(28.,0.,45.));
#4055 = VECTOR('',#4056,1.);
#4056 = DIRECTION('',(0.,0.,1.));
#4057 = CARTESIAN_POINT('',(28.,0.,45.));
#4058 = CARTESIAN_POINT('',(28.,0.,80.));
#4059 = GEOMETRIC_CURVE_SET('',(#4060));
#4060 = TRIMMED_CURVE('',#4061,(#4065,PARAMETER_VALUE(0.)),(#4066,
    PARAMETER_VALUE(80.)),.T.,.PARAMETER.);
#4061 = LINE('',#4062,#4063);
#4062 = CARTESIAN_POINT('',(28.,0.,80.));
#4063 = VECTOR('',#4064,1.);
#4064 = DIRECTION('',(0.,1.,0.));
#4065 = CARTESIAN_POINT('',(28.,0.,80.));
#4066 = CARTESIAN_POINT('',(28.,80.,80.));
#4067 = GEOMETRIC_CURVE_SET('',(#4068));
#4068 = TRIMMED_CURVE('',#4069,(#4073,PARAMETER_VALUE(0.)),(#4074,
    PARAMETER_VALUE(35.)),.T.,.PARAMETER.);
#4069 = LINE('',#4070,#4071);
#4070 = CARTESIAN_POINT('',(28.,80.,45.));
#4071 = VECTOR('',#4072,1.);
#4072 = DIRECTION('',(0.,0.,1.));
#4073 = CARTESIAN_POINT('',(28.,80.,45.));
#4074 = CARTESIAN_POINT('',(28.,80.,80.));
#4075 = GEOMETRIC_CURVE_SET('',(#4076));
#4076 = TRIMMED_CURVE('',#4077,(#4081,PARAMETER_VALUE(0.)),(#4082,
    PARAMETER_VALUE(80.)),.T.,.PARAMETER.);
#4077 = LINE('',#4078,#4079);
#4078 = CARTESIAN_POINT('',(28.,0.,45.));
#4079 = VECTOR('',#4080,1.);
#4080 = DIRECTION('',(0.,1.,0.));
#4081 = CARTESIAN_POINT('',(28.,0.,45.));
#4082 = CARTESIAN_POINT('',(28.,80.,45.));
#4083 = GEOMETRIC_CURVE_SET('',(#4084));
#4084 = TRIMMED_CURVE('',#4085,(#4089,PARAMETER_VALUE(0.)),(#4090,
    PARAMETER_VALUE(35.)),.T.,.PARAMETER.);
#4085 = LINE('',#4086,#4087);
#4086 = CARTESIAN_POINT('',(103.,0.,45.));
#4087 = VECTOR('',#4088,1.);
#4088 = DIRECTION('',(0.,0.,1.));
#4089 = CARTESIAN_POINT('',(103.,0.,45.));
#4090 = CARTESIAN_POINT('',(103.,0.,80.));
#4091 = GEOMETRIC_CURVE_SET('',(#4092));
#4092 = TRIMMED_CURVE('',#4093,(#4097,PARAMETER_VALUE(0.)),(#4098,
    PARAMETER_VALUE(80.)),.T.,.PARAMETER.);
#4093 = LINE('',#4094,#4095);
#4094 = CARTESIAN_POINT('',(103.,0.,80.));
#4095 = VECTOR('',#4096,1.);
#4096 = DIRECTION('',(0.,1.,0.));
#4097 = CARTESIAN_POINT('',(103.,0.,80.));
#4098 = CARTESIAN_POINT('',(103.,80.,80.));
#4099 = GEOMETRIC_CURVE_SET('',(#4100));
#4100 = TRIMMED_CURVE('',#4101,(#4105,PARAMETER_VALUE(0.)),(#4106,
    PARAMETER_VALUE(35.)),.T.,.PARAMETER.);
#4101 = LINE('',#4102,#4103);
#4102 = CARTESIAN_POINT('',(103.,80.,45.));
#4103 = VECTOR('',#4104,1.);
#4104 = DIRECTION('',(0.,0.,1.));
#4105 = CARTESIAN_POINT('',(103.,80.,45.));
#4106 = CARTESIAN_POINT('',(103.,80.,80.));
#4107 = GEOMETRIC_CURVE_SET('',(#4108));
#4108 = TRIMMED_CURVE('',#4109,(#4113,PARAMETER_VALUE(0.)),(#4114,
    PARAMETER_VALUE(80.)),.T.,.PARAMETER.);
#4109 = LINE('',#4110,#4111);
#4110 = CARTESIAN_POINT('',(103.,0.,45.));
#4111 = VECTOR('',#4112,1.);
#4112 = DIRECTION('',(0.,1.,0.));
#4113 = CARTESIAN_POINT('',(103.,0.,45.));
#4114 = CARTESIAN_POINT('',(103.,80.,45.));
#4115 = GEOMETRIC_CURVE_SET('',(#4116));
#4116 = TRIMMED_CURVE('',#4117,(#4121,PARAMETER_VALUE(0.)),(#4122,
    PARAMETER_VALUE(75.)),.T.,.PARAMETER.);
#4117 = LINE('',#4118,#4119);
#4118 = CARTESIAN_POINT('',(28.,0.,45.));
#4119 = VECTOR('',#4120,1.);
#4120 = DIRECTION('',(1.,0.,0.));
#4121 = CARTESIAN_POINT('',(28.,0.,45.));
#4122 = CARTESIAN_POINT('',(103.,0.,45.));
#4123 = GEOMETRIC_CURVE_SET('',(#4124));
#4124 = TRIMMED_CURVE('',#4125,(#4129,PARAMETER_VALUE(0.)),(#4130,
    PARAMETER_VALUE(75.)),.T.,.PARAMETER.);
#4125 = LINE('',#4126,#4127);
#4126 = CARTESIAN_POINT('',(28.,0.,80.));
#4127 = VECTOR('',#4128,1.);
#4128 = DIRECTION('',(1.,0.,0.));
#4129 = CARTESIAN_POINT('',(28.,0.,80.));
#4130 = CARTESIAN_POINT('',(103.,0.,80.));
#4131 = GEOMETRIC_CURVE_SET('',(#4132));
#4132 = TRIMMED_CURVE('',#4133,(#4137,PARAMETER_VALUE(0.)),(#4138,
    PARAMETER_VALUE(75.)),.T.,.PARAMETER.);
#4133 = LINE('',#4134,#4135);
#4134 = CARTESIAN_POINT('',(28.,80.,45.));
#4135 = VECTOR('',#4136,1.);
#4136 = DIRECTION('',(1.,0.,0.));
#4137 = CARTESIAN_POINT('',(28.,80.,45.));
#4138 = CARTESIAN_POINT('',(103.,80.,45.));
#4139 = GEOMETRIC_CURVE_SET('',(#4140));
#4140 = TRIMMED_CURVE('',#4141,(#4145,PARAMETER_VALUE(0.)),(#4146,
    PARAMETER_VALUE(75.)),.T.,.PARAMETER.);
#4141 = LINE('',#4142,#4143);
#4142 = CARTESIAN_POINT('',(28.,80.,80.));
#4143 = VECTOR('',#4144,1.);
#4144 = DIRECTION('',(1.,0.,0.));
#4145 = CARTESIAN_POINT('',(28.,80.,80.));
#4146 = CARTESIAN_POINT('',(103.,80.,80.));
#4147 = GEOMETRIC_CURVE_SET('',(#4148));
#4148 = TRIMMED_CURVE('',#4149,(#4153,PARAMETER_VALUE(0.)),(#4154,
    PARAMETER_VALUE(30.)),.T.,.PARAMETER.);
#4149 = LINE('',#4150,#4151);
#4150 = CARTESIAN_POINT('',(158.,0.,20.));
#4151 = VECTOR('',#4152,1.);
#4152 = DIRECTION('',(0.,0.,1.));
#4153 = CARTESIAN_POINT('',(158.,0.,20.));
#4154 = CARTESIAN_POINT('',(158.,0.,50.));
#4155 = GEOMETRIC_CURVE_SET('',(#4156));
#4156 = TRIMMED_CURVE('',#4157,(#4161,PARAMETER_VALUE(0.)),(#4162,
    PARAMETER_VALUE(185.)),.T.,.PARAMETER.);
#4157 = LINE('',#4158,#4159);
#4158 = CARTESIAN_POINT('',(158.,0.,50.));
#4159 = VECTOR('',#4160,1.);
#4160 = DIRECTION('',(0.,1.,0.));
#4161 = CARTESIAN_POINT('',(158.,0.,50.));
#4162 = CARTESIAN_POINT('',(158.,185.,50.));
#4163 = GEOMETRIC_CURVE_SET('',(#4164));
#4164 = TRIMMED_CURVE('',#4165,(#4169,PARAMETER_VALUE(0.)),(#4170,
    PARAMETER_VALUE(30.)),.T.,.PARAMETER.);
#4165 = LINE('',#4166,#4167);
#4166 = CARTESIAN_POINT('',(158.,185.,20.));
#4167 = VECTOR('',#4168,1.);
#4168 = DIRECTION('',(0.,0.,1.));
#4169 = CARTESIAN_POINT('',(158.,185.,20.));
#4170 = CARTESIAN_POINT('',(158.,185.,50.));
#4171 = GEOMETRIC_CURVE_SET('',(#4172));
#4172 = TRIMMED_CURVE('',#4173,(#4177,PARAMETER_VALUE(0.)),(#4178,
    PARAMETER_VALUE(185.)),.T.,.PARAMETER.);
#4173 = LINE('',#4174,#4175);
#4174 = CARTESIAN_POINT('',(158.,0.,20.));
#4175 = VECTOR('',#4176,1.);
#4176 = DIRECTION('',(0.,1.,0.));
#4177 = CARTESIAN_POINT('',(158.,0.,20.));
#4178 = CARTESIAN_POINT('',(158.,185.,20.));
#4179 = GEOMETRIC_CURVE_SET('',(#4180));
#4180 = TRIMMED_CURVE('',#4181,(#4185,PARAMETER_VALUE(0.)),(#4186,
    PARAMETER_VALUE(30.)),.T.,.PARAMETER.);
#4181 = LINE('',#4182,#4183);
#4182 = CARTESIAN_POINT('',(166.,0.,20.));
#4183 = VECTOR('',#4184,1.);
#4184 = DIRECTION('',(0.,0.,1.));
#4185 = CARTESIAN_POINT('',(166.,0.,20.));
#4186 = CARTESIAN_POINT('',(166.,0.,50.));
#4187 = GEOMETRIC_CURVE_SET('',(#4188));
#4188 = TRIMMED_CURVE('',#4189,(#4193,PARAMETER_VALUE(0.)),(#4194,
    PARAMETER_VALUE(185.)),.T.,.PARAMETER.);
#4189 = LINE('',#4190,#4191);
#4190 = CARTESIAN_POINT('',(166.,0.,50.));
#4191 = VECTOR('',#4192,1.);
#4192 = DIRECTION('',(0.,1.,0.));
#4193 = CARTESIAN_POINT('',(166.,0.,50.));
#4194 = CARTESIAN_POINT('',(166.,185.,50.));
#4195 = GEOMETRIC_CURVE_SET('',(#4196));
#4196 = TRIMMED_CURVE('',#4197,(#4201,PARAMETER_VALUE(0.)),(#4202,
    PARAMETER_VALUE(30.)),.T.,.PARAMETER.);
#4197 = LINE('',#4198,#4199);
#4198 = CARTESIAN_POINT('',(166.,185.,20.));
#4199 = VECTOR('',#4200,1.);
#4200 = DIRECTION('',(0.,0.,1.));
#4201 = CARTESIAN_POINT('',(166.,185.,20.));
#4202 = CARTESIAN_POINT('',(166.,185.,50.));
#4203 = GEOMETRIC_CURVE_SET('',(#4204));
#4204 = TRIMMED_CURVE('',#4205,(#4209,PARAMETER_VALUE(0.)),(#4210,
    PARAMETER_VALUE(185.)),.T.,.PARAMETER.);
#4205 = LINE('',#4206,#4207);
#4206 = CARTESIAN_POINT('',(166.,0.,20.));
#4207 = VECTOR('',#4208,1.);
#4208 = DIRECTION('',(0.,1.,0.));
#4209 = CARTESIAN_POINT('',(166.,0.,20.));
#4210 = CARTESIAN_POINT('',(166.,185.,20.));
#4211 = GEOMETRIC_CURVE_SET('',(#4212));
#4212 = TRIMMED_CURVE('',#4213,(#4217,PARAMETER_VALUE(0.)),(#4218,
    PARAMETER_VALUE(8.)),.T.,.PARAMETER.);
#4213 = LINE('',#4214,#4215);
#4214 = CARTESIAN_POINT('',(158.,0.,20.));
#4215 = VECTOR('',#4216,1.);
#4216 = DIRECTION('',(1.,0.,0.));
#4217 = CARTESIAN_POINT('',(158.,0.,20.));
#4218 = CARTESIAN_POINT('',(166.,0.,20.));
#4219 = GEOMETRIC_CURVE_SET('',(#4220));
#4220 = TRIMMED_CURVE('',#4221,(#4225,PARAMETER_VALUE(0.)),(#4226,
    PARAMETER_VALUE(8.)),.T.,.PARAMETER.);
#4221 = LINE('',#4222,#4223);
#4222 = CARTESIAN_POINT('',(158.,0.,50.));
#4223 = VECTOR('',#4224,1.);
#4224 = DIRECTION('',(1.,0.,0.));
#4225 = CARTESIAN_POINT('',(158.,0.,50.));
#4226 = CARTESIAN_POINT('',(166.,0.,50.));
#4227 = GEOMETRIC_CURVE_SET('',(#4228));
#4228 = TRIMMED_CURVE('',#4229,(#4233,PARAMETER_VALUE(0.)),(#4234,
    PARAMETER_VALUE(8.)),.T.,.PARAMETER.);
#4229 = LINE('',#4230,#4231);
#4230 = CARTESIAN_POINT('',(158.,185.,20.));
#4231 = VECTOR('',#4232,1.);
#4232 = DIRECTION('',(1.,0.,0.));
#4233 = CARTESIAN_POINT('',(158.,185.,20.));
#4234 = CARTESIAN_POINT('',(166.,185.,20.));
#4235 = GEOMETRIC_CURVE_SET('',(#4236));
#4236 = TRIMMED_CURVE('',#4237,(#4241,PARAMETER_VALUE(0.)),(#4242,
    PARAMETER_VALUE(8.)),.T.,.PARAMETER.);
#4237 = LINE('',#4238,#4239);
#4238 = CARTESIAN_POINT('',(158.,185.,50.));
#4239 = VECTOR('',#4240,1.);
#4240 = DIRECTION('',(1.,0.,0.));
#4241 = CARTESIAN_POINT('',(158.,185.,50.));
#4242 = CARTESIAN_POINT('',(166.,185.,50.));
#4243 = GEOMETRIC_CURVE_SET('',(#4244));
#4244 = TRIMMED_CURVE('',#4245,(#4249,PARAMETER_VALUE(0.)),(#4250,
    PARAMETER_VALUE(40.)),.T.,.PARAMETER.);
#4245 = LINE('',#4246,#4247);
#4246 = CARTESIAN_POINT('',(109.,245.,16.));
#4247 = VECTOR('',#4248,1.);
#4248 = DIRECTION('',(0.,0.,1.));
#4249 = CARTESIAN_POINT('',(109.,245.,16.));
#4250 = CARTESIAN_POINT('',(109.,245.,56.));
#4251 = GEOMETRIC_CURVE_SET('',(#4252));
#4252 = TRIMMED_CURVE('',#4253,(#4257,PARAMETER_VALUE(0.)),(#4258,
    PARAMETER_VALUE(25.)),.T.,.PARAMETER.);
#4253 = LINE('',#4254,#4255);
#4254 = CARTESIAN_POINT('',(109.,245.,56.));
#4255 = VECTOR('',#4256,1.);
#4256 = DIRECTION('',(0.,1.,0.));
#4257 = CARTESIAN_POINT('',(109.,245.,56.));
#4258 = CARTESIAN_POINT('',(109.,270.,56.));
#4259 = GEOMETRIC_CURVE_SET('',(#4260));
#4260 = TRIMMED_CURVE('',#4261,(#4265,PARAMETER_VALUE(0.)),(#4266,
    PARAMETER_VALUE(40.)),.T.,.PARAMETER.);
#4261 = LINE('',#4262,#4263);
#4262 = CARTESIAN_POINT('',(109.,270.,16.));
#4263 = VECTOR('',#4264,1.);
#4264 = DIRECTION('',(0.,0.,1.));
#4265 = CARTESIAN_POINT('',(109.,270.,16.));
#4266 = CARTESIAN_POINT('',(109.,270.,56.));
#4267 = GEOMETRIC_CURVE_SET('',(#4268));
#4268 = TRIMMED_CURVE('',#4269,(#4273,PARAMETER_VALUE(0.)),(#4274,
    PARAMETER_VALUE(25.)),.T.,.PARAMETER.);
#4269 = LINE('',#4270,#4271);
#4270 = CARTESIAN_POINT('',(109.,245.,16.));
#4271 = VECTOR('',#4272,1.);
#4272 = DIRECTION('',(0.,1.,0.));
#4273 = CARTESIAN_POINT('',(109.,245.,16.));
#4274 = CARTESIAN_POINT('',(109.,270.,16.));
#4275 = GEOMETRIC_CURVE_SET('',(#4276));
#4276 = TRIMMED_CURVE('',#4277,(#4281,PARAMETER_VALUE(0.)),(#4282,
    PARAMETER_VALUE(40.)),.T.,.PARAMETER.);
#4277 = LINE('',#4278,#4279);
#4278 = CARTESIAN_POINT('',(157.,245.,16.));
#4279 = VECTOR('',#4280,1.);
#4280 = DIRECTION('',(0.,0.,1.));
#4281 = CARTESIAN_POINT('',(157.,245.,16.));
#4282 = CARTESIAN_POINT('',(157.,245.,56.));
#4283 = GEOMETRIC_CURVE_SET('',(#4284));
#4284 = TRIMMED_CURVE('',#4285,(#4289,PARAMETER_VALUE(0.)),(#4290,
    PARAMETER_VALUE(25.)),.T.,.PARAMETER.);
#4285 = LINE('',#4286,#4287);
#4286 = CARTESIAN_POINT('',(157.,245.,56.));
#4287 = VECTOR('',#4288,1.);
#4288 = DIRECTION('',(0.,1.,0.));
#4289 = CARTESIAN_POINT('',(157.,245.,56.));
#4290 = CARTESIAN_POINT('',(157.,270.,56.));
#4291 = GEOMETRIC_CURVE_SET('',(#4292));
#4292 = TRIMMED_CURVE('',#4293,(#4297,PARAMETER_VALUE(0.)),(#4298,
    PARAMETER_VALUE(40.)),.T.,.PARAMETER.);
#4293 = LINE('',#4294,#4295);
#4294 = CARTESIAN_POINT('',(157.,270.,16.));
#4295 = VECTOR('',#4296,1.);
#4296 = DIRECTION('',(0.,0.,1.));
#4297 = CARTESIAN_POINT('',(157.,270.,16.));
#4298 = CARTESIAN_POINT('',(157.,270.,56.));
#4299 = GEOMETRIC_CURVE_SET('',(#4300));
#4300 = TRIMMED_CURVE('',#4301,(#4305,PARAMETER_VALUE(0.)),(#4306,
    PARAMETER_VALUE(25.)),.T.,.PARAMETER.);
#4301 = LINE('',#4302,#4303);
#4302 = CARTESIAN_POINT('',(157.,245.,16.));
#4303 = VECTOR('',#4304,1.);
#4304 = DIRECTION('',(0.,1.,0.));
#4305 = CARTESIAN_POINT('',(157.,245.,16.));
#4306 = CARTESIAN_POINT('',(157.,270.,16.));
#4307 = GEOMETRIC_CURVE_SET('',(#4308));
#4308 = TRIMMED_CURVE('',#4309,(#4313,PARAMETER_VALUE(0.)),(#4314,
    PARAMETER_VALUE(48.)),.T.,.PARAMETER.);
#4309 = LINE('',#4310,#4311);
#4310 = CARTESIAN_POINT('',(109.,245.,16.));
#4311 = VECTOR('',#4312,1.);
#4312 = DIRECTION('',(1.,0.,0.));
#4313 = CARTESIAN_POINT('',(109.,245.,16.));
#4314 = CARTESIAN_POINT('',(157.,245.,16.));
#4315 = GEOMETRIC_CURVE_SET('',(#4316));
#4316 = TRIMMED_CURVE('',#4317,(#4321,PARAMETER_VALUE(0.)),(#4322,
    PARAMETER_VALUE(48.)),.T.,.PARAMETER.);
#4317 = LINE('',#4318,#4319);
#4318 = CARTESIAN_POINT('',(109.,245.,56.));
#4319 = VECTOR('',#4320,1.);
#4320 = DIRECTION('',(1.,0.,0.));
#4321 = CARTESIAN_POINT('',(109.,245.,56.));
#4322 = CARTESIAN_POINT('',(157.,245.,56.));
#4323 = GEOMETRIC_CURVE_SET('',(#4324));
#4324 = TRIMMED_CURVE('',#4325,(#4329,PARAMETER_VALUE(0.)),(#4330,
    PARAMETER_VALUE(48.)),.T.,.PARAMETER.);
#4325 = LINE('',#4326,#4327);
#4326 = CARTESIAN_POINT('',(109.,270.,16.));
#4327 = VECTOR('',#4328,1.);
#4328 = DIRECTION('',(1.,0.,0.));
#4329 = CARTESIAN_POINT('',(109.,270.,16.));
#4330 = CARTESIAN_POINT('',(157.,270.,16.));
#4331 = GEOMETRIC_CURVE_SET('',(#4332));
#4332 = TRIMMED_CURVE('',#4333,(#4337,PARAMETER_VALUE(0.)),(#4338,
    PARAMETER_VALUE(48.)),.T.,.PARAMETER.);
#4333 = LINE('',#4334,#4335);
#4334 = CARTESIAN_POINT('',(109.,270.,56.));
#4335 = VECTOR('',#4336,1.);
#4336 = DIRECTION('',(1.,0.,0.));
#4337 = CARTESIAN_POINT('',(109.,270.,56.));
#4338 = CARTESIAN_POINT('',(157.,270.,56.));
#4339 = GEOMETRIC_CURVE_SET('',(#4340));
#4340 = TRIMMED_CURVE('',#4341,(#4345,PARAMETER_VALUE(0.)),(#4346,
    PARAMETER_VALUE(31.)),.T.,.PARAMETER.);
#4341 = LINE('',#4342,#4343);
#4342 = CARTESIAN_POINT('',(29.,157.,64.));
#4343 = VECTOR('',#4344,1.);
#4344 = DIRECTION('',(0.,0.,1.));
#4345 = CARTESIAN_POINT('',(29.,157.,64.));
#4346 = CARTESIAN_POINT('',(29.,157.,95.));
#4347 = GEOMETRIC_CURVE_SET('',(#4348));
#4348 = TRIMMED_CURVE('',#4349,(#4353,PARAMETER_VALUE(0.)),(#4354,
    PARAMETER_VALUE(105.)),.T.,.PARAMETER.);
#4349 = LINE('',#4350,#4351);
#4350 = CARTESIAN_POINT('',(29.,157.,95.));
#4351 = VECTOR('',#4352,1.);
#4352 = DIRECTION('',(0.,1.,0.));
#4353 = CARTESIAN_POINT('',(29.,157.,95.));
#4354 = CARTESIAN_POINT('',(29.,262.,95.));
#4355 = GEOMETRIC_CURVE_SET('',(#4356));
#4356 = TRIMMED_CURVE('',#4357,(#4361,PARAMETER_VALUE(0.)),(#4362,
    PARAMETER_VALUE(31.)),.T.,.PARAMETER.);
#4357 = LINE('',#4358,#4359);
#4358 = CARTESIAN_POINT('',(29.,262.,64.));
#4359 = VECTOR('',#4360,1.);
#4360 = DIRECTION('',(0.,0.,1.));
#4361 = CARTESIAN_POINT('',(29.,262.,64.));
#4362 = CARTESIAN_POINT('',(29.,262.,95.));
#4363 = GEOMETRIC_CURVE_SET('',(#4364));
#4364 = TRIMMED_CURVE('',#4365,(#4369,PARAMETER_VALUE(0.)),(#4370,
    PARAMETER_VALUE(105.)),.T.,.PARAMETER.);
#4365 = LINE('',#4366,#4367);
#4366 = CARTESIAN_POINT('',(29.,157.,64.));
#4367 = VECTOR('',#4368,1.);
#4368 = DIRECTION('',(0.,1.,0.));
#4369 = CARTESIAN_POINT('',(29.,157.,64.));
#4370 = CARTESIAN_POINT('',(29.,262.,64.));
#4371 = GEOMETRIC_CURVE_SET('',(#4372));
#4372 = TRIMMED_CURVE('',#4373,(#4377,PARAMETER_VALUE(0.)),(#4378,
    PARAMETER_VALUE(31.)),.T.,.PARAMETER.);
#4373 = LINE('',#4374,#4375);
#4374 = CARTESIAN_POINT('',(182.,157.,64.));
#4375 = VECTOR('',#4376,1.);
#4376 = DIRECTION('',(0.,0.,1.));
#4377 = CARTESIAN_POINT('',(182.,157.,64.));
#4378 = CARTESIAN_POINT('',(182.,157.,95.));
#4379 = GEOMETRIC_CURVE_SET('',(#4380));
#4380 = TRIMMED_CURVE('',#4381,(#4385,PARAMETER_VALUE(0.)),(#4386,
    PARAMETER_VALUE(105.)),.T.,.PARAMETER.);
#4381 = LINE('',#4382,#4383);
#4382 = CARTESIAN_POINT('',(182.,157.,95.));
#4383 = VECTOR('',#4384,1.);
#4384 = DIRECTION('',(0.,1.,0.));
#4385 = CARTESIAN_POINT('',(182.,157.,95.));
#4386 = CARTESIAN_POINT('',(182.,262.,95.));
#4387 = GEOMETRIC_CURVE_SET('',(#4388));
#4388 = TRIMMED_CURVE('',#4389,(#4393,PARAMETER_VALUE(0.)),(#4394,
    PARAMETER_VALUE(31.)),.T.,.PARAMETER.);
#4389 = LINE('',#4390,#4391);
#4390 = CARTESIAN_POINT('',(182.,262.,64.));
#4391 = VECTOR('',#4392,1.);
#4392 = DIRECTION('',(0.,0.,1.));
#4393 = CARTESIAN_POINT('',(182.,262.,64.));
#4394 = CARTESIAN_POINT('',(182.,262.,95.));
#4395 = GEOMETRIC_CURVE_SET('',(#4396));
#4396 = TRIMMED_CURVE('',#4397,(#4401,PARAMETER_VALUE(0.)),(#4402,
    PARAMETER_VALUE(105.)),.T.,.PARAMETER.);
#4397 = LINE('',#4398,#4399);
#4398 = CARTESIAN_POINT('',(182.,157.,64.));
#4399 = VECTOR('',#4400,1.);
#4400 = DIRECTION('',(0.,1.,0.));
#4401 = CARTESIAN_POINT('',(182.,157.,64.));
#4402 = CARTESIAN_POINT('',(182.,262.,64.));
#4403 = GEOMETRIC_CURVE_SET('',(#4404));
#4404 = TRIMMED_CURVE('',#4405,(#4409,PARAMETER_VALUE(0.)),(#4410,
    PARAMETER_VALUE(153.)),.T.,.PARAMETER.);
#4405 = LINE('',#4406,#4407);
#4406 = CARTESIAN_POINT('',(29.,157.,64.));
#4407 = VECTOR('',#4408,1.);
#4408 = DIRECTION('',(1.,0.,0.));
#4409 = CARTESIAN_POINT('',(29.,157.,64.));
#4410 = CARTESIAN_POINT('',(182.,157.,64.));
#4411 = GEOMETRIC_CURVE_SET('',(#4412));
#4412 = TRIMMED_CURVE('',#4413,(#4417,PARAMETER_VALUE(0.)),(#4418,
    PARAMETER_VALUE(153.)),.T.,.PARAMETER.);
#4413 = LINE('',#4414,#4415);
#4414 = CARTESIAN_POINT('',(29.,157.,95.));
#4415 = VECTOR('',#4416,1.);
#4416 = DIRECTION('',(1.,0.,0.));
#4417 = CARTESIAN_POINT('',(29.,157.,95.));
#4418 = CARTESIAN_POINT('',(182.,157.,95.));
#4419 = GEOMETRIC_CURVE_SET('',(#4420));
#4420 = TRIMMED_CURVE('',#4421,(#4425,PARAMETER_VALUE(0.)),(#4426,
    PARAMETER_VALUE(153.)),.T.,.PARAMETER.);
#4421 = LINE('',#4422,#4423);
#4422 = CARTESIAN_POINT('',(29.,262.,64.));
#4423 = VECTOR('',#4424,1.);
#4424 = DIRECTION('',(1.,0.,0.));
#4425 = CARTESIAN_POINT('',(29.,262.,64.));
#4426 = CARTESIAN_POINT('',(182.,262.,64.));
#4427 = GEOMETRIC_CURVE_SET('',(#4428));
#4428 = TRIMMED_CURVE('',#4429,(#4433,PARAMETER_VALUE(0.)),(#4434,
    PARAMETER_VALUE(153.)),.T.,.PARAMETER.);
#4429 = LINE('',#4430,#4431);
#4430 = CARTESIAN_POINT('',(29.,262.,95.));
#4431 = VECTOR('',#4432,1.);
#4432 = DIRECTION('',(1.,0.,0.));
#4433 = CARTESIAN_POINT('',(29.,262.,95.));
#4434 = CARTESIAN_POINT('',(182.,262.,95.));
#4435 = GEOMETRIC_CURVE_SET('',(#4436));
#4436 = TRIMMED_CURVE('',#4437,(#4441,PARAMETER_VALUE(0.)),(#4442,
    PARAMETER_VALUE(38.)),.T.,.PARAMETER.);
#4437 = LINE('',#4438,#4439);
#4438 = CARTESIAN_POINT('',(33.,-60.,12.));
#4439 = VECTOR('',#4440,1.);
#4440 = DIRECTION('',(0.,0.,1.));
#4441 = CARTESIAN_POINT('',(33.,-60.,12.));
#4442 = CARTESIAN_POINT('',(33.,-60.,50.));
#4443 = GEOMETRIC_CURVE_SET('',(#4444));
#4444 = TRIMMED_CURVE('',#4445,(#4449,PARAMETER_VALUE(0.)),(#4450,
    PARAMETER_VALUE(60.)),.T.,.PARAMETER.);
#4445 = LINE('',#4446,#4447);
#4446 = CARTESIAN_POINT('',(33.,-60.,50.));
#4447 = VECTOR('',#4448,1.);
#4448 = DIRECTION('',(0.,1.,0.));
#4449 = CARTESIAN_POINT('',(33.,-60.,50.));
#4450 = CARTESIAN_POINT('',(33.,0.,50.));
#4451 = GEOMETRIC_CURVE_SET('',(#4452));
#4452 = TRIMMED_CURVE('',#4453,(#4457,PARAMETER_VALUE(0.)),(#4458,
    PARAMETER_VALUE(38.)),.T.,.PARAMETER.);
#4453 = LINE('',#4454,#4455);
#4454 = CARTESIAN_POINT('',(33.,0.,12.));
#4455 = VECTOR('',#4456,1.);
#4456 = DIRECTION('',(0.,0.,1.));
#4457 = CARTESIAN_POINT('',(33.,0.,12.));
#4458 = CARTESIAN_POINT('',(33.,0.,50.));
#4459 = GEOMETRIC_CURVE_SET('',(#4460));
#4460 = TRIMMED_CURVE('',#4461,(#4465,PARAMETER_VALUE(0.)),(#4466,
    PARAMETER_VALUE(60.)),.T.,.PARAMETER.);
#4461 = LINE('',#4462,#4463);
#4462 = CARTESIAN_POINT('',(33.,-60.,12.));
#4463 = VECTOR('',#4464,1.);
#4464 = DIRECTION('',(0.,1.,0.));
#4465 = CARTESIAN_POINT('',(33.,-60.,12.));
#4466 = CARTESIAN_POINT('',(33.,0.,12.));
#4467 = GEOMETRIC_CURVE_SET('',(#4468));
#4468 = TRIMMED_CURVE('',#4469,(#4473,PARAMETER_VALUE(0.)),(#4474,
    PARAMETER_VALUE(38.)),.T.,.PARAMETER.);
#4469 = LINE('',#4470,#4471);
#4470 = CARTESIAN_POINT('',(233.,-60.,12.));
#4471 = VECTOR('',#4472,1.);
#4472 = DIRECTION('',(0.,0.,1.));
#4473 = CARTESIAN_POINT('',(233.,-60.,12.));
#4474 = CARTESIAN_POINT('',(233.,-60.,50.));
#4475 = GEOMETRIC_CURVE_SET('',(#4476));
#4476 = TRIMMED_CURVE('',#4477,(#4481,PARAMETER_VALUE(0.)),(#4482,
    PARAMETER_VALUE(60.)),.T.,.PARAMETER.);
#4477 = LINE('',#4478,#4479);
#4478 = CARTESIAN_POINT('',(233.,-60.,50.));
#4479 = VECTOR('',#4480,1.);
#4480 = DIRECTION('',(0.,1.,0.));
#4481 = CARTESIAN_POINT('',(233.,-60.,50.));
#4482 = CARTESIAN_POINT('',(233.,0.,50.));
#4483 = GEOMETRIC_CURVE_SET('',(#4484));
#4484 = TRIMMED_CURVE('',#4485,(#4489,PARAMETER_VALUE(0.)),(#4490,
    PARAMETER_VALUE(38.)),.T.,.PARAMETER.);
#4485 = LINE('',#4486,#4487);
#4486 = CARTESIAN_POINT('',(233.,0.,12.));
#4487 = VECTOR('',#4488,1.);
#4488 = DIRECTION('',(0.,0.,1.));
#4489 = CARTESIAN_POINT('',(233.,0.,12.));
#4490 = CARTESIAN_POINT('',(233.,0.,50.));
#4491 = GEOMETRIC_CURVE_SET('',(#4492));
#4492 = TRIMMED_CURVE('',#4493,(#4497,PARAMETER_VALUE(0.)),(#4498,
    PARAMETER_VALUE(60.)),.T.,.PARAMETER.);
#4493 = LINE('',#4494,#4495);
#4494 = CARTESIAN_POINT('',(233.,-60.,12.));
#4495 = VECTOR('',#4496,1.);
#4496 = DIRECTION('',(0.,1.,0.));
#4497 = CARTESIAN_POINT('',(233.,-60.,12.));
#4498 = CARTESIAN_POINT('',(233.,0.,12.));
#4499 = GEOMETRIC_CURVE_SET('',(#4500));
#4500 = TRIMMED_CURVE('',#4501,(#4505,PARAMETER_VALUE(0.)),(#4506,
    PARAMETER_VALUE(200.)),.T.,.PARAMETER.);
#4501 = LINE('',#4502,#4503);
#4502 = CARTESIAN_POINT('',(33.,-60.,12.));
#4503 = VECTOR('',#4504,1.);
#4504 = DIRECTION('',(1.,0.,0.));
#4505 = CARTESIAN_POINT('',(33.,-60.,12.));
#4506 = CARTESIAN_POINT('',(233.,-60.,12.));
#4507 = GEOMETRIC_CURVE_SET('',(#4508));
#4508 = TRIMMED_CURVE('',#4509,(#4513,PARAMETER_VALUE(0.)),(#4514,
    PARAMETER_VALUE(200.)),.T.,.PARAMETER.);
#4509 = LINE('',#4510,#4511);
#4510 = CARTESIAN_POINT('',(33.,-60.,50.));
#4511 = VECTOR('',#4512,1.);
#4512 = DIRECTION('',(1.,0.,0.));
#4513 = CARTESIAN_POINT('',(33.,-60.,50.));
#4514 = CARTESIAN_POINT('',(233.,-60.,50.));
#4515 = GEOMETRIC_CURVE_SET('',(#4516));
#4516 = TRIMMED_CURVE('',#4517,(#4521,PARAMETER_VALUE(0.)),(#4522,
    PARAMETER_VALUE(200.)),.T.,.PARAMETER.);
#4517 = LINE('',#4518,#4519);
#4518 = CARTESIAN_POINT('',(33.,0.,12.));
#4519 = VECTOR('',#4520,1.);
#4520 = DIRECTION('',(1.,0.,0.));
#4521 = CARTESIAN_POINT('',(33.,0.,12.));
#4522 = CARTESIAN_POINT('',(233.,0.,12.));
#4523 = GEOMETRIC_CURVE_SET('',(#4524));
#4524 = TRIMMED_CURVE('',#4525,(#4529,PARAMETER_VALUE(0.)),(#4530,
    PARAMETER_VALUE(200.)),.T.,.PARAMETER.);
#4525 = LINE('',#4526,#4527);
#4526 = CARTESIAN_POINT('',(33.,0.,50.));
#4527 = VECTOR('',#4528,1.);
#4528 = DIRECTION('',(1.,0.,0.));
#4529 = CARTESIAN_POINT('',(33.,0.,50.));
#4530 = CARTESIAN_POINT('',(233.,0.,50.));
#4531 = GEOMETRIC_CURVE_SET('',(#4532));
#4532 = TRIMMED_CURVE('',#4533,(#4537,PARAMETER_VALUE(0.)),(#4538,
    PARAMETER_VALUE(8.)),.T.,.PARAMETER.);
#4533 = LINE('',#4534,#4535);
#4534 = CARTESIAN_POINT('',(109.,245.,56.));
#4535 = VECTOR('',#4536,1.);
#4536 = DIRECTION('',(0.,0.,1.));
#4537 = CARTESIAN_POINT('',(109.,245.,56.));
#4538 = CARTESIAN_POINT('',(109.,245.,64.));
#4539 = GEOMETRIC_CURVE_SET('',(#4540));
#4540 = TRIMMED_CURVE('',#4541,(#4545,PARAMETER_VALUE(0.)),(#4546,
    PARAMETER_VALUE(25.)),.T.,.PARAMETER.);
#4541 = LINE('',#4542,#4543);
#4542 = CARTESIAN_POINT('',(109.,245.,64.));
#4543 = VECTOR('',#4544,1.);
#4544 = DIRECTION('',(0.,1.,0.));
#4545 = CARTESIAN_POINT('',(109.,245.,64.));
#4546 = CARTESIAN_POINT('',(109.,270.,64.));
#4547 = GEOMETRIC_CURVE_SET('',(#4548));
#4548 = TRIMMED_CURVE('',#4549,(#4553,PARAMETER_VALUE(0.)),(#4554,
    PARAMETER_VALUE(8.)),.T.,.PARAMETER.);
#4549 = LINE('',#4550,#4551);
#4550 = CARTESIAN_POINT('',(109.,270.,56.));
#4551 = VECTOR('',#4552,1.);
#4552 = DIRECTION('',(0.,0.,1.));
#4553 = CARTESIAN_POINT('',(109.,270.,56.));
#4554 = CARTESIAN_POINT('',(109.,270.,64.));
#4555 = GEOMETRIC_CURVE_SET('',(#4556));
#4556 = TRIMMED_CURVE('',#4557,(#4561,PARAMETER_VALUE(0.)),(#4562,
    PARAMETER_VALUE(25.)),.T.,.PARAMETER.);
#4557 = LINE('',#4558,#4559);
#4558 = CARTESIAN_POINT('',(109.,245.,56.));
#4559 = VECTOR('',#4560,1.);
#4560 = DIRECTION('',(0.,1.,0.));
#4561 = CARTESIAN_POINT('',(109.,245.,56.));
#4562 = CARTESIAN_POINT('',(109.,270.,56.));
#4563 = GEOMETRIC_CURVE_SET('',(#4564));
#4564 = TRIMMED_CURVE('',#4565,(#4569,PARAMETER_VALUE(0.)),(#4570,
    PARAMETER_VALUE(8.)),.T.,.PARAMETER.);
#4565 = LINE('',#4566,#4567);
#4566 = CARTESIAN_POINT('',(157.,245.,56.));
#4567 = VECTOR('',#4568,1.);
#4568 = DIRECTION('',(0.,0.,1.));
#4569 = CARTESIAN_POINT('',(157.,245.,56.));
#4570 = CARTESIAN_POINT('',(157.,245.,64.));
#4571 = GEOMETRIC_CURVE_SET('',(#4572));
#4572 = TRIMMED_CURVE('',#4573,(#4577,PARAMETER_VALUE(0.)),(#4578,
    PARAMETER_VALUE(25.)),.T.,.PARAMETER.);
#4573 = LINE('',#4574,#4575);
#4574 = CARTESIAN_POINT('',(157.,245.,64.));
#4575 = VECTOR('',#4576,1.);
#4576 = DIRECTION('',(0.,1.,0.));
#4577 = CARTESIAN_POINT('',(157.,245.,64.));
#4578 = CARTESIAN_POINT('',(157.,270.,64.));
#4579 = GEOMETRIC_CURVE_SET('',(#4580));
#4580 = TRIMMED_CURVE('',#4581,(#4585,PARAMETER_VALUE(0.)),(#4586,
    PARAMETER_VALUE(8.)),.T.,.PARAMETER.);
#4581 = LINE('',#4582,#4583);
#4582 = CARTESIAN_POINT('',(157.,270.,56.));
#4583 = VECTOR('',#4584,1.);
#4584 = DIRECTION('',(0.,0.,1.));
#4585 = CARTESIAN_POINT('',(157.,270.,56.));
#4586 = CARTESIAN_POINT('',(157.,270.,64.));
#4587 = GEOMETRIC_CURVE_SET('',(#4588));
#4588 = TRIMMED_CURVE('',#4589,(#4593,PARAMETER_VALUE(0.)),(#4594,
    PARAMETER_VALUE(25.)),.T.,.PARAMETER.);
#4589 = LINE('',#4590,#4591);
#4590 = CARTESIAN_POINT('',(157.,245.,56.));
#4591 = VECTOR('',#4592,1.);
#4592 = DIRECTION('',(0.,1.,0.));
#4593 = CARTESIAN_POINT('',(157.,245.,56.));
#4594 = CARTESIAN_POINT('',(157.,270.,56.));
#4595 = GEOMETRIC_CURVE_SET('',(#4596));
#4596 = TRIMMED_CURVE('',#4597,(#4601,PARAMETER_VALUE(0.)),(#4602,
    PARAMETER_VALUE(48.)),.T.,.PARAMETER.);
#4597 = LINE('',#4598,#4599);
#4598 = CARTESIAN_POINT('',(109.,245.,56.));
#4599 = VECTOR('',#4600,1.);
#4600 = DIRECTION('',(1.,0.,0.));
#4601 = CARTESIAN_POINT('',(109.,245.,56.));
#4602 = CARTESIAN_POINT('',(157.,245.,56.));
#4603 = GEOMETRIC_CURVE_SET('',(#4604));
#4604 = TRIMMED_CURVE('',#4605,(#4609,PARAMETER_VALUE(0.)),(#4610,
    PARAMETER_VALUE(48.)),.T.,.PARAMETER.);
#4605 = LINE('',#4606,#4607);
#4606 = CARTESIAN_POINT('',(109.,245.,64.));
#4607 = VECTOR('',#4608,1.);
#4608 = DIRECTION('',(1.,0.,0.));
#4609 = CARTESIAN_POINT('',(109.,245.,64.));
#4610 = CARTESIAN_POINT('',(157.,245.,64.));
#4611 = GEOMETRIC_CURVE_SET('',(#4612));
#4612 = TRIMMED_CURVE('',#4613,(#4617,PARAMETER_VALUE(0.)),(#4618,
    PARAMETER_VALUE(48.)),.T.,.PARAMETER.);
#4613 = LINE('',#4614,#4615);
#4614 = CARTESIAN_POINT('',(109.,270.,56.));
#4615 = VECTOR('',#4616,1.);
#4616 = DIRECTION('',(1.,0.,0.));
#4617 = CARTESIAN_POINT('',(109.,270.,56.));
#4618 = CARTESIAN_POINT('',(157.,270.,56.));
#4619 = GEOMETRIC_CURVE_SET('',(#4620));
#4620 = TRIMMED_CURVE('',#4621,(#4625,PARAMETER_VALUE(0.)),(#4626,
    PARAMETER_VALUE(48.)),.T.,.PARAMETER.);
#4621 = LINE('',#4622,#4623);
#4622 = CARTESIAN_POINT('',(109.,270.,64.));
#4623 = VECTOR('',#4624,1.);
#4624 = DIRECTION('',(1.,0.,0.));
#4625 = CARTESIAN_POINT('',(109.,270.,64.));
#4626 = CARTESIAN_POINT('',(157.,270.,64.));
#4627 = GEOMETRIC_CURVE_SET('',(#4628));
#4628 = TRIMMED_CURVE('',#4629,(#4633,PARAMETER_VALUE(0.)),(#4634,
    PARAMETER_VALUE(29.)),.T.,.PARAMETER.);
#4629 = LINE('',#4630,#4631);
#4630 = CARTESIAN_POINT('',(180.,156.,27.));
#4631 = VECTOR('',#4632,1.);
#4632 = DIRECTION('',(0.,0.,1.));
#4633 = CARTESIAN_POINT('',(180.,156.,27.));
#4634 = CARTESIAN_POINT('',(180.,156.,56.));
#4635 = GEOMETRIC_CURVE_SET('',(#4636));
#4636 = TRIMMED_CURVE('',#4637,(#4641,PARAMETER_VALUE(0.)),(#4642,
    PARAMETER_VALUE(29.)),.T.,.PARAMETER.);
#4637 = LINE('',#4638,#4639);
#4638 = CARTESIAN_POINT('',(180.,156.,56.));
#4639 = VECTOR('',#4640,1.);
#4640 = DIRECTION('',(0.,1.,0.));
#4641 = CARTESIAN_POINT('',(180.,156.,56.));
#4642 = CARTESIAN_POINT('',(180.,185.,56.));
#4643 = GEOMETRIC_CURVE_SET('',(#4644));
#4644 = TRIMMED_CURVE('',#4645,(#4649,PARAMETER_VALUE(0.)),(#4650,
    PARAMETER_VALUE(29.)),.T.,.PARAMETER.);
#4645 = LINE('',#4646,#4647);
#4646 = CARTESIAN_POINT('',(180.,185.,27.));
#4647 = VECTOR('',#4648,1.);
#4648 = DIRECTION('',(0.,0.,1.));
#4649 = CARTESIAN_POINT('',(180.,185.,27.));
#4650 = CARTESIAN_POINT('',(180.,185.,56.));
#4651 = GEOMETRIC_CURVE_SET('',(#4652));
#4652 = TRIMMED_CURVE('',#4653,(#4657,PARAMETER_VALUE(0.)),(#4658,
    PARAMETER_VALUE(29.)),.T.,.PARAMETER.);
#4653 = LINE('',#4654,#4655);
#4654 = CARTESIAN_POINT('',(180.,156.,27.));
#4655 = VECTOR('',#4656,1.);
#4656 = DIRECTION('',(0.,1.,0.));
#4657 = CARTESIAN_POINT('',(180.,156.,27.));
#4658 = CARTESIAN_POINT('',(180.,185.,27.));
#4659 = GEOMETRIC_CURVE_SET('',(#4660));
#4660 = TRIMMED_CURVE('',#4661,(#4665,PARAMETER_VALUE(0.)),(#4666,
    PARAMETER_VALUE(29.)),.T.,.PARAMETER.);
#4661 = LINE('',#4662,#4663);
#4662 = CARTESIAN_POINT('',(246.,156.,27.));
#4663 = VECTOR('',#4664,1.);
#4664 = DIRECTION('',(0.,0.,1.));
#4665 = CARTESIAN_POINT('',(246.,156.,27.));
#4666 = CARTESIAN_POINT('',(246.,156.,56.));
#4667 = GEOMETRIC_CURVE_SET('',(#4668));
#4668 = TRIMMED_CURVE('',#4669,(#4673,PARAMETER_VALUE(0.)),(#4674,
    PARAMETER_VALUE(29.)),.T.,.PARAMETER.);
#4669 = LINE('',#4670,#4671);
#4670 = CARTESIAN_POINT('',(246.,156.,56.));
#4671 = VECTOR('',#4672,1.);
#4672 = DIRECTION('',(0.,1.,0.));
#4673 = CARTESIAN_POINT('',(246.,156.,56.));
#4674 = CARTESIAN_POINT('',(246.,185.,56.));
#4675 = GEOMETRIC_CURVE_SET('',(#4676));
#4676 = TRIMMED_CURVE('',#4677,(#4681,PARAMETER_VALUE(0.)),(#4682,
    PARAMETER_VALUE(29.)),.T.,.PARAMETER.);
#4677 = LINE('',#4678,#4679);
#4678 = CARTESIAN_POINT('',(246.,185.,27.));
#4679 = VECTOR('',#4680,1.);
#4680 = DIRECTION('',(0.,0.,1.));
#4681 = CARTESIAN_POINT('',(246.,185.,27.));
#4682 = CARTESIAN_POINT('',(246.,185.,56.));
#4683 = GEOMETRIC_CURVE_SET('',(#4684));
#4684 = TRIMMED_CURVE('',#4685,(#4689,PARAMETER_VALUE(0.)),(#4690,
    PARAMETER_VALUE(29.)),.T.,.PARAMETER.);
#4685 = LINE('',#4686,#4687);
#4686 = CARTESIAN_POINT('',(246.,156.,27.));
#4687 = VECTOR('',#4688,1.);
#4688 = DIRECTION('',(0.,1.,0.));
#4689 = CARTESIAN_POINT('',(246.,156.,27.));
#4690 = CARTESIAN_POINT('',(246.,185.,27.));
#4691 = GEOMETRIC_CURVE_SET('',(#4692));
#4692 = TRIMMED_CURVE('',#4693,(#4697,PARAMETER_VALUE(0.)),(#4698,
    PARAMETER_VALUE(66.)),.T.,.PARAMETER.);
#4693 = LINE('',#4694,#4695);
#4694 = CARTESIAN_POINT('',(180.,156.,27.));
#4695 = VECTOR('',#4696,1.);
#4696 = DIRECTION('',(1.,0.,0.));
#4697 = CARTESIAN_POINT('',(180.,156.,27.));
#4698 = CARTESIAN_POINT('',(246.,156.,27.));
#4699 = GEOMETRIC_CURVE_SET('',(#4700));
#4700 = TRIMMED_CURVE('',#4701,(#4705,PARAMETER_VALUE(0.)),(#4706,
    PARAMETER_VALUE(66.)),.T.,.PARAMETER.);
#4701 = LINE('',#4702,#4703);
#4702 = CARTESIAN_POINT('',(180.,156.,56.));
#4703 = VECTOR('',#4704,1.);
#4704 = DIRECTION('',(1.,0.,0.));
#4705 = CARTESIAN_POINT('',(180.,156.,56.));
#4706 = CARTESIAN_POINT('',(246.,156.,56.));
#4707 = GEOMETRIC_CURVE_SET('',(#4708));
#4708 = TRIMMED_CURVE('',#4709,(#4713,PARAMETER_VALUE(0.)),(#4714,
    PARAMETER_VALUE(66.)),.T.,.PARAMETER.);
#4709 = LINE('',#4710,#4711);
#4710 = CARTESIAN_POINT('',(180.,185.,27.));
#4711 = VECTOR('',#4712,1.);
#4712 = DIRECTION('',(1.,0.,0.));
#4713 = CARTESIAN_POINT('',(180.,185.,27.));
#4714 = CARTESIAN_POINT('',(246.,185.,27.));
#4715 = GEOMETRIC_CURVE_SET('',(#4716));
#4716 = TRIMMED_CURVE('',#4717,(#4721,PARAMETER_VALUE(0.)),(#4722,
    PARAMETER_VALUE(66.)),.T.,.PARAMETER.);
#4717 = LINE('',#4718,#4719);
#4718 = CARTESIAN_POINT('',(180.,185.,56.));
#4719 = VECTOR('',#4720,1.);
#4720 = DIRECTION('',(1.,0.,0.));
#4721 = CARTESIAN_POINT('',(180.,185.,56.));
#4722 = CARTESIAN_POINT('',(246.,185.,56.));
#4723 = GEOMETRIC_CURVE_SET('',(#4724));
#4724 = TRIMMED_CURVE('',#4725,(#4729,PARAMETER_VALUE(0.)),(#4730,
    PARAMETER_VALUE(24.)),.T.,.PARAMETER.);
#4725 = LINE('',#4726,#4727);
#4726 = CARTESIAN_POINT('',(2.,2.,2.));
#4727 = VECTOR('',#4728,1.);
#4728 = DIRECTION('',(0.,0.,1.));
#4729 = CARTESIAN_POINT('',(2.,2.,2.));
#4730 = CARTESIAN_POINT('',(2.,2.,26.));
#4731 = GEOMETRIC_CURVE_SET('',(#4732));
#4732 = TRIMMED_CURVE('',#4733,(#4737,PARAMETER_VALUE(0.)),(#4738,
    PARAMETER_VALUE(24.)),.T.,.PARAMETER.);
#4733 = LINE('',#4734,#4735);
#4734 = CARTESIAN_POINT('',(2.,2.,26.));
#4735 = VECTOR('',#4736,1.);
#4736 = DIRECTION('',(0.,1.,0.));
#4737 = CARTESIAN_POINT('',(2.,2.,26.));
#4738 = CARTESIAN_POINT('',(2.,26.,26.));
#4739 = GEOMETRIC_CURVE_SET('',(#4740));
#4740 = TRIMMED_CURVE('',#4741,(#4745,PARAMETER_VALUE(0.)),(#4746,
    PARAMETER_VALUE(24.)),.T.,.PARAMETER.);
#4741 = LINE('',#4742,#4743);
#4742 = CARTESIAN_POINT('',(2.,26.,2.));
#4743 = VECTOR('',#4744,1.);
#4744 = DIRECTION('',(0.,0.,1.));
#4745 = CARTESIAN_POINT('',(2.,26.,2.));
#4746 = CARTESIAN_POINT('',(2.,26.,26.));
#4747 = GEOMETRIC_CURVE_SET('',(#4748));
#4748 = TRIMMED_CURVE('',#4749,(#4753,PARAMETER_VALUE(0.)),(#4754,
    PARAMETER_VALUE(24.)),.T.,.PARAMETER.);
#4749 = LINE('',#4750,#4751);
#4750 = CARTESIAN_POINT('',(2.,2.,2.));
#4751 = VECTOR('',#4752,1.);
#4752 = DIRECTION('',(0.,1.,0.));
#4753 = CARTESIAN_POINT('',(2.,2.,2.));
#4754 = CARTESIAN_POINT('',(2.,26.,2.));
#4755 = GEOMETRIC_CURVE_SET('',(#4756));
#4756 = TRIMMED_CURVE('',#4757,(#4761,PARAMETER_VALUE(0.)),(#4762,
    PARAMETER_VALUE(24.)),.T.,.PARAMETER.);
#4757 = LINE('',#4758,#4759);
#4758 = CARTESIAN_POINT('',(18.,2.,2.));
#4759 = VECTOR('',#4760,1.);
#4760 = DIRECTION('',(0.,0.,1.));
#4761 = CARTESIAN_POINT('',(18.,2.,2.));
#4762 = CARTESIAN_POINT('',(18.,2.,26.));
#4763 = GEOMETRIC_CURVE_SET('',(#4764));
#4764 = TRIMMED_CURVE('',#4765,(#4769,PARAMETER_VALUE(0.)),(#4770,
    PARAMETER_VALUE(24.)),.T.,.PARAMETER.);
#4765 = LINE('',#4766,#4767);
#4766 = CARTESIAN_POINT('',(18.,2.,26.));
#4767 = VECTOR('',#4768,1.);
#4768 = DIRECTION('',(0.,1.,0.));
#4769 = CARTESIAN_POINT('',(18.,2.,26.));
#4770 = CARTESIAN_POINT('',(18.,26.,26.));
#4771 = GEOMETRIC_CURVE_SET('',(#4772));
#4772 = TRIMMED_CURVE('',#4773,(#4777,PARAMETER_VALUE(0.)),(#4778,
    PARAMETER_VALUE(24.)),.T.,.PARAMETER.);
#4773 = LINE('',#4774,#4775);
#4774 = CARTESIAN_POINT('',(18.,26.,2.));
#4775 = VECTOR('',#4776,1.);
#4776 = DIRECTION('',(0.,0.,1.));
#4777 = CARTESIAN_POINT('',(18.,26.,2.));
#4778 = CARTESIAN_POINT('',(18.,26.,26.));
#4779 = GEOMETRIC_CURVE_SET('',(#4780));
#4780 = TRIMMED_CURVE('',#4781,(#4785,PARAMETER_VALUE(0.)),(#4786,
    PARAMETER_VALUE(24.)),.T.,.PARAMETER.);
#4781 = LINE('',#4782,#4783);
#4782 = CARTESIAN_POINT('',(18.,2.,2.));
#4783 = VECTOR('',#4784,1.);
#4784 = DIRECTION('',(0.,1.,0.));
#4785 = CARTESIAN_POINT('',(18.,2.,2.));
#4786 = CARTESIAN_POINT('',(18.,26.,2.));
#4787 = GEOMETRIC_CURVE_SET('',(#4788));
#4788 = TRIMMED_CURVE('',#4789,(#4793,PARAMETER_VALUE(0.)),(#4794,
    PARAMETER_VALUE(16.)),.T.,.PARAMETER.);
#4789 = LINE('',#4790,#4791);
#4790 = CARTESIAN_POINT('',(2.,2.,2.));
#4791 = VECTOR('',#4792,1.);
#4792 = DIRECTION('',(1.,0.,0.));
#4793 = CARTESIAN_POINT('',(2.,2.,2.));
#4794 = CARTESIAN_POINT('',(18.,2.,2.));
#4795 = GEOMETRIC_CURVE_SET('',(#4796));
#4796 = TRIMMED_CURVE('',#4797,(#4801,PARAMETER_VALUE(0.)),(#4802,
    PARAMETER_VALUE(16.)),.T.,.PARAMETER.);
#4797 = LINE('',#4798,#4799);
#4798 = CARTESIAN_POINT('',(2.,2.,26.));
#4799 = VECTOR('',#4800,1.);
#4800 = DIRECTION('',(1.,0.,0.));
#4801 = CARTESIAN_POINT('',(2.,2.,26.));
#4802 = CARTESIAN_POINT('',(18.,2.,26.));
#4803 = GEOMETRIC_CURVE_SET('',(#4804));
#4804 = TRIMMED_CURVE('',#4805,(#4809,PARAMETER_VALUE(0.)),(#4810,
    PARAMETER_VALUE(16.)),.T.,.PARAMETER.);
#4805 = LINE('',#4806,#4807);
#4806 = CARTESIAN_POINT('',(2.,26.,2.));
#4807 = VECTOR('',#4808,1.);
#4808 = DIRECTION('',(1.,0.,0.));
#4809 = CARTESIAN_POINT('',(2.,26.,2.));
#4810 = CARTESIAN_POINT('',(18.,26.,2.));
#4811 = GEOMETRIC_CURVE_SET('',(#4812));
#4812 = TRIMMED_CURVE('',#4813,(#4817,PARAMETER_VALUE(0.)),(#4818,
    PARAMETER_VALUE(16.)),.T.,.PARAMETER.);
#4813 = LINE('',#4814,#4815);
#4814 = CARTESIAN_POINT('',(2.,26.,26.));
#4815 = VECTOR('',#4816,1.);
#4816 = DIRECTION('',(1.,0.,0.));
#4817 = CARTESIAN_POINT('',(2.,26.,26.));
#4818 = CARTESIAN_POINT('',(18.,26.,26.));
#4819 = GEOMETRIC_CURVE_SET('',(#4820));
#4820 = TRIMMED_CURVE('',#4821,(#4825,PARAMETER_VALUE(0.)),(#4826,
    PARAMETER_VALUE(24.)),.T.,.PARAMETER.);
#4821 = LINE('',#4822,#4823);
#4822 = CARTESIAN_POINT('',(257.,2.,2.));
#4823 = VECTOR('',#4824,1.);
#4824 = DIRECTION('',(0.,0.,1.));
#4825 = CARTESIAN_POINT('',(257.,2.,2.));
#4826 = CARTESIAN_POINT('',(257.,2.,26.));
#4827 = GEOMETRIC_CURVE_SET('',(#4828));
#4828 = TRIMMED_CURVE('',#4829,(#4833,PARAMETER_VALUE(0.)),(#4834,
    PARAMETER_VALUE(24.)),.T.,.PARAMETER.);
#4829 = LINE('',#4830,#4831);
#4830 = CARTESIAN_POINT('',(257.,2.,26.));
#4831 = VECTOR('',#4832,1.);
#4832 = DIRECTION('',(0.,1.,0.));
#4833 = CARTESIAN_POINT('',(257.,2.,26.));
#4834 = CARTESIAN_POINT('',(257.,26.,26.));
#4835 = GEOMETRIC_CURVE_SET('',(#4836));
#4836 = TRIMMED_CURVE('',#4837,(#4841,PARAMETER_VALUE(0.)),(#4842,
    PARAMETER_VALUE(24.)),.T.,.PARAMETER.);
#4837 = LINE('',#4838,#4839);
#4838 = CARTESIAN_POINT('',(257.,26.,2.));
#4839 = VECTOR('',#4840,1.);
#4840 = DIRECTION('',(0.,0.,1.));
#4841 = CARTESIAN_POINT('',(257.,26.,2.));
#4842 = CARTESIAN_POINT('',(257.,26.,26.));
#4843 = GEOMETRIC_CURVE_SET('',(#4844));
#4844 = TRIMMED_CURVE('',#4845,(#4849,PARAMETER_VALUE(0.)),(#4850,
    PARAMETER_VALUE(24.)),.T.,.PARAMETER.);
#4845 = LINE('',#4846,#4847);
#4846 = CARTESIAN_POINT('',(257.,2.,2.));
#4847 = VECTOR('',#4848,1.);
#4848 = DIRECTION('',(0.,1.,0.));
#4849 = CARTESIAN_POINT('',(257.,2.,2.));
#4850 = CARTESIAN_POINT('',(257.,26.,2.));
#4851 = GEOMETRIC_CURVE_SET('',(#4852));
#4852 = TRIMMED_CURVE('',#4853,(#4857,PARAMETER_VALUE(0.)),(#4858,
    PARAMETER_VALUE(24.)),.T.,.PARAMETER.);
#4853 = LINE('',#4854,#4855);
#4854 = CARTESIAN_POINT('',(273.,2.,2.));
#4855 = VECTOR('',#4856,1.);
#4856 = DIRECTION('',(0.,0.,1.));
#4857 = CARTESIAN_POINT('',(273.,2.,2.));
#4858 = CARTESIAN_POINT('',(273.,2.,26.));
#4859 = GEOMETRIC_CURVE_SET('',(#4860));
#4860 = TRIMMED_CURVE('',#4861,(#4865,PARAMETER_VALUE(0.)),(#4866,
    PARAMETER_VALUE(24.)),.T.,.PARAMETER.);
#4861 = LINE('',#4862,#4863);
#4862 = CARTESIAN_POINT('',(273.,2.,26.));
#4863 = VECTOR('',#4864,1.);
#4864 = DIRECTION('',(0.,1.,0.));
#4865 = CARTESIAN_POINT('',(273.,2.,26.));
#4866 = CARTESIAN_POINT('',(273.,26.,26.));
#4867 = GEOMETRIC_CURVE_SET('',(#4868));
#4868 = TRIMMED_CURVE('',#4869,(#4873,PARAMETER_VALUE(0.)),(#4874,
    PARAMETER_VALUE(24.)),.T.,.PARAMETER.);
#4869 = LINE('',#4870,#4871);
#4870 = CARTESIAN_POINT('',(273.,26.,2.));
#4871 = VECTOR('',#4872,1.);
#4872 = DIRECTION('',(0.,0.,1.));
#4873 = CARTESIAN_POINT('',(273.,26.,2.));
#4874 = CARTESIAN_POINT('',(273.,26.,26.));
#4875 = GEOMETRIC_CURVE_SET('',(#4876));
#4876 = TRIMMED_CURVE('',#4877,(#4881,PARAMETER_VALUE(0.)),(#4882,
    PARAMETER_VALUE(24.)),.T.,.PARAMETER.);
#4877 = LINE('',#4878,#4879);
#4878 = CARTESIAN_POINT('',(273.,2.,2.));
#4879 = VECTOR('',#4880,1.);
#4880 = DIRECTION('',(0.,1.,0.));
#4881 = CARTESIAN_POINT('',(273.,2.,2.));
#4882 = CARTESIAN_POINT('',(273.,26.,2.));
#4883 = GEOMETRIC_CURVE_SET('',(#4884));
#4884 = TRIMMED_CURVE('',#4885,(#4889,PARAMETER_VALUE(0.)),(#4890,
    PARAMETER_VALUE(16.)),.T.,.PARAMETER.);
#4885 = LINE('',#4886,#4887);
#4886 = CARTESIAN_POINT('',(257.,2.,2.));
#4887 = VECTOR('',#4888,1.);
#4888 = DIRECTION('',(1.,0.,0.));
#4889 = CARTESIAN_POINT('',(257.,2.,2.));
#4890 = CARTESIAN_POINT('',(273.,2.,2.));
#4891 = GEOMETRIC_CURVE_SET('',(#4892));
#4892 = TRIMMED_CURVE('',#4893,(#4897,PARAMETER_VALUE(0.)),(#4898,
    PARAMETER_VALUE(16.)),.T.,.PARAMETER.);
#4893 = LINE('',#4894,#4895);
#4894 = CARTESIAN_POINT('',(257.,2.,26.));
#4895 = VECTOR('',#4896,1.);
#4896 = DIRECTION('',(1.,0.,0.));
#4897 = CARTESIAN_POINT('',(257.,2.,26.));
#4898 = CARTESIAN_POINT('',(273.,2.,26.));
#4899 = GEOMETRIC_CURVE_SET('',(#4900));
#4900 = TRIMMED_CURVE('',#4901,(#4905,PARAMETER_VALUE(0.)),(#4906,
    PARAMETER_VALUE(16.)),.T.,.PARAMETER.);
#4901 = LINE('',#4902,#4903);
#4902 = CARTESIAN_POINT('',(257.,26.,2.));
#4903 = VECTOR('',#4904,1.);
#4904 = DIRECTION('',(1.,0.,0.));
#4905 = CARTESIAN_POINT('',(257.,26.,2.));
#4906 = CARTESIAN_POINT('',(273.,26.,2.));
#4907 = GEOMETRIC_CURVE_SET('',(#4908));
#4908 = TRIMMED_CURVE('',#4909,(#4913,PARAMETER_VALUE(0.)),(#4914,
    PARAMETER_VALUE(16.)),.T.,.PARAMETER.);
#4909 = LINE('',#4910,#4911);
#4910 = CARTESIAN_POINT('',(257.,26.,26.));
#4911 = VECTOR('',#4912,1.);
#4912 = DIRECTION('',(1.,0.,0.));
#4913 = CARTESIAN_POINT('',(257.,26.,26.));
#4914 = CARTESIAN_POINT('',(273.,26.,26.));
#4915 = GEOMETRIC_CURVE_SET('',(#4916));
#4916 = TRIMMED_CURVE('',#4917,(#4921,PARAMETER_VALUE(0.)),(#4922,
    PARAMETER_VALUE(27.)),.T.,.PARAMETER.);
#4917 = LINE('',#4918,#4919);
#4918 = CARTESIAN_POINT('',(4.,160.,58.));
#4919 = VECTOR('',#4920,1.);
#4920 = DIRECTION('',(0.,0.,1.));
#4921 = CARTESIAN_POINT('',(4.,160.,58.));
#4922 = CARTESIAN_POINT('',(4.,160.,85.));
#4923 = GEOMETRIC_CURVE_SET('',(#4924));
#4924 = TRIMMED_CURVE('',#4925,(#4929,PARAMETER_VALUE(0.)),(#4930,
    PARAMETER_VALUE(50.)),.T.,.PARAMETER.);
#4925 = LINE('',#4926,#4927);
#4926 = CARTESIAN_POINT('',(4.,160.,85.));
#4927 = VECTOR('',#4928,1.);
#4928 = DIRECTION('',(0.,1.,0.));
#4929 = CARTESIAN_POINT('',(4.,160.,85.));
#4930 = CARTESIAN_POINT('',(4.,210.,85.));
#4931 = GEOMETRIC_CURVE_SET('',(#4932));
#4932 = TRIMMED_CURVE('',#4933,(#4937,PARAMETER_VALUE(0.)),(#4938,
    PARAMETER_VALUE(27.)),.T.,.PARAMETER.);
#4933 = LINE('',#4934,#4935);
#4934 = CARTESIAN_POINT('',(4.,210.,58.));
#4935 = VECTOR('',#4936,1.);
#4936 = DIRECTION('',(0.,0.,1.));
#4937 = CARTESIAN_POINT('',(4.,210.,58.));
#4938 = CARTESIAN_POINT('',(4.,210.,85.));
#4939 = GEOMETRIC_CURVE_SET('',(#4940));
#4940 = TRIMMED_CURVE('',#4941,(#4945,PARAMETER_VALUE(0.)),(#4946,
    PARAMETER_VALUE(50.)),.T.,.PARAMETER.);
#4941 = LINE('',#4942,#4943);
#4942 = CARTESIAN_POINT('',(4.,160.,58.));
#4943 = VECTOR('',#4944,1.);
#4944 = DIRECTION('',(0.,1.,0.));
#4945 = CARTESIAN_POINT('',(4.,160.,58.));
#4946 = CARTESIAN_POINT('',(4.,210.,58.));
#4947 = GEOMETRIC_CURVE_SET('',(#4948));
#4948 = TRIMMED_CURVE('',#4949,(#4953,PARAMETER_VALUE(0.)),(#4954,
    PARAMETER_VALUE(27.)),.T.,.PARAMETER.);
#4949 = LINE('',#4950,#4951);
#4950 = CARTESIAN_POINT('',(22.,160.,58.));
#4951 = VECTOR('',#4952,1.);
#4952 = DIRECTION('',(0.,0.,1.));
#4953 = CARTESIAN_POINT('',(22.,160.,58.));
#4954 = CARTESIAN_POINT('',(22.,160.,85.));
#4955 = GEOMETRIC_CURVE_SET('',(#4956));
#4956 = TRIMMED_CURVE('',#4957,(#4961,PARAMETER_VALUE(0.)),(#4962,
    PARAMETER_VALUE(50.)),.T.,.PARAMETER.);
#4957 = LINE('',#4958,#4959);
#4958 = CARTESIAN_POINT('',(22.,160.,85.));
#4959 = VECTOR('',#4960,1.);
#4960 = DIRECTION('',(0.,1.,0.));
#4961 = CARTESIAN_POINT('',(22.,160.,85.));
#4962 = CARTESIAN_POINT('',(22.,210.,85.));
#4963 = GEOMETRIC_CURVE_SET('',(#4964));
#4964 = TRIMMED_CURVE('',#4965,(#4969,PARAMETER_VALUE(0.)),(#4970,
    PARAMETER_VALUE(27.)),.T.,.PARAMETER.);
#4965 = LINE('',#4966,#4967);
#4966 = CARTESIAN_POINT('',(22.,210.,58.));
#4967 = VECTOR('',#4968,1.);
#4968 = DIRECTION('',(0.,0.,1.));
#4969 = CARTESIAN_POINT('',(22.,210.,58.));
#4970 = CARTESIAN_POINT('',(22.,210.,85.));
#4971 = GEOMETRIC_CURVE_SET('',(#4972));
#4972 = TRIMMED_CURVE('',#4973,(#4977,PARAMETER_VALUE(0.)),(#4978,
    PARAMETER_VALUE(50.)),.T.,.PARAMETER.);
#4973 = LINE('',#4974,#4975);
#4974 = CARTESIAN_POINT('',(22.,160.,58.));
#4975 = VECTOR('',#4976,1.);
#4976 = DIRECTION('',(0.,1.,0.));
#4977 = CARTESIAN_POINT('',(22.,160.,58.));
#4978 = CARTESIAN_POINT('',(22.,210.,58.));
#4979 = GEOMETRIC_CURVE_SET('',(#4980));
#4980 = TRIMMED_CURVE('',#4981,(#4985,PARAMETER_VALUE(0.)),(#4986,
    PARAMETER_VALUE(18.)),.T.,.PARAMETER.);
#4981 = LINE('',#4982,#4983);
#4982 = CARTESIAN_POINT('',(4.,160.,58.));
#4983 = VECTOR('',#4984,1.);
#4984 = DIRECTION('',(1.,0.,0.));
#4985 = CARTESIAN_POINT('',(4.,160.,58.));
#4986 = CARTESIAN_POINT('',(22.,160.,58.));
#4987 = GEOMETRIC_CURVE_SET('',(#4988));
#4988 = TRIMMED_CURVE('',#4989,(#4993,PARAMETER_VALUE(0.)),(#4994,
    PARAMETER_VALUE(18.)),.T.,.PARAMETER.);
#4989 = LINE('',#4990,#4991);
#4990 = CARTESIAN_POINT('',(4.,160.,85.));
#4991 = VECTOR('',#4992,1.);
#4992 = DIRECTION('',(1.,0.,0.));
#4993 = CARTESIAN_POINT('',(4.,160.,85.));
#4994 = CARTESIAN_POINT('',(22.,160.,85.));
#4995 = GEOMETRIC_CURVE_SET('',(#4996));
#4996 = TRIMMED_CURVE('',#4997,(#5001,PARAMETER_VALUE(0.)),(#5002,
    PARAMETER_VALUE(18.)),.T.,.PARAMETER.);
#4997 = LINE('',#4998,#4999);
#4998 = CARTESIAN_POINT('',(4.,210.,58.));
#4999 = VECTOR('',#5000,1.);
#5000 = DIRECTION('',(1.,0.,0.));
#5001 = CARTESIAN_POINT('',(4.,210.,58.));
#5002 = CARTESIAN_POINT('',(22.,210.,58.));
#5003 = GEOMETRIC_CURVE_SET('',(#5004));
#5004 = TRIMMED_CURVE('',#5005,(#5009,PARAMETER_VALUE(0.)),(#5010,
    PARAMETER_VALUE(18.)),.T.,.PARAMETER.);
#5005 = LINE('',#5006,#5007);
#5006 = CARTESIAN_POINT('',(4.,210.,85.));
#5007 = VECTOR('',#5008,1.);
#5008 = DIRECTION('',(1.,0.,0.));
#5009 = CARTESIAN_POINT('',(4.,210.,85.));
#5010 = CARTESIAN_POINT('',(22.,210.,85.));
#5011 = GEOMETRIC_CURVE_SET('',(#5012));
#5012 = TRIMMED_CURVE('',#5013,(#5017,PARAMETER_VALUE(0.)),(#5018,
    PARAMETER_VALUE(32.)),.T.,.PARAMETER.);
#5013 = LINE('',#5014,#5015);
#5014 = CARTESIAN_POINT('',(193.,88.,122.5));
#5015 = VECTOR('',#5016,1.);
#5016 = DIRECTION('',(0.,0.,1.));
#5017 = CARTESIAN_POINT('',(193.,88.,122.5));
#5018 = CARTESIAN_POINT('',(193.,88.,154.5));
#5019 = GEOMETRIC_CURVE_SET('',(#5020));
#5020 = TRIMMED_CURVE('',#5021,(#5025,PARAMETER_VALUE(0.)),(#5026,
    PARAMETER_VALUE(35.)),.T.,.PARAMETER.);
#5021 = LINE('',#5022,#5023);
#5022 = CARTESIAN_POINT('',(193.,88.,154.5));
#5023 = VECTOR('',#5024,1.);
#5024 = DIRECTION('',(0.,1.,0.));
#5025 = CARTESIAN_POINT('',(193.,88.,154.5));
#5026 = CARTESIAN_POINT('',(193.,123.,154.5));
#5027 = GEOMETRIC_CURVE_SET('',(#5028));
#5028 = TRIMMED_CURVE('',#5029,(#5033,PARAMETER_VALUE(0.)),(#5034,
    PARAMETER_VALUE(32.)),.T.,.PARAMETER.);
#5029 = LINE('',#5030,#5031);
#5030 = CARTESIAN_POINT('',(193.,123.,122.5));
#5031 = VECTOR('',#5032,1.);
#5032 = DIRECTION('',(0.,0.,1.));
#5033 = CARTESIAN_POINT('',(193.,123.,122.5));
#5034 = CARTESIAN_POINT('',(193.,123.,154.5));
#5035 = GEOMETRIC_CURVE_SET('',(#5036));
#5036 = TRIMMED_CURVE('',#5037,(#5041,PARAMETER_VALUE(0.)),(#5042,
    PARAMETER_VALUE(35.)),.T.,.PARAMETER.);
#5037 = LINE('',#5038,#5039);
#5038 = CARTESIAN_POINT('',(193.,88.,122.5));
#5039 = VECTOR('',#5040,1.);
#5040 = DIRECTION('',(0.,1.,0.));
#5041 = CARTESIAN_POINT('',(193.,88.,122.5));
#5042 = CARTESIAN_POINT('',(193.,123.,122.5));
#5043 = GEOMETRIC_CURVE_SET('',(#5044));
#5044 = TRIMMED_CURVE('',#5045,(#5049,PARAMETER_VALUE(0.)),(#5050,
    PARAMETER_VALUE(32.)),.T.,.PARAMETER.);
#5045 = LINE('',#5046,#5047);
#5046 = CARTESIAN_POINT('',(271.,88.,122.5));
#5047 = VECTOR('',#5048,1.);
#5048 = DIRECTION('',(0.,0.,1.));
#5049 = CARTESIAN_POINT('',(271.,88.,122.5));
#5050 = CARTESIAN_POINT('',(271.,88.,154.5));
#5051 = GEOMETRIC_CURVE_SET('',(#5052));
#5052 = TRIMMED_CURVE('',#5053,(#5057,PARAMETER_VALUE(0.)),(#5058,
    PARAMETER_VALUE(35.)),.T.,.PARAMETER.);
#5053 = LINE('',#5054,#5055);
#5054 = CARTESIAN_POINT('',(271.,88.,154.5));
#5055 = VECTOR('',#5056,1.);
#5056 = DIRECTION('',(0.,1.,0.));
#5057 = CARTESIAN_POINT('',(271.,88.,154.5));
#5058 = CARTESIAN_POINT('',(271.,123.,154.5));
#5059 = GEOMETRIC_CURVE_SET('',(#5060));
#5060 = TRIMMED_CURVE('',#5061,(#5065,PARAMETER_VALUE(0.)),(#5066,
    PARAMETER_VALUE(32.)),.T.,.PARAMETER.);
#5061 = LINE('',#5062,#5063);
#5062 = CARTESIAN_POINT('',(271.,123.,122.5));
#5063 = VECTOR('',#5064,1.);
#5064 = DIRECTION('',(0.,0.,1.));
#5065 = CARTESIAN_POINT('',(271.,123.,122.5));
#5066 = CARTESIAN_POINT('',(271.,123.,154.5));
#5067 = GEOMETRIC_CURVE_SET('',(#5068));
#5068 = TRIMMED_CURVE('',#5069,(#5073,PARAMETER_VALUE(0.)),(#5074,
    PARAMETER_VALUE(35.)),.T.,.PARAMETER.);
#5069 = LINE('',#5070,#5071);
#5070 = CARTESIAN_POINT('',(271.,88.,122.5));
#5071 = VECTOR('',#5072,1.);
#5072 = DIRECTION('',(0.,1.,0.));
#5073 = CARTESIAN_POINT('',(271.,88.,122.5));
#5074 = CARTESIAN_POINT('',(271.,123.,122.5));
#5075 = GEOMETRIC_CURVE_SET('',(#5076));
#5076 = TRIMMED_CURVE('',#5077,(#5081,PARAMETER_VALUE(0.)),(#5082,
    PARAMETER_VALUE(78.)),.T.,.PARAMETER.);
#5077 = LINE('',#5078,#5079);
#5078 = CARTESIAN_POINT('',(193.,88.,122.5));
#5079 = VECTOR('',#5080,1.);
#5080 = DIRECTION('',(1.,0.,0.));
#5081 = CARTESIAN_POINT('',(193.,88.,122.5));
#5082 = CARTESIAN_POINT('',(271.,88.,122.5));
#5083 = GEOMETRIC_CURVE_SET('',(#5084));
#5084 = TRIMMED_CURVE('',#5085,(#5089,PARAMETER_VALUE(0.)),(#5090,
    PARAMETER_VALUE(78.)),.T.,.PARAMETER.);
#5085 = LINE('',#5086,#5087);
#5086 = CARTESIAN_POINT('',(193.,88.,154.5));
#5087 = VECTOR('',#5088,1.);
#5088 = DIRECTION('',(1.,0.,0.));
#5089 = CARTESIAN_POINT('',(193.,88.,154.5));
#5090 = CARTESIAN_POINT('',(271.,88.,154.5));
#5091 = GEOMETRIC_CURVE_SET('',(#5092));
#5092 = TRIMMED_CURVE('',#5093,(#5097,PARAMETER_VALUE(0.)),(#5098,
    PARAMETER_VALUE(78.)),.T.,.PARAMETER.);
#5093 = LINE('',#5094,#5095);
#5094 = CARTESIAN_POINT('',(193.,123.,122.5));
#5095 = VECTOR('',#5096,1.);
#5096 = DIRECTION('',(1.,0.,0.));
#5097 = CARTESIAN_POINT('',(193.,123.,122.5));
#5098 = CARTESIAN_POINT('',(271.,123.,122.5));
#5099 = GEOMETRIC_CURVE_SET('',(#5100));
#5100 = TRIMMED_CURVE('',#5101,(#5105,PARAMETER_VALUE(0.)),(#5106,
    PARAMETER_VALUE(78.)),.T.,.PARAMETER.);
#5101 = LINE('',#5102,#5103);
#5102 = CARTESIAN_POINT('',(193.,123.,154.5));
#5103 = VECTOR('',#5104,1.);
#5104 = DIRECTION('',(1.,0.,0.));
#5105 = CARTESIAN_POINT('',(193.,123.,154.5));
#5106 = CARTESIAN_POINT('',(271.,123.,154.5));
#5107 = GEOMETRIC_CURVE_SET('',(#5108));
#5108 = TRIMMED_CURVE('',#5109,(#5113,PARAMETER_VALUE(0.)),(#5114,
    PARAMETER_VALUE(12.)),.T.,.PARAMETER.);
#5109 = LINE('',#5110,#5111);
#5110 = CARTESIAN_POINT('',(2.,6.,66.));
#5111 = VECTOR('',#5112,1.);
#5112 = DIRECTION('',(0.,0.,1.));
#5113 = CARTESIAN_POINT('',(2.,6.,66.));
#5114 = CARTESIAN_POINT('',(2.,6.,78.));
#5115 = GEOMETRIC_CURVE_SET('',(#5116));
#5116 = TRIMMED_CURVE('',#5117,(#5121,PARAMETER_VALUE(0.)),(#5122,
    PARAMETER_VALUE(18.)),.T.,.PARAMETER.);
#5117 = LINE('',#5118,#5119);
#5118 = CARTESIAN_POINT('',(2.,6.,78.));
#5119 = VECTOR('',#5120,1.);
#5120 = DIRECTION('',(0.,1.,0.));
#5121 = CARTESIAN_POINT('',(2.,6.,78.));
#5122 = CARTESIAN_POINT('',(2.,24.,78.));
#5123 = GEOMETRIC_CURVE_SET('',(#5124));
#5124 = TRIMMED_CURVE('',#5125,(#5129,PARAMETER_VALUE(0.)),(#5130,
    PARAMETER_VALUE(12.)),.T.,.PARAMETER.);
#5125 = LINE('',#5126,#5127);
#5126 = CARTESIAN_POINT('',(2.,24.,66.));
#5127 = VECTOR('',#5128,1.);
#5128 = DIRECTION('',(0.,0.,1.));
#5129 = CARTESIAN_POINT('',(2.,24.,66.));
#5130 = CARTESIAN_POINT('',(2.,24.,78.));
#5131 = GEOMETRIC_CURVE_SET('',(#5132));
#5132 = TRIMMED_CURVE('',#5133,(#5137,PARAMETER_VALUE(0.)),(#5138,
    PARAMETER_VALUE(18.)),.T.,.PARAMETER.);
#5133 = LINE('',#5134,#5135);
#5134 = CARTESIAN_POINT('',(2.,6.,66.));
#5135 = VECTOR('',#5136,1.);
#5136 = DIRECTION('',(0.,1.,0.));
#5137 = CARTESIAN_POINT('',(2.,6.,66.));
#5138 = CARTESIAN_POINT('',(2.,24.,66.));
#5139 = GEOMETRIC_CURVE_SET('',(#5140));
#5140 = TRIMMED_CURVE('',#5141,(#5145,PARAMETER_VALUE(0.)),(#5146,
    PARAMETER_VALUE(12.)),.T.,.PARAMETER.);
#5141 = LINE('',#5142,#5143);
#5142 = CARTESIAN_POINT('',(15.,6.,66.));
#5143 = VECTOR('',#5144,1.);
#5144 = DIRECTION('',(0.,0.,1.));
#5145 = CARTESIAN_POINT('',(15.,6.,66.));
#5146 = CARTESIAN_POINT('',(15.,6.,78.));
#5147 = GEOMETRIC_CURVE_SET('',(#5148));
#5148 = TRIMMED_CURVE('',#5149,(#5153,PARAMETER_VALUE(0.)),(#5154,
    PARAMETER_VALUE(18.)),.T.,.PARAMETER.);
#5149 = LINE('',#5150,#5151);
#5150 = CARTESIAN_POINT('',(15.,6.,78.));
#5151 = VECTOR('',#5152,1.);
#5152 = DIRECTION('',(0.,1.,0.));
#5153 = CARTESIAN_POINT('',(15.,6.,78.));
#5154 = CARTESIAN_POINT('',(15.,24.,78.));
#5155 = GEOMETRIC_CURVE_SET('',(#5156));
#5156 = TRIMMED_CURVE('',#5157,(#5161,PARAMETER_VALUE(0.)),(#5162,
    PARAMETER_VALUE(12.)),.T.,.PARAMETER.);
#5157 = LINE('',#5158,#5159);
#5158 = CARTESIAN_POINT('',(15.,24.,66.));
#5159 = VECTOR('',#5160,1.);
#5160 = DIRECTION('',(0.,0.,1.));
#5161 = CARTESIAN_POINT('',(15.,24.,66.));
#5162 = CARTESIAN_POINT('',(15.,24.,78.));
#5163 = GEOMETRIC_CURVE_SET('',(#5164));
#5164 = TRIMMED_CURVE('',#5165,(#5169,PARAMETER_VALUE(0.)),(#5170,
    PARAMETER_VALUE(18.)),.T.,.PARAMETER.);
#5165 = LINE('',#5166,#5167);
#5166 = CARTESIAN_POINT('',(15.,6.,66.));
#5167 = VECTOR('',#5168,1.);
#5168 = DIRECTION('',(0.,1.,0.));
#5169 = CARTESIAN_POINT('',(15.,6.,66.));
#5170 = CARTESIAN_POINT('',(15.,24.,66.));
#5171 = GEOMETRIC_CURVE_SET('',(#5172));
#5172 = TRIMMED_CURVE('',#5173,(#5177,PARAMETER_VALUE(0.)),(#5178,
    PARAMETER_VALUE(13.)),.T.,.PARAMETER.);
#5173 = LINE('',#5174,#5175);
#5174 = CARTESIAN_POINT('',(2.,6.,66.));
#5175 = VECTOR('',#5176,1.);
#5176 = DIRECTION('',(1.,0.,0.));
#5177 = CARTESIAN_POINT('',(2.,6.,66.));
#5178 = CARTESIAN_POINT('',(15.,6.,66.));
#5179 = GEOMETRIC_CURVE_SET('',(#5180));
#5180 = TRIMMED_CURVE('',#5181,(#5185,PARAMETER_VALUE(0.)),(#5186,
    PARAMETER_VALUE(13.)),.T.,.PARAMETER.);
#5181 = LINE('',#5182,#5183);
#5182 = CARTESIAN_POINT('',(2.,6.,78.));
#5183 = VECTOR('',#5184,1.);
#5184 = DIRECTION('',(1.,0.,0.));
#5185 = CARTESIAN_POINT('',(2.,6.,78.));
#5186 = CARTESIAN_POINT('',(15.,6.,78.));
#5187 = GEOMETRIC_CURVE_SET('',(#5188));
#5188 = TRIMMED_CURVE('',#5189,(#5193,PARAMETER_VALUE(0.)),(#5194,
    PARAMETER_VALUE(13.)),.T.,.PARAMETER.);
#5189 = LINE('',#5190,#5191);
#5190 = CARTESIAN_POINT('',(2.,24.,66.));
#5191 = VECTOR('',#5192,1.);
#5192 = DIRECTION('',(1.,0.,0.));
#5193 = CARTESIAN_POINT('',(2.,24.,66.));
#5194 = CARTESIAN_POINT('',(15.,24.,66.));
#5195 = GEOMETRIC_CURVE_SET('',(#5196));
#5196 = TRIMMED_CURVE('',#5197,(#5201,PARAMETER_VALUE(0.)),(#5202,
    PARAMETER_VALUE(13.)),.T.,.PARAMETER.);
#5197 = LINE('',#5198,#5199);
#5198 = CARTESIAN_POINT('',(2.,24.,78.));
#5199 = VECTOR('',#5200,1.);
#5200 = DIRECTION('',(1.,0.,0.));
#5201 = CARTESIAN_POINT('',(2.,24.,78.));
#5202 = CARTESIAN_POINT('',(15.,24.,78.));
#5203 = GEOMETRIC_CURVE_SET('',(#5204));
#5204 = TRIMMED_CURVE('',#5205,(#5209,PARAMETER_VALUE(0.)),(#5210,
    PARAMETER_VALUE(12.)),.T.,.PARAMETER.);
#5205 = LINE('',#5206,#5207);
#5206 = CARTESIAN_POINT('',(257.,6.,66.));
#5207 = VECTOR('',#5208,1.);
#5208 = DIRECTION('',(0.,0.,1.));
#5209 = CARTESIAN_POINT('',(257.,6.,66.));
#5210 = CARTESIAN_POINT('',(257.,6.,78.));
#5211 = GEOMETRIC_CURVE_SET('',(#5212));
#5212 = TRIMMED_CURVE('',#5213,(#5217,PARAMETER_VALUE(0.)),(#5218,
    PARAMETER_VALUE(18.)),.T.,.PARAMETER.);
#5213 = LINE('',#5214,#5215);
#5214 = CARTESIAN_POINT('',(257.,6.,78.));
#5215 = VECTOR('',#5216,1.);
#5216 = DIRECTION('',(0.,1.,0.));
#5217 = CARTESIAN_POINT('',(257.,6.,78.));
#5218 = CARTESIAN_POINT('',(257.,24.,78.));
#5219 = GEOMETRIC_CURVE_SET('',(#5220));
#5220 = TRIMMED_CURVE('',#5221,(#5225,PARAMETER_VALUE(0.)),(#5226,
    PARAMETER_VALUE(12.)),.T.,.PARAMETER.);
#5221 = LINE('',#5222,#5223);
#5222 = CARTESIAN_POINT('',(257.,24.,66.));
#5223 = VECTOR('',#5224,1.);
#5224 = DIRECTION('',(0.,0.,1.));
#5225 = CARTESIAN_POINT('',(257.,24.,66.));
#5226 = CARTESIAN_POINT('',(257.,24.,78.));
#5227 = GEOMETRIC_CURVE_SET('',(#5228));
#5228 = TRIMMED_CURVE('',#5229,(#5233,PARAMETER_VALUE(0.)),(#5234,
    PARAMETER_VALUE(18.)),.T.,.PARAMETER.);
#5229 = LINE('',#5230,#5231);
#5230 = CARTESIAN_POINT('',(257.,6.,66.));
#5231 = VECTOR('',#5232,1.);
#5232 = DIRECTION('',(0.,1.,0.));
#5233 = CARTESIAN_POINT('',(257.,6.,66.));
#5234 = CARTESIAN_POINT('',(257.,24.,66.));
#5235 = GEOMETRIC_CURVE_SET('',(#5236));
#5236 = TRIMMED_CURVE('',#5237,(#5241,PARAMETER_VALUE(0.)),(#5242,
    PARAMETER_VALUE(12.)),.T.,.PARAMETER.);
#5237 = LINE('',#5238,#5239);
#5238 = CARTESIAN_POINT('',(270.,6.,66.));
#5239 = VECTOR('',#5240,1.);
#5240 = DIRECTION('',(0.,0.,1.));
#5241 = CARTESIAN_POINT('',(270.,6.,66.));
#5242 = CARTESIAN_POINT('',(270.,6.,78.));
#5243 = GEOMETRIC_CURVE_SET('',(#5244));
#5244 = TRIMMED_CURVE('',#5245,(#5249,PARAMETER_VALUE(0.)),(#5250,
    PARAMETER_VALUE(18.)),.T.,.PARAMETER.);
#5245 = LINE('',#5246,#5247);
#5246 = CARTESIAN_POINT('',(270.,6.,78.));
#5247 = VECTOR('',#5248,1.);
#5248 = DIRECTION('',(0.,1.,0.));
#5249 = CARTESIAN_POINT('',(270.,6.,78.));
#5250 = CARTESIAN_POINT('',(270.,24.,78.));
#5251 = GEOMETRIC_CURVE_SET('',(#5252));
#5252 = TRIMMED_CURVE('',#5253,(#5257,PARAMETER_VALUE(0.)),(#5258,
    PARAMETER_VALUE(12.)),.T.,.PARAMETER.);
#5253 = LINE('',#5254,#5255);
#5254 = CARTESIAN_POINT('',(270.,24.,66.));
#5255 = VECTOR('',#5256,1.);
#5256 = DIRECTION('',(0.,0.,1.));
#5257 = CARTESIAN_POINT('',(270.,24.,66.));
#5258 = CARTESIAN_POINT('',(270.,24.,78.));
#5259 = GEOMETRIC_CURVE_SET('',(#5260));
#5260 = TRIMMED_CURVE('',#5261,(#5265,PARAMETER_VALUE(0.)),(#5266,
    PARAMETER_VALUE(18.)),.T.,.PARAMETER.);
#5261 = LINE('',#5262,#5263);
#5262 = CARTESIAN_POINT('',(270.,6.,66.));
#5263 = VECTOR('',#5264,1.);
#5264 = DIRECTION('',(0.,1.,0.));
#5265 = CARTESIAN_POINT('',(270.,6.,66.));
#5266 = CARTESIAN_POINT('',(270.,24.,66.));
#5267 = GEOMETRIC_CURVE_SET('',(#5268));
#5268 = TRIMMED_CURVE('',#5269,(#5273,PARAMETER_VALUE(0.)),(#5274,
    PARAMETER_VALUE(13.)),.T.,.PARAMETER.);
#5269 = LINE('',#5270,#5271);
#5270 = CARTESIAN_POINT('',(257.,6.,66.));
#5271 = VECTOR('',#5272,1.);
#5272 = DIRECTION('',(1.,0.,0.));
#5273 = CARTESIAN_POINT('',(257.,6.,66.));
#5274 = CARTESIAN_POINT('',(270.,6.,66.));
#5275 = GEOMETRIC_CURVE_SET('',(#5276));
#5276 = TRIMMED_CURVE('',#5277,(#5281,PARAMETER_VALUE(0.)),(#5282,
    PARAMETER_VALUE(13.)),.T.,.PARAMETER.);
#5277 = LINE('',#5278,#5279);
#5278 = CARTESIAN_POINT('',(257.,6.,78.));
#5279 = VECTOR('',#5280,1.);
#5280 = DIRECTION('',(1.,0.,0.));
#5281 = CARTESIAN_POINT('',(257.,6.,78.));
#5282 = CARTESIAN_POINT('',(270.,6.,78.));
#5283 = GEOMETRIC_CURVE_SET('',(#5284));
#5284 = TRIMMED_CURVE('',#5285,(#5289,PARAMETER_VALUE(0.)),(#5290,
    PARAMETER_VALUE(13.)),.T.,.PARAMETER.);
#5285 = LINE('',#5286,#5287);
#5286 = CARTESIAN_POINT('',(257.,24.,66.));
#5287 = VECTOR('',#5288,1.);
#5288 = DIRECTION('',(1.,0.,0.));
#5289 = CARTESIAN_POINT('',(257.,24.,66.));
#5290 = CARTESIAN_POINT('',(270.,24.,66.));
#5291 = GEOMETRIC_CURVE_SET('',(#5292));
#5292 = TRIMMED_CURVE('',#5293,(#5297,PARAMETER_VALUE(0.)),(#5298,
    PARAMETER_VALUE(13.)),.T.,.PARAMETER.);
#5293 = LINE('',#5294,#5295);
#5294 = CARTESIAN_POINT('',(257.,24.,78.));
#5295 = VECTOR('',#5296,1.);
#5296 = DIRECTION('',(1.,0.,0.));
#5297 = CARTESIAN_POINT('',(257.,24.,78.));
#5298 = CARTESIAN_POINT('',(270.,24.,78.));
#5299 = GEOMETRIC_CURVE_SET('',(#5300));
#5300 = TRIMMED_CURVE('',#5301,(#5305,PARAMETER_VALUE(0.)),(#5306,
    PARAMETER_VALUE(12.)),.T.,.PARAMETER.);
#5301 = LINE('',#5302,#5303);
#5302 = CARTESIAN_POINT('',(2.,59.,90.));
#5303 = VECTOR('',#5304,1.);
#5304 = DIRECTION('',(0.,0.,1.));
#5305 = CARTESIAN_POINT('',(2.,59.,90.));
#5306 = CARTESIAN_POINT('',(2.,59.,102.));
#5307 = GEOMETRIC_CURVE_SET('',(#5308));
#5308 = TRIMMED_CURVE('',#5309,(#5313,PARAMETER_VALUE(0.)),(#5314,
    PARAMETER_VALUE(18.)),.T.,.PARAMETER.);
#5309 = LINE('',#5310,#5311);
#5310 = CARTESIAN_POINT('',(2.,59.,102.));
#5311 = VECTOR('',#5312,1.);
#5312 = DIRECTION('',(0.,1.,0.));
#5313 = CARTESIAN_POINT('',(2.,59.,102.));
#5314 = CARTESIAN_POINT('',(2.,77.,102.));
#5315 = GEOMETRIC_CURVE_SET('',(#5316));
#5316 = TRIMMED_CURVE('',#5317,(#5321,PARAMETER_VALUE(0.)),(#5322,
    PARAMETER_VALUE(12.)),.T.,.PARAMETER.);
#5317 = LINE('',#5318,#5319);
#5318 = CARTESIAN_POINT('',(2.,77.,90.));
#5319 = VECTOR('',#5320,1.);
#5320 = DIRECTION('',(0.,0.,1.));
#5321 = CARTESIAN_POINT('',(2.,77.,90.));
#5322 = CARTESIAN_POINT('',(2.,77.,102.));
#5323 = GEOMETRIC_CURVE_SET('',(#5324));
#5324 = TRIMMED_CURVE('',#5325,(#5329,PARAMETER_VALUE(0.)),(#5330,
    PARAMETER_VALUE(18.)),.T.,.PARAMETER.);
#5325 = LINE('',#5326,#5327);
#5326 = CARTESIAN_POINT('',(2.,59.,90.));
#5327 = VECTOR('',#5328,1.);
#5328 = DIRECTION('',(0.,1.,0.));
#5329 = CARTESIAN_POINT('',(2.,59.,90.));
#5330 = CARTESIAN_POINT('',(2.,77.,90.));
#5331 = GEOMETRIC_CURVE_SET('',(#5332));
#5332 = TRIMMED_CURVE('',#5333,(#5337,PARAMETER_VALUE(0.)),(#5338,
    PARAMETER_VALUE(12.)),.T.,.PARAMETER.);
#5333 = LINE('',#5334,#5335);
#5334 = CARTESIAN_POINT('',(15.,59.,90.));
#5335 = VECTOR('',#5336,1.);
#5336 = DIRECTION('',(0.,0.,1.));
#5337 = CARTESIAN_POINT('',(15.,59.,90.));
#5338 = CARTESIAN_POINT('',(15.,59.,102.));
#5339 = GEOMETRIC_CURVE_SET('',(#5340));
#5340 = TRIMMED_CURVE('',#5341,(#5345,PARAMETER_VALUE(0.)),(#5346,
    PARAMETER_VALUE(18.)),.T.,.PARAMETER.);
#5341 = LINE('',#5342,#5343);
#5342 = CARTESIAN_POINT('',(15.,59.,102.));
#5343 = VECTOR('',#5344,1.);
#5344 = DIRECTION('',(0.,1.,0.));
#5345 = CARTESIAN_POINT('',(15.,59.,102.));
#5346 = CARTESIAN_POINT('',(15.,77.,102.));
#5347 = GEOMETRIC_CURVE_SET('',(#5348));
#5348 = TRIMMED_CURVE('',#5349,(#5353,PARAMETER_VALUE(0.)),(#5354,
    PARAMETER_VALUE(12.)),.T.,.PARAMETER.);
#5349 = LINE('',#5350,#5351);
#5350 = CARTESIAN_POINT('',(15.,77.,90.));
#5351 = VECTOR('',#5352,1.);
#5352 = DIRECTION('',(0.,0.,1.));
#5353 = CARTESIAN_POINT('',(15.,77.,90.));
#5354 = CARTESIAN_POINT('',(15.,77.,102.));
#5355 = GEOMETRIC_CURVE_SET('',(#5356));
#5356 = TRIMMED_CURVE('',#5357,(#5361,PARAMETER_VALUE(0.)),(#5362,
    PARAMETER_VALUE(18.)),.T.,.PARAMETER.);
#5357 = LINE('',#5358,#5359);
#5358 = CARTESIAN_POINT('',(15.,59.,90.));
#5359 = VECTOR('',#5360,1.);
#5360 = DIRECTION('',(0.,1.,0.));
#5361 = CARTESIAN_POINT('',(15.,59.,90.));
#5362 = CARTESIAN_POINT('',(15.,77.,90.));
#5363 = GEOMETRIC_CURVE_SET('',(#5364));
#5364 = TRIMMED_CURVE('',#5365,(#5369,PARAMETER_VALUE(0.)),(#5370,
    PARAMETER_VALUE(13.)),.T.,.PARAMETER.);
#5365 = LINE('',#5366,#5367);
#5366 = CARTESIAN_POINT('',(2.,59.,90.));
#5367 = VECTOR('',#5368,1.);
#5368 = DIRECTION('',(1.,0.,0.));
#5369 = CARTESIAN_POINT('',(2.,59.,90.));
#5370 = CARTESIAN_POINT('',(15.,59.,90.));
#5371 = GEOMETRIC_CURVE_SET('',(#5372));
#5372 = TRIMMED_CURVE('',#5373,(#5377,PARAMETER_VALUE(0.)),(#5378,
    PARAMETER_VALUE(13.)),.T.,.PARAMETER.);
#5373 = LINE('',#5374,#5375);
#5374 = CARTESIAN_POINT('',(2.,59.,102.));
#5375 = VECTOR('',#5376,1.);
#5376 = DIRECTION('',(1.,0.,0.));
#5377 = CARTESIAN_POINT('',(2.,59.,102.));
#5378 = CARTESIAN_POINT('',(15.,59.,102.));
#5379 = GEOMETRIC_CURVE_SET('',(#5380));
#5380 = TRIMMED_CURVE('',#5381,(#5385,PARAMETER_VALUE(0.)),(#5386,
    PARAMETER_VALUE(13.)),.T.,.PARAMETER.);
#5381 = LINE('',#5382,#5383);
#5382 = CARTESIAN_POINT('',(2.,77.,90.));
#5383 = VECTOR('',#5384,1.);
#5384 = DIRECTION('',(1.,0.,0.));
#5385 = CARTESIAN_POINT('',(2.,77.,90.));
#5386 = CARTESIAN_POINT('',(15.,77.,90.));
#5387 = GEOMETRIC_CURVE_SET('',(#5388));
#5388 = TRIMMED_CURVE('',#5389,(#5393,PARAMETER_VALUE(0.)),(#5394,
    PARAMETER_VALUE(13.)),.T.,.PARAMETER.);
#5389 = LINE('',#5390,#5391);
#5390 = CARTESIAN_POINT('',(2.,77.,102.));
#5391 = VECTOR('',#5392,1.);
#5392 = DIRECTION('',(1.,0.,0.));
#5393 = CARTESIAN_POINT('',(2.,77.,102.));
#5394 = CARTESIAN_POINT('',(15.,77.,102.));
#5395 = GEOMETRIC_CURVE_SET('',(#5396));
#5396 = TRIMMED_CURVE('',#5397,(#5401,PARAMETER_VALUE(0.)),(#5402,
    PARAMETER_VALUE(12.)),.T.,.PARAMETER.);
#5397 = LINE('',#5398,#5399);
#5398 = CARTESIAN_POINT('',(261.,59.,90.));
#5399 = VECTOR('',#5400,1.);
#5400 = DIRECTION('',(0.,0.,1.));
#5401 = CARTESIAN_POINT('',(261.,59.,90.));
#5402 = CARTESIAN_POINT('',(261.,59.,102.));
#5403 = GEOMETRIC_CURVE_SET('',(#5404));
#5404 = TRIMMED_CURVE('',#5405,(#5409,PARAMETER_VALUE(0.)),(#5410,
    PARAMETER_VALUE(18.)),.T.,.PARAMETER.);
#5405 = LINE('',#5406,#5407);
#5406 = CARTESIAN_POINT('',(261.,59.,102.));
#5407 = VECTOR('',#5408,1.);
#5408 = DIRECTION('',(0.,1.,0.));
#5409 = CARTESIAN_POINT('',(261.,59.,102.));
#5410 = CARTESIAN_POINT('',(261.,77.,102.));
#5411 = GEOMETRIC_CURVE_SET('',(#5412));
#5412 = TRIMMED_CURVE('',#5413,(#5417,PARAMETER_VALUE(0.)),(#5418,
    PARAMETER_VALUE(12.)),.T.,.PARAMETER.);
#5413 = LINE('',#5414,#5415);
#5414 = CARTESIAN_POINT('',(261.,77.,90.));
#5415 = VECTOR('',#5416,1.);
#5416 = DIRECTION('',(0.,0.,1.));
#5417 = CARTESIAN_POINT('',(261.,77.,90.));
#5418 = CARTESIAN_POINT('',(261.,77.,102.));
#5419 = GEOMETRIC_CURVE_SET('',(#5420));
#5420 = TRIMMED_CURVE('',#5421,(#5425,PARAMETER_VALUE(0.)),(#5426,
    PARAMETER_VALUE(18.)),.T.,.PARAMETER.);
#5421 = LINE('',#5422,#5423);
#5422 = CARTESIAN_POINT('',(261.,59.,90.));
#5423 = VECTOR('',#5424,1.);
#5424 = DIRECTION('',(0.,1.,0.));
#5425 = CARTESIAN_POINT('',(261.,59.,90.));
#5426 = CARTESIAN_POINT('',(261.,77.,90.));
#5427 = GEOMETRIC_CURVE_SET('',(#5428));
#5428 = TRIMMED_CURVE('',#5429,(#5433,PARAMETER_VALUE(0.)),(#5434,
    PARAMETER_VALUE(12.)),.T.,.PARAMETER.);
#5429 = LINE('',#5430,#5431);
#5430 = CARTESIAN_POINT('',(274.,59.,90.));
#5431 = VECTOR('',#5432,1.);
#5432 = DIRECTION('',(0.,0.,1.));
#5433 = CARTESIAN_POINT('',(274.,59.,90.));
#5434 = CARTESIAN_POINT('',(274.,59.,102.));
#5435 = GEOMETRIC_CURVE_SET('',(#5436));
#5436 = TRIMMED_CURVE('',#5437,(#5441,PARAMETER_VALUE(0.)),(#5442,
    PARAMETER_VALUE(18.)),.T.,.PARAMETER.);
#5437 = LINE('',#5438,#5439);
#5438 = CARTESIAN_POINT('',(274.,59.,102.));
#5439 = VECTOR('',#5440,1.);
#5440 = DIRECTION('',(0.,1.,0.));
#5441 = CARTESIAN_POINT('',(274.,59.,102.));
#5442 = CARTESIAN_POINT('',(274.,77.,102.));
#5443 = GEOMETRIC_CURVE_SET('',(#5444));
#5444 = TRIMMED_CURVE('',#5445,(#5449,PARAMETER_VALUE(0.)),(#5450,
    PARAMETER_VALUE(12.)),.T.,.PARAMETER.);
#5445 = LINE('',#5446,#5447);
#5446 = CARTESIAN_POINT('',(274.,77.,90.));
#5447 = VECTOR('',#5448,1.);
#5448 = DIRECTION('',(0.,0.,1.));
#5449 = CARTESIAN_POINT('',(274.,77.,90.));
#5450 = CARTESIAN_POINT('',(274.,77.,102.));
#5451 = GEOMETRIC_CURVE_SET('',(#5452));
#5452 = TRIMMED_CURVE('',#5453,(#5457,PARAMETER_VALUE(0.)),(#5458,
    PARAMETER_VALUE(18.)),.T.,.PARAMETER.);
#5453 = LINE('',#5454,#5455);
#5454 = CARTESIAN_POINT('',(274.,59.,90.));
#5455 = VECTOR('',#5456,1.);
#5456 = DIRECTION('',(0.,1.,0.));
#5457 = CARTESIAN_POINT('',(274.,59.,90.));
#5458 = CARTESIAN_POINT('',(274.,77.,90.));
#5459 = GEOMETRIC_CURVE_SET('',(#5460));
#5460 = TRIMMED_CURVE('',#5461,(#5465,PARAMETER_VALUE(0.)),(#5466,
    PARAMETER_VALUE(13.)),.T.,.PARAMETER.);
#5461 = LINE('',#5462,#5463);
#5462 = CARTESIAN_POINT('',(261.,59.,90.));
#5463 = VECTOR('',#5464,1.);
#5464 = DIRECTION('',(1.,0.,0.));
#5465 = CARTESIAN_POINT('',(261.,59.,90.));
#5466 = CARTESIAN_POINT('',(274.,59.,90.));
#5467 = GEOMETRIC_CURVE_SET('',(#5468));
#5468 = TRIMMED_CURVE('',#5469,(#5473,PARAMETER_VALUE(0.)),(#5474,
    PARAMETER_VALUE(13.)),.T.,.PARAMETER.);
#5469 = LINE('',#5470,#5471);
#5470 = CARTESIAN_POINT('',(261.,59.,102.));
#5471 = VECTOR('',#5472,1.);
#5472 = DIRECTION('',(1.,0.,0.));
#5473 = CARTESIAN_POINT('',(261.,59.,102.));
#5474 = CARTESIAN_POINT('',(274.,59.,102.));
#5475 = GEOMETRIC_CURVE_SET('',(#5476));
#5476 = TRIMMED_CURVE('',#5477,(#5481,PARAMETER_VALUE(0.)),(#5482,
    PARAMETER_VALUE(13.)),.T.,.PARAMETER.);
#5477 = LINE('',#5478,#5479);
#5478 = CARTESIAN_POINT('',(261.,77.,90.));
#5479 = VECTOR('',#5480,1.);
#5480 = DIRECTION('',(1.,0.,0.));
#5481 = CARTESIAN_POINT('',(261.,77.,90.));
#5482 = CARTESIAN_POINT('',(274.,77.,90.));
#5483 = GEOMETRIC_CURVE_SET('',(#5484));
#5484 = TRIMMED_CURVE('',#5485,(#5489,PARAMETER_VALUE(0.)),(#5490,
    PARAMETER_VALUE(13.)),.T.,.PARAMETER.);
#5485 = LINE('',#5486,#5487);
#5486 = CARTESIAN_POINT('',(261.,77.,102.));
#5487 = VECTOR('',#5488,1.);
#5488 = DIRECTION('',(1.,0.,0.));
#5489 = CARTESIAN_POINT('',(261.,77.,102.));
#5490 = CARTESIAN_POINT('',(274.,77.,102.));
#5491 = GEOMETRIC_CURVE_SET('',(#5492));
#5492 = TRIMMED_CURVE('',#5493,(#5497,PARAMETER_VALUE(0.)),(#5498,
    PARAMETER_VALUE(8.)),.T.,.PARAMETER.);
#5493 = LINE('',#5494,#5495);
#5494 = CARTESIAN_POINT('',(4.,259.,70.));
#5495 = VECTOR('',#5496,1.);
#5496 = DIRECTION('',(0.,0.,1.));
#5497 = CARTESIAN_POINT('',(4.,259.,70.));
#5498 = CARTESIAN_POINT('',(4.,259.,78.));
#5499 = GEOMETRIC_CURVE_SET('',(#5500));
#5500 = TRIMMED_CURVE('',#5501,(#5505,PARAMETER_VALUE(0.)),(#5506,
    PARAMETER_VALUE(13.)),.T.,.PARAMETER.);
#5501 = LINE('',#5502,#5503);
#5502 = CARTESIAN_POINT('',(4.,259.,78.));
#5503 = VECTOR('',#5504,1.);
#5504 = DIRECTION('',(0.,1.,0.));
#5505 = CARTESIAN_POINT('',(4.,259.,78.));
#5506 = CARTESIAN_POINT('',(4.,272.,78.));
#5507 = GEOMETRIC_CURVE_SET('',(#5508));
#5508 = TRIMMED_CURVE('',#5509,(#5513,PARAMETER_VALUE(0.)),(#5514,
    PARAMETER_VALUE(8.)),.T.,.PARAMETER.);
#5509 = LINE('',#5510,#5511);
#5510 = CARTESIAN_POINT('',(4.,272.,70.));
#5511 = VECTOR('',#5512,1.);
#5512 = DIRECTION('',(0.,0.,1.));
#5513 = CARTESIAN_POINT('',(4.,272.,70.));
#5514 = CARTESIAN_POINT('',(4.,272.,78.));
#5515 = GEOMETRIC_CURVE_SET('',(#5516));
#5516 = TRIMMED_CURVE('',#5517,(#5521,PARAMETER_VALUE(0.)),(#5522,
    PARAMETER_VALUE(13.)),.T.,.PARAMETER.);
#5517 = LINE('',#5518,#5519);
#5518 = CARTESIAN_POINT('',(4.,259.,70.));
#5519 = VECTOR('',#5520,1.);
#5520 = DIRECTION('',(0.,1.,0.));
#5521 = CARTESIAN_POINT('',(4.,259.,70.));
#5522 = CARTESIAN_POINT('',(4.,272.,70.));
#5523 = GEOMETRIC_CURVE_SET('',(#5524));
#5524 = TRIMMED_CURVE('',#5525,(#5529,PARAMETER_VALUE(0.)),(#5530,
    PARAMETER_VALUE(8.)),.T.,.PARAMETER.);
#5525 = LINE('',#5526,#5527);
#5526 = CARTESIAN_POINT('',(22.,259.,70.));
#5527 = VECTOR('',#5528,1.);
#5528 = DIRECTION('',(0.,0.,1.));
#5529 = CARTESIAN_POINT('',(22.,259.,70.));
#5530 = CARTESIAN_POINT('',(22.,259.,78.));
#5531 = GEOMETRIC_CURVE_SET('',(#5532));
#5532 = TRIMMED_CURVE('',#5533,(#5537,PARAMETER_VALUE(0.)),(#5538,
    PARAMETER_VALUE(13.)),.T.,.PARAMETER.);
#5533 = LINE('',#5534,#5535);
#5534 = CARTESIAN_POINT('',(22.,259.,78.));
#5535 = VECTOR('',#5536,1.);
#5536 = DIRECTION('',(0.,1.,0.));
#5537 = CARTESIAN_POINT('',(22.,259.,78.));
#5538 = CARTESIAN_POINT('',(22.,272.,78.));
#5539 = GEOMETRIC_CURVE_SET('',(#5540));
#5540 = TRIMMED_CURVE('',#5541,(#5545,PARAMETER_VALUE(0.)),(#5546,
    PARAMETER_VALUE(8.)),.T.,.PARAMETER.);
#5541 = LINE('',#5542,#5543);
#5542 = CARTESIAN_POINT('',(22.,272.,70.));
#5543 = VECTOR('',#5544,1.);
#5544 = DIRECTION('',(0.,0.,1.));
#5545 = CARTESIAN_POINT('',(22.,272.,70.));
#5546 = CARTESIAN_POINT('',(22.,272.,78.));
#5547 = GEOMETRIC_CURVE_SET('',(#5548));
#5548 = TRIMMED_CURVE('',#5549,(#5553,PARAMETER_VALUE(0.)),(#5554,
    PARAMETER_VALUE(13.)),.T.,.PARAMETER.);
#5549 = LINE('',#5550,#5551);
#5550 = CARTESIAN_POINT('',(22.,259.,70.));
#5551 = VECTOR('',#5552,1.);
#5552 = DIRECTION('',(0.,1.,0.));
#5553 = CARTESIAN_POINT('',(22.,259.,70.));
#5554 = CARTESIAN_POINT('',(22.,272.,70.));
#5555 = GEOMETRIC_CURVE_SET('',(#5556));
#5556 = TRIMMED_CURVE('',#5557,(#5561,PARAMETER_VALUE(0.)),(#5562,
    PARAMETER_VALUE(18.)),.T.,.PARAMETER.);
#5557 = LINE('',#5558,#5559);
#5558 = CARTESIAN_POINT('',(4.,259.,70.));
#5559 = VECTOR('',#5560,1.);
#5560 = DIRECTION('',(1.,0.,0.));
#5561 = CARTESIAN_POINT('',(4.,259.,70.));
#5562 = CARTESIAN_POINT('',(22.,259.,70.));
#5563 = GEOMETRIC_CURVE_SET('',(#5564));
#5564 = TRIMMED_CURVE('',#5565,(#5569,PARAMETER_VALUE(0.)),(#5570,
    PARAMETER_VALUE(18.)),.T.,.PARAMETER.);
#5565 = LINE('',#5566,#5567);
#5566 = CARTESIAN_POINT('',(4.,259.,78.));
#5567 = VECTOR('',#5568,1.);
#5568 = DIRECTION('',(1.,0.,0.));
#5569 = CARTESIAN_POINT('',(4.,259.,78.));
#5570 = CARTESIAN_POINT('',(22.,259.,78.));
#5571 = GEOMETRIC_CURVE_SET('',(#5572));
#5572 = TRIMMED_CURVE('',#5573,(#5577,PARAMETER_VALUE(0.)),(#5578,
    PARAMETER_VALUE(18.)),.T.,.PARAMETER.);
#5573 = LINE('',#5574,#5575);
#5574 = CARTESIAN_POINT('',(4.,272.,70.));
#5575 = VECTOR('',#5576,1.);
#5576 = DIRECTION('',(1.,0.,0.));
#5577 = CARTESIAN_POINT('',(4.,272.,70.));
#5578 = CARTESIAN_POINT('',(22.,272.,70.));
#5579 = GEOMETRIC_CURVE_SET('',(#5580));
#5580 = TRIMMED_CURVE('',#5581,(#5585,PARAMETER_VALUE(0.)),(#5586,
    PARAMETER_VALUE(18.)),.T.,.PARAMETER.);
#5581 = LINE('',#5582,#5583);
#5582 = CARTESIAN_POINT('',(4.,272.,78.));
#5583 = VECTOR('',#5584,1.);
#5584 = DIRECTION('',(1.,0.,0.));
#5585 = CARTESIAN_POINT('',(4.,272.,78.));
#5586 = CARTESIAN_POINT('',(22.,272.,78.));
#5587 = GEOMETRIC_CURVE_SET('',(#5588));
#5588 = TRIMMED_CURVE('',#5589,(#5593,PARAMETER_VALUE(0.)),(#5594,
    PARAMETER_VALUE(8.)),.T.,.PARAMETER.);
#5589 = LINE('',#5590,#5591);
#5590 = CARTESIAN_POINT('',(253.,259.,70.));
#5591 = VECTOR('',#5592,1.);
#5592 = DIRECTION('',(0.,0.,1.));
#5593 = CARTESIAN_POINT('',(253.,259.,70.));
#5594 = CARTESIAN_POINT('',(253.,259.,78.));
#5595 = GEOMETRIC_CURVE_SET('',(#5596));
#5596 = TRIMMED_CURVE('',#5597,(#5601,PARAMETER_VALUE(0.)),(#5602,
    PARAMETER_VALUE(13.)),.T.,.PARAMETER.);
#5597 = LINE('',#5598,#5599);
#5598 = CARTESIAN_POINT('',(253.,259.,78.));
#5599 = VECTOR('',#5600,1.);
#5600 = DIRECTION('',(0.,1.,0.));
#5601 = CARTESIAN_POINT('',(253.,259.,78.));
#5602 = CARTESIAN_POINT('',(253.,272.,78.));
#5603 = GEOMETRIC_CURVE_SET('',(#5604));
#5604 = TRIMMED_CURVE('',#5605,(#5609,PARAMETER_VALUE(0.)),(#5610,
    PARAMETER_VALUE(8.)),.T.,.PARAMETER.);
#5605 = LINE('',#5606,#5607);
#5606 = CARTESIAN_POINT('',(253.,272.,70.));
#5607 = VECTOR('',#5608,1.);
#5608 = DIRECTION('',(0.,0.,1.));
#5609 = CARTESIAN_POINT('',(253.,272.,70.));
#5610 = CARTESIAN_POINT('',(253.,272.,78.));
#5611 = GEOMETRIC_CURVE_SET('',(#5612));
#5612 = TRIMMED_CURVE('',#5613,(#5617,PARAMETER_VALUE(0.)),(#5618,
    PARAMETER_VALUE(13.)),.T.,.PARAMETER.);
#5613 = LINE('',#5614,#5615);
#5614 = CARTESIAN_POINT('',(253.,259.,70.));
#5615 = VECTOR('',#5616,1.);
#5616 = DIRECTION('',(0.,1.,0.));
#5617 = CARTESIAN_POINT('',(253.,259.,70.));
#5618 = CARTESIAN_POINT('',(253.,272.,70.));
#5619 = GEOMETRIC_CURVE_SET('',(#5620));
#5620 = TRIMMED_CURVE('',#5621,(#5625,PARAMETER_VALUE(0.)),(#5626,
    PARAMETER_VALUE(8.)),.T.,.PARAMETER.);
#5621 = LINE('',#5622,#5623);
#5622 = CARTESIAN_POINT('',(271.,259.,70.));
#5623 = VECTOR('',#5624,1.);
#5624 = DIRECTION('',(0.,0.,1.));
#5625 = CARTESIAN_POINT('',(271.,259.,70.));
#5626 = CARTESIAN_POINT('',(271.,259.,78.));
#5627 = GEOMETRIC_CURVE_SET('',(#5628));
#5628 = TRIMMED_CURVE('',#5629,(#5633,PARAMETER_VALUE(0.)),(#5634,
    PARAMETER_VALUE(13.)),.T.,.PARAMETER.);
#5629 = LINE('',#5630,#5631);
#5630 = CARTESIAN_POINT('',(271.,259.,78.));
#5631 = VECTOR('',#5632,1.);
#5632 = DIRECTION('',(0.,1.,0.));
#5633 = CARTESIAN_POINT('',(271.,259.,78.));
#5634 = CARTESIAN_POINT('',(271.,272.,78.));
#5635 = GEOMETRIC_CURVE_SET('',(#5636));
#5636 = TRIMMED_CURVE('',#5637,(#5641,PARAMETER_VALUE(0.)),(#5642,
    PARAMETER_VALUE(8.)),.T.,.PARAMETER.);
#5637 = LINE('',#5638,#5639);
#5638 = CARTESIAN_POINT('',(271.,272.,70.));
#5639 = VECTOR('',#5640,1.);
#5640 = DIRECTION('',(0.,0.,1.));
#5641 = CARTESIAN_POINT('',(271.,272.,70.));
#5642 = CARTESIAN_POINT('',(271.,272.,78.));
#5643 = GEOMETRIC_CURVE_SET('',(#5644));
#5644 = TRIMMED_CURVE('',#5645,(#5649,PARAMETER_VALUE(0.)),(#5650,
    PARAMETER_VALUE(13.)),.T.,.PARAMETER.);
#5645 = LINE('',#5646,#5647);
#5646 = CARTESIAN_POINT('',(271.,259.,70.));
#5647 = VECTOR('',#5648,1.);
#5648 = DIRECTION('',(0.,1.,0.));
#5649 = CARTESIAN_POINT('',(271.,259.,70.));
#5650 = CARTESIAN_POINT('',(271.,272.,70.));
#5651 = GEOMETRIC_CURVE_SET('',(#5652));
#5652 = TRIMMED_CURVE('',#5653,(#5657,PARAMETER_VALUE(0.)),(#5658,
    PARAMETER_VALUE(18.)),.T.,.PARAMETER.);
#5653 = LINE('',#5654,#5655);
#5654 = CARTESIAN_POINT('',(253.,259.,70.));
#5655 = VECTOR('',#5656,1.);
#5656 = DIRECTION('',(1.,0.,0.));
#5657 = CARTESIAN_POINT('',(253.,259.,70.));
#5658 = CARTESIAN_POINT('',(271.,259.,70.));
#5659 = GEOMETRIC_CURVE_SET('',(#5660));
#5660 = TRIMMED_CURVE('',#5661,(#5665,PARAMETER_VALUE(0.)),(#5666,
    PARAMETER_VALUE(18.)),.T.,.PARAMETER.);
#5661 = LINE('',#5662,#5663);
#5662 = CARTESIAN_POINT('',(253.,259.,78.));
#5663 = VECTOR('',#5664,1.);
#5664 = DIRECTION('',(1.,0.,0.));
#5665 = CARTESIAN_POINT('',(253.,259.,78.));
#5666 = CARTESIAN_POINT('',(271.,259.,78.));
#5667 = GEOMETRIC_CURVE_SET('',(#5668));
#5668 = TRIMMED_CURVE('',#5669,(#5673,PARAMETER_VALUE(0.)),(#5674,
    PARAMETER_VALUE(18.)),.T.,.PARAMETER.);
#5669 = LINE('',#5670,#5671);
#5670 = CARTESIAN_POINT('',(253.,272.,70.));
#5671 = VECTOR('',#5672,1.);
#5672 = DIRECTION('',(1.,0.,0.));
#5673 = CARTESIAN_POINT('',(253.,272.,70.));
#5674 = CARTESIAN_POINT('',(271.,272.,70.));
#5675 = GEOMETRIC_CURVE_SET('',(#5676));
#5676 = TRIMMED_CURVE('',#5677,(#5681,PARAMETER_VALUE(0.)),(#5682,
    PARAMETER_VALUE(18.)),.T.,.PARAMETER.);
#5677 = LINE('',#5678,#5679);
#5678 = CARTESIAN_POINT('',(253.,272.,78.));
#5679 = VECTOR('',#5680,1.);
#5680 = DIRECTION('',(1.,0.,0.));
#5681 = CARTESIAN_POINT('',(253.,272.,78.));
#5682 = CARTESIAN_POINT('',(271.,272.,78.));
#5683 = GEOMETRIC_CURVE_SET('',(#5684));
#5684 = TRIMMED_CURVE('',#5685,(#5689,PARAMETER_VALUE(0.)),(#5690,
    PARAMETER_VALUE(8.)),.T.,.PARAMETER.);
#5685 = LINE('',#5686,#5687);
#5686 = CARTESIAN_POINT('',(40.,2.,137.1));
#5687 = VECTOR('',#5688,1.);
#5688 = DIRECTION('',(0.,0.,1.));
#5689 = CARTESIAN_POINT('',(40.,2.,137.1));
#5690 = CARTESIAN_POINT('',(40.,2.,145.1));
#5691 = GEOMETRIC_CURVE_SET('',(#5692));
#5692 = TRIMMED_CURVE('',#5693,(#5697,PARAMETER_VALUE(0.)),(#5698,
    PARAMETER_VALUE(18.)),.T.,.PARAMETER.);
#5693 = LINE('',#5694,#5695);
#5694 = CARTESIAN_POINT('',(40.,2.,145.1));
#5695 = VECTOR('',#5696,1.);
#5696 = DIRECTION('',(0.,1.,0.));
#5697 = CARTESIAN_POINT('',(40.,2.,145.1));
#5698 = CARTESIAN_POINT('',(40.,20.,145.1));
#5699 = GEOMETRIC_CURVE_SET('',(#5700));
#5700 = TRIMMED_CURVE('',#5701,(#5705,PARAMETER_VALUE(0.)),(#5706,
    PARAMETER_VALUE(8.)),.T.,.PARAMETER.);
#5701 = LINE('',#5702,#5703);
#5702 = CARTESIAN_POINT('',(40.,20.,137.1));
#5703 = VECTOR('',#5704,1.);
#5704 = DIRECTION('',(0.,0.,1.));
#5705 = CARTESIAN_POINT('',(40.,20.,137.1));
#5706 = CARTESIAN_POINT('',(40.,20.,145.1));
#5707 = GEOMETRIC_CURVE_SET('',(#5708));
#5708 = TRIMMED_CURVE('',#5709,(#5713,PARAMETER_VALUE(0.)),(#5714,
    PARAMETER_VALUE(18.)),.T.,.PARAMETER.);
#5709 = LINE('',#5710,#5711);
#5710 = CARTESIAN_POINT('',(40.,2.,137.1));
#5711 = VECTOR('',#5712,1.);
#5712 = DIRECTION('',(0.,1.,0.));
#5713 = CARTESIAN_POINT('',(40.,2.,137.1));
#5714 = CARTESIAN_POINT('',(40.,20.,137.1));
#5715 = GEOMETRIC_CURVE_SET('',(#5716));
#5716 = TRIMMED_CURVE('',#5717,(#5721,PARAMETER_VALUE(0.)),(#5722,
    PARAMETER_VALUE(8.)),.T.,.PARAMETER.);
#5717 = LINE('',#5718,#5719);
#5718 = CARTESIAN_POINT('',(53.,2.,137.1));
#5719 = VECTOR('',#5720,1.);
#5720 = DIRECTION('',(0.,0.,1.));
#5721 = CARTESIAN_POINT('',(53.,2.,137.1));
#5722 = CARTESIAN_POINT('',(53.,2.,145.1));
#5723 = GEOMETRIC_CURVE_SET('',(#5724));
#5724 = TRIMMED_CURVE('',#5725,(#5729,PARAMETER_VALUE(0.)),(#5730,
    PARAMETER_VALUE(18.)),.T.,.PARAMETER.);
#5725 = LINE('',#5726,#5727);
#5726 = CARTESIAN_POINT('',(53.,2.,145.1));
#5727 = VECTOR('',#5728,1.);
#5728 = DIRECTION('',(0.,1.,0.));
#5729 = CARTESIAN_POINT('',(53.,2.,145.1));
#5730 = CARTESIAN_POINT('',(53.,20.,145.1));
#5731 = GEOMETRIC_CURVE_SET('',(#5732));
#5732 = TRIMMED_CURVE('',#5733,(#5737,PARAMETER_VALUE(0.)),(#5738,
    PARAMETER_VALUE(8.)),.T.,.PARAMETER.);
#5733 = LINE('',#5734,#5735);
#5734 = CARTESIAN_POINT('',(53.,20.,137.1));
#5735 = VECTOR('',#5736,1.);
#5736 = DIRECTION('',(0.,0.,1.));
#5737 = CARTESIAN_POINT('',(53.,20.,137.1));
#5738 = CARTESIAN_POINT('',(53.,20.,145.1));
#5739 = GEOMETRIC_CURVE_SET('',(#5740));
#5740 = TRIMMED_CURVE('',#5741,(#5745,PARAMETER_VALUE(0.)),(#5746,
    PARAMETER_VALUE(18.)),.T.,.PARAMETER.);
#5741 = LINE('',#5742,#5743);
#5742 = CARTESIAN_POINT('',(53.,2.,137.1));
#5743 = VECTOR('',#5744,1.);
#5744 = DIRECTION('',(0.,1.,0.));
#5745 = CARTESIAN_POINT('',(53.,2.,137.1));
#5746 = CARTESIAN_POINT('',(53.,20.,137.1));
#5747 = GEOMETRIC_CURVE_SET('',(#5748));
#5748 = TRIMMED_CURVE('',#5749,(#5753,PARAMETER_VALUE(0.)),(#5754,
    PARAMETER_VALUE(13.)),.T.,.PARAMETER.);
#5749 = LINE('',#5750,#5751);
#5750 = CARTESIAN_POINT('',(40.,2.,137.1));
#5751 = VECTOR('',#5752,1.);
#5752 = DIRECTION('',(1.,0.,0.));
#5753 = CARTESIAN_POINT('',(40.,2.,137.1));
#5754 = CARTESIAN_POINT('',(53.,2.,137.1));
#5755 = GEOMETRIC_CURVE_SET('',(#5756));
#5756 = TRIMMED_CURVE('',#5757,(#5761,PARAMETER_VALUE(0.)),(#5762,
    PARAMETER_VALUE(13.)),.T.,.PARAMETER.);
#5757 = LINE('',#5758,#5759);
#5758 = CARTESIAN_POINT('',(40.,2.,145.1));
#5759 = VECTOR('',#5760,1.);
#5760 = DIRECTION('',(1.,0.,0.));
#5761 = CARTESIAN_POINT('',(40.,2.,145.1));
#5762 = CARTESIAN_POINT('',(53.,2.,145.1));
#5763 = GEOMETRIC_CURVE_SET('',(#5764));
#5764 = TRIMMED_CURVE('',#5765,(#5769,PARAMETER_VALUE(0.)),(#5770,
    PARAMETER_VALUE(13.)),.T.,.PARAMETER.);
#5765 = LINE('',#5766,#5767);
#5766 = CARTESIAN_POINT('',(40.,20.,137.1));
#5767 = VECTOR('',#5768,1.);
#5768 = DIRECTION('',(1.,0.,0.));
#5769 = CARTESIAN_POINT('',(40.,20.,137.1));
#5770 = CARTESIAN_POINT('',(53.,20.,137.1));
#5771 = GEOMETRIC_CURVE_SET('',(#5772));
#5772 = TRIMMED_CURVE('',#5773,(#5777,PARAMETER_VALUE(0.)),(#5778,
    PARAMETER_VALUE(13.)),.T.,.PARAMETER.);
#5773 = LINE('',#5774,#5775);
#5774 = CARTESIAN_POINT('',(40.,20.,145.1));
#5775 = VECTOR('',#5776,1.);
#5776 = DIRECTION('',(1.,0.,0.));
#5777 = CARTESIAN_POINT('',(40.,20.,145.1));
#5778 = CARTESIAN_POINT('',(53.,20.,145.1));
#5779 = GEOMETRIC_CURVE_SET('',(#5780));
#5780 = TRIMMED_CURVE('',#5781,(#5785,PARAMETER_VALUE(0.)),(#5786,
    PARAMETER_VALUE(8.)),.T.,.PARAMETER.);
#5781 = LINE('',#5782,#5783);
#5782 = CARTESIAN_POINT('',(235.,2.,137.1));
#5783 = VECTOR('',#5784,1.);
#5784 = DIRECTION('',(0.,0.,1.));
#5785 = CARTESIAN_POINT('',(235.,2.,137.1));
#5786 = CARTESIAN_POINT('',(235.,2.,145.1));
#5787 = GEOMETRIC_CURVE_SET('',(#5788));
#5788 = TRIMMED_CURVE('',#5789,(#5793,PARAMETER_VALUE(0.)),(#5794,
    PARAMETER_VALUE(18.)),.T.,.PARAMETER.);
#5789 = LINE('',#5790,#5791);
#5790 = CARTESIAN_POINT('',(235.,2.,145.1));
#5791 = VECTOR('',#5792,1.);
#5792 = DIRECTION('',(0.,1.,0.));
#5793 = CARTESIAN_POINT('',(235.,2.,145.1));
#5794 = CARTESIAN_POINT('',(235.,20.,145.1));
#5795 = GEOMETRIC_CURVE_SET('',(#5796));
#5796 = TRIMMED_CURVE('',#5797,(#5801,PARAMETER_VALUE(0.)),(#5802,
    PARAMETER_VALUE(8.)),.T.,.PARAMETER.);
#5797 = LINE('',#5798,#5799);
#5798 = CARTESIAN_POINT('',(235.,20.,137.1));
#5799 = VECTOR('',#5800,1.);
#5800 = DIRECTION('',(0.,0.,1.));
#5801 = CARTESIAN_POINT('',(235.,20.,137.1));
#5802 = CARTESIAN_POINT('',(235.,20.,145.1));
#5803 = GEOMETRIC_CURVE_SET('',(#5804));
#5804 = TRIMMED_CURVE('',#5805,(#5809,PARAMETER_VALUE(0.)),(#5810,
    PARAMETER_VALUE(18.)),.T.,.PARAMETER.);
#5805 = LINE('',#5806,#5807);
#5806 = CARTESIAN_POINT('',(235.,2.,137.1));
#5807 = VECTOR('',#5808,1.);
#5808 = DIRECTION('',(0.,1.,0.));
#5809 = CARTESIAN_POINT('',(235.,2.,137.1));
#5810 = CARTESIAN_POINT('',(235.,20.,137.1));
#5811 = GEOMETRIC_CURVE_SET('',(#5812));
#5812 = TRIMMED_CURVE('',#5813,(#5817,PARAMETER_VALUE(0.)),(#5818,
    PARAMETER_VALUE(8.)),.T.,.PARAMETER.);
#5813 = LINE('',#5814,#5815);
#5814 = CARTESIAN_POINT('',(248.,2.,137.1));
#5815 = VECTOR('',#5816,1.);
#5816 = DIRECTION('',(0.,0.,1.));
#5817 = CARTESIAN_POINT('',(248.,2.,137.1));
#5818 = CARTESIAN_POINT('',(248.,2.,145.1));
#5819 = GEOMETRIC_CURVE_SET('',(#5820));
#5820 = TRIMMED_CURVE('',#5821,(#5825,PARAMETER_VALUE(0.)),(#5826,
    PARAMETER_VALUE(18.)),.T.,.PARAMETER.);
#5821 = LINE('',#5822,#5823);
#5822 = CARTESIAN_POINT('',(248.,2.,145.1));
#5823 = VECTOR('',#5824,1.);
#5824 = DIRECTION('',(0.,1.,0.));
#5825 = CARTESIAN_POINT('',(248.,2.,145.1));
#5826 = CARTESIAN_POINT('',(248.,20.,145.1));
#5827 = GEOMETRIC_CURVE_SET('',(#5828));
#5828 = TRIMMED_CURVE('',#5829,(#5833,PARAMETER_VALUE(0.)),(#5834,
    PARAMETER_VALUE(8.)),.T.,.PARAMETER.);
#5829 = LINE('',#5830,#5831);
#5830 = CARTESIAN_POINT('',(248.,20.,137.1));
#5831 = VECTOR('',#5832,1.);
#5832 = DIRECTION('',(0.,0.,1.));
#5833 = CARTESIAN_POINT('',(248.,20.,137.1));
#5834 = CARTESIAN_POINT('',(248.,20.,145.1));
#5835 = GEOMETRIC_CURVE_SET('',(#5836));
#5836 = TRIMMED_CURVE('',#5837,(#5841,PARAMETER_VALUE(0.)),(#5842,
    PARAMETER_VALUE(18.)),.T.,.PARAMETER.);
#5837 = LINE('',#5838,#5839);
#5838 = CARTESIAN_POINT('',(248.,2.,137.1));
#5839 = VECTOR('',#5840,1.);
#5840 = DIRECTION('',(0.,1.,0.));
#5841 = CARTESIAN_POINT('',(248.,2.,137.1));
#5842 = CARTESIAN_POINT('',(248.,20.,137.1));
#5843 = GEOMETRIC_CURVE_SET('',(#5844));
#5844 = TRIMMED_CURVE('',#5845,(#5849,PARAMETER_VALUE(0.)),(#5850,
    PARAMETER_VALUE(13.)),.T.,.PARAMETER.);
#5845 = LINE('',#5846,#5847);
#5846 = CARTESIAN_POINT('',(235.,2.,137.1));
#5847 = VECTOR('',#5848,1.);
#5848 = DIRECTION('',(1.,0.,0.));
#5849 = CARTESIAN_POINT('',(235.,2.,137.1));
#5850 = CARTESIAN_POINT('',(248.,2.,137.1));
#5851 = GEOMETRIC_CURVE_SET('',(#5852));
#5852 = TRIMMED_CURVE('',#5853,(#5857,PARAMETER_VALUE(0.)),(#5858,
    PARAMETER_VALUE(13.)),.T.,.PARAMETER.);
#5853 = LINE('',#5854,#5855);
#5854 = CARTESIAN_POINT('',(235.,2.,145.1));
#5855 = VECTOR('',#5856,1.);
#5856 = DIRECTION('',(1.,0.,0.));
#5857 = CARTESIAN_POINT('',(235.,2.,145.1));
#5858 = CARTESIAN_POINT('',(248.,2.,145.1));
#5859 = GEOMETRIC_CURVE_SET('',(#5860));
#5860 = TRIMMED_CURVE('',#5861,(#5865,PARAMETER_VALUE(0.)),(#5866,
    PARAMETER_VALUE(13.)),.T.,.PARAMETER.);
#5861 = LINE('',#5862,#5863);
#5862 = CARTESIAN_POINT('',(235.,20.,137.1));
#5863 = VECTOR('',#5864,1.);
#5864 = DIRECTION('',(1.,0.,0.));
#5865 = CARTESIAN_POINT('',(235.,20.,137.1));
#5866 = CARTESIAN_POINT('',(248.,20.,137.1));
#5867 = GEOMETRIC_CURVE_SET('',(#5868));
#5868 = TRIMMED_CURVE('',#5869,(#5873,PARAMETER_VALUE(0.)),(#5874,
    PARAMETER_VALUE(13.)),.T.,.PARAMETER.);
#5869 = LINE('',#5870,#5871);
#5870 = CARTESIAN_POINT('',(235.,20.,145.1));
#5871 = VECTOR('',#5872,1.);
#5872 = DIRECTION('',(1.,0.,0.));
#5873 = CARTESIAN_POINT('',(235.,20.,145.1));
#5874 = CARTESIAN_POINT('',(248.,20.,145.1));
#5875 = GEOMETRIC_CURVE_SET('',(#5876));
#5876 = TRIMMED_CURVE('',#5877,(#5881,PARAMETER_VALUE(0.)),(#5882,
    PARAMETER_VALUE(8.)),.T.,.PARAMETER.);
#5877 = LINE('',#5878,#5879);
#5878 = CARTESIAN_POINT('',(2.,140.,125.1));
#5879 = VECTOR('',#5880,1.);
#5880 = DIRECTION('',(0.,0.,1.));
#5881 = CARTESIAN_POINT('',(2.,140.,125.1));
#5882 = CARTESIAN_POINT('',(2.,140.,133.1));
#5883 = GEOMETRIC_CURVE_SET('',(#5884));
#5884 = TRIMMED_CURVE('',#5885,(#5889,PARAMETER_VALUE(0.)),(#5890,
    PARAMETER_VALUE(18.)),.T.,.PARAMETER.);
#5885 = LINE('',#5886,#5887);
#5886 = CARTESIAN_POINT('',(2.,140.,133.1));
#5887 = VECTOR('',#5888,1.);
#5888 = DIRECTION('',(0.,1.,0.));
#5889 = CARTESIAN_POINT('',(2.,140.,133.1));
#5890 = CARTESIAN_POINT('',(2.,158.,133.1));
#5891 = GEOMETRIC_CURVE_SET('',(#5892));
#5892 = TRIMMED_CURVE('',#5893,(#5897,PARAMETER_VALUE(0.)),(#5898,
    PARAMETER_VALUE(8.)),.T.,.PARAMETER.);
#5893 = LINE('',#5894,#5895);
#5894 = CARTESIAN_POINT('',(2.,158.,125.1));
#5895 = VECTOR('',#5896,1.);
#5896 = DIRECTION('',(0.,0.,1.));
#5897 = CARTESIAN_POINT('',(2.,158.,125.1));
#5898 = CARTESIAN_POINT('',(2.,158.,133.1));
#5899 = GEOMETRIC_CURVE_SET('',(#5900));
#5900 = TRIMMED_CURVE('',#5901,(#5905,PARAMETER_VALUE(0.)),(#5906,
    PARAMETER_VALUE(18.)),.T.,.PARAMETER.);
#5901 = LINE('',#5902,#5903);
#5902 = CARTESIAN_POINT('',(2.,140.,125.1));
#5903 = VECTOR('',#5904,1.);
#5904 = DIRECTION('',(0.,1.,0.));
#5905 = CARTESIAN_POINT('',(2.,140.,125.1));
#5906 = CARTESIAN_POINT('',(2.,158.,125.1));
#5907 = GEOMETRIC_CURVE_SET('',(#5908));
#5908 = TRIMMED_CURVE('',#5909,(#5913,PARAMETER_VALUE(0.)),(#5914,
    PARAMETER_VALUE(8.)),.T.,.PARAMETER.);
#5909 = LINE('',#5910,#5911);
#5910 = CARTESIAN_POINT('',(15.,140.,125.1));
#5911 = VECTOR('',#5912,1.);
#5912 = DIRECTION('',(0.,0.,1.));
#5913 = CARTESIAN_POINT('',(15.,140.,125.1));
#5914 = CARTESIAN_POINT('',(15.,140.,133.1));
#5915 = GEOMETRIC_CURVE_SET('',(#5916));
#5916 = TRIMMED_CURVE('',#5917,(#5921,PARAMETER_VALUE(0.)),(#5922,
    PARAMETER_VALUE(18.)),.T.,.PARAMETER.);
#5917 = LINE('',#5918,#5919);
#5918 = CARTESIAN_POINT('',(15.,140.,133.1));
#5919 = VECTOR('',#5920,1.);
#5920 = DIRECTION('',(0.,1.,0.));
#5921 = CARTESIAN_POINT('',(15.,140.,133.1));
#5922 = CARTESIAN_POINT('',(15.,158.,133.1));
#5923 = GEOMETRIC_CURVE_SET('',(#5924));
#5924 = TRIMMED_CURVE('',#5925,(#5929,PARAMETER_VALUE(0.)),(#5930,
    PARAMETER_VALUE(8.)),.T.,.PARAMETER.);
#5925 = LINE('',#5926,#5927);
#5926 = CARTESIAN_POINT('',(15.,158.,125.1));
#5927 = VECTOR('',#5928,1.);
#5928 = DIRECTION('',(0.,0.,1.));
#5929 = CARTESIAN_POINT('',(15.,158.,125.1));
#5930 = CARTESIAN_POINT('',(15.,158.,133.1));
#5931 = GEOMETRIC_CURVE_SET('',(#5932));
#5932 = TRIMMED_CURVE('',#5933,(#5937,PARAMETER_VALUE(0.)),(#5938,
    PARAMETER_VALUE(18.)),.T.,.PARAMETER.);
#5933 = LINE('',#5934,#5935);
#5934 = CARTESIAN_POINT('',(15.,140.,125.1));
#5935 = VECTOR('',#5936,1.);
#5936 = DIRECTION('',(0.,1.,0.));
#5937 = CARTESIAN_POINT('',(15.,140.,125.1));
#5938 = CARTESIAN_POINT('',(15.,158.,125.1));
#5939 = GEOMETRIC_CURVE_SET('',(#5940));
#5940 = TRIMMED_CURVE('',#5941,(#5945,PARAMETER_VALUE(0.)),(#5946,
    PARAMETER_VALUE(13.)),.T.,.PARAMETER.);
#5941 = LINE('',#5942,#5943);
#5942 = CARTESIAN_POINT('',(2.,140.,125.1));
#5943 = VECTOR('',#5944,1.);
#5944 = DIRECTION('',(1.,0.,0.));
#5945 = CARTESIAN_POINT('',(2.,140.,125.1));
#5946 = CARTESIAN_POINT('',(15.,140.,125.1));
#5947 = GEOMETRIC_CURVE_SET('',(#5948));
#5948 = TRIMMED_CURVE('',#5949,(#5953,PARAMETER_VALUE(0.)),(#5954,
    PARAMETER_VALUE(13.)),.T.,.PARAMETER.);
#5949 = LINE('',#5950,#5951);
#5950 = CARTESIAN_POINT('',(2.,140.,133.1));
#5951 = VECTOR('',#5952,1.);
#5952 = DIRECTION('',(1.,0.,0.));
#5953 = CARTESIAN_POINT('',(2.,140.,133.1));
#5954 = CARTESIAN_POINT('',(15.,140.,133.1));
#5955 = GEOMETRIC_CURVE_SET('',(#5956));
#5956 = TRIMMED_CURVE('',#5957,(#5961,PARAMETER_VALUE(0.)),(#5962,
    PARAMETER_VALUE(13.)),.T.,.PARAMETER.);
#5957 = LINE('',#5958,#5959);
#5958 = CARTESIAN_POINT('',(2.,158.,125.1));
#5959 = VECTOR('',#5960,1.);
#5960 = DIRECTION('',(1.,0.,0.));
#5961 = CARTESIAN_POINT('',(2.,158.,125.1));
#5962 = CARTESIAN_POINT('',(15.,158.,125.1));
#5963 = GEOMETRIC_CURVE_SET('',(#5964));
#5964 = TRIMMED_CURVE('',#5965,(#5969,PARAMETER_VALUE(0.)),(#5970,
    PARAMETER_VALUE(13.)),.T.,.PARAMETER.);
#5965 = LINE('',#5966,#5967);
#5966 = CARTESIAN_POINT('',(2.,158.,133.1));
#5967 = VECTOR('',#5968,1.);
#5968 = DIRECTION('',(1.,0.,0.));
#5969 = CARTESIAN_POINT('',(2.,158.,133.1));
#5970 = CARTESIAN_POINT('',(15.,158.,133.1));
#5971 = GEOMETRIC_CURVE_SET('',(#5972));
#5972 = TRIMMED_CURVE('',#5973,(#5977,PARAMETER_VALUE(0.)),(#5978,
    PARAMETER_VALUE(8.)),.T.,.PARAMETER.);
#5973 = LINE('',#5974,#5975);
#5974 = CARTESIAN_POINT('',(261.,140.,125.1));
#5975 = VECTOR('',#5976,1.);
#5976 = DIRECTION('',(0.,0.,1.));
#5977 = CARTESIAN_POINT('',(261.,140.,125.1));
#5978 = CARTESIAN_POINT('',(261.,140.,133.1));
#5979 = GEOMETRIC_CURVE_SET('',(#5980));
#5980 = TRIMMED_CURVE('',#5981,(#5985,PARAMETER_VALUE(0.)),(#5986,
    PARAMETER_VALUE(18.)),.T.,.PARAMETER.);
#5981 = LINE('',#5982,#5983);
#5982 = CARTESIAN_POINT('',(261.,140.,133.1));
#5983 = VECTOR('',#5984,1.);
#5984 = DIRECTION('',(0.,1.,0.));
#5985 = CARTESIAN_POINT('',(261.,140.,133.1));
#5986 = CARTESIAN_POINT('',(261.,158.,133.1));
#5987 = GEOMETRIC_CURVE_SET('',(#5988));
#5988 = TRIMMED_CURVE('',#5989,(#5993,PARAMETER_VALUE(0.)),(#5994,
    PARAMETER_VALUE(8.)),.T.,.PARAMETER.);
#5989 = LINE('',#5990,#5991);
#5990 = CARTESIAN_POINT('',(261.,158.,125.1));
#5991 = VECTOR('',#5992,1.);
#5992 = DIRECTION('',(0.,0.,1.));
#5993 = CARTESIAN_POINT('',(261.,158.,125.1));
#5994 = CARTESIAN_POINT('',(261.,158.,133.1));
#5995 = GEOMETRIC_CURVE_SET('',(#5996));
#5996 = TRIMMED_CURVE('',#5997,(#6001,PARAMETER_VALUE(0.)),(#6002,
    PARAMETER_VALUE(18.)),.T.,.PARAMETER.);
#5997 = LINE('',#5998,#5999);
#5998 = CARTESIAN_POINT('',(261.,140.,125.1));
#5999 = VECTOR('',#6000,1.);
#6000 = DIRECTION('',(0.,1.,0.));
#6001 = CARTESIAN_POINT('',(261.,140.,125.1));
#6002 = CARTESIAN_POINT('',(261.,158.,125.1));
#6003 = GEOMETRIC_CURVE_SET('',(#6004));
#6004 = TRIMMED_CURVE('',#6005,(#6009,PARAMETER_VALUE(0.)),(#6010,
    PARAMETER_VALUE(8.)),.T.,.PARAMETER.);
#6005 = LINE('',#6006,#6007);
#6006 = CARTESIAN_POINT('',(274.,140.,125.1));
#6007 = VECTOR('',#6008,1.);
#6008 = DIRECTION('',(0.,0.,1.));
#6009 = CARTESIAN_POINT('',(274.,140.,125.1));
#6010 = CARTESIAN_POINT('',(274.,140.,133.1));
#6011 = GEOMETRIC_CURVE_SET('',(#6012));
#6012 = TRIMMED_CURVE('',#6013,(#6017,PARAMETER_VALUE(0.)),(#6018,
    PARAMETER_VALUE(18.)),.T.,.PARAMETER.);
#6013 = LINE('',#6014,#6015);
#6014 = CARTESIAN_POINT('',(274.,140.,133.1));
#6015 = VECTOR('',#6016,1.);
#6016 = DIRECTION('',(0.,1.,0.));
#6017 = CARTESIAN_POINT('',(274.,140.,133.1));
#6018 = CARTESIAN_POINT('',(274.,158.,133.1));
#6019 = GEOMETRIC_CURVE_SET('',(#6020));
#6020 = TRIMMED_CURVE('',#6021,(#6025,PARAMETER_VALUE(0.)),(#6026,
    PARAMETER_VALUE(8.)),.T.,.PARAMETER.);
#6021 = LINE('',#6022,#6023);
#6022 = CARTESIAN_POINT('',(274.,158.,125.1));
#6023 = VECTOR('',#6024,1.);
#6024 = DIRECTION('',(0.,0.,1.));
#6025 = CARTESIAN_POINT('',(274.,158.,125.1));
#6026 = CARTESIAN_POINT('',(274.,158.,133.1));
#6027 = GEOMETRIC_CURVE_SET('',(#6028));
#6028 = TRIMMED_CURVE('',#6029,(#6033,PARAMETER_VALUE(0.)),(#6034,
    PARAMETER_VALUE(18.)),.T.,.PARAMETER.);
#6029 = LINE('',#6030,#6031);
#6030 = CARTESIAN_POINT('',(274.,140.,125.1));
#6031 = VECTOR('',#6032,1.);
#6032 = DIRECTION('',(0.,1.,0.));
#6033 = CARTESIAN_POINT('',(274.,140.,125.1));
#6034 = CARTESIAN_POINT('',(274.,158.,125.1));
#6035 = GEOMETRIC_CURVE_SET('',(#6036));
#6036 = TRIMMED_CURVE('',#6037,(#6041,PARAMETER_VALUE(0.)),(#6042,
    PARAMETER_VALUE(13.)),.T.,.PARAMETER.);
#6037 = LINE('',#6038,#6039);
#6038 = CARTESIAN_POINT('',(261.,140.,125.1));
#6039 = VECTOR('',#6040,1.);
#6040 = DIRECTION('',(1.,0.,0.));
#6041 = CARTESIAN_POINT('',(261.,140.,125.1));
#6042 = CARTESIAN_POINT('',(274.,140.,125.1));
#6043 = GEOMETRIC_CURVE_SET('',(#6044));
#6044 = TRIMMED_CURVE('',#6045,(#6049,PARAMETER_VALUE(0.)),(#6050,
    PARAMETER_VALUE(13.)),.T.,.PARAMETER.);
#6045 = LINE('',#6046,#6047);
#6046 = CARTESIAN_POINT('',(261.,140.,133.1));
#6047 = VECTOR('',#6048,1.);
#6048 = DIRECTION('',(1.,0.,0.));
#6049 = CARTESIAN_POINT('',(261.,140.,133.1));
#6050 = CARTESIAN_POINT('',(274.,140.,133.1));
#6051 = GEOMETRIC_CURVE_SET('',(#6052));
#6052 = TRIMMED_CURVE('',#6053,(#6057,PARAMETER_VALUE(0.)),(#6058,
    PARAMETER_VALUE(13.)),.T.,.PARAMETER.);
#6053 = LINE('',#6054,#6055);
#6054 = CARTESIAN_POINT('',(261.,158.,125.1));
#6055 = VECTOR('',#6056,1.);
#6056 = DIRECTION('',(1.,0.,0.));
#6057 = CARTESIAN_POINT('',(261.,158.,125.1));
#6058 = CARTESIAN_POINT('',(274.,158.,125.1));
#6059 = GEOMETRIC_CURVE_SET('',(#6060));
#6060 = TRIMMED_CURVE('',#6061,(#6065,PARAMETER_VALUE(0.)),(#6066,
    PARAMETER_VALUE(13.)),.T.,.PARAMETER.);
#6061 = LINE('',#6062,#6063);
#6062 = CARTESIAN_POINT('',(261.,158.,133.1));
#6063 = VECTOR('',#6064,1.);
#6064 = DIRECTION('',(1.,0.,0.));
#6065 = CARTESIAN_POINT('',(261.,158.,133.1));
#6066 = CARTESIAN_POINT('',(274.,158.,133.1));
#6067 = GEOMETRIC_CURVE_SET('',(#6068));
#6068 = TRIMMED_CURVE('',#6069,(#6073,PARAMETER_VALUE(0.)),(#6074,
    PARAMETER_VALUE(8.)),.T.,.PARAMETER.);
#6069 = LINE('',#6070,#6071);
#6070 = CARTESIAN_POINT('',(45.,253.,137.1));
#6071 = VECTOR('',#6072,1.);
#6072 = DIRECTION('',(0.,0.,1.));
#6073 = CARTESIAN_POINT('',(45.,253.,137.1));
#6074 = CARTESIAN_POINT('',(45.,253.,145.1));
#6075 = GEOMETRIC_CURVE_SET('',(#6076));
#6076 = TRIMMED_CURVE('',#6077,(#6081,PARAMETER_VALUE(0.)),(#6082,
    PARAMETER_VALUE(18.)),.T.,.PARAMETER.);
#6077 = LINE('',#6078,#6079);
#6078 = CARTESIAN_POINT('',(45.,253.,145.1));
#6079 = VECTOR('',#6080,1.);
#6080 = DIRECTION('',(0.,1.,0.));
#6081 = CARTESIAN_POINT('',(45.,253.,145.1));
#6082 = CARTESIAN_POINT('',(45.,271.,145.1));
#6083 = GEOMETRIC_CURVE_SET('',(#6084));
#6084 = TRIMMED_CURVE('',#6085,(#6089,PARAMETER_VALUE(0.)),(#6090,
    PARAMETER_VALUE(8.)),.T.,.PARAMETER.);
#6085 = LINE('',#6086,#6087);
#6086 = CARTESIAN_POINT('',(45.,271.,137.1));
#6087 = VECTOR('',#6088,1.);
#6088 = DIRECTION('',(0.,0.,1.));
#6089 = CARTESIAN_POINT('',(45.,271.,137.1));
#6090 = CARTESIAN_POINT('',(45.,271.,145.1));
#6091 = GEOMETRIC_CURVE_SET('',(#6092));
#6092 = TRIMMED_CURVE('',#6093,(#6097,PARAMETER_VALUE(0.)),(#6098,
    PARAMETER_VALUE(18.)),.T.,.PARAMETER.);
#6093 = LINE('',#6094,#6095);
#6094 = CARTESIAN_POINT('',(45.,253.,137.1));
#6095 = VECTOR('',#6096,1.);
#6096 = DIRECTION('',(0.,1.,0.));
#6097 = CARTESIAN_POINT('',(45.,253.,137.1));
#6098 = CARTESIAN_POINT('',(45.,271.,137.1));
#6099 = GEOMETRIC_CURVE_SET('',(#6100));
#6100 = TRIMMED_CURVE('',#6101,(#6105,PARAMETER_VALUE(0.)),(#6106,
    PARAMETER_VALUE(8.)),.T.,.PARAMETER.);
#6101 = LINE('',#6102,#6103);
#6102 = CARTESIAN_POINT('',(58.,253.,137.1));
#6103 = VECTOR('',#6104,1.);
#6104 = DIRECTION('',(0.,0.,1.));
#6105 = CARTESIAN_POINT('',(58.,253.,137.1));
#6106 = CARTESIAN_POINT('',(58.,253.,145.1));
#6107 = GEOMETRIC_CURVE_SET('',(#6108));
#6108 = TRIMMED_CURVE('',#6109,(#6113,PARAMETER_VALUE(0.)),(#6114,
    PARAMETER_VALUE(18.)),.T.,.PARAMETER.);
#6109 = LINE('',#6110,#6111);
#6110 = CARTESIAN_POINT('',(58.,253.,145.1));
#6111 = VECTOR('',#6112,1.);
#6112 = DIRECTION('',(0.,1.,0.));
#6113 = CARTESIAN_POINT('',(58.,253.,145.1));
#6114 = CARTESIAN_POINT('',(58.,271.,145.1));
#6115 = GEOMETRIC_CURVE_SET('',(#6116));
#6116 = TRIMMED_CURVE('',#6117,(#6121,PARAMETER_VALUE(0.)),(#6122,
    PARAMETER_VALUE(8.)),.T.,.PARAMETER.);
#6117 = LINE('',#6118,#6119);
#6118 = CARTESIAN_POINT('',(58.,271.,137.1));
#6119 = VECTOR('',#6120,1.);
#6120 = DIRECTION('',(0.,0.,1.));
#6121 = CARTESIAN_POINT('',(58.,271.,137.1));
#6122 = CARTESIAN_POINT('',(58.,271.,145.1));
#6123 = GEOMETRIC_CURVE_SET('',(#6124));
#6124 = TRIMMED_CURVE('',#6125,(#6129,PARAMETER_VALUE(0.)),(#6130,
    PARAMETER_VALUE(18.)),.T.,.PARAMETER.);
#6125 = LINE('',#6126,#6127);
#6126 = CARTESIAN_POINT('',(58.,253.,137.1));
#6127 = VECTOR('',#6128,1.);
#6128 = DIRECTION('',(0.,1.,0.));
#6129 = CARTESIAN_POINT('',(58.,253.,137.1));
#6130 = CARTESIAN_POINT('',(58.,271.,137.1));
#6131 = GEOMETRIC_CURVE_SET('',(#6132));
#6132 = TRIMMED_CURVE('',#6133,(#6137,PARAMETER_VALUE(0.)),(#6138,
    PARAMETER_VALUE(13.)),.T.,.PARAMETER.);
#6133 = LINE('',#6134,#6135);
#6134 = CARTESIAN_POINT('',(45.,253.,137.1));
#6135 = VECTOR('',#6136,1.);
#6136 = DIRECTION('',(1.,0.,0.));
#6137 = CARTESIAN_POINT('',(45.,253.,137.1));
#6138 = CARTESIAN_POINT('',(58.,253.,137.1));
#6139 = GEOMETRIC_CURVE_SET('',(#6140));
#6140 = TRIMMED_CURVE('',#6141,(#6145,PARAMETER_VALUE(0.)),(#6146,
    PARAMETER_VALUE(13.)),.T.,.PARAMETER.);
#6141 = LINE('',#6142,#6143);
#6142 = CARTESIAN_POINT('',(45.,253.,145.1));
#6143 = VECTOR('',#6144,1.);
#6144 = DIRECTION('',(1.,0.,0.));
#6145 = CARTESIAN_POINT('',(45.,253.,145.1));
#6146 = CARTESIAN_POINT('',(58.,253.,145.1));
#6147 = GEOMETRIC_CURVE_SET('',(#6148));
#6148 = TRIMMED_CURVE('',#6149,(#6153,PARAMETER_VALUE(0.)),(#6154,
    PARAMETER_VALUE(13.)),.T.,.PARAMETER.);
#6149 = LINE('',#6150,#6151);
#6150 = CARTESIAN_POINT('',(45.,271.,137.1));
#6151 = VECTOR('',#6152,1.);
#6152 = DIRECTION('',(1.,0.,0.));
#6153 = CARTESIAN_POINT('',(45.,271.,137.1));
#6154 = CARTESIAN_POINT('',(58.,271.,137.1));
#6155 = GEOMETRIC_CURVE_SET('',(#6156));
#6156 = TRIMMED_CURVE('',#6157,(#6161,PARAMETER_VALUE(0.)),(#6162,
    PARAMETER_VALUE(13.)),.T.,.PARAMETER.);
#6157 = LINE('',#6158,#6159);
#6158 = CARTESIAN_POINT('',(45.,271.,145.1));
#6159 = VECTOR('',#6160,1.);
#6160 = DIRECTION('',(1.,0.,0.));
#6161 = CARTESIAN_POINT('',(45.,271.,145.1));
#6162 = CARTESIAN_POINT('',(58.,271.,145.1));
#6163 = GEOMETRIC_CURVE_SET('',(#6164));
#6164 = TRIMMED_CURVE('',#6165,(#6169,PARAMETER_VALUE(0.)),(#6170,
    PARAMETER_VALUE(8.)),.T.,.PARAMETER.);
#6165 = LINE('',#6166,#6167);
#6166 = CARTESIAN_POINT('',(230.,253.,137.1));
#6167 = VECTOR('',#6168,1.);
#6168 = DIRECTION('',(0.,0.,1.));
#6169 = CARTESIAN_POINT('',(230.,253.,137.1));
#6170 = CARTESIAN_POINT('',(230.,253.,145.1));
#6171 = GEOMETRIC_CURVE_SET('',(#6172));
#6172 = TRIMMED_CURVE('',#6173,(#6177,PARAMETER_VALUE(0.)),(#6178,
    PARAMETER_VALUE(18.)),.T.,.PARAMETER.);
#6173 = LINE('',#6174,#6175);
#6174 = CARTESIAN_POINT('',(230.,253.,145.1));
#6175 = VECTOR('',#6176,1.);
#6176 = DIRECTION('',(0.,1.,0.));
#6177 = CARTESIAN_POINT('',(230.,253.,145.1));
#6178 = CARTESIAN_POINT('',(230.,271.,145.1));
#6179 = GEOMETRIC_CURVE_SET('',(#6180));
#6180 = TRIMMED_CURVE('',#6181,(#6185,PARAMETER_VALUE(0.)),(#6186,
    PARAMETER_VALUE(8.)),.T.,.PARAMETER.);
#6181 = LINE('',#6182,#6183);
#6182 = CARTESIAN_POINT('',(230.,271.,137.1));
#6183 = VECTOR('',#6184,1.);
#6184 = DIRECTION('',(0.,0.,1.));
#6185 = CARTESIAN_POINT('',(230.,271.,137.1));
#6186 = CARTESIAN_POINT('',(230.,271.,145.1));
#6187 = GEOMETRIC_CURVE_SET('',(#6188));
#6188 = TRIMMED_CURVE('',#6189,(#6193,PARAMETER_VALUE(0.)),(#6194,
    PARAMETER_VALUE(18.)),.T.,.PARAMETER.);
#6189 = LINE('',#6190,#6191);
#6190 = CARTESIAN_POINT('',(230.,253.,137.1));
#6191 = VECTOR('',#6192,1.);
#6192 = DIRECTION('',(0.,1.,0.));
#6193 = CARTESIAN_POINT('',(230.,253.,137.1));
#6194 = CARTESIAN_POINT('',(230.,271.,137.1));
#6195 = GEOMETRIC_CURVE_SET('',(#6196));
#6196 = TRIMMED_CURVE('',#6197,(#6201,PARAMETER_VALUE(0.)),(#6202,
    PARAMETER_VALUE(8.)),.T.,.PARAMETER.);
#6197 = LINE('',#6198,#6199);
#6198 = CARTESIAN_POINT('',(243.,253.,137.1));
#6199 = VECTOR('',#6200,1.);
#6200 = DIRECTION('',(0.,0.,1.));
#6201 = CARTESIAN_POINT('',(243.,253.,137.1));
#6202 = CARTESIAN_POINT('',(243.,253.,145.1));
#6203 = GEOMETRIC_CURVE_SET('',(#6204));
#6204 = TRIMMED_CURVE('',#6205,(#6209,PARAMETER_VALUE(0.)),(#6210,
    PARAMETER_VALUE(18.)),.T.,.PARAMETER.);
#6205 = LINE('',#6206,#6207);
#6206 = CARTESIAN_POINT('',(243.,253.,145.1));
#6207 = VECTOR('',#6208,1.);
#6208 = DIRECTION('',(0.,1.,0.));
#6209 = CARTESIAN_POINT('',(243.,253.,145.1));
#6210 = CARTESIAN_POINT('',(243.,271.,145.1));
#6211 = GEOMETRIC_CURVE_SET('',(#6212));
#6212 = TRIMMED_CURVE('',#6213,(#6217,PARAMETER_VALUE(0.)),(#6218,
    PARAMETER_VALUE(8.)),.T.,.PARAMETER.);
#6213 = LINE('',#6214,#6215);
#6214 = CARTESIAN_POINT('',(243.,271.,137.1));
#6215 = VECTOR('',#6216,1.);
#6216 = DIRECTION('',(0.,0.,1.));
#6217 = CARTESIAN_POINT('',(243.,271.,137.1));
#6218 = CARTESIAN_POINT('',(243.,271.,145.1));
#6219 = GEOMETRIC_CURVE_SET('',(#6220));
#6220 = TRIMMED_CURVE('',#6221,(#6225,PARAMETER_VALUE(0.)),(#6226,
    PARAMETER_VALUE(18.)),.T.,.PARAMETER.);
#6221 = LINE('',#6222,#6223);
#6222 = CARTESIAN_POINT('',(243.,253.,137.1));
#6223 = VECTOR('',#6224,1.);
#6224 = DIRECTION('',(0.,1.,0.));
#6225 = CARTESIAN_POINT('',(243.,253.,137.1));
#6226 = CARTESIAN_POINT('',(243.,271.,137.1));
#6227 = GEOMETRIC_CURVE_SET('',(#6228));
#6228 = TRIMMED_CURVE('',#6229,(#6233,PARAMETER_VALUE(0.)),(#6234,
    PARAMETER_VALUE(13.)),.T.,.PARAMETER.);
#6229 = LINE('',#6230,#6231);
#6230 = CARTESIAN_POINT('',(230.,253.,137.1));
#6231 = VECTOR('',#6232,1.);
#6232 = DIRECTION('',(1.,0.,0.));
#6233 = CARTESIAN_POINT('',(230.,253.,137.1));
#6234 = CARTESIAN_POINT('',(243.,253.,137.1));
#6235 = GEOMETRIC_CURVE_SET('',(#6236));
#6236 = TRIMMED_CURVE('',#6237,(#6241,PARAMETER_VALUE(0.)),(#6242,
    PARAMETER_VALUE(13.)),.T.,.PARAMETER.);
#6237 = LINE('',#6238,#6239);
#6238 = CARTESIAN_POINT('',(230.,253.,145.1));
#6239 = VECTOR('',#6240,1.);
#6240 = DIRECTION('',(1.,0.,0.));
#6241 = CARTESIAN_POINT('',(230.,253.,145.1));
#6242 = CARTESIAN_POINT('',(243.,253.,145.1));
#6243 = GEOMETRIC_CURVE_SET('',(#6244));
#6244 = TRIMMED_CURVE('',#6245,(#6249,PARAMETER_VALUE(0.)),(#6250,
    PARAMETER_VALUE(13.)),.T.,.PARAMETER.);
#6245 = LINE('',#6246,#6247);
#6246 = CARTESIAN_POINT('',(230.,271.,137.1));
#6247 = VECTOR('',#6248,1.);
#6248 = DIRECTION('',(1.,0.,0.));
#6249 = CARTESIAN_POINT('',(230.,271.,137.1));
#6250 = CARTESIAN_POINT('',(243.,271.,137.1));
#6251 = GEOMETRIC_CURVE_SET('',(#6252));
#6252 = TRIMMED_CURVE('',#6253,(#6257,PARAMETER_VALUE(0.)),(#6258,
    PARAMETER_VALUE(13.)),.T.,.PARAMETER.);
#6253 = LINE('',#6254,#6255);
#6254 = CARTESIAN_POINT('',(230.,271.,145.1));
#6255 = VECTOR('',#6256,1.);
#6256 = DIRECTION('',(1.,0.,0.));
#6257 = CARTESIAN_POINT('',(230.,271.,145.1));
#6258 = CARTESIAN_POINT('',(243.,271.,145.1));
#6259 = GEOMETRIC_CURVE_SET('',(#6260));
#6260 = TRIMMED_CURVE('',#6261,(#6265,PARAMETER_VALUE(0.)),(#6266,
    PARAMETER_VALUE(20.)),.T.,.PARAMETER.);
#6261 = LINE('',#6262,#6263);
#6262 = CARTESIAN_POINT('',(45.,90.,125.1));
#6263 = VECTOR('',#6264,1.);
#6264 = DIRECTION('',(0.,0.,1.));
#6265 = CARTESIAN_POINT('',(45.,90.,125.1));
#6266 = CARTESIAN_POINT('',(45.,90.,145.1));
#6267 = GEOMETRIC_CURVE_SET('',(#6268));
#6268 = TRIMMED_CURVE('',#6269,(#6273,PARAMETER_VALUE(0.)),(#6274,
    PARAMETER_VALUE(60.)),.T.,.PARAMETER.);
#6269 = LINE('',#6270,#6271);
#6270 = CARTESIAN_POINT('',(45.,90.,145.1));
#6271 = VECTOR('',#6272,1.);
#6272 = DIRECTION('',(0.,1.,0.));
#6273 = CARTESIAN_POINT('',(45.,90.,145.1));
#6274 = CARTESIAN_POINT('',(45.,150.,145.1));
#6275 = GEOMETRIC_CURVE_SET('',(#6276));
#6276 = TRIMMED_CURVE('',#6277,(#6281,PARAMETER_VALUE(0.)),(#6282,
    PARAMETER_VALUE(20.)),.T.,.PARAMETER.);
#6277 = LINE('',#6278,#6279);
#6278 = CARTESIAN_POINT('',(45.,150.,125.1));
#6279 = VECTOR('',#6280,1.);
#6280 = DIRECTION('',(0.,0.,1.));
#6281 = CARTESIAN_POINT('',(45.,150.,125.1));
#6282 = CARTESIAN_POINT('',(45.,150.,145.1));
#6283 = GEOMETRIC_CURVE_SET('',(#6284));
#6284 = TRIMMED_CURVE('',#6285,(#6289,PARAMETER_VALUE(0.)),(#6290,
    PARAMETER_VALUE(60.)),.T.,.PARAMETER.);
#6285 = LINE('',#6286,#6287);
#6286 = CARTESIAN_POINT('',(45.,90.,125.1));
#6287 = VECTOR('',#6288,1.);
#6288 = DIRECTION('',(0.,1.,0.));
#6289 = CARTESIAN_POINT('',(45.,90.,125.1));
#6290 = CARTESIAN_POINT('',(45.,150.,125.1));
#6291 = GEOMETRIC_CURVE_SET('',(#6292));
#6292 = TRIMMED_CURVE('',#6293,(#6297,PARAMETER_VALUE(0.)),(#6298,
    PARAMETER_VALUE(20.)),.T.,.PARAMETER.);
#6293 = LINE('',#6294,#6295);
#6294 = CARTESIAN_POINT('',(80.,90.,125.1));
#6295 = VECTOR('',#6296,1.);
#6296 = DIRECTION('',(0.,0.,1.));
#6297 = CARTESIAN_POINT('',(80.,90.,125.1));
#6298 = CARTESIAN_POINT('',(80.,90.,145.1));
#6299 = GEOMETRIC_CURVE_SET('',(#6300));
#6300 = TRIMMED_CURVE('',#6301,(#6305,PARAMETER_VALUE(0.)),(#6306,
    PARAMETER_VALUE(60.)),.T.,.PARAMETER.);
#6301 = LINE('',#6302,#6303);
#6302 = CARTESIAN_POINT('',(80.,90.,145.1));
#6303 = VECTOR('',#6304,1.);
#6304 = DIRECTION('',(0.,1.,0.));
#6305 = CARTESIAN_POINT('',(80.,90.,145.1));
#6306 = CARTESIAN_POINT('',(80.,150.,145.1));
#6307 = GEOMETRIC_CURVE_SET('',(#6308));
#6308 = TRIMMED_CURVE('',#6309,(#6313,PARAMETER_VALUE(0.)),(#6314,
    PARAMETER_VALUE(20.)),.T.,.PARAMETER.);
#6309 = LINE('',#6310,#6311);
#6310 = CARTESIAN_POINT('',(80.,150.,125.1));
#6311 = VECTOR('',#6312,1.);
#6312 = DIRECTION('',(0.,0.,1.));
#6313 = CARTESIAN_POINT('',(80.,150.,125.1));
#6314 = CARTESIAN_POINT('',(80.,150.,145.1));
#6315 = GEOMETRIC_CURVE_SET('',(#6316));
#6316 = TRIMMED_CURVE('',#6317,(#6321,PARAMETER_VALUE(0.)),(#6322,
    PARAMETER_VALUE(60.)),.T.,.PARAMETER.);
#6317 = LINE('',#6318,#6319);
#6318 = CARTESIAN_POINT('',(80.,90.,125.1));
#6319 = VECTOR('',#6320,1.);
#6320 = DIRECTION('',(0.,1.,0.));
#6321 = CARTESIAN_POINT('',(80.,90.,125.1));
#6322 = CARTESIAN_POINT('',(80.,150.,125.1));
#6323 = GEOMETRIC_CURVE_SET('',(#6324));
#6324 = TRIMMED_CURVE('',#6325,(#6329,PARAMETER_VALUE(0.)),(#6330,
    PARAMETER_VALUE(35.)),.T.,.PARAMETER.);
#6325 = LINE('',#6326,#6327);
#6326 = CARTESIAN_POINT('',(45.,90.,125.1));
#6327 = VECTOR('',#6328,1.);
#6328 = DIRECTION('',(1.,0.,0.));
#6329 = CARTESIAN_POINT('',(45.,90.,125.1));
#6330 = CARTESIAN_POINT('',(80.,90.,125.1));
#6331 = GEOMETRIC_CURVE_SET('',(#6332));
#6332 = TRIMMED_CURVE('',#6333,(#6337,PARAMETER_VALUE(0.)),(#6338,
    PARAMETER_VALUE(35.)),.T.,.PARAMETER.);
#6333 = LINE('',#6334,#6335);
#6334 = CARTESIAN_POINT('',(45.,90.,145.1));
#6335 = VECTOR('',#6336,1.);
#6336 = DIRECTION('',(1.,0.,0.));
#6337 = CARTESIAN_POINT('',(45.,90.,145.1));
#6338 = CARTESIAN_POINT('',(80.,90.,145.1));
#6339 = GEOMETRIC_CURVE_SET('',(#6340));
#6340 = TRIMMED_CURVE('',#6341,(#6345,PARAMETER_VALUE(0.)),(#6346,
    PARAMETER_VALUE(35.)),.T.,.PARAMETER.);
#6341 = LINE('',#6342,#6343);
#6342 = CARTESIAN_POINT('',(45.,150.,125.1));
#6343 = VECTOR('',#6344,1.);
#6344 = DIRECTION('',(1.,0.,0.));
#6345 = CARTESIAN_POINT('',(45.,150.,125.1));
#6346 = CARTESIAN_POINT('',(80.,150.,125.1));
#6347 = GEOMETRIC_CURVE_SET('',(#6348));
#6348 = TRIMMED_CURVE('',#6349,(#6353,PARAMETER_VALUE(0.)),(#6354,
    PARAMETER_VALUE(35.)),.T.,.PARAMETER.);
#6349 = LINE('',#6350,#6351);
#6350 = CARTESIAN_POINT('',(45.,150.,145.1));
#6351 = VECTOR('',#6352,1.);
#6352 = DIRECTION('',(1.,0.,0.));
#6353 = CARTESIAN_POINT('',(45.,150.,145.1));
#6354 = CARTESIAN_POINT('',(80.,150.,145.1));
#6355 = GEOMETRIC_CURVE_SET('',(#6356));
#6356 = TRIMMED_CURVE('',#6357,(#6361,PARAMETER_VALUE(0.)),(#6362,
    PARAMETER_VALUE(14.)),.T.,.PARAMETER.);
#6357 = LINE('',#6358,#6359);
#6358 = CARTESIAN_POINT('',(10.,91.,125.1));
#6359 = VECTOR('',#6360,1.);
#6360 = DIRECTION('',(0.,0.,1.));
#6361 = CARTESIAN_POINT('',(10.,91.,125.1));
#6362 = CARTESIAN_POINT('',(10.,91.,139.1));
#6363 = GEOMETRIC_CURVE_SET('',(#6364));
#6364 = TRIMMED_CURVE('',#6365,(#6369,PARAMETER_VALUE(0.)),(#6370,
    PARAMETER_VALUE(47.)),.T.,.PARAMETER.);
#6365 = LINE('',#6366,#6367);
#6366 = CARTESIAN_POINT('',(10.,91.,139.1));
#6367 = VECTOR('',#6368,1.);
#6368 = DIRECTION('',(0.,1.,0.));
#6369 = CARTESIAN_POINT('',(10.,91.,139.1));
#6370 = CARTESIAN_POINT('',(10.,138.,139.1));
#6371 = GEOMETRIC_CURVE_SET('',(#6372));
#6372 = TRIMMED_CURVE('',#6373,(#6377,PARAMETER_VALUE(0.)),(#6378,
    PARAMETER_VALUE(14.)),.T.,.PARAMETER.);
#6373 = LINE('',#6374,#6375);
#6374 = CARTESIAN_POINT('',(10.,138.,125.1));
#6375 = VECTOR('',#6376,1.);
#6376 = DIRECTION('',(0.,0.,1.));
#6377 = CARTESIAN_POINT('',(10.,138.,125.1));
#6378 = CARTESIAN_POINT('',(10.,138.,139.1));
#6379 = GEOMETRIC_CURVE_SET('',(#6380));
#6380 = TRIMMED_CURVE('',#6381,(#6385,PARAMETER_VALUE(0.)),(#6386,
    PARAMETER_VALUE(47.)),.T.,.PARAMETER.);
#6381 = LINE('',#6382,#6383);
#6382 = CARTESIAN_POINT('',(10.,91.,125.1));
#6383 = VECTOR('',#6384,1.);
#6384 = DIRECTION('',(0.,1.,0.));
#6385 = CARTESIAN_POINT('',(10.,91.,125.1));
#6386 = CARTESIAN_POINT('',(10.,138.,125.1));
#6387 = GEOMETRIC_CURVE_SET('',(#6388));
#6388 = TRIMMED_CURVE('',#6389,(#6393,PARAMETER_VALUE(0.)),(#6394,
    PARAMETER_VALUE(14.)),.T.,.PARAMETER.);
#6389 = LINE('',#6390,#6391);
#6390 = CARTESIAN_POINT('',(44.,91.,125.1));
#6391 = VECTOR('',#6392,1.);
#6392 = DIRECTION('',(0.,0.,1.));
#6393 = CARTESIAN_POINT('',(44.,91.,125.1));
#6394 = CARTESIAN_POINT('',(44.,91.,139.1));
#6395 = GEOMETRIC_CURVE_SET('',(#6396));
#6396 = TRIMMED_CURVE('',#6397,(#6401,PARAMETER_VALUE(0.)),(#6402,
    PARAMETER_VALUE(47.)),.T.,.PARAMETER.);
#6397 = LINE('',#6398,#6399);
#6398 = CARTESIAN_POINT('',(44.,91.,139.1));
#6399 = VECTOR('',#6400,1.);
#6400 = DIRECTION('',(0.,1.,0.));
#6401 = CARTESIAN_POINT('',(44.,91.,139.1));
#6402 = CARTESIAN_POINT('',(44.,138.,139.1));
#6403 = GEOMETRIC_CURVE_SET('',(#6404));
#6404 = TRIMMED_CURVE('',#6405,(#6409,PARAMETER_VALUE(0.)),(#6410,
    PARAMETER_VALUE(14.)),.T.,.PARAMETER.);
#6405 = LINE('',#6406,#6407);
#6406 = CARTESIAN_POINT('',(44.,138.,125.1));
#6407 = VECTOR('',#6408,1.);
#6408 = DIRECTION('',(0.,0.,1.));
#6409 = CARTESIAN_POINT('',(44.,138.,125.1));
#6410 = CARTESIAN_POINT('',(44.,138.,139.1));
#6411 = GEOMETRIC_CURVE_SET('',(#6412));
#6412 = TRIMMED_CURVE('',#6413,(#6417,PARAMETER_VALUE(0.)),(#6418,
    PARAMETER_VALUE(47.)),.T.,.PARAMETER.);
#6413 = LINE('',#6414,#6415);
#6414 = CARTESIAN_POINT('',(44.,91.,125.1));
#6415 = VECTOR('',#6416,1.);
#6416 = DIRECTION('',(0.,1.,0.));
#6417 = CARTESIAN_POINT('',(44.,91.,125.1));
#6418 = CARTESIAN_POINT('',(44.,138.,125.1));
#6419 = GEOMETRIC_CURVE_SET('',(#6420));
#6420 = TRIMMED_CURVE('',#6421,(#6425,PARAMETER_VALUE(0.)),(#6426,
    PARAMETER_VALUE(34.)),.T.,.PARAMETER.);
#6421 = LINE('',#6422,#6423);
#6422 = CARTESIAN_POINT('',(10.,91.,125.1));
#6423 = VECTOR('',#6424,1.);
#6424 = DIRECTION('',(1.,0.,0.));
#6425 = CARTESIAN_POINT('',(10.,91.,125.1));
#6426 = CARTESIAN_POINT('',(44.,91.,125.1));
#6427 = GEOMETRIC_CURVE_SET('',(#6428));
#6428 = TRIMMED_CURVE('',#6429,(#6433,PARAMETER_VALUE(0.)),(#6434,
    PARAMETER_VALUE(34.)),.T.,.PARAMETER.);
#6429 = LINE('',#6430,#6431);
#6430 = CARTESIAN_POINT('',(10.,91.,139.1));
#6431 = VECTOR('',#6432,1.);
#6432 = DIRECTION('',(1.,0.,0.));
#6433 = CARTESIAN_POINT('',(10.,91.,139.1));
#6434 = CARTESIAN_POINT('',(44.,91.,139.1));
#6435 = GEOMETRIC_CURVE_SET('',(#6436));
#6436 = TRIMMED_CURVE('',#6437,(#6441,PARAMETER_VALUE(0.)),(#6442,
    PARAMETER_VALUE(34.)),.T.,.PARAMETER.);
#6437 = LINE('',#6438,#6439);
#6438 = CARTESIAN_POINT('',(10.,138.,125.1));
#6439 = VECTOR('',#6440,1.);
#6440 = DIRECTION('',(1.,0.,0.));
#6441 = CARTESIAN_POINT('',(10.,138.,125.1));
#6442 = CARTESIAN_POINT('',(44.,138.,125.1));
#6443 = GEOMETRIC_CURVE_SET('',(#6444));
#6444 = TRIMMED_CURVE('',#6445,(#6449,PARAMETER_VALUE(0.)),(#6450,
    PARAMETER_VALUE(34.)),.T.,.PARAMETER.);
#6445 = LINE('',#6446,#6447);
#6446 = CARTESIAN_POINT('',(10.,138.,139.1));
#6447 = VECTOR('',#6448,1.);
#6448 = DIRECTION('',(1.,0.,0.));
#6449 = CARTESIAN_POINT('',(10.,138.,139.1));
#6450 = CARTESIAN_POINT('',(44.,138.,139.1));
#6451 = GEOMETRIC_CURVE_SET('',(#6452));
#6452 = TRIMMED_CURVE('',#6453,(#6457,PARAMETER_VALUE(0.)),(#6458,
    PARAMETER_VALUE(12.7)),.T.,.PARAMETER.);
#6453 = LINE('',#6454,#6455);
#6454 = CARTESIAN_POINT('',(30.,16.,90.));
#6455 = VECTOR('',#6456,1.);
#6456 = DIRECTION('',(0.,0.,1.));
#6457 = CARTESIAN_POINT('',(30.,16.,90.));
#6458 = CARTESIAN_POINT('',(30.,16.,102.7));
#6459 = GEOMETRIC_CURVE_SET('',(#6460));
#6460 = TRIMMED_CURVE('',#6461,(#6465,PARAMETER_VALUE(0.)),(#6466,
    PARAMETER_VALUE(57.9)),.T.,.PARAMETER.);
#6461 = LINE('',#6462,#6463);
#6462 = CARTESIAN_POINT('',(30.,16.,102.7));
#6463 = VECTOR('',#6464,1.);
#6464 = DIRECTION('',(0.,1.,0.));
#6465 = CARTESIAN_POINT('',(30.,16.,102.7));
#6466 = CARTESIAN_POINT('',(30.,73.9,102.7));
#6467 = GEOMETRIC_CURVE_SET('',(#6468));
#6468 = TRIMMED_CURVE('',#6469,(#6473,PARAMETER_VALUE(0.)),(#6474,
    PARAMETER_VALUE(12.7)),.T.,.PARAMETER.);
#6469 = LINE('',#6470,#6471);
#6470 = CARTESIAN_POINT('',(30.,73.9,90.));
#6471 = VECTOR('',#6472,1.);
#6472 = DIRECTION('',(0.,0.,1.));
#6473 = CARTESIAN_POINT('',(30.,73.9,90.));
#6474 = CARTESIAN_POINT('',(30.,73.9,102.7));
#6475 = GEOMETRIC_CURVE_SET('',(#6476));
#6476 = TRIMMED_CURVE('',#6477,(#6481,PARAMETER_VALUE(0.)),(#6482,
    PARAMETER_VALUE(57.9)),.T.,.PARAMETER.);
#6477 = LINE('',#6478,#6479);
#6478 = CARTESIAN_POINT('',(30.,16.,90.));
#6479 = VECTOR('',#6480,1.);
#6480 = DIRECTION('',(0.,1.,0.));
#6481 = CARTESIAN_POINT('',(30.,16.,90.));
#6482 = CARTESIAN_POINT('',(30.,73.9,90.));
#6483 = GEOMETRIC_CURVE_SET('',(#6484));
#6484 = TRIMMED_CURVE('',#6485,(#6489,PARAMETER_VALUE(0.)),(#6490,
    PARAMETER_VALUE(12.7)),.T.,.PARAMETER.);
#6485 = LINE('',#6486,#6487);
#6486 = CARTESIAN_POINT('',(91.,16.,90.));
#6487 = VECTOR('',#6488,1.);
#6488 = DIRECTION('',(0.,0.,1.));
#6489 = CARTESIAN_POINT('',(91.,16.,90.));
#6490 = CARTESIAN_POINT('',(91.,16.,102.7));
#6491 = GEOMETRIC_CURVE_SET('',(#6492));
#6492 = TRIMMED_CURVE('',#6493,(#6497,PARAMETER_VALUE(0.)),(#6498,
    PARAMETER_VALUE(57.9)),.T.,.PARAMETER.);
#6493 = LINE('',#6494,#6495);
#6494 = CARTESIAN_POINT('',(91.,16.,102.7));
#6495 = VECTOR('',#6496,1.);
#6496 = DIRECTION('',(0.,1.,0.));
#6497 = CARTESIAN_POINT('',(91.,16.,102.7));
#6498 = CARTESIAN_POINT('',(91.,73.9,102.7));
#6499 = GEOMETRIC_CURVE_SET('',(#6500));
#6500 = TRIMMED_CURVE('',#6501,(#6505,PARAMETER_VALUE(0.)),(#6506,
    PARAMETER_VALUE(12.7)),.T.,.PARAMETER.);
#6501 = LINE('',#6502,#6503);
#6502 = CARTESIAN_POINT('',(91.,73.9,90.));
#6503 = VECTOR('',#6504,1.);
#6504 = DIRECTION('',(0.,0.,1.));
#6505 = CARTESIAN_POINT('',(91.,73.9,90.));
#6506 = CARTESIAN_POINT('',(91.,73.9,102.7));
#6507 = GEOMETRIC_CURVE_SET('',(#6508));
#6508 = TRIMMED_CURVE('',#6509,(#6513,PARAMETER_VALUE(0.)),(#6514,
    PARAMETER_VALUE(57.9)),.T.,.PARAMETER.);
#6509 = LINE('',#6510,#6511);
#6510 = CARTESIAN_POINT('',(91.,16.,90.));
#6511 = VECTOR('',#6512,1.);
#6512 = DIRECTION('',(0.,1.,0.));
#6513 = CARTESIAN_POINT('',(91.,16.,90.));
#6514 = CARTESIAN_POINT('',(91.,73.9,90.));
#6515 = GEOMETRIC_CURVE_SET('',(#6516));
#6516 = TRIMMED_CURVE('',#6517,(#6521,PARAMETER_VALUE(0.)),(#6522,
    PARAMETER_VALUE(61.)),.T.,.PARAMETER.);
#6517 = LINE('',#6518,#6519);
#6518 = CARTESIAN_POINT('',(30.,16.,90.));
#6519 = VECTOR('',#6520,1.);
#6520 = DIRECTION('',(1.,0.,0.));
#6521 = CARTESIAN_POINT('',(30.,16.,90.));
#6522 = CARTESIAN_POINT('',(91.,16.,90.));
#6523 = GEOMETRIC_CURVE_SET('',(#6524));
#6524 = TRIMMED_CURVE('',#6525,(#6529,PARAMETER_VALUE(0.)),(#6530,
    PARAMETER_VALUE(61.)),.T.,.PARAMETER.);
#6525 = LINE('',#6526,#6527);
#6526 = CARTESIAN_POINT('',(30.,16.,102.7));
#6527 = VECTOR('',#6528,1.);
#6528 = DIRECTION('',(1.,0.,0.));
#6529 = CARTESIAN_POINT('',(30.,16.,102.7));
#6530 = CARTESIAN_POINT('',(91.,16.,102.7));
#6531 = GEOMETRIC_CURVE_SET('',(#6532));
#6532 = TRIMMED_CURVE('',#6533,(#6537,PARAMETER_VALUE(0.)),(#6538,
    PARAMETER_VALUE(61.)),.T.,.PARAMETER.);
#6533 = LINE('',#6534,#6535);
#6534 = CARTESIAN_POINT('',(30.,73.9,90.));
#6535 = VECTOR('',#6536,1.);
#6536 = DIRECTION('',(1.,0.,0.));
#6537 = CARTESIAN_POINT('',(30.,73.9,90.));
#6538 = CARTESIAN_POINT('',(91.,73.9,90.));
#6539 = GEOMETRIC_CURVE_SET('',(#6540));
#6540 = TRIMMED_CURVE('',#6541,(#6545,PARAMETER_VALUE(0.)),(#6546,
    PARAMETER_VALUE(61.)),.T.,.PARAMETER.);
#6541 = LINE('',#6542,#6543);
#6542 = CARTESIAN_POINT('',(30.,73.9,102.7));
#6543 = VECTOR('',#6544,1.);
#6544 = DIRECTION('',(1.,0.,0.));
#6545 = CARTESIAN_POINT('',(30.,73.9,102.7));
#6546 = CARTESIAN_POINT('',(91.,73.9,102.7));
#6547 = GEOMETRIC_CURVE_SET('',(#6548));
#6548 = TRIMMED_CURVE('',#6549,(#6553,PARAMETER_VALUE(0.)),(#6554,
    PARAMETER_VALUE(12.7)),.T.,.PARAMETER.);
#6549 = LINE('',#6550,#6551);
#6550 = CARTESIAN_POINT('',(30.,16.,103.));
#6551 = VECTOR('',#6552,1.);
#6552 = DIRECTION('',(0.,0.,1.));
#6553 = CARTESIAN_POINT('',(30.,16.,103.));
#6554 = CARTESIAN_POINT('',(30.,16.,115.7));
#6555 = GEOMETRIC_CURVE_SET('',(#6556));
#6556 = TRIMMED_CURVE('',#6557,(#6561,PARAMETER_VALUE(0.)),(#6562,
    PARAMETER_VALUE(58.)),.T.,.PARAMETER.);
#6557 = LINE('',#6558,#6559);
#6558 = CARTESIAN_POINT('',(30.,16.,115.7));
#6559 = VECTOR('',#6560,1.);
#6560 = DIRECTION('',(0.,1.,0.));
#6561 = CARTESIAN_POINT('',(30.,16.,115.7));
#6562 = CARTESIAN_POINT('',(30.,74.,115.7));
#6563 = GEOMETRIC_CURVE_SET('',(#6564));
#6564 = TRIMMED_CURVE('',#6565,(#6569,PARAMETER_VALUE(0.)),(#6570,
    PARAMETER_VALUE(12.7)),.T.,.PARAMETER.);
#6565 = LINE('',#6566,#6567);
#6566 = CARTESIAN_POINT('',(30.,74.,103.));
#6567 = VECTOR('',#6568,1.);
#6568 = DIRECTION('',(0.,0.,1.));
#6569 = CARTESIAN_POINT('',(30.,74.,103.));
#6570 = CARTESIAN_POINT('',(30.,74.,115.7));
#6571 = GEOMETRIC_CURVE_SET('',(#6572));
#6572 = TRIMMED_CURVE('',#6573,(#6577,PARAMETER_VALUE(0.)),(#6578,
    PARAMETER_VALUE(58.)),.T.,.PARAMETER.);
#6573 = LINE('',#6574,#6575);
#6574 = CARTESIAN_POINT('',(30.,16.,103.));
#6575 = VECTOR('',#6576,1.);
#6576 = DIRECTION('',(0.,1.,0.));
#6577 = CARTESIAN_POINT('',(30.,16.,103.));
#6578 = CARTESIAN_POINT('',(30.,74.,103.));
#6579 = GEOMETRIC_CURVE_SET('',(#6580));
#6580 = TRIMMED_CURVE('',#6581,(#6585,PARAMETER_VALUE(0.)),(#6586,
    PARAMETER_VALUE(12.7)),.T.,.PARAMETER.);
#6581 = LINE('',#6582,#6583);
#6582 = CARTESIAN_POINT('',(91.,16.,103.));
#6583 = VECTOR('',#6584,1.);
#6584 = DIRECTION('',(0.,0.,1.));
#6585 = CARTESIAN_POINT('',(91.,16.,103.));
#6586 = CARTESIAN_POINT('',(91.,16.,115.7));
#6587 = GEOMETRIC_CURVE_SET('',(#6588));
#6588 = TRIMMED_CURVE('',#6589,(#6593,PARAMETER_VALUE(0.)),(#6594,
    PARAMETER_VALUE(58.)),.T.,.PARAMETER.);
#6589 = LINE('',#6590,#6591);
#6590 = CARTESIAN_POINT('',(91.,16.,115.7));
#6591 = VECTOR('',#6592,1.);
#6592 = DIRECTION('',(0.,1.,0.));
#6593 = CARTESIAN_POINT('',(91.,16.,115.7));
#6594 = CARTESIAN_POINT('',(91.,74.,115.7));
#6595 = GEOMETRIC_CURVE_SET('',(#6596));
#6596 = TRIMMED_CURVE('',#6597,(#6601,PARAMETER_VALUE(0.)),(#6602,
    PARAMETER_VALUE(12.7)),.T.,.PARAMETER.);
#6597 = LINE('',#6598,#6599);
#6598 = CARTESIAN_POINT('',(91.,74.,103.));
#6599 = VECTOR('',#6600,1.);
#6600 = DIRECTION('',(0.,0.,1.));
#6601 = CARTESIAN_POINT('',(91.,74.,103.));
#6602 = CARTESIAN_POINT('',(91.,74.,115.7));
#6603 = GEOMETRIC_CURVE_SET('',(#6604));
#6604 = TRIMMED_CURVE('',#6605,(#6609,PARAMETER_VALUE(0.)),(#6610,
    PARAMETER_VALUE(58.)),.T.,.PARAMETER.);
#6605 = LINE('',#6606,#6607);
#6606 = CARTESIAN_POINT('',(91.,16.,103.));
#6607 = VECTOR('',#6608,1.);
#6608 = DIRECTION('',(0.,1.,0.));
#6609 = CARTESIAN_POINT('',(91.,16.,103.));
#6610 = CARTESIAN_POINT('',(91.,74.,103.));
#6611 = GEOMETRIC_CURVE_SET('',(#6612));
#6612 = TRIMMED_CURVE('',#6613,(#6617,PARAMETER_VALUE(0.)),(#6618,
    PARAMETER_VALUE(61.)),.T.,.PARAMETER.);
#6613 = LINE('',#6614,#6615);
#6614 = CARTESIAN_POINT('',(30.,16.,103.));
#6615 = VECTOR('',#6616,1.);
#6616 = DIRECTION('',(1.,0.,0.));
#6617 = CARTESIAN_POINT('',(30.,16.,103.));
#6618 = CARTESIAN_POINT('',(91.,16.,103.));
#6619 = GEOMETRIC_CURVE_SET('',(#6620));
#6620 = TRIMMED_CURVE('',#6621,(#6625,PARAMETER_VALUE(0.)),(#6626,
    PARAMETER_VALUE(61.)),.T.,.PARAMETER.);
#6621 = LINE('',#6622,#6623);
#6622 = CARTESIAN_POINT('',(30.,16.,115.7));
#6623 = VECTOR('',#6624,1.);
#6624 = DIRECTION('',(1.,0.,0.));
#6625 = CARTESIAN_POINT('',(30.,16.,115.7));
#6626 = CARTESIAN_POINT('',(91.,16.,115.7));
#6627 = GEOMETRIC_CURVE_SET('',(#6628));
#6628 = TRIMMED_CURVE('',#6629,(#6633,PARAMETER_VALUE(0.)),(#6634,
    PARAMETER_VALUE(61.)),.T.,.PARAMETER.);
#6629 = LINE('',#6630,#6631);
#6630 = CARTESIAN_POINT('',(30.,74.,103.));
#6631 = VECTOR('',#6632,1.);
#6632 = DIRECTION('',(1.,0.,0.));
#6633 = CARTESIAN_POINT('',(30.,74.,103.));
#6634 = CARTESIAN_POINT('',(91.,74.,103.));
#6635 = GEOMETRIC_CURVE_SET('',(#6636));
#6636 = TRIMMED_CURVE('',#6637,(#6641,PARAMETER_VALUE(0.)),(#6642,
    PARAMETER_VALUE(61.)),.T.,.PARAMETER.);
#6637 = LINE('',#6638,#6639);
#6638 = CARTESIAN_POINT('',(30.,74.,115.7));
#6639 = VECTOR('',#6640,1.);
#6640 = DIRECTION('',(1.,0.,0.));
#6641 = CARTESIAN_POINT('',(30.,74.,115.7));
#6642 = CARTESIAN_POINT('',(91.,74.,115.7));
#6643 = GEOMETRIC_CURVE_SET('',(#6644));
#6644 = TRIMMED_CURVE('',#6645,(#6649,PARAMETER_VALUE(0.)),(#6650,
    PARAMETER_VALUE(9.02)),.T.,.PARAMETER.);
#6645 = LINE('',#6646,#6647);
#6646 = CARTESIAN_POINT('',(108.,36.,90.));
#6647 = VECTOR('',#6648,1.);
#6648 = DIRECTION('',(0.,0.,1.));
#6649 = CARTESIAN_POINT('',(108.,36.,90.));
#6650 = CARTESIAN_POINT('',(108.,36.,99.02));
#6651 = GEOMETRIC_CURVE_SET('',(#6652));
#6652 = TRIMMED_CURVE('',#6653,(#6657,PARAMETER_VALUE(0.)),(#6658,
    PARAMETER_VALUE(43.18)),.T.,.PARAMETER.);
#6653 = LINE('',#6654,#6655);
#6654 = CARTESIAN_POINT('',(108.,36.,99.02));
#6655 = VECTOR('',#6656,1.);
#6656 = DIRECTION('',(0.,1.,0.));
#6657 = CARTESIAN_POINT('',(108.,36.,99.02));
#6658 = CARTESIAN_POINT('',(108.,79.18,99.02));
#6659 = GEOMETRIC_CURVE_SET('',(#6660));
#6660 = TRIMMED_CURVE('',#6661,(#6665,PARAMETER_VALUE(0.)),(#6666,
    PARAMETER_VALUE(9.02)),.T.,.PARAMETER.);
#6661 = LINE('',#6662,#6663);
#6662 = CARTESIAN_POINT('',(108.,79.18,90.));
#6663 = VECTOR('',#6664,1.);
#6664 = DIRECTION('',(0.,0.,1.));
#6665 = CARTESIAN_POINT('',(108.,79.18,90.));
#6666 = CARTESIAN_POINT('',(108.,79.18,99.02));
#6667 = GEOMETRIC_CURVE_SET('',(#6668));
#6668 = TRIMMED_CURVE('',#6669,(#6673,PARAMETER_VALUE(0.)),(#6674,
    PARAMETER_VALUE(43.18)),.T.,.PARAMETER.);
#6669 = LINE('',#6670,#6671);
#6670 = CARTESIAN_POINT('',(108.,36.,90.));
#6671 = VECTOR('',#6672,1.);
#6672 = DIRECTION('',(0.,1.,0.));
#6673 = CARTESIAN_POINT('',(108.,36.,90.));
#6674 = CARTESIAN_POINT('',(108.,79.18,90.));
#6675 = GEOMETRIC_CURVE_SET('',(#6676));
#6676 = TRIMMED_CURVE('',#6677,(#6681,PARAMETER_VALUE(0.)),(#6682,
    PARAMETER_VALUE(9.02)),.T.,.PARAMETER.);
#6677 = LINE('',#6678,#6679);
#6678 = CARTESIAN_POINT('',(139.75,36.,90.));
#6679 = VECTOR('',#6680,1.);
#6680 = DIRECTION('',(0.,0.,1.));
#6681 = CARTESIAN_POINT('',(139.75,36.,90.));
#6682 = CARTESIAN_POINT('',(139.75,36.,99.02));
#6683 = GEOMETRIC_CURVE_SET('',(#6684));
#6684 = TRIMMED_CURVE('',#6685,(#6689,PARAMETER_VALUE(0.)),(#6690,
    PARAMETER_VALUE(43.18)),.T.,.PARAMETER.);
#6685 = LINE('',#6686,#6687);
#6686 = CARTESIAN_POINT('',(139.75,36.,99.02));
#6687 = VECTOR('',#6688,1.);
#6688 = DIRECTION('',(0.,1.,0.));
#6689 = CARTESIAN_POINT('',(139.75,36.,99.02));
#6690 = CARTESIAN_POINT('',(139.75,79.18,99.02));
#6691 = GEOMETRIC_CURVE_SET('',(#6692));
#6692 = TRIMMED_CURVE('',#6693,(#6697,PARAMETER_VALUE(0.)),(#6698,
    PARAMETER_VALUE(9.02)),.T.,.PARAMETER.);
#6693 = LINE('',#6694,#6695);
#6694 = CARTESIAN_POINT('',(139.75,79.18,90.));
#6695 = VECTOR('',#6696,1.);
#6696 = DIRECTION('',(0.,0.,1.));
#6697 = CARTESIAN_POINT('',(139.75,79.18,90.));
#6698 = CARTESIAN_POINT('',(139.75,79.18,99.02));
#6699 = GEOMETRIC_CURVE_SET('',(#6700));
#6700 = TRIMMED_CURVE('',#6701,(#6705,PARAMETER_VALUE(0.)),(#6706,
    PARAMETER_VALUE(43.18)),.T.,.PARAMETER.);
#6701 = LINE('',#6702,#6703);
#6702 = CARTESIAN_POINT('',(139.75,36.,90.));
#6703 = VECTOR('',#6704,1.);
#6704 = DIRECTION('',(0.,1.,0.));
#6705 = CARTESIAN_POINT('',(139.75,36.,90.));
#6706 = CARTESIAN_POINT('',(139.75,79.18,90.));
#6707 = GEOMETRIC_CURVE_SET('',(#6708));
#6708 = TRIMMED_CURVE('',#6709,(#6713,PARAMETER_VALUE(0.)),(#6714,
    PARAMETER_VALUE(31.75)),.T.,.PARAMETER.);
#6709 = LINE('',#6710,#6711);
#6710 = CARTESIAN_POINT('',(108.,36.,90.));
#6711 = VECTOR('',#6712,1.);
#6712 = DIRECTION('',(1.,0.,0.));
#6713 = CARTESIAN_POINT('',(108.,36.,90.));
#6714 = CARTESIAN_POINT('',(139.75,36.,90.));
#6715 = GEOMETRIC_CURVE_SET('',(#6716));
#6716 = TRIMMED_CURVE('',#6717,(#6721,PARAMETER_VALUE(0.)),(#6722,
    PARAMETER_VALUE(31.75)),.T.,.PARAMETER.);
#6717 = LINE('',#6718,#6719);
#6718 = CARTESIAN_POINT('',(108.,36.,99.02));
#6719 = VECTOR('',#6720,1.);
#6720 = DIRECTION('',(1.,0.,0.));
#6721 = CARTESIAN_POINT('',(108.,36.,99.02));
#6722 = CARTESIAN_POINT('',(139.75,36.,99.02));
#6723 = GEOMETRIC_CURVE_SET('',(#6724));
#6724 = TRIMMED_CURVE('',#6725,(#6729,PARAMETER_VALUE(0.)),(#6730,
    PARAMETER_VALUE(31.75)),.T.,.PARAMETER.);
#6725 = LINE('',#6726,#6727);
#6726 = CARTESIAN_POINT('',(108.,79.18,90.));
#6727 = VECTOR('',#6728,1.);
#6728 = DIRECTION('',(1.,0.,0.));
#6729 = CARTESIAN_POINT('',(108.,79.18,90.));
#6730 = CARTESIAN_POINT('',(139.75,79.18,90.));
#6731 = GEOMETRIC_CURVE_SET('',(#6732));
#6732 = TRIMMED_CURVE('',#6733,(#6737,PARAMETER_VALUE(0.)),(#6738,
    PARAMETER_VALUE(31.75)),.T.,.PARAMETER.);
#6733 = LINE('',#6734,#6735);
#6734 = CARTESIAN_POINT('',(108.,79.18,99.02));
#6735 = VECTOR('',#6736,1.);
#6736 = DIRECTION('',(1.,0.,0.));
#6737 = CARTESIAN_POINT('',(108.,79.18,99.02));
#6738 = CARTESIAN_POINT('',(139.75,79.18,99.02));
#6739 = GEOMETRIC_CURVE_SET('',(#6740));
#6740 = TRIMMED_CURVE('',#6741,(#6745,PARAMETER_VALUE(0.)),(#6746,
    PARAMETER_VALUE(12.)),.T.,.PARAMETER.);
#6741 = LINE('',#6742,#6743);
#6742 = CARTESIAN_POINT('',(40.,21.,118.));
#6743 = VECTOR('',#6744,1.);
#6744 = DIRECTION('',(0.,0.,1.));
#6745 = CARTESIAN_POINT('',(40.,21.,118.));
#6746 = CARTESIAN_POINT('',(40.,21.,130.));
#6747 = GEOMETRIC_CURVE_SET('',(#6748));
#6748 = TRIMMED_CURVE('',#6749,(#6753,PARAMETER_VALUE(0.)),(#6754,
    PARAMETER_VALUE(40.)),.T.,.PARAMETER.);
#6749 = LINE('',#6750,#6751);
#6750 = CARTESIAN_POINT('',(40.,21.,130.));
#6751 = VECTOR('',#6752,1.);
#6752 = DIRECTION('',(0.,1.,0.));
#6753 = CARTESIAN_POINT('',(40.,21.,130.));
#6754 = CARTESIAN_POINT('',(40.,61.,130.));
#6755 = GEOMETRIC_CURVE_SET('',(#6756));
#6756 = TRIMMED_CURVE('',#6757,(#6761,PARAMETER_VALUE(0.)),(#6762,
    PARAMETER_VALUE(12.)),.T.,.PARAMETER.);
#6757 = LINE('',#6758,#6759);
#6758 = CARTESIAN_POINT('',(40.,61.,118.));
#6759 = VECTOR('',#6760,1.);
#6760 = DIRECTION('',(0.,0.,1.));
#6761 = CARTESIAN_POINT('',(40.,61.,118.));
#6762 = CARTESIAN_POINT('',(40.,61.,130.));
#6763 = GEOMETRIC_CURVE_SET('',(#6764));
#6764 = TRIMMED_CURVE('',#6765,(#6769,PARAMETER_VALUE(0.)),(#6770,
    PARAMETER_VALUE(40.)),.T.,.PARAMETER.);
#6765 = LINE('',#6766,#6767);
#6766 = CARTESIAN_POINT('',(40.,21.,118.));
#6767 = VECTOR('',#6768,1.);
#6768 = DIRECTION('',(0.,1.,0.));
#6769 = CARTESIAN_POINT('',(40.,21.,118.));
#6770 = CARTESIAN_POINT('',(40.,61.,118.));
#6771 = GEOMETRIC_CURVE_SET('',(#6772));
#6772 = TRIMMED_CURVE('',#6773,(#6777,PARAMETER_VALUE(0.)),(#6778,
    PARAMETER_VALUE(12.)),.T.,.PARAMETER.);
#6773 = LINE('',#6774,#6775);
#6774 = CARTESIAN_POINT('',(80.,21.,118.));
#6775 = VECTOR('',#6776,1.);
#6776 = DIRECTION('',(0.,0.,1.));
#6777 = CARTESIAN_POINT('',(80.,21.,118.));
#6778 = CARTESIAN_POINT('',(80.,21.,130.));
#6779 = GEOMETRIC_CURVE_SET('',(#6780));
#6780 = TRIMMED_CURVE('',#6781,(#6785,PARAMETER_VALUE(0.)),(#6786,
    PARAMETER_VALUE(40.)),.T.,.PARAMETER.);
#6781 = LINE('',#6782,#6783);
#6782 = CARTESIAN_POINT('',(80.,21.,130.));
#6783 = VECTOR('',#6784,1.);
#6784 = DIRECTION('',(0.,1.,0.));
#6785 = CARTESIAN_POINT('',(80.,21.,130.));
#6786 = CARTESIAN_POINT('',(80.,61.,130.));
#6787 = GEOMETRIC_CURVE_SET('',(#6788));
#6788 = TRIMMED_CURVE('',#6789,(#6793,PARAMETER_VALUE(0.)),(#6794,
    PARAMETER_VALUE(12.)),.T.,.PARAMETER.);
#6789 = LINE('',#6790,#6791);
#6790 = CARTESIAN_POINT('',(80.,61.,118.));
#6791 = VECTOR('',#6792,1.);
#6792 = DIRECTION('',(0.,0.,1.));
#6793 = CARTESIAN_POINT('',(80.,61.,118.));
#6794 = CARTESIAN_POINT('',(80.,61.,130.));
#6795 = GEOMETRIC_CURVE_SET('',(#6796));
#6796 = TRIMMED_CURVE('',#6797,(#6801,PARAMETER_VALUE(0.)),(#6802,
    PARAMETER_VALUE(40.)),.T.,.PARAMETER.);
#6797 = LINE('',#6798,#6799);
#6798 = CARTESIAN_POINT('',(80.,21.,118.));
#6799 = VECTOR('',#6800,1.);
#6800 = DIRECTION('',(0.,1.,0.));
#6801 = CARTESIAN_POINT('',(80.,21.,118.));
#6802 = CARTESIAN_POINT('',(80.,61.,118.));
#6803 = GEOMETRIC_CURVE_SET('',(#6804));
#6804 = TRIMMED_CURVE('',#6805,(#6809,PARAMETER_VALUE(0.)),(#6810,
    PARAMETER_VALUE(40.)),.T.,.PARAMETER.);
#6805 = LINE('',#6806,#6807);
#6806 = CARTESIAN_POINT('',(40.,21.,118.));
#6807 = VECTOR('',#6808,1.);
#6808 = DIRECTION('',(1.,0.,0.));
#6809 = CARTESIAN_POINT('',(40.,21.,118.));
#6810 = CARTESIAN_POINT('',(80.,21.,118.));
#6811 = GEOMETRIC_CURVE_SET('',(#6812));
#6812 = TRIMMED_CURVE('',#6813,(#6817,PARAMETER_VALUE(0.)),(#6818,
    PARAMETER_VALUE(40.)),.T.,.PARAMETER.);
#6813 = LINE('',#6814,#6815);
#6814 = CARTESIAN_POINT('',(40.,21.,130.));
#6815 = VECTOR('',#6816,1.);
#6816 = DIRECTION('',(1.,0.,0.));
#6817 = CARTESIAN_POINT('',(40.,21.,130.));
#6818 = CARTESIAN_POINT('',(80.,21.,130.));
#6819 = GEOMETRIC_CURVE_SET('',(#6820));
#6820 = TRIMMED_CURVE('',#6821,(#6825,PARAMETER_VALUE(0.)),(#6826,
    PARAMETER_VALUE(40.)),.T.,.PARAMETER.);
#6821 = LINE('',#6822,#6823);
#6822 = CARTESIAN_POINT('',(40.,61.,118.));
#6823 = VECTOR('',#6824,1.);
#6824 = DIRECTION('',(1.,0.,0.));
#6825 = CARTESIAN_POINT('',(40.,61.,118.));
#6826 = CARTESIAN_POINT('',(80.,61.,118.));
#6827 = GEOMETRIC_CURVE_SET('',(#6828));
#6828 = TRIMMED_CURVE('',#6829,(#6833,PARAMETER_VALUE(0.)),(#6834,
    PARAMETER_VALUE(40.)),.T.,.PARAMETER.);
#6829 = LINE('',#6830,#6831);
#6830 = CARTESIAN_POINT('',(40.,61.,130.));
#6831 = VECTOR('',#6832,1.);
#6832 = DIRECTION('',(1.,0.,0.));
#6833 = CARTESIAN_POINT('',(40.,61.,130.));
#6834 = CARTESIAN_POINT('',(80.,61.,130.));
#6835 = GEOMETRIC_CURVE_SET('',(#6836));
#6836 = TRIMMED_CURVE('',#6837,(#6841,PARAMETER_VALUE(0.)),(#6842,
    PARAMETER_VALUE(14.)),.T.,.PARAMETER.);
#6837 = LINE('',#6838,#6839);
#6838 = CARTESIAN_POINT('',(93.,31.,90.));
#6839 = VECTOR('',#6840,1.);
#6840 = DIRECTION('',(0.,0.,1.));
#6841 = CARTESIAN_POINT('',(93.,31.,90.));
#6842 = CARTESIAN_POINT('',(93.,31.,104.));
#6843 = GEOMETRIC_CURVE_SET('',(#6844));
#6844 = TRIMMED_CURVE('',#6845,(#6849,PARAMETER_VALUE(0.)),(#6850,
    PARAMETER_VALUE(48.)),.T.,.PARAMETER.);
#6845 = LINE('',#6846,#6847);
#6846 = CARTESIAN_POINT('',(93.,31.,104.));
#6847 = VECTOR('',#6848,1.);
#6848 = DIRECTION('',(0.,1.,0.));
#6849 = CARTESIAN_POINT('',(93.,31.,104.));
#6850 = CARTESIAN_POINT('',(93.,79.,104.));
#6851 = GEOMETRIC_CURVE_SET('',(#6852));
#6852 = TRIMMED_CURVE('',#6853,(#6857,PARAMETER_VALUE(0.)),(#6858,
    PARAMETER_VALUE(14.)),.T.,.PARAMETER.);
#6853 = LINE('',#6854,#6855);
#6854 = CARTESIAN_POINT('',(93.,79.,90.));
#6855 = VECTOR('',#6856,1.);
#6856 = DIRECTION('',(0.,0.,1.));
#6857 = CARTESIAN_POINT('',(93.,79.,90.));
#6858 = CARTESIAN_POINT('',(93.,79.,104.));
#6859 = GEOMETRIC_CURVE_SET('',(#6860));
#6860 = TRIMMED_CURVE('',#6861,(#6865,PARAMETER_VALUE(0.)),(#6866,
    PARAMETER_VALUE(48.)),.T.,.PARAMETER.);
#6861 = LINE('',#6862,#6863);
#6862 = CARTESIAN_POINT('',(93.,31.,90.));
#6863 = VECTOR('',#6864,1.);
#6864 = DIRECTION('',(0.,1.,0.));
#6865 = CARTESIAN_POINT('',(93.,31.,90.));
#6866 = CARTESIAN_POINT('',(93.,79.,90.));
#6867 = GEOMETRIC_CURVE_SET('',(#6868));
#6868 = TRIMMED_CURVE('',#6869,(#6873,PARAMETER_VALUE(0.)),(#6874,
    PARAMETER_VALUE(14.)),.T.,.PARAMETER.);
#6869 = LINE('',#6870,#6871);
#6870 = CARTESIAN_POINT('',(108.,31.,90.));
#6871 = VECTOR('',#6872,1.);
#6872 = DIRECTION('',(0.,0.,1.));
#6873 = CARTESIAN_POINT('',(108.,31.,90.));
#6874 = CARTESIAN_POINT('',(108.,31.,104.));
#6875 = GEOMETRIC_CURVE_SET('',(#6876));
#6876 = TRIMMED_CURVE('',#6877,(#6881,PARAMETER_VALUE(0.)),(#6882,
    PARAMETER_VALUE(48.)),.T.,.PARAMETER.);
#6877 = LINE('',#6878,#6879);
#6878 = CARTESIAN_POINT('',(108.,31.,104.));
#6879 = VECTOR('',#6880,1.);
#6880 = DIRECTION('',(0.,1.,0.));
#6881 = CARTESIAN_POINT('',(108.,31.,104.));
#6882 = CARTESIAN_POINT('',(108.,79.,104.));
#6883 = GEOMETRIC_CURVE_SET('',(#6884));
#6884 = TRIMMED_CURVE('',#6885,(#6889,PARAMETER_VALUE(0.)),(#6890,
    PARAMETER_VALUE(14.)),.T.,.PARAMETER.);
#6885 = LINE('',#6886,#6887);
#6886 = CARTESIAN_POINT('',(108.,79.,90.));
#6887 = VECTOR('',#6888,1.);
#6888 = DIRECTION('',(0.,0.,1.));
#6889 = CARTESIAN_POINT('',(108.,79.,90.));
#6890 = CARTESIAN_POINT('',(108.,79.,104.));
#6891 = GEOMETRIC_CURVE_SET('',(#6892));
#6892 = TRIMMED_CURVE('',#6893,(#6897,PARAMETER_VALUE(0.)),(#6898,
    PARAMETER_VALUE(48.)),.T.,.PARAMETER.);
#6893 = LINE('',#6894,#6895);
#6894 = CARTESIAN_POINT('',(108.,31.,90.));
#6895 = VECTOR('',#6896,1.);
#6896 = DIRECTION('',(0.,1.,0.));
#6897 = CARTESIAN_POINT('',(108.,31.,90.));
#6898 = CARTESIAN_POINT('',(108.,79.,90.));
#6899 = GEOMETRIC_CURVE_SET('',(#6900));
#6900 = TRIMMED_CURVE('',#6901,(#6905,PARAMETER_VALUE(0.)),(#6906,
    PARAMETER_VALUE(15.)),.T.,.PARAMETER.);
#6901 = LINE('',#6902,#6903);
#6902 = CARTESIAN_POINT('',(93.,31.,90.));
#6903 = VECTOR('',#6904,1.);
#6904 = DIRECTION('',(1.,0.,0.));
#6905 = CARTESIAN_POINT('',(93.,31.,90.));
#6906 = CARTESIAN_POINT('',(108.,31.,90.));
#6907 = GEOMETRIC_CURVE_SET('',(#6908));
#6908 = TRIMMED_CURVE('',#6909,(#6913,PARAMETER_VALUE(0.)),(#6914,
    PARAMETER_VALUE(15.)),.T.,.PARAMETER.);
#6909 = LINE('',#6910,#6911);
#6910 = CARTESIAN_POINT('',(93.,31.,104.));
#6911 = VECTOR('',#6912,1.);
#6912 = DIRECTION('',(1.,0.,0.));
#6913 = CARTESIAN_POINT('',(93.,31.,104.));
#6914 = CARTESIAN_POINT('',(108.,31.,104.));
#6915 = GEOMETRIC_CURVE_SET('',(#6916));
#6916 = TRIMMED_CURVE('',#6917,(#6921,PARAMETER_VALUE(0.)),(#6922,
    PARAMETER_VALUE(15.)),.T.,.PARAMETER.);
#6917 = LINE('',#6918,#6919);
#6918 = CARTESIAN_POINT('',(93.,79.,90.));
#6919 = VECTOR('',#6920,1.);
#6920 = DIRECTION('',(1.,0.,0.));
#6921 = CARTESIAN_POINT('',(93.,79.,90.));
#6922 = CARTESIAN_POINT('',(108.,79.,90.));
#6923 = GEOMETRIC_CURVE_SET('',(#6924));
#6924 = TRIMMED_CURVE('',#6925,(#6929,PARAMETER_VALUE(0.)),(#6930,
    PARAMETER_VALUE(15.)),.T.,.PARAMETER.);
#6925 = LINE('',#6926,#6927);
#6926 = CARTESIAN_POINT('',(93.,79.,104.));
#6927 = VECTOR('',#6928,1.);
#6928 = DIRECTION('',(1.,0.,0.));
#6929 = CARTESIAN_POINT('',(93.,79.,104.));
#6930 = CARTESIAN_POINT('',(108.,79.,104.));
#6931 = GEOMETRIC_CURVE_SET('',(#6932));
#6932 = TRIMMED_CURVE('',#6933,(#6937,PARAMETER_VALUE(0.)),(#6938,
    PARAMETER_VALUE(25.)),.T.,.PARAMETER.);
#6933 = LINE('',#6934,#6935);
#6934 = CARTESIAN_POINT('',(111.,60.,106.));
#6935 = VECTOR('',#6936,1.);
#6936 = DIRECTION('',(0.,0.,1.));
#6937 = CARTESIAN_POINT('',(111.,60.,106.));
#6938 = CARTESIAN_POINT('',(111.,60.,131.));
#6939 = GEOMETRIC_CURVE_SET('',(#6940));
#6940 = TRIMMED_CURVE('',#6941,(#6945,PARAMETER_VALUE(0.)),(#6946,
    PARAMETER_VALUE(16.)),.T.,.PARAMETER.);
#6941 = LINE('',#6942,#6943);
#6942 = CARTESIAN_POINT('',(111.,60.,131.));
#6943 = VECTOR('',#6944,1.);
#6944 = DIRECTION('',(0.,1.,0.));
#6945 = CARTESIAN_POINT('',(111.,60.,131.));
#6946 = CARTESIAN_POINT('',(111.,76.,131.));
#6947 = GEOMETRIC_CURVE_SET('',(#6948));
#6948 = TRIMMED_CURVE('',#6949,(#6953,PARAMETER_VALUE(0.)),(#6954,
    PARAMETER_VALUE(25.)),.T.,.PARAMETER.);
#6949 = LINE('',#6950,#6951);
#6950 = CARTESIAN_POINT('',(111.,76.,106.));
#6951 = VECTOR('',#6952,1.);
#6952 = DIRECTION('',(0.,0.,1.));
#6953 = CARTESIAN_POINT('',(111.,76.,106.));
#6954 = CARTESIAN_POINT('',(111.,76.,131.));
#6955 = GEOMETRIC_CURVE_SET('',(#6956));
#6956 = TRIMMED_CURVE('',#6957,(#6961,PARAMETER_VALUE(0.)),(#6962,
    PARAMETER_VALUE(16.)),.T.,.PARAMETER.);
#6957 = LINE('',#6958,#6959);
#6958 = CARTESIAN_POINT('',(111.,60.,106.));
#6959 = VECTOR('',#6960,1.);
#6960 = DIRECTION('',(0.,1.,0.));
#6961 = CARTESIAN_POINT('',(111.,60.,106.));
#6962 = CARTESIAN_POINT('',(111.,76.,106.));
#6963 = GEOMETRIC_CURVE_SET('',(#6964));
#6964 = TRIMMED_CURVE('',#6965,(#6969,PARAMETER_VALUE(0.)),(#6970,
    PARAMETER_VALUE(25.)),.T.,.PARAMETER.);
#6965 = LINE('',#6966,#6967);
#6966 = CARTESIAN_POINT('',(127.,60.,106.));
#6967 = VECTOR('',#6968,1.);
#6968 = DIRECTION('',(0.,0.,1.));
#6969 = CARTESIAN_POINT('',(127.,60.,106.));
#6970 = CARTESIAN_POINT('',(127.,60.,131.));
#6971 = GEOMETRIC_CURVE_SET('',(#6972));
#6972 = TRIMMED_CURVE('',#6973,(#6977,PARAMETER_VALUE(0.)),(#6978,
    PARAMETER_VALUE(16.)),.T.,.PARAMETER.);
#6973 = LINE('',#6974,#6975);
#6974 = CARTESIAN_POINT('',(127.,60.,131.));
#6975 = VECTOR('',#6976,1.);
#6976 = DIRECTION('',(0.,1.,0.));
#6977 = CARTESIAN_POINT('',(127.,60.,131.));
#6978 = CARTESIAN_POINT('',(127.,76.,131.));
#6979 = GEOMETRIC_CURVE_SET('',(#6980));
#6980 = TRIMMED_CURVE('',#6981,(#6985,PARAMETER_VALUE(0.)),(#6986,
    PARAMETER_VALUE(25.)),.T.,.PARAMETER.);
#6981 = LINE('',#6982,#6983);
#6982 = CARTESIAN_POINT('',(127.,76.,106.));
#6983 = VECTOR('',#6984,1.);
#6984 = DIRECTION('',(0.,0.,1.));
#6985 = CARTESIAN_POINT('',(127.,76.,106.));
#6986 = CARTESIAN_POINT('',(127.,76.,131.));
#6987 = GEOMETRIC_CURVE_SET('',(#6988));
#6988 = TRIMMED_CURVE('',#6989,(#6993,PARAMETER_VALUE(0.)),(#6994,
    PARAMETER_VALUE(16.)),.T.,.PARAMETER.);
#6989 = LINE('',#6990,#6991);
#6990 = CARTESIAN_POINT('',(127.,60.,106.));
#6991 = VECTOR('',#6992,1.);
#6992 = DIRECTION('',(0.,1.,0.));
#6993 = CARTESIAN_POINT('',(127.,60.,106.));
#6994 = CARTESIAN_POINT('',(127.,76.,106.));
#6995 = GEOMETRIC_CURVE_SET('',(#6996));
#6996 = TRIMMED_CURVE('',#6997,(#7001,PARAMETER_VALUE(0.)),(#7002,
    PARAMETER_VALUE(16.)),.T.,.PARAMETER.);
#6997 = LINE('',#6998,#6999);
#6998 = CARTESIAN_POINT('',(111.,60.,106.));
#6999 = VECTOR('',#7000,1.);
#7000 = DIRECTION('',(1.,0.,0.));
#7001 = CARTESIAN_POINT('',(111.,60.,106.));
#7002 = CARTESIAN_POINT('',(127.,60.,106.));
#7003 = GEOMETRIC_CURVE_SET('',(#7004));
#7004 = TRIMMED_CURVE('',#7005,(#7009,PARAMETER_VALUE(0.)),(#7010,
    PARAMETER_VALUE(16.)),.T.,.PARAMETER.);
#7005 = LINE('',#7006,#7007);
#7006 = CARTESIAN_POINT('',(111.,60.,131.));
#7007 = VECTOR('',#7008,1.);
#7008 = DIRECTION('',(1.,0.,0.));
#7009 = CARTESIAN_POINT('',(111.,60.,131.));
#7010 = CARTESIAN_POINT('',(127.,60.,131.));
#7011 = GEOMETRIC_CURVE_SET('',(#7012));
#7012 = TRIMMED_CURVE('',#7013,(#7017,PARAMETER_VALUE(0.)),(#7018,
    PARAMETER_VALUE(16.)),.T.,.PARAMETER.);
#7013 = LINE('',#7014,#7015);
#7014 = CARTESIAN_POINT('',(111.,76.,106.));
#7015 = VECTOR('',#7016,1.);
#7016 = DIRECTION('',(1.,0.,0.));
#7017 = CARTESIAN_POINT('',(111.,76.,106.));
#7018 = CARTESIAN_POINT('',(127.,76.,106.));
#7019 = GEOMETRIC_CURVE_SET('',(#7020));
#7020 = TRIMMED_CURVE('',#7021,(#7025,PARAMETER_VALUE(0.)),(#7026,
    PARAMETER_VALUE(16.)),.T.,.PARAMETER.);
#7021 = LINE('',#7022,#7023);
#7022 = CARTESIAN_POINT('',(111.,76.,131.));
#7023 = VECTOR('',#7024,1.);
#7024 = DIRECTION('',(1.,0.,0.));
#7025 = CARTESIAN_POINT('',(111.,76.,131.));
#7026 = CARTESIAN_POINT('',(127.,76.,131.));
#7027 = GEOMETRIC_CURVE_SET('',(#7028));
#7028 = TRIMMED_CURVE('',#7029,(#7033,PARAMETER_VALUE(0.)),(#7034,
    PARAMETER_VALUE(12.)),.T.,.PARAMETER.);
#7029 = LINE('',#7030,#7031);
#7030 = CARTESIAN_POINT('',(108.,35.,117.));
#7031 = VECTOR('',#7032,1.);
#7032 = DIRECTION('',(0.,0.,1.));
#7033 = CARTESIAN_POINT('',(108.,35.,117.));
#7034 = CARTESIAN_POINT('',(108.,35.,129.));
#7035 = GEOMETRIC_CURVE_SET('',(#7036));
#7036 = TRIMMED_CURVE('',#7037,(#7041,PARAMETER_VALUE(0.)),(#7042,
    PARAMETER_VALUE(20.)),.T.,.PARAMETER.);
#7037 = LINE('',#7038,#7039);
#7038 = CARTESIAN_POINT('',(108.,35.,129.));
#7039 = VECTOR('',#7040,1.);
#7040 = DIRECTION('',(0.,1.,0.));
#7041 = CARTESIAN_POINT('',(108.,35.,129.));
#7042 = CARTESIAN_POINT('',(108.,55.,129.));
#7043 = GEOMETRIC_CURVE_SET('',(#7044));
#7044 = TRIMMED_CURVE('',#7045,(#7049,PARAMETER_VALUE(0.)),(#7050,
    PARAMETER_VALUE(12.)),.T.,.PARAMETER.);
#7045 = LINE('',#7046,#7047);
#7046 = CARTESIAN_POINT('',(108.,55.,117.));
#7047 = VECTOR('',#7048,1.);
#7048 = DIRECTION('',(0.,0.,1.));
#7049 = CARTESIAN_POINT('',(108.,55.,117.));
#7050 = CARTESIAN_POINT('',(108.,55.,129.));
#7051 = GEOMETRIC_CURVE_SET('',(#7052));
#7052 = TRIMMED_CURVE('',#7053,(#7057,PARAMETER_VALUE(0.)),(#7058,
    PARAMETER_VALUE(20.)),.T.,.PARAMETER.);
#7053 = LINE('',#7054,#7055);
#7054 = CARTESIAN_POINT('',(108.,35.,117.));
#7055 = VECTOR('',#7056,1.);
#7056 = DIRECTION('',(0.,1.,0.));
#7057 = CARTESIAN_POINT('',(108.,35.,117.));
#7058 = CARTESIAN_POINT('',(108.,55.,117.));
#7059 = GEOMETRIC_CURVE_SET('',(#7060));
#7060 = TRIMMED_CURVE('',#7061,(#7065,PARAMETER_VALUE(0.)),(#7066,
    PARAMETER_VALUE(12.)),.T.,.PARAMETER.);
#7061 = LINE('',#7062,#7063);
#7062 = CARTESIAN_POINT('',(138.,35.,117.));
#7063 = VECTOR('',#7064,1.);
#7064 = DIRECTION('',(0.,0.,1.));
#7065 = CARTESIAN_POINT('',(138.,35.,117.));
#7066 = CARTESIAN_POINT('',(138.,35.,129.));
#7067 = GEOMETRIC_CURVE_SET('',(#7068));
#7068 = TRIMMED_CURVE('',#7069,(#7073,PARAMETER_VALUE(0.)),(#7074,
    PARAMETER_VALUE(20.)),.T.,.PARAMETER.);
#7069 = LINE('',#7070,#7071);
#7070 = CARTESIAN_POINT('',(138.,35.,129.));
#7071 = VECTOR('',#7072,1.);
#7072 = DIRECTION('',(0.,1.,0.));
#7073 = CARTESIAN_POINT('',(138.,35.,129.));
#7074 = CARTESIAN_POINT('',(138.,55.,129.));
#7075 = GEOMETRIC_CURVE_SET('',(#7076));
#7076 = TRIMMED_CURVE('',#7077,(#7081,PARAMETER_VALUE(0.)),(#7082,
    PARAMETER_VALUE(12.)),.T.,.PARAMETER.);
#7077 = LINE('',#7078,#7079);
#7078 = CARTESIAN_POINT('',(138.,55.,117.));
#7079 = VECTOR('',#7080,1.);
#7080 = DIRECTION('',(0.,0.,1.));
#7081 = CARTESIAN_POINT('',(138.,55.,117.));
#7082 = CARTESIAN_POINT('',(138.,55.,129.));
#7083 = GEOMETRIC_CURVE_SET('',(#7084));
#7084 = TRIMMED_CURVE('',#7085,(#7089,PARAMETER_VALUE(0.)),(#7090,
    PARAMETER_VALUE(20.)),.T.,.PARAMETER.);
#7085 = LINE('',#7086,#7087);
#7086 = CARTESIAN_POINT('',(138.,35.,117.));
#7087 = VECTOR('',#7088,1.);
#7088 = DIRECTION('',(0.,1.,0.));
#7089 = CARTESIAN_POINT('',(138.,35.,117.));
#7090 = CARTESIAN_POINT('',(138.,55.,117.));
#7091 = GEOMETRIC_CURVE_SET('',(#7092));
#7092 = TRIMMED_CURVE('',#7093,(#7097,PARAMETER_VALUE(0.)),(#7098,
    PARAMETER_VALUE(30.)),.T.,.PARAMETER.);
#7093 = LINE('',#7094,#7095);
#7094 = CARTESIAN_POINT('',(108.,35.,117.));
#7095 = VECTOR('',#7096,1.);
#7096 = DIRECTION('',(1.,0.,0.));
#7097 = CARTESIAN_POINT('',(108.,35.,117.));
#7098 = CARTESIAN_POINT('',(138.,35.,117.));
#7099 = GEOMETRIC_CURVE_SET('',(#7100));
#7100 = TRIMMED_CURVE('',#7101,(#7105,PARAMETER_VALUE(0.)),(#7106,
    PARAMETER_VALUE(30.)),.T.,.PARAMETER.);
#7101 = LINE('',#7102,#7103);
#7102 = CARTESIAN_POINT('',(108.,35.,129.));
#7103 = VECTOR('',#7104,1.);
#7104 = DIRECTION('',(1.,0.,0.));
#7105 = CARTESIAN_POINT('',(108.,35.,129.));
#7106 = CARTESIAN_POINT('',(138.,35.,129.));
#7107 = GEOMETRIC_CURVE_SET('',(#7108));
#7108 = TRIMMED_CURVE('',#7109,(#7113,PARAMETER_VALUE(0.)),(#7114,
    PARAMETER_VALUE(30.)),.T.,.PARAMETER.);
#7109 = LINE('',#7110,#7111);
#7110 = CARTESIAN_POINT('',(108.,55.,117.));
#7111 = VECTOR('',#7112,1.);
#7112 = DIRECTION('',(1.,0.,0.));
#7113 = CARTESIAN_POINT('',(108.,55.,117.));
#7114 = CARTESIAN_POINT('',(138.,55.,117.));
#7115 = GEOMETRIC_CURVE_SET('',(#7116));
#7116 = TRIMMED_CURVE('',#7117,(#7121,PARAMETER_VALUE(0.)),(#7122,
    PARAMETER_VALUE(30.)),.T.,.PARAMETER.);
#7117 = LINE('',#7118,#7119);
#7118 = CARTESIAN_POINT('',(108.,55.,129.));
#7119 = VECTOR('',#7120,1.);
#7120 = DIRECTION('',(1.,0.,0.));
#7121 = CARTESIAN_POINT('',(108.,55.,129.));
#7122 = CARTESIAN_POINT('',(138.,55.,129.));
#7123 = GEOMETRIC_CURVE_SET('',(#7124));
#7124 = TRIMMED_CURVE('',#7125,(#7129,PARAMETER_VALUE(0.)),(#7130,
    PARAMETER_VALUE(1.)),.T.,.PARAMETER.);
#7125 = LINE('',#7126,#7127);
#7126 = CARTESIAN_POINT('',(26.,13.,86.));
#7127 = VECTOR('',#7128,1.);
#7128 = DIRECTION('',(0.,0.,1.));
#7129 = CARTESIAN_POINT('',(26.,13.,86.));
#7130 = CARTESIAN_POINT('',(26.,13.,87.));
#7131 = GEOMETRIC_CURVE_SET('',(#7132));
#7132 = TRIMMED_CURVE('',#7133,(#7137,PARAMETER_VALUE(0.)),(#7138,
    PARAMETER_VALUE(70.)),.T.,.PARAMETER.);
#7133 = LINE('',#7134,#7135);
#7134 = CARTESIAN_POINT('',(26.,13.,87.));
#7135 = VECTOR('',#7136,1.);
#7136 = DIRECTION('',(0.,1.,0.));
#7137 = CARTESIAN_POINT('',(26.,13.,87.));
#7138 = CARTESIAN_POINT('',(26.,83.,87.));
#7139 = GEOMETRIC_CURVE_SET('',(#7140));
#7140 = TRIMMED_CURVE('',#7141,(#7145,PARAMETER_VALUE(0.)),(#7146,
    PARAMETER_VALUE(1.)),.T.,.PARAMETER.);
#7141 = LINE('',#7142,#7143);
#7142 = CARTESIAN_POINT('',(26.,83.,86.));
#7143 = VECTOR('',#7144,1.);
#7144 = DIRECTION('',(0.,0.,1.));
#7145 = CARTESIAN_POINT('',(26.,83.,86.));
#7146 = CARTESIAN_POINT('',(26.,83.,87.));
#7147 = GEOMETRIC_CURVE_SET('',(#7148));
#7148 = TRIMMED_CURVE('',#7149,(#7153,PARAMETER_VALUE(0.)),(#7154,
    PARAMETER_VALUE(70.)),.T.,.PARAMETER.);
#7149 = LINE('',#7150,#7151);
#7150 = CARTESIAN_POINT('',(26.,13.,86.));
#7151 = VECTOR('',#7152,1.);
#7152 = DIRECTION('',(0.,1.,0.));
#7153 = CARTESIAN_POINT('',(26.,13.,86.));
#7154 = CARTESIAN_POINT('',(26.,83.,86.));
#7155 = GEOMETRIC_CURVE_SET('',(#7156));
#7156 = TRIMMED_CURVE('',#7157,(#7161,PARAMETER_VALUE(0.)),(#7162,
    PARAMETER_VALUE(1.)),.T.,.PARAMETER.);
#7157 = LINE('',#7158,#7159);
#7158 = CARTESIAN_POINT('',(107.,13.,86.));
#7159 = VECTOR('',#7160,1.);
#7160 = DIRECTION('',(0.,0.,1.));
#7161 = CARTESIAN_POINT('',(107.,13.,86.));
#7162 = CARTESIAN_POINT('',(107.,13.,87.));
#7163 = GEOMETRIC_CURVE_SET('',(#7164));
#7164 = TRIMMED_CURVE('',#7165,(#7169,PARAMETER_VALUE(0.)),(#7170,
    PARAMETER_VALUE(70.)),.T.,.PARAMETER.);
#7165 = LINE('',#7166,#7167);
#7166 = CARTESIAN_POINT('',(107.,13.,87.));
#7167 = VECTOR('',#7168,1.);
#7168 = DIRECTION('',(0.,1.,0.));
#7169 = CARTESIAN_POINT('',(107.,13.,87.));
#7170 = CARTESIAN_POINT('',(107.,83.,87.));
#7171 = GEOMETRIC_CURVE_SET('',(#7172));
#7172 = TRIMMED_CURVE('',#7173,(#7177,PARAMETER_VALUE(0.)),(#7178,
    PARAMETER_VALUE(1.)),.T.,.PARAMETER.);
#7173 = LINE('',#7174,#7175);
#7174 = CARTESIAN_POINT('',(107.,83.,86.));
#7175 = VECTOR('',#7176,1.);
#7176 = DIRECTION('',(0.,0.,1.));
#7177 = CARTESIAN_POINT('',(107.,83.,86.));
#7178 = CARTESIAN_POINT('',(107.,83.,87.));
#7179 = GEOMETRIC_CURVE_SET('',(#7180));
#7180 = TRIMMED_CURVE('',#7181,(#7185,PARAMETER_VALUE(0.)),(#7186,
    PARAMETER_VALUE(70.)),.T.,.PARAMETER.);
#7181 = LINE('',#7182,#7183);
#7182 = CARTESIAN_POINT('',(107.,13.,86.));
#7183 = VECTOR('',#7184,1.);
#7184 = DIRECTION('',(0.,1.,0.));
#7185 = CARTESIAN_POINT('',(107.,13.,86.));
#7186 = CARTESIAN_POINT('',(107.,83.,86.));
#7187 = GEOMETRIC_CURVE_SET('',(#7188));
#7188 = TRIMMED_CURVE('',#7189,(#7193,PARAMETER_VALUE(0.)),(#7194,
    PARAMETER_VALUE(81.)),.T.,.PARAMETER.);
#7189 = LINE('',#7190,#7191);
#7190 = CARTESIAN_POINT('',(26.,13.,86.));
#7191 = VECTOR('',#7192,1.);
#7192 = DIRECTION('',(1.,0.,0.));
#7193 = CARTESIAN_POINT('',(26.,13.,86.));
#7194 = CARTESIAN_POINT('',(107.,13.,86.));
#7195 = GEOMETRIC_CURVE_SET('',(#7196));
#7196 = TRIMMED_CURVE('',#7197,(#7201,PARAMETER_VALUE(0.)),(#7202,
    PARAMETER_VALUE(81.)),.T.,.PARAMETER.);
#7197 = LINE('',#7198,#7199);
#7198 = CARTESIAN_POINT('',(26.,13.,87.));
#7199 = VECTOR('',#7200,1.);
#7200 = DIRECTION('',(1.,0.,0.));
#7201 = CARTESIAN_POINT('',(26.,13.,87.));
#7202 = CARTESIAN_POINT('',(107.,13.,87.));
#7203 = GEOMETRIC_CURVE_SET('',(#7204));
#7204 = TRIMMED_CURVE('',#7205,(#7209,PARAMETER_VALUE(0.)),(#7210,
    PARAMETER_VALUE(81.)),.T.,.PARAMETER.);
#7205 = LINE('',#7206,#7207);
#7206 = CARTESIAN_POINT('',(26.,83.,86.));
#7207 = VECTOR('',#7208,1.);
#7208 = DIRECTION('',(1.,0.,0.));
#7209 = CARTESIAN_POINT('',(26.,83.,86.));
#7210 = CARTESIAN_POINT('',(107.,83.,86.));
#7211 = GEOMETRIC_CURVE_SET('',(#7212));
#7212 = TRIMMED_CURVE('',#7213,(#7217,PARAMETER_VALUE(0.)),(#7218,
    PARAMETER_VALUE(81.)),.T.,.PARAMETER.);
#7213 = LINE('',#7214,#7215);
#7214 = CARTESIAN_POINT('',(26.,83.,87.));
#7215 = VECTOR('',#7216,1.);
#7216 = DIRECTION('',(1.,0.,0.));
#7217 = CARTESIAN_POINT('',(26.,83.,87.));
#7218 = CARTESIAN_POINT('',(107.,83.,87.));
#7219 = GEOMETRIC_CURVE_SET('',(#7220));
#7220 = TRIMMED_CURVE('',#7221,(#7225,PARAMETER_VALUE(0.)),(#7226,
    PARAMETER_VALUE(1.)),.T.,.PARAMETER.);
#7221 = LINE('',#7222,#7223);
#7222 = CARTESIAN_POINT('',(107.,30.,86.));
#7223 = VECTOR('',#7224,1.);
#7224 = DIRECTION('',(0.,0.,1.));
#7225 = CARTESIAN_POINT('',(107.,30.,86.));
#7226 = CARTESIAN_POINT('',(107.,30.,87.));
#7227 = GEOMETRIC_CURVE_SET('',(#7228));
#7228 = TRIMMED_CURVE('',#7229,(#7233,PARAMETER_VALUE(0.)),(#7234,
    PARAMETER_VALUE(53.)),.T.,.PARAMETER.);
#7229 = LINE('',#7230,#7231);
#7230 = CARTESIAN_POINT('',(107.,30.,87.));
#7231 = VECTOR('',#7232,1.);
#7232 = DIRECTION('',(0.,1.,0.));
#7233 = CARTESIAN_POINT('',(107.,30.,87.));
#7234 = CARTESIAN_POINT('',(107.,83.,87.));
#7235 = GEOMETRIC_CURVE_SET('',(#7236));
#7236 = TRIMMED_CURVE('',#7237,(#7241,PARAMETER_VALUE(0.)),(#7242,
    PARAMETER_VALUE(1.)),.T.,.PARAMETER.);
#7237 = LINE('',#7238,#7239);
#7238 = CARTESIAN_POINT('',(107.,83.,86.));
#7239 = VECTOR('',#7240,1.);
#7240 = DIRECTION('',(0.,0.,1.));
#7241 = CARTESIAN_POINT('',(107.,83.,86.));
#7242 = CARTESIAN_POINT('',(107.,83.,87.));
#7243 = GEOMETRIC_CURVE_SET('',(#7244));
#7244 = TRIMMED_CURVE('',#7245,(#7249,PARAMETER_VALUE(0.)),(#7250,
    PARAMETER_VALUE(53.)),.T.,.PARAMETER.);
#7245 = LINE('',#7246,#7247);
#7246 = CARTESIAN_POINT('',(107.,30.,86.));
#7247 = VECTOR('',#7248,1.);
#7248 = DIRECTION('',(0.,1.,0.));
#7249 = CARTESIAN_POINT('',(107.,30.,86.));
#7250 = CARTESIAN_POINT('',(107.,83.,86.));
#7251 = GEOMETRIC_CURVE_SET('',(#7252));
#7252 = TRIMMED_CURVE('',#7253,(#7257,PARAMETER_VALUE(0.)),(#7258,
    PARAMETER_VALUE(1.)),.T.,.PARAMETER.);
#7253 = LINE('',#7254,#7255);
#7254 = CARTESIAN_POINT('',(141.,30.,86.));
#7255 = VECTOR('',#7256,1.);
#7256 = DIRECTION('',(0.,0.,1.));
#7257 = CARTESIAN_POINT('',(141.,30.,86.));
#7258 = CARTESIAN_POINT('',(141.,30.,87.));
#7259 = GEOMETRIC_CURVE_SET('',(#7260));
#7260 = TRIMMED_CURVE('',#7261,(#7265,PARAMETER_VALUE(0.)),(#7266,
    PARAMETER_VALUE(53.)),.T.,.PARAMETER.);
#7261 = LINE('',#7262,#7263);
#7262 = CARTESIAN_POINT('',(141.,30.,87.));
#7263 = VECTOR('',#7264,1.);
#7264 = DIRECTION('',(0.,1.,0.));
#7265 = CARTESIAN_POINT('',(141.,30.,87.));
#7266 = CARTESIAN_POINT('',(141.,83.,87.));
#7267 = GEOMETRIC_CURVE_SET('',(#7268));
#7268 = TRIMMED_CURVE('',#7269,(#7273,PARAMETER_VALUE(0.)),(#7274,
    PARAMETER_VALUE(1.)),.T.,.PARAMETER.);
#7269 = LINE('',#7270,#7271);
#7270 = CARTESIAN_POINT('',(141.,83.,86.));
#7271 = VECTOR('',#7272,1.);
#7272 = DIRECTION('',(0.,0.,1.));
#7273 = CARTESIAN_POINT('',(141.,83.,86.));
#7274 = CARTESIAN_POINT('',(141.,83.,87.));
#7275 = GEOMETRIC_CURVE_SET('',(#7276));
#7276 = TRIMMED_CURVE('',#7277,(#7281,PARAMETER_VALUE(0.)),(#7282,
    PARAMETER_VALUE(53.)),.T.,.PARAMETER.);
#7277 = LINE('',#7278,#7279);
#7278 = CARTESIAN_POINT('',(141.,30.,86.));
#7279 = VECTOR('',#7280,1.);
#7280 = DIRECTION('',(0.,1.,0.));
#7281 = CARTESIAN_POINT('',(141.,30.,86.));
#7282 = CARTESIAN_POINT('',(141.,83.,86.));
#7283 = GEOMETRIC_CURVE_SET('',(#7284));
#7284 = TRIMMED_CURVE('',#7285,(#7289,PARAMETER_VALUE(0.)),(#7290,
    PARAMETER_VALUE(34.)),.T.,.PARAMETER.);
#7285 = LINE('',#7286,#7287);
#7286 = CARTESIAN_POINT('',(107.,30.,86.));
#7287 = VECTOR('',#7288,1.);
#7288 = DIRECTION('',(1.,0.,0.));
#7289 = CARTESIAN_POINT('',(107.,30.,86.));
#7290 = CARTESIAN_POINT('',(141.,30.,86.));
#7291 = GEOMETRIC_CURVE_SET('',(#7292));
#7292 = TRIMMED_CURVE('',#7293,(#7297,PARAMETER_VALUE(0.)),(#7298,
    PARAMETER_VALUE(34.)),.T.,.PARAMETER.);
#7293 = LINE('',#7294,#7295);
#7294 = CARTESIAN_POINT('',(107.,30.,87.));
#7295 = VECTOR('',#7296,1.);
#7296 = DIRECTION('',(1.,0.,0.));
#7297 = CARTESIAN_POINT('',(107.,30.,87.));
#7298 = CARTESIAN_POINT('',(141.,30.,87.));
#7299 = GEOMETRIC_CURVE_SET('',(#7300));
#7300 = TRIMMED_CURVE('',#7301,(#7305,PARAMETER_VALUE(0.)),(#7306,
    PARAMETER_VALUE(34.)),.T.,.PARAMETER.);
#7301 = LINE('',#7302,#7303);
#7302 = CARTESIAN_POINT('',(107.,83.,86.));
#7303 = VECTOR('',#7304,1.);
#7304 = DIRECTION('',(1.,0.,0.));
#7305 = CARTESIAN_POINT('',(107.,83.,86.));
#7306 = CARTESIAN_POINT('',(141.,83.,86.));
#7307 = GEOMETRIC_CURVE_SET('',(#7308));
#7308 = TRIMMED_CURVE('',#7309,(#7313,PARAMETER_VALUE(0.)),(#7314,
    PARAMETER_VALUE(34.)),.T.,.PARAMETER.);
#7309 = LINE('',#7310,#7311);
#7310 = CARTESIAN_POINT('',(107.,83.,87.));
#7311 = VECTOR('',#7312,1.);
#7312 = DIRECTION('',(1.,0.,0.));
#7313 = CARTESIAN_POINT('',(107.,83.,87.));
#7314 = CARTESIAN_POINT('',(141.,83.,87.));
#7315 = GEOMETRIC_CURVE_SET('',(#7316));
#7316 = TRIMMED_CURVE('',#7317,(#7321,PARAMETER_VALUE(0.)),(#7322,
    PARAMETER_VALUE(8.)),.T.,.PARAMETER.);
#7317 = LINE('',#7318,#7319);
#7318 = CARTESIAN_POINT('',(26.,80.,87.));
#7319 = VECTOR('',#7320,1.);
#7320 = DIRECTION('',(0.,0.,1.));
#7321 = CARTESIAN_POINT('',(26.,80.,87.));
#7322 = CARTESIAN_POINT('',(26.,80.,95.));
#7323 = GEOMETRIC_CURVE_SET('',(#7324));
#7324 = TRIMMED_CURVE('',#7325,(#7329,PARAMETER_VALUE(0.)),(#7330,
    PARAMETER_VALUE(2.)),.T.,.PARAMETER.);
#7325 = LINE('',#7326,#7327);
#7326 = CARTESIAN_POINT('',(26.,80.,95.));
#7327 = VECTOR('',#7328,1.);
#7328 = DIRECTION('',(0.,1.,0.));
#7329 = CARTESIAN_POINT('',(26.,80.,95.));
#7330 = CARTESIAN_POINT('',(26.,82.,95.));
#7331 = GEOMETRIC_CURVE_SET('',(#7332));
#7332 = TRIMMED_CURVE('',#7333,(#7337,PARAMETER_VALUE(0.)),(#7338,
    PARAMETER_VALUE(8.)),.T.,.PARAMETER.);
#7333 = LINE('',#7334,#7335);
#7334 = CARTESIAN_POINT('',(26.,82.,87.));
#7335 = VECTOR('',#7336,1.);
#7336 = DIRECTION('',(0.,0.,1.));
#7337 = CARTESIAN_POINT('',(26.,82.,87.));
#7338 = CARTESIAN_POINT('',(26.,82.,95.));
#7339 = GEOMETRIC_CURVE_SET('',(#7340));
#7340 = TRIMMED_CURVE('',#7341,(#7345,PARAMETER_VALUE(0.)),(#7346,
    PARAMETER_VALUE(2.)),.T.,.PARAMETER.);
#7341 = LINE('',#7342,#7343);
#7342 = CARTESIAN_POINT('',(26.,80.,87.));
#7343 = VECTOR('',#7344,1.);
#7344 = DIRECTION('',(0.,1.,0.));
#7345 = CARTESIAN_POINT('',(26.,80.,87.));
#7346 = CARTESIAN_POINT('',(26.,82.,87.));
#7347 = GEOMETRIC_CURVE_SET('',(#7348));
#7348 = TRIMMED_CURVE('',#7349,(#7353,PARAMETER_VALUE(0.)),(#7354,
    PARAMETER_VALUE(8.)),.T.,.PARAMETER.);
#7349 = LINE('',#7350,#7351);
#7350 = CARTESIAN_POINT('',(141.,80.,87.));
#7351 = VECTOR('',#7352,1.);
#7352 = DIRECTION('',(0.,0.,1.));
#7353 = CARTESIAN_POINT('',(141.,80.,87.));
#7354 = CARTESIAN_POINT('',(141.,80.,95.));
#7355 = GEOMETRIC_CURVE_SET('',(#7356));
#7356 = TRIMMED_CURVE('',#7357,(#7361,PARAMETER_VALUE(0.)),(#7362,
    PARAMETER_VALUE(2.)),.T.,.PARAMETER.);
#7357 = LINE('',#7358,#7359);
#7358 = CARTESIAN_POINT('',(141.,80.,95.));
#7359 = VECTOR('',#7360,1.);
#7360 = DIRECTION('',(0.,1.,0.));
#7361 = CARTESIAN_POINT('',(141.,80.,95.));
#7362 = CARTESIAN_POINT('',(141.,82.,95.));
#7363 = GEOMETRIC_CURVE_SET('',(#7364));
#7364 = TRIMMED_CURVE('',#7365,(#7369,PARAMETER_VALUE(0.)),(#7370,
    PARAMETER_VALUE(8.)),.T.,.PARAMETER.);
#7365 = LINE('',#7366,#7367);
#7366 = CARTESIAN_POINT('',(141.,82.,87.));
#7367 = VECTOR('',#7368,1.);
#7368 = DIRECTION('',(0.,0.,1.));
#7369 = CARTESIAN_POINT('',(141.,82.,87.));
#7370 = CARTESIAN_POINT('',(141.,82.,95.));
#7371 = GEOMETRIC_CURVE_SET('',(#7372));
#7372 = TRIMMED_CURVE('',#7373,(#7377,PARAMETER_VALUE(0.)),(#7378,
    PARAMETER_VALUE(2.)),.T.,.PARAMETER.);
#7373 = LINE('',#7374,#7375);
#7374 = CARTESIAN_POINT('',(141.,80.,87.));
#7375 = VECTOR('',#7376,1.);
#7376 = DIRECTION('',(0.,1.,0.));
#7377 = CARTESIAN_POINT('',(141.,80.,87.));
#7378 = CARTESIAN_POINT('',(141.,82.,87.));
#7379 = GEOMETRIC_CURVE_SET('',(#7380));
#7380 = TRIMMED_CURVE('',#7381,(#7385,PARAMETER_VALUE(0.)),(#7386,
    PARAMETER_VALUE(115.)),.T.,.PARAMETER.);
#7381 = LINE('',#7382,#7383);
#7382 = CARTESIAN_POINT('',(26.,80.,87.));
#7383 = VECTOR('',#7384,1.);
#7384 = DIRECTION('',(1.,0.,0.));
#7385 = CARTESIAN_POINT('',(26.,80.,87.));
#7386 = CARTESIAN_POINT('',(141.,80.,87.));
#7387 = GEOMETRIC_CURVE_SET('',(#7388));
#7388 = TRIMMED_CURVE('',#7389,(#7393,PARAMETER_VALUE(0.)),(#7394,
    PARAMETER_VALUE(115.)),.T.,.PARAMETER.);
#7389 = LINE('',#7390,#7391);
#7390 = CARTESIAN_POINT('',(26.,80.,95.));
#7391 = VECTOR('',#7392,1.);
#7392 = DIRECTION('',(1.,0.,0.));
#7393 = CARTESIAN_POINT('',(26.,80.,95.));
#7394 = CARTESIAN_POINT('',(141.,80.,95.));
#7395 = GEOMETRIC_CURVE_SET('',(#7396));
#7396 = TRIMMED_CURVE('',#7397,(#7401,PARAMETER_VALUE(0.)),(#7402,
    PARAMETER_VALUE(115.)),.T.,.PARAMETER.);
#7397 = LINE('',#7398,#7399);
#7398 = CARTESIAN_POINT('',(26.,82.,87.));
#7399 = VECTOR('',#7400,1.);
#7400 = DIRECTION('',(1.,0.,0.));
#7401 = CARTESIAN_POINT('',(26.,82.,87.));
#7402 = CARTESIAN_POINT('',(141.,82.,87.));
#7403 = GEOMETRIC_CURVE_SET('',(#7404));
#7404 = TRIMMED_CURVE('',#7405,(#7409,PARAMETER_VALUE(0.)),(#7410,
    PARAMETER_VALUE(115.)),.T.,.PARAMETER.);
#7405 = LINE('',#7406,#7407);
#7406 = CARTESIAN_POINT('',(26.,82.,95.));
#7407 = VECTOR('',#7408,1.);
#7408 = DIRECTION('',(1.,0.,0.));
#7409 = CARTESIAN_POINT('',(26.,82.,95.));
#7410 = CARTESIAN_POINT('',(141.,82.,95.));
#7411 = GEOMETRIC_CURVE_SET('',(#7412));
#7412 = TRIMMED_CURVE('',#7413,(#7417,PARAMETER_VALUE(0.)),(#7418,
    PARAMETER_VALUE(8.)),.T.,.PARAMETER.);
#7413 = LINE('',#7414,#7415);
#7414 = CARTESIAN_POINT('',(29.,13.,87.));
#7415 = VECTOR('',#7416,1.);
#7416 = DIRECTION('',(0.,0.,1.));
#7417 = CARTESIAN_POINT('',(29.,13.,87.));
#7418 = CARTESIAN_POINT('',(29.,13.,95.));
#7419 = GEOMETRIC_CURVE_SET('',(#7420));
#7420 = TRIMMED_CURVE('',#7421,(#7425,PARAMETER_VALUE(0.)),(#7426,
    PARAMETER_VALUE(2.)),.T.,.PARAMETER.);
#7421 = LINE('',#7422,#7423);
#7422 = CARTESIAN_POINT('',(29.,13.,95.));
#7423 = VECTOR('',#7424,1.);
#7424 = DIRECTION('',(0.,1.,0.));
#7425 = CARTESIAN_POINT('',(29.,13.,95.));
#7426 = CARTESIAN_POINT('',(29.,15.,95.));
#7427 = GEOMETRIC_CURVE_SET('',(#7428));
#7428 = TRIMMED_CURVE('',#7429,(#7433,PARAMETER_VALUE(0.)),(#7434,
    PARAMETER_VALUE(8.)),.T.,.PARAMETER.);
#7429 = LINE('',#7430,#7431);
#7430 = CARTESIAN_POINT('',(29.,15.,87.));
#7431 = VECTOR('',#7432,1.);
#7432 = DIRECTION('',(0.,0.,1.));
#7433 = CARTESIAN_POINT('',(29.,15.,87.));
#7434 = CARTESIAN_POINT('',(29.,15.,95.));
#7435 = GEOMETRIC_CURVE_SET('',(#7436));
#7436 = TRIMMED_CURVE('',#7437,(#7441,PARAMETER_VALUE(0.)),(#7442,
    PARAMETER_VALUE(2.)),.T.,.PARAMETER.);
#7437 = LINE('',#7438,#7439);
#7438 = CARTESIAN_POINT('',(29.,13.,87.));
#7439 = VECTOR('',#7440,1.);
#7440 = DIRECTION('',(0.,1.,0.));
#7441 = CARTESIAN_POINT('',(29.,13.,87.));
#7442 = CARTESIAN_POINT('',(29.,15.,87.));
#7443 = GEOMETRIC_CURVE_SET('',(#7444));
#7444 = TRIMMED_CURVE('',#7445,(#7449,PARAMETER_VALUE(0.)),(#7450,
    PARAMETER_VALUE(8.)),.T.,.PARAMETER.);
#7445 = LINE('',#7446,#7447);
#7446 = CARTESIAN_POINT('',(106.,13.,87.));
#7447 = VECTOR('',#7448,1.);
#7448 = DIRECTION('',(0.,0.,1.));
#7449 = CARTESIAN_POINT('',(106.,13.,87.));
#7450 = CARTESIAN_POINT('',(106.,13.,95.));
#7451 = GEOMETRIC_CURVE_SET('',(#7452));
#7452 = TRIMMED_CURVE('',#7453,(#7457,PARAMETER_VALUE(0.)),(#7458,
    PARAMETER_VALUE(2.)),.T.,.PARAMETER.);
#7453 = LINE('',#7454,#7455);
#7454 = CARTESIAN_POINT('',(106.,13.,95.));
#7455 = VECTOR('',#7456,1.);
#7456 = DIRECTION('',(0.,1.,0.));
#7457 = CARTESIAN_POINT('',(106.,13.,95.));
#7458 = CARTESIAN_POINT('',(106.,15.,95.));
#7459 = GEOMETRIC_CURVE_SET('',(#7460));
#7460 = TRIMMED_CURVE('',#7461,(#7465,PARAMETER_VALUE(0.)),(#7466,
    PARAMETER_VALUE(8.)),.T.,.PARAMETER.);
#7461 = LINE('',#7462,#7463);
#7462 = CARTESIAN_POINT('',(106.,15.,87.));
#7463 = VECTOR('',#7464,1.);
#7464 = DIRECTION('',(0.,0.,1.));
#7465 = CARTESIAN_POINT('',(106.,15.,87.));
#7466 = CARTESIAN_POINT('',(106.,15.,95.));
#7467 = GEOMETRIC_CURVE_SET('',(#7468));
#7468 = TRIMMED_CURVE('',#7469,(#7473,PARAMETER_VALUE(0.)),(#7474,
    PARAMETER_VALUE(2.)),.T.,.PARAMETER.);
#7469 = LINE('',#7470,#7471);
#7470 = CARTESIAN_POINT('',(106.,13.,87.));
#7471 = VECTOR('',#7472,1.);
#7472 = DIRECTION('',(0.,1.,0.));
#7473 = CARTESIAN_POINT('',(106.,13.,87.));
#7474 = CARTESIAN_POINT('',(106.,15.,87.));
#7475 = GEOMETRIC_CURVE_SET('',(#7476));
#7476 = TRIMMED_CURVE('',#7477,(#7481,PARAMETER_VALUE(0.)),(#7482,
    PARAMETER_VALUE(77.)),.T.,.PARAMETER.);
#7477 = LINE('',#7478,#7479);
#7478 = CARTESIAN_POINT('',(29.,13.,87.));
#7479 = VECTOR('',#7480,1.);
#7480 = DIRECTION('',(1.,0.,0.));
#7481 = CARTESIAN_POINT('',(29.,13.,87.));
#7482 = CARTESIAN_POINT('',(106.,13.,87.));
#7483 = GEOMETRIC_CURVE_SET('',(#7484));
#7484 = TRIMMED_CURVE('',#7485,(#7489,PARAMETER_VALUE(0.)),(#7490,
    PARAMETER_VALUE(77.)),.T.,.PARAMETER.);
#7485 = LINE('',#7486,#7487);
#7486 = CARTESIAN_POINT('',(29.,13.,95.));
#7487 = VECTOR('',#7488,1.);
#7488 = DIRECTION('',(1.,0.,0.));
#7489 = CARTESIAN_POINT('',(29.,13.,95.));
#7490 = CARTESIAN_POINT('',(106.,13.,95.));
#7491 = GEOMETRIC_CURVE_SET('',(#7492));
#7492 = TRIMMED_CURVE('',#7493,(#7497,PARAMETER_VALUE(0.)),(#7498,
    PARAMETER_VALUE(77.)),.T.,.PARAMETER.);
#7493 = LINE('',#7494,#7495);
#7494 = CARTESIAN_POINT('',(29.,15.,87.));
#7495 = VECTOR('',#7496,1.);
#7496 = DIRECTION('',(1.,0.,0.));
#7497 = CARTESIAN_POINT('',(29.,15.,87.));
#7498 = CARTESIAN_POINT('',(106.,15.,87.));
#7499 = GEOMETRIC_CURVE_SET('',(#7500));
#7500 = TRIMMED_CURVE('',#7501,(#7505,PARAMETER_VALUE(0.)),(#7506,
    PARAMETER_VALUE(77.)),.T.,.PARAMETER.);
#7501 = LINE('',#7502,#7503);
#7502 = CARTESIAN_POINT('',(29.,15.,95.));
#7503 = VECTOR('',#7504,1.);
#7504 = DIRECTION('',(1.,0.,0.));
#7505 = CARTESIAN_POINT('',(29.,15.,95.));
#7506 = CARTESIAN_POINT('',(106.,15.,95.));
#7507 = GEOMETRIC_CURVE_SET('',(#7508));
#7508 = TRIMMED_CURVE('',#7509,(#7513,PARAMETER_VALUE(0.)),(#7514,
    PARAMETER_VALUE(30.)),.T.,.PARAMETER.);
#7509 = LINE('',#7510,#7511);
#7510 = CARTESIAN_POINT('',(215.,25.,56.));
#7511 = VECTOR('',#7512,1.);
#7512 = DIRECTION('',(0.,0.,1.));
#7513 = CARTESIAN_POINT('',(215.,25.,56.));
#7514 = CARTESIAN_POINT('',(215.,25.,86.));
#7515 = GEOMETRIC_CURVE_SET('',(#7516));
#7516 = TRIMMED_CURVE('',#7517,(#7521,PARAMETER_VALUE(0.)),(#7522,
    PARAMETER_VALUE(57.)),.T.,.PARAMETER.);
#7517 = LINE('',#7518,#7519);
#7518 = CARTESIAN_POINT('',(215.,25.,86.));
#7519 = VECTOR('',#7520,1.);
#7520 = DIRECTION('',(0.,1.,0.));
#7521 = CARTESIAN_POINT('',(215.,25.,86.));
#7522 = CARTESIAN_POINT('',(215.,82.,86.));
#7523 = GEOMETRIC_CURVE_SET('',(#7524));
#7524 = TRIMMED_CURVE('',#7525,(#7529,PARAMETER_VALUE(0.)),(#7530,
    PARAMETER_VALUE(30.)),.T.,.PARAMETER.);
#7525 = LINE('',#7526,#7527);
#7526 = CARTESIAN_POINT('',(215.,82.,56.));
#7527 = VECTOR('',#7528,1.);
#7528 = DIRECTION('',(0.,0.,1.));
#7529 = CARTESIAN_POINT('',(215.,82.,56.));
#7530 = CARTESIAN_POINT('',(215.,82.,86.));
#7531 = GEOMETRIC_CURVE_SET('',(#7532));
#7532 = TRIMMED_CURVE('',#7533,(#7537,PARAMETER_VALUE(0.)),(#7538,
    PARAMETER_VALUE(57.)),.T.,.PARAMETER.);
#7533 = LINE('',#7534,#7535);
#7534 = CARTESIAN_POINT('',(215.,25.,56.));
#7535 = VECTOR('',#7536,1.);
#7536 = DIRECTION('',(0.,1.,0.));
#7537 = CARTESIAN_POINT('',(215.,25.,56.));
#7538 = CARTESIAN_POINT('',(215.,82.,56.));
#7539 = GEOMETRIC_CURVE_SET('',(#7540));
#7540 = TRIMMED_CURVE('',#7541,(#7545,PARAMETER_VALUE(0.)),(#7546,
    PARAMETER_VALUE(30.)),.T.,.PARAMETER.);
#7541 = LINE('',#7542,#7543);
#7542 = CARTESIAN_POINT('',(247.,25.,56.));
#7543 = VECTOR('',#7544,1.);
#7544 = DIRECTION('',(0.,0.,1.));
#7545 = CARTESIAN_POINT('',(247.,25.,56.));
#7546 = CARTESIAN_POINT('',(247.,25.,86.));
#7547 = GEOMETRIC_CURVE_SET('',(#7548));
#7548 = TRIMMED_CURVE('',#7549,(#7553,PARAMETER_VALUE(0.)),(#7554,
    PARAMETER_VALUE(57.)),.T.,.PARAMETER.);
#7549 = LINE('',#7550,#7551);
#7550 = CARTESIAN_POINT('',(247.,25.,86.));
#7551 = VECTOR('',#7552,1.);
#7552 = DIRECTION('',(0.,1.,0.));
#7553 = CARTESIAN_POINT('',(247.,25.,86.));
#7554 = CARTESIAN_POINT('',(247.,82.,86.));
#7555 = GEOMETRIC_CURVE_SET('',(#7556));
#7556 = TRIMMED_CURVE('',#7557,(#7561,PARAMETER_VALUE(0.)),(#7562,
    PARAMETER_VALUE(30.)),.T.,.PARAMETER.);
#7557 = LINE('',#7558,#7559);
#7558 = CARTESIAN_POINT('',(247.,82.,56.));
#7559 = VECTOR('',#7560,1.);
#7560 = DIRECTION('',(0.,0.,1.));
#7561 = CARTESIAN_POINT('',(247.,82.,56.));
#7562 = CARTESIAN_POINT('',(247.,82.,86.));
#7563 = GEOMETRIC_CURVE_SET('',(#7564));
#7564 = TRIMMED_CURVE('',#7565,(#7569,PARAMETER_VALUE(0.)),(#7570,
    PARAMETER_VALUE(57.)),.T.,.PARAMETER.);
#7565 = LINE('',#7566,#7567);
#7566 = CARTESIAN_POINT('',(247.,25.,56.));
#7567 = VECTOR('',#7568,1.);
#7568 = DIRECTION('',(0.,1.,0.));
#7569 = CARTESIAN_POINT('',(247.,25.,56.));
#7570 = CARTESIAN_POINT('',(247.,82.,56.));
#7571 = GEOMETRIC_CURVE_SET('',(#7572));
#7572 = TRIMMED_CURVE('',#7573,(#7577,PARAMETER_VALUE(0.)),(#7578,
    PARAMETER_VALUE(32.)),.T.,.PARAMETER.);
#7573 = LINE('',#7574,#7575);
#7574 = CARTESIAN_POINT('',(215.,25.,56.));
#7575 = VECTOR('',#7576,1.);
#7576 = DIRECTION('',(1.,0.,0.));
#7577 = CARTESIAN_POINT('',(215.,25.,56.));
#7578 = CARTESIAN_POINT('',(247.,25.,56.));
#7579 = GEOMETRIC_CURVE_SET('',(#7580));
#7580 = TRIMMED_CURVE('',#7581,(#7585,PARAMETER_VALUE(0.)),(#7586,
    PARAMETER_VALUE(32.)),.T.,.PARAMETER.);
#7581 = LINE('',#7582,#7583);
#7582 = CARTESIAN_POINT('',(215.,25.,86.));
#7583 = VECTOR('',#7584,1.);
#7584 = DIRECTION('',(1.,0.,0.));
#7585 = CARTESIAN_POINT('',(215.,25.,86.));
#7586 = CARTESIAN_POINT('',(247.,25.,86.));
#7587 = GEOMETRIC_CURVE_SET('',(#7588));
#7588 = TRIMMED_CURVE('',#7589,(#7593,PARAMETER_VALUE(0.)),(#7594,
    PARAMETER_VALUE(32.)),.T.,.PARAMETER.);
#7589 = LINE('',#7590,#7591);
#7590 = CARTESIAN_POINT('',(215.,82.,56.));
#7591 = VECTOR('',#7592,1.);
#7592 = DIRECTION('',(1.,0.,0.));
#7593 = CARTESIAN_POINT('',(215.,82.,56.));
#7594 = CARTESIAN_POINT('',(247.,82.,56.));
#7595 = GEOMETRIC_CURVE_SET('',(#7596));
#7596 = TRIMMED_CURVE('',#7597,(#7601,PARAMETER_VALUE(0.)),(#7602,
    PARAMETER_VALUE(32.)),.T.,.PARAMETER.);
#7597 = LINE('',#7598,#7599);
#7598 = CARTESIAN_POINT('',(215.,82.,86.));
#7599 = VECTOR('',#7600,1.);
#7600 = DIRECTION('',(1.,0.,0.));
#7601 = CARTESIAN_POINT('',(215.,82.,86.));
#7602 = CARTESIAN_POINT('',(247.,82.,86.));
#7603 = GEOMETRIC_CURVE_SET('',(#7604));
#7604 = TRIMMED_CURVE('',#7605,(#7609,PARAMETER_VALUE(0.)),(#7610,
    PARAMETER_VALUE(3.175)),.T.,.PARAMETER.);
#7605 = LINE('',#7606,#7607);
#7606 = CARTESIAN_POINT('',(5.,1.3,86.));
#7607 = VECTOR('',#7608,1.);
#7608 = DIRECTION('',(0.,0.,1.));
#7609 = CARTESIAN_POINT('',(5.,1.3,86.));
#7610 = CARTESIAN_POINT('',(5.,1.3,89.175));
#7611 = GEOMETRIC_CURVE_SET('',(#7612));
#7612 = TRIMMED_CURVE('',#7613,(#7617,PARAMETER_VALUE(0.)),(#7618,
    PARAMETER_VALUE(25.4)),.T.,.PARAMETER.);
#7613 = LINE('',#7614,#7615);
#7614 = CARTESIAN_POINT('',(5.,1.3,89.175));
#7615 = VECTOR('',#7616,1.);
#7616 = DIRECTION('',(0.,1.,0.));
#7617 = CARTESIAN_POINT('',(5.,1.3,89.175));
#7618 = CARTESIAN_POINT('',(5.,26.7,89.175));
#7619 = GEOMETRIC_CURVE_SET('',(#7620));
#7620 = TRIMMED_CURVE('',#7621,(#7625,PARAMETER_VALUE(0.)),(#7626,
    PARAMETER_VALUE(3.175)),.T.,.PARAMETER.);
#7621 = LINE('',#7622,#7623);
#7622 = CARTESIAN_POINT('',(5.,26.7,86.));
#7623 = VECTOR('',#7624,1.);
#7624 = DIRECTION('',(0.,0.,1.));
#7625 = CARTESIAN_POINT('',(5.,26.7,86.));
#7626 = CARTESIAN_POINT('',(5.,26.7,89.175));
#7627 = GEOMETRIC_CURVE_SET('',(#7628));
#7628 = TRIMMED_CURVE('',#7629,(#7633,PARAMETER_VALUE(0.)),(#7634,
    PARAMETER_VALUE(25.4)),.T.,.PARAMETER.);
#7629 = LINE('',#7630,#7631);
#7630 = CARTESIAN_POINT('',(5.,1.3,86.));
#7631 = VECTOR('',#7632,1.);
#7632 = DIRECTION('',(0.,1.,0.));
#7633 = CARTESIAN_POINT('',(5.,1.3,86.));
#7634 = CARTESIAN_POINT('',(5.,26.7,86.));
#7635 = GEOMETRIC_CURVE_SET('',(#7636));
#7636 = TRIMMED_CURVE('',#7637,(#7641,PARAMETER_VALUE(0.)),(#7642,
    PARAMETER_VALUE(3.175)),.T.,.PARAMETER.);
#7637 = LINE('',#7638,#7639);
#7638 = CARTESIAN_POINT('',(23.,1.3,86.));
#7639 = VECTOR('',#7640,1.);
#7640 = DIRECTION('',(0.,0.,1.));
#7641 = CARTESIAN_POINT('',(23.,1.3,86.));
#7642 = CARTESIAN_POINT('',(23.,1.3,89.175));
#7643 = GEOMETRIC_CURVE_SET('',(#7644));
#7644 = TRIMMED_CURVE('',#7645,(#7649,PARAMETER_VALUE(0.)),(#7650,
    PARAMETER_VALUE(25.4)),.T.,.PARAMETER.);
#7645 = LINE('',#7646,#7647);
#7646 = CARTESIAN_POINT('',(23.,1.3,89.175));
#7647 = VECTOR('',#7648,1.);
#7648 = DIRECTION('',(0.,1.,0.));
#7649 = CARTESIAN_POINT('',(23.,1.3,89.175));
#7650 = CARTESIAN_POINT('',(23.,26.7,89.175));
#7651 = GEOMETRIC_CURVE_SET('',(#7652));
#7652 = TRIMMED_CURVE('',#7653,(#7657,PARAMETER_VALUE(0.)),(#7658,
    PARAMETER_VALUE(3.175)),.T.,.PARAMETER.);
#7653 = LINE('',#7654,#7655);
#7654 = CARTESIAN_POINT('',(23.,26.7,86.));
#7655 = VECTOR('',#7656,1.);
#7656 = DIRECTION('',(0.,0.,1.));
#7657 = CARTESIAN_POINT('',(23.,26.7,86.));
#7658 = CARTESIAN_POINT('',(23.,26.7,89.175));
#7659 = GEOMETRIC_CURVE_SET('',(#7660));
#7660 = TRIMMED_CURVE('',#7661,(#7665,PARAMETER_VALUE(0.)),(#7666,
    PARAMETER_VALUE(25.4)),.T.,.PARAMETER.);
#7661 = LINE('',#7662,#7663);
#7662 = CARTESIAN_POINT('',(23.,1.3,86.));
#7663 = VECTOR('',#7664,1.);
#7664 = DIRECTION('',(0.,1.,0.));
#7665 = CARTESIAN_POINT('',(23.,1.3,86.));
#7666 = CARTESIAN_POINT('',(23.,26.7,86.));
#7667 = GEOMETRIC_CURVE_SET('',(#7668));
#7668 = TRIMMED_CURVE('',#7669,(#7673,PARAMETER_VALUE(0.)),(#7674,
    PARAMETER_VALUE(18.)),.T.,.PARAMETER.);
#7669 = LINE('',#7670,#7671);
#7670 = CARTESIAN_POINT('',(5.,1.3,86.));
#7671 = VECTOR('',#7672,1.);
#7672 = DIRECTION('',(1.,0.,0.));
#7673 = CARTESIAN_POINT('',(5.,1.3,86.));
#7674 = CARTESIAN_POINT('',(23.,1.3,86.));
#7675 = GEOMETRIC_CURVE_SET('',(#7676));
#7676 = TRIMMED_CURVE('',#7677,(#7681,PARAMETER_VALUE(0.)),(#7682,
    PARAMETER_VALUE(18.)),.T.,.PARAMETER.);
#7677 = LINE('',#7678,#7679);
#7678 = CARTESIAN_POINT('',(5.,1.3,89.175));
#7679 = VECTOR('',#7680,1.);
#7680 = DIRECTION('',(1.,0.,0.));
#7681 = CARTESIAN_POINT('',(5.,1.3,89.175));
#7682 = CARTESIAN_POINT('',(23.,1.3,89.175));
#7683 = GEOMETRIC_CURVE_SET('',(#7684));
#7684 = TRIMMED_CURVE('',#7685,(#7689,PARAMETER_VALUE(0.)),(#7690,
    PARAMETER_VALUE(18.)),.T.,.PARAMETER.);
#7685 = LINE('',#7686,#7687);
#7686 = CARTESIAN_POINT('',(5.,26.7,86.));
#7687 = VECTOR('',#7688,1.);
#7688 = DIRECTION('',(1.,0.,0.));
#7689 = CARTESIAN_POINT('',(5.,26.7,86.));
#7690 = CARTESIAN_POINT('',(23.,26.7,86.));
#7691 = GEOMETRIC_CURVE_SET('',(#7692));
#7692 = TRIMMED_CURVE('',#7693,(#7697,PARAMETER_VALUE(0.)),(#7698,
    PARAMETER_VALUE(18.)),.T.,.PARAMETER.);
#7693 = LINE('',#7694,#7695);
#7694 = CARTESIAN_POINT('',(5.,26.7,89.175));
#7695 = VECTOR('',#7696,1.);
#7696 = DIRECTION('',(1.,0.,0.));
#7697 = CARTESIAN_POINT('',(5.,26.7,89.175));
#7698 = CARTESIAN_POINT('',(23.,26.7,89.175));
#7699 = GEOMETRIC_CURVE_SET('',(#7700));
#7700 = TRIMMED_CURVE('',#7701,(#7705,PARAMETER_VALUE(0.)),(#7706,
    PARAMETER_VALUE(3.175)),.T.,.PARAMETER.);
#7701 = LINE('',#7702,#7703);
#7702 = CARTESIAN_POINT('',(5.,1.3,120.925));
#7703 = VECTOR('',#7704,1.);
#7704 = DIRECTION('',(0.,0.,1.));
#7705 = CARTESIAN_POINT('',(5.,1.3,120.925));
#7706 = CARTESIAN_POINT('',(5.,1.3,124.1));
#7707 = GEOMETRIC_CURVE_SET('',(#7708));
#7708 = TRIMMED_CURVE('',#7709,(#7713,PARAMETER_VALUE(0.)),(#7714,
    PARAMETER_VALUE(25.4)),.T.,.PARAMETER.);
#7709 = LINE('',#7710,#7711);
#7710 = CARTESIAN_POINT('',(5.,1.3,124.1));
#7711 = VECTOR('',#7712,1.);
#7712 = DIRECTION('',(0.,1.,0.));
#7713 = CARTESIAN_POINT('',(5.,1.3,124.1));
#7714 = CARTESIAN_POINT('',(5.,26.7,124.1));
#7715 = GEOMETRIC_CURVE_SET('',(#7716));
#7716 = TRIMMED_CURVE('',#7717,(#7721,PARAMETER_VALUE(0.)),(#7722,
    PARAMETER_VALUE(3.175)),.T.,.PARAMETER.);
#7717 = LINE('',#7718,#7719);
#7718 = CARTESIAN_POINT('',(5.,26.7,120.925));
#7719 = VECTOR('',#7720,1.);
#7720 = DIRECTION('',(0.,0.,1.));
#7721 = CARTESIAN_POINT('',(5.,26.7,120.925));
#7722 = CARTESIAN_POINT('',(5.,26.7,124.1));
#7723 = GEOMETRIC_CURVE_SET('',(#7724));
#7724 = TRIMMED_CURVE('',#7725,(#7729,PARAMETER_VALUE(0.)),(#7730,
    PARAMETER_VALUE(25.4)),.T.,.PARAMETER.);
#7725 = LINE('',#7726,#7727);
#7726 = CARTESIAN_POINT('',(5.,1.3,120.925));
#7727 = VECTOR('',#7728,1.);
#7728 = DIRECTION('',(0.,1.,0.));
#7729 = CARTESIAN_POINT('',(5.,1.3,120.925));
#7730 = CARTESIAN_POINT('',(5.,26.7,120.925));
#7731 = GEOMETRIC_CURVE_SET('',(#7732));
#7732 = TRIMMED_CURVE('',#7733,(#7737,PARAMETER_VALUE(0.)),(#7738,
    PARAMETER_VALUE(3.175)),.T.,.PARAMETER.);
#7733 = LINE('',#7734,#7735);
#7734 = CARTESIAN_POINT('',(23.,1.3,120.925));
#7735 = VECTOR('',#7736,1.);
#7736 = DIRECTION('',(0.,0.,1.));
#7737 = CARTESIAN_POINT('',(23.,1.3,120.925));
#7738 = CARTESIAN_POINT('',(23.,1.3,124.1));
#7739 = GEOMETRIC_CURVE_SET('',(#7740));
#7740 = TRIMMED_CURVE('',#7741,(#7745,PARAMETER_VALUE(0.)),(#7746,
    PARAMETER_VALUE(25.4)),.T.,.PARAMETER.);
#7741 = LINE('',#7742,#7743);
#7742 = CARTESIAN_POINT('',(23.,1.3,124.1));
#7743 = VECTOR('',#7744,1.);
#7744 = DIRECTION('',(0.,1.,0.));
#7745 = CARTESIAN_POINT('',(23.,1.3,124.1));
#7746 = CARTESIAN_POINT('',(23.,26.7,124.1));
#7747 = GEOMETRIC_CURVE_SET('',(#7748));
#7748 = TRIMMED_CURVE('',#7749,(#7753,PARAMETER_VALUE(0.)),(#7754,
    PARAMETER_VALUE(3.175)),.T.,.PARAMETER.);
#7749 = LINE('',#7750,#7751);
#7750 = CARTESIAN_POINT('',(23.,26.7,120.925));
#7751 = VECTOR('',#7752,1.);
#7752 = DIRECTION('',(0.,0.,1.));
#7753 = CARTESIAN_POINT('',(23.,26.7,120.925));
#7754 = CARTESIAN_POINT('',(23.,26.7,124.1));
#7755 = GEOMETRIC_CURVE_SET('',(#7756));
#7756 = TRIMMED_CURVE('',#7757,(#7761,PARAMETER_VALUE(0.)),(#7762,
    PARAMETER_VALUE(25.4)),.T.,.PARAMETER.);
#7757 = LINE('',#7758,#7759);
#7758 = CARTESIAN_POINT('',(23.,1.3,120.925));
#7759 = VECTOR('',#7760,1.);
#7760 = DIRECTION('',(0.,1.,0.));
#7761 = CARTESIAN_POINT('',(23.,1.3,120.925));
#7762 = CARTESIAN_POINT('',(23.,26.7,120.925));
#7763 = GEOMETRIC_CURVE_SET('',(#7764));
#7764 = TRIMMED_CURVE('',#7765,(#7769,PARAMETER_VALUE(0.)),(#7770,
    PARAMETER_VALUE(18.)),.T.,.PARAMETER.);
#7765 = LINE('',#7766,#7767);
#7766 = CARTESIAN_POINT('',(5.,1.3,120.925));
#7767 = VECTOR('',#7768,1.);
#7768 = DIRECTION('',(1.,0.,0.));
#7769 = CARTESIAN_POINT('',(5.,1.3,120.925));
#7770 = CARTESIAN_POINT('',(23.,1.3,120.925));
#7771 = GEOMETRIC_CURVE_SET('',(#7772));
#7772 = TRIMMED_CURVE('',#7773,(#7777,PARAMETER_VALUE(0.)),(#7778,
    PARAMETER_VALUE(18.)),.T.,.PARAMETER.);
#7773 = LINE('',#7774,#7775);
#7774 = CARTESIAN_POINT('',(5.,1.3,124.1));
#7775 = VECTOR('',#7776,1.);
#7776 = DIRECTION('',(1.,0.,0.));
#7777 = CARTESIAN_POINT('',(5.,1.3,124.1));
#7778 = CARTESIAN_POINT('',(23.,1.3,124.1));
#7779 = GEOMETRIC_CURVE_SET('',(#7780));
#7780 = TRIMMED_CURVE('',#7781,(#7785,PARAMETER_VALUE(0.)),(#7786,
    PARAMETER_VALUE(18.)),.T.,.PARAMETER.);
#7781 = LINE('',#7782,#7783);
#7782 = CARTESIAN_POINT('',(5.,26.7,120.925));
#7783 = VECTOR('',#7784,1.);
#7784 = DIRECTION('',(1.,0.,0.));
#7785 = CARTESIAN_POINT('',(5.,26.7,120.925));
#7786 = CARTESIAN_POINT('',(23.,26.7,120.925));
#7787 = GEOMETRIC_CURVE_SET('',(#7788));
#7788 = TRIMMED_CURVE('',#7789,(#7793,PARAMETER_VALUE(0.)),(#7794,
    PARAMETER_VALUE(18.)),.T.,.PARAMETER.);
#7789 = LINE('',#7790,#7791);
#7790 = CARTESIAN_POINT('',(5.,26.7,124.1));
#7791 = VECTOR('',#7792,1.);
#7792 = DIRECTION('',(1.,0.,0.));
#7793 = CARTESIAN_POINT('',(5.,26.7,124.1));
#7794 = CARTESIAN_POINT('',(23.,26.7,124.1));
#7795 = GEOMETRIC_CURVE_SET('',(#7796));
#7796 = TRIMMED_CURVE('',#7797,(#7801,PARAMETER_VALUE(0.)),(#7802,
    PARAMETER_VALUE(31.75)),.T.,.PARAMETER.);
#7797 = LINE('',#7798,#7799);
#7798 = CARTESIAN_POINT('',(5.,1.3,89.175));
#7799 = VECTOR('',#7800,1.);
#7800 = DIRECTION('',(0.,0.,1.));
#7801 = CARTESIAN_POINT('',(5.,1.3,89.175));
#7802 = CARTESIAN_POINT('',(5.,1.3,120.925));
#7803 = GEOMETRIC_CURVE_SET('',(#7804));
#7804 = TRIMMED_CURVE('',#7805,(#7809,PARAMETER_VALUE(0.)),(#7810,
    PARAMETER_VALUE(3.175)),.T.,.PARAMETER.);
#7805 = LINE('',#7806,#7807);
#7806 = CARTESIAN_POINT('',(5.,1.3,120.925));
#7807 = VECTOR('',#7808,1.);
#7808 = DIRECTION('',(0.,1.,0.));
#7809 = CARTESIAN_POINT('',(5.,1.3,120.925));
#7810 = CARTESIAN_POINT('',(5.,4.475,120.925));
#7811 = GEOMETRIC_CURVE_SET('',(#7812));
#7812 = TRIMMED_CURVE('',#7813,(#7817,PARAMETER_VALUE(0.)),(#7818,
    PARAMETER_VALUE(31.75)),.T.,.PARAMETER.);
#7813 = LINE('',#7814,#7815);
#7814 = CARTESIAN_POINT('',(5.,4.475,89.175));
#7815 = VECTOR('',#7816,1.);
#7816 = DIRECTION('',(0.,0.,1.));
#7817 = CARTESIAN_POINT('',(5.,4.475,89.175));
#7818 = CARTESIAN_POINT('',(5.,4.475,120.925));
#7819 = GEOMETRIC_CURVE_SET('',(#7820));
#7820 = TRIMMED_CURVE('',#7821,(#7825,PARAMETER_VALUE(0.)),(#7826,
    PARAMETER_VALUE(3.175)),.T.,.PARAMETER.);
#7821 = LINE('',#7822,#7823);
#7822 = CARTESIAN_POINT('',(5.,1.3,89.175));
#7823 = VECTOR('',#7824,1.);
#7824 = DIRECTION('',(0.,1.,0.));
#7825 = CARTESIAN_POINT('',(5.,1.3,89.175));
#7826 = CARTESIAN_POINT('',(5.,4.475,89.175));
#7827 = GEOMETRIC_CURVE_SET('',(#7828));
#7828 = TRIMMED_CURVE('',#7829,(#7833,PARAMETER_VALUE(0.)),(#7834,
    PARAMETER_VALUE(31.75)),.T.,.PARAMETER.);
#7829 = LINE('',#7830,#7831);
#7830 = CARTESIAN_POINT('',(23.,1.3,89.175));
#7831 = VECTOR('',#7832,1.);
#7832 = DIRECTION('',(0.,0.,1.));
#7833 = CARTESIAN_POINT('',(23.,1.3,89.175));
#7834 = CARTESIAN_POINT('',(23.,1.3,120.925));
#7835 = GEOMETRIC_CURVE_SET('',(#7836));
#7836 = TRIMMED_CURVE('',#7837,(#7841,PARAMETER_VALUE(0.)),(#7842,
    PARAMETER_VALUE(3.175)),.T.,.PARAMETER.);
#7837 = LINE('',#7838,#7839);
#7838 = CARTESIAN_POINT('',(23.,1.3,120.925));
#7839 = VECTOR('',#7840,1.);
#7840 = DIRECTION('',(0.,1.,0.));
#7841 = CARTESIAN_POINT('',(23.,1.3,120.925));
#7842 = CARTESIAN_POINT('',(23.,4.475,120.925));
#7843 = GEOMETRIC_CURVE_SET('',(#7844));
#7844 = TRIMMED_CURVE('',#7845,(#7849,PARAMETER_VALUE(0.)),(#7850,
    PARAMETER_VALUE(31.75)),.T.,.PARAMETER.);
#7845 = LINE('',#7846,#7847);
#7846 = CARTESIAN_POINT('',(23.,4.475,89.175));
#7847 = VECTOR('',#7848,1.);
#7848 = DIRECTION('',(0.,0.,1.));
#7849 = CARTESIAN_POINT('',(23.,4.475,89.175));
#7850 = CARTESIAN_POINT('',(23.,4.475,120.925));
#7851 = GEOMETRIC_CURVE_SET('',(#7852));
#7852 = TRIMMED_CURVE('',#7853,(#7857,PARAMETER_VALUE(0.)),(#7858,
    PARAMETER_VALUE(3.175)),.T.,.PARAMETER.);
#7853 = LINE('',#7854,#7855);
#7854 = CARTESIAN_POINT('',(23.,1.3,89.175));
#7855 = VECTOR('',#7856,1.);
#7856 = DIRECTION('',(0.,1.,0.));
#7857 = CARTESIAN_POINT('',(23.,1.3,89.175));
#7858 = CARTESIAN_POINT('',(23.,4.475,89.175));
#7859 = GEOMETRIC_CURVE_SET('',(#7860));
#7860 = TRIMMED_CURVE('',#7861,(#7865,PARAMETER_VALUE(0.)),(#7866,
    PARAMETER_VALUE(18.)),.T.,.PARAMETER.);
#7861 = LINE('',#7862,#7863);
#7862 = CARTESIAN_POINT('',(5.,1.3,89.175));
#7863 = VECTOR('',#7864,1.);
#7864 = DIRECTION('',(1.,0.,0.));
#7865 = CARTESIAN_POINT('',(5.,1.3,89.175));
#7866 = CARTESIAN_POINT('',(23.,1.3,89.175));
#7867 = GEOMETRIC_CURVE_SET('',(#7868));
#7868 = TRIMMED_CURVE('',#7869,(#7873,PARAMETER_VALUE(0.)),(#7874,
    PARAMETER_VALUE(18.)),.T.,.PARAMETER.);
#7869 = LINE('',#7870,#7871);
#7870 = CARTESIAN_POINT('',(5.,1.3,120.925));
#7871 = VECTOR('',#7872,1.);
#7872 = DIRECTION('',(1.,0.,0.));
#7873 = CARTESIAN_POINT('',(5.,1.3,120.925));
#7874 = CARTESIAN_POINT('',(23.,1.3,120.925));
#7875 = GEOMETRIC_CURVE_SET('',(#7876));
#7876 = TRIMMED_CURVE('',#7877,(#7881,PARAMETER_VALUE(0.)),(#7882,
    PARAMETER_VALUE(18.)),.T.,.PARAMETER.);
#7877 = LINE('',#7878,#7879);
#7878 = CARTESIAN_POINT('',(5.,4.475,89.175));
#7879 = VECTOR('',#7880,1.);
#7880 = DIRECTION('',(1.,0.,0.));
#7881 = CARTESIAN_POINT('',(5.,4.475,89.175));
#7882 = CARTESIAN_POINT('',(23.,4.475,89.175));
#7883 = GEOMETRIC_CURVE_SET('',(#7884));
#7884 = TRIMMED_CURVE('',#7885,(#7889,PARAMETER_VALUE(0.)),(#7890,
    PARAMETER_VALUE(18.)),.T.,.PARAMETER.);
#7885 = LINE('',#7886,#7887);
#7886 = CARTESIAN_POINT('',(5.,4.475,120.925));
#7887 = VECTOR('',#7888,1.);
#7888 = DIRECTION('',(1.,0.,0.));
#7889 = CARTESIAN_POINT('',(5.,4.475,120.925));
#7890 = CARTESIAN_POINT('',(23.,4.475,120.925));
#7891 = GEOMETRIC_CURVE_SET('',(#7892));
#7892 = TRIMMED_CURVE('',#7893,(#7897,PARAMETER_VALUE(0.)),(#7898,
    PARAMETER_VALUE(31.75)),.T.,.PARAMETER.);
#7893 = LINE('',#7894,#7895);
#7894 = CARTESIAN_POINT('',(5.,23.525,89.175));
#7895 = VECTOR('',#7896,1.);
#7896 = DIRECTION('',(0.,0.,1.));
#7897 = CARTESIAN_POINT('',(5.,23.525,89.175));
#7898 = CARTESIAN_POINT('',(5.,23.525,120.925));
#7899 = GEOMETRIC_CURVE_SET('',(#7900));
#7900 = TRIMMED_CURVE('',#7901,(#7905,PARAMETER_VALUE(0.)),(#7906,
    PARAMETER_VALUE(3.175)),.T.,.PARAMETER.);
#7901 = LINE('',#7902,#7903);
#7902 = CARTESIAN_POINT('',(5.,23.525,120.925));
#7903 = VECTOR('',#7904,1.);
#7904 = DIRECTION('',(0.,1.,0.));
#7905 = CARTESIAN_POINT('',(5.,23.525,120.925));
#7906 = CARTESIAN_POINT('',(5.,26.7,120.925));
#7907 = GEOMETRIC_CURVE_SET('',(#7908));
#7908 = TRIMMED_CURVE('',#7909,(#7913,PARAMETER_VALUE(0.)),(#7914,
    PARAMETER_VALUE(31.75)),.T.,.PARAMETER.);
#7909 = LINE('',#7910,#7911);
#7910 = CARTESIAN_POINT('',(5.,26.7,89.175));
#7911 = VECTOR('',#7912,1.);
#7912 = DIRECTION('',(0.,0.,1.));
#7913 = CARTESIAN_POINT('',(5.,26.7,89.175));
#7914 = CARTESIAN_POINT('',(5.,26.7,120.925));
#7915 = GEOMETRIC_CURVE_SET('',(#7916));
#7916 = TRIMMED_CURVE('',#7917,(#7921,PARAMETER_VALUE(0.)),(#7922,
    PARAMETER_VALUE(3.175)),.T.,.PARAMETER.);
#7917 = LINE('',#7918,#7919);
#7918 = CARTESIAN_POINT('',(5.,23.525,89.175));
#7919 = VECTOR('',#7920,1.);
#7920 = DIRECTION('',(0.,1.,0.));
#7921 = CARTESIAN_POINT('',(5.,23.525,89.175));
#7922 = CARTESIAN_POINT('',(5.,26.7,89.175));
#7923 = GEOMETRIC_CURVE_SET('',(#7924));
#7924 = TRIMMED_CURVE('',#7925,(#7929,PARAMETER_VALUE(0.)),(#7930,
    PARAMETER_VALUE(31.75)),.T.,.PARAMETER.);
#7925 = LINE('',#7926,#7927);
#7926 = CARTESIAN_POINT('',(23.,23.525,89.175));
#7927 = VECTOR('',#7928,1.);
#7928 = DIRECTION('',(0.,0.,1.));
#7929 = CARTESIAN_POINT('',(23.,23.525,89.175));
#7930 = CARTESIAN_POINT('',(23.,23.525,120.925));
#7931 = GEOMETRIC_CURVE_SET('',(#7932));
#7932 = TRIMMED_CURVE('',#7933,(#7937,PARAMETER_VALUE(0.)),(#7938,
    PARAMETER_VALUE(3.175)),.T.,.PARAMETER.);
#7933 = LINE('',#7934,#7935);
#7934 = CARTESIAN_POINT('',(23.,23.525,120.925));
#7935 = VECTOR('',#7936,1.);
#7936 = DIRECTION('',(0.,1.,0.));
#7937 = CARTESIAN_POINT('',(23.,23.525,120.925));
#7938 = CARTESIAN_POINT('',(23.,26.7,120.925));
#7939 = GEOMETRIC_CURVE_SET('',(#7940));
#7940 = TRIMMED_CURVE('',#7941,(#7945,PARAMETER_VALUE(0.)),(#7946,
    PARAMETER_VALUE(31.75)),.T.,.PARAMETER.);
#7941 = LINE('',#7942,#7943);
#7942 = CARTESIAN_POINT('',(23.,26.7,89.175));
#7943 = VECTOR('',#7944,1.);
#7944 = DIRECTION('',(0.,0.,1.));
#7945 = CARTESIAN_POINT('',(23.,26.7,89.175));
#7946 = CARTESIAN_POINT('',(23.,26.7,120.925));
#7947 = GEOMETRIC_CURVE_SET('',(#7948));
#7948 = TRIMMED_CURVE('',#7949,(#7953,PARAMETER_VALUE(0.)),(#7954,
    PARAMETER_VALUE(3.175)),.T.,.PARAMETER.);
#7949 = LINE('',#7950,#7951);
#7950 = CARTESIAN_POINT('',(23.,23.525,89.175));
#7951 = VECTOR('',#7952,1.);
#7952 = DIRECTION('',(0.,1.,0.));
#7953 = CARTESIAN_POINT('',(23.,23.525,89.175));
#7954 = CARTESIAN_POINT('',(23.,26.7,89.175));
#7955 = GEOMETRIC_CURVE_SET('',(#7956));
#7956 = TRIMMED_CURVE('',#7957,(#7961,PARAMETER_VALUE(0.)),(#7962,
    PARAMETER_VALUE(18.)),.T.,.PARAMETER.);
#7957 = LINE('',#7958,#7959);
#7958 = CARTESIAN_POINT('',(5.,23.525,89.175));
#7959 = VECTOR('',#7960,1.);
#7960 = DIRECTION('',(1.,0.,0.));
#7961 = CARTESIAN_POINT('',(5.,23.525,89.175));
#7962 = CARTESIAN_POINT('',(23.,23.525,89.175));
#7963 = GEOMETRIC_CURVE_SET('',(#7964));
#7964 = TRIMMED_CURVE('',#7965,(#7969,PARAMETER_VALUE(0.)),(#7970,
    PARAMETER_VALUE(18.)),.T.,.PARAMETER.);
#7965 = LINE('',#7966,#7967);
#7966 = CARTESIAN_POINT('',(5.,23.525,120.925));
#7967 = VECTOR('',#7968,1.);
#7968 = DIRECTION('',(1.,0.,0.));
#7969 = CARTESIAN_POINT('',(5.,23.525,120.925));
#7970 = CARTESIAN_POINT('',(23.,23.525,120.925));
#7971 = GEOMETRIC_CURVE_SET('',(#7972));
#7972 = TRIMMED_CURVE('',#7973,(#7977,PARAMETER_VALUE(0.)),(#7978,
    PARAMETER_VALUE(18.)),.T.,.PARAMETER.);
#7973 = LINE('',#7974,#7975);
#7974 = CARTESIAN_POINT('',(5.,26.7,89.175));
#7975 = VECTOR('',#7976,1.);
#7976 = DIRECTION('',(1.,0.,0.));
#7977 = CARTESIAN_POINT('',(5.,26.7,89.175));
#7978 = CARTESIAN_POINT('',(23.,26.7,89.175));
#7979 = GEOMETRIC_CURVE_SET('',(#7980));
#7980 = TRIMMED_CURVE('',#7981,(#7985,PARAMETER_VALUE(0.)),(#7986,
    PARAMETER_VALUE(18.)),.T.,.PARAMETER.);
#7981 = LINE('',#7982,#7983);
#7982 = CARTESIAN_POINT('',(5.,26.7,120.925));
#7983 = VECTOR('',#7984,1.);
#7984 = DIRECTION('',(1.,0.,0.));
#7985 = CARTESIAN_POINT('',(5.,26.7,120.925));
#7986 = CARTESIAN_POINT('',(23.,26.7,120.925));
#7987 = GEOMETRIC_CURVE_SET('',(#7988));
#7988 = TRIMMED_CURVE('',#7989,(#7993,PARAMETER_VALUE(0.)),(#7994,
    PARAMETER_VALUE(2.)),.T.,.PARAMETER.);
#7989 = LINE('',#7990,#7991);
#7990 = CARTESIAN_POINT('',(5.,8.,89.175));
#7991 = VECTOR('',#7992,1.);
#7992 = DIRECTION('',(0.,0.,1.));
#7993 = CARTESIAN_POINT('',(5.,8.,89.175));
#7994 = CARTESIAN_POINT('',(5.,8.,91.175));
#7995 = GEOMETRIC_CURVE_SET('',(#7996));
#7996 = TRIMMED_CURVE('',#7997,(#8001,PARAMETER_VALUE(0.)),(#8002,
    PARAMETER_VALUE(12.)),.T.,.PARAMETER.);
#7997 = LINE('',#7998,#7999);
#7998 = CARTESIAN_POINT('',(5.,8.,91.175));
#7999 = VECTOR('',#8000,1.);
#8000 = DIRECTION('',(0.,1.,0.));
#8001 = CARTESIAN_POINT('',(5.,8.,91.175));
#8002 = CARTESIAN_POINT('',(5.,20.,91.175));
#8003 = GEOMETRIC_CURVE_SET('',(#8004));
#8004 = TRIMMED_CURVE('',#8005,(#8009,PARAMETER_VALUE(0.)),(#8010,
    PARAMETER_VALUE(2.)),.T.,.PARAMETER.);
#8005 = LINE('',#8006,#8007);
#8006 = CARTESIAN_POINT('',(5.,20.,89.175));
#8007 = VECTOR('',#8008,1.);
#8008 = DIRECTION('',(0.,0.,1.));
#8009 = CARTESIAN_POINT('',(5.,20.,89.175));
#8010 = CARTESIAN_POINT('',(5.,20.,91.175));
#8011 = GEOMETRIC_CURVE_SET('',(#8012));
#8012 = TRIMMED_CURVE('',#8013,(#8017,PARAMETER_VALUE(0.)),(#8018,
    PARAMETER_VALUE(12.)),.T.,.PARAMETER.);
#8013 = LINE('',#8014,#8015);
#8014 = CARTESIAN_POINT('',(5.,8.,89.175));
#8015 = VECTOR('',#8016,1.);
#8016 = DIRECTION('',(0.,1.,0.));
#8017 = CARTESIAN_POINT('',(5.,8.,89.175));
#8018 = CARTESIAN_POINT('',(5.,20.,89.175));
#8019 = GEOMETRIC_CURVE_SET('',(#8020));
#8020 = TRIMMED_CURVE('',#8021,(#8025,PARAMETER_VALUE(0.)),(#8026,
    PARAMETER_VALUE(2.)),.T.,.PARAMETER.);
#8021 = LINE('',#8022,#8023);
#8022 = CARTESIAN_POINT('',(23.,8.,89.175));
#8023 = VECTOR('',#8024,1.);
#8024 = DIRECTION('',(0.,0.,1.));
#8025 = CARTESIAN_POINT('',(23.,8.,89.175));
#8026 = CARTESIAN_POINT('',(23.,8.,91.175));
#8027 = GEOMETRIC_CURVE_SET('',(#8028));
#8028 = TRIMMED_CURVE('',#8029,(#8033,PARAMETER_VALUE(0.)),(#8034,
    PARAMETER_VALUE(12.)),.T.,.PARAMETER.);
#8029 = LINE('',#8030,#8031);
#8030 = CARTESIAN_POINT('',(23.,8.,91.175));
#8031 = VECTOR('',#8032,1.);
#8032 = DIRECTION('',(0.,1.,0.));
#8033 = CARTESIAN_POINT('',(23.,8.,91.175));
#8034 = CARTESIAN_POINT('',(23.,20.,91.175));
#8035 = GEOMETRIC_CURVE_SET('',(#8036));
#8036 = TRIMMED_CURVE('',#8037,(#8041,PARAMETER_VALUE(0.)),(#8042,
    PARAMETER_VALUE(2.)),.T.,.PARAMETER.);
#8037 = LINE('',#8038,#8039);
#8038 = CARTESIAN_POINT('',(23.,20.,89.175));
#8039 = VECTOR('',#8040,1.);
#8040 = DIRECTION('',(0.,0.,1.));
#8041 = CARTESIAN_POINT('',(23.,20.,89.175));
#8042 = CARTESIAN_POINT('',(23.,20.,91.175));
#8043 = GEOMETRIC_CURVE_SET('',(#8044));
#8044 = TRIMMED_CURVE('',#8045,(#8049,PARAMETER_VALUE(0.)),(#8050,
    PARAMETER_VALUE(12.)),.T.,.PARAMETER.);
#8045 = LINE('',#8046,#8047);
#8046 = CARTESIAN_POINT('',(23.,8.,89.175));
#8047 = VECTOR('',#8048,1.);
#8048 = DIRECTION('',(0.,1.,0.));
#8049 = CARTESIAN_POINT('',(23.,8.,89.175));
#8050 = CARTESIAN_POINT('',(23.,20.,89.175));
#8051 = GEOMETRIC_CURVE_SET('',(#8052));
#8052 = TRIMMED_CURVE('',#8053,(#8057,PARAMETER_VALUE(0.)),(#8058,
    PARAMETER_VALUE(18.)),.T.,.PARAMETER.);
#8053 = LINE('',#8054,#8055);
#8054 = CARTESIAN_POINT('',(5.,8.,89.175));
#8055 = VECTOR('',#8056,1.);
#8056 = DIRECTION('',(1.,0.,0.));
#8057 = CARTESIAN_POINT('',(5.,8.,89.175));
#8058 = CARTESIAN_POINT('',(23.,8.,89.175));
#8059 = GEOMETRIC_CURVE_SET('',(#8060));
#8060 = TRIMMED_CURVE('',#8061,(#8065,PARAMETER_VALUE(0.)),(#8066,
    PARAMETER_VALUE(18.)),.T.,.PARAMETER.);
#8061 = LINE('',#8062,#8063);
#8062 = CARTESIAN_POINT('',(5.,8.,91.175));
#8063 = VECTOR('',#8064,1.);
#8064 = DIRECTION('',(1.,0.,0.));
#8065 = CARTESIAN_POINT('',(5.,8.,91.175));
#8066 = CARTESIAN_POINT('',(23.,8.,91.175));
#8067 = GEOMETRIC_CURVE_SET('',(#8068));
#8068 = TRIMMED_CURVE('',#8069,(#8073,PARAMETER_VALUE(0.)),(#8074,
    PARAMETER_VALUE(18.)),.T.,.PARAMETER.);
#8069 = LINE('',#8070,#8071);
#8070 = CARTESIAN_POINT('',(5.,20.,89.175));
#8071 = VECTOR('',#8072,1.);
#8072 = DIRECTION('',(1.,0.,0.));
#8073 = CARTESIAN_POINT('',(5.,20.,89.175));
#8074 = CARTESIAN_POINT('',(23.,20.,89.175));
#8075 = GEOMETRIC_CURVE_SET('',(#8076));
#8076 = TRIMMED_CURVE('',#8077,(#8081,PARAMETER_VALUE(0.)),(#8082,
    PARAMETER_VALUE(18.)),.T.,.PARAMETER.);
#8077 = LINE('',#8078,#8079);
#8078 = CARTESIAN_POINT('',(5.,20.,91.175));
#8079 = VECTOR('',#8080,1.);
#8080 = DIRECTION('',(1.,0.,0.));
#8081 = CARTESIAN_POINT('',(5.,20.,91.175));
#8082 = CARTESIAN_POINT('',(23.,20.,91.175));
#8083 = GEOMETRIC_CURVE_SET('',(#8084));
#8084 = TRIMMED_CURVE('',#8085,(#8089,PARAMETER_VALUE(0.)),(#8090,
    PARAMETER_VALUE(2.)),.T.,.PARAMETER.);
#8085 = LINE('',#8086,#8087);
#8086 = CARTESIAN_POINT('',(5.,8.,118.925));
#8087 = VECTOR('',#8088,1.);
#8088 = DIRECTION('',(0.,0.,1.));
#8089 = CARTESIAN_POINT('',(5.,8.,118.925));
#8090 = CARTESIAN_POINT('',(5.,8.,120.925));
#8091 = GEOMETRIC_CURVE_SET('',(#8092));
#8092 = TRIMMED_CURVE('',#8093,(#8097,PARAMETER_VALUE(0.)),(#8098,
    PARAMETER_VALUE(12.)),.T.,.PARAMETER.);
#8093 = LINE('',#8094,#8095);
#8094 = CARTESIAN_POINT('',(5.,8.,120.925));
#8095 = VECTOR('',#8096,1.);
#8096 = DIRECTION('',(0.,1.,0.));
#8097 = CARTESIAN_POINT('',(5.,8.,120.925));
#8098 = CARTESIAN_POINT('',(5.,20.,120.925));
#8099 = GEOMETRIC_CURVE_SET('',(#8100));
#8100 = TRIMMED_CURVE('',#8101,(#8105,PARAMETER_VALUE(0.)),(#8106,
    PARAMETER_VALUE(2.)),.T.,.PARAMETER.);
#8101 = LINE('',#8102,#8103);
#8102 = CARTESIAN_POINT('',(5.,20.,118.925));
#8103 = VECTOR('',#8104,1.);
#8104 = DIRECTION('',(0.,0.,1.));
#8105 = CARTESIAN_POINT('',(5.,20.,118.925));
#8106 = CARTESIAN_POINT('',(5.,20.,120.925));
#8107 = GEOMETRIC_CURVE_SET('',(#8108));
#8108 = TRIMMED_CURVE('',#8109,(#8113,PARAMETER_VALUE(0.)),(#8114,
    PARAMETER_VALUE(12.)),.T.,.PARAMETER.);
#8109 = LINE('',#8110,#8111);
#8110 = CARTESIAN_POINT('',(5.,8.,118.925));
#8111 = VECTOR('',#8112,1.);
#8112 = DIRECTION('',(0.,1.,0.));
#8113 = CARTESIAN_POINT('',(5.,8.,118.925));
#8114 = CARTESIAN_POINT('',(5.,20.,118.925));
#8115 = GEOMETRIC_CURVE_SET('',(#8116));
#8116 = TRIMMED_CURVE('',#8117,(#8121,PARAMETER_VALUE(0.)),(#8122,
    PARAMETER_VALUE(2.)),.T.,.PARAMETER.);
#8117 = LINE('',#8118,#8119);
#8118 = CARTESIAN_POINT('',(23.,8.,118.925));
#8119 = VECTOR('',#8120,1.);
#8120 = DIRECTION('',(0.,0.,1.));
#8121 = CARTESIAN_POINT('',(23.,8.,118.925));
#8122 = CARTESIAN_POINT('',(23.,8.,120.925));
#8123 = GEOMETRIC_CURVE_SET('',(#8124));
#8124 = TRIMMED_CURVE('',#8125,(#8129,PARAMETER_VALUE(0.)),(#8130,
    PARAMETER_VALUE(12.)),.T.,.PARAMETER.);
#8125 = LINE('',#8126,#8127);
#8126 = CARTESIAN_POINT('',(23.,8.,120.925));
#8127 = VECTOR('',#8128,1.);
#8128 = DIRECTION('',(0.,1.,0.));
#8129 = CARTESIAN_POINT('',(23.,8.,120.925));
#8130 = CARTESIAN_POINT('',(23.,20.,120.925));
#8131 = GEOMETRIC_CURVE_SET('',(#8132));
#8132 = TRIMMED_CURVE('',#8133,(#8137,PARAMETER_VALUE(0.)),(#8138,
    PARAMETER_VALUE(2.)),.T.,.PARAMETER.);
#8133 = LINE('',#8134,#8135);
#8134 = CARTESIAN_POINT('',(23.,20.,118.925));
#8135 = VECTOR('',#8136,1.);
#8136 = DIRECTION('',(0.,0.,1.));
#8137 = CARTESIAN_POINT('',(23.,20.,118.925));
#8138 = CARTESIAN_POINT('',(23.,20.,120.925));
#8139 = GEOMETRIC_CURVE_SET('',(#8140));
#8140 = TRIMMED_CURVE('',#8141,(#8145,PARAMETER_VALUE(0.)),(#8146,
    PARAMETER_VALUE(12.)),.T.,.PARAMETER.);
#8141 = LINE('',#8142,#8143);
#8142 = CARTESIAN_POINT('',(23.,8.,118.925));
#8143 = VECTOR('',#8144,1.);
#8144 = DIRECTION('',(0.,1.,0.));
#8145 = CARTESIAN_POINT('',(23.,8.,118.925));
#8146 = CARTESIAN_POINT('',(23.,20.,118.925));
#8147 = GEOMETRIC_CURVE_SET('',(#8148));
#8148 = TRIMMED_CURVE('',#8149,(#8153,PARAMETER_VALUE(0.)),(#8154,
    PARAMETER_VALUE(18.)),.T.,.PARAMETER.);
#8149 = LINE('',#8150,#8151);
#8150 = CARTESIAN_POINT('',(5.,8.,118.925));
#8151 = VECTOR('',#8152,1.);
#8152 = DIRECTION('',(1.,0.,0.));
#8153 = CARTESIAN_POINT('',(5.,8.,118.925));
#8154 = CARTESIAN_POINT('',(23.,8.,118.925));
#8155 = GEOMETRIC_CURVE_SET('',(#8156));
#8156 = TRIMMED_CURVE('',#8157,(#8161,PARAMETER_VALUE(0.)),(#8162,
    PARAMETER_VALUE(18.)),.T.,.PARAMETER.);
#8157 = LINE('',#8158,#8159);
#8158 = CARTESIAN_POINT('',(5.,8.,120.925));
#8159 = VECTOR('',#8160,1.);
#8160 = DIRECTION('',(1.,0.,0.));
#8161 = CARTESIAN_POINT('',(5.,8.,120.925));
#8162 = CARTESIAN_POINT('',(23.,8.,120.925));
#8163 = GEOMETRIC_CURVE_SET('',(#8164));
#8164 = TRIMMED_CURVE('',#8165,(#8169,PARAMETER_VALUE(0.)),(#8170,
    PARAMETER_VALUE(18.)),.T.,.PARAMETER.);
#8165 = LINE('',#8166,#8167);
#8166 = CARTESIAN_POINT('',(5.,20.,118.925));
#8167 = VECTOR('',#8168,1.);
#8168 = DIRECTION('',(1.,0.,0.));
#8169 = CARTESIAN_POINT('',(5.,20.,118.925));
#8170 = CARTESIAN_POINT('',(23.,20.,118.925));
#8171 = GEOMETRIC_CURVE_SET('',(#8172));
#8172 = TRIMMED_CURVE('',#8173,(#8177,PARAMETER_VALUE(0.)),(#8178,
    PARAMETER_VALUE(18.)),.T.,.PARAMETER.);
#8173 = LINE('',#8174,#8175);
#8174 = CARTESIAN_POINT('',(5.,20.,120.925));
#8175 = VECTOR('',#8176,1.);
#8176 = DIRECTION('',(1.,0.,0.));
#8177 = CARTESIAN_POINT('',(5.,20.,120.925));
#8178 = CARTESIAN_POINT('',(23.,20.,120.925));
#8179 = GEOMETRIC_CURVE_SET('',(#8180));
#8180 = TRIMMED_CURVE('',#8181,(#8185,PARAMETER_VALUE(0.)),(#8186,
    PARAMETER_VALUE(2.)),.T.,.PARAMETER.);
#8181 = LINE('',#8182,#8183);
#8182 = CARTESIAN_POINT('',(8.,5.,91.675));
#8183 = VECTOR('',#8184,1.);
#8184 = DIRECTION('',(0.,0.,1.));
#8185 = CARTESIAN_POINT('',(8.,5.,91.675));
#8186 = CARTESIAN_POINT('',(8.,5.,93.675));
#8187 = GEOMETRIC_CURVE_SET('',(#8188));
#8188 = TRIMMED_CURVE('',#8189,(#8193,PARAMETER_VALUE(0.)),(#8194,
    PARAMETER_VALUE(18.)),.T.,.PARAMETER.);
#8189 = LINE('',#8190,#8191);
#8190 = CARTESIAN_POINT('',(8.,5.,93.675));
#8191 = VECTOR('',#8192,1.);
#8192 = DIRECTION('',(0.,1.,0.));
#8193 = CARTESIAN_POINT('',(8.,5.,93.675));
#8194 = CARTESIAN_POINT('',(8.,23.,93.675));
#8195 = GEOMETRIC_CURVE_SET('',(#8196));
#8196 = TRIMMED_CURVE('',#8197,(#8201,PARAMETER_VALUE(0.)),(#8202,
    PARAMETER_VALUE(2.)),.T.,.PARAMETER.);
#8197 = LINE('',#8198,#8199);
#8198 = CARTESIAN_POINT('',(8.,23.,91.675));
#8199 = VECTOR('',#8200,1.);
#8200 = DIRECTION('',(0.,0.,1.));
#8201 = CARTESIAN_POINT('',(8.,23.,91.675));
#8202 = CARTESIAN_POINT('',(8.,23.,93.675));
#8203 = GEOMETRIC_CURVE_SET('',(#8204));
#8204 = TRIMMED_CURVE('',#8205,(#8209,PARAMETER_VALUE(0.)),(#8210,
    PARAMETER_VALUE(18.)),.T.,.PARAMETER.);
#8205 = LINE('',#8206,#8207);
#8206 = CARTESIAN_POINT('',(8.,5.,91.675));
#8207 = VECTOR('',#8208,1.);
#8208 = DIRECTION('',(0.,1.,0.));
#8209 = CARTESIAN_POINT('',(8.,5.,91.675));
#8210 = CARTESIAN_POINT('',(8.,23.,91.675));
#8211 = GEOMETRIC_CURVE_SET('',(#8212));
#8212 = TRIMMED_CURVE('',#8213,(#8217,PARAMETER_VALUE(0.)),(#8218,
    PARAMETER_VALUE(2.)),.T.,.PARAMETER.);
#8213 = LINE('',#8214,#8215);
#8214 = CARTESIAN_POINT('',(28.,5.,91.675));
#8215 = VECTOR('',#8216,1.);
#8216 = DIRECTION('',(0.,0.,1.));
#8217 = CARTESIAN_POINT('',(28.,5.,91.675));
#8218 = CARTESIAN_POINT('',(28.,5.,93.675));
#8219 = GEOMETRIC_CURVE_SET('',(#8220));
#8220 = TRIMMED_CURVE('',#8221,(#8225,PARAMETER_VALUE(0.)),(#8226,
    PARAMETER_VALUE(18.)),.T.,.PARAMETER.);
#8221 = LINE('',#8222,#8223);
#8222 = CARTESIAN_POINT('',(28.,5.,93.675));
#8223 = VECTOR('',#8224,1.);
#8224 = DIRECTION('',(0.,1.,0.));
#8225 = CARTESIAN_POINT('',(28.,5.,93.675));
#8226 = CARTESIAN_POINT('',(28.,23.,93.675));
#8227 = GEOMETRIC_CURVE_SET('',(#8228));
#8228 = TRIMMED_CURVE('',#8229,(#8233,PARAMETER_VALUE(0.)),(#8234,
    PARAMETER_VALUE(2.)),.T.,.PARAMETER.);
#8229 = LINE('',#8230,#8231);
#8230 = CARTESIAN_POINT('',(28.,23.,91.675));
#8231 = VECTOR('',#8232,1.);
#8232 = DIRECTION('',(0.,0.,1.));
#8233 = CARTESIAN_POINT('',(28.,23.,91.675));
#8234 = CARTESIAN_POINT('',(28.,23.,93.675));
#8235 = GEOMETRIC_CURVE_SET('',(#8236));
#8236 = TRIMMED_CURVE('',#8237,(#8241,PARAMETER_VALUE(0.)),(#8242,
    PARAMETER_VALUE(18.)),.T.,.PARAMETER.);
#8237 = LINE('',#8238,#8239);
#8238 = CARTESIAN_POINT('',(28.,5.,91.675));
#8239 = VECTOR('',#8240,1.);
#8240 = DIRECTION('',(0.,1.,0.));
#8241 = CARTESIAN_POINT('',(28.,5.,91.675));
#8242 = CARTESIAN_POINT('',(28.,23.,91.675));
#8243 = GEOMETRIC_CURVE_SET('',(#8244));
#8244 = TRIMMED_CURVE('',#8245,(#8249,PARAMETER_VALUE(0.)),(#8250,
    PARAMETER_VALUE(20.)),.T.,.PARAMETER.);
#8245 = LINE('',#8246,#8247);
#8246 = CARTESIAN_POINT('',(8.,5.,91.675));
#8247 = VECTOR('',#8248,1.);
#8248 = DIRECTION('',(1.,0.,0.));
#8249 = CARTESIAN_POINT('',(8.,5.,91.675));
#8250 = CARTESIAN_POINT('',(28.,5.,91.675));
#8251 = GEOMETRIC_CURVE_SET('',(#8252));
#8252 = TRIMMED_CURVE('',#8253,(#8257,PARAMETER_VALUE(0.)),(#8258,
    PARAMETER_VALUE(20.)),.T.,.PARAMETER.);
#8253 = LINE('',#8254,#8255);
#8254 = CARTESIAN_POINT('',(8.,5.,93.675));
#8255 = VECTOR('',#8256,1.);
#8256 = DIRECTION('',(1.,0.,0.));
#8257 = CARTESIAN_POINT('',(8.,5.,93.675));
#8258 = CARTESIAN_POINT('',(28.,5.,93.675));
#8259 = GEOMETRIC_CURVE_SET('',(#8260));
#8260 = TRIMMED_CURVE('',#8261,(#8265,PARAMETER_VALUE(0.)),(#8266,
    PARAMETER_VALUE(20.)),.T.,.PARAMETER.);
#8261 = LINE('',#8262,#8263);
#8262 = CARTESIAN_POINT('',(8.,23.,91.675));
#8263 = VECTOR('',#8264,1.);
#8264 = DIRECTION('',(1.,0.,0.));
#8265 = CARTESIAN_POINT('',(8.,23.,91.675));
#8266 = CARTESIAN_POINT('',(28.,23.,91.675));
#8267 = GEOMETRIC_CURVE_SET('',(#8268));
#8268 = TRIMMED_CURVE('',#8269,(#8273,PARAMETER_VALUE(0.)),(#8274,
    PARAMETER_VALUE(20.)),.T.,.PARAMETER.);
#8269 = LINE('',#8270,#8271);
#8270 = CARTESIAN_POINT('',(8.,23.,93.675));
#8271 = VECTOR('',#8272,1.);
#8272 = DIRECTION('',(1.,0.,0.));
#8273 = CARTESIAN_POINT('',(8.,23.,93.675));
#8274 = CARTESIAN_POINT('',(28.,23.,93.675));
#8275 = GEOMETRIC_CURVE_SET('',(#8276));
#8276 = TRIMMED_CURVE('',#8277,(#8281,PARAMETER_VALUE(0.)),(#8282,
    PARAMETER_VALUE(2.)),.T.,.PARAMETER.);
#8277 = LINE('',#8278,#8279);
#8278 = CARTESIAN_POINT('',(8.,5.,116.425));
#8279 = VECTOR('',#8280,1.);
#8280 = DIRECTION('',(0.,0.,1.));
#8281 = CARTESIAN_POINT('',(8.,5.,116.425));
#8282 = CARTESIAN_POINT('',(8.,5.,118.425));
#8283 = GEOMETRIC_CURVE_SET('',(#8284));
#8284 = TRIMMED_CURVE('',#8285,(#8289,PARAMETER_VALUE(0.)),(#8290,
    PARAMETER_VALUE(18.)),.T.,.PARAMETER.);
#8285 = LINE('',#8286,#8287);
#8286 = CARTESIAN_POINT('',(8.,5.,118.425));
#8287 = VECTOR('',#8288,1.);
#8288 = DIRECTION('',(0.,1.,0.));
#8289 = CARTESIAN_POINT('',(8.,5.,118.425));
#8290 = CARTESIAN_POINT('',(8.,23.,118.425));
#8291 = GEOMETRIC_CURVE_SET('',(#8292));
#8292 = TRIMMED_CURVE('',#8293,(#8297,PARAMETER_VALUE(0.)),(#8298,
    PARAMETER_VALUE(2.)),.T.,.PARAMETER.);
#8293 = LINE('',#8294,#8295);
#8294 = CARTESIAN_POINT('',(8.,23.,116.425));
#8295 = VECTOR('',#8296,1.);
#8296 = DIRECTION('',(0.,0.,1.));
#8297 = CARTESIAN_POINT('',(8.,23.,116.425));
#8298 = CARTESIAN_POINT('',(8.,23.,118.425));
#8299 = GEOMETRIC_CURVE_SET('',(#8300));
#8300 = TRIMMED_CURVE('',#8301,(#8305,PARAMETER_VALUE(0.)),(#8306,
    PARAMETER_VALUE(18.)),.T.,.PARAMETER.);
#8301 = LINE('',#8302,#8303);
#8302 = CARTESIAN_POINT('',(8.,5.,116.425));
#8303 = VECTOR('',#8304,1.);
#8304 = DIRECTION('',(0.,1.,0.));
#8305 = CARTESIAN_POINT('',(8.,5.,116.425));
#8306 = CARTESIAN_POINT('',(8.,23.,116.425));
#8307 = GEOMETRIC_CURVE_SET('',(#8308));
#8308 = TRIMMED_CURVE('',#8309,(#8313,PARAMETER_VALUE(0.)),(#8314,
    PARAMETER_VALUE(2.)),.T.,.PARAMETER.);
#8309 = LINE('',#8310,#8311);
#8310 = CARTESIAN_POINT('',(28.,5.,116.425));
#8311 = VECTOR('',#8312,1.);
#8312 = DIRECTION('',(0.,0.,1.));
#8313 = CARTESIAN_POINT('',(28.,5.,116.425));
#8314 = CARTESIAN_POINT('',(28.,5.,118.425));
#8315 = GEOMETRIC_CURVE_SET('',(#8316));
#8316 = TRIMMED_CURVE('',#8317,(#8321,PARAMETER_VALUE(0.)),(#8322,
    PARAMETER_VALUE(18.)),.T.,.PARAMETER.);
#8317 = LINE('',#8318,#8319);
#8318 = CARTESIAN_POINT('',(28.,5.,118.425));
#8319 = VECTOR('',#8320,1.);
#8320 = DIRECTION('',(0.,1.,0.));
#8321 = CARTESIAN_POINT('',(28.,5.,118.425));
#8322 = CARTESIAN_POINT('',(28.,23.,118.425));
#8323 = GEOMETRIC_CURVE_SET('',(#8324));
#8324 = TRIMMED_CURVE('',#8325,(#8329,PARAMETER_VALUE(0.)),(#8330,
    PARAMETER_VALUE(2.)),.T.,.PARAMETER.);
#8325 = LINE('',#8326,#8327);
#8326 = CARTESIAN_POINT('',(28.,23.,116.425));
#8327 = VECTOR('',#8328,1.);
#8328 = DIRECTION('',(0.,0.,1.));
#8329 = CARTESIAN_POINT('',(28.,23.,116.425));
#8330 = CARTESIAN_POINT('',(28.,23.,118.425));
#8331 = GEOMETRIC_CURVE_SET('',(#8332));
#8332 = TRIMMED_CURVE('',#8333,(#8337,PARAMETER_VALUE(0.)),(#8338,
    PARAMETER_VALUE(18.)),.T.,.PARAMETER.);
#8333 = LINE('',#8334,#8335);
#8334 = CARTESIAN_POINT('',(28.,5.,116.425));
#8335 = VECTOR('',#8336,1.);
#8336 = DIRECTION('',(0.,1.,0.));
#8337 = CARTESIAN_POINT('',(28.,5.,116.425));
#8338 = CARTESIAN_POINT('',(28.,23.,116.425));
#8339 = GEOMETRIC_CURVE_SET('',(#8340));
#8340 = TRIMMED_CURVE('',#8341,(#8345,PARAMETER_VALUE(0.)),(#8346,
    PARAMETER_VALUE(20.)),.T.,.PARAMETER.);
#8341 = LINE('',#8342,#8343);
#8342 = CARTESIAN_POINT('',(8.,5.,116.425));
#8343 = VECTOR('',#8344,1.);
#8344 = DIRECTION('',(1.,0.,0.));
#8345 = CARTESIAN_POINT('',(8.,5.,116.425));
#8346 = CARTESIAN_POINT('',(28.,5.,116.425));
#8347 = GEOMETRIC_CURVE_SET('',(#8348));
#8348 = TRIMMED_CURVE('',#8349,(#8353,PARAMETER_VALUE(0.)),(#8354,
    PARAMETER_VALUE(20.)),.T.,.PARAMETER.);
#8349 = LINE('',#8350,#8351);
#8350 = CARTESIAN_POINT('',(8.,5.,118.425));
#8351 = VECTOR('',#8352,1.);
#8352 = DIRECTION('',(1.,0.,0.));
#8353 = CARTESIAN_POINT('',(8.,5.,118.425));
#8354 = CARTESIAN_POINT('',(28.,5.,118.425));
#8355 = GEOMETRIC_CURVE_SET('',(#8356));
#8356 = TRIMMED_CURVE('',#8357,(#8361,PARAMETER_VALUE(0.)),(#8362,
    PARAMETER_VALUE(20.)),.T.,.PARAMETER.);
#8357 = LINE('',#8358,#8359);
#8358 = CARTESIAN_POINT('',(8.,23.,116.425));
#8359 = VECTOR('',#8360,1.);
#8360 = DIRECTION('',(1.,0.,0.));
#8361 = CARTESIAN_POINT('',(8.,23.,116.425));
#8362 = CARTESIAN_POINT('',(28.,23.,116.425));
#8363 = GEOMETRIC_CURVE_SET('',(#8364));
#8364 = TRIMMED_CURVE('',#8365,(#8369,PARAMETER_VALUE(0.)),(#8370,
    PARAMETER_VALUE(20.)),.T.,.PARAMETER.);
#8365 = LINE('',#8366,#8367);
#8366 = CARTESIAN_POINT('',(8.,23.,118.425));
#8367 = VECTOR('',#8368,1.);
#8368 = DIRECTION('',(1.,0.,0.));
#8369 = CARTESIAN_POINT('',(8.,23.,118.425));
#8370 = CARTESIAN_POINT('',(28.,23.,118.425));
#8371 = GEOMETRIC_CURVE_SET('',(#8372));
#8372 = TRIMMED_CURVE('',#8373,(#8377,PARAMETER_VALUE(0.)),(#8378,
    PARAMETER_VALUE(3.175)),.T.,.PARAMETER.);
#8373 = LINE('',#8374,#8375);
#8374 = CARTESIAN_POINT('',(252.,1.3,86.));
#8375 = VECTOR('',#8376,1.);
#8376 = DIRECTION('',(0.,0.,1.));
#8377 = CARTESIAN_POINT('',(252.,1.3,86.));
#8378 = CARTESIAN_POINT('',(252.,1.3,89.175));
#8379 = GEOMETRIC_CURVE_SET('',(#8380));
#8380 = TRIMMED_CURVE('',#8381,(#8385,PARAMETER_VALUE(0.)),(#8386,
    PARAMETER_VALUE(25.4)),.T.,.PARAMETER.);
#8381 = LINE('',#8382,#8383);
#8382 = CARTESIAN_POINT('',(252.,1.3,89.175));
#8383 = VECTOR('',#8384,1.);
#8384 = DIRECTION('',(0.,1.,0.));
#8385 = CARTESIAN_POINT('',(252.,1.3,89.175));
#8386 = CARTESIAN_POINT('',(252.,26.7,89.175));
#8387 = GEOMETRIC_CURVE_SET('',(#8388));
#8388 = TRIMMED_CURVE('',#8389,(#8393,PARAMETER_VALUE(0.)),(#8394,
    PARAMETER_VALUE(3.175)),.T.,.PARAMETER.);
#8389 = LINE('',#8390,#8391);
#8390 = CARTESIAN_POINT('',(252.,26.7,86.));
#8391 = VECTOR('',#8392,1.);
#8392 = DIRECTION('',(0.,0.,1.));
#8393 = CARTESIAN_POINT('',(252.,26.7,86.));
#8394 = CARTESIAN_POINT('',(252.,26.7,89.175));
#8395 = GEOMETRIC_CURVE_SET('',(#8396));
#8396 = TRIMMED_CURVE('',#8397,(#8401,PARAMETER_VALUE(0.)),(#8402,
    PARAMETER_VALUE(25.4)),.T.,.PARAMETER.);
#8397 = LINE('',#8398,#8399);
#8398 = CARTESIAN_POINT('',(252.,1.3,86.));
#8399 = VECTOR('',#8400,1.);
#8400 = DIRECTION('',(0.,1.,0.));
#8401 = CARTESIAN_POINT('',(252.,1.3,86.));
#8402 = CARTESIAN_POINT('',(252.,26.7,86.));
#8403 = GEOMETRIC_CURVE_SET('',(#8404));
#8404 = TRIMMED_CURVE('',#8405,(#8409,PARAMETER_VALUE(0.)),(#8410,
    PARAMETER_VALUE(3.175)),.T.,.PARAMETER.);
#8405 = LINE('',#8406,#8407);
#8406 = CARTESIAN_POINT('',(270.,1.3,86.));
#8407 = VECTOR('',#8408,1.);
#8408 = DIRECTION('',(0.,0.,1.));
#8409 = CARTESIAN_POINT('',(270.,1.3,86.));
#8410 = CARTESIAN_POINT('',(270.,1.3,89.175));
#8411 = GEOMETRIC_CURVE_SET('',(#8412));
#8412 = TRIMMED_CURVE('',#8413,(#8417,PARAMETER_VALUE(0.)),(#8418,
    PARAMETER_VALUE(25.4)),.T.,.PARAMETER.);
#8413 = LINE('',#8414,#8415);
#8414 = CARTESIAN_POINT('',(270.,1.3,89.175));
#8415 = VECTOR('',#8416,1.);
#8416 = DIRECTION('',(0.,1.,0.));
#8417 = CARTESIAN_POINT('',(270.,1.3,89.175));
#8418 = CARTESIAN_POINT('',(270.,26.7,89.175));
#8419 = GEOMETRIC_CURVE_SET('',(#8420));
#8420 = TRIMMED_CURVE('',#8421,(#8425,PARAMETER_VALUE(0.)),(#8426,
    PARAMETER_VALUE(3.175)),.T.,.PARAMETER.);
#8421 = LINE('',#8422,#8423);
#8422 = CARTESIAN_POINT('',(270.,26.7,86.));
#8423 = VECTOR('',#8424,1.);
#8424 = DIRECTION('',(0.,0.,1.));
#8425 = CARTESIAN_POINT('',(270.,26.7,86.));
#8426 = CARTESIAN_POINT('',(270.,26.7,89.175));
#8427 = GEOMETRIC_CURVE_SET('',(#8428));
#8428 = TRIMMED_CURVE('',#8429,(#8433,PARAMETER_VALUE(0.)),(#8434,
    PARAMETER_VALUE(25.4)),.T.,.PARAMETER.);
#8429 = LINE('',#8430,#8431);
#8430 = CARTESIAN_POINT('',(270.,1.3,86.));
#8431 = VECTOR('',#8432,1.);
#8432 = DIRECTION('',(0.,1.,0.));
#8433 = CARTESIAN_POINT('',(270.,1.3,86.));
#8434 = CARTESIAN_POINT('',(270.,26.7,86.));
#8435 = GEOMETRIC_CURVE_SET('',(#8436));
#8436 = TRIMMED_CURVE('',#8437,(#8441,PARAMETER_VALUE(0.)),(#8442,
    PARAMETER_VALUE(18.)),.T.,.PARAMETER.);
#8437 = LINE('',#8438,#8439);
#8438 = CARTESIAN_POINT('',(252.,1.3,86.));
#8439 = VECTOR('',#8440,1.);
#8440 = DIRECTION('',(1.,0.,0.));
#8441 = CARTESIAN_POINT('',(252.,1.3,86.));
#8442 = CARTESIAN_POINT('',(270.,1.3,86.));
#8443 = GEOMETRIC_CURVE_SET('',(#8444));
#8444 = TRIMMED_CURVE('',#8445,(#8449,PARAMETER_VALUE(0.)),(#8450,
    PARAMETER_VALUE(18.)),.T.,.PARAMETER.);
#8445 = LINE('',#8446,#8447);
#8446 = CARTESIAN_POINT('',(252.,1.3,89.175));
#8447 = VECTOR('',#8448,1.);
#8448 = DIRECTION('',(1.,0.,0.));
#8449 = CARTESIAN_POINT('',(252.,1.3,89.175));
#8450 = CARTESIAN_POINT('',(270.,1.3,89.175));
#8451 = GEOMETRIC_CURVE_SET('',(#8452));
#8452 = TRIMMED_CURVE('',#8453,(#8457,PARAMETER_VALUE(0.)),(#8458,
    PARAMETER_VALUE(18.)),.T.,.PARAMETER.);
#8453 = LINE('',#8454,#8455);
#8454 = CARTESIAN_POINT('',(252.,26.7,86.));
#8455 = VECTOR('',#8456,1.);
#8456 = DIRECTION('',(1.,0.,0.));
#8457 = CARTESIAN_POINT('',(252.,26.7,86.));
#8458 = CARTESIAN_POINT('',(270.,26.7,86.));
#8459 = GEOMETRIC_CURVE_SET('',(#8460));
#8460 = TRIMMED_CURVE('',#8461,(#8465,PARAMETER_VALUE(0.)),(#8466,
    PARAMETER_VALUE(18.)),.T.,.PARAMETER.);
#8461 = LINE('',#8462,#8463);
#8462 = CARTESIAN_POINT('',(252.,26.7,89.175));
#8463 = VECTOR('',#8464,1.);
#8464 = DIRECTION('',(1.,0.,0.));
#8465 = CARTESIAN_POINT('',(252.,26.7,89.175));
#8466 = CARTESIAN_POINT('',(270.,26.7,89.175));
#8467 = GEOMETRIC_CURVE_SET('',(#8468));
#8468 = TRIMMED_CURVE('',#8469,(#8473,PARAMETER_VALUE(0.)),(#8474,
    PARAMETER_VALUE(3.175)),.T.,.PARAMETER.);
#8469 = LINE('',#8470,#8471);
#8470 = CARTESIAN_POINT('',(252.,1.3,120.925));
#8471 = VECTOR('',#8472,1.);
#8472 = DIRECTION('',(0.,0.,1.));
#8473 = CARTESIAN_POINT('',(252.,1.3,120.925));
#8474 = CARTESIAN_POINT('',(252.,1.3,124.1));
#8475 = GEOMETRIC_CURVE_SET('',(#8476));
#8476 = TRIMMED_CURVE('',#8477,(#8481,PARAMETER_VALUE(0.)),(#8482,
    PARAMETER_VALUE(25.4)),.T.,.PARAMETER.);
#8477 = LINE('',#8478,#8479);
#8478 = CARTESIAN_POINT('',(252.,1.3,124.1));
#8479 = VECTOR('',#8480,1.);
#8480 = DIRECTION('',(0.,1.,0.));
#8481 = CARTESIAN_POINT('',(252.,1.3,124.1));
#8482 = CARTESIAN_POINT('',(252.,26.7,124.1));
#8483 = GEOMETRIC_CURVE_SET('',(#8484));
#8484 = TRIMMED_CURVE('',#8485,(#8489,PARAMETER_VALUE(0.)),(#8490,
    PARAMETER_VALUE(3.175)),.T.,.PARAMETER.);
#8485 = LINE('',#8486,#8487);
#8486 = CARTESIAN_POINT('',(252.,26.7,120.925));
#8487 = VECTOR('',#8488,1.);
#8488 = DIRECTION('',(0.,0.,1.));
#8489 = CARTESIAN_POINT('',(252.,26.7,120.925));
#8490 = CARTESIAN_POINT('',(252.,26.7,124.1));
#8491 = GEOMETRIC_CURVE_SET('',(#8492));
#8492 = TRIMMED_CURVE('',#8493,(#8497,PARAMETER_VALUE(0.)),(#8498,
    PARAMETER_VALUE(25.4)),.T.,.PARAMETER.);
#8493 = LINE('',#8494,#8495);
#8494 = CARTESIAN_POINT('',(252.,1.3,120.925));
#8495 = VECTOR('',#8496,1.);
#8496 = DIRECTION('',(0.,1.,0.));
#8497 = CARTESIAN_POINT('',(252.,1.3,120.925));
#8498 = CARTESIAN_POINT('',(252.,26.7,120.925));
#8499 = GEOMETRIC_CURVE_SET('',(#8500));
#8500 = TRIMMED_CURVE('',#8501,(#8505,PARAMETER_VALUE(0.)),(#8506,
    PARAMETER_VALUE(3.175)),.T.,.PARAMETER.);
#8501 = LINE('',#8502,#8503);
#8502 = CARTESIAN_POINT('',(270.,1.3,120.925));
#8503 = VECTOR('',#8504,1.);
#8504 = DIRECTION('',(0.,0.,1.));
#8505 = CARTESIAN_POINT('',(270.,1.3,120.925));
#8506 = CARTESIAN_POINT('',(270.,1.3,124.1));
#8507 = GEOMETRIC_CURVE_SET('',(#8508));
#8508 = TRIMMED_CURVE('',#8509,(#8513,PARAMETER_VALUE(0.)),(#8514,
    PARAMETER_VALUE(25.4)),.T.,.PARAMETER.);
#8509 = LINE('',#8510,#8511);
#8510 = CARTESIAN_POINT('',(270.,1.3,124.1));
#8511 = VECTOR('',#8512,1.);
#8512 = DIRECTION('',(0.,1.,0.));
#8513 = CARTESIAN_POINT('',(270.,1.3,124.1));
#8514 = CARTESIAN_POINT('',(270.,26.7,124.1));
#8515 = GEOMETRIC_CURVE_SET('',(#8516));
#8516 = TRIMMED_CURVE('',#8517,(#8521,PARAMETER_VALUE(0.)),(#8522,
    PARAMETER_VALUE(3.175)),.T.,.PARAMETER.);
#8517 = LINE('',#8518,#8519);
#8518 = CARTESIAN_POINT('',(270.,26.7,120.925));
#8519 = VECTOR('',#8520,1.);
#8520 = DIRECTION('',(0.,0.,1.));
#8521 = CARTESIAN_POINT('',(270.,26.7,120.925));
#8522 = CARTESIAN_POINT('',(270.,26.7,124.1));
#8523 = GEOMETRIC_CURVE_SET('',(#8524));
#8524 = TRIMMED_CURVE('',#8525,(#8529,PARAMETER_VALUE(0.)),(#8530,
    PARAMETER_VALUE(25.4)),.T.,.PARAMETER.);
#8525 = LINE('',#8526,#8527);
#8526 = CARTESIAN_POINT('',(270.,1.3,120.925));
#8527 = VECTOR('',#8528,1.);
#8528 = DIRECTION('',(0.,1.,0.));
#8529 = CARTESIAN_POINT('',(270.,1.3,120.925));
#8530 = CARTESIAN_POINT('',(270.,26.7,120.925));
#8531 = GEOMETRIC_CURVE_SET('',(#8532));
#8532 = TRIMMED_CURVE('',#8533,(#8537,PARAMETER_VALUE(0.)),(#8538,
    PARAMETER_VALUE(18.)),.T.,.PARAMETER.);
#8533 = LINE('',#8534,#8535);
#8534 = CARTESIAN_POINT('',(252.,1.3,120.925));
#8535 = VECTOR('',#8536,1.);
#8536 = DIRECTION('',(1.,0.,0.));
#8537 = CARTESIAN_POINT('',(252.,1.3,120.925));
#8538 = CARTESIAN_POINT('',(270.,1.3,120.925));
#8539 = GEOMETRIC_CURVE_SET('',(#8540));
#8540 = TRIMMED_CURVE('',#8541,(#8545,PARAMETER_VALUE(0.)),(#8546,
    PARAMETER_VALUE(18.)),.T.,.PARAMETER.);
#8541 = LINE('',#8542,#8543);
#8542 = CARTESIAN_POINT('',(252.,1.3,124.1));
#8543 = VECTOR('',#8544,1.);
#8544 = DIRECTION('',(1.,0.,0.));
#8545 = CARTESIAN_POINT('',(252.,1.3,124.1));
#8546 = CARTESIAN_POINT('',(270.,1.3,124.1));
#8547 = GEOMETRIC_CURVE_SET('',(#8548));
#8548 = TRIMMED_CURVE('',#8549,(#8553,PARAMETER_VALUE(0.)),(#8554,
    PARAMETER_VALUE(18.)),.T.,.PARAMETER.);
#8549 = LINE('',#8550,#8551);
#8550 = CARTESIAN_POINT('',(252.,26.7,120.925));
#8551 = VECTOR('',#8552,1.);
#8552 = DIRECTION('',(1.,0.,0.));
#8553 = CARTESIAN_POINT('',(252.,26.7,120.925));
#8554 = CARTESIAN_POINT('',(270.,26.7,120.925));
#8555 = GEOMETRIC_CURVE_SET('',(#8556));
#8556 = TRIMMED_CURVE('',#8557,(#8561,PARAMETER_VALUE(0.)),(#8562,
    PARAMETER_VALUE(18.)),.T.,.PARAMETER.);
#8557 = LINE('',#8558,#8559);
#8558 = CARTESIAN_POINT('',(252.,26.7,124.1));
#8559 = VECTOR('',#8560,1.);
#8560 = DIRECTION('',(1.,0.,0.));
#8561 = CARTESIAN_POINT('',(252.,26.7,124.1));
#8562 = CARTESIAN_POINT('',(270.,26.7,124.1));
#8563 = GEOMETRIC_CURVE_SET('',(#8564));
#8564 = TRIMMED_CURVE('',#8565,(#8569,PARAMETER_VALUE(0.)),(#8570,
    PARAMETER_VALUE(31.75)),.T.,.PARAMETER.);
#8565 = LINE('',#8566,#8567);
#8566 = CARTESIAN_POINT('',(252.,1.3,89.175));
#8567 = VECTOR('',#8568,1.);
#8568 = DIRECTION('',(0.,0.,1.));
#8569 = CARTESIAN_POINT('',(252.,1.3,89.175));
#8570 = CARTESIAN_POINT('',(252.,1.3,120.925));
#8571 = GEOMETRIC_CURVE_SET('',(#8572));
#8572 = TRIMMED_CURVE('',#8573,(#8577,PARAMETER_VALUE(0.)),(#8578,
    PARAMETER_VALUE(3.175)),.T.,.PARAMETER.);
#8573 = LINE('',#8574,#8575);
#8574 = CARTESIAN_POINT('',(252.,1.3,120.925));
#8575 = VECTOR('',#8576,1.);
#8576 = DIRECTION('',(0.,1.,0.));
#8577 = CARTESIAN_POINT('',(252.,1.3,120.925));
#8578 = CARTESIAN_POINT('',(252.,4.475,120.925));
#8579 = GEOMETRIC_CURVE_SET('',(#8580));
#8580 = TRIMMED_CURVE('',#8581,(#8585,PARAMETER_VALUE(0.)),(#8586,
    PARAMETER_VALUE(31.75)),.T.,.PARAMETER.);
#8581 = LINE('',#8582,#8583);
#8582 = CARTESIAN_POINT('',(252.,4.475,89.175));
#8583 = VECTOR('',#8584,1.);
#8584 = DIRECTION('',(0.,0.,1.));
#8585 = CARTESIAN_POINT('',(252.,4.475,89.175));
#8586 = CARTESIAN_POINT('',(252.,4.475,120.925));
#8587 = GEOMETRIC_CURVE_SET('',(#8588));
#8588 = TRIMMED_CURVE('',#8589,(#8593,PARAMETER_VALUE(0.)),(#8594,
    PARAMETER_VALUE(3.175)),.T.,.PARAMETER.);
#8589 = LINE('',#8590,#8591);
#8590 = CARTESIAN_POINT('',(252.,1.3,89.175));
#8591 = VECTOR('',#8592,1.);
#8592 = DIRECTION('',(0.,1.,0.));
#8593 = CARTESIAN_POINT('',(252.,1.3,89.175));
#8594 = CARTESIAN_POINT('',(252.,4.475,89.175));
#8595 = GEOMETRIC_CURVE_SET('',(#8596));
#8596 = TRIMMED_CURVE('',#8597,(#8601,PARAMETER_VALUE(0.)),(#8602,
    PARAMETER_VALUE(31.75)),.T.,.PARAMETER.);
#8597 = LINE('',#8598,#8599);
#8598 = CARTESIAN_POINT('',(270.,1.3,89.175));
#8599 = VECTOR('',#8600,1.);
#8600 = DIRECTION('',(0.,0.,1.));
#8601 = CARTESIAN_POINT('',(270.,1.3,89.175));
#8602 = CARTESIAN_POINT('',(270.,1.3,120.925));
#8603 = GEOMETRIC_CURVE_SET('',(#8604));
#8604 = TRIMMED_CURVE('',#8605,(#8609,PARAMETER_VALUE(0.)),(#8610,
    PARAMETER_VALUE(3.175)),.T.,.PARAMETER.);
#8605 = LINE('',#8606,#8607);
#8606 = CARTESIAN_POINT('',(270.,1.3,120.925));
#8607 = VECTOR('',#8608,1.);
#8608 = DIRECTION('',(0.,1.,0.));
#8609 = CARTESIAN_POINT('',(270.,1.3,120.925));
#8610 = CARTESIAN_POINT('',(270.,4.475,120.925));
#8611 = GEOMETRIC_CURVE_SET('',(#8612));
#8612 = TRIMMED_CURVE('',#8613,(#8617,PARAMETER_VALUE(0.)),(#8618,
    PARAMETER_VALUE(31.75)),.T.,.PARAMETER.);
#8613 = LINE('',#8614,#8615);
#8614 = CARTESIAN_POINT('',(270.,4.475,89.175));
#8615 = VECTOR('',#8616,1.);
#8616 = DIRECTION('',(0.,0.,1.));
#8617 = CARTESIAN_POINT('',(270.,4.475,89.175));
#8618 = CARTESIAN_POINT('',(270.,4.475,120.925));
#8619 = GEOMETRIC_CURVE_SET('',(#8620));
#8620 = TRIMMED_CURVE('',#8621,(#8625,PARAMETER_VALUE(0.)),(#8626,
    PARAMETER_VALUE(3.175)),.T.,.PARAMETER.);
#8621 = LINE('',#8622,#8623);
#8622 = CARTESIAN_POINT('',(270.,1.3,89.175));
#8623 = VECTOR('',#8624,1.);
#8624 = DIRECTION('',(0.,1.,0.));
#8625 = CARTESIAN_POINT('',(270.,1.3,89.175));
#8626 = CARTESIAN_POINT('',(270.,4.475,89.175));
#8627 = GEOMETRIC_CURVE_SET('',(#8628));
#8628 = TRIMMED_CURVE('',#8629,(#8633,PARAMETER_VALUE(0.)),(#8634,
    PARAMETER_VALUE(18.)),.T.,.PARAMETER.);
#8629 = LINE('',#8630,#8631);
#8630 = CARTESIAN_POINT('',(252.,1.3,89.175));
#8631 = VECTOR('',#8632,1.);
#8632 = DIRECTION('',(1.,0.,0.));
#8633 = CARTESIAN_POINT('',(252.,1.3,89.175));
#8634 = CARTESIAN_POINT('',(270.,1.3,89.175));
#8635 = GEOMETRIC_CURVE_SET('',(#8636));
#8636 = TRIMMED_CURVE('',#8637,(#8641,PARAMETER_VALUE(0.)),(#8642,
    PARAMETER_VALUE(18.)),.T.,.PARAMETER.);
#8637 = LINE('',#8638,#8639);
#8638 = CARTESIAN_POINT('',(252.,1.3,120.925));
#8639 = VECTOR('',#8640,1.);
#8640 = DIRECTION('',(1.,0.,0.));
#8641 = CARTESIAN_POINT('',(252.,1.3,120.925));
#8642 = CARTESIAN_POINT('',(270.,1.3,120.925));
#8643 = GEOMETRIC_CURVE_SET('',(#8644));
#8644 = TRIMMED_CURVE('',#8645,(#8649,PARAMETER_VALUE(0.)),(#8650,
    PARAMETER_VALUE(18.)),.T.,.PARAMETER.);
#8645 = LINE('',#8646,#8647);
#8646 = CARTESIAN_POINT('',(252.,4.475,89.175));
#8647 = VECTOR('',#8648,1.);
#8648 = DIRECTION('',(1.,0.,0.));
#8649 = CARTESIAN_POINT('',(252.,4.475,89.175));
#8650 = CARTESIAN_POINT('',(270.,4.475,89.175));
#8651 = GEOMETRIC_CURVE_SET('',(#8652));
#8652 = TRIMMED_CURVE('',#8653,(#8657,PARAMETER_VALUE(0.)),(#8658,
    PARAMETER_VALUE(18.)),.T.,.PARAMETER.);
#8653 = LINE('',#8654,#8655);
#8654 = CARTESIAN_POINT('',(252.,4.475,120.925));
#8655 = VECTOR('',#8656,1.);
#8656 = DIRECTION('',(1.,0.,0.));
#8657 = CARTESIAN_POINT('',(252.,4.475,120.925));
#8658 = CARTESIAN_POINT('',(270.,4.475,120.925));
#8659 = GEOMETRIC_CURVE_SET('',(#8660));
#8660 = TRIMMED_CURVE('',#8661,(#8665,PARAMETER_VALUE(0.)),(#8666,
    PARAMETER_VALUE(31.75)),.T.,.PARAMETER.);
#8661 = LINE('',#8662,#8663);
#8662 = CARTESIAN_POINT('',(252.,23.525,89.175));
#8663 = VECTOR('',#8664,1.);
#8664 = DIRECTION('',(0.,0.,1.));
#8665 = CARTESIAN_POINT('',(252.,23.525,89.175));
#8666 = CARTESIAN_POINT('',(252.,23.525,120.925));
#8667 = GEOMETRIC_CURVE_SET('',(#8668));
#8668 = TRIMMED_CURVE('',#8669,(#8673,PARAMETER_VALUE(0.)),(#8674,
    PARAMETER_VALUE(3.175)),.T.,.PARAMETER.);
#8669 = LINE('',#8670,#8671);
#8670 = CARTESIAN_POINT('',(252.,23.525,120.925));
#8671 = VECTOR('',#8672,1.);
#8672 = DIRECTION('',(0.,1.,0.));
#8673 = CARTESIAN_POINT('',(252.,23.525,120.925));
#8674 = CARTESIAN_POINT('',(252.,26.7,120.925));
#8675 = GEOMETRIC_CURVE_SET('',(#8676));
#8676 = TRIMMED_CURVE('',#8677,(#8681,PARAMETER_VALUE(0.)),(#8682,
    PARAMETER_VALUE(31.75)),.T.,.PARAMETER.);
#8677 = LINE('',#8678,#8679);
#8678 = CARTESIAN_POINT('',(252.,26.7,89.175));
#8679 = VECTOR('',#8680,1.);
#8680 = DIRECTION('',(0.,0.,1.));
#8681 = CARTESIAN_POINT('',(252.,26.7,89.175));
#8682 = CARTESIAN_POINT('',(252.,26.7,120.925));
#8683 = GEOMETRIC_CURVE_SET('',(#8684));
#8684 = TRIMMED_CURVE('',#8685,(#8689,PARAMETER_VALUE(0.)),(#8690,
    PARAMETER_VALUE(3.175)),.T.,.PARAMETER.);
#8685 = LINE('',#8686,#8687);
#8686 = CARTESIAN_POINT('',(252.,23.525,89.175));
#8687 = VECTOR('',#8688,1.);
#8688 = DIRECTION('',(0.,1.,0.));
#8689 = CARTESIAN_POINT('',(252.,23.525,89.175));
#8690 = CARTESIAN_POINT('',(252.,26.7,89.175));
#8691 = GEOMETRIC_CURVE_SET('',(#8692));
#8692 = TRIMMED_CURVE('',#8693,(#8697,PARAMETER_VALUE(0.)),(#8698,
    PARAMETER_VALUE(31.75)),.T.,.PARAMETER.);
#8693 = LINE('',#8694,#8695);
#8694 = CARTESIAN_POINT('',(270.,23.525,89.175));
#8695 = VECTOR('',#8696,1.);
#8696 = DIRECTION('',(0.,0.,1.));
#8697 = CARTESIAN_POINT('',(270.,23.525,89.175));
#8698 = CARTESIAN_POINT('',(270.,23.525,120.925));
#8699 = GEOMETRIC_CURVE_SET('',(#8700));
#8700 = TRIMMED_CURVE('',#8701,(#8705,PARAMETER_VALUE(0.)),(#8706,
    PARAMETER_VALUE(3.175)),.T.,.PARAMETER.);
#8701 = LINE('',#8702,#8703);
#8702 = CARTESIAN_POINT('',(270.,23.525,120.925));
#8703 = VECTOR('',#8704,1.);
#8704 = DIRECTION('',(0.,1.,0.));
#8705 = CARTESIAN_POINT('',(270.,23.525,120.925));
#8706 = CARTESIAN_POINT('',(270.,26.7,120.925));
#8707 = GEOMETRIC_CURVE_SET('',(#8708));
#8708 = TRIMMED_CURVE('',#8709,(#8713,PARAMETER_VALUE(0.)),(#8714,
    PARAMETER_VALUE(31.75)),.T.,.PARAMETER.);
#8709 = LINE('',#8710,#8711);
#8710 = CARTESIAN_POINT('',(270.,26.7,89.175));
#8711 = VECTOR('',#8712,1.);
#8712 = DIRECTION('',(0.,0.,1.));
#8713 = CARTESIAN_POINT('',(270.,26.7,89.175));
#8714 = CARTESIAN_POINT('',(270.,26.7,120.925));
#8715 = GEOMETRIC_CURVE_SET('',(#8716));
#8716 = TRIMMED_CURVE('',#8717,(#8721,PARAMETER_VALUE(0.)),(#8722,
    PARAMETER_VALUE(3.175)),.T.,.PARAMETER.);
#8717 = LINE('',#8718,#8719);
#8718 = CARTESIAN_POINT('',(270.,23.525,89.175));
#8719 = VECTOR('',#8720,1.);
#8720 = DIRECTION('',(0.,1.,0.));
#8721 = CARTESIAN_POINT('',(270.,23.525,89.175));
#8722 = CARTESIAN_POINT('',(270.,26.7,89.175));
#8723 = GEOMETRIC_CURVE_SET('',(#8724));
#8724 = TRIMMED_CURVE('',#8725,(#8729,PARAMETER_VALUE(0.)),(#8730,
    PARAMETER_VALUE(18.)),.T.,.PARAMETER.);
#8725 = LINE('',#8726,#8727);
#8726 = CARTESIAN_POINT('',(252.,23.525,89.175));
#8727 = VECTOR('',#8728,1.);
#8728 = DIRECTION('',(1.,0.,0.));
#8729 = CARTESIAN_POINT('',(252.,23.525,89.175));
#8730 = CARTESIAN_POINT('',(270.,23.525,89.175));
#8731 = GEOMETRIC_CURVE_SET('',(#8732));
#8732 = TRIMMED_CURVE('',#8733,(#8737,PARAMETER_VALUE(0.)),(#8738,
    PARAMETER_VALUE(18.)),.T.,.PARAMETER.);
#8733 = LINE('',#8734,#8735);
#8734 = CARTESIAN_POINT('',(252.,23.525,120.925));
#8735 = VECTOR('',#8736,1.);
#8736 = DIRECTION('',(1.,0.,0.));
#8737 = CARTESIAN_POINT('',(252.,23.525,120.925));
#8738 = CARTESIAN_POINT('',(270.,23.525,120.925));
#8739 = GEOMETRIC_CURVE_SET('',(#8740));
#8740 = TRIMMED_CURVE('',#8741,(#8745,PARAMETER_VALUE(0.)),(#8746,
    PARAMETER_VALUE(18.)),.T.,.PARAMETER.);
#8741 = LINE('',#8742,#8743);
#8742 = CARTESIAN_POINT('',(252.,26.7,89.175));
#8743 = VECTOR('',#8744,1.);
#8744 = DIRECTION('',(1.,0.,0.));
#8745 = CARTESIAN_POINT('',(252.,26.7,89.175));
#8746 = CARTESIAN_POINT('',(270.,26.7,89.175));
#8747 = GEOMETRIC_CURVE_SET('',(#8748));
#8748 = TRIMMED_CURVE('',#8749,(#8753,PARAMETER_VALUE(0.)),(#8754,
    PARAMETER_VALUE(18.)),.T.,.PARAMETER.);
#8749 = LINE('',#8750,#8751);
#8750 = CARTESIAN_POINT('',(252.,26.7,120.925));
#8751 = VECTOR('',#8752,1.);
#8752 = DIRECTION('',(1.,0.,0.));
#8753 = CARTESIAN_POINT('',(252.,26.7,120.925));
#8754 = CARTESIAN_POINT('',(270.,26.7,120.925));
#8755 = GEOMETRIC_CURVE_SET('',(#8756));
#8756 = TRIMMED_CURVE('',#8757,(#8761,PARAMETER_VALUE(0.)),(#8762,
    PARAMETER_VALUE(2.)),.T.,.PARAMETER.);
#8757 = LINE('',#8758,#8759);
#8758 = CARTESIAN_POINT('',(252.,8.,89.175));
#8759 = VECTOR('',#8760,1.);
#8760 = DIRECTION('',(0.,0.,1.));
#8761 = CARTESIAN_POINT('',(252.,8.,89.175));
#8762 = CARTESIAN_POINT('',(252.,8.,91.175));
#8763 = GEOMETRIC_CURVE_SET('',(#8764));
#8764 = TRIMMED_CURVE('',#8765,(#8769,PARAMETER_VALUE(0.)),(#8770,
    PARAMETER_VALUE(12.)),.T.,.PARAMETER.);
#8765 = LINE('',#8766,#8767);
#8766 = CARTESIAN_POINT('',(252.,8.,91.175));
#8767 = VECTOR('',#8768,1.);
#8768 = DIRECTION('',(0.,1.,0.));
#8769 = CARTESIAN_POINT('',(252.,8.,91.175));
#8770 = CARTESIAN_POINT('',(252.,20.,91.175));
#8771 = GEOMETRIC_CURVE_SET('',(#8772));
#8772 = TRIMMED_CURVE('',#8773,(#8777,PARAMETER_VALUE(0.)),(#8778,
    PARAMETER_VALUE(2.)),.T.,.PARAMETER.);
#8773 = LINE('',#8774,#8775);
#8774 = CARTESIAN_POINT('',(252.,20.,89.175));
#8775 = VECTOR('',#8776,1.);
#8776 = DIRECTION('',(0.,0.,1.));
#8777 = CARTESIAN_POINT('',(252.,20.,89.175));
#8778 = CARTESIAN_POINT('',(252.,20.,91.175));
#8779 = GEOMETRIC_CURVE_SET('',(#8780));
#8780 = TRIMMED_CURVE('',#8781,(#8785,PARAMETER_VALUE(0.)),(#8786,
    PARAMETER_VALUE(12.)),.T.,.PARAMETER.);
#8781 = LINE('',#8782,#8783);
#8782 = CARTESIAN_POINT('',(252.,8.,89.175));
#8783 = VECTOR('',#8784,1.);
#8784 = DIRECTION('',(0.,1.,0.));
#8785 = CARTESIAN_POINT('',(252.,8.,89.175));
#8786 = CARTESIAN_POINT('',(252.,20.,89.175));
#8787 = GEOMETRIC_CURVE_SET('',(#8788));
#8788 = TRIMMED_CURVE('',#8789,(#8793,PARAMETER_VALUE(0.)),(#8794,
    PARAMETER_VALUE(2.)),.T.,.PARAMETER.);
#8789 = LINE('',#8790,#8791);
#8790 = CARTESIAN_POINT('',(270.,8.,89.175));
#8791 = VECTOR('',#8792,1.);
#8792 = DIRECTION('',(0.,0.,1.));
#8793 = CARTESIAN_POINT('',(270.,8.,89.175));
#8794 = CARTESIAN_POINT('',(270.,8.,91.175));
#8795 = GEOMETRIC_CURVE_SET('',(#8796));
#8796 = TRIMMED_CURVE('',#8797,(#8801,PARAMETER_VALUE(0.)),(#8802,
    PARAMETER_VALUE(12.)),.T.,.PARAMETER.);
#8797 = LINE('',#8798,#8799);
#8798 = CARTESIAN_POINT('',(270.,8.,91.175));
#8799 = VECTOR('',#8800,1.);
#8800 = DIRECTION('',(0.,1.,0.));
#8801 = CARTESIAN_POINT('',(270.,8.,91.175));
#8802 = CARTESIAN_POINT('',(270.,20.,91.175));
#8803 = GEOMETRIC_CURVE_SET('',(#8804));
#8804 = TRIMMED_CURVE('',#8805,(#8809,PARAMETER_VALUE(0.)),(#8810,
    PARAMETER_VALUE(2.)),.T.,.PARAMETER.);
#8805 = LINE('',#8806,#8807);
#8806 = CARTESIAN_POINT('',(270.,20.,89.175));
#8807 = VECTOR('',#8808,1.);
#8808 = DIRECTION('',(0.,0.,1.));
#8809 = CARTESIAN_POINT('',(270.,20.,89.175));
#8810 = CARTESIAN_POINT('',(270.,20.,91.175));
#8811 = GEOMETRIC_CURVE_SET('',(#8812));
#8812 = TRIMMED_CURVE('',#8813,(#8817,PARAMETER_VALUE(0.)),(#8818,
    PARAMETER_VALUE(12.)),.T.,.PARAMETER.);
#8813 = LINE('',#8814,#8815);
#8814 = CARTESIAN_POINT('',(270.,8.,89.175));
#8815 = VECTOR('',#8816,1.);
#8816 = DIRECTION('',(0.,1.,0.));
#8817 = CARTESIAN_POINT('',(270.,8.,89.175));
#8818 = CARTESIAN_POINT('',(270.,20.,89.175));
#8819 = GEOMETRIC_CURVE_SET('',(#8820));
#8820 = TRIMMED_CURVE('',#8821,(#8825,PARAMETER_VALUE(0.)),(#8826,
    PARAMETER_VALUE(18.)),.T.,.PARAMETER.);
#8821 = LINE('',#8822,#8823);
#8822 = CARTESIAN_POINT('',(252.,8.,89.175));
#8823 = VECTOR('',#8824,1.);
#8824 = DIRECTION('',(1.,0.,0.));
#8825 = CARTESIAN_POINT('',(252.,8.,89.175));
#8826 = CARTESIAN_POINT('',(270.,8.,89.175));
#8827 = GEOMETRIC_CURVE_SET('',(#8828));
#8828 = TRIMMED_CURVE('',#8829,(#8833,PARAMETER_VALUE(0.)),(#8834,
    PARAMETER_VALUE(18.)),.T.,.PARAMETER.);
#8829 = LINE('',#8830,#8831);
#8830 = CARTESIAN_POINT('',(252.,8.,91.175));
#8831 = VECTOR('',#8832,1.);
#8832 = DIRECTION('',(1.,0.,0.));
#8833 = CARTESIAN_POINT('',(252.,8.,91.175));
#8834 = CARTESIAN_POINT('',(270.,8.,91.175));
#8835 = GEOMETRIC_CURVE_SET('',(#8836));
#8836 = TRIMMED_CURVE('',#8837,(#8841,PARAMETER_VALUE(0.)),(#8842,
    PARAMETER_VALUE(18.)),.T.,.PARAMETER.);
#8837 = LINE('',#8838,#8839);
#8838 = CARTESIAN_POINT('',(252.,20.,89.175));
#8839 = VECTOR('',#8840,1.);
#8840 = DIRECTION('',(1.,0.,0.));
#8841 = CARTESIAN_POINT('',(252.,20.,89.175));
#8842 = CARTESIAN_POINT('',(270.,20.,89.175));
#8843 = GEOMETRIC_CURVE_SET('',(#8844));
#8844 = TRIMMED_CURVE('',#8845,(#8849,PARAMETER_VALUE(0.)),(#8850,
    PARAMETER_VALUE(18.)),.T.,.PARAMETER.);
#8845 = LINE('',#8846,#8847);
#8846 = CARTESIAN_POINT('',(252.,20.,91.175));
#8847 = VECTOR('',#8848,1.);
#8848 = DIRECTION('',(1.,0.,0.));
#8849 = CARTESIAN_POINT('',(252.,20.,91.175));
#8850 = CARTESIAN_POINT('',(270.,20.,91.175));
#8851 = GEOMETRIC_CURVE_SET('',(#8852));
#8852 = TRIMMED_CURVE('',#8853,(#8857,PARAMETER_VALUE(0.)),(#8858,
    PARAMETER_VALUE(2.)),.T.,.PARAMETER.);
#8853 = LINE('',#8854,#8855);
#8854 = CARTESIAN_POINT('',(252.,8.,118.925));
#8855 = VECTOR('',#8856,1.);
#8856 = DIRECTION('',(0.,0.,1.));
#8857 = CARTESIAN_POINT('',(252.,8.,118.925));
#8858 = CARTESIAN_POINT('',(252.,8.,120.925));
#8859 = GEOMETRIC_CURVE_SET('',(#8860));
#8860 = TRIMMED_CURVE('',#8861,(#8865,PARAMETER_VALUE(0.)),(#8866,
    PARAMETER_VALUE(12.)),.T.,.PARAMETER.);
#8861 = LINE('',#8862,#8863);
#8862 = CARTESIAN_POINT('',(252.,8.,120.925));
#8863 = VECTOR('',#8864,1.);
#8864 = DIRECTION('',(0.,1.,0.));
#8865 = CARTESIAN_POINT('',(252.,8.,120.925));
#8866 = CARTESIAN_POINT('',(252.,20.,120.925));
#8867 = GEOMETRIC_CURVE_SET('',(#8868));
#8868 = TRIMMED_CURVE('',#8869,(#8873,PARAMETER_VALUE(0.)),(#8874,
    PARAMETER_VALUE(2.)),.T.,.PARAMETER.);
#8869 = LINE('',#8870,#8871);
#8870 = CARTESIAN_POINT('',(252.,20.,118.925));
#8871 = VECTOR('',#8872,1.);
#8872 = DIRECTION('',(0.,0.,1.));
#8873 = CARTESIAN_POINT('',(252.,20.,118.925));
#8874 = CARTESIAN_POINT('',(252.,20.,120.925));
#8875 = GEOMETRIC_CURVE_SET('',(#8876));
#8876 = TRIMMED_CURVE('',#8877,(#8881,PARAMETER_VALUE(0.)),(#8882,
    PARAMETER_VALUE(12.)),.T.,.PARAMETER.);
#8877 = LINE('',#8878,#8879);
#8878 = CARTESIAN_POINT('',(252.,8.,118.925));
#8879 = VECTOR('',#8880,1.);
#8880 = DIRECTION('',(0.,1.,0.));
#8881 = CARTESIAN_POINT('',(252.,8.,118.925));
#8882 = CARTESIAN_POINT('',(252.,20.,118.925));
#8883 = GEOMETRIC_CURVE_SET('',(#8884));
#8884 = TRIMMED_CURVE('',#8885,(#8889,PARAMETER_VALUE(0.)),(#8890,
    PARAMETER_VALUE(2.)),.T.,.PARAMETER.);
#8885 = LINE('',#8886,#8887);
#8886 = CARTESIAN_POINT('',(270.,8.,118.925));
#8887 = VECTOR('',#8888,1.);
#8888 = DIRECTION('',(0.,0.,1.));
#8889 = CARTESIAN_POINT('',(270.,8.,118.925));
#8890 = CARTESIAN_POINT('',(270.,8.,120.925));
#8891 = GEOMETRIC_CURVE_SET('',(#8892));
#8892 = TRIMMED_CURVE('',#8893,(#8897,PARAMETER_VALUE(0.)),(#8898,
    PARAMETER_VALUE(12.)),.T.,.PARAMETER.);
#8893 = LINE('',#8894,#8895);
#8894 = CARTESIAN_POINT('',(270.,8.,120.925));
#8895 = VECTOR('',#8896,1.);
#8896 = DIRECTION('',(0.,1.,0.));
#8897 = CARTESIAN_POINT('',(270.,8.,120.925));
#8898 = CARTESIAN_POINT('',(270.,20.,120.925));
#8899 = GEOMETRIC_CURVE_SET('',(#8900));
#8900 = TRIMMED_CURVE('',#8901,(#8905,PARAMETER_VALUE(0.)),(#8906,
    PARAMETER_VALUE(2.)),.T.,.PARAMETER.);
#8901 = LINE('',#8902,#8903);
#8902 = CARTESIAN_POINT('',(270.,20.,118.925));
#8903 = VECTOR('',#8904,1.);
#8904 = DIRECTION('',(0.,0.,1.));
#8905 = CARTESIAN_POINT('',(270.,20.,118.925));
#8906 = CARTESIAN_POINT('',(270.,20.,120.925));
#8907 = GEOMETRIC_CURVE_SET('',(#8908));
#8908 = TRIMMED_CURVE('',#8909,(#8913,PARAMETER_VALUE(0.)),(#8914,
    PARAMETER_VALUE(12.)),.T.,.PARAMETER.);
#8909 = LINE('',#8910,#8911);
#8910 = CARTESIAN_POINT('',(270.,8.,118.925));
#8911 = VECTOR('',#8912,1.);
#8912 = DIRECTION('',(0.,1.,0.));
#8913 = CARTESIAN_POINT('',(270.,8.,118.925));
#8914 = CARTESIAN_POINT('',(270.,20.,118.925));
#8915 = GEOMETRIC_CURVE_SET('',(#8916));
#8916 = TRIMMED_CURVE('',#8917,(#8921,PARAMETER_VALUE(0.)),(#8922,
    PARAMETER_VALUE(18.)),.T.,.PARAMETER.);
#8917 = LINE('',#8918,#8919);
#8918 = CARTESIAN_POINT('',(252.,8.,118.925));
#8919 = VECTOR('',#8920,1.);
#8920 = DIRECTION('',(1.,0.,0.));
#8921 = CARTESIAN_POINT('',(252.,8.,118.925));
#8922 = CARTESIAN_POINT('',(270.,8.,118.925));
#8923 = GEOMETRIC_CURVE_SET('',(#8924));
#8924 = TRIMMED_CURVE('',#8925,(#8929,PARAMETER_VALUE(0.)),(#8930,
    PARAMETER_VALUE(18.)),.T.,.PARAMETER.);
#8925 = LINE('',#8926,#8927);
#8926 = CARTESIAN_POINT('',(252.,8.,120.925));
#8927 = VECTOR('',#8928,1.);
#8928 = DIRECTION('',(1.,0.,0.));
#8929 = CARTESIAN_POINT('',(252.,8.,120.925));
#8930 = CARTESIAN_POINT('',(270.,8.,120.925));
#8931 = GEOMETRIC_CURVE_SET('',(#8932));
#8932 = TRIMMED_CURVE('',#8933,(#8937,PARAMETER_VALUE(0.)),(#8938,
    PARAMETER_VALUE(18.)),.T.,.PARAMETER.);
#8933 = LINE('',#8934,#8935);
#8934 = CARTESIAN_POINT('',(252.,20.,118.925));
#8935 = VECTOR('',#8936,1.);
#8936 = DIRECTION('',(1.,0.,0.));
#8937 = CARTESIAN_POINT('',(252.,20.,118.925));
#8938 = CARTESIAN_POINT('',(270.,20.,118.925));
#8939 = GEOMETRIC_CURVE_SET('',(#8940));
#8940 = TRIMMED_CURVE('',#8941,(#8945,PARAMETER_VALUE(0.)),(#8946,
    PARAMETER_VALUE(18.)),.T.,.PARAMETER.);
#8941 = LINE('',#8942,#8943);
#8942 = CARTESIAN_POINT('',(252.,20.,120.925));
#8943 = VECTOR('',#8944,1.);
#8944 = DIRECTION('',(1.,0.,0.));
#8945 = CARTESIAN_POINT('',(252.,20.,120.925));
#8946 = CARTESIAN_POINT('',(270.,20.,120.925));
#8947 = GEOMETRIC_CURVE_SET('',(#8948));
#8948 = TRIMMED_CURVE('',#8949,(#8953,PARAMETER_VALUE(0.)),(#8954,
    PARAMETER_VALUE(2.)),.T.,.PARAMETER.);
#8949 = LINE('',#8950,#8951);
#8950 = CARTESIAN_POINT('',(247.,5.,91.675));
#8951 = VECTOR('',#8952,1.);
#8952 = DIRECTION('',(0.,0.,1.));
#8953 = CARTESIAN_POINT('',(247.,5.,91.675));
#8954 = CARTESIAN_POINT('',(247.,5.,93.675));
#8955 = GEOMETRIC_CURVE_SET('',(#8956));
#8956 = TRIMMED_CURVE('',#8957,(#8961,PARAMETER_VALUE(0.)),(#8962,
    PARAMETER_VALUE(18.)),.T.,.PARAMETER.);
#8957 = LINE('',#8958,#8959);
#8958 = CARTESIAN_POINT('',(247.,5.,93.675));
#8959 = VECTOR('',#8960,1.);
#8960 = DIRECTION('',(0.,1.,0.));
#8961 = CARTESIAN_POINT('',(247.,5.,93.675));
#8962 = CARTESIAN_POINT('',(247.,23.,93.675));
#8963 = GEOMETRIC_CURVE_SET('',(#8964));
#8964 = TRIMMED_CURVE('',#8965,(#8969,PARAMETER_VALUE(0.)),(#8970,
    PARAMETER_VALUE(2.)),.T.,.PARAMETER.);
#8965 = LINE('',#8966,#8967);
#8966 = CARTESIAN_POINT('',(247.,23.,91.675));
#8967 = VECTOR('',#8968,1.);
#8968 = DIRECTION('',(0.,0.,1.));
#8969 = CARTESIAN_POINT('',(247.,23.,91.675));
#8970 = CARTESIAN_POINT('',(247.,23.,93.675));
#8971 = GEOMETRIC_CURVE_SET('',(#8972));
#8972 = TRIMMED_CURVE('',#8973,(#8977,PARAMETER_VALUE(0.)),(#8978,
    PARAMETER_VALUE(18.)),.T.,.PARAMETER.);
#8973 = LINE('',#8974,#8975);
#8974 = CARTESIAN_POINT('',(247.,5.,91.675));
#8975 = VECTOR('',#8976,1.);
#8976 = DIRECTION('',(0.,1.,0.));
#8977 = CARTESIAN_POINT('',(247.,5.,91.675));
#8978 = CARTESIAN_POINT('',(247.,23.,91.675));
#8979 = GEOMETRIC_CURVE_SET('',(#8980));
#8980 = TRIMMED_CURVE('',#8981,(#8985,PARAMETER_VALUE(0.)),(#8986,
    PARAMETER_VALUE(2.)),.T.,.PARAMETER.);
#8981 = LINE('',#8982,#8983);
#8982 = CARTESIAN_POINT('',(267.,5.,91.675));
#8983 = VECTOR('',#8984,1.);
#8984 = DIRECTION('',(0.,0.,1.));
#8985 = CARTESIAN_POINT('',(267.,5.,91.675));
#8986 = CARTESIAN_POINT('',(267.,5.,93.675));
#8987 = GEOMETRIC_CURVE_SET('',(#8988));
#8988 = TRIMMED_CURVE('',#8989,(#8993,PARAMETER_VALUE(0.)),(#8994,
    PARAMETER_VALUE(18.)),.T.,.PARAMETER.);
#8989 = LINE('',#8990,#8991);
#8990 = CARTESIAN_POINT('',(267.,5.,93.675));
#8991 = VECTOR('',#8992,1.);
#8992 = DIRECTION('',(0.,1.,0.));
#8993 = CARTESIAN_POINT('',(267.,5.,93.675));
#8994 = CARTESIAN_POINT('',(267.,23.,93.675));
#8995 = GEOMETRIC_CURVE_SET('',(#8996));
#8996 = TRIMMED_CURVE('',#8997,(#9001,PARAMETER_VALUE(0.)),(#9002,
    PARAMETER_VALUE(2.)),.T.,.PARAMETER.);
#8997 = LINE('',#8998,#8999);
#8998 = CARTESIAN_POINT('',(267.,23.,91.675));
#8999 = VECTOR('',#9000,1.);
#9000 = DIRECTION('',(0.,0.,1.));
#9001 = CARTESIAN_POINT('',(267.,23.,91.675));
#9002 = CARTESIAN_POINT('',(267.,23.,93.675));
#9003 = GEOMETRIC_CURVE_SET('',(#9004));
#9004 = TRIMMED_CURVE('',#9005,(#9009,PARAMETER_VALUE(0.)),(#9010,
    PARAMETER_VALUE(18.)),.T.,.PARAMETER.);
#9005 = LINE('',#9006,#9007);
#9006 = CARTESIAN_POINT('',(267.,5.,91.675));
#9007 = VECTOR('',#9008,1.);
#9008 = DIRECTION('',(0.,1.,0.));
#9009 = CARTESIAN_POINT('',(267.,5.,91.675));
#9010 = CARTESIAN_POINT('',(267.,23.,91.675));
#9011 = GEOMETRIC_CURVE_SET('',(#9012));
#9012 = TRIMMED_CURVE('',#9013,(#9017,PARAMETER_VALUE(0.)),(#9018,
    PARAMETER_VALUE(20.)),.T.,.PARAMETER.);
#9013 = LINE('',#9014,#9015);
#9014 = CARTESIAN_POINT('',(247.,5.,91.675));
#9015 = VECTOR('',#9016,1.);
#9016 = DIRECTION('',(1.,0.,0.));
#9017 = CARTESIAN_POINT('',(247.,5.,91.675));
#9018 = CARTESIAN_POINT('',(267.,5.,91.675));
#9019 = GEOMETRIC_CURVE_SET('',(#9020));
#9020 = TRIMMED_CURVE('',#9021,(#9025,PARAMETER_VALUE(0.)),(#9026,
    PARAMETER_VALUE(20.)),.T.,.PARAMETER.);
#9021 = LINE('',#9022,#9023);
#9022 = CARTESIAN_POINT('',(247.,5.,93.675));
#9023 = VECTOR('',#9024,1.);
#9024 = DIRECTION('',(1.,0.,0.));
#9025 = CARTESIAN_POINT('',(247.,5.,93.675));
#9026 = CARTESIAN_POINT('',(267.,5.,93.675));
#9027 = GEOMETRIC_CURVE_SET('',(#9028));
#9028 = TRIMMED_CURVE('',#9029,(#9033,PARAMETER_VALUE(0.)),(#9034,
    PARAMETER_VALUE(20.)),.T.,.PARAMETER.);
#9029 = LINE('',#9030,#9031);
#9030 = CARTESIAN_POINT('',(247.,23.,91.675));
#9031 = VECTOR('',#9032,1.);
#9032 = DIRECTION('',(1.,0.,0.));
#9033 = CARTESIAN_POINT('',(247.,23.,91.675));
#9034 = CARTESIAN_POINT('',(267.,23.,91.675));
#9035 = GEOMETRIC_CURVE_SET('',(#9036));
#9036 = TRIMMED_CURVE('',#9037,(#9041,PARAMETER_VALUE(0.)),(#9042,
    PARAMETER_VALUE(20.)),.T.,.PARAMETER.);
#9037 = LINE('',#9038,#9039);
#9038 = CARTESIAN_POINT('',(247.,23.,93.675));
#9039 = VECTOR('',#9040,1.);
#9040 = DIRECTION('',(1.,0.,0.));
#9041 = CARTESIAN_POINT('',(247.,23.,93.675));
#9042 = CARTESIAN_POINT('',(267.,23.,93.675));
#9043 = GEOMETRIC_CURVE_SET('',(#9044));
#9044 = TRIMMED_CURVE('',#9045,(#9049,PARAMETER_VALUE(0.)),(#9050,
    PARAMETER_VALUE(2.)),.T.,.PARAMETER.);
#9045 = LINE('',#9046,#9047);
#9046 = CARTESIAN_POINT('',(247.,5.,116.425));
#9047 = VECTOR('',#9048,1.);
#9048 = DIRECTION('',(0.,0.,1.));
#9049 = CARTESIAN_POINT('',(247.,5.,116.425));
#9050 = CARTESIAN_POINT('',(247.,5.,118.425));
#9051 = GEOMETRIC_CURVE_SET('',(#9052));
#9052 = TRIMMED_CURVE('',#9053,(#9057,PARAMETER_VALUE(0.)),(#9058,
    PARAMETER_VALUE(18.)),.T.,.PARAMETER.);
#9053 = LINE('',#9054,#9055);
#9054 = CARTESIAN_POINT('',(247.,5.,118.425));
#9055 = VECTOR('',#9056,1.);
#9056 = DIRECTION('',(0.,1.,0.));
#9057 = CARTESIAN_POINT('',(247.,5.,118.425));
#9058 = CARTESIAN_POINT('',(247.,23.,118.425));
#9059 = GEOMETRIC_CURVE_SET('',(#9060));
#9060 = TRIMMED_CURVE('',#9061,(#9065,PARAMETER_VALUE(0.)),(#9066,
    PARAMETER_VALUE(2.)),.T.,.PARAMETER.);
#9061 = LINE('',#9062,#9063);
#9062 = CARTESIAN_POINT('',(247.,23.,116.425));
#9063 = VECTOR('',#9064,1.);
#9064 = DIRECTION('',(0.,0.,1.));
#9065 = CARTESIAN_POINT('',(247.,23.,116.425));
#9066 = CARTESIAN_POINT('',(247.,23.,118.425));
#9067 = GEOMETRIC_CURVE_SET('',(#9068));
#9068 = TRIMMED_CURVE('',#9069,(#9073,PARAMETER_VALUE(0.)),(#9074,
    PARAMETER_VALUE(18.)),.T.,.PARAMETER.);
#9069 = LINE('',#9070,#9071);
#9070 = CARTESIAN_POINT('',(247.,5.,116.425));
#9071 = VECTOR('',#9072,1.);
#9072 = DIRECTION('',(0.,1.,0.));
#9073 = CARTESIAN_POINT('',(247.,5.,116.425));
#9074 = CARTESIAN_POINT('',(247.,23.,116.425));
#9075 = GEOMETRIC_CURVE_SET('',(#9076));
#9076 = TRIMMED_CURVE('',#9077,(#9081,PARAMETER_VALUE(0.)),(#9082,
    PARAMETER_VALUE(2.)),.T.,.PARAMETER.);
#9077 = LINE('',#9078,#9079);
#9078 = CARTESIAN_POINT('',(267.,5.,116.425));
#9079 = VECTOR('',#9080,1.);
#9080 = DIRECTION('',(0.,0.,1.));
#9081 = CARTESIAN_POINT('',(267.,5.,116.425));
#9082 = CARTESIAN_POINT('',(267.,5.,118.425));
#9083 = GEOMETRIC_CURVE_SET('',(#9084));
#9084 = TRIMMED_CURVE('',#9085,(#9089,PARAMETER_VALUE(0.)),(#9090,
    PARAMETER_VALUE(18.)),.T.,.PARAMETER.);
#9085 = LINE('',#9086,#9087);
#9086 = CARTESIAN_POINT('',(267.,5.,118.425));
#9087 = VECTOR('',#9088,1.);
#9088 = DIRECTION('',(0.,1.,0.));
#9089 = CARTESIAN_POINT('',(267.,5.,118.425));
#9090 = CARTESIAN_POINT('',(267.,23.,118.425));
#9091 = GEOMETRIC_CURVE_SET('',(#9092));
#9092 = TRIMMED_CURVE('',#9093,(#9097,PARAMETER_VALUE(0.)),(#9098,
    PARAMETER_VALUE(2.)),.T.,.PARAMETER.);
#9093 = LINE('',#9094,#9095);
#9094 = CARTESIAN_POINT('',(267.,23.,116.425));
#9095 = VECTOR('',#9096,1.);
#9096 = DIRECTION('',(0.,0.,1.));
#9097 = CARTESIAN_POINT('',(267.,23.,116.425));
#9098 = CARTESIAN_POINT('',(267.,23.,118.425));
#9099 = GEOMETRIC_CURVE_SET('',(#9100));
#9100 = TRIMMED_CURVE('',#9101,(#9105,PARAMETER_VALUE(0.)),(#9106,
    PARAMETER_VALUE(18.)),.T.,.PARAMETER.);
#9101 = LINE('',#9102,#9103);
#9102 = CARTESIAN_POINT('',(267.,5.,116.425));
#9103 = VECTOR('',#9104,1.);
#9104 = DIRECTION('',(0.,1.,0.));
#9105 = CARTESIAN_POINT('',(267.,5.,116.425));
#9106 = CARTESIAN_POINT('',(267.,23.,116.425));
#9107 = GEOMETRIC_CURVE_SET('',(#9108));
#9108 = TRIMMED_CURVE('',#9109,(#9113,PARAMETER_VALUE(0.)),(#9114,
    PARAMETER_VALUE(20.)),.T.,.PARAMETER.);
#9109 = LINE('',#9110,#9111);
#9110 = CARTESIAN_POINT('',(247.,5.,116.425));
#9111 = VECTOR('',#9112,1.);
#9112 = DIRECTION('',(1.,0.,0.));
#9113 = CARTESIAN_POINT('',(247.,5.,116.425));
#9114 = CARTESIAN_POINT('',(267.,5.,116.425));
#9115 = GEOMETRIC_CURVE_SET('',(#9116));
#9116 = TRIMMED_CURVE('',#9117,(#9121,PARAMETER_VALUE(0.)),(#9122,
    PARAMETER_VALUE(20.)),.T.,.PARAMETER.);
#9117 = LINE('',#9118,#9119);
#9118 = CARTESIAN_POINT('',(247.,5.,118.425));
#9119 = VECTOR('',#9120,1.);
#9120 = DIRECTION('',(1.,0.,0.));
#9121 = CARTESIAN_POINT('',(247.,5.,118.425));
#9122 = CARTESIAN_POINT('',(267.,5.,118.425));
#9123 = GEOMETRIC_CURVE_SET('',(#9124));
#9124 = TRIMMED_CURVE('',#9125,(#9129,PARAMETER_VALUE(0.)),(#9130,
    PARAMETER_VALUE(20.)),.T.,.PARAMETER.);
#9125 = LINE('',#9126,#9127);
#9126 = CARTESIAN_POINT('',(247.,23.,116.425));
#9127 = VECTOR('',#9128,1.);
#9128 = DIRECTION('',(1.,0.,0.));
#9129 = CARTESIAN_POINT('',(247.,23.,116.425));
#9130 = CARTESIAN_POINT('',(267.,23.,116.425));
#9131 = GEOMETRIC_CURVE_SET('',(#9132));
#9132 = TRIMMED_CURVE('',#9133,(#9137,PARAMETER_VALUE(0.)),(#9138,
    PARAMETER_VALUE(20.)),.T.,.PARAMETER.);
#9133 = LINE('',#9134,#9135);
#9134 = CARTESIAN_POINT('',(247.,23.,118.425));
#9135 = VECTOR('',#9136,1.);
#9136 = DIRECTION('',(1.,0.,0.));
#9137 = CARTESIAN_POINT('',(247.,23.,118.425));
#9138 = CARTESIAN_POINT('',(267.,23.,118.425));
#9139 = GEOMETRIC_CURVE_SET('',(#9140));
#9140 = TRIMMED_CURVE('',#9141,(#9145,PARAMETER_VALUE(0.)),(#9146,
    PARAMETER_VALUE(3.175)),.T.,.PARAMETER.);
#9141 = LINE('',#9142,#9143);
#9142 = CARTESIAN_POINT('',(5.,248.3,86.));
#9143 = VECTOR('',#9144,1.);
#9144 = DIRECTION('',(0.,0.,1.));
#9145 = CARTESIAN_POINT('',(5.,248.3,86.));
#9146 = CARTESIAN_POINT('',(5.,248.3,89.175));
#9147 = GEOMETRIC_CURVE_SET('',(#9148));
#9148 = TRIMMED_CURVE('',#9149,(#9153,PARAMETER_VALUE(0.)),(#9154,
    PARAMETER_VALUE(25.4)),.T.,.PARAMETER.);
#9149 = LINE('',#9150,#9151);
#9150 = CARTESIAN_POINT('',(5.,248.3,89.175));
#9151 = VECTOR('',#9152,1.);
#9152 = DIRECTION('',(0.,1.,0.));
#9153 = CARTESIAN_POINT('',(5.,248.3,89.175));
#9154 = CARTESIAN_POINT('',(5.,273.7,89.175));
#9155 = GEOMETRIC_CURVE_SET('',(#9156));
#9156 = TRIMMED_CURVE('',#9157,(#9161,PARAMETER_VALUE(0.)),(#9162,
    PARAMETER_VALUE(3.175)),.T.,.PARAMETER.);
#9157 = LINE('',#9158,#9159);
#9158 = CARTESIAN_POINT('',(5.,273.7,86.));
#9159 = VECTOR('',#9160,1.);
#9160 = DIRECTION('',(0.,0.,1.));
#9161 = CARTESIAN_POINT('',(5.,273.7,86.));
#9162 = CARTESIAN_POINT('',(5.,273.7,89.175));
#9163 = GEOMETRIC_CURVE_SET('',(#9164));
#9164 = TRIMMED_CURVE('',#9165,(#9169,PARAMETER_VALUE(0.)),(#9170,
    PARAMETER_VALUE(25.4)),.T.,.PARAMETER.);
#9165 = LINE('',#9166,#9167);
#9166 = CARTESIAN_POINT('',(5.,248.3,86.));
#9167 = VECTOR('',#9168,1.);
#9168 = DIRECTION('',(0.,1.,0.));
#9169 = CARTESIAN_POINT('',(5.,248.3,86.));
#9170 = CARTESIAN_POINT('',(5.,273.7,86.));
#9171 = GEOMETRIC_CURVE_SET('',(#9172));
#9172 = TRIMMED_CURVE('',#9173,(#9177,PARAMETER_VALUE(0.)),(#9178,
    PARAMETER_VALUE(3.175)),.T.,.PARAMETER.);
#9173 = LINE('',#9174,#9175);
#9174 = CARTESIAN_POINT('',(23.,248.3,86.));
#9175 = VECTOR('',#9176,1.);
#9176 = DIRECTION('',(0.,0.,1.));
#9177 = CARTESIAN_POINT('',(23.,248.3,86.));
#9178 = CARTESIAN_POINT('',(23.,248.3,89.175));
#9179 = GEOMETRIC_CURVE_SET('',(#9180));
#9180 = TRIMMED_CURVE('',#9181,(#9185,PARAMETER_VALUE(0.)),(#9186,
    PARAMETER_VALUE(25.4)),.T.,.PARAMETER.);
#9181 = LINE('',#9182,#9183);
#9182 = CARTESIAN_POINT('',(23.,248.3,89.175));
#9183 = VECTOR('',#9184,1.);
#9184 = DIRECTION('',(0.,1.,0.));
#9185 = CARTESIAN_POINT('',(23.,248.3,89.175));
#9186 = CARTESIAN_POINT('',(23.,273.7,89.175));
#9187 = GEOMETRIC_CURVE_SET('',(#9188));
#9188 = TRIMMED_CURVE('',#9189,(#9193,PARAMETER_VALUE(0.)),(#9194,
    PARAMETER_VALUE(3.175)),.T.,.PARAMETER.);
#9189 = LINE('',#9190,#9191);
#9190 = CARTESIAN_POINT('',(23.,273.7,86.));
#9191 = VECTOR('',#9192,1.);
#9192 = DIRECTION('',(0.,0.,1.));
#9193 = CARTESIAN_POINT('',(23.,273.7,86.));
#9194 = CARTESIAN_POINT('',(23.,273.7,89.175));
#9195 = GEOMETRIC_CURVE_SET('',(#9196));
#9196 = TRIMMED_CURVE('',#9197,(#9201,PARAMETER_VALUE(0.)),(#9202,
    PARAMETER_VALUE(25.4)),.T.,.PARAMETER.);
#9197 = LINE('',#9198,#9199);
#9198 = CARTESIAN_POINT('',(23.,248.3,86.));
#9199 = VECTOR('',#9200,1.);
#9200 = DIRECTION('',(0.,1.,0.));
#9201 = CARTESIAN_POINT('',(23.,248.3,86.));
#9202 = CARTESIAN_POINT('',(23.,273.7,86.));
#9203 = GEOMETRIC_CURVE_SET('',(#9204));
#9204 = TRIMMED_CURVE('',#9205,(#9209,PARAMETER_VALUE(0.)),(#9210,
    PARAMETER_VALUE(18.)),.T.,.PARAMETER.);
#9205 = LINE('',#9206,#9207);
#9206 = CARTESIAN_POINT('',(5.,248.3,86.));
#9207 = VECTOR('',#9208,1.);
#9208 = DIRECTION('',(1.,0.,0.));
#9209 = CARTESIAN_POINT('',(5.,248.3,86.));
#9210 = CARTESIAN_POINT('',(23.,248.3,86.));
#9211 = GEOMETRIC_CURVE_SET('',(#9212));
#9212 = TRIMMED_CURVE('',#9213,(#9217,PARAMETER_VALUE(0.)),(#9218,
    PARAMETER_VALUE(18.)),.T.,.PARAMETER.);
#9213 = LINE('',#9214,#9215);
#9214 = CARTESIAN_POINT('',(5.,248.3,89.175));
#9215 = VECTOR('',#9216,1.);
#9216 = DIRECTION('',(1.,0.,0.));
#9217 = CARTESIAN_POINT('',(5.,248.3,89.175));
#9218 = CARTESIAN_POINT('',(23.,248.3,89.175));
#9219 = GEOMETRIC_CURVE_SET('',(#9220));
#9220 = TRIMMED_CURVE('',#9221,(#9225,PARAMETER_VALUE(0.)),(#9226,
    PARAMETER_VALUE(18.)),.T.,.PARAMETER.);
#9221 = LINE('',#9222,#9223);
#9222 = CARTESIAN_POINT('',(5.,273.7,86.));
#9223 = VECTOR('',#9224,1.);
#9224 = DIRECTION('',(1.,0.,0.));
#9225 = CARTESIAN_POINT('',(5.,273.7,86.));
#9226 = CARTESIAN_POINT('',(23.,273.7,86.));
#9227 = GEOMETRIC_CURVE_SET('',(#9228));
#9228 = TRIMMED_CURVE('',#9229,(#9233,PARAMETER_VALUE(0.)),(#9234,
    PARAMETER_VALUE(18.)),.T.,.PARAMETER.);
#9229 = LINE('',#9230,#9231);
#9230 = CARTESIAN_POINT('',(5.,273.7,89.175));
#9231 = VECTOR('',#9232,1.);
#9232 = DIRECTION('',(1.,0.,0.));
#9233 = CARTESIAN_POINT('',(5.,273.7,89.175));
#9234 = CARTESIAN_POINT('',(23.,273.7,89.175));
#9235 = GEOMETRIC_CURVE_SET('',(#9236));
#9236 = TRIMMED_CURVE('',#9237,(#9241,PARAMETER_VALUE(0.)),(#9242,
    PARAMETER_VALUE(3.175)),.T.,.PARAMETER.);
#9237 = LINE('',#9238,#9239);
#9238 = CARTESIAN_POINT('',(5.,248.3,120.925));
#9239 = VECTOR('',#9240,1.);
#9240 = DIRECTION('',(0.,0.,1.));
#9241 = CARTESIAN_POINT('',(5.,248.3,120.925));
#9242 = CARTESIAN_POINT('',(5.,248.3,124.1));
#9243 = GEOMETRIC_CURVE_SET('',(#9244));
#9244 = TRIMMED_CURVE('',#9245,(#9249,PARAMETER_VALUE(0.)),(#9250,
    PARAMETER_VALUE(25.4)),.T.,.PARAMETER.);
#9245 = LINE('',#9246,#9247);
#9246 = CARTESIAN_POINT('',(5.,248.3,124.1));
#9247 = VECTOR('',#9248,1.);
#9248 = DIRECTION('',(0.,1.,0.));
#9249 = CARTESIAN_POINT('',(5.,248.3,124.1));
#9250 = CARTESIAN_POINT('',(5.,273.7,124.1));
#9251 = GEOMETRIC_CURVE_SET('',(#9252));
#9252 = TRIMMED_CURVE('',#9253,(#9257,PARAMETER_VALUE(0.)),(#9258,
    PARAMETER_VALUE(3.175)),.T.,.PARAMETER.);
#9253 = LINE('',#9254,#9255);
#9254 = CARTESIAN_POINT('',(5.,273.7,120.925));
#9255 = VECTOR('',#9256,1.);
#9256 = DIRECTION('',(0.,0.,1.));
#9257 = CARTESIAN_POINT('',(5.,273.7,120.925));
#9258 = CARTESIAN_POINT('',(5.,273.7,124.1));
#9259 = GEOMETRIC_CURVE_SET('',(#9260));
#9260 = TRIMMED_CURVE('',#9261,(#9265,PARAMETER_VALUE(0.)),(#9266,
    PARAMETER_VALUE(25.4)),.T.,.PARAMETER.);
#9261 = LINE('',#9262,#9263);
#9262 = CARTESIAN_POINT('',(5.,248.3,120.925));
#9263 = VECTOR('',#9264,1.);
#9264 = DIRECTION('',(0.,1.,0.));
#9265 = CARTESIAN_POINT('',(5.,248.3,120.925));
#9266 = CARTESIAN_POINT('',(5.,273.7,120.925));
#9267 = GEOMETRIC_CURVE_SET('',(#9268));
#9268 = TRIMMED_CURVE('',#9269,(#9273,PARAMETER_VALUE(0.)),(#9274,
    PARAMETER_VALUE(3.175)),.T.,.PARAMETER.);
#9269 = LINE('',#9270,#9271);
#9270 = CARTESIAN_POINT('',(23.,248.3,120.925));
#9271 = VECTOR('',#9272,1.);
#9272 = DIRECTION('',(0.,0.,1.));
#9273 = CARTESIAN_POINT('',(23.,248.3,120.925));
#9274 = CARTESIAN_POINT('',(23.,248.3,124.1));
#9275 = GEOMETRIC_CURVE_SET('',(#9276));
#9276 = TRIMMED_CURVE('',#9277,(#9281,PARAMETER_VALUE(0.)),(#9282,
    PARAMETER_VALUE(25.4)),.T.,.PARAMETER.);
#9277 = LINE('',#9278,#9279);
#9278 = CARTESIAN_POINT('',(23.,248.3,124.1));
#9279 = VECTOR('',#9280,1.);
#9280 = DIRECTION('',(0.,1.,0.));
#9281 = CARTESIAN_POINT('',(23.,248.3,124.1));
#9282 = CARTESIAN_POINT('',(23.,273.7,124.1));
#9283 = GEOMETRIC_CURVE_SET('',(#9284));
#9284 = TRIMMED_CURVE('',#9285,(#9289,PARAMETER_VALUE(0.)),(#9290,
    PARAMETER_VALUE(3.175)),.T.,.PARAMETER.);
#9285 = LINE('',#9286,#9287);
#9286 = CARTESIAN_POINT('',(23.,273.7,120.925));
#9287 = VECTOR('',#9288,1.);
#9288 = DIRECTION('',(0.,0.,1.));
#9289 = CARTESIAN_POINT('',(23.,273.7,120.925));
#9290 = CARTESIAN_POINT('',(23.,273.7,124.1));
#9291 = GEOMETRIC_CURVE_SET('',(#9292));
#9292 = TRIMMED_CURVE('',#9293,(#9297,PARAMETER_VALUE(0.)),(#9298,
    PARAMETER_VALUE(25.4)),.T.,.PARAMETER.);
#9293 = LINE('',#9294,#9295);
#9294 = CARTESIAN_POINT('',(23.,248.3,120.925));
#9295 = VECTOR('',#9296,1.);
#9296 = DIRECTION('',(0.,1.,0.));
#9297 = CARTESIAN_POINT('',(23.,248.3,120.925));
#9298 = CARTESIAN_POINT('',(23.,273.7,120.925));
#9299 = GEOMETRIC_CURVE_SET('',(#9300));
#9300 = TRIMMED_CURVE('',#9301,(#9305,PARAMETER_VALUE(0.)),(#9306,
    PARAMETER_VALUE(18.)),.T.,.PARAMETER.);
#9301 = LINE('',#9302,#9303);
#9302 = CARTESIAN_POINT('',(5.,248.3,120.925));
#9303 = VECTOR('',#9304,1.);
#9304 = DIRECTION('',(1.,0.,0.));
#9305 = CARTESIAN_POINT('',(5.,248.3,120.925));
#9306 = CARTESIAN_POINT('',(23.,248.3,120.925));
#9307 = GEOMETRIC_CURVE_SET('',(#9308));
#9308 = TRIMMED_CURVE('',#9309,(#9313,PARAMETER_VALUE(0.)),(#9314,
    PARAMETER_VALUE(18.)),.T.,.PARAMETER.);
#9309 = LINE('',#9310,#9311);
#9310 = CARTESIAN_POINT('',(5.,248.3,124.1));
#9311 = VECTOR('',#9312,1.);
#9312 = DIRECTION('',(1.,0.,0.));
#9313 = CARTESIAN_POINT('',(5.,248.3,124.1));
#9314 = CARTESIAN_POINT('',(23.,248.3,124.1));
#9315 = GEOMETRIC_CURVE_SET('',(#9316));
#9316 = TRIMMED_CURVE('',#9317,(#9321,PARAMETER_VALUE(0.)),(#9322,
    PARAMETER_VALUE(18.)),.T.,.PARAMETER.);
#9317 = LINE('',#9318,#9319);
#9318 = CARTESIAN_POINT('',(5.,273.7,120.925));
#9319 = VECTOR('',#9320,1.);
#9320 = DIRECTION('',(1.,0.,0.));
#9321 = CARTESIAN_POINT('',(5.,273.7,120.925));
#9322 = CARTESIAN_POINT('',(23.,273.7,120.925));
#9323 = GEOMETRIC_CURVE_SET('',(#9324));
#9324 = TRIMMED_CURVE('',#9325,(#9329,PARAMETER_VALUE(0.)),(#9330,
    PARAMETER_VALUE(18.)),.T.,.PARAMETER.);
#9325 = LINE('',#9326,#9327);
#9326 = CARTESIAN_POINT('',(5.,273.7,124.1));
#9327 = VECTOR('',#9328,1.);
#9328 = DIRECTION('',(1.,0.,0.));
#9329 = CARTESIAN_POINT('',(5.,273.7,124.1));
#9330 = CARTESIAN_POINT('',(23.,273.7,124.1));
#9331 = GEOMETRIC_CURVE_SET('',(#9332));
#9332 = TRIMMED_CURVE('',#9333,(#9337,PARAMETER_VALUE(0.)),(#9338,
    PARAMETER_VALUE(31.75)),.T.,.PARAMETER.);
#9333 = LINE('',#9334,#9335);
#9334 = CARTESIAN_POINT('',(5.,248.3,89.175));
#9335 = VECTOR('',#9336,1.);
#9336 = DIRECTION('',(0.,0.,1.));
#9337 = CARTESIAN_POINT('',(5.,248.3,89.175));
#9338 = CARTESIAN_POINT('',(5.,248.3,120.925));
#9339 = GEOMETRIC_CURVE_SET('',(#9340));
#9340 = TRIMMED_CURVE('',#9341,(#9345,PARAMETER_VALUE(0.)),(#9346,
    PARAMETER_VALUE(3.175)),.T.,.PARAMETER.);
#9341 = LINE('',#9342,#9343);
#9342 = CARTESIAN_POINT('',(5.,248.3,120.925));
#9343 = VECTOR('',#9344,1.);
#9344 = DIRECTION('',(0.,1.,0.));
#9345 = CARTESIAN_POINT('',(5.,248.3,120.925));
#9346 = CARTESIAN_POINT('',(5.,251.475,120.925));
#9347 = GEOMETRIC_CURVE_SET('',(#9348));
#9348 = TRIMMED_CURVE('',#9349,(#9353,PARAMETER_VALUE(0.)),(#9354,
    PARAMETER_VALUE(31.75)),.T.,.PARAMETER.);
#9349 = LINE('',#9350,#9351);
#9350 = CARTESIAN_POINT('',(5.,251.475,89.175));
#9351 = VECTOR('',#9352,1.);
#9352 = DIRECTION('',(0.,0.,1.));
#9353 = CARTESIAN_POINT('',(5.,251.475,89.175));
#9354 = CARTESIAN_POINT('',(5.,251.475,120.925));
#9355 = GEOMETRIC_CURVE_SET('',(#9356));
#9356 = TRIMMED_CURVE('',#9357,(#9361,PARAMETER_VALUE(0.)),(#9362,
    PARAMETER_VALUE(3.175)),.T.,.PARAMETER.);
#9357 = LINE('',#9358,#9359);
#9358 = CARTESIAN_POINT('',(5.,248.3,89.175));
#9359 = VECTOR('',#9360,1.);
#9360 = DIRECTION('',(0.,1.,0.));
#9361 = CARTESIAN_POINT('',(5.,248.3,89.175));
#9362 = CARTESIAN_POINT('',(5.,251.475,89.175));
#9363 = GEOMETRIC_CURVE_SET('',(#9364));
#9364 = TRIMMED_CURVE('',#9365,(#9369,PARAMETER_VALUE(0.)),(#9370,
    PARAMETER_VALUE(31.75)),.T.,.PARAMETER.);
#9365 = LINE('',#9366,#9367);
#9366 = CARTESIAN_POINT('',(23.,248.3,89.175));
#9367 = VECTOR('',#9368,1.);
#9368 = DIRECTION('',(0.,0.,1.));
#9369 = CARTESIAN_POINT('',(23.,248.3,89.175));
#9370 = CARTESIAN_POINT('',(23.,248.3,120.925));
#9371 = GEOMETRIC_CURVE_SET('',(#9372));
#9372 = TRIMMED_CURVE('',#9373,(#9377,PARAMETER_VALUE(0.)),(#9378,
    PARAMETER_VALUE(3.175)),.T.,.PARAMETER.);
#9373 = LINE('',#9374,#9375);
#9374 = CARTESIAN_POINT('',(23.,248.3,120.925));
#9375 = VECTOR('',#9376,1.);
#9376 = DIRECTION('',(0.,1.,0.));
#9377 = CARTESIAN_POINT('',(23.,248.3,120.925));
#9378 = CARTESIAN_POINT('',(23.,251.475,120.925));
#9379 = GEOMETRIC_CURVE_SET('',(#9380));
#9380 = TRIMMED_CURVE('',#9381,(#9385,PARAMETER_VALUE(0.)),(#9386,
    PARAMETER_VALUE(31.75)),.T.,.PARAMETER.);
#9381 = LINE('',#9382,#9383);
#9382 = CARTESIAN_POINT('',(23.,251.475,89.175));
#9383 = VECTOR('',#9384,1.);
#9384 = DIRECTION('',(0.,0.,1.));
#9385 = CARTESIAN_POINT('',(23.,251.475,89.175));
#9386 = CARTESIAN_POINT('',(23.,251.475,120.925));
#9387 = GEOMETRIC_CURVE_SET('',(#9388));
#9388 = TRIMMED_CURVE('',#9389,(#9393,PARAMETER_VALUE(0.)),(#9394,
    PARAMETER_VALUE(3.175)),.T.,.PARAMETER.);
#9389 = LINE('',#9390,#9391);
#9390 = CARTESIAN_POINT('',(23.,248.3,89.175));
#9391 = VECTOR('',#9392,1.);
#9392 = DIRECTION('',(0.,1.,0.));
#9393 = CARTESIAN_POINT('',(23.,248.3,89.175));
#9394 = CARTESIAN_POINT('',(23.,251.475,89.175));
#9395 = GEOMETRIC_CURVE_SET('',(#9396));
#9396 = TRIMMED_CURVE('',#9397,(#9401,PARAMETER_VALUE(0.)),(#9402,
    PARAMETER_VALUE(18.)),.T.,.PARAMETER.);
#9397 = LINE('',#9398,#9399);
#9398 = CARTESIAN_POINT('',(5.,248.3,89.175));
#9399 = VECTOR('',#9400,1.);
#9400 = DIRECTION('',(1.,0.,0.));
#9401 = CARTESIAN_POINT('',(5.,248.3,89.175));
#9402 = CARTESIAN_POINT('',(23.,248.3,89.175));
#9403 = GEOMETRIC_CURVE_SET('',(#9404));
#9404 = TRIMMED_CURVE('',#9405,(#9409,PARAMETER_VALUE(0.)),(#9410,
    PARAMETER_VALUE(18.)),.T.,.PARAMETER.);
#9405 = LINE('',#9406,#9407);
#9406 = CARTESIAN_POINT('',(5.,248.3,120.925));
#9407 = VECTOR('',#9408,1.);
#9408 = DIRECTION('',(1.,0.,0.));
#9409 = CARTESIAN_POINT('',(5.,248.3,120.925));
#9410 = CARTESIAN_POINT('',(23.,248.3,120.925));
#9411 = GEOMETRIC_CURVE_SET('',(#9412));
#9412 = TRIMMED_CURVE('',#9413,(#9417,PARAMETER_VALUE(0.)),(#9418,
    PARAMETER_VALUE(18.)),.T.,.PARAMETER.);
#9413 = LINE('',#9414,#9415);
#9414 = CARTESIAN_POINT('',(5.,251.475,89.175));
#9415 = VECTOR('',#9416,1.);
#9416 = DIRECTION('',(1.,0.,0.));
#9417 = CARTESIAN_POINT('',(5.,251.475,89.175));
#9418 = CARTESIAN_POINT('',(23.,251.475,89.175));
#9419 = GEOMETRIC_CURVE_SET('',(#9420));
#9420 = TRIMMED_CURVE('',#9421,(#9425,PARAMETER_VALUE(0.)),(#9426,
    PARAMETER_VALUE(18.)),.T.,.PARAMETER.);
#9421 = LINE('',#9422,#9423);
#9422 = CARTESIAN_POINT('',(5.,251.475,120.925));
#9423 = VECTOR('',#9424,1.);
#9424 = DIRECTION('',(1.,0.,0.));
#9425 = CARTESIAN_POINT('',(5.,251.475,120.925));
#9426 = CARTESIAN_POINT('',(23.,251.475,120.925));
#9427 = GEOMETRIC_CURVE_SET('',(#9428));
#9428 = TRIMMED_CURVE('',#9429,(#9433,PARAMETER_VALUE(0.)),(#9434,
    PARAMETER_VALUE(31.75)),.T.,.PARAMETER.);
#9429 = LINE('',#9430,#9431);
#9430 = CARTESIAN_POINT('',(5.,270.525,89.175));
#9431 = VECTOR('',#9432,1.);
#9432 = DIRECTION('',(0.,0.,1.));
#9433 = CARTESIAN_POINT('',(5.,270.525,89.175));
#9434 = CARTESIAN_POINT('',(5.,270.525,120.925));
#9435 = GEOMETRIC_CURVE_SET('',(#9436));
#9436 = TRIMMED_CURVE('',#9437,(#9441,PARAMETER_VALUE(0.)),(#9442,
    PARAMETER_VALUE(3.175)),.T.,.PARAMETER.);
#9437 = LINE('',#9438,#9439);
#9438 = CARTESIAN_POINT('',(5.,270.525,120.925));
#9439 = VECTOR('',#9440,1.);
#9440 = DIRECTION('',(0.,1.,0.));
#9441 = CARTESIAN_POINT('',(5.,270.525,120.925));
#9442 = CARTESIAN_POINT('',(5.,273.7,120.925));
#9443 = GEOMETRIC_CURVE_SET('',(#9444));
#9444 = TRIMMED_CURVE('',#9445,(#9449,PARAMETER_VALUE(0.)),(#9450,
    PARAMETER_VALUE(31.75)),.T.,.PARAMETER.);
#9445 = LINE('',#9446,#9447);
#9446 = CARTESIAN_POINT('',(5.,273.7,89.175));
#9447 = VECTOR('',#9448,1.);
#9448 = DIRECTION('',(0.,0.,1.));
#9449 = CARTESIAN_POINT('',(5.,273.7,89.175));
#9450 = CARTESIAN_POINT('',(5.,273.7,120.925));
#9451 = GEOMETRIC_CURVE_SET('',(#9452));
#9452 = TRIMMED_CURVE('',#9453,(#9457,PARAMETER_VALUE(0.)),(#9458,
    PARAMETER_VALUE(3.175)),.T.,.PARAMETER.);
#9453 = LINE('',#9454,#9455);
#9454 = CARTESIAN_POINT('',(5.,270.525,89.175));
#9455 = VECTOR('',#9456,1.);
#9456 = DIRECTION('',(0.,1.,0.));
#9457 = CARTESIAN_POINT('',(5.,270.525,89.175));
#9458 = CARTESIAN_POINT('',(5.,273.7,89.175));
#9459 = GEOMETRIC_CURVE_SET('',(#9460));
#9460 = TRIMMED_CURVE('',#9461,(#9465,PARAMETER_VALUE(0.)),(#9466,
    PARAMETER_VALUE(31.75)),.T.,.PARAMETER.);
#9461 = LINE('',#9462,#9463);
#9462 = CARTESIAN_POINT('',(23.,270.525,89.175));
#9463 = VECTOR('',#9464,1.);
#9464 = DIRECTION('',(0.,0.,1.));
#9465 = CARTESIAN_POINT('',(23.,270.525,89.175));
#9466 = CARTESIAN_POINT('',(23.,270.525,120.925));
#9467 = GEOMETRIC_CURVE_SET('',(#9468));
#9468 = TRIMMED_CURVE('',#9469,(#9473,PARAMETER_VALUE(0.)),(#9474,
    PARAMETER_VALUE(3.175)),.T.,.PARAMETER.);
#9469 = LINE('',#9470,#9471);
#9470 = CARTESIAN_POINT('',(23.,270.525,120.925));
#9471 = VECTOR('',#9472,1.);
#9472 = DIRECTION('',(0.,1.,0.));
#9473 = CARTESIAN_POINT('',(23.,270.525,120.925));
#9474 = CARTESIAN_POINT('',(23.,273.7,120.925));
#9475 = GEOMETRIC_CURVE_SET('',(#9476));
#9476 = TRIMMED_CURVE('',#9477,(#9481,PARAMETER_VALUE(0.)),(#9482,
    PARAMETER_VALUE(31.75)),.T.,.PARAMETER.);
#9477 = LINE('',#9478,#9479);
#9478 = CARTESIAN_POINT('',(23.,273.7,89.175));
#9479 = VECTOR('',#9480,1.);
#9480 = DIRECTION('',(0.,0.,1.));
#9481 = CARTESIAN_POINT('',(23.,273.7,89.175));
#9482 = CARTESIAN_POINT('',(23.,273.7,120.925));
#9483 = GEOMETRIC_CURVE_SET('',(#9484));
#9484 = TRIMMED_CURVE('',#9485,(#9489,PARAMETER_VALUE(0.)),(#9490,
    PARAMETER_VALUE(3.175)),.T.,.PARAMETER.);
#9485 = LINE('',#9486,#9487);
#9486 = CARTESIAN_POINT('',(23.,270.525,89.175));
#9487 = VECTOR('',#9488,1.);
#9488 = DIRECTION('',(0.,1.,0.));
#9489 = CARTESIAN_POINT('',(23.,270.525,89.175));
#9490 = CARTESIAN_POINT('',(23.,273.7,89.175));
#9491 = GEOMETRIC_CURVE_SET('',(#9492));
#9492 = TRIMMED_CURVE('',#9493,(#9497,PARAMETER_VALUE(0.)),(#9498,
    PARAMETER_VALUE(18.)),.T.,.PARAMETER.);
#9493 = LINE('',#9494,#9495);
#9494 = CARTESIAN_POINT('',(5.,270.525,89.175));
#9495 = VECTOR('',#9496,1.);
#9496 = DIRECTION('',(1.,0.,0.));
#9497 = CARTESIAN_POINT('',(5.,270.525,89.175));
#9498 = CARTESIAN_POINT('',(23.,270.525,89.175));
#9499 = GEOMETRIC_CURVE_SET('',(#9500));
#9500 = TRIMMED_CURVE('',#9501,(#9505,PARAMETER_VALUE(0.)),(#9506,
    PARAMETER_VALUE(18.)),.T.,.PARAMETER.);
#9501 = LINE('',#9502,#9503);
#9502 = CARTESIAN_POINT('',(5.,270.525,120.925));
#9503 = VECTOR('',#9504,1.);
#9504 = DIRECTION('',(1.,0.,0.));
#9505 = CARTESIAN_POINT('',(5.,270.525,120.925));
#9506 = CARTESIAN_POINT('',(23.,270.525,120.925));
#9507 = GEOMETRIC_CURVE_SET('',(#9508));
#9508 = TRIMMED_CURVE('',#9509,(#9513,PARAMETER_VALUE(0.)),(#9514,
    PARAMETER_VALUE(18.)),.T.,.PARAMETER.);
#9509 = LINE('',#9510,#9511);
#9510 = CARTESIAN_POINT('',(5.,273.7,89.175));
#9511 = VECTOR('',#9512,1.);
#9512 = DIRECTION('',(1.,0.,0.));
#9513 = CARTESIAN_POINT('',(5.,273.7,89.175));
#9514 = CARTESIAN_POINT('',(23.,273.7,89.175));
#9515 = GEOMETRIC_CURVE_SET('',(#9516));
#9516 = TRIMMED_CURVE('',#9517,(#9521,PARAMETER_VALUE(0.)),(#9522,
    PARAMETER_VALUE(18.)),.T.,.PARAMETER.);
#9517 = LINE('',#9518,#9519);
#9518 = CARTESIAN_POINT('',(5.,273.7,120.925));
#9519 = VECTOR('',#9520,1.);
#9520 = DIRECTION('',(1.,0.,0.));
#9521 = CARTESIAN_POINT('',(5.,273.7,120.925));
#9522 = CARTESIAN_POINT('',(23.,273.7,120.925));
#9523 = GEOMETRIC_CURVE_SET('',(#9524));
#9524 = TRIMMED_CURVE('',#9525,(#9529,PARAMETER_VALUE(0.)),(#9530,
    PARAMETER_VALUE(2.)),.T.,.PARAMETER.);
#9525 = LINE('',#9526,#9527);
#9526 = CARTESIAN_POINT('',(5.,255.,89.175));
#9527 = VECTOR('',#9528,1.);
#9528 = DIRECTION('',(0.,0.,1.));
#9529 = CARTESIAN_POINT('',(5.,255.,89.175));
#9530 = CARTESIAN_POINT('',(5.,255.,91.175));
#9531 = GEOMETRIC_CURVE_SET('',(#9532));
#9532 = TRIMMED_CURVE('',#9533,(#9537,PARAMETER_VALUE(0.)),(#9538,
    PARAMETER_VALUE(12.)),.T.,.PARAMETER.);
#9533 = LINE('',#9534,#9535);
#9534 = CARTESIAN_POINT('',(5.,255.,91.175));
#9535 = VECTOR('',#9536,1.);
#9536 = DIRECTION('',(0.,1.,0.));
#9537 = CARTESIAN_POINT('',(5.,255.,91.175));
#9538 = CARTESIAN_POINT('',(5.,267.,91.175));
#9539 = GEOMETRIC_CURVE_SET('',(#9540));
#9540 = TRIMMED_CURVE('',#9541,(#9545,PARAMETER_VALUE(0.)),(#9546,
    PARAMETER_VALUE(2.)),.T.,.PARAMETER.);
#9541 = LINE('',#9542,#9543);
#9542 = CARTESIAN_POINT('',(5.,267.,89.175));
#9543 = VECTOR('',#9544,1.);
#9544 = DIRECTION('',(0.,0.,1.));
#9545 = CARTESIAN_POINT('',(5.,267.,89.175));
#9546 = CARTESIAN_POINT('',(5.,267.,91.175));
#9547 = GEOMETRIC_CURVE_SET('',(#9548));
#9548 = TRIMMED_CURVE('',#9549,(#9553,PARAMETER_VALUE(0.)),(#9554,
    PARAMETER_VALUE(12.)),.T.,.PARAMETER.);
#9549 = LINE('',#9550,#9551);
#9550 = CARTESIAN_POINT('',(5.,255.,89.175));
#9551 = VECTOR('',#9552,1.);
#9552 = DIRECTION('',(0.,1.,0.));
#9553 = CARTESIAN_POINT('',(5.,255.,89.175));
#9554 = CARTESIAN_POINT('',(5.,267.,89.175));
#9555 = GEOMETRIC_CURVE_SET('',(#9556));
#9556 = TRIMMED_CURVE('',#9557,(#9561,PARAMETER_VALUE(0.)),(#9562,
    PARAMETER_VALUE(2.)),.T.,.PARAMETER.);
#9557 = LINE('',#9558,#9559);
#9558 = CARTESIAN_POINT('',(23.,255.,89.175));
#9559 = VECTOR('',#9560,1.);
#9560 = DIRECTION('',(0.,0.,1.));
#9561 = CARTESIAN_POINT('',(23.,255.,89.175));
#9562 = CARTESIAN_POINT('',(23.,255.,91.175));
#9563 = GEOMETRIC_CURVE_SET('',(#9564));
#9564 = TRIMMED_CURVE('',#9565,(#9569,PARAMETER_VALUE(0.)),(#9570,
    PARAMETER_VALUE(12.)),.T.,.PARAMETER.);
#9565 = LINE('',#9566,#9567);
#9566 = CARTESIAN_POINT('',(23.,255.,91.175));
#9567 = VECTOR('',#9568,1.);
#9568 = DIRECTION('',(0.,1.,0.));
#9569 = CARTESIAN_POINT('',(23.,255.,91.175));
#9570 = CARTESIAN_POINT('',(23.,267.,91.175));
#9571 = GEOMETRIC_CURVE_SET('',(#9572));
#9572 = TRIMMED_CURVE('',#9573,(#9577,PARAMETER_VALUE(0.)),(#9578,
    PARAMETER_VALUE(2.)),.T.,.PARAMETER.);
#9573 = LINE('',#9574,#9575);
#9574 = CARTESIAN_POINT('',(23.,267.,89.175));
#9575 = VECTOR('',#9576,1.);
#9576 = DIRECTION('',(0.,0.,1.));
#9577 = CARTESIAN_POINT('',(23.,267.,89.175));
#9578 = CARTESIAN_POINT('',(23.,267.,91.175));
#9579 = GEOMETRIC_CURVE_SET('',(#9580));
#9580 = TRIMMED_CURVE('',#9581,(#9585,PARAMETER_VALUE(0.)),(#9586,
    PARAMETER_VALUE(12.)),.T.,.PARAMETER.);
#9581 = LINE('',#9582,#9583);
#9582 = CARTESIAN_POINT('',(23.,255.,89.175));
#9583 = VECTOR('',#9584,1.);
#9584 = DIRECTION('',(0.,1.,0.));
#9585 = CARTESIAN_POINT('',(23.,255.,89.175));
#9586 = CARTESIAN_POINT('',(23.,267.,89.175));
#9587 = GEOMETRIC_CURVE_SET('',(#9588));
#9588 = TRIMMED_CURVE('',#9589,(#9593,PARAMETER_VALUE(0.)),(#9594,
    PARAMETER_VALUE(18.)),.T.,.PARAMETER.);
#9589 = LINE('',#9590,#9591);
#9590 = CARTESIAN_POINT('',(5.,255.,89.175));
#9591 = VECTOR('',#9592,1.);
#9592 = DIRECTION('',(1.,0.,0.));
#9593 = CARTESIAN_POINT('',(5.,255.,89.175));
#9594 = CARTESIAN_POINT('',(23.,255.,89.175));
#9595 = GEOMETRIC_CURVE_SET('',(#9596));
#9596 = TRIMMED_CURVE('',#9597,(#9601,PARAMETER_VALUE(0.)),(#9602,
    PARAMETER_VALUE(18.)),.T.,.PARAMETER.);
#9597 = LINE('',#9598,#9599);
#9598 = CARTESIAN_POINT('',(5.,255.,91.175));
#9599 = VECTOR('',#9600,1.);
#9600 = DIRECTION('',(1.,0.,0.));
#9601 = CARTESIAN_POINT('',(5.,255.,91.175));
#9602 = CARTESIAN_POINT('',(23.,255.,91.175));
#9603 = GEOMETRIC_CURVE_SET('',(#9604));
#9604 = TRIMMED_CURVE('',#9605,(#9609,PARAMETER_VALUE(0.)),(#9610,
    PARAMETER_VALUE(18.)),.T.,.PARAMETER.);
#9605 = LINE('',#9606,#9607);
#9606 = CARTESIAN_POINT('',(5.,267.,89.175));
#9607 = VECTOR('',#9608,1.);
#9608 = DIRECTION('',(1.,0.,0.));
#9609 = CARTESIAN_POINT('',(5.,267.,89.175));
#9610 = CARTESIAN_POINT('',(23.,267.,89.175));
#9611 = GEOMETRIC_CURVE_SET('',(#9612));
#9612 = TRIMMED_CURVE('',#9613,(#9617,PARAMETER_VALUE(0.)),(#9618,
    PARAMETER_VALUE(18.)),.T.,.PARAMETER.);
#9613 = LINE('',#9614,#9615);
#9614 = CARTESIAN_POINT('',(5.,267.,91.175));
#9615 = VECTOR('',#9616,1.);
#9616 = DIRECTION('',(1.,0.,0.));
#9617 = CARTESIAN_POINT('',(5.,267.,91.175));
#9618 = CARTESIAN_POINT('',(23.,267.,91.175));
#9619 = GEOMETRIC_CURVE_SET('',(#9620));
#9620 = TRIMMED_CURVE('',#9621,(#9625,PARAMETER_VALUE(0.)),(#9626,
    PARAMETER_VALUE(2.)),.T.,.PARAMETER.);
#9621 = LINE('',#9622,#9623);
#9622 = CARTESIAN_POINT('',(5.,255.,118.925));
#9623 = VECTOR('',#9624,1.);
#9624 = DIRECTION('',(0.,0.,1.));
#9625 = CARTESIAN_POINT('',(5.,255.,118.925));
#9626 = CARTESIAN_POINT('',(5.,255.,120.925));
#9627 = GEOMETRIC_CURVE_SET('',(#9628));
#9628 = TRIMMED_CURVE('',#9629,(#9633,PARAMETER_VALUE(0.)),(#9634,
    PARAMETER_VALUE(12.)),.T.,.PARAMETER.);
#9629 = LINE('',#9630,#9631);
#9630 = CARTESIAN_POINT('',(5.,255.,120.925));
#9631 = VECTOR('',#9632,1.);
#9632 = DIRECTION('',(0.,1.,0.));
#9633 = CARTESIAN_POINT('',(5.,255.,120.925));
#9634 = CARTESIAN_POINT('',(5.,267.,120.925));
#9635 = GEOMETRIC_CURVE_SET('',(#9636));
#9636 = TRIMMED_CURVE('',#9637,(#9641,PARAMETER_VALUE(0.)),(#9642,
    PARAMETER_VALUE(2.)),.T.,.PARAMETER.);
#9637 = LINE('',#9638,#9639);
#9638 = CARTESIAN_POINT('',(5.,267.,118.925));
#9639 = VECTOR('',#9640,1.);
#9640 = DIRECTION('',(0.,0.,1.));
#9641 = CARTESIAN_POINT('',(5.,267.,118.925));
#9642 = CARTESIAN_POINT('',(5.,267.,120.925));
#9643 = GEOMETRIC_CURVE_SET('',(#9644));
#9644 = TRIMMED_CURVE('',#9645,(#9649,PARAMETER_VALUE(0.)),(#9650,
    PARAMETER_VALUE(12.)),.T.,.PARAMETER.);
#9645 = LINE('',#9646,#9647);
#9646 = CARTESIAN_POINT('',(5.,255.,118.925));
#9647 = VECTOR('',#9648,1.);
#9648 = DIRECTION('',(0.,1.,0.));
#9649 = CARTESIAN_POINT('',(5.,255.,118.925));
#9650 = CARTESIAN_POINT('',(5.,267.,118.925));
#9651 = GEOMETRIC_CURVE_SET('',(#9652));
#9652 = TRIMMED_CURVE('',#9653,(#9657,PARAMETER_VALUE(0.)),(#9658,
    PARAMETER_VALUE(2.)),.T.,.PARAMETER.);
#9653 = LINE('',#9654,#9655);
#9654 = CARTESIAN_POINT('',(23.,255.,118.925));
#9655 = VECTOR('',#9656,1.);
#9656 = DIRECTION('',(0.,0.,1.));
#9657 = CARTESIAN_POINT('',(23.,255.,118.925));
#9658 = CARTESIAN_POINT('',(23.,255.,120.925));
#9659 = GEOMETRIC_CURVE_SET('',(#9660));
#9660 = TRIMMED_CURVE('',#9661,(#9665,PARAMETER_VALUE(0.)),(#9666,
    PARAMETER_VALUE(12.)),.T.,.PARAMETER.);
#9661 = LINE('',#9662,#9663);
#9662 = CARTESIAN_POINT('',(23.,255.,120.925));
#9663 = VECTOR('',#9664,1.);
#9664 = DIRECTION('',(0.,1.,0.));
#9665 = CARTESIAN_POINT('',(23.,255.,120.925));
#9666 = CARTESIAN_POINT('',(23.,267.,120.925));
#9667 = GEOMETRIC_CURVE_SET('',(#9668));
#9668 = TRIMMED_CURVE('',#9669,(#9673,PARAMETER_VALUE(0.)),(#9674,
    PARAMETER_VALUE(2.)),.T.,.PARAMETER.);
#9669 = LINE('',#9670,#9671);
#9670 = CARTESIAN_POINT('',(23.,267.,118.925));
#9671 = VECTOR('',#9672,1.);
#9672 = DIRECTION('',(0.,0.,1.));
#9673 = CARTESIAN_POINT('',(23.,267.,118.925));
#9674 = CARTESIAN_POINT('',(23.,267.,120.925));
#9675 = GEOMETRIC_CURVE_SET('',(#9676));
#9676 = TRIMMED_CURVE('',#9677,(#9681,PARAMETER_VALUE(0.)),(#9682,
    PARAMETER_VALUE(12.)),.T.,.PARAMETER.);
#9677 = LINE('',#9678,#9679);
#9678 = CARTESIAN_POINT('',(23.,255.,118.925));
#9679 = VECTOR('',#9680,1.);
#9680 = DIRECTION('',(0.,1.,0.));
#9681 = CARTESIAN_POINT('',(23.,255.,118.925));
#9682 = CARTESIAN_POINT('',(23.,267.,118.925));
#9683 = GEOMETRIC_CURVE_SET('',(#9684));
#9684 = TRIMMED_CURVE('',#9685,(#9689,PARAMETER_VALUE(0.)),(#9690,
    PARAMETER_VALUE(18.)),.T.,.PARAMETER.);
#9685 = LINE('',#9686,#9687);
#9686 = CARTESIAN_POINT('',(5.,255.,118.925));
#9687 = VECTOR('',#9688,1.);
#9688 = DIRECTION('',(1.,0.,0.));
#9689 = CARTESIAN_POINT('',(5.,255.,118.925));
#9690 = CARTESIAN_POINT('',(23.,255.,118.925));
#9691 = GEOMETRIC_CURVE_SET('',(#9692));
#9692 = TRIMMED_CURVE('',#9693,(#9697,PARAMETER_VALUE(0.)),(#9698,
    PARAMETER_VALUE(18.)),.T.,.PARAMETER.);
#9693 = LINE('',#9694,#9695);
#9694 = CARTESIAN_POINT('',(5.,255.,120.925));
#9695 = VECTOR('',#9696,1.);
#9696 = DIRECTION('',(1.,0.,0.));
#9697 = CARTESIAN_POINT('',(5.,255.,120.925));
#9698 = CARTESIAN_POINT('',(23.,255.,120.925));
#9699 = GEOMETRIC_CURVE_SET('',(#9700));
#9700 = TRIMMED_CURVE('',#9701,(#9705,PARAMETER_VALUE(0.)),(#9706,
    PARAMETER_VALUE(18.)),.T.,.PARAMETER.);
#9701 = LINE('',#9702,#9703);
#9702 = CARTESIAN_POINT('',(5.,267.,118.925));
#9703 = VECTOR('',#9704,1.);
#9704 = DIRECTION('',(1.,0.,0.));
#9705 = CARTESIAN_POINT('',(5.,267.,118.925));
#9706 = CARTESIAN_POINT('',(23.,267.,118.925));
#9707 = GEOMETRIC_CURVE_SET('',(#9708));
#9708 = TRIMMED_CURVE('',#9709,(#9713,PARAMETER_VALUE(0.)),(#9714,
    PARAMETER_VALUE(18.)),.T.,.PARAMETER.);
#9709 = LINE('',#9710,#9711);
#9710 = CARTESIAN_POINT('',(5.,267.,120.925));
#9711 = VECTOR('',#9712,1.);
#9712 = DIRECTION('',(1.,0.,0.));
#9713 = CARTESIAN_POINT('',(5.,267.,120.925));
#9714 = CARTESIAN_POINT('',(23.,267.,120.925));
#9715 = GEOMETRIC_CURVE_SET('',(#9716));
#9716 = TRIMMED_CURVE('',#9717,(#9721,PARAMETER_VALUE(0.)),(#9722,
    PARAMETER_VALUE(2.)),.T.,.PARAMETER.);
#9717 = LINE('',#9718,#9719);
#9718 = CARTESIAN_POINT('',(8.,252.,91.675));
#9719 = VECTOR('',#9720,1.);
#9720 = DIRECTION('',(0.,0.,1.));
#9721 = CARTESIAN_POINT('',(8.,252.,91.675));
#9722 = CARTESIAN_POINT('',(8.,252.,93.675));
#9723 = GEOMETRIC_CURVE_SET('',(#9724));
#9724 = TRIMMED_CURVE('',#9725,(#9729,PARAMETER_VALUE(0.)),(#9730,
    PARAMETER_VALUE(18.)),.T.,.PARAMETER.);
#9725 = LINE('',#9726,#9727);
#9726 = CARTESIAN_POINT('',(8.,252.,93.675));
#9727 = VECTOR('',#9728,1.);
#9728 = DIRECTION('',(0.,1.,0.));
#9729 = CARTESIAN_POINT('',(8.,252.,93.675));
#9730 = CARTESIAN_POINT('',(8.,270.,93.675));
#9731 = GEOMETRIC_CURVE_SET('',(#9732));
#9732 = TRIMMED_CURVE('',#9733,(#9737,PARAMETER_VALUE(0.)),(#9738,
    PARAMETER_VALUE(2.)),.T.,.PARAMETER.);
#9733 = LINE('',#9734,#9735);
#9734 = CARTESIAN_POINT('',(8.,270.,91.675));
#9735 = VECTOR('',#9736,1.);
#9736 = DIRECTION('',(0.,0.,1.));
#9737 = CARTESIAN_POINT('',(8.,270.,91.675));
#9738 = CARTESIAN_POINT('',(8.,270.,93.675));
#9739 = GEOMETRIC_CURVE_SET('',(#9740));
#9740 = TRIMMED_CURVE('',#9741,(#9745,PARAMETER_VALUE(0.)),(#9746,
    PARAMETER_VALUE(18.)),.T.,.PARAMETER.);
#9741 = LINE('',#9742,#9743);
#9742 = CARTESIAN_POINT('',(8.,252.,91.675));
#9743 = VECTOR('',#9744,1.);
#9744 = DIRECTION('',(0.,1.,0.));
#9745 = CARTESIAN_POINT('',(8.,252.,91.675));
#9746 = CARTESIAN_POINT('',(8.,270.,91.675));
#9747 = GEOMETRIC_CURVE_SET('',(#9748));
#9748 = TRIMMED_CURVE('',#9749,(#9753,PARAMETER_VALUE(0.)),(#9754,
    PARAMETER_VALUE(2.)),.T.,.PARAMETER.);
#9749 = LINE('',#9750,#9751);
#9750 = CARTESIAN_POINT('',(28.,252.,91.675));
#9751 = VECTOR('',#9752,1.);
#9752 = DIRECTION('',(0.,0.,1.));
#9753 = CARTESIAN_POINT('',(28.,252.,91.675));
#9754 = CARTESIAN_POINT('',(28.,252.,93.675));
#9755 = GEOMETRIC_CURVE_SET('',(#9756));
#9756 = TRIMMED_CURVE('',#9757,(#9761,PARAMETER_VALUE(0.)),(#9762,
    PARAMETER_VALUE(18.)),.T.,.PARAMETER.);
#9757 = LINE('',#9758,#9759);
#9758 = CARTESIAN_POINT('',(28.,252.,93.675));
#9759 = VECTOR('',#9760,1.);
#9760 = DIRECTION('',(0.,1.,0.));
#9761 = CARTESIAN_POINT('',(28.,252.,93.675));
#9762 = CARTESIAN_POINT('',(28.,270.,93.675));
#9763 = GEOMETRIC_CURVE_SET('',(#9764));
#9764 = TRIMMED_CURVE('',#9765,(#9769,PARAMETER_VALUE(0.)),(#9770,
    PARAMETER_VALUE(2.)),.T.,.PARAMETER.);
#9765 = LINE('',#9766,#9767);
#9766 = CARTESIAN_POINT('',(28.,270.,91.675));
#9767 = VECTOR('',#9768,1.);
#9768 = DIRECTION('',(0.,0.,1.));
#9769 = CARTESIAN_POINT('',(28.,270.,91.675));
#9770 = CARTESIAN_POINT('',(28.,270.,93.675));
#9771 = GEOMETRIC_CURVE_SET('',(#9772));
#9772 = TRIMMED_CURVE('',#9773,(#9777,PARAMETER_VALUE(0.)),(#9778,
    PARAMETER_VALUE(18.)),.T.,.PARAMETER.);
#9773 = LINE('',#9774,#9775);
#9774 = CARTESIAN_POINT('',(28.,252.,91.675));
#9775 = VECTOR('',#9776,1.);
#9776 = DIRECTION('',(0.,1.,0.));
#9777 = CARTESIAN_POINT('',(28.,252.,91.675));
#9778 = CARTESIAN_POINT('',(28.,270.,91.675));
#9779 = GEOMETRIC_CURVE_SET('',(#9780));
#9780 = TRIMMED_CURVE('',#9781,(#9785,PARAMETER_VALUE(0.)),(#9786,
    PARAMETER_VALUE(20.)),.T.,.PARAMETER.);
#9781 = LINE('',#9782,#9783);
#9782 = CARTESIAN_POINT('',(8.,252.,91.675));
#9783 = VECTOR('',#9784,1.);
#9784 = DIRECTION('',(1.,0.,0.));
#9785 = CARTESIAN_POINT('',(8.,252.,91.675));
#9786 = CARTESIAN_POINT('',(28.,252.,91.675));
#9787 = GEOMETRIC_CURVE_SET('',(#9788));
#9788 = TRIMMED_CURVE('',#9789,(#9793,PARAMETER_VALUE(0.)),(#9794,
    PARAMETER_VALUE(20.)),.T.,.PARAMETER.);
#9789 = LINE('',#9790,#9791);
#9790 = CARTESIAN_POINT('',(8.,252.,93.675));
#9791 = VECTOR('',#9792,1.);
#9792 = DIRECTION('',(1.,0.,0.));
#9793 = CARTESIAN_POINT('',(8.,252.,93.675));
#9794 = CARTESIAN_POINT('',(28.,252.,93.675));
#9795 = GEOMETRIC_CURVE_SET('',(#9796));
#9796 = TRIMMED_CURVE('',#9797,(#9801,PARAMETER_VALUE(0.)),(#9802,
    PARAMETER_VALUE(20.)),.T.,.PARAMETER.);
#9797 = LINE('',#9798,#9799);
#9798 = CARTESIAN_POINT('',(8.,270.,91.675));
#9799 = VECTOR('',#9800,1.);
#9800 = DIRECTION('',(1.,0.,0.));
#9801 = CARTESIAN_POINT('',(8.,270.,91.675));
#9802 = CARTESIAN_POINT('',(28.,270.,91.675));
#9803 = GEOMETRIC_CURVE_SET('',(#9804));
#9804 = TRIMMED_CURVE('',#9805,(#9809,PARAMETER_VALUE(0.)),(#9810,
    PARAMETER_VALUE(20.)),.T.,.PARAMETER.);
#9805 = LINE('',#9806,#9807);
#9806 = CARTESIAN_POINT('',(8.,270.,93.675));
#9807 = VECTOR('',#9808,1.);
#9808 = DIRECTION('',(1.,0.,0.));
#9809 = CARTESIAN_POINT('',(8.,270.,93.675));
#9810 = CARTESIAN_POINT('',(28.,270.,93.675));
#9811 = GEOMETRIC_CURVE_SET('',(#9812));
#9812 = TRIMMED_CURVE('',#9813,(#9817,PARAMETER_VALUE(0.)),(#9818,
    PARAMETER_VALUE(2.)),.T.,.PARAMETER.);
#9813 = LINE('',#9814,#9815);
#9814 = CARTESIAN_POINT('',(8.,252.,116.425));
#9815 = VECTOR('',#9816,1.);
#9816 = DIRECTION('',(0.,0.,1.));
#9817 = CARTESIAN_POINT('',(8.,252.,116.425));
#9818 = CARTESIAN_POINT('',(8.,252.,118.425));
#9819 = GEOMETRIC_CURVE_SET('',(#9820));
#9820 = TRIMMED_CURVE('',#9821,(#9825,PARAMETER_VALUE(0.)),(#9826,
    PARAMETER_VALUE(18.)),.T.,.PARAMETER.);
#9821 = LINE('',#9822,#9823);
#9822 = CARTESIAN_POINT('',(8.,252.,118.425));
#9823 = VECTOR('',#9824,1.);
#9824 = DIRECTION('',(0.,1.,0.));
#9825 = CARTESIAN_POINT('',(8.,252.,118.425));
#9826 = CARTESIAN_POINT('',(8.,270.,118.425));
#9827 = GEOMETRIC_CURVE_SET('',(#9828));
#9828 = TRIMMED_CURVE('',#9829,(#9833,PARAMETER_VALUE(0.)),(#9834,
    PARAMETER_VALUE(2.)),.T.,.PARAMETER.);
#9829 = LINE('',#9830,#9831);
#9830 = CARTESIAN_POINT('',(8.,270.,116.425));
#9831 = VECTOR('',#9832,1.);
#9832 = DIRECTION('',(0.,0.,1.));
#9833 = CARTESIAN_POINT('',(8.,270.,116.425));
#9834 = CARTESIAN_POINT('',(8.,270.,118.425));
#9835 = GEOMETRIC_CURVE_SET('',(#9836));
#9836 = TRIMMED_CURVE('',#9837,(#9841,PARAMETER_VALUE(0.)),(#9842,
    PARAMETER_VALUE(18.)),.T.,.PARAMETER.);
#9837 = LINE('',#9838,#9839);
#9838 = CARTESIAN_POINT('',(8.,252.,116.425));
#9839 = VECTOR('',#9840,1.);
#9840 = DIRECTION('',(0.,1.,0.));
#9841 = CARTESIAN_POINT('',(8.,252.,116.425));
#9842 = CARTESIAN_POINT('',(8.,270.,116.425));
#9843 = GEOMETRIC_CURVE_SET('',(#9844));
#9844 = TRIMMED_CURVE('',#9845,(#9849,PARAMETER_VALUE(0.)),(#9850,
    PARAMETER_VALUE(2.)),.T.,.PARAMETER.);
#9845 = LINE('',#9846,#9847);
#9846 = CARTESIAN_POINT('',(28.,252.,116.425));
#9847 = VECTOR('',#9848,1.);
#9848 = DIRECTION('',(0.,0.,1.));
#9849 = CARTESIAN_POINT('',(28.,252.,116.425));
#9850 = CARTESIAN_POINT('',(28.,252.,118.425));
#9851 = GEOMETRIC_CURVE_SET('',(#9852));
#9852 = TRIMMED_CURVE('',#9853,(#9857,PARAMETER_VALUE(0.)),(#9858,
    PARAMETER_VALUE(18.)),.T.,.PARAMETER.);
#9853 = LINE('',#9854,#9855);
#9854 = CARTESIAN_POINT('',(28.,252.,118.425));
#9855 = VECTOR('',#9856,1.);
#9856 = DIRECTION('',(0.,1.,0.));
#9857 = CARTESIAN_POINT('',(28.,252.,118.425));
#9858 = CARTESIAN_POINT('',(28.,270.,118.425));
#9859 = GEOMETRIC_CURVE_SET('',(#9860));
#9860 = TRIMMED_CURVE('',#9861,(#9865,PARAMETER_VALUE(0.)),(#9866,
    PARAMETER_VALUE(2.)),.T.,.PARAMETER.);
#9861 = LINE('',#9862,#9863);
#9862 = CARTESIAN_POINT('',(28.,270.,116.425));
#9863 = VECTOR('',#9864,1.);
#9864 = DIRECTION('',(0.,0.,1.));
#9865 = CARTESIAN_POINT('',(28.,270.,116.425));
#9866 = CARTESIAN_POINT('',(28.,270.,118.425));
#9867 = GEOMETRIC_CURVE_SET('',(#9868));
#9868 = TRIMMED_CURVE('',#9869,(#9873,PARAMETER_VALUE(0.)),(#9874,
    PARAMETER_VALUE(18.)),.T.,.PARAMETER.);
#9869 = LINE('',#9870,#9871);
#9870 = CARTESIAN_POINT('',(28.,252.,116.425));
#9871 = VECTOR('',#9872,1.);
#9872 = DIRECTION('',(0.,1.,0.));
#9873 = CARTESIAN_POINT('',(28.,252.,116.425));
#9874 = CARTESIAN_POINT('',(28.,270.,116.425));
#9875 = GEOMETRIC_CURVE_SET('',(#9876));
#9876 = TRIMMED_CURVE('',#9877,(#9881,PARAMETER_VALUE(0.)),(#9882,
    PARAMETER_VALUE(20.)),.T.,.PARAMETER.);
#9877 = LINE('',#9878,#9879);
#9878 = CARTESIAN_POINT('',(8.,252.,116.425));
#9879 = VECTOR('',#9880,1.);
#9880 = DIRECTION('',(1.,0.,0.));
#9881 = CARTESIAN_POINT('',(8.,252.,116.425));
#9882 = CARTESIAN_POINT('',(28.,252.,116.425));
#9883 = GEOMETRIC_CURVE_SET('',(#9884));
#9884 = TRIMMED_CURVE('',#9885,(#9889,PARAMETER_VALUE(0.)),(#9890,
    PARAMETER_VALUE(20.)),.T.,.PARAMETER.);
#9885 = LINE('',#9886,#9887);
#9886 = CARTESIAN_POINT('',(8.,252.,118.425));
#9887 = VECTOR('',#9888,1.);
#9888 = DIRECTION('',(1.,0.,0.));
#9889 = CARTESIAN_POINT('',(8.,252.,118.425));
#9890 = CARTESIAN_POINT('',(28.,252.,118.425));
#9891 = GEOMETRIC_CURVE_SET('',(#9892));
#9892 = TRIMMED_CURVE('',#9893,(#9897,PARAMETER_VALUE(0.)),(#9898,
    PARAMETER_VALUE(20.)),.T.,.PARAMETER.);
#9893 = LINE('',#9894,#9895);
#9894 = CARTESIAN_POINT('',(8.,270.,116.425));
#9895 = VECTOR('',#9896,1.);
#9896 = DIRECTION('',(1.,0.,0.));
#9897 = CARTESIAN_POINT('',(8.,270.,116.425));
#9898 = CARTESIAN_POINT('',(28.,270.,116.425));
#9899 = GEOMETRIC_CURVE_SET('',(#9900));
#9900 = TRIMMED_CURVE('',#9901,(#9905,PARAMETER_VALUE(0.)),(#9906,
    PARAMETER_VALUE(20.)),.T.,.PARAMETER.);
#9901 = LINE('',#9902,#9903);
#9902 = CARTESIAN_POINT('',(8.,270.,118.425));
#9903 = VECTOR('',#9904,1.);
#9904 = DIRECTION('',(1.,0.,0.));
#9905 = CARTESIAN_POINT('',(8.,270.,118.425));
#9906 = CARTESIAN_POINT('',(28.,270.,118.425));
#9907 = GEOMETRIC_CURVE_SET('',(#9908));
#9908 = TRIMMED_CURVE('',#9909,(#9913,PARAMETER_VALUE(0.)),(#9914,
    PARAMETER_VALUE(3.175)),.T.,.PARAMETER.);
#9909 = LINE('',#9910,#9911);
#9910 = CARTESIAN_POINT('',(252.,248.3,86.));
#9911 = VECTOR('',#9912,1.);
#9912 = DIRECTION('',(0.,0.,1.));
#9913 = CARTESIAN_POINT('',(252.,248.3,86.));
#9914 = CARTESIAN_POINT('',(252.,248.3,89.175));
#9915 = GEOMETRIC_CURVE_SET('',(#9916));
#9916 = TRIMMED_CURVE('',#9917,(#9921,PARAMETER_VALUE(0.)),(#9922,
    PARAMETER_VALUE(25.4)),.T.,.PARAMETER.);
#9917 = LINE('',#9918,#9919);
#9918 = CARTESIAN_POINT('',(252.,248.3,89.175));
#9919 = VECTOR('',#9920,1.);
#9920 = DIRECTION('',(0.,1.,0.));
#9921 = CARTESIAN_POINT('',(252.,248.3,89.175));
#9922 = CARTESIAN_POINT('',(252.,273.7,89.175));
#9923 = GEOMETRIC_CURVE_SET('',(#9924));
#9924 = TRIMMED_CURVE('',#9925,(#9929,PARAMETER_VALUE(0.)),(#9930,
    PARAMETER_VALUE(3.175)),.T.,.PARAMETER.);
#9925 = LINE('',#9926,#9927);
#9926 = CARTESIAN_POINT('',(252.,273.7,86.));
#9927 = VECTOR('',#9928,1.);
#9928 = DIRECTION('',(0.,0.,1.));
#9929 = CARTESIAN_POINT('',(252.,273.7,86.));
#9930 = CARTESIAN_POINT('',(252.,273.7,89.175));
#9931 = GEOMETRIC_CURVE_SET('',(#9932));
#9932 = TRIMMED_CURVE('',#9933,(#9937,PARAMETER_VALUE(0.)),(#9938,
    PARAMETER_VALUE(25.4)),.T.,.PARAMETER.);
#9933 = LINE('',#9934,#9935);
#9934 = CARTESIAN_POINT('',(252.,248.3,86.));
#9935 = VECTOR('',#9936,1.);
#9936 = DIRECTION('',(0.,1.,0.));
#9937 = CARTESIAN_POINT('',(252.,248.3,86.));
#9938 = CARTESIAN_POINT('',(252.,273.7,86.));
#9939 = GEOMETRIC_CURVE_SET('',(#9940));
#9940 = TRIMMED_CURVE('',#9941,(#9945,PARAMETER_VALUE(0.)),(#9946,
    PARAMETER_VALUE(3.175)),.T.,.PARAMETER.);
#9941 = LINE('',#9942,#9943);
#9942 = CARTESIAN_POINT('',(270.,248.3,86.));
#9943 = VECTOR('',#9944,1.);
#9944 = DIRECTION('',(0.,0.,1.));
#9945 = CARTESIAN_POINT('',(270.,248.3,86.));
#9946 = CARTESIAN_POINT('',(270.,248.3,89.175));
#9947 = GEOMETRIC_CURVE_SET('',(#9948));
#9948 = TRIMMED_CURVE('',#9949,(#9953,PARAMETER_VALUE(0.)),(#9954,
    PARAMETER_VALUE(25.4)),.T.,.PARAMETER.);
#9949 = LINE('',#9950,#9951);
#9950 = CARTESIAN_POINT('',(270.,248.3,89.175));
#9951 = VECTOR('',#9952,1.);
#9952 = DIRECTION('',(0.,1.,0.));
#9953 = CARTESIAN_POINT('',(270.,248.3,89.175));
#9954 = CARTESIAN_POINT('',(270.,273.7,89.175));
#9955 = GEOMETRIC_CURVE_SET('',(#9956));
#9956 = TRIMMED_CURVE('',#9957,(#9961,PARAMETER_VALUE(0.)),(#9962,
    PARAMETER_VALUE(3.175)),.T.,.PARAMETER.);
#9957 = LINE('',#9958,#9959);
#9958 = CARTESIAN_POINT('',(270.,273.7,86.));
#9959 = VECTOR('',#9960,1.);
#9960 = DIRECTION('',(0.,0.,1.));
#9961 = CARTESIAN_POINT('',(270.,273.7,86.));
#9962 = CARTESIAN_POINT('',(270.,273.7,89.175));
#9963 = GEOMETRIC_CURVE_SET('',(#9964));
#9964 = TRIMMED_CURVE('',#9965,(#9969,PARAMETER_VALUE(0.)),(#9970,
    PARAMETER_VALUE(25.4)),.T.,.PARAMETER.);
#9965 = LINE('',#9966,#9967);
#9966 = CARTESIAN_POINT('',(270.,248.3,86.));
#9967 = VECTOR('',#9968,1.);
#9968 = DIRECTION('',(0.,1.,0.));
#9969 = CARTESIAN_POINT('',(270.,248.3,86.));
#9970 = CARTESIAN_POINT('',(270.,273.7,86.));
#9971 = GEOMETRIC_CURVE_SET('',(#9972));
#9972 = TRIMMED_CURVE('',#9973,(#9977,PARAMETER_VALUE(0.)),(#9978,
    PARAMETER_VALUE(18.)),.T.,.PARAMETER.);
#9973 = LINE('',#9974,#9975);
#9974 = CARTESIAN_POINT('',(252.,248.3,86.));
#9975 = VECTOR('',#9976,1.);
#9976 = DIRECTION('',(1.,0.,0.));
#9977 = CARTESIAN_POINT('',(252.,248.3,86.));
#9978 = CARTESIAN_POINT('',(270.,248.3,86.));
#9979 = GEOMETRIC_CURVE_SET('',(#9980));
#9980 = TRIMMED_CURVE('',#9981,(#9985,PARAMETER_VALUE(0.)),(#9986,
    PARAMETER_VALUE(18.)),.T.,.PARAMETER.);
#9981 = LINE('',#9982,#9983);
#9982 = CARTESIAN_POINT('',(252.,248.3,89.175));
#9983 = VECTOR('',#9984,1.);
#9984 = DIRECTION('',(1.,0.,0.));
#9985 = CARTESIAN_POINT('',(252.,248.3,89.175));
#9986 = CARTESIAN_POINT('',(270.,248.3,89.175));
#9987 = GEOMETRIC_CURVE_SET('',(#9988));
#9988 = TRIMMED_CURVE('',#9989,(#9993,PARAMETER_VALUE(0.)),(#9994,
    PARAMETER_VALUE(18.)),.T.,.PARAMETER.);
#9989 = LINE('',#9990,#9991);
#9990 = CARTESIAN_POINT('',(252.,273.7,86.));
#9991 = VECTOR('',#9992,1.);
#9992 = DIRECTION('',(1.,0.,0.));
#9993 = CARTESIAN_POINT('',(252.,273.7,86.));
#9994 = CARTESIAN_POINT('',(270.,273.7,86.));
#9995 = GEOMETRIC_CURVE_SET('',(#9996));
#9996 = TRIMMED_CURVE('',#9997,(#10001,PARAMETER_VALUE(0.)),(#10002,
    PARAMETER_VALUE(18.)),.T.,.PARAMETER.);
#9997 = LINE('',#9998,#9999);
#9998 = CARTESIAN_POINT('',(252.,273.7,89.175));
#9999 = VECTOR('',#10000,1.);
#10000 = DIRECTION('',(1.,0.,0.));
#10001 = CARTESIAN_POINT('',(252.,273.7,89.175));
#10002 = CARTESIAN_POINT('',(270.,273.7,89.175));
#10003 = GEOMETRIC_CURVE_SET('',(#10004));
#10004 = TRIMMED_CURVE('',#10005,(#10009,PARAMETER_VALUE(0.)),(#10010,
    PARAMETER_VALUE(3.175)),.T.,.PARAMETER.);
#10005 = LINE('',#10006,#10007);
#10006 = CARTESIAN_POINT('',(252.,248.3,120.925));
#10007 = VECTOR('',#10008,1.);
#10008 = DIRECTION('',(0.,0.,1.));
#10009 = CARTESIAN_POINT('',(252.,248.3,120.925));
#10010 = CARTESIAN_POINT('',(252.,248.3,124.1));
#10011 = GEOMETRIC_CURVE_SET('',(#10012));
#10012 = TRIMMED_CURVE('',#10013,(#10017,PARAMETER_VALUE(0.)),(#10018,
    PARAMETER_VALUE(25.4)),.T.,.PARAMETER.);
#10013 = LINE('',#10014,#10015);
#10014 = CARTESIAN_POINT('',(252.,248.3,124.1));
#10015 = VECTOR('',#10016,1.);
#10016 = DIRECTION('',(0.,1.,0.));
#10017 = CARTESIAN_POINT('',(252.,248.3,124.1));
#10018 = CARTESIAN_POINT('',(252.,273.7,124.1));
#10019 = GEOMETRIC_CURVE_SET('',(#10020));
#10020 = TRIMMED_CURVE('',#10021,(#10025,PARAMETER_VALUE(0.)),(#10026,
    PARAMETER_VALUE(3.175)),.T.,.PARAMETER.);
#10021 = LINE('',#10022,#10023);
#10022 = CARTESIAN_POINT('',(252.,273.7,120.925));
#10023 = VECTOR('',#10024,1.);
#10024 = DIRECTION('',(0.,0.,1.));
#10025 = CARTESIAN_POINT('',(252.,273.7,120.925));
#10026 = CARTESIAN_POINT('',(252.,273.7,124.1));
#10027 = GEOMETRIC_CURVE_SET('',(#10028));
#10028 = TRIMMED_CURVE('',#10029,(#10033,PARAMETER_VALUE(0.)),(#10034,
    PARAMETER_VALUE(25.4)),.T.,.PARAMETER.);
#10029 = LINE('',#10030,#10031);
#10030 = CARTESIAN_POINT('',(252.,248.3,120.925));
#10031 = VECTOR('',#10032,1.);
#10032 = DIRECTION('',(0.,1.,0.));
#10033 = CARTESIAN_POINT('',(252.,248.3,120.925));
#10034 = CARTESIAN_POINT('',(252.,273.7,120.925));
#10035 = GEOMETRIC_CURVE_SET('',(#10036));
#10036 = TRIMMED_CURVE('',#10037,(#10041,PARAMETER_VALUE(0.)),(#10042,
    PARAMETER_VALUE(3.175)),.T.,.PARAMETER.);
#10037 = LINE('',#10038,#10039);
#10038 = CARTESIAN_POINT('',(270.,248.3,120.925));
#10039 = VECTOR('',#10040,1.);
#10040 = DIRECTION('',(0.,0.,1.));
#10041 = CARTESIAN_POINT('',(270.,248.3,120.925));
#10042 = CARTESIAN_POINT('',(270.,248.3,124.1));
#10043 = GEOMETRIC_CURVE_SET('',(#10044));
#10044 = TRIMMED_CURVE('',#10045,(#10049,PARAMETER_VALUE(0.)),(#10050,
    PARAMETER_VALUE(25.4)),.T.,.PARAMETER.);
#10045 = LINE('',#10046,#10047);
#10046 = CARTESIAN_POINT('',(270.,248.3,124.1));
#10047 = VECTOR('',#10048,1.);
#10048 = DIRECTION('',(0.,1.,0.));
#10049 = CARTESIAN_POINT('',(270.,248.3,124.1));
#10050 = CARTESIAN_POINT('',(270.,273.7,124.1));
#10051 = GEOMETRIC_CURVE_SET('',(#10052));
#10052 = TRIMMED_CURVE('',#10053,(#10057,PARAMETER_VALUE(0.)),(#10058,
    PARAMETER_VALUE(3.175)),.T.,.PARAMETER.);
#10053 = LINE('',#10054,#10055);
#10054 = CARTESIAN_POINT('',(270.,273.7,120.925));
#10055 = VECTOR('',#10056,1.);
#10056 = DIRECTION('',(0.,0.,1.));
#10057 = CARTESIAN_POINT('',(270.,273.7,120.925));
#10058 = CARTESIAN_POINT('',(270.,273.7,124.1));
#10059 = GEOMETRIC_CURVE_SET('',(#10060));
#10060 = TRIMMED_CURVE('',#10061,(#10065,PARAMETER_VALUE(0.)),(#10066,
    PARAMETER_VALUE(25.4)),.T.,.PARAMETER.);
#10061 = LINE('',#10062,#10063);
#10062 = CARTESIAN_POINT('',(270.,248.3,120.925));
#10063 = VECTOR('',#10064,1.);
#10064 = DIRECTION('',(0.,1.,0.));
#10065 = CARTESIAN_POINT('',(270.,248.3,120.925));
#10066 = CARTESIAN_POINT('',(270.,273.7,120.925));
#10067 = GEOMETRIC_CURVE_SET('',(#10068));
#10068 = TRIMMED_CURVE('',#10069,(#10073,PARAMETER_VALUE(0.)),(#10074,
    PARAMETER_VALUE(18.)),.T.,.PARAMETER.);
#10069 = LINE('',#10070,#10071);
#10070 = CARTESIAN_POINT('',(252.,248.3,120.925));
#10071 = VECTOR('',#10072,1.);
#10072 = DIRECTION('',(1.,0.,0.));
#10073 = CARTESIAN_POINT('',(252.,248.3,120.925));
#10074 = CARTESIAN_POINT('',(270.,248.3,120.925));
#10075 = GEOMETRIC_CURVE_SET('',(#10076));
#10076 = TRIMMED_CURVE('',#10077,(#10081,PARAMETER_VALUE(0.)),(#10082,
    PARAMETER_VALUE(18.)),.T.,.PARAMETER.);
#10077 = LINE('',#10078,#10079);
#10078 = CARTESIAN_POINT('',(252.,248.3,124.1));
#10079 = VECTOR('',#10080,1.);
#10080 = DIRECTION('',(1.,0.,0.));
#10081 = CARTESIAN_POINT('',(252.,248.3,124.1));
#10082 = CARTESIAN_POINT('',(270.,248.3,124.1));
#10083 = GEOMETRIC_CURVE_SET('',(#10084));
#10084 = TRIMMED_CURVE('',#10085,(#10089,PARAMETER_VALUE(0.)),(#10090,
    PARAMETER_VALUE(18.)),.T.,.PARAMETER.);
#10085 = LINE('',#10086,#10087);
#10086 = CARTESIAN_POINT('',(252.,273.7,120.925));
#10087 = VECTOR('',#10088,1.);
#10088 = DIRECTION('',(1.,0.,0.));
#10089 = CARTESIAN_POINT('',(252.,273.7,120.925));
#10090 = CARTESIAN_POINT('',(270.,273.7,120.925));
#10091 = GEOMETRIC_CURVE_SET('',(#10092));
#10092 = TRIMMED_CURVE('',#10093,(#10097,PARAMETER_VALUE(0.)),(#10098,
    PARAMETER_VALUE(18.)),.T.,.PARAMETER.);
#10093 = LINE('',#10094,#10095);
#10094 = CARTESIAN_POINT('',(252.,273.7,124.1));
#10095 = VECTOR('',#10096,1.);
#10096 = DIRECTION('',(1.,0.,0.));
#10097 = CARTESIAN_POINT('',(252.,273.7,124.1));
#10098 = CARTESIAN_POINT('',(270.,273.7,124.1));
#10099 = GEOMETRIC_CURVE_SET('',(#10100));
#10100 = TRIMMED_CURVE('',#10101,(#10105,PARAMETER_VALUE(0.)),(#10106,
    PARAMETER_VALUE(31.75)),.T.,.PARAMETER.);
#10101 = LINE('',#10102,#10103);
#10102 = CARTESIAN_POINT('',(252.,248.3,89.175));
#10103 = VECTOR('',#10104,1.);
#10104 = DIRECTION('',(0.,0.,1.));
#10105 = CARTESIAN_POINT('',(252.,248.3,89.175));
#10106 = CARTESIAN_POINT('',(252.,248.3,120.925));
#10107 = GEOMETRIC_CURVE_SET('',(#10108));
#10108 = TRIMMED_CURVE('',#10109,(#10113,PARAMETER_VALUE(0.)),(#10114,
    PARAMETER_VALUE(3.175)),.T.,.PARAMETER.);
#10109 = LINE('',#10110,#10111);
#10110 = CARTESIAN_POINT('',(252.,248.3,120.925));
#10111 = VECTOR('',#10112,1.);
#10112 = DIRECTION('',(0.,1.,0.));
#10113 = CARTESIAN_POINT('',(252.,248.3,120.925));
#10114 = CARTESIAN_POINT('',(252.,251.475,120.925));
#10115 = GEOMETRIC_CURVE_SET('',(#10116));
#10116 = TRIMMED_CURVE('',#10117,(#10121,PARAMETER_VALUE(0.)),(#10122,
    PARAMETER_VALUE(31.75)),.T.,.PARAMETER.);
#10117 = LINE('',#10118,#10119);
#10118 = CARTESIAN_POINT('',(252.,251.475,89.175));
#10119 = VECTOR('',#10120,1.);
#10120 = DIRECTION('',(0.,0.,1.));
#10121 = CARTESIAN_POINT('',(252.,251.475,89.175));
#10122 = CARTESIAN_POINT('',(252.,251.475,120.925));
#10123 = GEOMETRIC_CURVE_SET('',(#10124));
#10124 = TRIMMED_CURVE('',#10125,(#10129,PARAMETER_VALUE(0.)),(#10130,
    PARAMETER_VALUE(3.175)),.T.,.PARAMETER.);
#10125 = LINE('',#10126,#10127);
#10126 = CARTESIAN_POINT('',(252.,248.3,89.175));
#10127 = VECTOR('',#10128,1.);
#10128 = DIRECTION('',(0.,1.,0.));
#10129 = CARTESIAN_POINT('',(252.,248.3,89.175));
#10130 = CARTESIAN_POINT('',(252.,251.475,89.175));
#10131 = GEOMETRIC_CURVE_SET('',(#10132));
#10132 = TRIMMED_CURVE('',#10133,(#10137,PARAMETER_VALUE(0.)),(#10138,
    PARAMETER_VALUE(31.75)),.T.,.PARAMETER.);
#10133 = LINE('',#10134,#10135);
#10134 = CARTESIAN_POINT('',(270.,248.3,89.175));
#10135 = VECTOR('',#10136,1.);
#10136 = DIRECTION('',(0.,0.,1.));
#10137 = CARTESIAN_POINT('',(270.,248.3,89.175));
#10138 = CARTESIAN_POINT('',(270.,248.3,120.925));
#10139 = GEOMETRIC_CURVE_SET('',(#10140));
#10140 = TRIMMED_CURVE('',#10141,(#10145,PARAMETER_VALUE(0.)),(#10146,
    PARAMETER_VALUE(3.175)),.T.,.PARAMETER.);
#10141 = LINE('',#10142,#10143);
#10142 = CARTESIAN_POINT('',(270.,248.3,120.925));
#10143 = VECTOR('',#10144,1.);
#10144 = DIRECTION('',(0.,1.,0.));
#10145 = CARTESIAN_POINT('',(270.,248.3,120.925));
#10146 = CARTESIAN_POINT('',(270.,251.475,120.925));
#10147 = GEOMETRIC_CURVE_SET('',(#10148));
#10148 = TRIMMED_CURVE('',#10149,(#10153,PARAMETER_VALUE(0.)),(#10154,
    PARAMETER_VALUE(31.75)),.T.,.PARAMETER.);
#10149 = LINE('',#10150,#10151);
#10150 = CARTESIAN_POINT('',(270.,251.475,89.175));
#10151 = VECTOR('',#10152,1.);
#10152 = DIRECTION('',(0.,0.,1.));
#10153 = CARTESIAN_POINT('',(270.,251.475,89.175));
#10154 = CARTESIAN_POINT('',(270.,251.475,120.925));
#10155 = GEOMETRIC_CURVE_SET('',(#10156));
#10156 = TRIMMED_CURVE('',#10157,(#10161,PARAMETER_VALUE(0.)),(#10162,
    PARAMETER_VALUE(3.175)),.T.,.PARAMETER.);
#10157 = LINE('',#10158,#10159);
#10158 = CARTESIAN_POINT('',(270.,248.3,89.175));
#10159 = VECTOR('',#10160,1.);
#10160 = DIRECTION('',(0.,1.,0.));
#10161 = CARTESIAN_POINT('',(270.,248.3,89.175));
#10162 = CARTESIAN_POINT('',(270.,251.475,89.175));
#10163 = GEOMETRIC_CURVE_SET('',(#10164));
#10164 = TRIMMED_CURVE('',#10165,(#10169,PARAMETER_VALUE(0.)),(#10170,
    PARAMETER_VALUE(18.)),.T.,.PARAMETER.);
#10165 = LINE('',#10166,#10167);
#10166 = CARTESIAN_POINT('',(252.,248.3,89.175));
#10167 = VECTOR('',#10168,1.);
#10168 = DIRECTION('',(1.,0.,0.));
#10169 = CARTESIAN_POINT('',(252.,248.3,89.175));
#10170 = CARTESIAN_POINT('',(270.,248.3,89.175));
#10171 = GEOMETRIC_CURVE_SET('',(#10172));
#10172 = TRIMMED_CURVE('',#10173,(#10177,PARAMETER_VALUE(0.)),(#10178,
    PARAMETER_VALUE(18.)),.T.,.PARAMETER.);
#10173 = LINE('',#10174,#10175);
#10174 = CARTESIAN_POINT('',(252.,248.3,120.925));
#10175 = VECTOR('',#10176,1.);
#10176 = DIRECTION('',(1.,0.,0.));
#10177 = CARTESIAN_POINT('',(252.,248.3,120.925));
#10178 = CARTESIAN_POINT('',(270.,248.3,120.925));
#10179 = GEOMETRIC_CURVE_SET('',(#10180));
#10180 = TRIMMED_CURVE('',#10181,(#10185,PARAMETER_VALUE(0.)),(#10186,
    PARAMETER_VALUE(18.)),.T.,.PARAMETER.);
#10181 = LINE('',#10182,#10183);
#10182 = CARTESIAN_POINT('',(252.,251.475,89.175));
#10183 = VECTOR('',#10184,1.);
#10184 = DIRECTION('',(1.,0.,0.));
#10185 = CARTESIAN_POINT('',(252.,251.475,89.175));
#10186 = CARTESIAN_POINT('',(270.,251.475,89.175));
#10187 = GEOMETRIC_CURVE_SET('',(#10188));
#10188 = TRIMMED_CURVE('',#10189,(#10193,PARAMETER_VALUE(0.)),(#10194,
    PARAMETER_VALUE(18.)),.T.,.PARAMETER.);
#10189 = LINE('',#10190,#10191);
#10190 = CARTESIAN_POINT('',(252.,251.475,120.925));
#10191 = VECTOR('',#10192,1.);
#10192 = DIRECTION('',(1.,0.,0.));
#10193 = CARTESIAN_POINT('',(252.,251.475,120.925));
#10194 = CARTESIAN_POINT('',(270.,251.475,120.925));
#10195 = GEOMETRIC_CURVE_SET('',(#10196));
#10196 = TRIMMED_CURVE('',#10197,(#10201,PARAMETER_VALUE(0.)),(#10202,
    PARAMETER_VALUE(31.75)),.T.,.PARAMETER.);
#10197 = LINE('',#10198,#10199);
#10198 = CARTESIAN_POINT('',(252.,270.525,89.175));
#10199 = VECTOR('',#10200,1.);
#10200 = DIRECTION('',(0.,0.,1.));
#10201 = CARTESIAN_POINT('',(252.,270.525,89.175));
#10202 = CARTESIAN_POINT('',(252.,270.525,120.925));
#10203 = GEOMETRIC_CURVE_SET('',(#10204));
#10204 = TRIMMED_CURVE('',#10205,(#10209,PARAMETER_VALUE(0.)),(#10210,
    PARAMETER_VALUE(3.175)),.T.,.PARAMETER.);
#10205 = LINE('',#10206,#10207);
#10206 = CARTESIAN_POINT('',(252.,270.525,120.925));
#10207 = VECTOR('',#10208,1.);
#10208 = DIRECTION('',(0.,1.,0.));
#10209 = CARTESIAN_POINT('',(252.,270.525,120.925));
#10210 = CARTESIAN_POINT('',(252.,273.7,120.925));
#10211 = GEOMETRIC_CURVE_SET('',(#10212));
#10212 = TRIMMED_CURVE('',#10213,(#10217,PARAMETER_VALUE(0.)),(#10218,
    PARAMETER_VALUE(31.75)),.T.,.PARAMETER.);
#10213 = LINE('',#10214,#10215);
#10214 = CARTESIAN_POINT('',(252.,273.7,89.175));
#10215 = VECTOR('',#10216,1.);
#10216 = DIRECTION('',(0.,0.,1.));
#10217 = CARTESIAN_POINT('',(252.,273.7,89.175));
#10218 = CARTESIAN_POINT('',(252.,273.7,120.925));
#10219 = GEOMETRIC_CURVE_SET('',(#10220));
#10220 = TRIMMED_CURVE('',#10221,(#10225,PARAMETER_VALUE(0.)),(#10226,
    PARAMETER_VALUE(3.175)),.T.,.PARAMETER.);
#10221 = LINE('',#10222,#10223);
#10222 = CARTESIAN_POINT('',(252.,270.525,89.175));
#10223 = VECTOR('',#10224,1.);
#10224 = DIRECTION('',(0.,1.,0.));
#10225 = CARTESIAN_POINT('',(252.,270.525,89.175));
#10226 = CARTESIAN_POINT('',(252.,273.7,89.175));
#10227 = GEOMETRIC_CURVE_SET('',(#10228));
#10228 = TRIMMED_CURVE('',#10229,(#10233,PARAMETER_VALUE(0.)),(#10234,
    PARAMETER_VALUE(31.75)),.T.,.PARAMETER.);
#10229 = LINE('',#10230,#10231);
#10230 = CARTESIAN_POINT('',(270.,270.525,89.175));
#10231 = VECTOR('',#10232,1.);
#10232 = DIRECTION('',(0.,0.,1.));
#10233 = CARTESIAN_POINT('',(270.,270.525,89.175));
#10234 = CARTESIAN_POINT('',(270.,270.525,120.925));
#10235 = GEOMETRIC_CURVE_SET('',(#10236));
#10236 = TRIMMED_CURVE('',#10237,(#10241,PARAMETER_VALUE(0.)),(#10242,
    PARAMETER_VALUE(3.175)),.T.,.PARAMETER.);
#10237 = LINE('',#10238,#10239);
#10238 = CARTESIAN_POINT('',(270.,270.525,120.925));
#10239 = VECTOR('',#10240,1.);
#10240 = DIRECTION('',(0.,1.,0.));
#10241 = CARTESIAN_POINT('',(270.,270.525,120.925));
#10242 = CARTESIAN_POINT('',(270.,273.7,120.925));
#10243 = GEOMETRIC_CURVE_SET('',(#10244));
#10244 = TRIMMED_CURVE('',#10245,(#10249,PARAMETER_VALUE(0.)),(#10250,
    PARAMETER_VALUE(31.75)),.T.,.PARAMETER.);
#10245 = LINE('',#10246,#10247);
#10246 = CARTESIAN_POINT('',(270.,273.7,89.175));
#10247 = VECTOR('',#10248,1.);
#10248 = DIRECTION('',(0.,0.,1.));
#10249 = CARTESIAN_POINT('',(270.,273.7,89.175));
#10250 = CARTESIAN_POINT('',(270.,273.7,120.925));
#10251 = GEOMETRIC_CURVE_SET('',(#10252));
#10252 = TRIMMED_CURVE('',#10253,(#10257,PARAMETER_VALUE(0.)),(#10258,
    PARAMETER_VALUE(3.175)),.T.,.PARAMETER.);
#10253 = LINE('',#10254,#10255);
#10254 = CARTESIAN_POINT('',(270.,270.525,89.175));
#10255 = VECTOR('',#10256,1.);
#10256 = DIRECTION('',(0.,1.,0.));
#10257 = CARTESIAN_POINT('',(270.,270.525,89.175));
#10258 = CARTESIAN_POINT('',(270.,273.7,89.175));
#10259 = GEOMETRIC_CURVE_SET('',(#10260));
#10260 = TRIMMED_CURVE('',#10261,(#10265,PARAMETER_VALUE(0.)),(#10266,
    PARAMETER_VALUE(18.)),.T.,.PARAMETER.);
#10261 = LINE('',#10262,#10263);
#10262 = CARTESIAN_POINT('',(252.,270.525,89.175));
#10263 = VECTOR('',#10264,1.);
#10264 = DIRECTION('',(1.,0.,0.));
#10265 = CARTESIAN_POINT('',(252.,270.525,89.175));
#10266 = CARTESIAN_POINT('',(270.,270.525,89.175));
#10267 = GEOMETRIC_CURVE_SET('',(#10268));
#10268 = TRIMMED_CURVE('',#10269,(#10273,PARAMETER_VALUE(0.)),(#10274,
    PARAMETER_VALUE(18.)),.T.,.PARAMETER.);
#10269 = LINE('',#10270,#10271);
#10270 = CARTESIAN_POINT('',(252.,270.525,120.925));
#10271 = VECTOR('',#10272,1.);
#10272 = DIRECTION('',(1.,0.,0.));
#10273 = CARTESIAN_POINT('',(252.,270.525,120.925));
#10274 = CARTESIAN_POINT('',(270.,270.525,120.925));
#10275 = GEOMETRIC_CURVE_SET('',(#10276));
#10276 = TRIMMED_CURVE('',#10277,(#10281,PARAMETER_VALUE(0.)),(#10282,
    PARAMETER_VALUE(18.)),.T.,.PARAMETER.);
#10277 = LINE('',#10278,#10279);
#10278 = CARTESIAN_POINT('',(252.,273.7,89.175));
#10279 = VECTOR('',#10280,1.);
#10280 = DIRECTION('',(1.,0.,0.));
#10281 = CARTESIAN_POINT('',(252.,273.7,89.175));
#10282 = CARTESIAN_POINT('',(270.,273.7,89.175));
#10283 = GEOMETRIC_CURVE_SET('',(#10284));
#10284 = TRIMMED_CURVE('',#10285,(#10289,PARAMETER_VALUE(0.)),(#10290,
    PARAMETER_VALUE(18.)),.T.,.PARAMETER.);
#10285 = LINE('',#10286,#10287);
#10286 = CARTESIAN_POINT('',(252.,273.7,120.925));
#10287 = VECTOR('',#10288,1.);
#10288 = DIRECTION('',(1.,0.,0.));
#10289 = CARTESIAN_POINT('',(252.,273.7,120.925));
#10290 = CARTESIAN_POINT('',(270.,273.7,120.925));
#10291 = GEOMETRIC_CURVE_SET('',(#10292));
#10292 = TRIMMED_CURVE('',#10293,(#10297,PARAMETER_VALUE(0.)),(#10298,
    PARAMETER_VALUE(2.)),.T.,.PARAMETER.);
#10293 = LINE('',#10294,#10295);
#10294 = CARTESIAN_POINT('',(252.,255.,89.175));
#10295 = VECTOR('',#10296,1.);
#10296 = DIRECTION('',(0.,0.,1.));
#10297 = CARTESIAN_POINT('',(252.,255.,89.175));
#10298 = CARTESIAN_POINT('',(252.,255.,91.175));
#10299 = GEOMETRIC_CURVE_SET('',(#10300));
#10300 = TRIMMED_CURVE('',#10301,(#10305,PARAMETER_VALUE(0.)),(#10306,
    PARAMETER_VALUE(12.)),.T.,.PARAMETER.);
#10301 = LINE('',#10302,#10303);
#10302 = CARTESIAN_POINT('',(252.,255.,91.175));
#10303 = VECTOR('',#10304,1.);
#10304 = DIRECTION('',(0.,1.,0.));
#10305 = CARTESIAN_POINT('',(252.,255.,91.175));
#10306 = CARTESIAN_POINT('',(252.,267.,91.175));
#10307 = GEOMETRIC_CURVE_SET('',(#10308));
#10308 = TRIMMED_CURVE('',#10309,(#10313,PARAMETER_VALUE(0.)),(#10314,
    PARAMETER_VALUE(2.)),.T.,.PARAMETER.);
#10309 = LINE('',#10310,#10311);
#10310 = CARTESIAN_POINT('',(252.,267.,89.175));
#10311 = VECTOR('',#10312,1.);
#10312 = DIRECTION('',(0.,0.,1.));
#10313 = CARTESIAN_POINT('',(252.,267.,89.175));
#10314 = CARTESIAN_POINT('',(252.,267.,91.175));
#10315 = GEOMETRIC_CURVE_SET('',(#10316));
#10316 = TRIMMED_CURVE('',#10317,(#10321,PARAMETER_VALUE(0.)),(#10322,
    PARAMETER_VALUE(12.)),.T.,.PARAMETER.);
#10317 = LINE('',#10318,#10319);
#10318 = CARTESIAN_POINT('',(252.,255.,89.175));
#10319 = VECTOR('',#10320,1.);
#10320 = DIRECTION('',(0.,1.,0.));
#10321 = CARTESIAN_POINT('',(252.,255.,89.175));
#10322 = CARTESIAN_POINT('',(252.,267.,89.175));
#10323 = GEOMETRIC_CURVE_SET('',(#10324));
#10324 = TRIMMED_CURVE('',#10325,(#10329,PARAMETER_VALUE(0.)),(#10330,
    PARAMETER_VALUE(2.)),.T.,.PARAMETER.);
#10325 = LINE('',#10326,#10327);
#10326 = CARTESIAN_POINT('',(270.,255.,89.175));
#10327 = VECTOR('',#10328,1.);
#10328 = DIRECTION('',(0.,0.,1.));
#10329 = CARTESIAN_POINT('',(270.,255.,89.175));
#10330 = CARTESIAN_POINT('',(270.,255.,91.175));
#10331 = GEOMETRIC_CURVE_SET('',(#10332));
#10332 = TRIMMED_CURVE('',#10333,(#10337,PARAMETER_VALUE(0.)),(#10338,
    PARAMETER_VALUE(12.)),.T.,.PARAMETER.);
#10333 = LINE('',#10334,#10335);
#10334 = CARTESIAN_POINT('',(270.,255.,91.175));
#10335 = VECTOR('',#10336,1.);
#10336 = DIRECTION('',(0.,1.,0.));
#10337 = CARTESIAN_POINT('',(270.,255.,91.175));
#10338 = CARTESIAN_POINT('',(270.,267.,91.175));
#10339 = GEOMETRIC_CURVE_SET('',(#10340));
#10340 = TRIMMED_CURVE('',#10341,(#10345,PARAMETER_VALUE(0.)),(#10346,
    PARAMETER_VALUE(2.)),.T.,.PARAMETER.);
#10341 = LINE('',#10342,#10343);
#10342 = CARTESIAN_POINT('',(270.,267.,89.175));
#10343 = VECTOR('',#10344,1.);
#10344 = DIRECTION('',(0.,0.,1.));
#10345 = CARTESIAN_POINT('',(270.,267.,89.175));
#10346 = CARTESIAN_POINT('',(270.,267.,91.175));
#10347 = GEOMETRIC_CURVE_SET('',(#10348));
#10348 = TRIMMED_CURVE('',#10349,(#10353,PARAMETER_VALUE(0.)),(#10354,
    PARAMETER_VALUE(12.)),.T.,.PARAMETER.);
#10349 = LINE('',#10350,#10351);
#10350 = CARTESIAN_POINT('',(270.,255.,89.175));
#10351 = VECTOR('',#10352,1.);
#10352 = DIRECTION('',(0.,1.,0.));
#10353 = CARTESIAN_POINT('',(270.,255.,89.175));
#10354 = CARTESIAN_POINT('',(270.,267.,89.175));
#10355 = GEOMETRIC_CURVE_SET('',(#10356));
#10356 = TRIMMED_CURVE('',#10357,(#10361,PARAMETER_VALUE(0.)),(#10362,
    PARAMETER_VALUE(18.)),.T.,.PARAMETER.);
#10357 = LINE('',#10358,#10359);
#10358 = CARTESIAN_POINT('',(252.,255.,89.175));
#10359 = VECTOR('',#10360,1.);
#10360 = DIRECTION('',(1.,0.,0.));
#10361 = CARTESIAN_POINT('',(252.,255.,89.175));
#10362 = CARTESIAN_POINT('',(270.,255.,89.175));
#10363 = GEOMETRIC_CURVE_SET('',(#10364));
#10364 = TRIMMED_CURVE('',#10365,(#10369,PARAMETER_VALUE(0.)),(#10370,
    PARAMETER_VALUE(18.)),.T.,.PARAMETER.);
#10365 = LINE('',#10366,#10367);
#10366 = CARTESIAN_POINT('',(252.,255.,91.175));
#10367 = VECTOR('',#10368,1.);
#10368 = DIRECTION('',(1.,0.,0.));
#10369 = CARTESIAN_POINT('',(252.,255.,91.175));
#10370 = CARTESIAN_POINT('',(270.,255.,91.175));
#10371 = GEOMETRIC_CURVE_SET('',(#10372));
#10372 = TRIMMED_CURVE('',#10373,(#10377,PARAMETER_VALUE(0.)),(#10378,
    PARAMETER_VALUE(18.)),.T.,.PARAMETER.);
#10373 = LINE('',#10374,#10375);
#10374 = CARTESIAN_POINT('',(252.,267.,89.175));
#10375 = VECTOR('',#10376,1.);
#10376 = DIRECTION('',(1.,0.,0.));
#10377 = CARTESIAN_POINT('',(252.,267.,89.175));
#10378 = CARTESIAN_POINT('',(270.,267.,89.175));
#10379 = GEOMETRIC_CURVE_SET('',(#10380));
#10380 = TRIMMED_CURVE('',#10381,(#10385,PARAMETER_VALUE(0.)),(#10386,
    PARAMETER_VALUE(18.)),.T.,.PARAMETER.);
#10381 = LINE('',#10382,#10383);
#10382 = CARTESIAN_POINT('',(252.,267.,91.175));
#10383 = VECTOR('',#10384,1.);
#10384 = DIRECTION('',(1.,0.,0.));
#10385 = CARTESIAN_POINT('',(252.,267.,91.175));
#10386 = CARTESIAN_POINT('',(270.,267.,91.175));
#10387 = GEOMETRIC_CURVE_SET('',(#10388));
#10388 = TRIMMED_CURVE('',#10389,(#10393,PARAMETER_VALUE(0.)),(#10394,
    PARAMETER_VALUE(2.)),.T.,.PARAMETER.);
#10389 = LINE('',#10390,#10391);
#10390 = CARTESIAN_POINT('',(252.,255.,118.925));
#10391 = VECTOR('',#10392,1.);
#10392 = DIRECTION('',(0.,0.,1.));
#10393 = CARTESIAN_POINT('',(252.,255.,118.925));
#10394 = CARTESIAN_POINT('',(252.,255.,120.925));
#10395 = GEOMETRIC_CURVE_SET('',(#10396));
#10396 = TRIMMED_CURVE('',#10397,(#10401,PARAMETER_VALUE(0.)),(#10402,
    PARAMETER_VALUE(12.)),.T.,.PARAMETER.);
#10397 = LINE('',#10398,#10399);
#10398 = CARTESIAN_POINT('',(252.,255.,120.925));
#10399 = VECTOR('',#10400,1.);
#10400 = DIRECTION('',(0.,1.,0.));
#10401 = CARTESIAN_POINT('',(252.,255.,120.925));
#10402 = CARTESIAN_POINT('',(252.,267.,120.925));
#10403 = GEOMETRIC_CURVE_SET('',(#10404));
#10404 = TRIMMED_CURVE('',#10405,(#10409,PARAMETER_VALUE(0.)),(#10410,
    PARAMETER_VALUE(2.)),.T.,.PARAMETER.);
#10405 = LINE('',#10406,#10407);
#10406 = CARTESIAN_POINT('',(252.,267.,118.925));
#10407 = VECTOR('',#10408,1.);
#10408 = DIRECTION('',(0.,0.,1.));
#10409 = CARTESIAN_POINT('',(252.,267.,118.925));
#10410 = CARTESIAN_POINT('',(252.,267.,120.925));
#10411 = GEOMETRIC_CURVE_SET('',(#10412));
#10412 = TRIMMED_CURVE('',#10413,(#10417,PARAMETER_VALUE(0.)),(#10418,
    PARAMETER_VALUE(12.)),.T.,.PARAMETER.);
#10413 = LINE('',#10414,#10415);
#10414 = CARTESIAN_POINT('',(252.,255.,118.925));
#10415 = VECTOR('',#10416,1.);
#10416 = DIRECTION('',(0.,1.,0.));
#10417 = CARTESIAN_POINT('',(252.,255.,118.925));
#10418 = CARTESIAN_POINT('',(252.,267.,118.925));
#10419 = GEOMETRIC_CURVE_SET('',(#10420));
#10420 = TRIMMED_CURVE('',#10421,(#10425,PARAMETER_VALUE(0.)),(#10426,
    PARAMETER_VALUE(2.)),.T.,.PARAMETER.);
#10421 = LINE('',#10422,#10423);
#10422 = CARTESIAN_POINT('',(270.,255.,118.925));
#10423 = VECTOR('',#10424,1.);
#10424 = DIRECTION('',(0.,0.,1.));
#10425 = CARTESIAN_POINT('',(270.,255.,118.925));
#10426 = CARTESIAN_POINT('',(270.,255.,120.925));
#10427 = GEOMETRIC_CURVE_SET('',(#10428));
#10428 = TRIMMED_CURVE('',#10429,(#10433,PARAMETER_VALUE(0.)),(#10434,
    PARAMETER_VALUE(12.)),.T.,.PARAMETER.);
#10429 = LINE('',#10430,#10431);
#10430 = CARTESIAN_POINT('',(270.,255.,120.925));
#10431 = VECTOR('',#10432,1.);
#10432 = DIRECTION('',(0.,1.,0.));
#10433 = CARTESIAN_POINT('',(270.,255.,120.925));
#10434 = CARTESIAN_POINT('',(270.,267.,120.925));
#10435 = GEOMETRIC_CURVE_SET('',(#10436));
#10436 = TRIMMED_CURVE('',#10437,(#10441,PARAMETER_VALUE(0.)),(#10442,
    PARAMETER_VALUE(2.)),.T.,.PARAMETER.);
#10437 = LINE('',#10438,#10439);
#10438 = CARTESIAN_POINT('',(270.,267.,118.925));
#10439 = VECTOR('',#10440,1.);
#10440 = DIRECTION('',(0.,0.,1.));
#10441 = CARTESIAN_POINT('',(270.,267.,118.925));
#10442 = CARTESIAN_POINT('',(270.,267.,120.925));
#10443 = GEOMETRIC_CURVE_SET('',(#10444));
#10444 = TRIMMED_CURVE('',#10445,(#10449,PARAMETER_VALUE(0.)),(#10450,
    PARAMETER_VALUE(12.)),.T.,.PARAMETER.);
#10445 = LINE('',#10446,#10447);
#10446 = CARTESIAN_POINT('',(270.,255.,118.925));
#10447 = VECTOR('',#10448,1.);
#10448 = DIRECTION('',(0.,1.,0.));
#10449 = CARTESIAN_POINT('',(270.,255.,118.925));
#10450 = CARTESIAN_POINT('',(270.,267.,118.925));
#10451 = GEOMETRIC_CURVE_SET('',(#10452));
#10452 = TRIMMED_CURVE('',#10453,(#10457,PARAMETER_VALUE(0.)),(#10458,
    PARAMETER_VALUE(18.)),.T.,.PARAMETER.);
#10453 = LINE('',#10454,#10455);
#10454 = CARTESIAN_POINT('',(252.,255.,118.925));
#10455 = VECTOR('',#10456,1.);
#10456 = DIRECTION('',(1.,0.,0.));
#10457 = CARTESIAN_POINT('',(252.,255.,118.925));
#10458 = CARTESIAN_POINT('',(270.,255.,118.925));
#10459 = GEOMETRIC_CURVE_SET('',(#10460));
#10460 = TRIMMED_CURVE('',#10461,(#10465,PARAMETER_VALUE(0.)),(#10466,
    PARAMETER_VALUE(18.)),.T.,.PARAMETER.);
#10461 = LINE('',#10462,#10463);
#10462 = CARTESIAN_POINT('',(252.,255.,120.925));
#10463 = VECTOR('',#10464,1.);
#10464 = DIRECTION('',(1.,0.,0.));
#10465 = CARTESIAN_POINT('',(252.,255.,120.925));
#10466 = CARTESIAN_POINT('',(270.,255.,120.925));
#10467 = GEOMETRIC_CURVE_SET('',(#10468));
#10468 = TRIMMED_CURVE('',#10469,(#10473,PARAMETER_VALUE(0.)),(#10474,
    PARAMETER_VALUE(18.)),.T.,.PARAMETER.);
#10469 = LINE('',#10470,#10471);
#10470 = CARTESIAN_POINT('',(252.,267.,118.925));
#10471 = VECTOR('',#10472,1.);
#10472 = DIRECTION('',(1.,0.,0.));
#10473 = CARTESIAN_POINT('',(252.,267.,118.925));
#10474 = CARTESIAN_POINT('',(270.,267.,118.925));
#10475 = GEOMETRIC_CURVE_SET('',(#10476));
#10476 = TRIMMED_CURVE('',#10477,(#10481,PARAMETER_VALUE(0.)),(#10482,
    PARAMETER_VALUE(18.)),.T.,.PARAMETER.);
#10477 = LINE('',#10478,#10479);
#10478 = CARTESIAN_POINT('',(252.,267.,120.925));
#10479 = VECTOR('',#10480,1.);
#10480 = DIRECTION('',(1.,0.,0.));
#10481 = CARTESIAN_POINT('',(252.,267.,120.925));
#10482 = CARTESIAN_POINT('',(270.,267.,120.925));
#10483 = GEOMETRIC_CURVE_SET('',(#10484));
#10484 = TRIMMED_CURVE('',#10485,(#10489,PARAMETER_VALUE(0.)),(#10490,
    PARAMETER_VALUE(2.)),.T.,.PARAMETER.);
#10485 = LINE('',#10486,#10487);
#10486 = CARTESIAN_POINT('',(247.,252.,91.675));
#10487 = VECTOR('',#10488,1.);
#10488 = DIRECTION('',(0.,0.,1.));
#10489 = CARTESIAN_POINT('',(247.,252.,91.675));
#10490 = CARTESIAN_POINT('',(247.,252.,93.675));
#10491 = GEOMETRIC_CURVE_SET('',(#10492));
#10492 = TRIMMED_CURVE('',#10493,(#10497,PARAMETER_VALUE(0.)),(#10498,
    PARAMETER_VALUE(18.)),.T.,.PARAMETER.);
#10493 = LINE('',#10494,#10495);
#10494 = CARTESIAN_POINT('',(247.,252.,93.675));
#10495 = VECTOR('',#10496,1.);
#10496 = DIRECTION('',(0.,1.,0.));
#10497 = CARTESIAN_POINT('',(247.,252.,93.675));
#10498 = CARTESIAN_POINT('',(247.,270.,93.675));
#10499 = GEOMETRIC_CURVE_SET('',(#10500));
#10500 = TRIMMED_CURVE('',#10501,(#10505,PARAMETER_VALUE(0.)),(#10506,
    PARAMETER_VALUE(2.)),.T.,.PARAMETER.);
#10501 = LINE('',#10502,#10503);
#10502 = CARTESIAN_POINT('',(247.,270.,91.675));
#10503 = VECTOR('',#10504,1.);
#10504 = DIRECTION('',(0.,0.,1.));
#10505 = CARTESIAN_POINT('',(247.,270.,91.675));
#10506 = CARTESIAN_POINT('',(247.,270.,93.675));
#10507 = GEOMETRIC_CURVE_SET('',(#10508));
#10508 = TRIMMED_CURVE('',#10509,(#10513,PARAMETER_VALUE(0.)),(#10514,
    PARAMETER_VALUE(18.)),.T.,.PARAMETER.);
#10509 = LINE('',#10510,#10511);
#10510 = CARTESIAN_POINT('',(247.,252.,91.675));
#10511 = VECTOR('',#10512,1.);
#10512 = DIRECTION('',(0.,1.,0.));
#10513 = CARTESIAN_POINT('',(247.,252.,91.675));
#10514 = CARTESIAN_POINT('',(247.,270.,91.675));
#10515 = GEOMETRIC_CURVE_SET('',(#10516));
#10516 = TRIMMED_CURVE('',#10517,(#10521,PARAMETER_VALUE(0.)),(#10522,
    PARAMETER_VALUE(2.)),.T.,.PARAMETER.);
#10517 = LINE('',#10518,#10519);
#10518 = CARTESIAN_POINT('',(267.,252.,91.675));
#10519 = VECTOR('',#10520,1.);
#10520 = DIRECTION('',(0.,0.,1.));
#10521 = CARTESIAN_POINT('',(267.,252.,91.675));
#10522 = CARTESIAN_POINT('',(267.,252.,93.675));
#10523 = GEOMETRIC_CURVE_SET('',(#10524));
#10524 = TRIMMED_CURVE('',#10525,(#10529,PARAMETER_VALUE(0.)),(#10530,
    PARAMETER_VALUE(18.)),.T.,.PARAMETER.);
#10525 = LINE('',#10526,#10527);
#10526 = CARTESIAN_POINT('',(267.,252.,93.675));
#10527 = VECTOR('',#10528,1.);
#10528 = DIRECTION('',(0.,1.,0.));
#10529 = CARTESIAN_POINT('',(267.,252.,93.675));
#10530 = CARTESIAN_POINT('',(267.,270.,93.675));
#10531 = GEOMETRIC_CURVE_SET('',(#10532));
#10532 = TRIMMED_CURVE('',#10533,(#10537,PARAMETER_VALUE(0.)),(#10538,
    PARAMETER_VALUE(2.)),.T.,.PARAMETER.);
#10533 = LINE('',#10534,#10535);
#10534 = CARTESIAN_POINT('',(267.,270.,91.675));
#10535 = VECTOR('',#10536,1.);
#10536 = DIRECTION('',(0.,0.,1.));
#10537 = CARTESIAN_POINT('',(267.,270.,91.675));
#10538 = CARTESIAN_POINT('',(267.,270.,93.675));
#10539 = GEOMETRIC_CURVE_SET('',(#10540));
#10540 = TRIMMED_CURVE('',#10541,(#10545,PARAMETER_VALUE(0.)),(#10546,
    PARAMETER_VALUE(18.)),.T.,.PARAMETER.);
#10541 = LINE('',#10542,#10543);
#10542 = CARTESIAN_POINT('',(267.,252.,91.675));
#10543 = VECTOR('',#10544,1.);
#10544 = DIRECTION('',(0.,1.,0.));
#10545 = CARTESIAN_POINT('',(267.,252.,91.675));
#10546 = CARTESIAN_POINT('',(267.,270.,91.675));
#10547 = GEOMETRIC_CURVE_SET('',(#10548));
#10548 = TRIMMED_CURVE('',#10549,(#10553,PARAMETER_VALUE(0.)),(#10554,
    PARAMETER_VALUE(20.)),.T.,.PARAMETER.);
#10549 = LINE('',#10550,#10551);
#10550 = CARTESIAN_POINT('',(247.,252.,91.675));
#10551 = VECTOR('',#10552,1.);
#10552 = DIRECTION('',(1.,0.,0.));
#10553 = CARTESIAN_POINT('',(247.,252.,91.675));
#10554 = CARTESIAN_POINT('',(267.,252.,91.675));
#10555 = GEOMETRIC_CURVE_SET('',(#10556));
#10556 = TRIMMED_CURVE('',#10557,(#10561,PARAMETER_VALUE(0.)),(#10562,
    PARAMETER_VALUE(20.)),.T.,.PARAMETER.);
#10557 = LINE('',#10558,#10559);
#10558 = CARTESIAN_POINT('',(247.,252.,93.675));
#10559 = VECTOR('',#10560,1.);
#10560 = DIRECTION('',(1.,0.,0.));
#10561 = CARTESIAN_POINT('',(247.,252.,93.675));
#10562 = CARTESIAN_POINT('',(267.,252.,93.675));
#10563 = GEOMETRIC_CURVE_SET('',(#10564));
#10564 = TRIMMED_CURVE('',#10565,(#10569,PARAMETER_VALUE(0.)),(#10570,
    PARAMETER_VALUE(20.)),.T.,.PARAMETER.);
#10565 = LINE('',#10566,#10567);
#10566 = CARTESIAN_POINT('',(247.,270.,91.675));
#10567 = VECTOR('',#10568,1.);
#10568 = DIRECTION('',(1.,0.,0.));
#10569 = CARTESIAN_POINT('',(247.,270.,91.675));
#10570 = CARTESIAN_POINT('',(267.,270.,91.675));
#10571 = GEOMETRIC_CURVE_SET('',(#10572));
#10572 = TRIMMED_CURVE('',#10573,(#10577,PARAMETER_VALUE(0.)),(#10578,
    PARAMETER_VALUE(20.)),.T.,.PARAMETER.);
#10573 = LINE('',#10574,#10575);
#10574 = CARTESIAN_POINT('',(247.,270.,93.675));
#10575 = VECTOR('',#10576,1.);
#10576 = DIRECTION('',(1.,0.,0.));
#10577 = CARTESIAN_POINT('',(247.,270.,93.675));
#10578 = CARTESIAN_POINT('',(267.,270.,93.675));
#10579 = GEOMETRIC_CURVE_SET('',(#10580));
#10580 = TRIMMED_CURVE('',#10581,(#10585,PARAMETER_VALUE(0.)),(#10586,
    PARAMETER_VALUE(2.)),.T.,.PARAMETER.);
#10581 = LINE('',#10582,#10583);
#10582 = CARTESIAN_POINT('',(247.,252.,116.425));
#10583 = VECTOR('',#10584,1.);
#10584 = DIRECTION('',(0.,0.,1.));
#10585 = CARTESIAN_POINT('',(247.,252.,116.425));
#10586 = CARTESIAN_POINT('',(247.,252.,118.425));
#10587 = GEOMETRIC_CURVE_SET('',(#10588));
#10588 = TRIMMED_CURVE('',#10589,(#10593,PARAMETER_VALUE(0.)),(#10594,
    PARAMETER_VALUE(18.)),.T.,.PARAMETER.);
#10589 = LINE('',#10590,#10591);
#10590 = CARTESIAN_POINT('',(247.,252.,118.425));
#10591 = VECTOR('',#10592,1.);
#10592 = DIRECTION('',(0.,1.,0.));
#10593 = CARTESIAN_POINT('',(247.,252.,118.425));
#10594 = CARTESIAN_POINT('',(247.,270.,118.425));
#10595 = GEOMETRIC_CURVE_SET('',(#10596));
#10596 = TRIMMED_CURVE('',#10597,(#10601,PARAMETER_VALUE(0.)),(#10602,
    PARAMETER_VALUE(2.)),.T.,.PARAMETER.);
#10597 = LINE('',#10598,#10599);
#10598 = CARTESIAN_POINT('',(247.,270.,116.425));
#10599 = VECTOR('',#10600,1.);
#10600 = DIRECTION('',(0.,0.,1.));
#10601 = CARTESIAN_POINT('',(247.,270.,116.425));
#10602 = CARTESIAN_POINT('',(247.,270.,118.425));
#10603 = GEOMETRIC_CURVE_SET('',(#10604));
#10604 = TRIMMED_CURVE('',#10605,(#10609,PARAMETER_VALUE(0.)),(#10610,
    PARAMETER_VALUE(18.)),.T.,.PARAMETER.);
#10605 = LINE('',#10606,#10607);
#10606 = CARTESIAN_POINT('',(247.,252.,116.425));
#10607 = VECTOR('',#10608,1.);
#10608 = DIRECTION('',(0.,1.,0.));
#10609 = CARTESIAN_POINT('',(247.,252.,116.425));
#10610 = CARTESIAN_POINT('',(247.,270.,116.425));
#10611 = GEOMETRIC_CURVE_SET('',(#10612));
#10612 = TRIMMED_CURVE('',#10613,(#10617,PARAMETER_VALUE(0.)),(#10618,
    PARAMETER_VALUE(2.)),.T.,.PARAMETER.);
#10613 = LINE('',#10614,#10615);
#10614 = CARTESIAN_POINT('',(267.,252.,116.425));
#10615 = VECTOR('',#10616,1.);
#10616 = DIRECTION('',(0.,0.,1.));
#10617 = CARTESIAN_POINT('',(267.,252.,116.425));
#10618 = CARTESIAN_POINT('',(267.,252.,118.425));
#10619 = GEOMETRIC_CURVE_SET('',(#10620));
#10620 = TRIMMED_CURVE('',#10621,(#10625,PARAMETER_VALUE(0.)),(#10626,
    PARAMETER_VALUE(18.)),.T.,.PARAMETER.);
#10621 = LINE('',#10622,#10623);
#10622 = CARTESIAN_POINT('',(267.,252.,118.425));
#10623 = VECTOR('',#10624,1.);
#10624 = DIRECTION('',(0.,1.,0.));
#10625 = CARTESIAN_POINT('',(267.,252.,118.425));
#10626 = CARTESIAN_POINT('',(267.,270.,118.425));
#10627 = GEOMETRIC_CURVE_SET('',(#10628));
#10628 = TRIMMED_CURVE('',#10629,(#10633,PARAMETER_VALUE(0.)),(#10634,
    PARAMETER_VALUE(2.)),.T.,.PARAMETER.);
#10629 = LINE('',#10630,#10631);
#10630 = CARTESIAN_POINT('',(267.,270.,116.425));
#10631 = VECTOR('',#10632,1.);
#10632 = DIRECTION('',(0.,0.,1.));
#10633 = CARTESIAN_POINT('',(267.,270.,116.425));
#10634 = CARTESIAN_POINT('',(267.,270.,118.425));
#10635 = GEOMETRIC_CURVE_SET('',(#10636));
#10636 = TRIMMED_CURVE('',#10637,(#10641,PARAMETER_VALUE(0.)),(#10642,
    PARAMETER_VALUE(18.)),.T.,.PARAMETER.);
#10637 = LINE('',#10638,#10639);
#10638 = CARTESIAN_POINT('',(267.,252.,116.425));
#10639 = VECTOR('',#10640,1.);
#10640 = DIRECTION('',(0.,1.,0.));
#10641 = CARTESIAN_POINT('',(267.,252.,116.425));
#10642 = CARTESIAN_POINT('',(267.,270.,116.425));
#10643 = GEOMETRIC_CURVE_SET('',(#10644));
#10644 = TRIMMED_CURVE('',#10645,(#10649,PARAMETER_VALUE(0.)),(#10650,
    PARAMETER_VALUE(20.)),.T.,.PARAMETER.);
#10645 = LINE('',#10646,#10647);
#10646 = CARTESIAN_POINT('',(247.,252.,116.425));
#10647 = VECTOR('',#10648,1.);
#10648 = DIRECTION('',(1.,0.,0.));
#10649 = CARTESIAN_POINT('',(247.,252.,116.425));
#10650 = CARTESIAN_POINT('',(267.,252.,116.425));
#10651 = GEOMETRIC_CURVE_SET('',(#10652));
#10652 = TRIMMED_CURVE('',#10653,(#10657,PARAMETER_VALUE(0.)),(#10658,
    PARAMETER_VALUE(20.)),.T.,.PARAMETER.);
#10653 = LINE('',#10654,#10655);
#10654 = CARTESIAN_POINT('',(247.,252.,118.425));
#10655 = VECTOR('',#10656,1.);
#10656 = DIRECTION('',(1.,0.,0.));
#10657 = CARTESIAN_POINT('',(247.,252.,118.425));
#10658 = CARTESIAN_POINT('',(267.,252.,118.425));
#10659 = GEOMETRIC_CURVE_SET('',(#10660));
#10660 = TRIMMED_CURVE('',#10661,(#10665,PARAMETER_VALUE(0.)),(#10666,
    PARAMETER_VALUE(20.)),.T.,.PARAMETER.);
#10661 = LINE('',#10662,#10663);
#10662 = CARTESIAN_POINT('',(247.,270.,116.425));
#10663 = VECTOR('',#10664,1.);
#10664 = DIRECTION('',(1.,0.,0.));
#10665 = CARTESIAN_POINT('',(247.,270.,116.425));
#10666 = CARTESIAN_POINT('',(267.,270.,116.425));
#10667 = GEOMETRIC_CURVE_SET('',(#10668));
#10668 = TRIMMED_CURVE('',#10669,(#10673,PARAMETER_VALUE(0.)),(#10674,
    PARAMETER_VALUE(20.)),.T.,.PARAMETER.);
#10669 = LINE('',#10670,#10671);
#10670 = CARTESIAN_POINT('',(247.,270.,118.425));
#10671 = VECTOR('',#10672,1.);
#10672 = DIRECTION('',(1.,0.,0.));
#10673 = CARTESIAN_POINT('',(247.,270.,118.425));
#10674 = CARTESIAN_POINT('',(267.,270.,118.425));
#10675 = GEOMETRIC_CURVE_SET('',(#10676));
#10676 = TRIMMED_CURVE('',#10677,(#10681,PARAMETER_VALUE(0.)),(#10682,
    PARAMETER_VALUE(12.7)),.T.,.PARAMETER.);
#10677 = LINE('',#10678,#10679);
#10678 = CARTESIAN_POINT('',(10.,4.475,103.));
#10679 = VECTOR('',#10680,1.);
#10680 = DIRECTION('',(0.,0.,1.));
#10681 = CARTESIAN_POINT('',(10.,4.475,103.));
#10682 = CARTESIAN_POINT('',(10.,4.475,115.7));
#10683 = GEOMETRIC_CURVE_SET('',(#10684));
#10684 = TRIMMED_CURVE('',#10685,(#10689,PARAMETER_VALUE(0.)),(#10690,
    PARAMETER_VALUE(1.5875)),.T.,.PARAMETER.);
#10685 = LINE('',#10686,#10687);
#10686 = CARTESIAN_POINT('',(10.,4.475,115.7));
#10687 = VECTOR('',#10688,1.);
#10688 = DIRECTION('',(0.,1.,0.));
#10689 = CARTESIAN_POINT('',(10.,4.475,115.7));
#10690 = CARTESIAN_POINT('',(10.,6.0625,115.7));
#10691 = GEOMETRIC_CURVE_SET('',(#10692));
#10692 = TRIMMED_CURVE('',#10693,(#10697,PARAMETER_VALUE(0.)),(#10698,
    PARAMETER_VALUE(12.7)),.T.,.PARAMETER.);
#10693 = LINE('',#10694,#10695);
#10694 = CARTESIAN_POINT('',(10.,6.0625,103.));
#10695 = VECTOR('',#10696,1.);
#10696 = DIRECTION('',(0.,0.,1.));
#10697 = CARTESIAN_POINT('',(10.,6.0625,103.));
#10698 = CARTESIAN_POINT('',(10.,6.0625,115.7));
#10699 = GEOMETRIC_CURVE_SET('',(#10700));
#10700 = TRIMMED_CURVE('',#10701,(#10705,PARAMETER_VALUE(0.)),(#10706,
    PARAMETER_VALUE(1.5875)),.T.,.PARAMETER.);
#10701 = LINE('',#10702,#10703);
#10702 = CARTESIAN_POINT('',(10.,4.475,103.));
#10703 = VECTOR('',#10704,1.);
#10704 = DIRECTION('',(0.,1.,0.));
#10705 = CARTESIAN_POINT('',(10.,4.475,103.));
#10706 = CARTESIAN_POINT('',(10.,6.0625,103.));
#10707 = GEOMETRIC_CURVE_SET('',(#10708));
#10708 = TRIMMED_CURVE('',#10709,(#10713,PARAMETER_VALUE(0.)),(#10714,
    PARAMETER_VALUE(12.7)),.T.,.PARAMETER.);
#10709 = LINE('',#10710,#10711);
#10710 = CARTESIAN_POINT('',(265.,4.475,103.));
#10711 = VECTOR('',#10712,1.);
#10712 = DIRECTION('',(0.,0.,1.));
#10713 = CARTESIAN_POINT('',(265.,4.475,103.));
#10714 = CARTESIAN_POINT('',(265.,4.475,115.7));
#10715 = GEOMETRIC_CURVE_SET('',(#10716));
#10716 = TRIMMED_CURVE('',#10717,(#10721,PARAMETER_VALUE(0.)),(#10722,
    PARAMETER_VALUE(1.5875)),.T.,.PARAMETER.);
#10717 = LINE('',#10718,#10719);
#10718 = CARTESIAN_POINT('',(265.,4.475,115.7));
#10719 = VECTOR('',#10720,1.);
#10720 = DIRECTION('',(0.,1.,0.));
#10721 = CARTESIAN_POINT('',(265.,4.475,115.7));
#10722 = CARTESIAN_POINT('',(265.,6.0625,115.7));
#10723 = GEOMETRIC_CURVE_SET('',(#10724));
#10724 = TRIMMED_CURVE('',#10725,(#10729,PARAMETER_VALUE(0.)),(#10730,
    PARAMETER_VALUE(12.7)),.T.,.PARAMETER.);
#10725 = LINE('',#10726,#10727);
#10726 = CARTESIAN_POINT('',(265.,6.0625,103.));
#10727 = VECTOR('',#10728,1.);
#10728 = DIRECTION('',(0.,0.,1.));
#10729 = CARTESIAN_POINT('',(265.,6.0625,103.));
#10730 = CARTESIAN_POINT('',(265.,6.0625,115.7));
#10731 = GEOMETRIC_CURVE_SET('',(#10732));
#10732 = TRIMMED_CURVE('',#10733,(#10737,PARAMETER_VALUE(0.)),(#10738,
    PARAMETER_VALUE(1.5875)),.T.,.PARAMETER.);
#10733 = LINE('',#10734,#10735);
#10734 = CARTESIAN_POINT('',(265.,4.475,103.));
#10735 = VECTOR('',#10736,1.);
#10736 = DIRECTION('',(0.,1.,0.));
#10737 = CARTESIAN_POINT('',(265.,4.475,103.));
#10738 = CARTESIAN_POINT('',(265.,6.0625,103.));
#10739 = GEOMETRIC_CURVE_SET('',(#10740));
#10740 = TRIMMED_CURVE('',#10741,(#10745,PARAMETER_VALUE(0.)),(#10746,
    PARAMETER_VALUE(255.)),.T.,.PARAMETER.);
#10741 = LINE('',#10742,#10743);
#10742 = CARTESIAN_POINT('',(10.,4.475,103.));
#10743 = VECTOR('',#10744,1.);
#10744 = DIRECTION('',(1.,0.,0.));
#10745 = CARTESIAN_POINT('',(10.,4.475,103.));
#10746 = CARTESIAN_POINT('',(265.,4.475,103.));
#10747 = GEOMETRIC_CURVE_SET('',(#10748));
#10748 = TRIMMED_CURVE('',#10749,(#10753,PARAMETER_VALUE(0.)),(#10754,
    PARAMETER_VALUE(255.)),.T.,.PARAMETER.);
#10749 = LINE('',#10750,#10751);
#10750 = CARTESIAN_POINT('',(10.,4.475,115.7));
#10751 = VECTOR('',#10752,1.);
#10752 = DIRECTION('',(1.,0.,0.));
#10753 = CARTESIAN_POINT('',(10.,4.475,115.7));
#10754 = CARTESIAN_POINT('',(265.,4.475,115.7));
#10755 = GEOMETRIC_CURVE_SET('',(#10756));
#10756 = TRIMMED_CURVE('',#10757,(#10761,PARAMETER_VALUE(0.)),(#10762,
    PARAMETER_VALUE(255.)),.T.,.PARAMETER.);
#10757 = LINE('',#10758,#10759);
#10758 = CARTESIAN_POINT('',(10.,6.0625,103.));
#10759 = VECTOR('',#10760,1.);
#10760 = DIRECTION('',(1.,0.,0.));
#10761 = CARTESIAN_POINT('',(10.,6.0625,103.));
#10762 = CARTESIAN_POINT('',(265.,6.0625,103.));
#10763 = GEOMETRIC_CURVE_SET('',(#10764));
#10764 = TRIMMED_CURVE('',#10765,(#10769,PARAMETER_VALUE(0.)),(#10770,
    PARAMETER_VALUE(255.)),.T.,.PARAMETER.);
#10765 = LINE('',#10766,#10767);
#10766 = CARTESIAN_POINT('',(10.,6.0625,115.7));
#10767 = VECTOR('',#10768,1.);
#10768 = DIRECTION('',(1.,0.,0.));
#10769 = CARTESIAN_POINT('',(10.,6.0625,115.7));
#10770 = CARTESIAN_POINT('',(265.,6.0625,115.7));
#10771 = GEOMETRIC_CURVE_SET('',(#10772));
#10772 = TRIMMED_CURVE('',#10773,(#10777,PARAMETER_VALUE(0.)),(#10778,
    PARAMETER_VALUE(12.7)),.T.,.PARAMETER.);
#10773 = LINE('',#10774,#10775);
#10774 = CARTESIAN_POINT('',(10.,268.9375,103.));
#10775 = VECTOR('',#10776,1.);
#10776 = DIRECTION('',(0.,0.,1.));
#10777 = CARTESIAN_POINT('',(10.,268.9375,103.));
#10778 = CARTESIAN_POINT('',(10.,268.9375,115.7));
#10779 = GEOMETRIC_CURVE_SET('',(#10780));
#10780 = TRIMMED_CURVE('',#10781,(#10785,PARAMETER_VALUE(0.)),(#10786,
    PARAMETER_VALUE(1.5875)),.T.,.PARAMETER.);
#10781 = LINE('',#10782,#10783);
#10782 = CARTESIAN_POINT('',(10.,268.9375,115.7));
#10783 = VECTOR('',#10784,1.);
#10784 = DIRECTION('',(0.,1.,0.));
#10785 = CARTESIAN_POINT('',(10.,268.9375,115.7));
#10786 = CARTESIAN_POINT('',(10.,270.525,115.7));
#10787 = GEOMETRIC_CURVE_SET('',(#10788));
#10788 = TRIMMED_CURVE('',#10789,(#10793,PARAMETER_VALUE(0.)),(#10794,
    PARAMETER_VALUE(12.7)),.T.,.PARAMETER.);
#10789 = LINE('',#10790,#10791);
#10790 = CARTESIAN_POINT('',(10.,270.525,103.));
#10791 = VECTOR('',#10792,1.);
#10792 = DIRECTION('',(0.,0.,1.));
#10793 = CARTESIAN_POINT('',(10.,270.525,103.));
#10794 = CARTESIAN_POINT('',(10.,270.525,115.7));
#10795 = GEOMETRIC_CURVE_SET('',(#10796));
#10796 = TRIMMED_CURVE('',#10797,(#10801,PARAMETER_VALUE(0.)),(#10802,
    PARAMETER_VALUE(1.5875)),.T.,.PARAMETER.);
#10797 = LINE('',#10798,#10799);
#10798 = CARTESIAN_POINT('',(10.,268.9375,103.));
#10799 = VECTOR('',#10800,1.);
#10800 = DIRECTION('',(0.,1.,0.));
#10801 = CARTESIAN_POINT('',(10.,268.9375,103.));
#10802 = CARTESIAN_POINT('',(10.,270.525,103.));
#10803 = GEOMETRIC_CURVE_SET('',(#10804));
#10804 = TRIMMED_CURVE('',#10805,(#10809,PARAMETER_VALUE(0.)),(#10810,
    PARAMETER_VALUE(12.7)),.T.,.PARAMETER.);
#10805 = LINE('',#10806,#10807);
#10806 = CARTESIAN_POINT('',(265.,268.9375,103.));
#10807 = VECTOR('',#10808,1.);
#10808 = DIRECTION('',(0.,0.,1.));
#10809 = CARTESIAN_POINT('',(265.,268.9375,103.));
#10810 = CARTESIAN_POINT('',(265.,268.9375,115.7));
#10811 = GEOMETRIC_CURVE_SET('',(#10812));
#10812 = TRIMMED_CURVE('',#10813,(#10817,PARAMETER_VALUE(0.)),(#10818,
    PARAMETER_VALUE(1.5875)),.T.,.PARAMETER.);
#10813 = LINE('',#10814,#10815);
#10814 = CARTESIAN_POINT('',(265.,268.9375,115.7));
#10815 = VECTOR('',#10816,1.);
#10816 = DIRECTION('',(0.,1.,0.));
#10817 = CARTESIAN_POINT('',(265.,268.9375,115.7));
#10818 = CARTESIAN_POINT('',(265.,270.525,115.7));
#10819 = GEOMETRIC_CURVE_SET('',(#10820));
#10820 = TRIMMED_CURVE('',#10821,(#10825,PARAMETER_VALUE(0.)),(#10826,
    PARAMETER_VALUE(12.7)),.T.,.PARAMETER.);
#10821 = LINE('',#10822,#10823);
#10822 = CARTESIAN_POINT('',(265.,270.525,103.));
#10823 = VECTOR('',#10824,1.);
#10824 = DIRECTION('',(0.,0.,1.));
#10825 = CARTESIAN_POINT('',(265.,270.525,103.));
#10826 = CARTESIAN_POINT('',(265.,270.525,115.7));
#10827 = GEOMETRIC_CURVE_SET('',(#10828));
#10828 = TRIMMED_CURVE('',#10829,(#10833,PARAMETER_VALUE(0.)),(#10834,
    PARAMETER_VALUE(1.5875)),.T.,.PARAMETER.);
#10829 = LINE('',#10830,#10831);
#10830 = CARTESIAN_POINT('',(265.,268.9375,103.));
#10831 = VECTOR('',#10832,1.);
#10832 = DIRECTION('',(0.,1.,0.));
#10833 = CARTESIAN_POINT('',(265.,268.9375,103.));
#10834 = CARTESIAN_POINT('',(265.,270.525,103.));
#10835 = GEOMETRIC_CURVE_SET('',(#10836));
#10836 = TRIMMED_CURVE('',#10837,(#10841,PARAMETER_VALUE(0.)),(#10842,
    PARAMETER_VALUE(255.)),.T.,.PARAMETER.);
#10837 = LINE('',#10838,#10839);
#10838 = CARTESIAN_POINT('',(10.,268.9375,103.));
#10839 = VECTOR('',#10840,1.);
#10840 = DIRECTION('',(1.,0.,0.));
#10841 = CARTESIAN_POINT('',(10.,268.9375,103.));
#10842 = CARTESIAN_POINT('',(265.,268.9375,103.));
#10843 = GEOMETRIC_CURVE_SET('',(#10844));
#10844 = TRIMMED_CURVE('',#10845,(#10849,PARAMETER_VALUE(0.)),(#10850,
    PARAMETER_VALUE(255.)),.T.,.PARAMETER.);
#10845 = LINE('',#10846,#10847);
#10846 = CARTESIAN_POINT('',(10.,268.9375,115.7));
#10847 = VECTOR('',#10848,1.);
#10848 = DIRECTION('',(1.,0.,0.));
#10849 = CARTESIAN_POINT('',(10.,268.9375,115.7));
#10850 = CARTESIAN_POINT('',(265.,268.9375,115.7));
#10851 = GEOMETRIC_CURVE_SET('',(#10852));
#10852 = TRIMMED_CURVE('',#10853,(#10857,PARAMETER_VALUE(0.)),(#10858,
    PARAMETER_VALUE(255.)),.T.,.PARAMETER.);
#10853 = LINE('',#10854,#10855);
#10854 = CARTESIAN_POINT('',(10.,270.525,103.));
#10855 = VECTOR('',#10856,1.);
#10856 = DIRECTION('',(1.,0.,0.));
#10857 = CARTESIAN_POINT('',(10.,270.525,103.));
#10858 = CARTESIAN_POINT('',(265.,270.525,103.));
#10859 = GEOMETRIC_CURVE_SET('',(#10860));
#10860 = TRIMMED_CURVE('',#10861,(#10865,PARAMETER_VALUE(0.)),(#10866,
    PARAMETER_VALUE(255.)),.T.,.PARAMETER.);
#10861 = LINE('',#10862,#10863);
#10862 = CARTESIAN_POINT('',(10.,270.525,115.7));
#10863 = VECTOR('',#10864,1.);
#10864 = DIRECTION('',(1.,0.,0.));
#10865 = CARTESIAN_POINT('',(10.,270.525,115.7));
#10866 = CARTESIAN_POINT('',(265.,270.525,115.7));
#10867 = GEOMETRIC_CURVE_SET('',(#10868));
#10868 = TRIMMED_CURVE('',#10869,(#10873,PARAMETER_VALUE(0.)),(#10874,
    PARAMETER_VALUE(12.7)),.T.,.PARAMETER.);
#10869 = LINE('',#10870,#10871);
#10870 = CARTESIAN_POINT('',(2.5,20.,103.));
#10871 = VECTOR('',#10872,1.);
#10872 = DIRECTION('',(0.,0.,1.));
#10873 = CARTESIAN_POINT('',(2.5,20.,103.));
#10874 = CARTESIAN_POINT('',(2.5,20.,115.7));
#10875 = GEOMETRIC_CURVE_SET('',(#10876));
#10876 = TRIMMED_CURVE('',#10877,(#10881,PARAMETER_VALUE(0.)),(#10882,
    PARAMETER_VALUE(235.)),.T.,.PARAMETER.);
#10877 = LINE('',#10878,#10879);
#10878 = CARTESIAN_POINT('',(2.5,20.,115.7));
#10879 = VECTOR('',#10880,1.);
#10880 = DIRECTION('',(0.,1.,0.));
#10881 = CARTESIAN_POINT('',(2.5,20.,115.7));
#10882 = CARTESIAN_POINT('',(2.5,255.,115.7));
#10883 = GEOMETRIC_CURVE_SET('',(#10884));
#10884 = TRIMMED_CURVE('',#10885,(#10889,PARAMETER_VALUE(0.)),(#10890,
    PARAMETER_VALUE(12.7)),.T.,.PARAMETER.);
#10885 = LINE('',#10886,#10887);
#10886 = CARTESIAN_POINT('',(2.5,255.,103.));
#10887 = VECTOR('',#10888,1.);
#10888 = DIRECTION('',(0.,0.,1.));
#10889 = CARTESIAN_POINT('',(2.5,255.,103.));
#10890 = CARTESIAN_POINT('',(2.5,255.,115.7));
#10891 = GEOMETRIC_CURVE_SET('',(#10892));
#10892 = TRIMMED_CURVE('',#10893,(#10897,PARAMETER_VALUE(0.)),(#10898,
    PARAMETER_VALUE(235.)),.T.,.PARAMETER.);
#10893 = LINE('',#10894,#10895);
#10894 = CARTESIAN_POINT('',(2.5,20.,103.));
#10895 = VECTOR('',#10896,1.);
#10896 = DIRECTION('',(0.,1.,0.));
#10897 = CARTESIAN_POINT('',(2.5,20.,103.));
#10898 = CARTESIAN_POINT('',(2.5,255.,103.));
#10899 = GEOMETRIC_CURVE_SET('',(#10900));
#10900 = TRIMMED_CURVE('',#10901,(#10905,PARAMETER_VALUE(0.)),(#10906,
    PARAMETER_VALUE(12.7)),.T.,.PARAMETER.);
#10901 = LINE('',#10902,#10903);
#10902 = CARTESIAN_POINT('',(4.0875,20.,103.));
#10903 = VECTOR('',#10904,1.);
#10904 = DIRECTION('',(0.,0.,1.));
#10905 = CARTESIAN_POINT('',(4.0875,20.,103.));
#10906 = CARTESIAN_POINT('',(4.0875,20.,115.7));
#10907 = GEOMETRIC_CURVE_SET('',(#10908));
#10908 = TRIMMED_CURVE('',#10909,(#10913,PARAMETER_VALUE(0.)),(#10914,
    PARAMETER_VALUE(235.)),.T.,.PARAMETER.);
#10909 = LINE('',#10910,#10911);
#10910 = CARTESIAN_POINT('',(4.0875,20.,115.7));
#10911 = VECTOR('',#10912,1.);
#10912 = DIRECTION('',(0.,1.,0.));
#10913 = CARTESIAN_POINT('',(4.0875,20.,115.7));
#10914 = CARTESIAN_POINT('',(4.0875,255.,115.7));
#10915 = GEOMETRIC_CURVE_SET('',(#10916));
#10916 = TRIMMED_CURVE('',#10917,(#10921,PARAMETER_VALUE(0.)),(#10922,
    PARAMETER_VALUE(12.7)),.T.,.PARAMETER.);
#10917 = LINE('',#10918,#10919);
#10918 = CARTESIAN_POINT('',(4.0875,255.,103.));
#10919 = VECTOR('',#10920,1.);
#10920 = DIRECTION('',(0.,0.,1.));
#10921 = CARTESIAN_POINT('',(4.0875,255.,103.));
#10922 = CARTESIAN_POINT('',(4.0875,255.,115.7));
#10923 = GEOMETRIC_CURVE_SET('',(#10924));
#10924 = TRIMMED_CURVE('',#10925,(#10929,PARAMETER_VALUE(0.)),(#10930,
    PARAMETER_VALUE(235.)),.T.,.PARAMETER.);
#10925 = LINE('',#10926,#10927);
#10926 = CARTESIAN_POINT('',(4.0875,20.,103.));
#10927 = VECTOR('',#10928,1.);
#10928 = DIRECTION('',(0.,1.,0.));
#10929 = CARTESIAN_POINT('',(4.0875,20.,103.));
#10930 = CARTESIAN_POINT('',(4.0875,255.,103.));
#10931 = GEOMETRIC_CURVE_SET('',(#10932));
#10932 = TRIMMED_CURVE('',#10933,(#10937,PARAMETER_VALUE(0.)),(#10938,
    PARAMETER_VALUE(1.5875)),.T.,.PARAMETER.);
#10933 = LINE('',#10934,#10935);
#10934 = CARTESIAN_POINT('',(2.5,20.,103.));
#10935 = VECTOR('',#10936,1.);
#10936 = DIRECTION('',(1.,0.,0.));
#10937 = CARTESIAN_POINT('',(2.5,20.,103.));
#10938 = CARTESIAN_POINT('',(4.0875,20.,103.));
#10939 = GEOMETRIC_CURVE_SET('',(#10940));
#10940 = TRIMMED_CURVE('',#10941,(#10945,PARAMETER_VALUE(0.)),(#10946,
    PARAMETER_VALUE(1.5875)),.T.,.PARAMETER.);
#10941 = LINE('',#10942,#10943);
#10942 = CARTESIAN_POINT('',(2.5,20.,115.7));
#10943 = VECTOR('',#10944,1.);
#10944 = DIRECTION('',(1.,0.,0.));
#10945 = CARTESIAN_POINT('',(2.5,20.,115.7));
#10946 = CARTESIAN_POINT('',(4.0875,20.,115.7));
#10947 = GEOMETRIC_CURVE_SET('',(#10948));
#10948 = TRIMMED_CURVE('',#10949,(#10953,PARAMETER_VALUE(0.)),(#10954,
    PARAMETER_VALUE(1.5875)),.T.,.PARAMETER.);
#10949 = LINE('',#10950,#10951);
#10950 = CARTESIAN_POINT('',(2.5,255.,103.));
#10951 = VECTOR('',#10952,1.);
#10952 = DIRECTION('',(1.,0.,0.));
#10953 = CARTESIAN_POINT('',(2.5,255.,103.));
#10954 = CARTESIAN_POINT('',(4.0875,255.,103.));
#10955 = GEOMETRIC_CURVE_SET('',(#10956));
#10956 = TRIMMED_CURVE('',#10957,(#10961,PARAMETER_VALUE(0.)),(#10962,
    PARAMETER_VALUE(1.5875)),.T.,.PARAMETER.);
#10957 = LINE('',#10958,#10959);
#10958 = CARTESIAN_POINT('',(2.5,255.,115.7));
#10959 = VECTOR('',#10960,1.);
#10960 = DIRECTION('',(1.,0.,0.));
#10961 = CARTESIAN_POINT('',(2.5,255.,115.7));
#10962 = CARTESIAN_POINT('',(4.0875,255.,115.7));
#10963 = GEOMETRIC_CURVE_SET('',(#10964));
#10964 = TRIMMED_CURVE('',#10965,(#10969,PARAMETER_VALUE(0.)),(#10970,
    PARAMETER_VALUE(12.7)),.T.,.PARAMETER.);
#10965 = LINE('',#10966,#10967);
#10966 = CARTESIAN_POINT('',(270.9125,20.,103.));
#10967 = VECTOR('',#10968,1.);
#10968 = DIRECTION('',(0.,0.,1.));
#10969 = CARTESIAN_POINT('',(270.9125,20.,103.));
#10970 = CARTESIAN_POINT('',(270.9125,20.,115.7));
#10971 = GEOMETRIC_CURVE_SET('',(#10972));
#10972 = TRIMMED_CURVE('',#10973,(#10977,PARAMETER_VALUE(0.)),(#10978,
    PARAMETER_VALUE(235.)),.T.,.PARAMETER.);
#10973 = LINE('',#10974,#10975);
#10974 = CARTESIAN_POINT('',(270.9125,20.,115.7));
#10975 = VECTOR('',#10976,1.);
#10976 = DIRECTION('',(0.,1.,0.));
#10977 = CARTESIAN_POINT('',(270.9125,20.,115.7));
#10978 = CARTESIAN_POINT('',(270.9125,255.,115.7));
#10979 = GEOMETRIC_CURVE_SET('',(#10980));
#10980 = TRIMMED_CURVE('',#10981,(#10985,PARAMETER_VALUE(0.)),(#10986,
    PARAMETER_VALUE(12.7)),.T.,.PARAMETER.);
#10981 = LINE('',#10982,#10983);
#10982 = CARTESIAN_POINT('',(270.9125,255.,103.));
#10983 = VECTOR('',#10984,1.);
#10984 = DIRECTION('',(0.,0.,1.));
#10985 = CARTESIAN_POINT('',(270.9125,255.,103.));
#10986 = CARTESIAN_POINT('',(270.9125,255.,115.7));
#10987 = GEOMETRIC_CURVE_SET('',(#10988));
#10988 = TRIMMED_CURVE('',#10989,(#10993,PARAMETER_VALUE(0.)),(#10994,
    PARAMETER_VALUE(235.)),.T.,.PARAMETER.);
#10989 = LINE('',#10990,#10991);
#10990 = CARTESIAN_POINT('',(270.9125,20.,103.));
#10991 = VECTOR('',#10992,1.);
#10992 = DIRECTION('',(0.,1.,0.));
#10993 = CARTESIAN_POINT('',(270.9125,20.,103.));
#10994 = CARTESIAN_POINT('',(270.9125,255.,103.));
#10995 = GEOMETRIC_CURVE_SET('',(#10996));
#10996 = TRIMMED_CURVE('',#10997,(#11001,PARAMETER_VALUE(0.)),(#11002,
    PARAMETER_VALUE(12.7)),.T.,.PARAMETER.);
#10997 = LINE('',#10998,#10999);
#10998 = CARTESIAN_POINT('',(272.5,20.,103.));
#10999 = VECTOR('',#11000,1.);
#11000 = DIRECTION('',(0.,0.,1.));
#11001 = CARTESIAN_POINT('',(272.5,20.,103.));
#11002 = CARTESIAN_POINT('',(272.5,20.,115.7));
#11003 = GEOMETRIC_CURVE_SET('',(#11004));
#11004 = TRIMMED_CURVE('',#11005,(#11009,PARAMETER_VALUE(0.)),(#11010,
    PARAMETER_VALUE(235.)),.T.,.PARAMETER.);
#11005 = LINE('',#11006,#11007);
#11006 = CARTESIAN_POINT('',(272.5,20.,115.7));
#11007 = VECTOR('',#11008,1.);
#11008 = DIRECTION('',(0.,1.,0.));
#11009 = CARTESIAN_POINT('',(272.5,20.,115.7));
#11010 = CARTESIAN_POINT('',(272.5,255.,115.7));
#11011 = GEOMETRIC_CURVE_SET('',(#11012));
#11012 = TRIMMED_CURVE('',#11013,(#11017,PARAMETER_VALUE(0.)),(#11018,
    PARAMETER_VALUE(12.7)),.T.,.PARAMETER.);
#11013 = LINE('',#11014,#11015);
#11014 = CARTESIAN_POINT('',(272.5,255.,103.));
#11015 = VECTOR('',#11016,1.);
#11016 = DIRECTION('',(0.,0.,1.));
#11017 = CARTESIAN_POINT('',(272.5,255.,103.));
#11018 = CARTESIAN_POINT('',(272.5,255.,115.7));
#11019 = GEOMETRIC_CURVE_SET('',(#11020));
#11020 = TRIMMED_CURVE('',#11021,(#11025,PARAMETER_VALUE(0.)),(#11026,
    PARAMETER_VALUE(235.)),.T.,.PARAMETER.);
#11021 = LINE('',#11022,#11023);
#11022 = CARTESIAN_POINT('',(272.5,20.,103.));
#11023 = VECTOR('',#11024,1.);
#11024 = DIRECTION('',(0.,1.,0.));
#11025 = CARTESIAN_POINT('',(272.5,20.,103.));
#11026 = CARTESIAN_POINT('',(272.5,255.,103.));
#11027 = GEOMETRIC_CURVE_SET('',(#11028));
#11028 = TRIMMED_CURVE('',#11029,(#11033,PARAMETER_VALUE(0.)),(#11034,
    PARAMETER_VALUE(1.5875)),.T.,.PARAMETER.);
#11029 = LINE('',#11030,#11031);
#11030 = CARTESIAN_POINT('',(270.9125,20.,103.));
#11031 = VECTOR('',#11032,1.);
#11032 = DIRECTION('',(1.,0.,0.));
#11033 = CARTESIAN_POINT('',(270.9125,20.,103.));
#11034 = CARTESIAN_POINT('',(272.5,20.,103.));
#11035 = GEOMETRIC_CURVE_SET('',(#11036));
#11036 = TRIMMED_CURVE('',#11037,(#11041,PARAMETER_VALUE(0.)),(#11042,
    PARAMETER_VALUE(1.5875)),.T.,.PARAMETER.);
#11037 = LINE('',#11038,#11039);
#11038 = CARTESIAN_POINT('',(270.9125,20.,115.7));
#11039 = VECTOR('',#11040,1.);
#11040 = DIRECTION('',(1.,0.,0.));
#11041 = CARTESIAN_POINT('',(270.9125,20.,115.7));
#11042 = CARTESIAN_POINT('',(272.5,20.,115.7));
#11043 = GEOMETRIC_CURVE_SET('',(#11044));
#11044 = TRIMMED_CURVE('',#11045,(#11049,PARAMETER_VALUE(0.)),(#11050,
    PARAMETER_VALUE(1.5875)),.T.,.PARAMETER.);
#11045 = LINE('',#11046,#11047);
#11046 = CARTESIAN_POINT('',(270.9125,255.,103.));
#11047 = VECTOR('',#11048,1.);
#11048 = DIRECTION('',(1.,0.,0.));
#11049 = CARTESIAN_POINT('',(270.9125,255.,103.));
#11050 = CARTESIAN_POINT('',(272.5,255.,103.));
#11051 = GEOMETRIC_CURVE_SET('',(#11052));
#11052 = TRIMMED_CURVE('',#11053,(#11057,PARAMETER_VALUE(0.)),(#11058,
    PARAMETER_VALUE(1.5875)),.T.,.PARAMETER.);
#11053 = LINE('',#11054,#11055);
#11054 = CARTESIAN_POINT('',(270.9125,255.,115.7));
#11055 = VECTOR('',#11056,1.);
#11056 = DIRECTION('',(1.,0.,0.));
#11057 = CARTESIAN_POINT('',(270.9125,255.,115.7));
#11058 = CARTESIAN_POINT('',(272.5,255.,115.7));
#11059 = GEOMETRIC_CURVE_SET('',(#11060));
#11060 = TRIMMED_CURVE('',#11061,(#11065,PARAMETER_VALUE(0.)),(#11066,
    PARAMETER_VALUE(12.7)),.T.,.PARAMETER.);
#11061 = LINE('',#11062,#11063);
#11062 = CARTESIAN_POINT('',(4.0875,26.7,103.));
#11063 = VECTOR('',#11064,1.);
#11064 = DIRECTION('',(0.,0.,1.));
#11065 = CARTESIAN_POINT('',(4.0875,26.7,103.));
#11066 = CARTESIAN_POINT('',(4.0875,26.7,115.7));
#11067 = GEOMETRIC_CURVE_SET('',(#11068));
#11068 = TRIMMED_CURVE('',#11069,(#11073,PARAMETER_VALUE(0.)),(#11074,
    PARAMETER_VALUE(12.7)),.T.,.PARAMETER.);
#11069 = LINE('',#11070,#11071);
#11070 = CARTESIAN_POINT('',(4.0875,26.7,115.7));
#11071 = VECTOR('',#11072,1.);
#11072 = DIRECTION('',(0.,1.,0.));
#11073 = CARTESIAN_POINT('',(4.0875,26.7,115.7));
#11074 = CARTESIAN_POINT('',(4.0875,39.4,115.7));
#11075 = GEOMETRIC_CURVE_SET('',(#11076));
#11076 = TRIMMED_CURVE('',#11077,(#11081,PARAMETER_VALUE(0.)),(#11082,
    PARAMETER_VALUE(12.7)),.T.,.PARAMETER.);
#11077 = LINE('',#11078,#11079);
#11078 = CARTESIAN_POINT('',(4.0875,39.4,103.));
#11079 = VECTOR('',#11080,1.);
#11080 = DIRECTION('',(0.,0.,1.));
#11081 = CARTESIAN_POINT('',(4.0875,39.4,103.));
#11082 = CARTESIAN_POINT('',(4.0875,39.4,115.7));
#11083 = GEOMETRIC_CURVE_SET('',(#11084));
#11084 = TRIMMED_CURVE('',#11085,(#11089,PARAMETER_VALUE(0.)),(#11090,
    PARAMETER_VALUE(12.7)),.T.,.PARAMETER.);
#11085 = LINE('',#11086,#11087);
#11086 = CARTESIAN_POINT('',(4.0875,26.7,103.));
#11087 = VECTOR('',#11088,1.);
#11088 = DIRECTION('',(0.,1.,0.));
#11089 = CARTESIAN_POINT('',(4.0875,26.7,103.));
#11090 = CARTESIAN_POINT('',(4.0875,39.4,103.));
#11091 = GEOMETRIC_CURVE_SET('',(#11092));
#11092 = TRIMMED_CURVE('',#11093,(#11097,PARAMETER_VALUE(0.)),(#11098,
    PARAMETER_VALUE(12.7)),.T.,.PARAMETER.);
#11093 = LINE('',#11094,#11095);
#11094 = CARTESIAN_POINT('',(5.675,26.7,103.));
#11095 = VECTOR('',#11096,1.);
#11096 = DIRECTION('',(0.,0.,1.));
#11097 = CARTESIAN_POINT('',(5.675,26.7,103.));
#11098 = CARTESIAN_POINT('',(5.675,26.7,115.7));
#11099 = GEOMETRIC_CURVE_SET('',(#11100));
#11100 = TRIMMED_CURVE('',#11101,(#11105,PARAMETER_VALUE(0.)),(#11106,
    PARAMETER_VALUE(12.7)),.T.,.PARAMETER.);
#11101 = LINE('',#11102,#11103);
#11102 = CARTESIAN_POINT('',(5.675,26.7,115.7));
#11103 = VECTOR('',#11104,1.);
#11104 = DIRECTION('',(0.,1.,0.));
#11105 = CARTESIAN_POINT('',(5.675,26.7,115.7));
#11106 = CARTESIAN_POINT('',(5.675,39.4,115.7));
#11107 = GEOMETRIC_CURVE_SET('',(#11108));
#11108 = TRIMMED_CURVE('',#11109,(#11113,PARAMETER_VALUE(0.)),(#11114,
    PARAMETER_VALUE(12.7)),.T.,.PARAMETER.);
#11109 = LINE('',#11110,#11111);
#11110 = CARTESIAN_POINT('',(5.675,39.4,103.));
#11111 = VECTOR('',#11112,1.);
#11112 = DIRECTION('',(0.,0.,1.));
#11113 = CARTESIAN_POINT('',(5.675,39.4,103.));
#11114 = CARTESIAN_POINT('',(5.675,39.4,115.7));
#11115 = GEOMETRIC_CURVE_SET('',(#11116));
#11116 = TRIMMED_CURVE('',#11117,(#11121,PARAMETER_VALUE(0.)),(#11122,
    PARAMETER_VALUE(12.7)),.T.,.PARAMETER.);
#11117 = LINE('',#11118,#11119);
#11118 = CARTESIAN_POINT('',(5.675,26.7,103.));
#11119 = VECTOR('',#11120,1.);
#11120 = DIRECTION('',(0.,1.,0.));
#11121 = CARTESIAN_POINT('',(5.675,26.7,103.));
#11122 = CARTESIAN_POINT('',(5.675,39.4,103.));
#11123 = GEOMETRIC_CURVE_SET('',(#11124));
#11124 = TRIMMED_CURVE('',#11125,(#11129,PARAMETER_VALUE(0.)),(#11130,
    PARAMETER_VALUE(1.5875)),.T.,.PARAMETER.);
#11125 = LINE('',#11126,#11127);
#11126 = CARTESIAN_POINT('',(4.0875,26.7,103.));
#11127 = VECTOR('',#11128,1.);
#11128 = DIRECTION('',(1.,0.,0.));
#11129 = CARTESIAN_POINT('',(4.0875,26.7,103.));
#11130 = CARTESIAN_POINT('',(5.675,26.7,103.));
#11131 = GEOMETRIC_CURVE_SET('',(#11132));
#11132 = TRIMMED_CURVE('',#11133,(#11137,PARAMETER_VALUE(0.)),(#11138,
    PARAMETER_VALUE(1.5875)),.T.,.PARAMETER.);
#11133 = LINE('',#11134,#11135);
#11134 = CARTESIAN_POINT('',(4.0875,26.7,115.7));
#11135 = VECTOR('',#11136,1.);
#11136 = DIRECTION('',(1.,0.,0.));
#11137 = CARTESIAN_POINT('',(4.0875,26.7,115.7));
#11138 = CARTESIAN_POINT('',(5.675,26.7,115.7));
#11139 = GEOMETRIC_CURVE_SET('',(#11140));
#11140 = TRIMMED_CURVE('',#11141,(#11145,PARAMETER_VALUE(0.)),(#11146,
    PARAMETER_VALUE(1.5875)),.T.,.PARAMETER.);
#11141 = LINE('',#11142,#11143);
#11142 = CARTESIAN_POINT('',(4.0875,39.4,103.));
#11143 = VECTOR('',#11144,1.);
#11144 = DIRECTION('',(1.,0.,0.));
#11145 = CARTESIAN_POINT('',(4.0875,39.4,103.));
#11146 = CARTESIAN_POINT('',(5.675,39.4,103.));
#11147 = GEOMETRIC_CURVE_SET('',(#11148));
#11148 = TRIMMED_CURVE('',#11149,(#11153,PARAMETER_VALUE(0.)),(#11154,
    PARAMETER_VALUE(1.5875)),.T.,.PARAMETER.);
#11149 = LINE('',#11150,#11151);
#11150 = CARTESIAN_POINT('',(4.0875,39.4,115.7));
#11151 = VECTOR('',#11152,1.);
#11152 = DIRECTION('',(1.,0.,0.));
#11153 = CARTESIAN_POINT('',(4.0875,39.4,115.7));
#11154 = CARTESIAN_POINT('',(5.675,39.4,115.7));
#11155 = GEOMETRIC_CURVE_SET('',(#11156));
#11156 = TRIMMED_CURVE('',#11157,(#11161,PARAMETER_VALUE(0.)),(#11162,
    PARAMETER_VALUE(12.7)),.T.,.PARAMETER.);
#11157 = LINE('',#11158,#11159);
#11158 = CARTESIAN_POINT('',(5.675,26.7,103.));
#11159 = VECTOR('',#11160,1.);
#11160 = DIRECTION('',(0.,0.,1.));
#11161 = CARTESIAN_POINT('',(5.675,26.7,103.));
#11162 = CARTESIAN_POINT('',(5.675,26.7,115.7));
#11163 = GEOMETRIC_CURVE_SET('',(#11164));
#11164 = TRIMMED_CURVE('',#11165,(#11169,PARAMETER_VALUE(0.)),(#11170,
    PARAMETER_VALUE(1.5875)),.T.,.PARAMETER.);
#11165 = LINE('',#11166,#11167);
#11166 = CARTESIAN_POINT('',(5.675,26.7,115.7));
#11167 = VECTOR('',#11168,1.);
#11168 = DIRECTION('',(0.,1.,0.));
#11169 = CARTESIAN_POINT('',(5.675,26.7,115.7));
#11170 = CARTESIAN_POINT('',(5.675,28.2875,115.7));
#11171 = GEOMETRIC_CURVE_SET('',(#11172));
#11172 = TRIMMED_CURVE('',#11173,(#11177,PARAMETER_VALUE(0.)),(#11178,
    PARAMETER_VALUE(12.7)),.T.,.PARAMETER.);
#11173 = LINE('',#11174,#11175);
#11174 = CARTESIAN_POINT('',(5.675,28.2875,103.));
#11175 = VECTOR('',#11176,1.);
#11176 = DIRECTION('',(0.,0.,1.));
#11177 = CARTESIAN_POINT('',(5.675,28.2875,103.));
#11178 = CARTESIAN_POINT('',(5.675,28.2875,115.7));
#11179 = GEOMETRIC_CURVE_SET('',(#11180));
#11180 = TRIMMED_CURVE('',#11181,(#11185,PARAMETER_VALUE(0.)),(#11186,
    PARAMETER_VALUE(1.5875)),.T.,.PARAMETER.);
#11181 = LINE('',#11182,#11183);
#11182 = CARTESIAN_POINT('',(5.675,26.7,103.));
#11183 = VECTOR('',#11184,1.);
#11184 = DIRECTION('',(0.,1.,0.));
#11185 = CARTESIAN_POINT('',(5.675,26.7,103.));
#11186 = CARTESIAN_POINT('',(5.675,28.2875,103.));
#11187 = GEOMETRIC_CURVE_SET('',(#11188));
#11188 = TRIMMED_CURVE('',#11189,(#11193,PARAMETER_VALUE(0.)),(#11194,
    PARAMETER_VALUE(12.7)),.T.,.PARAMETER.);
#11189 = LINE('',#11190,#11191);
#11190 = CARTESIAN_POINT('',(16.7875,26.7,103.));
#11191 = VECTOR('',#11192,1.);
#11192 = DIRECTION('',(0.,0.,1.));
#11193 = CARTESIAN_POINT('',(16.7875,26.7,103.));
#11194 = CARTESIAN_POINT('',(16.7875,26.7,115.7));
#11195 = GEOMETRIC_CURVE_SET('',(#11196));
#11196 = TRIMMED_CURVE('',#11197,(#11201,PARAMETER_VALUE(0.)),(#11202,
    PARAMETER_VALUE(1.5875)),.T.,.PARAMETER.);
#11197 = LINE('',#11198,#11199);
#11198 = CARTESIAN_POINT('',(16.7875,26.7,115.7));
#11199 = VECTOR('',#11200,1.);
#11200 = DIRECTION('',(0.,1.,0.));
#11201 = CARTESIAN_POINT('',(16.7875,26.7,115.7));
#11202 = CARTESIAN_POINT('',(16.7875,28.2875,115.7));
#11203 = GEOMETRIC_CURVE_SET('',(#11204));
#11204 = TRIMMED_CURVE('',#11205,(#11209,PARAMETER_VALUE(0.)),(#11210,
    PARAMETER_VALUE(12.7)),.T.,.PARAMETER.);
#11205 = LINE('',#11206,#11207);
#11206 = CARTESIAN_POINT('',(16.7875,28.2875,103.));
#11207 = VECTOR('',#11208,1.);
#11208 = DIRECTION('',(0.,0.,1.));
#11209 = CARTESIAN_POINT('',(16.7875,28.2875,103.));
#11210 = CARTESIAN_POINT('',(16.7875,28.2875,115.7));
#11211 = GEOMETRIC_CURVE_SET('',(#11212));
#11212 = TRIMMED_CURVE('',#11213,(#11217,PARAMETER_VALUE(0.)),(#11218,
    PARAMETER_VALUE(1.5875)),.T.,.PARAMETER.);
#11213 = LINE('',#11214,#11215);
#11214 = CARTESIAN_POINT('',(16.7875,26.7,103.));
#11215 = VECTOR('',#11216,1.);
#11216 = DIRECTION('',(0.,1.,0.));
#11217 = CARTESIAN_POINT('',(16.7875,26.7,103.));
#11218 = CARTESIAN_POINT('',(16.7875,28.2875,103.));
#11219 = GEOMETRIC_CURVE_SET('',(#11220));
#11220 = TRIMMED_CURVE('',#11221,(#11225,PARAMETER_VALUE(0.)),(#11226,
    PARAMETER_VALUE(11.1125)),.T.,.PARAMETER.);
#11221 = LINE('',#11222,#11223);
#11222 = CARTESIAN_POINT('',(5.675,26.7,103.));
#11223 = VECTOR('',#11224,1.);
#11224 = DIRECTION('',(1.,0.,0.));
#11225 = CARTESIAN_POINT('',(5.675,26.7,103.));
#11226 = CARTESIAN_POINT('',(16.7875,26.7,103.));
#11227 = GEOMETRIC_CURVE_SET('',(#11228));
#11228 = TRIMMED_CURVE('',#11229,(#11233,PARAMETER_VALUE(0.)),(#11234,
    PARAMETER_VALUE(11.1125)),.T.,.PARAMETER.);
#11229 = LINE('',#11230,#11231);
#11230 = CARTESIAN_POINT('',(5.675,26.7,115.7));
#11231 = VECTOR('',#11232,1.);
#11232 = DIRECTION('',(1.,0.,0.));
#11233 = CARTESIAN_POINT('',(5.675,26.7,115.7));
#11234 = CARTESIAN_POINT('',(16.7875,26.7,115.7));
#11235 = GEOMETRIC_CURVE_SET('',(#11236));
#11236 = TRIMMED_CURVE('',#11237,(#11241,PARAMETER_VALUE(0.)),(#11242,
    PARAMETER_VALUE(11.1125)),.T.,.PARAMETER.);
#11237 = LINE('',#11238,#11239);
#11238 = CARTESIAN_POINT('',(5.675,28.2875,103.));
#11239 = VECTOR('',#11240,1.);
#11240 = DIRECTION('',(1.,0.,0.));
#11241 = CARTESIAN_POINT('',(5.675,28.2875,103.));
#11242 = CARTESIAN_POINT('',(16.7875,28.2875,103.));
#11243 = GEOMETRIC_CURVE_SET('',(#11244));
#11244 = TRIMMED_CURVE('',#11245,(#11249,PARAMETER_VALUE(0.)),(#11250,
    PARAMETER_VALUE(11.1125)),.T.,.PARAMETER.);
#11245 = LINE('',#11246,#11247);
#11246 = CARTESIAN_POINT('',(5.675,28.2875,115.7));
#11247 = VECTOR('',#11248,1.);
#11248 = DIRECTION('',(1.,0.,0.));
#11249 = CARTESIAN_POINT('',(5.675,28.2875,115.7));
#11250 = CARTESIAN_POINT('',(16.7875,28.2875,115.7));
#11251 = GEOMETRIC_CURVE_SET('',(#11252));
#11252 = TRIMMED_CURVE('',#11253,(#11257,PARAMETER_VALUE(0.)),(#11258,
    PARAMETER_VALUE(12.7)),.T.,.PARAMETER.);
#11253 = LINE('',#11254,#11255);
#11254 = CARTESIAN_POINT('',(269.325,26.7,103.));
#11255 = VECTOR('',#11256,1.);
#11256 = DIRECTION('',(0.,0.,1.));
#11257 = CARTESIAN_POINT('',(269.325,26.7,103.));
#11258 = CARTESIAN_POINT('',(269.325,26.7,115.7));
#11259 = GEOMETRIC_CURVE_SET('',(#11260));
#11260 = TRIMMED_CURVE('',#11261,(#11265,PARAMETER_VALUE(0.)),(#11266,
    PARAMETER_VALUE(12.7)),.T.,.PARAMETER.);
#11261 = LINE('',#11262,#11263);
#11262 = CARTESIAN_POINT('',(269.325,26.7,115.7));
#11263 = VECTOR('',#11264,1.);
#11264 = DIRECTION('',(0.,1.,0.));
#11265 = CARTESIAN_POINT('',(269.325,26.7,115.7));
#11266 = CARTESIAN_POINT('',(269.325,39.4,115.7));
#11267 = GEOMETRIC_CURVE_SET('',(#11268));
#11268 = TRIMMED_CURVE('',#11269,(#11273,PARAMETER_VALUE(0.)),(#11274,
    PARAMETER_VALUE(12.7)),.T.,.PARAMETER.);
#11269 = LINE('',#11270,#11271);
#11270 = CARTESIAN_POINT('',(269.325,39.4,103.));
#11271 = VECTOR('',#11272,1.);
#11272 = DIRECTION('',(0.,0.,1.));
#11273 = CARTESIAN_POINT('',(269.325,39.4,103.));
#11274 = CARTESIAN_POINT('',(269.325,39.4,115.7));
#11275 = GEOMETRIC_CURVE_SET('',(#11276));
#11276 = TRIMMED_CURVE('',#11277,(#11281,PARAMETER_VALUE(0.)),(#11282,
    PARAMETER_VALUE(12.7)),.T.,.PARAMETER.);
#11277 = LINE('',#11278,#11279);
#11278 = CARTESIAN_POINT('',(269.325,26.7,103.));
#11279 = VECTOR('',#11280,1.);
#11280 = DIRECTION('',(0.,1.,0.));
#11281 = CARTESIAN_POINT('',(269.325,26.7,103.));
#11282 = CARTESIAN_POINT('',(269.325,39.4,103.));
#11283 = GEOMETRIC_CURVE_SET('',(#11284));
#11284 = TRIMMED_CURVE('',#11285,(#11289,PARAMETER_VALUE(0.)),(#11290,
    PARAMETER_VALUE(12.7)),.T.,.PARAMETER.);
#11285 = LINE('',#11286,#11287);
#11286 = CARTESIAN_POINT('',(270.9125,26.7,103.));
#11287 = VECTOR('',#11288,1.);
#11288 = DIRECTION('',(0.,0.,1.));
#11289 = CARTESIAN_POINT('',(270.9125,26.7,103.));
#11290 = CARTESIAN_POINT('',(270.9125,26.7,115.7));
#11291 = GEOMETRIC_CURVE_SET('',(#11292));
#11292 = TRIMMED_CURVE('',#11293,(#11297,PARAMETER_VALUE(0.)),(#11298,
    PARAMETER_VALUE(12.7)),.T.,.PARAMETER.);
#11293 = LINE('',#11294,#11295);
#11294 = CARTESIAN_POINT('',(270.9125,26.7,115.7));
#11295 = VECTOR('',#11296,1.);
#11296 = DIRECTION('',(0.,1.,0.));
#11297 = CARTESIAN_POINT('',(270.9125,26.7,115.7));
#11298 = CARTESIAN_POINT('',(270.9125,39.4,115.7));
#11299 = GEOMETRIC_CURVE_SET('',(#11300));
#11300 = TRIMMED_CURVE('',#11301,(#11305,PARAMETER_VALUE(0.)),(#11306,
    PARAMETER_VALUE(12.7)),.T.,.PARAMETER.);
#11301 = LINE('',#11302,#11303);
#11302 = CARTESIAN_POINT('',(270.9125,39.4,103.));
#11303 = VECTOR('',#11304,1.);
#11304 = DIRECTION('',(0.,0.,1.));
#11305 = CARTESIAN_POINT('',(270.9125,39.4,103.));
#11306 = CARTESIAN_POINT('',(270.9125,39.4,115.7));
#11307 = GEOMETRIC_CURVE_SET('',(#11308));
#11308 = TRIMMED_CURVE('',#11309,(#11313,PARAMETER_VALUE(0.)),(#11314,
    PARAMETER_VALUE(12.7)),.T.,.PARAMETER.);
#11309 = LINE('',#11310,#11311);
#11310 = CARTESIAN_POINT('',(270.9125,26.7,103.));
#11311 = VECTOR('',#11312,1.);
#11312 = DIRECTION('',(0.,1.,0.));
#11313 = CARTESIAN_POINT('',(270.9125,26.7,103.));
#11314 = CARTESIAN_POINT('',(270.9125,39.4,103.));
#11315 = GEOMETRIC_CURVE_SET('',(#11316));
#11316 = TRIMMED_CURVE('',#11317,(#11321,PARAMETER_VALUE(0.)),(#11322,
    PARAMETER_VALUE(1.5875)),.T.,.PARAMETER.);
#11317 = LINE('',#11318,#11319);
#11318 = CARTESIAN_POINT('',(269.325,26.7,103.));
#11319 = VECTOR('',#11320,1.);
#11320 = DIRECTION('',(1.,0.,0.));
#11321 = CARTESIAN_POINT('',(269.325,26.7,103.));
#11322 = CARTESIAN_POINT('',(270.9125,26.7,103.));
#11323 = GEOMETRIC_CURVE_SET('',(#11324));
#11324 = TRIMMED_CURVE('',#11325,(#11329,PARAMETER_VALUE(0.)),(#11330,
    PARAMETER_VALUE(1.5875)),.T.,.PARAMETER.);
#11325 = LINE('',#11326,#11327);
#11326 = CARTESIAN_POINT('',(269.325,26.7,115.7));
#11327 = VECTOR('',#11328,1.);
#11328 = DIRECTION('',(1.,0.,0.));
#11329 = CARTESIAN_POINT('',(269.325,26.7,115.7));
#11330 = CARTESIAN_POINT('',(270.9125,26.7,115.7));
#11331 = GEOMETRIC_CURVE_SET('',(#11332));
#11332 = TRIMMED_CURVE('',#11333,(#11337,PARAMETER_VALUE(0.)),(#11338,
    PARAMETER_VALUE(1.5875)),.T.,.PARAMETER.);
#11333 = LINE('',#11334,#11335);
#11334 = CARTESIAN_POINT('',(269.325,39.4,103.));
#11335 = VECTOR('',#11336,1.);
#11336 = DIRECTION('',(1.,0.,0.));
#11337 = CARTESIAN_POINT('',(269.325,39.4,103.));
#11338 = CARTESIAN_POINT('',(270.9125,39.4,103.));
#11339 = GEOMETRIC_CURVE_SET('',(#11340));
#11340 = TRIMMED_CURVE('',#11341,(#11345,PARAMETER_VALUE(0.)),(#11346,
    PARAMETER_VALUE(1.5875)),.T.,.PARAMETER.);
#11341 = LINE('',#11342,#11343);
#11342 = CARTESIAN_POINT('',(269.325,39.4,115.7));
#11343 = VECTOR('',#11344,1.);
#11344 = DIRECTION('',(1.,0.,0.));
#11345 = CARTESIAN_POINT('',(269.325,39.4,115.7));
#11346 = CARTESIAN_POINT('',(270.9125,39.4,115.7));
#11347 = GEOMETRIC_CURVE_SET('',(#11348));
#11348 = TRIMMED_CURVE('',#11349,(#11353,PARAMETER_VALUE(0.)),(#11354,
    PARAMETER_VALUE(12.7)),.T.,.PARAMETER.);
#11349 = LINE('',#11350,#11351);
#11350 = CARTESIAN_POINT('',(258.2125,26.7,103.));
#11351 = VECTOR('',#11352,1.);
#11352 = DIRECTION('',(0.,0.,1.));
#11353 = CARTESIAN_POINT('',(258.2125,26.7,103.));
#11354 = CARTESIAN_POINT('',(258.2125,26.7,115.7));
#11355 = GEOMETRIC_CURVE_SET('',(#11356));
#11356 = TRIMMED_CURVE('',#11357,(#11361,PARAMETER_VALUE(0.)),(#11362,
    PARAMETER_VALUE(1.5875)),.T.,.PARAMETER.);
#11357 = LINE('',#11358,#11359);
#11358 = CARTESIAN_POINT('',(258.2125,26.7,115.7));
#11359 = VECTOR('',#11360,1.);
#11360 = DIRECTION('',(0.,1.,0.));
#11361 = CARTESIAN_POINT('',(258.2125,26.7,115.7));
#11362 = CARTESIAN_POINT('',(258.2125,28.2875,115.7));
#11363 = GEOMETRIC_CURVE_SET('',(#11364));
#11364 = TRIMMED_CURVE('',#11365,(#11369,PARAMETER_VALUE(0.)),(#11370,
    PARAMETER_VALUE(12.7)),.T.,.PARAMETER.);
#11365 = LINE('',#11366,#11367);
#11366 = CARTESIAN_POINT('',(258.2125,28.2875,103.));
#11367 = VECTOR('',#11368,1.);
#11368 = DIRECTION('',(0.,0.,1.));
#11369 = CARTESIAN_POINT('',(258.2125,28.2875,103.));
#11370 = CARTESIAN_POINT('',(258.2125,28.2875,115.7));
#11371 = GEOMETRIC_CURVE_SET('',(#11372));
#11372 = TRIMMED_CURVE('',#11373,(#11377,PARAMETER_VALUE(0.)),(#11378,
    PARAMETER_VALUE(1.5875)),.T.,.PARAMETER.);
#11373 = LINE('',#11374,#11375);
#11374 = CARTESIAN_POINT('',(258.2125,26.7,103.));
#11375 = VECTOR('',#11376,1.);
#11376 = DIRECTION('',(0.,1.,0.));
#11377 = CARTESIAN_POINT('',(258.2125,26.7,103.));
#11378 = CARTESIAN_POINT('',(258.2125,28.2875,103.));
#11379 = GEOMETRIC_CURVE_SET('',(#11380));
#11380 = TRIMMED_CURVE('',#11381,(#11385,PARAMETER_VALUE(0.)),(#11386,
    PARAMETER_VALUE(12.7)),.T.,.PARAMETER.);
#11381 = LINE('',#11382,#11383);
#11382 = CARTESIAN_POINT('',(269.325,26.7,103.));
#11383 = VECTOR('',#11384,1.);
#11384 = DIRECTION('',(0.,0.,1.));
#11385 = CARTESIAN_POINT('',(269.325,26.7,103.));
#11386 = CARTESIAN_POINT('',(269.325,26.7,115.7));
#11387 = GEOMETRIC_CURVE_SET('',(#11388));
#11388 = TRIMMED_CURVE('',#11389,(#11393,PARAMETER_VALUE(0.)),(#11394,
    PARAMETER_VALUE(1.5875)),.T.,.PARAMETER.);
#11389 = LINE('',#11390,#11391);
#11390 = CARTESIAN_POINT('',(269.325,26.7,115.7));
#11391 = VECTOR('',#11392,1.);
#11392 = DIRECTION('',(0.,1.,0.));
#11393 = CARTESIAN_POINT('',(269.325,26.7,115.7));
#11394 = CARTESIAN_POINT('',(269.325,28.2875,115.7));
#11395 = GEOMETRIC_CURVE_SET('',(#11396));
#11396 = TRIMMED_CURVE('',#11397,(#11401,PARAMETER_VALUE(0.)),(#11402,
    PARAMETER_VALUE(12.7)),.T.,.PARAMETER.);
#11397 = LINE('',#11398,#11399);
#11398 = CARTESIAN_POINT('',(269.325,28.2875,103.));
#11399 = VECTOR('',#11400,1.);
#11400 = DIRECTION('',(0.,0.,1.));
#11401 = CARTESIAN_POINT('',(269.325,28.2875,103.));
#11402 = CARTESIAN_POINT('',(269.325,28.2875,115.7));
#11403 = GEOMETRIC_CURVE_SET('',(#11404));
#11404 = TRIMMED_CURVE('',#11405,(#11409,PARAMETER_VALUE(0.)),(#11410,
    PARAMETER_VALUE(1.5875)),.T.,.PARAMETER.);
#11405 = LINE('',#11406,#11407);
#11406 = CARTESIAN_POINT('',(269.325,26.7,103.));
#11407 = VECTOR('',#11408,1.);
#11408 = DIRECTION('',(0.,1.,0.));
#11409 = CARTESIAN_POINT('',(269.325,26.7,103.));
#11410 = CARTESIAN_POINT('',(269.325,28.2875,103.));
#11411 = GEOMETRIC_CURVE_SET('',(#11412));
#11412 = TRIMMED_CURVE('',#11413,(#11417,PARAMETER_VALUE(0.)),(#11418,
    PARAMETER_VALUE(11.1125)),.T.,.PARAMETER.);
#11413 = LINE('',#11414,#11415);
#11414 = CARTESIAN_POINT('',(258.2125,26.7,103.));
#11415 = VECTOR('',#11416,1.);
#11416 = DIRECTION('',(1.,0.,0.));
#11417 = CARTESIAN_POINT('',(258.2125,26.7,103.));
#11418 = CARTESIAN_POINT('',(269.325,26.7,103.));
#11419 = GEOMETRIC_CURVE_SET('',(#11420));
#11420 = TRIMMED_CURVE('',#11421,(#11425,PARAMETER_VALUE(0.)),(#11426,
    PARAMETER_VALUE(11.1125)),.T.,.PARAMETER.);
#11421 = LINE('',#11422,#11423);
#11422 = CARTESIAN_POINT('',(258.2125,26.7,115.7));
#11423 = VECTOR('',#11424,1.);
#11424 = DIRECTION('',(1.,0.,0.));
#11425 = CARTESIAN_POINT('',(258.2125,26.7,115.7));
#11426 = CARTESIAN_POINT('',(269.325,26.7,115.7));
#11427 = GEOMETRIC_CURVE_SET('',(#11428));
#11428 = TRIMMED_CURVE('',#11429,(#11433,PARAMETER_VALUE(0.)),(#11434,
    PARAMETER_VALUE(11.1125)),.T.,.PARAMETER.);
#11429 = LINE('',#11430,#11431);
#11430 = CARTESIAN_POINT('',(258.2125,28.2875,103.));
#11431 = VECTOR('',#11432,1.);
#11432 = DIRECTION('',(1.,0.,0.));
#11433 = CARTESIAN_POINT('',(258.2125,28.2875,103.));
#11434 = CARTESIAN_POINT('',(269.325,28.2875,103.));
#11435 = GEOMETRIC_CURVE_SET('',(#11436));
#11436 = TRIMMED_CURVE('',#11437,(#11441,PARAMETER_VALUE(0.)),(#11442,
    PARAMETER_VALUE(11.1125)),.T.,.PARAMETER.);
#11437 = LINE('',#11438,#11439);
#11438 = CARTESIAN_POINT('',(258.2125,28.2875,115.7));
#11439 = VECTOR('',#11440,1.);
#11440 = DIRECTION('',(1.,0.,0.));
#11441 = CARTESIAN_POINT('',(258.2125,28.2875,115.7));
#11442 = CARTESIAN_POINT('',(269.325,28.2875,115.7));
#11443 = GEOMETRIC_CURVE_SET('',(#11444));
#11444 = TRIMMED_CURVE('',#11445,(#11449,PARAMETER_VALUE(0.)),(#11450,
    PARAMETER_VALUE(12.7)),.T.,.PARAMETER.);
#11445 = LINE('',#11446,#11447);
#11446 = CARTESIAN_POINT('',(4.0875,235.6,103.));
#11447 = VECTOR('',#11448,1.);
#11448 = DIRECTION('',(0.,0.,1.));
#11449 = CARTESIAN_POINT('',(4.0875,235.6,103.));
#11450 = CARTESIAN_POINT('',(4.0875,235.6,115.7));
#11451 = GEOMETRIC_CURVE_SET('',(#11452));
#11452 = TRIMMED_CURVE('',#11453,(#11457,PARAMETER_VALUE(0.)),(#11458,
    PARAMETER_VALUE(12.7)),.T.,.PARAMETER.);
#11453 = LINE('',#11454,#11455);
#11454 = CARTESIAN_POINT('',(4.0875,235.6,115.7));
#11455 = VECTOR('',#11456,1.);
#11456 = DIRECTION('',(0.,1.,0.));
#11457 = CARTESIAN_POINT('',(4.0875,235.6,115.7));
#11458 = CARTESIAN_POINT('',(4.0875,248.3,115.7));
#11459 = GEOMETRIC_CURVE_SET('',(#11460));
#11460 = TRIMMED_CURVE('',#11461,(#11465,PARAMETER_VALUE(0.)),(#11466,
    PARAMETER_VALUE(12.7)),.T.,.PARAMETER.);
#11461 = LINE('',#11462,#11463);
#11462 = CARTESIAN_POINT('',(4.0875,248.3,103.));
#11463 = VECTOR('',#11464,1.);
#11464 = DIRECTION('',(0.,0.,1.));
#11465 = CARTESIAN_POINT('',(4.0875,248.3,103.));
#11466 = CARTESIAN_POINT('',(4.0875,248.3,115.7));
#11467 = GEOMETRIC_CURVE_SET('',(#11468));
#11468 = TRIMMED_CURVE('',#11469,(#11473,PARAMETER_VALUE(0.)),(#11474,
    PARAMETER_VALUE(12.7)),.T.,.PARAMETER.);
#11469 = LINE('',#11470,#11471);
#11470 = CARTESIAN_POINT('',(4.0875,235.6,103.));
#11471 = VECTOR('',#11472,1.);
#11472 = DIRECTION('',(0.,1.,0.));
#11473 = CARTESIAN_POINT('',(4.0875,235.6,103.));
#11474 = CARTESIAN_POINT('',(4.0875,248.3,103.));
#11475 = GEOMETRIC_CURVE_SET('',(#11476));
#11476 = TRIMMED_CURVE('',#11477,(#11481,PARAMETER_VALUE(0.)),(#11482,
    PARAMETER_VALUE(12.7)),.T.,.PARAMETER.);
#11477 = LINE('',#11478,#11479);
#11478 = CARTESIAN_POINT('',(5.675,235.6,103.));
#11479 = VECTOR('',#11480,1.);
#11480 = DIRECTION('',(0.,0.,1.));
#11481 = CARTESIAN_POINT('',(5.675,235.6,103.));
#11482 = CARTESIAN_POINT('',(5.675,235.6,115.7));
#11483 = GEOMETRIC_CURVE_SET('',(#11484));
#11484 = TRIMMED_CURVE('',#11485,(#11489,PARAMETER_VALUE(0.)),(#11490,
    PARAMETER_VALUE(12.7)),.T.,.PARAMETER.);
#11485 = LINE('',#11486,#11487);
#11486 = CARTESIAN_POINT('',(5.675,235.6,115.7));
#11487 = VECTOR('',#11488,1.);
#11488 = DIRECTION('',(0.,1.,0.));
#11489 = CARTESIAN_POINT('',(5.675,235.6,115.7));
#11490 = CARTESIAN_POINT('',(5.675,248.3,115.7));
#11491 = GEOMETRIC_CURVE_SET('',(#11492));
#11492 = TRIMMED_CURVE('',#11493,(#11497,PARAMETER_VALUE(0.)),(#11498,
    PARAMETER_VALUE(12.7)),.T.,.PARAMETER.);
#11493 = LINE('',#11494,#11495);
#11494 = CARTESIAN_POINT('',(5.675,248.3,103.));
#11495 = VECTOR('',#11496,1.);
#11496 = DIRECTION('',(0.,0.,1.));
#11497 = CARTESIAN_POINT('',(5.675,248.3,103.));
#11498 = CARTESIAN_POINT('',(5.675,248.3,115.7));
#11499 = GEOMETRIC_CURVE_SET('',(#11500));
#11500 = TRIMMED_CURVE('',#11501,(#11505,PARAMETER_VALUE(0.)),(#11506,
    PARAMETER_VALUE(12.7)),.T.,.PARAMETER.);
#11501 = LINE('',#11502,#11503);
#11502 = CARTESIAN_POINT('',(5.675,235.6,103.));
#11503 = VECTOR('',#11504,1.);
#11504 = DIRECTION('',(0.,1.,0.));
#11505 = CARTESIAN_POINT('',(5.675,235.6,103.));
#11506 = CARTESIAN_POINT('',(5.675,248.3,103.));
#11507 = GEOMETRIC_CURVE_SET('',(#11508));
#11508 = TRIMMED_CURVE('',#11509,(#11513,PARAMETER_VALUE(0.)),(#11514,
    PARAMETER_VALUE(1.5875)),.T.,.PARAMETER.);
#11509 = LINE('',#11510,#11511);
#11510 = CARTESIAN_POINT('',(4.0875,235.6,103.));
#11511 = VECTOR('',#11512,1.);
#11512 = DIRECTION('',(1.,0.,0.));
#11513 = CARTESIAN_POINT('',(4.0875,235.6,103.));
#11514 = CARTESIAN_POINT('',(5.675,235.6,103.));
#11515 = GEOMETRIC_CURVE_SET('',(#11516));
#11516 = TRIMMED_CURVE('',#11517,(#11521,PARAMETER_VALUE(0.)),(#11522,
    PARAMETER_VALUE(1.5875)),.T.,.PARAMETER.);
#11517 = LINE('',#11518,#11519);
#11518 = CARTESIAN_POINT('',(4.0875,235.6,115.7));
#11519 = VECTOR('',#11520,1.);
#11520 = DIRECTION('',(1.,0.,0.));
#11521 = CARTESIAN_POINT('',(4.0875,235.6,115.7));
#11522 = CARTESIAN_POINT('',(5.675,235.6,115.7));
#11523 = GEOMETRIC_CURVE_SET('',(#11524));
#11524 = TRIMMED_CURVE('',#11525,(#11529,PARAMETER_VALUE(0.)),(#11530,
    PARAMETER_VALUE(1.5875)),.T.,.PARAMETER.);
#11525 = LINE('',#11526,#11527);
#11526 = CARTESIAN_POINT('',(4.0875,248.3,103.));
#11527 = VECTOR('',#11528,1.);
#11528 = DIRECTION('',(1.,0.,0.));
#11529 = CARTESIAN_POINT('',(4.0875,248.3,103.));
#11530 = CARTESIAN_POINT('',(5.675,248.3,103.));
#11531 = GEOMETRIC_CURVE_SET('',(#11532));
#11532 = TRIMMED_CURVE('',#11533,(#11537,PARAMETER_VALUE(0.)),(#11538,
    PARAMETER_VALUE(1.5875)),.T.,.PARAMETER.);
#11533 = LINE('',#11534,#11535);
#11534 = CARTESIAN_POINT('',(4.0875,248.3,115.7));
#11535 = VECTOR('',#11536,1.);
#11536 = DIRECTION('',(1.,0.,0.));
#11537 = CARTESIAN_POINT('',(4.0875,248.3,115.7));
#11538 = CARTESIAN_POINT('',(5.675,248.3,115.7));
#11539 = GEOMETRIC_CURVE_SET('',(#11540));
#11540 = TRIMMED_CURVE('',#11541,(#11545,PARAMETER_VALUE(0.)),(#11546,
    PARAMETER_VALUE(12.7)),.T.,.PARAMETER.);
#11541 = LINE('',#11542,#11543);
#11542 = CARTESIAN_POINT('',(5.675,246.7125,103.));
#11543 = VECTOR('',#11544,1.);
#11544 = DIRECTION('',(0.,0.,1.));
#11545 = CARTESIAN_POINT('',(5.675,246.7125,103.));
#11546 = CARTESIAN_POINT('',(5.675,246.7125,115.7));
#11547 = GEOMETRIC_CURVE_SET('',(#11548));
#11548 = TRIMMED_CURVE('',#11549,(#11553,PARAMETER_VALUE(0.)),(#11554,
    PARAMETER_VALUE(1.5875)),.T.,.PARAMETER.);
#11549 = LINE('',#11550,#11551);
#11550 = CARTESIAN_POINT('',(5.675,246.7125,115.7));
#11551 = VECTOR('',#11552,1.);
#11552 = DIRECTION('',(0.,1.,0.));
#11553 = CARTESIAN_POINT('',(5.675,246.7125,115.7));
#11554 = CARTESIAN_POINT('',(5.675,248.3,115.7));
#11555 = GEOMETRIC_CURVE_SET('',(#11556));
#11556 = TRIMMED_CURVE('',#11557,(#11561,PARAMETER_VALUE(0.)),(#11562,
    PARAMETER_VALUE(12.7)),.T.,.PARAMETER.);
#11557 = LINE('',#11558,#11559);
#11558 = CARTESIAN_POINT('',(5.675,248.3,103.));
#11559 = VECTOR('',#11560,1.);
#11560 = DIRECTION('',(0.,0.,1.));
#11561 = CARTESIAN_POINT('',(5.675,248.3,103.));
#11562 = CARTESIAN_POINT('',(5.675,248.3,115.7));
#11563 = GEOMETRIC_CURVE_SET('',(#11564));
#11564 = TRIMMED_CURVE('',#11565,(#11569,PARAMETER_VALUE(0.)),(#11570,
    PARAMETER_VALUE(1.5875)),.T.,.PARAMETER.);
#11565 = LINE('',#11566,#11567);
#11566 = CARTESIAN_POINT('',(5.675,246.7125,103.));
#11567 = VECTOR('',#11568,1.);
#11568 = DIRECTION('',(0.,1.,0.));
#11569 = CARTESIAN_POINT('',(5.675,246.7125,103.));
#11570 = CARTESIAN_POINT('',(5.675,248.3,103.));
#11571 = GEOMETRIC_CURVE_SET('',(#11572));
#11572 = TRIMMED_CURVE('',#11573,(#11577,PARAMETER_VALUE(0.)),(#11578,
    PARAMETER_VALUE(12.7)),.T.,.PARAMETER.);
#11573 = LINE('',#11574,#11575);
#11574 = CARTESIAN_POINT('',(16.7875,246.7125,103.));
#11575 = VECTOR('',#11576,1.);
#11576 = DIRECTION('',(0.,0.,1.));
#11577 = CARTESIAN_POINT('',(16.7875,246.7125,103.));
#11578 = CARTESIAN_POINT('',(16.7875,246.7125,115.7));
#11579 = GEOMETRIC_CURVE_SET('',(#11580));
#11580 = TRIMMED_CURVE('',#11581,(#11585,PARAMETER_VALUE(0.)),(#11586,
    PARAMETER_VALUE(1.5875)),.T.,.PARAMETER.);
#11581 = LINE('',#11582,#11583);
#11582 = CARTESIAN_POINT('',(16.7875,246.7125,115.7));
#11583 = VECTOR('',#11584,1.);
#11584 = DIRECTION('',(0.,1.,0.));
#11585 = CARTESIAN_POINT('',(16.7875,246.7125,115.7));
#11586 = CARTESIAN_POINT('',(16.7875,248.3,115.7));
#11587 = GEOMETRIC_CURVE_SET('',(#11588));
#11588 = TRIMMED_CURVE('',#11589,(#11593,PARAMETER_VALUE(0.)),(#11594,
    PARAMETER_VALUE(12.7)),.T.,.PARAMETER.);
#11589 = LINE('',#11590,#11591);
#11590 = CARTESIAN_POINT('',(16.7875,248.3,103.));
#11591 = VECTOR('',#11592,1.);
#11592 = DIRECTION('',(0.,0.,1.));
#11593 = CARTESIAN_POINT('',(16.7875,248.3,103.));
#11594 = CARTESIAN_POINT('',(16.7875,248.3,115.7));
#11595 = GEOMETRIC_CURVE_SET('',(#11596));
#11596 = TRIMMED_CURVE('',#11597,(#11601,PARAMETER_VALUE(0.)),(#11602,
    PARAMETER_VALUE(1.5875)),.T.,.PARAMETER.);
#11597 = LINE('',#11598,#11599);
#11598 = CARTESIAN_POINT('',(16.7875,246.7125,103.));
#11599 = VECTOR('',#11600,1.);
#11600 = DIRECTION('',(0.,1.,0.));
#11601 = CARTESIAN_POINT('',(16.7875,246.7125,103.));
#11602 = CARTESIAN_POINT('',(16.7875,248.3,103.));
#11603 = GEOMETRIC_CURVE_SET('',(#11604));
#11604 = TRIMMED_CURVE('',#11605,(#11609,PARAMETER_VALUE(0.)),(#11610,
    PARAMETER_VALUE(11.1125)),.T.,.PARAMETER.);
#11605 = LINE('',#11606,#11607);
#11606 = CARTESIAN_POINT('',(5.675,246.7125,103.));
#11607 = VECTOR('',#11608,1.);
#11608 = DIRECTION('',(1.,0.,0.));
#11609 = CARTESIAN_POINT('',(5.675,246.7125,103.));
#11610 = CARTESIAN_POINT('',(16.7875,246.7125,103.));
#11611 = GEOMETRIC_CURVE_SET('',(#11612));
#11612 = TRIMMED_CURVE('',#11613,(#11617,PARAMETER_VALUE(0.)),(#11618,
    PARAMETER_VALUE(11.1125)),.T.,.PARAMETER.);
#11613 = LINE('',#11614,#11615);
#11614 = CARTESIAN_POINT('',(5.675,246.7125,115.7));
#11615 = VECTOR('',#11616,1.);
#11616 = DIRECTION('',(1.,0.,0.));
#11617 = CARTESIAN_POINT('',(5.675,246.7125,115.7));
#11618 = CARTESIAN_POINT('',(16.7875,246.7125,115.7));
#11619 = GEOMETRIC_CURVE_SET('',(#11620));
#11620 = TRIMMED_CURVE('',#11621,(#11625,PARAMETER_VALUE(0.)),(#11626,
    PARAMETER_VALUE(11.1125)),.T.,.PARAMETER.);
#11621 = LINE('',#11622,#11623);
#11622 = CARTESIAN_POINT('',(5.675,248.3,103.));
#11623 = VECTOR('',#11624,1.);
#11624 = DIRECTION('',(1.,0.,0.));
#11625 = CARTESIAN_POINT('',(5.675,248.3,103.));
#11626 = CARTESIAN_POINT('',(16.7875,248.3,103.));
#11627 = GEOMETRIC_CURVE_SET('',(#11628));
#11628 = TRIMMED_CURVE('',#11629,(#11633,PARAMETER_VALUE(0.)),(#11634,
    PARAMETER_VALUE(11.1125)),.T.,.PARAMETER.);
#11629 = LINE('',#11630,#11631);
#11630 = CARTESIAN_POINT('',(5.675,248.3,115.7));
#11631 = VECTOR('',#11632,1.);
#11632 = DIRECTION('',(1.,0.,0.));
#11633 = CARTESIAN_POINT('',(5.675,248.3,115.7));
#11634 = CARTESIAN_POINT('',(16.7875,248.3,115.7));
#11635 = GEOMETRIC_CURVE_SET('',(#11636));
#11636 = TRIMMED_CURVE('',#11637,(#11641,PARAMETER_VALUE(0.)),(#11642,
    PARAMETER_VALUE(12.7)),.T.,.PARAMETER.);
#11637 = LINE('',#11638,#11639);
#11638 = CARTESIAN_POINT('',(269.325,235.6,103.));
#11639 = VECTOR('',#11640,1.);
#11640 = DIRECTION('',(0.,0.,1.));
#11641 = CARTESIAN_POINT('',(269.325,235.6,103.));
#11642 = CARTESIAN_POINT('',(269.325,235.6,115.7));
#11643 = GEOMETRIC_CURVE_SET('',(#11644));
#11644 = TRIMMED_CURVE('',#11645,(#11649,PARAMETER_VALUE(0.)),(#11650,
    PARAMETER_VALUE(12.7)),.T.,.PARAMETER.);
#11645 = LINE('',#11646,#11647);
#11646 = CARTESIAN_POINT('',(269.325,235.6,115.7));
#11647 = VECTOR('',#11648,1.);
#11648 = DIRECTION('',(0.,1.,0.));
#11649 = CARTESIAN_POINT('',(269.325,235.6,115.7));
#11650 = CARTESIAN_POINT('',(269.325,248.3,115.7));
#11651 = GEOMETRIC_CURVE_SET('',(#11652));
#11652 = TRIMMED_CURVE('',#11653,(#11657,PARAMETER_VALUE(0.)),(#11658,
    PARAMETER_VALUE(12.7)),.T.,.PARAMETER.);
#11653 = LINE('',#11654,#11655);
#11654 = CARTESIAN_POINT('',(269.325,248.3,103.));
#11655 = VECTOR('',#11656,1.);
#11656 = DIRECTION('',(0.,0.,1.));
#11657 = CARTESIAN_POINT('',(269.325,248.3,103.));
#11658 = CARTESIAN_POINT('',(269.325,248.3,115.7));
#11659 = GEOMETRIC_CURVE_SET('',(#11660));
#11660 = TRIMMED_CURVE('',#11661,(#11665,PARAMETER_VALUE(0.)),(#11666,
    PARAMETER_VALUE(12.7)),.T.,.PARAMETER.);
#11661 = LINE('',#11662,#11663);
#11662 = CARTESIAN_POINT('',(269.325,235.6,103.));
#11663 = VECTOR('',#11664,1.);
#11664 = DIRECTION('',(0.,1.,0.));
#11665 = CARTESIAN_POINT('',(269.325,235.6,103.));
#11666 = CARTESIAN_POINT('',(269.325,248.3,103.));
#11667 = GEOMETRIC_CURVE_SET('',(#11668));
#11668 = TRIMMED_CURVE('',#11669,(#11673,PARAMETER_VALUE(0.)),(#11674,
    PARAMETER_VALUE(12.7)),.T.,.PARAMETER.);
#11669 = LINE('',#11670,#11671);
#11670 = CARTESIAN_POINT('',(270.9125,235.6,103.));
#11671 = VECTOR('',#11672,1.);
#11672 = DIRECTION('',(0.,0.,1.));
#11673 = CARTESIAN_POINT('',(270.9125,235.6,103.));
#11674 = CARTESIAN_POINT('',(270.9125,235.6,115.7));
#11675 = GEOMETRIC_CURVE_SET('',(#11676));
#11676 = TRIMMED_CURVE('',#11677,(#11681,PARAMETER_VALUE(0.)),(#11682,
    PARAMETER_VALUE(12.7)),.T.,.PARAMETER.);
#11677 = LINE('',#11678,#11679);
#11678 = CARTESIAN_POINT('',(270.9125,235.6,115.7));
#11679 = VECTOR('',#11680,1.);
#11680 = DIRECTION('',(0.,1.,0.));
#11681 = CARTESIAN_POINT('',(270.9125,235.6,115.7));
#11682 = CARTESIAN_POINT('',(270.9125,248.3,115.7));
#11683 = GEOMETRIC_CURVE_SET('',(#11684));
#11684 = TRIMMED_CURVE('',#11685,(#11689,PARAMETER_VALUE(0.)),(#11690,
    PARAMETER_VALUE(12.7)),.T.,.PARAMETER.);
#11685 = LINE('',#11686,#11687);
#11686 = CARTESIAN_POINT('',(270.9125,248.3,103.));
#11687 = VECTOR('',#11688,1.);
#11688 = DIRECTION('',(0.,0.,1.));
#11689 = CARTESIAN_POINT('',(270.9125,248.3,103.));
#11690 = CARTESIAN_POINT('',(270.9125,248.3,115.7));
#11691 = GEOMETRIC_CURVE_SET('',(#11692));
#11692 = TRIMMED_CURVE('',#11693,(#11697,PARAMETER_VALUE(0.)),(#11698,
    PARAMETER_VALUE(12.7)),.T.,.PARAMETER.);
#11693 = LINE('',#11694,#11695);
#11694 = CARTESIAN_POINT('',(270.9125,235.6,103.));
#11695 = VECTOR('',#11696,1.);
#11696 = DIRECTION('',(0.,1.,0.));
#11697 = CARTESIAN_POINT('',(270.9125,235.6,103.));
#11698 = CARTESIAN_POINT('',(270.9125,248.3,103.));
#11699 = GEOMETRIC_CURVE_SET('',(#11700));
#11700 = TRIMMED_CURVE('',#11701,(#11705,PARAMETER_VALUE(0.)),(#11706,
    PARAMETER_VALUE(1.5875)),.T.,.PARAMETER.);
#11701 = LINE('',#11702,#11703);
#11702 = CARTESIAN_POINT('',(269.325,235.6,103.));
#11703 = VECTOR('',#11704,1.);
#11704 = DIRECTION('',(1.,0.,0.));
#11705 = CARTESIAN_POINT('',(269.325,235.6,103.));
#11706 = CARTESIAN_POINT('',(270.9125,235.6,103.));
#11707 = GEOMETRIC_CURVE_SET('',(#11708));
#11708 = TRIMMED_CURVE('',#11709,(#11713,PARAMETER_VALUE(0.)),(#11714,
    PARAMETER_VALUE(1.5875)),.T.,.PARAMETER.);
#11709 = LINE('',#11710,#11711);
#11710 = CARTESIAN_POINT('',(269.325,235.6,115.7));
#11711 = VECTOR('',#11712,1.);
#11712 = DIRECTION('',(1.,0.,0.));
#11713 = CARTESIAN_POINT('',(269.325,235.6,115.7));
#11714 = CARTESIAN_POINT('',(270.9125,235.6,115.7));
#11715 = GEOMETRIC_CURVE_SET('',(#11716));
#11716 = TRIMMED_CURVE('',#11717,(#11721,PARAMETER_VALUE(0.)),(#11722,
    PARAMETER_VALUE(1.5875)),.T.,.PARAMETER.);
#11717 = LINE('',#11718,#11719);
#11718 = CARTESIAN_POINT('',(269.325,248.3,103.));
#11719 = VECTOR('',#11720,1.);
#11720 = DIRECTION('',(1.,0.,0.));
#11721 = CARTESIAN_POINT('',(269.325,248.3,103.));
#11722 = CARTESIAN_POINT('',(270.9125,248.3,103.));
#11723 = GEOMETRIC_CURVE_SET('',(#11724));
#11724 = TRIMMED_CURVE('',#11725,(#11729,PARAMETER_VALUE(0.)),(#11730,
    PARAMETER_VALUE(1.5875)),.T.,.PARAMETER.);
#11725 = LINE('',#11726,#11727);
#11726 = CARTESIAN_POINT('',(269.325,248.3,115.7));
#11727 = VECTOR('',#11728,1.);
#11728 = DIRECTION('',(1.,0.,0.));
#11729 = CARTESIAN_POINT('',(269.325,248.3,115.7));
#11730 = CARTESIAN_POINT('',(270.9125,248.3,115.7));
#11731 = GEOMETRIC_CURVE_SET('',(#11732));
#11732 = TRIMMED_CURVE('',#11733,(#11737,PARAMETER_VALUE(0.)),(#11738,
    PARAMETER_VALUE(12.7)),.T.,.PARAMETER.);
#11733 = LINE('',#11734,#11735);
#11734 = CARTESIAN_POINT('',(258.2125,246.7125,103.));
#11735 = VECTOR('',#11736,1.);
#11736 = DIRECTION('',(0.,0.,1.));
#11737 = CARTESIAN_POINT('',(258.2125,246.7125,103.));
#11738 = CARTESIAN_POINT('',(258.2125,246.7125,115.7));
#11739 = GEOMETRIC_CURVE_SET('',(#11740));
#11740 = TRIMMED_CURVE('',#11741,(#11745,PARAMETER_VALUE(0.)),(#11746,
    PARAMETER_VALUE(1.5875)),.T.,.PARAMETER.);
#11741 = LINE('',#11742,#11743);
#11742 = CARTESIAN_POINT('',(258.2125,246.7125,115.7));
#11743 = VECTOR('',#11744,1.);
#11744 = DIRECTION('',(0.,1.,0.));
#11745 = CARTESIAN_POINT('',(258.2125,246.7125,115.7));
#11746 = CARTESIAN_POINT('',(258.2125,248.3,115.7));
#11747 = GEOMETRIC_CURVE_SET('',(#11748));
#11748 = TRIMMED_CURVE('',#11749,(#11753,PARAMETER_VALUE(0.)),(#11754,
    PARAMETER_VALUE(12.7)),.T.,.PARAMETER.);
#11749 = LINE('',#11750,#11751);
#11750 = CARTESIAN_POINT('',(258.2125,248.3,103.));
#11751 = VECTOR('',#11752,1.);
#11752 = DIRECTION('',(0.,0.,1.));
#11753 = CARTESIAN_POINT('',(258.2125,248.3,103.));
#11754 = CARTESIAN_POINT('',(258.2125,248.3,115.7));
#11755 = GEOMETRIC_CURVE_SET('',(#11756));
#11756 = TRIMMED_CURVE('',#11757,(#11761,PARAMETER_VALUE(0.)),(#11762,
    PARAMETER_VALUE(1.5875)),.T.,.PARAMETER.);
#11757 = LINE('',#11758,#11759);
#11758 = CARTESIAN_POINT('',(258.2125,246.7125,103.));
#11759 = VECTOR('',#11760,1.);
#11760 = DIRECTION('',(0.,1.,0.));
#11761 = CARTESIAN_POINT('',(258.2125,246.7125,103.));
#11762 = CARTESIAN_POINT('',(258.2125,248.3,103.));
#11763 = GEOMETRIC_CURVE_SET('',(#11764));
#11764 = TRIMMED_CURVE('',#11765,(#11769,PARAMETER_VALUE(0.)),(#11770,
    PARAMETER_VALUE(12.7)),.T.,.PARAMETER.);
#11765 = LINE('',#11766,#11767);
#11766 = CARTESIAN_POINT('',(269.325,246.7125,103.));
#11767 = VECTOR('',#11768,1.);
#11768 = DIRECTION('',(0.,0.,1.));
#11769 = CARTESIAN_POINT('',(269.325,246.7125,103.));
#11770 = CARTESIAN_POINT('',(269.325,246.7125,115.7));
#11771 = GEOMETRIC_CURVE_SET('',(#11772));
#11772 = TRIMMED_CURVE('',#11773,(#11777,PARAMETER_VALUE(0.)),(#11778,
    PARAMETER_VALUE(1.5875)),.T.,.PARAMETER.);
#11773 = LINE('',#11774,#11775);
#11774 = CARTESIAN_POINT('',(269.325,246.7125,115.7));
#11775 = VECTOR('',#11776,1.);
#11776 = DIRECTION('',(0.,1.,0.));
#11777 = CARTESIAN_POINT('',(269.325,246.7125,115.7));
#11778 = CARTESIAN_POINT('',(269.325,248.3,115.7));
#11779 = GEOMETRIC_CURVE_SET('',(#11780));
#11780 = TRIMMED_CURVE('',#11781,(#11785,PARAMETER_VALUE(0.)),(#11786,
    PARAMETER_VALUE(12.7)),.T.,.PARAMETER.);
#11781 = LINE('',#11782,#11783);
#11782 = CARTESIAN_POINT('',(269.325,248.3,103.));
#11783 = VECTOR('',#11784,1.);
#11784 = DIRECTION('',(0.,0.,1.));
#11785 = CARTESIAN_POINT('',(269.325,248.3,103.));
#11786 = CARTESIAN_POINT('',(269.325,248.3,115.7));
#11787 = GEOMETRIC_CURVE_SET('',(#11788));
#11788 = TRIMMED_CURVE('',#11789,(#11793,PARAMETER_VALUE(0.)),(#11794,
    PARAMETER_VALUE(1.5875)),.T.,.PARAMETER.);
#11789 = LINE('',#11790,#11791);
#11790 = CARTESIAN_POINT('',(269.325,246.7125,103.));
#11791 = VECTOR('',#11792,1.);
#11792 = DIRECTION('',(0.,1.,0.));
#11793 = CARTESIAN_POINT('',(269.325,246.7125,103.));
#11794 = CARTESIAN_POINT('',(269.325,248.3,103.));
#11795 = GEOMETRIC_CURVE_SET('',(#11796));
#11796 = TRIMMED_CURVE('',#11797,(#11801,PARAMETER_VALUE(0.)),(#11802,
    PARAMETER_VALUE(11.1125)),.T.,.PARAMETER.);
#11797 = LINE('',#11798,#11799);
#11798 = CARTESIAN_POINT('',(258.2125,246.7125,103.));
#11799 = VECTOR('',#11800,1.);
#11800 = DIRECTION('',(1.,0.,0.));
#11801 = CARTESIAN_POINT('',(258.2125,246.7125,103.));
#11802 = CARTESIAN_POINT('',(269.325,246.7125,103.));
#11803 = GEOMETRIC_CURVE_SET('',(#11804));
#11804 = TRIMMED_CURVE('',#11805,(#11809,PARAMETER_VALUE(0.)),(#11810,
    PARAMETER_VALUE(11.1125)),.T.,.PARAMETER.);
#11805 = LINE('',#11806,#11807);
#11806 = CARTESIAN_POINT('',(258.2125,246.7125,115.7));
#11807 = VECTOR('',#11808,1.);
#11808 = DIRECTION('',(1.,0.,0.));
#11809 = CARTESIAN_POINT('',(258.2125,246.7125,115.7));
#11810 = CARTESIAN_POINT('',(269.325,246.7125,115.7));
#11811 = GEOMETRIC_CURVE_SET('',(#11812));
#11812 = TRIMMED_CURVE('',#11813,(#11817,PARAMETER_VALUE(0.)),(#11818,
    PARAMETER_VALUE(11.1125)),.T.,.PARAMETER.);
#11813 = LINE('',#11814,#11815);
#11814 = CARTESIAN_POINT('',(258.2125,248.3,103.));
#11815 = VECTOR('',#11816,1.);
#11816 = DIRECTION('',(1.,0.,0.));
#11817 = CARTESIAN_POINT('',(258.2125,248.3,103.));
#11818 = CARTESIAN_POINT('',(269.325,248.3,103.));
#11819 = GEOMETRIC_CURVE_SET('',(#11820));
#11820 = TRIMMED_CURVE('',#11821,(#11825,PARAMETER_VALUE(0.)),(#11826,
    PARAMETER_VALUE(11.1125)),.T.,.PARAMETER.);
#11821 = LINE('',#11822,#11823);
#11822 = CARTESIAN_POINT('',(258.2125,248.3,115.7));
#11823 = VECTOR('',#11824,1.);
#11824 = DIRECTION('',(1.,0.,0.));
#11825 = CARTESIAN_POINT('',(258.2125,248.3,115.7));
#11826 = CARTESIAN_POINT('',(269.325,248.3,115.7));
#11827 = GEOMETRIC_CURVE_SET('',(#11828));
#11828 = TRIMMED_CURVE('',#11829,(#11833,PARAMETER_VALUE(0.)),(#11834,
    PARAMETER_VALUE(9.4)),.T.,.PARAMETER.);
#11829 = LINE('',#11830,#11831);
#11830 = CARTESIAN_POINT('',(102.4,97.15,124.1));
#11831 = VECTOR('',#11832,1.);
#11832 = DIRECTION('',(0.,0.,1.));
#11833 = CARTESIAN_POINT('',(102.4,97.15,124.1));
#11834 = CARTESIAN_POINT('',(102.4,97.15,133.5));
#11835 = GEOMETRIC_CURVE_SET('',(#11836));
#11836 = TRIMMED_CURVE('',#11837,(#11841,PARAMETER_VALUE(0.)),(#11842,
    PARAMETER_VALUE(64.)),.T.,.PARAMETER.);
#11837 = LINE('',#11838,#11839);
#11838 = CARTESIAN_POINT('',(102.4,97.15,133.5));
#11839 = VECTOR('',#11840,1.);
#11840 = DIRECTION('',(0.,1.,0.));
#11841 = CARTESIAN_POINT('',(102.4,97.15,133.5));
#11842 = CARTESIAN_POINT('',(102.4,161.15,133.5));
#11843 = GEOMETRIC_CURVE_SET('',(#11844));
#11844 = TRIMMED_CURVE('',#11845,(#11849,PARAMETER_VALUE(0.)),(#11850,
    PARAMETER_VALUE(9.4)),.T.,.PARAMETER.);
#11845 = LINE('',#11846,#11847);
#11846 = CARTESIAN_POINT('',(102.4,161.15,124.1));
#11847 = VECTOR('',#11848,1.);
#11848 = DIRECTION('',(0.,0.,1.));
#11849 = CARTESIAN_POINT('',(102.4,161.15,124.1));
#11850 = CARTESIAN_POINT('',(102.4,161.15,133.5));
#11851 = GEOMETRIC_CURVE_SET('',(#11852));
#11852 = TRIMMED_CURVE('',#11853,(#11857,PARAMETER_VALUE(0.)),(#11858,
    PARAMETER_VALUE(64.)),.T.,.PARAMETER.);
#11853 = LINE('',#11854,#11855);
#11854 = CARTESIAN_POINT('',(102.4,97.15,124.1));
#11855 = VECTOR('',#11856,1.);
#11856 = DIRECTION('',(0.,1.,0.));
#11857 = CARTESIAN_POINT('',(102.4,97.15,124.1));
#11858 = CARTESIAN_POINT('',(102.4,161.15,124.1));
#11859 = GEOMETRIC_CURVE_SET('',(#11860));
#11860 = TRIMMED_CURVE('',#11861,(#11865,PARAMETER_VALUE(0.)),(#11866,
    PARAMETER_VALUE(9.4)),.T.,.PARAMETER.);
#11861 = LINE('',#11862,#11863);
#11862 = CARTESIAN_POINT('',(166.4,97.15,124.1));
#11863 = VECTOR('',#11864,1.);
#11864 = DIRECTION('',(0.,0.,1.));
#11865 = CARTESIAN_POINT('',(166.4,97.15,124.1));
#11866 = CARTESIAN_POINT('',(166.4,97.15,133.5));
#11867 = GEOMETRIC_CURVE_SET('',(#11868));
#11868 = TRIMMED_CURVE('',#11869,(#11873,PARAMETER_VALUE(0.)),(#11874,
    PARAMETER_VALUE(64.)),.T.,.PARAMETER.);
#11869 = LINE('',#11870,#11871);
#11870 = CARTESIAN_POINT('',(166.4,97.15,133.5));
#11871 = VECTOR('',#11872,1.);
#11872 = DIRECTION('',(0.,1.,0.));
#11873 = CARTESIAN_POINT('',(166.4,97.15,133.5));
#11874 = CARTESIAN_POINT('',(166.4,161.15,133.5));
#11875 = GEOMETRIC_CURVE_SET('',(#11876));
#11876 = TRIMMED_CURVE('',#11877,(#11881,PARAMETER_VALUE(0.)),(#11882,
    PARAMETER_VALUE(9.4)),.T.,.PARAMETER.);
#11877 = LINE('',#11878,#11879);
#11878 = CARTESIAN_POINT('',(166.4,161.15,124.1));
#11879 = VECTOR('',#11880,1.);
#11880 = DIRECTION('',(0.,0.,1.));
#11881 = CARTESIAN_POINT('',(166.4,161.15,124.1));
#11882 = CARTESIAN_POINT('',(166.4,161.15,133.5));
#11883 = GEOMETRIC_CURVE_SET('',(#11884));
#11884 = TRIMMED_CURVE('',#11885,(#11889,PARAMETER_VALUE(0.)),(#11890,
    PARAMETER_VALUE(64.)),.T.,.PARAMETER.);
#11885 = LINE('',#11886,#11887);
#11886 = CARTESIAN_POINT('',(166.4,97.15,124.1));
#11887 = VECTOR('',#11888,1.);
#11888 = DIRECTION('',(0.,1.,0.));
#11889 = CARTESIAN_POINT('',(166.4,97.15,124.1));
#11890 = CARTESIAN_POINT('',(166.4,161.15,124.1));
#11891 = GEOMETRIC_CURVE_SET('',(#11892));
#11892 = TRIMMED_CURVE('',#11893,(#11897,PARAMETER_VALUE(0.)),(#11898,
    PARAMETER_VALUE(64.)),.T.,.PARAMETER.);
#11893 = LINE('',#11894,#11895);
#11894 = CARTESIAN_POINT('',(102.4,97.15,124.1));
#11895 = VECTOR('',#11896,1.);
#11896 = DIRECTION('',(1.,0.,0.));
#11897 = CARTESIAN_POINT('',(102.4,97.15,124.1));
#11898 = CARTESIAN_POINT('',(166.4,97.15,124.1));
#11899 = GEOMETRIC_CURVE_SET('',(#11900));
#11900 = TRIMMED_CURVE('',#11901,(#11905,PARAMETER_VALUE(0.)),(#11906,
    PARAMETER_VALUE(64.)),.T.,.PARAMETER.);
#11901 = LINE('',#11902,#11903);
#11902 = CARTESIAN_POINT('',(102.4,97.15,133.5));
#11903 = VECTOR('',#11904,1.);
#11904 = DIRECTION('',(1.,0.,0.));
#11905 = CARTESIAN_POINT('',(102.4,97.15,133.5));
#11906 = CARTESIAN_POINT('',(166.4,97.15,133.5));
#11907 = GEOMETRIC_CURVE_SET('',(#11908));
#11908 = TRIMMED_CURVE('',#11909,(#11913,PARAMETER_VALUE(0.)),(#11914,
    PARAMETER_VALUE(64.)),.T.,.PARAMETER.);
#11909 = LINE('',#11910,#11911);
#11910 = CARTESIAN_POINT('',(102.4,161.15,124.1));
#11911 = VECTOR('',#11912,1.);
#11912 = DIRECTION('',(1.,0.,0.));
#11913 = CARTESIAN_POINT('',(102.4,161.15,124.1));
#11914 = CARTESIAN_POINT('',(166.4,161.15,124.1));
#11915 = GEOMETRIC_CURVE_SET('',(#11916));
#11916 = TRIMMED_CURVE('',#11917,(#11921,PARAMETER_VALUE(0.)),(#11922,
    PARAMETER_VALUE(64.)),.T.,.PARAMETER.);
#11917 = LINE('',#11918,#11919);
#11918 = CARTESIAN_POINT('',(102.4,161.15,133.5));
#11919 = VECTOR('',#11920,1.);
#11920 = DIRECTION('',(1.,0.,0.));
#11921 = CARTESIAN_POINT('',(102.4,161.15,133.5));
#11922 = CARTESIAN_POINT('',(166.4,161.15,133.5));
#11923 = GEOMETRIC_CURVE_SET('',(#11924));
#11924 = TRIMMED_CURVE('',#11925,(#11930,PARAMETER_VALUE(0.)),(#11931,
    PARAMETER_VALUE(6.28318530718)),.T.,.PARAMETER.);
#11925 = CIRCLE('',#11926,40.5);
#11926 = AXIS2_PLACEMENT_3D('',#11927,#11928,#11929);
#11927 = CARTESIAN_POINT('',(230.,232.,50.5));
#11928 = DIRECTION('',(0.,0.,1.));
#11929 = DIRECTION('',(1.,0.,0.));
#11930 = CARTESIAN_POINT('',(270.5,232.,50.5));
#11931 = CARTESIAN_POINT('',(270.5,232.,50.5));
#11932 = GEOMETRIC_CURVE_SET('',(#11933));
#11933 = TRIMMED_CURVE('',#11934,(#11938,PARAMETER_VALUE(0.)),(#11939,
    PARAMETER_VALUE(50.5)),.T.,.PARAMETER.);
#11934 = LINE('',#11935,#11936);
#11935 = CARTESIAN_POINT('',(270.5,232.,0.));
#11936 = VECTOR('',#11937,1.);
#11937 = DIRECTION('',(0.,0.,1.));
#11938 = CARTESIAN_POINT('',(270.5,232.,0.));
#11939 = CARTESIAN_POINT('',(270.5,232.,50.5));
#11940 = GEOMETRIC_CURVE_SET('',(#11941));
#11941 = TRIMMED_CURVE('',#11942,(#11947,PARAMETER_VALUE(0.)),(#11948,
    PARAMETER_VALUE(6.28318530718)),.T.,.PARAMETER.);
#11942 = CIRCLE('',#11943,40.5);
#11943 = AXIS2_PLACEMENT_3D('',#11944,#11945,#11946);
#11944 = CARTESIAN_POINT('',(230.,232.,0.));
#11945 = DIRECTION('',(0.,0.,1.));
#11946 = DIRECTION('',(1.,0.,0.));
#11947 = CARTESIAN_POINT('',(270.5,232.,0.));
#11948 = CARTESIAN_POINT('',(270.5,232.,0.));
#11949 = GEOMETRIC_CURVE_SET('',(#11950));
#11950 = TRIMMED_CURVE('',#11951,(#11956,PARAMETER_VALUE(0.)),(#11957,
    PARAMETER_VALUE(6.28318530718)),.T.,.PARAMETER.);
#11951 = CIRCLE('',#11952,8.);
#11952 = AXIS2_PLACEMENT_3D('',#11953,#11954,#11955);
#11953 = CARTESIAN_POINT('',(230.,232.,56.5));
#11954 = DIRECTION('',(0.,0.,1.));
#11955 = DIRECTION('',(1.,0.,0.));
#11956 = CARTESIAN_POINT('',(238.,232.,56.5));
#11957 = CARTESIAN_POINT('',(238.,232.,56.5));
#11958 = GEOMETRIC_CURVE_SET('',(#11959));
#11959 = TRIMMED_CURVE('',#11960,(#11964,PARAMETER_VALUE(0.)),(#11965,
    PARAMETER_VALUE(6.)),.T.,.PARAMETER.);
#11960 = LINE('',#11961,#11962);
#11961 = CARTESIAN_POINT('',(238.,232.,50.5));
#11962 = VECTOR('',#11963,1.);
#11963 = DIRECTION('',(0.,0.,1.));
#11964 = CARTESIAN_POINT('',(238.,232.,50.5));
#11965 = CARTESIAN_POINT('',(238.,232.,56.5));
#11966 = GEOMETRIC_CURVE_SET('',(#11967));
#11967 = TRIMMED_CURVE('',#11968,(#11973,PARAMETER_VALUE(0.)),(#11974,
    PARAMETER_VALUE(6.28318530718)),.T.,.PARAMETER.);
#11968 = CIRCLE('',#11969,8.);
#11969 = AXIS2_PLACEMENT_3D('',#11970,#11971,#11972);
#11970 = CARTESIAN_POINT('',(230.,232.,50.5));
#11971 = DIRECTION('',(0.,0.,1.));
#11972 = DIRECTION('',(1.,0.,0.));
#11973 = CARTESIAN_POINT('',(238.,232.,50.5));
#11974 = CARTESIAN_POINT('',(238.,232.,50.5));
#11975 = GEOMETRIC_CURVE_SET('',(#11976));
#11976 = TRIMMED_CURVE('',#11977,(#11981,PARAMETER_VALUE(0.)),(#11982,
    PARAMETER_VALUE(14.5)),.T.,.PARAMETER.);
#11977 = LINE('',#11978,#11979);
#11978 = CARTESIAN_POINT('',(218.,220.,59.5));
#11979 = VECTOR('',#11980,1.);
#11980 = DIRECTION('',(0.,0.,1.));
#11981 = CARTESIAN_POINT('',(218.,220.,59.5));
#11982 = CARTESIAN_POINT('',(218.,220.,74.));
#11983 = GEOMETRIC_CURVE_SET('',(#11984));
#11984 = TRIMMED_CURVE('',#11985,(#11989,PARAMETER_VALUE(0.)),(#11990,
    PARAMETER_VALUE(24.)),.T.,.PARAMETER.);
#11985 = LINE('',#11986,#11987);
#11986 = CARTESIAN_POINT('',(218.,220.,74.));
#11987 = VECTOR('',#11988,1.);
#11988 = DIRECTION('',(0.,1.,0.));
#11989 = CARTESIAN_POINT('',(218.,220.,74.));
#11990 = CARTESIAN_POINT('',(218.,244.,74.));
#11991 = GEOMETRIC_CURVE_SET('',(#11992));
#11992 = TRIMMED_CURVE('',#11993,(#11997,PARAMETER_VALUE(0.)),(#11998,
    PARAMETER_VALUE(14.5)),.T.,.PARAMETER.);
#11993 = LINE('',#11994,#11995);
#11994 = CARTESIAN_POINT('',(218.,244.,59.5));
#11995 = VECTOR('',#11996,1.);
#11996 = DIRECTION('',(0.,0.,1.));
#11997 = CARTESIAN_POINT('',(218.,244.,59.5));
#11998 = CARTESIAN_POINT('',(218.,244.,74.));
#11999 = GEOMETRIC_CURVE_SET('',(#12000));
#12000 = TRIMMED_CURVE('',#12001,(#12005,PARAMETER_VALUE(0.)),(#12006,
    PARAMETER_VALUE(24.)),.T.,.PARAMETER.);
#12001 = LINE('',#12002,#12003);
#12002 = CARTESIAN_POINT('',(218.,220.,59.5));
#12003 = VECTOR('',#12004,1.);
#12004 = DIRECTION('',(0.,1.,0.));
#12005 = CARTESIAN_POINT('',(218.,220.,59.5));
#12006 = CARTESIAN_POINT('',(218.,244.,59.5));
#12007 = GEOMETRIC_CURVE_SET('',(#12008));
#12008 = TRIMMED_CURVE('',#12009,(#12013,PARAMETER_VALUE(0.)),(#12014,
    PARAMETER_VALUE(14.5)),.T.,.PARAMETER.);
#12009 = LINE('',#12010,#12011);
#12010 = CARTESIAN_POINT('',(242.,220.,59.5));
#12011 = VECTOR('',#12012,1.);
#12012 = DIRECTION('',(0.,0.,1.));
#12013 = CARTESIAN_POINT('',(242.,220.,59.5));
#12014 = CARTESIAN_POINT('',(242.,220.,74.));
#12015 = GEOMETRIC_CURVE_SET('',(#12016));
#12016 = TRIMMED_CURVE('',#12017,(#12021,PARAMETER_VALUE(0.)),(#12022,
    PARAMETER_VALUE(24.)),.T.,.PARAMETER.);
#12017 = LINE('',#12018,#12019);
#12018 = CARTESIAN_POINT('',(242.,220.,74.));
#12019 = VECTOR('',#12020,1.);
#12020 = DIRECTION('',(0.,1.,0.));
#12021 = CARTESIAN_POINT('',(242.,220.,74.));
#12022 = CARTESIAN_POINT('',(242.,244.,74.));
#12023 = GEOMETRIC_CURVE_SET('',(#12024));
#12024 = TRIMMED_CURVE('',#12025,(#12029,PARAMETER_VALUE(0.)),(#12030,
    PARAMETER_VALUE(14.5)),.T.,.PARAMETER.);
#12025 = LINE('',#12026,#12027);
#12026 = CARTESIAN_POINT('',(242.,244.,59.5));
#12027 = VECTOR('',#12028,1.);
#12028 = DIRECTION('',(0.,0.,1.));
#12029 = CARTESIAN_POINT('',(242.,244.,59.5));
#12030 = CARTESIAN_POINT('',(242.,244.,74.));
#12031 = GEOMETRIC_CURVE_SET('',(#12032));
#12032 = TRIMMED_CURVE('',#12033,(#12037,PARAMETER_VALUE(0.)),(#12038,
    PARAMETER_VALUE(24.)),.T.,.PARAMETER.);
#12033 = LINE('',#12034,#12035);
#12034 = CARTESIAN_POINT('',(242.,220.,59.5));
#12035 = VECTOR('',#12036,1.);
#12036 = DIRECTION('',(0.,1.,0.));
#12037 = CARTESIAN_POINT('',(242.,220.,59.5));
#12038 = CARTESIAN_POINT('',(242.,244.,59.5));
#12039 = GEOMETRIC_CURVE_SET('',(#12040));
#12040 = TRIMMED_CURVE('',#12041,(#12045,PARAMETER_VALUE(0.)),(#12046,
    PARAMETER_VALUE(24.)),.T.,.PARAMETER.);
#12041 = LINE('',#12042,#12043);
#12042 = CARTESIAN_POINT('',(218.,220.,59.5));
#12043 = VECTOR('',#12044,1.);
#12044 = DIRECTION('',(1.,0.,0.));
#12045 = CARTESIAN_POINT('',(218.,220.,59.5));
#12046 = CARTESIAN_POINT('',(242.,220.,59.5));
#12047 = GEOMETRIC_CURVE_SET('',(#12048));
#12048 = TRIMMED_CURVE('',#12049,(#12053,PARAMETER_VALUE(0.)),(#12054,
    PARAMETER_VALUE(24.)),.T.,.PARAMETER.);
#12049 = LINE('',#12050,#12051);
#12050 = CARTESIAN_POINT('',(218.,220.,74.));
#12051 = VECTOR('',#12052,1.);
#12052 = DIRECTION('',(1.,0.,0.));
#12053 = CARTESIAN_POINT('',(218.,220.,74.));
#12054 = CARTESIAN_POINT('',(242.,220.,74.));
#12055 = GEOMETRIC_CURVE_SET('',(#12056));
#12056 = TRIMMED_CURVE('',#12057,(#12061,PARAMETER_VALUE(0.)),(#12062,
    PARAMETER_VALUE(24.)),.T.,.PARAMETER.);
#12057 = LINE('',#12058,#12059);
#12058 = CARTESIAN_POINT('',(218.,244.,59.5));
#12059 = VECTOR('',#12060,1.);
#12060 = DIRECTION('',(1.,0.,0.));
#12061 = CARTESIAN_POINT('',(218.,244.,59.5));
#12062 = CARTESIAN_POINT('',(242.,244.,59.5));
#12063 = GEOMETRIC_CURVE_SET('',(#12064));
#12064 = TRIMMED_CURVE('',#12065,(#12069,PARAMETER_VALUE(0.)),(#12070,
    PARAMETER_VALUE(24.)),.T.,.PARAMETER.);
#12065 = LINE('',#12066,#12067);
#12066 = CARTESIAN_POINT('',(218.,244.,74.));
#12067 = VECTOR('',#12068,1.);
#12068 = DIRECTION('',(1.,0.,0.));
#12069 = CARTESIAN_POINT('',(218.,244.,74.));
#12070 = CARTESIAN_POINT('',(242.,244.,74.));
#12071 = GEOMETRIC_CURVE_SET('',(#12072));
#12072 = TRIMMED_CURVE('',#12073,(#12077,PARAMETER_VALUE(0.)),(#12078,
    PARAMETER_VALUE(8.)),.T.,.PARAMETER.);
#12073 = LINE('',#12074,#12075);
#12074 = CARTESIAN_POINT('',(112.9,107.65,129.5));
#12075 = VECTOR('',#12076,1.);
#12076 = DIRECTION('',(0.,0.,1.));
#12077 = CARTESIAN_POINT('',(112.9,107.65,129.5));
#12078 = CARTESIAN_POINT('',(112.9,107.65,137.5));
#12079 = GEOMETRIC_CURVE_SET('',(#12080));
#12080 = TRIMMED_CURVE('',#12081,(#12085,PARAMETER_VALUE(0.)),(#12086,
    PARAMETER_VALUE(8.)),.T.,.PARAMETER.);
#12081 = LINE('',#12082,#12083);
#12082 = CARTESIAN_POINT('',(112.9,150.65,129.5));
#12083 = VECTOR('',#12084,1.);
#12084 = DIRECTION('',(0.,0.,1.));
#12085 = CARTESIAN_POINT('',(112.9,150.65,129.5));
#12086 = CARTESIAN_POINT('',(112.9,150.65,137.5));
#12087 = GEOMETRIC_CURVE_SET('',(#12088));
#12088 = TRIMMED_CURVE('',#12089,(#12093,PARAMETER_VALUE(0.)),(#12094,
    PARAMETER_VALUE(8.)),.T.,.PARAMETER.);
#12089 = LINE('',#12090,#12091);
#12090 = CARTESIAN_POINT('',(155.9,107.65,129.5));
#12091 = VECTOR('',#12092,1.);
#12092 = DIRECTION('',(0.,0.,1.));
#12093 = CARTESIAN_POINT('',(155.9,107.65,129.5));
#12094 = CARTESIAN_POINT('',(155.9,107.65,137.5));
#12095 = GEOMETRIC_CURVE_SET('',(#12096));
#12096 = TRIMMED_CURVE('',#12097,(#12101,PARAMETER_VALUE(0.)),(#12102,
    PARAMETER_VALUE(8.)),.T.,.PARAMETER.);
#12097 = LINE('',#12098,#12099);
#12098 = CARTESIAN_POINT('',(155.9,150.65,129.5));
#12099 = VECTOR('',#12100,1.);
#12100 = DIRECTION('',(0.,0.,1.));
#12101 = CARTESIAN_POINT('',(155.9,150.65,129.5));
#12102 = CARTESIAN_POINT('',(155.9,150.65,137.5));
#12103 = ( GEOMETRIC_REPRESENTATION_CONTEXT(3) 
GLOBAL_UNCERTAINTY_ASSIGNED_CONTEXT((#12107)) 
GLOBAL_UNIT_ASSIGNED_CONTEXT((#12104,#12105,#12106)) 
REPRESENTATION_CONTEXT('Context #1',
  '3D Context with UNIT and UNCERTAINTY') );
#12104 = ( LENGTH_UNIT() NAMED_UNIT(*) SI_UNIT(.MILLI.,.METRE.) );
#12105 = ( NAMED_UNIT(*) PLANE_ANGLE_UNIT() SI_UNIT($,.RADIAN.) );
#12106 = ( NAMED_UNIT(*) SI_UNIT($,.STERADIAN.) SOLID_ANGLE_UNIT() );
#12107 = UNCERTAINTY_MEASURE_WITH_UNIT(LENGTH_MEASURE(1.E-07),#12104,
  'distance_accuracy_value','confusion accuracy');
#12108 = PRODUCT_RELATED_PRODUCT_CATEGORY('part',$,(#7));
ENDSEC;
END-ISO-10303-21;
