ISO-10303-21;
HEADER;
FILE_DESCRIPTION(('FreeCAD Model'),'2;1');
FILE_NAME('Open CASCADE Shape Model','2026-09-13T14:09:59',('FreeCAD'),(
    'FreeCAD'),'Open CASCADE STEP processor 7.8','FreeCAD','Unknown');
FILE_SCHEMA(('AUTOMOTIVE_DESIGN { 1 0 10303 214 1 1 1 1 }'));
ENDSEC;
DATA;
#1 = APPLICATION_PROTOCOL_DEFINITION('international standard',
  'automotive_design',2000,#2);
#2 = APPLICATION_CONTEXT(
  'core data for automotive mechanical design processes');
#3 = SHAPE_DEFINITION_REPRESENTATION(#4,#10);
#4 = PRODUCT_DEFINITION_SHAPE('','',#5);
#5 = PRODUCT_DEFINITION('design','',#6,#9);
#6 = PRODUCT_DEFINITION_FORMATION('','',#7);
#7 = PRODUCT('Open CASCADE STEP translator 7.8 2',
  'Open CASCADE STEP translator 7.8 2','',(#8));
#8 = PRODUCT_CONTEXT('',#2,'mechanical');
#9 = PRODUCT_DEFINITION_CONTEXT('part definition',#2,'design');
#10 = SHAPE_REPRESENTATION('',(#11,#15,#165,#315,#465,#615,#765,#915,
    #1065,#1215,#1268,#1321,#1374,#1427,#1577,#1630,#1780,#1930,#2080,
    #2230,#2380,#2530,#2680,#2830,#2980,#3130,#3280,#3430,#3580,#3633,
    #3686,#3739,#3792,#3800,#3808,#3816,#3824,#3832,#3840,#3848,#3856,
    #3864,#3872,#3880,#3888,#3896,#3904,#3912,#3920,#3928,#3936,#3944,
    #3952,#3960,#3968,#3976,#3984,#3992,#4000,#4008,#4016,#4024,#4032,
    #4040,#4048,#4056,#4064,#4072,#4080,#4088,#4096,#4104,#4112,#4120,
    #4128,#4136,#4144,#4152,#4160,#4168,#4176,#4184,#4192,#4200,#4208,
    #4216,#4224,#4232,#4240,#4248,#4256,#4264,#4272,#4280,#4288,#4296,
    #4304,#4312,#4320,#4328,#4336,#4344,#4352,#4360,#4368,#4376,#4384,
    #4392,#4400,#4408,#4416,#4424,#4432,#4440,#4448,#4456,#4464,#4472,
    #4480,#4488,#4496,#4504,#4512,#4520,#4528,#4536,#4544,#4552,#4560,
    #4568,#4576,#4584,#4592,#4600,#4608,#4616,#4624,#4632,#4640,#4648,
    #4656,#4664,#4672,#4680,#4688,#4696,#4704,#4712,#4720,#4728,#4736,
    #4744,#4752,#4760,#4768,#4776,#4784,#4792,#4800,#4808,#4816,#4824,
    #4832,#4840,#4848,#4857,#4865,#4874,#4882,#4890,#4898,#4906,#4914,
    #4922,#4930,#4938,#4946,#4954,#4962,#4970,#4978,#4986,#4994,#5002,
    #5010,#5018,#5026,#5034,#5042,#5050,#5058,#5066,#5074,#5082,#5090,
    #5098,#5106,#5114,#5122,#5130,#5138,#5146,#5154,#5162,#5170,#5178,
    #5186,#5194,#5202,#5210,#5218,#5226,#5234,#5242,#5250,#5258,#5266,
    #5274,#5282,#5290,#5298,#5306,#5314,#5322,#5330,#5338,#5346,#5354,
    #5362,#5370,#5378,#5386,#5394,#5402,#5410,#5418,#5426,#5434,#5442,
    #5450,#5458,#5466,#5474,#5482,#5490,#5498,#5506,#5514,#5522,#5530,
    #5538,#5546,#5554,#5562,#5570,#5578,#5586,#5594,#5602,#5610,#5618,
    #5626,#5634,#5642,#5650,#5658,#5666,#5674,#5682,#5690,#5698,#5706,
    #5714,#5722,#5730,#5738,#5746,#5754,#5762,#5770,#5778,#5786,#5794,
    #5802,#5810,#5818,#5826,#5834,#5842,#5850,#5858,#5866,#5874,#5882,
    #5890,#5898,#5906,#5914,#5922,#5930,#5938,#5946,#5954,#5962,#5970,
    #5978,#5986,#5994,#6002,#6010,#6018,#6026,#6034,#6042,#6050,#6058,
    #6066,#6074,#6082,#6090,#6098,#6106,#6114,#6122,#6130,#6138,#6146,
    #6154,#6162,#6170,#6178,#6186,#6194,#6202,#6210,#6218,#6226,#6234,
    #6242,#6250,#6258,#6266,#6274,#6282,#6290,#6298,#6306,#6314,#6322,
    #6330,#6338,#6346,#6354,#6362,#6370,#6378,#6386,#6394,#6402,#6410,
    #6418,#6426,#6434,#6442,#6450,#6458,#6466,#6474,#6482,#6490,#6498,
    #6506,#6514,#6522,#6530,#6538,#6546,#6554,#6562,#6570,#6578,#6586,
    #6594,#6602,#6610,#6618,#6626,#6634,#6642,#6650,#6658,#6666,#6674,
    #6682,#6690,#6698,#6706,#6714,#6722,#6730,#6738,#6746,#6754,#6762,
    #6770,#6778,#6786,#6794,#6802,#6810,#6818,#6826,#6834,#6842,#6850,
    #6858,#6866,#6874,#6882,#6890,#6898,#6906,#6914,#6922,#6930,#6938,
    #6946,#6954,#6962,#6970,#6978,#6986,#6994,#7002,#7010,#7018,#7026,
    #7034,#7042,#7050,#7058,#7066,#7074,#7082,#7090,#7098,#7106,#7114,
    #7122,#7130,#7138,#7146,#7154,#7162,#7170),#7178);
#11 = AXIS2_PLACEMENT_3D('',#12,#13,#14);
#12 = CARTESIAN_POINT('',(0.,0.,0.));
#13 = DIRECTION('',(0.,0.,1.));
#14 = DIRECTION('',(1.,0.,-0.));
#15 = MANIFOLD_SOLID_BREP('',#16);
#16 = CLOSED_SHELL('',(#17,#57,#97,#119,#141,#153));
#17 = ADVANCED_FACE('',(#18),#52,.F.);
#18 = FACE_BOUND('',#19,.F.);
#19 = EDGE_LOOP('',(#20,#30,#38,#46));
#20 = ORIENTED_EDGE('',*,*,#21,.F.);
#21 = EDGE_CURVE('',#22,#24,#26,.T.);
#22 = VERTEX_POINT('',#23);
#23 = CARTESIAN_POINT('',(86.,94.,123.));
#24 = VERTEX_POINT('',#25);
#25 = CARTESIAN_POINT('',(86.,94.,178.));
#26 = LINE('',#27,#28);
#27 = CARTESIAN_POINT('',(86.,94.,123.));
#28 = VECTOR('',#29,1.);
#29 = DIRECTION('',(0.,0.,1.));
#30 = ORIENTED_EDGE('',*,*,#31,.T.);
#31 = EDGE_CURVE('',#22,#32,#34,.T.);
#32 = VERTEX_POINT('',#33);
#33 = CARTESIAN_POINT('',(86.,164.3,123.));
#34 = LINE('',#35,#36);
#35 = CARTESIAN_POINT('',(86.,94.,123.));
#36 = VECTOR('',#37,1.);
#37 = DIRECTION('',(0.,1.,0.));
#38 = ORIENTED_EDGE('',*,*,#39,.T.);
#39 = EDGE_CURVE('',#32,#40,#42,.T.);
#40 = VERTEX_POINT('',#41);
#41 = CARTESIAN_POINT('',(86.,164.3,178.));
#42 = LINE('',#43,#44);
#43 = CARTESIAN_POINT('',(86.,164.3,123.));
#44 = VECTOR('',#45,1.);
#45 = DIRECTION('',(0.,0.,1.));
#46 = ORIENTED_EDGE('',*,*,#47,.F.);
#47 = EDGE_CURVE('',#24,#40,#48,.T.);
#48 = LINE('',#49,#50);
#49 = CARTESIAN_POINT('',(86.,94.,178.));
#50 = VECTOR('',#51,1.);
#51 = DIRECTION('',(0.,1.,0.));
#52 = PLANE('',#53);
#53 = AXIS2_PLACEMENT_3D('',#54,#55,#56);
#54 = CARTESIAN_POINT('',(86.,94.,123.));
#55 = DIRECTION('',(1.,0.,0.));
#56 = DIRECTION('',(0.,0.,1.));
#57 = ADVANCED_FACE('',(#58),#92,.T.);
#58 = FACE_BOUND('',#59,.T.);
#59 = EDGE_LOOP('',(#60,#70,#78,#86));
#60 = ORIENTED_EDGE('',*,*,#61,.F.);
#61 = EDGE_CURVE('',#62,#64,#66,.T.);
#62 = VERTEX_POINT('',#63);
#63 = CARTESIAN_POINT('',(182.8,94.,123.));
#64 = VERTEX_POINT('',#65);
#65 = CARTESIAN_POINT('',(182.8,94.,178.));
#66 = LINE('',#67,#68);
#67 = CARTESIAN_POINT('',(182.8,94.,123.));
#68 = VECTOR('',#69,1.);
#69 = DIRECTION('',(0.,0.,1.));
#70 = ORIENTED_EDGE('',*,*,#71,.T.);
#71 = EDGE_CURVE('',#62,#72,#74,.T.);
#72 = VERTEX_POINT('',#73);
#73 = CARTESIAN_POINT('',(182.8,164.3,123.));
#74 = LINE('',#75,#76);
#75 = CARTESIAN_POINT('',(182.8,94.,123.));
#76 = VECTOR('',#77,1.);
#77 = DIRECTION('',(0.,1.,0.));
#78 = ORIENTED_EDGE('',*,*,#79,.T.);
#79 = EDGE_CURVE('',#72,#80,#82,.T.);
#80 = VERTEX_POINT('',#81);
#81 = CARTESIAN_POINT('',(182.8,164.3,178.));
#82 = LINE('',#83,#84);
#83 = CARTESIAN_POINT('',(182.8,164.3,123.));
#84 = VECTOR('',#85,1.);
#85 = DIRECTION('',(0.,0.,1.));
#86 = ORIENTED_EDGE('',*,*,#87,.F.);
#87 = EDGE_CURVE('',#64,#80,#88,.T.);
#88 = LINE('',#89,#90);
#89 = CARTESIAN_POINT('',(182.8,94.,178.));
#90 = VECTOR('',#91,1.);
#91 = DIRECTION('',(0.,1.,0.));
#92 = PLANE('',#93);
#93 = AXIS2_PLACEMENT_3D('',#94,#95,#96);
#94 = CARTESIAN_POINT('',(182.8,94.,123.));
#95 = DIRECTION('',(1.,0.,0.));
#96 = DIRECTION('',(0.,0.,1.));
#97 = ADVANCED_FACE('',(#98),#114,.F.);
#98 = FACE_BOUND('',#99,.F.);
#99 = EDGE_LOOP('',(#100,#106,#107,#113));
#100 = ORIENTED_EDGE('',*,*,#101,.F.);
#101 = EDGE_CURVE('',#22,#62,#102,.T.);
#102 = LINE('',#103,#104);
#103 = CARTESIAN_POINT('',(86.,94.,123.));
#104 = VECTOR('',#105,1.);
#105 = DIRECTION('',(1.,0.,0.));
#106 = ORIENTED_EDGE('',*,*,#21,.T.);
#107 = ORIENTED_EDGE('',*,*,#108,.T.);
#108 = EDGE_CURVE('',#24,#64,#109,.T.);
#109 = LINE('',#110,#111);
#110 = CARTESIAN_POINT('',(86.,94.,178.));
#111 = VECTOR('',#112,1.);
#112 = DIRECTION('',(1.,0.,0.));
#113 = ORIENTED_EDGE('',*,*,#61,.F.);
#114 = PLANE('',#115);
#115 = AXIS2_PLACEMENT_3D('',#116,#117,#118);
#116 = CARTESIAN_POINT('',(86.,94.,123.));
#117 = DIRECTION('',(0.,1.,0.));
#118 = DIRECTION('',(0.,0.,1.));
#119 = ADVANCED_FACE('',(#120),#136,.T.);
#120 = FACE_BOUND('',#121,.T.);
#121 = EDGE_LOOP('',(#122,#128,#129,#135));
#122 = ORIENTED_EDGE('',*,*,#123,.F.);
#123 = EDGE_CURVE('',#32,#72,#124,.T.);
#124 = LINE('',#125,#126);
#125 = CARTESIAN_POINT('',(86.,164.3,123.));
#126 = VECTOR('',#127,1.);
#127 = DIRECTION('',(1.,0.,0.));
#128 = ORIENTED_EDGE('',*,*,#39,.T.);
#129 = ORIENTED_EDGE('',*,*,#130,.T.);
#130 = EDGE_CURVE('',#40,#80,#131,.T.);
#131 = LINE('',#132,#133);
#132 = CARTESIAN_POINT('',(86.,164.3,178.));
#133 = VECTOR('',#134,1.);
#134 = DIRECTION('',(1.,0.,0.));
#135 = ORIENTED_EDGE('',*,*,#79,.F.);
#136 = PLANE('',#137);
#137 = AXIS2_PLACEMENT_3D('',#138,#139,#140);
#138 = CARTESIAN_POINT('',(86.,164.3,123.));
#139 = DIRECTION('',(0.,1.,0.));
#140 = DIRECTION('',(0.,0.,1.));
#141 = ADVANCED_FACE('',(#142),#148,.F.);
#142 = FACE_BOUND('',#143,.F.);
#143 = EDGE_LOOP('',(#144,#145,#146,#147));
#144 = ORIENTED_EDGE('',*,*,#31,.F.);
#145 = ORIENTED_EDGE('',*,*,#101,.T.);
#146 = ORIENTED_EDGE('',*,*,#71,.T.);
#147 = ORIENTED_EDGE('',*,*,#123,.F.);
#148 = PLANE('',#149);
#149 = AXIS2_PLACEMENT_3D('',#150,#151,#152);
#150 = CARTESIAN_POINT('',(86.,94.,123.));
#151 = DIRECTION('',(0.,0.,1.));
#152 = DIRECTION('',(1.,0.,0.));
#153 = ADVANCED_FACE('',(#154),#160,.T.);
#154 = FACE_BOUND('',#155,.T.);
#155 = EDGE_LOOP('',(#156,#157,#158,#159));
#156 = ORIENTED_EDGE('',*,*,#47,.F.);
#157 = ORIENTED_EDGE('',*,*,#108,.T.);
#158 = ORIENTED_EDGE('',*,*,#87,.T.);
#159 = ORIENTED_EDGE('',*,*,#130,.F.);
#160 = PLANE('',#161);
#161 = AXIS2_PLACEMENT_3D('',#162,#163,#164);
#162 = CARTESIAN_POINT('',(86.,94.,178.));
#163 = DIRECTION('',(0.,0.,1.));
#164 = DIRECTION('',(1.,0.,0.));
#165 = MANIFOLD_SOLID_BREP('',#166);
#166 = CLOSED_SHELL('',(#167,#207,#247,#269,#291,#303));
#167 = ADVANCED_FACE('',(#168),#202,.F.);
#168 = FACE_BOUND('',#169,.F.);
#169 = EDGE_LOOP('',(#170,#180,#188,#196));
#170 = ORIENTED_EDGE('',*,*,#171,.F.);
#171 = EDGE_CURVE('',#172,#174,#176,.T.);
#172 = VERTEX_POINT('',#173);
#173 = CARTESIAN_POINT('',(153.,17.,91.));
#174 = VERTEX_POINT('',#175);
#175 = CARTESIAN_POINT('',(153.,17.,114.));
#176 = LINE('',#177,#178);
#177 = CARTESIAN_POINT('',(153.,17.,91.));
#178 = VECTOR('',#179,1.);
#179 = DIRECTION('',(0.,0.,1.));
#180 = ORIENTED_EDGE('',*,*,#181,.T.);
#181 = EDGE_CURVE('',#172,#182,#184,.T.);
#182 = VERTEX_POINT('',#183);
#183 = CARTESIAN_POINT('',(153.,73.,91.));
#184 = LINE('',#185,#186);
#185 = CARTESIAN_POINT('',(153.,17.,91.));
#186 = VECTOR('',#187,1.);
#187 = DIRECTION('',(0.,1.,0.));
#188 = ORIENTED_EDGE('',*,*,#189,.T.);
#189 = EDGE_CURVE('',#182,#190,#192,.T.);
#190 = VERTEX_POINT('',#191);
#191 = CARTESIAN_POINT('',(153.,73.,114.));
#192 = LINE('',#193,#194);
#193 = CARTESIAN_POINT('',(153.,73.,91.));
#194 = VECTOR('',#195,1.);
#195 = DIRECTION('',(0.,0.,1.));
#196 = ORIENTED_EDGE('',*,*,#197,.F.);
#197 = EDGE_CURVE('',#174,#190,#198,.T.);
#198 = LINE('',#199,#200);
#199 = CARTESIAN_POINT('',(153.,17.,114.));
#200 = VECTOR('',#201,1.);
#201 = DIRECTION('',(0.,1.,0.));
#202 = PLANE('',#203);
#203 = AXIS2_PLACEMENT_3D('',#204,#205,#206);
#204 = CARTESIAN_POINT('',(153.,17.,91.));
#205 = DIRECTION('',(1.,0.,0.));
#206 = DIRECTION('',(0.,0.,1.));
#207 = ADVANCED_FACE('',(#208),#242,.T.);
#208 = FACE_BOUND('',#209,.T.);
#209 = EDGE_LOOP('',(#210,#220,#228,#236));
#210 = ORIENTED_EDGE('',*,*,#211,.F.);
#211 = EDGE_CURVE('',#212,#214,#216,.T.);
#212 = VERTEX_POINT('',#213);
#213 = CARTESIAN_POINT('',(238.,17.,91.));
#214 = VERTEX_POINT('',#215);
#215 = CARTESIAN_POINT('',(238.,17.,114.));
#216 = LINE('',#217,#218);
#217 = CARTESIAN_POINT('',(238.,17.,91.));
#218 = VECTOR('',#219,1.);
#219 = DIRECTION('',(0.,0.,1.));
#220 = ORIENTED_EDGE('',*,*,#221,.T.);
#221 = EDGE_CURVE('',#212,#222,#224,.T.);
#222 = VERTEX_POINT('',#223);
#223 = CARTESIAN_POINT('',(238.,73.,91.));
#224 = LINE('',#225,#226);
#225 = CARTESIAN_POINT('',(238.,17.,91.));
#226 = VECTOR('',#227,1.);
#227 = DIRECTION('',(0.,1.,0.));
#228 = ORIENTED_EDGE('',*,*,#229,.T.);
#229 = EDGE_CURVE('',#222,#230,#232,.T.);
#230 = VERTEX_POINT('',#231);
#231 = CARTESIAN_POINT('',(238.,73.,114.));
#232 = LINE('',#233,#234);
#233 = CARTESIAN_POINT('',(238.,73.,91.));
#234 = VECTOR('',#235,1.);
#235 = DIRECTION('',(0.,0.,1.));
#236 = ORIENTED_EDGE('',*,*,#237,.F.);
#237 = EDGE_CURVE('',#214,#230,#238,.T.);
#238 = LINE('',#239,#240);
#239 = CARTESIAN_POINT('',(238.,17.,114.));
#240 = VECTOR('',#241,1.);
#241 = DIRECTION('',(0.,1.,0.));
#242 = PLANE('',#243);
#243 = AXIS2_PLACEMENT_3D('',#244,#245,#246);
#244 = CARTESIAN_POINT('',(238.,17.,91.));
#245 = DIRECTION('',(1.,0.,0.));
#246 = DIRECTION('',(0.,0.,1.));
#247 = ADVANCED_FACE('',(#248),#264,.F.);
#248 = FACE_BOUND('',#249,.F.);
#249 = EDGE_LOOP('',(#250,#256,#257,#263));
#250 = ORIENTED_EDGE('',*,*,#251,.F.);
#251 = EDGE_CURVE('',#172,#212,#252,.T.);
#252 = LINE('',#253,#254);
#253 = CARTESIAN_POINT('',(153.,17.,91.));
#254 = VECTOR('',#255,1.);
#255 = DIRECTION('',(1.,0.,0.));
#256 = ORIENTED_EDGE('',*,*,#171,.T.);
#257 = ORIENTED_EDGE('',*,*,#258,.T.);
#258 = EDGE_CURVE('',#174,#214,#259,.T.);
#259 = LINE('',#260,#261);
#260 = CARTESIAN_POINT('',(153.,17.,114.));
#261 = VECTOR('',#262,1.);
#262 = DIRECTION('',(1.,0.,0.));
#263 = ORIENTED_EDGE('',*,*,#211,.F.);
#264 = PLANE('',#265);
#265 = AXIS2_PLACEMENT_3D('',#266,#267,#268);
#266 = CARTESIAN_POINT('',(153.,17.,91.));
#267 = DIRECTION('',(0.,1.,0.));
#268 = DIRECTION('',(0.,0.,1.));
#269 = ADVANCED_FACE('',(#270),#286,.T.);
#270 = FACE_BOUND('',#271,.T.);
#271 = EDGE_LOOP('',(#272,#278,#279,#285));
#272 = ORIENTED_EDGE('',*,*,#273,.F.);
#273 = EDGE_CURVE('',#182,#222,#274,.T.);
#274 = LINE('',#275,#276);
#275 = CARTESIAN_POINT('',(153.,73.,91.));
#276 = VECTOR('',#277,1.);
#277 = DIRECTION('',(1.,0.,0.));
#278 = ORIENTED_EDGE('',*,*,#189,.T.);
#279 = ORIENTED_EDGE('',*,*,#280,.T.);
#280 = EDGE_CURVE('',#190,#230,#281,.T.);
#281 = LINE('',#282,#283);
#282 = CARTESIAN_POINT('',(153.,73.,114.));
#283 = VECTOR('',#284,1.);
#284 = DIRECTION('',(1.,0.,0.));
#285 = ORIENTED_EDGE('',*,*,#229,.F.);
#286 = PLANE('',#287);
#287 = AXIS2_PLACEMENT_3D('',#288,#289,#290);
#288 = CARTESIAN_POINT('',(153.,73.,91.));
#289 = DIRECTION('',(0.,1.,0.));
#290 = DIRECTION('',(0.,0.,1.));
#291 = ADVANCED_FACE('',(#292),#298,.F.);
#292 = FACE_BOUND('',#293,.F.);
#293 = EDGE_LOOP('',(#294,#295,#296,#297));
#294 = ORIENTED_EDGE('',*,*,#181,.F.);
#295 = ORIENTED_EDGE('',*,*,#251,.T.);
#296 = ORIENTED_EDGE('',*,*,#221,.T.);
#297 = ORIENTED_EDGE('',*,*,#273,.F.);
#298 = PLANE('',#299);
#299 = AXIS2_PLACEMENT_3D('',#300,#301,#302);
#300 = CARTESIAN_POINT('',(153.,17.,91.));
#301 = DIRECTION('',(0.,0.,1.));
#302 = DIRECTION('',(1.,0.,0.));
#303 = ADVANCED_FACE('',(#304),#310,.T.);
#304 = FACE_BOUND('',#305,.T.);
#305 = EDGE_LOOP('',(#306,#307,#308,#309));
#306 = ORIENTED_EDGE('',*,*,#197,.F.);
#307 = ORIENTED_EDGE('',*,*,#258,.T.);
#308 = ORIENTED_EDGE('',*,*,#237,.T.);
#309 = ORIENTED_EDGE('',*,*,#280,.F.);
#310 = PLANE('',#311);
#311 = AXIS2_PLACEMENT_3D('',#312,#313,#314);
#312 = CARTESIAN_POINT('',(153.,17.,114.));
#313 = DIRECTION('',(0.,0.,1.));
#314 = DIRECTION('',(1.,0.,0.));
#315 = MANIFOLD_SOLID_BREP('',#316);
#316 = CLOSED_SHELL('',(#317,#357,#397,#419,#441,#453));
#317 = ADVANCED_FACE('',(#318),#352,.F.);
#318 = FACE_BOUND('',#319,.F.);
#319 = EDGE_LOOP('',(#320,#330,#338,#346));
#320 = ORIENTED_EDGE('',*,*,#321,.F.);
#321 = EDGE_CURVE('',#322,#324,#326,.T.);
#322 = VERTEX_POINT('',#323);
#323 = CARTESIAN_POINT('',(30.,16.,90.));
#324 = VERTEX_POINT('',#325);
#325 = CARTESIAN_POINT('',(30.,16.,102.7));
#326 = LINE('',#327,#328);
#327 = CARTESIAN_POINT('',(30.,16.,90.));
#328 = VECTOR('',#329,1.);
#329 = DIRECTION('',(0.,0.,1.));
#330 = ORIENTED_EDGE('',*,*,#331,.T.);
#331 = EDGE_CURVE('',#322,#332,#334,.T.);
#332 = VERTEX_POINT('',#333);
#333 = CARTESIAN_POINT('',(30.,73.9,90.));
#334 = LINE('',#335,#336);
#335 = CARTESIAN_POINT('',(30.,16.,90.));
#336 = VECTOR('',#337,1.);
#337 = DIRECTION('',(0.,1.,0.));
#338 = ORIENTED_EDGE('',*,*,#339,.T.);
#339 = EDGE_CURVE('',#332,#340,#342,.T.);
#340 = VERTEX_POINT('',#341);
#341 = CARTESIAN_POINT('',(30.,73.9,102.7));
#342 = LINE('',#343,#344);
#343 = CARTESIAN_POINT('',(30.,73.9,90.));
#344 = VECTOR('',#345,1.);
#345 = DIRECTION('',(0.,0.,1.));
#346 = ORIENTED_EDGE('',*,*,#347,.F.);
#347 = EDGE_CURVE('',#324,#340,#348,.T.);
#348 = LINE('',#349,#350);
#349 = CARTESIAN_POINT('',(30.,16.,102.7));
#350 = VECTOR('',#351,1.);
#351 = DIRECTION('',(0.,1.,0.));
#352 = PLANE('',#353);
#353 = AXIS2_PLACEMENT_3D('',#354,#355,#356);
#354 = CARTESIAN_POINT('',(30.,16.,90.));
#355 = DIRECTION('',(1.,0.,0.));
#356 = DIRECTION('',(0.,0.,1.));
#357 = ADVANCED_FACE('',(#358),#392,.T.);
#358 = FACE_BOUND('',#359,.T.);
#359 = EDGE_LOOP('',(#360,#370,#378,#386));
#360 = ORIENTED_EDGE('',*,*,#361,.F.);
#361 = EDGE_CURVE('',#362,#364,#366,.T.);
#362 = VERTEX_POINT('',#363);
#363 = CARTESIAN_POINT('',(91.,16.,90.));
#364 = VERTEX_POINT('',#365);
#365 = CARTESIAN_POINT('',(91.,16.,102.7));
#366 = LINE('',#367,#368);
#367 = CARTESIAN_POINT('',(91.,16.,90.));
#368 = VECTOR('',#369,1.);
#369 = DIRECTION('',(0.,0.,1.));
#370 = ORIENTED_EDGE('',*,*,#371,.T.);
#371 = EDGE_CURVE('',#362,#372,#374,.T.);
#372 = VERTEX_POINT('',#373);
#373 = CARTESIAN_POINT('',(91.,73.9,90.));
#374 = LINE('',#375,#376);
#375 = CARTESIAN_POINT('',(91.,16.,90.));
#376 = VECTOR('',#377,1.);
#377 = DIRECTION('',(0.,1.,0.));
#378 = ORIENTED_EDGE('',*,*,#379,.T.);
#379 = EDGE_CURVE('',#372,#380,#382,.T.);
#380 = VERTEX_POINT('',#381);
#381 = CARTESIAN_POINT('',(91.,73.9,102.7));
#382 = LINE('',#383,#384);
#383 = CARTESIAN_POINT('',(91.,73.9,90.));
#384 = VECTOR('',#385,1.);
#385 = DIRECTION('',(0.,0.,1.));
#386 = ORIENTED_EDGE('',*,*,#387,.F.);
#387 = EDGE_CURVE('',#364,#380,#388,.T.);
#388 = LINE('',#389,#390);
#389 = CARTESIAN_POINT('',(91.,16.,102.7));
#390 = VECTOR('',#391,1.);
#391 = DIRECTION('',(0.,1.,0.));
#392 = PLANE('',#393);
#393 = AXIS2_PLACEMENT_3D('',#394,#395,#396);
#394 = CARTESIAN_POINT('',(91.,16.,90.));
#395 = DIRECTION('',(1.,0.,0.));
#396 = DIRECTION('',(0.,0.,1.));
#397 = ADVANCED_FACE('',(#398),#414,.F.);
#398 = FACE_BOUND('',#399,.F.);
#399 = EDGE_LOOP('',(#400,#406,#407,#413));
#400 = ORIENTED_EDGE('',*,*,#401,.F.);
#401 = EDGE_CURVE('',#322,#362,#402,.T.);
#402 = LINE('',#403,#404);
#403 = CARTESIAN_POINT('',(30.,16.,90.));
#404 = VECTOR('',#405,1.);
#405 = DIRECTION('',(1.,0.,0.));
#406 = ORIENTED_EDGE('',*,*,#321,.T.);
#407 = ORIENTED_EDGE('',*,*,#408,.T.);
#408 = EDGE_CURVE('',#324,#364,#409,.T.);
#409 = LINE('',#410,#411);
#410 = CARTESIAN_POINT('',(30.,16.,102.7));
#411 = VECTOR('',#412,1.);
#412 = DIRECTION('',(1.,0.,0.));
#413 = ORIENTED_EDGE('',*,*,#361,.F.);
#414 = PLANE('',#415);
#415 = AXIS2_PLACEMENT_3D('',#416,#417,#418);
#416 = CARTESIAN_POINT('',(30.,16.,90.));
#417 = DIRECTION('',(0.,1.,0.));
#418 = DIRECTION('',(0.,0.,1.));
#419 = ADVANCED_FACE('',(#420),#436,.T.);
#420 = FACE_BOUND('',#421,.T.);
#421 = EDGE_LOOP('',(#422,#428,#429,#435));
#422 = ORIENTED_EDGE('',*,*,#423,.F.);
#423 = EDGE_CURVE('',#332,#372,#424,.T.);
#424 = LINE('',#425,#426);
#425 = CARTESIAN_POINT('',(30.,73.9,90.));
#426 = VECTOR('',#427,1.);
#427 = DIRECTION('',(1.,0.,0.));
#428 = ORIENTED_EDGE('',*,*,#339,.T.);
#429 = ORIENTED_EDGE('',*,*,#430,.T.);
#430 = EDGE_CURVE('',#340,#380,#431,.T.);
#431 = LINE('',#432,#433);
#432 = CARTESIAN_POINT('',(30.,73.9,102.7));
#433 = VECTOR('',#434,1.);
#434 = DIRECTION('',(1.,0.,0.));
#435 = ORIENTED_EDGE('',*,*,#379,.F.);
#436 = PLANE('',#437);
#437 = AXIS2_PLACEMENT_3D('',#438,#439,#440);
#438 = CARTESIAN_POINT('',(30.,73.9,90.));
#439 = DIRECTION('',(0.,1.,0.));
#440 = DIRECTION('',(0.,0.,1.));
#441 = ADVANCED_FACE('',(#442),#448,.F.);
#442 = FACE_BOUND('',#443,.F.);
#443 = EDGE_LOOP('',(#444,#445,#446,#447));
#444 = ORIENTED_EDGE('',*,*,#331,.F.);
#445 = ORIENTED_EDGE('',*,*,#401,.T.);
#446 = ORIENTED_EDGE('',*,*,#371,.T.);
#447 = ORIENTED_EDGE('',*,*,#423,.F.);
#448 = PLANE('',#449);
#449 = AXIS2_PLACEMENT_3D('',#450,#451,#452);
#450 = CARTESIAN_POINT('',(30.,16.,90.));
#451 = DIRECTION('',(0.,0.,1.));
#452 = DIRECTION('',(1.,0.,0.));
#453 = ADVANCED_FACE('',(#454),#460,.T.);
#454 = FACE_BOUND('',#455,.T.);
#455 = EDGE_LOOP('',(#456,#457,#458,#459));
#456 = ORIENTED_EDGE('',*,*,#347,.F.);
#457 = ORIENTED_EDGE('',*,*,#408,.T.);
#458 = ORIENTED_EDGE('',*,*,#387,.T.);
#459 = ORIENTED_EDGE('',*,*,#430,.F.);
#460 = PLANE('',#461);
#461 = AXIS2_PLACEMENT_3D('',#462,#463,#464);
#462 = CARTESIAN_POINT('',(30.,16.,102.7));
#463 = DIRECTION('',(0.,0.,1.));
#464 = DIRECTION('',(1.,0.,0.));
#465 = MANIFOLD_SOLID_BREP('',#466);
#466 = CLOSED_SHELL('',(#467,#507,#547,#569,#591,#603));
#467 = ADVANCED_FACE('',(#468),#502,.F.);
#468 = FACE_BOUND('',#469,.F.);
#469 = EDGE_LOOP('',(#470,#480,#488,#496));
#470 = ORIENTED_EDGE('',*,*,#471,.F.);
#471 = EDGE_CURVE('',#472,#474,#476,.T.);
#472 = VERTEX_POINT('',#473);
#473 = CARTESIAN_POINT('',(30.,16.,103.));
#474 = VERTEX_POINT('',#475);
#475 = CARTESIAN_POINT('',(30.,16.,115.7));
#476 = LINE('',#477,#478);
#477 = CARTESIAN_POINT('',(30.,16.,103.));
#478 = VECTOR('',#479,1.);
#479 = DIRECTION('',(0.,0.,1.));
#480 = ORIENTED_EDGE('',*,*,#481,.T.);
#481 = EDGE_CURVE('',#472,#482,#484,.T.);
#482 = VERTEX_POINT('',#483);
#483 = CARTESIAN_POINT('',(30.,74.,103.));
#484 = LINE('',#485,#486);
#485 = CARTESIAN_POINT('',(30.,16.,103.));
#486 = VECTOR('',#487,1.);
#487 = DIRECTION('',(0.,1.,0.));
#488 = ORIENTED_EDGE('',*,*,#489,.T.);
#489 = EDGE_CURVE('',#482,#490,#492,.T.);
#490 = VERTEX_POINT('',#491);
#491 = CARTESIAN_POINT('',(30.,74.,115.7));
#492 = LINE('',#493,#494);
#493 = CARTESIAN_POINT('',(30.,74.,103.));
#494 = VECTOR('',#495,1.);
#495 = DIRECTION('',(0.,0.,1.));
#496 = ORIENTED_EDGE('',*,*,#497,.F.);
#497 = EDGE_CURVE('',#474,#490,#498,.T.);
#498 = LINE('',#499,#500);
#499 = CARTESIAN_POINT('',(30.,16.,115.7));
#500 = VECTOR('',#501,1.);
#501 = DIRECTION('',(0.,1.,0.));
#502 = PLANE('',#503);
#503 = AXIS2_PLACEMENT_3D('',#504,#505,#506);
#504 = CARTESIAN_POINT('',(30.,16.,103.));
#505 = DIRECTION('',(1.,0.,0.));
#506 = DIRECTION('',(0.,0.,1.));
#507 = ADVANCED_FACE('',(#508),#542,.T.);
#508 = FACE_BOUND('',#509,.T.);
#509 = EDGE_LOOP('',(#510,#520,#528,#536));
#510 = ORIENTED_EDGE('',*,*,#511,.F.);
#511 = EDGE_CURVE('',#512,#514,#516,.T.);
#512 = VERTEX_POINT('',#513);
#513 = CARTESIAN_POINT('',(91.,16.,103.));
#514 = VERTEX_POINT('',#515);
#515 = CARTESIAN_POINT('',(91.,16.,115.7));
#516 = LINE('',#517,#518);
#517 = CARTESIAN_POINT('',(91.,16.,103.));
#518 = VECTOR('',#519,1.);
#519 = DIRECTION('',(0.,0.,1.));
#520 = ORIENTED_EDGE('',*,*,#521,.T.);
#521 = EDGE_CURVE('',#512,#522,#524,.T.);
#522 = VERTEX_POINT('',#523);
#523 = CARTESIAN_POINT('',(91.,74.,103.));
#524 = LINE('',#525,#526);
#525 = CARTESIAN_POINT('',(91.,16.,103.));
#526 = VECTOR('',#527,1.);
#527 = DIRECTION('',(0.,1.,0.));
#528 = ORIENTED_EDGE('',*,*,#529,.T.);
#529 = EDGE_CURVE('',#522,#530,#532,.T.);
#530 = VERTEX_POINT('',#531);
#531 = CARTESIAN_POINT('',(91.,74.,115.7));
#532 = LINE('',#533,#534);
#533 = CARTESIAN_POINT('',(91.,74.,103.));
#534 = VECTOR('',#535,1.);
#535 = DIRECTION('',(0.,0.,1.));
#536 = ORIENTED_EDGE('',*,*,#537,.F.);
#537 = EDGE_CURVE('',#514,#530,#538,.T.);
#538 = LINE('',#539,#540);
#539 = CARTESIAN_POINT('',(91.,16.,115.7));
#540 = VECTOR('',#541,1.);
#541 = DIRECTION('',(0.,1.,0.));
#542 = PLANE('',#543);
#543 = AXIS2_PLACEMENT_3D('',#544,#545,#546);
#544 = CARTESIAN_POINT('',(91.,16.,103.));
#545 = DIRECTION('',(1.,0.,0.));
#546 = DIRECTION('',(0.,0.,1.));
#547 = ADVANCED_FACE('',(#548),#564,.F.);
#548 = FACE_BOUND('',#549,.F.);
#549 = EDGE_LOOP('',(#550,#556,#557,#563));
#550 = ORIENTED_EDGE('',*,*,#551,.F.);
#551 = EDGE_CURVE('',#472,#512,#552,.T.);
#552 = LINE('',#553,#554);
#553 = CARTESIAN_POINT('',(30.,16.,103.));
#554 = VECTOR('',#555,1.);
#555 = DIRECTION('',(1.,0.,0.));
#556 = ORIENTED_EDGE('',*,*,#471,.T.);
#557 = ORIENTED_EDGE('',*,*,#558,.T.);
#558 = EDGE_CURVE('',#474,#514,#559,.T.);
#559 = LINE('',#560,#561);
#560 = CARTESIAN_POINT('',(30.,16.,115.7));
#561 = VECTOR('',#562,1.);
#562 = DIRECTION('',(1.,0.,0.));
#563 = ORIENTED_EDGE('',*,*,#511,.F.);
#564 = PLANE('',#565);
#565 = AXIS2_PLACEMENT_3D('',#566,#567,#568);
#566 = CARTESIAN_POINT('',(30.,16.,103.));
#567 = DIRECTION('',(0.,1.,0.));
#568 = DIRECTION('',(0.,0.,1.));
#569 = ADVANCED_FACE('',(#570),#586,.T.);
#570 = FACE_BOUND('',#571,.T.);
#571 = EDGE_LOOP('',(#572,#578,#579,#585));
#572 = ORIENTED_EDGE('',*,*,#573,.F.);
#573 = EDGE_CURVE('',#482,#522,#574,.T.);
#574 = LINE('',#575,#576);
#575 = CARTESIAN_POINT('',(30.,74.,103.));
#576 = VECTOR('',#577,1.);
#577 = DIRECTION('',(1.,0.,0.));
#578 = ORIENTED_EDGE('',*,*,#489,.T.);
#579 = ORIENTED_EDGE('',*,*,#580,.T.);
#580 = EDGE_CURVE('',#490,#530,#581,.T.);
#581 = LINE('',#582,#583);
#582 = CARTESIAN_POINT('',(30.,74.,115.7));
#583 = VECTOR('',#584,1.);
#584 = DIRECTION('',(1.,0.,0.));
#585 = ORIENTED_EDGE('',*,*,#529,.F.);
#586 = PLANE('',#587);
#587 = AXIS2_PLACEMENT_3D('',#588,#589,#590);
#588 = CARTESIAN_POINT('',(30.,74.,103.));
#589 = DIRECTION('',(0.,1.,0.));
#590 = DIRECTION('',(0.,0.,1.));
#591 = ADVANCED_FACE('',(#592),#598,.F.);
#592 = FACE_BOUND('',#593,.F.);
#593 = EDGE_LOOP('',(#594,#595,#596,#597));
#594 = ORIENTED_EDGE('',*,*,#481,.F.);
#595 = ORIENTED_EDGE('',*,*,#551,.T.);
#596 = ORIENTED_EDGE('',*,*,#521,.T.);
#597 = ORIENTED_EDGE('',*,*,#573,.F.);
#598 = PLANE('',#599);
#599 = AXIS2_PLACEMENT_3D('',#600,#601,#602);
#600 = CARTESIAN_POINT('',(30.,16.,103.));
#601 = DIRECTION('',(0.,0.,1.));
#602 = DIRECTION('',(1.,0.,0.));
#603 = ADVANCED_FACE('',(#604),#610,.T.);
#604 = FACE_BOUND('',#605,.T.);
#605 = EDGE_LOOP('',(#606,#607,#608,#609));
#606 = ORIENTED_EDGE('',*,*,#497,.F.);
#607 = ORIENTED_EDGE('',*,*,#558,.T.);
#608 = ORIENTED_EDGE('',*,*,#537,.T.);
#609 = ORIENTED_EDGE('',*,*,#580,.F.);
#610 = PLANE('',#611);
#611 = AXIS2_PLACEMENT_3D('',#612,#613,#614);
#612 = CARTESIAN_POINT('',(30.,16.,115.7));
#613 = DIRECTION('',(0.,0.,1.));
#614 = DIRECTION('',(1.,0.,0.));
#615 = MANIFOLD_SOLID_BREP('',#616);
#616 = CLOSED_SHELL('',(#617,#657,#697,#719,#741,#753));
#617 = ADVANCED_FACE('',(#618),#652,.F.);
#618 = FACE_BOUND('',#619,.F.);
#619 = EDGE_LOOP('',(#620,#630,#638,#646));
#620 = ORIENTED_EDGE('',*,*,#621,.F.);
#621 = EDGE_CURVE('',#622,#624,#626,.T.);
#622 = VERTEX_POINT('',#623);
#623 = CARTESIAN_POINT('',(108.,38.,90.));
#624 = VERTEX_POINT('',#625);
#625 = CARTESIAN_POINT('',(108.,38.,99.02));
#626 = LINE('',#627,#628);
#627 = CARTESIAN_POINT('',(108.,38.,90.));
#628 = VECTOR('',#629,1.);
#629 = DIRECTION('',(0.,0.,1.));
#630 = ORIENTED_EDGE('',*,*,#631,.T.);
#631 = EDGE_CURVE('',#622,#632,#634,.T.);
#632 = VERTEX_POINT('',#633);
#633 = CARTESIAN_POINT('',(108.,81.18,90.));
#634 = LINE('',#635,#636);
#635 = CARTESIAN_POINT('',(108.,38.,90.));
#636 = VECTOR('',#637,1.);
#637 = DIRECTION('',(0.,1.,0.));
#638 = ORIENTED_EDGE('',*,*,#639,.T.);
#639 = EDGE_CURVE('',#632,#640,#642,.T.);
#640 = VERTEX_POINT('',#641);
#641 = CARTESIAN_POINT('',(108.,81.18,99.02));
#642 = LINE('',#643,#644);
#643 = CARTESIAN_POINT('',(108.,81.18,90.));
#644 = VECTOR('',#645,1.);
#645 = DIRECTION('',(0.,0.,1.));
#646 = ORIENTED_EDGE('',*,*,#647,.F.);
#647 = EDGE_CURVE('',#624,#640,#648,.T.);
#648 = LINE('',#649,#650);
#649 = CARTESIAN_POINT('',(108.,38.,99.02));
#650 = VECTOR('',#651,1.);
#651 = DIRECTION('',(0.,1.,0.));
#652 = PLANE('',#653);
#653 = AXIS2_PLACEMENT_3D('',#654,#655,#656);
#654 = CARTESIAN_POINT('',(108.,38.,90.));
#655 = DIRECTION('',(1.,0.,0.));
#656 = DIRECTION('',(0.,0.,1.));
#657 = ADVANCED_FACE('',(#658),#692,.T.);
#658 = FACE_BOUND('',#659,.T.);
#659 = EDGE_LOOP('',(#660,#670,#678,#686));
#660 = ORIENTED_EDGE('',*,*,#661,.F.);
#661 = EDGE_CURVE('',#662,#664,#666,.T.);
#662 = VERTEX_POINT('',#663);
#663 = CARTESIAN_POINT('',(139.75,38.,90.));
#664 = VERTEX_POINT('',#665);
#665 = CARTESIAN_POINT('',(139.75,38.,99.02));
#666 = LINE('',#667,#668);
#667 = CARTESIAN_POINT('',(139.75,38.,90.));
#668 = VECTOR('',#669,1.);
#669 = DIRECTION('',(0.,0.,1.));
#670 = ORIENTED_EDGE('',*,*,#671,.T.);
#671 = EDGE_CURVE('',#662,#672,#674,.T.);
#672 = VERTEX_POINT('',#673);
#673 = CARTESIAN_POINT('',(139.75,81.18,90.));
#674 = LINE('',#675,#676);
#675 = CARTESIAN_POINT('',(139.75,38.,90.));
#676 = VECTOR('',#677,1.);
#677 = DIRECTION('',(0.,1.,0.));
#678 = ORIENTED_EDGE('',*,*,#679,.T.);
#679 = EDGE_CURVE('',#672,#680,#682,.T.);
#680 = VERTEX_POINT('',#681);
#681 = CARTESIAN_POINT('',(139.75,81.18,99.02));
#682 = LINE('',#683,#684);
#683 = CARTESIAN_POINT('',(139.75,81.18,90.));
#684 = VECTOR('',#685,1.);
#685 = DIRECTION('',(0.,0.,1.));
#686 = ORIENTED_EDGE('',*,*,#687,.F.);
#687 = EDGE_CURVE('',#664,#680,#688,.T.);
#688 = LINE('',#689,#690);
#689 = CARTESIAN_POINT('',(139.75,38.,99.02));
#690 = VECTOR('',#691,1.);
#691 = DIRECTION('',(0.,1.,0.));
#692 = PLANE('',#693);
#693 = AXIS2_PLACEMENT_3D('',#694,#695,#696);
#694 = CARTESIAN_POINT('',(139.75,38.,90.));
#695 = DIRECTION('',(1.,0.,0.));
#696 = DIRECTION('',(0.,0.,1.));
#697 = ADVANCED_FACE('',(#698),#714,.F.);
#698 = FACE_BOUND('',#699,.F.);
#699 = EDGE_LOOP('',(#700,#706,#707,#713));
#700 = ORIENTED_EDGE('',*,*,#701,.F.);
#701 = EDGE_CURVE('',#622,#662,#702,.T.);
#702 = LINE('',#703,#704);
#703 = CARTESIAN_POINT('',(108.,38.,90.));
#704 = VECTOR('',#705,1.);
#705 = DIRECTION('',(1.,0.,0.));
#706 = ORIENTED_EDGE('',*,*,#621,.T.);
#707 = ORIENTED_EDGE('',*,*,#708,.T.);
#708 = EDGE_CURVE('',#624,#664,#709,.T.);
#709 = LINE('',#710,#711);
#710 = CARTESIAN_POINT('',(108.,38.,99.02));
#711 = VECTOR('',#712,1.);
#712 = DIRECTION('',(1.,0.,0.));
#713 = ORIENTED_EDGE('',*,*,#661,.F.);
#714 = PLANE('',#715);
#715 = AXIS2_PLACEMENT_3D('',#716,#717,#718);
#716 = CARTESIAN_POINT('',(108.,38.,90.));
#717 = DIRECTION('',(0.,1.,0.));
#718 = DIRECTION('',(0.,0.,1.));
#719 = ADVANCED_FACE('',(#720),#736,.T.);
#720 = FACE_BOUND('',#721,.T.);
#721 = EDGE_LOOP('',(#722,#728,#729,#735));
#722 = ORIENTED_EDGE('',*,*,#723,.F.);
#723 = EDGE_CURVE('',#632,#672,#724,.T.);
#724 = LINE('',#725,#726);
#725 = CARTESIAN_POINT('',(108.,81.18,90.));
#726 = VECTOR('',#727,1.);
#727 = DIRECTION('',(1.,0.,0.));
#728 = ORIENTED_EDGE('',*,*,#639,.T.);
#729 = ORIENTED_EDGE('',*,*,#730,.T.);
#730 = EDGE_CURVE('',#640,#680,#731,.T.);
#731 = LINE('',#732,#733);
#732 = CARTESIAN_POINT('',(108.,81.18,99.02));
#733 = VECTOR('',#734,1.);
#734 = DIRECTION('',(1.,0.,0.));
#735 = ORIENTED_EDGE('',*,*,#679,.F.);
#736 = PLANE('',#737);
#737 = AXIS2_PLACEMENT_3D('',#738,#739,#740);
#738 = CARTESIAN_POINT('',(108.,81.18,90.));
#739 = DIRECTION('',(0.,1.,0.));
#740 = DIRECTION('',(0.,0.,1.));
#741 = ADVANCED_FACE('',(#742),#748,.F.);
#742 = FACE_BOUND('',#743,.F.);
#743 = EDGE_LOOP('',(#744,#745,#746,#747));
#744 = ORIENTED_EDGE('',*,*,#631,.F.);
#745 = ORIENTED_EDGE('',*,*,#701,.T.);
#746 = ORIENTED_EDGE('',*,*,#671,.T.);
#747 = ORIENTED_EDGE('',*,*,#723,.F.);
#748 = PLANE('',#749);
#749 = AXIS2_PLACEMENT_3D('',#750,#751,#752);
#750 = CARTESIAN_POINT('',(108.,38.,90.));
#751 = DIRECTION('',(0.,0.,1.));
#752 = DIRECTION('',(1.,0.,0.));
#753 = ADVANCED_FACE('',(#754),#760,.T.);
#754 = FACE_BOUND('',#755,.T.);
#755 = EDGE_LOOP('',(#756,#757,#758,#759));
#756 = ORIENTED_EDGE('',*,*,#647,.F.);
#757 = ORIENTED_EDGE('',*,*,#708,.T.);
#758 = ORIENTED_EDGE('',*,*,#687,.T.);
#759 = ORIENTED_EDGE('',*,*,#730,.F.);
#760 = PLANE('',#761);
#761 = AXIS2_PLACEMENT_3D('',#762,#763,#764);
#762 = CARTESIAN_POINT('',(108.,38.,99.02));
#763 = DIRECTION('',(0.,0.,1.));
#764 = DIRECTION('',(1.,0.,0.));
#765 = MANIFOLD_SOLID_BREP('',#766);
#766 = CLOSED_SHELL('',(#767,#807,#847,#869,#891,#903));
#767 = ADVANCED_FACE('',(#768),#802,.F.);
#768 = FACE_BOUND('',#769,.F.);
#769 = EDGE_LOOP('',(#770,#780,#788,#796));
#770 = ORIENTED_EDGE('',*,*,#771,.F.);
#771 = EDGE_CURVE('',#772,#774,#776,.T.);
#772 = VERTEX_POINT('',#773);
#773 = CARTESIAN_POINT('',(108.,38.,106.));
#774 = VERTEX_POINT('',#775);
#775 = CARTESIAN_POINT('',(108.,38.,115.02));
#776 = LINE('',#777,#778);
#777 = CARTESIAN_POINT('',(108.,38.,106.));
#778 = VECTOR('',#779,1.);
#779 = DIRECTION('',(0.,0.,1.));
#780 = ORIENTED_EDGE('',*,*,#781,.T.);
#781 = EDGE_CURVE('',#772,#782,#784,.T.);
#782 = VERTEX_POINT('',#783);
#783 = CARTESIAN_POINT('',(108.,81.18,106.));
#784 = LINE('',#785,#786);
#785 = CARTESIAN_POINT('',(108.,38.,106.));
#786 = VECTOR('',#787,1.);
#787 = DIRECTION('',(0.,1.,0.));
#788 = ORIENTED_EDGE('',*,*,#789,.T.);
#789 = EDGE_CURVE('',#782,#790,#792,.T.);
#790 = VERTEX_POINT('',#791);
#791 = CARTESIAN_POINT('',(108.,81.18,115.02));
#792 = LINE('',#793,#794);
#793 = CARTESIAN_POINT('',(108.,81.18,106.));
#794 = VECTOR('',#795,1.);
#795 = DIRECTION('',(0.,0.,1.));
#796 = ORIENTED_EDGE('',*,*,#797,.F.);
#797 = EDGE_CURVE('',#774,#790,#798,.T.);
#798 = LINE('',#799,#800);
#799 = CARTESIAN_POINT('',(108.,38.,115.02));
#800 = VECTOR('',#801,1.);
#801 = DIRECTION('',(0.,1.,0.));
#802 = PLANE('',#803);
#803 = AXIS2_PLACEMENT_3D('',#804,#805,#806);
#804 = CARTESIAN_POINT('',(108.,38.,106.));
#805 = DIRECTION('',(1.,0.,0.));
#806 = DIRECTION('',(0.,0.,1.));
#807 = ADVANCED_FACE('',(#808),#842,.T.);
#808 = FACE_BOUND('',#809,.T.);
#809 = EDGE_LOOP('',(#810,#820,#828,#836));
#810 = ORIENTED_EDGE('',*,*,#811,.F.);
#811 = EDGE_CURVE('',#812,#814,#816,.T.);
#812 = VERTEX_POINT('',#813);
#813 = CARTESIAN_POINT('',(139.75,38.,106.));
#814 = VERTEX_POINT('',#815);
#815 = CARTESIAN_POINT('',(139.75,38.,115.02));
#816 = LINE('',#817,#818);
#817 = CARTESIAN_POINT('',(139.75,38.,106.));
#818 = VECTOR('',#819,1.);
#819 = DIRECTION('',(0.,0.,1.));
#820 = ORIENTED_EDGE('',*,*,#821,.T.);
#821 = EDGE_CURVE('',#812,#822,#824,.T.);
#822 = VERTEX_POINT('',#823);
#823 = CARTESIAN_POINT('',(139.75,81.18,106.));
#824 = LINE('',#825,#826);
#825 = CARTESIAN_POINT('',(139.75,38.,106.));
#826 = VECTOR('',#827,1.);
#827 = DIRECTION('',(0.,1.,0.));
#828 = ORIENTED_EDGE('',*,*,#829,.T.);
#829 = EDGE_CURVE('',#822,#830,#832,.T.);
#830 = VERTEX_POINT('',#831);
#831 = CARTESIAN_POINT('',(139.75,81.18,115.02));
#832 = LINE('',#833,#834);
#833 = CARTESIAN_POINT('',(139.75,81.18,106.));
#834 = VECTOR('',#835,1.);
#835 = DIRECTION('',(0.,0.,1.));
#836 = ORIENTED_EDGE('',*,*,#837,.F.);
#837 = EDGE_CURVE('',#814,#830,#838,.T.);
#838 = LINE('',#839,#840);
#839 = CARTESIAN_POINT('',(139.75,38.,115.02));
#840 = VECTOR('',#841,1.);
#841 = DIRECTION('',(0.,1.,0.));
#842 = PLANE('',#843);
#843 = AXIS2_PLACEMENT_3D('',#844,#845,#846);
#844 = CARTESIAN_POINT('',(139.75,38.,106.));
#845 = DIRECTION('',(1.,0.,0.));
#846 = DIRECTION('',(0.,0.,1.));
#847 = ADVANCED_FACE('',(#848),#864,.F.);
#848 = FACE_BOUND('',#849,.F.);
#849 = EDGE_LOOP('',(#850,#856,#857,#863));
#850 = ORIENTED_EDGE('',*,*,#851,.F.);
#851 = EDGE_CURVE('',#772,#812,#852,.T.);
#852 = LINE('',#853,#854);
#853 = CARTESIAN_POINT('',(108.,38.,106.));
#854 = VECTOR('',#855,1.);
#855 = DIRECTION('',(1.,0.,0.));
#856 = ORIENTED_EDGE('',*,*,#771,.T.);
#857 = ORIENTED_EDGE('',*,*,#858,.T.);
#858 = EDGE_CURVE('',#774,#814,#859,.T.);
#859 = LINE('',#860,#861);
#860 = CARTESIAN_POINT('',(108.,38.,115.02));
#861 = VECTOR('',#862,1.);
#862 = DIRECTION('',(1.,0.,0.));
#863 = ORIENTED_EDGE('',*,*,#811,.F.);
#864 = PLANE('',#865);
#865 = AXIS2_PLACEMENT_3D('',#866,#867,#868);
#866 = CARTESIAN_POINT('',(108.,38.,106.));
#867 = DIRECTION('',(0.,1.,0.));
#868 = DIRECTION('',(0.,0.,1.));
#869 = ADVANCED_FACE('',(#870),#886,.T.);
#870 = FACE_BOUND('',#871,.T.);
#871 = EDGE_LOOP('',(#872,#878,#879,#885));
#872 = ORIENTED_EDGE('',*,*,#873,.F.);
#873 = EDGE_CURVE('',#782,#822,#874,.T.);
#874 = LINE('',#875,#876);
#875 = CARTESIAN_POINT('',(108.,81.18,106.));
#876 = VECTOR('',#877,1.);
#877 = DIRECTION('',(1.,0.,0.));
#878 = ORIENTED_EDGE('',*,*,#789,.T.);
#879 = ORIENTED_EDGE('',*,*,#880,.T.);
#880 = EDGE_CURVE('',#790,#830,#881,.T.);
#881 = LINE('',#882,#883);
#882 = CARTESIAN_POINT('',(108.,81.18,115.02));
#883 = VECTOR('',#884,1.);
#884 = DIRECTION('',(1.,0.,0.));
#885 = ORIENTED_EDGE('',*,*,#829,.F.);
#886 = PLANE('',#887);
#887 = AXIS2_PLACEMENT_3D('',#888,#889,#890);
#888 = CARTESIAN_POINT('',(108.,81.18,106.));
#889 = DIRECTION('',(0.,1.,0.));
#890 = DIRECTION('',(0.,0.,1.));
#891 = ADVANCED_FACE('',(#892),#898,.F.);
#892 = FACE_BOUND('',#893,.F.);
#893 = EDGE_LOOP('',(#894,#895,#896,#897));
#894 = ORIENTED_EDGE('',*,*,#781,.F.);
#895 = ORIENTED_EDGE('',*,*,#851,.T.);
#896 = ORIENTED_EDGE('',*,*,#821,.T.);
#897 = ORIENTED_EDGE('',*,*,#873,.F.);
#898 = PLANE('',#899);
#899 = AXIS2_PLACEMENT_3D('',#900,#901,#902);
#900 = CARTESIAN_POINT('',(108.,38.,106.));
#901 = DIRECTION('',(0.,0.,1.));
#902 = DIRECTION('',(1.,0.,0.));
#903 = ADVANCED_FACE('',(#904),#910,.T.);
#904 = FACE_BOUND('',#905,.T.);
#905 = EDGE_LOOP('',(#906,#907,#908,#909));
#906 = ORIENTED_EDGE('',*,*,#797,.F.);
#907 = ORIENTED_EDGE('',*,*,#858,.T.);
#908 = ORIENTED_EDGE('',*,*,#837,.T.);
#909 = ORIENTED_EDGE('',*,*,#880,.F.);
#910 = PLANE('',#911);
#911 = AXIS2_PLACEMENT_3D('',#912,#913,#914);
#912 = CARTESIAN_POINT('',(108.,38.,115.02));
#913 = DIRECTION('',(0.,0.,1.));
#914 = DIRECTION('',(1.,0.,0.));
#915 = MANIFOLD_SOLID_BREP('',#916);
#916 = CLOSED_SHELL('',(#917,#957,#997,#1019,#1041,#1053));
#917 = ADVANCED_FACE('',(#918),#952,.F.);
#918 = FACE_BOUND('',#919,.F.);
#919 = EDGE_LOOP('',(#920,#930,#938,#946));
#920 = ORIENTED_EDGE('',*,*,#921,.F.);
#921 = EDGE_CURVE('',#922,#924,#926,.T.);
#922 = VERTEX_POINT('',#923);
#923 = CARTESIAN_POINT('',(158.,38.,62.));
#924 = VERTEX_POINT('',#925);
#925 = CARTESIAN_POINT('',(158.,38.,79.));
#926 = LINE('',#927,#928);
#927 = CARTESIAN_POINT('',(158.,38.,62.));
#928 = VECTOR('',#929,1.);
#929 = DIRECTION('',(0.,0.,1.));
#930 = ORIENTED_EDGE('',*,*,#931,.T.);
#931 = EDGE_CURVE('',#922,#932,#934,.T.);
#932 = VERTEX_POINT('',#933);
#933 = CARTESIAN_POINT('',(158.,80.,62.));
#934 = LINE('',#935,#936);
#935 = CARTESIAN_POINT('',(158.,38.,62.));
#936 = VECTOR('',#937,1.);
#937 = DIRECTION('',(0.,1.,0.));
#938 = ORIENTED_EDGE('',*,*,#939,.T.);
#939 = EDGE_CURVE('',#932,#940,#942,.T.);
#940 = VERTEX_POINT('',#941);
#941 = CARTESIAN_POINT('',(158.,80.,79.));
#942 = LINE('',#943,#944);
#943 = CARTESIAN_POINT('',(158.,80.,62.));
#944 = VECTOR('',#945,1.);
#945 = DIRECTION('',(0.,0.,1.));
#946 = ORIENTED_EDGE('',*,*,#947,.F.);
#947 = EDGE_CURVE('',#924,#940,#948,.T.);
#948 = LINE('',#949,#950);
#949 = CARTESIAN_POINT('',(158.,38.,79.));
#950 = VECTOR('',#951,1.);
#951 = DIRECTION('',(0.,1.,0.));
#952 = PLANE('',#953);
#953 = AXIS2_PLACEMENT_3D('',#954,#955,#956);
#954 = CARTESIAN_POINT('',(158.,38.,62.));
#955 = DIRECTION('',(1.,0.,0.));
#956 = DIRECTION('',(0.,0.,1.));
#957 = ADVANCED_FACE('',(#958),#992,.T.);
#958 = FACE_BOUND('',#959,.T.);
#959 = EDGE_LOOP('',(#960,#970,#978,#986));
#960 = ORIENTED_EDGE('',*,*,#961,.F.);
#961 = EDGE_CURVE('',#962,#964,#966,.T.);
#962 = VERTEX_POINT('',#963);
#963 = CARTESIAN_POINT('',(206.,38.,62.));
#964 = VERTEX_POINT('',#965);
#965 = CARTESIAN_POINT('',(206.,38.,79.));
#966 = LINE('',#967,#968);
#967 = CARTESIAN_POINT('',(206.,38.,62.));
#968 = VECTOR('',#969,1.);
#969 = DIRECTION('',(0.,0.,1.));
#970 = ORIENTED_EDGE('',*,*,#971,.T.);
#971 = EDGE_CURVE('',#962,#972,#974,.T.);
#972 = VERTEX_POINT('',#973);
#973 = CARTESIAN_POINT('',(206.,80.,62.));
#974 = LINE('',#975,#976);
#975 = CARTESIAN_POINT('',(206.,38.,62.));
#976 = VECTOR('',#977,1.);
#977 = DIRECTION('',(0.,1.,0.));
#978 = ORIENTED_EDGE('',*,*,#979,.T.);
#979 = EDGE_CURVE('',#972,#980,#982,.T.);
#980 = VERTEX_POINT('',#981);
#981 = CARTESIAN_POINT('',(206.,80.,79.));
#982 = LINE('',#983,#984);
#983 = CARTESIAN_POINT('',(206.,80.,62.));
#984 = VECTOR('',#985,1.);
#985 = DIRECTION('',(0.,0.,1.));
#986 = ORIENTED_EDGE('',*,*,#987,.F.);
#987 = EDGE_CURVE('',#964,#980,#988,.T.);
#988 = LINE('',#989,#990);
#989 = CARTESIAN_POINT('',(206.,38.,79.));
#990 = VECTOR('',#991,1.);
#991 = DIRECTION('',(0.,1.,0.));
#992 = PLANE('',#993);
#993 = AXIS2_PLACEMENT_3D('',#994,#995,#996);
#994 = CARTESIAN_POINT('',(206.,38.,62.));
#995 = DIRECTION('',(1.,0.,0.));
#996 = DIRECTION('',(0.,0.,1.));
#997 = ADVANCED_FACE('',(#998),#1014,.F.);
#998 = FACE_BOUND('',#999,.F.);
#999 = EDGE_LOOP('',(#1000,#1006,#1007,#1013));
#1000 = ORIENTED_EDGE('',*,*,#1001,.F.);
#1001 = EDGE_CURVE('',#922,#962,#1002,.T.);
#1002 = LINE('',#1003,#1004);
#1003 = CARTESIAN_POINT('',(158.,38.,62.));
#1004 = VECTOR('',#1005,1.);
#1005 = DIRECTION('',(1.,0.,0.));
#1006 = ORIENTED_EDGE('',*,*,#921,.T.);
#1007 = ORIENTED_EDGE('',*,*,#1008,.T.);
#1008 = EDGE_CURVE('',#924,#964,#1009,.T.);
#1009 = LINE('',#1010,#1011);
#1010 = CARTESIAN_POINT('',(158.,38.,79.));
#1011 = VECTOR('',#1012,1.);
#1012 = DIRECTION('',(1.,0.,0.));
#1013 = ORIENTED_EDGE('',*,*,#961,.F.);
#1014 = PLANE('',#1015);
#1015 = AXIS2_PLACEMENT_3D('',#1016,#1017,#1018);
#1016 = CARTESIAN_POINT('',(158.,38.,62.));
#1017 = DIRECTION('',(0.,1.,0.));
#1018 = DIRECTION('',(0.,0.,1.));
#1019 = ADVANCED_FACE('',(#1020),#1036,.T.);
#1020 = FACE_BOUND('',#1021,.T.);
#1021 = EDGE_LOOP('',(#1022,#1028,#1029,#1035));
#1022 = ORIENTED_EDGE('',*,*,#1023,.F.);
#1023 = EDGE_CURVE('',#932,#972,#1024,.T.);
#1024 = LINE('',#1025,#1026);
#1025 = CARTESIAN_POINT('',(158.,80.,62.));
#1026 = VECTOR('',#1027,1.);
#1027 = DIRECTION('',(1.,0.,0.));
#1028 = ORIENTED_EDGE('',*,*,#939,.T.);
#1029 = ORIENTED_EDGE('',*,*,#1030,.T.);
#1030 = EDGE_CURVE('',#940,#980,#1031,.T.);
#1031 = LINE('',#1032,#1033);
#1032 = CARTESIAN_POINT('',(158.,80.,79.));
#1033 = VECTOR('',#1034,1.);
#1034 = DIRECTION('',(1.,0.,0.));
#1035 = ORIENTED_EDGE('',*,*,#979,.F.);
#1036 = PLANE('',#1037);
#1037 = AXIS2_PLACEMENT_3D('',#1038,#1039,#1040);
#1038 = CARTESIAN_POINT('',(158.,80.,62.));
#1039 = DIRECTION('',(0.,1.,0.));
#1040 = DIRECTION('',(0.,0.,1.));
#1041 = ADVANCED_FACE('',(#1042),#1048,.F.);
#1042 = FACE_BOUND('',#1043,.F.);
#1043 = EDGE_LOOP('',(#1044,#1045,#1046,#1047));
#1044 = ORIENTED_EDGE('',*,*,#931,.F.);
#1045 = ORIENTED_EDGE('',*,*,#1001,.T.);
#1046 = ORIENTED_EDGE('',*,*,#971,.T.);
#1047 = ORIENTED_EDGE('',*,*,#1023,.F.);
#1048 = PLANE('',#1049);
#1049 = AXIS2_PLACEMENT_3D('',#1050,#1051,#1052);
#1050 = CARTESIAN_POINT('',(158.,38.,62.));
#1051 = DIRECTION('',(0.,0.,1.));
#1052 = DIRECTION('',(1.,0.,0.));
#1053 = ADVANCED_FACE('',(#1054),#1060,.T.);
#1054 = FACE_BOUND('',#1055,.T.);
#1055 = EDGE_LOOP('',(#1056,#1057,#1058,#1059));
#1056 = ORIENTED_EDGE('',*,*,#947,.F.);
#1057 = ORIENTED_EDGE('',*,*,#1008,.T.);
#1058 = ORIENTED_EDGE('',*,*,#987,.T.);
#1059 = ORIENTED_EDGE('',*,*,#1030,.F.);
#1060 = PLANE('',#1061);
#1061 = AXIS2_PLACEMENT_3D('',#1062,#1063,#1064);
#1062 = CARTESIAN_POINT('',(158.,38.,79.));
#1063 = DIRECTION('',(0.,0.,1.));
#1064 = DIRECTION('',(1.,0.,0.));
#1065 = MANIFOLD_SOLID_BREP('',#1066);
#1066 = CLOSED_SHELL('',(#1067,#1107,#1147,#1169,#1191,#1203));
#1067 = ADVANCED_FACE('',(#1068),#1102,.F.);
#1068 = FACE_BOUND('',#1069,.F.);
#1069 = EDGE_LOOP('',(#1070,#1080,#1088,#1096));
#1070 = ORIENTED_EDGE('',*,*,#1071,.F.);
#1071 = EDGE_CURVE('',#1072,#1074,#1076,.T.);
#1072 = VERTEX_POINT('',#1073);
#1073 = CARTESIAN_POINT('',(216.,30.,62.));
#1074 = VERTEX_POINT('',#1075);
#1075 = CARTESIAN_POINT('',(216.,30.,80.));
#1076 = LINE('',#1077,#1078);
#1077 = CARTESIAN_POINT('',(216.,30.,62.));
#1078 = VECTOR('',#1079,1.);
#1079 = DIRECTION('',(0.,0.,1.));
#1080 = ORIENTED_EDGE('',*,*,#1081,.T.);
#1081 = EDGE_CURVE('',#1072,#1082,#1084,.T.);
#1082 = VERTEX_POINT('',#1083);
#1083 = CARTESIAN_POINT('',(216.,85.,62.));
#1084 = LINE('',#1085,#1086);
#1085 = CARTESIAN_POINT('',(216.,30.,62.));
#1086 = VECTOR('',#1087,1.);
#1087 = DIRECTION('',(0.,1.,0.));
#1088 = ORIENTED_EDGE('',*,*,#1089,.T.);
#1089 = EDGE_CURVE('',#1082,#1090,#1092,.T.);
#1090 = VERTEX_POINT('',#1091);
#1091 = CARTESIAN_POINT('',(216.,85.,80.));
#1092 = LINE('',#1093,#1094);
#1093 = CARTESIAN_POINT('',(216.,85.,62.));
#1094 = VECTOR('',#1095,1.);
#1095 = DIRECTION('',(0.,0.,1.));
#1096 = ORIENTED_EDGE('',*,*,#1097,.F.);
#1097 = EDGE_CURVE('',#1074,#1090,#1098,.T.);
#1098 = LINE('',#1099,#1100);
#1099 = CARTESIAN_POINT('',(216.,30.,80.));
#1100 = VECTOR('',#1101,1.);
#1101 = DIRECTION('',(0.,1.,0.));
#1102 = PLANE('',#1103);
#1103 = AXIS2_PLACEMENT_3D('',#1104,#1105,#1106);
#1104 = CARTESIAN_POINT('',(216.,30.,62.));
#1105 = DIRECTION('',(1.,0.,0.));
#1106 = DIRECTION('',(0.,0.,1.));
#1107 = ADVANCED_FACE('',(#1108),#1142,.T.);
#1108 = FACE_BOUND('',#1109,.T.);
#1109 = EDGE_LOOP('',(#1110,#1120,#1128,#1136));
#1110 = ORIENTED_EDGE('',*,*,#1111,.F.);
#1111 = EDGE_CURVE('',#1112,#1114,#1116,.T.);
#1112 = VERTEX_POINT('',#1113);
#1113 = CARTESIAN_POINT('',(244.,30.,62.));
#1114 = VERTEX_POINT('',#1115);
#1115 = CARTESIAN_POINT('',(244.,30.,80.));
#1116 = LINE('',#1117,#1118);
#1117 = CARTESIAN_POINT('',(244.,30.,62.));
#1118 = VECTOR('',#1119,1.);
#1119 = DIRECTION('',(0.,0.,1.));
#1120 = ORIENTED_EDGE('',*,*,#1121,.T.);
#1121 = EDGE_CURVE('',#1112,#1122,#1124,.T.);
#1122 = VERTEX_POINT('',#1123);
#1123 = CARTESIAN_POINT('',(244.,85.,62.));
#1124 = LINE('',#1125,#1126);
#1125 = CARTESIAN_POINT('',(244.,30.,62.));
#1126 = VECTOR('',#1127,1.);
#1127 = DIRECTION('',(0.,1.,0.));
#1128 = ORIENTED_EDGE('',*,*,#1129,.T.);
#1129 = EDGE_CURVE('',#1122,#1130,#1132,.T.);
#1130 = VERTEX_POINT('',#1131);
#1131 = CARTESIAN_POINT('',(244.,85.,80.));
#1132 = LINE('',#1133,#1134);
#1133 = CARTESIAN_POINT('',(244.,85.,62.));
#1134 = VECTOR('',#1135,1.);
#1135 = DIRECTION('',(0.,0.,1.));
#1136 = ORIENTED_EDGE('',*,*,#1137,.F.);
#1137 = EDGE_CURVE('',#1114,#1130,#1138,.T.);
#1138 = LINE('',#1139,#1140);
#1139 = CARTESIAN_POINT('',(244.,30.,80.));
#1140 = VECTOR('',#1141,1.);
#1141 = DIRECTION('',(0.,1.,0.));
#1142 = PLANE('',#1143);
#1143 = AXIS2_PLACEMENT_3D('',#1144,#1145,#1146);
#1144 = CARTESIAN_POINT('',(244.,30.,62.));
#1145 = DIRECTION('',(1.,0.,0.));
#1146 = DIRECTION('',(0.,0.,1.));
#1147 = ADVANCED_FACE('',(#1148),#1164,.F.);
#1148 = FACE_BOUND('',#1149,.F.);
#1149 = EDGE_LOOP('',(#1150,#1156,#1157,#1163));
#1150 = ORIENTED_EDGE('',*,*,#1151,.F.);
#1151 = EDGE_CURVE('',#1072,#1112,#1152,.T.);
#1152 = LINE('',#1153,#1154);
#1153 = CARTESIAN_POINT('',(216.,30.,62.));
#1154 = VECTOR('',#1155,1.);
#1155 = DIRECTION('',(1.,0.,0.));
#1156 = ORIENTED_EDGE('',*,*,#1071,.T.);
#1157 = ORIENTED_EDGE('',*,*,#1158,.T.);
#1158 = EDGE_CURVE('',#1074,#1114,#1159,.T.);
#1159 = LINE('',#1160,#1161);
#1160 = CARTESIAN_POINT('',(216.,30.,80.));
#1161 = VECTOR('',#1162,1.);
#1162 = DIRECTION('',(1.,0.,0.));
#1163 = ORIENTED_EDGE('',*,*,#1111,.F.);
#1164 = PLANE('',#1165);
#1165 = AXIS2_PLACEMENT_3D('',#1166,#1167,#1168);
#1166 = CARTESIAN_POINT('',(216.,30.,62.));
#1167 = DIRECTION('',(0.,1.,0.));
#1168 = DIRECTION('',(0.,0.,1.));
#1169 = ADVANCED_FACE('',(#1170),#1186,.T.);
#1170 = FACE_BOUND('',#1171,.T.);
#1171 = EDGE_LOOP('',(#1172,#1178,#1179,#1185));
#1172 = ORIENTED_EDGE('',*,*,#1173,.F.);
#1173 = EDGE_CURVE('',#1082,#1122,#1174,.T.);
#1174 = LINE('',#1175,#1176);
#1175 = CARTESIAN_POINT('',(216.,85.,62.));
#1176 = VECTOR('',#1177,1.);
#1177 = DIRECTION('',(1.,0.,0.));
#1178 = ORIENTED_EDGE('',*,*,#1089,.T.);
#1179 = ORIENTED_EDGE('',*,*,#1180,.T.);
#1180 = EDGE_CURVE('',#1090,#1130,#1181,.T.);
#1181 = LINE('',#1182,#1183);
#1182 = CARTESIAN_POINT('',(216.,85.,80.));
#1183 = VECTOR('',#1184,1.);
#1184 = DIRECTION('',(1.,0.,0.));
#1185 = ORIENTED_EDGE('',*,*,#1129,.F.);
#1186 = PLANE('',#1187);
#1187 = AXIS2_PLACEMENT_3D('',#1188,#1189,#1190);
#1188 = CARTESIAN_POINT('',(216.,85.,62.));
#1189 = DIRECTION('',(0.,1.,0.));
#1190 = DIRECTION('',(0.,0.,1.));
#1191 = ADVANCED_FACE('',(#1192),#1198,.F.);
#1192 = FACE_BOUND('',#1193,.F.);
#1193 = EDGE_LOOP('',(#1194,#1195,#1196,#1197));
#1194 = ORIENTED_EDGE('',*,*,#1081,.F.);
#1195 = ORIENTED_EDGE('',*,*,#1151,.T.);
#1196 = ORIENTED_EDGE('',*,*,#1121,.T.);
#1197 = ORIENTED_EDGE('',*,*,#1173,.F.);
#1198 = PLANE('',#1199);
#1199 = AXIS2_PLACEMENT_3D('',#1200,#1201,#1202);
#1200 = CARTESIAN_POINT('',(216.,30.,62.));
#1201 = DIRECTION('',(0.,0.,1.));
#1202 = DIRECTION('',(1.,0.,0.));
#1203 = ADVANCED_FACE('',(#1204),#1210,.T.);
#1204 = FACE_BOUND('',#1205,.T.);
#1205 = EDGE_LOOP('',(#1206,#1207,#1208,#1209));
#1206 = ORIENTED_EDGE('',*,*,#1097,.F.);
#1207 = ORIENTED_EDGE('',*,*,#1158,.T.);
#1208 = ORIENTED_EDGE('',*,*,#1137,.T.);
#1209 = ORIENTED_EDGE('',*,*,#1180,.F.);
#1210 = PLANE('',#1211);
#1211 = AXIS2_PLACEMENT_3D('',#1212,#1213,#1214);
#1212 = CARTESIAN_POINT('',(216.,30.,80.));
#1213 = DIRECTION('',(0.,0.,1.));
#1214 = DIRECTION('',(1.,0.,0.));
#1215 = MANIFOLD_SOLID_BREP('',#1216);
#1216 = CLOSED_SHELL('',(#1217,#1250,#1259));
#1217 = ADVANCED_FACE('',(#1218),#1245,.T.);
#1218 = FACE_BOUND('',#1219,.T.);
#1219 = EDGE_LOOP('',(#1220,#1229,#1237,#1244));
#1220 = ORIENTED_EDGE('',*,*,#1221,.F.);
#1221 = EDGE_CURVE('',#1222,#1222,#1224,.T.);
#1222 = VERTEX_POINT('',#1223);
#1223 = CARTESIAN_POINT('',(26.,108.,72.));
#1224 = CIRCLE('',#1225,36.);
#1225 = AXIS2_PLACEMENT_3D('',#1226,#1227,#1228);
#1226 = CARTESIAN_POINT('',(26.,108.,36.));
#1227 = DIRECTION('',(1.,0.,-0.));
#1228 = DIRECTION('',(0.,0.,1.));
#1229 = ORIENTED_EDGE('',*,*,#1230,.F.);
#1230 = EDGE_CURVE('',#1231,#1222,#1233,.T.);
#1231 = VERTEX_POINT('',#1232);
#1232 = CARTESIAN_POINT('',(2.,108.,72.));
#1233 = LINE('',#1234,#1235);
#1234 = CARTESIAN_POINT('',(2.,108.,72.));
#1235 = VECTOR('',#1236,1.);
#1236 = DIRECTION('',(1.,0.,0.));
#1237 = ORIENTED_EDGE('',*,*,#1238,.T.);
#1238 = EDGE_CURVE('',#1231,#1231,#1239,.T.);
#1239 = CIRCLE('',#1240,36.);
#1240 = AXIS2_PLACEMENT_3D('',#1241,#1242,#1243);
#1241 = CARTESIAN_POINT('',(2.,108.,36.));
#1242 = DIRECTION('',(1.,0.,-0.));
#1243 = DIRECTION('',(0.,0.,1.));
#1244 = ORIENTED_EDGE('',*,*,#1230,.T.);
#1245 = CYLINDRICAL_SURFACE('',#1246,36.);
#1246 = AXIS2_PLACEMENT_3D('',#1247,#1248,#1249);
#1247 = CARTESIAN_POINT('',(2.,108.,36.));
#1248 = DIRECTION('',(1.,0.,0.));
#1249 = DIRECTION('',(0.,0.,1.));
#1250 = ADVANCED_FACE('',(#1251),#1254,.T.);
#1251 = FACE_BOUND('',#1252,.T.);
#1252 = EDGE_LOOP('',(#1253));
#1253 = ORIENTED_EDGE('',*,*,#1221,.T.);
#1254 = PLANE('',#1255);
#1255 = AXIS2_PLACEMENT_3D('',#1256,#1257,#1258);
#1256 = CARTESIAN_POINT('',(26.,108.,36.));
#1257 = DIRECTION('',(1.,0.,0.));
#1258 = DIRECTION('',(0.,0.,1.));
#1259 = ADVANCED_FACE('',(#1260),#1263,.F.);
#1260 = FACE_BOUND('',#1261,.T.);
#1261 = EDGE_LOOP('',(#1262));
#1262 = ORIENTED_EDGE('',*,*,#1238,.F.);
#1263 = PLANE('',#1264);
#1264 = AXIS2_PLACEMENT_3D('',#1265,#1266,#1267);
#1265 = CARTESIAN_POINT('',(2.,108.,36.));
#1266 = DIRECTION('',(1.,0.,0.));
#1267 = DIRECTION('',(0.,0.,1.));
#1268 = MANIFOLD_SOLID_BREP('',#1269);
#1269 = CLOSED_SHELL('',(#1270,#1303,#1312));
#1270 = ADVANCED_FACE('',(#1271),#1298,.T.);
#1271 = FACE_BOUND('',#1272,.T.);
#1272 = EDGE_LOOP('',(#1273,#1282,#1290,#1297));
#1273 = ORIENTED_EDGE('',*,*,#1274,.F.);
#1274 = EDGE_CURVE('',#1275,#1275,#1277,.T.);
#1275 = VERTEX_POINT('',#1276);
#1276 = CARTESIAN_POINT('',(95.,108.,48.5));
#1277 = CIRCLE('',#1278,12.5);
#1278 = AXIS2_PLACEMENT_3D('',#1279,#1280,#1281);
#1279 = CARTESIAN_POINT('',(95.,108.,36.));
#1280 = DIRECTION('',(1.,0.,-0.));
#1281 = DIRECTION('',(0.,0.,1.));
#1282 = ORIENTED_EDGE('',*,*,#1283,.F.);
#1283 = EDGE_CURVE('',#1284,#1275,#1286,.T.);
#1284 = VERTEX_POINT('',#1285);
#1285 = CARTESIAN_POINT('',(26.,108.,48.5));
#1286 = LINE('',#1287,#1288);
#1287 = CARTESIAN_POINT('',(26.,108.,48.5));
#1288 = VECTOR('',#1289,1.);
#1289 = DIRECTION('',(1.,0.,0.));
#1290 = ORIENTED_EDGE('',*,*,#1291,.T.);
#1291 = EDGE_CURVE('',#1284,#1284,#1292,.T.);
#1292 = CIRCLE('',#1293,12.5);
#1293 = AXIS2_PLACEMENT_3D('',#1294,#1295,#1296);
#1294 = CARTESIAN_POINT('',(26.,108.,36.));
#1295 = DIRECTION('',(1.,0.,-0.));
#1296 = DIRECTION('',(0.,0.,1.));
#1297 = ORIENTED_EDGE('',*,*,#1283,.T.);
#1298 = CYLINDRICAL_SURFACE('',#1299,12.5);
#1299 = AXIS2_PLACEMENT_3D('',#1300,#1301,#1302);
#1300 = CARTESIAN_POINT('',(26.,108.,36.));
#1301 = DIRECTION('',(1.,0.,0.));
#1302 = DIRECTION('',(0.,0.,1.));
#1303 = ADVANCED_FACE('',(#1304),#1307,.T.);
#1304 = FACE_BOUND('',#1305,.T.);
#1305 = EDGE_LOOP('',(#1306));
#1306 = ORIENTED_EDGE('',*,*,#1274,.T.);
#1307 = PLANE('',#1308);
#1308 = AXIS2_PLACEMENT_3D('',#1309,#1310,#1311);
#1309 = CARTESIAN_POINT('',(95.,108.,36.));
#1310 = DIRECTION('',(1.,0.,0.));
#1311 = DIRECTION('',(0.,0.,1.));
#1312 = ADVANCED_FACE('',(#1313),#1316,.F.);
#1313 = FACE_BOUND('',#1314,.T.);
#1314 = EDGE_LOOP('',(#1315));
#1315 = ORIENTED_EDGE('',*,*,#1291,.F.);
#1316 = PLANE('',#1317);
#1317 = AXIS2_PLACEMENT_3D('',#1318,#1319,#1320);
#1318 = CARTESIAN_POINT('',(26.,108.,36.));
#1319 = DIRECTION('',(1.,0.,0.));
#1320 = DIRECTION('',(0.,0.,1.));
#1321 = MANIFOLD_SOLID_BREP('',#1322);
#1322 = CLOSED_SHELL('',(#1323,#1356,#1365));
#1323 = ADVANCED_FACE('',(#1324),#1351,.T.);
#1324 = FACE_BOUND('',#1325,.T.);
#1325 = EDGE_LOOP('',(#1326,#1335,#1343,#1350));
#1326 = ORIENTED_EDGE('',*,*,#1327,.F.);
#1327 = EDGE_CURVE('',#1328,#1328,#1330,.T.);
#1328 = VERTEX_POINT('',#1329);
#1329 = CARTESIAN_POINT('',(273.,108.,72.));
#1330 = CIRCLE('',#1331,36.);
#1331 = AXIS2_PLACEMENT_3D('',#1332,#1333,#1334);
#1332 = CARTESIAN_POINT('',(273.,108.,36.));
#1333 = DIRECTION('',(1.,0.,-0.));
#1334 = DIRECTION('',(0.,0.,1.));
#1335 = ORIENTED_EDGE('',*,*,#1336,.F.);
#1336 = EDGE_CURVE('',#1337,#1328,#1339,.T.);
#1337 = VERTEX_POINT('',#1338);
#1338 = CARTESIAN_POINT('',(249.,108.,72.));
#1339 = LINE('',#1340,#1341);
#1340 = CARTESIAN_POINT('',(249.,108.,72.));
#1341 = VECTOR('',#1342,1.);
#1342 = DIRECTION('',(1.,0.,0.));
#1343 = ORIENTED_EDGE('',*,*,#1344,.T.);
#1344 = EDGE_CURVE('',#1337,#1337,#1345,.T.);
#1345 = CIRCLE('',#1346,36.);
#1346 = AXIS2_PLACEMENT_3D('',#1347,#1348,#1349);
#1347 = CARTESIAN_POINT('',(249.,108.,36.));
#1348 = DIRECTION('',(1.,0.,-0.));
#1349 = DIRECTION('',(0.,0.,1.));
#1350 = ORIENTED_EDGE('',*,*,#1336,.T.);
#1351 = CYLINDRICAL_SURFACE('',#1352,36.);
#1352 = AXIS2_PLACEMENT_3D('',#1353,#1354,#1355);
#1353 = CARTESIAN_POINT('',(249.,108.,36.));
#1354 = DIRECTION('',(1.,0.,0.));
#1355 = DIRECTION('',(0.,0.,1.));
#1356 = ADVANCED_FACE('',(#1357),#1360,.T.);
#1357 = FACE_BOUND('',#1358,.T.);
#1358 = EDGE_LOOP('',(#1359));
#1359 = ORIENTED_EDGE('',*,*,#1327,.T.);
#1360 = PLANE('',#1361);
#1361 = AXIS2_PLACEMENT_3D('',#1362,#1363,#1364);
#1362 = CARTESIAN_POINT('',(273.,108.,36.));
#1363 = DIRECTION('',(1.,0.,0.));
#1364 = DIRECTION('',(0.,0.,1.));
#1365 = ADVANCED_FACE('',(#1366),#1369,.F.);
#1366 = FACE_BOUND('',#1367,.T.);
#1367 = EDGE_LOOP('',(#1368));
#1368 = ORIENTED_EDGE('',*,*,#1344,.F.);
#1369 = PLANE('',#1370);
#1370 = AXIS2_PLACEMENT_3D('',#1371,#1372,#1373);
#1371 = CARTESIAN_POINT('',(249.,108.,36.));
#1372 = DIRECTION('',(1.,0.,0.));
#1373 = DIRECTION('',(0.,0.,1.));
#1374 = MANIFOLD_SOLID_BREP('',#1375);
#1375 = CLOSED_SHELL('',(#1376,#1409,#1418));
#1376 = ADVANCED_FACE('',(#1377),#1404,.T.);
#1377 = FACE_BOUND('',#1378,.T.);
#1378 = EDGE_LOOP('',(#1379,#1388,#1396,#1403));
#1379 = ORIENTED_EDGE('',*,*,#1380,.F.);
#1380 = EDGE_CURVE('',#1381,#1381,#1383,.T.);
#1381 = VERTEX_POINT('',#1382);
#1382 = CARTESIAN_POINT('',(249.,108.,48.5));
#1383 = CIRCLE('',#1384,12.5);
#1384 = AXIS2_PLACEMENT_3D('',#1385,#1386,#1387);
#1385 = CARTESIAN_POINT('',(249.,108.,36.));
#1386 = DIRECTION('',(1.,0.,-0.));
#1387 = DIRECTION('',(0.,0.,1.));
#1388 = ORIENTED_EDGE('',*,*,#1389,.F.);
#1389 = EDGE_CURVE('',#1390,#1381,#1392,.T.);
#1390 = VERTEX_POINT('',#1391);
#1391 = CARTESIAN_POINT('',(180.,108.,48.5));
#1392 = LINE('',#1393,#1394);
#1393 = CARTESIAN_POINT('',(180.,108.,48.5));
#1394 = VECTOR('',#1395,1.);
#1395 = DIRECTION('',(1.,0.,0.));
#1396 = ORIENTED_EDGE('',*,*,#1397,.T.);
#1397 = EDGE_CURVE('',#1390,#1390,#1398,.T.);
#1398 = CIRCLE('',#1399,12.5);
#1399 = AXIS2_PLACEMENT_3D('',#1400,#1401,#1402);
#1400 = CARTESIAN_POINT('',(180.,108.,36.));
#1401 = DIRECTION('',(1.,0.,-0.));
#1402 = DIRECTION('',(0.,0.,1.));
#1403 = ORIENTED_EDGE('',*,*,#1389,.T.);
#1404 = CYLINDRICAL_SURFACE('',#1405,12.5);
#1405 = AXIS2_PLACEMENT_3D('',#1406,#1407,#1408);
#1406 = CARTESIAN_POINT('',(180.,108.,36.));
#1407 = DIRECTION('',(1.,0.,0.));
#1408 = DIRECTION('',(0.,0.,1.));
#1409 = ADVANCED_FACE('',(#1410),#1413,.T.);
#1410 = FACE_BOUND('',#1411,.T.);
#1411 = EDGE_LOOP('',(#1412));
#1412 = ORIENTED_EDGE('',*,*,#1380,.T.);
#1413 = PLANE('',#1414);
#1414 = AXIS2_PLACEMENT_3D('',#1415,#1416,#1417);
#1415 = CARTESIAN_POINT('',(249.,108.,36.));
#1416 = DIRECTION('',(1.,0.,0.));
#1417 = DIRECTION('',(0.,0.,1.));
#1418 = ADVANCED_FACE('',(#1419),#1422,.F.);
#1419 = FACE_BOUND('',#1420,.T.);
#1420 = EDGE_LOOP('',(#1421));
#1421 = ORIENTED_EDGE('',*,*,#1397,.F.);
#1422 = PLANE('',#1423);
#1423 = AXIS2_PLACEMENT_3D('',#1424,#1425,#1426);
#1424 = CARTESIAN_POINT('',(180.,108.,36.));
#1425 = DIRECTION('',(1.,0.,0.));
#1426 = DIRECTION('',(0.,0.,1.));
#1427 = MANIFOLD_SOLID_BREP('',#1428);
#1428 = CLOSED_SHELL('',(#1429,#1469,#1509,#1531,#1553,#1565));
#1429 = ADVANCED_FACE('',(#1430),#1464,.F.);
#1430 = FACE_BOUND('',#1431,.F.);
#1431 = EDGE_LOOP('',(#1432,#1442,#1450,#1458));
#1432 = ORIENTED_EDGE('',*,*,#1433,.F.);
#1433 = EDGE_CURVE('',#1434,#1436,#1438,.T.);
#1434 = VERTEX_POINT('',#1435);
#1435 = CARTESIAN_POINT('',(40.,21.,118.));
#1436 = VERTEX_POINT('',#1437);
#1437 = CARTESIAN_POINT('',(40.,21.,130.));
#1438 = LINE('',#1439,#1440);
#1439 = CARTESIAN_POINT('',(40.,21.,118.));
#1440 = VECTOR('',#1441,1.);
#1441 = DIRECTION('',(0.,0.,1.));
#1442 = ORIENTED_EDGE('',*,*,#1443,.T.);
#1443 = EDGE_CURVE('',#1434,#1444,#1446,.T.);
#1444 = VERTEX_POINT('',#1445);
#1445 = CARTESIAN_POINT('',(40.,61.,118.));
#1446 = LINE('',#1447,#1448);
#1447 = CARTESIAN_POINT('',(40.,21.,118.));
#1448 = VECTOR('',#1449,1.);
#1449 = DIRECTION('',(0.,1.,0.));
#1450 = ORIENTED_EDGE('',*,*,#1451,.T.);
#1451 = EDGE_CURVE('',#1444,#1452,#1454,.T.);
#1452 = VERTEX_POINT('',#1453);
#1453 = CARTESIAN_POINT('',(40.,61.,130.));
#1454 = LINE('',#1455,#1456);
#1455 = CARTESIAN_POINT('',(40.,61.,118.));
#1456 = VECTOR('',#1457,1.);
#1457 = DIRECTION('',(0.,0.,1.));
#1458 = ORIENTED_EDGE('',*,*,#1459,.F.);
#1459 = EDGE_CURVE('',#1436,#1452,#1460,.T.);
#1460 = LINE('',#1461,#1462);
#1461 = CARTESIAN_POINT('',(40.,21.,130.));
#1462 = VECTOR('',#1463,1.);
#1463 = DIRECTION('',(0.,1.,0.));
#1464 = PLANE('',#1465);
#1465 = AXIS2_PLACEMENT_3D('',#1466,#1467,#1468);
#1466 = CARTESIAN_POINT('',(40.,21.,118.));
#1467 = DIRECTION('',(1.,0.,0.));
#1468 = DIRECTION('',(0.,0.,1.));
#1469 = ADVANCED_FACE('',(#1470),#1504,.T.);
#1470 = FACE_BOUND('',#1471,.T.);
#1471 = EDGE_LOOP('',(#1472,#1482,#1490,#1498));
#1472 = ORIENTED_EDGE('',*,*,#1473,.F.);
#1473 = EDGE_CURVE('',#1474,#1476,#1478,.T.);
#1474 = VERTEX_POINT('',#1475);
#1475 = CARTESIAN_POINT('',(80.,21.,118.));
#1476 = VERTEX_POINT('',#1477);
#1477 = CARTESIAN_POINT('',(80.,21.,130.));
#1478 = LINE('',#1479,#1480);
#1479 = CARTESIAN_POINT('',(80.,21.,118.));
#1480 = VECTOR('',#1481,1.);
#1481 = DIRECTION('',(0.,0.,1.));
#1482 = ORIENTED_EDGE('',*,*,#1483,.T.);
#1483 = EDGE_CURVE('',#1474,#1484,#1486,.T.);
#1484 = VERTEX_POINT('',#1485);
#1485 = CARTESIAN_POINT('',(80.,61.,118.));
#1486 = LINE('',#1487,#1488);
#1487 = CARTESIAN_POINT('',(80.,21.,118.));
#1488 = VECTOR('',#1489,1.);
#1489 = DIRECTION('',(0.,1.,0.));
#1490 = ORIENTED_EDGE('',*,*,#1491,.T.);
#1491 = EDGE_CURVE('',#1484,#1492,#1494,.T.);
#1492 = VERTEX_POINT('',#1493);
#1493 = CARTESIAN_POINT('',(80.,61.,130.));
#1494 = LINE('',#1495,#1496);
#1495 = CARTESIAN_POINT('',(80.,61.,118.));
#1496 = VECTOR('',#1497,1.);
#1497 = DIRECTION('',(0.,0.,1.));
#1498 = ORIENTED_EDGE('',*,*,#1499,.F.);
#1499 = EDGE_CURVE('',#1476,#1492,#1500,.T.);
#1500 = LINE('',#1501,#1502);
#1501 = CARTESIAN_POINT('',(80.,21.,130.));
#1502 = VECTOR('',#1503,1.);
#1503 = DIRECTION('',(0.,1.,0.));
#1504 = PLANE('',#1505);
#1505 = AXIS2_PLACEMENT_3D('',#1506,#1507,#1508);
#1506 = CARTESIAN_POINT('',(80.,21.,118.));
#1507 = DIRECTION('',(1.,0.,0.));
#1508 = DIRECTION('',(0.,0.,1.));
#1509 = ADVANCED_FACE('',(#1510),#1526,.F.);
#1510 = FACE_BOUND('',#1511,.F.);
#1511 = EDGE_LOOP('',(#1512,#1518,#1519,#1525));
#1512 = ORIENTED_EDGE('',*,*,#1513,.F.);
#1513 = EDGE_CURVE('',#1434,#1474,#1514,.T.);
#1514 = LINE('',#1515,#1516);
#1515 = CARTESIAN_POINT('',(40.,21.,118.));
#1516 = VECTOR('',#1517,1.);
#1517 = DIRECTION('',(1.,0.,0.));
#1518 = ORIENTED_EDGE('',*,*,#1433,.T.);
#1519 = ORIENTED_EDGE('',*,*,#1520,.T.);
#1520 = EDGE_CURVE('',#1436,#1476,#1521,.T.);
#1521 = LINE('',#1522,#1523);
#1522 = CARTESIAN_POINT('',(40.,21.,130.));
#1523 = VECTOR('',#1524,1.);
#1524 = DIRECTION('',(1.,0.,0.));
#1525 = ORIENTED_EDGE('',*,*,#1473,.F.);
#1526 = PLANE('',#1527);
#1527 = AXIS2_PLACEMENT_3D('',#1528,#1529,#1530);
#1528 = CARTESIAN_POINT('',(40.,21.,118.));
#1529 = DIRECTION('',(0.,1.,0.));
#1530 = DIRECTION('',(0.,0.,1.));
#1531 = ADVANCED_FACE('',(#1532),#1548,.T.);
#1532 = FACE_BOUND('',#1533,.T.);
#1533 = EDGE_LOOP('',(#1534,#1540,#1541,#1547));
#1534 = ORIENTED_EDGE('',*,*,#1535,.F.);
#1535 = EDGE_CURVE('',#1444,#1484,#1536,.T.);
#1536 = LINE('',#1537,#1538);
#1537 = CARTESIAN_POINT('',(40.,61.,118.));
#1538 = VECTOR('',#1539,1.);
#1539 = DIRECTION('',(1.,0.,0.));
#1540 = ORIENTED_EDGE('',*,*,#1451,.T.);
#1541 = ORIENTED_EDGE('',*,*,#1542,.T.);
#1542 = EDGE_CURVE('',#1452,#1492,#1543,.T.);
#1543 = LINE('',#1544,#1545);
#1544 = CARTESIAN_POINT('',(40.,61.,130.));
#1545 = VECTOR('',#1546,1.);
#1546 = DIRECTION('',(1.,0.,0.));
#1547 = ORIENTED_EDGE('',*,*,#1491,.F.);
#1548 = PLANE('',#1549);
#1549 = AXIS2_PLACEMENT_3D('',#1550,#1551,#1552);
#1550 = CARTESIAN_POINT('',(40.,61.,118.));
#1551 = DIRECTION('',(0.,1.,0.));
#1552 = DIRECTION('',(0.,0.,1.));
#1553 = ADVANCED_FACE('',(#1554),#1560,.F.);
#1554 = FACE_BOUND('',#1555,.F.);
#1555 = EDGE_LOOP('',(#1556,#1557,#1558,#1559));
#1556 = ORIENTED_EDGE('',*,*,#1443,.F.);
#1557 = ORIENTED_EDGE('',*,*,#1513,.T.);
#1558 = ORIENTED_EDGE('',*,*,#1483,.T.);
#1559 = ORIENTED_EDGE('',*,*,#1535,.F.);
#1560 = PLANE('',#1561);
#1561 = AXIS2_PLACEMENT_3D('',#1562,#1563,#1564);
#1562 = CARTESIAN_POINT('',(40.,21.,118.));
#1563 = DIRECTION('',(0.,0.,1.));
#1564 = DIRECTION('',(1.,0.,0.));
#1565 = ADVANCED_FACE('',(#1566),#1572,.T.);
#1566 = FACE_BOUND('',#1567,.T.);
#1567 = EDGE_LOOP('',(#1568,#1569,#1570,#1571));
#1568 = ORIENTED_EDGE('',*,*,#1459,.F.);
#1569 = ORIENTED_EDGE('',*,*,#1520,.T.);
#1570 = ORIENTED_EDGE('',*,*,#1499,.T.);
#1571 = ORIENTED_EDGE('',*,*,#1542,.F.);
#1572 = PLANE('',#1573);
#1573 = AXIS2_PLACEMENT_3D('',#1574,#1575,#1576);
#1574 = CARTESIAN_POINT('',(40.,21.,130.));
#1575 = DIRECTION('',(0.,0.,1.));
#1576 = DIRECTION('',(1.,0.,0.));
#1577 = MANIFOLD_SOLID_BREP('',#1578);
#1578 = CLOSED_SHELL('',(#1579,#1612,#1621));
#1579 = ADVANCED_FACE('',(#1580),#1607,.T.);
#1580 = FACE_BOUND('',#1581,.T.);
#1581 = EDGE_LOOP('',(#1582,#1591,#1599,#1606));
#1582 = ORIENTED_EDGE('',*,*,#1583,.F.);
#1583 = EDGE_CURVE('',#1584,#1584,#1586,.T.);
#1584 = VERTEX_POINT('',#1585);
#1585 = CARTESIAN_POINT('',(133.5,170.5,104.));
#1586 = CIRCLE('',#1587,12.5);
#1587 = AXIS2_PLACEMENT_3D('',#1588,#1589,#1590);
#1588 = CARTESIAN_POINT('',(121.,170.5,104.));
#1589 = DIRECTION('',(0.,0.,1.));
#1590 = DIRECTION('',(1.,0.,0.));
#1591 = ORIENTED_EDGE('',*,*,#1592,.F.);
#1592 = EDGE_CURVE('',#1593,#1584,#1595,.T.);
#1593 = VERTEX_POINT('',#1594);
#1594 = CARTESIAN_POINT('',(133.5,170.5,41.));
#1595 = LINE('',#1596,#1597);
#1596 = CARTESIAN_POINT('',(133.5,170.5,41.));
#1597 = VECTOR('',#1598,1.);
#1598 = DIRECTION('',(0.,0.,1.));
#1599 = ORIENTED_EDGE('',*,*,#1600,.T.);
#1600 = EDGE_CURVE('',#1593,#1593,#1601,.T.);
#1601 = CIRCLE('',#1602,12.5);
#1602 = AXIS2_PLACEMENT_3D('',#1603,#1604,#1605);
#1603 = CARTESIAN_POINT('',(121.,170.5,41.));
#1604 = DIRECTION('',(0.,0.,1.));
#1605 = DIRECTION('',(1.,0.,0.));
#1606 = ORIENTED_EDGE('',*,*,#1592,.T.);
#1607 = CYLINDRICAL_SURFACE('',#1608,12.5);
#1608 = AXIS2_PLACEMENT_3D('',#1609,#1610,#1611);
#1609 = CARTESIAN_POINT('',(121.,170.5,41.));
#1610 = DIRECTION('',(0.,0.,1.));
#1611 = DIRECTION('',(1.,0.,0.));
#1612 = ADVANCED_FACE('',(#1613),#1616,.T.);
#1613 = FACE_BOUND('',#1614,.T.);
#1614 = EDGE_LOOP('',(#1615));
#1615 = ORIENTED_EDGE('',*,*,#1583,.T.);
#1616 = PLANE('',#1617);
#1617 = AXIS2_PLACEMENT_3D('',#1618,#1619,#1620);
#1618 = CARTESIAN_POINT('',(121.,170.5,104.));
#1619 = DIRECTION('',(0.,0.,1.));
#1620 = DIRECTION('',(1.,0.,0.));
#1621 = ADVANCED_FACE('',(#1622),#1625,.F.);
#1622 = FACE_BOUND('',#1623,.T.);
#1623 = EDGE_LOOP('',(#1624));
#1624 = ORIENTED_EDGE('',*,*,#1600,.F.);
#1625 = PLANE('',#1626);
#1626 = AXIS2_PLACEMENT_3D('',#1627,#1628,#1629);
#1627 = CARTESIAN_POINT('',(121.,170.5,41.));
#1628 = DIRECTION('',(0.,0.,1.));
#1629 = DIRECTION('',(1.,0.,0.));
#1630 = MANIFOLD_SOLID_BREP('',#1631);
#1631 = CLOSED_SHELL('',(#1632,#1672,#1712,#1734,#1756,#1768));
#1632 = ADVANCED_FACE('',(#1633),#1667,.F.);
#1633 = FACE_BOUND('',#1634,.F.);
#1634 = EDGE_LOOP('',(#1635,#1645,#1653,#1661));
#1635 = ORIENTED_EDGE('',*,*,#1636,.F.);
#1636 = EDGE_CURVE('',#1637,#1639,#1641,.T.);
#1637 = VERTEX_POINT('',#1638);
#1638 = CARTESIAN_POINT('',(2.5,2.5,86.));
#1639 = VERTEX_POINT('',#1640);
#1640 = CARTESIAN_POINT('',(2.5,2.5,88.));
#1641 = LINE('',#1642,#1643);
#1642 = CARTESIAN_POINT('',(2.5,2.5,86.));
#1643 = VECTOR('',#1644,1.);
#1644 = DIRECTION('',(0.,0.,1.));
#1645 = ORIENTED_EDGE('',*,*,#1646,.T.);
#1646 = EDGE_CURVE('',#1637,#1647,#1649,.T.);
#1647 = VERTEX_POINT('',#1648);
#1648 = CARTESIAN_POINT('',(2.5,12.5,86.));
#1649 = LINE('',#1650,#1651);
#1650 = CARTESIAN_POINT('',(2.5,2.5,86.));
#1651 = VECTOR('',#1652,1.);
#1652 = DIRECTION('',(0.,1.,0.));
#1653 = ORIENTED_EDGE('',*,*,#1654,.T.);
#1654 = EDGE_CURVE('',#1647,#1655,#1657,.T.);
#1655 = VERTEX_POINT('',#1656);
#1656 = CARTESIAN_POINT('',(2.5,12.5,88.));
#1657 = LINE('',#1658,#1659);
#1658 = CARTESIAN_POINT('',(2.5,12.5,86.));
#1659 = VECTOR('',#1660,1.);
#1660 = DIRECTION('',(0.,0.,1.));
#1661 = ORIENTED_EDGE('',*,*,#1662,.F.);
#1662 = EDGE_CURVE('',#1639,#1655,#1663,.T.);
#1663 = LINE('',#1664,#1665);
#1664 = CARTESIAN_POINT('',(2.5,2.5,88.));
#1665 = VECTOR('',#1666,1.);
#1666 = DIRECTION('',(0.,1.,0.));
#1667 = PLANE('',#1668);
#1668 = AXIS2_PLACEMENT_3D('',#1669,#1670,#1671);
#1669 = CARTESIAN_POINT('',(2.5,2.5,86.));
#1670 = DIRECTION('',(1.,0.,0.));
#1671 = DIRECTION('',(0.,0.,1.));
#1672 = ADVANCED_FACE('',(#1673),#1707,.T.);
#1673 = FACE_BOUND('',#1674,.T.);
#1674 = EDGE_LOOP('',(#1675,#1685,#1693,#1701));
#1675 = ORIENTED_EDGE('',*,*,#1676,.F.);
#1676 = EDGE_CURVE('',#1677,#1679,#1681,.T.);
#1677 = VERTEX_POINT('',#1678);
#1678 = CARTESIAN_POINT('',(272.5,2.5,86.));
#1679 = VERTEX_POINT('',#1680);
#1680 = CARTESIAN_POINT('',(272.5,2.5,88.));
#1681 = LINE('',#1682,#1683);
#1682 = CARTESIAN_POINT('',(272.5,2.5,86.));
#1683 = VECTOR('',#1684,1.);
#1684 = DIRECTION('',(0.,0.,1.));
#1685 = ORIENTED_EDGE('',*,*,#1686,.T.);
#1686 = EDGE_CURVE('',#1677,#1687,#1689,.T.);
#1687 = VERTEX_POINT('',#1688);
#1688 = CARTESIAN_POINT('',(272.5,12.5,86.));
#1689 = LINE('',#1690,#1691);
#1690 = CARTESIAN_POINT('',(272.5,2.5,86.));
#1691 = VECTOR('',#1692,1.);
#1692 = DIRECTION('',(0.,1.,0.));
#1693 = ORIENTED_EDGE('',*,*,#1694,.T.);
#1694 = EDGE_CURVE('',#1687,#1695,#1697,.T.);
#1695 = VERTEX_POINT('',#1696);
#1696 = CARTESIAN_POINT('',(272.5,12.5,88.));
#1697 = LINE('',#1698,#1699);
#1698 = CARTESIAN_POINT('',(272.5,12.5,86.));
#1699 = VECTOR('',#1700,1.);
#1700 = DIRECTION('',(0.,0.,1.));
#1701 = ORIENTED_EDGE('',*,*,#1702,.F.);
#1702 = EDGE_CURVE('',#1679,#1695,#1703,.T.);
#1703 = LINE('',#1704,#1705);
#1704 = CARTESIAN_POINT('',(272.5,2.5,88.));
#1705 = VECTOR('',#1706,1.);
#1706 = DIRECTION('',(0.,1.,0.));
#1707 = PLANE('',#1708);
#1708 = AXIS2_PLACEMENT_3D('',#1709,#1710,#1711);
#1709 = CARTESIAN_POINT('',(272.5,2.5,86.));
#1710 = DIRECTION('',(1.,0.,0.));
#1711 = DIRECTION('',(0.,0.,1.));
#1712 = ADVANCED_FACE('',(#1713),#1729,.F.);
#1713 = FACE_BOUND('',#1714,.F.);
#1714 = EDGE_LOOP('',(#1715,#1721,#1722,#1728));
#1715 = ORIENTED_EDGE('',*,*,#1716,.F.);
#1716 = EDGE_CURVE('',#1637,#1677,#1717,.T.);
#1717 = LINE('',#1718,#1719);
#1718 = CARTESIAN_POINT('',(2.5,2.5,86.));
#1719 = VECTOR('',#1720,1.);
#1720 = DIRECTION('',(1.,0.,0.));
#1721 = ORIENTED_EDGE('',*,*,#1636,.T.);
#1722 = ORIENTED_EDGE('',*,*,#1723,.T.);
#1723 = EDGE_CURVE('',#1639,#1679,#1724,.T.);
#1724 = LINE('',#1725,#1726);
#1725 = CARTESIAN_POINT('',(2.5,2.5,88.));
#1726 = VECTOR('',#1727,1.);
#1727 = DIRECTION('',(1.,0.,0.));
#1728 = ORIENTED_EDGE('',*,*,#1676,.F.);
#1729 = PLANE('',#1730);
#1730 = AXIS2_PLACEMENT_3D('',#1731,#1732,#1733);
#1731 = CARTESIAN_POINT('',(2.5,2.5,86.));
#1732 = DIRECTION('',(0.,1.,0.));
#1733 = DIRECTION('',(0.,0.,1.));
#1734 = ADVANCED_FACE('',(#1735),#1751,.T.);
#1735 = FACE_BOUND('',#1736,.T.);
#1736 = EDGE_LOOP('',(#1737,#1743,#1744,#1750));
#1737 = ORIENTED_EDGE('',*,*,#1738,.F.);
#1738 = EDGE_CURVE('',#1647,#1687,#1739,.T.);
#1739 = LINE('',#1740,#1741);
#1740 = CARTESIAN_POINT('',(2.5,12.5,86.));
#1741 = VECTOR('',#1742,1.);
#1742 = DIRECTION('',(1.,0.,0.));
#1743 = ORIENTED_EDGE('',*,*,#1654,.T.);
#1744 = ORIENTED_EDGE('',*,*,#1745,.T.);
#1745 = EDGE_CURVE('',#1655,#1695,#1746,.T.);
#1746 = LINE('',#1747,#1748);
#1747 = CARTESIAN_POINT('',(2.5,12.5,88.));
#1748 = VECTOR('',#1749,1.);
#1749 = DIRECTION('',(1.,0.,0.));
#1750 = ORIENTED_EDGE('',*,*,#1694,.F.);
#1751 = PLANE('',#1752);
#1752 = AXIS2_PLACEMENT_3D('',#1753,#1754,#1755);
#1753 = CARTESIAN_POINT('',(2.5,12.5,86.));
#1754 = DIRECTION('',(0.,1.,0.));
#1755 = DIRECTION('',(0.,0.,1.));
#1756 = ADVANCED_FACE('',(#1757),#1763,.F.);
#1757 = FACE_BOUND('',#1758,.F.);
#1758 = EDGE_LOOP('',(#1759,#1760,#1761,#1762));
#1759 = ORIENTED_EDGE('',*,*,#1646,.F.);
#1760 = ORIENTED_EDGE('',*,*,#1716,.T.);
#1761 = ORIENTED_EDGE('',*,*,#1686,.T.);
#1762 = ORIENTED_EDGE('',*,*,#1738,.F.);
#1763 = PLANE('',#1764);
#1764 = AXIS2_PLACEMENT_3D('',#1765,#1766,#1767);
#1765 = CARTESIAN_POINT('',(2.5,2.5,86.));
#1766 = DIRECTION('',(0.,0.,1.));
#1767 = DIRECTION('',(1.,0.,0.));
#1768 = ADVANCED_FACE('',(#1769),#1775,.T.);
#1769 = FACE_BOUND('',#1770,.T.);
#1770 = EDGE_LOOP('',(#1771,#1772,#1773,#1774));
#1771 = ORIENTED_EDGE('',*,*,#1662,.F.);
#1772 = ORIENTED_EDGE('',*,*,#1723,.T.);
#1773 = ORIENTED_EDGE('',*,*,#1702,.T.);
#1774 = ORIENTED_EDGE('',*,*,#1745,.F.);
#1775 = PLANE('',#1776);
#1776 = AXIS2_PLACEMENT_3D('',#1777,#1778,#1779);
#1777 = CARTESIAN_POINT('',(2.5,2.5,88.));
#1778 = DIRECTION('',(0.,0.,1.));
#1779 = DIRECTION('',(1.,0.,0.));
#1780 = MANIFOLD_SOLID_BREP('',#1781);
#1781 = CLOSED_SHELL('',(#1782,#1822,#1862,#1884,#1906,#1918));
#1782 = ADVANCED_FACE('',(#1783),#1817,.F.);
#1783 = FACE_BOUND('',#1784,.F.);
#1784 = EDGE_LOOP('',(#1785,#1795,#1803,#1811));
#1785 = ORIENTED_EDGE('',*,*,#1786,.F.);
#1786 = EDGE_CURVE('',#1787,#1789,#1791,.T.);
#1787 = VERTEX_POINT('',#1788);
#1788 = CARTESIAN_POINT('',(2.5,262.5,86.));
#1789 = VERTEX_POINT('',#1790);
#1790 = CARTESIAN_POINT('',(2.5,262.5,88.));
#1791 = LINE('',#1792,#1793);
#1792 = CARTESIAN_POINT('',(2.5,262.5,86.));
#1793 = VECTOR('',#1794,1.);
#1794 = DIRECTION('',(0.,0.,1.));
#1795 = ORIENTED_EDGE('',*,*,#1796,.T.);
#1796 = EDGE_CURVE('',#1787,#1797,#1799,.T.);
#1797 = VERTEX_POINT('',#1798);
#1798 = CARTESIAN_POINT('',(2.5,272.5,86.));
#1799 = LINE('',#1800,#1801);
#1800 = CARTESIAN_POINT('',(2.5,262.5,86.));
#1801 = VECTOR('',#1802,1.);
#1802 = DIRECTION('',(0.,1.,0.));
#1803 = ORIENTED_EDGE('',*,*,#1804,.T.);
#1804 = EDGE_CURVE('',#1797,#1805,#1807,.T.);
#1805 = VERTEX_POINT('',#1806);
#1806 = CARTESIAN_POINT('',(2.5,272.5,88.));
#1807 = LINE('',#1808,#1809);
#1808 = CARTESIAN_POINT('',(2.5,272.5,86.));
#1809 = VECTOR('',#1810,1.);
#1810 = DIRECTION('',(0.,0.,1.));
#1811 = ORIENTED_EDGE('',*,*,#1812,.F.);
#1812 = EDGE_CURVE('',#1789,#1805,#1813,.T.);
#1813 = LINE('',#1814,#1815);
#1814 = CARTESIAN_POINT('',(2.5,262.5,88.));
#1815 = VECTOR('',#1816,1.);
#1816 = DIRECTION('',(0.,1.,0.));
#1817 = PLANE('',#1818);
#1818 = AXIS2_PLACEMENT_3D('',#1819,#1820,#1821);
#1819 = CARTESIAN_POINT('',(2.5,262.5,86.));
#1820 = DIRECTION('',(1.,0.,0.));
#1821 = DIRECTION('',(0.,0.,1.));
#1822 = ADVANCED_FACE('',(#1823),#1857,.T.);
#1823 = FACE_BOUND('',#1824,.T.);
#1824 = EDGE_LOOP('',(#1825,#1835,#1843,#1851));
#1825 = ORIENTED_EDGE('',*,*,#1826,.F.);
#1826 = EDGE_CURVE('',#1827,#1829,#1831,.T.);
#1827 = VERTEX_POINT('',#1828);
#1828 = CARTESIAN_POINT('',(272.5,262.5,86.));
#1829 = VERTEX_POINT('',#1830);
#1830 = CARTESIAN_POINT('',(272.5,262.5,88.));
#1831 = LINE('',#1832,#1833);
#1832 = CARTESIAN_POINT('',(272.5,262.5,86.));
#1833 = VECTOR('',#1834,1.);
#1834 = DIRECTION('',(0.,0.,1.));
#1835 = ORIENTED_EDGE('',*,*,#1836,.T.);
#1836 = EDGE_CURVE('',#1827,#1837,#1839,.T.);
#1837 = VERTEX_POINT('',#1838);
#1838 = CARTESIAN_POINT('',(272.5,272.5,86.));
#1839 = LINE('',#1840,#1841);
#1840 = CARTESIAN_POINT('',(272.5,262.5,86.));
#1841 = VECTOR('',#1842,1.);
#1842 = DIRECTION('',(0.,1.,0.));
#1843 = ORIENTED_EDGE('',*,*,#1844,.T.);
#1844 = EDGE_CURVE('',#1837,#1845,#1847,.T.);
#1845 = VERTEX_POINT('',#1846);
#1846 = CARTESIAN_POINT('',(272.5,272.5,88.));
#1847 = LINE('',#1848,#1849);
#1848 = CARTESIAN_POINT('',(272.5,272.5,86.));
#1849 = VECTOR('',#1850,1.);
#1850 = DIRECTION('',(0.,0.,1.));
#1851 = ORIENTED_EDGE('',*,*,#1852,.F.);
#1852 = EDGE_CURVE('',#1829,#1845,#1853,.T.);
#1853 = LINE('',#1854,#1855);
#1854 = CARTESIAN_POINT('',(272.5,262.5,88.));
#1855 = VECTOR('',#1856,1.);
#1856 = DIRECTION('',(0.,1.,0.));
#1857 = PLANE('',#1858);
#1858 = AXIS2_PLACEMENT_3D('',#1859,#1860,#1861);
#1859 = CARTESIAN_POINT('',(272.5,262.5,86.));
#1860 = DIRECTION('',(1.,0.,0.));
#1861 = DIRECTION('',(0.,0.,1.));
#1862 = ADVANCED_FACE('',(#1863),#1879,.F.);
#1863 = FACE_BOUND('',#1864,.F.);
#1864 = EDGE_LOOP('',(#1865,#1871,#1872,#1878));
#1865 = ORIENTED_EDGE('',*,*,#1866,.F.);
#1866 = EDGE_CURVE('',#1787,#1827,#1867,.T.);
#1867 = LINE('',#1868,#1869);
#1868 = CARTESIAN_POINT('',(2.5,262.5,86.));
#1869 = VECTOR('',#1870,1.);
#1870 = DIRECTION('',(1.,0.,0.));
#1871 = ORIENTED_EDGE('',*,*,#1786,.T.);
#1872 = ORIENTED_EDGE('',*,*,#1873,.T.);
#1873 = EDGE_CURVE('',#1789,#1829,#1874,.T.);
#1874 = LINE('',#1875,#1876);
#1875 = CARTESIAN_POINT('',(2.5,262.5,88.));
#1876 = VECTOR('',#1877,1.);
#1877 = DIRECTION('',(1.,0.,0.));
#1878 = ORIENTED_EDGE('',*,*,#1826,.F.);
#1879 = PLANE('',#1880);
#1880 = AXIS2_PLACEMENT_3D('',#1881,#1882,#1883);
#1881 = CARTESIAN_POINT('',(2.5,262.5,86.));
#1882 = DIRECTION('',(0.,1.,0.));
#1883 = DIRECTION('',(0.,0.,1.));
#1884 = ADVANCED_FACE('',(#1885),#1901,.T.);
#1885 = FACE_BOUND('',#1886,.T.);
#1886 = EDGE_LOOP('',(#1887,#1893,#1894,#1900));
#1887 = ORIENTED_EDGE('',*,*,#1888,.F.);
#1888 = EDGE_CURVE('',#1797,#1837,#1889,.T.);
#1889 = LINE('',#1890,#1891);
#1890 = CARTESIAN_POINT('',(2.5,272.5,86.));
#1891 = VECTOR('',#1892,1.);
#1892 = DIRECTION('',(1.,0.,0.));
#1893 = ORIENTED_EDGE('',*,*,#1804,.T.);
#1894 = ORIENTED_EDGE('',*,*,#1895,.T.);
#1895 = EDGE_CURVE('',#1805,#1845,#1896,.T.);
#1896 = LINE('',#1897,#1898);
#1897 = CARTESIAN_POINT('',(2.5,272.5,88.));
#1898 = VECTOR('',#1899,1.);
#1899 = DIRECTION('',(1.,0.,0.));
#1900 = ORIENTED_EDGE('',*,*,#1844,.F.);
#1901 = PLANE('',#1902);
#1902 = AXIS2_PLACEMENT_3D('',#1903,#1904,#1905);
#1903 = CARTESIAN_POINT('',(2.5,272.5,86.));
#1904 = DIRECTION('',(0.,1.,0.));
#1905 = DIRECTION('',(0.,0.,1.));
#1906 = ADVANCED_FACE('',(#1907),#1913,.F.);
#1907 = FACE_BOUND('',#1908,.F.);
#1908 = EDGE_LOOP('',(#1909,#1910,#1911,#1912));
#1909 = ORIENTED_EDGE('',*,*,#1796,.F.);
#1910 = ORIENTED_EDGE('',*,*,#1866,.T.);
#1911 = ORIENTED_EDGE('',*,*,#1836,.T.);
#1912 = ORIENTED_EDGE('',*,*,#1888,.F.);
#1913 = PLANE('',#1914);
#1914 = AXIS2_PLACEMENT_3D('',#1915,#1916,#1917);
#1915 = CARTESIAN_POINT('',(2.5,262.5,86.));
#1916 = DIRECTION('',(0.,0.,1.));
#1917 = DIRECTION('',(1.,0.,0.));
#1918 = ADVANCED_FACE('',(#1919),#1925,.T.);
#1919 = FACE_BOUND('',#1920,.T.);
#1920 = EDGE_LOOP('',(#1921,#1922,#1923,#1924));
#1921 = ORIENTED_EDGE('',*,*,#1812,.F.);
#1922 = ORIENTED_EDGE('',*,*,#1873,.T.);
#1923 = ORIENTED_EDGE('',*,*,#1852,.T.);
#1924 = ORIENTED_EDGE('',*,*,#1895,.F.);
#1925 = PLANE('',#1926);
#1926 = AXIS2_PLACEMENT_3D('',#1927,#1928,#1929);
#1927 = CARTESIAN_POINT('',(2.5,262.5,88.));
#1928 = DIRECTION('',(0.,0.,1.));
#1929 = DIRECTION('',(1.,0.,0.));
#1930 = MANIFOLD_SOLID_BREP('',#1931);
#1931 = CLOSED_SHELL('',(#1932,#1972,#2012,#2034,#2056,#2068));
#1932 = ADVANCED_FACE('',(#1933),#1967,.F.);
#1933 = FACE_BOUND('',#1934,.F.);
#1934 = EDGE_LOOP('',(#1935,#1945,#1953,#1961));
#1935 = ORIENTED_EDGE('',*,*,#1936,.F.);
#1936 = EDGE_CURVE('',#1937,#1939,#1941,.T.);
#1937 = VERTEX_POINT('',#1938);
#1938 = CARTESIAN_POINT('',(2.5,12.5,86.));
#1939 = VERTEX_POINT('',#1940);
#1940 = CARTESIAN_POINT('',(2.5,12.5,88.));
#1941 = LINE('',#1942,#1943);
#1942 = CARTESIAN_POINT('',(2.5,12.5,86.));
#1943 = VECTOR('',#1944,1.);
#1944 = DIRECTION('',(0.,0.,1.));
#1945 = ORIENTED_EDGE('',*,*,#1946,.T.);
#1946 = EDGE_CURVE('',#1937,#1947,#1949,.T.);
#1947 = VERTEX_POINT('',#1948);
#1948 = CARTESIAN_POINT('',(2.5,262.5,86.));
#1949 = LINE('',#1950,#1951);
#1950 = CARTESIAN_POINT('',(2.5,12.5,86.));
#1951 = VECTOR('',#1952,1.);
#1952 = DIRECTION('',(0.,1.,0.));
#1953 = ORIENTED_EDGE('',*,*,#1954,.T.);
#1954 = EDGE_CURVE('',#1947,#1955,#1957,.T.);
#1955 = VERTEX_POINT('',#1956);
#1956 = CARTESIAN_POINT('',(2.5,262.5,88.));
#1957 = LINE('',#1958,#1959);
#1958 = CARTESIAN_POINT('',(2.5,262.5,86.));
#1959 = VECTOR('',#1960,1.);
#1960 = DIRECTION('',(0.,0.,1.));
#1961 = ORIENTED_EDGE('',*,*,#1962,.F.);
#1962 = EDGE_CURVE('',#1939,#1955,#1963,.T.);
#1963 = LINE('',#1964,#1965);
#1964 = CARTESIAN_POINT('',(2.5,12.5,88.));
#1965 = VECTOR('',#1966,1.);
#1966 = DIRECTION('',(0.,1.,0.));
#1967 = PLANE('',#1968);
#1968 = AXIS2_PLACEMENT_3D('',#1969,#1970,#1971);
#1969 = CARTESIAN_POINT('',(2.5,12.5,86.));
#1970 = DIRECTION('',(1.,0.,0.));
#1971 = DIRECTION('',(0.,0.,1.));
#1972 = ADVANCED_FACE('',(#1973),#2007,.T.);
#1973 = FACE_BOUND('',#1974,.T.);
#1974 = EDGE_LOOP('',(#1975,#1985,#1993,#2001));
#1975 = ORIENTED_EDGE('',*,*,#1976,.F.);
#1976 = EDGE_CURVE('',#1977,#1979,#1981,.T.);
#1977 = VERTEX_POINT('',#1978);
#1978 = CARTESIAN_POINT('',(12.5,12.5,86.));
#1979 = VERTEX_POINT('',#1980);
#1980 = CARTESIAN_POINT('',(12.5,12.5,88.));
#1981 = LINE('',#1982,#1983);
#1982 = CARTESIAN_POINT('',(12.5,12.5,86.));
#1983 = VECTOR('',#1984,1.);
#1984 = DIRECTION('',(0.,0.,1.));
#1985 = ORIENTED_EDGE('',*,*,#1986,.T.);
#1986 = EDGE_CURVE('',#1977,#1987,#1989,.T.);
#1987 = VERTEX_POINT('',#1988);
#1988 = CARTESIAN_POINT('',(12.5,262.5,86.));
#1989 = LINE('',#1990,#1991);
#1990 = CARTESIAN_POINT('',(12.5,12.5,86.));
#1991 = VECTOR('',#1992,1.);
#1992 = DIRECTION('',(0.,1.,0.));
#1993 = ORIENTED_EDGE('',*,*,#1994,.T.);
#1994 = EDGE_CURVE('',#1987,#1995,#1997,.T.);
#1995 = VERTEX_POINT('',#1996);
#1996 = CARTESIAN_POINT('',(12.5,262.5,88.));
#1997 = LINE('',#1998,#1999);
#1998 = CARTESIAN_POINT('',(12.5,262.5,86.));
#1999 = VECTOR('',#2000,1.);
#2000 = DIRECTION('',(0.,0.,1.));
#2001 = ORIENTED_EDGE('',*,*,#2002,.F.);
#2002 = EDGE_CURVE('',#1979,#1995,#2003,.T.);
#2003 = LINE('',#2004,#2005);
#2004 = CARTESIAN_POINT('',(12.5,12.5,88.));
#2005 = VECTOR('',#2006,1.);
#2006 = DIRECTION('',(0.,1.,0.));
#2007 = PLANE('',#2008);
#2008 = AXIS2_PLACEMENT_3D('',#2009,#2010,#2011);
#2009 = CARTESIAN_POINT('',(12.5,12.5,86.));
#2010 = DIRECTION('',(1.,0.,0.));
#2011 = DIRECTION('',(0.,0.,1.));
#2012 = ADVANCED_FACE('',(#2013),#2029,.F.);
#2013 = FACE_BOUND('',#2014,.F.);
#2014 = EDGE_LOOP('',(#2015,#2021,#2022,#2028));
#2015 = ORIENTED_EDGE('',*,*,#2016,.F.);
#2016 = EDGE_CURVE('',#1937,#1977,#2017,.T.);
#2017 = LINE('',#2018,#2019);
#2018 = CARTESIAN_POINT('',(2.5,12.5,86.));
#2019 = VECTOR('',#2020,1.);
#2020 = DIRECTION('',(1.,0.,0.));
#2021 = ORIENTED_EDGE('',*,*,#1936,.T.);
#2022 = ORIENTED_EDGE('',*,*,#2023,.T.);
#2023 = EDGE_CURVE('',#1939,#1979,#2024,.T.);
#2024 = LINE('',#2025,#2026);
#2025 = CARTESIAN_POINT('',(2.5,12.5,88.));
#2026 = VECTOR('',#2027,1.);
#2027 = DIRECTION('',(1.,0.,0.));
#2028 = ORIENTED_EDGE('',*,*,#1976,.F.);
#2029 = PLANE('',#2030);
#2030 = AXIS2_PLACEMENT_3D('',#2031,#2032,#2033);
#2031 = CARTESIAN_POINT('',(2.5,12.5,86.));
#2032 = DIRECTION('',(0.,1.,0.));
#2033 = DIRECTION('',(0.,0.,1.));
#2034 = ADVANCED_FACE('',(#2035),#2051,.T.);
#2035 = FACE_BOUND('',#2036,.T.);
#2036 = EDGE_LOOP('',(#2037,#2043,#2044,#2050));
#2037 = ORIENTED_EDGE('',*,*,#2038,.F.);
#2038 = EDGE_CURVE('',#1947,#1987,#2039,.T.);
#2039 = LINE('',#2040,#2041);
#2040 = CARTESIAN_POINT('',(2.5,262.5,86.));
#2041 = VECTOR('',#2042,1.);
#2042 = DIRECTION('',(1.,0.,0.));
#2043 = ORIENTED_EDGE('',*,*,#1954,.T.);
#2044 = ORIENTED_EDGE('',*,*,#2045,.T.);
#2045 = EDGE_CURVE('',#1955,#1995,#2046,.T.);
#2046 = LINE('',#2047,#2048);
#2047 = CARTESIAN_POINT('',(2.5,262.5,88.));
#2048 = VECTOR('',#2049,1.);
#2049 = DIRECTION('',(1.,0.,0.));
#2050 = ORIENTED_EDGE('',*,*,#1994,.F.);
#2051 = PLANE('',#2052);
#2052 = AXIS2_PLACEMENT_3D('',#2053,#2054,#2055);
#2053 = CARTESIAN_POINT('',(2.5,262.5,86.));
#2054 = DIRECTION('',(0.,1.,0.));
#2055 = DIRECTION('',(0.,0.,1.));
#2056 = ADVANCED_FACE('',(#2057),#2063,.F.);
#2057 = FACE_BOUND('',#2058,.F.);
#2058 = EDGE_LOOP('',(#2059,#2060,#2061,#2062));
#2059 = ORIENTED_EDGE('',*,*,#1946,.F.);
#2060 = ORIENTED_EDGE('',*,*,#2016,.T.);
#2061 = ORIENTED_EDGE('',*,*,#1986,.T.);
#2062 = ORIENTED_EDGE('',*,*,#2038,.F.);
#2063 = PLANE('',#2064);
#2064 = AXIS2_PLACEMENT_3D('',#2065,#2066,#2067);
#2065 = CARTESIAN_POINT('',(2.5,12.5,86.));
#2066 = DIRECTION('',(0.,0.,1.));
#2067 = DIRECTION('',(1.,0.,0.));
#2068 = ADVANCED_FACE('',(#2069),#2075,.T.);
#2069 = FACE_BOUND('',#2070,.T.);
#2070 = EDGE_LOOP('',(#2071,#2072,#2073,#2074));
#2071 = ORIENTED_EDGE('',*,*,#1962,.F.);
#2072 = ORIENTED_EDGE('',*,*,#2023,.T.);
#2073 = ORIENTED_EDGE('',*,*,#2002,.T.);
#2074 = ORIENTED_EDGE('',*,*,#2045,.F.);
#2075 = PLANE('',#2076);
#2076 = AXIS2_PLACEMENT_3D('',#2077,#2078,#2079);
#2077 = CARTESIAN_POINT('',(2.5,12.5,88.));
#2078 = DIRECTION('',(0.,0.,1.));
#2079 = DIRECTION('',(1.,0.,0.));
#2080 = MANIFOLD_SOLID_BREP('',#2081);
#2081 = CLOSED_SHELL('',(#2082,#2122,#2162,#2184,#2206,#2218));
#2082 = ADVANCED_FACE('',(#2083),#2117,.F.);
#2083 = FACE_BOUND('',#2084,.F.);
#2084 = EDGE_LOOP('',(#2085,#2095,#2103,#2111));
#2085 = ORIENTED_EDGE('',*,*,#2086,.F.);
#2086 = EDGE_CURVE('',#2087,#2089,#2091,.T.);
#2087 = VERTEX_POINT('',#2088);
#2088 = CARTESIAN_POINT('',(262.5,12.5,86.));
#2089 = VERTEX_POINT('',#2090);
#2090 = CARTESIAN_POINT('',(262.5,12.5,88.));
#2091 = LINE('',#2092,#2093);
#2092 = CARTESIAN_POINT('',(262.5,12.5,86.));
#2093 = VECTOR('',#2094,1.);
#2094 = DIRECTION('',(0.,0.,1.));
#2095 = ORIENTED_EDGE('',*,*,#2096,.T.);
#2096 = EDGE_CURVE('',#2087,#2097,#2099,.T.);
#2097 = VERTEX_POINT('',#2098);
#2098 = CARTESIAN_POINT('',(262.5,262.5,86.));
#2099 = LINE('',#2100,#2101);
#2100 = CARTESIAN_POINT('',(262.5,12.5,86.));
#2101 = VECTOR('',#2102,1.);
#2102 = DIRECTION('',(0.,1.,0.));
#2103 = ORIENTED_EDGE('',*,*,#2104,.T.);
#2104 = EDGE_CURVE('',#2097,#2105,#2107,.T.);
#2105 = VERTEX_POINT('',#2106);
#2106 = CARTESIAN_POINT('',(262.5,262.5,88.));
#2107 = LINE('',#2108,#2109);
#2108 = CARTESIAN_POINT('',(262.5,262.5,86.));
#2109 = VECTOR('',#2110,1.);
#2110 = DIRECTION('',(0.,0.,1.));
#2111 = ORIENTED_EDGE('',*,*,#2112,.F.);
#2112 = EDGE_CURVE('',#2089,#2105,#2113,.T.);
#2113 = LINE('',#2114,#2115);
#2114 = CARTESIAN_POINT('',(262.5,12.5,88.));
#2115 = VECTOR('',#2116,1.);
#2116 = DIRECTION('',(0.,1.,0.));
#2117 = PLANE('',#2118);
#2118 = AXIS2_PLACEMENT_3D('',#2119,#2120,#2121);
#2119 = CARTESIAN_POINT('',(262.5,12.5,86.));
#2120 = DIRECTION('',(1.,0.,0.));
#2121 = DIRECTION('',(0.,0.,1.));
#2122 = ADVANCED_FACE('',(#2123),#2157,.T.);
#2123 = FACE_BOUND('',#2124,.T.);
#2124 = EDGE_LOOP('',(#2125,#2135,#2143,#2151));
#2125 = ORIENTED_EDGE('',*,*,#2126,.F.);
#2126 = EDGE_CURVE('',#2127,#2129,#2131,.T.);
#2127 = VERTEX_POINT('',#2128);
#2128 = CARTESIAN_POINT('',(272.5,12.5,86.));
#2129 = VERTEX_POINT('',#2130);
#2130 = CARTESIAN_POINT('',(272.5,12.5,88.));
#2131 = LINE('',#2132,#2133);
#2132 = CARTESIAN_POINT('',(272.5,12.5,86.));
#2133 = VECTOR('',#2134,1.);
#2134 = DIRECTION('',(0.,0.,1.));
#2135 = ORIENTED_EDGE('',*,*,#2136,.T.);
#2136 = EDGE_CURVE('',#2127,#2137,#2139,.T.);
#2137 = VERTEX_POINT('',#2138);
#2138 = CARTESIAN_POINT('',(272.5,262.5,86.));
#2139 = LINE('',#2140,#2141);
#2140 = CARTESIAN_POINT('',(272.5,12.5,86.));
#2141 = VECTOR('',#2142,1.);
#2142 = DIRECTION('',(0.,1.,0.));
#2143 = ORIENTED_EDGE('',*,*,#2144,.T.);
#2144 = EDGE_CURVE('',#2137,#2145,#2147,.T.);
#2145 = VERTEX_POINT('',#2146);
#2146 = CARTESIAN_POINT('',(272.5,262.5,88.));
#2147 = LINE('',#2148,#2149);
#2148 = CARTESIAN_POINT('',(272.5,262.5,86.));
#2149 = VECTOR('',#2150,1.);
#2150 = DIRECTION('',(0.,0.,1.));
#2151 = ORIENTED_EDGE('',*,*,#2152,.F.);
#2152 = EDGE_CURVE('',#2129,#2145,#2153,.T.);
#2153 = LINE('',#2154,#2155);
#2154 = CARTESIAN_POINT('',(272.5,12.5,88.));
#2155 = VECTOR('',#2156,1.);
#2156 = DIRECTION('',(0.,1.,0.));
#2157 = PLANE('',#2158);
#2158 = AXIS2_PLACEMENT_3D('',#2159,#2160,#2161);
#2159 = CARTESIAN_POINT('',(272.5,12.5,86.));
#2160 = DIRECTION('',(1.,0.,0.));
#2161 = DIRECTION('',(0.,0.,1.));
#2162 = ADVANCED_FACE('',(#2163),#2179,.F.);
#2163 = FACE_BOUND('',#2164,.F.);
#2164 = EDGE_LOOP('',(#2165,#2171,#2172,#2178));
#2165 = ORIENTED_EDGE('',*,*,#2166,.F.);
#2166 = EDGE_CURVE('',#2087,#2127,#2167,.T.);
#2167 = LINE('',#2168,#2169);
#2168 = CARTESIAN_POINT('',(262.5,12.5,86.));
#2169 = VECTOR('',#2170,1.);
#2170 = DIRECTION('',(1.,0.,0.));
#2171 = ORIENTED_EDGE('',*,*,#2086,.T.);
#2172 = ORIENTED_EDGE('',*,*,#2173,.T.);
#2173 = EDGE_CURVE('',#2089,#2129,#2174,.T.);
#2174 = LINE('',#2175,#2176);
#2175 = CARTESIAN_POINT('',(262.5,12.5,88.));
#2176 = VECTOR('',#2177,1.);
#2177 = DIRECTION('',(1.,0.,0.));
#2178 = ORIENTED_EDGE('',*,*,#2126,.F.);
#2179 = PLANE('',#2180);
#2180 = AXIS2_PLACEMENT_3D('',#2181,#2182,#2183);
#2181 = CARTESIAN_POINT('',(262.5,12.5,86.));
#2182 = DIRECTION('',(0.,1.,0.));
#2183 = DIRECTION('',(0.,0.,1.));
#2184 = ADVANCED_FACE('',(#2185),#2201,.T.);
#2185 = FACE_BOUND('',#2186,.T.);
#2186 = EDGE_LOOP('',(#2187,#2193,#2194,#2200));
#2187 = ORIENTED_EDGE('',*,*,#2188,.F.);
#2188 = EDGE_CURVE('',#2097,#2137,#2189,.T.);
#2189 = LINE('',#2190,#2191);
#2190 = CARTESIAN_POINT('',(262.5,262.5,86.));
#2191 = VECTOR('',#2192,1.);
#2192 = DIRECTION('',(1.,0.,0.));
#2193 = ORIENTED_EDGE('',*,*,#2104,.T.);
#2194 = ORIENTED_EDGE('',*,*,#2195,.T.);
#2195 = EDGE_CURVE('',#2105,#2145,#2196,.T.);
#2196 = LINE('',#2197,#2198);
#2197 = CARTESIAN_POINT('',(262.5,262.5,88.));
#2198 = VECTOR('',#2199,1.);
#2199 = DIRECTION('',(1.,0.,0.));
#2200 = ORIENTED_EDGE('',*,*,#2144,.F.);
#2201 = PLANE('',#2202);
#2202 = AXIS2_PLACEMENT_3D('',#2203,#2204,#2205);
#2203 = CARTESIAN_POINT('',(262.5,262.5,86.));
#2204 = DIRECTION('',(0.,1.,0.));
#2205 = DIRECTION('',(0.,0.,1.));
#2206 = ADVANCED_FACE('',(#2207),#2213,.F.);
#2207 = FACE_BOUND('',#2208,.F.);
#2208 = EDGE_LOOP('',(#2209,#2210,#2211,#2212));
#2209 = ORIENTED_EDGE('',*,*,#2096,.F.);
#2210 = ORIENTED_EDGE('',*,*,#2166,.T.);
#2211 = ORIENTED_EDGE('',*,*,#2136,.T.);
#2212 = ORIENTED_EDGE('',*,*,#2188,.F.);
#2213 = PLANE('',#2214);
#2214 = AXIS2_PLACEMENT_3D('',#2215,#2216,#2217);
#2215 = CARTESIAN_POINT('',(262.5,12.5,86.));
#2216 = DIRECTION('',(0.,0.,1.));
#2217 = DIRECTION('',(1.,0.,0.));
#2218 = ADVANCED_FACE('',(#2219),#2225,.T.);
#2219 = FACE_BOUND('',#2220,.T.);
#2220 = EDGE_LOOP('',(#2221,#2222,#2223,#2224));
#2221 = ORIENTED_EDGE('',*,*,#2112,.F.);
#2222 = ORIENTED_EDGE('',*,*,#2173,.T.);
#2223 = ORIENTED_EDGE('',*,*,#2152,.T.);
#2224 = ORIENTED_EDGE('',*,*,#2195,.F.);
#2225 = PLANE('',#2226);
#2226 = AXIS2_PLACEMENT_3D('',#2227,#2228,#2229);
#2227 = CARTESIAN_POINT('',(262.5,12.5,88.));
#2228 = DIRECTION('',(0.,0.,1.));
#2229 = DIRECTION('',(1.,0.,0.));
#2230 = MANIFOLD_SOLID_BREP('',#2231);
#2231 = CLOSED_SHELL('',(#2232,#2272,#2312,#2334,#2356,#2368));
#2232 = ADVANCED_FACE('',(#2233),#2267,.F.);
#2233 = FACE_BOUND('',#2234,.F.);
#2234 = EDGE_LOOP('',(#2235,#2245,#2253,#2261));
#2235 = ORIENTED_EDGE('',*,*,#2236,.F.);
#2236 = EDGE_CURVE('',#2237,#2239,#2241,.T.);
#2237 = VERTEX_POINT('',#2238);
#2238 = CARTESIAN_POINT('',(2.5,2.5,121.));
#2239 = VERTEX_POINT('',#2240);
#2240 = CARTESIAN_POINT('',(2.5,2.5,123.));
#2241 = LINE('',#2242,#2243);
#2242 = CARTESIAN_POINT('',(2.5,2.5,121.));
#2243 = VECTOR('',#2244,1.);
#2244 = DIRECTION('',(0.,0.,1.));
#2245 = ORIENTED_EDGE('',*,*,#2246,.T.);
#2246 = EDGE_CURVE('',#2237,#2247,#2249,.T.);
#2247 = VERTEX_POINT('',#2248);
#2248 = CARTESIAN_POINT('',(2.5,12.5,121.));
#2249 = LINE('',#2250,#2251);
#2250 = CARTESIAN_POINT('',(2.5,2.5,121.));
#2251 = VECTOR('',#2252,1.);
#2252 = DIRECTION('',(0.,1.,0.));
#2253 = ORIENTED_EDGE('',*,*,#2254,.T.);
#2254 = EDGE_CURVE('',#2247,#2255,#2257,.T.);
#2255 = VERTEX_POINT('',#2256);
#2256 = CARTESIAN_POINT('',(2.5,12.5,123.));
#2257 = LINE('',#2258,#2259);
#2258 = CARTESIAN_POINT('',(2.5,12.5,121.));
#2259 = VECTOR('',#2260,1.);
#2260 = DIRECTION('',(0.,0.,1.));
#2261 = ORIENTED_EDGE('',*,*,#2262,.F.);
#2262 = EDGE_CURVE('',#2239,#2255,#2263,.T.);
#2263 = LINE('',#2264,#2265);
#2264 = CARTESIAN_POINT('',(2.5,2.5,123.));
#2265 = VECTOR('',#2266,1.);
#2266 = DIRECTION('',(0.,1.,0.));
#2267 = PLANE('',#2268);
#2268 = AXIS2_PLACEMENT_3D('',#2269,#2270,#2271);
#2269 = CARTESIAN_POINT('',(2.5,2.5,121.));
#2270 = DIRECTION('',(1.,0.,0.));
#2271 = DIRECTION('',(0.,0.,1.));
#2272 = ADVANCED_FACE('',(#2273),#2307,.T.);
#2273 = FACE_BOUND('',#2274,.T.);
#2274 = EDGE_LOOP('',(#2275,#2285,#2293,#2301));
#2275 = ORIENTED_EDGE('',*,*,#2276,.F.);
#2276 = EDGE_CURVE('',#2277,#2279,#2281,.T.);
#2277 = VERTEX_POINT('',#2278);
#2278 = CARTESIAN_POINT('',(272.5,2.5,121.));
#2279 = VERTEX_POINT('',#2280);
#2280 = CARTESIAN_POINT('',(272.5,2.5,123.));
#2281 = LINE('',#2282,#2283);
#2282 = CARTESIAN_POINT('',(272.5,2.5,121.));
#2283 = VECTOR('',#2284,1.);
#2284 = DIRECTION('',(0.,0.,1.));
#2285 = ORIENTED_EDGE('',*,*,#2286,.T.);
#2286 = EDGE_CURVE('',#2277,#2287,#2289,.T.);
#2287 = VERTEX_POINT('',#2288);
#2288 = CARTESIAN_POINT('',(272.5,12.5,121.));
#2289 = LINE('',#2290,#2291);
#2290 = CARTESIAN_POINT('',(272.5,2.5,121.));
#2291 = VECTOR('',#2292,1.);
#2292 = DIRECTION('',(0.,1.,0.));
#2293 = ORIENTED_EDGE('',*,*,#2294,.T.);
#2294 = EDGE_CURVE('',#2287,#2295,#2297,.T.);
#2295 = VERTEX_POINT('',#2296);
#2296 = CARTESIAN_POINT('',(272.5,12.5,123.));
#2297 = LINE('',#2298,#2299);
#2298 = CARTESIAN_POINT('',(272.5,12.5,121.));
#2299 = VECTOR('',#2300,1.);
#2300 = DIRECTION('',(0.,0.,1.));
#2301 = ORIENTED_EDGE('',*,*,#2302,.F.);
#2302 = EDGE_CURVE('',#2279,#2295,#2303,.T.);
#2303 = LINE('',#2304,#2305);
#2304 = CARTESIAN_POINT('',(272.5,2.5,123.));
#2305 = VECTOR('',#2306,1.);
#2306 = DIRECTION('',(0.,1.,0.));
#2307 = PLANE('',#2308);
#2308 = AXIS2_PLACEMENT_3D('',#2309,#2310,#2311);
#2309 = CARTESIAN_POINT('',(272.5,2.5,121.));
#2310 = DIRECTION('',(1.,0.,0.));
#2311 = DIRECTION('',(0.,0.,1.));
#2312 = ADVANCED_FACE('',(#2313),#2329,.F.);
#2313 = FACE_BOUND('',#2314,.F.);
#2314 = EDGE_LOOP('',(#2315,#2321,#2322,#2328));
#2315 = ORIENTED_EDGE('',*,*,#2316,.F.);
#2316 = EDGE_CURVE('',#2237,#2277,#2317,.T.);
#2317 = LINE('',#2318,#2319);
#2318 = CARTESIAN_POINT('',(2.5,2.5,121.));
#2319 = VECTOR('',#2320,1.);
#2320 = DIRECTION('',(1.,0.,0.));
#2321 = ORIENTED_EDGE('',*,*,#2236,.T.);
#2322 = ORIENTED_EDGE('',*,*,#2323,.T.);
#2323 = EDGE_CURVE('',#2239,#2279,#2324,.T.);
#2324 = LINE('',#2325,#2326);
#2325 = CARTESIAN_POINT('',(2.5,2.5,123.));
#2326 = VECTOR('',#2327,1.);
#2327 = DIRECTION('',(1.,0.,0.));
#2328 = ORIENTED_EDGE('',*,*,#2276,.F.);
#2329 = PLANE('',#2330);
#2330 = AXIS2_PLACEMENT_3D('',#2331,#2332,#2333);
#2331 = CARTESIAN_POINT('',(2.5,2.5,121.));
#2332 = DIRECTION('',(0.,1.,0.));
#2333 = DIRECTION('',(0.,0.,1.));
#2334 = ADVANCED_FACE('',(#2335),#2351,.T.);
#2335 = FACE_BOUND('',#2336,.T.);
#2336 = EDGE_LOOP('',(#2337,#2343,#2344,#2350));
#2337 = ORIENTED_EDGE('',*,*,#2338,.F.);
#2338 = EDGE_CURVE('',#2247,#2287,#2339,.T.);
#2339 = LINE('',#2340,#2341);
#2340 = CARTESIAN_POINT('',(2.5,12.5,121.));
#2341 = VECTOR('',#2342,1.);
#2342 = DIRECTION('',(1.,0.,0.));
#2343 = ORIENTED_EDGE('',*,*,#2254,.T.);
#2344 = ORIENTED_EDGE('',*,*,#2345,.T.);
#2345 = EDGE_CURVE('',#2255,#2295,#2346,.T.);
#2346 = LINE('',#2347,#2348);
#2347 = CARTESIAN_POINT('',(2.5,12.5,123.));
#2348 = VECTOR('',#2349,1.);
#2349 = DIRECTION('',(1.,0.,0.));
#2350 = ORIENTED_EDGE('',*,*,#2294,.F.);
#2351 = PLANE('',#2352);
#2352 = AXIS2_PLACEMENT_3D('',#2353,#2354,#2355);
#2353 = CARTESIAN_POINT('',(2.5,12.5,121.));
#2354 = DIRECTION('',(0.,1.,0.));
#2355 = DIRECTION('',(0.,0.,1.));
#2356 = ADVANCED_FACE('',(#2357),#2363,.F.);
#2357 = FACE_BOUND('',#2358,.F.);
#2358 = EDGE_LOOP('',(#2359,#2360,#2361,#2362));
#2359 = ORIENTED_EDGE('',*,*,#2246,.F.);
#2360 = ORIENTED_EDGE('',*,*,#2316,.T.);
#2361 = ORIENTED_EDGE('',*,*,#2286,.T.);
#2362 = ORIENTED_EDGE('',*,*,#2338,.F.);
#2363 = PLANE('',#2364);
#2364 = AXIS2_PLACEMENT_3D('',#2365,#2366,#2367);
#2365 = CARTESIAN_POINT('',(2.5,2.5,121.));
#2366 = DIRECTION('',(0.,0.,1.));
#2367 = DIRECTION('',(1.,0.,0.));
#2368 = ADVANCED_FACE('',(#2369),#2375,.T.);
#2369 = FACE_BOUND('',#2370,.T.);
#2370 = EDGE_LOOP('',(#2371,#2372,#2373,#2374));
#2371 = ORIENTED_EDGE('',*,*,#2262,.F.);
#2372 = ORIENTED_EDGE('',*,*,#2323,.T.);
#2373 = ORIENTED_EDGE('',*,*,#2302,.T.);
#2374 = ORIENTED_EDGE('',*,*,#2345,.F.);
#2375 = PLANE('',#2376);
#2376 = AXIS2_PLACEMENT_3D('',#2377,#2378,#2379);
#2377 = CARTESIAN_POINT('',(2.5,2.5,123.));
#2378 = DIRECTION('',(0.,0.,1.));
#2379 = DIRECTION('',(1.,0.,0.));
#2380 = MANIFOLD_SOLID_BREP('',#2381);
#2381 = CLOSED_SHELL('',(#2382,#2422,#2462,#2484,#2506,#2518));
#2382 = ADVANCED_FACE('',(#2383),#2417,.F.);
#2383 = FACE_BOUND('',#2384,.F.);
#2384 = EDGE_LOOP('',(#2385,#2395,#2403,#2411));
#2385 = ORIENTED_EDGE('',*,*,#2386,.F.);
#2386 = EDGE_CURVE('',#2387,#2389,#2391,.T.);
#2387 = VERTEX_POINT('',#2388);
#2388 = CARTESIAN_POINT('',(2.5,262.5,121.));
#2389 = VERTEX_POINT('',#2390);
#2390 = CARTESIAN_POINT('',(2.5,262.5,123.));
#2391 = LINE('',#2392,#2393);
#2392 = CARTESIAN_POINT('',(2.5,262.5,121.));
#2393 = VECTOR('',#2394,1.);
#2394 = DIRECTION('',(0.,0.,1.));
#2395 = ORIENTED_EDGE('',*,*,#2396,.T.);
#2396 = EDGE_CURVE('',#2387,#2397,#2399,.T.);
#2397 = VERTEX_POINT('',#2398);
#2398 = CARTESIAN_POINT('',(2.5,272.5,121.));
#2399 = LINE('',#2400,#2401);
#2400 = CARTESIAN_POINT('',(2.5,262.5,121.));
#2401 = VECTOR('',#2402,1.);
#2402 = DIRECTION('',(0.,1.,0.));
#2403 = ORIENTED_EDGE('',*,*,#2404,.T.);
#2404 = EDGE_CURVE('',#2397,#2405,#2407,.T.);
#2405 = VERTEX_POINT('',#2406);
#2406 = CARTESIAN_POINT('',(2.5,272.5,123.));
#2407 = LINE('',#2408,#2409);
#2408 = CARTESIAN_POINT('',(2.5,272.5,121.));
#2409 = VECTOR('',#2410,1.);
#2410 = DIRECTION('',(0.,0.,1.));
#2411 = ORIENTED_EDGE('',*,*,#2412,.F.);
#2412 = EDGE_CURVE('',#2389,#2405,#2413,.T.);
#2413 = LINE('',#2414,#2415);
#2414 = CARTESIAN_POINT('',(2.5,262.5,123.));
#2415 = VECTOR('',#2416,1.);
#2416 = DIRECTION('',(0.,1.,0.));
#2417 = PLANE('',#2418);
#2418 = AXIS2_PLACEMENT_3D('',#2419,#2420,#2421);
#2419 = CARTESIAN_POINT('',(2.5,262.5,121.));
#2420 = DIRECTION('',(1.,0.,0.));
#2421 = DIRECTION('',(0.,0.,1.));
#2422 = ADVANCED_FACE('',(#2423),#2457,.T.);
#2423 = FACE_BOUND('',#2424,.T.);
#2424 = EDGE_LOOP('',(#2425,#2435,#2443,#2451));
#2425 = ORIENTED_EDGE('',*,*,#2426,.F.);
#2426 = EDGE_CURVE('',#2427,#2429,#2431,.T.);
#2427 = VERTEX_POINT('',#2428);
#2428 = CARTESIAN_POINT('',(272.5,262.5,121.));
#2429 = VERTEX_POINT('',#2430);
#2430 = CARTESIAN_POINT('',(272.5,262.5,123.));
#2431 = LINE('',#2432,#2433);
#2432 = CARTESIAN_POINT('',(272.5,262.5,121.));
#2433 = VECTOR('',#2434,1.);
#2434 = DIRECTION('',(0.,0.,1.));
#2435 = ORIENTED_EDGE('',*,*,#2436,.T.);
#2436 = EDGE_CURVE('',#2427,#2437,#2439,.T.);
#2437 = VERTEX_POINT('',#2438);
#2438 = CARTESIAN_POINT('',(272.5,272.5,121.));
#2439 = LINE('',#2440,#2441);
#2440 = CARTESIAN_POINT('',(272.5,262.5,121.));
#2441 = VECTOR('',#2442,1.);
#2442 = DIRECTION('',(0.,1.,0.));
#2443 = ORIENTED_EDGE('',*,*,#2444,.T.);
#2444 = EDGE_CURVE('',#2437,#2445,#2447,.T.);
#2445 = VERTEX_POINT('',#2446);
#2446 = CARTESIAN_POINT('',(272.5,272.5,123.));
#2447 = LINE('',#2448,#2449);
#2448 = CARTESIAN_POINT('',(272.5,272.5,121.));
#2449 = VECTOR('',#2450,1.);
#2450 = DIRECTION('',(0.,0.,1.));
#2451 = ORIENTED_EDGE('',*,*,#2452,.F.);
#2452 = EDGE_CURVE('',#2429,#2445,#2453,.T.);
#2453 = LINE('',#2454,#2455);
#2454 = CARTESIAN_POINT('',(272.5,262.5,123.));
#2455 = VECTOR('',#2456,1.);
#2456 = DIRECTION('',(0.,1.,0.));
#2457 = PLANE('',#2458);
#2458 = AXIS2_PLACEMENT_3D('',#2459,#2460,#2461);
#2459 = CARTESIAN_POINT('',(272.5,262.5,121.));
#2460 = DIRECTION('',(1.,0.,0.));
#2461 = DIRECTION('',(0.,0.,1.));
#2462 = ADVANCED_FACE('',(#2463),#2479,.F.);
#2463 = FACE_BOUND('',#2464,.F.);
#2464 = EDGE_LOOP('',(#2465,#2471,#2472,#2478));
#2465 = ORIENTED_EDGE('',*,*,#2466,.F.);
#2466 = EDGE_CURVE('',#2387,#2427,#2467,.T.);
#2467 = LINE('',#2468,#2469);
#2468 = CARTESIAN_POINT('',(2.5,262.5,121.));
#2469 = VECTOR('',#2470,1.);
#2470 = DIRECTION('',(1.,0.,0.));
#2471 = ORIENTED_EDGE('',*,*,#2386,.T.);
#2472 = ORIENTED_EDGE('',*,*,#2473,.T.);
#2473 = EDGE_CURVE('',#2389,#2429,#2474,.T.);
#2474 = LINE('',#2475,#2476);
#2475 = CARTESIAN_POINT('',(2.5,262.5,123.));
#2476 = VECTOR('',#2477,1.);
#2477 = DIRECTION('',(1.,0.,0.));
#2478 = ORIENTED_EDGE('',*,*,#2426,.F.);
#2479 = PLANE('',#2480);
#2480 = AXIS2_PLACEMENT_3D('',#2481,#2482,#2483);
#2481 = CARTESIAN_POINT('',(2.5,262.5,121.));
#2482 = DIRECTION('',(0.,1.,0.));
#2483 = DIRECTION('',(0.,0.,1.));
#2484 = ADVANCED_FACE('',(#2485),#2501,.T.);
#2485 = FACE_BOUND('',#2486,.T.);
#2486 = EDGE_LOOP('',(#2487,#2493,#2494,#2500));
#2487 = ORIENTED_EDGE('',*,*,#2488,.F.);
#2488 = EDGE_CURVE('',#2397,#2437,#2489,.T.);
#2489 = LINE('',#2490,#2491);
#2490 = CARTESIAN_POINT('',(2.5,272.5,121.));
#2491 = VECTOR('',#2492,1.);
#2492 = DIRECTION('',(1.,0.,0.));
#2493 = ORIENTED_EDGE('',*,*,#2404,.T.);
#2494 = ORIENTED_EDGE('',*,*,#2495,.T.);
#2495 = EDGE_CURVE('',#2405,#2445,#2496,.T.);
#2496 = LINE('',#2497,#2498);
#2497 = CARTESIAN_POINT('',(2.5,272.5,123.));
#2498 = VECTOR('',#2499,1.);
#2499 = DIRECTION('',(1.,0.,0.));
#2500 = ORIENTED_EDGE('',*,*,#2444,.F.);
#2501 = PLANE('',#2502);
#2502 = AXIS2_PLACEMENT_3D('',#2503,#2504,#2505);
#2503 = CARTESIAN_POINT('',(2.5,272.5,121.));
#2504 = DIRECTION('',(0.,1.,0.));
#2505 = DIRECTION('',(0.,0.,1.));
#2506 = ADVANCED_FACE('',(#2507),#2513,.F.);
#2507 = FACE_BOUND('',#2508,.F.);
#2508 = EDGE_LOOP('',(#2509,#2510,#2511,#2512));
#2509 = ORIENTED_EDGE('',*,*,#2396,.F.);
#2510 = ORIENTED_EDGE('',*,*,#2466,.T.);
#2511 = ORIENTED_EDGE('',*,*,#2436,.T.);
#2512 = ORIENTED_EDGE('',*,*,#2488,.F.);
#2513 = PLANE('',#2514);
#2514 = AXIS2_PLACEMENT_3D('',#2515,#2516,#2517);
#2515 = CARTESIAN_POINT('',(2.5,262.5,121.));
#2516 = DIRECTION('',(0.,0.,1.));
#2517 = DIRECTION('',(1.,0.,0.));
#2518 = ADVANCED_FACE('',(#2519),#2525,.T.);
#2519 = FACE_BOUND('',#2520,.T.);
#2520 = EDGE_LOOP('',(#2521,#2522,#2523,#2524));
#2521 = ORIENTED_EDGE('',*,*,#2412,.F.);
#2522 = ORIENTED_EDGE('',*,*,#2473,.T.);
#2523 = ORIENTED_EDGE('',*,*,#2452,.T.);
#2524 = ORIENTED_EDGE('',*,*,#2495,.F.);
#2525 = PLANE('',#2526);
#2526 = AXIS2_PLACEMENT_3D('',#2527,#2528,#2529);
#2527 = CARTESIAN_POINT('',(2.5,262.5,123.));
#2528 = DIRECTION('',(0.,0.,1.));
#2529 = DIRECTION('',(1.,0.,0.));
#2530 = MANIFOLD_SOLID_BREP('',#2531);
#2531 = CLOSED_SHELL('',(#2532,#2572,#2612,#2634,#2656,#2668));
#2532 = ADVANCED_FACE('',(#2533),#2567,.F.);
#2533 = FACE_BOUND('',#2534,.F.);
#2534 = EDGE_LOOP('',(#2535,#2545,#2553,#2561));
#2535 = ORIENTED_EDGE('',*,*,#2536,.F.);
#2536 = EDGE_CURVE('',#2537,#2539,#2541,.T.);
#2537 = VERTEX_POINT('',#2538);
#2538 = CARTESIAN_POINT('',(2.5,12.5,121.));
#2539 = VERTEX_POINT('',#2540);
#2540 = CARTESIAN_POINT('',(2.5,12.5,123.));
#2541 = LINE('',#2542,#2543);
#2542 = CARTESIAN_POINT('',(2.5,12.5,121.));
#2543 = VECTOR('',#2544,1.);
#2544 = DIRECTION('',(0.,0.,1.));
#2545 = ORIENTED_EDGE('',*,*,#2546,.T.);
#2546 = EDGE_CURVE('',#2537,#2547,#2549,.T.);
#2547 = VERTEX_POINT('',#2548);
#2548 = CARTESIAN_POINT('',(2.5,262.5,121.));
#2549 = LINE('',#2550,#2551);
#2550 = CARTESIAN_POINT('',(2.5,12.5,121.));
#2551 = VECTOR('',#2552,1.);
#2552 = DIRECTION('',(0.,1.,0.));
#2553 = ORIENTED_EDGE('',*,*,#2554,.T.);
#2554 = EDGE_CURVE('',#2547,#2555,#2557,.T.);
#2555 = VERTEX_POINT('',#2556);
#2556 = CARTESIAN_POINT('',(2.5,262.5,123.));
#2557 = LINE('',#2558,#2559);
#2558 = CARTESIAN_POINT('',(2.5,262.5,121.));
#2559 = VECTOR('',#2560,1.);
#2560 = DIRECTION('',(0.,0.,1.));
#2561 = ORIENTED_EDGE('',*,*,#2562,.F.);
#2562 = EDGE_CURVE('',#2539,#2555,#2563,.T.);
#2563 = LINE('',#2564,#2565);
#2564 = CARTESIAN_POINT('',(2.5,12.5,123.));
#2565 = VECTOR('',#2566,1.);
#2566 = DIRECTION('',(0.,1.,0.));
#2567 = PLANE('',#2568);
#2568 = AXIS2_PLACEMENT_3D('',#2569,#2570,#2571);
#2569 = CARTESIAN_POINT('',(2.5,12.5,121.));
#2570 = DIRECTION('',(1.,0.,0.));
#2571 = DIRECTION('',(0.,0.,1.));
#2572 = ADVANCED_FACE('',(#2573),#2607,.T.);
#2573 = FACE_BOUND('',#2574,.T.);
#2574 = EDGE_LOOP('',(#2575,#2585,#2593,#2601));
#2575 = ORIENTED_EDGE('',*,*,#2576,.F.);
#2576 = EDGE_CURVE('',#2577,#2579,#2581,.T.);
#2577 = VERTEX_POINT('',#2578);
#2578 = CARTESIAN_POINT('',(12.5,12.5,121.));
#2579 = VERTEX_POINT('',#2580);
#2580 = CARTESIAN_POINT('',(12.5,12.5,123.));
#2581 = LINE('',#2582,#2583);
#2582 = CARTESIAN_POINT('',(12.5,12.5,121.));
#2583 = VECTOR('',#2584,1.);
#2584 = DIRECTION('',(0.,0.,1.));
#2585 = ORIENTED_EDGE('',*,*,#2586,.T.);
#2586 = EDGE_CURVE('',#2577,#2587,#2589,.T.);
#2587 = VERTEX_POINT('',#2588);
#2588 = CARTESIAN_POINT('',(12.5,262.5,121.));
#2589 = LINE('',#2590,#2591);
#2590 = CARTESIAN_POINT('',(12.5,12.5,121.));
#2591 = VECTOR('',#2592,1.);
#2592 = DIRECTION('',(0.,1.,0.));
#2593 = ORIENTED_EDGE('',*,*,#2594,.T.);
#2594 = EDGE_CURVE('',#2587,#2595,#2597,.T.);
#2595 = VERTEX_POINT('',#2596);
#2596 = CARTESIAN_POINT('',(12.5,262.5,123.));
#2597 = LINE('',#2598,#2599);
#2598 = CARTESIAN_POINT('',(12.5,262.5,121.));
#2599 = VECTOR('',#2600,1.);
#2600 = DIRECTION('',(0.,0.,1.));
#2601 = ORIENTED_EDGE('',*,*,#2602,.F.);
#2602 = EDGE_CURVE('',#2579,#2595,#2603,.T.);
#2603 = LINE('',#2604,#2605);
#2604 = CARTESIAN_POINT('',(12.5,12.5,123.));
#2605 = VECTOR('',#2606,1.);
#2606 = DIRECTION('',(0.,1.,0.));
#2607 = PLANE('',#2608);
#2608 = AXIS2_PLACEMENT_3D('',#2609,#2610,#2611);
#2609 = CARTESIAN_POINT('',(12.5,12.5,121.));
#2610 = DIRECTION('',(1.,0.,0.));
#2611 = DIRECTION('',(0.,0.,1.));
#2612 = ADVANCED_FACE('',(#2613),#2629,.F.);
#2613 = FACE_BOUND('',#2614,.F.);
#2614 = EDGE_LOOP('',(#2615,#2621,#2622,#2628));
#2615 = ORIENTED_EDGE('',*,*,#2616,.F.);
#2616 = EDGE_CURVE('',#2537,#2577,#2617,.T.);
#2617 = LINE('',#2618,#2619);
#2618 = CARTESIAN_POINT('',(2.5,12.5,121.));
#2619 = VECTOR('',#2620,1.);
#2620 = DIRECTION('',(1.,0.,0.));
#2621 = ORIENTED_EDGE('',*,*,#2536,.T.);
#2622 = ORIENTED_EDGE('',*,*,#2623,.T.);
#2623 = EDGE_CURVE('',#2539,#2579,#2624,.T.);
#2624 = LINE('',#2625,#2626);
#2625 = CARTESIAN_POINT('',(2.5,12.5,123.));
#2626 = VECTOR('',#2627,1.);
#2627 = DIRECTION('',(1.,0.,0.));
#2628 = ORIENTED_EDGE('',*,*,#2576,.F.);
#2629 = PLANE('',#2630);
#2630 = AXIS2_PLACEMENT_3D('',#2631,#2632,#2633);
#2631 = CARTESIAN_POINT('',(2.5,12.5,121.));
#2632 = DIRECTION('',(0.,1.,0.));
#2633 = DIRECTION('',(0.,0.,1.));
#2634 = ADVANCED_FACE('',(#2635),#2651,.T.);
#2635 = FACE_BOUND('',#2636,.T.);
#2636 = EDGE_LOOP('',(#2637,#2643,#2644,#2650));
#2637 = ORIENTED_EDGE('',*,*,#2638,.F.);
#2638 = EDGE_CURVE('',#2547,#2587,#2639,.T.);
#2639 = LINE('',#2640,#2641);
#2640 = CARTESIAN_POINT('',(2.5,262.5,121.));
#2641 = VECTOR('',#2642,1.);
#2642 = DIRECTION('',(1.,0.,0.));
#2643 = ORIENTED_EDGE('',*,*,#2554,.T.);
#2644 = ORIENTED_EDGE('',*,*,#2645,.T.);
#2645 = EDGE_CURVE('',#2555,#2595,#2646,.T.);
#2646 = LINE('',#2647,#2648);
#2647 = CARTESIAN_POINT('',(2.5,262.5,123.));
#2648 = VECTOR('',#2649,1.);
#2649 = DIRECTION('',(1.,0.,0.));
#2650 = ORIENTED_EDGE('',*,*,#2594,.F.);
#2651 = PLANE('',#2652);
#2652 = AXIS2_PLACEMENT_3D('',#2653,#2654,#2655);
#2653 = CARTESIAN_POINT('',(2.5,262.5,121.));
#2654 = DIRECTION('',(0.,1.,0.));
#2655 = DIRECTION('',(0.,0.,1.));
#2656 = ADVANCED_FACE('',(#2657),#2663,.F.);
#2657 = FACE_BOUND('',#2658,.F.);
#2658 = EDGE_LOOP('',(#2659,#2660,#2661,#2662));
#2659 = ORIENTED_EDGE('',*,*,#2546,.F.);
#2660 = ORIENTED_EDGE('',*,*,#2616,.T.);
#2661 = ORIENTED_EDGE('',*,*,#2586,.T.);
#2662 = ORIENTED_EDGE('',*,*,#2638,.F.);
#2663 = PLANE('',#2664);
#2664 = AXIS2_PLACEMENT_3D('',#2665,#2666,#2667);
#2665 = CARTESIAN_POINT('',(2.5,12.5,121.));
#2666 = DIRECTION('',(0.,0.,1.));
#2667 = DIRECTION('',(1.,0.,0.));
#2668 = ADVANCED_FACE('',(#2669),#2675,.T.);
#2669 = FACE_BOUND('',#2670,.T.);
#2670 = EDGE_LOOP('',(#2671,#2672,#2673,#2674));
#2671 = ORIENTED_EDGE('',*,*,#2562,.F.);
#2672 = ORIENTED_EDGE('',*,*,#2623,.T.);
#2673 = ORIENTED_EDGE('',*,*,#2602,.T.);
#2674 = ORIENTED_EDGE('',*,*,#2645,.F.);
#2675 = PLANE('',#2676);
#2676 = AXIS2_PLACEMENT_3D('',#2677,#2678,#2679);
#2677 = CARTESIAN_POINT('',(2.5,12.5,123.));
#2678 = DIRECTION('',(0.,0.,1.));
#2679 = DIRECTION('',(1.,0.,0.));
#2680 = MANIFOLD_SOLID_BREP('',#2681);
#2681 = CLOSED_SHELL('',(#2682,#2722,#2762,#2784,#2806,#2818));
#2682 = ADVANCED_FACE('',(#2683),#2717,.F.);
#2683 = FACE_BOUND('',#2684,.F.);
#2684 = EDGE_LOOP('',(#2685,#2695,#2703,#2711));
#2685 = ORIENTED_EDGE('',*,*,#2686,.F.);
#2686 = EDGE_CURVE('',#2687,#2689,#2691,.T.);
#2687 = VERTEX_POINT('',#2688);
#2688 = CARTESIAN_POINT('',(262.5,12.5,121.));
#2689 = VERTEX_POINT('',#2690);
#2690 = CARTESIAN_POINT('',(262.5,12.5,123.));
#2691 = LINE('',#2692,#2693);
#2692 = CARTESIAN_POINT('',(262.5,12.5,121.));
#2693 = VECTOR('',#2694,1.);
#2694 = DIRECTION('',(0.,0.,1.));
#2695 = ORIENTED_EDGE('',*,*,#2696,.T.);
#2696 = EDGE_CURVE('',#2687,#2697,#2699,.T.);
#2697 = VERTEX_POINT('',#2698);
#2698 = CARTESIAN_POINT('',(262.5,262.5,121.));
#2699 = LINE('',#2700,#2701);
#2700 = CARTESIAN_POINT('',(262.5,12.5,121.));
#2701 = VECTOR('',#2702,1.);
#2702 = DIRECTION('',(0.,1.,0.));
#2703 = ORIENTED_EDGE('',*,*,#2704,.T.);
#2704 = EDGE_CURVE('',#2697,#2705,#2707,.T.);
#2705 = VERTEX_POINT('',#2706);
#2706 = CARTESIAN_POINT('',(262.5,262.5,123.));
#2707 = LINE('',#2708,#2709);
#2708 = CARTESIAN_POINT('',(262.5,262.5,121.));
#2709 = VECTOR('',#2710,1.);
#2710 = DIRECTION('',(0.,0.,1.));
#2711 = ORIENTED_EDGE('',*,*,#2712,.F.);
#2712 = EDGE_CURVE('',#2689,#2705,#2713,.T.);
#2713 = LINE('',#2714,#2715);
#2714 = CARTESIAN_POINT('',(262.5,12.5,123.));
#2715 = VECTOR('',#2716,1.);
#2716 = DIRECTION('',(0.,1.,0.));
#2717 = PLANE('',#2718);
#2718 = AXIS2_PLACEMENT_3D('',#2719,#2720,#2721);
#2719 = CARTESIAN_POINT('',(262.5,12.5,121.));
#2720 = DIRECTION('',(1.,0.,0.));
#2721 = DIRECTION('',(0.,0.,1.));
#2722 = ADVANCED_FACE('',(#2723),#2757,.T.);
#2723 = FACE_BOUND('',#2724,.T.);
#2724 = EDGE_LOOP('',(#2725,#2735,#2743,#2751));
#2725 = ORIENTED_EDGE('',*,*,#2726,.F.);
#2726 = EDGE_CURVE('',#2727,#2729,#2731,.T.);
#2727 = VERTEX_POINT('',#2728);
#2728 = CARTESIAN_POINT('',(272.5,12.5,121.));
#2729 = VERTEX_POINT('',#2730);
#2730 = CARTESIAN_POINT('',(272.5,12.5,123.));
#2731 = LINE('',#2732,#2733);
#2732 = CARTESIAN_POINT('',(272.5,12.5,121.));
#2733 = VECTOR('',#2734,1.);
#2734 = DIRECTION('',(0.,0.,1.));
#2735 = ORIENTED_EDGE('',*,*,#2736,.T.);
#2736 = EDGE_CURVE('',#2727,#2737,#2739,.T.);
#2737 = VERTEX_POINT('',#2738);
#2738 = CARTESIAN_POINT('',(272.5,262.5,121.));
#2739 = LINE('',#2740,#2741);
#2740 = CARTESIAN_POINT('',(272.5,12.5,121.));
#2741 = VECTOR('',#2742,1.);
#2742 = DIRECTION('',(0.,1.,0.));
#2743 = ORIENTED_EDGE('',*,*,#2744,.T.);
#2744 = EDGE_CURVE('',#2737,#2745,#2747,.T.);
#2745 = VERTEX_POINT('',#2746);
#2746 = CARTESIAN_POINT('',(272.5,262.5,123.));
#2747 = LINE('',#2748,#2749);
#2748 = CARTESIAN_POINT('',(272.5,262.5,121.));
#2749 = VECTOR('',#2750,1.);
#2750 = DIRECTION('',(0.,0.,1.));
#2751 = ORIENTED_EDGE('',*,*,#2752,.F.);
#2752 = EDGE_CURVE('',#2729,#2745,#2753,.T.);
#2753 = LINE('',#2754,#2755);
#2754 = CARTESIAN_POINT('',(272.5,12.5,123.));
#2755 = VECTOR('',#2756,1.);
#2756 = DIRECTION('',(0.,1.,0.));
#2757 = PLANE('',#2758);
#2758 = AXIS2_PLACEMENT_3D('',#2759,#2760,#2761);
#2759 = CARTESIAN_POINT('',(272.5,12.5,121.));
#2760 = DIRECTION('',(1.,0.,0.));
#2761 = DIRECTION('',(0.,0.,1.));
#2762 = ADVANCED_FACE('',(#2763),#2779,.F.);
#2763 = FACE_BOUND('',#2764,.F.);
#2764 = EDGE_LOOP('',(#2765,#2771,#2772,#2778));
#2765 = ORIENTED_EDGE('',*,*,#2766,.F.);
#2766 = EDGE_CURVE('',#2687,#2727,#2767,.T.);
#2767 = LINE('',#2768,#2769);
#2768 = CARTESIAN_POINT('',(262.5,12.5,121.));
#2769 = VECTOR('',#2770,1.);
#2770 = DIRECTION('',(1.,0.,0.));
#2771 = ORIENTED_EDGE('',*,*,#2686,.T.);
#2772 = ORIENTED_EDGE('',*,*,#2773,.T.);
#2773 = EDGE_CURVE('',#2689,#2729,#2774,.T.);
#2774 = LINE('',#2775,#2776);
#2775 = CARTESIAN_POINT('',(262.5,12.5,123.));
#2776 = VECTOR('',#2777,1.);
#2777 = DIRECTION('',(1.,0.,0.));
#2778 = ORIENTED_EDGE('',*,*,#2726,.F.);
#2779 = PLANE('',#2780);
#2780 = AXIS2_PLACEMENT_3D('',#2781,#2782,#2783);
#2781 = CARTESIAN_POINT('',(262.5,12.5,121.));
#2782 = DIRECTION('',(0.,1.,0.));
#2783 = DIRECTION('',(0.,0.,1.));
#2784 = ADVANCED_FACE('',(#2785),#2801,.T.);
#2785 = FACE_BOUND('',#2786,.T.);
#2786 = EDGE_LOOP('',(#2787,#2793,#2794,#2800));
#2787 = ORIENTED_EDGE('',*,*,#2788,.F.);
#2788 = EDGE_CURVE('',#2697,#2737,#2789,.T.);
#2789 = LINE('',#2790,#2791);
#2790 = CARTESIAN_POINT('',(262.5,262.5,121.));
#2791 = VECTOR('',#2792,1.);
#2792 = DIRECTION('',(1.,0.,0.));
#2793 = ORIENTED_EDGE('',*,*,#2704,.T.);
#2794 = ORIENTED_EDGE('',*,*,#2795,.T.);
#2795 = EDGE_CURVE('',#2705,#2745,#2796,.T.);
#2796 = LINE('',#2797,#2798);
#2797 = CARTESIAN_POINT('',(262.5,262.5,123.));
#2798 = VECTOR('',#2799,1.);
#2799 = DIRECTION('',(1.,0.,0.));
#2800 = ORIENTED_EDGE('',*,*,#2744,.F.);
#2801 = PLANE('',#2802);
#2802 = AXIS2_PLACEMENT_3D('',#2803,#2804,#2805);
#2803 = CARTESIAN_POINT('',(262.5,262.5,121.));
#2804 = DIRECTION('',(0.,1.,0.));
#2805 = DIRECTION('',(0.,0.,1.));
#2806 = ADVANCED_FACE('',(#2807),#2813,.F.);
#2807 = FACE_BOUND('',#2808,.F.);
#2808 = EDGE_LOOP('',(#2809,#2810,#2811,#2812));
#2809 = ORIENTED_EDGE('',*,*,#2696,.F.);
#2810 = ORIENTED_EDGE('',*,*,#2766,.T.);
#2811 = ORIENTED_EDGE('',*,*,#2736,.T.);
#2812 = ORIENTED_EDGE('',*,*,#2788,.F.);
#2813 = PLANE('',#2814);
#2814 = AXIS2_PLACEMENT_3D('',#2815,#2816,#2817);
#2815 = CARTESIAN_POINT('',(262.5,12.5,121.));
#2816 = DIRECTION('',(0.,0.,1.));
#2817 = DIRECTION('',(1.,0.,0.));
#2818 = ADVANCED_FACE('',(#2819),#2825,.T.);
#2819 = FACE_BOUND('',#2820,.T.);
#2820 = EDGE_LOOP('',(#2821,#2822,#2823,#2824));
#2821 = ORIENTED_EDGE('',*,*,#2712,.F.);
#2822 = ORIENTED_EDGE('',*,*,#2773,.T.);
#2823 = ORIENTED_EDGE('',*,*,#2752,.T.);
#2824 = ORIENTED_EDGE('',*,*,#2795,.F.);
#2825 = PLANE('',#2826);
#2826 = AXIS2_PLACEMENT_3D('',#2827,#2828,#2829);
#2827 = CARTESIAN_POINT('',(262.5,12.5,123.));
#2828 = DIRECTION('',(0.,0.,1.));
#2829 = DIRECTION('',(1.,0.,0.));
#2830 = MANIFOLD_SOLID_BREP('',#2831);
#2831 = CLOSED_SHELL('',(#2832,#2872,#2912,#2934,#2956,#2968));
#2832 = ADVANCED_FACE('',(#2833),#2867,.F.);
#2833 = FACE_BOUND('',#2834,.F.);
#2834 = EDGE_LOOP('',(#2835,#2845,#2853,#2861));
#2835 = ORIENTED_EDGE('',*,*,#2836,.F.);
#2836 = EDGE_CURVE('',#2837,#2839,#2841,.T.);
#2837 = VERTEX_POINT('',#2838);
#2838 = CARTESIAN_POINT('',(93.,21.,90.));
#2839 = VERTEX_POINT('',#2840);
#2840 = CARTESIAN_POINT('',(93.,21.,104.));
#2841 = LINE('',#2842,#2843);
#2842 = CARTESIAN_POINT('',(93.,21.,90.));
#2843 = VECTOR('',#2844,1.);
#2844 = DIRECTION('',(0.,0.,1.));
#2845 = ORIENTED_EDGE('',*,*,#2846,.T.);
#2846 = EDGE_CURVE('',#2837,#2847,#2849,.T.);
#2847 = VERTEX_POINT('',#2848);
#2848 = CARTESIAN_POINT('',(93.,69.,90.));
#2849 = LINE('',#2850,#2851);
#2850 = CARTESIAN_POINT('',(93.,21.,90.));
#2851 = VECTOR('',#2852,1.);
#2852 = DIRECTION('',(0.,1.,0.));
#2853 = ORIENTED_EDGE('',*,*,#2854,.T.);
#2854 = EDGE_CURVE('',#2847,#2855,#2857,.T.);
#2855 = VERTEX_POINT('',#2856);
#2856 = CARTESIAN_POINT('',(93.,69.,104.));
#2857 = LINE('',#2858,#2859);
#2858 = CARTESIAN_POINT('',(93.,69.,90.));
#2859 = VECTOR('',#2860,1.);
#2860 = DIRECTION('',(0.,0.,1.));
#2861 = ORIENTED_EDGE('',*,*,#2862,.F.);
#2862 = EDGE_CURVE('',#2839,#2855,#2863,.T.);
#2863 = LINE('',#2864,#2865);
#2864 = CARTESIAN_POINT('',(93.,21.,104.));
#2865 = VECTOR('',#2866,1.);
#2866 = DIRECTION('',(0.,1.,0.));
#2867 = PLANE('',#2868);
#2868 = AXIS2_PLACEMENT_3D('',#2869,#2870,#2871);
#2869 = CARTESIAN_POINT('',(93.,21.,90.));
#2870 = DIRECTION('',(1.,0.,0.));
#2871 = DIRECTION('',(0.,0.,1.));
#2872 = ADVANCED_FACE('',(#2873),#2907,.T.);
#2873 = FACE_BOUND('',#2874,.T.);
#2874 = EDGE_LOOP('',(#2875,#2885,#2893,#2901));
#2875 = ORIENTED_EDGE('',*,*,#2876,.F.);
#2876 = EDGE_CURVE('',#2877,#2879,#2881,.T.);
#2877 = VERTEX_POINT('',#2878);
#2878 = CARTESIAN_POINT('',(108.,21.,90.));
#2879 = VERTEX_POINT('',#2880);
#2880 = CARTESIAN_POINT('',(108.,21.,104.));
#2881 = LINE('',#2882,#2883);
#2882 = CARTESIAN_POINT('',(108.,21.,90.));
#2883 = VECTOR('',#2884,1.);
#2884 = DIRECTION('',(0.,0.,1.));
#2885 = ORIENTED_EDGE('',*,*,#2886,.T.);
#2886 = EDGE_CURVE('',#2877,#2887,#2889,.T.);
#2887 = VERTEX_POINT('',#2888);
#2888 = CARTESIAN_POINT('',(108.,69.,90.));
#2889 = LINE('',#2890,#2891);
#2890 = CARTESIAN_POINT('',(108.,21.,90.));
#2891 = VECTOR('',#2892,1.);
#2892 = DIRECTION('',(0.,1.,0.));
#2893 = ORIENTED_EDGE('',*,*,#2894,.T.);
#2894 = EDGE_CURVE('',#2887,#2895,#2897,.T.);
#2895 = VERTEX_POINT('',#2896);
#2896 = CARTESIAN_POINT('',(108.,69.,104.));
#2897 = LINE('',#2898,#2899);
#2898 = CARTESIAN_POINT('',(108.,69.,90.));
#2899 = VECTOR('',#2900,1.);
#2900 = DIRECTION('',(0.,0.,1.));
#2901 = ORIENTED_EDGE('',*,*,#2902,.F.);
#2902 = EDGE_CURVE('',#2879,#2895,#2903,.T.);
#2903 = LINE('',#2904,#2905);
#2904 = CARTESIAN_POINT('',(108.,21.,104.));
#2905 = VECTOR('',#2906,1.);
#2906 = DIRECTION('',(0.,1.,0.));
#2907 = PLANE('',#2908);
#2908 = AXIS2_PLACEMENT_3D('',#2909,#2910,#2911);
#2909 = CARTESIAN_POINT('',(108.,21.,90.));
#2910 = DIRECTION('',(1.,0.,0.));
#2911 = DIRECTION('',(0.,0.,1.));
#2912 = ADVANCED_FACE('',(#2913),#2929,.F.);
#2913 = FACE_BOUND('',#2914,.F.);
#2914 = EDGE_LOOP('',(#2915,#2921,#2922,#2928));
#2915 = ORIENTED_EDGE('',*,*,#2916,.F.);
#2916 = EDGE_CURVE('',#2837,#2877,#2917,.T.);
#2917 = LINE('',#2918,#2919);
#2918 = CARTESIAN_POINT('',(93.,21.,90.));
#2919 = VECTOR('',#2920,1.);
#2920 = DIRECTION('',(1.,0.,0.));
#2921 = ORIENTED_EDGE('',*,*,#2836,.T.);
#2922 = ORIENTED_EDGE('',*,*,#2923,.T.);
#2923 = EDGE_CURVE('',#2839,#2879,#2924,.T.);
#2924 = LINE('',#2925,#2926);
#2925 = CARTESIAN_POINT('',(93.,21.,104.));
#2926 = VECTOR('',#2927,1.);
#2927 = DIRECTION('',(1.,0.,0.));
#2928 = ORIENTED_EDGE('',*,*,#2876,.F.);
#2929 = PLANE('',#2930);
#2930 = AXIS2_PLACEMENT_3D('',#2931,#2932,#2933);
#2931 = CARTESIAN_POINT('',(93.,21.,90.));
#2932 = DIRECTION('',(0.,1.,0.));
#2933 = DIRECTION('',(0.,0.,1.));
#2934 = ADVANCED_FACE('',(#2935),#2951,.T.);
#2935 = FACE_BOUND('',#2936,.T.);
#2936 = EDGE_LOOP('',(#2937,#2943,#2944,#2950));
#2937 = ORIENTED_EDGE('',*,*,#2938,.F.);
#2938 = EDGE_CURVE('',#2847,#2887,#2939,.T.);
#2939 = LINE('',#2940,#2941);
#2940 = CARTESIAN_POINT('',(93.,69.,90.));
#2941 = VECTOR('',#2942,1.);
#2942 = DIRECTION('',(1.,0.,0.));
#2943 = ORIENTED_EDGE('',*,*,#2854,.T.);
#2944 = ORIENTED_EDGE('',*,*,#2945,.T.);
#2945 = EDGE_CURVE('',#2855,#2895,#2946,.T.);
#2946 = LINE('',#2947,#2948);
#2947 = CARTESIAN_POINT('',(93.,69.,104.));
#2948 = VECTOR('',#2949,1.);
#2949 = DIRECTION('',(1.,0.,0.));
#2950 = ORIENTED_EDGE('',*,*,#2894,.F.);
#2951 = PLANE('',#2952);
#2952 = AXIS2_PLACEMENT_3D('',#2953,#2954,#2955);
#2953 = CARTESIAN_POINT('',(93.,69.,90.));
#2954 = DIRECTION('',(0.,1.,0.));
#2955 = DIRECTION('',(0.,0.,1.));
#2956 = ADVANCED_FACE('',(#2957),#2963,.F.);
#2957 = FACE_BOUND('',#2958,.F.);
#2958 = EDGE_LOOP('',(#2959,#2960,#2961,#2962));
#2959 = ORIENTED_EDGE('',*,*,#2846,.F.);
#2960 = ORIENTED_EDGE('',*,*,#2916,.T.);
#2961 = ORIENTED_EDGE('',*,*,#2886,.T.);
#2962 = ORIENTED_EDGE('',*,*,#2938,.F.);
#2963 = PLANE('',#2964);
#2964 = AXIS2_PLACEMENT_3D('',#2965,#2966,#2967);
#2965 = CARTESIAN_POINT('',(93.,21.,90.));
#2966 = DIRECTION('',(0.,0.,1.));
#2967 = DIRECTION('',(1.,0.,0.));
#2968 = ADVANCED_FACE('',(#2969),#2975,.T.);
#2969 = FACE_BOUND('',#2970,.T.);
#2970 = EDGE_LOOP('',(#2971,#2972,#2973,#2974));
#2971 = ORIENTED_EDGE('',*,*,#2862,.F.);
#2972 = ORIENTED_EDGE('',*,*,#2923,.T.);
#2973 = ORIENTED_EDGE('',*,*,#2902,.T.);
#2974 = ORIENTED_EDGE('',*,*,#2945,.F.);
#2975 = PLANE('',#2976);
#2976 = AXIS2_PLACEMENT_3D('',#2977,#2978,#2979);
#2977 = CARTESIAN_POINT('',(93.,21.,104.));
#2978 = DIRECTION('',(0.,0.,1.));
#2979 = DIRECTION('',(1.,0.,0.));
#2980 = MANIFOLD_SOLID_BREP('',#2981);
#2981 = CLOSED_SHELL('',(#2982,#3022,#3062,#3084,#3106,#3118));
#2982 = ADVANCED_FACE('',(#2983),#3017,.F.);
#2983 = FACE_BOUND('',#2984,.F.);
#2984 = EDGE_LOOP('',(#2985,#2995,#3003,#3011));
#2985 = ORIENTED_EDGE('',*,*,#2986,.F.);
#2986 = EDGE_CURVE('',#2987,#2989,#2991,.T.);
#2987 = VERTEX_POINT('',#2988);
#2988 = CARTESIAN_POINT('',(112.,15.,90.));
#2989 = VERTEX_POINT('',#2990);
#2990 = CARTESIAN_POINT('',(112.,15.,115.));
#2991 = LINE('',#2992,#2993);
#2992 = CARTESIAN_POINT('',(112.,15.,90.));
#2993 = VECTOR('',#2994,1.);
#2994 = DIRECTION('',(0.,0.,1.));
#2995 = ORIENTED_EDGE('',*,*,#2996,.T.);
#2996 = EDGE_CURVE('',#2987,#2997,#2999,.T.);
#2997 = VERTEX_POINT('',#2998);
#2998 = CARTESIAN_POINT('',(112.,31.,90.));
#2999 = LINE('',#3000,#3001);
#3000 = CARTESIAN_POINT('',(112.,15.,90.));
#3001 = VECTOR('',#3002,1.);
#3002 = DIRECTION('',(0.,1.,0.));
#3003 = ORIENTED_EDGE('',*,*,#3004,.T.);
#3004 = EDGE_CURVE('',#2997,#3005,#3007,.T.);
#3005 = VERTEX_POINT('',#3006);
#3006 = CARTESIAN_POINT('',(112.,31.,115.));
#3007 = LINE('',#3008,#3009);
#3008 = CARTESIAN_POINT('',(112.,31.,90.));
#3009 = VECTOR('',#3010,1.);
#3010 = DIRECTION('',(0.,0.,1.));
#3011 = ORIENTED_EDGE('',*,*,#3012,.F.);
#3012 = EDGE_CURVE('',#2989,#3005,#3013,.T.);
#3013 = LINE('',#3014,#3015);
#3014 = CARTESIAN_POINT('',(112.,15.,115.));
#3015 = VECTOR('',#3016,1.);
#3016 = DIRECTION('',(0.,1.,0.));
#3017 = PLANE('',#3018);
#3018 = AXIS2_PLACEMENT_3D('',#3019,#3020,#3021);
#3019 = CARTESIAN_POINT('',(112.,15.,90.));
#3020 = DIRECTION('',(1.,0.,0.));
#3021 = DIRECTION('',(0.,0.,1.));
#3022 = ADVANCED_FACE('',(#3023),#3057,.T.);
#3023 = FACE_BOUND('',#3024,.T.);
#3024 = EDGE_LOOP('',(#3025,#3035,#3043,#3051));
#3025 = ORIENTED_EDGE('',*,*,#3026,.F.);
#3026 = EDGE_CURVE('',#3027,#3029,#3031,.T.);
#3027 = VERTEX_POINT('',#3028);
#3028 = CARTESIAN_POINT('',(128.,15.,90.));
#3029 = VERTEX_POINT('',#3030);
#3030 = CARTESIAN_POINT('',(128.,15.,115.));
#3031 = LINE('',#3032,#3033);
#3032 = CARTESIAN_POINT('',(128.,15.,90.));
#3033 = VECTOR('',#3034,1.);
#3034 = DIRECTION('',(0.,0.,1.));
#3035 = ORIENTED_EDGE('',*,*,#3036,.T.);
#3036 = EDGE_CURVE('',#3027,#3037,#3039,.T.);
#3037 = VERTEX_POINT('',#3038);
#3038 = CARTESIAN_POINT('',(128.,31.,90.));
#3039 = LINE('',#3040,#3041);
#3040 = CARTESIAN_POINT('',(128.,15.,90.));
#3041 = VECTOR('',#3042,1.);
#3042 = DIRECTION('',(0.,1.,0.));
#3043 = ORIENTED_EDGE('',*,*,#3044,.T.);
#3044 = EDGE_CURVE('',#3037,#3045,#3047,.T.);
#3045 = VERTEX_POINT('',#3046);
#3046 = CARTESIAN_POINT('',(128.,31.,115.));
#3047 = LINE('',#3048,#3049);
#3048 = CARTESIAN_POINT('',(128.,31.,90.));
#3049 = VECTOR('',#3050,1.);
#3050 = DIRECTION('',(0.,0.,1.));
#3051 = ORIENTED_EDGE('',*,*,#3052,.F.);
#3052 = EDGE_CURVE('',#3029,#3045,#3053,.T.);
#3053 = LINE('',#3054,#3055);
#3054 = CARTESIAN_POINT('',(128.,15.,115.));
#3055 = VECTOR('',#3056,1.);
#3056 = DIRECTION('',(0.,1.,0.));
#3057 = PLANE('',#3058);
#3058 = AXIS2_PLACEMENT_3D('',#3059,#3060,#3061);
#3059 = CARTESIAN_POINT('',(128.,15.,90.));
#3060 = DIRECTION('',(1.,0.,0.));
#3061 = DIRECTION('',(0.,0.,1.));
#3062 = ADVANCED_FACE('',(#3063),#3079,.F.);
#3063 = FACE_BOUND('',#3064,.F.);
#3064 = EDGE_LOOP('',(#3065,#3071,#3072,#3078));
#3065 = ORIENTED_EDGE('',*,*,#3066,.F.);
#3066 = EDGE_CURVE('',#2987,#3027,#3067,.T.);
#3067 = LINE('',#3068,#3069);
#3068 = CARTESIAN_POINT('',(112.,15.,90.));
#3069 = VECTOR('',#3070,1.);
#3070 = DIRECTION('',(1.,0.,0.));
#3071 = ORIENTED_EDGE('',*,*,#2986,.T.);
#3072 = ORIENTED_EDGE('',*,*,#3073,.T.);
#3073 = EDGE_CURVE('',#2989,#3029,#3074,.T.);
#3074 = LINE('',#3075,#3076);
#3075 = CARTESIAN_POINT('',(112.,15.,115.));
#3076 = VECTOR('',#3077,1.);
#3077 = DIRECTION('',(1.,0.,0.));
#3078 = ORIENTED_EDGE('',*,*,#3026,.F.);
#3079 = PLANE('',#3080);
#3080 = AXIS2_PLACEMENT_3D('',#3081,#3082,#3083);
#3081 = CARTESIAN_POINT('',(112.,15.,90.));
#3082 = DIRECTION('',(0.,1.,0.));
#3083 = DIRECTION('',(0.,0.,1.));
#3084 = ADVANCED_FACE('',(#3085),#3101,.T.);
#3085 = FACE_BOUND('',#3086,.T.);
#3086 = EDGE_LOOP('',(#3087,#3093,#3094,#3100));
#3087 = ORIENTED_EDGE('',*,*,#3088,.F.);
#3088 = EDGE_CURVE('',#2997,#3037,#3089,.T.);
#3089 = LINE('',#3090,#3091);
#3090 = CARTESIAN_POINT('',(112.,31.,90.));
#3091 = VECTOR('',#3092,1.);
#3092 = DIRECTION('',(1.,0.,0.));
#3093 = ORIENTED_EDGE('',*,*,#3004,.T.);
#3094 = ORIENTED_EDGE('',*,*,#3095,.T.);
#3095 = EDGE_CURVE('',#3005,#3045,#3096,.T.);
#3096 = LINE('',#3097,#3098);
#3097 = CARTESIAN_POINT('',(112.,31.,115.));
#3098 = VECTOR('',#3099,1.);
#3099 = DIRECTION('',(1.,0.,0.));
#3100 = ORIENTED_EDGE('',*,*,#3044,.F.);
#3101 = PLANE('',#3102);
#3102 = AXIS2_PLACEMENT_3D('',#3103,#3104,#3105);
#3103 = CARTESIAN_POINT('',(112.,31.,90.));
#3104 = DIRECTION('',(0.,1.,0.));
#3105 = DIRECTION('',(0.,0.,1.));
#3106 = ADVANCED_FACE('',(#3107),#3113,.F.);
#3107 = FACE_BOUND('',#3108,.F.);
#3108 = EDGE_LOOP('',(#3109,#3110,#3111,#3112));
#3109 = ORIENTED_EDGE('',*,*,#2996,.F.);
#3110 = ORIENTED_EDGE('',*,*,#3066,.T.);
#3111 = ORIENTED_EDGE('',*,*,#3036,.T.);
#3112 = ORIENTED_EDGE('',*,*,#3088,.F.);
#3113 = PLANE('',#3114);
#3114 = AXIS2_PLACEMENT_3D('',#3115,#3116,#3117);
#3115 = CARTESIAN_POINT('',(112.,15.,90.));
#3116 = DIRECTION('',(0.,0.,1.));
#3117 = DIRECTION('',(1.,0.,0.));
#3118 = ADVANCED_FACE('',(#3119),#3125,.T.);
#3119 = FACE_BOUND('',#3120,.T.);
#3120 = EDGE_LOOP('',(#3121,#3122,#3123,#3124));
#3121 = ORIENTED_EDGE('',*,*,#3012,.F.);
#3122 = ORIENTED_EDGE('',*,*,#3073,.T.);
#3123 = ORIENTED_EDGE('',*,*,#3052,.T.);
#3124 = ORIENTED_EDGE('',*,*,#3095,.F.);
#3125 = PLANE('',#3126);
#3126 = AXIS2_PLACEMENT_3D('',#3127,#3128,#3129);
#3127 = CARTESIAN_POINT('',(112.,15.,115.));
#3128 = DIRECTION('',(0.,0.,1.));
#3129 = DIRECTION('',(1.,0.,0.));
#3130 = MANIFOLD_SOLID_BREP('',#3131);
#3131 = CLOSED_SHELL('',(#3132,#3172,#3212,#3234,#3256,#3268));
#3132 = ADVANCED_FACE('',(#3133),#3167,.F.);
#3133 = FACE_BOUND('',#3134,.F.);
#3134 = EDGE_LOOP('',(#3135,#3145,#3153,#3161));
#3135 = ORIENTED_EDGE('',*,*,#3136,.F.);
#3136 = EDGE_CURVE('',#3137,#3139,#3141,.T.);
#3137 = VERTEX_POINT('',#3138);
#3138 = CARTESIAN_POINT('',(109.,15.,119.));
#3139 = VERTEX_POINT('',#3140);
#3140 = CARTESIAN_POINT('',(109.,15.,131.));
#3141 = LINE('',#3142,#3143);
#3142 = CARTESIAN_POINT('',(109.,15.,119.));
#3143 = VECTOR('',#3144,1.);
#3144 = DIRECTION('',(0.,0.,1.));
#3145 = ORIENTED_EDGE('',*,*,#3146,.T.);
#3146 = EDGE_CURVE('',#3137,#3147,#3149,.T.);
#3147 = VERTEX_POINT('',#3148);
#3148 = CARTESIAN_POINT('',(109.,35.,119.));
#3149 = LINE('',#3150,#3151);
#3150 = CARTESIAN_POINT('',(109.,15.,119.));
#3151 = VECTOR('',#3152,1.);
#3152 = DIRECTION('',(0.,1.,0.));
#3153 = ORIENTED_EDGE('',*,*,#3154,.T.);
#3154 = EDGE_CURVE('',#3147,#3155,#3157,.T.);
#3155 = VERTEX_POINT('',#3156);
#3156 = CARTESIAN_POINT('',(109.,35.,131.));
#3157 = LINE('',#3158,#3159);
#3158 = CARTESIAN_POINT('',(109.,35.,119.));
#3159 = VECTOR('',#3160,1.);
#3160 = DIRECTION('',(0.,0.,1.));
#3161 = ORIENTED_EDGE('',*,*,#3162,.F.);
#3162 = EDGE_CURVE('',#3139,#3155,#3163,.T.);
#3163 = LINE('',#3164,#3165);
#3164 = CARTESIAN_POINT('',(109.,15.,131.));
#3165 = VECTOR('',#3166,1.);
#3166 = DIRECTION('',(0.,1.,0.));
#3167 = PLANE('',#3168);
#3168 = AXIS2_PLACEMENT_3D('',#3169,#3170,#3171);
#3169 = CARTESIAN_POINT('',(109.,15.,119.));
#3170 = DIRECTION('',(1.,0.,0.));
#3171 = DIRECTION('',(0.,0.,1.));
#3172 = ADVANCED_FACE('',(#3173),#3207,.T.);
#3173 = FACE_BOUND('',#3174,.T.);
#3174 = EDGE_LOOP('',(#3175,#3185,#3193,#3201));
#3175 = ORIENTED_EDGE('',*,*,#3176,.F.);
#3176 = EDGE_CURVE('',#3177,#3179,#3181,.T.);
#3177 = VERTEX_POINT('',#3178);
#3178 = CARTESIAN_POINT('',(139.,15.,119.));
#3179 = VERTEX_POINT('',#3180);
#3180 = CARTESIAN_POINT('',(139.,15.,131.));
#3181 = LINE('',#3182,#3183);
#3182 = CARTESIAN_POINT('',(139.,15.,119.));
#3183 = VECTOR('',#3184,1.);
#3184 = DIRECTION('',(0.,0.,1.));
#3185 = ORIENTED_EDGE('',*,*,#3186,.T.);
#3186 = EDGE_CURVE('',#3177,#3187,#3189,.T.);
#3187 = VERTEX_POINT('',#3188);
#3188 = CARTESIAN_POINT('',(139.,35.,119.));
#3189 = LINE('',#3190,#3191);
#3190 = CARTESIAN_POINT('',(139.,15.,119.));
#3191 = VECTOR('',#3192,1.);
#3192 = DIRECTION('',(0.,1.,0.));
#3193 = ORIENTED_EDGE('',*,*,#3194,.T.);
#3194 = EDGE_CURVE('',#3187,#3195,#3197,.T.);
#3195 = VERTEX_POINT('',#3196);
#3196 = CARTESIAN_POINT('',(139.,35.,131.));
#3197 = LINE('',#3198,#3199);
#3198 = CARTESIAN_POINT('',(139.,35.,119.));
#3199 = VECTOR('',#3200,1.);
#3200 = DIRECTION('',(0.,0.,1.));
#3201 = ORIENTED_EDGE('',*,*,#3202,.F.);
#3202 = EDGE_CURVE('',#3179,#3195,#3203,.T.);
#3203 = LINE('',#3204,#3205);
#3204 = CARTESIAN_POINT('',(139.,15.,131.));
#3205 = VECTOR('',#3206,1.);
#3206 = DIRECTION('',(0.,1.,0.));
#3207 = PLANE('',#3208);
#3208 = AXIS2_PLACEMENT_3D('',#3209,#3210,#3211);
#3209 = CARTESIAN_POINT('',(139.,15.,119.));
#3210 = DIRECTION('',(1.,0.,0.));
#3211 = DIRECTION('',(0.,0.,1.));
#3212 = ADVANCED_FACE('',(#3213),#3229,.F.);
#3213 = FACE_BOUND('',#3214,.F.);
#3214 = EDGE_LOOP('',(#3215,#3221,#3222,#3228));
#3215 = ORIENTED_EDGE('',*,*,#3216,.F.);
#3216 = EDGE_CURVE('',#3137,#3177,#3217,.T.);
#3217 = LINE('',#3218,#3219);
#3218 = CARTESIAN_POINT('',(109.,15.,119.));
#3219 = VECTOR('',#3220,1.);
#3220 = DIRECTION('',(1.,0.,0.));
#3221 = ORIENTED_EDGE('',*,*,#3136,.T.);
#3222 = ORIENTED_EDGE('',*,*,#3223,.T.);
#3223 = EDGE_CURVE('',#3139,#3179,#3224,.T.);
#3224 = LINE('',#3225,#3226);
#3225 = CARTESIAN_POINT('',(109.,15.,131.));
#3226 = VECTOR('',#3227,1.);
#3227 = DIRECTION('',(1.,0.,0.));
#3228 = ORIENTED_EDGE('',*,*,#3176,.F.);
#3229 = PLANE('',#3230);
#3230 = AXIS2_PLACEMENT_3D('',#3231,#3232,#3233);
#3231 = CARTESIAN_POINT('',(109.,15.,119.));
#3232 = DIRECTION('',(0.,1.,0.));
#3233 = DIRECTION('',(0.,0.,1.));
#3234 = ADVANCED_FACE('',(#3235),#3251,.T.);
#3235 = FACE_BOUND('',#3236,.T.);
#3236 = EDGE_LOOP('',(#3237,#3243,#3244,#3250));
#3237 = ORIENTED_EDGE('',*,*,#3238,.F.);
#3238 = EDGE_CURVE('',#3147,#3187,#3239,.T.);
#3239 = LINE('',#3240,#3241);
#3240 = CARTESIAN_POINT('',(109.,35.,119.));
#3241 = VECTOR('',#3242,1.);
#3242 = DIRECTION('',(1.,0.,0.));
#3243 = ORIENTED_EDGE('',*,*,#3154,.T.);
#3244 = ORIENTED_EDGE('',*,*,#3245,.T.);
#3245 = EDGE_CURVE('',#3155,#3195,#3246,.T.);
#3246 = LINE('',#3247,#3248);
#3247 = CARTESIAN_POINT('',(109.,35.,131.));
#3248 = VECTOR('',#3249,1.);
#3249 = DIRECTION('',(1.,0.,0.));
#3250 = ORIENTED_EDGE('',*,*,#3194,.F.);
#3251 = PLANE('',#3252);
#3252 = AXIS2_PLACEMENT_3D('',#3253,#3254,#3255);
#3253 = CARTESIAN_POINT('',(109.,35.,119.));
#3254 = DIRECTION('',(0.,1.,0.));
#3255 = DIRECTION('',(0.,0.,1.));
#3256 = ADVANCED_FACE('',(#3257),#3263,.F.);
#3257 = FACE_BOUND('',#3258,.F.);
#3258 = EDGE_LOOP('',(#3259,#3260,#3261,#3262));
#3259 = ORIENTED_EDGE('',*,*,#3146,.F.);
#3260 = ORIENTED_EDGE('',*,*,#3216,.T.);
#3261 = ORIENTED_EDGE('',*,*,#3186,.T.);
#3262 = ORIENTED_EDGE('',*,*,#3238,.F.);
#3263 = PLANE('',#3264);
#3264 = AXIS2_PLACEMENT_3D('',#3265,#3266,#3267);
#3265 = CARTESIAN_POINT('',(109.,15.,119.));
#3266 = DIRECTION('',(0.,0.,1.));
#3267 = DIRECTION('',(1.,0.,0.));
#3268 = ADVANCED_FACE('',(#3269),#3275,.T.);
#3269 = FACE_BOUND('',#3270,.T.);
#3270 = EDGE_LOOP('',(#3271,#3272,#3273,#3274));
#3271 = ORIENTED_EDGE('',*,*,#3162,.F.);
#3272 = ORIENTED_EDGE('',*,*,#3223,.T.);
#3273 = ORIENTED_EDGE('',*,*,#3202,.T.);
#3274 = ORIENTED_EDGE('',*,*,#3245,.F.);
#3275 = PLANE('',#3276);
#3276 = AXIS2_PLACEMENT_3D('',#3277,#3278,#3279);
#3277 = CARTESIAN_POINT('',(109.,15.,131.));
#3278 = DIRECTION('',(0.,0.,1.));
#3279 = DIRECTION('',(1.,0.,0.));
#3280 = MANIFOLD_SOLID_BREP('',#3281);
#3281 = CLOSED_SHELL('',(#3282,#3322,#3362,#3384,#3406,#3418));
#3282 = ADVANCED_FACE('',(#3283),#3317,.F.);
#3283 = FACE_BOUND('',#3284,.F.);
#3284 = EDGE_LOOP('',(#3285,#3295,#3303,#3311));
#3285 = ORIENTED_EDGE('',*,*,#3286,.F.);
#3286 = EDGE_CURVE('',#3287,#3289,#3291,.T.);
#3287 = VERTEX_POINT('',#3288);
#3288 = CARTESIAN_POINT('',(46.,88.,67.));
#3289 = VERTEX_POINT('',#3290);
#3290 = CARTESIAN_POINT('',(46.,88.,120.));
#3291 = LINE('',#3292,#3293);
#3292 = CARTESIAN_POINT('',(46.,88.,67.));
#3293 = VECTOR('',#3294,1.);
#3294 = DIRECTION('',(0.,0.,1.));
#3295 = ORIENTED_EDGE('',*,*,#3296,.T.);
#3296 = EDGE_CURVE('',#3287,#3297,#3299,.T.);
#3297 = VERTEX_POINT('',#3298);
#3298 = CARTESIAN_POINT('',(46.,150.,67.));
#3299 = LINE('',#3300,#3301);
#3300 = CARTESIAN_POINT('',(46.,88.,67.));
#3301 = VECTOR('',#3302,1.);
#3302 = DIRECTION('',(0.,1.,0.));
#3303 = ORIENTED_EDGE('',*,*,#3304,.T.);
#3304 = EDGE_CURVE('',#3297,#3305,#3307,.T.);
#3305 = VERTEX_POINT('',#3306);
#3306 = CARTESIAN_POINT('',(46.,150.,120.));
#3307 = LINE('',#3308,#3309);
#3308 = CARTESIAN_POINT('',(46.,150.,67.));
#3309 = VECTOR('',#3310,1.);
#3310 = DIRECTION('',(0.,0.,1.));
#3311 = ORIENTED_EDGE('',*,*,#3312,.F.);
#3312 = EDGE_CURVE('',#3289,#3305,#3313,.T.);
#3313 = LINE('',#3314,#3315);
#3314 = CARTESIAN_POINT('',(46.,88.,120.));
#3315 = VECTOR('',#3316,1.);
#3316 = DIRECTION('',(0.,1.,0.));
#3317 = PLANE('',#3318);
#3318 = AXIS2_PLACEMENT_3D('',#3319,#3320,#3321);
#3319 = CARTESIAN_POINT('',(46.,88.,67.));
#3320 = DIRECTION('',(1.,0.,0.));
#3321 = DIRECTION('',(0.,0.,1.));
#3322 = ADVANCED_FACE('',(#3323),#3357,.T.);
#3323 = FACE_BOUND('',#3324,.T.);
#3324 = EDGE_LOOP('',(#3325,#3335,#3343,#3351));
#3325 = ORIENTED_EDGE('',*,*,#3326,.F.);
#3326 = EDGE_CURVE('',#3327,#3329,#3331,.T.);
#3327 = VERTEX_POINT('',#3328);
#3328 = CARTESIAN_POINT('',(204.,88.,67.));
#3329 = VERTEX_POINT('',#3330);
#3330 = CARTESIAN_POINT('',(204.,88.,120.));
#3331 = LINE('',#3332,#3333);
#3332 = CARTESIAN_POINT('',(204.,88.,67.));
#3333 = VECTOR('',#3334,1.);
#3334 = DIRECTION('',(0.,0.,1.));
#3335 = ORIENTED_EDGE('',*,*,#3336,.T.);
#3336 = EDGE_CURVE('',#3327,#3337,#3339,.T.);
#3337 = VERTEX_POINT('',#3338);
#3338 = CARTESIAN_POINT('',(204.,150.,67.));
#3339 = LINE('',#3340,#3341);
#3340 = CARTESIAN_POINT('',(204.,88.,67.));
#3341 = VECTOR('',#3342,1.);
#3342 = DIRECTION('',(0.,1.,0.));
#3343 = ORIENTED_EDGE('',*,*,#3344,.T.);
#3344 = EDGE_CURVE('',#3337,#3345,#3347,.T.);
#3345 = VERTEX_POINT('',#3346);
#3346 = CARTESIAN_POINT('',(204.,150.,120.));
#3347 = LINE('',#3348,#3349);
#3348 = CARTESIAN_POINT('',(204.,150.,67.));
#3349 = VECTOR('',#3350,1.);
#3350 = DIRECTION('',(0.,0.,1.));
#3351 = ORIENTED_EDGE('',*,*,#3352,.F.);
#3352 = EDGE_CURVE('',#3329,#3345,#3353,.T.);
#3353 = LINE('',#3354,#3355);
#3354 = CARTESIAN_POINT('',(204.,88.,120.));
#3355 = VECTOR('',#3356,1.);
#3356 = DIRECTION('',(0.,1.,0.));
#3357 = PLANE('',#3358);
#3358 = AXIS2_PLACEMENT_3D('',#3359,#3360,#3361);
#3359 = CARTESIAN_POINT('',(204.,88.,67.));
#3360 = DIRECTION('',(1.,0.,0.));
#3361 = DIRECTION('',(0.,0.,1.));
#3362 = ADVANCED_FACE('',(#3363),#3379,.F.);
#3363 = FACE_BOUND('',#3364,.F.);
#3364 = EDGE_LOOP('',(#3365,#3371,#3372,#3378));
#3365 = ORIENTED_EDGE('',*,*,#3366,.F.);
#3366 = EDGE_CURVE('',#3287,#3327,#3367,.T.);
#3367 = LINE('',#3368,#3369);
#3368 = CARTESIAN_POINT('',(46.,88.,67.));
#3369 = VECTOR('',#3370,1.);
#3370 = DIRECTION('',(1.,0.,0.));
#3371 = ORIENTED_EDGE('',*,*,#3286,.T.);
#3372 = ORIENTED_EDGE('',*,*,#3373,.T.);
#3373 = EDGE_CURVE('',#3289,#3329,#3374,.T.);
#3374 = LINE('',#3375,#3376);
#3375 = CARTESIAN_POINT('',(46.,88.,120.));
#3376 = VECTOR('',#3377,1.);
#3377 = DIRECTION('',(1.,0.,0.));
#3378 = ORIENTED_EDGE('',*,*,#3326,.F.);
#3379 = PLANE('',#3380);
#3380 = AXIS2_PLACEMENT_3D('',#3381,#3382,#3383);
#3381 = CARTESIAN_POINT('',(46.,88.,67.));
#3382 = DIRECTION('',(0.,1.,0.));
#3383 = DIRECTION('',(0.,0.,1.));
#3384 = ADVANCED_FACE('',(#3385),#3401,.T.);
#3385 = FACE_BOUND('',#3386,.T.);
#3386 = EDGE_LOOP('',(#3387,#3393,#3394,#3400));
#3387 = ORIENTED_EDGE('',*,*,#3388,.F.);
#3388 = EDGE_CURVE('',#3297,#3337,#3389,.T.);
#3389 = LINE('',#3390,#3391);
#3390 = CARTESIAN_POINT('',(46.,150.,67.));
#3391 = VECTOR('',#3392,1.);
#3392 = DIRECTION('',(1.,0.,0.));
#3393 = ORIENTED_EDGE('',*,*,#3304,.T.);
#3394 = ORIENTED_EDGE('',*,*,#3395,.T.);
#3395 = EDGE_CURVE('',#3305,#3345,#3396,.T.);
#3396 = LINE('',#3397,#3398);
#3397 = CARTESIAN_POINT('',(46.,150.,120.));
#3398 = VECTOR('',#3399,1.);
#3399 = DIRECTION('',(1.,0.,0.));
#3400 = ORIENTED_EDGE('',*,*,#3344,.F.);
#3401 = PLANE('',#3402);
#3402 = AXIS2_PLACEMENT_3D('',#3403,#3404,#3405);
#3403 = CARTESIAN_POINT('',(46.,150.,67.));
#3404 = DIRECTION('',(0.,1.,0.));
#3405 = DIRECTION('',(0.,0.,1.));
#3406 = ADVANCED_FACE('',(#3407),#3413,.F.);
#3407 = FACE_BOUND('',#3408,.F.);
#3408 = EDGE_LOOP('',(#3409,#3410,#3411,#3412));
#3409 = ORIENTED_EDGE('',*,*,#3296,.F.);
#3410 = ORIENTED_EDGE('',*,*,#3366,.T.);
#3411 = ORIENTED_EDGE('',*,*,#3336,.T.);
#3412 = ORIENTED_EDGE('',*,*,#3388,.F.);
#3413 = PLANE('',#3414);
#3414 = AXIS2_PLACEMENT_3D('',#3415,#3416,#3417);
#3415 = CARTESIAN_POINT('',(46.,88.,67.));
#3416 = DIRECTION('',(0.,0.,1.));
#3417 = DIRECTION('',(1.,0.,0.));
#3418 = ADVANCED_FACE('',(#3419),#3425,.T.);
#3419 = FACE_BOUND('',#3420,.T.);
#3420 = EDGE_LOOP('',(#3421,#3422,#3423,#3424));
#3421 = ORIENTED_EDGE('',*,*,#3312,.F.);
#3422 = ORIENTED_EDGE('',*,*,#3373,.T.);
#3423 = ORIENTED_EDGE('',*,*,#3352,.T.);
#3424 = ORIENTED_EDGE('',*,*,#3395,.F.);
#3425 = PLANE('',#3426);
#3426 = AXIS2_PLACEMENT_3D('',#3427,#3428,#3429);
#3427 = CARTESIAN_POINT('',(46.,88.,120.));
#3428 = DIRECTION('',(0.,0.,1.));
#3429 = DIRECTION('',(1.,0.,0.));
#3430 = MANIFOLD_SOLID_BREP('',#3431);
#3431 = CLOSED_SHELL('',(#3432,#3472,#3512,#3534,#3556,#3568));
#3432 = ADVANCED_FACE('',(#3433),#3467,.F.);
#3433 = FACE_BOUND('',#3434,.F.);
#3434 = EDGE_LOOP('',(#3435,#3445,#3453,#3461));
#3435 = ORIENTED_EDGE('',*,*,#3436,.F.);
#3436 = EDGE_CURVE('',#3437,#3439,#3441,.T.);
#3437 = VERTEX_POINT('',#3438);
#3438 = CARTESIAN_POINT('',(206.,88.,67.));
#3439 = VERTEX_POINT('',#3440);
#3440 = CARTESIAN_POINT('',(206.,88.,120.));
#3441 = LINE('',#3442,#3443);
#3442 = CARTESIAN_POINT('',(206.,88.,67.));
#3443 = VECTOR('',#3444,1.);
#3444 = DIRECTION('',(0.,0.,1.));
#3445 = ORIENTED_EDGE('',*,*,#3446,.T.);
#3446 = EDGE_CURVE('',#3437,#3447,#3449,.T.);
#3447 = VERTEX_POINT('',#3448);
#3448 = CARTESIAN_POINT('',(206.,150.,67.));
#3449 = LINE('',#3450,#3451);
#3450 = CARTESIAN_POINT('',(206.,88.,67.));
#3451 = VECTOR('',#3452,1.);
#3452 = DIRECTION('',(0.,1.,0.));
#3453 = ORIENTED_EDGE('',*,*,#3454,.T.);
#3454 = EDGE_CURVE('',#3447,#3455,#3457,.T.);
#3455 = VERTEX_POINT('',#3456);
#3456 = CARTESIAN_POINT('',(206.,150.,120.));
#3457 = LINE('',#3458,#3459);
#3458 = CARTESIAN_POINT('',(206.,150.,67.));
#3459 = VECTOR('',#3460,1.);
#3460 = DIRECTION('',(0.,0.,1.));
#3461 = ORIENTED_EDGE('',*,*,#3462,.F.);
#3462 = EDGE_CURVE('',#3439,#3455,#3463,.T.);
#3463 = LINE('',#3464,#3465);
#3464 = CARTESIAN_POINT('',(206.,88.,120.));
#3465 = VECTOR('',#3466,1.);
#3466 = DIRECTION('',(0.,1.,0.));
#3467 = PLANE('',#3468);
#3468 = AXIS2_PLACEMENT_3D('',#3469,#3470,#3471);
#3469 = CARTESIAN_POINT('',(206.,88.,67.));
#3470 = DIRECTION('',(1.,0.,0.));
#3471 = DIRECTION('',(0.,0.,1.));
#3472 = ADVANCED_FACE('',(#3473),#3507,.T.);
#3473 = FACE_BOUND('',#3474,.T.);
#3474 = EDGE_LOOP('',(#3475,#3485,#3493,#3501));
#3475 = ORIENTED_EDGE('',*,*,#3476,.F.);
#3476 = EDGE_CURVE('',#3477,#3479,#3481,.T.);
#3477 = VERTEX_POINT('',#3478);
#3478 = CARTESIAN_POINT('',(222.,88.,67.));
#3479 = VERTEX_POINT('',#3480);
#3480 = CARTESIAN_POINT('',(222.,88.,120.));
#3481 = LINE('',#3482,#3483);
#3482 = CARTESIAN_POINT('',(222.,88.,67.));
#3483 = VECTOR('',#3484,1.);
#3484 = DIRECTION('',(0.,0.,1.));
#3485 = ORIENTED_EDGE('',*,*,#3486,.T.);
#3486 = EDGE_CURVE('',#3477,#3487,#3489,.T.);
#3487 = VERTEX_POINT('',#3488);
#3488 = CARTESIAN_POINT('',(222.,150.,67.));
#3489 = LINE('',#3490,#3491);
#3490 = CARTESIAN_POINT('',(222.,88.,67.));
#3491 = VECTOR('',#3492,1.);
#3492 = DIRECTION('',(0.,1.,0.));
#3493 = ORIENTED_EDGE('',*,*,#3494,.T.);
#3494 = EDGE_CURVE('',#3487,#3495,#3497,.T.);
#3495 = VERTEX_POINT('',#3496);
#3496 = CARTESIAN_POINT('',(222.,150.,120.));
#3497 = LINE('',#3498,#3499);
#3498 = CARTESIAN_POINT('',(222.,150.,67.));
#3499 = VECTOR('',#3500,1.);
#3500 = DIRECTION('',(0.,0.,1.));
#3501 = ORIENTED_EDGE('',*,*,#3502,.F.);
#3502 = EDGE_CURVE('',#3479,#3495,#3503,.T.);
#3503 = LINE('',#3504,#3505);
#3504 = CARTESIAN_POINT('',(222.,88.,120.));
#3505 = VECTOR('',#3506,1.);
#3506 = DIRECTION('',(0.,1.,0.));
#3507 = PLANE('',#3508);
#3508 = AXIS2_PLACEMENT_3D('',#3509,#3510,#3511);
#3509 = CARTESIAN_POINT('',(222.,88.,67.));
#3510 = DIRECTION('',(1.,0.,0.));
#3511 = DIRECTION('',(0.,0.,1.));
#3512 = ADVANCED_FACE('',(#3513),#3529,.F.);
#3513 = FACE_BOUND('',#3514,.F.);
#3514 = EDGE_LOOP('',(#3515,#3521,#3522,#3528));
#3515 = ORIENTED_EDGE('',*,*,#3516,.F.);
#3516 = EDGE_CURVE('',#3437,#3477,#3517,.T.);
#3517 = LINE('',#3518,#3519);
#3518 = CARTESIAN_POINT('',(206.,88.,67.));
#3519 = VECTOR('',#3520,1.);
#3520 = DIRECTION('',(1.,0.,0.));
#3521 = ORIENTED_EDGE('',*,*,#3436,.T.);
#3522 = ORIENTED_EDGE('',*,*,#3523,.T.);
#3523 = EDGE_CURVE('',#3439,#3479,#3524,.T.);
#3524 = LINE('',#3525,#3526);
#3525 = CARTESIAN_POINT('',(206.,88.,120.));
#3526 = VECTOR('',#3527,1.);
#3527 = DIRECTION('',(1.,0.,0.));
#3528 = ORIENTED_EDGE('',*,*,#3476,.F.);
#3529 = PLANE('',#3530);
#3530 = AXIS2_PLACEMENT_3D('',#3531,#3532,#3533);
#3531 = CARTESIAN_POINT('',(206.,88.,67.));
#3532 = DIRECTION('',(0.,1.,0.));
#3533 = DIRECTION('',(0.,0.,1.));
#3534 = ADVANCED_FACE('',(#3535),#3551,.T.);
#3535 = FACE_BOUND('',#3536,.T.);
#3536 = EDGE_LOOP('',(#3537,#3543,#3544,#3550));
#3537 = ORIENTED_EDGE('',*,*,#3538,.F.);
#3538 = EDGE_CURVE('',#3447,#3487,#3539,.T.);
#3539 = LINE('',#3540,#3541);
#3540 = CARTESIAN_POINT('',(206.,150.,67.));
#3541 = VECTOR('',#3542,1.);
#3542 = DIRECTION('',(1.,0.,0.));
#3543 = ORIENTED_EDGE('',*,*,#3454,.T.);
#3544 = ORIENTED_EDGE('',*,*,#3545,.T.);
#3545 = EDGE_CURVE('',#3455,#3495,#3546,.T.);
#3546 = LINE('',#3547,#3548);
#3547 = CARTESIAN_POINT('',(206.,150.,120.));
#3548 = VECTOR('',#3549,1.);
#3549 = DIRECTION('',(1.,0.,0.));
#3550 = ORIENTED_EDGE('',*,*,#3494,.F.);
#3551 = PLANE('',#3552);
#3552 = AXIS2_PLACEMENT_3D('',#3553,#3554,#3555);
#3553 = CARTESIAN_POINT('',(206.,150.,67.));
#3554 = DIRECTION('',(0.,1.,0.));
#3555 = DIRECTION('',(0.,0.,1.));
#3556 = ADVANCED_FACE('',(#3557),#3563,.F.);
#3557 = FACE_BOUND('',#3558,.F.);
#3558 = EDGE_LOOP('',(#3559,#3560,#3561,#3562));
#3559 = ORIENTED_EDGE('',*,*,#3446,.F.);
#3560 = ORIENTED_EDGE('',*,*,#3516,.T.);
#3561 = ORIENTED_EDGE('',*,*,#3486,.T.);
#3562 = ORIENTED_EDGE('',*,*,#3538,.F.);
#3563 = PLANE('',#3564);
#3564 = AXIS2_PLACEMENT_3D('',#3565,#3566,#3567);
#3565 = CARTESIAN_POINT('',(206.,88.,67.));
#3566 = DIRECTION('',(0.,0.,1.));
#3567 = DIRECTION('',(1.,0.,0.));
#3568 = ADVANCED_FACE('',(#3569),#3575,.T.);
#3569 = FACE_BOUND('',#3570,.T.);
#3570 = EDGE_LOOP('',(#3571,#3572,#3573,#3574));
#3571 = ORIENTED_EDGE('',*,*,#3462,.F.);
#3572 = ORIENTED_EDGE('',*,*,#3523,.T.);
#3573 = ORIENTED_EDGE('',*,*,#3502,.T.);
#3574 = ORIENTED_EDGE('',*,*,#3545,.F.);
#3575 = PLANE('',#3576);
#3576 = AXIS2_PLACEMENT_3D('',#3577,#3578,#3579);
#3577 = CARTESIAN_POINT('',(206.,88.,120.));
#3578 = DIRECTION('',(0.,0.,1.));
#3579 = DIRECTION('',(1.,0.,0.));
#3580 = MANIFOLD_SOLID_BREP('',#3581);
#3581 = CLOSED_SHELL('',(#3582,#3615,#3624));
#3582 = ADVANCED_FACE('',(#3583),#3610,.T.);
#3583 = FACE_BOUND('',#3584,.T.);
#3584 = EDGE_LOOP('',(#3585,#3594,#3602,#3609));
#3585 = ORIENTED_EDGE('',*,*,#3586,.F.);
#3586 = EDGE_CURVE('',#3587,#3587,#3589,.T.);
#3587 = VERTEX_POINT('',#3588);
#3588 = CARTESIAN_POINT('',(16.,14.,123.));
#3589 = CIRCLE('',#3590,2.);
#3590 = AXIS2_PLACEMENT_3D('',#3591,#3592,#3593);
#3591 = CARTESIAN_POINT('',(14.,14.,123.));
#3592 = DIRECTION('',(0.,0.,1.));
#3593 = DIRECTION('',(1.,0.,0.));
#3594 = ORIENTED_EDGE('',*,*,#3595,.F.);
#3595 = EDGE_CURVE('',#3596,#3587,#3598,.T.);
#3596 = VERTEX_POINT('',#3597);
#3597 = CARTESIAN_POINT('',(16.,14.,86.));
#3598 = LINE('',#3599,#3600);
#3599 = CARTESIAN_POINT('',(16.,14.,86.));
#3600 = VECTOR('',#3601,1.);
#3601 = DIRECTION('',(0.,0.,1.));
#3602 = ORIENTED_EDGE('',*,*,#3603,.T.);
#3603 = EDGE_CURVE('',#3596,#3596,#3604,.T.);
#3604 = CIRCLE('',#3605,2.);
#3605 = AXIS2_PLACEMENT_3D('',#3606,#3607,#3608);
#3606 = CARTESIAN_POINT('',(14.,14.,86.));
#3607 = DIRECTION('',(0.,0.,1.));
#3608 = DIRECTION('',(1.,0.,0.));
#3609 = ORIENTED_EDGE('',*,*,#3595,.T.);
#3610 = CYLINDRICAL_SURFACE('',#3611,2.);
#3611 = AXIS2_PLACEMENT_3D('',#3612,#3613,#3614);
#3612 = CARTESIAN_POINT('',(14.,14.,86.));
#3613 = DIRECTION('',(0.,0.,1.));
#3614 = DIRECTION('',(1.,0.,0.));
#3615 = ADVANCED_FACE('',(#3616),#3619,.T.);
#3616 = FACE_BOUND('',#3617,.T.);
#3617 = EDGE_LOOP('',(#3618));
#3618 = ORIENTED_EDGE('',*,*,#3586,.T.);
#3619 = PLANE('',#3620);
#3620 = AXIS2_PLACEMENT_3D('',#3621,#3622,#3623);
#3621 = CARTESIAN_POINT('',(14.,14.,123.));
#3622 = DIRECTION('',(0.,0.,1.));
#3623 = DIRECTION('',(1.,0.,0.));
#3624 = ADVANCED_FACE('',(#3625),#3628,.F.);
#3625 = FACE_BOUND('',#3626,.T.);
#3626 = EDGE_LOOP('',(#3627));
#3627 = ORIENTED_EDGE('',*,*,#3603,.F.);
#3628 = PLANE('',#3629);
#3629 = AXIS2_PLACEMENT_3D('',#3630,#3631,#3632);
#3630 = CARTESIAN_POINT('',(14.,14.,86.));
#3631 = DIRECTION('',(0.,0.,1.));
#3632 = DIRECTION('',(1.,0.,0.));
#3633 = MANIFOLD_SOLID_BREP('',#3634);
#3634 = CLOSED_SHELL('',(#3635,#3668,#3677));
#3635 = ADVANCED_FACE('',(#3636),#3663,.T.);
#3636 = FACE_BOUND('',#3637,.T.);
#3637 = EDGE_LOOP('',(#3638,#3647,#3655,#3662));
#3638 = ORIENTED_EDGE('',*,*,#3639,.F.);
#3639 = EDGE_CURVE('',#3640,#3640,#3642,.T.);
#3640 = VERTEX_POINT('',#3641);
#3641 = CARTESIAN_POINT('',(263.,14.,123.));
#3642 = CIRCLE('',#3643,2.);
#3643 = AXIS2_PLACEMENT_3D('',#3644,#3645,#3646);
#3644 = CARTESIAN_POINT('',(261.,14.,123.));
#3645 = DIRECTION('',(0.,0.,1.));
#3646 = DIRECTION('',(1.,0.,0.));
#3647 = ORIENTED_EDGE('',*,*,#3648,.F.);
#3648 = EDGE_CURVE('',#3649,#3640,#3651,.T.);
#3649 = VERTEX_POINT('',#3650);
#3650 = CARTESIAN_POINT('',(263.,14.,86.));
#3651 = LINE('',#3652,#3653);
#3652 = CARTESIAN_POINT('',(263.,14.,86.));
#3653 = VECTOR('',#3654,1.);
#3654 = DIRECTION('',(0.,0.,1.));
#3655 = ORIENTED_EDGE('',*,*,#3656,.T.);
#3656 = EDGE_CURVE('',#3649,#3649,#3657,.T.);
#3657 = CIRCLE('',#3658,2.);
#3658 = AXIS2_PLACEMENT_3D('',#3659,#3660,#3661);
#3659 = CARTESIAN_POINT('',(261.,14.,86.));
#3660 = DIRECTION('',(0.,0.,1.));
#3661 = DIRECTION('',(1.,0.,0.));
#3662 = ORIENTED_EDGE('',*,*,#3648,.T.);
#3663 = CYLINDRICAL_SURFACE('',#3664,2.);
#3664 = AXIS2_PLACEMENT_3D('',#3665,#3666,#3667);
#3665 = CARTESIAN_POINT('',(261.,14.,86.));
#3666 = DIRECTION('',(0.,0.,1.));
#3667 = DIRECTION('',(1.,0.,0.));
#3668 = ADVANCED_FACE('',(#3669),#3672,.T.);
#3669 = FACE_BOUND('',#3670,.T.);
#3670 = EDGE_LOOP('',(#3671));
#3671 = ORIENTED_EDGE('',*,*,#3639,.T.);
#3672 = PLANE('',#3673);
#3673 = AXIS2_PLACEMENT_3D('',#3674,#3675,#3676);
#3674 = CARTESIAN_POINT('',(261.,14.,123.));
#3675 = DIRECTION('',(0.,0.,1.));
#3676 = DIRECTION('',(1.,0.,0.));
#3677 = ADVANCED_FACE('',(#3678),#3681,.F.);
#3678 = FACE_BOUND('',#3679,.T.);
#3679 = EDGE_LOOP('',(#3680));
#3680 = ORIENTED_EDGE('',*,*,#3656,.F.);
#3681 = PLANE('',#3682);
#3682 = AXIS2_PLACEMENT_3D('',#3683,#3684,#3685);
#3683 = CARTESIAN_POINT('',(261.,14.,86.));
#3684 = DIRECTION('',(0.,0.,1.));
#3685 = DIRECTION('',(1.,0.,0.));
#3686 = MANIFOLD_SOLID_BREP('',#3687);
#3687 = CLOSED_SHELL('',(#3688,#3721,#3730));
#3688 = ADVANCED_FACE('',(#3689),#3716,.T.);
#3689 = FACE_BOUND('',#3690,.T.);
#3690 = EDGE_LOOP('',(#3691,#3700,#3708,#3715));
#3691 = ORIENTED_EDGE('',*,*,#3692,.F.);
#3692 = EDGE_CURVE('',#3693,#3693,#3695,.T.);
#3693 = VERTEX_POINT('',#3694);
#3694 = CARTESIAN_POINT('',(16.,261.,123.));
#3695 = CIRCLE('',#3696,2.);
#3696 = AXIS2_PLACEMENT_3D('',#3697,#3698,#3699);
#3697 = CARTESIAN_POINT('',(14.,261.,123.));
#3698 = DIRECTION('',(0.,0.,1.));
#3699 = DIRECTION('',(1.,0.,0.));
#3700 = ORIENTED_EDGE('',*,*,#3701,.F.);
#3701 = EDGE_CURVE('',#3702,#3693,#3704,.T.);
#3702 = VERTEX_POINT('',#3703);
#3703 = CARTESIAN_POINT('',(16.,261.,86.));
#3704 = LINE('',#3705,#3706);
#3705 = CARTESIAN_POINT('',(16.,261.,86.));
#3706 = VECTOR('',#3707,1.);
#3707 = DIRECTION('',(0.,0.,1.));
#3708 = ORIENTED_EDGE('',*,*,#3709,.T.);
#3709 = EDGE_CURVE('',#3702,#3702,#3710,.T.);
#3710 = CIRCLE('',#3711,2.);
#3711 = AXIS2_PLACEMENT_3D('',#3712,#3713,#3714);
#3712 = CARTESIAN_POINT('',(14.,261.,86.));
#3713 = DIRECTION('',(0.,0.,1.));
#3714 = DIRECTION('',(1.,0.,0.));
#3715 = ORIENTED_EDGE('',*,*,#3701,.T.);
#3716 = CYLINDRICAL_SURFACE('',#3717,2.);
#3717 = AXIS2_PLACEMENT_3D('',#3718,#3719,#3720);
#3718 = CARTESIAN_POINT('',(14.,261.,86.));
#3719 = DIRECTION('',(0.,0.,1.));
#3720 = DIRECTION('',(1.,0.,0.));
#3721 = ADVANCED_FACE('',(#3722),#3725,.T.);
#3722 = FACE_BOUND('',#3723,.T.);
#3723 = EDGE_LOOP('',(#3724));
#3724 = ORIENTED_EDGE('',*,*,#3692,.T.);
#3725 = PLANE('',#3726);
#3726 = AXIS2_PLACEMENT_3D('',#3727,#3728,#3729);
#3727 = CARTESIAN_POINT('',(14.,261.,123.));
#3728 = DIRECTION('',(0.,0.,1.));
#3729 = DIRECTION('',(1.,0.,0.));
#3730 = ADVANCED_FACE('',(#3731),#3734,.F.);
#3731 = FACE_BOUND('',#3732,.T.);
#3732 = EDGE_LOOP('',(#3733));
#3733 = ORIENTED_EDGE('',*,*,#3709,.F.);
#3734 = PLANE('',#3735);
#3735 = AXIS2_PLACEMENT_3D('',#3736,#3737,#3738);
#3736 = CARTESIAN_POINT('',(14.,261.,86.));
#3737 = DIRECTION('',(0.,0.,1.));
#3738 = DIRECTION('',(1.,0.,0.));
#3739 = MANIFOLD_SOLID_BREP('',#3740);
#3740 = CLOSED_SHELL('',(#3741,#3774,#3783));
#3741 = ADVANCED_FACE('',(#3742),#3769,.T.);
#3742 = FACE_BOUND('',#3743,.T.);
#3743 = EDGE_LOOP('',(#3744,#3753,#3761,#3768));
#3744 = ORIENTED_EDGE('',*,*,#3745,.F.);
#3745 = EDGE_CURVE('',#3746,#3746,#3748,.T.);
#3746 = VERTEX_POINT('',#3747);
#3747 = CARTESIAN_POINT('',(263.,261.,123.));
#3748 = CIRCLE('',#3749,2.);
#3749 = AXIS2_PLACEMENT_3D('',#3750,#3751,#3752);
#3750 = CARTESIAN_POINT('',(261.,261.,123.));
#3751 = DIRECTION('',(0.,0.,1.));
#3752 = DIRECTION('',(1.,0.,0.));
#3753 = ORIENTED_EDGE('',*,*,#3754,.F.);
#3754 = EDGE_CURVE('',#3755,#3746,#3757,.T.);
#3755 = VERTEX_POINT('',#3756);
#3756 = CARTESIAN_POINT('',(263.,261.,86.));
#3757 = LINE('',#3758,#3759);
#3758 = CARTESIAN_POINT('',(263.,261.,86.));
#3759 = VECTOR('',#3760,1.);
#3760 = DIRECTION('',(0.,0.,1.));
#3761 = ORIENTED_EDGE('',*,*,#3762,.T.);
#3762 = EDGE_CURVE('',#3755,#3755,#3763,.T.);
#3763 = CIRCLE('',#3764,2.);
#3764 = AXIS2_PLACEMENT_3D('',#3765,#3766,#3767);
#3765 = CARTESIAN_POINT('',(261.,261.,86.));
#3766 = DIRECTION('',(0.,0.,1.));
#3767 = DIRECTION('',(1.,0.,0.));
#3768 = ORIENTED_EDGE('',*,*,#3754,.T.);
#3769 = CYLINDRICAL_SURFACE('',#3770,2.);
#3770 = AXIS2_PLACEMENT_3D('',#3771,#3772,#3773);
#3771 = CARTESIAN_POINT('',(261.,261.,86.));
#3772 = DIRECTION('',(0.,0.,1.));
#3773 = DIRECTION('',(1.,0.,0.));
#3774 = ADVANCED_FACE('',(#3775),#3778,.T.);
#3775 = FACE_BOUND('',#3776,.T.);
#3776 = EDGE_LOOP('',(#3777));
#3777 = ORIENTED_EDGE('',*,*,#3745,.T.);
#3778 = PLANE('',#3779);
#3779 = AXIS2_PLACEMENT_3D('',#3780,#3781,#3782);
#3780 = CARTESIAN_POINT('',(261.,261.,123.));
#3781 = DIRECTION('',(0.,0.,1.));
#3782 = DIRECTION('',(1.,0.,0.));
#3783 = ADVANCED_FACE('',(#3784),#3787,.F.);
#3784 = FACE_BOUND('',#3785,.T.);
#3785 = EDGE_LOOP('',(#3786));
#3786 = ORIENTED_EDGE('',*,*,#3762,.F.);
#3787 = PLANE('',#3788);
#3788 = AXIS2_PLACEMENT_3D('',#3789,#3790,#3791);
#3789 = CARTESIAN_POINT('',(261.,261.,86.));
#3790 = DIRECTION('',(0.,0.,1.));
#3791 = DIRECTION('',(1.,0.,0.));
#3792 = GEOMETRIC_CURVE_SET('',(#3793));
#3793 = TRIMMED_CURVE('',#3794,(#3798,PARAMETER_VALUE(0.)),(#3799,
    PARAMETER_VALUE(46.)),.T.,.PARAMETER.);
#3794 = LINE('',#3795,#3796);
#3795 = CARTESIAN_POINT('',(28.,13.,87.));
#3796 = VECTOR('',#3797,1.);
#3797 = DIRECTION('',(0.,0.,1.));
#3798 = CARTESIAN_POINT('',(28.,13.,87.));
#3799 = CARTESIAN_POINT('',(28.,13.,133.));
#3800 = GEOMETRIC_CURVE_SET('',(#3801));
#3801 = TRIMMED_CURVE('',#3802,(#3806,PARAMETER_VALUE(0.)),(#3807,
    PARAMETER_VALUE(70.)),.T.,.PARAMETER.);
#3802 = LINE('',#3803,#3804);
#3803 = CARTESIAN_POINT('',(28.,13.,133.));
#3804 = VECTOR('',#3805,1.);
#3805 = DIRECTION('',(0.,1.,0.));
#3806 = CARTESIAN_POINT('',(28.,13.,133.));
#3807 = CARTESIAN_POINT('',(28.,83.,133.));
#3808 = GEOMETRIC_CURVE_SET('',(#3809));
#3809 = TRIMMED_CURVE('',#3810,(#3814,PARAMETER_VALUE(0.)),(#3815,
    PARAMETER_VALUE(46.)),.T.,.PARAMETER.);
#3810 = LINE('',#3811,#3812);
#3811 = CARTESIAN_POINT('',(28.,83.,87.));
#3812 = VECTOR('',#3813,1.);
#3813 = DIRECTION('',(0.,0.,1.));
#3814 = CARTESIAN_POINT('',(28.,83.,87.));
#3815 = CARTESIAN_POINT('',(28.,83.,133.));
#3816 = GEOMETRIC_CURVE_SET('',(#3817));
#3817 = TRIMMED_CURVE('',#3818,(#3822,PARAMETER_VALUE(0.)),(#3823,
    PARAMETER_VALUE(70.)),.T.,.PARAMETER.);
#3818 = LINE('',#3819,#3820);
#3819 = CARTESIAN_POINT('',(28.,13.,87.));
#3820 = VECTOR('',#3821,1.);
#3821 = DIRECTION('',(0.,1.,0.));
#3822 = CARTESIAN_POINT('',(28.,13.,87.));
#3823 = CARTESIAN_POINT('',(28.,83.,87.));
#3824 = GEOMETRIC_CURVE_SET('',(#3825));
#3825 = TRIMMED_CURVE('',#3826,(#3830,PARAMETER_VALUE(0.)),(#3831,
    PARAMETER_VALUE(46.)),.T.,.PARAMETER.);
#3826 = LINE('',#3827,#3828);
#3827 = CARTESIAN_POINT('',(141.,13.,87.));
#3828 = VECTOR('',#3829,1.);
#3829 = DIRECTION('',(0.,0.,1.));
#3830 = CARTESIAN_POINT('',(141.,13.,87.));
#3831 = CARTESIAN_POINT('',(141.,13.,133.));
#3832 = GEOMETRIC_CURVE_SET('',(#3833));
#3833 = TRIMMED_CURVE('',#3834,(#3838,PARAMETER_VALUE(0.)),(#3839,
    PARAMETER_VALUE(70.)),.T.,.PARAMETER.);
#3834 = LINE('',#3835,#3836);
#3835 = CARTESIAN_POINT('',(141.,13.,133.));
#3836 = VECTOR('',#3837,1.);
#3837 = DIRECTION('',(0.,1.,0.));
#3838 = CARTESIAN_POINT('',(141.,13.,133.));
#3839 = CARTESIAN_POINT('',(141.,83.,133.));
#3840 = GEOMETRIC_CURVE_SET('',(#3841));
#3841 = TRIMMED_CURVE('',#3842,(#3846,PARAMETER_VALUE(0.)),(#3847,
    PARAMETER_VALUE(46.)),.T.,.PARAMETER.);
#3842 = LINE('',#3843,#3844);
#3843 = CARTESIAN_POINT('',(141.,83.,87.));
#3844 = VECTOR('',#3845,1.);
#3845 = DIRECTION('',(0.,0.,1.));
#3846 = CARTESIAN_POINT('',(141.,83.,87.));
#3847 = CARTESIAN_POINT('',(141.,83.,133.));
#3848 = GEOMETRIC_CURVE_SET('',(#3849));
#3849 = TRIMMED_CURVE('',#3850,(#3854,PARAMETER_VALUE(0.)),(#3855,
    PARAMETER_VALUE(70.)),.T.,.PARAMETER.);
#3850 = LINE('',#3851,#3852);
#3851 = CARTESIAN_POINT('',(141.,13.,87.));
#3852 = VECTOR('',#3853,1.);
#3853 = DIRECTION('',(0.,1.,0.));
#3854 = CARTESIAN_POINT('',(141.,13.,87.));
#3855 = CARTESIAN_POINT('',(141.,83.,87.));
#3856 = GEOMETRIC_CURVE_SET('',(#3857));
#3857 = TRIMMED_CURVE('',#3858,(#3862,PARAMETER_VALUE(0.)),(#3863,
    PARAMETER_VALUE(113.)),.T.,.PARAMETER.);
#3858 = LINE('',#3859,#3860);
#3859 = CARTESIAN_POINT('',(28.,13.,87.));
#3860 = VECTOR('',#3861,1.);
#3861 = DIRECTION('',(1.,0.,0.));
#3862 = CARTESIAN_POINT('',(28.,13.,87.));
#3863 = CARTESIAN_POINT('',(141.,13.,87.));
#3864 = GEOMETRIC_CURVE_SET('',(#3865));
#3865 = TRIMMED_CURVE('',#3866,(#3870,PARAMETER_VALUE(0.)),(#3871,
    PARAMETER_VALUE(113.)),.T.,.PARAMETER.);
#3866 = LINE('',#3867,#3868);
#3867 = CARTESIAN_POINT('',(28.,13.,133.));
#3868 = VECTOR('',#3869,1.);
#3869 = DIRECTION('',(1.,0.,0.));
#3870 = CARTESIAN_POINT('',(28.,13.,133.));
#3871 = CARTESIAN_POINT('',(141.,13.,133.));
#3872 = GEOMETRIC_CURVE_SET('',(#3873));
#3873 = TRIMMED_CURVE('',#3874,(#3878,PARAMETER_VALUE(0.)),(#3879,
    PARAMETER_VALUE(113.)),.T.,.PARAMETER.);
#3874 = LINE('',#3875,#3876);
#3875 = CARTESIAN_POINT('',(28.,83.,87.));
#3876 = VECTOR('',#3877,1.);
#3877 = DIRECTION('',(1.,0.,0.));
#3878 = CARTESIAN_POINT('',(28.,83.,87.));
#3879 = CARTESIAN_POINT('',(141.,83.,87.));
#3880 = GEOMETRIC_CURVE_SET('',(#3881));
#3881 = TRIMMED_CURVE('',#3882,(#3886,PARAMETER_VALUE(0.)),(#3887,
    PARAMETER_VALUE(113.)),.T.,.PARAMETER.);
#3882 = LINE('',#3883,#3884);
#3883 = CARTESIAN_POINT('',(28.,83.,133.));
#3884 = VECTOR('',#3885,1.);
#3885 = DIRECTION('',(1.,0.,0.));
#3886 = CARTESIAN_POINT('',(28.,83.,133.));
#3887 = CARTESIAN_POINT('',(141.,83.,133.));
#3888 = GEOMETRIC_CURVE_SET('',(#3889));
#3889 = TRIMMED_CURVE('',#3890,(#3894,PARAMETER_VALUE(0.)),(#3895,
    PARAMETER_VALUE(34.)),.T.,.PARAMETER.);
#3890 = LINE('',#3891,#3892);
#3891 = CARTESIAN_POINT('',(144.,13.,87.));
#3892 = VECTOR('',#3893,1.);
#3893 = DIRECTION('',(0.,0.,1.));
#3894 = CARTESIAN_POINT('',(144.,13.,87.));
#3895 = CARTESIAN_POINT('',(144.,13.,121.));
#3896 = GEOMETRIC_CURVE_SET('',(#3897));
#3897 = TRIMMED_CURVE('',#3898,(#3902,PARAMETER_VALUE(0.)),(#3903,
    PARAMETER_VALUE(70.)),.T.,.PARAMETER.);
#3898 = LINE('',#3899,#3900);
#3899 = CARTESIAN_POINT('',(144.,13.,121.));
#3900 = VECTOR('',#3901,1.);
#3901 = DIRECTION('',(0.,1.,0.));
#3902 = CARTESIAN_POINT('',(144.,13.,121.));
#3903 = CARTESIAN_POINT('',(144.,83.,121.));
#3904 = GEOMETRIC_CURVE_SET('',(#3905));
#3905 = TRIMMED_CURVE('',#3906,(#3910,PARAMETER_VALUE(0.)),(#3911,
    PARAMETER_VALUE(34.)),.T.,.PARAMETER.);
#3906 = LINE('',#3907,#3908);
#3907 = CARTESIAN_POINT('',(144.,83.,87.));
#3908 = VECTOR('',#3909,1.);
#3909 = DIRECTION('',(0.,0.,1.));
#3910 = CARTESIAN_POINT('',(144.,83.,87.));
#3911 = CARTESIAN_POINT('',(144.,83.,121.));
#3912 = GEOMETRIC_CURVE_SET('',(#3913));
#3913 = TRIMMED_CURVE('',#3914,(#3918,PARAMETER_VALUE(0.)),(#3919,
    PARAMETER_VALUE(70.)),.T.,.PARAMETER.);
#3914 = LINE('',#3915,#3916);
#3915 = CARTESIAN_POINT('',(144.,13.,87.));
#3916 = VECTOR('',#3917,1.);
#3917 = DIRECTION('',(0.,1.,0.));
#3918 = CARTESIAN_POINT('',(144.,13.,87.));
#3919 = CARTESIAN_POINT('',(144.,83.,87.));
#3920 = GEOMETRIC_CURVE_SET('',(#3921));
#3921 = TRIMMED_CURVE('',#3922,(#3926,PARAMETER_VALUE(0.)),(#3927,
    PARAMETER_VALUE(34.)),.T.,.PARAMETER.);
#3922 = LINE('',#3923,#3924);
#3923 = CARTESIAN_POINT('',(248.,13.,87.));
#3924 = VECTOR('',#3925,1.);
#3925 = DIRECTION('',(0.,0.,1.));
#3926 = CARTESIAN_POINT('',(248.,13.,87.));
#3927 = CARTESIAN_POINT('',(248.,13.,121.));
#3928 = GEOMETRIC_CURVE_SET('',(#3929));
#3929 = TRIMMED_CURVE('',#3930,(#3934,PARAMETER_VALUE(0.)),(#3935,
    PARAMETER_VALUE(70.)),.T.,.PARAMETER.);
#3930 = LINE('',#3931,#3932);
#3931 = CARTESIAN_POINT('',(248.,13.,121.));
#3932 = VECTOR('',#3933,1.);
#3933 = DIRECTION('',(0.,1.,0.));
#3934 = CARTESIAN_POINT('',(248.,13.,121.));
#3935 = CARTESIAN_POINT('',(248.,83.,121.));
#3936 = GEOMETRIC_CURVE_SET('',(#3937));
#3937 = TRIMMED_CURVE('',#3938,(#3942,PARAMETER_VALUE(0.)),(#3943,
    PARAMETER_VALUE(34.)),.T.,.PARAMETER.);
#3938 = LINE('',#3939,#3940);
#3939 = CARTESIAN_POINT('',(248.,83.,87.));
#3940 = VECTOR('',#3941,1.);
#3941 = DIRECTION('',(0.,0.,1.));
#3942 = CARTESIAN_POINT('',(248.,83.,87.));
#3943 = CARTESIAN_POINT('',(248.,83.,121.));
#3944 = GEOMETRIC_CURVE_SET('',(#3945));
#3945 = TRIMMED_CURVE('',#3946,(#3950,PARAMETER_VALUE(0.)),(#3951,
    PARAMETER_VALUE(70.)),.T.,.PARAMETER.);
#3946 = LINE('',#3947,#3948);
#3947 = CARTESIAN_POINT('',(248.,13.,87.));
#3948 = VECTOR('',#3949,1.);
#3949 = DIRECTION('',(0.,1.,0.));
#3950 = CARTESIAN_POINT('',(248.,13.,87.));
#3951 = CARTESIAN_POINT('',(248.,83.,87.));
#3952 = GEOMETRIC_CURVE_SET('',(#3953));
#3953 = TRIMMED_CURVE('',#3954,(#3958,PARAMETER_VALUE(0.)),(#3959,
    PARAMETER_VALUE(104.)),.T.,.PARAMETER.);
#3954 = LINE('',#3955,#3956);
#3955 = CARTESIAN_POINT('',(144.,13.,87.));
#3956 = VECTOR('',#3957,1.);
#3957 = DIRECTION('',(1.,0.,0.));
#3958 = CARTESIAN_POINT('',(144.,13.,87.));
#3959 = CARTESIAN_POINT('',(248.,13.,87.));
#3960 = GEOMETRIC_CURVE_SET('',(#3961));
#3961 = TRIMMED_CURVE('',#3962,(#3966,PARAMETER_VALUE(0.)),(#3967,
    PARAMETER_VALUE(104.)),.T.,.PARAMETER.);
#3962 = LINE('',#3963,#3964);
#3963 = CARTESIAN_POINT('',(144.,13.,121.));
#3964 = VECTOR('',#3965,1.);
#3965 = DIRECTION('',(1.,0.,0.));
#3966 = CARTESIAN_POINT('',(144.,13.,121.));
#3967 = CARTESIAN_POINT('',(248.,13.,121.));
#3968 = GEOMETRIC_CURVE_SET('',(#3969));
#3969 = TRIMMED_CURVE('',#3970,(#3974,PARAMETER_VALUE(0.)),(#3975,
    PARAMETER_VALUE(104.)),.T.,.PARAMETER.);
#3970 = LINE('',#3971,#3972);
#3971 = CARTESIAN_POINT('',(144.,83.,87.));
#3972 = VECTOR('',#3973,1.);
#3973 = DIRECTION('',(1.,0.,0.));
#3974 = CARTESIAN_POINT('',(144.,83.,87.));
#3975 = CARTESIAN_POINT('',(248.,83.,87.));
#3976 = GEOMETRIC_CURVE_SET('',(#3977));
#3977 = TRIMMED_CURVE('',#3978,(#3982,PARAMETER_VALUE(0.)),(#3983,
    PARAMETER_VALUE(104.)),.T.,.PARAMETER.);
#3978 = LINE('',#3979,#3980);
#3979 = CARTESIAN_POINT('',(144.,83.,121.));
#3980 = VECTOR('',#3981,1.);
#3981 = DIRECTION('',(1.,0.,0.));
#3982 = CARTESIAN_POINT('',(144.,83.,121.));
#3983 = CARTESIAN_POINT('',(248.,83.,121.));
#3984 = GEOMETRIC_CURVE_SET('',(#3985));
#3985 = TRIMMED_CURVE('',#3986,(#3990,PARAMETER_VALUE(0.)),(#3991,
    PARAMETER_VALUE(31.)),.T.,.PARAMETER.);
#3986 = LINE('',#3987,#3988);
#3987 = CARTESIAN_POINT('',(109.,2.,54.));
#3988 = VECTOR('',#3989,1.);
#3989 = DIRECTION('',(0.,0.,1.));
#3990 = CARTESIAN_POINT('',(109.,2.,54.));
#3991 = CARTESIAN_POINT('',(109.,2.,85.));
#3992 = GEOMETRIC_CURVE_SET('',(#3993));
#3993 = TRIMMED_CURVE('',#3994,(#3998,PARAMETER_VALUE(0.)),(#3999,
    PARAMETER_VALUE(26.)),.T.,.PARAMETER.);
#3994 = LINE('',#3995,#3996);
#3995 = CARTESIAN_POINT('',(109.,2.,85.));
#3996 = VECTOR('',#3997,1.);
#3997 = DIRECTION('',(0.,1.,0.));
#3998 = CARTESIAN_POINT('',(109.,2.,85.));
#3999 = CARTESIAN_POINT('',(109.,28.,85.));
#4000 = GEOMETRIC_CURVE_SET('',(#4001));
#4001 = TRIMMED_CURVE('',#4002,(#4006,PARAMETER_VALUE(0.)),(#4007,
    PARAMETER_VALUE(31.)),.T.,.PARAMETER.);
#4002 = LINE('',#4003,#4004);
#4003 = CARTESIAN_POINT('',(109.,28.,54.));
#4004 = VECTOR('',#4005,1.);
#4005 = DIRECTION('',(0.,0.,1.));
#4006 = CARTESIAN_POINT('',(109.,28.,54.));
#4007 = CARTESIAN_POINT('',(109.,28.,85.));
#4008 = GEOMETRIC_CURVE_SET('',(#4009));
#4009 = TRIMMED_CURVE('',#4010,(#4014,PARAMETER_VALUE(0.)),(#4015,
    PARAMETER_VALUE(26.)),.T.,.PARAMETER.);
#4010 = LINE('',#4011,#4012);
#4011 = CARTESIAN_POINT('',(109.,2.,54.));
#4012 = VECTOR('',#4013,1.);
#4013 = DIRECTION('',(0.,1.,0.));
#4014 = CARTESIAN_POINT('',(109.,2.,54.));
#4015 = CARTESIAN_POINT('',(109.,28.,54.));
#4016 = GEOMETRIC_CURVE_SET('',(#4017));
#4017 = TRIMMED_CURVE('',#4018,(#4022,PARAMETER_VALUE(0.)),(#4023,
    PARAMETER_VALUE(31.)),.T.,.PARAMETER.);
#4018 = LINE('',#4019,#4020);
#4019 = CARTESIAN_POINT('',(213.,2.,54.));
#4020 = VECTOR('',#4021,1.);
#4021 = DIRECTION('',(0.,0.,1.));
#4022 = CARTESIAN_POINT('',(213.,2.,54.));
#4023 = CARTESIAN_POINT('',(213.,2.,85.));
#4024 = GEOMETRIC_CURVE_SET('',(#4025));
#4025 = TRIMMED_CURVE('',#4026,(#4030,PARAMETER_VALUE(0.)),(#4031,
    PARAMETER_VALUE(26.)),.T.,.PARAMETER.);
#4026 = LINE('',#4027,#4028);
#4027 = CARTESIAN_POINT('',(213.,2.,85.));
#4028 = VECTOR('',#4029,1.);
#4029 = DIRECTION('',(0.,1.,0.));
#4030 = CARTESIAN_POINT('',(213.,2.,85.));
#4031 = CARTESIAN_POINT('',(213.,28.,85.));
#4032 = GEOMETRIC_CURVE_SET('',(#4033));
#4033 = TRIMMED_CURVE('',#4034,(#4038,PARAMETER_VALUE(0.)),(#4039,
    PARAMETER_VALUE(31.)),.T.,.PARAMETER.);
#4034 = LINE('',#4035,#4036);
#4035 = CARTESIAN_POINT('',(213.,28.,54.));
#4036 = VECTOR('',#4037,1.);
#4037 = DIRECTION('',(0.,0.,1.));
#4038 = CARTESIAN_POINT('',(213.,28.,54.));
#4039 = CARTESIAN_POINT('',(213.,28.,85.));
#4040 = GEOMETRIC_CURVE_SET('',(#4041));
#4041 = TRIMMED_CURVE('',#4042,(#4046,PARAMETER_VALUE(0.)),(#4047,
    PARAMETER_VALUE(26.)),.T.,.PARAMETER.);
#4042 = LINE('',#4043,#4044);
#4043 = CARTESIAN_POINT('',(213.,2.,54.));
#4044 = VECTOR('',#4045,1.);
#4045 = DIRECTION('',(0.,1.,0.));
#4046 = CARTESIAN_POINT('',(213.,2.,54.));
#4047 = CARTESIAN_POINT('',(213.,28.,54.));
#4048 = GEOMETRIC_CURVE_SET('',(#4049));
#4049 = TRIMMED_CURVE('',#4050,(#4054,PARAMETER_VALUE(0.)),(#4055,
    PARAMETER_VALUE(104.)),.T.,.PARAMETER.);
#4050 = LINE('',#4051,#4052);
#4051 = CARTESIAN_POINT('',(109.,2.,54.));
#4052 = VECTOR('',#4053,1.);
#4053 = DIRECTION('',(1.,0.,0.));
#4054 = CARTESIAN_POINT('',(109.,2.,54.));
#4055 = CARTESIAN_POINT('',(213.,2.,54.));
#4056 = GEOMETRIC_CURVE_SET('',(#4057));
#4057 = TRIMMED_CURVE('',#4058,(#4062,PARAMETER_VALUE(0.)),(#4063,
    PARAMETER_VALUE(104.)),.T.,.PARAMETER.);
#4058 = LINE('',#4059,#4060);
#4059 = CARTESIAN_POINT('',(109.,2.,85.));
#4060 = VECTOR('',#4061,1.);
#4061 = DIRECTION('',(1.,0.,0.));
#4062 = CARTESIAN_POINT('',(109.,2.,85.));
#4063 = CARTESIAN_POINT('',(213.,2.,85.));
#4064 = GEOMETRIC_CURVE_SET('',(#4065));
#4065 = TRIMMED_CURVE('',#4066,(#4070,PARAMETER_VALUE(0.)),(#4071,
    PARAMETER_VALUE(104.)),.T.,.PARAMETER.);
#4066 = LINE('',#4067,#4068);
#4067 = CARTESIAN_POINT('',(109.,28.,54.));
#4068 = VECTOR('',#4069,1.);
#4069 = DIRECTION('',(1.,0.,0.));
#4070 = CARTESIAN_POINT('',(109.,28.,54.));
#4071 = CARTESIAN_POINT('',(213.,28.,54.));
#4072 = GEOMETRIC_CURVE_SET('',(#4073));
#4073 = TRIMMED_CURVE('',#4074,(#4078,PARAMETER_VALUE(0.)),(#4079,
    PARAMETER_VALUE(104.)),.T.,.PARAMETER.);
#4074 = LINE('',#4075,#4076);
#4075 = CARTESIAN_POINT('',(109.,28.,85.));
#4076 = VECTOR('',#4077,1.);
#4077 = DIRECTION('',(1.,0.,0.));
#4078 = CARTESIAN_POINT('',(109.,28.,85.));
#4079 = CARTESIAN_POINT('',(213.,28.,85.));
#4080 = GEOMETRIC_CURVE_SET('',(#4081));
#4081 = TRIMMED_CURVE('',#4082,(#4086,PARAMETER_VALUE(0.)),(#4087,
    PARAMETER_VALUE(32.)),.T.,.PARAMETER.);
#4082 = LINE('',#4083,#4084);
#4083 = CARTESIAN_POINT('',(13.,96.,89.));
#4084 = VECTOR('',#4085,1.);
#4085 = DIRECTION('',(0.,0.,1.));
#4086 = CARTESIAN_POINT('',(13.,96.,89.));
#4087 = CARTESIAN_POINT('',(13.,96.,121.));
#4088 = GEOMETRIC_CURVE_SET('',(#4089));
#4089 = TRIMMED_CURVE('',#4090,(#4094,PARAMETER_VALUE(0.)),(#4095,
    PARAMETER_VALUE(58.)),.T.,.PARAMETER.);
#4090 = LINE('',#4091,#4092);
#4091 = CARTESIAN_POINT('',(13.,96.,121.));
#4092 = VECTOR('',#4093,1.);
#4093 = DIRECTION('',(0.,1.,0.));
#4094 = CARTESIAN_POINT('',(13.,96.,121.));
#4095 = CARTESIAN_POINT('',(13.,154.,121.));
#4096 = GEOMETRIC_CURVE_SET('',(#4097));
#4097 = TRIMMED_CURVE('',#4098,(#4102,PARAMETER_VALUE(0.)),(#4103,
    PARAMETER_VALUE(32.)),.T.,.PARAMETER.);
#4098 = LINE('',#4099,#4100);
#4099 = CARTESIAN_POINT('',(13.,154.,89.));
#4100 = VECTOR('',#4101,1.);
#4101 = DIRECTION('',(0.,0.,1.));
#4102 = CARTESIAN_POINT('',(13.,154.,89.));
#4103 = CARTESIAN_POINT('',(13.,154.,121.));
#4104 = GEOMETRIC_CURVE_SET('',(#4105));
#4105 = TRIMMED_CURVE('',#4106,(#4110,PARAMETER_VALUE(0.)),(#4111,
    PARAMETER_VALUE(58.)),.T.,.PARAMETER.);
#4106 = LINE('',#4107,#4108);
#4107 = CARTESIAN_POINT('',(13.,96.,89.));
#4108 = VECTOR('',#4109,1.);
#4109 = DIRECTION('',(0.,1.,0.));
#4110 = CARTESIAN_POINT('',(13.,96.,89.));
#4111 = CARTESIAN_POINT('',(13.,154.,89.));
#4112 = GEOMETRIC_CURVE_SET('',(#4113));
#4113 = TRIMMED_CURVE('',#4114,(#4118,PARAMETER_VALUE(0.)),(#4119,
    PARAMETER_VALUE(32.)),.T.,.PARAMETER.);
#4114 = LINE('',#4115,#4116);
#4115 = CARTESIAN_POINT('',(41.,96.,89.));
#4116 = VECTOR('',#4117,1.);
#4117 = DIRECTION('',(0.,0.,1.));
#4118 = CARTESIAN_POINT('',(41.,96.,89.));
#4119 = CARTESIAN_POINT('',(41.,96.,121.));
#4120 = GEOMETRIC_CURVE_SET('',(#4121));
#4121 = TRIMMED_CURVE('',#4122,(#4126,PARAMETER_VALUE(0.)),(#4127,
    PARAMETER_VALUE(58.)),.T.,.PARAMETER.);
#4122 = LINE('',#4123,#4124);
#4123 = CARTESIAN_POINT('',(41.,96.,121.));
#4124 = VECTOR('',#4125,1.);
#4125 = DIRECTION('',(0.,1.,0.));
#4126 = CARTESIAN_POINT('',(41.,96.,121.));
#4127 = CARTESIAN_POINT('',(41.,154.,121.));
#4128 = GEOMETRIC_CURVE_SET('',(#4129));
#4129 = TRIMMED_CURVE('',#4130,(#4134,PARAMETER_VALUE(0.)),(#4135,
    PARAMETER_VALUE(32.)),.T.,.PARAMETER.);
#4130 = LINE('',#4131,#4132);
#4131 = CARTESIAN_POINT('',(41.,154.,89.));
#4132 = VECTOR('',#4133,1.);
#4133 = DIRECTION('',(0.,0.,1.));
#4134 = CARTESIAN_POINT('',(41.,154.,89.));
#4135 = CARTESIAN_POINT('',(41.,154.,121.));
#4136 = GEOMETRIC_CURVE_SET('',(#4137));
#4137 = TRIMMED_CURVE('',#4138,(#4142,PARAMETER_VALUE(0.)),(#4143,
    PARAMETER_VALUE(58.)),.T.,.PARAMETER.);
#4138 = LINE('',#4139,#4140);
#4139 = CARTESIAN_POINT('',(41.,96.,89.));
#4140 = VECTOR('',#4141,1.);
#4141 = DIRECTION('',(0.,1.,0.));
#4142 = CARTESIAN_POINT('',(41.,96.,89.));
#4143 = CARTESIAN_POINT('',(41.,154.,89.));
#4144 = GEOMETRIC_CURVE_SET('',(#4145));
#4145 = TRIMMED_CURVE('',#4146,(#4150,PARAMETER_VALUE(0.)),(#4151,
    PARAMETER_VALUE(28.)),.T.,.PARAMETER.);
#4146 = LINE('',#4147,#4148);
#4147 = CARTESIAN_POINT('',(13.,96.,89.));
#4148 = VECTOR('',#4149,1.);
#4149 = DIRECTION('',(1.,0.,0.));
#4150 = CARTESIAN_POINT('',(13.,96.,89.));
#4151 = CARTESIAN_POINT('',(41.,96.,89.));
#4152 = GEOMETRIC_CURVE_SET('',(#4153));
#4153 = TRIMMED_CURVE('',#4154,(#4158,PARAMETER_VALUE(0.)),(#4159,
    PARAMETER_VALUE(28.)),.T.,.PARAMETER.);
#4154 = LINE('',#4155,#4156);
#4155 = CARTESIAN_POINT('',(13.,96.,121.));
#4156 = VECTOR('',#4157,1.);
#4157 = DIRECTION('',(1.,0.,0.));
#4158 = CARTESIAN_POINT('',(13.,96.,121.));
#4159 = CARTESIAN_POINT('',(41.,96.,121.));
#4160 = GEOMETRIC_CURVE_SET('',(#4161));
#4161 = TRIMMED_CURVE('',#4162,(#4166,PARAMETER_VALUE(0.)),(#4167,
    PARAMETER_VALUE(28.)),.T.,.PARAMETER.);
#4162 = LINE('',#4163,#4164);
#4163 = CARTESIAN_POINT('',(13.,154.,89.));
#4164 = VECTOR('',#4165,1.);
#4165 = DIRECTION('',(1.,0.,0.));
#4166 = CARTESIAN_POINT('',(13.,154.,89.));
#4167 = CARTESIAN_POINT('',(41.,154.,89.));
#4168 = GEOMETRIC_CURVE_SET('',(#4169));
#4169 = TRIMMED_CURVE('',#4170,(#4174,PARAMETER_VALUE(0.)),(#4175,
    PARAMETER_VALUE(28.)),.T.,.PARAMETER.);
#4170 = LINE('',#4171,#4172);
#4171 = CARTESIAN_POINT('',(13.,154.,121.));
#4172 = VECTOR('',#4173,1.);
#4173 = DIRECTION('',(1.,0.,0.));
#4174 = CARTESIAN_POINT('',(13.,154.,121.));
#4175 = CARTESIAN_POINT('',(41.,154.,121.));
#4176 = GEOMETRIC_CURVE_SET('',(#4177));
#4177 = TRIMMED_CURVE('',#4178,(#4182,PARAMETER_VALUE(0.)),(#4183,
    PARAMETER_VALUE(55.)),.T.,.PARAMETER.);
#4178 = LINE('',#4179,#4180);
#4179 = CARTESIAN_POINT('',(44.,86.,66.));
#4180 = VECTOR('',#4181,1.);
#4181 = DIRECTION('',(0.,0.,1.));
#4182 = CARTESIAN_POINT('',(44.,86.,66.));
#4183 = CARTESIAN_POINT('',(44.,86.,121.));
#4184 = GEOMETRIC_CURVE_SET('',(#4185));
#4185 = TRIMMED_CURVE('',#4186,(#4190,PARAMETER_VALUE(0.)),(#4191,
    PARAMETER_VALUE(66.)),.T.,.PARAMETER.);
#4186 = LINE('',#4187,#4188);
#4187 = CARTESIAN_POINT('',(44.,86.,121.));
#4188 = VECTOR('',#4189,1.);
#4189 = DIRECTION('',(0.,1.,0.));
#4190 = CARTESIAN_POINT('',(44.,86.,121.));
#4191 = CARTESIAN_POINT('',(44.,152.,121.));
#4192 = GEOMETRIC_CURVE_SET('',(#4193));
#4193 = TRIMMED_CURVE('',#4194,(#4198,PARAMETER_VALUE(0.)),(#4199,
    PARAMETER_VALUE(55.)),.T.,.PARAMETER.);
#4194 = LINE('',#4195,#4196);
#4195 = CARTESIAN_POINT('',(44.,152.,66.));
#4196 = VECTOR('',#4197,1.);
#4197 = DIRECTION('',(0.,0.,1.));
#4198 = CARTESIAN_POINT('',(44.,152.,66.));
#4199 = CARTESIAN_POINT('',(44.,152.,121.));
#4200 = GEOMETRIC_CURVE_SET('',(#4201));
#4201 = TRIMMED_CURVE('',#4202,(#4206,PARAMETER_VALUE(0.)),(#4207,
    PARAMETER_VALUE(66.)),.T.,.PARAMETER.);
#4202 = LINE('',#4203,#4204);
#4203 = CARTESIAN_POINT('',(44.,86.,66.));
#4204 = VECTOR('',#4205,1.);
#4205 = DIRECTION('',(0.,1.,0.));
#4206 = CARTESIAN_POINT('',(44.,86.,66.));
#4207 = CARTESIAN_POINT('',(44.,152.,66.));
#4208 = GEOMETRIC_CURVE_SET('',(#4209));
#4209 = TRIMMED_CURVE('',#4210,(#4214,PARAMETER_VALUE(0.)),(#4215,
    PARAMETER_VALUE(55.)),.T.,.PARAMETER.);
#4210 = LINE('',#4211,#4212);
#4211 = CARTESIAN_POINT('',(224.,86.,66.));
#4212 = VECTOR('',#4213,1.);
#4213 = DIRECTION('',(0.,0.,1.));
#4214 = CARTESIAN_POINT('',(224.,86.,66.));
#4215 = CARTESIAN_POINT('',(224.,86.,121.));
#4216 = GEOMETRIC_CURVE_SET('',(#4217));
#4217 = TRIMMED_CURVE('',#4218,(#4222,PARAMETER_VALUE(0.)),(#4223,
    PARAMETER_VALUE(66.)),.T.,.PARAMETER.);
#4218 = LINE('',#4219,#4220);
#4219 = CARTESIAN_POINT('',(224.,86.,121.));
#4220 = VECTOR('',#4221,1.);
#4221 = DIRECTION('',(0.,1.,0.));
#4222 = CARTESIAN_POINT('',(224.,86.,121.));
#4223 = CARTESIAN_POINT('',(224.,152.,121.));
#4224 = GEOMETRIC_CURVE_SET('',(#4225));
#4225 = TRIMMED_CURVE('',#4226,(#4230,PARAMETER_VALUE(0.)),(#4231,
    PARAMETER_VALUE(55.)),.T.,.PARAMETER.);
#4226 = LINE('',#4227,#4228);
#4227 = CARTESIAN_POINT('',(224.,152.,66.));
#4228 = VECTOR('',#4229,1.);
#4229 = DIRECTION('',(0.,0.,1.));
#4230 = CARTESIAN_POINT('',(224.,152.,66.));
#4231 = CARTESIAN_POINT('',(224.,152.,121.));
#4232 = GEOMETRIC_CURVE_SET('',(#4233));
#4233 = TRIMMED_CURVE('',#4234,(#4238,PARAMETER_VALUE(0.)),(#4239,
    PARAMETER_VALUE(66.)),.T.,.PARAMETER.);
#4234 = LINE('',#4235,#4236);
#4235 = CARTESIAN_POINT('',(224.,86.,66.));
#4236 = VECTOR('',#4237,1.);
#4237 = DIRECTION('',(0.,1.,0.));
#4238 = CARTESIAN_POINT('',(224.,86.,66.));
#4239 = CARTESIAN_POINT('',(224.,152.,66.));
#4240 = GEOMETRIC_CURVE_SET('',(#4241));
#4241 = TRIMMED_CURVE('',#4242,(#4246,PARAMETER_VALUE(0.)),(#4247,
    PARAMETER_VALUE(180.)),.T.,.PARAMETER.);
#4242 = LINE('',#4243,#4244);
#4243 = CARTESIAN_POINT('',(44.,86.,66.));
#4244 = VECTOR('',#4245,1.);
#4245 = DIRECTION('',(1.,0.,0.));
#4246 = CARTESIAN_POINT('',(44.,86.,66.));
#4247 = CARTESIAN_POINT('',(224.,86.,66.));
#4248 = GEOMETRIC_CURVE_SET('',(#4249));
#4249 = TRIMMED_CURVE('',#4250,(#4254,PARAMETER_VALUE(0.)),(#4255,
    PARAMETER_VALUE(180.)),.T.,.PARAMETER.);
#4250 = LINE('',#4251,#4252);
#4251 = CARTESIAN_POINT('',(44.,86.,121.));
#4252 = VECTOR('',#4253,1.);
#4253 = DIRECTION('',(1.,0.,0.));
#4254 = CARTESIAN_POINT('',(44.,86.,121.));
#4255 = CARTESIAN_POINT('',(224.,86.,121.));
#4256 = GEOMETRIC_CURVE_SET('',(#4257));
#4257 = TRIMMED_CURVE('',#4258,(#4262,PARAMETER_VALUE(0.)),(#4263,
    PARAMETER_VALUE(180.)),.T.,.PARAMETER.);
#4258 = LINE('',#4259,#4260);
#4259 = CARTESIAN_POINT('',(44.,152.,66.));
#4260 = VECTOR('',#4261,1.);
#4261 = DIRECTION('',(1.,0.,0.));
#4262 = CARTESIAN_POINT('',(44.,152.,66.));
#4263 = CARTESIAN_POINT('',(224.,152.,66.));
#4264 = GEOMETRIC_CURVE_SET('',(#4265));
#4265 = TRIMMED_CURVE('',#4266,(#4270,PARAMETER_VALUE(0.)),(#4271,
    PARAMETER_VALUE(180.)),.T.,.PARAMETER.);
#4266 = LINE('',#4267,#4268);
#4267 = CARTESIAN_POINT('',(44.,152.,121.));
#4268 = VECTOR('',#4269,1.);
#4269 = DIRECTION('',(1.,0.,0.));
#4270 = CARTESIAN_POINT('',(44.,152.,121.));
#4271 = CARTESIAN_POINT('',(224.,152.,121.));
#4272 = GEOMETRIC_CURVE_SET('',(#4273));
#4273 = TRIMMED_CURVE('',#4274,(#4278,PARAMETER_VALUE(0.)),(#4279,
    PARAMETER_VALUE(32.)),.T.,.PARAMETER.);
#4274 = LINE('',#4275,#4276);
#4275 = CARTESIAN_POINT('',(230.,86.,89.));
#4276 = VECTOR('',#4277,1.);
#4277 = DIRECTION('',(0.,0.,1.));
#4278 = CARTESIAN_POINT('',(230.,86.,89.));
#4279 = CARTESIAN_POINT('',(230.,86.,121.));
#4280 = GEOMETRIC_CURVE_SET('',(#4281));
#4281 = TRIMMED_CURVE('',#4282,(#4286,PARAMETER_VALUE(0.)),(#4287,
    PARAMETER_VALUE(68.)),.T.,.PARAMETER.);
#4282 = LINE('',#4283,#4284);
#4283 = CARTESIAN_POINT('',(230.,86.,121.));
#4284 = VECTOR('',#4285,1.);
#4285 = DIRECTION('',(0.,1.,0.));
#4286 = CARTESIAN_POINT('',(230.,86.,121.));
#4287 = CARTESIAN_POINT('',(230.,154.,121.));
#4288 = GEOMETRIC_CURVE_SET('',(#4289));
#4289 = TRIMMED_CURVE('',#4290,(#4294,PARAMETER_VALUE(0.)),(#4295,
    PARAMETER_VALUE(32.)),.T.,.PARAMETER.);
#4290 = LINE('',#4291,#4292);
#4291 = CARTESIAN_POINT('',(230.,154.,89.));
#4292 = VECTOR('',#4293,1.);
#4293 = DIRECTION('',(0.,0.,1.));
#4294 = CARTESIAN_POINT('',(230.,154.,89.));
#4295 = CARTESIAN_POINT('',(230.,154.,121.));
#4296 = GEOMETRIC_CURVE_SET('',(#4297));
#4297 = TRIMMED_CURVE('',#4298,(#4302,PARAMETER_VALUE(0.)),(#4303,
    PARAMETER_VALUE(68.)),.T.,.PARAMETER.);
#4298 = LINE('',#4299,#4300);
#4299 = CARTESIAN_POINT('',(230.,86.,89.));
#4300 = VECTOR('',#4301,1.);
#4301 = DIRECTION('',(0.,1.,0.));
#4302 = CARTESIAN_POINT('',(230.,86.,89.));
#4303 = CARTESIAN_POINT('',(230.,154.,89.));
#4304 = GEOMETRIC_CURVE_SET('',(#4305));
#4305 = TRIMMED_CURVE('',#4306,(#4310,PARAMETER_VALUE(0.)),(#4311,
    PARAMETER_VALUE(32.)),.T.,.PARAMETER.);
#4306 = LINE('',#4307,#4308);
#4307 = CARTESIAN_POINT('',(273.,86.,89.));
#4308 = VECTOR('',#4309,1.);
#4309 = DIRECTION('',(0.,0.,1.));
#4310 = CARTESIAN_POINT('',(273.,86.,89.));
#4311 = CARTESIAN_POINT('',(273.,86.,121.));
#4312 = GEOMETRIC_CURVE_SET('',(#4313));
#4313 = TRIMMED_CURVE('',#4314,(#4318,PARAMETER_VALUE(0.)),(#4319,
    PARAMETER_VALUE(68.)),.T.,.PARAMETER.);
#4314 = LINE('',#4315,#4316);
#4315 = CARTESIAN_POINT('',(273.,86.,121.));
#4316 = VECTOR('',#4317,1.);
#4317 = DIRECTION('',(0.,1.,0.));
#4318 = CARTESIAN_POINT('',(273.,86.,121.));
#4319 = CARTESIAN_POINT('',(273.,154.,121.));
#4320 = GEOMETRIC_CURVE_SET('',(#4321));
#4321 = TRIMMED_CURVE('',#4322,(#4326,PARAMETER_VALUE(0.)),(#4327,
    PARAMETER_VALUE(32.)),.T.,.PARAMETER.);
#4322 = LINE('',#4323,#4324);
#4323 = CARTESIAN_POINT('',(273.,154.,89.));
#4324 = VECTOR('',#4325,1.);
#4325 = DIRECTION('',(0.,0.,1.));
#4326 = CARTESIAN_POINT('',(273.,154.,89.));
#4327 = CARTESIAN_POINT('',(273.,154.,121.));
#4328 = GEOMETRIC_CURVE_SET('',(#4329));
#4329 = TRIMMED_CURVE('',#4330,(#4334,PARAMETER_VALUE(0.)),(#4335,
    PARAMETER_VALUE(68.)),.T.,.PARAMETER.);
#4330 = LINE('',#4331,#4332);
#4331 = CARTESIAN_POINT('',(273.,86.,89.));
#4332 = VECTOR('',#4333,1.);
#4333 = DIRECTION('',(0.,1.,0.));
#4334 = CARTESIAN_POINT('',(273.,86.,89.));
#4335 = CARTESIAN_POINT('',(273.,154.,89.));
#4336 = GEOMETRIC_CURVE_SET('',(#4337));
#4337 = TRIMMED_CURVE('',#4338,(#4342,PARAMETER_VALUE(0.)),(#4343,
    PARAMETER_VALUE(43.)),.T.,.PARAMETER.);
#4338 = LINE('',#4339,#4340);
#4339 = CARTESIAN_POINT('',(230.,86.,89.));
#4340 = VECTOR('',#4341,1.);
#4341 = DIRECTION('',(1.,0.,0.));
#4342 = CARTESIAN_POINT('',(230.,86.,89.));
#4343 = CARTESIAN_POINT('',(273.,86.,89.));
#4344 = GEOMETRIC_CURVE_SET('',(#4345));
#4345 = TRIMMED_CURVE('',#4346,(#4350,PARAMETER_VALUE(0.)),(#4351,
    PARAMETER_VALUE(43.)),.T.,.PARAMETER.);
#4346 = LINE('',#4347,#4348);
#4347 = CARTESIAN_POINT('',(230.,86.,121.));
#4348 = VECTOR('',#4349,1.);
#4349 = DIRECTION('',(1.,0.,0.));
#4350 = CARTESIAN_POINT('',(230.,86.,121.));
#4351 = CARTESIAN_POINT('',(273.,86.,121.));
#4352 = GEOMETRIC_CURVE_SET('',(#4353));
#4353 = TRIMMED_CURVE('',#4354,(#4358,PARAMETER_VALUE(0.)),(#4359,
    PARAMETER_VALUE(43.)),.T.,.PARAMETER.);
#4354 = LINE('',#4355,#4356);
#4355 = CARTESIAN_POINT('',(230.,154.,89.));
#4356 = VECTOR('',#4357,1.);
#4357 = DIRECTION('',(1.,0.,0.));
#4358 = CARTESIAN_POINT('',(230.,154.,89.));
#4359 = CARTESIAN_POINT('',(273.,154.,89.));
#4360 = GEOMETRIC_CURVE_SET('',(#4361));
#4361 = TRIMMED_CURVE('',#4362,(#4366,PARAMETER_VALUE(0.)),(#4367,
    PARAMETER_VALUE(43.)),.T.,.PARAMETER.);
#4362 = LINE('',#4363,#4364);
#4363 = CARTESIAN_POINT('',(230.,154.,121.));
#4364 = VECTOR('',#4365,1.);
#4365 = DIRECTION('',(1.,0.,0.));
#4366 = CARTESIAN_POINT('',(230.,154.,121.));
#4367 = CARTESIAN_POINT('',(273.,154.,121.));
#4368 = GEOMETRIC_CURVE_SET('',(#4369));
#4369 = TRIMMED_CURVE('',#4370,(#4374,PARAMETER_VALUE(0.)),(#4375,
    PARAMETER_VALUE(82.)),.T.,.PARAMETER.);
#4370 = LINE('',#4371,#4372);
#4371 = CARTESIAN_POINT('',(2.,72.,0.));
#4372 = VECTOR('',#4373,1.);
#4373 = DIRECTION('',(0.,0.,1.));
#4374 = CARTESIAN_POINT('',(2.,72.,0.));
#4375 = CARTESIAN_POINT('',(2.,72.,82.));
#4376 = GEOMETRIC_CURVE_SET('',(#4377));
#4377 = TRIMMED_CURVE('',#4378,(#4382,PARAMETER_VALUE(0.)),(#4383,
    PARAMETER_VALUE(74.)),.T.,.PARAMETER.);
#4378 = LINE('',#4379,#4380);
#4379 = CARTESIAN_POINT('',(2.,72.,82.));
#4380 = VECTOR('',#4381,1.);
#4381 = DIRECTION('',(0.,1.,0.));
#4382 = CARTESIAN_POINT('',(2.,72.,82.));
#4383 = CARTESIAN_POINT('',(2.,146.,82.));
#4384 = GEOMETRIC_CURVE_SET('',(#4385));
#4385 = TRIMMED_CURVE('',#4386,(#4390,PARAMETER_VALUE(0.)),(#4391,
    PARAMETER_VALUE(82.)),.T.,.PARAMETER.);
#4386 = LINE('',#4387,#4388);
#4387 = CARTESIAN_POINT('',(2.,146.,0.));
#4388 = VECTOR('',#4389,1.);
#4389 = DIRECTION('',(0.,0.,1.));
#4390 = CARTESIAN_POINT('',(2.,146.,0.));
#4391 = CARTESIAN_POINT('',(2.,146.,82.));
#4392 = GEOMETRIC_CURVE_SET('',(#4393));
#4393 = TRIMMED_CURVE('',#4394,(#4398,PARAMETER_VALUE(0.)),(#4399,
    PARAMETER_VALUE(74.)),.T.,.PARAMETER.);
#4394 = LINE('',#4395,#4396);
#4395 = CARTESIAN_POINT('',(2.,72.,0.));
#4396 = VECTOR('',#4397,1.);
#4397 = DIRECTION('',(0.,1.,0.));
#4398 = CARTESIAN_POINT('',(2.,72.,0.));
#4399 = CARTESIAN_POINT('',(2.,146.,0.));
#4400 = GEOMETRIC_CURVE_SET('',(#4401));
#4401 = TRIMMED_CURVE('',#4402,(#4406,PARAMETER_VALUE(0.)),(#4407,
    PARAMETER_VALUE(82.)),.T.,.PARAMETER.);
#4402 = LINE('',#4403,#4404);
#4403 = CARTESIAN_POINT('',(26.,72.,0.));
#4404 = VECTOR('',#4405,1.);
#4405 = DIRECTION('',(0.,0.,1.));
#4406 = CARTESIAN_POINT('',(26.,72.,0.));
#4407 = CARTESIAN_POINT('',(26.,72.,82.));
#4408 = GEOMETRIC_CURVE_SET('',(#4409));
#4409 = TRIMMED_CURVE('',#4410,(#4414,PARAMETER_VALUE(0.)),(#4415,
    PARAMETER_VALUE(74.)),.T.,.PARAMETER.);
#4410 = LINE('',#4411,#4412);
#4411 = CARTESIAN_POINT('',(26.,72.,82.));
#4412 = VECTOR('',#4413,1.);
#4413 = DIRECTION('',(0.,1.,0.));
#4414 = CARTESIAN_POINT('',(26.,72.,82.));
#4415 = CARTESIAN_POINT('',(26.,146.,82.));
#4416 = GEOMETRIC_CURVE_SET('',(#4417));
#4417 = TRIMMED_CURVE('',#4418,(#4422,PARAMETER_VALUE(0.)),(#4423,
    PARAMETER_VALUE(82.)),.T.,.PARAMETER.);
#4418 = LINE('',#4419,#4420);
#4419 = CARTESIAN_POINT('',(26.,146.,0.));
#4420 = VECTOR('',#4421,1.);
#4421 = DIRECTION('',(0.,0.,1.));
#4422 = CARTESIAN_POINT('',(26.,146.,0.));
#4423 = CARTESIAN_POINT('',(26.,146.,82.));
#4424 = GEOMETRIC_CURVE_SET('',(#4425));
#4425 = TRIMMED_CURVE('',#4426,(#4430,PARAMETER_VALUE(0.)),(#4431,
    PARAMETER_VALUE(74.)),.T.,.PARAMETER.);
#4426 = LINE('',#4427,#4428);
#4427 = CARTESIAN_POINT('',(26.,72.,0.));
#4428 = VECTOR('',#4429,1.);
#4429 = DIRECTION('',(0.,1.,0.));
#4430 = CARTESIAN_POINT('',(26.,72.,0.));
#4431 = CARTESIAN_POINT('',(26.,146.,0.));
#4432 = GEOMETRIC_CURVE_SET('',(#4433));
#4433 = TRIMMED_CURVE('',#4434,(#4438,PARAMETER_VALUE(0.)),(#4439,
    PARAMETER_VALUE(24.)),.T.,.PARAMETER.);
#4434 = LINE('',#4435,#4436);
#4435 = CARTESIAN_POINT('',(2.,72.,0.));
#4436 = VECTOR('',#4437,1.);
#4437 = DIRECTION('',(1.,0.,0.));
#4438 = CARTESIAN_POINT('',(2.,72.,0.));
#4439 = CARTESIAN_POINT('',(26.,72.,0.));
#4440 = GEOMETRIC_CURVE_SET('',(#4441));
#4441 = TRIMMED_CURVE('',#4442,(#4446,PARAMETER_VALUE(0.)),(#4447,
    PARAMETER_VALUE(24.)),.T.,.PARAMETER.);
#4442 = LINE('',#4443,#4444);
#4443 = CARTESIAN_POINT('',(2.,72.,82.));
#4444 = VECTOR('',#4445,1.);
#4445 = DIRECTION('',(1.,0.,0.));
#4446 = CARTESIAN_POINT('',(2.,72.,82.));
#4447 = CARTESIAN_POINT('',(26.,72.,82.));
#4448 = GEOMETRIC_CURVE_SET('',(#4449));
#4449 = TRIMMED_CURVE('',#4450,(#4454,PARAMETER_VALUE(0.)),(#4455,
    PARAMETER_VALUE(24.)),.T.,.PARAMETER.);
#4450 = LINE('',#4451,#4452);
#4451 = CARTESIAN_POINT('',(2.,146.,0.));
#4452 = VECTOR('',#4453,1.);
#4453 = DIRECTION('',(1.,0.,0.));
#4454 = CARTESIAN_POINT('',(2.,146.,0.));
#4455 = CARTESIAN_POINT('',(26.,146.,0.));
#4456 = GEOMETRIC_CURVE_SET('',(#4457));
#4457 = TRIMMED_CURVE('',#4458,(#4462,PARAMETER_VALUE(0.)),(#4463,
    PARAMETER_VALUE(24.)),.T.,.PARAMETER.);
#4458 = LINE('',#4459,#4460);
#4459 = CARTESIAN_POINT('',(2.,146.,82.));
#4460 = VECTOR('',#4461,1.);
#4461 = DIRECTION('',(1.,0.,0.));
#4462 = CARTESIAN_POINT('',(2.,146.,82.));
#4463 = CARTESIAN_POINT('',(26.,146.,82.));
#4464 = GEOMETRIC_CURVE_SET('',(#4465));
#4465 = TRIMMED_CURVE('',#4466,(#4470,PARAMETER_VALUE(0.)),(#4471,
    PARAMETER_VALUE(46.)),.T.,.PARAMETER.);
#4466 = LINE('',#4467,#4468);
#4467 = CARTESIAN_POINT('',(26.,88.,18.));
#4468 = VECTOR('',#4469,1.);
#4469 = DIRECTION('',(0.,0.,1.));
#4470 = CARTESIAN_POINT('',(26.,88.,18.));
#4471 = CARTESIAN_POINT('',(26.,88.,64.));
#4472 = GEOMETRIC_CURVE_SET('',(#4473));
#4473 = TRIMMED_CURVE('',#4474,(#4478,PARAMETER_VALUE(0.)),(#4479,
    PARAMETER_VALUE(64.)),.T.,.PARAMETER.);
#4474 = LINE('',#4475,#4476);
#4475 = CARTESIAN_POINT('',(26.,88.,64.));
#4476 = VECTOR('',#4477,1.);
#4477 = DIRECTION('',(0.,1.,0.));
#4478 = CARTESIAN_POINT('',(26.,88.,64.));
#4479 = CARTESIAN_POINT('',(26.,152.,64.));
#4480 = GEOMETRIC_CURVE_SET('',(#4481));
#4481 = TRIMMED_CURVE('',#4482,(#4486,PARAMETER_VALUE(0.)),(#4487,
    PARAMETER_VALUE(46.)),.T.,.PARAMETER.);
#4482 = LINE('',#4483,#4484);
#4483 = CARTESIAN_POINT('',(26.,152.,18.));
#4484 = VECTOR('',#4485,1.);
#4485 = DIRECTION('',(0.,0.,1.));
#4486 = CARTESIAN_POINT('',(26.,152.,18.));
#4487 = CARTESIAN_POINT('',(26.,152.,64.));
#4488 = GEOMETRIC_CURVE_SET('',(#4489));
#4489 = TRIMMED_CURVE('',#4490,(#4494,PARAMETER_VALUE(0.)),(#4495,
    PARAMETER_VALUE(64.)),.T.,.PARAMETER.);
#4490 = LINE('',#4491,#4492);
#4491 = CARTESIAN_POINT('',(26.,88.,18.));
#4492 = VECTOR('',#4493,1.);
#4493 = DIRECTION('',(0.,1.,0.));
#4494 = CARTESIAN_POINT('',(26.,88.,18.));
#4495 = CARTESIAN_POINT('',(26.,152.,18.));
#4496 = GEOMETRIC_CURVE_SET('',(#4497));
#4497 = TRIMMED_CURVE('',#4498,(#4502,PARAMETER_VALUE(0.)),(#4503,
    PARAMETER_VALUE(46.)),.T.,.PARAMETER.);
#4498 = LINE('',#4499,#4500);
#4499 = CARTESIAN_POINT('',(106.,88.,18.));
#4500 = VECTOR('',#4501,1.);
#4501 = DIRECTION('',(0.,0.,1.));
#4502 = CARTESIAN_POINT('',(106.,88.,18.));
#4503 = CARTESIAN_POINT('',(106.,88.,64.));
#4504 = GEOMETRIC_CURVE_SET('',(#4505));
#4505 = TRIMMED_CURVE('',#4506,(#4510,PARAMETER_VALUE(0.)),(#4511,
    PARAMETER_VALUE(64.)),.T.,.PARAMETER.);
#4506 = LINE('',#4507,#4508);
#4507 = CARTESIAN_POINT('',(106.,88.,64.));
#4508 = VECTOR('',#4509,1.);
#4509 = DIRECTION('',(0.,1.,0.));
#4510 = CARTESIAN_POINT('',(106.,88.,64.));
#4511 = CARTESIAN_POINT('',(106.,152.,64.));
#4512 = GEOMETRIC_CURVE_SET('',(#4513));
#4513 = TRIMMED_CURVE('',#4514,(#4518,PARAMETER_VALUE(0.)),(#4519,
    PARAMETER_VALUE(46.)),.T.,.PARAMETER.);
#4514 = LINE('',#4515,#4516);
#4515 = CARTESIAN_POINT('',(106.,152.,18.));
#4516 = VECTOR('',#4517,1.);
#4517 = DIRECTION('',(0.,0.,1.));
#4518 = CARTESIAN_POINT('',(106.,152.,18.));
#4519 = CARTESIAN_POINT('',(106.,152.,64.));
#4520 = GEOMETRIC_CURVE_SET('',(#4521));
#4521 = TRIMMED_CURVE('',#4522,(#4526,PARAMETER_VALUE(0.)),(#4527,
    PARAMETER_VALUE(64.)),.T.,.PARAMETER.);
#4522 = LINE('',#4523,#4524);
#4523 = CARTESIAN_POINT('',(106.,88.,18.));
#4524 = VECTOR('',#4525,1.);
#4525 = DIRECTION('',(0.,1.,0.));
#4526 = CARTESIAN_POINT('',(106.,88.,18.));
#4527 = CARTESIAN_POINT('',(106.,152.,18.));
#4528 = GEOMETRIC_CURVE_SET('',(#4529));
#4529 = TRIMMED_CURVE('',#4530,(#4534,PARAMETER_VALUE(0.)),(#4535,
    PARAMETER_VALUE(80.)),.T.,.PARAMETER.);
#4530 = LINE('',#4531,#4532);
#4531 = CARTESIAN_POINT('',(26.,88.,18.));
#4532 = VECTOR('',#4533,1.);
#4533 = DIRECTION('',(1.,0.,0.));
#4534 = CARTESIAN_POINT('',(26.,88.,18.));
#4535 = CARTESIAN_POINT('',(106.,88.,18.));
#4536 = GEOMETRIC_CURVE_SET('',(#4537));
#4537 = TRIMMED_CURVE('',#4538,(#4542,PARAMETER_VALUE(0.)),(#4543,
    PARAMETER_VALUE(80.)),.T.,.PARAMETER.);
#4538 = LINE('',#4539,#4540);
#4539 = CARTESIAN_POINT('',(26.,88.,64.));
#4540 = VECTOR('',#4541,1.);
#4541 = DIRECTION('',(1.,0.,0.));
#4542 = CARTESIAN_POINT('',(26.,88.,64.));
#4543 = CARTESIAN_POINT('',(106.,88.,64.));
#4544 = GEOMETRIC_CURVE_SET('',(#4545));
#4545 = TRIMMED_CURVE('',#4546,(#4550,PARAMETER_VALUE(0.)),(#4551,
    PARAMETER_VALUE(80.)),.T.,.PARAMETER.);
#4546 = LINE('',#4547,#4548);
#4547 = CARTESIAN_POINT('',(26.,152.,18.));
#4548 = VECTOR('',#4549,1.);
#4549 = DIRECTION('',(1.,0.,0.));
#4550 = CARTESIAN_POINT('',(26.,152.,18.));
#4551 = CARTESIAN_POINT('',(106.,152.,18.));
#4552 = GEOMETRIC_CURVE_SET('',(#4553));
#4553 = TRIMMED_CURVE('',#4554,(#4558,PARAMETER_VALUE(0.)),(#4559,
    PARAMETER_VALUE(80.)),.T.,.PARAMETER.);
#4554 = LINE('',#4555,#4556);
#4555 = CARTESIAN_POINT('',(26.,152.,64.));
#4556 = VECTOR('',#4557,1.);
#4557 = DIRECTION('',(1.,0.,0.));
#4558 = CARTESIAN_POINT('',(26.,152.,64.));
#4559 = CARTESIAN_POINT('',(106.,152.,64.));
#4560 = GEOMETRIC_CURVE_SET('',(#4561));
#4561 = TRIMMED_CURVE('',#4562,(#4566,PARAMETER_VALUE(0.)),(#4567,
    PARAMETER_VALUE(82.)),.T.,.PARAMETER.);
#4562 = LINE('',#4563,#4564);
#4563 = CARTESIAN_POINT('',(249.,72.,0.));
#4564 = VECTOR('',#4565,1.);
#4565 = DIRECTION('',(0.,0.,1.));
#4566 = CARTESIAN_POINT('',(249.,72.,0.));
#4567 = CARTESIAN_POINT('',(249.,72.,82.));
#4568 = GEOMETRIC_CURVE_SET('',(#4569));
#4569 = TRIMMED_CURVE('',#4570,(#4574,PARAMETER_VALUE(0.)),(#4575,
    PARAMETER_VALUE(74.)),.T.,.PARAMETER.);
#4570 = LINE('',#4571,#4572);
#4571 = CARTESIAN_POINT('',(249.,72.,82.));
#4572 = VECTOR('',#4573,1.);
#4573 = DIRECTION('',(0.,1.,0.));
#4574 = CARTESIAN_POINT('',(249.,72.,82.));
#4575 = CARTESIAN_POINT('',(249.,146.,82.));
#4576 = GEOMETRIC_CURVE_SET('',(#4577));
#4577 = TRIMMED_CURVE('',#4578,(#4582,PARAMETER_VALUE(0.)),(#4583,
    PARAMETER_VALUE(82.)),.T.,.PARAMETER.);
#4578 = LINE('',#4579,#4580);
#4579 = CARTESIAN_POINT('',(249.,146.,0.));
#4580 = VECTOR('',#4581,1.);
#4581 = DIRECTION('',(0.,0.,1.));
#4582 = CARTESIAN_POINT('',(249.,146.,0.));
#4583 = CARTESIAN_POINT('',(249.,146.,82.));
#4584 = GEOMETRIC_CURVE_SET('',(#4585));
#4585 = TRIMMED_CURVE('',#4586,(#4590,PARAMETER_VALUE(0.)),(#4591,
    PARAMETER_VALUE(74.)),.T.,.PARAMETER.);
#4586 = LINE('',#4587,#4588);
#4587 = CARTESIAN_POINT('',(249.,72.,0.));
#4588 = VECTOR('',#4589,1.);
#4589 = DIRECTION('',(0.,1.,0.));
#4590 = CARTESIAN_POINT('',(249.,72.,0.));
#4591 = CARTESIAN_POINT('',(249.,146.,0.));
#4592 = GEOMETRIC_CURVE_SET('',(#4593));
#4593 = TRIMMED_CURVE('',#4594,(#4598,PARAMETER_VALUE(0.)),(#4599,
    PARAMETER_VALUE(82.)),.T.,.PARAMETER.);
#4594 = LINE('',#4595,#4596);
#4595 = CARTESIAN_POINT('',(273.,72.,0.));
#4596 = VECTOR('',#4597,1.);
#4597 = DIRECTION('',(0.,0.,1.));
#4598 = CARTESIAN_POINT('',(273.,72.,0.));
#4599 = CARTESIAN_POINT('',(273.,72.,82.));
#4600 = GEOMETRIC_CURVE_SET('',(#4601));
#4601 = TRIMMED_CURVE('',#4602,(#4606,PARAMETER_VALUE(0.)),(#4607,
    PARAMETER_VALUE(74.)),.T.,.PARAMETER.);
#4602 = LINE('',#4603,#4604);
#4603 = CARTESIAN_POINT('',(273.,72.,82.));
#4604 = VECTOR('',#4605,1.);
#4605 = DIRECTION('',(0.,1.,0.));
#4606 = CARTESIAN_POINT('',(273.,72.,82.));
#4607 = CARTESIAN_POINT('',(273.,146.,82.));
#4608 = GEOMETRIC_CURVE_SET('',(#4609));
#4609 = TRIMMED_CURVE('',#4610,(#4614,PARAMETER_VALUE(0.)),(#4615,
    PARAMETER_VALUE(82.)),.T.,.PARAMETER.);
#4610 = LINE('',#4611,#4612);
#4611 = CARTESIAN_POINT('',(273.,146.,0.));
#4612 = VECTOR('',#4613,1.);
#4613 = DIRECTION('',(0.,0.,1.));
#4614 = CARTESIAN_POINT('',(273.,146.,0.));
#4615 = CARTESIAN_POINT('',(273.,146.,82.));
#4616 = GEOMETRIC_CURVE_SET('',(#4617));
#4617 = TRIMMED_CURVE('',#4618,(#4622,PARAMETER_VALUE(0.)),(#4623,
    PARAMETER_VALUE(74.)),.T.,.PARAMETER.);
#4618 = LINE('',#4619,#4620);
#4619 = CARTESIAN_POINT('',(273.,72.,0.));
#4620 = VECTOR('',#4621,1.);
#4621 = DIRECTION('',(0.,1.,0.));
#4622 = CARTESIAN_POINT('',(273.,72.,0.));
#4623 = CARTESIAN_POINT('',(273.,146.,0.));
#4624 = GEOMETRIC_CURVE_SET('',(#4625));
#4625 = TRIMMED_CURVE('',#4626,(#4630,PARAMETER_VALUE(0.)),(#4631,
    PARAMETER_VALUE(24.)),.T.,.PARAMETER.);
#4626 = LINE('',#4627,#4628);
#4627 = CARTESIAN_POINT('',(249.,72.,0.));
#4628 = VECTOR('',#4629,1.);
#4629 = DIRECTION('',(1.,0.,0.));
#4630 = CARTESIAN_POINT('',(249.,72.,0.));
#4631 = CARTESIAN_POINT('',(273.,72.,0.));
#4632 = GEOMETRIC_CURVE_SET('',(#4633));
#4633 = TRIMMED_CURVE('',#4634,(#4638,PARAMETER_VALUE(0.)),(#4639,
    PARAMETER_VALUE(24.)),.T.,.PARAMETER.);
#4634 = LINE('',#4635,#4636);
#4635 = CARTESIAN_POINT('',(249.,72.,82.));
#4636 = VECTOR('',#4637,1.);
#4637 = DIRECTION('',(1.,0.,0.));
#4638 = CARTESIAN_POINT('',(249.,72.,82.));
#4639 = CARTESIAN_POINT('',(273.,72.,82.));
#4640 = GEOMETRIC_CURVE_SET('',(#4641));
#4641 = TRIMMED_CURVE('',#4642,(#4646,PARAMETER_VALUE(0.)),(#4647,
    PARAMETER_VALUE(24.)),.T.,.PARAMETER.);
#4642 = LINE('',#4643,#4644);
#4643 = CARTESIAN_POINT('',(249.,146.,0.));
#4644 = VECTOR('',#4645,1.);
#4645 = DIRECTION('',(1.,0.,0.));
#4646 = CARTESIAN_POINT('',(249.,146.,0.));
#4647 = CARTESIAN_POINT('',(273.,146.,0.));
#4648 = GEOMETRIC_CURVE_SET('',(#4649));
#4649 = TRIMMED_CURVE('',#4650,(#4654,PARAMETER_VALUE(0.)),(#4655,
    PARAMETER_VALUE(24.)),.T.,.PARAMETER.);
#4650 = LINE('',#4651,#4652);
#4651 = CARTESIAN_POINT('',(249.,146.,82.));
#4652 = VECTOR('',#4653,1.);
#4653 = DIRECTION('',(1.,0.,0.));
#4654 = CARTESIAN_POINT('',(249.,146.,82.));
#4655 = CARTESIAN_POINT('',(273.,146.,82.));
#4656 = GEOMETRIC_CURVE_SET('',(#4657));
#4657 = TRIMMED_CURVE('',#4658,(#4662,PARAMETER_VALUE(0.)),(#4663,
    PARAMETER_VALUE(46.)),.T.,.PARAMETER.);
#4658 = LINE('',#4659,#4660);
#4659 = CARTESIAN_POINT('',(169.,88.,18.));
#4660 = VECTOR('',#4661,1.);
#4661 = DIRECTION('',(0.,0.,1.));
#4662 = CARTESIAN_POINT('',(169.,88.,18.));
#4663 = CARTESIAN_POINT('',(169.,88.,64.));
#4664 = GEOMETRIC_CURVE_SET('',(#4665));
#4665 = TRIMMED_CURVE('',#4666,(#4670,PARAMETER_VALUE(0.)),(#4671,
    PARAMETER_VALUE(64.)),.T.,.PARAMETER.);
#4666 = LINE('',#4667,#4668);
#4667 = CARTESIAN_POINT('',(169.,88.,64.));
#4668 = VECTOR('',#4669,1.);
#4669 = DIRECTION('',(0.,1.,0.));
#4670 = CARTESIAN_POINT('',(169.,88.,64.));
#4671 = CARTESIAN_POINT('',(169.,152.,64.));
#4672 = GEOMETRIC_CURVE_SET('',(#4673));
#4673 = TRIMMED_CURVE('',#4674,(#4678,PARAMETER_VALUE(0.)),(#4679,
    PARAMETER_VALUE(46.)),.T.,.PARAMETER.);
#4674 = LINE('',#4675,#4676);
#4675 = CARTESIAN_POINT('',(169.,152.,18.));
#4676 = VECTOR('',#4677,1.);
#4677 = DIRECTION('',(0.,0.,1.));
#4678 = CARTESIAN_POINT('',(169.,152.,18.));
#4679 = CARTESIAN_POINT('',(169.,152.,64.));
#4680 = GEOMETRIC_CURVE_SET('',(#4681));
#4681 = TRIMMED_CURVE('',#4682,(#4686,PARAMETER_VALUE(0.)),(#4687,
    PARAMETER_VALUE(64.)),.T.,.PARAMETER.);
#4682 = LINE('',#4683,#4684);
#4683 = CARTESIAN_POINT('',(169.,88.,18.));
#4684 = VECTOR('',#4685,1.);
#4685 = DIRECTION('',(0.,1.,0.));
#4686 = CARTESIAN_POINT('',(169.,88.,18.));
#4687 = CARTESIAN_POINT('',(169.,152.,18.));
#4688 = GEOMETRIC_CURVE_SET('',(#4689));
#4689 = TRIMMED_CURVE('',#4690,(#4694,PARAMETER_VALUE(0.)),(#4695,
    PARAMETER_VALUE(46.)),.T.,.PARAMETER.);
#4690 = LINE('',#4691,#4692);
#4691 = CARTESIAN_POINT('',(249.,88.,18.));
#4692 = VECTOR('',#4693,1.);
#4693 = DIRECTION('',(0.,0.,1.));
#4694 = CARTESIAN_POINT('',(249.,88.,18.));
#4695 = CARTESIAN_POINT('',(249.,88.,64.));
#4696 = GEOMETRIC_CURVE_SET('',(#4697));
#4697 = TRIMMED_CURVE('',#4698,(#4702,PARAMETER_VALUE(0.)),(#4703,
    PARAMETER_VALUE(64.)),.T.,.PARAMETER.);
#4698 = LINE('',#4699,#4700);
#4699 = CARTESIAN_POINT('',(249.,88.,64.));
#4700 = VECTOR('',#4701,1.);
#4701 = DIRECTION('',(0.,1.,0.));
#4702 = CARTESIAN_POINT('',(249.,88.,64.));
#4703 = CARTESIAN_POINT('',(249.,152.,64.));
#4704 = GEOMETRIC_CURVE_SET('',(#4705));
#4705 = TRIMMED_CURVE('',#4706,(#4710,PARAMETER_VALUE(0.)),(#4711,
    PARAMETER_VALUE(46.)),.T.,.PARAMETER.);
#4706 = LINE('',#4707,#4708);
#4707 = CARTESIAN_POINT('',(249.,152.,18.));
#4708 = VECTOR('',#4709,1.);
#4709 = DIRECTION('',(0.,0.,1.));
#4710 = CARTESIAN_POINT('',(249.,152.,18.));
#4711 = CARTESIAN_POINT('',(249.,152.,64.));
#4712 = GEOMETRIC_CURVE_SET('',(#4713));
#4713 = TRIMMED_CURVE('',#4714,(#4718,PARAMETER_VALUE(0.)),(#4719,
    PARAMETER_VALUE(64.)),.T.,.PARAMETER.);
#4714 = LINE('',#4715,#4716);
#4715 = CARTESIAN_POINT('',(249.,88.,18.));
#4716 = VECTOR('',#4717,1.);
#4717 = DIRECTION('',(0.,1.,0.));
#4718 = CARTESIAN_POINT('',(249.,88.,18.));
#4719 = CARTESIAN_POINT('',(249.,152.,18.));
#4720 = GEOMETRIC_CURVE_SET('',(#4721));
#4721 = TRIMMED_CURVE('',#4722,(#4726,PARAMETER_VALUE(0.)),(#4727,
    PARAMETER_VALUE(80.)),.T.,.PARAMETER.);
#4722 = LINE('',#4723,#4724);
#4723 = CARTESIAN_POINT('',(169.,88.,18.));
#4724 = VECTOR('',#4725,1.);
#4725 = DIRECTION('',(1.,0.,0.));
#4726 = CARTESIAN_POINT('',(169.,88.,18.));
#4727 = CARTESIAN_POINT('',(249.,88.,18.));
#4728 = GEOMETRIC_CURVE_SET('',(#4729));
#4729 = TRIMMED_CURVE('',#4730,(#4734,PARAMETER_VALUE(0.)),(#4735,
    PARAMETER_VALUE(80.)),.T.,.PARAMETER.);
#4730 = LINE('',#4731,#4732);
#4731 = CARTESIAN_POINT('',(169.,88.,64.));
#4732 = VECTOR('',#4733,1.);
#4733 = DIRECTION('',(1.,0.,0.));
#4734 = CARTESIAN_POINT('',(169.,88.,64.));
#4735 = CARTESIAN_POINT('',(249.,88.,64.));
#4736 = GEOMETRIC_CURVE_SET('',(#4737));
#4737 = TRIMMED_CURVE('',#4738,(#4742,PARAMETER_VALUE(0.)),(#4743,
    PARAMETER_VALUE(80.)),.T.,.PARAMETER.);
#4738 = LINE('',#4739,#4740);
#4739 = CARTESIAN_POINT('',(169.,152.,18.));
#4740 = VECTOR('',#4741,1.);
#4741 = DIRECTION('',(1.,0.,0.));
#4742 = CARTESIAN_POINT('',(169.,152.,18.));
#4743 = CARTESIAN_POINT('',(249.,152.,18.));
#4744 = GEOMETRIC_CURVE_SET('',(#4745));
#4745 = TRIMMED_CURVE('',#4746,(#4750,PARAMETER_VALUE(0.)),(#4751,
    PARAMETER_VALUE(80.)),.T.,.PARAMETER.);
#4746 = LINE('',#4747,#4748);
#4747 = CARTESIAN_POINT('',(169.,152.,64.));
#4748 = VECTOR('',#4749,1.);
#4749 = DIRECTION('',(1.,0.,0.));
#4750 = CARTESIAN_POINT('',(169.,152.,64.));
#4751 = CARTESIAN_POINT('',(249.,152.,64.));
#4752 = GEOMETRIC_CURVE_SET('',(#4753));
#4753 = TRIMMED_CURVE('',#4754,(#4758,PARAMETER_VALUE(0.)),(#4759,
    PARAMETER_VALUE(30.)),.T.,.PARAMETER.);
#4754 = LINE('',#4755,#4756);
#4755 = CARTESIAN_POINT('',(153.,29.,56.));
#4756 = VECTOR('',#4757,1.);
#4757 = DIRECTION('',(0.,0.,1.));
#4758 = CARTESIAN_POINT('',(153.,29.,56.));
#4759 = CARTESIAN_POINT('',(153.,29.,86.));
#4760 = GEOMETRIC_CURVE_SET('',(#4761));
#4761 = TRIMMED_CURVE('',#4762,(#4766,PARAMETER_VALUE(0.)),(#4767,
    PARAMETER_VALUE(56.)),.T.,.PARAMETER.);
#4762 = LINE('',#4763,#4764);
#4763 = CARTESIAN_POINT('',(153.,29.,86.));
#4764 = VECTOR('',#4765,1.);
#4765 = DIRECTION('',(0.,1.,0.));
#4766 = CARTESIAN_POINT('',(153.,29.,86.));
#4767 = CARTESIAN_POINT('',(153.,85.,86.));
#4768 = GEOMETRIC_CURVE_SET('',(#4769));
#4769 = TRIMMED_CURVE('',#4770,(#4774,PARAMETER_VALUE(0.)),(#4775,
    PARAMETER_VALUE(30.)),.T.,.PARAMETER.);
#4770 = LINE('',#4771,#4772);
#4771 = CARTESIAN_POINT('',(153.,85.,56.));
#4772 = VECTOR('',#4773,1.);
#4773 = DIRECTION('',(0.,0.,1.));
#4774 = CARTESIAN_POINT('',(153.,85.,56.));
#4775 = CARTESIAN_POINT('',(153.,85.,86.));
#4776 = GEOMETRIC_CURVE_SET('',(#4777));
#4777 = TRIMMED_CURVE('',#4778,(#4782,PARAMETER_VALUE(0.)),(#4783,
    PARAMETER_VALUE(56.)),.T.,.PARAMETER.);
#4778 = LINE('',#4779,#4780);
#4779 = CARTESIAN_POINT('',(153.,29.,56.));
#4780 = VECTOR('',#4781,1.);
#4781 = DIRECTION('',(0.,1.,0.));
#4782 = CARTESIAN_POINT('',(153.,29.,56.));
#4783 = CARTESIAN_POINT('',(153.,85.,56.));
#4784 = GEOMETRIC_CURVE_SET('',(#4785));
#4785 = TRIMMED_CURVE('',#4786,(#4790,PARAMETER_VALUE(0.)),(#4791,
    PARAMETER_VALUE(30.)),.T.,.PARAMETER.);
#4786 = LINE('',#4787,#4788);
#4787 = CARTESIAN_POINT('',(247.,29.,56.));
#4788 = VECTOR('',#4789,1.);
#4789 = DIRECTION('',(0.,0.,1.));
#4790 = CARTESIAN_POINT('',(247.,29.,56.));
#4791 = CARTESIAN_POINT('',(247.,29.,86.));
#4792 = GEOMETRIC_CURVE_SET('',(#4793));
#4793 = TRIMMED_CURVE('',#4794,(#4798,PARAMETER_VALUE(0.)),(#4799,
    PARAMETER_VALUE(56.)),.T.,.PARAMETER.);
#4794 = LINE('',#4795,#4796);
#4795 = CARTESIAN_POINT('',(247.,29.,86.));
#4796 = VECTOR('',#4797,1.);
#4797 = DIRECTION('',(0.,1.,0.));
#4798 = CARTESIAN_POINT('',(247.,29.,86.));
#4799 = CARTESIAN_POINT('',(247.,85.,86.));
#4800 = GEOMETRIC_CURVE_SET('',(#4801));
#4801 = TRIMMED_CURVE('',#4802,(#4806,PARAMETER_VALUE(0.)),(#4807,
    PARAMETER_VALUE(30.)),.T.,.PARAMETER.);
#4802 = LINE('',#4803,#4804);
#4803 = CARTESIAN_POINT('',(247.,85.,56.));
#4804 = VECTOR('',#4805,1.);
#4805 = DIRECTION('',(0.,0.,1.));
#4806 = CARTESIAN_POINT('',(247.,85.,56.));
#4807 = CARTESIAN_POINT('',(247.,85.,86.));
#4808 = GEOMETRIC_CURVE_SET('',(#4809));
#4809 = TRIMMED_CURVE('',#4810,(#4814,PARAMETER_VALUE(0.)),(#4815,
    PARAMETER_VALUE(56.)),.T.,.PARAMETER.);
#4810 = LINE('',#4811,#4812);
#4811 = CARTESIAN_POINT('',(247.,29.,56.));
#4812 = VECTOR('',#4813,1.);
#4813 = DIRECTION('',(0.,1.,0.));
#4814 = CARTESIAN_POINT('',(247.,29.,56.));
#4815 = CARTESIAN_POINT('',(247.,85.,56.));
#4816 = GEOMETRIC_CURVE_SET('',(#4817));
#4817 = TRIMMED_CURVE('',#4818,(#4822,PARAMETER_VALUE(0.)),(#4823,
    PARAMETER_VALUE(94.)),.T.,.PARAMETER.);
#4818 = LINE('',#4819,#4820);
#4819 = CARTESIAN_POINT('',(153.,29.,56.));
#4820 = VECTOR('',#4821,1.);
#4821 = DIRECTION('',(1.,0.,0.));
#4822 = CARTESIAN_POINT('',(153.,29.,56.));
#4823 = CARTESIAN_POINT('',(247.,29.,56.));
#4824 = GEOMETRIC_CURVE_SET('',(#4825));
#4825 = TRIMMED_CURVE('',#4826,(#4830,PARAMETER_VALUE(0.)),(#4831,
    PARAMETER_VALUE(94.)),.T.,.PARAMETER.);
#4826 = LINE('',#4827,#4828);
#4827 = CARTESIAN_POINT('',(153.,29.,86.));
#4828 = VECTOR('',#4829,1.);
#4829 = DIRECTION('',(1.,0.,0.));
#4830 = CARTESIAN_POINT('',(153.,29.,86.));
#4831 = CARTESIAN_POINT('',(247.,29.,86.));
#4832 = GEOMETRIC_CURVE_SET('',(#4833));
#4833 = TRIMMED_CURVE('',#4834,(#4838,PARAMETER_VALUE(0.)),(#4839,
    PARAMETER_VALUE(94.)),.T.,.PARAMETER.);
#4834 = LINE('',#4835,#4836);
#4835 = CARTESIAN_POINT('',(153.,85.,56.));
#4836 = VECTOR('',#4837,1.);
#4837 = DIRECTION('',(1.,0.,0.));
#4838 = CARTESIAN_POINT('',(153.,85.,56.));
#4839 = CARTESIAN_POINT('',(247.,85.,56.));
#4840 = GEOMETRIC_CURVE_SET('',(#4841));
#4841 = TRIMMED_CURVE('',#4842,(#4846,PARAMETER_VALUE(0.)),(#4847,
    PARAMETER_VALUE(94.)),.T.,.PARAMETER.);
#4842 = LINE('',#4843,#4844);
#4843 = CARTESIAN_POINT('',(153.,85.,86.));
#4844 = VECTOR('',#4845,1.);
#4845 = DIRECTION('',(1.,0.,0.));
#4846 = CARTESIAN_POINT('',(153.,85.,86.));
#4847 = CARTESIAN_POINT('',(247.,85.,86.));
#4848 = GEOMETRIC_CURVE_SET('',(#4849));
#4849 = TRIMMED_CURVE('',#4850,(#4855,PARAMETER_VALUE(0.)),(#4856,
    PARAMETER_VALUE(6.28318530718)),.T.,.PARAMETER.);
#4850 = CIRCLE('',#4851,42.);
#4851 = AXIS2_PLACEMENT_3D('',#4852,#4853,#4854);
#4852 = CARTESIAN_POINT('',(137.5,232.,54.));
#4853 = DIRECTION('',(0.,0.,1.));
#4854 = DIRECTION('',(1.,0.,0.));
#4855 = CARTESIAN_POINT('',(179.5,232.,54.));
#4856 = CARTESIAN_POINT('',(179.5,232.,54.));
#4857 = GEOMETRIC_CURVE_SET('',(#4858));
#4858 = TRIMMED_CURVE('',#4859,(#4863,PARAMETER_VALUE(0.)),(#4864,
    PARAMETER_VALUE(54.)),.T.,.PARAMETER.);
#4859 = LINE('',#4860,#4861);
#4860 = CARTESIAN_POINT('',(179.5,232.,0.));
#4861 = VECTOR('',#4862,1.);
#4862 = DIRECTION('',(0.,0.,1.));
#4863 = CARTESIAN_POINT('',(179.5,232.,0.));
#4864 = CARTESIAN_POINT('',(179.5,232.,54.));
#4865 = GEOMETRIC_CURVE_SET('',(#4866));
#4866 = TRIMMED_CURVE('',#4867,(#4872,PARAMETER_VALUE(0.)),(#4873,
    PARAMETER_VALUE(6.28318530718)),.T.,.PARAMETER.);
#4867 = CIRCLE('',#4868,42.);
#4868 = AXIS2_PLACEMENT_3D('',#4869,#4870,#4871);
#4869 = CARTESIAN_POINT('',(137.5,232.,0.));
#4870 = DIRECTION('',(0.,0.,1.));
#4871 = DIRECTION('',(1.,0.,0.));
#4872 = CARTESIAN_POINT('',(179.5,232.,0.));
#4873 = CARTESIAN_POINT('',(179.5,232.,0.));
#4874 = GEOMETRIC_CURVE_SET('',(#4875));
#4875 = TRIMMED_CURVE('',#4876,(#4880,PARAMETER_VALUE(0.)),(#4881,
    PARAMETER_VALUE(22.)),.T.,.PARAMETER.);
#4876 = LINE('',#4877,#4878);
#4877 = CARTESIAN_POINT('',(22.5,155.,0.));
#4878 = VECTOR('',#4879,1.);
#4879 = DIRECTION('',(0.,0.,1.));
#4880 = CARTESIAN_POINT('',(22.5,155.,0.));
#4881 = CARTESIAN_POINT('',(22.5,155.,22.));
#4882 = GEOMETRIC_CURVE_SET('',(#4883));
#4883 = TRIMMED_CURVE('',#4884,(#4888,PARAMETER_VALUE(0.)),(#4889,
    PARAMETER_VALUE(32.)),.T.,.PARAMETER.);
#4884 = LINE('',#4885,#4886);
#4885 = CARTESIAN_POINT('',(22.5,155.,22.));
#4886 = VECTOR('',#4887,1.);
#4887 = DIRECTION('',(0.,1.,0.));
#4888 = CARTESIAN_POINT('',(22.5,155.,22.));
#4889 = CARTESIAN_POINT('',(22.5,187.,22.));
#4890 = GEOMETRIC_CURVE_SET('',(#4891));
#4891 = TRIMMED_CURVE('',#4892,(#4896,PARAMETER_VALUE(0.)),(#4897,
    PARAMETER_VALUE(22.)),.T.,.PARAMETER.);
#4892 = LINE('',#4893,#4894);
#4893 = CARTESIAN_POINT('',(22.5,187.,0.));
#4894 = VECTOR('',#4895,1.);
#4895 = DIRECTION('',(0.,0.,1.));
#4896 = CARTESIAN_POINT('',(22.5,187.,0.));
#4897 = CARTESIAN_POINT('',(22.5,187.,22.));
#4898 = GEOMETRIC_CURVE_SET('',(#4899));
#4899 = TRIMMED_CURVE('',#4900,(#4904,PARAMETER_VALUE(0.)),(#4905,
    PARAMETER_VALUE(32.)),.T.,.PARAMETER.);
#4900 = LINE('',#4901,#4902);
#4901 = CARTESIAN_POINT('',(22.5,155.,0.));
#4902 = VECTOR('',#4903,1.);
#4903 = DIRECTION('',(0.,1.,0.));
#4904 = CARTESIAN_POINT('',(22.5,155.,0.));
#4905 = CARTESIAN_POINT('',(22.5,187.,0.));
#4906 = GEOMETRIC_CURVE_SET('',(#4907));
#4907 = TRIMMED_CURVE('',#4908,(#4912,PARAMETER_VALUE(0.)),(#4913,
    PARAMETER_VALUE(22.)),.T.,.PARAMETER.);
#4908 = LINE('',#4909,#4910);
#4909 = CARTESIAN_POINT('',(252.5,155.,0.));
#4910 = VECTOR('',#4911,1.);
#4911 = DIRECTION('',(0.,0.,1.));
#4912 = CARTESIAN_POINT('',(252.5,155.,0.));
#4913 = CARTESIAN_POINT('',(252.5,155.,22.));
#4914 = GEOMETRIC_CURVE_SET('',(#4915));
#4915 = TRIMMED_CURVE('',#4916,(#4920,PARAMETER_VALUE(0.)),(#4921,
    PARAMETER_VALUE(32.)),.T.,.PARAMETER.);
#4916 = LINE('',#4917,#4918);
#4917 = CARTESIAN_POINT('',(252.5,155.,22.));
#4918 = VECTOR('',#4919,1.);
#4919 = DIRECTION('',(0.,1.,0.));
#4920 = CARTESIAN_POINT('',(252.5,155.,22.));
#4921 = CARTESIAN_POINT('',(252.5,187.,22.));
#4922 = GEOMETRIC_CURVE_SET('',(#4923));
#4923 = TRIMMED_CURVE('',#4924,(#4928,PARAMETER_VALUE(0.)),(#4929,
    PARAMETER_VALUE(22.)),.T.,.PARAMETER.);
#4924 = LINE('',#4925,#4926);
#4925 = CARTESIAN_POINT('',(252.5,187.,0.));
#4926 = VECTOR('',#4927,1.);
#4927 = DIRECTION('',(0.,0.,1.));
#4928 = CARTESIAN_POINT('',(252.5,187.,0.));
#4929 = CARTESIAN_POINT('',(252.5,187.,22.));
#4930 = GEOMETRIC_CURVE_SET('',(#4931));
#4931 = TRIMMED_CURVE('',#4932,(#4936,PARAMETER_VALUE(0.)),(#4937,
    PARAMETER_VALUE(32.)),.T.,.PARAMETER.);
#4932 = LINE('',#4933,#4934);
#4933 = CARTESIAN_POINT('',(252.5,155.,0.));
#4934 = VECTOR('',#4935,1.);
#4935 = DIRECTION('',(0.,1.,0.));
#4936 = CARTESIAN_POINT('',(252.5,155.,0.));
#4937 = CARTESIAN_POINT('',(252.5,187.,0.));
#4938 = GEOMETRIC_CURVE_SET('',(#4939));
#4939 = TRIMMED_CURVE('',#4940,(#4944,PARAMETER_VALUE(0.)),(#4945,
    PARAMETER_VALUE(230.)),.T.,.PARAMETER.);
#4940 = LINE('',#4941,#4942);
#4941 = CARTESIAN_POINT('',(22.5,155.,0.));
#4942 = VECTOR('',#4943,1.);
#4943 = DIRECTION('',(1.,0.,0.));
#4944 = CARTESIAN_POINT('',(22.5,155.,0.));
#4945 = CARTESIAN_POINT('',(252.5,155.,0.));
#4946 = GEOMETRIC_CURVE_SET('',(#4947));
#4947 = TRIMMED_CURVE('',#4948,(#4952,PARAMETER_VALUE(0.)),(#4953,
    PARAMETER_VALUE(230.)),.T.,.PARAMETER.);
#4948 = LINE('',#4949,#4950);
#4949 = CARTESIAN_POINT('',(22.5,155.,22.));
#4950 = VECTOR('',#4951,1.);
#4951 = DIRECTION('',(1.,0.,0.));
#4952 = CARTESIAN_POINT('',(22.5,155.,22.));
#4953 = CARTESIAN_POINT('',(252.5,155.,22.));
#4954 = GEOMETRIC_CURVE_SET('',(#4955));
#4955 = TRIMMED_CURVE('',#4956,(#4960,PARAMETER_VALUE(0.)),(#4961,
    PARAMETER_VALUE(230.)),.T.,.PARAMETER.);
#4956 = LINE('',#4957,#4958);
#4957 = CARTESIAN_POINT('',(22.5,187.,0.));
#4958 = VECTOR('',#4959,1.);
#4959 = DIRECTION('',(1.,0.,0.));
#4960 = CARTESIAN_POINT('',(22.5,187.,0.));
#4961 = CARTESIAN_POINT('',(252.5,187.,0.));
#4962 = GEOMETRIC_CURVE_SET('',(#4963));
#4963 = TRIMMED_CURVE('',#4964,(#4968,PARAMETER_VALUE(0.)),(#4969,
    PARAMETER_VALUE(230.)),.T.,.PARAMETER.);
#4964 = LINE('',#4965,#4966);
#4965 = CARTESIAN_POINT('',(22.5,187.,22.));
#4966 = VECTOR('',#4967,1.);
#4967 = DIRECTION('',(1.,0.,0.));
#4968 = CARTESIAN_POINT('',(22.5,187.,22.));
#4969 = CARTESIAN_POINT('',(252.5,187.,22.));
#4970 = GEOMETRIC_CURVE_SET('',(#4971));
#4971 = TRIMMED_CURVE('',#4972,(#4976,PARAMETER_VALUE(0.)),(#4977,
    PARAMETER_VALUE(95.)),.T.,.PARAMETER.);
#4972 = LINE('',#4973,#4974);
#4973 = CARTESIAN_POINT('',(105.,155.,24.));
#4974 = VECTOR('',#4975,1.);
#4975 = DIRECTION('',(0.,0.,1.));
#4976 = CARTESIAN_POINT('',(105.,155.,24.));
#4977 = CARTESIAN_POINT('',(105.,155.,119.));
#4978 = GEOMETRIC_CURVE_SET('',(#4979));
#4979 = TRIMMED_CURVE('',#4980,(#4984,PARAMETER_VALUE(0.)),(#4985,
    PARAMETER_VALUE(31.)),.T.,.PARAMETER.);
#4980 = LINE('',#4981,#4982);
#4981 = CARTESIAN_POINT('',(105.,155.,119.));
#4982 = VECTOR('',#4983,1.);
#4983 = DIRECTION('',(0.,1.,0.));
#4984 = CARTESIAN_POINT('',(105.,155.,119.));
#4985 = CARTESIAN_POINT('',(105.,186.,119.));
#4986 = GEOMETRIC_CURVE_SET('',(#4987));
#4987 = TRIMMED_CURVE('',#4988,(#4992,PARAMETER_VALUE(0.)),(#4993,
    PARAMETER_VALUE(95.)),.T.,.PARAMETER.);
#4988 = LINE('',#4989,#4990);
#4989 = CARTESIAN_POINT('',(105.,186.,24.));
#4990 = VECTOR('',#4991,1.);
#4991 = DIRECTION('',(0.,0.,1.));
#4992 = CARTESIAN_POINT('',(105.,186.,24.));
#4993 = CARTESIAN_POINT('',(105.,186.,119.));
#4994 = GEOMETRIC_CURVE_SET('',(#4995));
#4995 = TRIMMED_CURVE('',#4996,(#5000,PARAMETER_VALUE(0.)),(#5001,
    PARAMETER_VALUE(31.)),.T.,.PARAMETER.);
#4996 = LINE('',#4997,#4998);
#4997 = CARTESIAN_POINT('',(105.,155.,24.));
#4998 = VECTOR('',#4999,1.);
#4999 = DIRECTION('',(0.,1.,0.));
#5000 = CARTESIAN_POINT('',(105.,155.,24.));
#5001 = CARTESIAN_POINT('',(105.,186.,24.));
#5002 = GEOMETRIC_CURVE_SET('',(#5003));
#5003 = TRIMMED_CURVE('',#5004,(#5008,PARAMETER_VALUE(0.)),(#5009,
    PARAMETER_VALUE(95.)),.T.,.PARAMETER.);
#5004 = LINE('',#5005,#5006);
#5005 = CARTESIAN_POINT('',(137.,155.,24.));
#5006 = VECTOR('',#5007,1.);
#5007 = DIRECTION('',(0.,0.,1.));
#5008 = CARTESIAN_POINT('',(137.,155.,24.));
#5009 = CARTESIAN_POINT('',(137.,155.,119.));
#5010 = GEOMETRIC_CURVE_SET('',(#5011));
#5011 = TRIMMED_CURVE('',#5012,(#5016,PARAMETER_VALUE(0.)),(#5017,
    PARAMETER_VALUE(31.)),.T.,.PARAMETER.);
#5012 = LINE('',#5013,#5014);
#5013 = CARTESIAN_POINT('',(137.,155.,119.));
#5014 = VECTOR('',#5015,1.);
#5015 = DIRECTION('',(0.,1.,0.));
#5016 = CARTESIAN_POINT('',(137.,155.,119.));
#5017 = CARTESIAN_POINT('',(137.,186.,119.));
#5018 = GEOMETRIC_CURVE_SET('',(#5019));
#5019 = TRIMMED_CURVE('',#5020,(#5024,PARAMETER_VALUE(0.)),(#5025,
    PARAMETER_VALUE(95.)),.T.,.PARAMETER.);
#5020 = LINE('',#5021,#5022);
#5021 = CARTESIAN_POINT('',(137.,186.,24.));
#5022 = VECTOR('',#5023,1.);
#5023 = DIRECTION('',(0.,0.,1.));
#5024 = CARTESIAN_POINT('',(137.,186.,24.));
#5025 = CARTESIAN_POINT('',(137.,186.,119.));
#5026 = GEOMETRIC_CURVE_SET('',(#5027));
#5027 = TRIMMED_CURVE('',#5028,(#5032,PARAMETER_VALUE(0.)),(#5033,
    PARAMETER_VALUE(31.)),.T.,.PARAMETER.);
#5028 = LINE('',#5029,#5030);
#5029 = CARTESIAN_POINT('',(137.,155.,24.));
#5030 = VECTOR('',#5031,1.);
#5031 = DIRECTION('',(0.,1.,0.));
#5032 = CARTESIAN_POINT('',(137.,155.,24.));
#5033 = CARTESIAN_POINT('',(137.,186.,24.));
#5034 = GEOMETRIC_CURVE_SET('',(#5035));
#5035 = TRIMMED_CURVE('',#5036,(#5040,PARAMETER_VALUE(0.)),(#5041,
    PARAMETER_VALUE(32.)),.T.,.PARAMETER.);
#5036 = LINE('',#5037,#5038);
#5037 = CARTESIAN_POINT('',(105.,155.,24.));
#5038 = VECTOR('',#5039,1.);
#5039 = DIRECTION('',(1.,0.,0.));
#5040 = CARTESIAN_POINT('',(105.,155.,24.));
#5041 = CARTESIAN_POINT('',(137.,155.,24.));
#5042 = GEOMETRIC_CURVE_SET('',(#5043));
#5043 = TRIMMED_CURVE('',#5044,(#5048,PARAMETER_VALUE(0.)),(#5049,
    PARAMETER_VALUE(32.)),.T.,.PARAMETER.);
#5044 = LINE('',#5045,#5046);
#5045 = CARTESIAN_POINT('',(105.,155.,119.));
#5046 = VECTOR('',#5047,1.);
#5047 = DIRECTION('',(1.,0.,0.));
#5048 = CARTESIAN_POINT('',(105.,155.,119.));
#5049 = CARTESIAN_POINT('',(137.,155.,119.));
#5050 = GEOMETRIC_CURVE_SET('',(#5051));
#5051 = TRIMMED_CURVE('',#5052,(#5056,PARAMETER_VALUE(0.)),(#5057,
    PARAMETER_VALUE(32.)),.T.,.PARAMETER.);
#5052 = LINE('',#5053,#5054);
#5053 = CARTESIAN_POINT('',(105.,186.,24.));
#5054 = VECTOR('',#5055,1.);
#5055 = DIRECTION('',(1.,0.,0.));
#5056 = CARTESIAN_POINT('',(105.,186.,24.));
#5057 = CARTESIAN_POINT('',(137.,186.,24.));
#5058 = GEOMETRIC_CURVE_SET('',(#5059));
#5059 = TRIMMED_CURVE('',#5060,(#5064,PARAMETER_VALUE(0.)),(#5065,
    PARAMETER_VALUE(32.)),.T.,.PARAMETER.);
#5060 = LINE('',#5061,#5062);
#5061 = CARTESIAN_POINT('',(105.,186.,119.));
#5062 = VECTOR('',#5063,1.);
#5063 = DIRECTION('',(1.,0.,0.));
#5064 = CARTESIAN_POINT('',(105.,186.,119.));
#5065 = CARTESIAN_POINT('',(137.,186.,119.));
#5066 = GEOMETRIC_CURVE_SET('',(#5067));
#5067 = TRIMMED_CURVE('',#5068,(#5072,PARAMETER_VALUE(0.)),(#5073,
    PARAMETER_VALUE(29.)),.T.,.PARAMETER.);
#5068 = LINE('',#5069,#5070);
#5069 = CARTESIAN_POINT('',(180.,156.,27.));
#5070 = VECTOR('',#5071,1.);
#5071 = DIRECTION('',(0.,0.,1.));
#5072 = CARTESIAN_POINT('',(180.,156.,27.));
#5073 = CARTESIAN_POINT('',(180.,156.,56.));
#5074 = GEOMETRIC_CURVE_SET('',(#5075));
#5075 = TRIMMED_CURVE('',#5076,(#5080,PARAMETER_VALUE(0.)),(#5081,
    PARAMETER_VALUE(29.)),.T.,.PARAMETER.);
#5076 = LINE('',#5077,#5078);
#5077 = CARTESIAN_POINT('',(180.,156.,56.));
#5078 = VECTOR('',#5079,1.);
#5079 = DIRECTION('',(0.,1.,0.));
#5080 = CARTESIAN_POINT('',(180.,156.,56.));
#5081 = CARTESIAN_POINT('',(180.,185.,56.));
#5082 = GEOMETRIC_CURVE_SET('',(#5083));
#5083 = TRIMMED_CURVE('',#5084,(#5088,PARAMETER_VALUE(0.)),(#5089,
    PARAMETER_VALUE(29.)),.T.,.PARAMETER.);
#5084 = LINE('',#5085,#5086);
#5085 = CARTESIAN_POINT('',(180.,185.,27.));
#5086 = VECTOR('',#5087,1.);
#5087 = DIRECTION('',(0.,0.,1.));
#5088 = CARTESIAN_POINT('',(180.,185.,27.));
#5089 = CARTESIAN_POINT('',(180.,185.,56.));
#5090 = GEOMETRIC_CURVE_SET('',(#5091));
#5091 = TRIMMED_CURVE('',#5092,(#5096,PARAMETER_VALUE(0.)),(#5097,
    PARAMETER_VALUE(29.)),.T.,.PARAMETER.);
#5092 = LINE('',#5093,#5094);
#5093 = CARTESIAN_POINT('',(180.,156.,27.));
#5094 = VECTOR('',#5095,1.);
#5095 = DIRECTION('',(0.,1.,0.));
#5096 = CARTESIAN_POINT('',(180.,156.,27.));
#5097 = CARTESIAN_POINT('',(180.,185.,27.));
#5098 = GEOMETRIC_CURVE_SET('',(#5099));
#5099 = TRIMMED_CURVE('',#5100,(#5104,PARAMETER_VALUE(0.)),(#5105,
    PARAMETER_VALUE(29.)),.T.,.PARAMETER.);
#5100 = LINE('',#5101,#5102);
#5101 = CARTESIAN_POINT('',(246.,156.,27.));
#5102 = VECTOR('',#5103,1.);
#5103 = DIRECTION('',(0.,0.,1.));
#5104 = CARTESIAN_POINT('',(246.,156.,27.));
#5105 = CARTESIAN_POINT('',(246.,156.,56.));
#5106 = GEOMETRIC_CURVE_SET('',(#5107));
#5107 = TRIMMED_CURVE('',#5108,(#5112,PARAMETER_VALUE(0.)),(#5113,
    PARAMETER_VALUE(29.)),.T.,.PARAMETER.);
#5108 = LINE('',#5109,#5110);
#5109 = CARTESIAN_POINT('',(246.,156.,56.));
#5110 = VECTOR('',#5111,1.);
#5111 = DIRECTION('',(0.,1.,0.));
#5112 = CARTESIAN_POINT('',(246.,156.,56.));
#5113 = CARTESIAN_POINT('',(246.,185.,56.));
#5114 = GEOMETRIC_CURVE_SET('',(#5115));
#5115 = TRIMMED_CURVE('',#5116,(#5120,PARAMETER_VALUE(0.)),(#5121,
    PARAMETER_VALUE(29.)),.T.,.PARAMETER.);
#5116 = LINE('',#5117,#5118);
#5117 = CARTESIAN_POINT('',(246.,185.,27.));
#5118 = VECTOR('',#5119,1.);
#5119 = DIRECTION('',(0.,0.,1.));
#5120 = CARTESIAN_POINT('',(246.,185.,27.));
#5121 = CARTESIAN_POINT('',(246.,185.,56.));
#5122 = GEOMETRIC_CURVE_SET('',(#5123));
#5123 = TRIMMED_CURVE('',#5124,(#5128,PARAMETER_VALUE(0.)),(#5129,
    PARAMETER_VALUE(29.)),.T.,.PARAMETER.);
#5124 = LINE('',#5125,#5126);
#5125 = CARTESIAN_POINT('',(246.,156.,27.));
#5126 = VECTOR('',#5127,1.);
#5127 = DIRECTION('',(0.,1.,0.));
#5128 = CARTESIAN_POINT('',(246.,156.,27.));
#5129 = CARTESIAN_POINT('',(246.,185.,27.));
#5130 = GEOMETRIC_CURVE_SET('',(#5131));
#5131 = TRIMMED_CURVE('',#5132,(#5136,PARAMETER_VALUE(0.)),(#5137,
    PARAMETER_VALUE(66.)),.T.,.PARAMETER.);
#5132 = LINE('',#5133,#5134);
#5133 = CARTESIAN_POINT('',(180.,156.,27.));
#5134 = VECTOR('',#5135,1.);
#5135 = DIRECTION('',(1.,0.,0.));
#5136 = CARTESIAN_POINT('',(180.,156.,27.));
#5137 = CARTESIAN_POINT('',(246.,156.,27.));
#5138 = GEOMETRIC_CURVE_SET('',(#5139));
#5139 = TRIMMED_CURVE('',#5140,(#5144,PARAMETER_VALUE(0.)),(#5145,
    PARAMETER_VALUE(66.)),.T.,.PARAMETER.);
#5140 = LINE('',#5141,#5142);
#5141 = CARTESIAN_POINT('',(180.,156.,56.));
#5142 = VECTOR('',#5143,1.);
#5143 = DIRECTION('',(1.,0.,0.));
#5144 = CARTESIAN_POINT('',(180.,156.,56.));
#5145 = CARTESIAN_POINT('',(246.,156.,56.));
#5146 = GEOMETRIC_CURVE_SET('',(#5147));
#5147 = TRIMMED_CURVE('',#5148,(#5152,PARAMETER_VALUE(0.)),(#5153,
    PARAMETER_VALUE(66.)),.T.,.PARAMETER.);
#5148 = LINE('',#5149,#5150);
#5149 = CARTESIAN_POINT('',(180.,185.,27.));
#5150 = VECTOR('',#5151,1.);
#5151 = DIRECTION('',(1.,0.,0.));
#5152 = CARTESIAN_POINT('',(180.,185.,27.));
#5153 = CARTESIAN_POINT('',(246.,185.,27.));
#5154 = GEOMETRIC_CURVE_SET('',(#5155));
#5155 = TRIMMED_CURVE('',#5156,(#5160,PARAMETER_VALUE(0.)),(#5161,
    PARAMETER_VALUE(66.)),.T.,.PARAMETER.);
#5156 = LINE('',#5157,#5158);
#5157 = CARTESIAN_POINT('',(180.,185.,56.));
#5158 = VECTOR('',#5159,1.);
#5159 = DIRECTION('',(1.,0.,0.));
#5160 = CARTESIAN_POINT('',(180.,185.,56.));
#5161 = CARTESIAN_POINT('',(246.,185.,56.));
#5162 = GEOMETRIC_CURVE_SET('',(#5163));
#5163 = TRIMMED_CURVE('',#5164,(#5168,PARAMETER_VALUE(0.)),(#5169,
    PARAMETER_VALUE(80.)),.T.,.PARAMETER.);
#5164 = LINE('',#5165,#5166);
#5165 = CARTESIAN_POINT('',(26.,157.,23.));
#5166 = VECTOR('',#5167,1.);
#5167 = DIRECTION('',(0.,0.,1.));
#5168 = CARTESIAN_POINT('',(26.,157.,23.));
#5169 = CARTESIAN_POINT('',(26.,157.,103.));
#5170 = GEOMETRIC_CURVE_SET('',(#5171));
#5171 = TRIMMED_CURVE('',#5172,(#5176,PARAMETER_VALUE(0.)),(#5177,
    PARAMETER_VALUE(105.)),.T.,.PARAMETER.);
#5172 = LINE('',#5173,#5174);
#5173 = CARTESIAN_POINT('',(26.,157.,103.));
#5174 = VECTOR('',#5175,1.);
#5175 = DIRECTION('',(0.,1.,0.));
#5176 = CARTESIAN_POINT('',(26.,157.,103.));
#5177 = CARTESIAN_POINT('',(26.,262.,103.));
#5178 = GEOMETRIC_CURVE_SET('',(#5179));
#5179 = TRIMMED_CURVE('',#5180,(#5184,PARAMETER_VALUE(0.)),(#5185,
    PARAMETER_VALUE(80.)),.T.,.PARAMETER.);
#5180 = LINE('',#5181,#5182);
#5181 = CARTESIAN_POINT('',(26.,262.,23.));
#5182 = VECTOR('',#5183,1.);
#5183 = DIRECTION('',(0.,0.,1.));
#5184 = CARTESIAN_POINT('',(26.,262.,23.));
#5185 = CARTESIAN_POINT('',(26.,262.,103.));
#5186 = GEOMETRIC_CURVE_SET('',(#5187));
#5187 = TRIMMED_CURVE('',#5188,(#5192,PARAMETER_VALUE(0.)),(#5193,
    PARAMETER_VALUE(105.)),.T.,.PARAMETER.);
#5188 = LINE('',#5189,#5190);
#5189 = CARTESIAN_POINT('',(26.,157.,23.));
#5190 = VECTOR('',#5191,1.);
#5191 = DIRECTION('',(0.,1.,0.));
#5192 = CARTESIAN_POINT('',(26.,157.,23.));
#5193 = CARTESIAN_POINT('',(26.,262.,23.));
#5194 = GEOMETRIC_CURVE_SET('',(#5195));
#5195 = TRIMMED_CURVE('',#5196,(#5200,PARAMETER_VALUE(0.)),(#5201,
    PARAMETER_VALUE(80.)),.T.,.PARAMETER.);
#5196 = LINE('',#5197,#5198);
#5197 = CARTESIAN_POINT('',(92.,157.,23.));
#5198 = VECTOR('',#5199,1.);
#5199 = DIRECTION('',(0.,0.,1.));
#5200 = CARTESIAN_POINT('',(92.,157.,23.));
#5201 = CARTESIAN_POINT('',(92.,157.,103.));
#5202 = GEOMETRIC_CURVE_SET('',(#5203));
#5203 = TRIMMED_CURVE('',#5204,(#5208,PARAMETER_VALUE(0.)),(#5209,
    PARAMETER_VALUE(105.)),.T.,.PARAMETER.);
#5204 = LINE('',#5205,#5206);
#5205 = CARTESIAN_POINT('',(92.,157.,103.));
#5206 = VECTOR('',#5207,1.);
#5207 = DIRECTION('',(0.,1.,0.));
#5208 = CARTESIAN_POINT('',(92.,157.,103.));
#5209 = CARTESIAN_POINT('',(92.,262.,103.));
#5210 = GEOMETRIC_CURVE_SET('',(#5211));
#5211 = TRIMMED_CURVE('',#5212,(#5216,PARAMETER_VALUE(0.)),(#5217,
    PARAMETER_VALUE(80.)),.T.,.PARAMETER.);
#5212 = LINE('',#5213,#5214);
#5213 = CARTESIAN_POINT('',(92.,262.,23.));
#5214 = VECTOR('',#5215,1.);
#5215 = DIRECTION('',(0.,0.,1.));
#5216 = CARTESIAN_POINT('',(92.,262.,23.));
#5217 = CARTESIAN_POINT('',(92.,262.,103.));
#5218 = GEOMETRIC_CURVE_SET('',(#5219));
#5219 = TRIMMED_CURVE('',#5220,(#5224,PARAMETER_VALUE(0.)),(#5225,
    PARAMETER_VALUE(105.)),.T.,.PARAMETER.);
#5220 = LINE('',#5221,#5222);
#5221 = CARTESIAN_POINT('',(92.,157.,23.));
#5222 = VECTOR('',#5223,1.);
#5223 = DIRECTION('',(0.,1.,0.));
#5224 = CARTESIAN_POINT('',(92.,157.,23.));
#5225 = CARTESIAN_POINT('',(92.,262.,23.));
#5226 = GEOMETRIC_CURVE_SET('',(#5227));
#5227 = TRIMMED_CURVE('',#5228,(#5232,PARAMETER_VALUE(0.)),(#5233,
    PARAMETER_VALUE(66.)),.T.,.PARAMETER.);
#5228 = LINE('',#5229,#5230);
#5229 = CARTESIAN_POINT('',(26.,157.,23.));
#5230 = VECTOR('',#5231,1.);
#5231 = DIRECTION('',(1.,0.,0.));
#5232 = CARTESIAN_POINT('',(26.,157.,23.));
#5233 = CARTESIAN_POINT('',(92.,157.,23.));
#5234 = GEOMETRIC_CURVE_SET('',(#5235));
#5235 = TRIMMED_CURVE('',#5236,(#5240,PARAMETER_VALUE(0.)),(#5241,
    PARAMETER_VALUE(66.)),.T.,.PARAMETER.);
#5236 = LINE('',#5237,#5238);
#5237 = CARTESIAN_POINT('',(26.,157.,103.));
#5238 = VECTOR('',#5239,1.);
#5239 = DIRECTION('',(1.,0.,0.));
#5240 = CARTESIAN_POINT('',(26.,157.,103.));
#5241 = CARTESIAN_POINT('',(92.,157.,103.));
#5242 = GEOMETRIC_CURVE_SET('',(#5243));
#5243 = TRIMMED_CURVE('',#5244,(#5248,PARAMETER_VALUE(0.)),(#5249,
    PARAMETER_VALUE(66.)),.T.,.PARAMETER.);
#5244 = LINE('',#5245,#5246);
#5245 = CARTESIAN_POINT('',(26.,262.,23.));
#5246 = VECTOR('',#5247,1.);
#5247 = DIRECTION('',(1.,0.,0.));
#5248 = CARTESIAN_POINT('',(26.,262.,23.));
#5249 = CARTESIAN_POINT('',(92.,262.,23.));
#5250 = GEOMETRIC_CURVE_SET('',(#5251));
#5251 = TRIMMED_CURVE('',#5252,(#5256,PARAMETER_VALUE(0.)),(#5257,
    PARAMETER_VALUE(66.)),.T.,.PARAMETER.);
#5252 = LINE('',#5253,#5254);
#5253 = CARTESIAN_POINT('',(26.,262.,103.));
#5254 = VECTOR('',#5255,1.);
#5255 = DIRECTION('',(1.,0.,0.));
#5256 = CARTESIAN_POINT('',(26.,262.,103.));
#5257 = CARTESIAN_POINT('',(92.,262.,103.));
#5258 = GEOMETRIC_CURVE_SET('',(#5259));
#5259 = TRIMMED_CURVE('',#5260,(#5264,PARAMETER_VALUE(0.)),(#5265,
    PARAMETER_VALUE(47.)),.T.,.PARAMETER.);
#5260 = LINE('',#5261,#5262);
#5261 = CARTESIAN_POINT('',(102.,194.,66.));
#5262 = VECTOR('',#5263,1.);
#5263 = DIRECTION('',(0.,0.,1.));
#5264 = CARTESIAN_POINT('',(102.,194.,66.));
#5265 = CARTESIAN_POINT('',(102.,194.,113.));
#5266 = GEOMETRIC_CURVE_SET('',(#5267));
#5267 = TRIMMED_CURVE('',#5268,(#5272,PARAMETER_VALUE(0.)),(#5273,
    PARAMETER_VALUE(56.)),.T.,.PARAMETER.);
#5268 = LINE('',#5269,#5270);
#5269 = CARTESIAN_POINT('',(102.,194.,113.));
#5270 = VECTOR('',#5271,1.);
#5271 = DIRECTION('',(0.,1.,0.));
#5272 = CARTESIAN_POINT('',(102.,194.,113.));
#5273 = CARTESIAN_POINT('',(102.,250.,113.));
#5274 = GEOMETRIC_CURVE_SET('',(#5275));
#5275 = TRIMMED_CURVE('',#5276,(#5280,PARAMETER_VALUE(0.)),(#5281,
    PARAMETER_VALUE(47.)),.T.,.PARAMETER.);
#5276 = LINE('',#5277,#5278);
#5277 = CARTESIAN_POINT('',(102.,250.,66.));
#5278 = VECTOR('',#5279,1.);
#5279 = DIRECTION('',(0.,0.,1.));
#5280 = CARTESIAN_POINT('',(102.,250.,66.));
#5281 = CARTESIAN_POINT('',(102.,250.,113.));
#5282 = GEOMETRIC_CURVE_SET('',(#5283));
#5283 = TRIMMED_CURVE('',#5284,(#5288,PARAMETER_VALUE(0.)),(#5289,
    PARAMETER_VALUE(56.)),.T.,.PARAMETER.);
#5284 = LINE('',#5285,#5286);
#5285 = CARTESIAN_POINT('',(102.,194.,66.));
#5286 = VECTOR('',#5287,1.);
#5287 = DIRECTION('',(0.,1.,0.));
#5288 = CARTESIAN_POINT('',(102.,194.,66.));
#5289 = CARTESIAN_POINT('',(102.,250.,66.));
#5290 = GEOMETRIC_CURVE_SET('',(#5291));
#5291 = TRIMMED_CURVE('',#5292,(#5296,PARAMETER_VALUE(0.)),(#5297,
    PARAMETER_VALUE(47.)),.T.,.PARAMETER.);
#5292 = LINE('',#5293,#5294);
#5293 = CARTESIAN_POINT('',(178.,194.,66.));
#5294 = VECTOR('',#5295,1.);
#5295 = DIRECTION('',(0.,0.,1.));
#5296 = CARTESIAN_POINT('',(178.,194.,66.));
#5297 = CARTESIAN_POINT('',(178.,194.,113.));
#5298 = GEOMETRIC_CURVE_SET('',(#5299));
#5299 = TRIMMED_CURVE('',#5300,(#5304,PARAMETER_VALUE(0.)),(#5305,
    PARAMETER_VALUE(56.)),.T.,.PARAMETER.);
#5300 = LINE('',#5301,#5302);
#5301 = CARTESIAN_POINT('',(178.,194.,113.));
#5302 = VECTOR('',#5303,1.);
#5303 = DIRECTION('',(0.,1.,0.));
#5304 = CARTESIAN_POINT('',(178.,194.,113.));
#5305 = CARTESIAN_POINT('',(178.,250.,113.));
#5306 = GEOMETRIC_CURVE_SET('',(#5307));
#5307 = TRIMMED_CURVE('',#5308,(#5312,PARAMETER_VALUE(0.)),(#5313,
    PARAMETER_VALUE(47.)),.T.,.PARAMETER.);
#5308 = LINE('',#5309,#5310);
#5309 = CARTESIAN_POINT('',(178.,250.,66.));
#5310 = VECTOR('',#5311,1.);
#5311 = DIRECTION('',(0.,0.,1.));
#5312 = CARTESIAN_POINT('',(178.,250.,66.));
#5313 = CARTESIAN_POINT('',(178.,250.,113.));
#5314 = GEOMETRIC_CURVE_SET('',(#5315));
#5315 = TRIMMED_CURVE('',#5316,(#5320,PARAMETER_VALUE(0.)),(#5321,
    PARAMETER_VALUE(56.)),.T.,.PARAMETER.);
#5316 = LINE('',#5317,#5318);
#5317 = CARTESIAN_POINT('',(178.,194.,66.));
#5318 = VECTOR('',#5319,1.);
#5319 = DIRECTION('',(0.,1.,0.));
#5320 = CARTESIAN_POINT('',(178.,194.,66.));
#5321 = CARTESIAN_POINT('',(178.,250.,66.));
#5322 = GEOMETRIC_CURVE_SET('',(#5323));
#5323 = TRIMMED_CURVE('',#5324,(#5328,PARAMETER_VALUE(0.)),(#5329,
    PARAMETER_VALUE(76.)),.T.,.PARAMETER.);
#5324 = LINE('',#5325,#5326);
#5325 = CARTESIAN_POINT('',(102.,194.,66.));
#5326 = VECTOR('',#5327,1.);
#5327 = DIRECTION('',(1.,0.,0.));
#5328 = CARTESIAN_POINT('',(102.,194.,66.));
#5329 = CARTESIAN_POINT('',(178.,194.,66.));
#5330 = GEOMETRIC_CURVE_SET('',(#5331));
#5331 = TRIMMED_CURVE('',#5332,(#5336,PARAMETER_VALUE(0.)),(#5337,
    PARAMETER_VALUE(76.)),.T.,.PARAMETER.);
#5332 = LINE('',#5333,#5334);
#5333 = CARTESIAN_POINT('',(102.,194.,113.));
#5334 = VECTOR('',#5335,1.);
#5335 = DIRECTION('',(1.,0.,0.));
#5336 = CARTESIAN_POINT('',(102.,194.,113.));
#5337 = CARTESIAN_POINT('',(178.,194.,113.));
#5338 = GEOMETRIC_CURVE_SET('',(#5339));
#5339 = TRIMMED_CURVE('',#5340,(#5344,PARAMETER_VALUE(0.)),(#5345,
    PARAMETER_VALUE(76.)),.T.,.PARAMETER.);
#5340 = LINE('',#5341,#5342);
#5341 = CARTESIAN_POINT('',(102.,250.,66.));
#5342 = VECTOR('',#5343,1.);
#5343 = DIRECTION('',(1.,0.,0.));
#5344 = CARTESIAN_POINT('',(102.,250.,66.));
#5345 = CARTESIAN_POINT('',(178.,250.,66.));
#5346 = GEOMETRIC_CURVE_SET('',(#5347));
#5347 = TRIMMED_CURVE('',#5348,(#5352,PARAMETER_VALUE(0.)),(#5353,
    PARAMETER_VALUE(76.)),.T.,.PARAMETER.);
#5348 = LINE('',#5349,#5350);
#5349 = CARTESIAN_POINT('',(102.,250.,113.));
#5350 = VECTOR('',#5351,1.);
#5351 = DIRECTION('',(1.,0.,0.));
#5352 = CARTESIAN_POINT('',(102.,250.,113.));
#5353 = CARTESIAN_POINT('',(178.,250.,113.));
#5354 = GEOMETRIC_CURVE_SET('',(#5355));
#5355 = TRIMMED_CURVE('',#5356,(#5360,PARAMETER_VALUE(0.)),(#5361,
    PARAMETER_VALUE(49.)),.T.,.PARAMETER.);
#5356 = LINE('',#5357,#5358);
#5357 = CARTESIAN_POINT('',(191.,194.,66.));
#5358 = VECTOR('',#5359,1.);
#5359 = DIRECTION('',(0.,0.,1.));
#5360 = CARTESIAN_POINT('',(191.,194.,66.));
#5361 = CARTESIAN_POINT('',(191.,194.,115.));
#5362 = GEOMETRIC_CURVE_SET('',(#5363));
#5363 = TRIMMED_CURVE('',#5364,(#5368,PARAMETER_VALUE(0.)),(#5369,
    PARAMETER_VALUE(46.)),.T.,.PARAMETER.);
#5364 = LINE('',#5365,#5366);
#5365 = CARTESIAN_POINT('',(191.,194.,115.));
#5366 = VECTOR('',#5367,1.);
#5367 = DIRECTION('',(0.,1.,0.));
#5368 = CARTESIAN_POINT('',(191.,194.,115.));
#5369 = CARTESIAN_POINT('',(191.,240.,115.));
#5370 = GEOMETRIC_CURVE_SET('',(#5371));
#5371 = TRIMMED_CURVE('',#5372,(#5376,PARAMETER_VALUE(0.)),(#5377,
    PARAMETER_VALUE(49.)),.T.,.PARAMETER.);
#5372 = LINE('',#5373,#5374);
#5373 = CARTESIAN_POINT('',(191.,240.,66.));
#5374 = VECTOR('',#5375,1.);
#5375 = DIRECTION('',(0.,0.,1.));
#5376 = CARTESIAN_POINT('',(191.,240.,66.));
#5377 = CARTESIAN_POINT('',(191.,240.,115.));
#5378 = GEOMETRIC_CURVE_SET('',(#5379));
#5379 = TRIMMED_CURVE('',#5380,(#5384,PARAMETER_VALUE(0.)),(#5385,
    PARAMETER_VALUE(46.)),.T.,.PARAMETER.);
#5380 = LINE('',#5381,#5382);
#5381 = CARTESIAN_POINT('',(191.,194.,66.));
#5382 = VECTOR('',#5383,1.);
#5383 = DIRECTION('',(0.,1.,0.));
#5384 = CARTESIAN_POINT('',(191.,194.,66.));
#5385 = CARTESIAN_POINT('',(191.,240.,66.));
#5386 = GEOMETRIC_CURVE_SET('',(#5387));
#5387 = TRIMMED_CURVE('',#5388,(#5392,PARAMETER_VALUE(0.)),(#5393,
    PARAMETER_VALUE(49.)),.T.,.PARAMETER.);
#5388 = LINE('',#5389,#5390);
#5389 = CARTESIAN_POINT('',(262.,194.,66.));
#5390 = VECTOR('',#5391,1.);
#5391 = DIRECTION('',(0.,0.,1.));
#5392 = CARTESIAN_POINT('',(262.,194.,66.));
#5393 = CARTESIAN_POINT('',(262.,194.,115.));
#5394 = GEOMETRIC_CURVE_SET('',(#5395));
#5395 = TRIMMED_CURVE('',#5396,(#5400,PARAMETER_VALUE(0.)),(#5401,
    PARAMETER_VALUE(46.)),.T.,.PARAMETER.);
#5396 = LINE('',#5397,#5398);
#5397 = CARTESIAN_POINT('',(262.,194.,115.));
#5398 = VECTOR('',#5399,1.);
#5399 = DIRECTION('',(0.,1.,0.));
#5400 = CARTESIAN_POINT('',(262.,194.,115.));
#5401 = CARTESIAN_POINT('',(262.,240.,115.));
#5402 = GEOMETRIC_CURVE_SET('',(#5403));
#5403 = TRIMMED_CURVE('',#5404,(#5408,PARAMETER_VALUE(0.)),(#5409,
    PARAMETER_VALUE(49.)),.T.,.PARAMETER.);
#5404 = LINE('',#5405,#5406);
#5405 = CARTESIAN_POINT('',(262.,240.,66.));
#5406 = VECTOR('',#5407,1.);
#5407 = DIRECTION('',(0.,0.,1.));
#5408 = CARTESIAN_POINT('',(262.,240.,66.));
#5409 = CARTESIAN_POINT('',(262.,240.,115.));
#5410 = GEOMETRIC_CURVE_SET('',(#5411));
#5411 = TRIMMED_CURVE('',#5412,(#5416,PARAMETER_VALUE(0.)),(#5417,
    PARAMETER_VALUE(46.)),.T.,.PARAMETER.);
#5412 = LINE('',#5413,#5414);
#5413 = CARTESIAN_POINT('',(262.,194.,66.));
#5414 = VECTOR('',#5415,1.);
#5415 = DIRECTION('',(0.,1.,0.));
#5416 = CARTESIAN_POINT('',(262.,194.,66.));
#5417 = CARTESIAN_POINT('',(262.,240.,66.));
#5418 = GEOMETRIC_CURVE_SET('',(#5419));
#5419 = TRIMMED_CURVE('',#5420,(#5424,PARAMETER_VALUE(0.)),(#5425,
    PARAMETER_VALUE(71.)),.T.,.PARAMETER.);
#5420 = LINE('',#5421,#5422);
#5421 = CARTESIAN_POINT('',(191.,194.,66.));
#5422 = VECTOR('',#5423,1.);
#5423 = DIRECTION('',(1.,0.,0.));
#5424 = CARTESIAN_POINT('',(191.,194.,66.));
#5425 = CARTESIAN_POINT('',(262.,194.,66.));
#5426 = GEOMETRIC_CURVE_SET('',(#5427));
#5427 = TRIMMED_CURVE('',#5428,(#5432,PARAMETER_VALUE(0.)),(#5433,
    PARAMETER_VALUE(71.)),.T.,.PARAMETER.);
#5428 = LINE('',#5429,#5430);
#5429 = CARTESIAN_POINT('',(191.,194.,115.));
#5430 = VECTOR('',#5431,1.);
#5431 = DIRECTION('',(1.,0.,0.));
#5432 = CARTESIAN_POINT('',(191.,194.,115.));
#5433 = CARTESIAN_POINT('',(262.,194.,115.));
#5434 = GEOMETRIC_CURVE_SET('',(#5435));
#5435 = TRIMMED_CURVE('',#5436,(#5440,PARAMETER_VALUE(0.)),(#5441,
    PARAMETER_VALUE(71.)),.T.,.PARAMETER.);
#5436 = LINE('',#5437,#5438);
#5437 = CARTESIAN_POINT('',(191.,240.,66.));
#5438 = VECTOR('',#5439,1.);
#5439 = DIRECTION('',(1.,0.,0.));
#5440 = CARTESIAN_POINT('',(191.,240.,66.));
#5441 = CARTESIAN_POINT('',(262.,240.,66.));
#5442 = GEOMETRIC_CURVE_SET('',(#5443));
#5443 = TRIMMED_CURVE('',#5444,(#5448,PARAMETER_VALUE(0.)),(#5449,
    PARAMETER_VALUE(71.)),.T.,.PARAMETER.);
#5444 = LINE('',#5445,#5446);
#5445 = CARTESIAN_POINT('',(191.,240.,115.));
#5446 = VECTOR('',#5447,1.);
#5447 = DIRECTION('',(1.,0.,0.));
#5448 = CARTESIAN_POINT('',(191.,240.,115.));
#5449 = CARTESIAN_POINT('',(262.,240.,115.));
#5450 = GEOMETRIC_CURVE_SET('',(#5451));
#5451 = TRIMMED_CURVE('',#5452,(#5456,PARAMETER_VALUE(0.)),(#5457,
    PARAMETER_VALUE(24.)),.T.,.PARAMETER.);
#5452 = LINE('',#5453,#5454);
#5453 = CARTESIAN_POINT('',(2.,2.,2.));
#5454 = VECTOR('',#5455,1.);
#5455 = DIRECTION('',(0.,0.,1.));
#5456 = CARTESIAN_POINT('',(2.,2.,2.));
#5457 = CARTESIAN_POINT('',(2.,2.,26.));
#5458 = GEOMETRIC_CURVE_SET('',(#5459));
#5459 = TRIMMED_CURVE('',#5460,(#5464,PARAMETER_VALUE(0.)),(#5465,
    PARAMETER_VALUE(24.)),.T.,.PARAMETER.);
#5460 = LINE('',#5461,#5462);
#5461 = CARTESIAN_POINT('',(2.,2.,26.));
#5462 = VECTOR('',#5463,1.);
#5463 = DIRECTION('',(0.,1.,0.));
#5464 = CARTESIAN_POINT('',(2.,2.,26.));
#5465 = CARTESIAN_POINT('',(2.,26.,26.));
#5466 = GEOMETRIC_CURVE_SET('',(#5467));
#5467 = TRIMMED_CURVE('',#5468,(#5472,PARAMETER_VALUE(0.)),(#5473,
    PARAMETER_VALUE(24.)),.T.,.PARAMETER.);
#5468 = LINE('',#5469,#5470);
#5469 = CARTESIAN_POINT('',(2.,26.,2.));
#5470 = VECTOR('',#5471,1.);
#5471 = DIRECTION('',(0.,0.,1.));
#5472 = CARTESIAN_POINT('',(2.,26.,2.));
#5473 = CARTESIAN_POINT('',(2.,26.,26.));
#5474 = GEOMETRIC_CURVE_SET('',(#5475));
#5475 = TRIMMED_CURVE('',#5476,(#5480,PARAMETER_VALUE(0.)),(#5481,
    PARAMETER_VALUE(24.)),.T.,.PARAMETER.);
#5476 = LINE('',#5477,#5478);
#5477 = CARTESIAN_POINT('',(2.,2.,2.));
#5478 = VECTOR('',#5479,1.);
#5479 = DIRECTION('',(0.,1.,0.));
#5480 = CARTESIAN_POINT('',(2.,2.,2.));
#5481 = CARTESIAN_POINT('',(2.,26.,2.));
#5482 = GEOMETRIC_CURVE_SET('',(#5483));
#5483 = TRIMMED_CURVE('',#5484,(#5488,PARAMETER_VALUE(0.)),(#5489,
    PARAMETER_VALUE(24.)),.T.,.PARAMETER.);
#5484 = LINE('',#5485,#5486);
#5485 = CARTESIAN_POINT('',(18.,2.,2.));
#5486 = VECTOR('',#5487,1.);
#5487 = DIRECTION('',(0.,0.,1.));
#5488 = CARTESIAN_POINT('',(18.,2.,2.));
#5489 = CARTESIAN_POINT('',(18.,2.,26.));
#5490 = GEOMETRIC_CURVE_SET('',(#5491));
#5491 = TRIMMED_CURVE('',#5492,(#5496,PARAMETER_VALUE(0.)),(#5497,
    PARAMETER_VALUE(24.)),.T.,.PARAMETER.);
#5492 = LINE('',#5493,#5494);
#5493 = CARTESIAN_POINT('',(18.,2.,26.));
#5494 = VECTOR('',#5495,1.);
#5495 = DIRECTION('',(0.,1.,0.));
#5496 = CARTESIAN_POINT('',(18.,2.,26.));
#5497 = CARTESIAN_POINT('',(18.,26.,26.));
#5498 = GEOMETRIC_CURVE_SET('',(#5499));
#5499 = TRIMMED_CURVE('',#5500,(#5504,PARAMETER_VALUE(0.)),(#5505,
    PARAMETER_VALUE(24.)),.T.,.PARAMETER.);
#5500 = LINE('',#5501,#5502);
#5501 = CARTESIAN_POINT('',(18.,26.,2.));
#5502 = VECTOR('',#5503,1.);
#5503 = DIRECTION('',(0.,0.,1.));
#5504 = CARTESIAN_POINT('',(18.,26.,2.));
#5505 = CARTESIAN_POINT('',(18.,26.,26.));
#5506 = GEOMETRIC_CURVE_SET('',(#5507));
#5507 = TRIMMED_CURVE('',#5508,(#5512,PARAMETER_VALUE(0.)),(#5513,
    PARAMETER_VALUE(24.)),.T.,.PARAMETER.);
#5508 = LINE('',#5509,#5510);
#5509 = CARTESIAN_POINT('',(18.,2.,2.));
#5510 = VECTOR('',#5511,1.);
#5511 = DIRECTION('',(0.,1.,0.));
#5512 = CARTESIAN_POINT('',(18.,2.,2.));
#5513 = CARTESIAN_POINT('',(18.,26.,2.));
#5514 = GEOMETRIC_CURVE_SET('',(#5515));
#5515 = TRIMMED_CURVE('',#5516,(#5520,PARAMETER_VALUE(0.)),(#5521,
    PARAMETER_VALUE(16.)),.T.,.PARAMETER.);
#5516 = LINE('',#5517,#5518);
#5517 = CARTESIAN_POINT('',(2.,2.,2.));
#5518 = VECTOR('',#5519,1.);
#5519 = DIRECTION('',(1.,0.,0.));
#5520 = CARTESIAN_POINT('',(2.,2.,2.));
#5521 = CARTESIAN_POINT('',(18.,2.,2.));
#5522 = GEOMETRIC_CURVE_SET('',(#5523));
#5523 = TRIMMED_CURVE('',#5524,(#5528,PARAMETER_VALUE(0.)),(#5529,
    PARAMETER_VALUE(16.)),.T.,.PARAMETER.);
#5524 = LINE('',#5525,#5526);
#5525 = CARTESIAN_POINT('',(2.,2.,26.));
#5526 = VECTOR('',#5527,1.);
#5527 = DIRECTION('',(1.,0.,0.));
#5528 = CARTESIAN_POINT('',(2.,2.,26.));
#5529 = CARTESIAN_POINT('',(18.,2.,26.));
#5530 = GEOMETRIC_CURVE_SET('',(#5531));
#5531 = TRIMMED_CURVE('',#5532,(#5536,PARAMETER_VALUE(0.)),(#5537,
    PARAMETER_VALUE(16.)),.T.,.PARAMETER.);
#5532 = LINE('',#5533,#5534);
#5533 = CARTESIAN_POINT('',(2.,26.,2.));
#5534 = VECTOR('',#5535,1.);
#5535 = DIRECTION('',(1.,0.,0.));
#5536 = CARTESIAN_POINT('',(2.,26.,2.));
#5537 = CARTESIAN_POINT('',(18.,26.,2.));
#5538 = GEOMETRIC_CURVE_SET('',(#5539));
#5539 = TRIMMED_CURVE('',#5540,(#5544,PARAMETER_VALUE(0.)),(#5545,
    PARAMETER_VALUE(16.)),.T.,.PARAMETER.);
#5540 = LINE('',#5541,#5542);
#5541 = CARTESIAN_POINT('',(2.,26.,26.));
#5542 = VECTOR('',#5543,1.);
#5543 = DIRECTION('',(1.,0.,0.));
#5544 = CARTESIAN_POINT('',(2.,26.,26.));
#5545 = CARTESIAN_POINT('',(18.,26.,26.));
#5546 = GEOMETRIC_CURVE_SET('',(#5547));
#5547 = TRIMMED_CURVE('',#5548,(#5552,PARAMETER_VALUE(0.)),(#5553,
    PARAMETER_VALUE(24.)),.T.,.PARAMETER.);
#5548 = LINE('',#5549,#5550);
#5549 = CARTESIAN_POINT('',(257.,2.,2.));
#5550 = VECTOR('',#5551,1.);
#5551 = DIRECTION('',(0.,0.,1.));
#5552 = CARTESIAN_POINT('',(257.,2.,2.));
#5553 = CARTESIAN_POINT('',(257.,2.,26.));
#5554 = GEOMETRIC_CURVE_SET('',(#5555));
#5555 = TRIMMED_CURVE('',#5556,(#5560,PARAMETER_VALUE(0.)),(#5561,
    PARAMETER_VALUE(24.)),.T.,.PARAMETER.);
#5556 = LINE('',#5557,#5558);
#5557 = CARTESIAN_POINT('',(257.,2.,26.));
#5558 = VECTOR('',#5559,1.);
#5559 = DIRECTION('',(0.,1.,0.));
#5560 = CARTESIAN_POINT('',(257.,2.,26.));
#5561 = CARTESIAN_POINT('',(257.,26.,26.));
#5562 = GEOMETRIC_CURVE_SET('',(#5563));
#5563 = TRIMMED_CURVE('',#5564,(#5568,PARAMETER_VALUE(0.)),(#5569,
    PARAMETER_VALUE(24.)),.T.,.PARAMETER.);
#5564 = LINE('',#5565,#5566);
#5565 = CARTESIAN_POINT('',(257.,26.,2.));
#5566 = VECTOR('',#5567,1.);
#5567 = DIRECTION('',(0.,0.,1.));
#5568 = CARTESIAN_POINT('',(257.,26.,2.));
#5569 = CARTESIAN_POINT('',(257.,26.,26.));
#5570 = GEOMETRIC_CURVE_SET('',(#5571));
#5571 = TRIMMED_CURVE('',#5572,(#5576,PARAMETER_VALUE(0.)),(#5577,
    PARAMETER_VALUE(24.)),.T.,.PARAMETER.);
#5572 = LINE('',#5573,#5574);
#5573 = CARTESIAN_POINT('',(257.,2.,2.));
#5574 = VECTOR('',#5575,1.);
#5575 = DIRECTION('',(0.,1.,0.));
#5576 = CARTESIAN_POINT('',(257.,2.,2.));
#5577 = CARTESIAN_POINT('',(257.,26.,2.));
#5578 = GEOMETRIC_CURVE_SET('',(#5579));
#5579 = TRIMMED_CURVE('',#5580,(#5584,PARAMETER_VALUE(0.)),(#5585,
    PARAMETER_VALUE(24.)),.T.,.PARAMETER.);
#5580 = LINE('',#5581,#5582);
#5581 = CARTESIAN_POINT('',(273.,2.,2.));
#5582 = VECTOR('',#5583,1.);
#5583 = DIRECTION('',(0.,0.,1.));
#5584 = CARTESIAN_POINT('',(273.,2.,2.));
#5585 = CARTESIAN_POINT('',(273.,2.,26.));
#5586 = GEOMETRIC_CURVE_SET('',(#5587));
#5587 = TRIMMED_CURVE('',#5588,(#5592,PARAMETER_VALUE(0.)),(#5593,
    PARAMETER_VALUE(24.)),.T.,.PARAMETER.);
#5588 = LINE('',#5589,#5590);
#5589 = CARTESIAN_POINT('',(273.,2.,26.));
#5590 = VECTOR('',#5591,1.);
#5591 = DIRECTION('',(0.,1.,0.));
#5592 = CARTESIAN_POINT('',(273.,2.,26.));
#5593 = CARTESIAN_POINT('',(273.,26.,26.));
#5594 = GEOMETRIC_CURVE_SET('',(#5595));
#5595 = TRIMMED_CURVE('',#5596,(#5600,PARAMETER_VALUE(0.)),(#5601,
    PARAMETER_VALUE(24.)),.T.,.PARAMETER.);
#5596 = LINE('',#5597,#5598);
#5597 = CARTESIAN_POINT('',(273.,26.,2.));
#5598 = VECTOR('',#5599,1.);
#5599 = DIRECTION('',(0.,0.,1.));
#5600 = CARTESIAN_POINT('',(273.,26.,2.));
#5601 = CARTESIAN_POINT('',(273.,26.,26.));
#5602 = GEOMETRIC_CURVE_SET('',(#5603));
#5603 = TRIMMED_CURVE('',#5604,(#5608,PARAMETER_VALUE(0.)),(#5609,
    PARAMETER_VALUE(24.)),.T.,.PARAMETER.);
#5604 = LINE('',#5605,#5606);
#5605 = CARTESIAN_POINT('',(273.,2.,2.));
#5606 = VECTOR('',#5607,1.);
#5607 = DIRECTION('',(0.,1.,0.));
#5608 = CARTESIAN_POINT('',(273.,2.,2.));
#5609 = CARTESIAN_POINT('',(273.,26.,2.));
#5610 = GEOMETRIC_CURVE_SET('',(#5611));
#5611 = TRIMMED_CURVE('',#5612,(#5616,PARAMETER_VALUE(0.)),(#5617,
    PARAMETER_VALUE(16.)),.T.,.PARAMETER.);
#5612 = LINE('',#5613,#5614);
#5613 = CARTESIAN_POINT('',(257.,2.,2.));
#5614 = VECTOR('',#5615,1.);
#5615 = DIRECTION('',(1.,0.,0.));
#5616 = CARTESIAN_POINT('',(257.,2.,2.));
#5617 = CARTESIAN_POINT('',(273.,2.,2.));
#5618 = GEOMETRIC_CURVE_SET('',(#5619));
#5619 = TRIMMED_CURVE('',#5620,(#5624,PARAMETER_VALUE(0.)),(#5625,
    PARAMETER_VALUE(16.)),.T.,.PARAMETER.);
#5620 = LINE('',#5621,#5622);
#5621 = CARTESIAN_POINT('',(257.,2.,26.));
#5622 = VECTOR('',#5623,1.);
#5623 = DIRECTION('',(1.,0.,0.));
#5624 = CARTESIAN_POINT('',(257.,2.,26.));
#5625 = CARTESIAN_POINT('',(273.,2.,26.));
#5626 = GEOMETRIC_CURVE_SET('',(#5627));
#5627 = TRIMMED_CURVE('',#5628,(#5632,PARAMETER_VALUE(0.)),(#5633,
    PARAMETER_VALUE(16.)),.T.,.PARAMETER.);
#5628 = LINE('',#5629,#5630);
#5629 = CARTESIAN_POINT('',(257.,26.,2.));
#5630 = VECTOR('',#5631,1.);
#5631 = DIRECTION('',(1.,0.,0.));
#5632 = CARTESIAN_POINT('',(257.,26.,2.));
#5633 = CARTESIAN_POINT('',(273.,26.,2.));
#5634 = GEOMETRIC_CURVE_SET('',(#5635));
#5635 = TRIMMED_CURVE('',#5636,(#5640,PARAMETER_VALUE(0.)),(#5641,
    PARAMETER_VALUE(16.)),.T.,.PARAMETER.);
#5636 = LINE('',#5637,#5638);
#5637 = CARTESIAN_POINT('',(257.,26.,26.));
#5638 = VECTOR('',#5639,1.);
#5639 = DIRECTION('',(1.,0.,0.));
#5640 = CARTESIAN_POINT('',(257.,26.,26.));
#5641 = CARTESIAN_POINT('',(273.,26.,26.));
#5642 = GEOMETRIC_CURVE_SET('',(#5643));
#5643 = TRIMMED_CURVE('',#5644,(#5648,PARAMETER_VALUE(0.)),(#5649,
    PARAMETER_VALUE(27.)),.T.,.PARAMETER.);
#5644 = LINE('',#5645,#5646);
#5645 = CARTESIAN_POINT('',(4.,160.,58.));
#5646 = VECTOR('',#5647,1.);
#5647 = DIRECTION('',(0.,0.,1.));
#5648 = CARTESIAN_POINT('',(4.,160.,58.));
#5649 = CARTESIAN_POINT('',(4.,160.,85.));
#5650 = GEOMETRIC_CURVE_SET('',(#5651));
#5651 = TRIMMED_CURVE('',#5652,(#5656,PARAMETER_VALUE(0.)),(#5657,
    PARAMETER_VALUE(50.)),.T.,.PARAMETER.);
#5652 = LINE('',#5653,#5654);
#5653 = CARTESIAN_POINT('',(4.,160.,85.));
#5654 = VECTOR('',#5655,1.);
#5655 = DIRECTION('',(0.,1.,0.));
#5656 = CARTESIAN_POINT('',(4.,160.,85.));
#5657 = CARTESIAN_POINT('',(4.,210.,85.));
#5658 = GEOMETRIC_CURVE_SET('',(#5659));
#5659 = TRIMMED_CURVE('',#5660,(#5664,PARAMETER_VALUE(0.)),(#5665,
    PARAMETER_VALUE(27.)),.T.,.PARAMETER.);
#5660 = LINE('',#5661,#5662);
#5661 = CARTESIAN_POINT('',(4.,210.,58.));
#5662 = VECTOR('',#5663,1.);
#5663 = DIRECTION('',(0.,0.,1.));
#5664 = CARTESIAN_POINT('',(4.,210.,58.));
#5665 = CARTESIAN_POINT('',(4.,210.,85.));
#5666 = GEOMETRIC_CURVE_SET('',(#5667));
#5667 = TRIMMED_CURVE('',#5668,(#5672,PARAMETER_VALUE(0.)),(#5673,
    PARAMETER_VALUE(50.)),.T.,.PARAMETER.);
#5668 = LINE('',#5669,#5670);
#5669 = CARTESIAN_POINT('',(4.,160.,58.));
#5670 = VECTOR('',#5671,1.);
#5671 = DIRECTION('',(0.,1.,0.));
#5672 = CARTESIAN_POINT('',(4.,160.,58.));
#5673 = CARTESIAN_POINT('',(4.,210.,58.));
#5674 = GEOMETRIC_CURVE_SET('',(#5675));
#5675 = TRIMMED_CURVE('',#5676,(#5680,PARAMETER_VALUE(0.)),(#5681,
    PARAMETER_VALUE(27.)),.T.,.PARAMETER.);
#5676 = LINE('',#5677,#5678);
#5677 = CARTESIAN_POINT('',(22.,160.,58.));
#5678 = VECTOR('',#5679,1.);
#5679 = DIRECTION('',(0.,0.,1.));
#5680 = CARTESIAN_POINT('',(22.,160.,58.));
#5681 = CARTESIAN_POINT('',(22.,160.,85.));
#5682 = GEOMETRIC_CURVE_SET('',(#5683));
#5683 = TRIMMED_CURVE('',#5684,(#5688,PARAMETER_VALUE(0.)),(#5689,
    PARAMETER_VALUE(50.)),.T.,.PARAMETER.);
#5684 = LINE('',#5685,#5686);
#5685 = CARTESIAN_POINT('',(22.,160.,85.));
#5686 = VECTOR('',#5687,1.);
#5687 = DIRECTION('',(0.,1.,0.));
#5688 = CARTESIAN_POINT('',(22.,160.,85.));
#5689 = CARTESIAN_POINT('',(22.,210.,85.));
#5690 = GEOMETRIC_CURVE_SET('',(#5691));
#5691 = TRIMMED_CURVE('',#5692,(#5696,PARAMETER_VALUE(0.)),(#5697,
    PARAMETER_VALUE(27.)),.T.,.PARAMETER.);
#5692 = LINE('',#5693,#5694);
#5693 = CARTESIAN_POINT('',(22.,210.,58.));
#5694 = VECTOR('',#5695,1.);
#5695 = DIRECTION('',(0.,0.,1.));
#5696 = CARTESIAN_POINT('',(22.,210.,58.));
#5697 = CARTESIAN_POINT('',(22.,210.,85.));
#5698 = GEOMETRIC_CURVE_SET('',(#5699));
#5699 = TRIMMED_CURVE('',#5700,(#5704,PARAMETER_VALUE(0.)),(#5705,
    PARAMETER_VALUE(50.)),.T.,.PARAMETER.);
#5700 = LINE('',#5701,#5702);
#5701 = CARTESIAN_POINT('',(22.,160.,58.));
#5702 = VECTOR('',#5703,1.);
#5703 = DIRECTION('',(0.,1.,0.));
#5704 = CARTESIAN_POINT('',(22.,160.,58.));
#5705 = CARTESIAN_POINT('',(22.,210.,58.));
#5706 = GEOMETRIC_CURVE_SET('',(#5707));
#5707 = TRIMMED_CURVE('',#5708,(#5712,PARAMETER_VALUE(0.)),(#5713,
    PARAMETER_VALUE(18.)),.T.,.PARAMETER.);
#5708 = LINE('',#5709,#5710);
#5709 = CARTESIAN_POINT('',(4.,160.,58.));
#5710 = VECTOR('',#5711,1.);
#5711 = DIRECTION('',(1.,0.,0.));
#5712 = CARTESIAN_POINT('',(4.,160.,58.));
#5713 = CARTESIAN_POINT('',(22.,160.,58.));
#5714 = GEOMETRIC_CURVE_SET('',(#5715));
#5715 = TRIMMED_CURVE('',#5716,(#5720,PARAMETER_VALUE(0.)),(#5721,
    PARAMETER_VALUE(18.)),.T.,.PARAMETER.);
#5716 = LINE('',#5717,#5718);
#5717 = CARTESIAN_POINT('',(4.,160.,85.));
#5718 = VECTOR('',#5719,1.);
#5719 = DIRECTION('',(1.,0.,0.));
#5720 = CARTESIAN_POINT('',(4.,160.,85.));
#5721 = CARTESIAN_POINT('',(22.,160.,85.));
#5722 = GEOMETRIC_CURVE_SET('',(#5723));
#5723 = TRIMMED_CURVE('',#5724,(#5728,PARAMETER_VALUE(0.)),(#5729,
    PARAMETER_VALUE(18.)),.T.,.PARAMETER.);
#5724 = LINE('',#5725,#5726);
#5725 = CARTESIAN_POINT('',(4.,210.,58.));
#5726 = VECTOR('',#5727,1.);
#5727 = DIRECTION('',(1.,0.,0.));
#5728 = CARTESIAN_POINT('',(4.,210.,58.));
#5729 = CARTESIAN_POINT('',(22.,210.,58.));
#5730 = GEOMETRIC_CURVE_SET('',(#5731));
#5731 = TRIMMED_CURVE('',#5732,(#5736,PARAMETER_VALUE(0.)),(#5737,
    PARAMETER_VALUE(18.)),.T.,.PARAMETER.);
#5732 = LINE('',#5733,#5734);
#5733 = CARTESIAN_POINT('',(4.,210.,85.));
#5734 = VECTOR('',#5735,1.);
#5735 = DIRECTION('',(1.,0.,0.));
#5736 = CARTESIAN_POINT('',(4.,210.,85.));
#5737 = CARTESIAN_POINT('',(22.,210.,85.));
#5738 = GEOMETRIC_CURVE_SET('',(#5739));
#5739 = TRIMMED_CURVE('',#5740,(#5744,PARAMETER_VALUE(0.)),(#5745,
    PARAMETER_VALUE(35.)),.T.,.PARAMETER.);
#5740 = LINE('',#5741,#5742);
#5741 = CARTESIAN_POINT('',(193.,88.,123.));
#5742 = VECTOR('',#5743,1.);
#5743 = DIRECTION('',(0.,0.,1.));
#5744 = CARTESIAN_POINT('',(193.,88.,123.));
#5745 = CARTESIAN_POINT('',(193.,88.,158.));
#5746 = GEOMETRIC_CURVE_SET('',(#5747));
#5747 = TRIMMED_CURVE('',#5748,(#5752,PARAMETER_VALUE(0.)),(#5753,
    PARAMETER_VALUE(32.)),.T.,.PARAMETER.);
#5748 = LINE('',#5749,#5750);
#5749 = CARTESIAN_POINT('',(193.,88.,158.));
#5750 = VECTOR('',#5751,1.);
#5751 = DIRECTION('',(0.,1.,0.));
#5752 = CARTESIAN_POINT('',(193.,88.,158.));
#5753 = CARTESIAN_POINT('',(193.,120.,158.));
#5754 = GEOMETRIC_CURVE_SET('',(#5755));
#5755 = TRIMMED_CURVE('',#5756,(#5760,PARAMETER_VALUE(0.)),(#5761,
    PARAMETER_VALUE(35.)),.T.,.PARAMETER.);
#5756 = LINE('',#5757,#5758);
#5757 = CARTESIAN_POINT('',(193.,120.,123.));
#5758 = VECTOR('',#5759,1.);
#5759 = DIRECTION('',(0.,0.,1.));
#5760 = CARTESIAN_POINT('',(193.,120.,123.));
#5761 = CARTESIAN_POINT('',(193.,120.,158.));
#5762 = GEOMETRIC_CURVE_SET('',(#5763));
#5763 = TRIMMED_CURVE('',#5764,(#5768,PARAMETER_VALUE(0.)),(#5769,
    PARAMETER_VALUE(32.)),.T.,.PARAMETER.);
#5764 = LINE('',#5765,#5766);
#5765 = CARTESIAN_POINT('',(193.,88.,123.));
#5766 = VECTOR('',#5767,1.);
#5767 = DIRECTION('',(0.,1.,0.));
#5768 = CARTESIAN_POINT('',(193.,88.,123.));
#5769 = CARTESIAN_POINT('',(193.,120.,123.));
#5770 = GEOMETRIC_CURVE_SET('',(#5771));
#5771 = TRIMMED_CURVE('',#5772,(#5776,PARAMETER_VALUE(0.)),(#5777,
    PARAMETER_VALUE(35.)),.T.,.PARAMETER.);
#5772 = LINE('',#5773,#5774);
#5773 = CARTESIAN_POINT('',(271.,88.,123.));
#5774 = VECTOR('',#5775,1.);
#5775 = DIRECTION('',(0.,0.,1.));
#5776 = CARTESIAN_POINT('',(271.,88.,123.));
#5777 = CARTESIAN_POINT('',(271.,88.,158.));
#5778 = GEOMETRIC_CURVE_SET('',(#5779));
#5779 = TRIMMED_CURVE('',#5780,(#5784,PARAMETER_VALUE(0.)),(#5785,
    PARAMETER_VALUE(32.)),.T.,.PARAMETER.);
#5780 = LINE('',#5781,#5782);
#5781 = CARTESIAN_POINT('',(271.,88.,158.));
#5782 = VECTOR('',#5783,1.);
#5783 = DIRECTION('',(0.,1.,0.));
#5784 = CARTESIAN_POINT('',(271.,88.,158.));
#5785 = CARTESIAN_POINT('',(271.,120.,158.));
#5786 = GEOMETRIC_CURVE_SET('',(#5787));
#5787 = TRIMMED_CURVE('',#5788,(#5792,PARAMETER_VALUE(0.)),(#5793,
    PARAMETER_VALUE(35.)),.T.,.PARAMETER.);
#5788 = LINE('',#5789,#5790);
#5789 = CARTESIAN_POINT('',(271.,120.,123.));
#5790 = VECTOR('',#5791,1.);
#5791 = DIRECTION('',(0.,0.,1.));
#5792 = CARTESIAN_POINT('',(271.,120.,123.));
#5793 = CARTESIAN_POINT('',(271.,120.,158.));
#5794 = GEOMETRIC_CURVE_SET('',(#5795));
#5795 = TRIMMED_CURVE('',#5796,(#5800,PARAMETER_VALUE(0.)),(#5801,
    PARAMETER_VALUE(32.)),.T.,.PARAMETER.);
#5796 = LINE('',#5797,#5798);
#5797 = CARTESIAN_POINT('',(271.,88.,123.));
#5798 = VECTOR('',#5799,1.);
#5799 = DIRECTION('',(0.,1.,0.));
#5800 = CARTESIAN_POINT('',(271.,88.,123.));
#5801 = CARTESIAN_POINT('',(271.,120.,123.));
#5802 = GEOMETRIC_CURVE_SET('',(#5803));
#5803 = TRIMMED_CURVE('',#5804,(#5808,PARAMETER_VALUE(0.)),(#5809,
    PARAMETER_VALUE(78.)),.T.,.PARAMETER.);
#5804 = LINE('',#5805,#5806);
#5805 = CARTESIAN_POINT('',(193.,88.,123.));
#5806 = VECTOR('',#5807,1.);
#5807 = DIRECTION('',(1.,0.,0.));
#5808 = CARTESIAN_POINT('',(193.,88.,123.));
#5809 = CARTESIAN_POINT('',(271.,88.,123.));
#5810 = GEOMETRIC_CURVE_SET('',(#5811));
#5811 = TRIMMED_CURVE('',#5812,(#5816,PARAMETER_VALUE(0.)),(#5817,
    PARAMETER_VALUE(78.)),.T.,.PARAMETER.);
#5812 = LINE('',#5813,#5814);
#5813 = CARTESIAN_POINT('',(193.,88.,158.));
#5814 = VECTOR('',#5815,1.);
#5815 = DIRECTION('',(1.,0.,0.));
#5816 = CARTESIAN_POINT('',(193.,88.,158.));
#5817 = CARTESIAN_POINT('',(271.,88.,158.));
#5818 = GEOMETRIC_CURVE_SET('',(#5819));
#5819 = TRIMMED_CURVE('',#5820,(#5824,PARAMETER_VALUE(0.)),(#5825,
    PARAMETER_VALUE(78.)),.T.,.PARAMETER.);
#5820 = LINE('',#5821,#5822);
#5821 = CARTESIAN_POINT('',(193.,120.,123.));
#5822 = VECTOR('',#5823,1.);
#5823 = DIRECTION('',(1.,0.,0.));
#5824 = CARTESIAN_POINT('',(193.,120.,123.));
#5825 = CARTESIAN_POINT('',(271.,120.,123.));
#5826 = GEOMETRIC_CURVE_SET('',(#5827));
#5827 = TRIMMED_CURVE('',#5828,(#5832,PARAMETER_VALUE(0.)),(#5833,
    PARAMETER_VALUE(78.)),.T.,.PARAMETER.);
#5828 = LINE('',#5829,#5830);
#5829 = CARTESIAN_POINT('',(193.,120.,158.));
#5830 = VECTOR('',#5831,1.);
#5831 = DIRECTION('',(1.,0.,0.));
#5832 = CARTESIAN_POINT('',(193.,120.,158.));
#5833 = CARTESIAN_POINT('',(271.,120.,158.));
#5834 = GEOMETRIC_CURVE_SET('',(#5835));
#5835 = TRIMMED_CURVE('',#5836,(#5840,PARAMETER_VALUE(0.)),(#5841,
    PARAMETER_VALUE(12.)),.T.,.PARAMETER.);
#5836 = LINE('',#5837,#5838);
#5837 = CARTESIAN_POINT('',(2.,6.,66.));
#5838 = VECTOR('',#5839,1.);
#5839 = DIRECTION('',(0.,0.,1.));
#5840 = CARTESIAN_POINT('',(2.,6.,66.));
#5841 = CARTESIAN_POINT('',(2.,6.,78.));
#5842 = GEOMETRIC_CURVE_SET('',(#5843));
#5843 = TRIMMED_CURVE('',#5844,(#5848,PARAMETER_VALUE(0.)),(#5849,
    PARAMETER_VALUE(18.)),.T.,.PARAMETER.);
#5844 = LINE('',#5845,#5846);
#5845 = CARTESIAN_POINT('',(2.,6.,78.));
#5846 = VECTOR('',#5847,1.);
#5847 = DIRECTION('',(0.,1.,0.));
#5848 = CARTESIAN_POINT('',(2.,6.,78.));
#5849 = CARTESIAN_POINT('',(2.,24.,78.));
#5850 = GEOMETRIC_CURVE_SET('',(#5851));
#5851 = TRIMMED_CURVE('',#5852,(#5856,PARAMETER_VALUE(0.)),(#5857,
    PARAMETER_VALUE(12.)),.T.,.PARAMETER.);
#5852 = LINE('',#5853,#5854);
#5853 = CARTESIAN_POINT('',(2.,24.,66.));
#5854 = VECTOR('',#5855,1.);
#5855 = DIRECTION('',(0.,0.,1.));
#5856 = CARTESIAN_POINT('',(2.,24.,66.));
#5857 = CARTESIAN_POINT('',(2.,24.,78.));
#5858 = GEOMETRIC_CURVE_SET('',(#5859));
#5859 = TRIMMED_CURVE('',#5860,(#5864,PARAMETER_VALUE(0.)),(#5865,
    PARAMETER_VALUE(18.)),.T.,.PARAMETER.);
#5860 = LINE('',#5861,#5862);
#5861 = CARTESIAN_POINT('',(2.,6.,66.));
#5862 = VECTOR('',#5863,1.);
#5863 = DIRECTION('',(0.,1.,0.));
#5864 = CARTESIAN_POINT('',(2.,6.,66.));
#5865 = CARTESIAN_POINT('',(2.,24.,66.));
#5866 = GEOMETRIC_CURVE_SET('',(#5867));
#5867 = TRIMMED_CURVE('',#5868,(#5872,PARAMETER_VALUE(0.)),(#5873,
    PARAMETER_VALUE(12.)),.T.,.PARAMETER.);
#5868 = LINE('',#5869,#5870);
#5869 = CARTESIAN_POINT('',(15.,6.,66.));
#5870 = VECTOR('',#5871,1.);
#5871 = DIRECTION('',(0.,0.,1.));
#5872 = CARTESIAN_POINT('',(15.,6.,66.));
#5873 = CARTESIAN_POINT('',(15.,6.,78.));
#5874 = GEOMETRIC_CURVE_SET('',(#5875));
#5875 = TRIMMED_CURVE('',#5876,(#5880,PARAMETER_VALUE(0.)),(#5881,
    PARAMETER_VALUE(18.)),.T.,.PARAMETER.);
#5876 = LINE('',#5877,#5878);
#5877 = CARTESIAN_POINT('',(15.,6.,78.));
#5878 = VECTOR('',#5879,1.);
#5879 = DIRECTION('',(0.,1.,0.));
#5880 = CARTESIAN_POINT('',(15.,6.,78.));
#5881 = CARTESIAN_POINT('',(15.,24.,78.));
#5882 = GEOMETRIC_CURVE_SET('',(#5883));
#5883 = TRIMMED_CURVE('',#5884,(#5888,PARAMETER_VALUE(0.)),(#5889,
    PARAMETER_VALUE(12.)),.T.,.PARAMETER.);
#5884 = LINE('',#5885,#5886);
#5885 = CARTESIAN_POINT('',(15.,24.,66.));
#5886 = VECTOR('',#5887,1.);
#5887 = DIRECTION('',(0.,0.,1.));
#5888 = CARTESIAN_POINT('',(15.,24.,66.));
#5889 = CARTESIAN_POINT('',(15.,24.,78.));
#5890 = GEOMETRIC_CURVE_SET('',(#5891));
#5891 = TRIMMED_CURVE('',#5892,(#5896,PARAMETER_VALUE(0.)),(#5897,
    PARAMETER_VALUE(18.)),.T.,.PARAMETER.);
#5892 = LINE('',#5893,#5894);
#5893 = CARTESIAN_POINT('',(15.,6.,66.));
#5894 = VECTOR('',#5895,1.);
#5895 = DIRECTION('',(0.,1.,0.));
#5896 = CARTESIAN_POINT('',(15.,6.,66.));
#5897 = CARTESIAN_POINT('',(15.,24.,66.));
#5898 = GEOMETRIC_CURVE_SET('',(#5899));
#5899 = TRIMMED_CURVE('',#5900,(#5904,PARAMETER_VALUE(0.)),(#5905,
    PARAMETER_VALUE(13.)),.T.,.PARAMETER.);
#5900 = LINE('',#5901,#5902);
#5901 = CARTESIAN_POINT('',(2.,6.,66.));
#5902 = VECTOR('',#5903,1.);
#5903 = DIRECTION('',(1.,0.,0.));
#5904 = CARTESIAN_POINT('',(2.,6.,66.));
#5905 = CARTESIAN_POINT('',(15.,6.,66.));
#5906 = GEOMETRIC_CURVE_SET('',(#5907));
#5907 = TRIMMED_CURVE('',#5908,(#5912,PARAMETER_VALUE(0.)),(#5913,
    PARAMETER_VALUE(13.)),.T.,.PARAMETER.);
#5908 = LINE('',#5909,#5910);
#5909 = CARTESIAN_POINT('',(2.,6.,78.));
#5910 = VECTOR('',#5911,1.);
#5911 = DIRECTION('',(1.,0.,0.));
#5912 = CARTESIAN_POINT('',(2.,6.,78.));
#5913 = CARTESIAN_POINT('',(15.,6.,78.));
#5914 = GEOMETRIC_CURVE_SET('',(#5915));
#5915 = TRIMMED_CURVE('',#5916,(#5920,PARAMETER_VALUE(0.)),(#5921,
    PARAMETER_VALUE(13.)),.T.,.PARAMETER.);
#5916 = LINE('',#5917,#5918);
#5917 = CARTESIAN_POINT('',(2.,24.,66.));
#5918 = VECTOR('',#5919,1.);
#5919 = DIRECTION('',(1.,0.,0.));
#5920 = CARTESIAN_POINT('',(2.,24.,66.));
#5921 = CARTESIAN_POINT('',(15.,24.,66.));
#5922 = GEOMETRIC_CURVE_SET('',(#5923));
#5923 = TRIMMED_CURVE('',#5924,(#5928,PARAMETER_VALUE(0.)),(#5929,
    PARAMETER_VALUE(13.)),.T.,.PARAMETER.);
#5924 = LINE('',#5925,#5926);
#5925 = CARTESIAN_POINT('',(2.,24.,78.));
#5926 = VECTOR('',#5927,1.);
#5927 = DIRECTION('',(1.,0.,0.));
#5928 = CARTESIAN_POINT('',(2.,24.,78.));
#5929 = CARTESIAN_POINT('',(15.,24.,78.));
#5930 = GEOMETRIC_CURVE_SET('',(#5931));
#5931 = TRIMMED_CURVE('',#5932,(#5936,PARAMETER_VALUE(0.)),(#5937,
    PARAMETER_VALUE(12.)),.T.,.PARAMETER.);
#5932 = LINE('',#5933,#5934);
#5933 = CARTESIAN_POINT('',(257.,6.,66.));
#5934 = VECTOR('',#5935,1.);
#5935 = DIRECTION('',(0.,0.,1.));
#5936 = CARTESIAN_POINT('',(257.,6.,66.));
#5937 = CARTESIAN_POINT('',(257.,6.,78.));
#5938 = GEOMETRIC_CURVE_SET('',(#5939));
#5939 = TRIMMED_CURVE('',#5940,(#5944,PARAMETER_VALUE(0.)),(#5945,
    PARAMETER_VALUE(18.)),.T.,.PARAMETER.);
#5940 = LINE('',#5941,#5942);
#5941 = CARTESIAN_POINT('',(257.,6.,78.));
#5942 = VECTOR('',#5943,1.);
#5943 = DIRECTION('',(0.,1.,0.));
#5944 = CARTESIAN_POINT('',(257.,6.,78.));
#5945 = CARTESIAN_POINT('',(257.,24.,78.));
#5946 = GEOMETRIC_CURVE_SET('',(#5947));
#5947 = TRIMMED_CURVE('',#5948,(#5952,PARAMETER_VALUE(0.)),(#5953,
    PARAMETER_VALUE(12.)),.T.,.PARAMETER.);
#5948 = LINE('',#5949,#5950);
#5949 = CARTESIAN_POINT('',(257.,24.,66.));
#5950 = VECTOR('',#5951,1.);
#5951 = DIRECTION('',(0.,0.,1.));
#5952 = CARTESIAN_POINT('',(257.,24.,66.));
#5953 = CARTESIAN_POINT('',(257.,24.,78.));
#5954 = GEOMETRIC_CURVE_SET('',(#5955));
#5955 = TRIMMED_CURVE('',#5956,(#5960,PARAMETER_VALUE(0.)),(#5961,
    PARAMETER_VALUE(18.)),.T.,.PARAMETER.);
#5956 = LINE('',#5957,#5958);
#5957 = CARTESIAN_POINT('',(257.,6.,66.));
#5958 = VECTOR('',#5959,1.);
#5959 = DIRECTION('',(0.,1.,0.));
#5960 = CARTESIAN_POINT('',(257.,6.,66.));
#5961 = CARTESIAN_POINT('',(257.,24.,66.));
#5962 = GEOMETRIC_CURVE_SET('',(#5963));
#5963 = TRIMMED_CURVE('',#5964,(#5968,PARAMETER_VALUE(0.)),(#5969,
    PARAMETER_VALUE(12.)),.T.,.PARAMETER.);
#5964 = LINE('',#5965,#5966);
#5965 = CARTESIAN_POINT('',(270.,6.,66.));
#5966 = VECTOR('',#5967,1.);
#5967 = DIRECTION('',(0.,0.,1.));
#5968 = CARTESIAN_POINT('',(270.,6.,66.));
#5969 = CARTESIAN_POINT('',(270.,6.,78.));
#5970 = GEOMETRIC_CURVE_SET('',(#5971));
#5971 = TRIMMED_CURVE('',#5972,(#5976,PARAMETER_VALUE(0.)),(#5977,
    PARAMETER_VALUE(18.)),.T.,.PARAMETER.);
#5972 = LINE('',#5973,#5974);
#5973 = CARTESIAN_POINT('',(270.,6.,78.));
#5974 = VECTOR('',#5975,1.);
#5975 = DIRECTION('',(0.,1.,0.));
#5976 = CARTESIAN_POINT('',(270.,6.,78.));
#5977 = CARTESIAN_POINT('',(270.,24.,78.));
#5978 = GEOMETRIC_CURVE_SET('',(#5979));
#5979 = TRIMMED_CURVE('',#5980,(#5984,PARAMETER_VALUE(0.)),(#5985,
    PARAMETER_VALUE(12.)),.T.,.PARAMETER.);
#5980 = LINE('',#5981,#5982);
#5981 = CARTESIAN_POINT('',(270.,24.,66.));
#5982 = VECTOR('',#5983,1.);
#5983 = DIRECTION('',(0.,0.,1.));
#5984 = CARTESIAN_POINT('',(270.,24.,66.));
#5985 = CARTESIAN_POINT('',(270.,24.,78.));
#5986 = GEOMETRIC_CURVE_SET('',(#5987));
#5987 = TRIMMED_CURVE('',#5988,(#5992,PARAMETER_VALUE(0.)),(#5993,
    PARAMETER_VALUE(18.)),.T.,.PARAMETER.);
#5988 = LINE('',#5989,#5990);
#5989 = CARTESIAN_POINT('',(270.,6.,66.));
#5990 = VECTOR('',#5991,1.);
#5991 = DIRECTION('',(0.,1.,0.));
#5992 = CARTESIAN_POINT('',(270.,6.,66.));
#5993 = CARTESIAN_POINT('',(270.,24.,66.));
#5994 = GEOMETRIC_CURVE_SET('',(#5995));
#5995 = TRIMMED_CURVE('',#5996,(#6000,PARAMETER_VALUE(0.)),(#6001,
    PARAMETER_VALUE(13.)),.T.,.PARAMETER.);
#5996 = LINE('',#5997,#5998);
#5997 = CARTESIAN_POINT('',(257.,6.,66.));
#5998 = VECTOR('',#5999,1.);
#5999 = DIRECTION('',(1.,0.,0.));
#6000 = CARTESIAN_POINT('',(257.,6.,66.));
#6001 = CARTESIAN_POINT('',(270.,6.,66.));
#6002 = GEOMETRIC_CURVE_SET('',(#6003));
#6003 = TRIMMED_CURVE('',#6004,(#6008,PARAMETER_VALUE(0.)),(#6009,
    PARAMETER_VALUE(13.)),.T.,.PARAMETER.);
#6004 = LINE('',#6005,#6006);
#6005 = CARTESIAN_POINT('',(257.,6.,78.));
#6006 = VECTOR('',#6007,1.);
#6007 = DIRECTION('',(1.,0.,0.));
#6008 = CARTESIAN_POINT('',(257.,6.,78.));
#6009 = CARTESIAN_POINT('',(270.,6.,78.));
#6010 = GEOMETRIC_CURVE_SET('',(#6011));
#6011 = TRIMMED_CURVE('',#6012,(#6016,PARAMETER_VALUE(0.)),(#6017,
    PARAMETER_VALUE(13.)),.T.,.PARAMETER.);
#6012 = LINE('',#6013,#6014);
#6013 = CARTESIAN_POINT('',(257.,24.,66.));
#6014 = VECTOR('',#6015,1.);
#6015 = DIRECTION('',(1.,0.,0.));
#6016 = CARTESIAN_POINT('',(257.,24.,66.));
#6017 = CARTESIAN_POINT('',(270.,24.,66.));
#6018 = GEOMETRIC_CURVE_SET('',(#6019));
#6019 = TRIMMED_CURVE('',#6020,(#6024,PARAMETER_VALUE(0.)),(#6025,
    PARAMETER_VALUE(13.)),.T.,.PARAMETER.);
#6020 = LINE('',#6021,#6022);
#6021 = CARTESIAN_POINT('',(257.,24.,78.));
#6022 = VECTOR('',#6023,1.);
#6023 = DIRECTION('',(1.,0.,0.));
#6024 = CARTESIAN_POINT('',(257.,24.,78.));
#6025 = CARTESIAN_POINT('',(270.,24.,78.));
#6026 = GEOMETRIC_CURVE_SET('',(#6027));
#6027 = TRIMMED_CURVE('',#6028,(#6032,PARAMETER_VALUE(0.)),(#6033,
    PARAMETER_VALUE(12.)),.T.,.PARAMETER.);
#6028 = LINE('',#6029,#6030);
#6029 = CARTESIAN_POINT('',(2.,59.,90.));
#6030 = VECTOR('',#6031,1.);
#6031 = DIRECTION('',(0.,0.,1.));
#6032 = CARTESIAN_POINT('',(2.,59.,90.));
#6033 = CARTESIAN_POINT('',(2.,59.,102.));
#6034 = GEOMETRIC_CURVE_SET('',(#6035));
#6035 = TRIMMED_CURVE('',#6036,(#6040,PARAMETER_VALUE(0.)),(#6041,
    PARAMETER_VALUE(18.)),.T.,.PARAMETER.);
#6036 = LINE('',#6037,#6038);
#6037 = CARTESIAN_POINT('',(2.,59.,102.));
#6038 = VECTOR('',#6039,1.);
#6039 = DIRECTION('',(0.,1.,0.));
#6040 = CARTESIAN_POINT('',(2.,59.,102.));
#6041 = CARTESIAN_POINT('',(2.,77.,102.));
#6042 = GEOMETRIC_CURVE_SET('',(#6043));
#6043 = TRIMMED_CURVE('',#6044,(#6048,PARAMETER_VALUE(0.)),(#6049,
    PARAMETER_VALUE(12.)),.T.,.PARAMETER.);
#6044 = LINE('',#6045,#6046);
#6045 = CARTESIAN_POINT('',(2.,77.,90.));
#6046 = VECTOR('',#6047,1.);
#6047 = DIRECTION('',(0.,0.,1.));
#6048 = CARTESIAN_POINT('',(2.,77.,90.));
#6049 = CARTESIAN_POINT('',(2.,77.,102.));
#6050 = GEOMETRIC_CURVE_SET('',(#6051));
#6051 = TRIMMED_CURVE('',#6052,(#6056,PARAMETER_VALUE(0.)),(#6057,
    PARAMETER_VALUE(18.)),.T.,.PARAMETER.);
#6052 = LINE('',#6053,#6054);
#6053 = CARTESIAN_POINT('',(2.,59.,90.));
#6054 = VECTOR('',#6055,1.);
#6055 = DIRECTION('',(0.,1.,0.));
#6056 = CARTESIAN_POINT('',(2.,59.,90.));
#6057 = CARTESIAN_POINT('',(2.,77.,90.));
#6058 = GEOMETRIC_CURVE_SET('',(#6059));
#6059 = TRIMMED_CURVE('',#6060,(#6064,PARAMETER_VALUE(0.)),(#6065,
    PARAMETER_VALUE(12.)),.T.,.PARAMETER.);
#6060 = LINE('',#6061,#6062);
#6061 = CARTESIAN_POINT('',(15.,59.,90.));
#6062 = VECTOR('',#6063,1.);
#6063 = DIRECTION('',(0.,0.,1.));
#6064 = CARTESIAN_POINT('',(15.,59.,90.));
#6065 = CARTESIAN_POINT('',(15.,59.,102.));
#6066 = GEOMETRIC_CURVE_SET('',(#6067));
#6067 = TRIMMED_CURVE('',#6068,(#6072,PARAMETER_VALUE(0.)),(#6073,
    PARAMETER_VALUE(18.)),.T.,.PARAMETER.);
#6068 = LINE('',#6069,#6070);
#6069 = CARTESIAN_POINT('',(15.,59.,102.));
#6070 = VECTOR('',#6071,1.);
#6071 = DIRECTION('',(0.,1.,0.));
#6072 = CARTESIAN_POINT('',(15.,59.,102.));
#6073 = CARTESIAN_POINT('',(15.,77.,102.));
#6074 = GEOMETRIC_CURVE_SET('',(#6075));
#6075 = TRIMMED_CURVE('',#6076,(#6080,PARAMETER_VALUE(0.)),(#6081,
    PARAMETER_VALUE(12.)),.T.,.PARAMETER.);
#6076 = LINE('',#6077,#6078);
#6077 = CARTESIAN_POINT('',(15.,77.,90.));
#6078 = VECTOR('',#6079,1.);
#6079 = DIRECTION('',(0.,0.,1.));
#6080 = CARTESIAN_POINT('',(15.,77.,90.));
#6081 = CARTESIAN_POINT('',(15.,77.,102.));
#6082 = GEOMETRIC_CURVE_SET('',(#6083));
#6083 = TRIMMED_CURVE('',#6084,(#6088,PARAMETER_VALUE(0.)),(#6089,
    PARAMETER_VALUE(18.)),.T.,.PARAMETER.);
#6084 = LINE('',#6085,#6086);
#6085 = CARTESIAN_POINT('',(15.,59.,90.));
#6086 = VECTOR('',#6087,1.);
#6087 = DIRECTION('',(0.,1.,0.));
#6088 = CARTESIAN_POINT('',(15.,59.,90.));
#6089 = CARTESIAN_POINT('',(15.,77.,90.));
#6090 = GEOMETRIC_CURVE_SET('',(#6091));
#6091 = TRIMMED_CURVE('',#6092,(#6096,PARAMETER_VALUE(0.)),(#6097,
    PARAMETER_VALUE(13.)),.T.,.PARAMETER.);
#6092 = LINE('',#6093,#6094);
#6093 = CARTESIAN_POINT('',(2.,59.,90.));
#6094 = VECTOR('',#6095,1.);
#6095 = DIRECTION('',(1.,0.,0.));
#6096 = CARTESIAN_POINT('',(2.,59.,90.));
#6097 = CARTESIAN_POINT('',(15.,59.,90.));
#6098 = GEOMETRIC_CURVE_SET('',(#6099));
#6099 = TRIMMED_CURVE('',#6100,(#6104,PARAMETER_VALUE(0.)),(#6105,
    PARAMETER_VALUE(13.)),.T.,.PARAMETER.);
#6100 = LINE('',#6101,#6102);
#6101 = CARTESIAN_POINT('',(2.,59.,102.));
#6102 = VECTOR('',#6103,1.);
#6103 = DIRECTION('',(1.,0.,0.));
#6104 = CARTESIAN_POINT('',(2.,59.,102.));
#6105 = CARTESIAN_POINT('',(15.,59.,102.));
#6106 = GEOMETRIC_CURVE_SET('',(#6107));
#6107 = TRIMMED_CURVE('',#6108,(#6112,PARAMETER_VALUE(0.)),(#6113,
    PARAMETER_VALUE(13.)),.T.,.PARAMETER.);
#6108 = LINE('',#6109,#6110);
#6109 = CARTESIAN_POINT('',(2.,77.,90.));
#6110 = VECTOR('',#6111,1.);
#6111 = DIRECTION('',(1.,0.,0.));
#6112 = CARTESIAN_POINT('',(2.,77.,90.));
#6113 = CARTESIAN_POINT('',(15.,77.,90.));
#6114 = GEOMETRIC_CURVE_SET('',(#6115));
#6115 = TRIMMED_CURVE('',#6116,(#6120,PARAMETER_VALUE(0.)),(#6121,
    PARAMETER_VALUE(13.)),.T.,.PARAMETER.);
#6116 = LINE('',#6117,#6118);
#6117 = CARTESIAN_POINT('',(2.,77.,102.));
#6118 = VECTOR('',#6119,1.);
#6119 = DIRECTION('',(1.,0.,0.));
#6120 = CARTESIAN_POINT('',(2.,77.,102.));
#6121 = CARTESIAN_POINT('',(15.,77.,102.));
#6122 = GEOMETRIC_CURVE_SET('',(#6123));
#6123 = TRIMMED_CURVE('',#6124,(#6128,PARAMETER_VALUE(0.)),(#6129,
    PARAMETER_VALUE(12.)),.T.,.PARAMETER.);
#6124 = LINE('',#6125,#6126);
#6125 = CARTESIAN_POINT('',(261.,59.,90.));
#6126 = VECTOR('',#6127,1.);
#6127 = DIRECTION('',(0.,0.,1.));
#6128 = CARTESIAN_POINT('',(261.,59.,90.));
#6129 = CARTESIAN_POINT('',(261.,59.,102.));
#6130 = GEOMETRIC_CURVE_SET('',(#6131));
#6131 = TRIMMED_CURVE('',#6132,(#6136,PARAMETER_VALUE(0.)),(#6137,
    PARAMETER_VALUE(18.)),.T.,.PARAMETER.);
#6132 = LINE('',#6133,#6134);
#6133 = CARTESIAN_POINT('',(261.,59.,102.));
#6134 = VECTOR('',#6135,1.);
#6135 = DIRECTION('',(0.,1.,0.));
#6136 = CARTESIAN_POINT('',(261.,59.,102.));
#6137 = CARTESIAN_POINT('',(261.,77.,102.));
#6138 = GEOMETRIC_CURVE_SET('',(#6139));
#6139 = TRIMMED_CURVE('',#6140,(#6144,PARAMETER_VALUE(0.)),(#6145,
    PARAMETER_VALUE(12.)),.T.,.PARAMETER.);
#6140 = LINE('',#6141,#6142);
#6141 = CARTESIAN_POINT('',(261.,77.,90.));
#6142 = VECTOR('',#6143,1.);
#6143 = DIRECTION('',(0.,0.,1.));
#6144 = CARTESIAN_POINT('',(261.,77.,90.));
#6145 = CARTESIAN_POINT('',(261.,77.,102.));
#6146 = GEOMETRIC_CURVE_SET('',(#6147));
#6147 = TRIMMED_CURVE('',#6148,(#6152,PARAMETER_VALUE(0.)),(#6153,
    PARAMETER_VALUE(18.)),.T.,.PARAMETER.);
#6148 = LINE('',#6149,#6150);
#6149 = CARTESIAN_POINT('',(261.,59.,90.));
#6150 = VECTOR('',#6151,1.);
#6151 = DIRECTION('',(0.,1.,0.));
#6152 = CARTESIAN_POINT('',(261.,59.,90.));
#6153 = CARTESIAN_POINT('',(261.,77.,90.));
#6154 = GEOMETRIC_CURVE_SET('',(#6155));
#6155 = TRIMMED_CURVE('',#6156,(#6160,PARAMETER_VALUE(0.)),(#6161,
    PARAMETER_VALUE(12.)),.T.,.PARAMETER.);
#6156 = LINE('',#6157,#6158);
#6157 = CARTESIAN_POINT('',(274.,59.,90.));
#6158 = VECTOR('',#6159,1.);
#6159 = DIRECTION('',(0.,0.,1.));
#6160 = CARTESIAN_POINT('',(274.,59.,90.));
#6161 = CARTESIAN_POINT('',(274.,59.,102.));
#6162 = GEOMETRIC_CURVE_SET('',(#6163));
#6163 = TRIMMED_CURVE('',#6164,(#6168,PARAMETER_VALUE(0.)),(#6169,
    PARAMETER_VALUE(18.)),.T.,.PARAMETER.);
#6164 = LINE('',#6165,#6166);
#6165 = CARTESIAN_POINT('',(274.,59.,102.));
#6166 = VECTOR('',#6167,1.);
#6167 = DIRECTION('',(0.,1.,0.));
#6168 = CARTESIAN_POINT('',(274.,59.,102.));
#6169 = CARTESIAN_POINT('',(274.,77.,102.));
#6170 = GEOMETRIC_CURVE_SET('',(#6171));
#6171 = TRIMMED_CURVE('',#6172,(#6176,PARAMETER_VALUE(0.)),(#6177,
    PARAMETER_VALUE(12.)),.T.,.PARAMETER.);
#6172 = LINE('',#6173,#6174);
#6173 = CARTESIAN_POINT('',(274.,77.,90.));
#6174 = VECTOR('',#6175,1.);
#6175 = DIRECTION('',(0.,0.,1.));
#6176 = CARTESIAN_POINT('',(274.,77.,90.));
#6177 = CARTESIAN_POINT('',(274.,77.,102.));
#6178 = GEOMETRIC_CURVE_SET('',(#6179));
#6179 = TRIMMED_CURVE('',#6180,(#6184,PARAMETER_VALUE(0.)),(#6185,
    PARAMETER_VALUE(18.)),.T.,.PARAMETER.);
#6180 = LINE('',#6181,#6182);
#6181 = CARTESIAN_POINT('',(274.,59.,90.));
#6182 = VECTOR('',#6183,1.);
#6183 = DIRECTION('',(0.,1.,0.));
#6184 = CARTESIAN_POINT('',(274.,59.,90.));
#6185 = CARTESIAN_POINT('',(274.,77.,90.));
#6186 = GEOMETRIC_CURVE_SET('',(#6187));
#6187 = TRIMMED_CURVE('',#6188,(#6192,PARAMETER_VALUE(0.)),(#6193,
    PARAMETER_VALUE(13.)),.T.,.PARAMETER.);
#6188 = LINE('',#6189,#6190);
#6189 = CARTESIAN_POINT('',(261.,59.,90.));
#6190 = VECTOR('',#6191,1.);
#6191 = DIRECTION('',(1.,0.,0.));
#6192 = CARTESIAN_POINT('',(261.,59.,90.));
#6193 = CARTESIAN_POINT('',(274.,59.,90.));
#6194 = GEOMETRIC_CURVE_SET('',(#6195));
#6195 = TRIMMED_CURVE('',#6196,(#6200,PARAMETER_VALUE(0.)),(#6201,
    PARAMETER_VALUE(13.)),.T.,.PARAMETER.);
#6196 = LINE('',#6197,#6198);
#6197 = CARTESIAN_POINT('',(261.,59.,102.));
#6198 = VECTOR('',#6199,1.);
#6199 = DIRECTION('',(1.,0.,0.));
#6200 = CARTESIAN_POINT('',(261.,59.,102.));
#6201 = CARTESIAN_POINT('',(274.,59.,102.));
#6202 = GEOMETRIC_CURVE_SET('',(#6203));
#6203 = TRIMMED_CURVE('',#6204,(#6208,PARAMETER_VALUE(0.)),(#6209,
    PARAMETER_VALUE(13.)),.T.,.PARAMETER.);
#6204 = LINE('',#6205,#6206);
#6205 = CARTESIAN_POINT('',(261.,77.,90.));
#6206 = VECTOR('',#6207,1.);
#6207 = DIRECTION('',(1.,0.,0.));
#6208 = CARTESIAN_POINT('',(261.,77.,90.));
#6209 = CARTESIAN_POINT('',(274.,77.,90.));
#6210 = GEOMETRIC_CURVE_SET('',(#6211));
#6211 = TRIMMED_CURVE('',#6212,(#6216,PARAMETER_VALUE(0.)),(#6217,
    PARAMETER_VALUE(13.)),.T.,.PARAMETER.);
#6212 = LINE('',#6213,#6214);
#6213 = CARTESIAN_POINT('',(261.,77.,102.));
#6214 = VECTOR('',#6215,1.);
#6215 = DIRECTION('',(1.,0.,0.));
#6216 = CARTESIAN_POINT('',(261.,77.,102.));
#6217 = CARTESIAN_POINT('',(274.,77.,102.));
#6218 = GEOMETRIC_CURVE_SET('',(#6219));
#6219 = TRIMMED_CURVE('',#6220,(#6224,PARAMETER_VALUE(0.)),(#6225,
    PARAMETER_VALUE(8.)),.T.,.PARAMETER.);
#6220 = LINE('',#6221,#6222);
#6221 = CARTESIAN_POINT('',(4.,259.,70.));
#6222 = VECTOR('',#6223,1.);
#6223 = DIRECTION('',(0.,0.,1.));
#6224 = CARTESIAN_POINT('',(4.,259.,70.));
#6225 = CARTESIAN_POINT('',(4.,259.,78.));
#6226 = GEOMETRIC_CURVE_SET('',(#6227));
#6227 = TRIMMED_CURVE('',#6228,(#6232,PARAMETER_VALUE(0.)),(#6233,
    PARAMETER_VALUE(13.)),.T.,.PARAMETER.);
#6228 = LINE('',#6229,#6230);
#6229 = CARTESIAN_POINT('',(4.,259.,78.));
#6230 = VECTOR('',#6231,1.);
#6231 = DIRECTION('',(0.,1.,0.));
#6232 = CARTESIAN_POINT('',(4.,259.,78.));
#6233 = CARTESIAN_POINT('',(4.,272.,78.));
#6234 = GEOMETRIC_CURVE_SET('',(#6235));
#6235 = TRIMMED_CURVE('',#6236,(#6240,PARAMETER_VALUE(0.)),(#6241,
    PARAMETER_VALUE(8.)),.T.,.PARAMETER.);
#6236 = LINE('',#6237,#6238);
#6237 = CARTESIAN_POINT('',(4.,272.,70.));
#6238 = VECTOR('',#6239,1.);
#6239 = DIRECTION('',(0.,0.,1.));
#6240 = CARTESIAN_POINT('',(4.,272.,70.));
#6241 = CARTESIAN_POINT('',(4.,272.,78.));
#6242 = GEOMETRIC_CURVE_SET('',(#6243));
#6243 = TRIMMED_CURVE('',#6244,(#6248,PARAMETER_VALUE(0.)),(#6249,
    PARAMETER_VALUE(13.)),.T.,.PARAMETER.);
#6244 = LINE('',#6245,#6246);
#6245 = CARTESIAN_POINT('',(4.,259.,70.));
#6246 = VECTOR('',#6247,1.);
#6247 = DIRECTION('',(0.,1.,0.));
#6248 = CARTESIAN_POINT('',(4.,259.,70.));
#6249 = CARTESIAN_POINT('',(4.,272.,70.));
#6250 = GEOMETRIC_CURVE_SET('',(#6251));
#6251 = TRIMMED_CURVE('',#6252,(#6256,PARAMETER_VALUE(0.)),(#6257,
    PARAMETER_VALUE(8.)),.T.,.PARAMETER.);
#6252 = LINE('',#6253,#6254);
#6253 = CARTESIAN_POINT('',(22.,259.,70.));
#6254 = VECTOR('',#6255,1.);
#6255 = DIRECTION('',(0.,0.,1.));
#6256 = CARTESIAN_POINT('',(22.,259.,70.));
#6257 = CARTESIAN_POINT('',(22.,259.,78.));
#6258 = GEOMETRIC_CURVE_SET('',(#6259));
#6259 = TRIMMED_CURVE('',#6260,(#6264,PARAMETER_VALUE(0.)),(#6265,
    PARAMETER_VALUE(13.)),.T.,.PARAMETER.);
#6260 = LINE('',#6261,#6262);
#6261 = CARTESIAN_POINT('',(22.,259.,78.));
#6262 = VECTOR('',#6263,1.);
#6263 = DIRECTION('',(0.,1.,0.));
#6264 = CARTESIAN_POINT('',(22.,259.,78.));
#6265 = CARTESIAN_POINT('',(22.,272.,78.));
#6266 = GEOMETRIC_CURVE_SET('',(#6267));
#6267 = TRIMMED_CURVE('',#6268,(#6272,PARAMETER_VALUE(0.)),(#6273,
    PARAMETER_VALUE(8.)),.T.,.PARAMETER.);
#6268 = LINE('',#6269,#6270);
#6269 = CARTESIAN_POINT('',(22.,272.,70.));
#6270 = VECTOR('',#6271,1.);
#6271 = DIRECTION('',(0.,0.,1.));
#6272 = CARTESIAN_POINT('',(22.,272.,70.));
#6273 = CARTESIAN_POINT('',(22.,272.,78.));
#6274 = GEOMETRIC_CURVE_SET('',(#6275));
#6275 = TRIMMED_CURVE('',#6276,(#6280,PARAMETER_VALUE(0.)),(#6281,
    PARAMETER_VALUE(13.)),.T.,.PARAMETER.);
#6276 = LINE('',#6277,#6278);
#6277 = CARTESIAN_POINT('',(22.,259.,70.));
#6278 = VECTOR('',#6279,1.);
#6279 = DIRECTION('',(0.,1.,0.));
#6280 = CARTESIAN_POINT('',(22.,259.,70.));
#6281 = CARTESIAN_POINT('',(22.,272.,70.));
#6282 = GEOMETRIC_CURVE_SET('',(#6283));
#6283 = TRIMMED_CURVE('',#6284,(#6288,PARAMETER_VALUE(0.)),(#6289,
    PARAMETER_VALUE(18.)),.T.,.PARAMETER.);
#6284 = LINE('',#6285,#6286);
#6285 = CARTESIAN_POINT('',(4.,259.,70.));
#6286 = VECTOR('',#6287,1.);
#6287 = DIRECTION('',(1.,0.,0.));
#6288 = CARTESIAN_POINT('',(4.,259.,70.));
#6289 = CARTESIAN_POINT('',(22.,259.,70.));
#6290 = GEOMETRIC_CURVE_SET('',(#6291));
#6291 = TRIMMED_CURVE('',#6292,(#6296,PARAMETER_VALUE(0.)),(#6297,
    PARAMETER_VALUE(18.)),.T.,.PARAMETER.);
#6292 = LINE('',#6293,#6294);
#6293 = CARTESIAN_POINT('',(4.,259.,78.));
#6294 = VECTOR('',#6295,1.);
#6295 = DIRECTION('',(1.,0.,0.));
#6296 = CARTESIAN_POINT('',(4.,259.,78.));
#6297 = CARTESIAN_POINT('',(22.,259.,78.));
#6298 = GEOMETRIC_CURVE_SET('',(#6299));
#6299 = TRIMMED_CURVE('',#6300,(#6304,PARAMETER_VALUE(0.)),(#6305,
    PARAMETER_VALUE(18.)),.T.,.PARAMETER.);
#6300 = LINE('',#6301,#6302);
#6301 = CARTESIAN_POINT('',(4.,272.,70.));
#6302 = VECTOR('',#6303,1.);
#6303 = DIRECTION('',(1.,0.,0.));
#6304 = CARTESIAN_POINT('',(4.,272.,70.));
#6305 = CARTESIAN_POINT('',(22.,272.,70.));
#6306 = GEOMETRIC_CURVE_SET('',(#6307));
#6307 = TRIMMED_CURVE('',#6308,(#6312,PARAMETER_VALUE(0.)),(#6313,
    PARAMETER_VALUE(18.)),.T.,.PARAMETER.);
#6308 = LINE('',#6309,#6310);
#6309 = CARTESIAN_POINT('',(4.,272.,78.));
#6310 = VECTOR('',#6311,1.);
#6311 = DIRECTION('',(1.,0.,0.));
#6312 = CARTESIAN_POINT('',(4.,272.,78.));
#6313 = CARTESIAN_POINT('',(22.,272.,78.));
#6314 = GEOMETRIC_CURVE_SET('',(#6315));
#6315 = TRIMMED_CURVE('',#6316,(#6320,PARAMETER_VALUE(0.)),(#6321,
    PARAMETER_VALUE(8.)),.T.,.PARAMETER.);
#6316 = LINE('',#6317,#6318);
#6317 = CARTESIAN_POINT('',(253.,259.,70.));
#6318 = VECTOR('',#6319,1.);
#6319 = DIRECTION('',(0.,0.,1.));
#6320 = CARTESIAN_POINT('',(253.,259.,70.));
#6321 = CARTESIAN_POINT('',(253.,259.,78.));
#6322 = GEOMETRIC_CURVE_SET('',(#6323));
#6323 = TRIMMED_CURVE('',#6324,(#6328,PARAMETER_VALUE(0.)),(#6329,
    PARAMETER_VALUE(13.)),.T.,.PARAMETER.);
#6324 = LINE('',#6325,#6326);
#6325 = CARTESIAN_POINT('',(253.,259.,78.));
#6326 = VECTOR('',#6327,1.);
#6327 = DIRECTION('',(0.,1.,0.));
#6328 = CARTESIAN_POINT('',(253.,259.,78.));
#6329 = CARTESIAN_POINT('',(253.,272.,78.));
#6330 = GEOMETRIC_CURVE_SET('',(#6331));
#6331 = TRIMMED_CURVE('',#6332,(#6336,PARAMETER_VALUE(0.)),(#6337,
    PARAMETER_VALUE(8.)),.T.,.PARAMETER.);
#6332 = LINE('',#6333,#6334);
#6333 = CARTESIAN_POINT('',(253.,272.,70.));
#6334 = VECTOR('',#6335,1.);
#6335 = DIRECTION('',(0.,0.,1.));
#6336 = CARTESIAN_POINT('',(253.,272.,70.));
#6337 = CARTESIAN_POINT('',(253.,272.,78.));
#6338 = GEOMETRIC_CURVE_SET('',(#6339));
#6339 = TRIMMED_CURVE('',#6340,(#6344,PARAMETER_VALUE(0.)),(#6345,
    PARAMETER_VALUE(13.)),.T.,.PARAMETER.);
#6340 = LINE('',#6341,#6342);
#6341 = CARTESIAN_POINT('',(253.,259.,70.));
#6342 = VECTOR('',#6343,1.);
#6343 = DIRECTION('',(0.,1.,0.));
#6344 = CARTESIAN_POINT('',(253.,259.,70.));
#6345 = CARTESIAN_POINT('',(253.,272.,70.));
#6346 = GEOMETRIC_CURVE_SET('',(#6347));
#6347 = TRIMMED_CURVE('',#6348,(#6352,PARAMETER_VALUE(0.)),(#6353,
    PARAMETER_VALUE(8.)),.T.,.PARAMETER.);
#6348 = LINE('',#6349,#6350);
#6349 = CARTESIAN_POINT('',(271.,259.,70.));
#6350 = VECTOR('',#6351,1.);
#6351 = DIRECTION('',(0.,0.,1.));
#6352 = CARTESIAN_POINT('',(271.,259.,70.));
#6353 = CARTESIAN_POINT('',(271.,259.,78.));
#6354 = GEOMETRIC_CURVE_SET('',(#6355));
#6355 = TRIMMED_CURVE('',#6356,(#6360,PARAMETER_VALUE(0.)),(#6361,
    PARAMETER_VALUE(13.)),.T.,.PARAMETER.);
#6356 = LINE('',#6357,#6358);
#6357 = CARTESIAN_POINT('',(271.,259.,78.));
#6358 = VECTOR('',#6359,1.);
#6359 = DIRECTION('',(0.,1.,0.));
#6360 = CARTESIAN_POINT('',(271.,259.,78.));
#6361 = CARTESIAN_POINT('',(271.,272.,78.));
#6362 = GEOMETRIC_CURVE_SET('',(#6363));
#6363 = TRIMMED_CURVE('',#6364,(#6368,PARAMETER_VALUE(0.)),(#6369,
    PARAMETER_VALUE(8.)),.T.,.PARAMETER.);
#6364 = LINE('',#6365,#6366);
#6365 = CARTESIAN_POINT('',(271.,272.,70.));
#6366 = VECTOR('',#6367,1.);
#6367 = DIRECTION('',(0.,0.,1.));
#6368 = CARTESIAN_POINT('',(271.,272.,70.));
#6369 = CARTESIAN_POINT('',(271.,272.,78.));
#6370 = GEOMETRIC_CURVE_SET('',(#6371));
#6371 = TRIMMED_CURVE('',#6372,(#6376,PARAMETER_VALUE(0.)),(#6377,
    PARAMETER_VALUE(13.)),.T.,.PARAMETER.);
#6372 = LINE('',#6373,#6374);
#6373 = CARTESIAN_POINT('',(271.,259.,70.));
#6374 = VECTOR('',#6375,1.);
#6375 = DIRECTION('',(0.,1.,0.));
#6376 = CARTESIAN_POINT('',(271.,259.,70.));
#6377 = CARTESIAN_POINT('',(271.,272.,70.));
#6378 = GEOMETRIC_CURVE_SET('',(#6379));
#6379 = TRIMMED_CURVE('',#6380,(#6384,PARAMETER_VALUE(0.)),(#6385,
    PARAMETER_VALUE(18.)),.T.,.PARAMETER.);
#6380 = LINE('',#6381,#6382);
#6381 = CARTESIAN_POINT('',(253.,259.,70.));
#6382 = VECTOR('',#6383,1.);
#6383 = DIRECTION('',(1.,0.,0.));
#6384 = CARTESIAN_POINT('',(253.,259.,70.));
#6385 = CARTESIAN_POINT('',(271.,259.,70.));
#6386 = GEOMETRIC_CURVE_SET('',(#6387));
#6387 = TRIMMED_CURVE('',#6388,(#6392,PARAMETER_VALUE(0.)),(#6393,
    PARAMETER_VALUE(18.)),.T.,.PARAMETER.);
#6388 = LINE('',#6389,#6390);
#6389 = CARTESIAN_POINT('',(253.,259.,78.));
#6390 = VECTOR('',#6391,1.);
#6391 = DIRECTION('',(1.,0.,0.));
#6392 = CARTESIAN_POINT('',(253.,259.,78.));
#6393 = CARTESIAN_POINT('',(271.,259.,78.));
#6394 = GEOMETRIC_CURVE_SET('',(#6395));
#6395 = TRIMMED_CURVE('',#6396,(#6400,PARAMETER_VALUE(0.)),(#6401,
    PARAMETER_VALUE(18.)),.T.,.PARAMETER.);
#6396 = LINE('',#6397,#6398);
#6397 = CARTESIAN_POINT('',(253.,272.,70.));
#6398 = VECTOR('',#6399,1.);
#6399 = DIRECTION('',(1.,0.,0.));
#6400 = CARTESIAN_POINT('',(253.,272.,70.));
#6401 = CARTESIAN_POINT('',(271.,272.,70.));
#6402 = GEOMETRIC_CURVE_SET('',(#6403));
#6403 = TRIMMED_CURVE('',#6404,(#6408,PARAMETER_VALUE(0.)),(#6409,
    PARAMETER_VALUE(18.)),.T.,.PARAMETER.);
#6404 = LINE('',#6405,#6406);
#6405 = CARTESIAN_POINT('',(253.,272.,78.));
#6406 = VECTOR('',#6407,1.);
#6407 = DIRECTION('',(1.,0.,0.));
#6408 = CARTESIAN_POINT('',(253.,272.,78.));
#6409 = CARTESIAN_POINT('',(271.,272.,78.));
#6410 = GEOMETRIC_CURVE_SET('',(#6411));
#6411 = TRIMMED_CURVE('',#6412,(#6416,PARAMETER_VALUE(0.)),(#6417,
    PARAMETER_VALUE(8.)),.T.,.PARAMETER.);
#6412 = LINE('',#6413,#6414);
#6413 = CARTESIAN_POINT('',(40.,2.,136.));
#6414 = VECTOR('',#6415,1.);
#6415 = DIRECTION('',(0.,0.,1.));
#6416 = CARTESIAN_POINT('',(40.,2.,136.));
#6417 = CARTESIAN_POINT('',(40.,2.,144.));
#6418 = GEOMETRIC_CURVE_SET('',(#6419));
#6419 = TRIMMED_CURVE('',#6420,(#6424,PARAMETER_VALUE(0.)),(#6425,
    PARAMETER_VALUE(18.)),.T.,.PARAMETER.);
#6420 = LINE('',#6421,#6422);
#6421 = CARTESIAN_POINT('',(40.,2.,144.));
#6422 = VECTOR('',#6423,1.);
#6423 = DIRECTION('',(0.,1.,0.));
#6424 = CARTESIAN_POINT('',(40.,2.,144.));
#6425 = CARTESIAN_POINT('',(40.,20.,144.));
#6426 = GEOMETRIC_CURVE_SET('',(#6427));
#6427 = TRIMMED_CURVE('',#6428,(#6432,PARAMETER_VALUE(0.)),(#6433,
    PARAMETER_VALUE(8.)),.T.,.PARAMETER.);
#6428 = LINE('',#6429,#6430);
#6429 = CARTESIAN_POINT('',(40.,20.,136.));
#6430 = VECTOR('',#6431,1.);
#6431 = DIRECTION('',(0.,0.,1.));
#6432 = CARTESIAN_POINT('',(40.,20.,136.));
#6433 = CARTESIAN_POINT('',(40.,20.,144.));
#6434 = GEOMETRIC_CURVE_SET('',(#6435));
#6435 = TRIMMED_CURVE('',#6436,(#6440,PARAMETER_VALUE(0.)),(#6441,
    PARAMETER_VALUE(18.)),.T.,.PARAMETER.);
#6436 = LINE('',#6437,#6438);
#6437 = CARTESIAN_POINT('',(40.,2.,136.));
#6438 = VECTOR('',#6439,1.);
#6439 = DIRECTION('',(0.,1.,0.));
#6440 = CARTESIAN_POINT('',(40.,2.,136.));
#6441 = CARTESIAN_POINT('',(40.,20.,136.));
#6442 = GEOMETRIC_CURVE_SET('',(#6443));
#6443 = TRIMMED_CURVE('',#6444,(#6448,PARAMETER_VALUE(0.)),(#6449,
    PARAMETER_VALUE(8.)),.T.,.PARAMETER.);
#6444 = LINE('',#6445,#6446);
#6445 = CARTESIAN_POINT('',(53.,2.,136.));
#6446 = VECTOR('',#6447,1.);
#6447 = DIRECTION('',(0.,0.,1.));
#6448 = CARTESIAN_POINT('',(53.,2.,136.));
#6449 = CARTESIAN_POINT('',(53.,2.,144.));
#6450 = GEOMETRIC_CURVE_SET('',(#6451));
#6451 = TRIMMED_CURVE('',#6452,(#6456,PARAMETER_VALUE(0.)),(#6457,
    PARAMETER_VALUE(18.)),.T.,.PARAMETER.);
#6452 = LINE('',#6453,#6454);
#6453 = CARTESIAN_POINT('',(53.,2.,144.));
#6454 = VECTOR('',#6455,1.);
#6455 = DIRECTION('',(0.,1.,0.));
#6456 = CARTESIAN_POINT('',(53.,2.,144.));
#6457 = CARTESIAN_POINT('',(53.,20.,144.));
#6458 = GEOMETRIC_CURVE_SET('',(#6459));
#6459 = TRIMMED_CURVE('',#6460,(#6464,PARAMETER_VALUE(0.)),(#6465,
    PARAMETER_VALUE(8.)),.T.,.PARAMETER.);
#6460 = LINE('',#6461,#6462);
#6461 = CARTESIAN_POINT('',(53.,20.,136.));
#6462 = VECTOR('',#6463,1.);
#6463 = DIRECTION('',(0.,0.,1.));
#6464 = CARTESIAN_POINT('',(53.,20.,136.));
#6465 = CARTESIAN_POINT('',(53.,20.,144.));
#6466 = GEOMETRIC_CURVE_SET('',(#6467));
#6467 = TRIMMED_CURVE('',#6468,(#6472,PARAMETER_VALUE(0.)),(#6473,
    PARAMETER_VALUE(18.)),.T.,.PARAMETER.);
#6468 = LINE('',#6469,#6470);
#6469 = CARTESIAN_POINT('',(53.,2.,136.));
#6470 = VECTOR('',#6471,1.);
#6471 = DIRECTION('',(0.,1.,0.));
#6472 = CARTESIAN_POINT('',(53.,2.,136.));
#6473 = CARTESIAN_POINT('',(53.,20.,136.));
#6474 = GEOMETRIC_CURVE_SET('',(#6475));
#6475 = TRIMMED_CURVE('',#6476,(#6480,PARAMETER_VALUE(0.)),(#6481,
    PARAMETER_VALUE(13.)),.T.,.PARAMETER.);
#6476 = LINE('',#6477,#6478);
#6477 = CARTESIAN_POINT('',(40.,2.,136.));
#6478 = VECTOR('',#6479,1.);
#6479 = DIRECTION('',(1.,0.,0.));
#6480 = CARTESIAN_POINT('',(40.,2.,136.));
#6481 = CARTESIAN_POINT('',(53.,2.,136.));
#6482 = GEOMETRIC_CURVE_SET('',(#6483));
#6483 = TRIMMED_CURVE('',#6484,(#6488,PARAMETER_VALUE(0.)),(#6489,
    PARAMETER_VALUE(13.)),.T.,.PARAMETER.);
#6484 = LINE('',#6485,#6486);
#6485 = CARTESIAN_POINT('',(40.,2.,144.));
#6486 = VECTOR('',#6487,1.);
#6487 = DIRECTION('',(1.,0.,0.));
#6488 = CARTESIAN_POINT('',(40.,2.,144.));
#6489 = CARTESIAN_POINT('',(53.,2.,144.));
#6490 = GEOMETRIC_CURVE_SET('',(#6491));
#6491 = TRIMMED_CURVE('',#6492,(#6496,PARAMETER_VALUE(0.)),(#6497,
    PARAMETER_VALUE(13.)),.T.,.PARAMETER.);
#6492 = LINE('',#6493,#6494);
#6493 = CARTESIAN_POINT('',(40.,20.,136.));
#6494 = VECTOR('',#6495,1.);
#6495 = DIRECTION('',(1.,0.,0.));
#6496 = CARTESIAN_POINT('',(40.,20.,136.));
#6497 = CARTESIAN_POINT('',(53.,20.,136.));
#6498 = GEOMETRIC_CURVE_SET('',(#6499));
#6499 = TRIMMED_CURVE('',#6500,(#6504,PARAMETER_VALUE(0.)),(#6505,
    PARAMETER_VALUE(13.)),.T.,.PARAMETER.);
#6500 = LINE('',#6501,#6502);
#6501 = CARTESIAN_POINT('',(40.,20.,144.));
#6502 = VECTOR('',#6503,1.);
#6503 = DIRECTION('',(1.,0.,0.));
#6504 = CARTESIAN_POINT('',(40.,20.,144.));
#6505 = CARTESIAN_POINT('',(53.,20.,144.));
#6506 = GEOMETRIC_CURVE_SET('',(#6507));
#6507 = TRIMMED_CURVE('',#6508,(#6512,PARAMETER_VALUE(0.)),(#6513,
    PARAMETER_VALUE(8.)),.T.,.PARAMETER.);
#6508 = LINE('',#6509,#6510);
#6509 = CARTESIAN_POINT('',(235.,2.,136.));
#6510 = VECTOR('',#6511,1.);
#6511 = DIRECTION('',(0.,0.,1.));
#6512 = CARTESIAN_POINT('',(235.,2.,136.));
#6513 = CARTESIAN_POINT('',(235.,2.,144.));
#6514 = GEOMETRIC_CURVE_SET('',(#6515));
#6515 = TRIMMED_CURVE('',#6516,(#6520,PARAMETER_VALUE(0.)),(#6521,
    PARAMETER_VALUE(18.)),.T.,.PARAMETER.);
#6516 = LINE('',#6517,#6518);
#6517 = CARTESIAN_POINT('',(235.,2.,144.));
#6518 = VECTOR('',#6519,1.);
#6519 = DIRECTION('',(0.,1.,0.));
#6520 = CARTESIAN_POINT('',(235.,2.,144.));
#6521 = CARTESIAN_POINT('',(235.,20.,144.));
#6522 = GEOMETRIC_CURVE_SET('',(#6523));
#6523 = TRIMMED_CURVE('',#6524,(#6528,PARAMETER_VALUE(0.)),(#6529,
    PARAMETER_VALUE(8.)),.T.,.PARAMETER.);
#6524 = LINE('',#6525,#6526);
#6525 = CARTESIAN_POINT('',(235.,20.,136.));
#6526 = VECTOR('',#6527,1.);
#6527 = DIRECTION('',(0.,0.,1.));
#6528 = CARTESIAN_POINT('',(235.,20.,136.));
#6529 = CARTESIAN_POINT('',(235.,20.,144.));
#6530 = GEOMETRIC_CURVE_SET('',(#6531));
#6531 = TRIMMED_CURVE('',#6532,(#6536,PARAMETER_VALUE(0.)),(#6537,
    PARAMETER_VALUE(18.)),.T.,.PARAMETER.);
#6532 = LINE('',#6533,#6534);
#6533 = CARTESIAN_POINT('',(235.,2.,136.));
#6534 = VECTOR('',#6535,1.);
#6535 = DIRECTION('',(0.,1.,0.));
#6536 = CARTESIAN_POINT('',(235.,2.,136.));
#6537 = CARTESIAN_POINT('',(235.,20.,136.));
#6538 = GEOMETRIC_CURVE_SET('',(#6539));
#6539 = TRIMMED_CURVE('',#6540,(#6544,PARAMETER_VALUE(0.)),(#6545,
    PARAMETER_VALUE(8.)),.T.,.PARAMETER.);
#6540 = LINE('',#6541,#6542);
#6541 = CARTESIAN_POINT('',(248.,2.,136.));
#6542 = VECTOR('',#6543,1.);
#6543 = DIRECTION('',(0.,0.,1.));
#6544 = CARTESIAN_POINT('',(248.,2.,136.));
#6545 = CARTESIAN_POINT('',(248.,2.,144.));
#6546 = GEOMETRIC_CURVE_SET('',(#6547));
#6547 = TRIMMED_CURVE('',#6548,(#6552,PARAMETER_VALUE(0.)),(#6553,
    PARAMETER_VALUE(18.)),.T.,.PARAMETER.);
#6548 = LINE('',#6549,#6550);
#6549 = CARTESIAN_POINT('',(248.,2.,144.));
#6550 = VECTOR('',#6551,1.);
#6551 = DIRECTION('',(0.,1.,0.));
#6552 = CARTESIAN_POINT('',(248.,2.,144.));
#6553 = CARTESIAN_POINT('',(248.,20.,144.));
#6554 = GEOMETRIC_CURVE_SET('',(#6555));
#6555 = TRIMMED_CURVE('',#6556,(#6560,PARAMETER_VALUE(0.)),(#6561,
    PARAMETER_VALUE(8.)),.T.,.PARAMETER.);
#6556 = LINE('',#6557,#6558);
#6557 = CARTESIAN_POINT('',(248.,20.,136.));
#6558 = VECTOR('',#6559,1.);
#6559 = DIRECTION('',(0.,0.,1.));
#6560 = CARTESIAN_POINT('',(248.,20.,136.));
#6561 = CARTESIAN_POINT('',(248.,20.,144.));
#6562 = GEOMETRIC_CURVE_SET('',(#6563));
#6563 = TRIMMED_CURVE('',#6564,(#6568,PARAMETER_VALUE(0.)),(#6569,
    PARAMETER_VALUE(18.)),.T.,.PARAMETER.);
#6564 = LINE('',#6565,#6566);
#6565 = CARTESIAN_POINT('',(248.,2.,136.));
#6566 = VECTOR('',#6567,1.);
#6567 = DIRECTION('',(0.,1.,0.));
#6568 = CARTESIAN_POINT('',(248.,2.,136.));
#6569 = CARTESIAN_POINT('',(248.,20.,136.));
#6570 = GEOMETRIC_CURVE_SET('',(#6571));
#6571 = TRIMMED_CURVE('',#6572,(#6576,PARAMETER_VALUE(0.)),(#6577,
    PARAMETER_VALUE(13.)),.T.,.PARAMETER.);
#6572 = LINE('',#6573,#6574);
#6573 = CARTESIAN_POINT('',(235.,2.,136.));
#6574 = VECTOR('',#6575,1.);
#6575 = DIRECTION('',(1.,0.,0.));
#6576 = CARTESIAN_POINT('',(235.,2.,136.));
#6577 = CARTESIAN_POINT('',(248.,2.,136.));
#6578 = GEOMETRIC_CURVE_SET('',(#6579));
#6579 = TRIMMED_CURVE('',#6580,(#6584,PARAMETER_VALUE(0.)),(#6585,
    PARAMETER_VALUE(13.)),.T.,.PARAMETER.);
#6580 = LINE('',#6581,#6582);
#6581 = CARTESIAN_POINT('',(235.,2.,144.));
#6582 = VECTOR('',#6583,1.);
#6583 = DIRECTION('',(1.,0.,0.));
#6584 = CARTESIAN_POINT('',(235.,2.,144.));
#6585 = CARTESIAN_POINT('',(248.,2.,144.));
#6586 = GEOMETRIC_CURVE_SET('',(#6587));
#6587 = TRIMMED_CURVE('',#6588,(#6592,PARAMETER_VALUE(0.)),(#6593,
    PARAMETER_VALUE(13.)),.T.,.PARAMETER.);
#6588 = LINE('',#6589,#6590);
#6589 = CARTESIAN_POINT('',(235.,20.,136.));
#6590 = VECTOR('',#6591,1.);
#6591 = DIRECTION('',(1.,0.,0.));
#6592 = CARTESIAN_POINT('',(235.,20.,136.));
#6593 = CARTESIAN_POINT('',(248.,20.,136.));
#6594 = GEOMETRIC_CURVE_SET('',(#6595));
#6595 = TRIMMED_CURVE('',#6596,(#6600,PARAMETER_VALUE(0.)),(#6601,
    PARAMETER_VALUE(13.)),.T.,.PARAMETER.);
#6596 = LINE('',#6597,#6598);
#6597 = CARTESIAN_POINT('',(235.,20.,144.));
#6598 = VECTOR('',#6599,1.);
#6599 = DIRECTION('',(1.,0.,0.));
#6600 = CARTESIAN_POINT('',(235.,20.,144.));
#6601 = CARTESIAN_POINT('',(248.,20.,144.));
#6602 = GEOMETRIC_CURVE_SET('',(#6603));
#6603 = TRIMMED_CURVE('',#6604,(#6608,PARAMETER_VALUE(0.)),(#6609,
    PARAMETER_VALUE(8.)),.T.,.PARAMETER.);
#6604 = LINE('',#6605,#6606);
#6605 = CARTESIAN_POINT('',(2.,140.,124.));
#6606 = VECTOR('',#6607,1.);
#6607 = DIRECTION('',(0.,0.,1.));
#6608 = CARTESIAN_POINT('',(2.,140.,124.));
#6609 = CARTESIAN_POINT('',(2.,140.,132.));
#6610 = GEOMETRIC_CURVE_SET('',(#6611));
#6611 = TRIMMED_CURVE('',#6612,(#6616,PARAMETER_VALUE(0.)),(#6617,
    PARAMETER_VALUE(18.)),.T.,.PARAMETER.);
#6612 = LINE('',#6613,#6614);
#6613 = CARTESIAN_POINT('',(2.,140.,132.));
#6614 = VECTOR('',#6615,1.);
#6615 = DIRECTION('',(0.,1.,0.));
#6616 = CARTESIAN_POINT('',(2.,140.,132.));
#6617 = CARTESIAN_POINT('',(2.,158.,132.));
#6618 = GEOMETRIC_CURVE_SET('',(#6619));
#6619 = TRIMMED_CURVE('',#6620,(#6624,PARAMETER_VALUE(0.)),(#6625,
    PARAMETER_VALUE(8.)),.T.,.PARAMETER.);
#6620 = LINE('',#6621,#6622);
#6621 = CARTESIAN_POINT('',(2.,158.,124.));
#6622 = VECTOR('',#6623,1.);
#6623 = DIRECTION('',(0.,0.,1.));
#6624 = CARTESIAN_POINT('',(2.,158.,124.));
#6625 = CARTESIAN_POINT('',(2.,158.,132.));
#6626 = GEOMETRIC_CURVE_SET('',(#6627));
#6627 = TRIMMED_CURVE('',#6628,(#6632,PARAMETER_VALUE(0.)),(#6633,
    PARAMETER_VALUE(18.)),.T.,.PARAMETER.);
#6628 = LINE('',#6629,#6630);
#6629 = CARTESIAN_POINT('',(2.,140.,124.));
#6630 = VECTOR('',#6631,1.);
#6631 = DIRECTION('',(0.,1.,0.));
#6632 = CARTESIAN_POINT('',(2.,140.,124.));
#6633 = CARTESIAN_POINT('',(2.,158.,124.));
#6634 = GEOMETRIC_CURVE_SET('',(#6635));
#6635 = TRIMMED_CURVE('',#6636,(#6640,PARAMETER_VALUE(0.)),(#6641,
    PARAMETER_VALUE(8.)),.T.,.PARAMETER.);
#6636 = LINE('',#6637,#6638);
#6637 = CARTESIAN_POINT('',(15.,140.,124.));
#6638 = VECTOR('',#6639,1.);
#6639 = DIRECTION('',(0.,0.,1.));
#6640 = CARTESIAN_POINT('',(15.,140.,124.));
#6641 = CARTESIAN_POINT('',(15.,140.,132.));
#6642 = GEOMETRIC_CURVE_SET('',(#6643));
#6643 = TRIMMED_CURVE('',#6644,(#6648,PARAMETER_VALUE(0.)),(#6649,
    PARAMETER_VALUE(18.)),.T.,.PARAMETER.);
#6644 = LINE('',#6645,#6646);
#6645 = CARTESIAN_POINT('',(15.,140.,132.));
#6646 = VECTOR('',#6647,1.);
#6647 = DIRECTION('',(0.,1.,0.));
#6648 = CARTESIAN_POINT('',(15.,140.,132.));
#6649 = CARTESIAN_POINT('',(15.,158.,132.));
#6650 = GEOMETRIC_CURVE_SET('',(#6651));
#6651 = TRIMMED_CURVE('',#6652,(#6656,PARAMETER_VALUE(0.)),(#6657,
    PARAMETER_VALUE(8.)),.T.,.PARAMETER.);
#6652 = LINE('',#6653,#6654);
#6653 = CARTESIAN_POINT('',(15.,158.,124.));
#6654 = VECTOR('',#6655,1.);
#6655 = DIRECTION('',(0.,0.,1.));
#6656 = CARTESIAN_POINT('',(15.,158.,124.));
#6657 = CARTESIAN_POINT('',(15.,158.,132.));
#6658 = GEOMETRIC_CURVE_SET('',(#6659));
#6659 = TRIMMED_CURVE('',#6660,(#6664,PARAMETER_VALUE(0.)),(#6665,
    PARAMETER_VALUE(18.)),.T.,.PARAMETER.);
#6660 = LINE('',#6661,#6662);
#6661 = CARTESIAN_POINT('',(15.,140.,124.));
#6662 = VECTOR('',#6663,1.);
#6663 = DIRECTION('',(0.,1.,0.));
#6664 = CARTESIAN_POINT('',(15.,140.,124.));
#6665 = CARTESIAN_POINT('',(15.,158.,124.));
#6666 = GEOMETRIC_CURVE_SET('',(#6667));
#6667 = TRIMMED_CURVE('',#6668,(#6672,PARAMETER_VALUE(0.)),(#6673,
    PARAMETER_VALUE(13.)),.T.,.PARAMETER.);
#6668 = LINE('',#6669,#6670);
#6669 = CARTESIAN_POINT('',(2.,140.,124.));
#6670 = VECTOR('',#6671,1.);
#6671 = DIRECTION('',(1.,0.,0.));
#6672 = CARTESIAN_POINT('',(2.,140.,124.));
#6673 = CARTESIAN_POINT('',(15.,140.,124.));
#6674 = GEOMETRIC_CURVE_SET('',(#6675));
#6675 = TRIMMED_CURVE('',#6676,(#6680,PARAMETER_VALUE(0.)),(#6681,
    PARAMETER_VALUE(13.)),.T.,.PARAMETER.);
#6676 = LINE('',#6677,#6678);
#6677 = CARTESIAN_POINT('',(2.,140.,132.));
#6678 = VECTOR('',#6679,1.);
#6679 = DIRECTION('',(1.,0.,0.));
#6680 = CARTESIAN_POINT('',(2.,140.,132.));
#6681 = CARTESIAN_POINT('',(15.,140.,132.));
#6682 = GEOMETRIC_CURVE_SET('',(#6683));
#6683 = TRIMMED_CURVE('',#6684,(#6688,PARAMETER_VALUE(0.)),(#6689,
    PARAMETER_VALUE(13.)),.T.,.PARAMETER.);
#6684 = LINE('',#6685,#6686);
#6685 = CARTESIAN_POINT('',(2.,158.,124.));
#6686 = VECTOR('',#6687,1.);
#6687 = DIRECTION('',(1.,0.,0.));
#6688 = CARTESIAN_POINT('',(2.,158.,124.));
#6689 = CARTESIAN_POINT('',(15.,158.,124.));
#6690 = GEOMETRIC_CURVE_SET('',(#6691));
#6691 = TRIMMED_CURVE('',#6692,(#6696,PARAMETER_VALUE(0.)),(#6697,
    PARAMETER_VALUE(13.)),.T.,.PARAMETER.);
#6692 = LINE('',#6693,#6694);
#6693 = CARTESIAN_POINT('',(2.,158.,132.));
#6694 = VECTOR('',#6695,1.);
#6695 = DIRECTION('',(1.,0.,0.));
#6696 = CARTESIAN_POINT('',(2.,158.,132.));
#6697 = CARTESIAN_POINT('',(15.,158.,132.));
#6698 = GEOMETRIC_CURVE_SET('',(#6699));
#6699 = TRIMMED_CURVE('',#6700,(#6704,PARAMETER_VALUE(0.)),(#6705,
    PARAMETER_VALUE(8.)),.T.,.PARAMETER.);
#6700 = LINE('',#6701,#6702);
#6701 = CARTESIAN_POINT('',(261.,140.,124.));
#6702 = VECTOR('',#6703,1.);
#6703 = DIRECTION('',(0.,0.,1.));
#6704 = CARTESIAN_POINT('',(261.,140.,124.));
#6705 = CARTESIAN_POINT('',(261.,140.,132.));
#6706 = GEOMETRIC_CURVE_SET('',(#6707));
#6707 = TRIMMED_CURVE('',#6708,(#6712,PARAMETER_VALUE(0.)),(#6713,
    PARAMETER_VALUE(18.)),.T.,.PARAMETER.);
#6708 = LINE('',#6709,#6710);
#6709 = CARTESIAN_POINT('',(261.,140.,132.));
#6710 = VECTOR('',#6711,1.);
#6711 = DIRECTION('',(0.,1.,0.));
#6712 = CARTESIAN_POINT('',(261.,140.,132.));
#6713 = CARTESIAN_POINT('',(261.,158.,132.));
#6714 = GEOMETRIC_CURVE_SET('',(#6715));
#6715 = TRIMMED_CURVE('',#6716,(#6720,PARAMETER_VALUE(0.)),(#6721,
    PARAMETER_VALUE(8.)),.T.,.PARAMETER.);
#6716 = LINE('',#6717,#6718);
#6717 = CARTESIAN_POINT('',(261.,158.,124.));
#6718 = VECTOR('',#6719,1.);
#6719 = DIRECTION('',(0.,0.,1.));
#6720 = CARTESIAN_POINT('',(261.,158.,124.));
#6721 = CARTESIAN_POINT('',(261.,158.,132.));
#6722 = GEOMETRIC_CURVE_SET('',(#6723));
#6723 = TRIMMED_CURVE('',#6724,(#6728,PARAMETER_VALUE(0.)),(#6729,
    PARAMETER_VALUE(18.)),.T.,.PARAMETER.);
#6724 = LINE('',#6725,#6726);
#6725 = CARTESIAN_POINT('',(261.,140.,124.));
#6726 = VECTOR('',#6727,1.);
#6727 = DIRECTION('',(0.,1.,0.));
#6728 = CARTESIAN_POINT('',(261.,140.,124.));
#6729 = CARTESIAN_POINT('',(261.,158.,124.));
#6730 = GEOMETRIC_CURVE_SET('',(#6731));
#6731 = TRIMMED_CURVE('',#6732,(#6736,PARAMETER_VALUE(0.)),(#6737,
    PARAMETER_VALUE(8.)),.T.,.PARAMETER.);
#6732 = LINE('',#6733,#6734);
#6733 = CARTESIAN_POINT('',(274.,140.,124.));
#6734 = VECTOR('',#6735,1.);
#6735 = DIRECTION('',(0.,0.,1.));
#6736 = CARTESIAN_POINT('',(274.,140.,124.));
#6737 = CARTESIAN_POINT('',(274.,140.,132.));
#6738 = GEOMETRIC_CURVE_SET('',(#6739));
#6739 = TRIMMED_CURVE('',#6740,(#6744,PARAMETER_VALUE(0.)),(#6745,
    PARAMETER_VALUE(18.)),.T.,.PARAMETER.);
#6740 = LINE('',#6741,#6742);
#6741 = CARTESIAN_POINT('',(274.,140.,132.));
#6742 = VECTOR('',#6743,1.);
#6743 = DIRECTION('',(0.,1.,0.));
#6744 = CARTESIAN_POINT('',(274.,140.,132.));
#6745 = CARTESIAN_POINT('',(274.,158.,132.));
#6746 = GEOMETRIC_CURVE_SET('',(#6747));
#6747 = TRIMMED_CURVE('',#6748,(#6752,PARAMETER_VALUE(0.)),(#6753,
    PARAMETER_VALUE(8.)),.T.,.PARAMETER.);
#6748 = LINE('',#6749,#6750);
#6749 = CARTESIAN_POINT('',(274.,158.,124.));
#6750 = VECTOR('',#6751,1.);
#6751 = DIRECTION('',(0.,0.,1.));
#6752 = CARTESIAN_POINT('',(274.,158.,124.));
#6753 = CARTESIAN_POINT('',(274.,158.,132.));
#6754 = GEOMETRIC_CURVE_SET('',(#6755));
#6755 = TRIMMED_CURVE('',#6756,(#6760,PARAMETER_VALUE(0.)),(#6761,
    PARAMETER_VALUE(18.)),.T.,.PARAMETER.);
#6756 = LINE('',#6757,#6758);
#6757 = CARTESIAN_POINT('',(274.,140.,124.));
#6758 = VECTOR('',#6759,1.);
#6759 = DIRECTION('',(0.,1.,0.));
#6760 = CARTESIAN_POINT('',(274.,140.,124.));
#6761 = CARTESIAN_POINT('',(274.,158.,124.));
#6762 = GEOMETRIC_CURVE_SET('',(#6763));
#6763 = TRIMMED_CURVE('',#6764,(#6768,PARAMETER_VALUE(0.)),(#6769,
    PARAMETER_VALUE(13.)),.T.,.PARAMETER.);
#6764 = LINE('',#6765,#6766);
#6765 = CARTESIAN_POINT('',(261.,140.,124.));
#6766 = VECTOR('',#6767,1.);
#6767 = DIRECTION('',(1.,0.,0.));
#6768 = CARTESIAN_POINT('',(261.,140.,124.));
#6769 = CARTESIAN_POINT('',(274.,140.,124.));
#6770 = GEOMETRIC_CURVE_SET('',(#6771));
#6771 = TRIMMED_CURVE('',#6772,(#6776,PARAMETER_VALUE(0.)),(#6777,
    PARAMETER_VALUE(13.)),.T.,.PARAMETER.);
#6772 = LINE('',#6773,#6774);
#6773 = CARTESIAN_POINT('',(261.,140.,132.));
#6774 = VECTOR('',#6775,1.);
#6775 = DIRECTION('',(1.,0.,0.));
#6776 = CARTESIAN_POINT('',(261.,140.,132.));
#6777 = CARTESIAN_POINT('',(274.,140.,132.));
#6778 = GEOMETRIC_CURVE_SET('',(#6779));
#6779 = TRIMMED_CURVE('',#6780,(#6784,PARAMETER_VALUE(0.)),(#6785,
    PARAMETER_VALUE(13.)),.T.,.PARAMETER.);
#6780 = LINE('',#6781,#6782);
#6781 = CARTESIAN_POINT('',(261.,158.,124.));
#6782 = VECTOR('',#6783,1.);
#6783 = DIRECTION('',(1.,0.,0.));
#6784 = CARTESIAN_POINT('',(261.,158.,124.));
#6785 = CARTESIAN_POINT('',(274.,158.,124.));
#6786 = GEOMETRIC_CURVE_SET('',(#6787));
#6787 = TRIMMED_CURVE('',#6788,(#6792,PARAMETER_VALUE(0.)),(#6793,
    PARAMETER_VALUE(13.)),.T.,.PARAMETER.);
#6788 = LINE('',#6789,#6790);
#6789 = CARTESIAN_POINT('',(261.,158.,132.));
#6790 = VECTOR('',#6791,1.);
#6791 = DIRECTION('',(1.,0.,0.));
#6792 = CARTESIAN_POINT('',(261.,158.,132.));
#6793 = CARTESIAN_POINT('',(274.,158.,132.));
#6794 = GEOMETRIC_CURVE_SET('',(#6795));
#6795 = TRIMMED_CURVE('',#6796,(#6800,PARAMETER_VALUE(0.)),(#6801,
    PARAMETER_VALUE(8.)),.T.,.PARAMETER.);
#6796 = LINE('',#6797,#6798);
#6797 = CARTESIAN_POINT('',(45.,253.,136.));
#6798 = VECTOR('',#6799,1.);
#6799 = DIRECTION('',(0.,0.,1.));
#6800 = CARTESIAN_POINT('',(45.,253.,136.));
#6801 = CARTESIAN_POINT('',(45.,253.,144.));
#6802 = GEOMETRIC_CURVE_SET('',(#6803));
#6803 = TRIMMED_CURVE('',#6804,(#6808,PARAMETER_VALUE(0.)),(#6809,
    PARAMETER_VALUE(18.)),.T.,.PARAMETER.);
#6804 = LINE('',#6805,#6806);
#6805 = CARTESIAN_POINT('',(45.,253.,144.));
#6806 = VECTOR('',#6807,1.);
#6807 = DIRECTION('',(0.,1.,0.));
#6808 = CARTESIAN_POINT('',(45.,253.,144.));
#6809 = CARTESIAN_POINT('',(45.,271.,144.));
#6810 = GEOMETRIC_CURVE_SET('',(#6811));
#6811 = TRIMMED_CURVE('',#6812,(#6816,PARAMETER_VALUE(0.)),(#6817,
    PARAMETER_VALUE(8.)),.T.,.PARAMETER.);
#6812 = LINE('',#6813,#6814);
#6813 = CARTESIAN_POINT('',(45.,271.,136.));
#6814 = VECTOR('',#6815,1.);
#6815 = DIRECTION('',(0.,0.,1.));
#6816 = CARTESIAN_POINT('',(45.,271.,136.));
#6817 = CARTESIAN_POINT('',(45.,271.,144.));
#6818 = GEOMETRIC_CURVE_SET('',(#6819));
#6819 = TRIMMED_CURVE('',#6820,(#6824,PARAMETER_VALUE(0.)),(#6825,
    PARAMETER_VALUE(18.)),.T.,.PARAMETER.);
#6820 = LINE('',#6821,#6822);
#6821 = CARTESIAN_POINT('',(45.,253.,136.));
#6822 = VECTOR('',#6823,1.);
#6823 = DIRECTION('',(0.,1.,0.));
#6824 = CARTESIAN_POINT('',(45.,253.,136.));
#6825 = CARTESIAN_POINT('',(45.,271.,136.));
#6826 = GEOMETRIC_CURVE_SET('',(#6827));
#6827 = TRIMMED_CURVE('',#6828,(#6832,PARAMETER_VALUE(0.)),(#6833,
    PARAMETER_VALUE(8.)),.T.,.PARAMETER.);
#6828 = LINE('',#6829,#6830);
#6829 = CARTESIAN_POINT('',(58.,253.,136.));
#6830 = VECTOR('',#6831,1.);
#6831 = DIRECTION('',(0.,0.,1.));
#6832 = CARTESIAN_POINT('',(58.,253.,136.));
#6833 = CARTESIAN_POINT('',(58.,253.,144.));
#6834 = GEOMETRIC_CURVE_SET('',(#6835));
#6835 = TRIMMED_CURVE('',#6836,(#6840,PARAMETER_VALUE(0.)),(#6841,
    PARAMETER_VALUE(18.)),.T.,.PARAMETER.);
#6836 = LINE('',#6837,#6838);
#6837 = CARTESIAN_POINT('',(58.,253.,144.));
#6838 = VECTOR('',#6839,1.);
#6839 = DIRECTION('',(0.,1.,0.));
#6840 = CARTESIAN_POINT('',(58.,253.,144.));
#6841 = CARTESIAN_POINT('',(58.,271.,144.));
#6842 = GEOMETRIC_CURVE_SET('',(#6843));
#6843 = TRIMMED_CURVE('',#6844,(#6848,PARAMETER_VALUE(0.)),(#6849,
    PARAMETER_VALUE(8.)),.T.,.PARAMETER.);
#6844 = LINE('',#6845,#6846);
#6845 = CARTESIAN_POINT('',(58.,271.,136.));
#6846 = VECTOR('',#6847,1.);
#6847 = DIRECTION('',(0.,0.,1.));
#6848 = CARTESIAN_POINT('',(58.,271.,136.));
#6849 = CARTESIAN_POINT('',(58.,271.,144.));
#6850 = GEOMETRIC_CURVE_SET('',(#6851));
#6851 = TRIMMED_CURVE('',#6852,(#6856,PARAMETER_VALUE(0.)),(#6857,
    PARAMETER_VALUE(18.)),.T.,.PARAMETER.);
#6852 = LINE('',#6853,#6854);
#6853 = CARTESIAN_POINT('',(58.,253.,136.));
#6854 = VECTOR('',#6855,1.);
#6855 = DIRECTION('',(0.,1.,0.));
#6856 = CARTESIAN_POINT('',(58.,253.,136.));
#6857 = CARTESIAN_POINT('',(58.,271.,136.));
#6858 = GEOMETRIC_CURVE_SET('',(#6859));
#6859 = TRIMMED_CURVE('',#6860,(#6864,PARAMETER_VALUE(0.)),(#6865,
    PARAMETER_VALUE(13.)),.T.,.PARAMETER.);
#6860 = LINE('',#6861,#6862);
#6861 = CARTESIAN_POINT('',(45.,253.,136.));
#6862 = VECTOR('',#6863,1.);
#6863 = DIRECTION('',(1.,0.,0.));
#6864 = CARTESIAN_POINT('',(45.,253.,136.));
#6865 = CARTESIAN_POINT('',(58.,253.,136.));
#6866 = GEOMETRIC_CURVE_SET('',(#6867));
#6867 = TRIMMED_CURVE('',#6868,(#6872,PARAMETER_VALUE(0.)),(#6873,
    PARAMETER_VALUE(13.)),.T.,.PARAMETER.);
#6868 = LINE('',#6869,#6870);
#6869 = CARTESIAN_POINT('',(45.,253.,144.));
#6870 = VECTOR('',#6871,1.);
#6871 = DIRECTION('',(1.,0.,0.));
#6872 = CARTESIAN_POINT('',(45.,253.,144.));
#6873 = CARTESIAN_POINT('',(58.,253.,144.));
#6874 = GEOMETRIC_CURVE_SET('',(#6875));
#6875 = TRIMMED_CURVE('',#6876,(#6880,PARAMETER_VALUE(0.)),(#6881,
    PARAMETER_VALUE(13.)),.T.,.PARAMETER.);
#6876 = LINE('',#6877,#6878);
#6877 = CARTESIAN_POINT('',(45.,271.,136.));
#6878 = VECTOR('',#6879,1.);
#6879 = DIRECTION('',(1.,0.,0.));
#6880 = CARTESIAN_POINT('',(45.,271.,136.));
#6881 = CARTESIAN_POINT('',(58.,271.,136.));
#6882 = GEOMETRIC_CURVE_SET('',(#6883));
#6883 = TRIMMED_CURVE('',#6884,(#6888,PARAMETER_VALUE(0.)),(#6889,
    PARAMETER_VALUE(13.)),.T.,.PARAMETER.);
#6884 = LINE('',#6885,#6886);
#6885 = CARTESIAN_POINT('',(45.,271.,144.));
#6886 = VECTOR('',#6887,1.);
#6887 = DIRECTION('',(1.,0.,0.));
#6888 = CARTESIAN_POINT('',(45.,271.,144.));
#6889 = CARTESIAN_POINT('',(58.,271.,144.));
#6890 = GEOMETRIC_CURVE_SET('',(#6891));
#6891 = TRIMMED_CURVE('',#6892,(#6896,PARAMETER_VALUE(0.)),(#6897,
    PARAMETER_VALUE(8.)),.T.,.PARAMETER.);
#6892 = LINE('',#6893,#6894);
#6893 = CARTESIAN_POINT('',(230.,253.,136.));
#6894 = VECTOR('',#6895,1.);
#6895 = DIRECTION('',(0.,0.,1.));
#6896 = CARTESIAN_POINT('',(230.,253.,136.));
#6897 = CARTESIAN_POINT('',(230.,253.,144.));
#6898 = GEOMETRIC_CURVE_SET('',(#6899));
#6899 = TRIMMED_CURVE('',#6900,(#6904,PARAMETER_VALUE(0.)),(#6905,
    PARAMETER_VALUE(18.)),.T.,.PARAMETER.);
#6900 = LINE('',#6901,#6902);
#6901 = CARTESIAN_POINT('',(230.,253.,144.));
#6902 = VECTOR('',#6903,1.);
#6903 = DIRECTION('',(0.,1.,0.));
#6904 = CARTESIAN_POINT('',(230.,253.,144.));
#6905 = CARTESIAN_POINT('',(230.,271.,144.));
#6906 = GEOMETRIC_CURVE_SET('',(#6907));
#6907 = TRIMMED_CURVE('',#6908,(#6912,PARAMETER_VALUE(0.)),(#6913,
    PARAMETER_VALUE(8.)),.T.,.PARAMETER.);
#6908 = LINE('',#6909,#6910);
#6909 = CARTESIAN_POINT('',(230.,271.,136.));
#6910 = VECTOR('',#6911,1.);
#6911 = DIRECTION('',(0.,0.,1.));
#6912 = CARTESIAN_POINT('',(230.,271.,136.));
#6913 = CARTESIAN_POINT('',(230.,271.,144.));
#6914 = GEOMETRIC_CURVE_SET('',(#6915));
#6915 = TRIMMED_CURVE('',#6916,(#6920,PARAMETER_VALUE(0.)),(#6921,
    PARAMETER_VALUE(18.)),.T.,.PARAMETER.);
#6916 = LINE('',#6917,#6918);
#6917 = CARTESIAN_POINT('',(230.,253.,136.));
#6918 = VECTOR('',#6919,1.);
#6919 = DIRECTION('',(0.,1.,0.));
#6920 = CARTESIAN_POINT('',(230.,253.,136.));
#6921 = CARTESIAN_POINT('',(230.,271.,136.));
#6922 = GEOMETRIC_CURVE_SET('',(#6923));
#6923 = TRIMMED_CURVE('',#6924,(#6928,PARAMETER_VALUE(0.)),(#6929,
    PARAMETER_VALUE(8.)),.T.,.PARAMETER.);
#6924 = LINE('',#6925,#6926);
#6925 = CARTESIAN_POINT('',(243.,253.,136.));
#6926 = VECTOR('',#6927,1.);
#6927 = DIRECTION('',(0.,0.,1.));
#6928 = CARTESIAN_POINT('',(243.,253.,136.));
#6929 = CARTESIAN_POINT('',(243.,253.,144.));
#6930 = GEOMETRIC_CURVE_SET('',(#6931));
#6931 = TRIMMED_CURVE('',#6932,(#6936,PARAMETER_VALUE(0.)),(#6937,
    PARAMETER_VALUE(18.)),.T.,.PARAMETER.);
#6932 = LINE('',#6933,#6934);
#6933 = CARTESIAN_POINT('',(243.,253.,144.));
#6934 = VECTOR('',#6935,1.);
#6935 = DIRECTION('',(0.,1.,0.));
#6936 = CARTESIAN_POINT('',(243.,253.,144.));
#6937 = CARTESIAN_POINT('',(243.,271.,144.));
#6938 = GEOMETRIC_CURVE_SET('',(#6939));
#6939 = TRIMMED_CURVE('',#6940,(#6944,PARAMETER_VALUE(0.)),(#6945,
    PARAMETER_VALUE(8.)),.T.,.PARAMETER.);
#6940 = LINE('',#6941,#6942);
#6941 = CARTESIAN_POINT('',(243.,271.,136.));
#6942 = VECTOR('',#6943,1.);
#6943 = DIRECTION('',(0.,0.,1.));
#6944 = CARTESIAN_POINT('',(243.,271.,136.));
#6945 = CARTESIAN_POINT('',(243.,271.,144.));
#6946 = GEOMETRIC_CURVE_SET('',(#6947));
#6947 = TRIMMED_CURVE('',#6948,(#6952,PARAMETER_VALUE(0.)),(#6953,
    PARAMETER_VALUE(18.)),.T.,.PARAMETER.);
#6948 = LINE('',#6949,#6950);
#6949 = CARTESIAN_POINT('',(243.,253.,136.));
#6950 = VECTOR('',#6951,1.);
#6951 = DIRECTION('',(0.,1.,0.));
#6952 = CARTESIAN_POINT('',(243.,253.,136.));
#6953 = CARTESIAN_POINT('',(243.,271.,136.));
#6954 = GEOMETRIC_CURVE_SET('',(#6955));
#6955 = TRIMMED_CURVE('',#6956,(#6960,PARAMETER_VALUE(0.)),(#6961,
    PARAMETER_VALUE(13.)),.T.,.PARAMETER.);
#6956 = LINE('',#6957,#6958);
#6957 = CARTESIAN_POINT('',(230.,253.,136.));
#6958 = VECTOR('',#6959,1.);
#6959 = DIRECTION('',(1.,0.,0.));
#6960 = CARTESIAN_POINT('',(230.,253.,136.));
#6961 = CARTESIAN_POINT('',(243.,253.,136.));
#6962 = GEOMETRIC_CURVE_SET('',(#6963));
#6963 = TRIMMED_CURVE('',#6964,(#6968,PARAMETER_VALUE(0.)),(#6969,
    PARAMETER_VALUE(13.)),.T.,.PARAMETER.);
#6964 = LINE('',#6965,#6966);
#6965 = CARTESIAN_POINT('',(230.,253.,144.));
#6966 = VECTOR('',#6967,1.);
#6967 = DIRECTION('',(1.,0.,0.));
#6968 = CARTESIAN_POINT('',(230.,253.,144.));
#6969 = CARTESIAN_POINT('',(243.,253.,144.));
#6970 = GEOMETRIC_CURVE_SET('',(#6971));
#6971 = TRIMMED_CURVE('',#6972,(#6976,PARAMETER_VALUE(0.)),(#6977,
    PARAMETER_VALUE(13.)),.T.,.PARAMETER.);
#6972 = LINE('',#6973,#6974);
#6973 = CARTESIAN_POINT('',(230.,271.,136.));
#6974 = VECTOR('',#6975,1.);
#6975 = DIRECTION('',(1.,0.,0.));
#6976 = CARTESIAN_POINT('',(230.,271.,136.));
#6977 = CARTESIAN_POINT('',(243.,271.,136.));
#6978 = GEOMETRIC_CURVE_SET('',(#6979));
#6979 = TRIMMED_CURVE('',#6980,(#6984,PARAMETER_VALUE(0.)),(#6985,
    PARAMETER_VALUE(13.)),.T.,.PARAMETER.);
#6980 = LINE('',#6981,#6982);
#6981 = CARTESIAN_POINT('',(230.,271.,144.));
#6982 = VECTOR('',#6983,1.);
#6983 = DIRECTION('',(1.,0.,0.));
#6984 = CARTESIAN_POINT('',(230.,271.,144.));
#6985 = CARTESIAN_POINT('',(243.,271.,144.));
#6986 = GEOMETRIC_CURVE_SET('',(#6987));
#6987 = TRIMMED_CURVE('',#6988,(#6992,PARAMETER_VALUE(0.)),(#6993,
    PARAMETER_VALUE(20.)),.T.,.PARAMETER.);
#6988 = LINE('',#6989,#6990);
#6989 = CARTESIAN_POINT('',(45.,90.,124.));
#6990 = VECTOR('',#6991,1.);
#6991 = DIRECTION('',(0.,0.,1.));
#6992 = CARTESIAN_POINT('',(45.,90.,124.));
#6993 = CARTESIAN_POINT('',(45.,90.,144.));
#6994 = GEOMETRIC_CURVE_SET('',(#6995));
#6995 = TRIMMED_CURVE('',#6996,(#7000,PARAMETER_VALUE(0.)),(#7001,
    PARAMETER_VALUE(60.)),.T.,.PARAMETER.);
#6996 = LINE('',#6997,#6998);
#6997 = CARTESIAN_POINT('',(45.,90.,144.));
#6998 = VECTOR('',#6999,1.);
#6999 = DIRECTION('',(0.,1.,0.));
#7000 = CARTESIAN_POINT('',(45.,90.,144.));
#7001 = CARTESIAN_POINT('',(45.,150.,144.));
#7002 = GEOMETRIC_CURVE_SET('',(#7003));
#7003 = TRIMMED_CURVE('',#7004,(#7008,PARAMETER_VALUE(0.)),(#7009,
    PARAMETER_VALUE(20.)),.T.,.PARAMETER.);
#7004 = LINE('',#7005,#7006);
#7005 = CARTESIAN_POINT('',(45.,150.,124.));
#7006 = VECTOR('',#7007,1.);
#7007 = DIRECTION('',(0.,0.,1.));
#7008 = CARTESIAN_POINT('',(45.,150.,124.));
#7009 = CARTESIAN_POINT('',(45.,150.,144.));
#7010 = GEOMETRIC_CURVE_SET('',(#7011));
#7011 = TRIMMED_CURVE('',#7012,(#7016,PARAMETER_VALUE(0.)),(#7017,
    PARAMETER_VALUE(60.)),.T.,.PARAMETER.);
#7012 = LINE('',#7013,#7014);
#7013 = CARTESIAN_POINT('',(45.,90.,124.));
#7014 = VECTOR('',#7015,1.);
#7015 = DIRECTION('',(0.,1.,0.));
#7016 = CARTESIAN_POINT('',(45.,90.,124.));
#7017 = CARTESIAN_POINT('',(45.,150.,124.));
#7018 = GEOMETRIC_CURVE_SET('',(#7019));
#7019 = TRIMMED_CURVE('',#7020,(#7024,PARAMETER_VALUE(0.)),(#7025,
    PARAMETER_VALUE(20.)),.T.,.PARAMETER.);
#7020 = LINE('',#7021,#7022);
#7021 = CARTESIAN_POINT('',(80.,90.,124.));
#7022 = VECTOR('',#7023,1.);
#7023 = DIRECTION('',(0.,0.,1.));
#7024 = CARTESIAN_POINT('',(80.,90.,124.));
#7025 = CARTESIAN_POINT('',(80.,90.,144.));
#7026 = GEOMETRIC_CURVE_SET('',(#7027));
#7027 = TRIMMED_CURVE('',#7028,(#7032,PARAMETER_VALUE(0.)),(#7033,
    PARAMETER_VALUE(60.)),.T.,.PARAMETER.);
#7028 = LINE('',#7029,#7030);
#7029 = CARTESIAN_POINT('',(80.,90.,144.));
#7030 = VECTOR('',#7031,1.);
#7031 = DIRECTION('',(0.,1.,0.));
#7032 = CARTESIAN_POINT('',(80.,90.,144.));
#7033 = CARTESIAN_POINT('',(80.,150.,144.));
#7034 = GEOMETRIC_CURVE_SET('',(#7035));
#7035 = TRIMMED_CURVE('',#7036,(#7040,PARAMETER_VALUE(0.)),(#7041,
    PARAMETER_VALUE(20.)),.T.,.PARAMETER.);
#7036 = LINE('',#7037,#7038);
#7037 = CARTESIAN_POINT('',(80.,150.,124.));
#7038 = VECTOR('',#7039,1.);
#7039 = DIRECTION('',(0.,0.,1.));
#7040 = CARTESIAN_POINT('',(80.,150.,124.));
#7041 = CARTESIAN_POINT('',(80.,150.,144.));
#7042 = GEOMETRIC_CURVE_SET('',(#7043));
#7043 = TRIMMED_CURVE('',#7044,(#7048,PARAMETER_VALUE(0.)),(#7049,
    PARAMETER_VALUE(60.)),.T.,.PARAMETER.);
#7044 = LINE('',#7045,#7046);
#7045 = CARTESIAN_POINT('',(80.,90.,124.));
#7046 = VECTOR('',#7047,1.);
#7047 = DIRECTION('',(0.,1.,0.));
#7048 = CARTESIAN_POINT('',(80.,90.,124.));
#7049 = CARTESIAN_POINT('',(80.,150.,124.));
#7050 = GEOMETRIC_CURVE_SET('',(#7051));
#7051 = TRIMMED_CURVE('',#7052,(#7056,PARAMETER_VALUE(0.)),(#7057,
    PARAMETER_VALUE(35.)),.T.,.PARAMETER.);
#7052 = LINE('',#7053,#7054);
#7053 = CARTESIAN_POINT('',(45.,90.,124.));
#7054 = VECTOR('',#7055,1.);
#7055 = DIRECTION('',(1.,0.,0.));
#7056 = CARTESIAN_POINT('',(45.,90.,124.));
#7057 = CARTESIAN_POINT('',(80.,90.,124.));
#7058 = GEOMETRIC_CURVE_SET('',(#7059));
#7059 = TRIMMED_CURVE('',#7060,(#7064,PARAMETER_VALUE(0.)),(#7065,
    PARAMETER_VALUE(35.)),.T.,.PARAMETER.);
#7060 = LINE('',#7061,#7062);
#7061 = CARTESIAN_POINT('',(45.,90.,144.));
#7062 = VECTOR('',#7063,1.);
#7063 = DIRECTION('',(1.,0.,0.));
#7064 = CARTESIAN_POINT('',(45.,90.,144.));
#7065 = CARTESIAN_POINT('',(80.,90.,144.));
#7066 = GEOMETRIC_CURVE_SET('',(#7067));
#7067 = TRIMMED_CURVE('',#7068,(#7072,PARAMETER_VALUE(0.)),(#7073,
    PARAMETER_VALUE(35.)),.T.,.PARAMETER.);
#7068 = LINE('',#7069,#7070);
#7069 = CARTESIAN_POINT('',(45.,150.,124.));
#7070 = VECTOR('',#7071,1.);
#7071 = DIRECTION('',(1.,0.,0.));
#7072 = CARTESIAN_POINT('',(45.,150.,124.));
#7073 = CARTESIAN_POINT('',(80.,150.,124.));
#7074 = GEOMETRIC_CURVE_SET('',(#7075));
#7075 = TRIMMED_CURVE('',#7076,(#7080,PARAMETER_VALUE(0.)),(#7081,
    PARAMETER_VALUE(35.)),.T.,.PARAMETER.);
#7076 = LINE('',#7077,#7078);
#7077 = CARTESIAN_POINT('',(45.,150.,144.));
#7078 = VECTOR('',#7079,1.);
#7079 = DIRECTION('',(1.,0.,0.));
#7080 = CARTESIAN_POINT('',(45.,150.,144.));
#7081 = CARTESIAN_POINT('',(80.,150.,144.));
#7082 = GEOMETRIC_CURVE_SET('',(#7083));
#7083 = TRIMMED_CURVE('',#7084,(#7088,PARAMETER_VALUE(0.)),(#7089,
    PARAMETER_VALUE(180.)),.T.,.PARAMETER.);
#7084 = LINE('',#7085,#7086);
#7085 = CARTESIAN_POINT('',(0.,0.,0.));
#7086 = VECTOR('',#7087,1.);
#7087 = DIRECTION('',(0.,0.,1.));
#7088 = CARTESIAN_POINT('',(0.,0.,0.));
#7089 = CARTESIAN_POINT('',(0.,0.,180.));
#7090 = GEOMETRIC_CURVE_SET('',(#7091));
#7091 = TRIMMED_CURVE('',#7092,(#7096,PARAMETER_VALUE(0.)),(#7097,
    PARAMETER_VALUE(275.)),.T.,.PARAMETER.);
#7092 = LINE('',#7093,#7094);
#7093 = CARTESIAN_POINT('',(0.,0.,180.));
#7094 = VECTOR('',#7095,1.);
#7095 = DIRECTION('',(0.,1.,0.));
#7096 = CARTESIAN_POINT('',(0.,0.,180.));
#7097 = CARTESIAN_POINT('',(0.,275.,180.));
#7098 = GEOMETRIC_CURVE_SET('',(#7099));
#7099 = TRIMMED_CURVE('',#7100,(#7104,PARAMETER_VALUE(0.)),(#7105,
    PARAMETER_VALUE(180.)),.T.,.PARAMETER.);
#7100 = LINE('',#7101,#7102);
#7101 = CARTESIAN_POINT('',(0.,275.,0.));
#7102 = VECTOR('',#7103,1.);
#7103 = DIRECTION('',(0.,0.,1.));
#7104 = CARTESIAN_POINT('',(0.,275.,0.));
#7105 = CARTESIAN_POINT('',(0.,275.,180.));
#7106 = GEOMETRIC_CURVE_SET('',(#7107));
#7107 = TRIMMED_CURVE('',#7108,(#7112,PARAMETER_VALUE(0.)),(#7113,
    PARAMETER_VALUE(275.)),.T.,.PARAMETER.);
#7108 = LINE('',#7109,#7110);
#7109 = CARTESIAN_POINT('',(0.,0.,0.));
#7110 = VECTOR('',#7111,1.);
#7111 = DIRECTION('',(0.,1.,0.));
#7112 = CARTESIAN_POINT('',(0.,0.,0.));
#7113 = CARTESIAN_POINT('',(0.,275.,0.));
#7114 = GEOMETRIC_CURVE_SET('',(#7115));
#7115 = TRIMMED_CURVE('',#7116,(#7120,PARAMETER_VALUE(0.)),(#7121,
    PARAMETER_VALUE(180.)),.T.,.PARAMETER.);
#7116 = LINE('',#7117,#7118);
#7117 = CARTESIAN_POINT('',(275.,0.,0.));
#7118 = VECTOR('',#7119,1.);
#7119 = DIRECTION('',(0.,0.,1.));
#7120 = CARTESIAN_POINT('',(275.,0.,0.));
#7121 = CARTESIAN_POINT('',(275.,0.,180.));
#7122 = GEOMETRIC_CURVE_SET('',(#7123));
#7123 = TRIMMED_CURVE('',#7124,(#7128,PARAMETER_VALUE(0.)),(#7129,
    PARAMETER_VALUE(275.)),.T.,.PARAMETER.);
#7124 = LINE('',#7125,#7126);
#7125 = CARTESIAN_POINT('',(275.,0.,180.));
#7126 = VECTOR('',#7127,1.);
#7127 = DIRECTION('',(0.,1.,0.));
#7128 = CARTESIAN_POINT('',(275.,0.,180.));
#7129 = CARTESIAN_POINT('',(275.,275.,180.));
#7130 = GEOMETRIC_CURVE_SET('',(#7131));
#7131 = TRIMMED_CURVE('',#7132,(#7136,PARAMETER_VALUE(0.)),(#7137,
    PARAMETER_VALUE(180.)),.T.,.PARAMETER.);
#7132 = LINE('',#7133,#7134);
#7133 = CARTESIAN_POINT('',(275.,275.,0.));
#7134 = VECTOR('',#7135,1.);
#7135 = DIRECTION('',(0.,0.,1.));
#7136 = CARTESIAN_POINT('',(275.,275.,0.));
#7137 = CARTESIAN_POINT('',(275.,275.,180.));
#7138 = GEOMETRIC_CURVE_SET('',(#7139));
#7139 = TRIMMED_CURVE('',#7140,(#7144,PARAMETER_VALUE(0.)),(#7145,
    PARAMETER_VALUE(275.)),.T.,.PARAMETER.);
#7140 = LINE('',#7141,#7142);
#7141 = CARTESIAN_POINT('',(275.,0.,0.));
#7142 = VECTOR('',#7143,1.);
#7143 = DIRECTION('',(0.,1.,0.));
#7144 = CARTESIAN_POINT('',(275.,0.,0.));
#7145 = CARTESIAN_POINT('',(275.,275.,0.));
#7146 = GEOMETRIC_CURVE_SET('',(#7147));
#7147 = TRIMMED_CURVE('',#7148,(#7152,PARAMETER_VALUE(0.)),(#7153,
    PARAMETER_VALUE(275.)),.T.,.PARAMETER.);
#7148 = LINE('',#7149,#7150);
#7149 = CARTESIAN_POINT('',(0.,0.,0.));
#7150 = VECTOR('',#7151,1.);
#7151 = DIRECTION('',(1.,0.,0.));
#7152 = CARTESIAN_POINT('',(0.,0.,0.));
#7153 = CARTESIAN_POINT('',(275.,0.,0.));
#7154 = GEOMETRIC_CURVE_SET('',(#7155));
#7155 = TRIMMED_CURVE('',#7156,(#7160,PARAMETER_VALUE(0.)),(#7161,
    PARAMETER_VALUE(275.)),.T.,.PARAMETER.);
#7156 = LINE('',#7157,#7158);
#7157 = CARTESIAN_POINT('',(0.,0.,180.));
#7158 = VECTOR('',#7159,1.);
#7159 = DIRECTION('',(1.,0.,0.));
#7160 = CARTESIAN_POINT('',(0.,0.,180.));
#7161 = CARTESIAN_POINT('',(275.,0.,180.));
#7162 = GEOMETRIC_CURVE_SET('',(#7163));
#7163 = TRIMMED_CURVE('',#7164,(#7168,PARAMETER_VALUE(0.)),(#7169,
    PARAMETER_VALUE(275.)),.T.,.PARAMETER.);
#7164 = LINE('',#7165,#7166);
#7165 = CARTESIAN_POINT('',(0.,275.,0.));
#7166 = VECTOR('',#7167,1.);
#7167 = DIRECTION('',(1.,0.,0.));
#7168 = CARTESIAN_POINT('',(0.,275.,0.));
#7169 = CARTESIAN_POINT('',(275.,275.,0.));
#7170 = GEOMETRIC_CURVE_SET('',(#7171));
#7171 = TRIMMED_CURVE('',#7172,(#7176,PARAMETER_VALUE(0.)),(#7177,
    PARAMETER_VALUE(275.)),.T.,.PARAMETER.);
#7172 = LINE('',#7173,#7174);
#7173 = CARTESIAN_POINT('',(0.,275.,180.));
#7174 = VECTOR('',#7175,1.);
#7175 = DIRECTION('',(1.,0.,0.));
#7176 = CARTESIAN_POINT('',(0.,275.,180.));
#7177 = CARTESIAN_POINT('',(275.,275.,180.));
#7178 = ( GEOMETRIC_REPRESENTATION_CONTEXT(3) 
GLOBAL_UNCERTAINTY_ASSIGNED_CONTEXT((#7182)) 
GLOBAL_UNIT_ASSIGNED_CONTEXT((#7179,#7180,#7181)) REPRESENTATION_CONTEXT
('Context #1','3D Context with UNIT and UNCERTAINTY') );
#7179 = ( LENGTH_UNIT() NAMED_UNIT(*) SI_UNIT(.MILLI.,.METRE.) );
#7180 = ( NAMED_UNIT(*) PLANE_ANGLE_UNIT() SI_UNIT($,.RADIAN.) );
#7181 = ( NAMED_UNIT(*) SI_UNIT($,.STERADIAN.) SOLID_ANGLE_UNIT() );
#7182 = UNCERTAINTY_MEASURE_WITH_UNIT(LENGTH_MEASURE(1.E-07),#7179,
  'distance_accuracy_value','confusion accuracy');
#7183 = PRODUCT_RELATED_PRODUCT_CATEGORY('part',$,(#7));
ENDSEC;
END-ISO-10303-21;
