configuration,instance,hardware_id,module,name,qty,low_g,nominal_g,high_g,mass_basis,source,procurement,notes
vacuum,core_power:logic_buck,logic_buck,core,"5 V regulator and carrier, 40 W design allocation",1,15,25,45,assembly allowance; D42V110F5 family reference; exact variant and thermal review required,https://www.pololu.com/product/5671/specs,design_candidate,
vacuum,core_power:motor_buck,motor_buck,core,D42V110F12 regulator and mounting,1,15,24,36,catalog bare 15 g plus installed allowance,https://www.pololu.com/product/5677/specs,design_candidate,
vacuum,core_power:regen_clamp,regen_clamp,core,"12 V braking clamp, reverse blocking, resistor and bulk capacitors",1,22,40,70,"custom circuit allowance; 15 V comparator threshold, 10 ohm 25 W resistor, 2200 uF/25 V reference",https://resources.basicmicro.com/manual/roboclaw/operational-requirements/,design_candidate,
vacuum,core_power:tool_converter,tool_converter,core,Cincon CHB100W-24S24 plus HBT127/PH01 cooling and carrier,1,155,190,245,"catalog 95+50.4+1.9 g plus fan, carrier and mounting; comparison regulator for 6S case",https://www.cincon.com/productdownload/Datasheet-CHB100W.pdf,design_candidate,
vacuum,pi_bay:pi,pi,core,"Raspberry Pi 5, active cooler and microSD",1,65,82,105,installed allowance; owned board available; processing power is a workload estimate,https://www.raspberrypi.com/products/raspberry-pi-5/,owned_board_candidate,
vacuum,front_camera:depth_camera,depth_camera,core,OAK-D S2 USB stereo camera and bracket,1,91,106,125,manufacturer drawing and 91 g reference plus mount/cable allowance,https://cdn.robotshop.com/media/l/lux/rb-lux-16/pdf/luxonis-oak-d-s2-camera-auto-focus-datasheet.pdf,design_candidate,
vacuum,core_mcu_bay:core_mcu,core_mcu,core,ESP32-DevKitC plus CAN transceiver and hardware watchdog,1,12,20,30,board plus interface allowance,https://documentation.espressif.com/esp-dev-kits/en/latest/esp32/esp32-devkitc/user_guide.html,design_candidate,
vacuum,battery_bay:battery_cartridge,battery_cartridge,core,"Removable cartridge shell, cell monitor/ID/temperature, fuse and recessed contacts",1,85,140,220,"Installed allowance: 65 g shell/restraint, 35 g monitor/ID, 40 g fuse/contacts/wiring nominal; excludes bare cell pack and fixed core receiver",https://www.ti.com/product/BQ76952,design_candidate,Carried once; the same 140 g nominal tare accompanies every stored pack. Main switched discharge stage stays in core. Packaging and flight current are unqualified.
vacuum,battery_bay:battery_receiver,battery_receiver,core,"Fixed battery guide, positive latch, presence switches and floating contact support",1,30,50,85,Additional automatic-exchange receiver allowance; passive latch retained without power,,design_candidate,Mass excludes cartridge-side hardware; station actuator releases latch only after mechanical support.
vacuum,pack_protection:core_monitor,core_monitor,core,"Core switched discharge bus, current shunt, precharge and protection power stage",1,45,80,140,custom PCB assembly allowance; reference IC is not a complete high-current BMS,,design_candidate,Cell monitor/temperature sensing travels in battery cartridge and commands this fixed high-current stage. 150 A continuous / 320 A short allocation remains unqualified; custom circuitry required.
vacuum,lidar:lidar,lidar,core,Core-fixed SLAMTEC RPLIDAR A1,1,160,170,185,manufacturer family reference; owned revision not measured,https://www.slamtec.com/cn/lidar/a1spec,owned_candidate,
vacuum,core_misc:core_prints,core_prints,core,"Core PETG ribs, equipment trays and ducts",1,110,160,225,material allowance: 126 cm3 effective PETG at 1.27 g/cm3; not slicer output,,design_candidate,
vacuum,core_misc:core_metal,core_metal,core,"Two open aluminum perimeter frames, spacers and load spreaders",1,110,145,190,calculated stock allowance: two 270/250 mm square 2 mm rings = 112.3 g; spacers/spreaders added,,design_candidate,
vacuum,core_misc:core_locks,core_locks,core,"Eight core-side captive sliding locks, seats, springs and detection",1,90,130,185,"mechanism allowance; four top and four bottom, station-actuated",,design_candidate,
vacuum,core_misc:core_harness,core_harness,core,"Core wiring, connector halves, fuse, charge and service access",1,85,125,190,route allowance; includes floor harness and short high-current trunk; excludes lift-side wiring,,design_candidate,Fixed core distribution only; cartridge contacts/receiver and auxiliary dock-power hardware are budgeted separately.
vacuum,core_misc:core_near,core_near,core,"Six near-field ToF boards, windows and core IMU allowance",1,20,32,50,sensor plus harness/mount allowance; no all-surface detection guarantee,https://www.st.com/en/imaging-and-photonics-solutions/vl53l1X,design_candidate,
vacuum,core_misc:status,status,core,"Stop switch, buzzer, status LEDs and guard contacts",1,8,15,25,small hardware allowance,,design_candidate,
vacuum,cap:cap,cap,cap,"Removable cap, light pipe and cap-side retention",1,45,70,100,55 cm3 effective PETG/fastener allowance; no screen selected,,design_candidate,"Contoured cover: power bay roof 135 mm; lift connector local fairing <=160 mm, scanner opening remains clear."
vacuum,wheel_left:drive_wheel,drive_wheel,drive,goBILDA Hogback 72 x 24 mm silicone wheel,1,52,55,59,manufacturer reference,https://www.gobilda.com/hogback-traction-wheel-72mm-diameter-50a-durometer/,design_candidate,
vacuum,wheel_left:wheel_hub,wheel_hub,drive,goBILDA Sonic 4 mm hub plus four wheel screws,1,12,17,23,installed allowance; shaft engagement 8.5 mm with 8 mm hub,https://www.gobilda.com/1309-series-sonic-hub-4mm-bore/,design_candidate,
vacuum,pod_left:drive_motor,drive_motor,drive,Pololu 4846 75:1 12 V encoder motor,1,99,104,110,catalog reference and modest assembly variation,https://www.pololu.com/product/4846/specs,two_ordered_for_first_bottom,
vacuum,pod_left:pod,pod,drive,"Trailing pod, metal motor plate, M4 pivot, bushings, spring and stops",1,42,62,90,per-wheel material/hardware allowance: 28 cm3 PETG plus 26 g stock and fasteners,,design_candidate,
vacuum,wheel_right:drive_wheel,drive_wheel,drive,goBILDA Hogback 72 x 24 mm silicone wheel,1,52,55,59,manufacturer reference,https://www.gobilda.com/hogback-traction-wheel-72mm-diameter-50a-durometer/,design_candidate,
vacuum,wheel_right:wheel_hub,wheel_hub,drive,goBILDA Sonic 4 mm hub plus four wheel screws,1,12,17,23,installed allowance; shaft engagement 8.5 mm with 8 mm hub,https://www.gobilda.com/1309-series-sonic-hub-4mm-bore/,design_candidate,
vacuum,pod_right:drive_motor,drive_motor,drive,Pololu 4846 75:1 12 V encoder motor,1,99,104,110,catalog reference and modest assembly variation,https://www.pololu.com/product/4846/specs,two_ordered_for_first_bottom,
vacuum,pod_right:pod,pod,drive,"Trailing pod, metal motor plate, M4 pivot, bushings, spring and stops",1,42,62,90,per-wheel material/hardware allowance: 28 cm3 PETG plus 26 g stock and fasteners,,design_candidate,
vacuum,drive_control:roboclaw,roboclaw,drive,RoboClaw IMC404 with standoffs,1,18,24,33,catalog board 18 g plus mounts,https://www.basicmicro.com/RoboClaw-2x7A-Motor-Controller_p_55.html,one_ordered_for_first_bottom,
vacuum,drive_control:bottom_mcu,bottom_mcu,drive,"ESP32 bottom controller, CAN, I2C mux and interlocks",1,18,28,42,installed electronics allowance,https://documentation.espressif.com/esp-dev-kits/en/latest/esp32/esp32-devkitc/user_guide.html,design_candidate,
vacuum,drive_misc:bottom_frame,bottom_frame,drive,"Bottom PETG skeleton, aluminum rails and module-side studs",1,160,225,305,"120 cm3 PETG plus 73 g rails/studs; contains no motors, pods, bumper or tool shell",,design_candidate,
vacuum,drive_misc:bottom_bumper,bottom_bumper,drive,"Segmented bumper, six switches, skirt and compliant mounts",1,35,55,80,material/hardware allowance,,design_candidate,
vacuum,drive_misc:floor_sensors,floor_sensors,drive,"Six cliff ToF sensors, two wheel-drop switches and windows",1,22,36,55,assembled allowance; separate from core obstacle sensing,https://www.st.com/en/imaging-and-photonics-solutions/vl53l1X,design_candidate,
vacuum,drive_misc:bottom_harness,bottom_harness,drive,"Bottom harness, connector half and branch protection",1,40,65,95,"route allowance; includes encoder leads, sensor wiring and short tool cables",,design_candidate,
vacuum,caster:caster,caster,drive,"TENTE Linea load 5940UAP050L51-8, stem and mounting plate",1,90,112,145,"catalog caster 90 g, 50.5 mm height and 40.5 mm sweep radius; installed stem/plate added",https://www.tente.com/en-ca/swivel-castor-50-mm/5940uap050l51-8-load-9011,design_candidate,"Twin polyurethane wheels, 92 Shore A and thread guards. Not a 50A soft drive tire; source availability and retained stem still need checking."
vacuum,vac_head:tricut,tricut,vacuum,"Dreame TriCut roller, exact purchased revision pending",1,110,200,230,manufacturer listing 200 g; bare versus packaged mass unresolved,https://www.dreametech.com/products/anti-tangle-roller-brush,order_category_reported,
vacuum,vac_head:head_frame,head_frame,vacuum,"Removable head cassette, guard, suspension and floor lips",1,90,135,195,"80 cm3 PETG plus springs, bearings, captive M3 hardware and seals",,design_candidate,
vacuum,vac_head_drive:roller_motor,roller_motor,vacuum,Pololu 4842 9.7:1 12 V encoder gearmotor,1,90,95,101,catalog reference,https://www.pololu.com/product/4842/specs,design_candidate,
vacuum,vac_head_drive:roller_transmission,roller_transmission,vacuum,"1:1 belt/pulleys, coupler, bearings and cutter restraint",1,25,45,75,mechanical allowance; supplier cutter interface still unresolved,,design_candidate,
vacuum,vac_head_drive:tool_stage,tool_stage,vacuum,"TB9051FTG carrier, header and thermal mounting",1,3.1,7,13,catalog bare carrier 3.1 g plus installed allowance,https://www.pololu.com/product/2997/specs,design_candidate,
vacuum,vac_side:side_brush,side_brush,vacuum,"Edge brush, hub and guarded drive",1,15,25,40,consumable and hub allowance; excludes motor and power stage,,design_candidate,
vacuum,vac_side:micro_motor,micro_motor,vacuum,Pololu 5216 100:1 HPCB 12 V encoder motor,1,10,11,13,catalog reference; power limited separately,https://www.pololu.com/product/5216/specs,design_candidate,
vacuum,vac_side:tool_stage,tool_stage,vacuum,"TB9051FTG carrier, header and thermal mounting",1,3.1,7,13,catalog bare carrier 3.1 g plus installed allowance,https://www.pololu.com/product/2997/specs,design_candidate,
vacuum,vac_duct:air_plumbing,air_plumbing,vacuum,"Smooth dirt duct, clean plenum, exhaust, evacuation seal and flex joint",1,45,75,115,material allowance; all air remains on bottom,,design_candidate,
vacuum,vac_bin_left:bin,bin,vacuum,"Removable U-shaped bin, gate, baffle and seals",1,130,195,280,145 cm3 PETG effective material plus hardware; 0.50 L usable design target,,design_candidate,
vacuum,filter_bay:filter,filter,air_common,Roborock S7/S8 filter and replaceable sealed adapter,1,35,55,85,installed allowance; exact filter dimension and resistance still unknown,https://us.roborock.com/products/roborock-washable-filter-x2-for-roborock-s7-series,order_category_reported,"141 x 76 x 20 mm is a maximum element allocation, not a measured filter dimension."
vacuum,blower_bay:blower,blower,air_common,WS7040-24-V200 blower and isolation pads,1,115,155,215,mass allowance; source provides dimensions/curve but no verified installed mass,https://global.bttwiki.com/Universal%20Turbo%20Kit.html,order_category_reported,
vacuum,blower_driver:blower_driver,blower_driver,air_common,WS2403DY01V04 and default-off interface,1,15,24,36,driver sheet 15 g plus connections; omit optional printer adapter,https://global.bttwiki.com/img/Turbo_Kit/Turbo_Kit_Driver1.webp,expected_in_ordered_kit,
vacuum,air_sensing:air_sensing,air_sensing,air_common,"Two 0–10 kPa differential sensor channels, protected pressure taps and fill sensor",1,22,38,58,"board/hose allowance; NXP MPX5010DP family reference, exact carrier TBD",,design_candidate,
vacuum,anti_tip_left:anti_tip,anti_tip,drive,"Front backup roller: 624-2RS bearing, printed hub, silicone O-ring, M4 shoulder hardware",1,12,18,28,"Assembly allowance; 20 mm outside diameter, normally 2 mm above floor",,design_candidate,"Backup pitch stop, not a load-bearing swivel caster. No claim of wet grip. Pin and inner-race spacer prevent bearing clamping."
vacuum,anti_tip_right:anti_tip,anti_tip,drive,"Front backup roller: 624-2RS bearing, printed hub, silicone O-ring, M4 shoulder hardware",1,12,18,28,"Assembly allowance; 20 mm outside diameter, normally 2 mm above floor",,design_candidate,"Backup pitch stop, not a load-bearing swivel caster. No claim of wet grip. Pin and inner-race spacer prevent bearing clamping."
vacuum,dock_logic_power:dock_logic_power,dock_logic_power,core,"Station logic-power input, 24 V to 5 V regulator, source OR and hold-up capacitors",1,25,45,75,"Installed 40 W logic supply/interface allocation, not selected hardware",,design_candidate,Station 24 V / 60 W protected input; reverse-blocking source selection keeps Pi/supervisor live during pack exchange. No full-system UPS promise.
vacuum,battery,design_6s,battery,6S / 5.2 Ah comparison,1,700,753,820,Listed pack reference; no protection or harness double-counted,https://www.amazon.com/dp/B0BNDHPBBX,comparison_not_ordered,
vacuum,payload,payload,payload,"0.50 L usable bin target; 150 g design debris load, 300 g stress case; mass checked at dock before lift.",1,150,150,300,Bounded design contents,Owner task / design allowance,consumable_load,
mop,core_power:logic_buck,logic_buck,core,"5 V regulator and carrier, 40 W design allocation",1,15,25,45,assembly allowance; D42V110F5 family reference; exact variant and thermal review required,https://www.pololu.com/product/5671/specs,design_candidate,
mop,core_power:motor_buck,motor_buck,core,D42V110F12 regulator and mounting,1,15,24,36,catalog bare 15 g plus installed allowance,https://www.pololu.com/product/5677/specs,design_candidate,
mop,core_power:regen_clamp,regen_clamp,core,"12 V braking clamp, reverse blocking, resistor and bulk capacitors",1,22,40,70,"custom circuit allowance; 15 V comparator threshold, 10 ohm 25 W resistor, 2200 uF/25 V reference",https://resources.basicmicro.com/manual/roboclaw/operational-requirements/,design_candidate,
mop,core_power:tool_converter,tool_converter,core,Cincon CHB100W-24S24 plus HBT127/PH01 cooling and carrier,1,155,190,245,"catalog 95+50.4+1.9 g plus fan, carrier and mounting; comparison regulator for 6S case",https://www.cincon.com/productdownload/Datasheet-CHB100W.pdf,design_candidate,
mop,pi_bay:pi,pi,core,"Raspberry Pi 5, active cooler and microSD",1,65,82,105,installed allowance; owned board available; processing power is a workload estimate,https://www.raspberrypi.com/products/raspberry-pi-5/,owned_board_candidate,
mop,front_camera:depth_camera,depth_camera,core,OAK-D S2 USB stereo camera and bracket,1,91,106,125,manufacturer drawing and 91 g reference plus mount/cable allowance,https://cdn.robotshop.com/media/l/lux/rb-lux-16/pdf/luxonis-oak-d-s2-camera-auto-focus-datasheet.pdf,design_candidate,
mop,core_mcu_bay:core_mcu,core_mcu,core,ESP32-DevKitC plus CAN transceiver and hardware watchdog,1,12,20,30,board plus interface allowance,https://documentation.espressif.com/esp-dev-kits/en/latest/esp32/esp32-devkitc/user_guide.html,design_candidate,
mop,battery_bay:battery_cartridge,battery_cartridge,core,"Removable cartridge shell, cell monitor/ID/temperature, fuse and recessed contacts",1,85,140,220,"Installed allowance: 65 g shell/restraint, 35 g monitor/ID, 40 g fuse/contacts/wiring nominal; excludes bare cell pack and fixed core receiver",https://www.ti.com/product/BQ76952,design_candidate,Carried once; the same 140 g nominal tare accompanies every stored pack. Main switched discharge stage stays in core. Packaging and flight current are unqualified.
mop,battery_bay:battery_receiver,battery_receiver,core,"Fixed battery guide, positive latch, presence switches and floating contact support",1,30,50,85,Additional automatic-exchange receiver allowance; passive latch retained without power,,design_candidate,Mass excludes cartridge-side hardware; station actuator releases latch only after mechanical support.
mop,pack_protection:core_monitor,core_monitor,core,"Core switched discharge bus, current shunt, precharge and protection power stage",1,45,80,140,custom PCB assembly allowance; reference IC is not a complete high-current BMS,,design_candidate,Cell monitor/temperature sensing travels in battery cartridge and commands this fixed high-current stage. 150 A continuous / 320 A short allocation remains unqualified; custom circuitry required.
mop,lidar:lidar,lidar,core,Core-fixed SLAMTEC RPLIDAR A1,1,160,170,185,manufacturer family reference; owned revision not measured,https://www.slamtec.com/cn/lidar/a1spec,owned_candidate,
mop,core_misc:core_prints,core_prints,core,"Core PETG ribs, equipment trays and ducts",1,110,160,225,material allowance: 126 cm3 effective PETG at 1.27 g/cm3; not slicer output,,design_candidate,
mop,core_misc:core_metal,core_metal,core,"Two open aluminum perimeter frames, spacers and load spreaders",1,110,145,190,calculated stock allowance: two 270/250 mm square 2 mm rings = 112.3 g; spacers/spreaders added,,design_candidate,
mop,core_misc:core_locks,core_locks,core,"Eight core-side captive sliding locks, seats, springs and detection",1,90,130,185,"mechanism allowance; four top and four bottom, station-actuated",,design_candidate,
mop,core_misc:core_harness,core_harness,core,"Core wiring, connector halves, fuse, charge and service access",1,85,125,190,route allowance; includes floor harness and short high-current trunk; excludes lift-side wiring,,design_candidate,Fixed core distribution only; cartridge contacts/receiver and auxiliary dock-power hardware are budgeted separately.
mop,core_misc:core_near,core_near,core,"Six near-field ToF boards, windows and core IMU allowance",1,20,32,50,sensor plus harness/mount allowance; no all-surface detection guarantee,https://www.st.com/en/imaging-and-photonics-solutions/vl53l1X,design_candidate,
mop,core_misc:status,status,core,"Stop switch, buzzer, status LEDs and guard contacts",1,8,15,25,small hardware allowance,,design_candidate,
mop,cap:cap,cap,cap,"Removable cap, light pipe and cap-side retention",1,45,70,100,55 cm3 effective PETG/fastener allowance; no screen selected,,design_candidate,"Contoured cover: power bay roof 135 mm; lift connector local fairing <=160 mm, scanner opening remains clear."
mop,wheel_left:drive_wheel,drive_wheel,drive,goBILDA Hogback 72 x 24 mm silicone wheel,1,52,55,59,manufacturer reference,https://www.gobilda.com/hogback-traction-wheel-72mm-diameter-50a-durometer/,design_candidate,
mop,wheel_left:wheel_hub,wheel_hub,drive,goBILDA Sonic 4 mm hub plus four wheel screws,1,12,17,23,installed allowance; shaft engagement 8.5 mm with 8 mm hub,https://www.gobilda.com/1309-series-sonic-hub-4mm-bore/,design_candidate,
mop,pod_left:drive_motor,drive_motor,drive,Pololu 4846 75:1 12 V encoder motor,1,99,104,110,catalog reference and modest assembly variation,https://www.pololu.com/product/4846/specs,two_ordered_for_first_bottom,
mop,pod_left:pod,pod,drive,"Trailing pod, metal motor plate, M4 pivot, bushings, spring and stops",1,42,62,90,per-wheel material/hardware allowance: 28 cm3 PETG plus 26 g stock and fasteners,,design_candidate,
mop,wheel_right:drive_wheel,drive_wheel,drive,goBILDA Hogback 72 x 24 mm silicone wheel,1,52,55,59,manufacturer reference,https://www.gobilda.com/hogback-traction-wheel-72mm-diameter-50a-durometer/,design_candidate,
mop,wheel_right:wheel_hub,wheel_hub,drive,goBILDA Sonic 4 mm hub plus four wheel screws,1,12,17,23,installed allowance; shaft engagement 8.5 mm with 8 mm hub,https://www.gobilda.com/1309-series-sonic-hub-4mm-bore/,design_candidate,
mop,pod_right:drive_motor,drive_motor,drive,Pololu 4846 75:1 12 V encoder motor,1,99,104,110,catalog reference and modest assembly variation,https://www.pololu.com/product/4846/specs,two_ordered_for_first_bottom,
mop,pod_right:pod,pod,drive,"Trailing pod, metal motor plate, M4 pivot, bushings, spring and stops",1,42,62,90,per-wheel material/hardware allowance: 28 cm3 PETG plus 26 g stock and fasteners,,design_candidate,
mop,drive_control:roboclaw,roboclaw,drive,RoboClaw IMC404 with standoffs,1,18,24,33,catalog board 18 g plus mounts,https://www.basicmicro.com/RoboClaw-2x7A-Motor-Controller_p_55.html,one_ordered_for_first_bottom,
mop,drive_control:bottom_mcu,bottom_mcu,drive,"ESP32 bottom controller, CAN, I2C mux and interlocks",1,18,28,42,installed electronics allowance,https://documentation.espressif.com/esp-dev-kits/en/latest/esp32/esp32-devkitc/user_guide.html,design_candidate,
mop,drive_misc:bottom_frame,bottom_frame,drive,"Bottom PETG skeleton, aluminum rails and module-side studs",1,160,225,305,"120 cm3 PETG plus 73 g rails/studs; contains no motors, pods, bumper or tool shell",,design_candidate,
mop,drive_misc:bottom_bumper,bottom_bumper,drive,"Segmented bumper, six switches, skirt and compliant mounts",1,35,55,80,material/hardware allowance,,design_candidate,
mop,drive_misc:floor_sensors,floor_sensors,drive,"Six cliff ToF sensors, two wheel-drop switches and windows",1,22,36,55,assembled allowance; separate from core obstacle sensing,https://www.st.com/en/imaging-and-photonics-solutions/vl53l1X,design_candidate,
mop,drive_misc:bottom_harness,bottom_harness,drive,"Bottom harness, connector half and branch protection",1,40,65,95,"route allowance; includes encoder leads, sensor wiring and short tool cables",,design_candidate,
mop,caster:caster,caster,drive,"TENTE Linea load 5940UAP050L51-8, stem and mounting plate",1,90,112,145,"catalog caster 90 g, 50.5 mm height and 40.5 mm sweep radius; installed stem/plate added",https://www.tente.com/en-ca/swivel-castor-50-mm/5940uap050l51-8-load-9011,design_candidate,"Twin polyurethane wheels, 92 Shore A and thread guards. Not a 50A soft drive tire; source availability and retained stem still need checking."
mop,mop_pad:mop_pad,mop_pad,mop,"230 x 32 mm microfiber pad, floating carrier and leaf springs",1,70,105,150,"material/textile allowance; 8 N normal-force design point, 3 mm peak-to-peak oscillation",,design_candidate,
mop,mop_drive:roller_motor,roller_motor,mop,Pololu 4842 9.7:1 12 V encoder gearmotor,1,90,95,101,catalog reference,https://www.pololu.com/product/4842/specs,design_candidate,
mop,mop_drive:mop_crank,mop_crank,mop,"Eccentric, counterweight, rod ends and two guided flexures",1,25,45,75,"material/mechanism allowance; 15 Hz at 900 RPM, not an OEM mop performance claim",,design_candidate,
mop,mop_drive:tool_stage,tool_stage,mop,"TB9051FTG carrier, header and thermal mounting",1,3.1,7,13,catalog bare carrier 3.1 g plus installed allowance,https://www.pololu.com/product/2997/specs,design_candidate,
mop,mop_lift:pad_lift,pad_lift,mop,"Actuonix PQ12-R 100:1 6 V, 6 V supply, links and end switches",1,45,62,88,"19 g catalog actuator plus regulator, links, mount, switches and wire allowance; 12 mm lift from 20 mm stroke",https://www.actuonix.com/pq12-100-6-r,design_candidate,
mop,mop_tank:water_tank,water_tank,mop,"350 mL clean-water tank, baffles, cap and contained leak tray",1,75,115,175,90 cm3 PETG/liner allowance; printed shell needs a verified liner or leak-tight process,,design_candidate,
mop,mop_pump:pump,pump,mop,Adafruit 1150 12 V peristaltic dosing pump,1,190,200,215,catalog reference; 200–300 mA while running and up to 100 mL/min,https://www.adafruit.com/product/1150,design_candidate,
mop,mop_wet_io:wet_plumbing,wet_plumbing,mop,"Tubing, drip manifold, dock fill seal, two check valves, shutoff and leak sensing",1,40,70,105,installed fluid hardware allowance; no dirty-water tank carried,,design_candidate,
mop,mop_wet_io:wet_control,wet_control,mop,"Pump MOSFET, position interface, supply and protection",1,12,22,35,PCB and connectors allowance,,design_candidate,
mop,anti_tip_left:anti_tip,anti_tip,drive,"Front backup roller: 624-2RS bearing, printed hub, silicone O-ring, M4 shoulder hardware",1,12,18,28,"Assembly allowance; 20 mm outside diameter, normally 2 mm above floor",,design_candidate,"Backup pitch stop, not a load-bearing swivel caster. No claim of wet grip. Pin and inner-race spacer prevent bearing clamping."
mop,anti_tip_right:anti_tip,anti_tip,drive,"Front backup roller: 624-2RS bearing, printed hub, silicone O-ring, M4 shoulder hardware",1,12,18,28,"Assembly allowance; 20 mm outside diameter, normally 2 mm above floor",,design_candidate,"Backup pitch stop, not a load-bearing swivel caster. No claim of wet grip. Pin and inner-race spacer prevent bearing clamping."
mop,dock_logic_power:dock_logic_power,dock_logic_power,core,"Station logic-power input, 24 V to 5 V regulator, source OR and hold-up capacitors",1,25,45,75,"Installed 40 W logic supply/interface allocation, not selected hardware",,design_candidate,Station 24 V / 60 W protected input; reverse-blocking source selection keeps Pi/supervisor live during pack exchange. No full-system UPS promise.
mop,battery,design_6s,battery,6S / 5.2 Ah comparison,1,700,753,820,Listed pack reference; no protection or harness double-counted,https://www.amazon.com/dp/B0BNDHPBBX,comparison_not_ordered,
mop,payload,payload,payload,350 mL clean water plus 50 g pad water; high case allows 100 g wet pad. Dirty water stays in station.,1,400,400,450,Bounded design contents,Owner task / design allowance,consumable_load,
low,core_power:logic_buck,logic_buck,core,"5 V regulator and carrier, 40 W design allocation",1,15,25,45,assembly allowance; D42V110F5 family reference; exact variant and thermal review required,https://www.pololu.com/product/5671/specs,design_candidate,
low,core_power:motor_buck,motor_buck,core,D42V110F12 regulator and mounting,1,15,24,36,catalog bare 15 g plus installed allowance,https://www.pololu.com/product/5677/specs,design_candidate,
low,core_power:regen_clamp,regen_clamp,core,"12 V braking clamp, reverse blocking, resistor and bulk capacitors",1,22,40,70,"custom circuit allowance; 15 V comparator threshold, 10 ohm 25 W resistor, 2200 uF/25 V reference",https://resources.basicmicro.com/manual/roboclaw/operational-requirements/,design_candidate,
low,core_power:tool_converter,tool_converter,core,Cincon CHB100W-24S24 plus HBT127/PH01 cooling and carrier,1,155,190,245,"catalog 95+50.4+1.9 g plus fan, carrier and mounting; comparison regulator for 6S case",https://www.cincon.com/productdownload/Datasheet-CHB100W.pdf,design_candidate,
low,pi_bay:pi,pi,core,"Raspberry Pi 5, active cooler and microSD",1,65,82,105,installed allowance; owned board available; processing power is a workload estimate,https://www.raspberrypi.com/products/raspberry-pi-5/,owned_board_candidate,
low,front_camera:depth_camera,depth_camera,core,OAK-D S2 USB stereo camera and bracket,1,91,106,125,manufacturer drawing and 91 g reference plus mount/cable allowance,https://cdn.robotshop.com/media/l/lux/rb-lux-16/pdf/luxonis-oak-d-s2-camera-auto-focus-datasheet.pdf,design_candidate,
low,core_mcu_bay:core_mcu,core_mcu,core,ESP32-DevKitC plus CAN transceiver and hardware watchdog,1,12,20,30,board plus interface allowance,https://documentation.espressif.com/esp-dev-kits/en/latest/esp32/esp32-devkitc/user_guide.html,design_candidate,
low,battery_bay:battery_cartridge,battery_cartridge,core,"Removable cartridge shell, cell monitor/ID/temperature, fuse and recessed contacts",1,85,140,220,"Installed allowance: 65 g shell/restraint, 35 g monitor/ID, 40 g fuse/contacts/wiring nominal; excludes bare cell pack and fixed core receiver",https://www.ti.com/product/BQ76952,design_candidate,Carried once; the same 140 g nominal tare accompanies every stored pack. Main switched discharge stage stays in core. Packaging and flight current are unqualified.
low,battery_bay:battery_receiver,battery_receiver,core,"Fixed battery guide, positive latch, presence switches and floating contact support",1,30,50,85,Additional automatic-exchange receiver allowance; passive latch retained without power,,design_candidate,Mass excludes cartridge-side hardware; station actuator releases latch only after mechanical support.
low,pack_protection:core_monitor,core_monitor,core,"Core switched discharge bus, current shunt, precharge and protection power stage",1,45,80,140,custom PCB assembly allowance; reference IC is not a complete high-current BMS,,design_candidate,Cell monitor/temperature sensing travels in battery cartridge and commands this fixed high-current stage. 150 A continuous / 320 A short allocation remains unqualified; custom circuitry required.
low,lidar:lidar,lidar,core,Core-fixed SLAMTEC RPLIDAR A1,1,160,170,185,manufacturer family reference; owned revision not measured,https://www.slamtec.com/cn/lidar/a1spec,owned_candidate,
low,core_misc:core_prints,core_prints,core,"Core PETG ribs, equipment trays and ducts",1,110,160,225,material allowance: 126 cm3 effective PETG at 1.27 g/cm3; not slicer output,,design_candidate,
low,core_misc:core_metal,core_metal,core,"Two open aluminum perimeter frames, spacers and load spreaders",1,110,145,190,calculated stock allowance: two 270/250 mm square 2 mm rings = 112.3 g; spacers/spreaders added,,design_candidate,
low,core_misc:core_locks,core_locks,core,"Eight core-side captive sliding locks, seats, springs and detection",1,90,130,185,"mechanism allowance; four top and four bottom, station-actuated",,design_candidate,
low,core_misc:core_harness,core_harness,core,"Core wiring, connector halves, fuse, charge and service access",1,85,125,190,route allowance; includes floor harness and short high-current trunk; excludes lift-side wiring,,design_candidate,Fixed core distribution only; cartridge contacts/receiver and auxiliary dock-power hardware are budgeted separately.
low,core_misc:core_near,core_near,core,"Six near-field ToF boards, windows and core IMU allowance",1,20,32,50,sensor plus harness/mount allowance; no all-surface detection guarantee,https://www.st.com/en/imaging-and-photonics-solutions/vl53l1X,design_candidate,
low,core_misc:status,status,core,"Stop switch, buzzer, status LEDs and guard contacts",1,8,15,25,small hardware allowance,,design_candidate,
low,cap:cap,cap,cap,"Removable cap, light pipe and cap-side retention",1,45,70,100,55 cm3 effective PETG/fastener allowance; no screen selected,,design_candidate,"Contoured cover: power bay roof 135 mm; lift connector local fairing <=160 mm, scanner opening remains clear."
low,wheel_left:drive_wheel,drive_wheel,drive,goBILDA Hogback 72 x 24 mm silicone wheel,1,52,55,59,manufacturer reference,https://www.gobilda.com/hogback-traction-wheel-72mm-diameter-50a-durometer/,design_candidate,
low,wheel_left:wheel_hub,wheel_hub,drive,goBILDA Sonic 4 mm hub plus four wheel screws,1,12,17,23,installed allowance; shaft engagement 8.5 mm with 8 mm hub,https://www.gobilda.com/1309-series-sonic-hub-4mm-bore/,design_candidate,
low,pod_left:drive_motor,drive_motor,drive,Pololu 4846 75:1 12 V encoder motor,1,99,104,110,catalog reference and modest assembly variation,https://www.pololu.com/product/4846/specs,two_ordered_for_first_bottom,
low,pod_left:pod,pod,drive,"Trailing pod, metal motor plate, M4 pivot, bushings, spring and stops",1,42,62,90,per-wheel material/hardware allowance: 28 cm3 PETG plus 26 g stock and fasteners,,design_candidate,
low,wheel_right:drive_wheel,drive_wheel,drive,goBILDA Hogback 72 x 24 mm silicone wheel,1,52,55,59,manufacturer reference,https://www.gobilda.com/hogback-traction-wheel-72mm-diameter-50a-durometer/,design_candidate,
low,wheel_right:wheel_hub,wheel_hub,drive,goBILDA Sonic 4 mm hub plus four wheel screws,1,12,17,23,installed allowance; shaft engagement 8.5 mm with 8 mm hub,https://www.gobilda.com/1309-series-sonic-hub-4mm-bore/,design_candidate,
low,pod_right:drive_motor,drive_motor,drive,Pololu 4846 75:1 12 V encoder motor,1,99,104,110,catalog reference and modest assembly variation,https://www.pololu.com/product/4846/specs,two_ordered_for_first_bottom,
low,pod_right:pod,pod,drive,"Trailing pod, metal motor plate, M4 pivot, bushings, spring and stops",1,42,62,90,per-wheel material/hardware allowance: 28 cm3 PETG plus 26 g stock and fasteners,,design_candidate,
low,drive_control:roboclaw,roboclaw,drive,RoboClaw IMC404 with standoffs,1,18,24,33,catalog board 18 g plus mounts,https://www.basicmicro.com/RoboClaw-2x7A-Motor-Controller_p_55.html,one_ordered_for_first_bottom,
low,drive_control:bottom_mcu,bottom_mcu,drive,"ESP32 bottom controller, CAN, I2C mux and interlocks",1,18,28,42,installed electronics allowance,https://documentation.espressif.com/esp-dev-kits/en/latest/esp32/esp32-devkitc/user_guide.html,design_candidate,
low,drive_misc:bottom_frame,bottom_frame,drive,"Bottom PETG skeleton, aluminum rails and module-side studs",1,160,225,305,"120 cm3 PETG plus 73 g rails/studs; contains no motors, pods, bumper or tool shell",,design_candidate,
low,drive_misc:bottom_bumper,bottom_bumper,drive,"Segmented bumper, six switches, skirt and compliant mounts",1,35,55,80,material/hardware allowance,,design_candidate,
low,drive_misc:floor_sensors,floor_sensors,drive,"Six cliff ToF sensors, two wheel-drop switches and windows",1,22,36,55,assembled allowance; separate from core obstacle sensing,https://www.st.com/en/imaging-and-photonics-solutions/vl53l1X,design_candidate,
low,drive_misc:bottom_harness,bottom_harness,drive,"Bottom harness, connector half and branch protection",1,40,65,95,"route allowance; includes encoder leads, sensor wiring and short tool cables",,design_candidate,
low,caster:caster,caster,drive,"TENTE Linea load 5940UAP050L51-8, stem and mounting plate",1,90,112,145,"catalog caster 90 g, 50.5 mm height and 40.5 mm sweep radius; installed stem/plate added",https://www.tente.com/en-ca/swivel-castor-50-mm/5940uap050l51-8-load-9011,design_candidate,"Twin polyurethane wheels, 92 Shore A and thread guards. Not a 50A soft drive tire; source availability and retained stem still need checking."
low,filter_bay:filter,filter,air_common,Roborock S7/S8 filter and replaceable sealed adapter,1,35,55,85,installed allowance; exact filter dimension and resistance still unknown,https://us.roborock.com/products/roborock-washable-filter-x2-for-roborock-s7-series,order_category_reported,"141 x 76 x 20 mm is a maximum element allocation, not a measured filter dimension."
low,blower_bay:blower,blower,air_common,WS7040-24-V200 blower and isolation pads,1,115,155,215,mass allowance; source provides dimensions/curve but no verified installed mass,https://global.bttwiki.com/Universal%20Turbo%20Kit.html,order_category_reported,
low,blower_driver:blower_driver,blower_driver,air_common,WS2403DY01V04 and default-off interface,1,15,24,36,driver sheet 15 g plus connections; omit optional printer adapter,https://global.bttwiki.com/img/Turbo_Kit/Turbo_Kit_Driver1.webp,expected_in_ordered_kit,
low,air_sensing:air_sensing,air_sensing,air_common,"Two 0–10 kPa differential sensor channels, protected pressure taps and fill sensor",1,22,38,58,"board/hose allowance; NXP MPX5010DP family reference, exact carrier TBD",,design_candidate,
low,extension:extension_duct,extension_duct,extension_common,Six telescoping rectangular suction stages,1,205,270,380,"calculated thin-wall allowance: six 245 mm stages, 1 mm walls, PETG 1.27 g/cm3; guide/seal changes may increase mass",,design_candidate,
low,extension:extension_guides,extension_guides,extension_common,"Retaining collars, low-friction seals, guided spring-steel strip and wipers",1,75,125,205,"custom mechanism allowance; 45 mm stage overlap, guided unsupported strip gap <=20 mm",,design_candidate,
low,extension_drive:extension_drive,extension_drive,extension_common,"Pololu 4845 feed motor, pinch drive, encoder roller and slip clutch",1,140,185,260,catalog motor plus mechanism allowance; 12 N force limit and 50 mm/s feed target,https://www.pololu.com/product/4845/specs,design_candidate,
low,extension_drive:tool_stage,tool_stage,extension_common,"TB9051FTG carrier, header and thermal mounting",1,3.1,7,13,catalog bare carrier 3.1 g plus installed allowance,https://www.pololu.com/product/2997/specs,design_candidate,
low,extension_cable:extension_wiring,extension_wiring,extension_common,"Coiled sensor lead, stowed switch, tip contact and extension sensing",1,20,35,55,"installed allowance; 1 m extension, independent retraction confirmation",,design_candidate,
low,extension_air_turn:air_plumbing,air_plumbing,extension_common,"Smooth dirt duct, clean plenum, exhaust, evacuation seal and flex joint",1,45,75,115,material allowance; all air remains on bottom,,design_candidate,
low,extension_bin:low_bin,low_bin,extension_common,"Raised 0.30 L usable-target bin, gate and baffle",1,100,155,220,material allowance; raised clear of central telescoping duct,,design_candidate,
low,low_head:low_head,low_head,low,"200 x 60 x 38 mm passive suction head, skids and compliant joint",1,90,135,195,95 cm3 PETG plus lips/skids; no onboard head motor; optional powered cassette must be rebudgeted,,design_candidate,
low,extension_lifter:pad_lift,pad_lift,extension_common,"Actuonix PQ12-R 100:1 6 V, 6 V supply, links and end switches",1,45,62,88,"19 g catalog actuator plus regulator, links, mount, switches and wire allowance; 12 mm lift from 20 mm stroke",https://www.actuonix.com/pq12-100-6-r,design_candidate,
low,extension_lifter:extension_cradle,extension_cradle,extension_common,"Four-bar extension lift cradle, slides and flex seal",1,35,55,90,material and hardware allowance; raises complete tube and head 12 mm before driving,,design_candidate,Separate from feed drive and its actuator.
low,anti_tip_left:anti_tip,anti_tip,drive,"Front backup roller: 624-2RS bearing, printed hub, silicone O-ring, M4 shoulder hardware",1,12,18,28,"Assembly allowance; 20 mm outside diameter, normally 2 mm above floor",,design_candidate,"Backup pitch stop, not a load-bearing swivel caster. No claim of wet grip. Pin and inner-race spacer prevent bearing clamping."
low,anti_tip_right:anti_tip,anti_tip,drive,"Front backup roller: 624-2RS bearing, printed hub, silicone O-ring, M4 shoulder hardware",1,12,18,28,"Assembly allowance; 20 mm outside diameter, normally 2 mm above floor",,design_candidate,"Backup pitch stop, not a load-bearing swivel caster. No claim of wet grip. Pin and inner-race spacer prevent bearing clamping."
low,dock_logic_power:dock_logic_power,dock_logic_power,core,"Station logic-power input, 24 V to 5 V regulator, source OR and hold-up capacitors",1,25,45,75,"Installed 40 W logic supply/interface allocation, not selected hardware",,design_candidate,Station 24 V / 60 W protected input; reverse-blocking source selection keeps Pi/supervisor live during pack exchange. No full-system UPS promise.
low,battery,design_6s,battery,6S / 5.2 Ah comparison,1,700,753,820,Listed pack reference; no protection or harness double-counted,https://www.amazon.com/dp/B0BNDHPBBX,comparison_not_ordered,
low,payload,payload,payload,0.30 L bin target. Head has 60 mm stowed front overhang; extension is an explicit envelope exception.,1,120,120,250,Bounded design contents,Owner task / design allowance,consumable_load,
dust,core_power:logic_buck,logic_buck,core,"5 V regulator and carrier, 40 W design allocation",1,15,25,45,assembly allowance; D42V110F5 family reference; exact variant and thermal review required,https://www.pololu.com/product/5671/specs,design_candidate,
dust,core_power:motor_buck,motor_buck,core,D42V110F12 regulator and mounting,1,15,24,36,catalog bare 15 g plus installed allowance,https://www.pololu.com/product/5677/specs,design_candidate,
dust,core_power:regen_clamp,regen_clamp,core,"12 V braking clamp, reverse blocking, resistor and bulk capacitors",1,22,40,70,"custom circuit allowance; 15 V comparator threshold, 10 ohm 25 W resistor, 2200 uF/25 V reference",https://resources.basicmicro.com/manual/roboclaw/operational-requirements/,design_candidate,
dust,core_power:tool_converter,tool_converter,core,Cincon CHB100W-24S24 plus HBT127/PH01 cooling and carrier,1,155,190,245,"catalog 95+50.4+1.9 g plus fan, carrier and mounting; comparison regulator for 6S case",https://www.cincon.com/productdownload/Datasheet-CHB100W.pdf,design_candidate,
dust,pi_bay:pi,pi,core,"Raspberry Pi 5, active cooler and microSD",1,65,82,105,installed allowance; owned board available; processing power is a workload estimate,https://www.raspberrypi.com/products/raspberry-pi-5/,owned_board_candidate,
dust,front_camera:depth_camera,depth_camera,core,OAK-D S2 USB stereo camera and bracket,1,91,106,125,manufacturer drawing and 91 g reference plus mount/cable allowance,https://cdn.robotshop.com/media/l/lux/rb-lux-16/pdf/luxonis-oak-d-s2-camera-auto-focus-datasheet.pdf,design_candidate,
dust,core_mcu_bay:core_mcu,core_mcu,core,ESP32-DevKitC plus CAN transceiver and hardware watchdog,1,12,20,30,board plus interface allowance,https://documentation.espressif.com/esp-dev-kits/en/latest/esp32/esp32-devkitc/user_guide.html,design_candidate,
dust,battery_bay:battery_cartridge,battery_cartridge,core,"Removable cartridge shell, cell monitor/ID/temperature, fuse and recessed contacts",1,85,140,220,"Installed allowance: 65 g shell/restraint, 35 g monitor/ID, 40 g fuse/contacts/wiring nominal; excludes bare cell pack and fixed core receiver",https://www.ti.com/product/BQ76952,design_candidate,Carried once; the same 140 g nominal tare accompanies every stored pack. Main switched discharge stage stays in core. Packaging and flight current are unqualified.
dust,battery_bay:battery_receiver,battery_receiver,core,"Fixed battery guide, positive latch, presence switches and floating contact support",1,30,50,85,Additional automatic-exchange receiver allowance; passive latch retained without power,,design_candidate,Mass excludes cartridge-side hardware; station actuator releases latch only after mechanical support.
dust,pack_protection:core_monitor,core_monitor,core,"Core switched discharge bus, current shunt, precharge and protection power stage",1,45,80,140,custom PCB assembly allowance; reference IC is not a complete high-current BMS,,design_candidate,Cell monitor/temperature sensing travels in battery cartridge and commands this fixed high-current stage. 150 A continuous / 320 A short allocation remains unqualified; custom circuitry required.
dust,lidar:lidar,lidar,core,Core-fixed SLAMTEC RPLIDAR A1,1,160,170,185,manufacturer family reference; owned revision not measured,https://www.slamtec.com/cn/lidar/a1spec,owned_candidate,
dust,core_misc:core_prints,core_prints,core,"Core PETG ribs, equipment trays and ducts",1,110,160,225,material allowance: 126 cm3 effective PETG at 1.27 g/cm3; not slicer output,,design_candidate,
dust,core_misc:core_metal,core_metal,core,"Two open aluminum perimeter frames, spacers and load spreaders",1,110,145,190,calculated stock allowance: two 270/250 mm square 2 mm rings = 112.3 g; spacers/spreaders added,,design_candidate,
dust,core_misc:core_locks,core_locks,core,"Eight core-side captive sliding locks, seats, springs and detection",1,90,130,185,"mechanism allowance; four top and four bottom, station-actuated",,design_candidate,
dust,core_misc:core_harness,core_harness,core,"Core wiring, connector halves, fuse, charge and service access",1,85,125,190,route allowance; includes floor harness and short high-current trunk; excludes lift-side wiring,,design_candidate,Fixed core distribution only; cartridge contacts/receiver and auxiliary dock-power hardware are budgeted separately.
dust,core_misc:core_near,core_near,core,"Six near-field ToF boards, windows and core IMU allowance",1,20,32,50,sensor plus harness/mount allowance; no all-surface detection guarantee,https://www.st.com/en/imaging-and-photonics-solutions/vl53l1X,design_candidate,
dust,core_misc:status,status,core,"Stop switch, buzzer, status LEDs and guard contacts",1,8,15,25,small hardware allowance,,design_candidate,
dust,cap:cap,cap,cap,"Removable cap, light pipe and cap-side retention",1,45,70,100,55 cm3 effective PETG/fastener allowance; no screen selected,,design_candidate,"Contoured cover: power bay roof 135 mm; lift connector local fairing <=160 mm, scanner opening remains clear."
dust,wheel_left:drive_wheel,drive_wheel,drive,goBILDA Hogback 72 x 24 mm silicone wheel,1,52,55,59,manufacturer reference,https://www.gobilda.com/hogback-traction-wheel-72mm-diameter-50a-durometer/,design_candidate,
dust,wheel_left:wheel_hub,wheel_hub,drive,goBILDA Sonic 4 mm hub plus four wheel screws,1,12,17,23,installed allowance; shaft engagement 8.5 mm with 8 mm hub,https://www.gobilda.com/1309-series-sonic-hub-4mm-bore/,design_candidate,
dust,pod_left:drive_motor,drive_motor,drive,Pololu 4846 75:1 12 V encoder motor,1,99,104,110,catalog reference and modest assembly variation,https://www.pololu.com/product/4846/specs,two_ordered_for_first_bottom,
dust,pod_left:pod,pod,drive,"Trailing pod, metal motor plate, M4 pivot, bushings, spring and stops",1,42,62,90,per-wheel material/hardware allowance: 28 cm3 PETG plus 26 g stock and fasteners,,design_candidate,
dust,wheel_right:drive_wheel,drive_wheel,drive,goBILDA Hogback 72 x 24 mm silicone wheel,1,52,55,59,manufacturer reference,https://www.gobilda.com/hogback-traction-wheel-72mm-diameter-50a-durometer/,design_candidate,
dust,wheel_right:wheel_hub,wheel_hub,drive,goBILDA Sonic 4 mm hub plus four wheel screws,1,12,17,23,installed allowance; shaft engagement 8.5 mm with 8 mm hub,https://www.gobilda.com/1309-series-sonic-hub-4mm-bore/,design_candidate,
dust,pod_right:drive_motor,drive_motor,drive,Pololu 4846 75:1 12 V encoder motor,1,99,104,110,catalog reference and modest assembly variation,https://www.pololu.com/product/4846/specs,two_ordered_for_first_bottom,
dust,pod_right:pod,pod,drive,"Trailing pod, metal motor plate, M4 pivot, bushings, spring and stops",1,42,62,90,per-wheel material/hardware allowance: 28 cm3 PETG plus 26 g stock and fasteners,,design_candidate,
dust,drive_control:roboclaw,roboclaw,drive,RoboClaw IMC404 with standoffs,1,18,24,33,catalog board 18 g plus mounts,https://www.basicmicro.com/RoboClaw-2x7A-Motor-Controller_p_55.html,one_ordered_for_first_bottom,
dust,drive_control:bottom_mcu,bottom_mcu,drive,"ESP32 bottom controller, CAN, I2C mux and interlocks",1,18,28,42,installed electronics allowance,https://documentation.espressif.com/esp-dev-kits/en/latest/esp32/esp32-devkitc/user_guide.html,design_candidate,
dust,drive_misc:bottom_frame,bottom_frame,drive,"Bottom PETG skeleton, aluminum rails and module-side studs",1,160,225,305,"120 cm3 PETG plus 73 g rails/studs; contains no motors, pods, bumper or tool shell",,design_candidate,
dust,drive_misc:bottom_bumper,bottom_bumper,drive,"Segmented bumper, six switches, skirt and compliant mounts",1,35,55,80,material/hardware allowance,,design_candidate,
dust,drive_misc:floor_sensors,floor_sensors,drive,"Six cliff ToF sensors, two wheel-drop switches and windows",1,22,36,55,assembled allowance; separate from core obstacle sensing,https://www.st.com/en/imaging-and-photonics-solutions/vl53l1X,design_candidate,
dust,drive_misc:bottom_harness,bottom_harness,drive,"Bottom harness, connector half and branch protection",1,40,65,95,"route allowance; includes encoder leads, sensor wiring and short tool cables",,design_candidate,
dust,caster:caster,caster,drive,"TENTE Linea load 5940UAP050L51-8, stem and mounting plate",1,90,112,145,"catalog caster 90 g, 50.5 mm height and 40.5 mm sweep radius; installed stem/plate added",https://www.tente.com/en-ca/swivel-castor-50-mm/5940uap050l51-8-load-9011,design_candidate,"Twin polyurethane wheels, 92 Shore A and thread guards. Not a 50A soft drive tire; source availability and retained stem still need checking."
dust,filter_bay:filter,filter,air_common,Roborock S7/S8 filter and replaceable sealed adapter,1,35,55,85,installed allowance; exact filter dimension and resistance still unknown,https://us.roborock.com/products/roborock-washable-filter-x2-for-roborock-s7-series,order_category_reported,"141 x 76 x 20 mm is a maximum element allocation, not a measured filter dimension."
dust,blower_bay:blower,blower,air_common,WS7040-24-V200 blower and isolation pads,1,115,155,215,mass allowance; source provides dimensions/curve but no verified installed mass,https://global.bttwiki.com/Universal%20Turbo%20Kit.html,order_category_reported,
dust,blower_driver:blower_driver,blower_driver,air_common,WS2403DY01V04 and default-off interface,1,15,24,36,driver sheet 15 g plus connections; omit optional printer adapter,https://global.bttwiki.com/img/Turbo_Kit/Turbo_Kit_Driver1.webp,expected_in_ordered_kit,
dust,air_sensing:air_sensing,air_sensing,air_common,"Two 0–10 kPa differential sensor channels, protected pressure taps and fill sensor",1,22,38,58,"board/hose allowance; NXP MPX5010DP family reference, exact carrier TBD",,design_candidate,
dust,extension:extension_duct,extension_duct,extension_common,Six telescoping rectangular suction stages,1,205,270,380,"calculated thin-wall allowance: six 245 mm stages, 1 mm walls, PETG 1.27 g/cm3; guide/seal changes may increase mass",,design_candidate,
dust,extension:extension_guides,extension_guides,extension_common,"Retaining collars, low-friction seals, guided spring-steel strip and wipers",1,75,125,205,"custom mechanism allowance; 45 mm stage overlap, guided unsupported strip gap <=20 mm",,design_candidate,
dust,extension_drive:extension_drive,extension_drive,extension_common,"Pololu 4845 feed motor, pinch drive, encoder roller and slip clutch",1,140,185,260,catalog motor plus mechanism allowance; 12 N force limit and 50 mm/s feed target,https://www.pololu.com/product/4845/specs,design_candidate,
dust,extension_drive:tool_stage,tool_stage,extension_common,"TB9051FTG carrier, header and thermal mounting",1,3.1,7,13,catalog bare carrier 3.1 g plus installed allowance,https://www.pololu.com/product/2997/specs,design_candidate,
dust,extension_cable:extension_wiring,extension_wiring,extension_common,"Coiled sensor lead, stowed switch, tip contact and extension sensing",1,20,35,55,"installed allowance; 1 m extension, independent retraction confirmation",,design_candidate,
dust,extension_air_turn:air_plumbing,air_plumbing,extension_common,"Smooth dirt duct, clean plenum, exhaust, evacuation seal and flex joint",1,45,75,115,material allowance; all air remains on bottom,,design_candidate,
dust,extension_bin:low_bin,low_bin,extension_common,"Raised 0.30 L usable-target bin, gate and baffle",1,100,155,220,material allowance; raised clear of central telescoping duct,,design_candidate,
dust,dust_head:dust_head,dust_head,dust,120 x 50 x 32 mm soft brush/suction head with compliant tip,1,55,90,145,material allowance; 0.2 N nominal contact and 0.5 N retreat threshold are provisional,,design_candidate,
dust,dust_head:dust_tip,dust_tip,dust,"Tip force sensor, range sensor, breakaway retention and flexure",1,20,40,70,Earlier horizontal-head sensor/flexure allowance; does not budget an upward articulation actuator for the new ceiling-fan target,,design_candidate,
dust,extension_lifter:pad_lift,pad_lift,extension_common,"Actuonix PQ12-R 100:1 6 V, 6 V supply, links and end switches",1,45,62,88,"19 g catalog actuator plus regulator, links, mount, switches and wire allowance; 12 mm lift from 20 mm stroke",https://www.actuonix.com/pq12-100-6-r,design_candidate,
dust,extension_lifter:extension_cradle,extension_cradle,extension_common,"Four-bar extension lift cradle, slides and flex seal",1,35,55,90,material and hardware allowance; raises complete tube and head 12 mm before driving,,design_candidate,Separate from feed drive and its actuator.
dust,anti_tip_left:anti_tip,anti_tip,drive,"Front backup roller: 624-2RS bearing, printed hub, silicone O-ring, M4 shoulder hardware",1,12,18,28,"Assembly allowance; 20 mm outside diameter, normally 2 mm above floor",,design_candidate,"Backup pitch stop, not a load-bearing swivel caster. No claim of wet grip. Pin and inner-race spacer prevent bearing clamping."
dust,anti_tip_right:anti_tip,anti_tip,drive,"Front backup roller: 624-2RS bearing, printed hub, silicone O-ring, M4 shoulder hardware",1,12,18,28,"Assembly allowance; 20 mm outside diameter, normally 2 mm above floor",,design_candidate,"Backup pitch stop, not a load-bearing swivel caster. No claim of wet grip. Pin and inner-race spacer prevent bearing clamping."
dust,dock_logic_power:dock_logic_power,dock_logic_power,core,"Station logic-power input, 24 V to 5 V regulator, source OR and hold-up capacitors",1,25,45,75,"Installed 40 W logic supply/interface allocation, not selected hardware",,design_candidate,Station 24 V / 60 W protected input; reverse-blocking source selection keeps Pi/supervisor live during pack exchange. No full-system UPS promise.
dust,battery,design_6s,battery,6S / 5.2 Ah comparison,1,700,753,820,Listed pack reference; no protection or harness double-counted,https://www.amazon.com/dp/B0BNDHPBBX,comparison_not_ordered,
dust,payload,payload,payload,Higher shelves require the lift top. Head and guide stow before transfer; contact-flight qualification is open.,1,50,50,150,Bounded design contents,Owner task / design allowance,consumable_load,
vacuum_quad10,core_power:logic_buck,logic_buck,core,"5 V regulator and carrier, 40 W design allocation",1,15,25,45,assembly allowance; D42V110F5 family reference; exact variant and thermal review required,https://www.pololu.com/product/5671/specs,design_candidate,
vacuum_quad10,core_power:motor_buck,motor_buck,core,D42V110F12 regulator and mounting,1,15,24,36,catalog bare 15 g plus installed allowance,https://www.pololu.com/product/5677/specs,design_candidate,
vacuum_quad10,core_power:regen_clamp,regen_clamp,core,"12 V braking clamp, reverse blocking, resistor and bulk capacitors",1,22,40,70,"custom circuit allowance; 15 V comparator threshold, 10 ohm 25 W resistor, 2200 uF/25 V reference",https://resources.basicmicro.com/manual/roboclaw/operational-requirements/,design_candidate,
vacuum_quad10,core_power:tool_converter,tool_converter,core,Cincon CHB100W-24S24 plus HBT127/PH01 cooling and carrier,1,155,190,245,"catalog 95+50.4+1.9 g plus fan, carrier and mounting; comparison regulator for 6S case",https://www.cincon.com/productdownload/Datasheet-CHB100W.pdf,design_candidate,
vacuum_quad10,pi_bay:pi,pi,core,"Raspberry Pi 5, active cooler and microSD",1,65,82,105,installed allowance; owned board available; processing power is a workload estimate,https://www.raspberrypi.com/products/raspberry-pi-5/,owned_board_candidate,
vacuum_quad10,front_camera:depth_camera,depth_camera,core,OAK-D S2 USB stereo camera and bracket,1,91,106,125,manufacturer drawing and 91 g reference plus mount/cable allowance,https://cdn.robotshop.com/media/l/lux/rb-lux-16/pdf/luxonis-oak-d-s2-camera-auto-focus-datasheet.pdf,design_candidate,
vacuum_quad10,core_mcu_bay:core_mcu,core_mcu,core,ESP32-DevKitC plus CAN transceiver and hardware watchdog,1,12,20,30,board plus interface allowance,https://documentation.espressif.com/esp-dev-kits/en/latest/esp32/esp32-devkitc/user_guide.html,design_candidate,
vacuum_quad10,battery_bay:battery_cartridge,battery_cartridge,core,"Removable cartridge shell, cell monitor/ID/temperature, fuse and recessed contacts",1,85,140,220,"Installed allowance: 65 g shell/restraint, 35 g monitor/ID, 40 g fuse/contacts/wiring nominal; excludes bare cell pack and fixed core receiver",https://www.ti.com/product/BQ76952,design_candidate,Carried once; the same 140 g nominal tare accompanies every stored pack. Main switched discharge stage stays in core. Packaging and flight current are unqualified.
vacuum_quad10,battery_bay:battery_receiver,battery_receiver,core,"Fixed battery guide, positive latch, presence switches and floating contact support",1,30,50,85,Additional automatic-exchange receiver allowance; passive latch retained without power,,design_candidate,Mass excludes cartridge-side hardware; station actuator releases latch only after mechanical support.
vacuum_quad10,pack_protection:core_monitor,core_monitor,core,"Core switched discharge bus, current shunt, precharge and protection power stage",1,45,80,140,custom PCB assembly allowance; reference IC is not a complete high-current BMS,,design_candidate,Cell monitor/temperature sensing travels in battery cartridge and commands this fixed high-current stage. 150 A continuous / 320 A short allocation remains unqualified; custom circuitry required.
vacuum_quad10,lidar:lidar,lidar,core,Core-fixed SLAMTEC RPLIDAR A1,1,160,170,185,manufacturer family reference; owned revision not measured,https://www.slamtec.com/cn/lidar/a1spec,owned_candidate,
vacuum_quad10,core_misc:core_prints,core_prints,core,"Core PETG ribs, equipment trays and ducts",1,110,160,225,material allowance: 126 cm3 effective PETG at 1.27 g/cm3; not slicer output,,design_candidate,
vacuum_quad10,core_misc:core_metal,core_metal,core,"Two open aluminum perimeter frames, spacers and load spreaders",1,110,145,190,calculated stock allowance: two 270/250 mm square 2 mm rings = 112.3 g; spacers/spreaders added,,design_candidate,
vacuum_quad10,core_misc:core_locks,core_locks,core,"Eight core-side captive sliding locks, seats, springs and detection",1,90,130,185,"mechanism allowance; four top and four bottom, station-actuated",,design_candidate,
vacuum_quad10,core_misc:core_harness,core_harness,core,"Core wiring, connector halves, fuse, charge and service access",1,85,125,190,route allowance; includes floor harness and short high-current trunk; excludes lift-side wiring,,design_candidate,Fixed core distribution only; cartridge contacts/receiver and auxiliary dock-power hardware are budgeted separately.
vacuum_quad10,core_misc:core_near,core_near,core,"Six near-field ToF boards, windows and core IMU allowance",1,20,32,50,sensor plus harness/mount allowance; no all-surface detection guarantee,https://www.st.com/en/imaging-and-photonics-solutions/vl53l1X,design_candidate,
vacuum_quad10,core_misc:status,status,core,"Stop switch, buzzer, status LEDs and guard contacts",1,8,15,25,small hardware allowance,,design_candidate,
vacuum_quad10,wheel_left:drive_wheel,drive_wheel,drive,goBILDA Hogback 72 x 24 mm silicone wheel,1,52,55,59,manufacturer reference,https://www.gobilda.com/hogback-traction-wheel-72mm-diameter-50a-durometer/,design_candidate,
vacuum_quad10,wheel_left:wheel_hub,wheel_hub,drive,goBILDA Sonic 4 mm hub plus four wheel screws,1,12,17,23,installed allowance; shaft engagement 8.5 mm with 8 mm hub,https://www.gobilda.com/1309-series-sonic-hub-4mm-bore/,design_candidate,
vacuum_quad10,pod_left:drive_motor,drive_motor,drive,Pololu 4846 75:1 12 V encoder motor,1,99,104,110,catalog reference and modest assembly variation,https://www.pololu.com/product/4846/specs,two_ordered_for_first_bottom,
vacuum_quad10,pod_left:pod,pod,drive,"Trailing pod, metal motor plate, M4 pivot, bushings, spring and stops",1,42,62,90,per-wheel material/hardware allowance: 28 cm3 PETG plus 26 g stock and fasteners,,design_candidate,
vacuum_quad10,wheel_right:drive_wheel,drive_wheel,drive,goBILDA Hogback 72 x 24 mm silicone wheel,1,52,55,59,manufacturer reference,https://www.gobilda.com/hogback-traction-wheel-72mm-diameter-50a-durometer/,design_candidate,
vacuum_quad10,wheel_right:wheel_hub,wheel_hub,drive,goBILDA Sonic 4 mm hub plus four wheel screws,1,12,17,23,installed allowance; shaft engagement 8.5 mm with 8 mm hub,https://www.gobilda.com/1309-series-sonic-hub-4mm-bore/,design_candidate,
vacuum_quad10,pod_right:drive_motor,drive_motor,drive,Pololu 4846 75:1 12 V encoder motor,1,99,104,110,catalog reference and modest assembly variation,https://www.pololu.com/product/4846/specs,two_ordered_for_first_bottom,
vacuum_quad10,pod_right:pod,pod,drive,"Trailing pod, metal motor plate, M4 pivot, bushings, spring and stops",1,42,62,90,per-wheel material/hardware allowance: 28 cm3 PETG plus 26 g stock and fasteners,,design_candidate,
vacuum_quad10,drive_control:roboclaw,roboclaw,drive,RoboClaw IMC404 with standoffs,1,18,24,33,catalog board 18 g plus mounts,https://www.basicmicro.com/RoboClaw-2x7A-Motor-Controller_p_55.html,one_ordered_for_first_bottom,
vacuum_quad10,drive_control:bottom_mcu,bottom_mcu,drive,"ESP32 bottom controller, CAN, I2C mux and interlocks",1,18,28,42,installed electronics allowance,https://documentation.espressif.com/esp-dev-kits/en/latest/esp32/esp32-devkitc/user_guide.html,design_candidate,
vacuum_quad10,drive_misc:bottom_frame,bottom_frame,drive,"Bottom PETG skeleton, aluminum rails and module-side studs",1,160,225,305,"120 cm3 PETG plus 73 g rails/studs; contains no motors, pods, bumper or tool shell",,design_candidate,
vacuum_quad10,drive_misc:bottom_bumper,bottom_bumper,drive,"Segmented bumper, six switches, skirt and compliant mounts",1,35,55,80,material/hardware allowance,,design_candidate,
vacuum_quad10,drive_misc:floor_sensors,floor_sensors,drive,"Six cliff ToF sensors, two wheel-drop switches and windows",1,22,36,55,assembled allowance; separate from core obstacle sensing,https://www.st.com/en/imaging-and-photonics-solutions/vl53l1X,design_candidate,
vacuum_quad10,drive_misc:bottom_harness,bottom_harness,drive,"Bottom harness, connector half and branch protection",1,40,65,95,"route allowance; includes encoder leads, sensor wiring and short tool cables",,design_candidate,
vacuum_quad10,caster:caster,caster,drive,"TENTE Linea load 5940UAP050L51-8, stem and mounting plate",1,90,112,145,"catalog caster 90 g, 50.5 mm height and 40.5 mm sweep radius; installed stem/plate added",https://www.tente.com/en-ca/swivel-castor-50-mm/5940uap050l51-8-load-9011,design_candidate,"Twin polyurethane wheels, 92 Shore A and thread guards. Not a 50A soft drive tire; source availability and retained stem still need checking."
vacuum_quad10,vac_head:tricut,tricut,vacuum,"Dreame TriCut roller, exact purchased revision pending",1,110,200,230,manufacturer listing 200 g; bare versus packaged mass unresolved,https://www.dreametech.com/products/anti-tangle-roller-brush,order_category_reported,
vacuum_quad10,vac_head:head_frame,head_frame,vacuum,"Removable head cassette, guard, suspension and floor lips",1,90,135,195,"80 cm3 PETG plus springs, bearings, captive M3 hardware and seals",,design_candidate,
vacuum_quad10,vac_head_drive:roller_motor,roller_motor,vacuum,Pololu 4842 9.7:1 12 V encoder gearmotor,1,90,95,101,catalog reference,https://www.pololu.com/product/4842/specs,design_candidate,
vacuum_quad10,vac_head_drive:roller_transmission,roller_transmission,vacuum,"1:1 belt/pulleys, coupler, bearings and cutter restraint",1,25,45,75,mechanical allowance; supplier cutter interface still unresolved,,design_candidate,
vacuum_quad10,vac_head_drive:tool_stage,tool_stage,vacuum,"TB9051FTG carrier, header and thermal mounting",1,3.1,7,13,catalog bare carrier 3.1 g plus installed allowance,https://www.pololu.com/product/2997/specs,design_candidate,
vacuum_quad10,vac_side:side_brush,side_brush,vacuum,"Edge brush, hub and guarded drive",1,15,25,40,consumable and hub allowance; excludes motor and power stage,,design_candidate,
vacuum_quad10,vac_side:micro_motor,micro_motor,vacuum,Pololu 5216 100:1 HPCB 12 V encoder motor,1,10,11,13,catalog reference; power limited separately,https://www.pololu.com/product/5216/specs,design_candidate,
vacuum_quad10,vac_side:tool_stage,tool_stage,vacuum,"TB9051FTG carrier, header and thermal mounting",1,3.1,7,13,catalog bare carrier 3.1 g plus installed allowance,https://www.pololu.com/product/2997/specs,design_candidate,
vacuum_quad10,vac_duct:air_plumbing,air_plumbing,vacuum,"Smooth dirt duct, clean plenum, exhaust, evacuation seal and flex joint",1,45,75,115,material allowance; all air remains on bottom,,design_candidate,
vacuum_quad10,vac_bin_left:bin,bin,vacuum,"Removable U-shaped bin, gate, baffle and seals",1,130,195,280,145 cm3 PETG effective material plus hardware; 0.50 L usable design target,,design_candidate,
vacuum_quad10,filter_bay:filter,filter,air_common,Roborock S7/S8 filter and replaceable sealed adapter,1,35,55,85,installed allowance; exact filter dimension and resistance still unknown,https://us.roborock.com/products/roborock-washable-filter-x2-for-roborock-s7-series,order_category_reported,"141 x 76 x 20 mm is a maximum element allocation, not a measured filter dimension."
vacuum_quad10,blower_bay:blower,blower,air_common,WS7040-24-V200 blower and isolation pads,1,115,155,215,mass allowance; source provides dimensions/curve but no verified installed mass,https://global.bttwiki.com/Universal%20Turbo%20Kit.html,order_category_reported,
vacuum_quad10,blower_driver:blower_driver,blower_driver,air_common,WS2403DY01V04 and default-off interface,1,15,24,36,driver sheet 15 g plus connections; omit optional printer adapter,https://global.bttwiki.com/img/Turbo_Kit/Turbo_Kit_Driver1.webp,expected_in_ordered_kit,
vacuum_quad10,air_sensing:air_sensing,air_sensing,air_common,"Two 0–10 kPa differential sensor channels, protected pressure taps and fill sensor",1,22,38,58,"board/hose allowance; NXP MPX5010DP family reference, exact carrier TBD",,design_candidate,
vacuum_quad10,anti_tip_left:anti_tip,anti_tip,drive,"Front backup roller: 624-2RS bearing, printed hub, silicone O-ring, M4 shoulder hardware",1,12,18,28,"Assembly allowance; 20 mm outside diameter, normally 2 mm above floor",,design_candidate,"Backup pitch stop, not a load-bearing swivel caster. No claim of wet grip. Pin and inner-race spacer prevent bearing clamping."
vacuum_quad10,anti_tip_right:anti_tip,anti_tip,drive,"Front backup roller: 624-2RS bearing, printed hub, silicone O-ring, M4 shoulder hardware",1,12,18,28,"Assembly allowance; 20 mm outside diameter, normally 2 mm above floor",,design_candidate,"Backup pitch stop, not a load-bearing swivel caster. No claim of wet grip. Pin and inner-race spacer prevent bearing clamping."
vacuum_quad10,dock_logic_power:dock_logic_power,dock_logic_power,core,"Station logic-power input, 24 V to 5 V regulator, source OR and hold-up capacitors",1,25,45,75,"Installed 40 W logic supply/interface allocation, not selected hardware",,design_candidate,Station 24 V / 60 W protected input; reverse-blocking source selection keeps Pi/supervisor live during pack exchange. No full-system UPS promise.
vacuum_quad10,rotor_1:lift_motor,lift_motor,lift,Hobbywing RTF-3115 900KV motor,1,122,125,132,"manufacturer reference, 4–6S, HQ10x4.5x3 curve at 24 V",https://www.hobbywing.com/en/uploads/file/20251117/2a4a3f326d2bdede135f3e582b73eef3.pdf,design_candidate,
vacuum_quad10,rotor_1:lift_prop,lift_prop,lift,HQProp 10x4.5x3 purchased propeller,1,14,20,27,mass allowance; exact curve-matched CW/CCW propellers required,https://www.hobbywing.com/en/uploads/file/20251117/2a4a3f326d2bdede135f3e582b73eef3.pdf,design_candidate,
vacuum_quad10,rotor_1:lift_esc,lift_esc,lift,"One channel of matched 65 A 6S ESC hardware, local capacitors and mounts",1,20,32,50,per-channel installed allowance; two four-channel boards for octo; exact assembly thermal/power review pending,https://www.hobbywing.com/en/uploads/file/20251117/2a4a3f326d2bdede135f3e582b73eef3.pdf,design_candidate,
vacuum_quad10,guard_1:lift_guard,lift_guard,lift,One 284 mm guard with spaced upper/lower mesh and ribs,1,55,90,140,per-rotor material allowance; 5 mm mesh pitch/0.35 mm wire and 25 mm axial stand-off reference; no containment certification,,design_candidate,
vacuum_quad10,rotor_2:lift_motor,lift_motor,lift,Hobbywing RTF-3115 900KV motor,1,122,125,132,"manufacturer reference, 4–6S, HQ10x4.5x3 curve at 24 V",https://www.hobbywing.com/en/uploads/file/20251117/2a4a3f326d2bdede135f3e582b73eef3.pdf,design_candidate,
vacuum_quad10,rotor_2:lift_prop,lift_prop,lift,HQProp 10x4.5x3 purchased propeller,1,14,20,27,mass allowance; exact curve-matched CW/CCW propellers required,https://www.hobbywing.com/en/uploads/file/20251117/2a4a3f326d2bdede135f3e582b73eef3.pdf,design_candidate,
vacuum_quad10,rotor_2:lift_esc,lift_esc,lift,"One channel of matched 65 A 6S ESC hardware, local capacitors and mounts",1,20,32,50,per-channel installed allowance; two four-channel boards for octo; exact assembly thermal/power review pending,https://www.hobbywing.com/en/uploads/file/20251117/2a4a3f326d2bdede135f3e582b73eef3.pdf,design_candidate,
vacuum_quad10,guard_2:lift_guard,lift_guard,lift,One 284 mm guard with spaced upper/lower mesh and ribs,1,55,90,140,per-rotor material allowance; 5 mm mesh pitch/0.35 mm wire and 25 mm axial stand-off reference; no containment certification,,design_candidate,
vacuum_quad10,rotor_3:lift_motor,lift_motor,lift,Hobbywing RTF-3115 900KV motor,1,122,125,132,"manufacturer reference, 4–6S, HQ10x4.5x3 curve at 24 V",https://www.hobbywing.com/en/uploads/file/20251117/2a4a3f326d2bdede135f3e582b73eef3.pdf,design_candidate,
vacuum_quad10,rotor_3:lift_prop,lift_prop,lift,HQProp 10x4.5x3 purchased propeller,1,14,20,27,mass allowance; exact curve-matched CW/CCW propellers required,https://www.hobbywing.com/en/uploads/file/20251117/2a4a3f326d2bdede135f3e582b73eef3.pdf,design_candidate,
vacuum_quad10,rotor_3:lift_esc,lift_esc,lift,"One channel of matched 65 A 6S ESC hardware, local capacitors and mounts",1,20,32,50,per-channel installed allowance; two four-channel boards for octo; exact assembly thermal/power review pending,https://www.hobbywing.com/en/uploads/file/20251117/2a4a3f326d2bdede135f3e582b73eef3.pdf,design_candidate,
vacuum_quad10,guard_3:lift_guard,lift_guard,lift,One 284 mm guard with spaced upper/lower mesh and ribs,1,55,90,140,per-rotor material allowance; 5 mm mesh pitch/0.35 mm wire and 25 mm axial stand-off reference; no containment certification,,design_candidate,
vacuum_quad10,rotor_4:lift_motor,lift_motor,lift,Hobbywing RTF-3115 900KV motor,1,122,125,132,"manufacturer reference, 4–6S, HQ10x4.5x3 curve at 24 V",https://www.hobbywing.com/en/uploads/file/20251117/2a4a3f326d2bdede135f3e582b73eef3.pdf,design_candidate,
vacuum_quad10,rotor_4:lift_prop,lift_prop,lift,HQProp 10x4.5x3 purchased propeller,1,14,20,27,mass allowance; exact curve-matched CW/CCW propellers required,https://www.hobbywing.com/en/uploads/file/20251117/2a4a3f326d2bdede135f3e582b73eef3.pdf,design_candidate,
vacuum_quad10,rotor_4:lift_esc,lift_esc,lift,"One channel of matched 65 A 6S ESC hardware, local capacitors and mounts",1,20,32,50,per-channel installed allowance; two four-channel boards for octo; exact assembly thermal/power review pending,https://www.hobbywing.com/en/uploads/file/20251117/2a4a3f326d2bdede135f3e582b73eef3.pdf,design_candidate,
vacuum_quad10,guard_4:lift_guard,lift_guard,lift,One 284 mm guard with spaced upper/lower mesh and ribs,1,55,90,140,per-rotor material allowance; 5 mm mesh pitch/0.35 mm wire and 25 mm axial stand-off reference; no containment certification,,design_candidate,
vacuum_quad10,lift_structure:lift_structure,lift_structure,lift,"Carbon tubes, diagonal braces, hub frame and metal clamp joints",0.7,259.0,378.0,546.0,"stock/material allowance; 20/18 mm main tubes, 10/8 mm braces, no printed primary arm cantilever",,design_candidate,
vacuum_quad10,lift_joinery:lift_joinery,lift_joinery,lift,"Top-side locks, brackets, fasteners and station pickup features",1,80,120,180,material/hardware allowance; four positive locks and metal load spreaders,,design_candidate,
vacuum_quad10,lift_harness:lift_harness,lift_harness,lift,"High-current trunk/branches, connectors, sensing and distribution",1,280,430,650,route allowance; includes main contacts and two fore/aft feeds; battery-side protection stays in core,,design_candidate,
vacuum_quad10,flight_controller:flight_controller,flight_controller,lift,Holybro Pixhawk 6C Mini current Model A and vibration mount,1,42.4,53,70,catalog 42.4 g plus mount,https://docs.holybro.com/autopilot/pixhawk-6c-mini/technical-specification,design_candidate,
vacuum_quad10,flight_power:flight_power,flight_power,lift,"Independent flight-controller regulator, current interface and hold-up",1,30,50,85,assembly allowance; flight electronics remain live during floor-tool shutdown,,design_candidate,
vacuum_quad10,flight_sensors:flight_sensors,flight_sensors,lift,"Downward range, four sector range boards, mounts and link interfaces",1,45,75,115,sensor/mount allowance; stereo cameras budgeted separately; not complete collision coverage by specification alone,,design_candidate,
vacuum_quad10,flight_io:flight_io,flight_io,lift,"Local status, logging, independent disarm/maintenance inputs and harness",1,20,35,60,electronics allowance,,design_candidate,
vacuum_quad10,depth_camera:depth_camera,depth_camera,lift,OAK-D S2 USB stereo camera and bracket,2,182,212,250,manufacturer drawing and 91 g reference plus mount/cable allowance,https://cdn.robotshop.com/media/l/lux/rb-lux-16/pdf/luxonis-oak-d-s2-camera-auto-focus-datasheet.pdf,design_candidate,
vacuum_quad10,battery,design_6s,battery,6S / 5.2 Ah comparison,1,700,753,820,Listed pack reference; no protection or harness double-counted,https://www.amazon.com/dp/B0BNDHPBBX,comparison_not_ordered,
vacuum_quad10,payload,payload,payload,"0.50 L usable bin target; 150 g design debris load, 300 g stress case; mass checked at dock before lift.",1,150,150,300,Bounded design contents,Owner task / design allowance,consumable_load,
vacuum_hex10,core_power:logic_buck,logic_buck,core,"5 V regulator and carrier, 40 W design allocation",1,15,25,45,assembly allowance; D42V110F5 family reference; exact variant and thermal review required,https://www.pololu.com/product/5671/specs,design_candidate,
vacuum_hex10,core_power:motor_buck,motor_buck,core,D42V110F12 regulator and mounting,1,15,24,36,catalog bare 15 g plus installed allowance,https://www.pololu.com/product/5677/specs,design_candidate,
vacuum_hex10,core_power:regen_clamp,regen_clamp,core,"12 V braking clamp, reverse blocking, resistor and bulk capacitors",1,22,40,70,"custom circuit allowance; 15 V comparator threshold, 10 ohm 25 W resistor, 2200 uF/25 V reference",https://resources.basicmicro.com/manual/roboclaw/operational-requirements/,design_candidate,
vacuum_hex10,core_power:tool_converter,tool_converter,core,Cincon CHB100W-24S24 plus HBT127/PH01 cooling and carrier,1,155,190,245,"catalog 95+50.4+1.9 g plus fan, carrier and mounting; comparison regulator for 6S case",https://www.cincon.com/productdownload/Datasheet-CHB100W.pdf,design_candidate,
vacuum_hex10,pi_bay:pi,pi,core,"Raspberry Pi 5, active cooler and microSD",1,65,82,105,installed allowance; owned board available; processing power is a workload estimate,https://www.raspberrypi.com/products/raspberry-pi-5/,owned_board_candidate,
vacuum_hex10,front_camera:depth_camera,depth_camera,core,OAK-D S2 USB stereo camera and bracket,1,91,106,125,manufacturer drawing and 91 g reference plus mount/cable allowance,https://cdn.robotshop.com/media/l/lux/rb-lux-16/pdf/luxonis-oak-d-s2-camera-auto-focus-datasheet.pdf,design_candidate,
vacuum_hex10,core_mcu_bay:core_mcu,core_mcu,core,ESP32-DevKitC plus CAN transceiver and hardware watchdog,1,12,20,30,board plus interface allowance,https://documentation.espressif.com/esp-dev-kits/en/latest/esp32/esp32-devkitc/user_guide.html,design_candidate,
vacuum_hex10,battery_bay:battery_cartridge,battery_cartridge,core,"Removable cartridge shell, cell monitor/ID/temperature, fuse and recessed contacts",1,85,140,220,"Installed allowance: 65 g shell/restraint, 35 g monitor/ID, 40 g fuse/contacts/wiring nominal; excludes bare cell pack and fixed core receiver",https://www.ti.com/product/BQ76952,design_candidate,Carried once; the same 140 g nominal tare accompanies every stored pack. Main switched discharge stage stays in core. Packaging and flight current are unqualified.
vacuum_hex10,battery_bay:battery_receiver,battery_receiver,core,"Fixed battery guide, positive latch, presence switches and floating contact support",1,30,50,85,Additional automatic-exchange receiver allowance; passive latch retained without power,,design_candidate,Mass excludes cartridge-side hardware; station actuator releases latch only after mechanical support.
vacuum_hex10,pack_protection:core_monitor,core_monitor,core,"Core switched discharge bus, current shunt, precharge and protection power stage",1,45,80,140,custom PCB assembly allowance; reference IC is not a complete high-current BMS,,design_candidate,Cell monitor/temperature sensing travels in battery cartridge and commands this fixed high-current stage. 150 A continuous / 320 A short allocation remains unqualified; custom circuitry required.
vacuum_hex10,lidar:lidar,lidar,core,Core-fixed SLAMTEC RPLIDAR A1,1,160,170,185,manufacturer family reference; owned revision not measured,https://www.slamtec.com/cn/lidar/a1spec,owned_candidate,
vacuum_hex10,core_misc:core_prints,core_prints,core,"Core PETG ribs, equipment trays and ducts",1,110,160,225,material allowance: 126 cm3 effective PETG at 1.27 g/cm3; not slicer output,,design_candidate,
vacuum_hex10,core_misc:core_metal,core_metal,core,"Two open aluminum perimeter frames, spacers and load spreaders",1,110,145,190,calculated stock allowance: two 270/250 mm square 2 mm rings = 112.3 g; spacers/spreaders added,,design_candidate,
vacuum_hex10,core_misc:core_locks,core_locks,core,"Eight core-side captive sliding locks, seats, springs and detection",1,90,130,185,"mechanism allowance; four top and four bottom, station-actuated",,design_candidate,
vacuum_hex10,core_misc:core_harness,core_harness,core,"Core wiring, connector halves, fuse, charge and service access",1,85,125,190,route allowance; includes floor harness and short high-current trunk; excludes lift-side wiring,,design_candidate,Fixed core distribution only; cartridge contacts/receiver and auxiliary dock-power hardware are budgeted separately.
vacuum_hex10,core_misc:core_near,core_near,core,"Six near-field ToF boards, windows and core IMU allowance",1,20,32,50,sensor plus harness/mount allowance; no all-surface detection guarantee,https://www.st.com/en/imaging-and-photonics-solutions/vl53l1X,design_candidate,
vacuum_hex10,core_misc:status,status,core,"Stop switch, buzzer, status LEDs and guard contacts",1,8,15,25,small hardware allowance,,design_candidate,
vacuum_hex10,wheel_left:drive_wheel,drive_wheel,drive,goBILDA Hogback 72 x 24 mm silicone wheel,1,52,55,59,manufacturer reference,https://www.gobilda.com/hogback-traction-wheel-72mm-diameter-50a-durometer/,design_candidate,
vacuum_hex10,wheel_left:wheel_hub,wheel_hub,drive,goBILDA Sonic 4 mm hub plus four wheel screws,1,12,17,23,installed allowance; shaft engagement 8.5 mm with 8 mm hub,https://www.gobilda.com/1309-series-sonic-hub-4mm-bore/,design_candidate,
vacuum_hex10,pod_left:drive_motor,drive_motor,drive,Pololu 4846 75:1 12 V encoder motor,1,99,104,110,catalog reference and modest assembly variation,https://www.pololu.com/product/4846/specs,two_ordered_for_first_bottom,
vacuum_hex10,pod_left:pod,pod,drive,"Trailing pod, metal motor plate, M4 pivot, bushings, spring and stops",1,42,62,90,per-wheel material/hardware allowance: 28 cm3 PETG plus 26 g stock and fasteners,,design_candidate,
vacuum_hex10,wheel_right:drive_wheel,drive_wheel,drive,goBILDA Hogback 72 x 24 mm silicone wheel,1,52,55,59,manufacturer reference,https://www.gobilda.com/hogback-traction-wheel-72mm-diameter-50a-durometer/,design_candidate,
vacuum_hex10,wheel_right:wheel_hub,wheel_hub,drive,goBILDA Sonic 4 mm hub plus four wheel screws,1,12,17,23,installed allowance; shaft engagement 8.5 mm with 8 mm hub,https://www.gobilda.com/1309-series-sonic-hub-4mm-bore/,design_candidate,
vacuum_hex10,pod_right:drive_motor,drive_motor,drive,Pololu 4846 75:1 12 V encoder motor,1,99,104,110,catalog reference and modest assembly variation,https://www.pololu.com/product/4846/specs,two_ordered_for_first_bottom,
vacuum_hex10,pod_right:pod,pod,drive,"Trailing pod, metal motor plate, M4 pivot, bushings, spring and stops",1,42,62,90,per-wheel material/hardware allowance: 28 cm3 PETG plus 26 g stock and fasteners,,design_candidate,
vacuum_hex10,drive_control:roboclaw,roboclaw,drive,RoboClaw IMC404 with standoffs,1,18,24,33,catalog board 18 g plus mounts,https://www.basicmicro.com/RoboClaw-2x7A-Motor-Controller_p_55.html,one_ordered_for_first_bottom,
vacuum_hex10,drive_control:bottom_mcu,bottom_mcu,drive,"ESP32 bottom controller, CAN, I2C mux and interlocks",1,18,28,42,installed electronics allowance,https://documentation.espressif.com/esp-dev-kits/en/latest/esp32/esp32-devkitc/user_guide.html,design_candidate,
vacuum_hex10,drive_misc:bottom_frame,bottom_frame,drive,"Bottom PETG skeleton, aluminum rails and module-side studs",1,160,225,305,"120 cm3 PETG plus 73 g rails/studs; contains no motors, pods, bumper or tool shell",,design_candidate,
vacuum_hex10,drive_misc:bottom_bumper,bottom_bumper,drive,"Segmented bumper, six switches, skirt and compliant mounts",1,35,55,80,material/hardware allowance,,design_candidate,
vacuum_hex10,drive_misc:floor_sensors,floor_sensors,drive,"Six cliff ToF sensors, two wheel-drop switches and windows",1,22,36,55,assembled allowance; separate from core obstacle sensing,https://www.st.com/en/imaging-and-photonics-solutions/vl53l1X,design_candidate,
vacuum_hex10,drive_misc:bottom_harness,bottom_harness,drive,"Bottom harness, connector half and branch protection",1,40,65,95,"route allowance; includes encoder leads, sensor wiring and short tool cables",,design_candidate,
vacuum_hex10,caster:caster,caster,drive,"TENTE Linea load 5940UAP050L51-8, stem and mounting plate",1,90,112,145,"catalog caster 90 g, 50.5 mm height and 40.5 mm sweep radius; installed stem/plate added",https://www.tente.com/en-ca/swivel-castor-50-mm/5940uap050l51-8-load-9011,design_candidate,"Twin polyurethane wheels, 92 Shore A and thread guards. Not a 50A soft drive tire; source availability and retained stem still need checking."
vacuum_hex10,vac_head:tricut,tricut,vacuum,"Dreame TriCut roller, exact purchased revision pending",1,110,200,230,manufacturer listing 200 g; bare versus packaged mass unresolved,https://www.dreametech.com/products/anti-tangle-roller-brush,order_category_reported,
vacuum_hex10,vac_head:head_frame,head_frame,vacuum,"Removable head cassette, guard, suspension and floor lips",1,90,135,195,"80 cm3 PETG plus springs, bearings, captive M3 hardware and seals",,design_candidate,
vacuum_hex10,vac_head_drive:roller_motor,roller_motor,vacuum,Pololu 4842 9.7:1 12 V encoder gearmotor,1,90,95,101,catalog reference,https://www.pololu.com/product/4842/specs,design_candidate,
vacuum_hex10,vac_head_drive:roller_transmission,roller_transmission,vacuum,"1:1 belt/pulleys, coupler, bearings and cutter restraint",1,25,45,75,mechanical allowance; supplier cutter interface still unresolved,,design_candidate,
vacuum_hex10,vac_head_drive:tool_stage,tool_stage,vacuum,"TB9051FTG carrier, header and thermal mounting",1,3.1,7,13,catalog bare carrier 3.1 g plus installed allowance,https://www.pololu.com/product/2997/specs,design_candidate,
vacuum_hex10,vac_side:side_brush,side_brush,vacuum,"Edge brush, hub and guarded drive",1,15,25,40,consumable and hub allowance; excludes motor and power stage,,design_candidate,
vacuum_hex10,vac_side:micro_motor,micro_motor,vacuum,Pololu 5216 100:1 HPCB 12 V encoder motor,1,10,11,13,catalog reference; power limited separately,https://www.pololu.com/product/5216/specs,design_candidate,
vacuum_hex10,vac_side:tool_stage,tool_stage,vacuum,"TB9051FTG carrier, header and thermal mounting",1,3.1,7,13,catalog bare carrier 3.1 g plus installed allowance,https://www.pololu.com/product/2997/specs,design_candidate,
vacuum_hex10,vac_duct:air_plumbing,air_plumbing,vacuum,"Smooth dirt duct, clean plenum, exhaust, evacuation seal and flex joint",1,45,75,115,material allowance; all air remains on bottom,,design_candidate,
vacuum_hex10,vac_bin_left:bin,bin,vacuum,"Removable U-shaped bin, gate, baffle and seals",1,130,195,280,145 cm3 PETG effective material plus hardware; 0.50 L usable design target,,design_candidate,
vacuum_hex10,filter_bay:filter,filter,air_common,Roborock S7/S8 filter and replaceable sealed adapter,1,35,55,85,installed allowance; exact filter dimension and resistance still unknown,https://us.roborock.com/products/roborock-washable-filter-x2-for-roborock-s7-series,order_category_reported,"141 x 76 x 20 mm is a maximum element allocation, not a measured filter dimension."
vacuum_hex10,blower_bay:blower,blower,air_common,WS7040-24-V200 blower and isolation pads,1,115,155,215,mass allowance; source provides dimensions/curve but no verified installed mass,https://global.bttwiki.com/Universal%20Turbo%20Kit.html,order_category_reported,
vacuum_hex10,blower_driver:blower_driver,blower_driver,air_common,WS2403DY01V04 and default-off interface,1,15,24,36,driver sheet 15 g plus connections; omit optional printer adapter,https://global.bttwiki.com/img/Turbo_Kit/Turbo_Kit_Driver1.webp,expected_in_ordered_kit,
vacuum_hex10,air_sensing:air_sensing,air_sensing,air_common,"Two 0–10 kPa differential sensor channels, protected pressure taps and fill sensor",1,22,38,58,"board/hose allowance; NXP MPX5010DP family reference, exact carrier TBD",,design_candidate,
vacuum_hex10,anti_tip_left:anti_tip,anti_tip,drive,"Front backup roller: 624-2RS bearing, printed hub, silicone O-ring, M4 shoulder hardware",1,12,18,28,"Assembly allowance; 20 mm outside diameter, normally 2 mm above floor",,design_candidate,"Backup pitch stop, not a load-bearing swivel caster. No claim of wet grip. Pin and inner-race spacer prevent bearing clamping."
vacuum_hex10,anti_tip_right:anti_tip,anti_tip,drive,"Front backup roller: 624-2RS bearing, printed hub, silicone O-ring, M4 shoulder hardware",1,12,18,28,"Assembly allowance; 20 mm outside diameter, normally 2 mm above floor",,design_candidate,"Backup pitch stop, not a load-bearing swivel caster. No claim of wet grip. Pin and inner-race spacer prevent bearing clamping."
vacuum_hex10,dock_logic_power:dock_logic_power,dock_logic_power,core,"Station logic-power input, 24 V to 5 V regulator, source OR and hold-up capacitors",1,25,45,75,"Installed 40 W logic supply/interface allocation, not selected hardware",,design_candidate,Station 24 V / 60 W protected input; reverse-blocking source selection keeps Pi/supervisor live during pack exchange. No full-system UPS promise.
vacuum_hex10,rotor_1:lift_motor,lift_motor,lift,Hobbywing RTF-3115 900KV motor,1,122,125,132,"manufacturer reference, 4–6S, HQ10x4.5x3 curve at 24 V",https://www.hobbywing.com/en/uploads/file/20251117/2a4a3f326d2bdede135f3e582b73eef3.pdf,design_candidate,
vacuum_hex10,rotor_1:lift_prop,lift_prop,lift,HQProp 10x4.5x3 purchased propeller,1,14,20,27,mass allowance; exact curve-matched CW/CCW propellers required,https://www.hobbywing.com/en/uploads/file/20251117/2a4a3f326d2bdede135f3e582b73eef3.pdf,design_candidate,
vacuum_hex10,rotor_1:lift_esc,lift_esc,lift,"One channel of matched 65 A 6S ESC hardware, local capacitors and mounts",1,20,32,50,per-channel installed allowance; two four-channel boards for octo; exact assembly thermal/power review pending,https://www.hobbywing.com/en/uploads/file/20251117/2a4a3f326d2bdede135f3e582b73eef3.pdf,design_candidate,
vacuum_hex10,guard_1:lift_guard,lift_guard,lift,One 284 mm guard with spaced upper/lower mesh and ribs,1,55,90,140,per-rotor material allowance; 5 mm mesh pitch/0.35 mm wire and 25 mm axial stand-off reference; no containment certification,,design_candidate,
vacuum_hex10,rotor_2:lift_motor,lift_motor,lift,Hobbywing RTF-3115 900KV motor,1,122,125,132,"manufacturer reference, 4–6S, HQ10x4.5x3 curve at 24 V",https://www.hobbywing.com/en/uploads/file/20251117/2a4a3f326d2bdede135f3e582b73eef3.pdf,design_candidate,
vacuum_hex10,rotor_2:lift_prop,lift_prop,lift,HQProp 10x4.5x3 purchased propeller,1,14,20,27,mass allowance; exact curve-matched CW/CCW propellers required,https://www.hobbywing.com/en/uploads/file/20251117/2a4a3f326d2bdede135f3e582b73eef3.pdf,design_candidate,
vacuum_hex10,rotor_2:lift_esc,lift_esc,lift,"One channel of matched 65 A 6S ESC hardware, local capacitors and mounts",1,20,32,50,per-channel installed allowance; two four-channel boards for octo; exact assembly thermal/power review pending,https://www.hobbywing.com/en/uploads/file/20251117/2a4a3f326d2bdede135f3e582b73eef3.pdf,design_candidate,
vacuum_hex10,guard_2:lift_guard,lift_guard,lift,One 284 mm guard with spaced upper/lower mesh and ribs,1,55,90,140,per-rotor material allowance; 5 mm mesh pitch/0.35 mm wire and 25 mm axial stand-off reference; no containment certification,,design_candidate,
vacuum_hex10,rotor_3:lift_motor,lift_motor,lift,Hobbywing RTF-3115 900KV motor,1,122,125,132,"manufacturer reference, 4–6S, HQ10x4.5x3 curve at 24 V",https://www.hobbywing.com/en/uploads/file/20251117/2a4a3f326d2bdede135f3e582b73eef3.pdf,design_candidate,
vacuum_hex10,rotor_3:lift_prop,lift_prop,lift,HQProp 10x4.5x3 purchased propeller,1,14,20,27,mass allowance; exact curve-matched CW/CCW propellers required,https://www.hobbywing.com/en/uploads/file/20251117/2a4a3f326d2bdede135f3e582b73eef3.pdf,design_candidate,
vacuum_hex10,rotor_3:lift_esc,lift_esc,lift,"One channel of matched 65 A 6S ESC hardware, local capacitors and mounts",1,20,32,50,per-channel installed allowance; two four-channel boards for octo; exact assembly thermal/power review pending,https://www.hobbywing.com/en/uploads/file/20251117/2a4a3f326d2bdede135f3e582b73eef3.pdf,design_candidate,
vacuum_hex10,guard_3:lift_guard,lift_guard,lift,One 284 mm guard with spaced upper/lower mesh and ribs,1,55,90,140,per-rotor material allowance; 5 mm mesh pitch/0.35 mm wire and 25 mm axial stand-off reference; no containment certification,,design_candidate,
vacuum_hex10,rotor_4:lift_motor,lift_motor,lift,Hobbywing RTF-3115 900KV motor,1,122,125,132,"manufacturer reference, 4–6S, HQ10x4.5x3 curve at 24 V",https://www.hobbywing.com/en/uploads/file/20251117/2a4a3f326d2bdede135f3e582b73eef3.pdf,design_candidate,
vacuum_hex10,rotor_4:lift_prop,lift_prop,lift,HQProp 10x4.5x3 purchased propeller,1,14,20,27,mass allowance; exact curve-matched CW/CCW propellers required,https://www.hobbywing.com/en/uploads/file/20251117/2a4a3f326d2bdede135f3e582b73eef3.pdf,design_candidate,
vacuum_hex10,rotor_4:lift_esc,lift_esc,lift,"One channel of matched 65 A 6S ESC hardware, local capacitors and mounts",1,20,32,50,per-channel installed allowance; two four-channel boards for octo; exact assembly thermal/power review pending,https://www.hobbywing.com/en/uploads/file/20251117/2a4a3f326d2bdede135f3e582b73eef3.pdf,design_candidate,
vacuum_hex10,guard_4:lift_guard,lift_guard,lift,One 284 mm guard with spaced upper/lower mesh and ribs,1,55,90,140,per-rotor material allowance; 5 mm mesh pitch/0.35 mm wire and 25 mm axial stand-off reference; no containment certification,,design_candidate,
vacuum_hex10,rotor_5:lift_motor,lift_motor,lift,Hobbywing RTF-3115 900KV motor,1,122,125,132,"manufacturer reference, 4–6S, HQ10x4.5x3 curve at 24 V",https://www.hobbywing.com/en/uploads/file/20251117/2a4a3f326d2bdede135f3e582b73eef3.pdf,design_candidate,
vacuum_hex10,rotor_5:lift_prop,lift_prop,lift,HQProp 10x4.5x3 purchased propeller,1,14,20,27,mass allowance; exact curve-matched CW/CCW propellers required,https://www.hobbywing.com/en/uploads/file/20251117/2a4a3f326d2bdede135f3e582b73eef3.pdf,design_candidate,
vacuum_hex10,rotor_5:lift_esc,lift_esc,lift,"One channel of matched 65 A 6S ESC hardware, local capacitors and mounts",1,20,32,50,per-channel installed allowance; two four-channel boards for octo; exact assembly thermal/power review pending,https://www.hobbywing.com/en/uploads/file/20251117/2a4a3f326d2bdede135f3e582b73eef3.pdf,design_candidate,
vacuum_hex10,guard_5:lift_guard,lift_guard,lift,One 284 mm guard with spaced upper/lower mesh and ribs,1,55,90,140,per-rotor material allowance; 5 mm mesh pitch/0.35 mm wire and 25 mm axial stand-off reference; no containment certification,,design_candidate,
vacuum_hex10,rotor_6:lift_motor,lift_motor,lift,Hobbywing RTF-3115 900KV motor,1,122,125,132,"manufacturer reference, 4–6S, HQ10x4.5x3 curve at 24 V",https://www.hobbywing.com/en/uploads/file/20251117/2a4a3f326d2bdede135f3e582b73eef3.pdf,design_candidate,
vacuum_hex10,rotor_6:lift_prop,lift_prop,lift,HQProp 10x4.5x3 purchased propeller,1,14,20,27,mass allowance; exact curve-matched CW/CCW propellers required,https://www.hobbywing.com/en/uploads/file/20251117/2a4a3f326d2bdede135f3e582b73eef3.pdf,design_candidate,
vacuum_hex10,rotor_6:lift_esc,lift_esc,lift,"One channel of matched 65 A 6S ESC hardware, local capacitors and mounts",1,20,32,50,per-channel installed allowance; two four-channel boards for octo; exact assembly thermal/power review pending,https://www.hobbywing.com/en/uploads/file/20251117/2a4a3f326d2bdede135f3e582b73eef3.pdf,design_candidate,
vacuum_hex10,guard_6:lift_guard,lift_guard,lift,One 284 mm guard with spaced upper/lower mesh and ribs,1,55,90,140,per-rotor material allowance; 5 mm mesh pitch/0.35 mm wire and 25 mm axial stand-off reference; no containment certification,,design_candidate,
vacuum_hex10,lift_structure:lift_structure,lift_structure,lift,"Carbon tubes, diagonal braces, hub frame and metal clamp joints",0.88,325.6,475.2,686.4,"stock/material allowance; 20/18 mm main tubes, 10/8 mm braces, no printed primary arm cantilever",,design_candidate,
vacuum_hex10,lift_joinery:lift_joinery,lift_joinery,lift,"Top-side locks, brackets, fasteners and station pickup features",1,80,120,180,material/hardware allowance; four positive locks and metal load spreaders,,design_candidate,
vacuum_hex10,lift_harness:lift_harness,lift_harness,lift,"High-current trunk/branches, connectors, sensing and distribution",1,280,430,650,route allowance; includes main contacts and two fore/aft feeds; battery-side protection stays in core,,design_candidate,
vacuum_hex10,flight_controller:flight_controller,flight_controller,lift,Holybro Pixhawk 6C Mini current Model A and vibration mount,1,42.4,53,70,catalog 42.4 g plus mount,https://docs.holybro.com/autopilot/pixhawk-6c-mini/technical-specification,design_candidate,
vacuum_hex10,flight_power:flight_power,flight_power,lift,"Independent flight-controller regulator, current interface and hold-up",1,30,50,85,assembly allowance; flight electronics remain live during floor-tool shutdown,,design_candidate,
vacuum_hex10,flight_sensors:flight_sensors,flight_sensors,lift,"Downward range, four sector range boards, mounts and link interfaces",1,45,75,115,sensor/mount allowance; stereo cameras budgeted separately; not complete collision coverage by specification alone,,design_candidate,
vacuum_hex10,flight_io:flight_io,flight_io,lift,"Local status, logging, independent disarm/maintenance inputs and harness",1,20,35,60,electronics allowance,,design_candidate,
vacuum_hex10,depth_camera:depth_camera,depth_camera,lift,OAK-D S2 USB stereo camera and bracket,2,182,212,250,manufacturer drawing and 91 g reference plus mount/cable allowance,https://cdn.robotshop.com/media/l/lux/rb-lux-16/pdf/luxonis-oak-d-s2-camera-auto-focus-datasheet.pdf,design_candidate,
vacuum_hex10,battery,design_6s,battery,6S / 5.2 Ah comparison,1,700,753,820,Listed pack reference; no protection or harness double-counted,https://www.amazon.com/dp/B0BNDHPBBX,comparison_not_ordered,
vacuum_hex10,payload,payload,payload,"0.50 L usable bin target; 150 g design debris load, 300 g stress case; mass checked at dock before lift.",1,150,150,300,Bounded design contents,Owner task / design allowance,consumable_load,
vacuum_octo10,core_power:logic_buck,logic_buck,core,"5 V regulator and carrier, 40 W design allocation",1,15,25,45,assembly allowance; D42V110F5 family reference; exact variant and thermal review required,https://www.pololu.com/product/5671/specs,design_candidate,
vacuum_octo10,core_power:motor_buck,motor_buck,core,D42V110F12 regulator and mounting,1,15,24,36,catalog bare 15 g plus installed allowance,https://www.pololu.com/product/5677/specs,design_candidate,
vacuum_octo10,core_power:regen_clamp,regen_clamp,core,"12 V braking clamp, reverse blocking, resistor and bulk capacitors",1,22,40,70,"custom circuit allowance; 15 V comparator threshold, 10 ohm 25 W resistor, 2200 uF/25 V reference",https://resources.basicmicro.com/manual/roboclaw/operational-requirements/,design_candidate,
vacuum_octo10,core_power:tool_converter,tool_converter,core,Cincon CHB100W-24S24 plus HBT127/PH01 cooling and carrier,1,155,190,245,"catalog 95+50.4+1.9 g plus fan, carrier and mounting; comparison regulator for 6S case",https://www.cincon.com/productdownload/Datasheet-CHB100W.pdf,design_candidate,
vacuum_octo10,pi_bay:pi,pi,core,"Raspberry Pi 5, active cooler and microSD",1,65,82,105,installed allowance; owned board available; processing power is a workload estimate,https://www.raspberrypi.com/products/raspberry-pi-5/,owned_board_candidate,
vacuum_octo10,front_camera:depth_camera,depth_camera,core,OAK-D S2 USB stereo camera and bracket,1,91,106,125,manufacturer drawing and 91 g reference plus mount/cable allowance,https://cdn.robotshop.com/media/l/lux/rb-lux-16/pdf/luxonis-oak-d-s2-camera-auto-focus-datasheet.pdf,design_candidate,
vacuum_octo10,core_mcu_bay:core_mcu,core_mcu,core,ESP32-DevKitC plus CAN transceiver and hardware watchdog,1,12,20,30,board plus interface allowance,https://documentation.espressif.com/esp-dev-kits/en/latest/esp32/esp32-devkitc/user_guide.html,design_candidate,
vacuum_octo10,battery_bay:battery_cartridge,battery_cartridge,core,"Removable cartridge shell, cell monitor/ID/temperature, fuse and recessed contacts",1,85,140,220,"Installed allowance: 65 g shell/restraint, 35 g monitor/ID, 40 g fuse/contacts/wiring nominal; excludes bare cell pack and fixed core receiver",https://www.ti.com/product/BQ76952,design_candidate,Carried once; the same 140 g nominal tare accompanies every stored pack. Main switched discharge stage stays in core. Packaging and flight current are unqualified.
vacuum_octo10,battery_bay:battery_receiver,battery_receiver,core,"Fixed battery guide, positive latch, presence switches and floating contact support",1,30,50,85,Additional automatic-exchange receiver allowance; passive latch retained without power,,design_candidate,Mass excludes cartridge-side hardware; station actuator releases latch only after mechanical support.
vacuum_octo10,pack_protection:core_monitor,core_monitor,core,"Core switched discharge bus, current shunt, precharge and protection power stage",1,45,80,140,custom PCB assembly allowance; reference IC is not a complete high-current BMS,,design_candidate,Cell monitor/temperature sensing travels in battery cartridge and commands this fixed high-current stage. 150 A continuous / 320 A short allocation remains unqualified; custom circuitry required.
vacuum_octo10,lidar:lidar,lidar,core,Core-fixed SLAMTEC RPLIDAR A1,1,160,170,185,manufacturer family reference; owned revision not measured,https://www.slamtec.com/cn/lidar/a1spec,owned_candidate,
vacuum_octo10,core_misc:core_prints,core_prints,core,"Core PETG ribs, equipment trays and ducts",1,110,160,225,material allowance: 126 cm3 effective PETG at 1.27 g/cm3; not slicer output,,design_candidate,
vacuum_octo10,core_misc:core_metal,core_metal,core,"Two open aluminum perimeter frames, spacers and load spreaders",1,110,145,190,calculated stock allowance: two 270/250 mm square 2 mm rings = 112.3 g; spacers/spreaders added,,design_candidate,
vacuum_octo10,core_misc:core_locks,core_locks,core,"Eight core-side captive sliding locks, seats, springs and detection",1,90,130,185,"mechanism allowance; four top and four bottom, station-actuated",,design_candidate,
vacuum_octo10,core_misc:core_harness,core_harness,core,"Core wiring, connector halves, fuse, charge and service access",1,85,125,190,route allowance; includes floor harness and short high-current trunk; excludes lift-side wiring,,design_candidate,Fixed core distribution only; cartridge contacts/receiver and auxiliary dock-power hardware are budgeted separately.
vacuum_octo10,core_misc:core_near,core_near,core,"Six near-field ToF boards, windows and core IMU allowance",1,20,32,50,sensor plus harness/mount allowance; no all-surface detection guarantee,https://www.st.com/en/imaging-and-photonics-solutions/vl53l1X,design_candidate,
vacuum_octo10,core_misc:status,status,core,"Stop switch, buzzer, status LEDs and guard contacts",1,8,15,25,small hardware allowance,,design_candidate,
vacuum_octo10,wheel_left:drive_wheel,drive_wheel,drive,goBILDA Hogback 72 x 24 mm silicone wheel,1,52,55,59,manufacturer reference,https://www.gobilda.com/hogback-traction-wheel-72mm-diameter-50a-durometer/,design_candidate,
vacuum_octo10,wheel_left:wheel_hub,wheel_hub,drive,goBILDA Sonic 4 mm hub plus four wheel screws,1,12,17,23,installed allowance; shaft engagement 8.5 mm with 8 mm hub,https://www.gobilda.com/1309-series-sonic-hub-4mm-bore/,design_candidate,
vacuum_octo10,pod_left:drive_motor,drive_motor,drive,Pololu 4846 75:1 12 V encoder motor,1,99,104,110,catalog reference and modest assembly variation,https://www.pololu.com/product/4846/specs,two_ordered_for_first_bottom,
vacuum_octo10,pod_left:pod,pod,drive,"Trailing pod, metal motor plate, M4 pivot, bushings, spring and stops",1,42,62,90,per-wheel material/hardware allowance: 28 cm3 PETG plus 26 g stock and fasteners,,design_candidate,
vacuum_octo10,wheel_right:drive_wheel,drive_wheel,drive,goBILDA Hogback 72 x 24 mm silicone wheel,1,52,55,59,manufacturer reference,https://www.gobilda.com/hogback-traction-wheel-72mm-diameter-50a-durometer/,design_candidate,
vacuum_octo10,wheel_right:wheel_hub,wheel_hub,drive,goBILDA Sonic 4 mm hub plus four wheel screws,1,12,17,23,installed allowance; shaft engagement 8.5 mm with 8 mm hub,https://www.gobilda.com/1309-series-sonic-hub-4mm-bore/,design_candidate,
vacuum_octo10,pod_right:drive_motor,drive_motor,drive,Pololu 4846 75:1 12 V encoder motor,1,99,104,110,catalog reference and modest assembly variation,https://www.pololu.com/product/4846/specs,two_ordered_for_first_bottom,
vacuum_octo10,pod_right:pod,pod,drive,"Trailing pod, metal motor plate, M4 pivot, bushings, spring and stops",1,42,62,90,per-wheel material/hardware allowance: 28 cm3 PETG plus 26 g stock and fasteners,,design_candidate,
vacuum_octo10,drive_control:roboclaw,roboclaw,drive,RoboClaw IMC404 with standoffs,1,18,24,33,catalog board 18 g plus mounts,https://www.basicmicro.com/RoboClaw-2x7A-Motor-Controller_p_55.html,one_ordered_for_first_bottom,
vacuum_octo10,drive_control:bottom_mcu,bottom_mcu,drive,"ESP32 bottom controller, CAN, I2C mux and interlocks",1,18,28,42,installed electronics allowance,https://documentation.espressif.com/esp-dev-kits/en/latest/esp32/esp32-devkitc/user_guide.html,design_candidate,
vacuum_octo10,drive_misc:bottom_frame,bottom_frame,drive,"Bottom PETG skeleton, aluminum rails and module-side studs",1,160,225,305,"120 cm3 PETG plus 73 g rails/studs; contains no motors, pods, bumper or tool shell",,design_candidate,
vacuum_octo10,drive_misc:bottom_bumper,bottom_bumper,drive,"Segmented bumper, six switches, skirt and compliant mounts",1,35,55,80,material/hardware allowance,,design_candidate,
vacuum_octo10,drive_misc:floor_sensors,floor_sensors,drive,"Six cliff ToF sensors, two wheel-drop switches and windows",1,22,36,55,assembled allowance; separate from core obstacle sensing,https://www.st.com/en/imaging-and-photonics-solutions/vl53l1X,design_candidate,
vacuum_octo10,drive_misc:bottom_harness,bottom_harness,drive,"Bottom harness, connector half and branch protection",1,40,65,95,"route allowance; includes encoder leads, sensor wiring and short tool cables",,design_candidate,
vacuum_octo10,caster:caster,caster,drive,"TENTE Linea load 5940UAP050L51-8, stem and mounting plate",1,90,112,145,"catalog caster 90 g, 50.5 mm height and 40.5 mm sweep radius; installed stem/plate added",https://www.tente.com/en-ca/swivel-castor-50-mm/5940uap050l51-8-load-9011,design_candidate,"Twin polyurethane wheels, 92 Shore A and thread guards. Not a 50A soft drive tire; source availability and retained stem still need checking."
vacuum_octo10,vac_head:tricut,tricut,vacuum,"Dreame TriCut roller, exact purchased revision pending",1,110,200,230,manufacturer listing 200 g; bare versus packaged mass unresolved,https://www.dreametech.com/products/anti-tangle-roller-brush,order_category_reported,
vacuum_octo10,vac_head:head_frame,head_frame,vacuum,"Removable head cassette, guard, suspension and floor lips",1,90,135,195,"80 cm3 PETG plus springs, bearings, captive M3 hardware and seals",,design_candidate,
vacuum_octo10,vac_head_drive:roller_motor,roller_motor,vacuum,Pololu 4842 9.7:1 12 V encoder gearmotor,1,90,95,101,catalog reference,https://www.pololu.com/product/4842/specs,design_candidate,
vacuum_octo10,vac_head_drive:roller_transmission,roller_transmission,vacuum,"1:1 belt/pulleys, coupler, bearings and cutter restraint",1,25,45,75,mechanical allowance; supplier cutter interface still unresolved,,design_candidate,
vacuum_octo10,vac_head_drive:tool_stage,tool_stage,vacuum,"TB9051FTG carrier, header and thermal mounting",1,3.1,7,13,catalog bare carrier 3.1 g plus installed allowance,https://www.pololu.com/product/2997/specs,design_candidate,
vacuum_octo10,vac_side:side_brush,side_brush,vacuum,"Edge brush, hub and guarded drive",1,15,25,40,consumable and hub allowance; excludes motor and power stage,,design_candidate,
vacuum_octo10,vac_side:micro_motor,micro_motor,vacuum,Pololu 5216 100:1 HPCB 12 V encoder motor,1,10,11,13,catalog reference; power limited separately,https://www.pololu.com/product/5216/specs,design_candidate,
vacuum_octo10,vac_side:tool_stage,tool_stage,vacuum,"TB9051FTG carrier, header and thermal mounting",1,3.1,7,13,catalog bare carrier 3.1 g plus installed allowance,https://www.pololu.com/product/2997/specs,design_candidate,
vacuum_octo10,vac_duct:air_plumbing,air_plumbing,vacuum,"Smooth dirt duct, clean plenum, exhaust, evacuation seal and flex joint",1,45,75,115,material allowance; all air remains on bottom,,design_candidate,
vacuum_octo10,vac_bin_left:bin,bin,vacuum,"Removable U-shaped bin, gate, baffle and seals",1,130,195,280,145 cm3 PETG effective material plus hardware; 0.50 L usable design target,,design_candidate,
vacuum_octo10,filter_bay:filter,filter,air_common,Roborock S7/S8 filter and replaceable sealed adapter,1,35,55,85,installed allowance; exact filter dimension and resistance still unknown,https://us.roborock.com/products/roborock-washable-filter-x2-for-roborock-s7-series,order_category_reported,"141 x 76 x 20 mm is a maximum element allocation, not a measured filter dimension."
vacuum_octo10,blower_bay:blower,blower,air_common,WS7040-24-V200 blower and isolation pads,1,115,155,215,mass allowance; source provides dimensions/curve but no verified installed mass,https://global.bttwiki.com/Universal%20Turbo%20Kit.html,order_category_reported,
vacuum_octo10,blower_driver:blower_driver,blower_driver,air_common,WS2403DY01V04 and default-off interface,1,15,24,36,driver sheet 15 g plus connections; omit optional printer adapter,https://global.bttwiki.com/img/Turbo_Kit/Turbo_Kit_Driver1.webp,expected_in_ordered_kit,
vacuum_octo10,air_sensing:air_sensing,air_sensing,air_common,"Two 0–10 kPa differential sensor channels, protected pressure taps and fill sensor",1,22,38,58,"board/hose allowance; NXP MPX5010DP family reference, exact carrier TBD",,design_candidate,
vacuum_octo10,anti_tip_left:anti_tip,anti_tip,drive,"Front backup roller: 624-2RS bearing, printed hub, silicone O-ring, M4 shoulder hardware",1,12,18,28,"Assembly allowance; 20 mm outside diameter, normally 2 mm above floor",,design_candidate,"Backup pitch stop, not a load-bearing swivel caster. No claim of wet grip. Pin and inner-race spacer prevent bearing clamping."
vacuum_octo10,anti_tip_right:anti_tip,anti_tip,drive,"Front backup roller: 624-2RS bearing, printed hub, silicone O-ring, M4 shoulder hardware",1,12,18,28,"Assembly allowance; 20 mm outside diameter, normally 2 mm above floor",,design_candidate,"Backup pitch stop, not a load-bearing swivel caster. No claim of wet grip. Pin and inner-race spacer prevent bearing clamping."
vacuum_octo10,dock_logic_power:dock_logic_power,dock_logic_power,core,"Station logic-power input, 24 V to 5 V regulator, source OR and hold-up capacitors",1,25,45,75,"Installed 40 W logic supply/interface allocation, not selected hardware",,design_candidate,Station 24 V / 60 W protected input; reverse-blocking source selection keeps Pi/supervisor live during pack exchange. No full-system UPS promise.
vacuum_octo10,rotor_1:lift_motor,lift_motor,lift,Hobbywing RTF-3115 900KV motor,1,122,125,132,"manufacturer reference, 4–6S, HQ10x4.5x3 curve at 24 V",https://www.hobbywing.com/en/uploads/file/20251117/2a4a3f326d2bdede135f3e582b73eef3.pdf,design_candidate,
vacuum_octo10,rotor_1:lift_prop,lift_prop,lift,HQProp 10x4.5x3 purchased propeller,1,14,20,27,mass allowance; exact curve-matched CW/CCW propellers required,https://www.hobbywing.com/en/uploads/file/20251117/2a4a3f326d2bdede135f3e582b73eef3.pdf,design_candidate,
vacuum_octo10,rotor_1:lift_esc,lift_esc,lift,"One channel of matched 65 A 6S ESC hardware, local capacitors and mounts",1,20,32,50,per-channel installed allowance; two four-channel boards for octo; exact assembly thermal/power review pending,https://www.hobbywing.com/en/uploads/file/20251117/2a4a3f326d2bdede135f3e582b73eef3.pdf,design_candidate,
vacuum_octo10,guard_1:lift_guard,lift_guard,lift,One 284 mm guard with spaced upper/lower mesh and ribs,1,55,90,140,per-rotor material allowance; 5 mm mesh pitch/0.35 mm wire and 25 mm axial stand-off reference; no containment certification,,design_candidate,
vacuum_octo10,rotor_2:lift_motor,lift_motor,lift,Hobbywing RTF-3115 900KV motor,1,122,125,132,"manufacturer reference, 4–6S, HQ10x4.5x3 curve at 24 V",https://www.hobbywing.com/en/uploads/file/20251117/2a4a3f326d2bdede135f3e582b73eef3.pdf,design_candidate,
vacuum_octo10,rotor_2:lift_prop,lift_prop,lift,HQProp 10x4.5x3 purchased propeller,1,14,20,27,mass allowance; exact curve-matched CW/CCW propellers required,https://www.hobbywing.com/en/uploads/file/20251117/2a4a3f326d2bdede135f3e582b73eef3.pdf,design_candidate,
vacuum_octo10,rotor_2:lift_esc,lift_esc,lift,"One channel of matched 65 A 6S ESC hardware, local capacitors and mounts",1,20,32,50,per-channel installed allowance; two four-channel boards for octo; exact assembly thermal/power review pending,https://www.hobbywing.com/en/uploads/file/20251117/2a4a3f326d2bdede135f3e582b73eef3.pdf,design_candidate,
vacuum_octo10,guard_2:lift_guard,lift_guard,lift,One 284 mm guard with spaced upper/lower mesh and ribs,1,55,90,140,per-rotor material allowance; 5 mm mesh pitch/0.35 mm wire and 25 mm axial stand-off reference; no containment certification,,design_candidate,
vacuum_octo10,rotor_3:lift_motor,lift_motor,lift,Hobbywing RTF-3115 900KV motor,1,122,125,132,"manufacturer reference, 4–6S, HQ10x4.5x3 curve at 24 V",https://www.hobbywing.com/en/uploads/file/20251117/2a4a3f326d2bdede135f3e582b73eef3.pdf,design_candidate,
vacuum_octo10,rotor_3:lift_prop,lift_prop,lift,HQProp 10x4.5x3 purchased propeller,1,14,20,27,mass allowance; exact curve-matched CW/CCW propellers required,https://www.hobbywing.com/en/uploads/file/20251117/2a4a3f326d2bdede135f3e582b73eef3.pdf,design_candidate,
vacuum_octo10,rotor_3:lift_esc,lift_esc,lift,"One channel of matched 65 A 6S ESC hardware, local capacitors and mounts",1,20,32,50,per-channel installed allowance; two four-channel boards for octo; exact assembly thermal/power review pending,https://www.hobbywing.com/en/uploads/file/20251117/2a4a3f326d2bdede135f3e582b73eef3.pdf,design_candidate,
vacuum_octo10,guard_3:lift_guard,lift_guard,lift,One 284 mm guard with spaced upper/lower mesh and ribs,1,55,90,140,per-rotor material allowance; 5 mm mesh pitch/0.35 mm wire and 25 mm axial stand-off reference; no containment certification,,design_candidate,
vacuum_octo10,rotor_4:lift_motor,lift_motor,lift,Hobbywing RTF-3115 900KV motor,1,122,125,132,"manufacturer reference, 4–6S, HQ10x4.5x3 curve at 24 V",https://www.hobbywing.com/en/uploads/file/20251117/2a4a3f326d2bdede135f3e582b73eef3.pdf,design_candidate,
vacuum_octo10,rotor_4:lift_prop,lift_prop,lift,HQProp 10x4.5x3 purchased propeller,1,14,20,27,mass allowance; exact curve-matched CW/CCW propellers required,https://www.hobbywing.com/en/uploads/file/20251117/2a4a3f326d2bdede135f3e582b73eef3.pdf,design_candidate,
vacuum_octo10,rotor_4:lift_esc,lift_esc,lift,"One channel of matched 65 A 6S ESC hardware, local capacitors and mounts",1,20,32,50,per-channel installed allowance; two four-channel boards for octo; exact assembly thermal/power review pending,https://www.hobbywing.com/en/uploads/file/20251117/2a4a3f326d2bdede135f3e582b73eef3.pdf,design_candidate,
vacuum_octo10,guard_4:lift_guard,lift_guard,lift,One 284 mm guard with spaced upper/lower mesh and ribs,1,55,90,140,per-rotor material allowance; 5 mm mesh pitch/0.35 mm wire and 25 mm axial stand-off reference; no containment certification,,design_candidate,
vacuum_octo10,rotor_5:lift_motor,lift_motor,lift,Hobbywing RTF-3115 900KV motor,1,122,125,132,"manufacturer reference, 4–6S, HQ10x4.5x3 curve at 24 V",https://www.hobbywing.com/en/uploads/file/20251117/2a4a3f326d2bdede135f3e582b73eef3.pdf,design_candidate,
vacuum_octo10,rotor_5:lift_prop,lift_prop,lift,HQProp 10x4.5x3 purchased propeller,1,14,20,27,mass allowance; exact curve-matched CW/CCW propellers required,https://www.hobbywing.com/en/uploads/file/20251117/2a4a3f326d2bdede135f3e582b73eef3.pdf,design_candidate,
vacuum_octo10,rotor_5:lift_esc,lift_esc,lift,"One channel of matched 65 A 6S ESC hardware, local capacitors and mounts",1,20,32,50,per-channel installed allowance; two four-channel boards for octo; exact assembly thermal/power review pending,https://www.hobbywing.com/en/uploads/file/20251117/2a4a3f326d2bdede135f3e582b73eef3.pdf,design_candidate,
vacuum_octo10,guard_5:lift_guard,lift_guard,lift,One 284 mm guard with spaced upper/lower mesh and ribs,1,55,90,140,per-rotor material allowance; 5 mm mesh pitch/0.35 mm wire and 25 mm axial stand-off reference; no containment certification,,design_candidate,
vacuum_octo10,rotor_6:lift_motor,lift_motor,lift,Hobbywing RTF-3115 900KV motor,1,122,125,132,"manufacturer reference, 4–6S, HQ10x4.5x3 curve at 24 V",https://www.hobbywing.com/en/uploads/file/20251117/2a4a3f326d2bdede135f3e582b73eef3.pdf,design_candidate,
vacuum_octo10,rotor_6:lift_prop,lift_prop,lift,HQProp 10x4.5x3 purchased propeller,1,14,20,27,mass allowance; exact curve-matched CW/CCW propellers required,https://www.hobbywing.com/en/uploads/file/20251117/2a4a3f326d2bdede135f3e582b73eef3.pdf,design_candidate,
vacuum_octo10,rotor_6:lift_esc,lift_esc,lift,"One channel of matched 65 A 6S ESC hardware, local capacitors and mounts",1,20,32,50,per-channel installed allowance; two four-channel boards for octo; exact assembly thermal/power review pending,https://www.hobbywing.com/en/uploads/file/20251117/2a4a3f326d2bdede135f3e582b73eef3.pdf,design_candidate,
vacuum_octo10,guard_6:lift_guard,lift_guard,lift,One 284 mm guard with spaced upper/lower mesh and ribs,1,55,90,140,per-rotor material allowance; 5 mm mesh pitch/0.35 mm wire and 25 mm axial stand-off reference; no containment certification,,design_candidate,
vacuum_octo10,rotor_7:lift_motor,lift_motor,lift,Hobbywing RTF-3115 900KV motor,1,122,125,132,"manufacturer reference, 4–6S, HQ10x4.5x3 curve at 24 V",https://www.hobbywing.com/en/uploads/file/20251117/2a4a3f326d2bdede135f3e582b73eef3.pdf,design_candidate,
vacuum_octo10,rotor_7:lift_prop,lift_prop,lift,HQProp 10x4.5x3 purchased propeller,1,14,20,27,mass allowance; exact curve-matched CW/CCW propellers required,https://www.hobbywing.com/en/uploads/file/20251117/2a4a3f326d2bdede135f3e582b73eef3.pdf,design_candidate,
vacuum_octo10,rotor_7:lift_esc,lift_esc,lift,"One channel of matched 65 A 6S ESC hardware, local capacitors and mounts",1,20,32,50,per-channel installed allowance; two four-channel boards for octo; exact assembly thermal/power review pending,https://www.hobbywing.com/en/uploads/file/20251117/2a4a3f326d2bdede135f3e582b73eef3.pdf,design_candidate,
vacuum_octo10,guard_7:lift_guard,lift_guard,lift,One 284 mm guard with spaced upper/lower mesh and ribs,1,55,90,140,per-rotor material allowance; 5 mm mesh pitch/0.35 mm wire and 25 mm axial stand-off reference; no containment certification,,design_candidate,
vacuum_octo10,rotor_8:lift_motor,lift_motor,lift,Hobbywing RTF-3115 900KV motor,1,122,125,132,"manufacturer reference, 4–6S, HQ10x4.5x3 curve at 24 V",https://www.hobbywing.com/en/uploads/file/20251117/2a4a3f326d2bdede135f3e582b73eef3.pdf,design_candidate,
vacuum_octo10,rotor_8:lift_prop,lift_prop,lift,HQProp 10x4.5x3 purchased propeller,1,14,20,27,mass allowance; exact curve-matched CW/CCW propellers required,https://www.hobbywing.com/en/uploads/file/20251117/2a4a3f326d2bdede135f3e582b73eef3.pdf,design_candidate,
vacuum_octo10,rotor_8:lift_esc,lift_esc,lift,"One channel of matched 65 A 6S ESC hardware, local capacitors and mounts",1,20,32,50,per-channel installed allowance; two four-channel boards for octo; exact assembly thermal/power review pending,https://www.hobbywing.com/en/uploads/file/20251117/2a4a3f326d2bdede135f3e582b73eef3.pdf,design_candidate,
vacuum_octo10,guard_8:lift_guard,lift_guard,lift,One 284 mm guard with spaced upper/lower mesh and ribs,1,55,90,140,per-rotor material allowance; 5 mm mesh pitch/0.35 mm wire and 25 mm axial stand-off reference; no containment certification,,design_candidate,
vacuum_octo10,lift_structure:lift_structure,lift_structure,lift,"Carbon tubes, diagonal braces, hub frame and metal clamp joints",1.0,370.0,540.0,780.0,"stock/material allowance; 20/18 mm main tubes, 10/8 mm braces, no printed primary arm cantilever",,design_candidate,
vacuum_octo10,lift_joinery:lift_joinery,lift_joinery,lift,"Top-side locks, brackets, fasteners and station pickup features",1,80,120,180,material/hardware allowance; four positive locks and metal load spreaders,,design_candidate,
vacuum_octo10,lift_harness:lift_harness,lift_harness,lift,"High-current trunk/branches, connectors, sensing and distribution",1,280,430,650,route allowance; includes main contacts and two fore/aft feeds; battery-side protection stays in core,,design_candidate,
vacuum_octo10,flight_controller:flight_controller,flight_controller,lift,Holybro Pixhawk 6C Mini current Model A and vibration mount,1,42.4,53,70,catalog 42.4 g plus mount,https://docs.holybro.com/autopilot/pixhawk-6c-mini/technical-specification,design_candidate,
vacuum_octo10,flight_power:flight_power,flight_power,lift,"Independent flight-controller regulator, current interface and hold-up",1,30,50,85,assembly allowance; flight electronics remain live during floor-tool shutdown,,design_candidate,
vacuum_octo10,flight_sensors:flight_sensors,flight_sensors,lift,"Downward range, four sector range boards, mounts and link interfaces",1,45,75,115,sensor/mount allowance; stereo cameras budgeted separately; not complete collision coverage by specification alone,,design_candidate,
vacuum_octo10,flight_io:flight_io,flight_io,lift,"Local status, logging, independent disarm/maintenance inputs and harness",1,20,35,60,electronics allowance,,design_candidate,
vacuum_octo10,depth_camera:depth_camera,depth_camera,lift,OAK-D S2 USB stereo camera and bracket,2,182,212,250,manufacturer drawing and 91 g reference plus mount/cable allowance,https://cdn.robotshop.com/media/l/lux/rb-lux-16/pdf/luxonis-oak-d-s2-camera-auto-focus-datasheet.pdf,design_candidate,
vacuum_octo10,battery,design_6s,battery,6S / 5.2 Ah comparison,1,700,753,820,Listed pack reference; no protection or harness double-counted,https://www.amazon.com/dp/B0BNDHPBBX,comparison_not_ordered,
vacuum_octo10,payload,payload,payload,"0.50 L usable bin target; 150 g design debris load, 300 g stress case; mass checked at dock before lift.",1,150,150,300,Bounded design contents,Owner task / design allowance,consumable_load,
mop_quad10,core_power:logic_buck,logic_buck,core,"5 V regulator and carrier, 40 W design allocation",1,15,25,45,assembly allowance; D42V110F5 family reference; exact variant and thermal review required,https://www.pololu.com/product/5671/specs,design_candidate,
mop_quad10,core_power:motor_buck,motor_buck,core,D42V110F12 regulator and mounting,1,15,24,36,catalog bare 15 g plus installed allowance,https://www.pololu.com/product/5677/specs,design_candidate,
mop_quad10,core_power:regen_clamp,regen_clamp,core,"12 V braking clamp, reverse blocking, resistor and bulk capacitors",1,22,40,70,"custom circuit allowance; 15 V comparator threshold, 10 ohm 25 W resistor, 2200 uF/25 V reference",https://resources.basicmicro.com/manual/roboclaw/operational-requirements/,design_candidate,
mop_quad10,core_power:tool_converter,tool_converter,core,Cincon CHB100W-24S24 plus HBT127/PH01 cooling and carrier,1,155,190,245,"catalog 95+50.4+1.9 g plus fan, carrier and mounting; comparison regulator for 6S case",https://www.cincon.com/productdownload/Datasheet-CHB100W.pdf,design_candidate,
mop_quad10,pi_bay:pi,pi,core,"Raspberry Pi 5, active cooler and microSD",1,65,82,105,installed allowance; owned board available; processing power is a workload estimate,https://www.raspberrypi.com/products/raspberry-pi-5/,owned_board_candidate,
mop_quad10,front_camera:depth_camera,depth_camera,core,OAK-D S2 USB stereo camera and bracket,1,91,106,125,manufacturer drawing and 91 g reference plus mount/cable allowance,https://cdn.robotshop.com/media/l/lux/rb-lux-16/pdf/luxonis-oak-d-s2-camera-auto-focus-datasheet.pdf,design_candidate,
mop_quad10,core_mcu_bay:core_mcu,core_mcu,core,ESP32-DevKitC plus CAN transceiver and hardware watchdog,1,12,20,30,board plus interface allowance,https://documentation.espressif.com/esp-dev-kits/en/latest/esp32/esp32-devkitc/user_guide.html,design_candidate,
mop_quad10,battery_bay:battery_cartridge,battery_cartridge,core,"Removable cartridge shell, cell monitor/ID/temperature, fuse and recessed contacts",1,85,140,220,"Installed allowance: 65 g shell/restraint, 35 g monitor/ID, 40 g fuse/contacts/wiring nominal; excludes bare cell pack and fixed core receiver",https://www.ti.com/product/BQ76952,design_candidate,Carried once; the same 140 g nominal tare accompanies every stored pack. Main switched discharge stage stays in core. Packaging and flight current are unqualified.
mop_quad10,battery_bay:battery_receiver,battery_receiver,core,"Fixed battery guide, positive latch, presence switches and floating contact support",1,30,50,85,Additional automatic-exchange receiver allowance; passive latch retained without power,,design_candidate,Mass excludes cartridge-side hardware; station actuator releases latch only after mechanical support.
mop_quad10,pack_protection:core_monitor,core_monitor,core,"Core switched discharge bus, current shunt, precharge and protection power stage",1,45,80,140,custom PCB assembly allowance; reference IC is not a complete high-current BMS,,design_candidate,Cell monitor/temperature sensing travels in battery cartridge and commands this fixed high-current stage. 150 A continuous / 320 A short allocation remains unqualified; custom circuitry required.
mop_quad10,lidar:lidar,lidar,core,Core-fixed SLAMTEC RPLIDAR A1,1,160,170,185,manufacturer family reference; owned revision not measured,https://www.slamtec.com/cn/lidar/a1spec,owned_candidate,
mop_quad10,core_misc:core_prints,core_prints,core,"Core PETG ribs, equipment trays and ducts",1,110,160,225,material allowance: 126 cm3 effective PETG at 1.27 g/cm3; not slicer output,,design_candidate,
mop_quad10,core_misc:core_metal,core_metal,core,"Two open aluminum perimeter frames, spacers and load spreaders",1,110,145,190,calculated stock allowance: two 270/250 mm square 2 mm rings = 112.3 g; spacers/spreaders added,,design_candidate,
mop_quad10,core_misc:core_locks,core_locks,core,"Eight core-side captive sliding locks, seats, springs and detection",1,90,130,185,"mechanism allowance; four top and four bottom, station-actuated",,design_candidate,
mop_quad10,core_misc:core_harness,core_harness,core,"Core wiring, connector halves, fuse, charge and service access",1,85,125,190,route allowance; includes floor harness and short high-current trunk; excludes lift-side wiring,,design_candidate,Fixed core distribution only; cartridge contacts/receiver and auxiliary dock-power hardware are budgeted separately.
mop_quad10,core_misc:core_near,core_near,core,"Six near-field ToF boards, windows and core IMU allowance",1,20,32,50,sensor plus harness/mount allowance; no all-surface detection guarantee,https://www.st.com/en/imaging-and-photonics-solutions/vl53l1X,design_candidate,
mop_quad10,core_misc:status,status,core,"Stop switch, buzzer, status LEDs and guard contacts",1,8,15,25,small hardware allowance,,design_candidate,
mop_quad10,wheel_left:drive_wheel,drive_wheel,drive,goBILDA Hogback 72 x 24 mm silicone wheel,1,52,55,59,manufacturer reference,https://www.gobilda.com/hogback-traction-wheel-72mm-diameter-50a-durometer/,design_candidate,
mop_quad10,wheel_left:wheel_hub,wheel_hub,drive,goBILDA Sonic 4 mm hub plus four wheel screws,1,12,17,23,installed allowance; shaft engagement 8.5 mm with 8 mm hub,https://www.gobilda.com/1309-series-sonic-hub-4mm-bore/,design_candidate,
mop_quad10,pod_left:drive_motor,drive_motor,drive,Pololu 4846 75:1 12 V encoder motor,1,99,104,110,catalog reference and modest assembly variation,https://www.pololu.com/product/4846/specs,two_ordered_for_first_bottom,
mop_quad10,pod_left:pod,pod,drive,"Trailing pod, metal motor plate, M4 pivot, bushings, spring and stops",1,42,62,90,per-wheel material/hardware allowance: 28 cm3 PETG plus 26 g stock and fasteners,,design_candidate,
mop_quad10,wheel_right:drive_wheel,drive_wheel,drive,goBILDA Hogback 72 x 24 mm silicone wheel,1,52,55,59,manufacturer reference,https://www.gobilda.com/hogback-traction-wheel-72mm-diameter-50a-durometer/,design_candidate,
mop_quad10,wheel_right:wheel_hub,wheel_hub,drive,goBILDA Sonic 4 mm hub plus four wheel screws,1,12,17,23,installed allowance; shaft engagement 8.5 mm with 8 mm hub,https://www.gobilda.com/1309-series-sonic-hub-4mm-bore/,design_candidate,
mop_quad10,pod_right:drive_motor,drive_motor,drive,Pololu 4846 75:1 12 V encoder motor,1,99,104,110,catalog reference and modest assembly variation,https://www.pololu.com/product/4846/specs,two_ordered_for_first_bottom,
mop_quad10,pod_right:pod,pod,drive,"Trailing pod, metal motor plate, M4 pivot, bushings, spring and stops",1,42,62,90,per-wheel material/hardware allowance: 28 cm3 PETG plus 26 g stock and fasteners,,design_candidate,
mop_quad10,drive_control:roboclaw,roboclaw,drive,RoboClaw IMC404 with standoffs,1,18,24,33,catalog board 18 g plus mounts,https://www.basicmicro.com/RoboClaw-2x7A-Motor-Controller_p_55.html,one_ordered_for_first_bottom,
mop_quad10,drive_control:bottom_mcu,bottom_mcu,drive,"ESP32 bottom controller, CAN, I2C mux and interlocks",1,18,28,42,installed electronics allowance,https://documentation.espressif.com/esp-dev-kits/en/latest/esp32/esp32-devkitc/user_guide.html,design_candidate,
mop_quad10,drive_misc:bottom_frame,bottom_frame,drive,"Bottom PETG skeleton, aluminum rails and module-side studs",1,160,225,305,"120 cm3 PETG plus 73 g rails/studs; contains no motors, pods, bumper or tool shell",,design_candidate,
mop_quad10,drive_misc:bottom_bumper,bottom_bumper,drive,"Segmented bumper, six switches, skirt and compliant mounts",1,35,55,80,material/hardware allowance,,design_candidate,
mop_quad10,drive_misc:floor_sensors,floor_sensors,drive,"Six cliff ToF sensors, two wheel-drop switches and windows",1,22,36,55,assembled allowance; separate from core obstacle sensing,https://www.st.com/en/imaging-and-photonics-solutions/vl53l1X,design_candidate,
mop_quad10,drive_misc:bottom_harness,bottom_harness,drive,"Bottom harness, connector half and branch protection",1,40,65,95,"route allowance; includes encoder leads, sensor wiring and short tool cables",,design_candidate,
mop_quad10,caster:caster,caster,drive,"TENTE Linea load 5940UAP050L51-8, stem and mounting plate",1,90,112,145,"catalog caster 90 g, 50.5 mm height and 40.5 mm sweep radius; installed stem/plate added",https://www.tente.com/en-ca/swivel-castor-50-mm/5940uap050l51-8-load-9011,design_candidate,"Twin polyurethane wheels, 92 Shore A and thread guards. Not a 50A soft drive tire; source availability and retained stem still need checking."
mop_quad10,mop_pad:mop_pad,mop_pad,mop,"230 x 32 mm microfiber pad, floating carrier and leaf springs",1,70,105,150,"material/textile allowance; 8 N normal-force design point, 3 mm peak-to-peak oscillation",,design_candidate,
mop_quad10,mop_drive:roller_motor,roller_motor,mop,Pololu 4842 9.7:1 12 V encoder gearmotor,1,90,95,101,catalog reference,https://www.pololu.com/product/4842/specs,design_candidate,
mop_quad10,mop_drive:mop_crank,mop_crank,mop,"Eccentric, counterweight, rod ends and two guided flexures",1,25,45,75,"material/mechanism allowance; 15 Hz at 900 RPM, not an OEM mop performance claim",,design_candidate,
mop_quad10,mop_drive:tool_stage,tool_stage,mop,"TB9051FTG carrier, header and thermal mounting",1,3.1,7,13,catalog bare carrier 3.1 g plus installed allowance,https://www.pololu.com/product/2997/specs,design_candidate,
mop_quad10,mop_lift:pad_lift,pad_lift,mop,"Actuonix PQ12-R 100:1 6 V, 6 V supply, links and end switches",1,45,62,88,"19 g catalog actuator plus regulator, links, mount, switches and wire allowance; 12 mm lift from 20 mm stroke",https://www.actuonix.com/pq12-100-6-r,design_candidate,
mop_quad10,mop_tank:water_tank,water_tank,mop,"350 mL clean-water tank, baffles, cap and contained leak tray",1,75,115,175,90 cm3 PETG/liner allowance; printed shell needs a verified liner or leak-tight process,,design_candidate,
mop_quad10,mop_pump:pump,pump,mop,Adafruit 1150 12 V peristaltic dosing pump,1,190,200,215,catalog reference; 200–300 mA while running and up to 100 mL/min,https://www.adafruit.com/product/1150,design_candidate,
mop_quad10,mop_wet_io:wet_plumbing,wet_plumbing,mop,"Tubing, drip manifold, dock fill seal, two check valves, shutoff and leak sensing",1,40,70,105,installed fluid hardware allowance; no dirty-water tank carried,,design_candidate,
mop_quad10,mop_wet_io:wet_control,wet_control,mop,"Pump MOSFET, position interface, supply and protection",1,12,22,35,PCB and connectors allowance,,design_candidate,
mop_quad10,anti_tip_left:anti_tip,anti_tip,drive,"Front backup roller: 624-2RS bearing, printed hub, silicone O-ring, M4 shoulder hardware",1,12,18,28,"Assembly allowance; 20 mm outside diameter, normally 2 mm above floor",,design_candidate,"Backup pitch stop, not a load-bearing swivel caster. No claim of wet grip. Pin and inner-race spacer prevent bearing clamping."
mop_quad10,anti_tip_right:anti_tip,anti_tip,drive,"Front backup roller: 624-2RS bearing, printed hub, silicone O-ring, M4 shoulder hardware",1,12,18,28,"Assembly allowance; 20 mm outside diameter, normally 2 mm above floor",,design_candidate,"Backup pitch stop, not a load-bearing swivel caster. No claim of wet grip. Pin and inner-race spacer prevent bearing clamping."
mop_quad10,dock_logic_power:dock_logic_power,dock_logic_power,core,"Station logic-power input, 24 V to 5 V regulator, source OR and hold-up capacitors",1,25,45,75,"Installed 40 W logic supply/interface allocation, not selected hardware",,design_candidate,Station 24 V / 60 W protected input; reverse-blocking source selection keeps Pi/supervisor live during pack exchange. No full-system UPS promise.
mop_quad10,rotor_1:lift_motor,lift_motor,lift,Hobbywing RTF-3115 900KV motor,1,122,125,132,"manufacturer reference, 4–6S, HQ10x4.5x3 curve at 24 V",https://www.hobbywing.com/en/uploads/file/20251117/2a4a3f326d2bdede135f3e582b73eef3.pdf,design_candidate,
mop_quad10,rotor_1:lift_prop,lift_prop,lift,HQProp 10x4.5x3 purchased propeller,1,14,20,27,mass allowance; exact curve-matched CW/CCW propellers required,https://www.hobbywing.com/en/uploads/file/20251117/2a4a3f326d2bdede135f3e582b73eef3.pdf,design_candidate,
mop_quad10,rotor_1:lift_esc,lift_esc,lift,"One channel of matched 65 A 6S ESC hardware, local capacitors and mounts",1,20,32,50,per-channel installed allowance; two four-channel boards for octo; exact assembly thermal/power review pending,https://www.hobbywing.com/en/uploads/file/20251117/2a4a3f326d2bdede135f3e582b73eef3.pdf,design_candidate,
mop_quad10,guard_1:lift_guard,lift_guard,lift,One 284 mm guard with spaced upper/lower mesh and ribs,1,55,90,140,per-rotor material allowance; 5 mm mesh pitch/0.35 mm wire and 25 mm axial stand-off reference; no containment certification,,design_candidate,
mop_quad10,rotor_2:lift_motor,lift_motor,lift,Hobbywing RTF-3115 900KV motor,1,122,125,132,"manufacturer reference, 4–6S, HQ10x4.5x3 curve at 24 V",https://www.hobbywing.com/en/uploads/file/20251117/2a4a3f326d2bdede135f3e582b73eef3.pdf,design_candidate,
mop_quad10,rotor_2:lift_prop,lift_prop,lift,HQProp 10x4.5x3 purchased propeller,1,14,20,27,mass allowance; exact curve-matched CW/CCW propellers required,https://www.hobbywing.com/en/uploads/file/20251117/2a4a3f326d2bdede135f3e582b73eef3.pdf,design_candidate,
mop_quad10,rotor_2:lift_esc,lift_esc,lift,"One channel of matched 65 A 6S ESC hardware, local capacitors and mounts",1,20,32,50,per-channel installed allowance; two four-channel boards for octo; exact assembly thermal/power review pending,https://www.hobbywing.com/en/uploads/file/20251117/2a4a3f326d2bdede135f3e582b73eef3.pdf,design_candidate,
mop_quad10,guard_2:lift_guard,lift_guard,lift,One 284 mm guard with spaced upper/lower mesh and ribs,1,55,90,140,per-rotor material allowance; 5 mm mesh pitch/0.35 mm wire and 25 mm axial stand-off reference; no containment certification,,design_candidate,
mop_quad10,rotor_3:lift_motor,lift_motor,lift,Hobbywing RTF-3115 900KV motor,1,122,125,132,"manufacturer reference, 4–6S, HQ10x4.5x3 curve at 24 V",https://www.hobbywing.com/en/uploads/file/20251117/2a4a3f326d2bdede135f3e582b73eef3.pdf,design_candidate,
mop_quad10,rotor_3:lift_prop,lift_prop,lift,HQProp 10x4.5x3 purchased propeller,1,14,20,27,mass allowance; exact curve-matched CW/CCW propellers required,https://www.hobbywing.com/en/uploads/file/20251117/2a4a3f326d2bdede135f3e582b73eef3.pdf,design_candidate,
mop_quad10,rotor_3:lift_esc,lift_esc,lift,"One channel of matched 65 A 6S ESC hardware, local capacitors and mounts",1,20,32,50,per-channel installed allowance; two four-channel boards for octo; exact assembly thermal/power review pending,https://www.hobbywing.com/en/uploads/file/20251117/2a4a3f326d2bdede135f3e582b73eef3.pdf,design_candidate,
mop_quad10,guard_3:lift_guard,lift_guard,lift,One 284 mm guard with spaced upper/lower mesh and ribs,1,55,90,140,per-rotor material allowance; 5 mm mesh pitch/0.35 mm wire and 25 mm axial stand-off reference; no containment certification,,design_candidate,
mop_quad10,rotor_4:lift_motor,lift_motor,lift,Hobbywing RTF-3115 900KV motor,1,122,125,132,"manufacturer reference, 4–6S, HQ10x4.5x3 curve at 24 V",https://www.hobbywing.com/en/uploads/file/20251117/2a4a3f326d2bdede135f3e582b73eef3.pdf,design_candidate,
mop_quad10,rotor_4:lift_prop,lift_prop,lift,HQProp 10x4.5x3 purchased propeller,1,14,20,27,mass allowance; exact curve-matched CW/CCW propellers required,https://www.hobbywing.com/en/uploads/file/20251117/2a4a3f326d2bdede135f3e582b73eef3.pdf,design_candidate,
mop_quad10,rotor_4:lift_esc,lift_esc,lift,"One channel of matched 65 A 6S ESC hardware, local capacitors and mounts",1,20,32,50,per-channel installed allowance; two four-channel boards for octo; exact assembly thermal/power review pending,https://www.hobbywing.com/en/uploads/file/20251117/2a4a3f326d2bdede135f3e582b73eef3.pdf,design_candidate,
mop_quad10,guard_4:lift_guard,lift_guard,lift,One 284 mm guard with spaced upper/lower mesh and ribs,1,55,90,140,per-rotor material allowance; 5 mm mesh pitch/0.35 mm wire and 25 mm axial stand-off reference; no containment certification,,design_candidate,
mop_quad10,lift_structure:lift_structure,lift_structure,lift,"Carbon tubes, diagonal braces, hub frame and metal clamp joints",0.7,259.0,378.0,546.0,"stock/material allowance; 20/18 mm main tubes, 10/8 mm braces, no printed primary arm cantilever",,design_candidate,
mop_quad10,lift_joinery:lift_joinery,lift_joinery,lift,"Top-side locks, brackets, fasteners and station pickup features",1,80,120,180,material/hardware allowance; four positive locks and metal load spreaders,,design_candidate,
mop_quad10,lift_harness:lift_harness,lift_harness,lift,"High-current trunk/branches, connectors, sensing and distribution",1,280,430,650,route allowance; includes main contacts and two fore/aft feeds; battery-side protection stays in core,,design_candidate,
mop_quad10,flight_controller:flight_controller,flight_controller,lift,Holybro Pixhawk 6C Mini current Model A and vibration mount,1,42.4,53,70,catalog 42.4 g plus mount,https://docs.holybro.com/autopilot/pixhawk-6c-mini/technical-specification,design_candidate,
mop_quad10,flight_power:flight_power,flight_power,lift,"Independent flight-controller regulator, current interface and hold-up",1,30,50,85,assembly allowance; flight electronics remain live during floor-tool shutdown,,design_candidate,
mop_quad10,flight_sensors:flight_sensors,flight_sensors,lift,"Downward range, four sector range boards, mounts and link interfaces",1,45,75,115,sensor/mount allowance; stereo cameras budgeted separately; not complete collision coverage by specification alone,,design_candidate,
mop_quad10,flight_io:flight_io,flight_io,lift,"Local status, logging, independent disarm/maintenance inputs and harness",1,20,35,60,electronics allowance,,design_candidate,
mop_quad10,depth_camera:depth_camera,depth_camera,lift,OAK-D S2 USB stereo camera and bracket,2,182,212,250,manufacturer drawing and 91 g reference plus mount/cable allowance,https://cdn.robotshop.com/media/l/lux/rb-lux-16/pdf/luxonis-oak-d-s2-camera-auto-focus-datasheet.pdf,design_candidate,
mop_quad10,battery,design_6s,battery,6S / 5.2 Ah comparison,1,700,753,820,Listed pack reference; no protection or harness double-counted,https://www.amazon.com/dp/B0BNDHPBBX,comparison_not_ordered,
mop_quad10,payload,payload,payload,350 mL clean water plus 50 g pad water; high case allows 100 g wet pad. Dirty water stays in station.,1,400,400,450,Bounded design contents,Owner task / design allowance,consumable_load,
mop_hex10,core_power:logic_buck,logic_buck,core,"5 V regulator and carrier, 40 W design allocation",1,15,25,45,assembly allowance; D42V110F5 family reference; exact variant and thermal review required,https://www.pololu.com/product/5671/specs,design_candidate,
mop_hex10,core_power:motor_buck,motor_buck,core,D42V110F12 regulator and mounting,1,15,24,36,catalog bare 15 g plus installed allowance,https://www.pololu.com/product/5677/specs,design_candidate,
mop_hex10,core_power:regen_clamp,regen_clamp,core,"12 V braking clamp, reverse blocking, resistor and bulk capacitors",1,22,40,70,"custom circuit allowance; 15 V comparator threshold, 10 ohm 25 W resistor, 2200 uF/25 V reference",https://resources.basicmicro.com/manual/roboclaw/operational-requirements/,design_candidate,
mop_hex10,core_power:tool_converter,tool_converter,core,Cincon CHB100W-24S24 plus HBT127/PH01 cooling and carrier,1,155,190,245,"catalog 95+50.4+1.9 g plus fan, carrier and mounting; comparison regulator for 6S case",https://www.cincon.com/productdownload/Datasheet-CHB100W.pdf,design_candidate,
mop_hex10,pi_bay:pi,pi,core,"Raspberry Pi 5, active cooler and microSD",1,65,82,105,installed allowance; owned board available; processing power is a workload estimate,https://www.raspberrypi.com/products/raspberry-pi-5/,owned_board_candidate,
mop_hex10,front_camera:depth_camera,depth_camera,core,OAK-D S2 USB stereo camera and bracket,1,91,106,125,manufacturer drawing and 91 g reference plus mount/cable allowance,https://cdn.robotshop.com/media/l/lux/rb-lux-16/pdf/luxonis-oak-d-s2-camera-auto-focus-datasheet.pdf,design_candidate,
mop_hex10,core_mcu_bay:core_mcu,core_mcu,core,ESP32-DevKitC plus CAN transceiver and hardware watchdog,1,12,20,30,board plus interface allowance,https://documentation.espressif.com/esp-dev-kits/en/latest/esp32/esp32-devkitc/user_guide.html,design_candidate,
mop_hex10,battery_bay:battery_cartridge,battery_cartridge,core,"Removable cartridge shell, cell monitor/ID/temperature, fuse and recessed contacts",1,85,140,220,"Installed allowance: 65 g shell/restraint, 35 g monitor/ID, 40 g fuse/contacts/wiring nominal; excludes bare cell pack and fixed core receiver",https://www.ti.com/product/BQ76952,design_candidate,Carried once; the same 140 g nominal tare accompanies every stored pack. Main switched discharge stage stays in core. Packaging and flight current are unqualified.
mop_hex10,battery_bay:battery_receiver,battery_receiver,core,"Fixed battery guide, positive latch, presence switches and floating contact support",1,30,50,85,Additional automatic-exchange receiver allowance; passive latch retained without power,,design_candidate,Mass excludes cartridge-side hardware; station actuator releases latch only after mechanical support.
mop_hex10,pack_protection:core_monitor,core_monitor,core,"Core switched discharge bus, current shunt, precharge and protection power stage",1,45,80,140,custom PCB assembly allowance; reference IC is not a complete high-current BMS,,design_candidate,Cell monitor/temperature sensing travels in battery cartridge and commands this fixed high-current stage. 150 A continuous / 320 A short allocation remains unqualified; custom circuitry required.
mop_hex10,lidar:lidar,lidar,core,Core-fixed SLAMTEC RPLIDAR A1,1,160,170,185,manufacturer family reference; owned revision not measured,https://www.slamtec.com/cn/lidar/a1spec,owned_candidate,
mop_hex10,core_misc:core_prints,core_prints,core,"Core PETG ribs, equipment trays and ducts",1,110,160,225,material allowance: 126 cm3 effective PETG at 1.27 g/cm3; not slicer output,,design_candidate,
mop_hex10,core_misc:core_metal,core_metal,core,"Two open aluminum perimeter frames, spacers and load spreaders",1,110,145,190,calculated stock allowance: two 270/250 mm square 2 mm rings = 112.3 g; spacers/spreaders added,,design_candidate,
mop_hex10,core_misc:core_locks,core_locks,core,"Eight core-side captive sliding locks, seats, springs and detection",1,90,130,185,"mechanism allowance; four top and four bottom, station-actuated",,design_candidate,
mop_hex10,core_misc:core_harness,core_harness,core,"Core wiring, connector halves, fuse, charge and service access",1,85,125,190,route allowance; includes floor harness and short high-current trunk; excludes lift-side wiring,,design_candidate,Fixed core distribution only; cartridge contacts/receiver and auxiliary dock-power hardware are budgeted separately.
mop_hex10,core_misc:core_near,core_near,core,"Six near-field ToF boards, windows and core IMU allowance",1,20,32,50,sensor plus harness/mount allowance; no all-surface detection guarantee,https://www.st.com/en/imaging-and-photonics-solutions/vl53l1X,design_candidate,
mop_hex10,core_misc:status,status,core,"Stop switch, buzzer, status LEDs and guard contacts",1,8,15,25,small hardware allowance,,design_candidate,
mop_hex10,wheel_left:drive_wheel,drive_wheel,drive,goBILDA Hogback 72 x 24 mm silicone wheel,1,52,55,59,manufacturer reference,https://www.gobilda.com/hogback-traction-wheel-72mm-diameter-50a-durometer/,design_candidate,
mop_hex10,wheel_left:wheel_hub,wheel_hub,drive,goBILDA Sonic 4 mm hub plus four wheel screws,1,12,17,23,installed allowance; shaft engagement 8.5 mm with 8 mm hub,https://www.gobilda.com/1309-series-sonic-hub-4mm-bore/,design_candidate,
mop_hex10,pod_left:drive_motor,drive_motor,drive,Pololu 4846 75:1 12 V encoder motor,1,99,104,110,catalog reference and modest assembly variation,https://www.pololu.com/product/4846/specs,two_ordered_for_first_bottom,
mop_hex10,pod_left:pod,pod,drive,"Trailing pod, metal motor plate, M4 pivot, bushings, spring and stops",1,42,62,90,per-wheel material/hardware allowance: 28 cm3 PETG plus 26 g stock and fasteners,,design_candidate,
mop_hex10,wheel_right:drive_wheel,drive_wheel,drive,goBILDA Hogback 72 x 24 mm silicone wheel,1,52,55,59,manufacturer reference,https://www.gobilda.com/hogback-traction-wheel-72mm-diameter-50a-durometer/,design_candidate,
mop_hex10,wheel_right:wheel_hub,wheel_hub,drive,goBILDA Sonic 4 mm hub plus four wheel screws,1,12,17,23,installed allowance; shaft engagement 8.5 mm with 8 mm hub,https://www.gobilda.com/1309-series-sonic-hub-4mm-bore/,design_candidate,
mop_hex10,pod_right:drive_motor,drive_motor,drive,Pololu 4846 75:1 12 V encoder motor,1,99,104,110,catalog reference and modest assembly variation,https://www.pololu.com/product/4846/specs,two_ordered_for_first_bottom,
mop_hex10,pod_right:pod,pod,drive,"Trailing pod, metal motor plate, M4 pivot, bushings, spring and stops",1,42,62,90,per-wheel material/hardware allowance: 28 cm3 PETG plus 26 g stock and fasteners,,design_candidate,
mop_hex10,drive_control:roboclaw,roboclaw,drive,RoboClaw IMC404 with standoffs,1,18,24,33,catalog board 18 g plus mounts,https://www.basicmicro.com/RoboClaw-2x7A-Motor-Controller_p_55.html,one_ordered_for_first_bottom,
mop_hex10,drive_control:bottom_mcu,bottom_mcu,drive,"ESP32 bottom controller, CAN, I2C mux and interlocks",1,18,28,42,installed electronics allowance,https://documentation.espressif.com/esp-dev-kits/en/latest/esp32/esp32-devkitc/user_guide.html,design_candidate,
mop_hex10,drive_misc:bottom_frame,bottom_frame,drive,"Bottom PETG skeleton, aluminum rails and module-side studs",1,160,225,305,"120 cm3 PETG plus 73 g rails/studs; contains no motors, pods, bumper or tool shell",,design_candidate,
mop_hex10,drive_misc:bottom_bumper,bottom_bumper,drive,"Segmented bumper, six switches, skirt and compliant mounts",1,35,55,80,material/hardware allowance,,design_candidate,
mop_hex10,drive_misc:floor_sensors,floor_sensors,drive,"Six cliff ToF sensors, two wheel-drop switches and windows",1,22,36,55,assembled allowance; separate from core obstacle sensing,https://www.st.com/en/imaging-and-photonics-solutions/vl53l1X,design_candidate,
mop_hex10,drive_misc:bottom_harness,bottom_harness,drive,"Bottom harness, connector half and branch protection",1,40,65,95,"route allowance; includes encoder leads, sensor wiring and short tool cables",,design_candidate,
mop_hex10,caster:caster,caster,drive,"TENTE Linea load 5940UAP050L51-8, stem and mounting plate",1,90,112,145,"catalog caster 90 g, 50.5 mm height and 40.5 mm sweep radius; installed stem/plate added",https://www.tente.com/en-ca/swivel-castor-50-mm/5940uap050l51-8-load-9011,design_candidate,"Twin polyurethane wheels, 92 Shore A and thread guards. Not a 50A soft drive tire; source availability and retained stem still need checking."
mop_hex10,mop_pad:mop_pad,mop_pad,mop,"230 x 32 mm microfiber pad, floating carrier and leaf springs",1,70,105,150,"material/textile allowance; 8 N normal-force design point, 3 mm peak-to-peak oscillation",,design_candidate,
mop_hex10,mop_drive:roller_motor,roller_motor,mop,Pololu 4842 9.7:1 12 V encoder gearmotor,1,90,95,101,catalog reference,https://www.pololu.com/product/4842/specs,design_candidate,
mop_hex10,mop_drive:mop_crank,mop_crank,mop,"Eccentric, counterweight, rod ends and two guided flexures",1,25,45,75,"material/mechanism allowance; 15 Hz at 900 RPM, not an OEM mop performance claim",,design_candidate,
mop_hex10,mop_drive:tool_stage,tool_stage,mop,"TB9051FTG carrier, header and thermal mounting",1,3.1,7,13,catalog bare carrier 3.1 g plus installed allowance,https://www.pololu.com/product/2997/specs,design_candidate,
mop_hex10,mop_lift:pad_lift,pad_lift,mop,"Actuonix PQ12-R 100:1 6 V, 6 V supply, links and end switches",1,45,62,88,"19 g catalog actuator plus regulator, links, mount, switches and wire allowance; 12 mm lift from 20 mm stroke",https://www.actuonix.com/pq12-100-6-r,design_candidate,
mop_hex10,mop_tank:water_tank,water_tank,mop,"350 mL clean-water tank, baffles, cap and contained leak tray",1,75,115,175,90 cm3 PETG/liner allowance; printed shell needs a verified liner or leak-tight process,,design_candidate,
mop_hex10,mop_pump:pump,pump,mop,Adafruit 1150 12 V peristaltic dosing pump,1,190,200,215,catalog reference; 200–300 mA while running and up to 100 mL/min,https://www.adafruit.com/product/1150,design_candidate,
mop_hex10,mop_wet_io:wet_plumbing,wet_plumbing,mop,"Tubing, drip manifold, dock fill seal, two check valves, shutoff and leak sensing",1,40,70,105,installed fluid hardware allowance; no dirty-water tank carried,,design_candidate,
mop_hex10,mop_wet_io:wet_control,wet_control,mop,"Pump MOSFET, position interface, supply and protection",1,12,22,35,PCB and connectors allowance,,design_candidate,
mop_hex10,anti_tip_left:anti_tip,anti_tip,drive,"Front backup roller: 624-2RS bearing, printed hub, silicone O-ring, M4 shoulder hardware",1,12,18,28,"Assembly allowance; 20 mm outside diameter, normally 2 mm above floor",,design_candidate,"Backup pitch stop, not a load-bearing swivel caster. No claim of wet grip. Pin and inner-race spacer prevent bearing clamping."
mop_hex10,anti_tip_right:anti_tip,anti_tip,drive,"Front backup roller: 624-2RS bearing, printed hub, silicone O-ring, M4 shoulder hardware",1,12,18,28,"Assembly allowance; 20 mm outside diameter, normally 2 mm above floor",,design_candidate,"Backup pitch stop, not a load-bearing swivel caster. No claim of wet grip. Pin and inner-race spacer prevent bearing clamping."
mop_hex10,dock_logic_power:dock_logic_power,dock_logic_power,core,"Station logic-power input, 24 V to 5 V regulator, source OR and hold-up capacitors",1,25,45,75,"Installed 40 W logic supply/interface allocation, not selected hardware",,design_candidate,Station 24 V / 60 W protected input; reverse-blocking source selection keeps Pi/supervisor live during pack exchange. No full-system UPS promise.
mop_hex10,rotor_1:lift_motor,lift_motor,lift,Hobbywing RTF-3115 900KV motor,1,122,125,132,"manufacturer reference, 4–6S, HQ10x4.5x3 curve at 24 V",https://www.hobbywing.com/en/uploads/file/20251117/2a4a3f326d2bdede135f3e582b73eef3.pdf,design_candidate,
mop_hex10,rotor_1:lift_prop,lift_prop,lift,HQProp 10x4.5x3 purchased propeller,1,14,20,27,mass allowance; exact curve-matched CW/CCW propellers required,https://www.hobbywing.com/en/uploads/file/20251117/2a4a3f326d2bdede135f3e582b73eef3.pdf,design_candidate,
mop_hex10,rotor_1:lift_esc,lift_esc,lift,"One channel of matched 65 A 6S ESC hardware, local capacitors and mounts",1,20,32,50,per-channel installed allowance; two four-channel boards for octo; exact assembly thermal/power review pending,https://www.hobbywing.com/en/uploads/file/20251117/2a4a3f326d2bdede135f3e582b73eef3.pdf,design_candidate,
mop_hex10,guard_1:lift_guard,lift_guard,lift,One 284 mm guard with spaced upper/lower mesh and ribs,1,55,90,140,per-rotor material allowance; 5 mm mesh pitch/0.35 mm wire and 25 mm axial stand-off reference; no containment certification,,design_candidate,
mop_hex10,rotor_2:lift_motor,lift_motor,lift,Hobbywing RTF-3115 900KV motor,1,122,125,132,"manufacturer reference, 4–6S, HQ10x4.5x3 curve at 24 V",https://www.hobbywing.com/en/uploads/file/20251117/2a4a3f326d2bdede135f3e582b73eef3.pdf,design_candidate,
mop_hex10,rotor_2:lift_prop,lift_prop,lift,HQProp 10x4.5x3 purchased propeller,1,14,20,27,mass allowance; exact curve-matched CW/CCW propellers required,https://www.hobbywing.com/en/uploads/file/20251117/2a4a3f326d2bdede135f3e582b73eef3.pdf,design_candidate,
mop_hex10,rotor_2:lift_esc,lift_esc,lift,"One channel of matched 65 A 6S ESC hardware, local capacitors and mounts",1,20,32,50,per-channel installed allowance; two four-channel boards for octo; exact assembly thermal/power review pending,https://www.hobbywing.com/en/uploads/file/20251117/2a4a3f326d2bdede135f3e582b73eef3.pdf,design_candidate,
mop_hex10,guard_2:lift_guard,lift_guard,lift,One 284 mm guard with spaced upper/lower mesh and ribs,1,55,90,140,per-rotor material allowance; 5 mm mesh pitch/0.35 mm wire and 25 mm axial stand-off reference; no containment certification,,design_candidate,
mop_hex10,rotor_3:lift_motor,lift_motor,lift,Hobbywing RTF-3115 900KV motor,1,122,125,132,"manufacturer reference, 4–6S, HQ10x4.5x3 curve at 24 V",https://www.hobbywing.com/en/uploads/file/20251117/2a4a3f326d2bdede135f3e582b73eef3.pdf,design_candidate,
mop_hex10,rotor_3:lift_prop,lift_prop,lift,HQProp 10x4.5x3 purchased propeller,1,14,20,27,mass allowance; exact curve-matched CW/CCW propellers required,https://www.hobbywing.com/en/uploads/file/20251117/2a4a3f326d2bdede135f3e582b73eef3.pdf,design_candidate,
mop_hex10,rotor_3:lift_esc,lift_esc,lift,"One channel of matched 65 A 6S ESC hardware, local capacitors and mounts",1,20,32,50,per-channel installed allowance; two four-channel boards for octo; exact assembly thermal/power review pending,https://www.hobbywing.com/en/uploads/file/20251117/2a4a3f326d2bdede135f3e582b73eef3.pdf,design_candidate,
mop_hex10,guard_3:lift_guard,lift_guard,lift,One 284 mm guard with spaced upper/lower mesh and ribs,1,55,90,140,per-rotor material allowance; 5 mm mesh pitch/0.35 mm wire and 25 mm axial stand-off reference; no containment certification,,design_candidate,
mop_hex10,rotor_4:lift_motor,lift_motor,lift,Hobbywing RTF-3115 900KV motor,1,122,125,132,"manufacturer reference, 4–6S, HQ10x4.5x3 curve at 24 V",https://www.hobbywing.com/en/uploads/file/20251117/2a4a3f326d2bdede135f3e582b73eef3.pdf,design_candidate,
mop_hex10,rotor_4:lift_prop,lift_prop,lift,HQProp 10x4.5x3 purchased propeller,1,14,20,27,mass allowance; exact curve-matched CW/CCW propellers required,https://www.hobbywing.com/en/uploads/file/20251117/2a4a3f326d2bdede135f3e582b73eef3.pdf,design_candidate,
mop_hex10,rotor_4:lift_esc,lift_esc,lift,"One channel of matched 65 A 6S ESC hardware, local capacitors and mounts",1,20,32,50,per-channel installed allowance; two four-channel boards for octo; exact assembly thermal/power review pending,https://www.hobbywing.com/en/uploads/file/20251117/2a4a3f326d2bdede135f3e582b73eef3.pdf,design_candidate,
mop_hex10,guard_4:lift_guard,lift_guard,lift,One 284 mm guard with spaced upper/lower mesh and ribs,1,55,90,140,per-rotor material allowance; 5 mm mesh pitch/0.35 mm wire and 25 mm axial stand-off reference; no containment certification,,design_candidate,
mop_hex10,rotor_5:lift_motor,lift_motor,lift,Hobbywing RTF-3115 900KV motor,1,122,125,132,"manufacturer reference, 4–6S, HQ10x4.5x3 curve at 24 V",https://www.hobbywing.com/en/uploads/file/20251117/2a4a3f326d2bdede135f3e582b73eef3.pdf,design_candidate,
mop_hex10,rotor_5:lift_prop,lift_prop,lift,HQProp 10x4.5x3 purchased propeller,1,14,20,27,mass allowance; exact curve-matched CW/CCW propellers required,https://www.hobbywing.com/en/uploads/file/20251117/2a4a3f326d2bdede135f3e582b73eef3.pdf,design_candidate,
mop_hex10,rotor_5:lift_esc,lift_esc,lift,"One channel of matched 65 A 6S ESC hardware, local capacitors and mounts",1,20,32,50,per-channel installed allowance; two four-channel boards for octo; exact assembly thermal/power review pending,https://www.hobbywing.com/en/uploads/file/20251117/2a4a3f326d2bdede135f3e582b73eef3.pdf,design_candidate,
mop_hex10,guard_5:lift_guard,lift_guard,lift,One 284 mm guard with spaced upper/lower mesh and ribs,1,55,90,140,per-rotor material allowance; 5 mm mesh pitch/0.35 mm wire and 25 mm axial stand-off reference; no containment certification,,design_candidate,
mop_hex10,rotor_6:lift_motor,lift_motor,lift,Hobbywing RTF-3115 900KV motor,1,122,125,132,"manufacturer reference, 4–6S, HQ10x4.5x3 curve at 24 V",https://www.hobbywing.com/en/uploads/file/20251117/2a4a3f326d2bdede135f3e582b73eef3.pdf,design_candidate,
mop_hex10,rotor_6:lift_prop,lift_prop,lift,HQProp 10x4.5x3 purchased propeller,1,14,20,27,mass allowance; exact curve-matched CW/CCW propellers required,https://www.hobbywing.com/en/uploads/file/20251117/2a4a3f326d2bdede135f3e582b73eef3.pdf,design_candidate,
mop_hex10,rotor_6:lift_esc,lift_esc,lift,"One channel of matched 65 A 6S ESC hardware, local capacitors and mounts",1,20,32,50,per-channel installed allowance; two four-channel boards for octo; exact assembly thermal/power review pending,https://www.hobbywing.com/en/uploads/file/20251117/2a4a3f326d2bdede135f3e582b73eef3.pdf,design_candidate,
mop_hex10,guard_6:lift_guard,lift_guard,lift,One 284 mm guard with spaced upper/lower mesh and ribs,1,55,90,140,per-rotor material allowance; 5 mm mesh pitch/0.35 mm wire and 25 mm axial stand-off reference; no containment certification,,design_candidate,
mop_hex10,lift_structure:lift_structure,lift_structure,lift,"Carbon tubes, diagonal braces, hub frame and metal clamp joints",0.88,325.6,475.2,686.4,"stock/material allowance; 20/18 mm main tubes, 10/8 mm braces, no printed primary arm cantilever",,design_candidate,
mop_hex10,lift_joinery:lift_joinery,lift_joinery,lift,"Top-side locks, brackets, fasteners and station pickup features",1,80,120,180,material/hardware allowance; four positive locks and metal load spreaders,,design_candidate,
mop_hex10,lift_harness:lift_harness,lift_harness,lift,"High-current trunk/branches, connectors, sensing and distribution",1,280,430,650,route allowance; includes main contacts and two fore/aft feeds; battery-side protection stays in core,,design_candidate,
mop_hex10,flight_controller:flight_controller,flight_controller,lift,Holybro Pixhawk 6C Mini current Model A and vibration mount,1,42.4,53,70,catalog 42.4 g plus mount,https://docs.holybro.com/autopilot/pixhawk-6c-mini/technical-specification,design_candidate,
mop_hex10,flight_power:flight_power,flight_power,lift,"Independent flight-controller regulator, current interface and hold-up",1,30,50,85,assembly allowance; flight electronics remain live during floor-tool shutdown,,design_candidate,
mop_hex10,flight_sensors:flight_sensors,flight_sensors,lift,"Downward range, four sector range boards, mounts and link interfaces",1,45,75,115,sensor/mount allowance; stereo cameras budgeted separately; not complete collision coverage by specification alone,,design_candidate,
mop_hex10,flight_io:flight_io,flight_io,lift,"Local status, logging, independent disarm/maintenance inputs and harness",1,20,35,60,electronics allowance,,design_candidate,
mop_hex10,depth_camera:depth_camera,depth_camera,lift,OAK-D S2 USB stereo camera and bracket,2,182,212,250,manufacturer drawing and 91 g reference plus mount/cable allowance,https://cdn.robotshop.com/media/l/lux/rb-lux-16/pdf/luxonis-oak-d-s2-camera-auto-focus-datasheet.pdf,design_candidate,
mop_hex10,battery,design_6s,battery,6S / 5.2 Ah comparison,1,700,753,820,Listed pack reference; no protection or harness double-counted,https://www.amazon.com/dp/B0BNDHPBBX,comparison_not_ordered,
mop_hex10,payload,payload,payload,350 mL clean water plus 50 g pad water; high case allows 100 g wet pad. Dirty water stays in station.,1,400,400,450,Bounded design contents,Owner task / design allowance,consumable_load,
mop_octo10,core_power:logic_buck,logic_buck,core,"5 V regulator and carrier, 40 W design allocation",1,15,25,45,assembly allowance; D42V110F5 family reference; exact variant and thermal review required,https://www.pololu.com/product/5671/specs,design_candidate,
mop_octo10,core_power:motor_buck,motor_buck,core,D42V110F12 regulator and mounting,1,15,24,36,catalog bare 15 g plus installed allowance,https://www.pololu.com/product/5677/specs,design_candidate,
mop_octo10,core_power:regen_clamp,regen_clamp,core,"12 V braking clamp, reverse blocking, resistor and bulk capacitors",1,22,40,70,"custom circuit allowance; 15 V comparator threshold, 10 ohm 25 W resistor, 2200 uF/25 V reference",https://resources.basicmicro.com/manual/roboclaw/operational-requirements/,design_candidate,
mop_octo10,core_power:tool_converter,tool_converter,core,Cincon CHB100W-24S24 plus HBT127/PH01 cooling and carrier,1,155,190,245,"catalog 95+50.4+1.9 g plus fan, carrier and mounting; comparison regulator for 6S case",https://www.cincon.com/productdownload/Datasheet-CHB100W.pdf,design_candidate,
mop_octo10,pi_bay:pi,pi,core,"Raspberry Pi 5, active cooler and microSD",1,65,82,105,installed allowance; owned board available; processing power is a workload estimate,https://www.raspberrypi.com/products/raspberry-pi-5/,owned_board_candidate,
mop_octo10,front_camera:depth_camera,depth_camera,core,OAK-D S2 USB stereo camera and bracket,1,91,106,125,manufacturer drawing and 91 g reference plus mount/cable allowance,https://cdn.robotshop.com/media/l/lux/rb-lux-16/pdf/luxonis-oak-d-s2-camera-auto-focus-datasheet.pdf,design_candidate,
mop_octo10,core_mcu_bay:core_mcu,core_mcu,core,ESP32-DevKitC plus CAN transceiver and hardware watchdog,1,12,20,30,board plus interface allowance,https://documentation.espressif.com/esp-dev-kits/en/latest/esp32/esp32-devkitc/user_guide.html,design_candidate,
mop_octo10,battery_bay:battery_cartridge,battery_cartridge,core,"Removable cartridge shell, cell monitor/ID/temperature, fuse and recessed contacts",1,85,140,220,"Installed allowance: 65 g shell/restraint, 35 g monitor/ID, 40 g fuse/contacts/wiring nominal; excludes bare cell pack and fixed core receiver",https://www.ti.com/product/BQ76952,design_candidate,Carried once; the same 140 g nominal tare accompanies every stored pack. Main switched discharge stage stays in core. Packaging and flight current are unqualified.
mop_octo10,battery_bay:battery_receiver,battery_receiver,core,"Fixed battery guide, positive latch, presence switches and floating contact support",1,30,50,85,Additional automatic-exchange receiver allowance; passive latch retained without power,,design_candidate,Mass excludes cartridge-side hardware; station actuator releases latch only after mechanical support.
mop_octo10,pack_protection:core_monitor,core_monitor,core,"Core switched discharge bus, current shunt, precharge and protection power stage",1,45,80,140,custom PCB assembly allowance; reference IC is not a complete high-current BMS,,design_candidate,Cell monitor/temperature sensing travels in battery cartridge and commands this fixed high-current stage. 150 A continuous / 320 A short allocation remains unqualified; custom circuitry required.
mop_octo10,lidar:lidar,lidar,core,Core-fixed SLAMTEC RPLIDAR A1,1,160,170,185,manufacturer family reference; owned revision not measured,https://www.slamtec.com/cn/lidar/a1spec,owned_candidate,
mop_octo10,core_misc:core_prints,core_prints,core,"Core PETG ribs, equipment trays and ducts",1,110,160,225,material allowance: 126 cm3 effective PETG at 1.27 g/cm3; not slicer output,,design_candidate,
mop_octo10,core_misc:core_metal,core_metal,core,"Two open aluminum perimeter frames, spacers and load spreaders",1,110,145,190,calculated stock allowance: two 270/250 mm square 2 mm rings = 112.3 g; spacers/spreaders added,,design_candidate,
mop_octo10,core_misc:core_locks,core_locks,core,"Eight core-side captive sliding locks, seats, springs and detection",1,90,130,185,"mechanism allowance; four top and four bottom, station-actuated",,design_candidate,
mop_octo10,core_misc:core_harness,core_harness,core,"Core wiring, connector halves, fuse, charge and service access",1,85,125,190,route allowance; includes floor harness and short high-current trunk; excludes lift-side wiring,,design_candidate,Fixed core distribution only; cartridge contacts/receiver and auxiliary dock-power hardware are budgeted separately.
mop_octo10,core_misc:core_near,core_near,core,"Six near-field ToF boards, windows and core IMU allowance",1,20,32,50,sensor plus harness/mount allowance; no all-surface detection guarantee,https://www.st.com/en/imaging-and-photonics-solutions/vl53l1X,design_candidate,
mop_octo10,core_misc:status,status,core,"Stop switch, buzzer, status LEDs and guard contacts",1,8,15,25,small hardware allowance,,design_candidate,
mop_octo10,wheel_left:drive_wheel,drive_wheel,drive,goBILDA Hogback 72 x 24 mm silicone wheel,1,52,55,59,manufacturer reference,https://www.gobilda.com/hogback-traction-wheel-72mm-diameter-50a-durometer/,design_candidate,
mop_octo10,wheel_left:wheel_hub,wheel_hub,drive,goBILDA Sonic 4 mm hub plus four wheel screws,1,12,17,23,installed allowance; shaft engagement 8.5 mm with 8 mm hub,https://www.gobilda.com/1309-series-sonic-hub-4mm-bore/,design_candidate,
mop_octo10,pod_left:drive_motor,drive_motor,drive,Pololu 4846 75:1 12 V encoder motor,1,99,104,110,catalog reference and modest assembly variation,https://www.pololu.com/product/4846/specs,two_ordered_for_first_bottom,
mop_octo10,pod_left:pod,pod,drive,"Trailing pod, metal motor plate, M4 pivot, bushings, spring and stops",1,42,62,90,per-wheel material/hardware allowance: 28 cm3 PETG plus 26 g stock and fasteners,,design_candidate,
mop_octo10,wheel_right:drive_wheel,drive_wheel,drive,goBILDA Hogback 72 x 24 mm silicone wheel,1,52,55,59,manufacturer reference,https://www.gobilda.com/hogback-traction-wheel-72mm-diameter-50a-durometer/,design_candidate,
mop_octo10,wheel_right:wheel_hub,wheel_hub,drive,goBILDA Sonic 4 mm hub plus four wheel screws,1,12,17,23,installed allowance; shaft engagement 8.5 mm with 8 mm hub,https://www.gobilda.com/1309-series-sonic-hub-4mm-bore/,design_candidate,
mop_octo10,pod_right:drive_motor,drive_motor,drive,Pololu 4846 75:1 12 V encoder motor,1,99,104,110,catalog reference and modest assembly variation,https://www.pololu.com/product/4846/specs,two_ordered_for_first_bottom,
mop_octo10,pod_right:pod,pod,drive,"Trailing pod, metal motor plate, M4 pivot, bushings, spring and stops",1,42,62,90,per-wheel material/hardware allowance: 28 cm3 PETG plus 26 g stock and fasteners,,design_candidate,
mop_octo10,drive_control:roboclaw,roboclaw,drive,RoboClaw IMC404 with standoffs,1,18,24,33,catalog board 18 g plus mounts,https://www.basicmicro.com/RoboClaw-2x7A-Motor-Controller_p_55.html,one_ordered_for_first_bottom,
mop_octo10,drive_control:bottom_mcu,bottom_mcu,drive,"ESP32 bottom controller, CAN, I2C mux and interlocks",1,18,28,42,installed electronics allowance,https://documentation.espressif.com/esp-dev-kits/en/latest/esp32/esp32-devkitc/user_guide.html,design_candidate,
mop_octo10,drive_misc:bottom_frame,bottom_frame,drive,"Bottom PETG skeleton, aluminum rails and module-side studs",1,160,225,305,"120 cm3 PETG plus 73 g rails/studs; contains no motors, pods, bumper or tool shell",,design_candidate,
mop_octo10,drive_misc:bottom_bumper,bottom_bumper,drive,"Segmented bumper, six switches, skirt and compliant mounts",1,35,55,80,material/hardware allowance,,design_candidate,
mop_octo10,drive_misc:floor_sensors,floor_sensors,drive,"Six cliff ToF sensors, two wheel-drop switches and windows",1,22,36,55,assembled allowance; separate from core obstacle sensing,https://www.st.com/en/imaging-and-photonics-solutions/vl53l1X,design_candidate,
mop_octo10,drive_misc:bottom_harness,bottom_harness,drive,"Bottom harness, connector half and branch protection",1,40,65,95,"route allowance; includes encoder leads, sensor wiring and short tool cables",,design_candidate,
mop_octo10,caster:caster,caster,drive,"TENTE Linea load 5940UAP050L51-8, stem and mounting plate",1,90,112,145,"catalog caster 90 g, 50.5 mm height and 40.5 mm sweep radius; installed stem/plate added",https://www.tente.com/en-ca/swivel-castor-50-mm/5940uap050l51-8-load-9011,design_candidate,"Twin polyurethane wheels, 92 Shore A and thread guards. Not a 50A soft drive tire; source availability and retained stem still need checking."
mop_octo10,mop_pad:mop_pad,mop_pad,mop,"230 x 32 mm microfiber pad, floating carrier and leaf springs",1,70,105,150,"material/textile allowance; 8 N normal-force design point, 3 mm peak-to-peak oscillation",,design_candidate,
mop_octo10,mop_drive:roller_motor,roller_motor,mop,Pololu 4842 9.7:1 12 V encoder gearmotor,1,90,95,101,catalog reference,https://www.pololu.com/product/4842/specs,design_candidate,
mop_octo10,mop_drive:mop_crank,mop_crank,mop,"Eccentric, counterweight, rod ends and two guided flexures",1,25,45,75,"material/mechanism allowance; 15 Hz at 900 RPM, not an OEM mop performance claim",,design_candidate,
mop_octo10,mop_drive:tool_stage,tool_stage,mop,"TB9051FTG carrier, header and thermal mounting",1,3.1,7,13,catalog bare carrier 3.1 g plus installed allowance,https://www.pololu.com/product/2997/specs,design_candidate,
mop_octo10,mop_lift:pad_lift,pad_lift,mop,"Actuonix PQ12-R 100:1 6 V, 6 V supply, links and end switches",1,45,62,88,"19 g catalog actuator plus regulator, links, mount, switches and wire allowance; 12 mm lift from 20 mm stroke",https://www.actuonix.com/pq12-100-6-r,design_candidate,
mop_octo10,mop_tank:water_tank,water_tank,mop,"350 mL clean-water tank, baffles, cap and contained leak tray",1,75,115,175,90 cm3 PETG/liner allowance; printed shell needs a verified liner or leak-tight process,,design_candidate,
mop_octo10,mop_pump:pump,pump,mop,Adafruit 1150 12 V peristaltic dosing pump,1,190,200,215,catalog reference; 200–300 mA while running and up to 100 mL/min,https://www.adafruit.com/product/1150,design_candidate,
mop_octo10,mop_wet_io:wet_plumbing,wet_plumbing,mop,"Tubing, drip manifold, dock fill seal, two check valves, shutoff and leak sensing",1,40,70,105,installed fluid hardware allowance; no dirty-water tank carried,,design_candidate,
mop_octo10,mop_wet_io:wet_control,wet_control,mop,"Pump MOSFET, position interface, supply and protection",1,12,22,35,PCB and connectors allowance,,design_candidate,
mop_octo10,anti_tip_left:anti_tip,anti_tip,drive,"Front backup roller: 624-2RS bearing, printed hub, silicone O-ring, M4 shoulder hardware",1,12,18,28,"Assembly allowance; 20 mm outside diameter, normally 2 mm above floor",,design_candidate,"Backup pitch stop, not a load-bearing swivel caster. No claim of wet grip. Pin and inner-race spacer prevent bearing clamping."
mop_octo10,anti_tip_right:anti_tip,anti_tip,drive,"Front backup roller: 624-2RS bearing, printed hub, silicone O-ring, M4 shoulder hardware",1,12,18,28,"Assembly allowance; 20 mm outside diameter, normally 2 mm above floor",,design_candidate,"Backup pitch stop, not a load-bearing swivel caster. No claim of wet grip. Pin and inner-race spacer prevent bearing clamping."
mop_octo10,dock_logic_power:dock_logic_power,dock_logic_power,core,"Station logic-power input, 24 V to 5 V regulator, source OR and hold-up capacitors",1,25,45,75,"Installed 40 W logic supply/interface allocation, not selected hardware",,design_candidate,Station 24 V / 60 W protected input; reverse-blocking source selection keeps Pi/supervisor live during pack exchange. No full-system UPS promise.
mop_octo10,rotor_1:lift_motor,lift_motor,lift,Hobbywing RTF-3115 900KV motor,1,122,125,132,"manufacturer reference, 4–6S, HQ10x4.5x3 curve at 24 V",https://www.hobbywing.com/en/uploads/file/20251117/2a4a3f326d2bdede135f3e582b73eef3.pdf,design_candidate,
mop_octo10,rotor_1:lift_prop,lift_prop,lift,HQProp 10x4.5x3 purchased propeller,1,14,20,27,mass allowance; exact curve-matched CW/CCW propellers required,https://www.hobbywing.com/en/uploads/file/20251117/2a4a3f326d2bdede135f3e582b73eef3.pdf,design_candidate,
mop_octo10,rotor_1:lift_esc,lift_esc,lift,"One channel of matched 65 A 6S ESC hardware, local capacitors and mounts",1,20,32,50,per-channel installed allowance; two four-channel boards for octo; exact assembly thermal/power review pending,https://www.hobbywing.com/en/uploads/file/20251117/2a4a3f326d2bdede135f3e582b73eef3.pdf,design_candidate,
mop_octo10,guard_1:lift_guard,lift_guard,lift,One 284 mm guard with spaced upper/lower mesh and ribs,1,55,90,140,per-rotor material allowance; 5 mm mesh pitch/0.35 mm wire and 25 mm axial stand-off reference; no containment certification,,design_candidate,
mop_octo10,rotor_2:lift_motor,lift_motor,lift,Hobbywing RTF-3115 900KV motor,1,122,125,132,"manufacturer reference, 4–6S, HQ10x4.5x3 curve at 24 V",https://www.hobbywing.com/en/uploads/file/20251117/2a4a3f326d2bdede135f3e582b73eef3.pdf,design_candidate,
mop_octo10,rotor_2:lift_prop,lift_prop,lift,HQProp 10x4.5x3 purchased propeller,1,14,20,27,mass allowance; exact curve-matched CW/CCW propellers required,https://www.hobbywing.com/en/uploads/file/20251117/2a4a3f326d2bdede135f3e582b73eef3.pdf,design_candidate,
mop_octo10,rotor_2:lift_esc,lift_esc,lift,"One channel of matched 65 A 6S ESC hardware, local capacitors and mounts",1,20,32,50,per-channel installed allowance; two four-channel boards for octo; exact assembly thermal/power review pending,https://www.hobbywing.com/en/uploads/file/20251117/2a4a3f326d2bdede135f3e582b73eef3.pdf,design_candidate,
mop_octo10,guard_2:lift_guard,lift_guard,lift,One 284 mm guard with spaced upper/lower mesh and ribs,1,55,90,140,per-rotor material allowance; 5 mm mesh pitch/0.35 mm wire and 25 mm axial stand-off reference; no containment certification,,design_candidate,
mop_octo10,rotor_3:lift_motor,lift_motor,lift,Hobbywing RTF-3115 900KV motor,1,122,125,132,"manufacturer reference, 4–6S, HQ10x4.5x3 curve at 24 V",https://www.hobbywing.com/en/uploads/file/20251117/2a4a3f326d2bdede135f3e582b73eef3.pdf,design_candidate,
mop_octo10,rotor_3:lift_prop,lift_prop,lift,HQProp 10x4.5x3 purchased propeller,1,14,20,27,mass allowance; exact curve-matched CW/CCW propellers required,https://www.hobbywing.com/en/uploads/file/20251117/2a4a3f326d2bdede135f3e582b73eef3.pdf,design_candidate,
mop_octo10,rotor_3:lift_esc,lift_esc,lift,"One channel of matched 65 A 6S ESC hardware, local capacitors and mounts",1,20,32,50,per-channel installed allowance; two four-channel boards for octo; exact assembly thermal/power review pending,https://www.hobbywing.com/en/uploads/file/20251117/2a4a3f326d2bdede135f3e582b73eef3.pdf,design_candidate,
mop_octo10,guard_3:lift_guard,lift_guard,lift,One 284 mm guard with spaced upper/lower mesh and ribs,1,55,90,140,per-rotor material allowance; 5 mm mesh pitch/0.35 mm wire and 25 mm axial stand-off reference; no containment certification,,design_candidate,
mop_octo10,rotor_4:lift_motor,lift_motor,lift,Hobbywing RTF-3115 900KV motor,1,122,125,132,"manufacturer reference, 4–6S, HQ10x4.5x3 curve at 24 V",https://www.hobbywing.com/en/uploads/file/20251117/2a4a3f326d2bdede135f3e582b73eef3.pdf,design_candidate,
mop_octo10,rotor_4:lift_prop,lift_prop,lift,HQProp 10x4.5x3 purchased propeller,1,14,20,27,mass allowance; exact curve-matched CW/CCW propellers required,https://www.hobbywing.com/en/uploads/file/20251117/2a4a3f326d2bdede135f3e582b73eef3.pdf,design_candidate,
mop_octo10,rotor_4:lift_esc,lift_esc,lift,"One channel of matched 65 A 6S ESC hardware, local capacitors and mounts",1,20,32,50,per-channel installed allowance; two four-channel boards for octo; exact assembly thermal/power review pending,https://www.hobbywing.com/en/uploads/file/20251117/2a4a3f326d2bdede135f3e582b73eef3.pdf,design_candidate,
mop_octo10,guard_4:lift_guard,lift_guard,lift,One 284 mm guard with spaced upper/lower mesh and ribs,1,55,90,140,per-rotor material allowance; 5 mm mesh pitch/0.35 mm wire and 25 mm axial stand-off reference; no containment certification,,design_candidate,
mop_octo10,rotor_5:lift_motor,lift_motor,lift,Hobbywing RTF-3115 900KV motor,1,122,125,132,"manufacturer reference, 4–6S, HQ10x4.5x3 curve at 24 V",https://www.hobbywing.com/en/uploads/file/20251117/2a4a3f326d2bdede135f3e582b73eef3.pdf,design_candidate,
mop_octo10,rotor_5:lift_prop,lift_prop,lift,HQProp 10x4.5x3 purchased propeller,1,14,20,27,mass allowance; exact curve-matched CW/CCW propellers required,https://www.hobbywing.com/en/uploads/file/20251117/2a4a3f326d2bdede135f3e582b73eef3.pdf,design_candidate,
mop_octo10,rotor_5:lift_esc,lift_esc,lift,"One channel of matched 65 A 6S ESC hardware, local capacitors and mounts",1,20,32,50,per-channel installed allowance; two four-channel boards for octo; exact assembly thermal/power review pending,https://www.hobbywing.com/en/uploads/file/20251117/2a4a3f326d2bdede135f3e582b73eef3.pdf,design_candidate,
mop_octo10,guard_5:lift_guard,lift_guard,lift,One 284 mm guard with spaced upper/lower mesh and ribs,1,55,90,140,per-rotor material allowance; 5 mm mesh pitch/0.35 mm wire and 25 mm axial stand-off reference; no containment certification,,design_candidate,
mop_octo10,rotor_6:lift_motor,lift_motor,lift,Hobbywing RTF-3115 900KV motor,1,122,125,132,"manufacturer reference, 4–6S, HQ10x4.5x3 curve at 24 V",https://www.hobbywing.com/en/uploads/file/20251117/2a4a3f326d2bdede135f3e582b73eef3.pdf,design_candidate,
mop_octo10,rotor_6:lift_prop,lift_prop,lift,HQProp 10x4.5x3 purchased propeller,1,14,20,27,mass allowance; exact curve-matched CW/CCW propellers required,https://www.hobbywing.com/en/uploads/file/20251117/2a4a3f326d2bdede135f3e582b73eef3.pdf,design_candidate,
mop_octo10,rotor_6:lift_esc,lift_esc,lift,"One channel of matched 65 A 6S ESC hardware, local capacitors and mounts",1,20,32,50,per-channel installed allowance; two four-channel boards for octo; exact assembly thermal/power review pending,https://www.hobbywing.com/en/uploads/file/20251117/2a4a3f326d2bdede135f3e582b73eef3.pdf,design_candidate,
mop_octo10,guard_6:lift_guard,lift_guard,lift,One 284 mm guard with spaced upper/lower mesh and ribs,1,55,90,140,per-rotor material allowance; 5 mm mesh pitch/0.35 mm wire and 25 mm axial stand-off reference; no containment certification,,design_candidate,
mop_octo10,rotor_7:lift_motor,lift_motor,lift,Hobbywing RTF-3115 900KV motor,1,122,125,132,"manufacturer reference, 4–6S, HQ10x4.5x3 curve at 24 V",https://www.hobbywing.com/en/uploads/file/20251117/2a4a3f326d2bdede135f3e582b73eef3.pdf,design_candidate,
mop_octo10,rotor_7:lift_prop,lift_prop,lift,HQProp 10x4.5x3 purchased propeller,1,14,20,27,mass allowance; exact curve-matched CW/CCW propellers required,https://www.hobbywing.com/en/uploads/file/20251117/2a4a3f326d2bdede135f3e582b73eef3.pdf,design_candidate,
mop_octo10,rotor_7:lift_esc,lift_esc,lift,"One channel of matched 65 A 6S ESC hardware, local capacitors and mounts",1,20,32,50,per-channel installed allowance; two four-channel boards for octo; exact assembly thermal/power review pending,https://www.hobbywing.com/en/uploads/file/20251117/2a4a3f326d2bdede135f3e582b73eef3.pdf,design_candidate,
mop_octo10,guard_7:lift_guard,lift_guard,lift,One 284 mm guard with spaced upper/lower mesh and ribs,1,55,90,140,per-rotor material allowance; 5 mm mesh pitch/0.35 mm wire and 25 mm axial stand-off reference; no containment certification,,design_candidate,
mop_octo10,rotor_8:lift_motor,lift_motor,lift,Hobbywing RTF-3115 900KV motor,1,122,125,132,"manufacturer reference, 4–6S, HQ10x4.5x3 curve at 24 V",https://www.hobbywing.com/en/uploads/file/20251117/2a4a3f326d2bdede135f3e582b73eef3.pdf,design_candidate,
mop_octo10,rotor_8:lift_prop,lift_prop,lift,HQProp 10x4.5x3 purchased propeller,1,14,20,27,mass allowance; exact curve-matched CW/CCW propellers required,https://www.hobbywing.com/en/uploads/file/20251117/2a4a3f326d2bdede135f3e582b73eef3.pdf,design_candidate,
mop_octo10,rotor_8:lift_esc,lift_esc,lift,"One channel of matched 65 A 6S ESC hardware, local capacitors and mounts",1,20,32,50,per-channel installed allowance; two four-channel boards for octo; exact assembly thermal/power review pending,https://www.hobbywing.com/en/uploads/file/20251117/2a4a3f326d2bdede135f3e582b73eef3.pdf,design_candidate,
mop_octo10,guard_8:lift_guard,lift_guard,lift,One 284 mm guard with spaced upper/lower mesh and ribs,1,55,90,140,per-rotor material allowance; 5 mm mesh pitch/0.35 mm wire and 25 mm axial stand-off reference; no containment certification,,design_candidate,
mop_octo10,lift_structure:lift_structure,lift_structure,lift,"Carbon tubes, diagonal braces, hub frame and metal clamp joints",1.0,370.0,540.0,780.0,"stock/material allowance; 20/18 mm main tubes, 10/8 mm braces, no printed primary arm cantilever",,design_candidate,
mop_octo10,lift_joinery:lift_joinery,lift_joinery,lift,"Top-side locks, brackets, fasteners and station pickup features",1,80,120,180,material/hardware allowance; four positive locks and metal load spreaders,,design_candidate,
mop_octo10,lift_harness:lift_harness,lift_harness,lift,"High-current trunk/branches, connectors, sensing and distribution",1,280,430,650,route allowance; includes main contacts and two fore/aft feeds; battery-side protection stays in core,,design_candidate,
mop_octo10,flight_controller:flight_controller,flight_controller,lift,Holybro Pixhawk 6C Mini current Model A and vibration mount,1,42.4,53,70,catalog 42.4 g plus mount,https://docs.holybro.com/autopilot/pixhawk-6c-mini/technical-specification,design_candidate,
mop_octo10,flight_power:flight_power,flight_power,lift,"Independent flight-controller regulator, current interface and hold-up",1,30,50,85,assembly allowance; flight electronics remain live during floor-tool shutdown,,design_candidate,
mop_octo10,flight_sensors:flight_sensors,flight_sensors,lift,"Downward range, four sector range boards, mounts and link interfaces",1,45,75,115,sensor/mount allowance; stereo cameras budgeted separately; not complete collision coverage by specification alone,,design_candidate,
mop_octo10,flight_io:flight_io,flight_io,lift,"Local status, logging, independent disarm/maintenance inputs and harness",1,20,35,60,electronics allowance,,design_candidate,
mop_octo10,depth_camera:depth_camera,depth_camera,lift,OAK-D S2 USB stereo camera and bracket,2,182,212,250,manufacturer drawing and 91 g reference plus mount/cable allowance,https://cdn.robotshop.com/media/l/lux/rb-lux-16/pdf/luxonis-oak-d-s2-camera-auto-focus-datasheet.pdf,design_candidate,
mop_octo10,battery,design_6s,battery,6S / 5.2 Ah comparison,1,700,753,820,Listed pack reference; no protection or harness double-counted,https://www.amazon.com/dp/B0BNDHPBBX,comparison_not_ordered,
mop_octo10,payload,payload,payload,350 mL clean water plus 50 g pad water; high case allows 100 g wet pad. Dirty water stays in station.,1,400,400,450,Bounded design contents,Owner task / design allowance,consumable_load,
low_quad10,core_power:logic_buck,logic_buck,core,"5 V regulator and carrier, 40 W design allocation",1,15,25,45,assembly allowance; D42V110F5 family reference; exact variant and thermal review required,https://www.pololu.com/product/5671/specs,design_candidate,
low_quad10,core_power:motor_buck,motor_buck,core,D42V110F12 regulator and mounting,1,15,24,36,catalog bare 15 g plus installed allowance,https://www.pololu.com/product/5677/specs,design_candidate,
low_quad10,core_power:regen_clamp,regen_clamp,core,"12 V braking clamp, reverse blocking, resistor and bulk capacitors",1,22,40,70,"custom circuit allowance; 15 V comparator threshold, 10 ohm 25 W resistor, 2200 uF/25 V reference",https://resources.basicmicro.com/manual/roboclaw/operational-requirements/,design_candidate,
low_quad10,core_power:tool_converter,tool_converter,core,Cincon CHB100W-24S24 plus HBT127/PH01 cooling and carrier,1,155,190,245,"catalog 95+50.4+1.9 g plus fan, carrier and mounting; comparison regulator for 6S case",https://www.cincon.com/productdownload/Datasheet-CHB100W.pdf,design_candidate,
low_quad10,pi_bay:pi,pi,core,"Raspberry Pi 5, active cooler and microSD",1,65,82,105,installed allowance; owned board available; processing power is a workload estimate,https://www.raspberrypi.com/products/raspberry-pi-5/,owned_board_candidate,
low_quad10,front_camera:depth_camera,depth_camera,core,OAK-D S2 USB stereo camera and bracket,1,91,106,125,manufacturer drawing and 91 g reference plus mount/cable allowance,https://cdn.robotshop.com/media/l/lux/rb-lux-16/pdf/luxonis-oak-d-s2-camera-auto-focus-datasheet.pdf,design_candidate,
low_quad10,core_mcu_bay:core_mcu,core_mcu,core,ESP32-DevKitC plus CAN transceiver and hardware watchdog,1,12,20,30,board plus interface allowance,https://documentation.espressif.com/esp-dev-kits/en/latest/esp32/esp32-devkitc/user_guide.html,design_candidate,
low_quad10,battery_bay:battery_cartridge,battery_cartridge,core,"Removable cartridge shell, cell monitor/ID/temperature, fuse and recessed contacts",1,85,140,220,"Installed allowance: 65 g shell/restraint, 35 g monitor/ID, 40 g fuse/contacts/wiring nominal; excludes bare cell pack and fixed core receiver",https://www.ti.com/product/BQ76952,design_candidate,Carried once; the same 140 g nominal tare accompanies every stored pack. Main switched discharge stage stays in core. Packaging and flight current are unqualified.
low_quad10,battery_bay:battery_receiver,battery_receiver,core,"Fixed battery guide, positive latch, presence switches and floating contact support",1,30,50,85,Additional automatic-exchange receiver allowance; passive latch retained without power,,design_candidate,Mass excludes cartridge-side hardware; station actuator releases latch only after mechanical support.
low_quad10,pack_protection:core_monitor,core_monitor,core,"Core switched discharge bus, current shunt, precharge and protection power stage",1,45,80,140,custom PCB assembly allowance; reference IC is not a complete high-current BMS,,design_candidate,Cell monitor/temperature sensing travels in battery cartridge and commands this fixed high-current stage. 150 A continuous / 320 A short allocation remains unqualified; custom circuitry required.
low_quad10,lidar:lidar,lidar,core,Core-fixed SLAMTEC RPLIDAR A1,1,160,170,185,manufacturer family reference; owned revision not measured,https://www.slamtec.com/cn/lidar/a1spec,owned_candidate,
low_quad10,core_misc:core_prints,core_prints,core,"Core PETG ribs, equipment trays and ducts",1,110,160,225,material allowance: 126 cm3 effective PETG at 1.27 g/cm3; not slicer output,,design_candidate,
low_quad10,core_misc:core_metal,core_metal,core,"Two open aluminum perimeter frames, spacers and load spreaders",1,110,145,190,calculated stock allowance: two 270/250 mm square 2 mm rings = 112.3 g; spacers/spreaders added,,design_candidate,
low_quad10,core_misc:core_locks,core_locks,core,"Eight core-side captive sliding locks, seats, springs and detection",1,90,130,185,"mechanism allowance; four top and four bottom, station-actuated",,design_candidate,
low_quad10,core_misc:core_harness,core_harness,core,"Core wiring, connector halves, fuse, charge and service access",1,85,125,190,route allowance; includes floor harness and short high-current trunk; excludes lift-side wiring,,design_candidate,Fixed core distribution only; cartridge contacts/receiver and auxiliary dock-power hardware are budgeted separately.
low_quad10,core_misc:core_near,core_near,core,"Six near-field ToF boards, windows and core IMU allowance",1,20,32,50,sensor plus harness/mount allowance; no all-surface detection guarantee,https://www.st.com/en/imaging-and-photonics-solutions/vl53l1X,design_candidate,
low_quad10,core_misc:status,status,core,"Stop switch, buzzer, status LEDs and guard contacts",1,8,15,25,small hardware allowance,,design_candidate,
low_quad10,wheel_left:drive_wheel,drive_wheel,drive,goBILDA Hogback 72 x 24 mm silicone wheel,1,52,55,59,manufacturer reference,https://www.gobilda.com/hogback-traction-wheel-72mm-diameter-50a-durometer/,design_candidate,
low_quad10,wheel_left:wheel_hub,wheel_hub,drive,goBILDA Sonic 4 mm hub plus four wheel screws,1,12,17,23,installed allowance; shaft engagement 8.5 mm with 8 mm hub,https://www.gobilda.com/1309-series-sonic-hub-4mm-bore/,design_candidate,
low_quad10,pod_left:drive_motor,drive_motor,drive,Pololu 4846 75:1 12 V encoder motor,1,99,104,110,catalog reference and modest assembly variation,https://www.pololu.com/product/4846/specs,two_ordered_for_first_bottom,
low_quad10,pod_left:pod,pod,drive,"Trailing pod, metal motor plate, M4 pivot, bushings, spring and stops",1,42,62,90,per-wheel material/hardware allowance: 28 cm3 PETG plus 26 g stock and fasteners,,design_candidate,
low_quad10,wheel_right:drive_wheel,drive_wheel,drive,goBILDA Hogback 72 x 24 mm silicone wheel,1,52,55,59,manufacturer reference,https://www.gobilda.com/hogback-traction-wheel-72mm-diameter-50a-durometer/,design_candidate,
low_quad10,wheel_right:wheel_hub,wheel_hub,drive,goBILDA Sonic 4 mm hub plus four wheel screws,1,12,17,23,installed allowance; shaft engagement 8.5 mm with 8 mm hub,https://www.gobilda.com/1309-series-sonic-hub-4mm-bore/,design_candidate,
low_quad10,pod_right:drive_motor,drive_motor,drive,Pololu 4846 75:1 12 V encoder motor,1,99,104,110,catalog reference and modest assembly variation,https://www.pololu.com/product/4846/specs,two_ordered_for_first_bottom,
low_quad10,pod_right:pod,pod,drive,"Trailing pod, metal motor plate, M4 pivot, bushings, spring and stops",1,42,62,90,per-wheel material/hardware allowance: 28 cm3 PETG plus 26 g stock and fasteners,,design_candidate,
low_quad10,drive_control:roboclaw,roboclaw,drive,RoboClaw IMC404 with standoffs,1,18,24,33,catalog board 18 g plus mounts,https://www.basicmicro.com/RoboClaw-2x7A-Motor-Controller_p_55.html,one_ordered_for_first_bottom,
low_quad10,drive_control:bottom_mcu,bottom_mcu,drive,"ESP32 bottom controller, CAN, I2C mux and interlocks",1,18,28,42,installed electronics allowance,https://documentation.espressif.com/esp-dev-kits/en/latest/esp32/esp32-devkitc/user_guide.html,design_candidate,
low_quad10,drive_misc:bottom_frame,bottom_frame,drive,"Bottom PETG skeleton, aluminum rails and module-side studs",1,160,225,305,"120 cm3 PETG plus 73 g rails/studs; contains no motors, pods, bumper or tool shell",,design_candidate,
low_quad10,drive_misc:bottom_bumper,bottom_bumper,drive,"Segmented bumper, six switches, skirt and compliant mounts",1,35,55,80,material/hardware allowance,,design_candidate,
low_quad10,drive_misc:floor_sensors,floor_sensors,drive,"Six cliff ToF sensors, two wheel-drop switches and windows",1,22,36,55,assembled allowance; separate from core obstacle sensing,https://www.st.com/en/imaging-and-photonics-solutions/vl53l1X,design_candidate,
low_quad10,drive_misc:bottom_harness,bottom_harness,drive,"Bottom harness, connector half and branch protection",1,40,65,95,"route allowance; includes encoder leads, sensor wiring and short tool cables",,design_candidate,
low_quad10,caster:caster,caster,drive,"TENTE Linea load 5940UAP050L51-8, stem and mounting plate",1,90,112,145,"catalog caster 90 g, 50.5 mm height and 40.5 mm sweep radius; installed stem/plate added",https://www.tente.com/en-ca/swivel-castor-50-mm/5940uap050l51-8-load-9011,design_candidate,"Twin polyurethane wheels, 92 Shore A and thread guards. Not a 50A soft drive tire; source availability and retained stem still need checking."
low_quad10,filter_bay:filter,filter,air_common,Roborock S7/S8 filter and replaceable sealed adapter,1,35,55,85,installed allowance; exact filter dimension and resistance still unknown,https://us.roborock.com/products/roborock-washable-filter-x2-for-roborock-s7-series,order_category_reported,"141 x 76 x 20 mm is a maximum element allocation, not a measured filter dimension."
low_quad10,blower_bay:blower,blower,air_common,WS7040-24-V200 blower and isolation pads,1,115,155,215,mass allowance; source provides dimensions/curve but no verified installed mass,https://global.bttwiki.com/Universal%20Turbo%20Kit.html,order_category_reported,
low_quad10,blower_driver:blower_driver,blower_driver,air_common,WS2403DY01V04 and default-off interface,1,15,24,36,driver sheet 15 g plus connections; omit optional printer adapter,https://global.bttwiki.com/img/Turbo_Kit/Turbo_Kit_Driver1.webp,expected_in_ordered_kit,
low_quad10,air_sensing:air_sensing,air_sensing,air_common,"Two 0–10 kPa differential sensor channels, protected pressure taps and fill sensor",1,22,38,58,"board/hose allowance; NXP MPX5010DP family reference, exact carrier TBD",,design_candidate,
low_quad10,extension:extension_duct,extension_duct,extension_common,Six telescoping rectangular suction stages,1,205,270,380,"calculated thin-wall allowance: six 245 mm stages, 1 mm walls, PETG 1.27 g/cm3; guide/seal changes may increase mass",,design_candidate,
low_quad10,extension:extension_guides,extension_guides,extension_common,"Retaining collars, low-friction seals, guided spring-steel strip and wipers",1,75,125,205,"custom mechanism allowance; 45 mm stage overlap, guided unsupported strip gap <=20 mm",,design_candidate,
low_quad10,extension_drive:extension_drive,extension_drive,extension_common,"Pololu 4845 feed motor, pinch drive, encoder roller and slip clutch",1,140,185,260,catalog motor plus mechanism allowance; 12 N force limit and 50 mm/s feed target,https://www.pololu.com/product/4845/specs,design_candidate,
low_quad10,extension_drive:tool_stage,tool_stage,extension_common,"TB9051FTG carrier, header and thermal mounting",1,3.1,7,13,catalog bare carrier 3.1 g plus installed allowance,https://www.pololu.com/product/2997/specs,design_candidate,
low_quad10,extension_cable:extension_wiring,extension_wiring,extension_common,"Coiled sensor lead, stowed switch, tip contact and extension sensing",1,20,35,55,"installed allowance; 1 m extension, independent retraction confirmation",,design_candidate,
low_quad10,extension_air_turn:air_plumbing,air_plumbing,extension_common,"Smooth dirt duct, clean plenum, exhaust, evacuation seal and flex joint",1,45,75,115,material allowance; all air remains on bottom,,design_candidate,
low_quad10,extension_bin:low_bin,low_bin,extension_common,"Raised 0.30 L usable-target bin, gate and baffle",1,100,155,220,material allowance; raised clear of central telescoping duct,,design_candidate,
low_quad10,low_head:low_head,low_head,low,"200 x 60 x 38 mm passive suction head, skids and compliant joint",1,90,135,195,95 cm3 PETG plus lips/skids; no onboard head motor; optional powered cassette must be rebudgeted,,design_candidate,
low_quad10,extension_lifter:pad_lift,pad_lift,extension_common,"Actuonix PQ12-R 100:1 6 V, 6 V supply, links and end switches",1,45,62,88,"19 g catalog actuator plus regulator, links, mount, switches and wire allowance; 12 mm lift from 20 mm stroke",https://www.actuonix.com/pq12-100-6-r,design_candidate,
low_quad10,extension_lifter:extension_cradle,extension_cradle,extension_common,"Four-bar extension lift cradle, slides and flex seal",1,35,55,90,material and hardware allowance; raises complete tube and head 12 mm before driving,,design_candidate,Separate from feed drive and its actuator.
low_quad10,anti_tip_left:anti_tip,anti_tip,drive,"Front backup roller: 624-2RS bearing, printed hub, silicone O-ring, M4 shoulder hardware",1,12,18,28,"Assembly allowance; 20 mm outside diameter, normally 2 mm above floor",,design_candidate,"Backup pitch stop, not a load-bearing swivel caster. No claim of wet grip. Pin and inner-race spacer prevent bearing clamping."
low_quad10,anti_tip_right:anti_tip,anti_tip,drive,"Front backup roller: 624-2RS bearing, printed hub, silicone O-ring, M4 shoulder hardware",1,12,18,28,"Assembly allowance; 20 mm outside diameter, normally 2 mm above floor",,design_candidate,"Backup pitch stop, not a load-bearing swivel caster. No claim of wet grip. Pin and inner-race spacer prevent bearing clamping."
low_quad10,dock_logic_power:dock_logic_power,dock_logic_power,core,"Station logic-power input, 24 V to 5 V regulator, source OR and hold-up capacitors",1,25,45,75,"Installed 40 W logic supply/interface allocation, not selected hardware",,design_candidate,Station 24 V / 60 W protected input; reverse-blocking source selection keeps Pi/supervisor live during pack exchange. No full-system UPS promise.
low_quad10,rotor_1:lift_motor,lift_motor,lift,Hobbywing RTF-3115 900KV motor,1,122,125,132,"manufacturer reference, 4–6S, HQ10x4.5x3 curve at 24 V",https://www.hobbywing.com/en/uploads/file/20251117/2a4a3f326d2bdede135f3e582b73eef3.pdf,design_candidate,
low_quad10,rotor_1:lift_prop,lift_prop,lift,HQProp 10x4.5x3 purchased propeller,1,14,20,27,mass allowance; exact curve-matched CW/CCW propellers required,https://www.hobbywing.com/en/uploads/file/20251117/2a4a3f326d2bdede135f3e582b73eef3.pdf,design_candidate,
low_quad10,rotor_1:lift_esc,lift_esc,lift,"One channel of matched 65 A 6S ESC hardware, local capacitors and mounts",1,20,32,50,per-channel installed allowance; two four-channel boards for octo; exact assembly thermal/power review pending,https://www.hobbywing.com/en/uploads/file/20251117/2a4a3f326d2bdede135f3e582b73eef3.pdf,design_candidate,
low_quad10,guard_1:lift_guard,lift_guard,lift,One 284 mm guard with spaced upper/lower mesh and ribs,1,55,90,140,per-rotor material allowance; 5 mm mesh pitch/0.35 mm wire and 25 mm axial stand-off reference; no containment certification,,design_candidate,
low_quad10,rotor_2:lift_motor,lift_motor,lift,Hobbywing RTF-3115 900KV motor,1,122,125,132,"manufacturer reference, 4–6S, HQ10x4.5x3 curve at 24 V",https://www.hobbywing.com/en/uploads/file/20251117/2a4a3f326d2bdede135f3e582b73eef3.pdf,design_candidate,
low_quad10,rotor_2:lift_prop,lift_prop,lift,HQProp 10x4.5x3 purchased propeller,1,14,20,27,mass allowance; exact curve-matched CW/CCW propellers required,https://www.hobbywing.com/en/uploads/file/20251117/2a4a3f326d2bdede135f3e582b73eef3.pdf,design_candidate,
low_quad10,rotor_2:lift_esc,lift_esc,lift,"One channel of matched 65 A 6S ESC hardware, local capacitors and mounts",1,20,32,50,per-channel installed allowance; two four-channel boards for octo; exact assembly thermal/power review pending,https://www.hobbywing.com/en/uploads/file/20251117/2a4a3f326d2bdede135f3e582b73eef3.pdf,design_candidate,
low_quad10,guard_2:lift_guard,lift_guard,lift,One 284 mm guard with spaced upper/lower mesh and ribs,1,55,90,140,per-rotor material allowance; 5 mm mesh pitch/0.35 mm wire and 25 mm axial stand-off reference; no containment certification,,design_candidate,
low_quad10,rotor_3:lift_motor,lift_motor,lift,Hobbywing RTF-3115 900KV motor,1,122,125,132,"manufacturer reference, 4–6S, HQ10x4.5x3 curve at 24 V",https://www.hobbywing.com/en/uploads/file/20251117/2a4a3f326d2bdede135f3e582b73eef3.pdf,design_candidate,
low_quad10,rotor_3:lift_prop,lift_prop,lift,HQProp 10x4.5x3 purchased propeller,1,14,20,27,mass allowance; exact curve-matched CW/CCW propellers required,https://www.hobbywing.com/en/uploads/file/20251117/2a4a3f326d2bdede135f3e582b73eef3.pdf,design_candidate,
low_quad10,rotor_3:lift_esc,lift_esc,lift,"One channel of matched 65 A 6S ESC hardware, local capacitors and mounts",1,20,32,50,per-channel installed allowance; two four-channel boards for octo; exact assembly thermal/power review pending,https://www.hobbywing.com/en/uploads/file/20251117/2a4a3f326d2bdede135f3e582b73eef3.pdf,design_candidate,
low_quad10,guard_3:lift_guard,lift_guard,lift,One 284 mm guard with spaced upper/lower mesh and ribs,1,55,90,140,per-rotor material allowance; 5 mm mesh pitch/0.35 mm wire and 25 mm axial stand-off reference; no containment certification,,design_candidate,
low_quad10,rotor_4:lift_motor,lift_motor,lift,Hobbywing RTF-3115 900KV motor,1,122,125,132,"manufacturer reference, 4–6S, HQ10x4.5x3 curve at 24 V",https://www.hobbywing.com/en/uploads/file/20251117/2a4a3f326d2bdede135f3e582b73eef3.pdf,design_candidate,
low_quad10,rotor_4:lift_prop,lift_prop,lift,HQProp 10x4.5x3 purchased propeller,1,14,20,27,mass allowance; exact curve-matched CW/CCW propellers required,https://www.hobbywing.com/en/uploads/file/20251117/2a4a3f326d2bdede135f3e582b73eef3.pdf,design_candidate,
low_quad10,rotor_4:lift_esc,lift_esc,lift,"One channel of matched 65 A 6S ESC hardware, local capacitors and mounts",1,20,32,50,per-channel installed allowance; two four-channel boards for octo; exact assembly thermal/power review pending,https://www.hobbywing.com/en/uploads/file/20251117/2a4a3f326d2bdede135f3e582b73eef3.pdf,design_candidate,
low_quad10,guard_4:lift_guard,lift_guard,lift,One 284 mm guard with spaced upper/lower mesh and ribs,1,55,90,140,per-rotor material allowance; 5 mm mesh pitch/0.35 mm wire and 25 mm axial stand-off reference; no containment certification,,design_candidate,
low_quad10,lift_structure:lift_structure,lift_structure,lift,"Carbon tubes, diagonal braces, hub frame and metal clamp joints",0.7,259.0,378.0,546.0,"stock/material allowance; 20/18 mm main tubes, 10/8 mm braces, no printed primary arm cantilever",,design_candidate,
low_quad10,lift_joinery:lift_joinery,lift_joinery,lift,"Top-side locks, brackets, fasteners and station pickup features",1,80,120,180,material/hardware allowance; four positive locks and metal load spreaders,,design_candidate,
low_quad10,lift_harness:lift_harness,lift_harness,lift,"High-current trunk/branches, connectors, sensing and distribution",1,280,430,650,route allowance; includes main contacts and two fore/aft feeds; battery-side protection stays in core,,design_candidate,
low_quad10,flight_controller:flight_controller,flight_controller,lift,Holybro Pixhawk 6C Mini current Model A and vibration mount,1,42.4,53,70,catalog 42.4 g plus mount,https://docs.holybro.com/autopilot/pixhawk-6c-mini/technical-specification,design_candidate,
low_quad10,flight_power:flight_power,flight_power,lift,"Independent flight-controller regulator, current interface and hold-up",1,30,50,85,assembly allowance; flight electronics remain live during floor-tool shutdown,,design_candidate,
low_quad10,flight_sensors:flight_sensors,flight_sensors,lift,"Downward range, four sector range boards, mounts and link interfaces",1,45,75,115,sensor/mount allowance; stereo cameras budgeted separately; not complete collision coverage by specification alone,,design_candidate,
low_quad10,flight_io:flight_io,flight_io,lift,"Local status, logging, independent disarm/maintenance inputs and harness",1,20,35,60,electronics allowance,,design_candidate,
low_quad10,depth_camera:depth_camera,depth_camera,lift,OAK-D S2 USB stereo camera and bracket,2,182,212,250,manufacturer drawing and 91 g reference plus mount/cable allowance,https://cdn.robotshop.com/media/l/lux/rb-lux-16/pdf/luxonis-oak-d-s2-camera-auto-focus-datasheet.pdf,design_candidate,
low_quad10,battery,design_6s,battery,6S / 5.2 Ah comparison,1,700,753,820,Listed pack reference; no protection or harness double-counted,https://www.amazon.com/dp/B0BNDHPBBX,comparison_not_ordered,
low_quad10,payload,payload,payload,0.30 L bin target. Head has 60 mm stowed front overhang; extension is an explicit envelope exception.,1,120,120,250,Bounded design contents,Owner task / design allowance,consumable_load,
low_hex10,core_power:logic_buck,logic_buck,core,"5 V regulator and carrier, 40 W design allocation",1,15,25,45,assembly allowance; D42V110F5 family reference; exact variant and thermal review required,https://www.pololu.com/product/5671/specs,design_candidate,
low_hex10,core_power:motor_buck,motor_buck,core,D42V110F12 regulator and mounting,1,15,24,36,catalog bare 15 g plus installed allowance,https://www.pololu.com/product/5677/specs,design_candidate,
low_hex10,core_power:regen_clamp,regen_clamp,core,"12 V braking clamp, reverse blocking, resistor and bulk capacitors",1,22,40,70,"custom circuit allowance; 15 V comparator threshold, 10 ohm 25 W resistor, 2200 uF/25 V reference",https://resources.basicmicro.com/manual/roboclaw/operational-requirements/,design_candidate,
low_hex10,core_power:tool_converter,tool_converter,core,Cincon CHB100W-24S24 plus HBT127/PH01 cooling and carrier,1,155,190,245,"catalog 95+50.4+1.9 g plus fan, carrier and mounting; comparison regulator for 6S case",https://www.cincon.com/productdownload/Datasheet-CHB100W.pdf,design_candidate,
low_hex10,pi_bay:pi,pi,core,"Raspberry Pi 5, active cooler and microSD",1,65,82,105,installed allowance; owned board available; processing power is a workload estimate,https://www.raspberrypi.com/products/raspberry-pi-5/,owned_board_candidate,
low_hex10,front_camera:depth_camera,depth_camera,core,OAK-D S2 USB stereo camera and bracket,1,91,106,125,manufacturer drawing and 91 g reference plus mount/cable allowance,https://cdn.robotshop.com/media/l/lux/rb-lux-16/pdf/luxonis-oak-d-s2-camera-auto-focus-datasheet.pdf,design_candidate,
low_hex10,core_mcu_bay:core_mcu,core_mcu,core,ESP32-DevKitC plus CAN transceiver and hardware watchdog,1,12,20,30,board plus interface allowance,https://documentation.espressif.com/esp-dev-kits/en/latest/esp32/esp32-devkitc/user_guide.html,design_candidate,
low_hex10,battery_bay:battery_cartridge,battery_cartridge,core,"Removable cartridge shell, cell monitor/ID/temperature, fuse and recessed contacts",1,85,140,220,"Installed allowance: 65 g shell/restraint, 35 g monitor/ID, 40 g fuse/contacts/wiring nominal; excludes bare cell pack and fixed core receiver",https://www.ti.com/product/BQ76952,design_candidate,Carried once; the same 140 g nominal tare accompanies every stored pack. Main switched discharge stage stays in core. Packaging and flight current are unqualified.
low_hex10,battery_bay:battery_receiver,battery_receiver,core,"Fixed battery guide, positive latch, presence switches and floating contact support",1,30,50,85,Additional automatic-exchange receiver allowance; passive latch retained without power,,design_candidate,Mass excludes cartridge-side hardware; station actuator releases latch only after mechanical support.
low_hex10,pack_protection:core_monitor,core_monitor,core,"Core switched discharge bus, current shunt, precharge and protection power stage",1,45,80,140,custom PCB assembly allowance; reference IC is not a complete high-current BMS,,design_candidate,Cell monitor/temperature sensing travels in battery cartridge and commands this fixed high-current stage. 150 A continuous / 320 A short allocation remains unqualified; custom circuitry required.
low_hex10,lidar:lidar,lidar,core,Core-fixed SLAMTEC RPLIDAR A1,1,160,170,185,manufacturer family reference; owned revision not measured,https://www.slamtec.com/cn/lidar/a1spec,owned_candidate,
low_hex10,core_misc:core_prints,core_prints,core,"Core PETG ribs, equipment trays and ducts",1,110,160,225,material allowance: 126 cm3 effective PETG at 1.27 g/cm3; not slicer output,,design_candidate,
low_hex10,core_misc:core_metal,core_metal,core,"Two open aluminum perimeter frames, spacers and load spreaders",1,110,145,190,calculated stock allowance: two 270/250 mm square 2 mm rings = 112.3 g; spacers/spreaders added,,design_candidate,
low_hex10,core_misc:core_locks,core_locks,core,"Eight core-side captive sliding locks, seats, springs and detection",1,90,130,185,"mechanism allowance; four top and four bottom, station-actuated",,design_candidate,
low_hex10,core_misc:core_harness,core_harness,core,"Core wiring, connector halves, fuse, charge and service access",1,85,125,190,route allowance; includes floor harness and short high-current trunk; excludes lift-side wiring,,design_candidate,Fixed core distribution only; cartridge contacts/receiver and auxiliary dock-power hardware are budgeted separately.
low_hex10,core_misc:core_near,core_near,core,"Six near-field ToF boards, windows and core IMU allowance",1,20,32,50,sensor plus harness/mount allowance; no all-surface detection guarantee,https://www.st.com/en/imaging-and-photonics-solutions/vl53l1X,design_candidate,
low_hex10,core_misc:status,status,core,"Stop switch, buzzer, status LEDs and guard contacts",1,8,15,25,small hardware allowance,,design_candidate,
low_hex10,wheel_left:drive_wheel,drive_wheel,drive,goBILDA Hogback 72 x 24 mm silicone wheel,1,52,55,59,manufacturer reference,https://www.gobilda.com/hogback-traction-wheel-72mm-diameter-50a-durometer/,design_candidate,
low_hex10,wheel_left:wheel_hub,wheel_hub,drive,goBILDA Sonic 4 mm hub plus four wheel screws,1,12,17,23,installed allowance; shaft engagement 8.5 mm with 8 mm hub,https://www.gobilda.com/1309-series-sonic-hub-4mm-bore/,design_candidate,
low_hex10,pod_left:drive_motor,drive_motor,drive,Pololu 4846 75:1 12 V encoder motor,1,99,104,110,catalog reference and modest assembly variation,https://www.pololu.com/product/4846/specs,two_ordered_for_first_bottom,
low_hex10,pod_left:pod,pod,drive,"Trailing pod, metal motor plate, M4 pivot, bushings, spring and stops",1,42,62,90,per-wheel material/hardware allowance: 28 cm3 PETG plus 26 g stock and fasteners,,design_candidate,
low_hex10,wheel_right:drive_wheel,drive_wheel,drive,goBILDA Hogback 72 x 24 mm silicone wheel,1,52,55,59,manufacturer reference,https://www.gobilda.com/hogback-traction-wheel-72mm-diameter-50a-durometer/,design_candidate,
low_hex10,wheel_right:wheel_hub,wheel_hub,drive,goBILDA Sonic 4 mm hub plus four wheel screws,1,12,17,23,installed allowance; shaft engagement 8.5 mm with 8 mm hub,https://www.gobilda.com/1309-series-sonic-hub-4mm-bore/,design_candidate,
low_hex10,pod_right:drive_motor,drive_motor,drive,Pololu 4846 75:1 12 V encoder motor,1,99,104,110,catalog reference and modest assembly variation,https://www.pololu.com/product/4846/specs,two_ordered_for_first_bottom,
low_hex10,pod_right:pod,pod,drive,"Trailing pod, metal motor plate, M4 pivot, bushings, spring and stops",1,42,62,90,per-wheel material/hardware allowance: 28 cm3 PETG plus 26 g stock and fasteners,,design_candidate,
low_hex10,drive_control:roboclaw,roboclaw,drive,RoboClaw IMC404 with standoffs,1,18,24,33,catalog board 18 g plus mounts,https://www.basicmicro.com/RoboClaw-2x7A-Motor-Controller_p_55.html,one_ordered_for_first_bottom,
low_hex10,drive_control:bottom_mcu,bottom_mcu,drive,"ESP32 bottom controller, CAN, I2C mux and interlocks",1,18,28,42,installed electronics allowance,https://documentation.espressif.com/esp-dev-kits/en/latest/esp32/esp32-devkitc/user_guide.html,design_candidate,
low_hex10,drive_misc:bottom_frame,bottom_frame,drive,"Bottom PETG skeleton, aluminum rails and module-side studs",1,160,225,305,"120 cm3 PETG plus 73 g rails/studs; contains no motors, pods, bumper or tool shell",,design_candidate,
low_hex10,drive_misc:bottom_bumper,bottom_bumper,drive,"Segmented bumper, six switches, skirt and compliant mounts",1,35,55,80,material/hardware allowance,,design_candidate,
low_hex10,drive_misc:floor_sensors,floor_sensors,drive,"Six cliff ToF sensors, two wheel-drop switches and windows",1,22,36,55,assembled allowance; separate from core obstacle sensing,https://www.st.com/en/imaging-and-photonics-solutions/vl53l1X,design_candidate,
low_hex10,drive_misc:bottom_harness,bottom_harness,drive,"Bottom harness, connector half and branch protection",1,40,65,95,"route allowance; includes encoder leads, sensor wiring and short tool cables",,design_candidate,
low_hex10,caster:caster,caster,drive,"TENTE Linea load 5940UAP050L51-8, stem and mounting plate",1,90,112,145,"catalog caster 90 g, 50.5 mm height and 40.5 mm sweep radius; installed stem/plate added",https://www.tente.com/en-ca/swivel-castor-50-mm/5940uap050l51-8-load-9011,design_candidate,"Twin polyurethane wheels, 92 Shore A and thread guards. Not a 50A soft drive tire; source availability and retained stem still need checking."
low_hex10,filter_bay:filter,filter,air_common,Roborock S7/S8 filter and replaceable sealed adapter,1,35,55,85,installed allowance; exact filter dimension and resistance still unknown,https://us.roborock.com/products/roborock-washable-filter-x2-for-roborock-s7-series,order_category_reported,"141 x 76 x 20 mm is a maximum element allocation, not a measured filter dimension."
low_hex10,blower_bay:blower,blower,air_common,WS7040-24-V200 blower and isolation pads,1,115,155,215,mass allowance; source provides dimensions/curve but no verified installed mass,https://global.bttwiki.com/Universal%20Turbo%20Kit.html,order_category_reported,
low_hex10,blower_driver:blower_driver,blower_driver,air_common,WS2403DY01V04 and default-off interface,1,15,24,36,driver sheet 15 g plus connections; omit optional printer adapter,https://global.bttwiki.com/img/Turbo_Kit/Turbo_Kit_Driver1.webp,expected_in_ordered_kit,
low_hex10,air_sensing:air_sensing,air_sensing,air_common,"Two 0–10 kPa differential sensor channels, protected pressure taps and fill sensor",1,22,38,58,"board/hose allowance; NXP MPX5010DP family reference, exact carrier TBD",,design_candidate,
low_hex10,extension:extension_duct,extension_duct,extension_common,Six telescoping rectangular suction stages,1,205,270,380,"calculated thin-wall allowance: six 245 mm stages, 1 mm walls, PETG 1.27 g/cm3; guide/seal changes may increase mass",,design_candidate,
low_hex10,extension:extension_guides,extension_guides,extension_common,"Retaining collars, low-friction seals, guided spring-steel strip and wipers",1,75,125,205,"custom mechanism allowance; 45 mm stage overlap, guided unsupported strip gap <=20 mm",,design_candidate,
low_hex10,extension_drive:extension_drive,extension_drive,extension_common,"Pololu 4845 feed motor, pinch drive, encoder roller and slip clutch",1,140,185,260,catalog motor plus mechanism allowance; 12 N force limit and 50 mm/s feed target,https://www.pololu.com/product/4845/specs,design_candidate,
low_hex10,extension_drive:tool_stage,tool_stage,extension_common,"TB9051FTG carrier, header and thermal mounting",1,3.1,7,13,catalog bare carrier 3.1 g plus installed allowance,https://www.pololu.com/product/2997/specs,design_candidate,
low_hex10,extension_cable:extension_wiring,extension_wiring,extension_common,"Coiled sensor lead, stowed switch, tip contact and extension sensing",1,20,35,55,"installed allowance; 1 m extension, independent retraction confirmation",,design_candidate,
low_hex10,extension_air_turn:air_plumbing,air_plumbing,extension_common,"Smooth dirt duct, clean plenum, exhaust, evacuation seal and flex joint",1,45,75,115,material allowance; all air remains on bottom,,design_candidate,
low_hex10,extension_bin:low_bin,low_bin,extension_common,"Raised 0.30 L usable-target bin, gate and baffle",1,100,155,220,material allowance; raised clear of central telescoping duct,,design_candidate,
low_hex10,low_head:low_head,low_head,low,"200 x 60 x 38 mm passive suction head, skids and compliant joint",1,90,135,195,95 cm3 PETG plus lips/skids; no onboard head motor; optional powered cassette must be rebudgeted,,design_candidate,
low_hex10,extension_lifter:pad_lift,pad_lift,extension_common,"Actuonix PQ12-R 100:1 6 V, 6 V supply, links and end switches",1,45,62,88,"19 g catalog actuator plus regulator, links, mount, switches and wire allowance; 12 mm lift from 20 mm stroke",https://www.actuonix.com/pq12-100-6-r,design_candidate,
low_hex10,extension_lifter:extension_cradle,extension_cradle,extension_common,"Four-bar extension lift cradle, slides and flex seal",1,35,55,90,material and hardware allowance; raises complete tube and head 12 mm before driving,,design_candidate,Separate from feed drive and its actuator.
low_hex10,anti_tip_left:anti_tip,anti_tip,drive,"Front backup roller: 624-2RS bearing, printed hub, silicone O-ring, M4 shoulder hardware",1,12,18,28,"Assembly allowance; 20 mm outside diameter, normally 2 mm above floor",,design_candidate,"Backup pitch stop, not a load-bearing swivel caster. No claim of wet grip. Pin and inner-race spacer prevent bearing clamping."
low_hex10,anti_tip_right:anti_tip,anti_tip,drive,"Front backup roller: 624-2RS bearing, printed hub, silicone O-ring, M4 shoulder hardware",1,12,18,28,"Assembly allowance; 20 mm outside diameter, normally 2 mm above floor",,design_candidate,"Backup pitch stop, not a load-bearing swivel caster. No claim of wet grip. Pin and inner-race spacer prevent bearing clamping."
low_hex10,dock_logic_power:dock_logic_power,dock_logic_power,core,"Station logic-power input, 24 V to 5 V regulator, source OR and hold-up capacitors",1,25,45,75,"Installed 40 W logic supply/interface allocation, not selected hardware",,design_candidate,Station 24 V / 60 W protected input; reverse-blocking source selection keeps Pi/supervisor live during pack exchange. No full-system UPS promise.
low_hex10,rotor_1:lift_motor,lift_motor,lift,Hobbywing RTF-3115 900KV motor,1,122,125,132,"manufacturer reference, 4–6S, HQ10x4.5x3 curve at 24 V",https://www.hobbywing.com/en/uploads/file/20251117/2a4a3f326d2bdede135f3e582b73eef3.pdf,design_candidate,
low_hex10,rotor_1:lift_prop,lift_prop,lift,HQProp 10x4.5x3 purchased propeller,1,14,20,27,mass allowance; exact curve-matched CW/CCW propellers required,https://www.hobbywing.com/en/uploads/file/20251117/2a4a3f326d2bdede135f3e582b73eef3.pdf,design_candidate,
low_hex10,rotor_1:lift_esc,lift_esc,lift,"One channel of matched 65 A 6S ESC hardware, local capacitors and mounts",1,20,32,50,per-channel installed allowance; two four-channel boards for octo; exact assembly thermal/power review pending,https://www.hobbywing.com/en/uploads/file/20251117/2a4a3f326d2bdede135f3e582b73eef3.pdf,design_candidate,
low_hex10,guard_1:lift_guard,lift_guard,lift,One 284 mm guard with spaced upper/lower mesh and ribs,1,55,90,140,per-rotor material allowance; 5 mm mesh pitch/0.35 mm wire and 25 mm axial stand-off reference; no containment certification,,design_candidate,
low_hex10,rotor_2:lift_motor,lift_motor,lift,Hobbywing RTF-3115 900KV motor,1,122,125,132,"manufacturer reference, 4–6S, HQ10x4.5x3 curve at 24 V",https://www.hobbywing.com/en/uploads/file/20251117/2a4a3f326d2bdede135f3e582b73eef3.pdf,design_candidate,
low_hex10,rotor_2:lift_prop,lift_prop,lift,HQProp 10x4.5x3 purchased propeller,1,14,20,27,mass allowance; exact curve-matched CW/CCW propellers required,https://www.hobbywing.com/en/uploads/file/20251117/2a4a3f326d2bdede135f3e582b73eef3.pdf,design_candidate,
low_hex10,rotor_2:lift_esc,lift_esc,lift,"One channel of matched 65 A 6S ESC hardware, local capacitors and mounts",1,20,32,50,per-channel installed allowance; two four-channel boards for octo; exact assembly thermal/power review pending,https://www.hobbywing.com/en/uploads/file/20251117/2a4a3f326d2bdede135f3e582b73eef3.pdf,design_candidate,
low_hex10,guard_2:lift_guard,lift_guard,lift,One 284 mm guard with spaced upper/lower mesh and ribs,1,55,90,140,per-rotor material allowance; 5 mm mesh pitch/0.35 mm wire and 25 mm axial stand-off reference; no containment certification,,design_candidate,
low_hex10,rotor_3:lift_motor,lift_motor,lift,Hobbywing RTF-3115 900KV motor,1,122,125,132,"manufacturer reference, 4–6S, HQ10x4.5x3 curve at 24 V",https://www.hobbywing.com/en/uploads/file/20251117/2a4a3f326d2bdede135f3e582b73eef3.pdf,design_candidate,
low_hex10,rotor_3:lift_prop,lift_prop,lift,HQProp 10x4.5x3 purchased propeller,1,14,20,27,mass allowance; exact curve-matched CW/CCW propellers required,https://www.hobbywing.com/en/uploads/file/20251117/2a4a3f326d2bdede135f3e582b73eef3.pdf,design_candidate,
low_hex10,rotor_3:lift_esc,lift_esc,lift,"One channel of matched 65 A 6S ESC hardware, local capacitors and mounts",1,20,32,50,per-channel installed allowance; two four-channel boards for octo; exact assembly thermal/power review pending,https://www.hobbywing.com/en/uploads/file/20251117/2a4a3f326d2bdede135f3e582b73eef3.pdf,design_candidate,
low_hex10,guard_3:lift_guard,lift_guard,lift,One 284 mm guard with spaced upper/lower mesh and ribs,1,55,90,140,per-rotor material allowance; 5 mm mesh pitch/0.35 mm wire and 25 mm axial stand-off reference; no containment certification,,design_candidate,
low_hex10,rotor_4:lift_motor,lift_motor,lift,Hobbywing RTF-3115 900KV motor,1,122,125,132,"manufacturer reference, 4–6S, HQ10x4.5x3 curve at 24 V",https://www.hobbywing.com/en/uploads/file/20251117/2a4a3f326d2bdede135f3e582b73eef3.pdf,design_candidate,
low_hex10,rotor_4:lift_prop,lift_prop,lift,HQProp 10x4.5x3 purchased propeller,1,14,20,27,mass allowance; exact curve-matched CW/CCW propellers required,https://www.hobbywing.com/en/uploads/file/20251117/2a4a3f326d2bdede135f3e582b73eef3.pdf,design_candidate,
low_hex10,rotor_4:lift_esc,lift_esc,lift,"One channel of matched 65 A 6S ESC hardware, local capacitors and mounts",1,20,32,50,per-channel installed allowance; two four-channel boards for octo; exact assembly thermal/power review pending,https://www.hobbywing.com/en/uploads/file/20251117/2a4a3f326d2bdede135f3e582b73eef3.pdf,design_candidate,
low_hex10,guard_4:lift_guard,lift_guard,lift,One 284 mm guard with spaced upper/lower mesh and ribs,1,55,90,140,per-rotor material allowance; 5 mm mesh pitch/0.35 mm wire and 25 mm axial stand-off reference; no containment certification,,design_candidate,
low_hex10,rotor_5:lift_motor,lift_motor,lift,Hobbywing RTF-3115 900KV motor,1,122,125,132,"manufacturer reference, 4–6S, HQ10x4.5x3 curve at 24 V",https://www.hobbywing.com/en/uploads/file/20251117/2a4a3f326d2bdede135f3e582b73eef3.pdf,design_candidate,
low_hex10,rotor_5:lift_prop,lift_prop,lift,HQProp 10x4.5x3 purchased propeller,1,14,20,27,mass allowance; exact curve-matched CW/CCW propellers required,https://www.hobbywing.com/en/uploads/file/20251117/2a4a3f326d2bdede135f3e582b73eef3.pdf,design_candidate,
low_hex10,rotor_5:lift_esc,lift_esc,lift,"One channel of matched 65 A 6S ESC hardware, local capacitors and mounts",1,20,32,50,per-channel installed allowance; two four-channel boards for octo; exact assembly thermal/power review pending,https://www.hobbywing.com/en/uploads/file/20251117/2a4a3f326d2bdede135f3e582b73eef3.pdf,design_candidate,
low_hex10,guard_5:lift_guard,lift_guard,lift,One 284 mm guard with spaced upper/lower mesh and ribs,1,55,90,140,per-rotor material allowance; 5 mm mesh pitch/0.35 mm wire and 25 mm axial stand-off reference; no containment certification,,design_candidate,
low_hex10,rotor_6:lift_motor,lift_motor,lift,Hobbywing RTF-3115 900KV motor,1,122,125,132,"manufacturer reference, 4–6S, HQ10x4.5x3 curve at 24 V",https://www.hobbywing.com/en/uploads/file/20251117/2a4a3f326d2bdede135f3e582b73eef3.pdf,design_candidate,
low_hex10,rotor_6:lift_prop,lift_prop,lift,HQProp 10x4.5x3 purchased propeller,1,14,20,27,mass allowance; exact curve-matched CW/CCW propellers required,https://www.hobbywing.com/en/uploads/file/20251117/2a4a3f326d2bdede135f3e582b73eef3.pdf,design_candidate,
low_hex10,rotor_6:lift_esc,lift_esc,lift,"One channel of matched 65 A 6S ESC hardware, local capacitors and mounts",1,20,32,50,per-channel installed allowance; two four-channel boards for octo; exact assembly thermal/power review pending,https://www.hobbywing.com/en/uploads/file/20251117/2a4a3f326d2bdede135f3e582b73eef3.pdf,design_candidate,
low_hex10,guard_6:lift_guard,lift_guard,lift,One 284 mm guard with spaced upper/lower mesh and ribs,1,55,90,140,per-rotor material allowance; 5 mm mesh pitch/0.35 mm wire and 25 mm axial stand-off reference; no containment certification,,design_candidate,
low_hex10,lift_structure:lift_structure,lift_structure,lift,"Carbon tubes, diagonal braces, hub frame and metal clamp joints",0.88,325.6,475.2,686.4,"stock/material allowance; 20/18 mm main tubes, 10/8 mm braces, no printed primary arm cantilever",,design_candidate,
low_hex10,lift_joinery:lift_joinery,lift_joinery,lift,"Top-side locks, brackets, fasteners and station pickup features",1,80,120,180,material/hardware allowance; four positive locks and metal load spreaders,,design_candidate,
low_hex10,lift_harness:lift_harness,lift_harness,lift,"High-current trunk/branches, connectors, sensing and distribution",1,280,430,650,route allowance; includes main contacts and two fore/aft feeds; battery-side protection stays in core,,design_candidate,
low_hex10,flight_controller:flight_controller,flight_controller,lift,Holybro Pixhawk 6C Mini current Model A and vibration mount,1,42.4,53,70,catalog 42.4 g plus mount,https://docs.holybro.com/autopilot/pixhawk-6c-mini/technical-specification,design_candidate,
low_hex10,flight_power:flight_power,flight_power,lift,"Independent flight-controller regulator, current interface and hold-up",1,30,50,85,assembly allowance; flight electronics remain live during floor-tool shutdown,,design_candidate,
low_hex10,flight_sensors:flight_sensors,flight_sensors,lift,"Downward range, four sector range boards, mounts and link interfaces",1,45,75,115,sensor/mount allowance; stereo cameras budgeted separately; not complete collision coverage by specification alone,,design_candidate,
low_hex10,flight_io:flight_io,flight_io,lift,"Local status, logging, independent disarm/maintenance inputs and harness",1,20,35,60,electronics allowance,,design_candidate,
low_hex10,depth_camera:depth_camera,depth_camera,lift,OAK-D S2 USB stereo camera and bracket,2,182,212,250,manufacturer drawing and 91 g reference plus mount/cable allowance,https://cdn.robotshop.com/media/l/lux/rb-lux-16/pdf/luxonis-oak-d-s2-camera-auto-focus-datasheet.pdf,design_candidate,
low_hex10,battery,design_6s,battery,6S / 5.2 Ah comparison,1,700,753,820,Listed pack reference; no protection or harness double-counted,https://www.amazon.com/dp/B0BNDHPBBX,comparison_not_ordered,
low_hex10,payload,payload,payload,0.30 L bin target. Head has 60 mm stowed front overhang; extension is an explicit envelope exception.,1,120,120,250,Bounded design contents,Owner task / design allowance,consumable_load,
low_octo10,core_power:logic_buck,logic_buck,core,"5 V regulator and carrier, 40 W design allocation",1,15,25,45,assembly allowance; D42V110F5 family reference; exact variant and thermal review required,https://www.pololu.com/product/5671/specs,design_candidate,
low_octo10,core_power:motor_buck,motor_buck,core,D42V110F12 regulator and mounting,1,15,24,36,catalog bare 15 g plus installed allowance,https://www.pololu.com/product/5677/specs,design_candidate,
low_octo10,core_power:regen_clamp,regen_clamp,core,"12 V braking clamp, reverse blocking, resistor and bulk capacitors",1,22,40,70,"custom circuit allowance; 15 V comparator threshold, 10 ohm 25 W resistor, 2200 uF/25 V reference",https://resources.basicmicro.com/manual/roboclaw/operational-requirements/,design_candidate,
low_octo10,core_power:tool_converter,tool_converter,core,Cincon CHB100W-24S24 plus HBT127/PH01 cooling and carrier,1,155,190,245,"catalog 95+50.4+1.9 g plus fan, carrier and mounting; comparison regulator for 6S case",https://www.cincon.com/productdownload/Datasheet-CHB100W.pdf,design_candidate,
low_octo10,pi_bay:pi,pi,core,"Raspberry Pi 5, active cooler and microSD",1,65,82,105,installed allowance; owned board available; processing power is a workload estimate,https://www.raspberrypi.com/products/raspberry-pi-5/,owned_board_candidate,
low_octo10,front_camera:depth_camera,depth_camera,core,OAK-D S2 USB stereo camera and bracket,1,91,106,125,manufacturer drawing and 91 g reference plus mount/cable allowance,https://cdn.robotshop.com/media/l/lux/rb-lux-16/pdf/luxonis-oak-d-s2-camera-auto-focus-datasheet.pdf,design_candidate,
low_octo10,core_mcu_bay:core_mcu,core_mcu,core,ESP32-DevKitC plus CAN transceiver and hardware watchdog,1,12,20,30,board plus interface allowance,https://documentation.espressif.com/esp-dev-kits/en/latest/esp32/esp32-devkitc/user_guide.html,design_candidate,
low_octo10,battery_bay:battery_cartridge,battery_cartridge,core,"Removable cartridge shell, cell monitor/ID/temperature, fuse and recessed contacts",1,85,140,220,"Installed allowance: 65 g shell/restraint, 35 g monitor/ID, 40 g fuse/contacts/wiring nominal; excludes bare cell pack and fixed core receiver",https://www.ti.com/product/BQ76952,design_candidate,Carried once; the same 140 g nominal tare accompanies every stored pack. Main switched discharge stage stays in core. Packaging and flight current are unqualified.
low_octo10,battery_bay:battery_receiver,battery_receiver,core,"Fixed battery guide, positive latch, presence switches and floating contact support",1,30,50,85,Additional automatic-exchange receiver allowance; passive latch retained without power,,design_candidate,Mass excludes cartridge-side hardware; station actuator releases latch only after mechanical support.
low_octo10,pack_protection:core_monitor,core_monitor,core,"Core switched discharge bus, current shunt, precharge and protection power stage",1,45,80,140,custom PCB assembly allowance; reference IC is not a complete high-current BMS,,design_candidate,Cell monitor/temperature sensing travels in battery cartridge and commands this fixed high-current stage. 150 A continuous / 320 A short allocation remains unqualified; custom circuitry required.
low_octo10,lidar:lidar,lidar,core,Core-fixed SLAMTEC RPLIDAR A1,1,160,170,185,manufacturer family reference; owned revision not measured,https://www.slamtec.com/cn/lidar/a1spec,owned_candidate,
low_octo10,core_misc:core_prints,core_prints,core,"Core PETG ribs, equipment trays and ducts",1,110,160,225,material allowance: 126 cm3 effective PETG at 1.27 g/cm3; not slicer output,,design_candidate,
low_octo10,core_misc:core_metal,core_metal,core,"Two open aluminum perimeter frames, spacers and load spreaders",1,110,145,190,calculated stock allowance: two 270/250 mm square 2 mm rings = 112.3 g; spacers/spreaders added,,design_candidate,
low_octo10,core_misc:core_locks,core_locks,core,"Eight core-side captive sliding locks, seats, springs and detection",1,90,130,185,"mechanism allowance; four top and four bottom, station-actuated",,design_candidate,
low_octo10,core_misc:core_harness,core_harness,core,"Core wiring, connector halves, fuse, charge and service access",1,85,125,190,route allowance; includes floor harness and short high-current trunk; excludes lift-side wiring,,design_candidate,Fixed core distribution only; cartridge contacts/receiver and auxiliary dock-power hardware are budgeted separately.
low_octo10,core_misc:core_near,core_near,core,"Six near-field ToF boards, windows and core IMU allowance",1,20,32,50,sensor plus harness/mount allowance; no all-surface detection guarantee,https://www.st.com/en/imaging-and-photonics-solutions/vl53l1X,design_candidate,
low_octo10,core_misc:status,status,core,"Stop switch, buzzer, status LEDs and guard contacts",1,8,15,25,small hardware allowance,,design_candidate,
low_octo10,wheel_left:drive_wheel,drive_wheel,drive,goBILDA Hogback 72 x 24 mm silicone wheel,1,52,55,59,manufacturer reference,https://www.gobilda.com/hogback-traction-wheel-72mm-diameter-50a-durometer/,design_candidate,
low_octo10,wheel_left:wheel_hub,wheel_hub,drive,goBILDA Sonic 4 mm hub plus four wheel screws,1,12,17,23,installed allowance; shaft engagement 8.5 mm with 8 mm hub,https://www.gobilda.com/1309-series-sonic-hub-4mm-bore/,design_candidate,
low_octo10,pod_left:drive_motor,drive_motor,drive,Pololu 4846 75:1 12 V encoder motor,1,99,104,110,catalog reference and modest assembly variation,https://www.pololu.com/product/4846/specs,two_ordered_for_first_bottom,
low_octo10,pod_left:pod,pod,drive,"Trailing pod, metal motor plate, M4 pivot, bushings, spring and stops",1,42,62,90,per-wheel material/hardware allowance: 28 cm3 PETG plus 26 g stock and fasteners,,design_candidate,
low_octo10,wheel_right:drive_wheel,drive_wheel,drive,goBILDA Hogback 72 x 24 mm silicone wheel,1,52,55,59,manufacturer reference,https://www.gobilda.com/hogback-traction-wheel-72mm-diameter-50a-durometer/,design_candidate,
low_octo10,wheel_right:wheel_hub,wheel_hub,drive,goBILDA Sonic 4 mm hub plus four wheel screws,1,12,17,23,installed allowance; shaft engagement 8.5 mm with 8 mm hub,https://www.gobilda.com/1309-series-sonic-hub-4mm-bore/,design_candidate,
low_octo10,pod_right:drive_motor,drive_motor,drive,Pololu 4846 75:1 12 V encoder motor,1,99,104,110,catalog reference and modest assembly variation,https://www.pololu.com/product/4846/specs,two_ordered_for_first_bottom,
low_octo10,pod_right:pod,pod,drive,"Trailing pod, metal motor plate, M4 pivot, bushings, spring and stops",1,42,62,90,per-wheel material/hardware allowance: 28 cm3 PETG plus 26 g stock and fasteners,,design_candidate,
low_octo10,drive_control:roboclaw,roboclaw,drive,RoboClaw IMC404 with standoffs,1,18,24,33,catalog board 18 g plus mounts,https://www.basicmicro.com/RoboClaw-2x7A-Motor-Controller_p_55.html,one_ordered_for_first_bottom,
low_octo10,drive_control:bottom_mcu,bottom_mcu,drive,"ESP32 bottom controller, CAN, I2C mux and interlocks",1,18,28,42,installed electronics allowance,https://documentation.espressif.com/esp-dev-kits/en/latest/esp32/esp32-devkitc/user_guide.html,design_candidate,
low_octo10,drive_misc:bottom_frame,bottom_frame,drive,"Bottom PETG skeleton, aluminum rails and module-side studs",1,160,225,305,"120 cm3 PETG plus 73 g rails/studs; contains no motors, pods, bumper or tool shell",,design_candidate,
low_octo10,drive_misc:bottom_bumper,bottom_bumper,drive,"Segmented bumper, six switches, skirt and compliant mounts",1,35,55,80,material/hardware allowance,,design_candidate,
low_octo10,drive_misc:floor_sensors,floor_sensors,drive,"Six cliff ToF sensors, two wheel-drop switches and windows",1,22,36,55,assembled allowance; separate from core obstacle sensing,https://www.st.com/en/imaging-and-photonics-solutions/vl53l1X,design_candidate,
low_octo10,drive_misc:bottom_harness,bottom_harness,drive,"Bottom harness, connector half and branch protection",1,40,65,95,"route allowance; includes encoder leads, sensor wiring and short tool cables",,design_candidate,
low_octo10,caster:caster,caster,drive,"TENTE Linea load 5940UAP050L51-8, stem and mounting plate",1,90,112,145,"catalog caster 90 g, 50.5 mm height and 40.5 mm sweep radius; installed stem/plate added",https://www.tente.com/en-ca/swivel-castor-50-mm/5940uap050l51-8-load-9011,design_candidate,"Twin polyurethane wheels, 92 Shore A and thread guards. Not a 50A soft drive tire; source availability and retained stem still need checking."
low_octo10,filter_bay:filter,filter,air_common,Roborock S7/S8 filter and replaceable sealed adapter,1,35,55,85,installed allowance; exact filter dimension and resistance still unknown,https://us.roborock.com/products/roborock-washable-filter-x2-for-roborock-s7-series,order_category_reported,"141 x 76 x 20 mm is a maximum element allocation, not a measured filter dimension."
low_octo10,blower_bay:blower,blower,air_common,WS7040-24-V200 blower and isolation pads,1,115,155,215,mass allowance; source provides dimensions/curve but no verified installed mass,https://global.bttwiki.com/Universal%20Turbo%20Kit.html,order_category_reported,
low_octo10,blower_driver:blower_driver,blower_driver,air_common,WS2403DY01V04 and default-off interface,1,15,24,36,driver sheet 15 g plus connections; omit optional printer adapter,https://global.bttwiki.com/img/Turbo_Kit/Turbo_Kit_Driver1.webp,expected_in_ordered_kit,
low_octo10,air_sensing:air_sensing,air_sensing,air_common,"Two 0–10 kPa differential sensor channels, protected pressure taps and fill sensor",1,22,38,58,"board/hose allowance; NXP MPX5010DP family reference, exact carrier TBD",,design_candidate,
low_octo10,extension:extension_duct,extension_duct,extension_common,Six telescoping rectangular suction stages,1,205,270,380,"calculated thin-wall allowance: six 245 mm stages, 1 mm walls, PETG 1.27 g/cm3; guide/seal changes may increase mass",,design_candidate,
low_octo10,extension:extension_guides,extension_guides,extension_common,"Retaining collars, low-friction seals, guided spring-steel strip and wipers",1,75,125,205,"custom mechanism allowance; 45 mm stage overlap, guided unsupported strip gap <=20 mm",,design_candidate,
low_octo10,extension_drive:extension_drive,extension_drive,extension_common,"Pololu 4845 feed motor, pinch drive, encoder roller and slip clutch",1,140,185,260,catalog motor plus mechanism allowance; 12 N force limit and 50 mm/s feed target,https://www.pololu.com/product/4845/specs,design_candidate,
low_octo10,extension_drive:tool_stage,tool_stage,extension_common,"TB9051FTG carrier, header and thermal mounting",1,3.1,7,13,catalog bare carrier 3.1 g plus installed allowance,https://www.pololu.com/product/2997/specs,design_candidate,
low_octo10,extension_cable:extension_wiring,extension_wiring,extension_common,"Coiled sensor lead, stowed switch, tip contact and extension sensing",1,20,35,55,"installed allowance; 1 m extension, independent retraction confirmation",,design_candidate,
low_octo10,extension_air_turn:air_plumbing,air_plumbing,extension_common,"Smooth dirt duct, clean plenum, exhaust, evacuation seal and flex joint",1,45,75,115,material allowance; all air remains on bottom,,design_candidate,
low_octo10,extension_bin:low_bin,low_bin,extension_common,"Raised 0.30 L usable-target bin, gate and baffle",1,100,155,220,material allowance; raised clear of central telescoping duct,,design_candidate,
low_octo10,low_head:low_head,low_head,low,"200 x 60 x 38 mm passive suction head, skids and compliant joint",1,90,135,195,95 cm3 PETG plus lips/skids; no onboard head motor; optional powered cassette must be rebudgeted,,design_candidate,
low_octo10,extension_lifter:pad_lift,pad_lift,extension_common,"Actuonix PQ12-R 100:1 6 V, 6 V supply, links and end switches",1,45,62,88,"19 g catalog actuator plus regulator, links, mount, switches and wire allowance; 12 mm lift from 20 mm stroke",https://www.actuonix.com/pq12-100-6-r,design_candidate,
low_octo10,extension_lifter:extension_cradle,extension_cradle,extension_common,"Four-bar extension lift cradle, slides and flex seal",1,35,55,90,material and hardware allowance; raises complete tube and head 12 mm before driving,,design_candidate,Separate from feed drive and its actuator.
low_octo10,anti_tip_left:anti_tip,anti_tip,drive,"Front backup roller: 624-2RS bearing, printed hub, silicone O-ring, M4 shoulder hardware",1,12,18,28,"Assembly allowance; 20 mm outside diameter, normally 2 mm above floor",,design_candidate,"Backup pitch stop, not a load-bearing swivel caster. No claim of wet grip. Pin and inner-race spacer prevent bearing clamping."
low_octo10,anti_tip_right:anti_tip,anti_tip,drive,"Front backup roller: 624-2RS bearing, printed hub, silicone O-ring, M4 shoulder hardware",1,12,18,28,"Assembly allowance; 20 mm outside diameter, normally 2 mm above floor",,design_candidate,"Backup pitch stop, not a load-bearing swivel caster. No claim of wet grip. Pin and inner-race spacer prevent bearing clamping."
low_octo10,dock_logic_power:dock_logic_power,dock_logic_power,core,"Station logic-power input, 24 V to 5 V regulator, source OR and hold-up capacitors",1,25,45,75,"Installed 40 W logic supply/interface allocation, not selected hardware",,design_candidate,Station 24 V / 60 W protected input; reverse-blocking source selection keeps Pi/supervisor live during pack exchange. No full-system UPS promise.
low_octo10,rotor_1:lift_motor,lift_motor,lift,Hobbywing RTF-3115 900KV motor,1,122,125,132,"manufacturer reference, 4–6S, HQ10x4.5x3 curve at 24 V",https://www.hobbywing.com/en/uploads/file/20251117/2a4a3f326d2bdede135f3e582b73eef3.pdf,design_candidate,
low_octo10,rotor_1:lift_prop,lift_prop,lift,HQProp 10x4.5x3 purchased propeller,1,14,20,27,mass allowance; exact curve-matched CW/CCW propellers required,https://www.hobbywing.com/en/uploads/file/20251117/2a4a3f326d2bdede135f3e582b73eef3.pdf,design_candidate,
low_octo10,rotor_1:lift_esc,lift_esc,lift,"One channel of matched 65 A 6S ESC hardware, local capacitors and mounts",1,20,32,50,per-channel installed allowance; two four-channel boards for octo; exact assembly thermal/power review pending,https://www.hobbywing.com/en/uploads/file/20251117/2a4a3f326d2bdede135f3e582b73eef3.pdf,design_candidate,
low_octo10,guard_1:lift_guard,lift_guard,lift,One 284 mm guard with spaced upper/lower mesh and ribs,1,55,90,140,per-rotor material allowance; 5 mm mesh pitch/0.35 mm wire and 25 mm axial stand-off reference; no containment certification,,design_candidate,
low_octo10,rotor_2:lift_motor,lift_motor,lift,Hobbywing RTF-3115 900KV motor,1,122,125,132,"manufacturer reference, 4–6S, HQ10x4.5x3 curve at 24 V",https://www.hobbywing.com/en/uploads/file/20251117/2a4a3f326d2bdede135f3e582b73eef3.pdf,design_candidate,
low_octo10,rotor_2:lift_prop,lift_prop,lift,HQProp 10x4.5x3 purchased propeller,1,14,20,27,mass allowance; exact curve-matched CW/CCW propellers required,https://www.hobbywing.com/en/uploads/file/20251117/2a4a3f326d2bdede135f3e582b73eef3.pdf,design_candidate,
low_octo10,rotor_2:lift_esc,lift_esc,lift,"One channel of matched 65 A 6S ESC hardware, local capacitors and mounts",1,20,32,50,per-channel installed allowance; two four-channel boards for octo; exact assembly thermal/power review pending,https://www.hobbywing.com/en/uploads/file/20251117/2a4a3f326d2bdede135f3e582b73eef3.pdf,design_candidate,
low_octo10,guard_2:lift_guard,lift_guard,lift,One 284 mm guard with spaced upper/lower mesh and ribs,1,55,90,140,per-rotor material allowance; 5 mm mesh pitch/0.35 mm wire and 25 mm axial stand-off reference; no containment certification,,design_candidate,
low_octo10,rotor_3:lift_motor,lift_motor,lift,Hobbywing RTF-3115 900KV motor,1,122,125,132,"manufacturer reference, 4–6S, HQ10x4.5x3 curve at 24 V",https://www.hobbywing.com/en/uploads/file/20251117/2a4a3f326d2bdede135f3e582b73eef3.pdf,design_candidate,
low_octo10,rotor_3:lift_prop,lift_prop,lift,HQProp 10x4.5x3 purchased propeller,1,14,20,27,mass allowance; exact curve-matched CW/CCW propellers required,https://www.hobbywing.com/en/uploads/file/20251117/2a4a3f326d2bdede135f3e582b73eef3.pdf,design_candidate,
low_octo10,rotor_3:lift_esc,lift_esc,lift,"One channel of matched 65 A 6S ESC hardware, local capacitors and mounts",1,20,32,50,per-channel installed allowance; two four-channel boards for octo; exact assembly thermal/power review pending,https://www.hobbywing.com/en/uploads/file/20251117/2a4a3f326d2bdede135f3e582b73eef3.pdf,design_candidate,
low_octo10,guard_3:lift_guard,lift_guard,lift,One 284 mm guard with spaced upper/lower mesh and ribs,1,55,90,140,per-rotor material allowance; 5 mm mesh pitch/0.35 mm wire and 25 mm axial stand-off reference; no containment certification,,design_candidate,
low_octo10,rotor_4:lift_motor,lift_motor,lift,Hobbywing RTF-3115 900KV motor,1,122,125,132,"manufacturer reference, 4–6S, HQ10x4.5x3 curve at 24 V",https://www.hobbywing.com/en/uploads/file/20251117/2a4a3f326d2bdede135f3e582b73eef3.pdf,design_candidate,
low_octo10,rotor_4:lift_prop,lift_prop,lift,HQProp 10x4.5x3 purchased propeller,1,14,20,27,mass allowance; exact curve-matched CW/CCW propellers required,https://www.hobbywing.com/en/uploads/file/20251117/2a4a3f326d2bdede135f3e582b73eef3.pdf,design_candidate,
low_octo10,rotor_4:lift_esc,lift_esc,lift,"One channel of matched 65 A 6S ESC hardware, local capacitors and mounts",1,20,32,50,per-channel installed allowance; two four-channel boards for octo; exact assembly thermal/power review pending,https://www.hobbywing.com/en/uploads/file/20251117/2a4a3f326d2bdede135f3e582b73eef3.pdf,design_candidate,
low_octo10,guard_4:lift_guard,lift_guard,lift,One 284 mm guard with spaced upper/lower mesh and ribs,1,55,90,140,per-rotor material allowance; 5 mm mesh pitch/0.35 mm wire and 25 mm axial stand-off reference; no containment certification,,design_candidate,
low_octo10,rotor_5:lift_motor,lift_motor,lift,Hobbywing RTF-3115 900KV motor,1,122,125,132,"manufacturer reference, 4–6S, HQ10x4.5x3 curve at 24 V",https://www.hobbywing.com/en/uploads/file/20251117/2a4a3f326d2bdede135f3e582b73eef3.pdf,design_candidate,
low_octo10,rotor_5:lift_prop,lift_prop,lift,HQProp 10x4.5x3 purchased propeller,1,14,20,27,mass allowance; exact curve-matched CW/CCW propellers required,https://www.hobbywing.com/en/uploads/file/20251117/2a4a3f326d2bdede135f3e582b73eef3.pdf,design_candidate,
low_octo10,rotor_5:lift_esc,lift_esc,lift,"One channel of matched 65 A 6S ESC hardware, local capacitors and mounts",1,20,32,50,per-channel installed allowance; two four-channel boards for octo; exact assembly thermal/power review pending,https://www.hobbywing.com/en/uploads/file/20251117/2a4a3f326d2bdede135f3e582b73eef3.pdf,design_candidate,
low_octo10,guard_5:lift_guard,lift_guard,lift,One 284 mm guard with spaced upper/lower mesh and ribs,1,55,90,140,per-rotor material allowance; 5 mm mesh pitch/0.35 mm wire and 25 mm axial stand-off reference; no containment certification,,design_candidate,
low_octo10,rotor_6:lift_motor,lift_motor,lift,Hobbywing RTF-3115 900KV motor,1,122,125,132,"manufacturer reference, 4–6S, HQ10x4.5x3 curve at 24 V",https://www.hobbywing.com/en/uploads/file/20251117/2a4a3f326d2bdede135f3e582b73eef3.pdf,design_candidate,
low_octo10,rotor_6:lift_prop,lift_prop,lift,HQProp 10x4.5x3 purchased propeller,1,14,20,27,mass allowance; exact curve-matched CW/CCW propellers required,https://www.hobbywing.com/en/uploads/file/20251117/2a4a3f326d2bdede135f3e582b73eef3.pdf,design_candidate,
low_octo10,rotor_6:lift_esc,lift_esc,lift,"One channel of matched 65 A 6S ESC hardware, local capacitors and mounts",1,20,32,50,per-channel installed allowance; two four-channel boards for octo; exact assembly thermal/power review pending,https://www.hobbywing.com/en/uploads/file/20251117/2a4a3f326d2bdede135f3e582b73eef3.pdf,design_candidate,
low_octo10,guard_6:lift_guard,lift_guard,lift,One 284 mm guard with spaced upper/lower mesh and ribs,1,55,90,140,per-rotor material allowance; 5 mm mesh pitch/0.35 mm wire and 25 mm axial stand-off reference; no containment certification,,design_candidate,
low_octo10,rotor_7:lift_motor,lift_motor,lift,Hobbywing RTF-3115 900KV motor,1,122,125,132,"manufacturer reference, 4–6S, HQ10x4.5x3 curve at 24 V",https://www.hobbywing.com/en/uploads/file/20251117/2a4a3f326d2bdede135f3e582b73eef3.pdf,design_candidate,
low_octo10,rotor_7:lift_prop,lift_prop,lift,HQProp 10x4.5x3 purchased propeller,1,14,20,27,mass allowance; exact curve-matched CW/CCW propellers required,https://www.hobbywing.com/en/uploads/file/20251117/2a4a3f326d2bdede135f3e582b73eef3.pdf,design_candidate,
low_octo10,rotor_7:lift_esc,lift_esc,lift,"One channel of matched 65 A 6S ESC hardware, local capacitors and mounts",1,20,32,50,per-channel installed allowance; two four-channel boards for octo; exact assembly thermal/power review pending,https://www.hobbywing.com/en/uploads/file/20251117/2a4a3f326d2bdede135f3e582b73eef3.pdf,design_candidate,
low_octo10,guard_7:lift_guard,lift_guard,lift,One 284 mm guard with spaced upper/lower mesh and ribs,1,55,90,140,per-rotor material allowance; 5 mm mesh pitch/0.35 mm wire and 25 mm axial stand-off reference; no containment certification,,design_candidate,
low_octo10,rotor_8:lift_motor,lift_motor,lift,Hobbywing RTF-3115 900KV motor,1,122,125,132,"manufacturer reference, 4–6S, HQ10x4.5x3 curve at 24 V",https://www.hobbywing.com/en/uploads/file/20251117/2a4a3f326d2bdede135f3e582b73eef3.pdf,design_candidate,
low_octo10,rotor_8:lift_prop,lift_prop,lift,HQProp 10x4.5x3 purchased propeller,1,14,20,27,mass allowance; exact curve-matched CW/CCW propellers required,https://www.hobbywing.com/en/uploads/file/20251117/2a4a3f326d2bdede135f3e582b73eef3.pdf,design_candidate,
low_octo10,rotor_8:lift_esc,lift_esc,lift,"One channel of matched 65 A 6S ESC hardware, local capacitors and mounts",1,20,32,50,per-channel installed allowance; two four-channel boards for octo; exact assembly thermal/power review pending,https://www.hobbywing.com/en/uploads/file/20251117/2a4a3f326d2bdede135f3e582b73eef3.pdf,design_candidate,
low_octo10,guard_8:lift_guard,lift_guard,lift,One 284 mm guard with spaced upper/lower mesh and ribs,1,55,90,140,per-rotor material allowance; 5 mm mesh pitch/0.35 mm wire and 25 mm axial stand-off reference; no containment certification,,design_candidate,
low_octo10,lift_structure:lift_structure,lift_structure,lift,"Carbon tubes, diagonal braces, hub frame and metal clamp joints",1.0,370.0,540.0,780.0,"stock/material allowance; 20/18 mm main tubes, 10/8 mm braces, no printed primary arm cantilever",,design_candidate,
low_octo10,lift_joinery:lift_joinery,lift_joinery,lift,"Top-side locks, brackets, fasteners and station pickup features",1,80,120,180,material/hardware allowance; four positive locks and metal load spreaders,,design_candidate,
low_octo10,lift_harness:lift_harness,lift_harness,lift,"High-current trunk/branches, connectors, sensing and distribution",1,280,430,650,route allowance; includes main contacts and two fore/aft feeds; battery-side protection stays in core,,design_candidate,
low_octo10,flight_controller:flight_controller,flight_controller,lift,Holybro Pixhawk 6C Mini current Model A and vibration mount,1,42.4,53,70,catalog 42.4 g plus mount,https://docs.holybro.com/autopilot/pixhawk-6c-mini/technical-specification,design_candidate,
low_octo10,flight_power:flight_power,flight_power,lift,"Independent flight-controller regulator, current interface and hold-up",1,30,50,85,assembly allowance; flight electronics remain live during floor-tool shutdown,,design_candidate,
low_octo10,flight_sensors:flight_sensors,flight_sensors,lift,"Downward range, four sector range boards, mounts and link interfaces",1,45,75,115,sensor/mount allowance; stereo cameras budgeted separately; not complete collision coverage by specification alone,,design_candidate,
low_octo10,flight_io:flight_io,flight_io,lift,"Local status, logging, independent disarm/maintenance inputs and harness",1,20,35,60,electronics allowance,,design_candidate,
low_octo10,depth_camera:depth_camera,depth_camera,lift,OAK-D S2 USB stereo camera and bracket,2,182,212,250,manufacturer drawing and 91 g reference plus mount/cable allowance,https://cdn.robotshop.com/media/l/lux/rb-lux-16/pdf/luxonis-oak-d-s2-camera-auto-focus-datasheet.pdf,design_candidate,
low_octo10,battery,design_6s,battery,6S / 5.2 Ah comparison,1,700,753,820,Listed pack reference; no protection or harness double-counted,https://www.amazon.com/dp/B0BNDHPBBX,comparison_not_ordered,
low_octo10,payload,payload,payload,0.30 L bin target. Head has 60 mm stowed front overhang; extension is an explicit envelope exception.,1,120,120,250,Bounded design contents,Owner task / design allowance,consumable_load,
dust_quad10,core_power:logic_buck,logic_buck,core,"5 V regulator and carrier, 40 W design allocation",1,15,25,45,assembly allowance; D42V110F5 family reference; exact variant and thermal review required,https://www.pololu.com/product/5671/specs,design_candidate,
dust_quad10,core_power:motor_buck,motor_buck,core,D42V110F12 regulator and mounting,1,15,24,36,catalog bare 15 g plus installed allowance,https://www.pololu.com/product/5677/specs,design_candidate,
dust_quad10,core_power:regen_clamp,regen_clamp,core,"12 V braking clamp, reverse blocking, resistor and bulk capacitors",1,22,40,70,"custom circuit allowance; 15 V comparator threshold, 10 ohm 25 W resistor, 2200 uF/25 V reference",https://resources.basicmicro.com/manual/roboclaw/operational-requirements/,design_candidate,
dust_quad10,core_power:tool_converter,tool_converter,core,Cincon CHB100W-24S24 plus HBT127/PH01 cooling and carrier,1,155,190,245,"catalog 95+50.4+1.9 g plus fan, carrier and mounting; comparison regulator for 6S case",https://www.cincon.com/productdownload/Datasheet-CHB100W.pdf,design_candidate,
dust_quad10,pi_bay:pi,pi,core,"Raspberry Pi 5, active cooler and microSD",1,65,82,105,installed allowance; owned board available; processing power is a workload estimate,https://www.raspberrypi.com/products/raspberry-pi-5/,owned_board_candidate,
dust_quad10,front_camera:depth_camera,depth_camera,core,OAK-D S2 USB stereo camera and bracket,1,91,106,125,manufacturer drawing and 91 g reference plus mount/cable allowance,https://cdn.robotshop.com/media/l/lux/rb-lux-16/pdf/luxonis-oak-d-s2-camera-auto-focus-datasheet.pdf,design_candidate,
dust_quad10,core_mcu_bay:core_mcu,core_mcu,core,ESP32-DevKitC plus CAN transceiver and hardware watchdog,1,12,20,30,board plus interface allowance,https://documentation.espressif.com/esp-dev-kits/en/latest/esp32/esp32-devkitc/user_guide.html,design_candidate,
dust_quad10,battery_bay:battery_cartridge,battery_cartridge,core,"Removable cartridge shell, cell monitor/ID/temperature, fuse and recessed contacts",1,85,140,220,"Installed allowance: 65 g shell/restraint, 35 g monitor/ID, 40 g fuse/contacts/wiring nominal; excludes bare cell pack and fixed core receiver",https://www.ti.com/product/BQ76952,design_candidate,Carried once; the same 140 g nominal tare accompanies every stored pack. Main switched discharge stage stays in core. Packaging and flight current are unqualified.
dust_quad10,battery_bay:battery_receiver,battery_receiver,core,"Fixed battery guide, positive latch, presence switches and floating contact support",1,30,50,85,Additional automatic-exchange receiver allowance; passive latch retained without power,,design_candidate,Mass excludes cartridge-side hardware; station actuator releases latch only after mechanical support.
dust_quad10,pack_protection:core_monitor,core_monitor,core,"Core switched discharge bus, current shunt, precharge and protection power stage",1,45,80,140,custom PCB assembly allowance; reference IC is not a complete high-current BMS,,design_candidate,Cell monitor/temperature sensing travels in battery cartridge and commands this fixed high-current stage. 150 A continuous / 320 A short allocation remains unqualified; custom circuitry required.
dust_quad10,lidar:lidar,lidar,core,Core-fixed SLAMTEC RPLIDAR A1,1,160,170,185,manufacturer family reference; owned revision not measured,https://www.slamtec.com/cn/lidar/a1spec,owned_candidate,
dust_quad10,core_misc:core_prints,core_prints,core,"Core PETG ribs, equipment trays and ducts",1,110,160,225,material allowance: 126 cm3 effective PETG at 1.27 g/cm3; not slicer output,,design_candidate,
dust_quad10,core_misc:core_metal,core_metal,core,"Two open aluminum perimeter frames, spacers and load spreaders",1,110,145,190,calculated stock allowance: two 270/250 mm square 2 mm rings = 112.3 g; spacers/spreaders added,,design_candidate,
dust_quad10,core_misc:core_locks,core_locks,core,"Eight core-side captive sliding locks, seats, springs and detection",1,90,130,185,"mechanism allowance; four top and four bottom, station-actuated",,design_candidate,
dust_quad10,core_misc:core_harness,core_harness,core,"Core wiring, connector halves, fuse, charge and service access",1,85,125,190,route allowance; includes floor harness and short high-current trunk; excludes lift-side wiring,,design_candidate,Fixed core distribution only; cartridge contacts/receiver and auxiliary dock-power hardware are budgeted separately.
dust_quad10,core_misc:core_near,core_near,core,"Six near-field ToF boards, windows and core IMU allowance",1,20,32,50,sensor plus harness/mount allowance; no all-surface detection guarantee,https://www.st.com/en/imaging-and-photonics-solutions/vl53l1X,design_candidate,
dust_quad10,core_misc:status,status,core,"Stop switch, buzzer, status LEDs and guard contacts",1,8,15,25,small hardware allowance,,design_candidate,
dust_quad10,wheel_left:drive_wheel,drive_wheel,drive,goBILDA Hogback 72 x 24 mm silicone wheel,1,52,55,59,manufacturer reference,https://www.gobilda.com/hogback-traction-wheel-72mm-diameter-50a-durometer/,design_candidate,
dust_quad10,wheel_left:wheel_hub,wheel_hub,drive,goBILDA Sonic 4 mm hub plus four wheel screws,1,12,17,23,installed allowance; shaft engagement 8.5 mm with 8 mm hub,https://www.gobilda.com/1309-series-sonic-hub-4mm-bore/,design_candidate,
dust_quad10,pod_left:drive_motor,drive_motor,drive,Pololu 4846 75:1 12 V encoder motor,1,99,104,110,catalog reference and modest assembly variation,https://www.pololu.com/product/4846/specs,two_ordered_for_first_bottom,
dust_quad10,pod_left:pod,pod,drive,"Trailing pod, metal motor plate, M4 pivot, bushings, spring and stops",1,42,62,90,per-wheel material/hardware allowance: 28 cm3 PETG plus 26 g stock and fasteners,,design_candidate,
dust_quad10,wheel_right:drive_wheel,drive_wheel,drive,goBILDA Hogback 72 x 24 mm silicone wheel,1,52,55,59,manufacturer reference,https://www.gobilda.com/hogback-traction-wheel-72mm-diameter-50a-durometer/,design_candidate,
dust_quad10,wheel_right:wheel_hub,wheel_hub,drive,goBILDA Sonic 4 mm hub plus four wheel screws,1,12,17,23,installed allowance; shaft engagement 8.5 mm with 8 mm hub,https://www.gobilda.com/1309-series-sonic-hub-4mm-bore/,design_candidate,
dust_quad10,pod_right:drive_motor,drive_motor,drive,Pololu 4846 75:1 12 V encoder motor,1,99,104,110,catalog reference and modest assembly variation,https://www.pololu.com/product/4846/specs,two_ordered_for_first_bottom,
dust_quad10,pod_right:pod,pod,drive,"Trailing pod, metal motor plate, M4 pivot, bushings, spring and stops",1,42,62,90,per-wheel material/hardware allowance: 28 cm3 PETG plus 26 g stock and fasteners,,design_candidate,
dust_quad10,drive_control:roboclaw,roboclaw,drive,RoboClaw IMC404 with standoffs,1,18,24,33,catalog board 18 g plus mounts,https://www.basicmicro.com/RoboClaw-2x7A-Motor-Controller_p_55.html,one_ordered_for_first_bottom,
dust_quad10,drive_control:bottom_mcu,bottom_mcu,drive,"ESP32 bottom controller, CAN, I2C mux and interlocks",1,18,28,42,installed electronics allowance,https://documentation.espressif.com/esp-dev-kits/en/latest/esp32/esp32-devkitc/user_guide.html,design_candidate,
dust_quad10,drive_misc:bottom_frame,bottom_frame,drive,"Bottom PETG skeleton, aluminum rails and module-side studs",1,160,225,305,"120 cm3 PETG plus 73 g rails/studs; contains no motors, pods, bumper or tool shell",,design_candidate,
dust_quad10,drive_misc:bottom_bumper,bottom_bumper,drive,"Segmented bumper, six switches, skirt and compliant mounts",1,35,55,80,material/hardware allowance,,design_candidate,
dust_quad10,drive_misc:floor_sensors,floor_sensors,drive,"Six cliff ToF sensors, two wheel-drop switches and windows",1,22,36,55,assembled allowance; separate from core obstacle sensing,https://www.st.com/en/imaging-and-photonics-solutions/vl53l1X,design_candidate,
dust_quad10,drive_misc:bottom_harness,bottom_harness,drive,"Bottom harness, connector half and branch protection",1,40,65,95,"route allowance; includes encoder leads, sensor wiring and short tool cables",,design_candidate,
dust_quad10,caster:caster,caster,drive,"TENTE Linea load 5940UAP050L51-8, stem and mounting plate",1,90,112,145,"catalog caster 90 g, 50.5 mm height and 40.5 mm sweep radius; installed stem/plate added",https://www.tente.com/en-ca/swivel-castor-50-mm/5940uap050l51-8-load-9011,design_candidate,"Twin polyurethane wheels, 92 Shore A and thread guards. Not a 50A soft drive tire; source availability and retained stem still need checking."
dust_quad10,filter_bay:filter,filter,air_common,Roborock S7/S8 filter and replaceable sealed adapter,1,35,55,85,installed allowance; exact filter dimension and resistance still unknown,https://us.roborock.com/products/roborock-washable-filter-x2-for-roborock-s7-series,order_category_reported,"141 x 76 x 20 mm is a maximum element allocation, not a measured filter dimension."
dust_quad10,blower_bay:blower,blower,air_common,WS7040-24-V200 blower and isolation pads,1,115,155,215,mass allowance; source provides dimensions/curve but no verified installed mass,https://global.bttwiki.com/Universal%20Turbo%20Kit.html,order_category_reported,
dust_quad10,blower_driver:blower_driver,blower_driver,air_common,WS2403DY01V04 and default-off interface,1,15,24,36,driver sheet 15 g plus connections; omit optional printer adapter,https://global.bttwiki.com/img/Turbo_Kit/Turbo_Kit_Driver1.webp,expected_in_ordered_kit,
dust_quad10,air_sensing:air_sensing,air_sensing,air_common,"Two 0–10 kPa differential sensor channels, protected pressure taps and fill sensor",1,22,38,58,"board/hose allowance; NXP MPX5010DP family reference, exact carrier TBD",,design_candidate,
dust_quad10,extension:extension_duct,extension_duct,extension_common,Six telescoping rectangular suction stages,1,205,270,380,"calculated thin-wall allowance: six 245 mm stages, 1 mm walls, PETG 1.27 g/cm3; guide/seal changes may increase mass",,design_candidate,
dust_quad10,extension:extension_guides,extension_guides,extension_common,"Retaining collars, low-friction seals, guided spring-steel strip and wipers",1,75,125,205,"custom mechanism allowance; 45 mm stage overlap, guided unsupported strip gap <=20 mm",,design_candidate,
dust_quad10,extension_drive:extension_drive,extension_drive,extension_common,"Pololu 4845 feed motor, pinch drive, encoder roller and slip clutch",1,140,185,260,catalog motor plus mechanism allowance; 12 N force limit and 50 mm/s feed target,https://www.pololu.com/product/4845/specs,design_candidate,
dust_quad10,extension_drive:tool_stage,tool_stage,extension_common,"TB9051FTG carrier, header and thermal mounting",1,3.1,7,13,catalog bare carrier 3.1 g plus installed allowance,https://www.pololu.com/product/2997/specs,design_candidate,
dust_quad10,extension_cable:extension_wiring,extension_wiring,extension_common,"Coiled sensor lead, stowed switch, tip contact and extension sensing",1,20,35,55,"installed allowance; 1 m extension, independent retraction confirmation",,design_candidate,
dust_quad10,extension_air_turn:air_plumbing,air_plumbing,extension_common,"Smooth dirt duct, clean plenum, exhaust, evacuation seal and flex joint",1,45,75,115,material allowance; all air remains on bottom,,design_candidate,
dust_quad10,extension_bin:low_bin,low_bin,extension_common,"Raised 0.30 L usable-target bin, gate and baffle",1,100,155,220,material allowance; raised clear of central telescoping duct,,design_candidate,
dust_quad10,dust_head:dust_head,dust_head,dust,120 x 50 x 32 mm soft brush/suction head with compliant tip,1,55,90,145,material allowance; 0.2 N nominal contact and 0.5 N retreat threshold are provisional,,design_candidate,
dust_quad10,dust_head:dust_tip,dust_tip,dust,"Tip force sensor, range sensor, breakaway retention and flexure",1,20,40,70,Earlier horizontal-head sensor/flexure allowance; does not budget an upward articulation actuator for the new ceiling-fan target,,design_candidate,
dust_quad10,extension_lifter:pad_lift,pad_lift,extension_common,"Actuonix PQ12-R 100:1 6 V, 6 V supply, links and end switches",1,45,62,88,"19 g catalog actuator plus regulator, links, mount, switches and wire allowance; 12 mm lift from 20 mm stroke",https://www.actuonix.com/pq12-100-6-r,design_candidate,
dust_quad10,extension_lifter:extension_cradle,extension_cradle,extension_common,"Four-bar extension lift cradle, slides and flex seal",1,35,55,90,material and hardware allowance; raises complete tube and head 12 mm before driving,,design_candidate,Separate from feed drive and its actuator.
dust_quad10,anti_tip_left:anti_tip,anti_tip,drive,"Front backup roller: 624-2RS bearing, printed hub, silicone O-ring, M4 shoulder hardware",1,12,18,28,"Assembly allowance; 20 mm outside diameter, normally 2 mm above floor",,design_candidate,"Backup pitch stop, not a load-bearing swivel caster. No claim of wet grip. Pin and inner-race spacer prevent bearing clamping."
dust_quad10,anti_tip_right:anti_tip,anti_tip,drive,"Front backup roller: 624-2RS bearing, printed hub, silicone O-ring, M4 shoulder hardware",1,12,18,28,"Assembly allowance; 20 mm outside diameter, normally 2 mm above floor",,design_candidate,"Backup pitch stop, not a load-bearing swivel caster. No claim of wet grip. Pin and inner-race spacer prevent bearing clamping."
dust_quad10,dock_logic_power:dock_logic_power,dock_logic_power,core,"Station logic-power input, 24 V to 5 V regulator, source OR and hold-up capacitors",1,25,45,75,"Installed 40 W logic supply/interface allocation, not selected hardware",,design_candidate,Station 24 V / 60 W protected input; reverse-blocking source selection keeps Pi/supervisor live during pack exchange. No full-system UPS promise.
dust_quad10,rotor_1:lift_motor,lift_motor,lift,Hobbywing RTF-3115 900KV motor,1,122,125,132,"manufacturer reference, 4–6S, HQ10x4.5x3 curve at 24 V",https://www.hobbywing.com/en/uploads/file/20251117/2a4a3f326d2bdede135f3e582b73eef3.pdf,design_candidate,
dust_quad10,rotor_1:lift_prop,lift_prop,lift,HQProp 10x4.5x3 purchased propeller,1,14,20,27,mass allowance; exact curve-matched CW/CCW propellers required,https://www.hobbywing.com/en/uploads/file/20251117/2a4a3f326d2bdede135f3e582b73eef3.pdf,design_candidate,
dust_quad10,rotor_1:lift_esc,lift_esc,lift,"One channel of matched 65 A 6S ESC hardware, local capacitors and mounts",1,20,32,50,per-channel installed allowance; two four-channel boards for octo; exact assembly thermal/power review pending,https://www.hobbywing.com/en/uploads/file/20251117/2a4a3f326d2bdede135f3e582b73eef3.pdf,design_candidate,
dust_quad10,guard_1:lift_guard,lift_guard,lift,One 284 mm guard with spaced upper/lower mesh and ribs,1,55,90,140,per-rotor material allowance; 5 mm mesh pitch/0.35 mm wire and 25 mm axial stand-off reference; no containment certification,,design_candidate,
dust_quad10,rotor_2:lift_motor,lift_motor,lift,Hobbywing RTF-3115 900KV motor,1,122,125,132,"manufacturer reference, 4–6S, HQ10x4.5x3 curve at 24 V",https://www.hobbywing.com/en/uploads/file/20251117/2a4a3f326d2bdede135f3e582b73eef3.pdf,design_candidate,
dust_quad10,rotor_2:lift_prop,lift_prop,lift,HQProp 10x4.5x3 purchased propeller,1,14,20,27,mass allowance; exact curve-matched CW/CCW propellers required,https://www.hobbywing.com/en/uploads/file/20251117/2a4a3f326d2bdede135f3e582b73eef3.pdf,design_candidate,
dust_quad10,rotor_2:lift_esc,lift_esc,lift,"One channel of matched 65 A 6S ESC hardware, local capacitors and mounts",1,20,32,50,per-channel installed allowance; two four-channel boards for octo; exact assembly thermal/power review pending,https://www.hobbywing.com/en/uploads/file/20251117/2a4a3f326d2bdede135f3e582b73eef3.pdf,design_candidate,
dust_quad10,guard_2:lift_guard,lift_guard,lift,One 284 mm guard with spaced upper/lower mesh and ribs,1,55,90,140,per-rotor material allowance; 5 mm mesh pitch/0.35 mm wire and 25 mm axial stand-off reference; no containment certification,,design_candidate,
dust_quad10,rotor_3:lift_motor,lift_motor,lift,Hobbywing RTF-3115 900KV motor,1,122,125,132,"manufacturer reference, 4–6S, HQ10x4.5x3 curve at 24 V",https://www.hobbywing.com/en/uploads/file/20251117/2a4a3f326d2bdede135f3e582b73eef3.pdf,design_candidate,
dust_quad10,rotor_3:lift_prop,lift_prop,lift,HQProp 10x4.5x3 purchased propeller,1,14,20,27,mass allowance; exact curve-matched CW/CCW propellers required,https://www.hobbywing.com/en/uploads/file/20251117/2a4a3f326d2bdede135f3e582b73eef3.pdf,design_candidate,
dust_quad10,rotor_3:lift_esc,lift_esc,lift,"One channel of matched 65 A 6S ESC hardware, local capacitors and mounts",1,20,32,50,per-channel installed allowance; two four-channel boards for octo; exact assembly thermal/power review pending,https://www.hobbywing.com/en/uploads/file/20251117/2a4a3f326d2bdede135f3e582b73eef3.pdf,design_candidate,
dust_quad10,guard_3:lift_guard,lift_guard,lift,One 284 mm guard with spaced upper/lower mesh and ribs,1,55,90,140,per-rotor material allowance; 5 mm mesh pitch/0.35 mm wire and 25 mm axial stand-off reference; no containment certification,,design_candidate,
dust_quad10,rotor_4:lift_motor,lift_motor,lift,Hobbywing RTF-3115 900KV motor,1,122,125,132,"manufacturer reference, 4–6S, HQ10x4.5x3 curve at 24 V",https://www.hobbywing.com/en/uploads/file/20251117/2a4a3f326d2bdede135f3e582b73eef3.pdf,design_candidate,
dust_quad10,rotor_4:lift_prop,lift_prop,lift,HQProp 10x4.5x3 purchased propeller,1,14,20,27,mass allowance; exact curve-matched CW/CCW propellers required,https://www.hobbywing.com/en/uploads/file/20251117/2a4a3f326d2bdede135f3e582b73eef3.pdf,design_candidate,
dust_quad10,rotor_4:lift_esc,lift_esc,lift,"One channel of matched 65 A 6S ESC hardware, local capacitors and mounts",1,20,32,50,per-channel installed allowance; two four-channel boards for octo; exact assembly thermal/power review pending,https://www.hobbywing.com/en/uploads/file/20251117/2a4a3f326d2bdede135f3e582b73eef3.pdf,design_candidate,
dust_quad10,guard_4:lift_guard,lift_guard,lift,One 284 mm guard with spaced upper/lower mesh and ribs,1,55,90,140,per-rotor material allowance; 5 mm mesh pitch/0.35 mm wire and 25 mm axial stand-off reference; no containment certification,,design_candidate,
dust_quad10,lift_structure:lift_structure,lift_structure,lift,"Carbon tubes, diagonal braces, hub frame and metal clamp joints",0.7,259.0,378.0,546.0,"stock/material allowance; 20/18 mm main tubes, 10/8 mm braces, no printed primary arm cantilever",,design_candidate,
dust_quad10,lift_joinery:lift_joinery,lift_joinery,lift,"Top-side locks, brackets, fasteners and station pickup features",1,80,120,180,material/hardware allowance; four positive locks and metal load spreaders,,design_candidate,
dust_quad10,lift_harness:lift_harness,lift_harness,lift,"High-current trunk/branches, connectors, sensing and distribution",1,280,430,650,route allowance; includes main contacts and two fore/aft feeds; battery-side protection stays in core,,design_candidate,
dust_quad10,flight_controller:flight_controller,flight_controller,lift,Holybro Pixhawk 6C Mini current Model A and vibration mount,1,42.4,53,70,catalog 42.4 g plus mount,https://docs.holybro.com/autopilot/pixhawk-6c-mini/technical-specification,design_candidate,
dust_quad10,flight_power:flight_power,flight_power,lift,"Independent flight-controller regulator, current interface and hold-up",1,30,50,85,assembly allowance; flight electronics remain live during floor-tool shutdown,,design_candidate,
dust_quad10,flight_sensors:flight_sensors,flight_sensors,lift,"Downward range, four sector range boards, mounts and link interfaces",1,45,75,115,sensor/mount allowance; stereo cameras budgeted separately; not complete collision coverage by specification alone,,design_candidate,
dust_quad10,flight_io:flight_io,flight_io,lift,"Local status, logging, independent disarm/maintenance inputs and harness",1,20,35,60,electronics allowance,,design_candidate,
dust_quad10,depth_camera:depth_camera,depth_camera,lift,OAK-D S2 USB stereo camera and bracket,2,182,212,250,manufacturer drawing and 91 g reference plus mount/cable allowance,https://cdn.robotshop.com/media/l/lux/rb-lux-16/pdf/luxonis-oak-d-s2-camera-auto-focus-datasheet.pdf,design_candidate,
dust_quad10,battery,design_6s,battery,6S / 5.2 Ah comparison,1,700,753,820,Listed pack reference; no protection or harness double-counted,https://www.amazon.com/dp/B0BNDHPBBX,comparison_not_ordered,
dust_quad10,payload,payload,payload,Higher shelves require the lift top. Head and guide stow before transfer; contact-flight qualification is open.,1,50,50,150,Bounded design contents,Owner task / design allowance,consumable_load,
dust_hex10,core_power:logic_buck,logic_buck,core,"5 V regulator and carrier, 40 W design allocation",1,15,25,45,assembly allowance; D42V110F5 family reference; exact variant and thermal review required,https://www.pololu.com/product/5671/specs,design_candidate,
dust_hex10,core_power:motor_buck,motor_buck,core,D42V110F12 regulator and mounting,1,15,24,36,catalog bare 15 g plus installed allowance,https://www.pololu.com/product/5677/specs,design_candidate,
dust_hex10,core_power:regen_clamp,regen_clamp,core,"12 V braking clamp, reverse blocking, resistor and bulk capacitors",1,22,40,70,"custom circuit allowance; 15 V comparator threshold, 10 ohm 25 W resistor, 2200 uF/25 V reference",https://resources.basicmicro.com/manual/roboclaw/operational-requirements/,design_candidate,
dust_hex10,core_power:tool_converter,tool_converter,core,Cincon CHB100W-24S24 plus HBT127/PH01 cooling and carrier,1,155,190,245,"catalog 95+50.4+1.9 g plus fan, carrier and mounting; comparison regulator for 6S case",https://www.cincon.com/productdownload/Datasheet-CHB100W.pdf,design_candidate,
dust_hex10,pi_bay:pi,pi,core,"Raspberry Pi 5, active cooler and microSD",1,65,82,105,installed allowance; owned board available; processing power is a workload estimate,https://www.raspberrypi.com/products/raspberry-pi-5/,owned_board_candidate,
dust_hex10,front_camera:depth_camera,depth_camera,core,OAK-D S2 USB stereo camera and bracket,1,91,106,125,manufacturer drawing and 91 g reference plus mount/cable allowance,https://cdn.robotshop.com/media/l/lux/rb-lux-16/pdf/luxonis-oak-d-s2-camera-auto-focus-datasheet.pdf,design_candidate,
dust_hex10,core_mcu_bay:core_mcu,core_mcu,core,ESP32-DevKitC plus CAN transceiver and hardware watchdog,1,12,20,30,board plus interface allowance,https://documentation.espressif.com/esp-dev-kits/en/latest/esp32/esp32-devkitc/user_guide.html,design_candidate,
dust_hex10,battery_bay:battery_cartridge,battery_cartridge,core,"Removable cartridge shell, cell monitor/ID/temperature, fuse and recessed contacts",1,85,140,220,"Installed allowance: 65 g shell/restraint, 35 g monitor/ID, 40 g fuse/contacts/wiring nominal; excludes bare cell pack and fixed core receiver",https://www.ti.com/product/BQ76952,design_candidate,Carried once; the same 140 g nominal tare accompanies every stored pack. Main switched discharge stage stays in core. Packaging and flight current are unqualified.
dust_hex10,battery_bay:battery_receiver,battery_receiver,core,"Fixed battery guide, positive latch, presence switches and floating contact support",1,30,50,85,Additional automatic-exchange receiver allowance; passive latch retained without power,,design_candidate,Mass excludes cartridge-side hardware; station actuator releases latch only after mechanical support.
dust_hex10,pack_protection:core_monitor,core_monitor,core,"Core switched discharge bus, current shunt, precharge and protection power stage",1,45,80,140,custom PCB assembly allowance; reference IC is not a complete high-current BMS,,design_candidate,Cell monitor/temperature sensing travels in battery cartridge and commands this fixed high-current stage. 150 A continuous / 320 A short allocation remains unqualified; custom circuitry required.
dust_hex10,lidar:lidar,lidar,core,Core-fixed SLAMTEC RPLIDAR A1,1,160,170,185,manufacturer family reference; owned revision not measured,https://www.slamtec.com/cn/lidar/a1spec,owned_candidate,
dust_hex10,core_misc:core_prints,core_prints,core,"Core PETG ribs, equipment trays and ducts",1,110,160,225,material allowance: 126 cm3 effective PETG at 1.27 g/cm3; not slicer output,,design_candidate,
dust_hex10,core_misc:core_metal,core_metal,core,"Two open aluminum perimeter frames, spacers and load spreaders",1,110,145,190,calculated stock allowance: two 270/250 mm square 2 mm rings = 112.3 g; spacers/spreaders added,,design_candidate,
dust_hex10,core_misc:core_locks,core_locks,core,"Eight core-side captive sliding locks, seats, springs and detection",1,90,130,185,"mechanism allowance; four top and four bottom, station-actuated",,design_candidate,
dust_hex10,core_misc:core_harness,core_harness,core,"Core wiring, connector halves, fuse, charge and service access",1,85,125,190,route allowance; includes floor harness and short high-current trunk; excludes lift-side wiring,,design_candidate,Fixed core distribution only; cartridge contacts/receiver and auxiliary dock-power hardware are budgeted separately.
dust_hex10,core_misc:core_near,core_near,core,"Six near-field ToF boards, windows and core IMU allowance",1,20,32,50,sensor plus harness/mount allowance; no all-surface detection guarantee,https://www.st.com/en/imaging-and-photonics-solutions/vl53l1X,design_candidate,
dust_hex10,core_misc:status,status,core,"Stop switch, buzzer, status LEDs and guard contacts",1,8,15,25,small hardware allowance,,design_candidate,
dust_hex10,wheel_left:drive_wheel,drive_wheel,drive,goBILDA Hogback 72 x 24 mm silicone wheel,1,52,55,59,manufacturer reference,https://www.gobilda.com/hogback-traction-wheel-72mm-diameter-50a-durometer/,design_candidate,
dust_hex10,wheel_left:wheel_hub,wheel_hub,drive,goBILDA Sonic 4 mm hub plus four wheel screws,1,12,17,23,installed allowance; shaft engagement 8.5 mm with 8 mm hub,https://www.gobilda.com/1309-series-sonic-hub-4mm-bore/,design_candidate,
dust_hex10,pod_left:drive_motor,drive_motor,drive,Pololu 4846 75:1 12 V encoder motor,1,99,104,110,catalog reference and modest assembly variation,https://www.pololu.com/product/4846/specs,two_ordered_for_first_bottom,
dust_hex10,pod_left:pod,pod,drive,"Trailing pod, metal motor plate, M4 pivot, bushings, spring and stops",1,42,62,90,per-wheel material/hardware allowance: 28 cm3 PETG plus 26 g stock and fasteners,,design_candidate,
dust_hex10,wheel_right:drive_wheel,drive_wheel,drive,goBILDA Hogback 72 x 24 mm silicone wheel,1,52,55,59,manufacturer reference,https://www.gobilda.com/hogback-traction-wheel-72mm-diameter-50a-durometer/,design_candidate,
dust_hex10,wheel_right:wheel_hub,wheel_hub,drive,goBILDA Sonic 4 mm hub plus four wheel screws,1,12,17,23,installed allowance; shaft engagement 8.5 mm with 8 mm hub,https://www.gobilda.com/1309-series-sonic-hub-4mm-bore/,design_candidate,
dust_hex10,pod_right:drive_motor,drive_motor,drive,Pololu 4846 75:1 12 V encoder motor,1,99,104,110,catalog reference and modest assembly variation,https://www.pololu.com/product/4846/specs,two_ordered_for_first_bottom,
dust_hex10,pod_right:pod,pod,drive,"Trailing pod, metal motor plate, M4 pivot, bushings, spring and stops",1,42,62,90,per-wheel material/hardware allowance: 28 cm3 PETG plus 26 g stock and fasteners,,design_candidate,
dust_hex10,drive_control:roboclaw,roboclaw,drive,RoboClaw IMC404 with standoffs,1,18,24,33,catalog board 18 g plus mounts,https://www.basicmicro.com/RoboClaw-2x7A-Motor-Controller_p_55.html,one_ordered_for_first_bottom,
dust_hex10,drive_control:bottom_mcu,bottom_mcu,drive,"ESP32 bottom controller, CAN, I2C mux and interlocks",1,18,28,42,installed electronics allowance,https://documentation.espressif.com/esp-dev-kits/en/latest/esp32/esp32-devkitc/user_guide.html,design_candidate,
dust_hex10,drive_misc:bottom_frame,bottom_frame,drive,"Bottom PETG skeleton, aluminum rails and module-side studs",1,160,225,305,"120 cm3 PETG plus 73 g rails/studs; contains no motors, pods, bumper or tool shell",,design_candidate,
dust_hex10,drive_misc:bottom_bumper,bottom_bumper,drive,"Segmented bumper, six switches, skirt and compliant mounts",1,35,55,80,material/hardware allowance,,design_candidate,
dust_hex10,drive_misc:floor_sensors,floor_sensors,drive,"Six cliff ToF sensors, two wheel-drop switches and windows",1,22,36,55,assembled allowance; separate from core obstacle sensing,https://www.st.com/en/imaging-and-photonics-solutions/vl53l1X,design_candidate,
dust_hex10,drive_misc:bottom_harness,bottom_harness,drive,"Bottom harness, connector half and branch protection",1,40,65,95,"route allowance; includes encoder leads, sensor wiring and short tool cables",,design_candidate,
dust_hex10,caster:caster,caster,drive,"TENTE Linea load 5940UAP050L51-8, stem and mounting plate",1,90,112,145,"catalog caster 90 g, 50.5 mm height and 40.5 mm sweep radius; installed stem/plate added",https://www.tente.com/en-ca/swivel-castor-50-mm/5940uap050l51-8-load-9011,design_candidate,"Twin polyurethane wheels, 92 Shore A and thread guards. Not a 50A soft drive tire; source availability and retained stem still need checking."
dust_hex10,filter_bay:filter,filter,air_common,Roborock S7/S8 filter and replaceable sealed adapter,1,35,55,85,installed allowance; exact filter dimension and resistance still unknown,https://us.roborock.com/products/roborock-washable-filter-x2-for-roborock-s7-series,order_category_reported,"141 x 76 x 20 mm is a maximum element allocation, not a measured filter dimension."
dust_hex10,blower_bay:blower,blower,air_common,WS7040-24-V200 blower and isolation pads,1,115,155,215,mass allowance; source provides dimensions/curve but no verified installed mass,https://global.bttwiki.com/Universal%20Turbo%20Kit.html,order_category_reported,
dust_hex10,blower_driver:blower_driver,blower_driver,air_common,WS2403DY01V04 and default-off interface,1,15,24,36,driver sheet 15 g plus connections; omit optional printer adapter,https://global.bttwiki.com/img/Turbo_Kit/Turbo_Kit_Driver1.webp,expected_in_ordered_kit,
dust_hex10,air_sensing:air_sensing,air_sensing,air_common,"Two 0–10 kPa differential sensor channels, protected pressure taps and fill sensor",1,22,38,58,"board/hose allowance; NXP MPX5010DP family reference, exact carrier TBD",,design_candidate,
dust_hex10,extension:extension_duct,extension_duct,extension_common,Six telescoping rectangular suction stages,1,205,270,380,"calculated thin-wall allowance: six 245 mm stages, 1 mm walls, PETG 1.27 g/cm3; guide/seal changes may increase mass",,design_candidate,
dust_hex10,extension:extension_guides,extension_guides,extension_common,"Retaining collars, low-friction seals, guided spring-steel strip and wipers",1,75,125,205,"custom mechanism allowance; 45 mm stage overlap, guided unsupported strip gap <=20 mm",,design_candidate,
dust_hex10,extension_drive:extension_drive,extension_drive,extension_common,"Pololu 4845 feed motor, pinch drive, encoder roller and slip clutch",1,140,185,260,catalog motor plus mechanism allowance; 12 N force limit and 50 mm/s feed target,https://www.pololu.com/product/4845/specs,design_candidate,
dust_hex10,extension_drive:tool_stage,tool_stage,extension_common,"TB9051FTG carrier, header and thermal mounting",1,3.1,7,13,catalog bare carrier 3.1 g plus installed allowance,https://www.pololu.com/product/2997/specs,design_candidate,
dust_hex10,extension_cable:extension_wiring,extension_wiring,extension_common,"Coiled sensor lead, stowed switch, tip contact and extension sensing",1,20,35,55,"installed allowance; 1 m extension, independent retraction confirmation",,design_candidate,
dust_hex10,extension_air_turn:air_plumbing,air_plumbing,extension_common,"Smooth dirt duct, clean plenum, exhaust, evacuation seal and flex joint",1,45,75,115,material allowance; all air remains on bottom,,design_candidate,
dust_hex10,extension_bin:low_bin,low_bin,extension_common,"Raised 0.30 L usable-target bin, gate and baffle",1,100,155,220,material allowance; raised clear of central telescoping duct,,design_candidate,
dust_hex10,dust_head:dust_head,dust_head,dust,120 x 50 x 32 mm soft brush/suction head with compliant tip,1,55,90,145,material allowance; 0.2 N nominal contact and 0.5 N retreat threshold are provisional,,design_candidate,
dust_hex10,dust_head:dust_tip,dust_tip,dust,"Tip force sensor, range sensor, breakaway retention and flexure",1,20,40,70,Earlier horizontal-head sensor/flexure allowance; does not budget an upward articulation actuator for the new ceiling-fan target,,design_candidate,
dust_hex10,extension_lifter:pad_lift,pad_lift,extension_common,"Actuonix PQ12-R 100:1 6 V, 6 V supply, links and end switches",1,45,62,88,"19 g catalog actuator plus regulator, links, mount, switches and wire allowance; 12 mm lift from 20 mm stroke",https://www.actuonix.com/pq12-100-6-r,design_candidate,
dust_hex10,extension_lifter:extension_cradle,extension_cradle,extension_common,"Four-bar extension lift cradle, slides and flex seal",1,35,55,90,material and hardware allowance; raises complete tube and head 12 mm before driving,,design_candidate,Separate from feed drive and its actuator.
dust_hex10,anti_tip_left:anti_tip,anti_tip,drive,"Front backup roller: 624-2RS bearing, printed hub, silicone O-ring, M4 shoulder hardware",1,12,18,28,"Assembly allowance; 20 mm outside diameter, normally 2 mm above floor",,design_candidate,"Backup pitch stop, not a load-bearing swivel caster. No claim of wet grip. Pin and inner-race spacer prevent bearing clamping."
dust_hex10,anti_tip_right:anti_tip,anti_tip,drive,"Front backup roller: 624-2RS bearing, printed hub, silicone O-ring, M4 shoulder hardware",1,12,18,28,"Assembly allowance; 20 mm outside diameter, normally 2 mm above floor",,design_candidate,"Backup pitch stop, not a load-bearing swivel caster. No claim of wet grip. Pin and inner-race spacer prevent bearing clamping."
dust_hex10,dock_logic_power:dock_logic_power,dock_logic_power,core,"Station logic-power input, 24 V to 5 V regulator, source OR and hold-up capacitors",1,25,45,75,"Installed 40 W logic supply/interface allocation, not selected hardware",,design_candidate,Station 24 V / 60 W protected input; reverse-blocking source selection keeps Pi/supervisor live during pack exchange. No full-system UPS promise.
dust_hex10,rotor_1:lift_motor,lift_motor,lift,Hobbywing RTF-3115 900KV motor,1,122,125,132,"manufacturer reference, 4–6S, HQ10x4.5x3 curve at 24 V",https://www.hobbywing.com/en/uploads/file/20251117/2a4a3f326d2bdede135f3e582b73eef3.pdf,design_candidate,
dust_hex10,rotor_1:lift_prop,lift_prop,lift,HQProp 10x4.5x3 purchased propeller,1,14,20,27,mass allowance; exact curve-matched CW/CCW propellers required,https://www.hobbywing.com/en/uploads/file/20251117/2a4a3f326d2bdede135f3e582b73eef3.pdf,design_candidate,
dust_hex10,rotor_1:lift_esc,lift_esc,lift,"One channel of matched 65 A 6S ESC hardware, local capacitors and mounts",1,20,32,50,per-channel installed allowance; two four-channel boards for octo; exact assembly thermal/power review pending,https://www.hobbywing.com/en/uploads/file/20251117/2a4a3f326d2bdede135f3e582b73eef3.pdf,design_candidate,
dust_hex10,guard_1:lift_guard,lift_guard,lift,One 284 mm guard with spaced upper/lower mesh and ribs,1,55,90,140,per-rotor material allowance; 5 mm mesh pitch/0.35 mm wire and 25 mm axial stand-off reference; no containment certification,,design_candidate,
dust_hex10,rotor_2:lift_motor,lift_motor,lift,Hobbywing RTF-3115 900KV motor,1,122,125,132,"manufacturer reference, 4–6S, HQ10x4.5x3 curve at 24 V",https://www.hobbywing.com/en/uploads/file/20251117/2a4a3f326d2bdede135f3e582b73eef3.pdf,design_candidate,
dust_hex10,rotor_2:lift_prop,lift_prop,lift,HQProp 10x4.5x3 purchased propeller,1,14,20,27,mass allowance; exact curve-matched CW/CCW propellers required,https://www.hobbywing.com/en/uploads/file/20251117/2a4a3f326d2bdede135f3e582b73eef3.pdf,design_candidate,
dust_hex10,rotor_2:lift_esc,lift_esc,lift,"One channel of matched 65 A 6S ESC hardware, local capacitors and mounts",1,20,32,50,per-channel installed allowance; two four-channel boards for octo; exact assembly thermal/power review pending,https://www.hobbywing.com/en/uploads/file/20251117/2a4a3f326d2bdede135f3e582b73eef3.pdf,design_candidate,
dust_hex10,guard_2:lift_guard,lift_guard,lift,One 284 mm guard with spaced upper/lower mesh and ribs,1,55,90,140,per-rotor material allowance; 5 mm mesh pitch/0.35 mm wire and 25 mm axial stand-off reference; no containment certification,,design_candidate,
dust_hex10,rotor_3:lift_motor,lift_motor,lift,Hobbywing RTF-3115 900KV motor,1,122,125,132,"manufacturer reference, 4–6S, HQ10x4.5x3 curve at 24 V",https://www.hobbywing.com/en/uploads/file/20251117/2a4a3f326d2bdede135f3e582b73eef3.pdf,design_candidate,
dust_hex10,rotor_3:lift_prop,lift_prop,lift,HQProp 10x4.5x3 purchased propeller,1,14,20,27,mass allowance; exact curve-matched CW/CCW propellers required,https://www.hobbywing.com/en/uploads/file/20251117/2a4a3f326d2bdede135f3e582b73eef3.pdf,design_candidate,
dust_hex10,rotor_3:lift_esc,lift_esc,lift,"One channel of matched 65 A 6S ESC hardware, local capacitors and mounts",1,20,32,50,per-channel installed allowance; two four-channel boards for octo; exact assembly thermal/power review pending,https://www.hobbywing.com/en/uploads/file/20251117/2a4a3f326d2bdede135f3e582b73eef3.pdf,design_candidate,
dust_hex10,guard_3:lift_guard,lift_guard,lift,One 284 mm guard with spaced upper/lower mesh and ribs,1,55,90,140,per-rotor material allowance; 5 mm mesh pitch/0.35 mm wire and 25 mm axial stand-off reference; no containment certification,,design_candidate,
dust_hex10,rotor_4:lift_motor,lift_motor,lift,Hobbywing RTF-3115 900KV motor,1,122,125,132,"manufacturer reference, 4–6S, HQ10x4.5x3 curve at 24 V",https://www.hobbywing.com/en/uploads/file/20251117/2a4a3f326d2bdede135f3e582b73eef3.pdf,design_candidate,
dust_hex10,rotor_4:lift_prop,lift_prop,lift,HQProp 10x4.5x3 purchased propeller,1,14,20,27,mass allowance; exact curve-matched CW/CCW propellers required,https://www.hobbywing.com/en/uploads/file/20251117/2a4a3f326d2bdede135f3e582b73eef3.pdf,design_candidate,
dust_hex10,rotor_4:lift_esc,lift_esc,lift,"One channel of matched 65 A 6S ESC hardware, local capacitors and mounts",1,20,32,50,per-channel installed allowance; two four-channel boards for octo; exact assembly thermal/power review pending,https://www.hobbywing.com/en/uploads/file/20251117/2a4a3f326d2bdede135f3e582b73eef3.pdf,design_candidate,
dust_hex10,guard_4:lift_guard,lift_guard,lift,One 284 mm guard with spaced upper/lower mesh and ribs,1,55,90,140,per-rotor material allowance; 5 mm mesh pitch/0.35 mm wire and 25 mm axial stand-off reference; no containment certification,,design_candidate,
dust_hex10,rotor_5:lift_motor,lift_motor,lift,Hobbywing RTF-3115 900KV motor,1,122,125,132,"manufacturer reference, 4–6S, HQ10x4.5x3 curve at 24 V",https://www.hobbywing.com/en/uploads/file/20251117/2a4a3f326d2bdede135f3e582b73eef3.pdf,design_candidate,
dust_hex10,rotor_5:lift_prop,lift_prop,lift,HQProp 10x4.5x3 purchased propeller,1,14,20,27,mass allowance; exact curve-matched CW/CCW propellers required,https://www.hobbywing.com/en/uploads/file/20251117/2a4a3f326d2bdede135f3e582b73eef3.pdf,design_candidate,
dust_hex10,rotor_5:lift_esc,lift_esc,lift,"One channel of matched 65 A 6S ESC hardware, local capacitors and mounts",1,20,32,50,per-channel installed allowance; two four-channel boards for octo; exact assembly thermal/power review pending,https://www.hobbywing.com/en/uploads/file/20251117/2a4a3f326d2bdede135f3e582b73eef3.pdf,design_candidate,
dust_hex10,guard_5:lift_guard,lift_guard,lift,One 284 mm guard with spaced upper/lower mesh and ribs,1,55,90,140,per-rotor material allowance; 5 mm mesh pitch/0.35 mm wire and 25 mm axial stand-off reference; no containment certification,,design_candidate,
dust_hex10,rotor_6:lift_motor,lift_motor,lift,Hobbywing RTF-3115 900KV motor,1,122,125,132,"manufacturer reference, 4–6S, HQ10x4.5x3 curve at 24 V",https://www.hobbywing.com/en/uploads/file/20251117/2a4a3f326d2bdede135f3e582b73eef3.pdf,design_candidate,
dust_hex10,rotor_6:lift_prop,lift_prop,lift,HQProp 10x4.5x3 purchased propeller,1,14,20,27,mass allowance; exact curve-matched CW/CCW propellers required,https://www.hobbywing.com/en/uploads/file/20251117/2a4a3f326d2bdede135f3e582b73eef3.pdf,design_candidate,
dust_hex10,rotor_6:lift_esc,lift_esc,lift,"One channel of matched 65 A 6S ESC hardware, local capacitors and mounts",1,20,32,50,per-channel installed allowance; two four-channel boards for octo; exact assembly thermal/power review pending,https://www.hobbywing.com/en/uploads/file/20251117/2a4a3f326d2bdede135f3e582b73eef3.pdf,design_candidate,
dust_hex10,guard_6:lift_guard,lift_guard,lift,One 284 mm guard with spaced upper/lower mesh and ribs,1,55,90,140,per-rotor material allowance; 5 mm mesh pitch/0.35 mm wire and 25 mm axial stand-off reference; no containment certification,,design_candidate,
dust_hex10,lift_structure:lift_structure,lift_structure,lift,"Carbon tubes, diagonal braces, hub frame and metal clamp joints",0.88,325.6,475.2,686.4,"stock/material allowance; 20/18 mm main tubes, 10/8 mm braces, no printed primary arm cantilever",,design_candidate,
dust_hex10,lift_joinery:lift_joinery,lift_joinery,lift,"Top-side locks, brackets, fasteners and station pickup features",1,80,120,180,material/hardware allowance; four positive locks and metal load spreaders,,design_candidate,
dust_hex10,lift_harness:lift_harness,lift_harness,lift,"High-current trunk/branches, connectors, sensing and distribution",1,280,430,650,route allowance; includes main contacts and two fore/aft feeds; battery-side protection stays in core,,design_candidate,
dust_hex10,flight_controller:flight_controller,flight_controller,lift,Holybro Pixhawk 6C Mini current Model A and vibration mount,1,42.4,53,70,catalog 42.4 g plus mount,https://docs.holybro.com/autopilot/pixhawk-6c-mini/technical-specification,design_candidate,
dust_hex10,flight_power:flight_power,flight_power,lift,"Independent flight-controller regulator, current interface and hold-up",1,30,50,85,assembly allowance; flight electronics remain live during floor-tool shutdown,,design_candidate,
dust_hex10,flight_sensors:flight_sensors,flight_sensors,lift,"Downward range, four sector range boards, mounts and link interfaces",1,45,75,115,sensor/mount allowance; stereo cameras budgeted separately; not complete collision coverage by specification alone,,design_candidate,
dust_hex10,flight_io:flight_io,flight_io,lift,"Local status, logging, independent disarm/maintenance inputs and harness",1,20,35,60,electronics allowance,,design_candidate,
dust_hex10,depth_camera:depth_camera,depth_camera,lift,OAK-D S2 USB stereo camera and bracket,2,182,212,250,manufacturer drawing and 91 g reference plus mount/cable allowance,https://cdn.robotshop.com/media/l/lux/rb-lux-16/pdf/luxonis-oak-d-s2-camera-auto-focus-datasheet.pdf,design_candidate,
dust_hex10,battery,design_6s,battery,6S / 5.2 Ah comparison,1,700,753,820,Listed pack reference; no protection or harness double-counted,https://www.amazon.com/dp/B0BNDHPBBX,comparison_not_ordered,
dust_hex10,payload,payload,payload,Higher shelves require the lift top. Head and guide stow before transfer; contact-flight qualification is open.,1,50,50,150,Bounded design contents,Owner task / design allowance,consumable_load,
dust_octo10,core_power:logic_buck,logic_buck,core,"5 V regulator and carrier, 40 W design allocation",1,15,25,45,assembly allowance; D42V110F5 family reference; exact variant and thermal review required,https://www.pololu.com/product/5671/specs,design_candidate,
dust_octo10,core_power:motor_buck,motor_buck,core,D42V110F12 regulator and mounting,1,15,24,36,catalog bare 15 g plus installed allowance,https://www.pololu.com/product/5677/specs,design_candidate,
dust_octo10,core_power:regen_clamp,regen_clamp,core,"12 V braking clamp, reverse blocking, resistor and bulk capacitors",1,22,40,70,"custom circuit allowance; 15 V comparator threshold, 10 ohm 25 W resistor, 2200 uF/25 V reference",https://resources.basicmicro.com/manual/roboclaw/operational-requirements/,design_candidate,
dust_octo10,core_power:tool_converter,tool_converter,core,Cincon CHB100W-24S24 plus HBT127/PH01 cooling and carrier,1,155,190,245,"catalog 95+50.4+1.9 g plus fan, carrier and mounting; comparison regulator for 6S case",https://www.cincon.com/productdownload/Datasheet-CHB100W.pdf,design_candidate,
dust_octo10,pi_bay:pi,pi,core,"Raspberry Pi 5, active cooler and microSD",1,65,82,105,installed allowance; owned board available; processing power is a workload estimate,https://www.raspberrypi.com/products/raspberry-pi-5/,owned_board_candidate,
dust_octo10,front_camera:depth_camera,depth_camera,core,OAK-D S2 USB stereo camera and bracket,1,91,106,125,manufacturer drawing and 91 g reference plus mount/cable allowance,https://cdn.robotshop.com/media/l/lux/rb-lux-16/pdf/luxonis-oak-d-s2-camera-auto-focus-datasheet.pdf,design_candidate,
dust_octo10,core_mcu_bay:core_mcu,core_mcu,core,ESP32-DevKitC plus CAN transceiver and hardware watchdog,1,12,20,30,board plus interface allowance,https://documentation.espressif.com/esp-dev-kits/en/latest/esp32/esp32-devkitc/user_guide.html,design_candidate,
dust_octo10,battery_bay:battery_cartridge,battery_cartridge,core,"Removable cartridge shell, cell monitor/ID/temperature, fuse and recessed contacts",1,85,140,220,"Installed allowance: 65 g shell/restraint, 35 g monitor/ID, 40 g fuse/contacts/wiring nominal; excludes bare cell pack and fixed core receiver",https://www.ti.com/product/BQ76952,design_candidate,Carried once; the same 140 g nominal tare accompanies every stored pack. Main switched discharge stage stays in core. Packaging and flight current are unqualified.
dust_octo10,battery_bay:battery_receiver,battery_receiver,core,"Fixed battery guide, positive latch, presence switches and floating contact support",1,30,50,85,Additional automatic-exchange receiver allowance; passive latch retained without power,,design_candidate,Mass excludes cartridge-side hardware; station actuator releases latch only after mechanical support.
dust_octo10,pack_protection:core_monitor,core_monitor,core,"Core switched discharge bus, current shunt, precharge and protection power stage",1,45,80,140,custom PCB assembly allowance; reference IC is not a complete high-current BMS,,design_candidate,Cell monitor/temperature sensing travels in battery cartridge and commands this fixed high-current stage. 150 A continuous / 320 A short allocation remains unqualified; custom circuitry required.
dust_octo10,lidar:lidar,lidar,core,Core-fixed SLAMTEC RPLIDAR A1,1,160,170,185,manufacturer family reference; owned revision not measured,https://www.slamtec.com/cn/lidar/a1spec,owned_candidate,
dust_octo10,core_misc:core_prints,core_prints,core,"Core PETG ribs, equipment trays and ducts",1,110,160,225,material allowance: 126 cm3 effective PETG at 1.27 g/cm3; not slicer output,,design_candidate,
dust_octo10,core_misc:core_metal,core_metal,core,"Two open aluminum perimeter frames, spacers and load spreaders",1,110,145,190,calculated stock allowance: two 270/250 mm square 2 mm rings = 112.3 g; spacers/spreaders added,,design_candidate,
dust_octo10,core_misc:core_locks,core_locks,core,"Eight core-side captive sliding locks, seats, springs and detection",1,90,130,185,"mechanism allowance; four top and four bottom, station-actuated",,design_candidate,
dust_octo10,core_misc:core_harness,core_harness,core,"Core wiring, connector halves, fuse, charge and service access",1,85,125,190,route allowance; includes floor harness and short high-current trunk; excludes lift-side wiring,,design_candidate,Fixed core distribution only; cartridge contacts/receiver and auxiliary dock-power hardware are budgeted separately.
dust_octo10,core_misc:core_near,core_near,core,"Six near-field ToF boards, windows and core IMU allowance",1,20,32,50,sensor plus harness/mount allowance; no all-surface detection guarantee,https://www.st.com/en/imaging-and-photonics-solutions/vl53l1X,design_candidate,
dust_octo10,core_misc:status,status,core,"Stop switch, buzzer, status LEDs and guard contacts",1,8,15,25,small hardware allowance,,design_candidate,
dust_octo10,wheel_left:drive_wheel,drive_wheel,drive,goBILDA Hogback 72 x 24 mm silicone wheel,1,52,55,59,manufacturer reference,https://www.gobilda.com/hogback-traction-wheel-72mm-diameter-50a-durometer/,design_candidate,
dust_octo10,wheel_left:wheel_hub,wheel_hub,drive,goBILDA Sonic 4 mm hub plus four wheel screws,1,12,17,23,installed allowance; shaft engagement 8.5 mm with 8 mm hub,https://www.gobilda.com/1309-series-sonic-hub-4mm-bore/,design_candidate,
dust_octo10,pod_left:drive_motor,drive_motor,drive,Pololu 4846 75:1 12 V encoder motor,1,99,104,110,catalog reference and modest assembly variation,https://www.pololu.com/product/4846/specs,two_ordered_for_first_bottom,
dust_octo10,pod_left:pod,pod,drive,"Trailing pod, metal motor plate, M4 pivot, bushings, spring and stops",1,42,62,90,per-wheel material/hardware allowance: 28 cm3 PETG plus 26 g stock and fasteners,,design_candidate,
dust_octo10,wheel_right:drive_wheel,drive_wheel,drive,goBILDA Hogback 72 x 24 mm silicone wheel,1,52,55,59,manufacturer reference,https://www.gobilda.com/hogback-traction-wheel-72mm-diameter-50a-durometer/,design_candidate,
dust_octo10,wheel_right:wheel_hub,wheel_hub,drive,goBILDA Sonic 4 mm hub plus four wheel screws,1,12,17,23,installed allowance; shaft engagement 8.5 mm with 8 mm hub,https://www.gobilda.com/1309-series-sonic-hub-4mm-bore/,design_candidate,
dust_octo10,pod_right:drive_motor,drive_motor,drive,Pololu 4846 75:1 12 V encoder motor,1,99,104,110,catalog reference and modest assembly variation,https://www.pololu.com/product/4846/specs,two_ordered_for_first_bottom,
dust_octo10,pod_right:pod,pod,drive,"Trailing pod, metal motor plate, M4 pivot, bushings, spring and stops",1,42,62,90,per-wheel material/hardware allowance: 28 cm3 PETG plus 26 g stock and fasteners,,design_candidate,
dust_octo10,drive_control:roboclaw,roboclaw,drive,RoboClaw IMC404 with standoffs,1,18,24,33,catalog board 18 g plus mounts,https://www.basicmicro.com/RoboClaw-2x7A-Motor-Controller_p_55.html,one_ordered_for_first_bottom,
dust_octo10,drive_control:bottom_mcu,bottom_mcu,drive,"ESP32 bottom controller, CAN, I2C mux and interlocks",1,18,28,42,installed electronics allowance,https://documentation.espressif.com/esp-dev-kits/en/latest/esp32/esp32-devkitc/user_guide.html,design_candidate,
dust_octo10,drive_misc:bottom_frame,bottom_frame,drive,"Bottom PETG skeleton, aluminum rails and module-side studs",1,160,225,305,"120 cm3 PETG plus 73 g rails/studs; contains no motors, pods, bumper or tool shell",,design_candidate,
dust_octo10,drive_misc:bottom_bumper,bottom_bumper,drive,"Segmented bumper, six switches, skirt and compliant mounts",1,35,55,80,material/hardware allowance,,design_candidate,
dust_octo10,drive_misc:floor_sensors,floor_sensors,drive,"Six cliff ToF sensors, two wheel-drop switches and windows",1,22,36,55,assembled allowance; separate from core obstacle sensing,https://www.st.com/en/imaging-and-photonics-solutions/vl53l1X,design_candidate,
dust_octo10,drive_misc:bottom_harness,bottom_harness,drive,"Bottom harness, connector half and branch protection",1,40,65,95,"route allowance; includes encoder leads, sensor wiring and short tool cables",,design_candidate,
dust_octo10,caster:caster,caster,drive,"TENTE Linea load 5940UAP050L51-8, stem and mounting plate",1,90,112,145,"catalog caster 90 g, 50.5 mm height and 40.5 mm sweep radius; installed stem/plate added",https://www.tente.com/en-ca/swivel-castor-50-mm/5940uap050l51-8-load-9011,design_candidate,"Twin polyurethane wheels, 92 Shore A and thread guards. Not a 50A soft drive tire; source availability and retained stem still need checking."
dust_octo10,filter_bay:filter,filter,air_common,Roborock S7/S8 filter and replaceable sealed adapter,1,35,55,85,installed allowance; exact filter dimension and resistance still unknown,https://us.roborock.com/products/roborock-washable-filter-x2-for-roborock-s7-series,order_category_reported,"141 x 76 x 20 mm is a maximum element allocation, not a measured filter dimension."
dust_octo10,blower_bay:blower,blower,air_common,WS7040-24-V200 blower and isolation pads,1,115,155,215,mass allowance; source provides dimensions/curve but no verified installed mass,https://global.bttwiki.com/Universal%20Turbo%20Kit.html,order_category_reported,
dust_octo10,blower_driver:blower_driver,blower_driver,air_common,WS2403DY01V04 and default-off interface,1,15,24,36,driver sheet 15 g plus connections; omit optional printer adapter,https://global.bttwiki.com/img/Turbo_Kit/Turbo_Kit_Driver1.webp,expected_in_ordered_kit,
dust_octo10,air_sensing:air_sensing,air_sensing,air_common,"Two 0–10 kPa differential sensor channels, protected pressure taps and fill sensor",1,22,38,58,"board/hose allowance; NXP MPX5010DP family reference, exact carrier TBD",,design_candidate,
dust_octo10,extension:extension_duct,extension_duct,extension_common,Six telescoping rectangular suction stages,1,205,270,380,"calculated thin-wall allowance: six 245 mm stages, 1 mm walls, PETG 1.27 g/cm3; guide/seal changes may increase mass",,design_candidate,
dust_octo10,extension:extension_guides,extension_guides,extension_common,"Retaining collars, low-friction seals, guided spring-steel strip and wipers",1,75,125,205,"custom mechanism allowance; 45 mm stage overlap, guided unsupported strip gap <=20 mm",,design_candidate,
dust_octo10,extension_drive:extension_drive,extension_drive,extension_common,"Pololu 4845 feed motor, pinch drive, encoder roller and slip clutch",1,140,185,260,catalog motor plus mechanism allowance; 12 N force limit and 50 mm/s feed target,https://www.pololu.com/product/4845/specs,design_candidate,
dust_octo10,extension_drive:tool_stage,tool_stage,extension_common,"TB9051FTG carrier, header and thermal mounting",1,3.1,7,13,catalog bare carrier 3.1 g plus installed allowance,https://www.pololu.com/product/2997/specs,design_candidate,
dust_octo10,extension_cable:extension_wiring,extension_wiring,extension_common,"Coiled sensor lead, stowed switch, tip contact and extension sensing",1,20,35,55,"installed allowance; 1 m extension, independent retraction confirmation",,design_candidate,
dust_octo10,extension_air_turn:air_plumbing,air_plumbing,extension_common,"Smooth dirt duct, clean plenum, exhaust, evacuation seal and flex joint",1,45,75,115,material allowance; all air remains on bottom,,design_candidate,
dust_octo10,extension_bin:low_bin,low_bin,extension_common,"Raised 0.30 L usable-target bin, gate and baffle",1,100,155,220,material allowance; raised clear of central telescoping duct,,design_candidate,
dust_octo10,dust_head:dust_head,dust_head,dust,120 x 50 x 32 mm soft brush/suction head with compliant tip,1,55,90,145,material allowance; 0.2 N nominal contact and 0.5 N retreat threshold are provisional,,design_candidate,
dust_octo10,dust_head:dust_tip,dust_tip,dust,"Tip force sensor, range sensor, breakaway retention and flexure",1,20,40,70,Earlier horizontal-head sensor/flexure allowance; does not budget an upward articulation actuator for the new ceiling-fan target,,design_candidate,
dust_octo10,extension_lifter:pad_lift,pad_lift,extension_common,"Actuonix PQ12-R 100:1 6 V, 6 V supply, links and end switches",1,45,62,88,"19 g catalog actuator plus regulator, links, mount, switches and wire allowance; 12 mm lift from 20 mm stroke",https://www.actuonix.com/pq12-100-6-r,design_candidate,
dust_octo10,extension_lifter:extension_cradle,extension_cradle,extension_common,"Four-bar extension lift cradle, slides and flex seal",1,35,55,90,material and hardware allowance; raises complete tube and head 12 mm before driving,,design_candidate,Separate from feed drive and its actuator.
dust_octo10,anti_tip_left:anti_tip,anti_tip,drive,"Front backup roller: 624-2RS bearing, printed hub, silicone O-ring, M4 shoulder hardware",1,12,18,28,"Assembly allowance; 20 mm outside diameter, normally 2 mm above floor",,design_candidate,"Backup pitch stop, not a load-bearing swivel caster. No claim of wet grip. Pin and inner-race spacer prevent bearing clamping."
dust_octo10,anti_tip_right:anti_tip,anti_tip,drive,"Front backup roller: 624-2RS bearing, printed hub, silicone O-ring, M4 shoulder hardware",1,12,18,28,"Assembly allowance; 20 mm outside diameter, normally 2 mm above floor",,design_candidate,"Backup pitch stop, not a load-bearing swivel caster. No claim of wet grip. Pin and inner-race spacer prevent bearing clamping."
dust_octo10,dock_logic_power:dock_logic_power,dock_logic_power,core,"Station logic-power input, 24 V to 5 V regulator, source OR and hold-up capacitors",1,25,45,75,"Installed 40 W logic supply/interface allocation, not selected hardware",,design_candidate,Station 24 V / 60 W protected input; reverse-blocking source selection keeps Pi/supervisor live during pack exchange. No full-system UPS promise.
dust_octo10,rotor_1:lift_motor,lift_motor,lift,Hobbywing RTF-3115 900KV motor,1,122,125,132,"manufacturer reference, 4–6S, HQ10x4.5x3 curve at 24 V",https://www.hobbywing.com/en/uploads/file/20251117/2a4a3f326d2bdede135f3e582b73eef3.pdf,design_candidate,
dust_octo10,rotor_1:lift_prop,lift_prop,lift,HQProp 10x4.5x3 purchased propeller,1,14,20,27,mass allowance; exact curve-matched CW/CCW propellers required,https://www.hobbywing.com/en/uploads/file/20251117/2a4a3f326d2bdede135f3e582b73eef3.pdf,design_candidate,
dust_octo10,rotor_1:lift_esc,lift_esc,lift,"One channel of matched 65 A 6S ESC hardware, local capacitors and mounts",1,20,32,50,per-channel installed allowance; two four-channel boards for octo; exact assembly thermal/power review pending,https://www.hobbywing.com/en/uploads/file/20251117/2a4a3f326d2bdede135f3e582b73eef3.pdf,design_candidate,
dust_octo10,guard_1:lift_guard,lift_guard,lift,One 284 mm guard with spaced upper/lower mesh and ribs,1,55,90,140,per-rotor material allowance; 5 mm mesh pitch/0.35 mm wire and 25 mm axial stand-off reference; no containment certification,,design_candidate,
dust_octo10,rotor_2:lift_motor,lift_motor,lift,Hobbywing RTF-3115 900KV motor,1,122,125,132,"manufacturer reference, 4–6S, HQ10x4.5x3 curve at 24 V",https://www.hobbywing.com/en/uploads/file/20251117/2a4a3f326d2bdede135f3e582b73eef3.pdf,design_candidate,
dust_octo10,rotor_2:lift_prop,lift_prop,lift,HQProp 10x4.5x3 purchased propeller,1,14,20,27,mass allowance; exact curve-matched CW/CCW propellers required,https://www.hobbywing.com/en/uploads/file/20251117/2a4a3f326d2bdede135f3e582b73eef3.pdf,design_candidate,
dust_octo10,rotor_2:lift_esc,lift_esc,lift,"One channel of matched 65 A 6S ESC hardware, local capacitors and mounts",1,20,32,50,per-channel installed allowance; two four-channel boards for octo; exact assembly thermal/power review pending,https://www.hobbywing.com/en/uploads/file/20251117/2a4a3f326d2bdede135f3e582b73eef3.pdf,design_candidate,
dust_octo10,guard_2:lift_guard,lift_guard,lift,One 284 mm guard with spaced upper/lower mesh and ribs,1,55,90,140,per-rotor material allowance; 5 mm mesh pitch/0.35 mm wire and 25 mm axial stand-off reference; no containment certification,,design_candidate,
dust_octo10,rotor_3:lift_motor,lift_motor,lift,Hobbywing RTF-3115 900KV motor,1,122,125,132,"manufacturer reference, 4–6S, HQ10x4.5x3 curve at 24 V",https://www.hobbywing.com/en/uploads/file/20251117/2a4a3f326d2bdede135f3e582b73eef3.pdf,design_candidate,
dust_octo10,rotor_3:lift_prop,lift_prop,lift,HQProp 10x4.5x3 purchased propeller,1,14,20,27,mass allowance; exact curve-matched CW/CCW propellers required,https://www.hobbywing.com/en/uploads/file/20251117/2a4a3f326d2bdede135f3e582b73eef3.pdf,design_candidate,
dust_octo10,rotor_3:lift_esc,lift_esc,lift,"One channel of matched 65 A 6S ESC hardware, local capacitors and mounts",1,20,32,50,per-channel installed allowance; two four-channel boards for octo; exact assembly thermal/power review pending,https://www.hobbywing.com/en/uploads/file/20251117/2a4a3f326d2bdede135f3e582b73eef3.pdf,design_candidate,
dust_octo10,guard_3:lift_guard,lift_guard,lift,One 284 mm guard with spaced upper/lower mesh and ribs,1,55,90,140,per-rotor material allowance; 5 mm mesh pitch/0.35 mm wire and 25 mm axial stand-off reference; no containment certification,,design_candidate,
dust_octo10,rotor_4:lift_motor,lift_motor,lift,Hobbywing RTF-3115 900KV motor,1,122,125,132,"manufacturer reference, 4–6S, HQ10x4.5x3 curve at 24 V",https://www.hobbywing.com/en/uploads/file/20251117/2a4a3f326d2bdede135f3e582b73eef3.pdf,design_candidate,
dust_octo10,rotor_4:lift_prop,lift_prop,lift,HQProp 10x4.5x3 purchased propeller,1,14,20,27,mass allowance; exact curve-matched CW/CCW propellers required,https://www.hobbywing.com/en/uploads/file/20251117/2a4a3f326d2bdede135f3e582b73eef3.pdf,design_candidate,
dust_octo10,rotor_4:lift_esc,lift_esc,lift,"One channel of matched 65 A 6S ESC hardware, local capacitors and mounts",1,20,32,50,per-channel installed allowance; two four-channel boards for octo; exact assembly thermal/power review pending,https://www.hobbywing.com/en/uploads/file/20251117/2a4a3f326d2bdede135f3e582b73eef3.pdf,design_candidate,
dust_octo10,guard_4:lift_guard,lift_guard,lift,One 284 mm guard with spaced upper/lower mesh and ribs,1,55,90,140,per-rotor material allowance; 5 mm mesh pitch/0.35 mm wire and 25 mm axial stand-off reference; no containment certification,,design_candidate,
dust_octo10,rotor_5:lift_motor,lift_motor,lift,Hobbywing RTF-3115 900KV motor,1,122,125,132,"manufacturer reference, 4–6S, HQ10x4.5x3 curve at 24 V",https://www.hobbywing.com/en/uploads/file/20251117/2a4a3f326d2bdede135f3e582b73eef3.pdf,design_candidate,
dust_octo10,rotor_5:lift_prop,lift_prop,lift,HQProp 10x4.5x3 purchased propeller,1,14,20,27,mass allowance; exact curve-matched CW/CCW propellers required,https://www.hobbywing.com/en/uploads/file/20251117/2a4a3f326d2bdede135f3e582b73eef3.pdf,design_candidate,
dust_octo10,rotor_5:lift_esc,lift_esc,lift,"One channel of matched 65 A 6S ESC hardware, local capacitors and mounts",1,20,32,50,per-channel installed allowance; two four-channel boards for octo; exact assembly thermal/power review pending,https://www.hobbywing.com/en/uploads/file/20251117/2a4a3f326d2bdede135f3e582b73eef3.pdf,design_candidate,
dust_octo10,guard_5:lift_guard,lift_guard,lift,One 284 mm guard with spaced upper/lower mesh and ribs,1,55,90,140,per-rotor material allowance; 5 mm mesh pitch/0.35 mm wire and 25 mm axial stand-off reference; no containment certification,,design_candidate,
dust_octo10,rotor_6:lift_motor,lift_motor,lift,Hobbywing RTF-3115 900KV motor,1,122,125,132,"manufacturer reference, 4–6S, HQ10x4.5x3 curve at 24 V",https://www.hobbywing.com/en/uploads/file/20251117/2a4a3f326d2bdede135f3e582b73eef3.pdf,design_candidate,
dust_octo10,rotor_6:lift_prop,lift_prop,lift,HQProp 10x4.5x3 purchased propeller,1,14,20,27,mass allowance; exact curve-matched CW/CCW propellers required,https://www.hobbywing.com/en/uploads/file/20251117/2a4a3f326d2bdede135f3e582b73eef3.pdf,design_candidate,
dust_octo10,rotor_6:lift_esc,lift_esc,lift,"One channel of matched 65 A 6S ESC hardware, local capacitors and mounts",1,20,32,50,per-channel installed allowance; two four-channel boards for octo; exact assembly thermal/power review pending,https://www.hobbywing.com/en/uploads/file/20251117/2a4a3f326d2bdede135f3e582b73eef3.pdf,design_candidate,
dust_octo10,guard_6:lift_guard,lift_guard,lift,One 284 mm guard with spaced upper/lower mesh and ribs,1,55,90,140,per-rotor material allowance; 5 mm mesh pitch/0.35 mm wire and 25 mm axial stand-off reference; no containment certification,,design_candidate,
dust_octo10,rotor_7:lift_motor,lift_motor,lift,Hobbywing RTF-3115 900KV motor,1,122,125,132,"manufacturer reference, 4–6S, HQ10x4.5x3 curve at 24 V",https://www.hobbywing.com/en/uploads/file/20251117/2a4a3f326d2bdede135f3e582b73eef3.pdf,design_candidate,
dust_octo10,rotor_7:lift_prop,lift_prop,lift,HQProp 10x4.5x3 purchased propeller,1,14,20,27,mass allowance; exact curve-matched CW/CCW propellers required,https://www.hobbywing.com/en/uploads/file/20251117/2a4a3f326d2bdede135f3e582b73eef3.pdf,design_candidate,
dust_octo10,rotor_7:lift_esc,lift_esc,lift,"One channel of matched 65 A 6S ESC hardware, local capacitors and mounts",1,20,32,50,per-channel installed allowance; two four-channel boards for octo; exact assembly thermal/power review pending,https://www.hobbywing.com/en/uploads/file/20251117/2a4a3f326d2bdede135f3e582b73eef3.pdf,design_candidate,
dust_octo10,guard_7:lift_guard,lift_guard,lift,One 284 mm guard with spaced upper/lower mesh and ribs,1,55,90,140,per-rotor material allowance; 5 mm mesh pitch/0.35 mm wire and 25 mm axial stand-off reference; no containment certification,,design_candidate,
dust_octo10,rotor_8:lift_motor,lift_motor,lift,Hobbywing RTF-3115 900KV motor,1,122,125,132,"manufacturer reference, 4–6S, HQ10x4.5x3 curve at 24 V",https://www.hobbywing.com/en/uploads/file/20251117/2a4a3f326d2bdede135f3e582b73eef3.pdf,design_candidate,
dust_octo10,rotor_8:lift_prop,lift_prop,lift,HQProp 10x4.5x3 purchased propeller,1,14,20,27,mass allowance; exact curve-matched CW/CCW propellers required,https://www.hobbywing.com/en/uploads/file/20251117/2a4a3f326d2bdede135f3e582b73eef3.pdf,design_candidate,
dust_octo10,rotor_8:lift_esc,lift_esc,lift,"One channel of matched 65 A 6S ESC hardware, local capacitors and mounts",1,20,32,50,per-channel installed allowance; two four-channel boards for octo; exact assembly thermal/power review pending,https://www.hobbywing.com/en/uploads/file/20251117/2a4a3f326d2bdede135f3e582b73eef3.pdf,design_candidate,
dust_octo10,guard_8:lift_guard,lift_guard,lift,One 284 mm guard with spaced upper/lower mesh and ribs,1,55,90,140,per-rotor material allowance; 5 mm mesh pitch/0.35 mm wire and 25 mm axial stand-off reference; no containment certification,,design_candidate,
dust_octo10,lift_structure:lift_structure,lift_structure,lift,"Carbon tubes, diagonal braces, hub frame and metal clamp joints",1.0,370.0,540.0,780.0,"stock/material allowance; 20/18 mm main tubes, 10/8 mm braces, no printed primary arm cantilever",,design_candidate,
dust_octo10,lift_joinery:lift_joinery,lift_joinery,lift,"Top-side locks, brackets, fasteners and station pickup features",1,80,120,180,material/hardware allowance; four positive locks and metal load spreaders,,design_candidate,
dust_octo10,lift_harness:lift_harness,lift_harness,lift,"High-current trunk/branches, connectors, sensing and distribution",1,280,430,650,route allowance; includes main contacts and two fore/aft feeds; battery-side protection stays in core,,design_candidate,
dust_octo10,flight_controller:flight_controller,flight_controller,lift,Holybro Pixhawk 6C Mini current Model A and vibration mount,1,42.4,53,70,catalog 42.4 g plus mount,https://docs.holybro.com/autopilot/pixhawk-6c-mini/technical-specification,design_candidate,
dust_octo10,flight_power:flight_power,flight_power,lift,"Independent flight-controller regulator, current interface and hold-up",1,30,50,85,assembly allowance; flight electronics remain live during floor-tool shutdown,,design_candidate,
dust_octo10,flight_sensors:flight_sensors,flight_sensors,lift,"Downward range, four sector range boards, mounts and link interfaces",1,45,75,115,sensor/mount allowance; stereo cameras budgeted separately; not complete collision coverage by specification alone,,design_candidate,
dust_octo10,flight_io:flight_io,flight_io,lift,"Local status, logging, independent disarm/maintenance inputs and harness",1,20,35,60,electronics allowance,,design_candidate,
dust_octo10,depth_camera:depth_camera,depth_camera,lift,OAK-D S2 USB stereo camera and bracket,2,182,212,250,manufacturer drawing and 91 g reference plus mount/cable allowance,https://cdn.robotshop.com/media/l/lux/rb-lux-16/pdf/luxonis-oak-d-s2-camera-auto-focus-datasheet.pdf,design_candidate,
dust_octo10,battery,design_6s,battery,6S / 5.2 Ah comparison,1,700,753,820,Listed pack reference; no protection or harness double-counted,https://www.amazon.com/dp/B0BNDHPBBX,comparison_not_ordered,
dust_octo10,payload,payload,payload,Higher shelves require the lift top. Head and guide stow before transfer; contact-flight qualification is open.,1,50,50,150,Bounded design contents,Owner task / design allowance,consumable_load,
